日期,股票代码,开盘,最高,最低,收盘,成交量,成交额,异常情况,异常涨跌幅
2016-03-11,783,6.89071125,7.06239375,6.81267375,6.9453375,20333923,181533073.0,,
2016-03-14,783,7.023375,7.29650625,7.0077675,7.14043125,41087879,377845408.0,,
2016-03-15,783,7.11702,7.18725375,7.03117875,7.1014125,22156237,201786520.0,,
2016-03-16,783,7.1326275,7.20286125,7.0077675,7.0389825,24934414,226785759.0,,
2016-03-17,783,7.085805,7.273095,7.01557125,7.210665,46846295,430362640.0,,
2016-03-18,783,7.2574875,7.647675,7.20286125,7.4916,84754985,807753152.0,,
2016-03-21,783,7.73351625,8.24076,7.73351625,8.24076,205435159,2145257920.0,,
2016-03-22,783,8.147115,8.23295625,7.87398375,7.9442175,121297062,1248393968.0,,
2016-03-23,783,7.93641375,8.18613375,7.8817875,8.10809625,73881235,760082864.0,,
2016-03-24,783,7.95202125,8.084685,7.79594625,7.79594625,69135968,702442352.0,,
2016-03-25,783,7.7569275,7.95202125,7.7569275,7.88959125,43925838,442274640.0,,
2016-03-28,783,7.92080625,8.0066475,7.6632825,7.73351625,50358782,505763280.0,,
2016-03-29,783,7.74132,7.86618,7.61646,7.73351625,44172292,438707296.0,,
2016-03-30,783,7.86618,8.06127375,7.80375,8.03005875,70781161,721714016.0,,
2016-03-31,783,8.05347,8.21734875,7.9442175,8.022255,59617975,615414384.0,,
2016-04-01,783,7.96762875,8.084685,7.84276875,7.959825,38430082,392517840.0,,
2016-04-05,783,7.959825,8.17833,7.92861,8.07688125,51201160,528486928.0,,
2016-04-06,783,8.0378625,8.1315075,7.96762875,8.06127375,38209651,394722080.0,,
2016-04-07,783,8.07688125,8.1159,7.8817875,7.8817875,34929265,356107024.0,,
2016-04-08,783,7.8193575,7.85837625,7.68669375,7.7569275,37224086,370051392.0,,
2016-04-11,783,8.05347,8.15491875,7.95202125,7.959825,59277519,611782304.0,,
2016-04-12,783,7.92861,7.96762875,7.80375,7.8817875,30426243,306579344.0,,
2016-04-13,783,7.93641375,8.24076,7.92861,8.04566625,82499892,858740400.0,,
2016-04-14,783,8.1159,8.17833,7.98323625,8.0690775,37092513,382555312.0,,
2016-04-15,783,8.0690775,8.09248875,7.959825,7.99884375,27643119,283616560.0,,
2016-04-18,783,7.959825,7.959825,7.7881425,7.81155375,33083596,331694752.0,,
2016-04-19,783,7.84276875,7.87398375,7.78033875,7.84276875,22167006,222169698.0,,
2016-04-20,783,7.834965,7.85837625,7.34332875,7.585245,57450315,557313632.0,,
2016-04-21,783,7.4916,7.6320675,7.42917,7.4447775,27091743,262261655.0,,
2016-04-22,783,7.42136625,7.56183375,7.4135625,7.51501125,15839963,152184728.0,,
2016-04-25,783,7.51501125,7.522815,7.32772125,7.397955,25562453,242230944.0,,
2016-04-26,783,7.40575875,7.55403,7.40575875,7.5072075,19754982,189377059.0,,
2016-04-27,783,7.522815,7.5696375,7.460385,7.5072075,17720402,170580264.0,,
2016-04-28,783,7.5384225,7.585245,7.4447775,7.5696375,24976587,240688039.0,,
2016-04-29,783,7.56963845,7.62630954,7.49677562,7.58583019,25943985,242755884.0,,
2016-05-03,783,7.6101178,7.79632281,7.55344671,7.7720352,38113046,363758768.0,,
2016-05-04,783,7.71536411,7.79632281,7.69917237,7.73965172,20728686,198498238.0,,
2016-05-05,783,7.72345998,7.78013107,7.70726824,7.78013107,17367087,166400342.0,,
2016-05-06,783,7.78822694,7.82061042,7.4482004,7.4482004,42080481,395489184.0,,
2016-05-09,783,7.40772105,7.43200866,7.1243656,7.15674908,32449144,290298384.0,,
2016-05-10,783,7.16484495,7.23770778,7.08388625,7.1243656,20238096,179304932.0,,
2016-05-11,783,7.18913256,7.2053243,7.05959864,7.10007799,18825756,165813301.0,,
2016-05-12,783,7.01102342,7.16484495,6.93816059,7.1243656,19245894,168116933.0,,
2016-05-13,783,7.09198212,7.2053243,7.03531103,7.07579038,15669407,137801273.0,,
2016-05-16,783,7.03531103,7.14865321,6.98673581,7.14055734,13586373,119061560.0,,
2016-05-17,783,7.14865321,7.27009126,7.10817386,7.2053243,17571454,155853867.0,,
2016-05-18,783,7.16484495,7.26199539,7.0434069,7.2053243,27048893,238642865.0,,
2016-05-19,783,7.17294082,7.25389952,7.14865321,7.17294082,16691733,148595672.0,,
2016-05-20,783,7.13246147,7.24580365,7.09198212,7.22961191,15244371,135216964.0,,
2016-05-23,783,7.26199539,7.38343344,7.23770778,7.31866648,22593256,204265464.0,,
2016-05-24,783,7.30247474,7.30247474,7.18913256,7.2053243,11643779,104158705.0,,
2016-05-25,783,7.286283,7.43200866,7.26199539,7.286283,23600436,214040036.0,,
2016-05-26,783,7.31866648,7.50487149,7.286283,7.49677562,45967661,420614192.0,,
2016-05-27,783,7.4482004,7.52106323,7.38343344,7.39962518,23916914,219936730.0,,
2016-05-30,783,7.39152931,7.63440541,7.31057061,7.53725497,37426689,346782880.0,,
2016-05-31,783,7.52106323,8.22540392,7.52106323,8.15254109,107462737,1070283536.0,,
2016-06-01,783,8.1768287,8.48447176,8.16873283,8.18492457,118795540,1225922080.0,,
2016-06-02,783,8.18492457,8.40351306,8.12015761,8.35493784,61777303,635606480.0,,
2016-06-03,783,8.37922545,8.54114285,8.15254109,8.37922545,81001340,834178960.0,,
2016-06-06,783,8.36303371,8.41160893,8.24969153,8.26588327,32799928,336280960.0,,
2016-06-07,783,8.29826675,8.40351306,8.2577874,8.31445849,39475229,406111952.0,,
2016-06-08,783,8.33065023,8.3387461,8.18492457,8.20111631,40115051,408021920.0,,
2016-06-13,783,8.09587,8.12825348,7.81251455,7.81251455,41777305,413378480.0,,
2016-06-14,783,7.7720352,8.07967826,7.75584346,8.05539065,40401494,398269648.0,,
2016-06-15,783,7.8529939,8.49256763,7.8529939,8.38732132,75570881,775261504.0,,
2016-06-16,783,8.33065023,8.36303371,8.11206174,8.16063696,45277536,460044288.0,,
2016-06-17,783,8.19302044,8.55733459,8.19302044,8.37112958,56950763,591615312.0,,
2016-06-20,783,8.37112958,8.5006635,8.29017088,8.37112958,36520287,378573280.0,,
2016-06-21,783,8.54114285,9.20500419,8.5006635,8.8244983,217636415,2429802848.0,,
2016-06-22,783,8.69496438,9.14023723,8.57352633,9.08356614,157896093,1729726384.0,,
2016-06-23,783,8.9864157,9.08356614,8.7435396,8.99451157,79203709,873844960.0,,
2016-06-24,783,8.905457,9.10785375,8.5006635,8.84878591,105474143,1162122064.0,,
2016-06-27,783,8.80830656,9.26977115,8.80830656,9.22119593,96422543,1083147936.0,,
2016-06-28,783,9.22119593,9.61789356,9.08356614,9.52883899,139458033,1606713616.0,,
2016-06-29,783,9.51264725,9.69075639,9.34263398,9.41549681,84867136,996672592.0,,
2016-06-30,783,9.40740094,9.58551008,9.33453811,9.3912092,52637949,614494256.0,,
2016-07-01,783,9.42359268,9.50455138,9.13214136,9.26977115,60551555,695549008.0,,
2016-07-04,783,9.09975788,9.69075639,9.0673744,9.50455138,93438707,1091885664.0,,
2016-07-05,783,9.43168855,9.5531266,9.30215463,9.39930507,55829276,649362544.0,,
2016-07-06,783,9.40740094,9.40740094,9.13214136,9.24548354,66828854,762353552.0,,
2016-07-07,783,9.2292918,9.25357941,8.97022396,9.10785375,79875266,897811120.0,,
2016-07-08,783,9.14023723,9.26167528,9.09975788,9.15642897,54891071,621806736.0,,
2016-07-11,783,9.12404549,9.26977115,9.01070331,9.04308679,75520748,850752976.0,,
2016-07-12,783,9.05927853,9.31834637,9.01070331,9.30215463,79622008,901981648.0,,
2016-07-13,783,9.31834637,9.50455138,9.18881245,9.24548354,74985062,865762688.0,,
2016-07-14,783,9.19690832,9.26977115,9.12404549,9.18881245,34400636,390364976.0,,
2016-07-15,783,9.19690832,9.2292918,9.05927853,9.09166201,32894622,370608912.0,,
2016-07-18,783,9.01070331,9.02689505,8.76782721,8.87307352,67253821,735552368.0,,
2016-07-19,783,8.87307352,8.92164874,8.78401895,8.88116939,32057168,350722832.0,,
2016-07-20,783,8.88116939,8.905457,8.78401895,8.78401895,26528520,289329168.0,,
2016-07-21,783,8.77592308,8.89736113,8.77592308,8.80021069,38320225,418163984.0,,
2016-07-22,783,8.77592308,8.79211482,8.63019742,8.65448503,39541181,424628960.0,,
2016-07-25,783,8.65448503,8.70306025,8.54923872,8.62210155,24326863,259649971.0,,
2016-07-26,783,8.64638916,8.81640243,8.63019742,8.81640243,40237240,435643872.0,,
2016-07-27,783,8.81640243,8.86497765,8.26588327,8.45208828,52448787,553856064.0,,
2016-07-28,783,8.3387461,8.46828002,8.16873283,8.24159566,44885097,460132560.0,,
2016-07-29,783,8.29826675,8.54923872,8.23349979,8.37112958,56376008,583964752.0,,
2016-08-01,783,8.37112958,8.52495111,8.23349979,8.43589654,45198893,469734992.0,,
2016-08-02,783,8.4197048,8.46828002,8.30636262,8.39541719,28716474,296960688.0,,
2016-08-03,783,8.34684197,8.40351306,8.2577874,8.33065023,27526116,283069392.0,,
2016-08-04,783,8.32255436,8.43589654,8.26588327,8.40351306,28204692,291938464.0,,
2016-08-05,783,8.39541719,8.63829329,8.34684197,8.49256763,49435086,518865648.0,,
2016-08-08,783,8.45208828,8.5816222,8.36303371,8.56543046,32658102,342920896.0,,
2016-08-09,783,8.58971807,8.64638916,8.54923872,8.60590981,36927050,391884304.0,,
2016-08-10,783,8.64638916,8.67877264,8.50875937,8.54114285,44560202,472256656.0,,
2016-08-11,783,8.5816222,8.7435396,8.57352633,8.62210155,73341381,785479008.0,,
2016-08-12,783,8.58971807,8.80830656,8.52495111,8.79211482,64415412,689325984.0,,
2016-08-15,783,8.87307352,9.62598943,8.8244983,9.31834637,169234704,1930185488.0,,
2016-08-16,783,9.26977115,9.41549681,9.21310006,9.23738767,85827793,984286960.0,,
2016-08-17,783,9.35072985,9.58551008,9.1483331,9.22119593,107607377,1242168640.0,,
2016-08-18,783,9.16452484,9.27786702,9.11594962,9.18071658,60066595,682346848.0,,
2016-08-19,783,9.16452484,9.20500419,9.05118266,9.11594962,37625594,424115968.0,,
2016-08-22,783,9.10785375,9.18071658,8.92974461,8.93784048,36303507,405212816.0,,
2016-08-23,783,8.96212809,9.05118266,8.88116939,8.97022396,27470189,304669184.0,,
2016-08-24,783,9.01879918,9.02689505,8.92164874,8.93784048,23954247,265392449.0,,
2016-08-25,783,8.905457,9.09975788,8.8244983,9.04308679,51398438,571025200.0,,
2016-08-26,783,9.0673744,9.09166201,8.94593635,8.97022396,29196558,325018688.0,,
2016-08-29,783,8.97022396,9.02689505,8.92164874,8.94593635,18968072,210226586.0,,
2016-08-30,783,8.96212809,9.0673744,8.93784048,9.00260744,26335410,292906208.0,,
2016-08-31,783,9.00260744,9.14023723,8.97022396,9.05118266,31365914,350648960.0,,
2016-09-01,783,9.05927853,9.0673744,8.84878591,8.84878591,36386607,402772864.0,,
2016-09-02,783,8.84069004,9.05118266,8.83259417,8.88926526,29674901,326848592.0,,
2016-09-05,783,8.905457,9.08356614,8.89736113,8.94593635,31071991,345230528.0,,
2016-09-06,783,8.93784048,9.03499092,8.78401895,9.00260744,32161134,354077872.0,,
2016-09-07,783,8.97831983,9.05118266,8.94593635,8.97022396,29492432,327808160.0,,
2016-09-08,783,8.96212809,9.00260744,8.91355287,8.94593635,17344792,191723759.0,,
2016-09-09,783,8.94593635,8.97831983,8.81640243,8.8244983,28570216,314163632.0,,
2016-09-12,783,8.6625809,8.67877264,8.45208828,8.46018415,45486562,481000384.0,,
2016-09-13,783,8.53304698,8.55733459,8.43589654,8.46018415,17623617,184567276.0,,
2016-09-14,783,8.4197048,8.47637589,8.34684197,8.36303371,20587579,213924022.0,,
2016-09-19,783,8.40351306,8.48447176,8.40351306,8.44399241,15938845,166201299.0,,
2016-09-20,783,8.45208828,8.52495111,8.40351306,8.5006635,14010389,146431679.0,,
2016-09-21,783,8.49256763,8.67067677,8.45208828,8.5816222,27400897,290166064.0,,
2016-09-22,783,8.63829329,8.70306025,8.58971807,8.58971807,26975706,287838832.0,,
2016-09-23,783,8.61400568,8.63019742,8.5006635,8.51685524,17158776,181238840.0,,
2016-09-26,783,8.5006635,8.50875937,8.37922545,8.40351306,18276675,190342833.0,,
2016-09-27,783,8.35493784,8.52495111,8.34684197,8.50875937,21416891,223346330.0,,
2016-09-28,783,8.51685524,8.52495111,8.43589654,8.46828002,11577601,121260595.0,,
2016-09-29,783,8.5006635,8.6625809,8.48447176,8.55733459,26548781,281697376.0,,
2016-09-30,783,8.54923872,8.63019742,8.53304698,8.59781394,18312249,194313846.0,,
2016-10-10,783,8.67067677,8.73544373,8.61400568,8.69496438,20805685,223089707.0,,
2016-10-11,783,8.71115612,8.73544373,8.63829329,8.67877264,21448220,229918177.0,,
2016-10-12,783,8.64638916,8.69496438,8.60590981,8.63019742,17772419,189762208.0,,
2016-10-13,783,8.61400568,8.71925199,8.58971807,8.6625809,18555877,198470853.0,,
2016-10-14,783,8.64638916,8.67067677,8.56543046,8.64638916,13143186,139941566.0,,
2016-10-17,783,8.64638916,8.65448503,8.46018415,8.47637589,20786520,219745638.0,,
2016-10-18,783,8.47637589,8.70306025,8.46018415,8.6625809,28110098,299189712.0,,
2016-10-19,783,8.64638916,8.70306025,8.56543046,8.58971807,18550509,197702995.0,,
2016-10-20,783,8.60590981,8.6625809,8.51685524,8.56543046,15363162,163050267.0,,
2016-10-21,783,8.56543046,8.68686851,8.5006635,8.58971807,25873671,274852624.0,,
2016-10-24,783,8.5816222,8.95403222,8.54923872,8.80021069,71484259,776954464.0,,
2016-10-25,783,8.77592308,8.87307352,8.76782721,8.80830656,25791890,280487440.0,,
2016-10-26,783,8.80830656,8.88926526,8.75973134,8.77592308,23569081,256828246.0,,
2016-10-27,783,8.75973134,8.81640243,8.71925199,8.79211482,17270847,187117729.0,,
2016-10-28,783,8.84878591,9.15642897,8.81640243,8.8244983,66586104,741073936.0,,
2016-10-31,783,8.78401895,8.89736113,8.67877264,8.85688178,25531852,276941280.0,,
2016-11-01,783,8.85688178,8.9864157,8.8244983,8.92164874,32183096,354858656.0,,
2016-11-02,783,8.89736113,9.03499092,8.86497765,8.87307352,43843425,485147024.0,,
2016-11-03,783,8.83259417,9.24548354,8.83259417,9.10785375,95151619,1070622656.0,,
2016-11-04,783,9.0673744,9.18881245,9.00260744,9.07547027,41470026,465206544.0,,
2016-11-07,783,9.11594962,9.32644224,9.11594962,9.17262071,70556000,804352224.0,,
2016-11-08,783,9.26977115,9.43978442,9.21310006,9.26977115,61693791,709158896.0,,
2016-11-09,783,9.3102505,9.34263398,9.02689505,9.12404549,60222787,680770448.0,,
2016-11-10,783,9.24548354,9.48026377,9.23738767,9.44788029,92752187,1075870688.0,,
2016-11-11,783,9.69075639,9.90934488,9.43978442,9.78790683,146807145,1759511200.0,,
2016-11-14,783,9.73933161,10.7675071,9.67456465,10.33842599,263364655,3384288496.0,,
2016-11-15,783,10.2007962,10.30604251,10.00649532,10.2007962,122201711,1530561920.0,,
2016-11-16,783,10.15222098,10.28985077,10.03078293,10.18460446,94738265,1190650000.0,,
2016-11-17,783,10.18460446,10.23317968,10.03078293,10.15222098,74457481,932699440.0,,
2016-11-18,783,10.0388788,10.12793337,9.73933161,9.82838618,101698629,1252674112.0,,
2016-11-21,783,9.76361922,10.12793337,9.70694813,9.83648205,80993308,991877552.0,,
2016-11-22,783,9.85267379,10.0388788,9.80409857,9.85267379,94953261,1162122304.0,,
2016-11-23,783,9.88505727,9.9579201,9.69075639,9.70694813,72449873,876776656.0,,
2016-11-24,783,9.65837291,10.00649532,9.65837291,9.81219444,70406845,855560816.0,,
2016-11-25,783,9.94982423,10.14412511,9.6340853,10.03078293,113459114,1393082048.0,,
2016-11-28,783,10.20889207,10.21698794,9.83648205,9.92553662,102472848,1265197984.0,,
2016-11-29,783,9.85267379,10.00649532,9.72313987,9.86886553,71058159,865012976.0,,
2016-11-30,783,9.86076966,9.94172836,9.72313987,9.77981096,56679372,685864800.0,,
2016-12-01,783,9.74742748,9.89315314,9.72313987,9.84457792,61582265,745418400.0,,
2016-12-02,783,9.83648205,9.83648205,9.48026377,9.48026377,89766443,1066427024.0,,
2016-12-05,783,9.21310006,9.35072985,8.95403222,8.99451157,83427354,939130464.0,,
2016-12-06,783,9.04308679,9.08356614,8.95403222,8.99451157,36399982,405345344.0,,
2016-12-07,783,8.97022396,9.03499092,8.84878591,9.02689505,41976980,464337600.0,,
2016-12-08,783,9.01070331,9.05927853,8.91355287,8.92164874,39001571,432721904.0,,
2016-12-09,783,8.93784048,8.9864157,8.85688178,8.88926526,44362072,489389104.0,,
2016-12-12,783,8.89736113,8.89736113,8.4197048,8.44399241,71076241,755526176.0,,
2016-12-13,783,8.46018415,8.53304698,8.36303371,8.45208828,34346177,358735632.0,,
2016-12-14,783,8.45208828,8.52495111,8.34684197,8.34684197,34404189,358091728.0,,
2016-12-15,783,8.29826675,8.48447176,8.29017088,8.37922545,34002925,351844784.0,,
2016-12-16,783,8.37922545,8.43589654,8.33065023,8.36303371,31602697,326735904.0,,
2016-12-19,783,8.3387461,8.34684197,8.20111631,8.2577874,28134390,286672960.0,,
2016-12-20,783,8.24159566,8.29826675,8.20111631,8.26588327,27439651,279731296.0,,
2016-12-21,783,8.30636262,8.42780067,8.29826675,8.3387461,40870157,421673664.0,,
2016-12-22,783,8.3387461,8.34684197,8.24159566,8.26588327,22755641,232706230.0,,
2016-12-23,783,8.2577874,8.29826675,8.16063696,8.1768287,25458939,258159400.0,,
2016-12-26,783,8.15254109,8.34684197,8.09587,8.33065023,38449922,391518176.0,,
2016-12-27,783,8.29826675,8.3387461,8.26588327,8.28207501,19328810,198108309.0,,
2016-12-28,783,8.28207501,8.31445849,8.18492457,8.20111631,19156868,195099719.0,,
2016-12-29,783,8.20921218,8.29017088,8.19302044,8.20921218,21689549,220547692.0,,
2016-12-30,783,8.20921218,8.29017088,8.20921218,8.28207501,24246138,247585317.0,,
2017-01-03,783,8.29017088,8.43589654,8.29017088,8.39541719,34083810,353419504.0,,
2017-01-04,783,8.39541719,8.44399241,8.33065023,8.44399241,26647464,276237456.0,,
2017-01-05,783,8.44399241,8.45208828,8.36303371,8.39541719,20596871,213650873.0,,
2017-01-06,783,8.39541719,8.39541719,8.30636262,8.31445849,20332298,209369601.0,,
2017-01-09,783,8.31445849,8.37922545,8.27397914,8.32255436,20753674,213506337.0,,
2017-01-10,783,8.33065023,8.38732132,8.29017088,8.3387461,22120889,227967562.0,,
2017-01-11,783,8.3387461,8.38732132,8.2577874,8.26588327,19728682,202507170.0,,
2017-01-12,783,8.24969153,8.32255436,8.20111631,8.20111631,19687630,200838294.0,,
2017-01-13,783,8.20111631,8.2577874,8.16063696,8.1768287,18927031,191628270.0,,
2017-01-16,783,8.16063696,8.1768287,7.5291591,7.8529939,46886214,460957376.0,,
2017-01-17,783,7.82061042,7.91776086,7.6910765,7.86108977,20344907,196549919.0,,
2017-01-18,783,7.83680216,7.94204847,7.82061042,7.87728151,14343086,139743073.0,,
2017-01-19,783,7.83680216,7.95014434,7.80441868,7.90966499,15558607,151619679.0,,
2017-01-20,783,7.86918564,8.03919891,7.86918564,8.00681543,16567862,163281812.0,,
2017-01-23,783,8.06348652,8.07158239,8.0149113,8.03919891,12902648,128259801.0,,
2017-01-24,783,8.03919891,8.07158239,8.02300717,8.03110304,9904500,98441715.0,,
2017-01-25,783,8.03919891,8.06348652,7.99871956,8.02300717,10103185,100156713.0,,
2017-01-26,783,8.03110304,8.10396587,8.03110304,8.09587,13502469,134695436.0,,
2017-02-03,783,8.09587,8.10396587,8.03919891,8.04729478,8175812,81459422.0,,
2017-02-06,783,8.04729478,8.07967826,8.00681543,8.05539065,9737163,96711065.0,,
2017-02-07,783,8.04729478,8.06348652,7.99871956,8.03110304,16007039,158719841.0,,
2017-02-08,783,8.02300717,8.26588327,8.0149113,8.24159566,35560525,358562512.0,,
2017-02-09,783,8.22540392,8.38732132,8.20111631,8.2577874,34686361,355706272.0,,
2017-02-10,783,8.26588327,8.36303371,8.21730805,8.29017088,23544666,241169582.0,,
2017-02-13,783,8.29017088,8.47637589,8.28207501,8.37922545,35006427,363353664.0,,
2017-02-14,783,8.48447176,8.51685524,8.37922545,8.39541719,24963616,260236594.0,,
2017-02-15,783,8.37922545,8.46018415,8.29826675,8.31445849,27406378,283568160.0,,
2017-02-16,783,8.30636262,8.46018415,8.28207501,8.41160893,20781035,215165984.0,,
2017-02-17,783,8.46828002,8.7435396,8.4197048,8.43589654,60536867,640679120.0,,
2017-02-20,783,8.41160893,8.49256763,8.3387461,8.47637589,28054679,291328432.0,,
2017-02-21,783,8.49256763,8.70306025,8.48447176,8.58971807,38781793,412217728.0,,
2017-02-22,783,8.62210155,8.63829329,8.51685524,8.58971807,16500459,174390082.0,,
2017-02-23,783,8.57352633,8.65448503,8.44399241,8.49256763,25876783,273107184.0,,
2017-02-24,783,8.46828002,8.52495111,8.4197048,8.49256763,15872240,165861807.0,,
2017-02-27,783,8.48447176,8.48447176,8.30636262,8.32255436,23467828,243154102.0,,
2017-02-28,783,8.33065023,8.42780067,8.31445849,8.37112958,12600868,130113999.0,,
2017-03-01,783,8.37112958,8.42780067,8.34684197,8.37112958,15794599,163841303.0,,
2017-03-02,783,8.37922545,8.56543046,8.31445849,8.32255436,36294928,377506384.0,,
2017-03-03,783,8.29017088,8.31445849,8.20921218,8.23349979,21795631,222139710.0,,
2017-03-06,783,8.24969153,8.3387461,8.24159566,8.3387461,16612765,170457357.0,,
2017-03-07,783,8.33065023,8.34684197,8.28207501,8.3387461,13546453,139183694.0,,
2017-03-08,783,8.34684197,8.39541719,8.26588327,8.34684197,19439431,199928489.0,,
2017-03-09,783,8.33065023,8.33065023,8.18492457,8.20921218,16525264,168313597.0,,
2017-03-10,783,8.20921218,8.26588327,8.1768287,8.19302044,13082996,132766058.0,,
2017-03-13,783,8.1768287,8.31445849,8.13634935,8.28207501,21977894,223208878.0,,
2017-03-14,783,8.26588327,8.30636262,8.20921218,8.22540392,16466222,168135975.0,,
2017-03-15,783,8.20921218,8.22540392,8.16063696,8.16063696,18165562,183618757.0,,
2017-03-16,783,8.20111631,8.36303371,8.20111631,8.33065023,32773041,336342640.0,,
2017-03-17,783,8.34684197,8.37112958,8.1768287,8.19302044,21549270,219987689.0,,
2017-03-20,783,8.18492457,8.20921218,8.10396587,8.16063696,16480434,165975203.0,,
2017-03-21,783,8.15254109,8.1768287,8.12015761,8.14444522,15380076,154794934.0,,
2017-03-22,783,8.12015761,8.12825348,8.0149113,8.0149113,25141900,250477476.0,,
2017-03-23,783,8.02300717,8.12015761,7.95824021,8.02300717,20589896,204569441.0,,
2017-03-24,783,8.03110304,8.18492457,8.00681543,8.14444522,24747546,247241249.0,,
2017-03-27,783,8.14444522,8.18492457,8.09587,8.11206174,22071033,221921596.0,,
2017-03-28,783,8.11206174,8.13634935,8.05539065,8.06348652,13248620,132282907.0,,
2017-03-29,783,8.06348652,8.11206174,7.99871956,8.0149113,14492020,144012824.0,,
2017-03-30,783,8.00681543,8.05539065,7.92585673,7.92585673,17967434,177177558.0,,
2017-03-31,783,7.92585673,7.99062369,7.90966499,7.92585673,13524815,132710309.0,,
2017-04-05,783,7.92585673,8.12825348,7.92585673,8.09587,22274054,221841685.0,,
2017-04-06,783,8.10396587,8.14444522,8.07158239,8.11206174,18500979,185307821.0,,
2017-04-07,783,8.09587,8.20921218,8.07967826,8.15254109,22092175,222374604.0,,
2017-04-10,783,8.14444522,8.20921218,8.09587,8.10396587,17482099,175982917.0,,
2017-04-11,783,8.11206174,8.13634935,7.97443195,8.12825348,23543303,234378590.0,,
2017-04-12,783,8.14444522,8.2577874,8.05539065,8.15254109,30799744,311704592.0,,
2017-04-13,783,8.09587,8.19302044,8.06348652,8.09587,18032744,180711057.0,,
2017-04-14,783,8.09587,8.09587,7.97443195,7.99062369,19788778,195915420.0,,
2017-04-17,783,7.96633608,8.05539065,7.9339526,7.99871956,16008947,157940834.0,,
2017-04-18,783,7.99871956,7.99871956,7.92585673,7.92585673,13617817,133796821.0,,
2017-04-19,783,7.91776086,7.9339526,7.74774759,7.8529939,18894383,182894441.0,,
2017-04-20,783,7.84489803,7.86918564,7.72345998,7.75584346,14327569,137728465.0,,
2017-04-21,783,7.78013107,7.86918564,7.75584346,7.8529939,13079305,126505641.0,,
2017-04-24,783,7.80441868,7.83680216,7.70726824,7.78013107,17097440,164240132.0,,
2017-04-25,783,7.78013107,7.82061042,7.63440541,7.65059715,16392296,156483491.0,,
2017-04-26,783,7.67488476,7.81251455,7.64250128,7.73965172,15553815,148423568.0,,
2017-04-27,783,7.72345998,7.79632281,7.6101178,7.78822694,15027507,142870837.0,,
2017-04-28,783,7.7720352,7.78822694,7.69917237,7.78822694,10789570,103059040.0,,
2017-05-02,783,7.76393933,7.76393933,7.65869302,7.6910765,9619956,91513439.0,,
2017-05-03,783,7.67488476,7.70726824,7.55344671,7.63440541,16764476,157694494.0,,
2017-05-04,783,7.6101178,7.61821367,7.50487149,7.51296736,15656026,146130943.0,,
2017-05-05,783,7.50487149,7.50487149,7.21342017,7.27009126,32411630,292258928.0,,
2017-05-08,783,7.2053243,7.25389952,6.84101015,7.01911929,50592588,437495488.0,,
2017-05-09,783,6.9624482,7.16484495,6.95435233,7.1243656,25349355,221742045.0,,
2017-05-10,783,7.1243656,7.14865321,7.01911929,7.03531103,15699919,137374997.0,,
2017-05-11,783,6.9624482,7.09198212,6.93816059,7.07579038,13492220,116840434.0,,
2017-05-12,783,7.07579038,7.33485822,7.0434069,7.18913256,21037473,187138560.0,,
2017-05-15,783,7.18103669,7.34295409,7.17294082,7.29437887,24724524,222699822.0,,
2017-05-16,783,7.286283,7.35104996,7.16484495,7.34295409,17552975,157226300.0,,
2017-05-17,783,7.33485822,7.44010453,7.27818713,7.29437887,15539180,141146077.0,,
2017-05-18,783,7.24580365,7.29437887,7.17294082,7.19722843,10971753,98053338.0,,
2017-05-19,783,7.18103669,7.22961191,7.16484495,7.2053243,5516013,49003833.0,,
2017-05-22,783,7.16484495,7.16484495,6.81672254,6.86529776,30255113,260142948.0,,
2017-05-23,783,6.8814895,6.95435233,6.80862667,6.86529776,21440401,182181971.0,,
2017-05-24,783,6.89768124,7.07579038,6.8814895,7.05150277,24460737,211224666.0,,
2017-05-25,783,7.03531103,7.69917237,6.98673581,7.59392606,70191013,643580128.0,,
2017-05-26,783,7.48867975,7.67488476,7.4482004,7.48867975,37820541,354060320.0,,
2017-05-31,783,7.62630954,7.67488476,7.49677562,7.59392606,38180105,357963008.0,,
2017-06-01,783,7.54535084,7.63440541,7.52106323,7.5291591,21651020,202809817.0,,
2017-06-02,783,7.51296736,7.6101178,7.48058388,7.60202193,20245724,189107290.0,,
2017-06-05,783,7.56963845,7.58583019,7.4482004,7.56154258,15468302,143752260.0,,
2017-06-06,783,7.55344671,7.67488476,7.52106323,7.60202193,17825353,167576544.0,,
2017-06-07,783,7.54535084,7.74774759,7.5291591,7.71536411,29309177,278148400.0,,
2017-06-08,783,7.73155585,7.74774759,7.61821367,7.66678889,14868773,140994441.0,,
2017-06-09,783,7.70792129,7.74905214,7.6503381,7.66679044,16668866,155847701.0,,
2017-06-12,783,7.66679044,7.70792129,7.42000534,7.45291002,25729937,236401225.0,,
2017-06-13,783,7.44468385,7.52694555,7.38710066,7.49404087,21609419,195959865.0,,
2017-06-14,783,7.47758853,7.5680764,7.43645768,7.51049321,13598653,124061912.0,,
2017-06-15,783,7.4858147,7.69969512,7.4858147,7.6503381,23613738,218552603.0,,
2017-06-16,783,7.66679044,7.8148615,7.60098108,7.75727831,33198113,313010976.0,,
2017-06-19,783,7.77373065,8.02051575,7.74905214,7.88067086,33374987,320766960.0,,
2017-06-20,783,7.88889703,7.95470639,7.76550448,7.8148615,20463479,195442143.0,,
2017-06-21,783,7.95470639,8.08632511,7.83131384,7.88889703,33039350,319225824.0,,
2017-06-22,783,7.83954001,7.98761107,7.8148615,7.83954001,28753905,276499088.0,,
2017-06-23,783,7.79018299,7.82308767,7.67501661,7.79840916,19819537,186633870.0,,
2017-06-26,783,7.79018299,7.94648022,7.74905214,7.92180171,25177823,241651742.0,,
2017-06-27,783,7.92180171,7.96293256,7.82308767,7.85599235,14494686,138753379.0,,
2017-06-28,783,7.85599235,7.8971232,7.74905214,7.75727831,13155805,124928742.0,,
2017-06-29,783,7.77373065,7.83131384,7.74082597,7.76550448,9559770,90443236.0,,
2017-06-30,783,7.74905214,7.80663533,7.7325998,7.79018299,9959783,94059028.0,,
2017-07-03,783,7.78195682,7.79840916,7.66679044,7.70792129,17452650,163421277.0,,
2017-07-04,783,7.69146895,7.69146895,7.51049321,7.54339789,24584012,227442990.0,,
2017-07-05,783,7.54339789,7.59275491,7.47758853,7.58452874,22290189,204337202.0,,
2017-07-06,783,7.57630257,7.59275491,7.50226704,7.55162406,11595082,106420891.0,,
2017-07-07,783,7.51871938,7.71614746,7.50226704,7.69969512,25137774,232738142.0,,
2017-07-10,783,7.66679044,7.88889703,7.62565959,7.74905214,35543545,336606400.0,,
2017-07-11,783,7.75727831,7.86421852,7.75727831,7.76550448,26387795,250852841.0,,
2017-07-12,783,7.78195682,7.80663533,7.63388576,7.68324278,16330300,152856048.0,,
2017-07-13,783,7.68324278,7.8971232,7.6503381,7.83954001,24814167,235203542.0,,
2017-07-14,783,7.85599235,7.8971232,7.80663533,7.87244469,24647183,235433742.0,,
2017-07-17,783,7.87244469,7.8971232,7.57630257,7.6503381,30591291,286468704.0,,
2017-07-18,783,7.59275491,7.65856427,7.49404087,7.55985023,25236350,231747848.0,,
2017-07-19,783,7.55985023,8.05342043,7.51049321,8.02051575,74869639,713193840.0,,
2017-07-20,783,7.9793849,8.02051575,7.92180171,7.9793849,40734111,394306480.0,,
2017-07-21,783,7.95470639,8.03696809,7.83131384,7.88889703,29985288,289349664.0,,
2017-07-24,783,7.85599235,7.97115873,7.83954001,7.91357554,24377271,234530638.0,,
2017-07-25,783,7.91357554,7.93002788,7.83131384,7.86421852,18175296,173855999.0,,
2017-07-26,783,7.88067086,7.95470639,7.83954001,7.93002788,22025827,211698017.0,,
2017-07-27,783,7.8971232,8.00406341,7.71614746,7.91357554,39229503,375174368.0,,
2017-07-28,783,7.87244469,7.91357554,7.79840916,7.80663533,17746979,169247389.0,,
2017-07-31,783,7.78195682,7.84776618,7.69969512,7.8148615,22842884,216227202.0,,
2017-08-01,783,7.79018299,8.05342043,7.77373065,8.02051575,62419027,605983920.0,,
2017-08-02,783,8.02874192,8.23439617,8.01228958,8.09455128,78629584,777860944.0,,
2017-08-03,783,8.09455128,8.16858681,7.98761107,8.04519426,35443817,348779216.0,,
2017-08-04,783,8.0616466,8.26730085,8.03696809,8.11100362,49570488,492432768.0,,
2017-08-07,783,8.11100362,8.11100362,7.98761107,8.03696809,22724457,221969058.0,,
2017-08-08,783,8.05342043,8.19326532,7.98761107,8.11922979,37088989,364976832.0,,
2017-08-09,783,8.07809894,8.10277745,7.97115873,7.98761107,27084600,263957638.0,,
2017-08-10,783,7.96293256,8.12745596,7.82308767,7.90534937,33082023,319988528.0,,
2017-08-11,783,7.84776618,7.85599235,7.6503381,7.66679044,29982737,282598880.0,,
2017-08-14,783,7.69146895,7.83131384,7.6503381,7.78195682,22741240,213908034.0,,
2017-08-15,783,7.80663533,7.83954001,7.72437363,7.74905214,12940235,122283645.0,,
2017-08-16,783,7.75727831,7.8148615,7.70792129,7.79018299,13589229,128142427.0,,
2017-08-17,783,7.77373065,7.84776618,7.74905214,7.84776618,15093064,143300329.0,,
2017-08-18,783,7.79840916,7.83131384,7.76550448,7.78195682,12478204,118250517.0,,
2017-08-21,783,7.8971232,7.93825405,7.8148615,7.87244469,18465482,176359966.0,,
2017-08-22,783,7.85599235,7.90534937,7.79018299,7.84776618,18152947,173279095.0,,
2017-08-23,783,7.85599235,8.01228958,7.8148615,7.92180171,26401969,253902667.0,,
2017-08-24,783,7.90534937,7.91357554,7.78195682,7.78195682,16436209,156586404.0,,
2017-08-25,783,7.76550448,7.99583724,7.76550448,7.97115873,39415490,380362544.0,,
2017-08-28,783,8.02051575,8.44005042,8.02051575,8.36601489,112013010,1133025568.0,,
2017-08-29,783,8.36601489,8.37424106,8.20971766,8.23439617,51235869,514663888.0,,
2017-08-30,783,8.23439617,8.39891957,8.22617,8.24262234,38247610,386384624.0,,
2017-08-31,783,8.25084851,8.35778872,8.24262234,8.29197936,25847472,260768804.0,,
2017-09-01,783,8.35778872,8.37424106,8.26730085,8.30020553,33619980,339993968.0,,
2017-09-04,783,8.28375319,8.32488404,8.24262234,8.25907468,25389222,255301991.0,,
2017-09-05,783,8.27552702,8.32488404,8.20971766,8.22617,26231085,263564854.0,,
2017-09-06,783,8.20971766,8.29197936,8.17681298,8.24262234,24941552,249429278.0,,
2017-09-07,783,8.25084851,8.30020553,8.09455128,8.10277745,27660486,276443856.0,,
2017-09-08,783,8.12745596,8.17681298,8.09455128,8.12745596,15499299,153189889.0,,
2017-09-11,783,8.10277745,8.18503915,8.08632511,8.12745596,17777341,175632548.0,,
2017-09-12,783,8.1439083,8.31665787,8.12745596,8.22617,40292226,403631748.76,,
2017-09-13,783,8.25084851,8.25907468,8.16858681,8.21794383,11953015,119279621.01,,
2017-09-14,783,8.21794383,8.30020553,8.16036064,8.17681298,22337352,223682650.37,,
2017-09-15,783,8.15213447,8.25084851,8.1439083,8.18503915,18483897,184308149.88,,
2017-09-18,783,8.22617,8.33311021,8.20149149,8.28375319,29065468,292705180.13,,
2017-09-19,783,8.30020553,8.30020553,8.15213447,8.17681298,21426872,213749218.54,,
2017-09-20,783,8.16858681,8.24262234,8.15213447,8.20149149,13438616,133909501.08,,
2017-09-21,783,8.21794383,8.33311021,8.18503915,8.23439617,38319440,386055438.86,,
2017-09-22,783,8.20971766,8.22617,8.07809894,8.1439083,23594061,233408339.45,,
2017-09-25,783,8.11922979,8.11922979,8.00406341,8.02051575,15410200,150936679.25,,
2017-09-26,783,8.05342043,8.06987277,8.01228958,8.04519426,8890520,86902347.84,,
2017-09-27,783,8.05342043,8.13568213,8.02874192,8.08632511,10865629,106769241.44,,
2017-09-28,783,8.10277745,8.11100362,7.98761107,7.98761107,13523681,132034543.94,,
2017-09-29,783,8.01228958,8.11100362,7.99583724,8.01228958,13221932,129483560.35,,
2017-10-09,783,8.1439083,8.28375319,8.02874192,8.0616466,23272379,229603795.99,,
2017-10-10,783,8.06987277,8.07809894,8.00406341,8.07809894,18367427,179564095.14,,
2017-10-11,783,8.07809894,8.08632511,8.02874192,8.05342043,13022733,127590553.82,,
2017-10-12,783,8.0616466,8.07809894,8.04519426,8.06987277,11420510,111945201.25,,
2017-10-13,783,8.07809894,8.08632511,8.02874192,8.0616466,12278564,120277099.51,,
2017-10-16,783,8.04519426,8.11100362,7.94648022,7.94648022,20233504,197112151.76,,
2017-10-17,783,7.96293256,7.97115873,7.90534937,7.91357554,10287305,99193224.31,,
2017-10-18,783,7.92180171,7.95470639,7.7325998,7.78195682,19677777,187680296.62,,
2017-10-19,783,7.75727831,7.79018299,7.61743342,7.64211193,18551982,173096595.17,,
2017-10-20,783,7.6503381,7.69146895,7.64211193,7.69146895,7484300,69779500.89,,
2017-10-23,783,7.66679044,7.69969512,7.60920725,7.69146895,9191208,85546932.02,,
2017-10-24,783,7.68324278,7.84776618,7.65856427,7.80663533,21276707,201112246.9,,
2017-10-25,783,7.79018299,7.8148615,7.74905214,7.79018299,6479633,61286514.86,,
2017-10-26,783,7.78195682,7.88067086,7.74082597,7.83131384,14637415,138973881.08,,
2017-10-27,783,7.80663533,7.80663533,7.69969512,7.71614746,16398542,154154564.98,,
2017-10-30,783,7.69969512,7.70792129,7.46113619,7.46113619,25080073,229857881.96,,
2017-10-31,783,7.44468385,7.49404087,7.37064832,7.403553,24262399,218714864.23,,
2017-11-01,783,7.41177917,7.47758853,7.37064832,7.37887449,18239923,164528493.95,,
2017-11-02,783,7.37887449,7.47758853,7.31306513,7.43645768,18979453,170569882.28,,
2017-11-03,783,7.403553,7.403553,7.27193428,7.31306513,18552261,165167908.5,,
2017-11-06,783,7.28838662,7.3212913,7.21435109,7.28838662,13835486,122106194.56,,
2017-11-07,783,7.27193428,7.37887449,7.26370811,7.35419598,20672876,184211188.13,,
2017-11-08,783,7.34596981,7.55985023,7.28016045,7.43645768,35297277,319332683.74,,
2017-11-09,783,7.403553,7.44468385,7.37887449,7.403553,15969051,143734422.44,,
2017-11-10,783,7.42000534,7.49404087,7.38710066,7.42000534,20149864,182001648.92,,
2017-11-13,783,7.42823151,7.51049321,7.39532683,7.41177917,18989861,171702832.12,,
2017-11-14,783,7.403553,7.42823151,7.32951747,7.33774364,16408423,146883645.58,,
2017-11-15,783,7.33774364,7.37887449,7.32951747,7.32951747,10788505,96406913.33,,
2017-11-16,783,7.3212913,7.3212913,7.25548194,7.25548194,13225340,117244281.3,,
2017-11-17,783,7.25548194,7.32951747,7.18144641,7.27193428,22785941,201224438.35,,
2017-11-20,783,7.2390296,7.28016045,7.13208939,7.21435109,11424331,99958188.64,,
2017-11-21,783,7.18144641,7.51049321,7.18144641,7.42000534,36523307,329283730.55,,
2017-11-22,783,7.403553,7.46936236,7.31306513,7.36242215,24067405,216352189.14,,
2017-11-23,783,7.36242215,7.46113619,7.17322024,7.21435109,20447463,182474708.13,,
2017-11-24,783,7.21435109,7.32951747,7.16499407,7.31306513,20252919,177968724.46,,
2017-11-27,783,7.26370811,7.37064832,7.22257726,7.32951747,15344648,136269068.76,,
2017-11-28,783,7.31306513,7.34596981,7.28016045,7.34596981,7756864,68931640.23,,
2017-11-29,783,7.33774364,7.36242215,7.24725577,7.35419598,10332277,91846563.27,,
2017-11-30,783,7.30483896,7.41177917,7.27193428,7.33774364,14434850,128939770.42,,
2017-12-01,783,7.3212913,7.34596981,7.28838662,7.30483896,7695986,68401056.35,,
2017-12-04,783,7.30483896,7.32951747,7.13208939,7.14854173,20292602,177725090.03,,
2017-12-05,783,7.14031556,7.26370811,7.13208939,7.19789875,25898428,226869798.72,,
2017-12-06,783,7.18144641,7.23080343,7.14031556,7.19789875,12136293,105957440.23,,
2017-12-07,783,7.14854173,7.18967258,7.13208939,7.14854173,10324588,89813269.26,,
2017-12-08,783,7.1567679,7.19789875,7.14031556,7.1567679,15957213,138928357.05,,
2017-12-11,783,7.14031556,7.18144641,7.12386322,7.16499407,15020705,130642269.52,,
2017-12-12,783,7.17322024,7.18967258,7.09918471,7.11563705,15542989,135091037.96,,
2017-12-13,783,7.11563705,7.14031556,7.01692301,7.06628003,16001684,137315599.85,,
2017-12-14,783,7.06628003,7.06628003,6.9099828,6.9099828,21127298,178626009.63,,
2017-12-15,783,6.90175663,6.92643514,6.85239961,6.86885195,12164241,101767374.94,,
2017-12-18,783,6.89353046,6.91820897,6.81126876,6.8277211,8340662,69481488.23,,
2017-12-19,783,6.84417344,6.86885195,6.81949493,6.85239961,8568478,71297943.76,,
2017-12-20,783,6.85239961,6.85239961,6.70432855,6.71255472,15150818,124517013.3,,
2017-12-21,783,6.70432855,6.72900706,6.580936,6.71255472,19341604,156727928.0,,
2017-12-22,783,6.68787621,6.69610238,6.57270983,6.58916217,22967427,184632692.32,,
2017-12-25,783,6.580936,6.60561451,6.44109111,6.50690047,23212447,183250587.85,,
2017-12-26,783,6.4986743,6.53157898,6.44931728,6.51512664,17852950,140916382.88,,
2017-12-27,783,6.50690047,6.52335281,6.4164126,6.4164126,17752765,139217765.31,,
2017-12-28,783,6.39996026,6.52335281,6.3341509,6.45754345,34072070,266093034.3,,
2017-12-29,783,6.44109111,6.48222196,6.4164126,6.47399579,14967971,117428338.63,,
2018-01-02,783,6.46576962,6.53980515,6.45754345,6.50690047,26517312,209591231.9,,
2018-01-03,783,6.50690047,6.61384068,6.4986743,6.58916217,27071272,216211449.79,,
2018-01-04,783,6.58916217,6.58916217,6.53980515,6.57270983,13354021,106493540.73,,
2018-01-05,783,6.56448366,6.63851919,6.53157898,6.55625749,34451311,275626363.78,,
2018-01-08,783,6.54803132,6.71255472,6.52335281,6.62206685,38361152,309258310.45,,
2018-01-09,783,6.62206685,6.67142387,6.60561451,6.63029302,20600273,166118535.76,,
2018-01-10,783,6.60561451,6.63851919,6.54803132,6.61384068,21901682,175345838.62,,
2018-01-11,783,6.57270983,6.58916217,6.53980515,6.55625749,18063380,143939796.22,,
2018-01-12,783,6.55625749,6.58916217,6.51512664,6.51512664,13422554,106775229.04,,
2018-01-15,783,6.4986743,6.51512664,6.3341509,6.38350792,26768634,208643188.95,,
2018-01-16,783,6.35060324,6.46576962,6.35060324,6.46576962,16174030,125840363.31,,
2018-01-17,783,6.47399579,6.76191174,6.46576962,6.65497153,66360886,537424097.04,,
2018-01-18,783,6.63851919,6.75368557,6.62206685,6.67142387,28832542,234292951.84,,
2018-01-19,783,6.69610238,6.9922445,6.6631977,6.91820897,77492663,645058884.09,,
2018-01-22,783,6.87707812,6.9922445,6.79481642,6.94288748,37832360,317165060.93,,
2018-01-23,783,6.95111365,7.03337535,6.85239961,6.91820897,28333168,238788926.46,,
2018-01-24,783,6.95111365,7.0745062,6.8277211,7.05805386,53506800,454856685.87,,
2018-01-25,783,7.01692301,7.01692301,6.93466131,6.93466131,31042654,263098888.32,,
2018-01-26,783,6.94288748,7.00047067,6.9099828,6.93466131,24494912,207456067.09,,
2018-01-29,783,6.9099828,6.96756599,6.75368557,6.77836408,31551409,262847820.9,,
2018-01-30,783,6.77836408,6.81126876,6.68787621,6.71255472,23027545,188619414.93,,
2018-01-31,783,6.69610238,6.70432855,6.55625749,6.580936,24695896,199387310.4,,
2018-02-01,783,6.580936,6.63851919,6.4164126,6.53157898,28141792,223526084.4,,
2018-02-02,783,6.50690047,6.56448366,6.43286494,6.54803132,15633875,123669263.73,,
2018-02-05,783,6.48222196,6.61384068,6.42463877,6.54803132,16573042,131023052.19,,
2018-02-06,783,6.45754345,6.55625749,6.39996026,6.4164126,37975431,299139683.22,,
2018-02-07,783,6.49044813,6.55625749,6.38350792,6.4164126,15803360,124003798.94,,
2018-02-08,783,6.45754345,6.48222196,6.36705558,6.4164126,13539198,105630676.47,,
2018-02-09,783,6.29302005,6.3341509,5.77477134,5.99687793,34000971,249930759.68,,
2018-02-12,783,6.02978261,6.05446112,5.97219942,5.98865176,14104570,103035945.39,,
2018-02-13,783,6.01333027,6.09559197,6.0051041,6.0051041,10615160,78056488.0,,
2018-02-14,783,6.02978261,6.03800878,5.96397325,6.0051041,7448400,54215208.98,,
2018-02-22,783,6.02978261,6.09559197,5.99687793,6.02155644,17603403,129170606.6,,
2018-02-23,783,6.02155644,6.0873658,6.0051041,6.07091346,10483313,77196403.03,,
2018-02-26,783,6.0873658,6.21898452,6.06268729,6.19430601,15392553,114758290.35,,
2018-02-27,783,6.19430601,6.19430601,6.11204431,6.13672282,9986152,74507311.77,,
2018-02-28,783,6.09559197,6.20253218,6.02155644,6.14494899,13430471,99810342.53,,
2018-03-01,783,6.09559197,6.1696275,6.0873658,6.15317516,8196596,61144083.18,,
2018-03-02,783,6.11204431,6.15317516,6.0873658,6.0873658,8568601,63619610.87,,
2018-03-05,783,6.07913963,6.11204431,6.07091346,6.0873658,6121516,45279106.11,,
2018-03-06,783,6.0873658,6.20253218,6.0873658,6.17785367,13309725,99523966.83,,
2018-03-07,783,6.15317516,6.20253218,6.12027048,6.12849665,8736121,65448223.31,,
2018-03-08,783,6.16140133,6.17785367,6.13672282,6.16140133,7009889,52463145.32,,
2018-03-09,783,6.17785367,6.26834154,6.15317516,6.26834154,21101709,159425665.09,,
2018-03-12,783,6.2518892,6.34237707,6.21898452,6.30124622,25476810,194306361.93,,
2018-03-13,783,6.2518892,6.26011537,6.19430601,6.19430601,12733551,96426943.65,,
2018-03-14,783,6.17785367,6.23543686,6.14494899,6.14494899,9473804,71201127.47,,
2018-03-15,783,6.13672282,6.15317516,6.03800878,6.07091346,10203272,75550672.42,,
2018-03-16,783,6.0873658,6.09559197,6.01333027,6.01333027,8141865,60025145.9,,
2018-03-19,783,6.01333027,6.07091346,5.99687793,6.01333027,6042695,44305372.26,,
2018-03-20,783,5.98865176,6.02155644,5.94752091,5.99687793,9594083,69822324.6,,
2018-03-21,783,6.0051041,6.13672282,6.0051041,6.02155644,16792795,123938357.25,,
2018-03-22,783,6.02978261,6.07913963,5.97219942,6.0051041,11443705,83767799.89,,
2018-03-23,783,5.82412836,5.91461623,5.64315262,5.91461623,37897404,267611071.86,,
2018-03-26,783,5.74186666,5.86525921,5.68428347,5.86525921,13753248,96581248.83,,
2018-03-27,783,5.89816389,5.93106857,5.87348538,5.88993772,13265696,95154548.77,,
2018-03-28,783,5.84880687,5.90639006,5.82412836,5.86525921,10285220,73207056.99,,
2018-03-29,783,5.86525921,5.97219942,5.8405807,5.93929474,14917654,107588006.7,,
2018-03-30,783,5.94752091,5.96397325,5.91461623,5.95574708,9517985,68763915.94,,
2018-04-02,783,5.93929474,6.07913963,5.93929474,5.97219942,18940676,138611314.4,,
2018-04-03,783,5.93106857,6.02978261,5.88993772,5.96397325,10479342,75802850.23,,
2018-04-04,783,5.98042559,6.02155644,5.91461623,5.91461623,7654359,55556057.97,,
2018-04-09,783,5.88171155,5.93106857,5.84880687,5.89816389,8900377,63769966.55,,
2018-04-10,783,5.91461623,5.99687793,5.91461623,5.98042559,9213665,66690848.05,,
2018-04-11,783,5.98042559,6.01333027,5.90639006,5.91461623,19122817,138750021.82,,
2018-04-12,783,5.90639006,5.97219942,5.89816389,5.90639006,9916099,71550769.48,,
2018-04-13,783,5.9228424,5.93929474,5.81590219,5.8405807,11841265,84542929.5,,
2018-04-16,783,5.80767602,5.84880687,5.72541432,5.79944985,14001104,98324944.24,,
2018-04-17,783,5.79944985,5.87348538,5.73364049,5.77477134,14184797,99930730.57,,
2018-04-18,783,5.81590219,5.83235453,5.72541432,5.79122368,13384383,94140558.44,,
2018-04-19,783,5.79122368,5.84880687,5.76654517,5.79944985,9376719,66136894.46,,
2018-04-20,783,5.79122368,5.79122368,5.65137879,5.6760573,11275932,78423930.83,,
2018-04-23,783,5.6760573,5.72541432,5.60202177,5.62670028,11247842,77403040.5,,
2018-04-24,783,5.63492645,5.71718815,5.63492645,5.70896198,24778227,170848565.52,,
2018-04-25,783,5.66783113,5.6760573,5.63492645,5.65137879,11569990,79571100.2,,
2018-04-26,783,5.66783113,5.6760573,5.54443858,5.54443858,10331100,70455629.0,,
2018-04-27,783,5.57734326,5.64315262,5.53621241,5.56089092,10576262,71779139.79,,
2018-05-02,783,5.61024794,5.64315262,5.56911709,5.61024794,12425953,84571905.37,,
2018-05-03,783,5.61024794,5.74186666,5.56911709,5.69250964,30508509,210587668.1,,
2018-05-04,783,5.6760573,5.70896198,5.65137879,5.66783113,13263781,91564702.62,,
2018-05-07,783,5.6760573,5.73364049,5.6760573,5.70896198,11895809,82565079.32,,
2018-05-08,783,5.71718815,5.72541432,5.66783113,5.70896198,14703700,101931307.12,,
2018-05-09,783,5.70073581,5.70896198,5.65960496,5.68428347,9704754,67044261.0,,
2018-05-10,783,5.68428347,5.71718815,5.65960496,5.70073581,11036409,76264221.92,,
2018-05-11,783,5.70073581,5.70896198,5.62670028,5.64315262,10050342,69179916.86,,
2018-05-14,783,5.63492645,5.6760573,5.61847411,5.62670028,7609768,52284149.2,,
2018-05-15,783,5.63492645,5.65960496,5.56911709,5.61024794,11893566,80889965.2,,
2018-05-16,783,5.60202177,5.61024794,5.56089092,5.56089092,8388880,56933956.8,,
2018-05-17,783,5.57734326,5.58556943,5.54443858,5.56911709,6505358,44002675.7,,
2018-05-18,783,5.56089092,5.61024794,5.54443858,5.60202177,8045786,54597709.34,,
2018-05-21,783,5.61847411,5.68428347,5.61847411,5.66783113,13642849,93777237.77,,
2018-05-22,783,5.65960496,5.65960496,5.61847411,5.65137879,8701696,59653789.82,,
2018-05-23,783,5.64315262,5.65137879,5.57734326,5.58556943,11718796,79973138.64,,
2018-05-24,783,5.57734326,5.61024794,5.56089092,5.56911709,6176382,41922377.64,,
2018-05-25,783,5.56911709,5.58556943,5.53621241,5.54443858,6656685,44948192.39,,
2018-05-28,783,5.55266475,5.56089092,5.49508156,5.50330773,6764799,45416176.65,,
2018-05-29,783,5.50330773,5.52798624,5.44572454,5.45395071,9477330,63086478.15,,
2018-05-30,783,5.42104603,5.42104603,5.16603476,5.20716561,17356268,111616799.78,,
2018-05-31,783,5.23184412,5.2647488,5.19893944,5.21539178,14300494,90771822.24,,
2018-06-01,783,5.19071327,5.27297497,5.14135625,5.19071327,17449102,110328575.19,,
2018-06-04,783,5.19071327,5.21539178,5.15780859,5.17426093,7859000,49498864.42,,
2018-06-05,783,5.16603476,5.20716561,5.15780859,5.20716561,8589501,54106058.69,,
2018-06-06,783,5.19893944,5.24829646,5.17426093,5.19893944,7123277,45029303.05,,
2018-06-07,783,5.16603476,5.27297497,5.14135625,5.20716561,19823995,125608824.06,,
2018-06-08,783,5.17426093,5.17426093,4.91102349,4.96038051,34165907,207637508.66,,
2018-06-11,783,4.935702,4.96860668,4.87811881,4.91102349,12091519,72340761.93,,
2018-06-12,783,4.91102349,4.935702,4.8534403,4.91102349,9080331,54042708.34,,
2018-06-13,783,4.89457115,4.89457115,4.73827392,4.75472626,11974113,70181784.9,,
2018-06-14,783,4.76295243,4.80408328,4.74650009,4.77940477,12268199,71269320.78,,
2018-06-15,783,4.78763094,4.79585711,4.65601222,4.75472626,15602340,89908698.45,,
2018-06-19,783,4.6889169,4.72182158,4.28583457,4.35164393,24837408,136428112.76,,
2018-06-20,783,4.31873925,4.43390563,4.29406074,4.41745329,19179602,102230684.85,,
2018-06-21,783,4.40922712,4.45858414,4.28583457,4.29406074,13852916,73777979.16,,
2018-06-22,783,4.2776084,4.36809627,4.26115606,4.35164393,12055606,63524766.23,,
2018-06-25,783,4.37632244,4.40922712,4.30228691,4.33519159,10545856,55963052.6,,
2018-06-26,783,4.29406074,4.41745329,4.26938223,4.38454861,12371444,65527327.36,,
2018-06-27,783,4.38454861,4.40100095,4.33519159,4.35164393,8154189,43252186.47,,
2018-06-28,783,4.36809627,4.49148882,4.34341776,4.37632244,20459715,109894012.58,,
2018-06-29,783,4.3598701,4.48326265,4.3598701,4.46681031,16500349,88882782.64,,
2018-07-02,783,4.46681031,4.48326265,4.32696542,4.3598701,13706500,73525027.95,,
2018-07-03,783,4.3598701,4.41745329,4.33519159,4.41745329,11637969,62168571.68,,
2018-07-04,783,4.40100095,4.42567946,4.37632244,4.38454861,8027096,42884793.55,,
2018-07-05,783,4.38454861,4.4421318,4.30228691,4.30228691,10721388,56868164.9,,
2018-07-06,783,4.31873925,4.43390563,4.25292989,4.35164393,14939956,78778337.09,,
2018-07-09,783,4.34341776,4.45035797,4.34341776,4.4421318,14708475,78905648.02,,
2018-07-10,783,4.41745329,4.43390563,4.39277478,4.42567946,9579221,51376147.77,,
2018-07-11,783,4.37632244,4.37632244,4.26115606,4.28583457,12982119,68068158.25,,
2018-07-12,783,4.28583457,4.45035797,4.28583457,4.43390563,18251511,97479507.28,,
2018-07-13,783,4.43390563,4.4421318,4.40100095,4.42567946,7628522,40981506.9,,
2018-07-16,783,4.42567946,4.43390563,4.37632244,4.41745329,8190022,43816984.72,,
2018-07-17,783,4.44283875,4.44283875,4.39206345,4.4174511,9235110,48167429.11,,
2018-07-18,783,4.42591365,4.45976385,4.39206345,4.39206345,8096037,42321447.88,,
2018-07-19,783,4.400526,4.42591365,4.2989754,4.3666758,10260844,52890928.96,,
2018-07-20,783,4.34128815,4.49361405,4.3159005,4.44283875,19408992,101481680.22,,
2018-07-23,783,4.4343762,4.5020766,4.400526,4.4851515,15998723,84307532.54,,
2018-07-24,783,4.47668895,4.73056545,4.4682264,4.6882527,47586516,261039152.42,,
2018-07-25,783,4.6544025,4.69671525,4.61208975,4.62901485,20081800,110447251.6,,
2018-07-26,783,4.6205523,4.66286505,4.6036272,4.61208975,13492393,73827539.62,,
2018-07-27,783,4.6205523,4.6205523,4.5528519,4.56131445,12893288,69733564.51,,
2018-07-30,783,4.5528519,4.57823955,4.4851515,4.5190017,15558620,83186478.6,,
2018-07-31,783,4.51053915,4.54438935,4.4851515,4.52746425,8746916,46686021.72,,
2018-08-01,783,4.5359268,4.56131445,4.37513835,4.3836009,20389191,107413339.31,,
2018-08-02,783,4.3666758,4.3836009,4.20588735,4.32436305,26979812,136501465.55,,
2018-08-03,783,4.2989754,4.3159005,4.2482001,4.3159005,13169322,66693479.22,,
2018-08-06,783,4.2989754,4.3328256,4.25666265,4.2651252,10829581,54885018.03,,
2018-08-07,783,4.2651252,4.34128815,4.22281245,4.34128815,19628945,99439911.87,,
2018-08-08,783,4.3159005,4.34128815,4.27358775,4.27358775,11289874,57534615.99,,
2018-08-09,783,4.27358775,4.37513835,4.27358775,4.34128815,15391009,79026595.91,,
2018-08-10,783,4.34128815,4.3666758,4.3159005,4.34128815,8678782,44460077.56,,
2018-08-13,783,4.30743795,4.3159005,4.2651252,4.2989754,9545171,48339373.8,,
2018-08-14,783,4.2989754,4.30743795,4.2651252,4.29051285,7599550,38465893.45,,
2018-08-15,783,4.2820503,4.29051285,4.2143499,4.231275,11347839,56909961.85,,
2018-08-16,783,4.2143499,4.30743795,4.1804997,4.231275,16338076,81994774.76,,
2018-08-17,783,4.25666265,4.27358775,4.17203715,4.18896225,10128138,50567977.46,,
2018-08-20,783,4.18896225,4.2482001,4.1804997,4.22281245,7473002,37195169.3,,
2018-08-21,783,4.231275,4.25666265,4.2143499,4.2482001,10764917,53924930.6,,
2018-08-22,783,4.2482001,4.2482001,4.1974248,4.2143499,5487223,27337894.66,,
2018-08-23,783,4.2143499,4.2651252,4.1974248,4.23973755,9036011,45202831.41,,
2018-08-24,783,4.23973755,4.27358775,4.20588735,4.23973755,9194309,46082198.94,,
2018-08-27,783,4.27358775,4.3497507,4.25666265,4.3328256,18971215,96761558.6,,
2018-08-28,783,4.3159005,4.3328256,4.29051285,4.2989754,9455659,48139569.37,,
2018-08-29,783,4.2989754,4.3159005,4.2820503,4.2989754,6921443,35151888.59,,
2018-08-30,783,4.2989754,4.3159005,4.25666265,4.25666265,7423533,37544000.99,,
2018-08-31,783,4.25666265,4.29051285,4.23973755,4.27358775,10000182,50414912.46,,
2018-09-03,783,4.2482001,4.2651252,4.20588735,4.23973755,7817275,39112003.46,,
2018-09-04,783,4.23973755,4.29051285,4.231275,4.2820503,6977527,35159037.92,,
2018-09-05,783,4.2651252,4.4343762,4.25666265,4.30743795,27243536,140299822.16,,
2018-09-06,783,4.29051285,4.32436305,4.27358775,4.2820503,8350866,42385260.06,,
2018-09-07,783,4.2651252,4.3328256,4.25666265,4.2651252,8760677,44415883.66,,
2018-09-10,783,4.2651252,4.2651252,4.18896225,4.18896225,11720720,58389092.8,,
2018-09-11,783,4.1974248,4.2143499,4.17203715,4.20588735,5380424,26676458.04,,
2018-09-12,783,4.1974248,4.25666265,4.1804997,4.1974248,7322030,36468018.98,,
2018-09-13,783,4.22281245,4.2482001,4.1974248,4.23973755,7666079,38259743.58,,
2018-09-14,783,4.23973755,4.25666265,4.1804997,4.2143499,8920441,44477910.59,,
2018-09-17,783,4.1974248,4.231275,4.1804997,4.18896225,8351900,41510581.56,,
2018-09-18,783,4.1974248,4.27358775,4.18896225,4.2651252,10781653,53928996.94,,
2018-09-19,783,4.2482001,4.34128815,4.23973755,4.2989754,16512100,83779063.92,,
2018-09-20,783,4.2989754,4.30743795,4.27358775,4.2820503,8549381,43315938.06,,
2018-09-21,783,4.2820503,4.35821325,4.22281245,4.35821325,24495238,124688431.67,,
2018-09-25,783,4.3159005,4.3328256,4.2989754,4.32436305,9006115,45941400.84,,
2018-09-26,783,4.3159005,4.37513835,4.30743795,4.3328256,15511359,79598124.79,,
2018-09-27,783,4.3328256,4.3328256,4.2820503,4.2820503,8124945,41306747.87,,
2018-09-28,783,4.2820503,4.32436305,4.2820503,4.3159005,8530939,43419501.12,,
2018-10-08,783,4.2651252,4.29051285,4.1974248,4.1974248,12987786,65209421.37,,
2018-10-09,783,4.2143499,4.231275,4.1804997,4.1974248,8669000,43078927.87,,
2018-10-10,783,4.1974248,4.22281245,4.18896225,4.1974248,7444857,36959884.42,,
2018-10-11,783,4.1297244,4.1297244,3.7742973,3.7742973,26749517,123996318.23,,
2018-10-12,783,3.7742973,3.78275985,3.554271,3.63043395,23254391,100614946.4,,
2018-10-15,783,3.6558216,3.68120925,3.554271,3.56273355,9464261,40620614.44,,
2018-10-16,783,3.5711961,3.63043395,3.49503315,3.56273355,11756629,49663791.86,,
2018-10-17,783,3.6050463,3.6219714,3.52888335,3.554271,23287353,98189297.63,,
2018-10-18,783,3.5373459,3.56273355,3.47810805,3.49503315,14844455,61568155.57,,
2018-10-19,783,3.4696455,3.5881212,3.4188702,3.57965865,22453616,93389481.14,,
2018-10-22,783,3.61350885,3.93508575,3.6050463,3.93508575,44974422,204212491.82,,
2018-10-23,783,4.10433675,4.2143499,3.95201085,4.01971125,87223057,422622330.36,,
2018-10-24,783,3.93508575,4.34128815,3.93508575,4.1804997,73058448,358379365.05,,
2018-10-25,783,4.0450989,4.52746425,3.96893595,4.4682264,94566697,479020641.2,,
2018-10-26,783,4.4682264,4.49361405,4.25666265,4.2820503,68412147,352717382.28,,
2018-10-29,783,4.2989754,4.4343762,4.25666265,4.2820503,59479630,304203184.44,,
2018-10-30,783,4.2651252,4.6036272,4.13818695,4.44283875,93344899,485967663.98,,
2018-10-31,783,4.40898855,4.4682264,4.3159005,4.35821325,51825560,268140542.71,,
2018-11-01,783,4.44283875,4.76441565,4.39206345,4.51053915,105793027,573473630.74,,
2018-11-02,783,4.6544025,4.69671525,4.5190017,4.59516465,69120148,376645543.2,,
2018-11-05,783,4.5359268,4.6544025,4.5020766,4.5867021,58697226,318178446.08,,
2018-11-06,783,4.59516465,4.6882527,4.4851515,4.5528519,38754913,209508844.52,,
2018-11-07,783,4.54438935,4.5528519,4.42591365,4.44283875,34582693,182943359.67,,
2018-11-08,783,4.45976385,4.5020766,4.30743795,4.3497507,40656639,211560506.29,,
2018-11-09,783,4.37513835,4.45976385,4.3328256,4.3666758,36472274,188873065.18,,
2018-11-12,783,4.35821325,4.4513013,4.3497507,4.4513013,27664882,144172066.19,,
2018-11-13,783,4.400526,4.8067284,4.37513835,4.66286505,79798939,433221066.3,,
2018-11-14,783,4.6374774,4.739028,4.569777,4.6036272,45997983,252789257.69,,
2018-11-15,783,4.57823955,4.7898033,4.569777,4.74749055,60990723,339186966.45,,
2018-11-16,783,4.74749055,5.03521725,4.7051778,4.908279,72100684,416217983.27,,
2018-11-19,783,4.908279,5.1790806,4.8744288,5.17061805,83654189,500809252.76,,
2018-11-20,783,5.07753,5.1790806,4.88289135,4.8913539,71921909,426100157.44,,
2018-11-21,783,4.83211605,4.9929045,4.79826585,4.89981645,40016298,231107253.04,,
2018-11-22,783,4.908279,4.9421292,4.7559531,4.8236535,49966092,284936208.5,,
2018-11-23,783,4.81519095,4.86596625,4.57823955,4.6205523,41376699,229827301.25,,
2018-11-26,783,4.6205523,4.6713276,4.5528519,4.5867021,22623186,123092885.72,,
2018-11-27,783,4.6374774,4.6882527,4.5528519,4.6036272,24194160,132122024.0,,
2018-11-28,783,4.61208975,4.8913539,4.56131445,4.88289135,57594331,324567018.23,,
2018-11-29,783,4.8575037,4.95059175,4.739028,4.74749055,45802911,262034020.41,,
2018-11-30,783,4.6882527,4.8405786,4.6205523,4.78134075,52740829,294685040.6,,
2018-12-03,783,5.0606049,5.1621555,4.8913539,4.9252041,75889398,450817558.46,,
2018-12-04,783,4.908279,5.01829215,4.88289135,5.01829215,36062984,211342174.39,,
2018-12-05,783,4.91674155,4.9759794,4.86596625,4.91674155,25400590,147991164.41,,
2018-12-06,783,4.86596625,4.8913539,4.71364035,4.739028,31814038,180076225.8,,
2018-12-07,783,4.78134075,4.86596625,4.7728782,4.8067284,19875550,113066493.15,,
2018-12-10,783,4.739028,4.8236535,4.67979015,4.74749055,17064338,95731176.6,,
2018-12-11,783,4.76441565,4.78134075,4.59516465,4.6544025,32156422,177174914.22,,
2018-12-12,783,4.67979015,4.76441565,4.6544025,4.71364035,20844855,115969886.32,,
2018-12-13,783,4.7221029,4.8236535,4.66286505,4.7559531,24688223,138846660.18,,
2018-12-14,783,4.739028,4.7559531,4.59516465,4.6036272,22496735,123870884.82,,
2018-12-17,783,4.569777,4.64593995,4.54438935,4.6036272,16965378,92106674.28,,
2018-12-18,783,4.5867021,4.6544025,4.5359268,4.5528519,17656075,95668879.07,,
2018-12-19,783,4.5867021,4.59516465,4.52746425,4.52746425,12300781,66179005.68,,
2018-12-20,783,4.5190017,4.6205523,4.49361405,4.57823955,24603928,132668739.46,,
2018-12-21,783,4.5528519,4.57823955,4.47668895,4.52746425,16577150,88766848.51,,
2018-12-24,783,4.52746425,4.5528519,4.40898855,4.42591365,21419684,113158151.17,,
2018-12-25,783,4.3836009,4.3836009,4.1297244,4.27358775,33262531,166202410.3,,
2018-12-26,783,4.2651252,4.2989754,4.18896225,4.231275,16346036,81842721.46,,
2018-12-27,783,4.2989754,4.3497507,4.231275,4.23973755,16985176,86281015.12,,
2018-12-28,783,4.23973755,4.44283875,4.23973755,4.35821325,22487540,115611434.29,,
2019-01-02,783,4.3666758,4.400526,4.29051285,4.32436305,14509860,74357259.12,,
2019-01-03,783,4.32436305,4.7221029,4.32436305,4.54438935,53269287,287488868.73,,
2019-01-04,783,4.4682264,4.9929045,4.4682264,4.89981645,87504887,493149671.52,,
2019-01-07,783,4.8913539,4.93366665,4.8067284,4.81519095,60767968,348197797.73,,
2019-01-08,783,4.8236535,4.91674155,4.71364035,4.8236535,45714107,260887260.16,,
2019-01-09,783,4.83211605,4.9421292,4.7898033,4.7898033,43765834,250796617.89,,
2019-01-10,783,4.74749055,4.78134075,4.67979015,4.69671525,31289340,174845321.85,,
2019-01-11,783,4.7221029,4.78134075,4.6544025,4.71364035,22099019,122889052.08,,
2019-01-14,783,4.73056545,4.76441565,4.6882527,4.7051778,19027034,106265937.19,,
2019-01-15,783,4.7051778,4.95059175,4.7051778,4.8913539,57097809,328553155.22,,
2019-01-16,783,4.89981645,4.89981645,4.7898033,4.81519095,27904487,159362751.5,,
2019-01-17,783,4.79826585,4.8236535,4.7051778,4.7221029,24191683,136018190.31,,
2019-01-18,783,4.73056545,4.7898033,4.71364035,4.76441565,21239501,119371474.76,,
2019-01-21,783,4.76441565,4.7898033,4.64593995,4.6713276,36451709,202803162.32,,
2019-01-22,783,4.6713276,4.7051778,4.569777,4.5867021,29308048,160631722.47,,
2019-01-23,783,4.5528519,4.62901485,4.5528519,4.5867021,12699134,68834666.53,,
2019-01-24,783,4.62901485,4.7051778,4.5867021,4.67979015,28748197,158450029.68,,
2019-01-25,783,4.67979015,4.73056545,4.6374774,4.6544025,23010797,127590942.22,,
2019-01-28,783,4.73056545,4.79826585,4.6374774,4.6713276,23994990,133670442.8,,
2019-01-29,783,4.6544025,4.6544025,4.47668895,4.57823955,21213325,114360806.16,,
2019-01-30,783,4.569777,4.6036272,4.4851515,4.49361405,12287790,65964680.46,,
2019-01-31,783,4.49361405,4.569777,4.4513013,4.5020766,17032252,90848956.99,,
2019-02-01,783,4.5528519,4.59516465,4.52746425,4.59516465,20767844,111926520.04,,
2019-02-11,783,4.6036272,4.6713276,4.57823955,4.66286505,18652470,101978322.52,,
2019-02-12,783,4.67979015,4.739028,4.6374774,4.7051778,20377094,112844294.22,,
2019-02-13,783,4.69671525,4.8913539,4.67979015,4.88289135,56073180,319765395.05,,
2019-02-14,783,4.84904115,4.93366665,4.79826585,4.8744288,40761730,235313230.05,,
2019-02-15,783,4.8575037,5.0436798,4.8405786,4.89981645,61444697,360046781.17,,
2019-02-18,783,4.9252041,5.25524355,4.9252041,5.2298559,84768817,511938743.13,,
2019-02-19,783,5.246781,5.4837324,5.1790806,5.37371925,95179519,601476265.0,,
2019-02-20,783,5.3144814,5.44141965,5.25524355,5.35679415,45589315,286993483.77,,
2019-02-21,783,5.32294395,5.6022081,5.2806312,5.33986905,83196683,533393327.64,,
2019-02-22,783,5.3821818,5.8730097,5.3144814,5.86454715,149853535,995831814.61,,
2019-02-25,783,6.0761109,6.4484631,5.96609775,6.4484631,194283475,1435281448.85,,
2019-02-26,783,6.59232645,6.7531149,6.262287,6.262287,183224585,1405429981.34,,
2019-02-27,783,6.18612405,6.44000055,6.0422607,6.16919895,113168236,832079176.89,,
2019-02-28,783,6.1776615,6.20304915,5.9068599,5.94917265,90598138,641106094.95,,
2019-03-01,783,6.0253356,6.21997425,5.91532245,6.11842365,84360280,605380993.61,,
2019-03-04,783,6.1607364,6.5161635,6.0591858,6.21997425,127031894,939996278.72,,
2019-03-05,783,6.13534875,6.23689935,6.093036,6.2115117,65195873,475316914.41,,
2019-03-06,783,6.20304915,6.5669388,6.1776615,6.50770095,137401623,1032648948.09,,
2019-03-07,783,6.52462605,7.1593173,6.431538,6.94775355,220673042,1772494391.05,,
2019-03-08,783,6.5669388,6.71080215,6.25382445,6.25382445,174486177,1331713083.69,,
2019-03-11,783,6.2453619,6.42307545,6.10149855,6.3299874,94041176,697637881.43,,
2019-03-12,783,6.3976878,6.59232645,6.33844995,6.4146129,89182365,680724096.85,,
2019-03-13,783,6.45692565,6.600789,6.262287,6.38922525,100665020,764580748.52,,
2019-03-14,783,6.28767465,6.47385075,6.093036,6.13534875,77448009,570942214.56,,
2019-03-15,783,6.1776615,6.32152485,6.1607364,6.23689935,55888882,412011422.62,,
2019-03-18,783,6.25382445,6.38922525,6.15227385,6.35537505,58481149,433759939.07,,
2019-03-19,783,6.35537505,6.40615035,6.27074955,6.2961372,44930656,336798520.22,,
2019-03-20,783,6.28767465,6.47385075,6.2792121,6.38922525,73459231,553182353.6,,
2019-03-21,783,6.37230015,6.64310175,6.30459975,6.45692565,100450790,771437850.56,,
2019-03-22,783,6.44000055,6.50770095,6.25382445,6.4146129,61813151,466761678.12,,
2019-03-25,783,6.25382445,6.38922525,6.20304915,6.2115117,56555241,420393628.65,,
2019-03-26,783,6.23689935,6.27074955,5.93224755,5.9745603,61307359,441801613.11,,
2019-03-27,783,6.0253356,6.06764835,5.9407101,5.98302285,44254420,314050008.89,,
2019-03-28,783,5.96609775,6.08457345,5.88147225,5.94917265,35147058,248761371.58,,
2019-03-29,783,5.9914854,6.38922525,5.98302285,6.37230015,95742587,705465791.48,,
2019-04-01,783,6.44000055,6.66002685,6.37230015,6.50770095,102386271,789606598.51,,
2019-04-02,783,6.57540135,6.72772725,6.49077585,6.5330886,90975959,711496975.95,,
2019-04-03,783,6.50770095,6.9900663,6.49077585,6.94775355,154109515,1238979829.93,,
2019-04-04,783,6.94775355,7.0916169,6.82927785,6.9731412,121632461,997964909.04,,
2019-04-08,783,7.0069914,7.16777985,6.71080215,6.8377404,111774907,915710755.47,,
2019-04-09,783,6.88005315,7.0069914,6.74465235,6.89697825,70929743,575781114.57,,
2019-04-10,783,6.9054408,6.9562161,6.59232645,6.77004,94117813,750310387.19,,
2019-04-11,783,6.74465235,6.81235275,6.5669388,6.5838639,53322544,419895251.73,,
2019-04-12,783,6.5669388,6.7023396,6.52462605,6.60925155,45211034,352915369.97,,
2019-04-15,783,6.8208153,6.84620295,6.35537505,6.3976878,68799343,537960366.82,,
2019-04-16,783,6.3807627,6.7192647,6.3469125,6.7023396,75765036,587551629.18,,
2019-04-17,783,6.66002685,6.7192647,6.5838639,6.62617665,44228327,347046314.16,,
2019-04-18,783,6.600789,6.67695195,6.5330886,6.5838639,30815095,240495674.33,,
2019-04-19,783,6.59232645,6.7023396,6.47385075,6.6346392,42499070,331192459.4,,
2019-04-22,783,6.6854145,6.7192647,6.431538,6.44000055,45759699,354209895.07,,
2019-04-23,783,6.4146129,6.74465235,6.4146129,6.5669388,77692945,604964902.36,,
2019-04-24,783,6.57540135,6.7361898,6.55847625,6.7361898,73580368,578717623.17,,
2019-04-25,783,6.7192647,6.81235275,6.431538,6.4653882,70485593,552238342.28,,
2019-04-26,783,6.4653882,6.74465235,6.44000055,6.66002685,77721526,607368615.26,,
2019-04-29,783,6.64310175,6.6684894,6.05072325,6.30459975,76229455,575708293.4,,
2019-04-30,783,6.2961372,6.7361898,6.262287,6.6684894,88299677,686950321.7,,
2019-05-06,783,6.3976878,6.57540135,6.0084105,6.0253356,97088209,721186317.55,,
2019-05-07,783,6.1099611,6.3976878,6.1099611,6.33844995,99227815,739699984.59,,
2019-05-08,783,6.1776615,6.47385075,6.10149855,6.262287,63572454,473939351.88,,
2019-05-09,783,6.2792121,6.8546655,6.21997425,6.6177141,131436331,1027711675.63,,
2019-05-10,783,6.77850255,7.01545395,6.55847625,6.91390335,154322820,1243763892.76,,
2019-05-13,783,6.7192647,6.7869651,6.57540135,6.66002685,83642437,659896850.51,,
2019-05-14,783,6.55847625,6.7192647,6.37230015,6.3807627,100659300,780871530.75,,
2019-05-15,783,6.4653882,6.55847625,6.3976878,6.50770095,67783515,518970848.85,,
2019-05-16,783,6.49077585,6.54155115,6.38922525,6.4992384,47586902,363898646.82,,
2019-05-17,783,6.52462605,6.5330886,6.0253356,6.08457345,93877873,690572974.9,,
2019-05-20,783,6.0253356,6.23689935,6.0084105,6.1268862,43787592,316738461.66,,
2019-05-21,783,6.1268862,6.2453619,6.093036,6.1776615,37801523,275670647.14,,
2019-05-22,783,6.16919895,6.16919895,6.0084105,6.0422607,35479301,254764157.58,,
2019-05-23,783,6.0084105,6.13534875,5.93224755,6.0084105,31451113,224732763.84,,
2019-05-24,783,6.03379815,6.08457345,5.94917265,5.98302285,23739095,168803672.62,,
2019-05-27,783,5.98302285,6.1945866,5.9745603,6.1438113,37706933,272265915.54,,
2019-05-28,783,6.13534875,6.21997425,6.093036,6.16919895,33097723,240343339.17,,
2019-05-29,783,6.11842365,6.2284368,6.10149855,6.1268862,28762494,209213307.38,,
2019-05-30,783,6.10149855,6.1268862,6.0253356,6.0591858,20938720,149954590.85,,
2019-05-31,783,6.1099611,6.11842365,6.0422607,6.05072325,17086017,122671674.56,,
2019-06-03,783,6.0761109,6.1776615,6.03379815,6.06764835,23178672,166987828.08,,
2019-06-04,783,6.03379815,6.06764835,5.94917265,5.9914854,23529996,166769540.21,,
2019-06-05,783,6.06764835,6.093036,6.0084105,6.0084105,22373938,159894819.58,,
2019-06-06,783,6.01687305,6.093036,5.9745603,6.0084105,26709483,190765211.18,,
2019-06-10,783,5.96609775,6.05072325,5.7376089,5.84762205,31146188,215951438.5,,
2019-06-11,783,5.83069695,6.16919895,5.83069695,6.13534875,46027230,329667788.13,,
2019-06-12,783,6.13534875,6.21997425,6.08457345,6.1268862,26559166,192594369.78,,
2019-06-13,783,6.11842365,6.1945866,6.08457345,6.1438113,24193650,175774209.82,,
2019-06-14,783,6.1607364,6.1776615,5.99994795,6.01687305,26485999,190725160.66,,
2019-06-17,783,6.0253356,6.093036,6.01687305,6.05072325,14076214,100810130.17,,
2019-06-18,783,6.08457345,6.093036,5.9745603,6.03379815,15052054,107166476.18,,
2019-06-19,783,6.3469125,6.45692565,6.10149855,6.11842365,43582713,321796095.22,,
2019-06-20,783,6.11842365,6.6177141,6.0761109,6.431538,89442536,673386312.54,,
2019-06-21,783,6.44000055,6.6177141,6.44000055,6.5161635,70216494,541482426.03,,
2019-06-24,783,6.5330886,6.6177141,6.4653882,6.49077585,31657148,244051389.34,,
2019-06-25,783,6.49077585,6.54155115,6.32152485,6.50770095,40383626,307810216.06,,
2019-06-26,783,6.38922525,6.47385075,6.32152485,6.3976878,22735136,171903846.18,,
2019-06-27,783,6.431538,6.57540135,6.42307545,6.431538,36113243,277036763.81,,
2019-06-28,783,6.44000055,6.64310175,6.40615035,6.60925155,63312463,490457162.6,,
2019-07-01,783,6.9054408,6.9223659,6.6515643,6.7023396,74426663,592112851.72,,
2019-07-02,783,6.67695195,6.6854145,6.5838639,6.62617665,38164513,299110535.24,,
2019-07-03,783,6.54155115,6.5838639,6.44000055,6.5330886,29196042,224430704.59,,
2019-07-04,783,6.5330886,6.62617665,6.4823133,6.4992384,24816737,191850899.35,,
2019-07-05,783,6.49077585,6.5669388,6.4653882,6.55847625,19745282,152380302.92,,
2019-07-08,783,6.5161635,6.5330886,6.262287,6.35537505,34508574,260662984.75,,
2019-07-09,783,6.3807627,6.4653882,6.3299874,6.44000055,21119607,159894932.85,,
2019-07-10,783,6.45692565,6.4653882,6.30459975,6.3469125,23803316,178944348.49,,
2019-07-11,783,6.37230015,6.44000055,6.27074955,6.3130623,22508569,168864094.43,,
2019-07-12,783,6.3469125,6.4146129,6.28767465,6.3638376,16624697,125034298.72,,
2019-07-15,783,6.35535488,6.62687872,6.3214144,6.60142336,50253512,385944564.32,,
2019-07-16,783,6.55051264,6.62687872,6.54202752,6.58445312,28792097,223616172.0,,
2019-07-17,783,6.6183936,6.76264064,6.6183936,6.67778944,49928637,394323933.97,,
2019-07-18,783,6.6183936,6.7032448,6.54202752,6.58445312,31589318,246986384.78,,
2019-07-19,783,6.7032448,6.788096,6.65233408,6.72021504,37971461,300928409.18,,
2019-07-22,783,6.7456704,6.77112576,6.4486912,6.49960192,35579047,275912224.73,,
2019-07-23,783,6.56748288,6.80506624,6.56748288,6.7456704,59007510,467341800.44,,
2019-07-24,783,6.77961088,6.83900672,6.68627456,6.69475968,45349474,361231227.27,,
2019-07-25,783,6.68627456,6.98325376,6.68627456,6.94082816,79941950,647448401.17,,
2019-07-26,783,6.86446208,6.90688768,6.81355136,6.88143232,37336188,301734674.83,,
2019-07-29,783,6.77112576,6.77112576,6.4062656,6.45717632,101491808,779270183.21,,
2019-07-30,783,6.4486912,6.5335424,6.38081024,6.43172096,53071454,403277820.13,,
2019-07-31,783,6.39778048,6.4062656,6.29595904,6.31292928,41896739,312518433.26,,
2019-08-01,783,6.2789888,6.34686976,6.25353344,6.29595904,24828966,184126453.89,,
2019-08-02,783,6.16868224,6.18565248,5.99897984,6.0244352,49338651,354754889.63,,
2019-08-05,783,6.03292032,6.151712,5.99897984,6.00746496,26018868,185858924.92,,
2019-08-06,783,5.8971584,6.0668608,5.78685184,6.01595008,38747760,270524977.91,,
2019-08-07,783,6.03292032,6.04989056,5.8971584,5.90564352,21263410,149284035.26,,
2019-08-08,783,6.04140544,6.09231616,5.939584,5.94806912,24330915,171982883.54,,
2019-08-09,783,5.99049472,6.00746496,5.8123072,5.83776256,21441104,149122483.04,,
2019-08-12,783,5.92261376,5.9820096,5.90564352,5.97352448,19313396,135314049.35,,
2019-08-13,783,5.92261376,5.939584,5.86321792,5.8971584,12543018,87250071.26,,
2019-08-14,783,5.97352448,6.01595008,5.8971584,5.91412864,14980301,105151065.87,,
2019-08-15,783,5.69351552,5.8971584,5.66806016,5.84624768,20313574,138395394.54,,
2019-08-16,783,5.8547328,5.8971584,5.7698816,5.8123072,25933137,178389229.79,,
2019-08-19,783,5.88018816,6.10080128,5.82079232,6.10080128,50145086,354694100.27,,
2019-08-20,783,6.10080128,6.12625664,5.9820096,6.00746496,28058800,200122380.32,,
2019-08-21,783,6.00746496,6.04140544,5.96503936,5.99049472,18997101,134391753.31,,
2019-08-22,783,6.00746496,6.0244352,5.92261376,5.96503936,15025363,105546255.13,,
2019-08-23,783,5.97352448,6.0244352,5.93109888,5.95655424,15457841,108781845.65,,
2019-08-26,783,5.84624768,5.88867328,5.79533696,5.8547328,14368335,99140940.74,,
2019-08-27,783,5.8971584,6.05837568,5.8971584,5.96503936,25518072,179913534.66,,
2019-08-28,783,6.01595008,6.0244352,5.94806912,5.99049472,14039052,99010120.94,,
2019-08-29,783,5.95655424,5.9820096,5.8971584,5.93109888,13722407,96004889.79,,
2019-08-30,783,5.99897984,6.0244352,5.88018816,5.8971584,15222160,106861680.69,,
2019-09-02,783,5.8971584,6.04140544,5.8971584,6.00746496,25019550,176643991.98,,
2019-09-03,783,5.99049472,6.0244352,5.96503936,6.00746496,16364672,115537645.2,,
2019-09-04,783,5.99897984,6.10080128,5.9820096,6.0668608,34514725,245956811.86,,
2019-09-05,783,6.13474176,6.39778048,6.12625664,6.18565248,75133556,554492841.08,,
2019-09-06,783,6.2365632,6.26201856,6.13474176,6.1941376,33539597,244409550.58,,
2019-09-09,783,6.3214144,6.34686976,6.2365632,6.28747392,35296955,261457004.01,,
2019-09-10,783,6.2789888,6.38081024,6.20262272,6.31292928,37722438,279289570.66,,
2019-09-11,783,6.35535488,6.41475072,6.30444416,6.33838464,39442588,295607249.99,,
2019-09-12,783,6.36384,6.38929536,6.30444416,6.36384,26991368,202013530.42,,
2019-09-16,783,6.38081024,6.4062656,6.34686976,6.37232512,26545630,199626963.69,,
2019-09-17,783,6.32989952,6.37232512,6.16868224,6.21959296,30130452,222679911.62,,
2019-09-18,783,6.24504832,6.25353344,6.16019712,6.18565248,15285779,111717205.7,,
2019-09-19,783,6.21959296,6.2365632,6.151712,6.2365632,15656433,114310967.46,,
2019-09-20,783,6.21959296,6.24504832,6.17716736,6.24504832,18198639,133320550.34,,
2019-09-23,783,6.21110784,6.21110784,6.09231616,6.14322688,19015507,137324091.55,,
2019-09-24,783,6.14322688,6.21110784,6.09231616,6.11777152,17297546,125387952.94,,
2019-09-25,783,6.12625664,6.16868224,6.09231616,6.1092864,13711080,98973351.52,,
2019-09-26,783,6.10080128,6.14322688,5.99897984,5.99897984,18145994,129937159.8,,
2019-09-27,783,6.00746496,6.04989056,5.97352448,6.00746496,12758859,90331325.16,,
2019-09-30,783,6.01595008,6.03292032,5.93109888,5.939584,13514890,95094411.74,,
2019-10-08,783,5.91412864,5.97352448,5.8547328,5.87170304,15005689,104616296.5,,
2019-10-09,783,5.8547328,5.88867328,5.82079232,5.88018816,15911597,109733181.44,,
2019-10-10,783,5.88018816,5.93109888,5.86321792,5.8971584,13552553,94186811.32,,
2019-10-11,783,5.92261376,6.01595008,5.8547328,5.96503936,22728069,159198187.19,,
2019-10-14,783,6.0244352,6.151712,6.0244352,6.0668608,30502677,219273079.71,,
2019-10-15,783,6.09231616,6.1092864,6.0244352,6.03292032,19232815,137538537.29,,
2019-10-16,783,6.08383104,6.11777152,5.99049472,5.99897984,16450197,117126832.37,,
2019-10-17,783,5.9820096,6.04140544,5.939584,5.939584,14590215,102689398.25,,
2019-10-18,783,5.96503936,5.9820096,5.8547328,5.87170304,14361484,100072810.78,,
2019-10-21,783,5.8547328,5.86321792,5.77836672,5.84624768,11846187,81310120.22,,
2019-10-22,783,5.82927744,5.88018816,5.77836672,5.84624768,13183106,90526824.02,,
2019-10-23,783,5.83776256,5.86321792,5.80382208,5.8123072,7948416,54591723.6,,
2019-10-24,783,5.80382208,5.88867328,5.80382208,5.8547328,9055251,62383028.67,,
2019-10-25,783,5.86321792,5.91412864,5.82079232,5.91412864,11889863,82402938.32,,
2019-10-28,783,5.91412864,5.99049472,5.90564352,5.96503936,14001704,98144671.94,,
2019-10-29,783,5.95655424,5.95655424,5.8547328,5.8547328,13875571,96341888.09,,
2019-10-30,783,5.84624768,5.87170304,5.78685184,5.8123072,12250774,83990707.92,,
2019-10-31,783,5.83776256,5.87170304,5.7698816,5.77836672,12892807,88142492.9,,
2019-11-01,783,5.7698816,5.82927744,5.74442624,5.79533696,20339312,138594117.58,,
2019-11-04,783,5.77836672,5.82079232,5.7698816,5.77836672,16020143,109325345.65,,
2019-11-05,783,5.78685184,5.87170304,5.76139648,5.82079232,26110364,179154101.94,,
2019-11-06,783,5.82927744,5.82927744,5.6850304,5.71048576,20844300,141188183.69,,
2019-11-07,783,5.71048576,5.73594112,5.66806016,5.69351552,15821233,106245038.39,,
2019-11-08,783,5.71897088,5.75291136,5.62563456,5.62563456,17985233,120448173.15,,
2019-11-11,783,5.62563456,5.62563456,5.45593216,5.4729024,20248770,132008090.06,,
2019-11-12,783,5.44744704,5.49835776,5.42199168,5.46441728,13405476,86142383.71,,
2019-11-13,783,5.4729024,5.48138752,5.35411072,5.37956608,14191001,90353015.8,,
2019-11-14,783,5.36259584,5.42199168,5.35411072,5.37956608,13374882,84954463.04,,
2019-11-15,783,5.37956608,5.40502144,5.27774464,5.29471488,12231878,77033862.48,,
2019-11-18,783,5.29471488,5.39653632,5.28622976,5.3880512,13701997,86580605.21,,
2019-11-19,783,5.37108096,5.4304768,5.35411072,5.4304768,10728924,68306765.6,,
2019-11-20,783,5.4304768,5.4304768,5.32865536,5.33714048,11164076,70790784.84,,
2019-11-21,783,5.33714048,5.37108096,5.3032,5.35411072,9530190,60018682.02,,
2019-11-22,783,5.35411072,5.41350656,5.29471488,5.32017024,14465708,91125252.81,,
2019-11-25,783,5.32017024,5.35411072,5.3032,5.33714048,15785661,99076349.47,,
2019-11-26,783,5.3456256,5.3880512,5.29471488,5.3880512,23453522,147462189.08,,
2019-11-27,783,5.33714048,5.36259584,5.3032,5.32017024,14596287,91540640.75,,
2019-11-28,783,5.3032,5.32865536,5.24380416,5.2607744,13517207,84126785.75,,
2019-11-29,783,5.2607744,5.3032,5.24380416,5.29471488,12507672,77793378.74,,
2019-12-02,783,5.33714048,5.41350656,5.3032,5.32017024,22639029,142792544.58,,
2019-12-03,783,5.29471488,5.32865536,5.2607744,5.32017024,12539443,78190531.68,,
2019-12-04,783,5.3032,5.3032,5.27774464,5.3032,9526217,59395285.04,,
2019-12-05,783,5.32017024,5.36259584,5.3032,5.35411072,21324624,134079458.53,,
2019-12-06,783,5.3456256,5.35411072,5.3032,5.35411072,16321610,102577854.95,,
2019-12-09,783,5.39653632,5.40502144,5.3456256,5.35411072,16550510,104575262.0,,
2019-12-10,783,5.3456256,5.3456256,5.3032,5.31168512,14371288,90142968.9,,
2019-12-11,783,5.32865536,5.39653632,5.31168512,5.33714048,20571110,129723503.02,,
2019-12-12,783,5.33714048,5.35411072,5.31168512,5.32865536,16761736,105336272.35,,
2019-12-13,783,5.3880512,5.61714944,5.37108096,5.54078336,77806380,501062051.02,,
2019-12-16,783,5.54078336,5.63411968,5.45593216,5.59169408,70257045,458390075.43,,
2019-12-17,783,5.57472384,5.95655424,5.53229824,5.74442624,124075016,840323026.51,,
2019-12-18,783,5.71048576,5.8547328,5.69351552,5.77836672,88675007,604070324.33,,
2019-12-19,783,5.76139648,5.77836672,5.70200064,5.73594112,49049377,331463662.54,,
2019-12-20,783,5.75291136,5.939584,5.727456,5.82079232,98174144,678370856.53,,
2019-12-23,783,5.82927744,5.92261376,5.63411968,5.65108992,75050599,513881016.01,,
2019-12-24,783,5.70200064,5.71897088,5.61714944,5.71897088,38374893,256471386.83,,
2019-12-25,783,5.6850304,5.8123072,5.6426048,5.7698816,45665168,307766495.67,,
2019-12-26,783,5.75291136,5.939584,5.75291136,5.939584,71727369,494800622.83,,
2019-12-27,783,5.93109888,5.99897984,5.77836672,5.79533696,79024138,550081359.64,,
2019-12-30,783,5.73594112,6.151712,5.71048576,6.08383104,108875605,769405566.42,,
2019-12-31,783,6.05837568,6.09231616,5.99049472,6.05837568,57520082,409737902.14,,
2020-01-02,783,6.17716736,6.21959296,6.04989056,6.09231616,103055495,742895331.86,,
2020-01-03,783,6.0668608,6.13474176,5.99049472,6.03292032,61256356,437490911.14,,
2020-01-06,783,5.97352448,6.14322688,5.93109888,6.04989056,66200023,471682514.81,,
2020-01-07,783,6.08383104,6.1092864,5.9820096,6.09231616,57645133,411415789.11,,
2020-01-08,783,6.01595008,6.04140544,5.84624768,5.86321792,72275910,506448372.84,,
2020-01-09,783,5.96503936,6.00746496,5.92261376,5.97352448,43108780,303308089.64,,
2020-01-10,783,6.26201856,6.41475072,6.151712,6.16019712,189202723,1400980371.1,,
2020-01-13,783,6.1092864,6.21110784,6.04140544,6.20262272,108807413,782839943.02,,
2020-01-14,783,6.18565248,6.21110784,6.09231616,6.09231616,61201383,443990679.73,,
2020-01-15,783,6.10080128,6.18565248,6.08383104,6.12625664,52222698,378233420.83,,
2020-01-16,783,6.13474176,6.16019712,6.10080128,6.11777152,35511157,256401082.99,,
2020-01-17,783,6.151712,6.26201856,6.14322688,6.16019712,48574801,354709423.57,,
2020-01-20,783,6.151712,6.2365632,6.1092864,6.22807808,46271126,337910070.28,,
2020-01-21,783,6.18565248,6.1941376,6.04140544,6.05837568,56575409,407888956.38,,
2020-01-22,783,6.0244352,6.1092864,5.939584,6.08383104,50457361,358458303.08,,
2020-01-23,783,6.04140544,6.0668608,5.78685184,5.83776256,63747562,445675337.56,,
2020-02-03,783,5.25228928,5.25228928,5.25228928,5.25228928,11609500,71862805.0,价格异常,-13.426573426573418
2020-02-04,783,4.8365184,5.23531904,4.82803328,5.06561664,109396651,651204740.64,,
2020-02-05,783,5.08258688,5.28622976,5.0486464,5.16743808,59554115,362532844.75,,
2020-02-06,783,5.16743808,5.3032,5.091072,5.2607744,65175513,400139145.43,,
2020-02-07,783,5.26925952,5.32865536,5.2183488,5.28622976,51497021,320261043.9,,
2020-02-10,783,5.2607744,5.3880512,5.23531904,5.36259584,44163257,277501259.37,,
2020-02-11,783,5.39653632,5.46441728,5.32017024,5.3456256,45662308,289769395.6,,
2020-02-12,783,5.31168512,5.44744704,5.31168512,5.41350656,48753238,309356286.61,,
2020-02-13,783,5.3880512,5.43896192,5.3032,5.32017024,36327221,229483789.08,,
2020-02-14,783,5.28622976,5.43896192,5.27774464,5.40502144,53779182,340618811.52,,
2020-02-17,783,5.52381312,5.69351552,5.45593216,5.65957504,91703819,600516970.53,,
2020-02-18,783,5.65108992,5.71897088,5.56623872,5.63411968,60563537,402325562.13,,
2020-02-19,783,5.6426048,5.8123072,5.60866432,5.6850304,81208329,549573617.52,,
2020-02-20,783,5.70200064,6.04989056,5.65957504,6.00746496,112344464,776567786.45,,
2020-02-21,783,5.9820096,6.4062656,5.95655424,6.16868224,162205515,1180716453.65,,
2020-02-24,783,6.1092864,6.22807808,6.08383104,6.13474176,99473410,720425679.58,,
2020-02-25,783,6.00746496,6.1941376,5.8547328,6.16868224,117221370,839567731.62,,
2020-02-26,783,6.07534592,6.26201856,6.0244352,6.10080128,105376546,764725294.42,,
2020-02-27,783,6.12625664,6.21959296,6.00746496,6.0668608,78244085,562433411.93,,
2020-02-28,783,5.83776256,5.95655424,5.66806016,5.71897088,76129821,521686816.3,,
2020-03-02,783,5.79533696,6.05837568,5.75291136,6.00746496,75745122,529556791.34,,
2020-03-03,783,6.1092864,6.16019712,5.94806912,6.01595008,82827301,592926385.53,,
2020-03-04,783,5.95655424,6.151712,5.94806912,6.151712,84404542,604322950.23,,
2020-03-05,783,6.26201856,6.35535488,6.10080128,6.2365632,125310359,920694690.1,,
2020-03-06,783,6.151712,6.1941376,6.04140544,6.07534592,77447122,557760386.76,,
2020-03-09,783,6.00746496,6.09231616,5.93109888,5.95655424,70564529,499338905.54,,
2020-03-10,783,5.90564352,6.43172096,5.8971584,6.26201856,139122814,1015922272.08,,
2020-03-11,783,6.30444416,6.4062656,6.16019712,6.17716736,137512851,1018997872.96,,
2020-03-12,783,6.09231616,6.46566144,6.0668608,6.46566144,225244612,1679415033.04,,
2020-03-13,783,6.1941376,6.68627456,6.16019712,6.60142336,241180152,1825551486.93,,
2020-03-16,783,6.37232512,6.49960192,5.939584,5.95655424,191063514,1403897058.89,,
2020-03-17,783,6.08383104,6.14322688,5.71048576,5.92261376,102845337,719696770.9,,
2020-03-18,783,5.95655424,6.01595008,5.6001792,5.6001792,100122924,688282180.5,,
2020-03-19,783,5.5577536,5.75291136,5.4304768,5.63411968,84767318,558666289.7,,
2020-03-20,783,5.66806016,5.70200064,5.50684288,5.60866432,57504520,379432971.13,,
2020-03-23,783,5.4304768,5.5577536,5.32017024,5.37956608,50341520,323195549.48,,
2020-03-24,783,5.50684288,5.53229824,5.36259584,5.53229824,55345600,356720327.58,,
2020-03-25,783,5.66806016,5.69351552,5.58320896,5.63411968,45944289,304988425.58,,
2020-03-26,783,5.58320896,5.65108992,5.5577536,5.57472384,27679373,182507324.03,,
2020-03-27,783,5.63411968,5.71897088,5.54078336,5.57472384,39375124,260888519.55,,
2020-03-30,783,5.49835776,5.52381312,5.4304768,5.46441728,35748592,230790222.62,,
2020-03-31,783,5.52381312,5.53229824,5.3880512,5.42199168,26710338,171850004.79,,
2020-04-01,783,5.40502144,5.48987264,5.33714048,5.36259584,30075282,191655453.0,,
2020-04-02,783,5.32017024,5.4304768,5.29471488,5.42199168,29860961,189082484.33,,
2020-04-03,783,5.41350656,5.42199168,5.31168512,5.33714048,21303635,134765147.07,,
2020-04-07,783,5.43896192,5.54078336,5.40502144,5.50684288,45635043,294121427.66,,
2020-04-08,783,5.4729024,5.50684288,5.44744704,5.48987264,24452321,157811948.15,,
2020-04-09,783,5.54078336,5.62563456,5.515328,5.53229824,37040629,243150515.72,,
2020-04-10,783,5.52381312,5.54078336,5.40502144,5.41350656,27975723,180047605.47,,
2020-04-13,783,5.3880512,5.39653632,5.32865536,5.35411072,16098555,101726404.16,,
2020-04-14,783,5.3880512,5.515328,5.37108096,5.4729024,30810447,197450011.68,,
2020-04-15,783,5.46441728,5.54078336,5.4304768,5.45593216,30940910,199768963.76,,
2020-04-16,783,5.43896192,5.54078336,5.41350656,5.48138752,29268208,189123431.78,,
2020-04-17,783,5.50684288,5.53229824,5.45593216,5.46441728,27015217,174894155.54,,
2020-04-20,783,5.4729024,5.49835776,5.42199168,5.43896192,23139249,148606859.78,,
2020-04-21,783,5.42199168,5.42199168,5.31168512,5.33714048,26707161,168437057.82,,
2020-04-22,783,5.32017024,5.37956608,5.28622976,5.36259584,18109497,113623552.01,,
2020-04-23,783,5.37108096,5.37108096,5.31168512,5.31168512,14927339,93923869.64,,
2020-04-24,783,5.31168512,5.32865536,5.22683392,5.24380416,19377909,120595018.3,,
2020-04-27,783,5.24380416,5.31168512,5.22683392,5.23531904,13249852,82326378.21,,
2020-04-28,783,5.26925952,5.32865536,5.18440832,5.28622976,20875664,129671922.7,,
2020-04-29,783,5.26925952,5.32865536,5.25228928,5.27774464,15559034,97078004.6,,
2020-04-30,783,5.32865536,5.41350656,5.31168512,5.40502144,32748092,207254168.02,,
2020-05-06,783,5.31168512,5.43896192,5.3032,5.41350656,31106842,196605719.83,,
2020-05-07,783,5.41350656,5.46441728,5.36259584,5.36259584,23756709,151184189.99,,
2020-05-08,783,5.40502144,5.54078336,5.3880512,5.46441728,40139567,258656609.7,,
2020-05-11,783,5.49835776,5.52381312,5.41350656,5.45593216,23670596,152630523.96,,
2020-05-12,783,5.48987264,5.50684288,5.40502144,5.4304768,16423039,105416509.95,,
2020-05-13,783,5.40502144,5.45593216,5.3880512,5.43896192,11911478,76165649.61,,
2020-05-14,783,5.41350656,5.4304768,5.35411072,5.35411072,15785996,100192885.27,,
2020-05-15,783,5.3880512,5.41350656,5.3456256,5.36259584,13013907,82560517.41,,
2020-05-18,783,5.35411072,5.39653632,5.3456256,5.3456256,12452980,78783808.79,,
2020-05-19,783,5.39653632,5.41350656,5.36259584,5.37956608,14425773,91550716.63,,
2020-05-20,783,5.39653632,5.43896192,5.36259584,5.39653632,15235864,96878959.68,,
2020-05-21,783,5.39653632,5.40502144,5.32017024,5.33714048,13908129,87872037.58,,
2020-05-22,783,5.33714048,5.35411072,5.2183488,5.22683392,21959412,136306252.61,,
2020-05-25,783,5.23531904,5.2607744,5.19289344,5.20137856,11125707,68507077.01,,
2020-05-26,783,5.22683392,5.24380416,5.20986368,5.24380416,10279006,63383462.77,,
2020-05-27,783,5.26925952,5.26925952,5.19289344,5.20986368,10113901,62319111.49,,
2020-05-28,783,5.23531904,5.32865536,5.20986368,5.26925952,19625587,122034091.12,,
2020-05-29,783,5.25228928,5.3032,5.22683392,5.3032,12090216,75129698.74,,
2020-06-01,783,5.42199168,5.50684288,5.3880512,5.4729024,48364723,310938909.09,,
2020-06-02,783,5.4902788,5.51634025,5.44684305,5.46421735,26765868,168711967.24,,
2020-06-03,783,5.4902788,5.5076531,5.4034073,5.41209445,21850164,137225411.28,,
2020-06-04,783,5.4381559,5.4555302,5.386033,5.39472015,15818462,98579922.1,,
2020-06-05,783,5.42946875,5.4555302,5.37734585,5.4555302,21273857,132828342.28,,
2020-06-08,783,5.46421735,5.4729045,5.4034073,5.4207816,17234820,107927433.86,,
2020-06-09,783,5.4207816,5.4729045,5.4034073,5.4381559,20243972,126942245.0,,
2020-06-10,783,5.4381559,5.44684305,5.3686587,5.44684305,22352103,139116353.9,,
2020-06-11,783,5.41209445,5.49896595,5.39472015,5.4729045,40444118,253878942.66,,
2020-06-12,783,5.4034073,5.5076531,5.37734585,5.49896595,31297229,196503354.99,,
2020-06-15,783,5.5771503,6.0462564,5.5771503,5.70745755,106718479,712146227.16,,
2020-06-16,783,5.70745755,5.75958045,5.6640218,5.733519,55235409,362878450.01,,
2020-06-17,783,5.733519,5.733519,5.5771503,5.65533465,38471020,250313129.56,,
2020-06-18,783,5.6466475,5.75958045,5.6118989,5.70745755,41969558,275472131.38,,
2020-06-19,783,5.67270895,5.9246363,5.6640218,5.89857485,82042661,550799313.92,,
2020-06-22,783,5.84645195,6.19393795,5.8203905,6.0462564,102552974,713746634.62,,
2020-06-23,783,6.0115078,6.0983793,5.93332345,6.08969215,57751613,401177461.68,,
2020-06-24,783,6.10706645,6.1678765,5.98544635,5.9941335,39169950,272813317.02,,
2020-06-29,783,5.907262,5.907262,5.6466475,5.70745755,60029047,398531518.19,,
2020-06-30,783,5.75958045,5.93332345,5.7161447,5.8551391,45538146,305146211.09,,
2020-07-01,783,5.86382625,5.9767592,5.8030162,5.9767592,45875644,311434257.54,,
2020-07-02,783,5.9767592,6.38505525,5.93332345,6.3589938,123233787,881280887.67,,
2020-07-03,783,6.3763681,6.94972,6.3763681,6.8802228,184930284,1412046808.8,,
2020-07-06,783,7.0713401,7.56650765,7.0713401,7.56650765,214423270,1834794364.28,,
2020-07-07,783,7.818435,7.818435,7.297206,7.4014518,199004357,1714760635.41,,
2020-07-08,783,7.3493289,8.0790495,7.3493289,7.8531836,172062738,1530464896.68,,
2020-07-09,783,7.7315635,8.6176528,7.6273177,8.4960327,208008750,1961319134.9,,
2020-07-10,783,8.29622825,8.38309975,7.94874225,8.00086515,166028226,1562519548.03,,
2020-07-13,783,7.91399365,8.2701668,7.7315635,8.03561375,139838966,1289347749.75,,
2020-07-14,783,7.94874225,8.0616752,7.82712215,7.96611655,88806037,811330674.16,,
2020-07-15,783,8.0790495,8.1485467,7.60125625,7.644692,100782113,907603545.69,,
2020-07-16,783,7.6620663,7.93136795,7.21902165,7.30589315,119474437,1050920056.32,,
2020-07-17,783,7.4188261,7.46226185,6.9670943,7.09740155,91277441,754397897.71,,
2020-07-20,783,7.30589315,7.7315635,7.2624574,7.7141892,122367546,1065481597.55,,
2020-07-21,783,7.7315635,7.7315635,7.4014518,7.470949,82755239,717524935.56,,
2020-07-22,783,7.47963615,7.9053065,7.4362004,7.65337915,114192686,1014211110.49,,
2020-07-23,783,7.51438475,7.8010607,7.4014518,7.75762495,88004348,769604705.35,,
2020-07-24,783,7.8010607,8.0616752,7.30589315,7.49701045,137785478,1222510222.27,,
2020-07-27,783,7.39276465,7.51438475,7.2103345,7.4362004,68250491,579388929.94,,
2020-07-28,783,7.470949,7.51438475,7.1755859,7.28851885,64841627,548393922.65,,
2020-07-29,783,7.21902165,7.5404462,7.16689875,7.53175905,88000518,755222074.79,,
2020-07-30,783,7.54913335,7.54913335,7.39276465,7.39276465,56229204,482876371.0,,
2020-07-31,783,7.3667032,7.63600485,7.35801605,7.5056976,73867736,638671156.56,,
2020-08-03,783,7.5925691,7.68812775,7.5230719,7.68812775,84856617,743747951.88,,
2020-08-04,783,7.6968149,7.9748037,7.58388195,7.72287635,85321840,761421833.79,,
2020-08-05,783,7.6794406,7.7141892,7.54913335,7.63600485,50565430,443294200.93,,
2020-08-06,783,7.644692,7.8358093,7.4535747,7.77499925,80384806,705894594.27,,
2020-08-07,783,7.68812775,7.79237355,7.470949,7.6273177,78624610,690186924.12,,
2020-08-10,783,7.6099434,7.818435,7.5056976,7.68812775,82179234,727235427.55,,
2020-08-11,783,7.67075345,7.77499925,7.3145803,7.3493289,73606165,642013130.15,,
2020-08-12,783,7.297206,7.37539035,7.09740155,7.25377025,52972540,441845735.84,,
2020-08-13,783,7.2798317,7.3840775,7.21902165,7.2624574,33865096,284252193.79,,
2020-08-14,783,7.2277088,7.34064175,7.1929602,7.32326745,32713814,273471579.4,,
2020-08-17,783,7.4362004,7.84449645,7.4362004,7.7315635,110715611,978342703.94,,
2020-08-18,783,7.7315635,7.94874225,7.6968149,7.7663121,83978485,756918983.79,,
2020-08-19,783,7.7663121,7.8358093,7.58388195,7.5925691,54678009,485417284.47,,
2020-08-20,783,7.58388195,7.6273177,7.4014518,7.42751325,44039569,379932250.96,,
2020-08-21,783,7.5056976,7.60125625,7.4014518,7.5056976,43814911,377852147.77,,
2020-08-24,783,7.51438475,7.54913335,7.41013895,7.44488755,29687148,255351152.87,,
2020-08-25,783,7.470949,7.5578205,7.3840775,7.41013895,35058848,301347424.04,,
2020-08-26,783,7.39276465,7.4535747,7.23639595,7.23639595,36812269,310453753.19,,
2020-08-27,783,7.2624574,7.32326745,7.1929602,7.28851885,23782179,198778682.97,,
2020-08-28,783,7.28851885,7.5056976,7.2450831,7.47963615,36213082,308172152.13,,
2020-08-31,783,7.49701045,7.67075345,7.41013895,7.41013895,49219613,428448978.36,,
2020-09-01,783,7.41013895,7.46226185,7.3493289,7.42751325,25093629,213864970.3,,
2020-09-02,783,7.44488755,7.51438475,7.3493289,7.4535747,29472143,252096237.08,,
2020-09-03,783,7.4535747,7.54913335,7.3840775,7.39276465,27136549,232935883.39,,
2020-09-04,783,7.2798317,7.3319546,7.23639595,7.32326745,25762818,216086240.64,,
2020-09-07,783,7.297206,7.35801605,7.06265295,7.0887144,34458820,286974438.04,,
2020-09-08,783,7.123463,7.25377025,7.0713401,7.2277088,27246240,224660534.25,,
2020-09-09,783,7.13215015,7.21902165,7.0365915,7.0713401,27572409,226099626.29,,
2020-09-10,783,7.11477585,7.1582116,6.8454742,6.8628485,31415480,253817865.11,,
2020-09-11,783,6.8628485,6.94103285,6.80203845,6.92365855,20592789,163382760.73,,
2020-09-14,783,6.95840715,6.9844686,6.8802228,6.94103285,17178484,137138135.69,,
2020-09-15,783,6.9670943,6.9844686,6.9149714,6.94972,13107161,104901582.08,,
2020-09-16,783,6.9844686,7.02790435,6.8802228,6.92365855,17907062,143540687.04,,
2020-09-17,783,6.90628425,6.9323457,6.76728985,6.85416135,21274785,167875223.75,,
2020-09-18,783,6.8802228,7.14952445,6.7933513,7.11477585,48547199,390943234.91,,
2020-09-21,783,7.27114455,7.3145803,7.06265295,7.08002725,48400325,398814947.55,,
2020-09-22,783,7.0018429,7.34064175,6.9844686,7.09740155,53771647,443819825.02,,
2020-09-23,783,7.1060887,7.1582116,6.9844686,7.02790435,28388604,230478443.19,,
2020-09-24,783,7.0192172,7.11477585,6.94103285,6.94972,28054821,226193724.88,,
2020-09-25,783,6.99315575,7.0713401,6.90628425,7.0365915,29719258,239515856.69,,
2020-09-28,783,7.0365915,7.1582116,7.01053005,7.06265295,26705539,217711313.53,,
2020-09-29,783,7.08002725,7.1582116,7.0539658,7.06265295,25836630,211369197.91,,
2020-09-30,783,7.0713401,7.1060887,6.9149714,6.9670943,23167363,186638990.03,,
2020-10-09,783,7.06265295,7.1060887,7.02790435,7.0713401,17238164,140341155.13,,
2020-10-12,783,7.1060887,7.41013895,7.1060887,7.35801605,53845083,454190223.18,,
2020-10-13,783,7.297206,7.32326745,7.21902165,7.2450831,24366729,203424900.51,,
2020-10-14,783,7.2450831,7.2624574,7.1060887,7.1408373,19900527,164087545.76,,
2020-10-15,783,7.1582116,7.2450831,7.123463,7.13215015,17148725,141515184.26,,
2020-10-16,783,7.1582116,7.18427305,7.0887144,7.1408373,17519686,144011162.97,,
2020-10-19,783,7.1755859,7.23639595,7.09740155,7.1060887,20989468,172988210.32,,
2020-10-20,783,7.08002725,7.1060887,6.99315575,7.08002725,17097411,138779779.78,,
2020-10-21,783,7.0713401,7.09740155,6.95840715,7.0018429,20613135,166302916.16,,
2020-10-22,783,6.9844686,7.0713401,6.9670943,7.04527865,16024677,129340707.22,,
2020-10-23,783,7.0192172,7.0713401,6.95840715,6.9670943,13987547,113144571.63,,
2020-10-26,783,6.9323457,6.9670943,6.7586027,6.8975971,25414016,200904133.89,,
2020-10-27,783,6.83678705,6.90628425,6.7933513,6.8454742,15425563,121581037.38,,
2020-10-28,783,6.83678705,6.8802228,6.7586027,6.83678705,16332579,128228096.13,,
2020-10-29,783,6.7586027,6.90628425,6.7412284,6.85416135,21123365,165819068.37,,
2020-10-30,783,6.85416135,6.92365855,6.54142395,6.54142395,26744874,206784016.04,,
2020-11-02,783,6.59354685,6.9149714,6.59354685,6.69779265,44811648,349601095.86,,
2020-11-03,783,6.71516695,7.3667032,6.71516695,7.1755859,100083516,825001936.02,,
2020-11-04,783,7.0713401,7.08002725,6.9149714,7.0192172,58288549,470379175.91,,
2020-11-05,783,7.1060887,7.16689875,7.02790435,7.11477585,43322552,354543692.48,,
2020-11-06,783,7.11477585,7.2798317,7.08002725,7.16689875,42979642,354114388.98,,
2020-11-09,783,7.1755859,7.5056976,7.16689875,7.35801605,70656080,597275646.47,,
2020-11-10,783,7.3840775,7.60125625,7.34064175,7.3667032,67998863,582869358.55,,
2020-11-11,783,7.30589315,7.41013895,7.2450831,7.2624574,42560788,357949398.4,,
2020-11-12,783,7.32326745,7.70550205,7.3145803,7.4535747,75910112,654650534.49,,
2020-11-13,783,7.297206,7.35801605,7.21902165,7.27114455,47260823,395826809.54,,
2020-11-16,783,7.37539035,7.60125625,7.3319546,7.51438475,71269908,614046954.76,,
2020-11-17,783,7.46226185,7.4883233,7.32326745,7.4883233,48833497,416770853.43,,
2020-11-18,783,7.470949,7.67075345,7.4362004,7.51438475,57535206,501191354.46,,
2020-11-19,783,7.42751325,7.5751948,7.4014518,7.5578205,43367624,373341121.09,,
2020-11-20,783,7.5056976,7.5751948,7.3840775,7.4535747,41203028,353545126.4,,
2020-11-23,783,7.4014518,7.7489378,7.3493289,7.6099434,78146677,682627204.69,,
2020-11-24,783,7.5925691,7.6794406,7.54913335,7.5578205,54176892,474335061.63,,
2020-11-25,783,7.6099434,7.7315635,7.46226185,7.46226185,51595522,452383455.29,,
2020-11-26,783,7.46226185,7.49701045,7.3493289,7.39276465,41179937,351185184.19,,
2020-11-27,783,7.4014518,7.89661935,7.4014518,7.84449645,137851405,1225797954.95,,
2020-11-30,783,7.7663121,8.0443009,7.65337915,7.6794406,164874117,1495644530.88,,
2020-12-01,783,7.644692,7.9053065,7.5056976,7.80974785,114400994,1013650667.19,,
2020-12-02,783,7.818435,7.91399365,7.68812775,7.7315635,80080843,717143673.79,,
2020-12-03,783,7.7315635,7.7836864,7.58388195,7.6620663,64654435,571571642.46,,
2020-12-04,783,7.63600485,7.644692,7.470949,7.54913335,49777189,431991023.3,,
2020-12-07,783,7.54913335,7.58388195,7.3667032,7.37539035,39331968,337898474.63,,
2020-12-08,783,7.3840775,7.42751325,7.297206,7.3493289,31213588,264804742.99,,
2020-12-09,783,7.3840775,7.42751325,7.13215015,7.1408373,41440499,348134663.57,,
2020-12-10,783,7.1060887,7.20164735,7.08002725,7.14952445,30123480,247760717.45,,
2020-12-11,783,7.14952445,7.16689875,6.97578145,7.0539658,38714461,314438494.76,,
2020-12-14,783,7.0539658,7.09740155,7.0018429,7.0539658,20549798,166738717.14,,
2020-12-15,783,7.0539658,7.1408373,7.0192172,7.11477585,23088370,188385344.06,,
2020-12-16,783,7.13215015,7.1408373,7.04527865,7.04527865,19085846,155392712.88,,
2020-12-17,783,7.0192172,7.2103345,6.97578145,7.1755859,35827212,293206952.28,,
2020-12-18,783,7.1929602,7.32326745,7.13215015,7.1408373,33361055,277403848.07,,
2020-12-21,783,7.09740155,7.21902165,7.0192172,7.18427305,29258448,240495189.04,,
2020-12-22,783,7.14952445,7.18427305,6.8454742,6.8628485,39805563,321577051.78,,
2020-12-23,783,6.87153565,7.01053005,6.85416135,6.8975971,35562472,283060857.03,,
2020-12-24,783,6.90628425,6.9323457,6.76728985,6.80203845,27612740,217391920.31,,
2020-12-25,783,6.80203845,6.94972,6.78466415,6.90628425,22329139,176869429.67,,
2020-12-28,783,6.88890995,7.04527865,6.87153565,6.94972,26899050,215555548.04,,
2020-12-29,783,6.9670943,7.06265295,6.9149714,6.94103285,27627919,222508039.29,,
2020-12-30,783,6.9149714,7.09740155,6.90628425,7.0887144,34147020,276506431.47,,
2020-12-31,783,7.13215015,7.41013895,7.123463,7.297206,66025157,554197427.55,,
2021-01-04,783,7.3145803,7.5751948,7.2624574,7.5056976,80574118,690962740.14,,
2021-01-05,783,7.4535747,7.56650765,7.3319546,7.51438475,72795638,625027740.16,,
2021-01-06,783,7.470949,7.5578205,7.35801605,7.41013895,47437087,405987248.69,,
2021-01-07,783,7.41013895,7.818435,7.3840775,7.58388195,96318964,837993818.71,,
2021-01-08,783,7.49701045,7.54913335,7.39276465,7.470949,55207949,474205090.7,,
2021-01-11,783,7.49701045,7.5230719,7.25377025,7.297206,52908546,450629735.87,,
2021-01-12,783,7.27114455,7.6273177,7.25377025,7.58388195,86353553,741344609.13,,
2021-01-13,783,7.5925691,7.61863055,7.297206,7.3493289,64774371,554395057.17,,
2021-01-14,783,7.30589315,7.39276465,7.21902165,7.21902165,44628667,374294882.68,,
2021-01-15,783,7.2277088,7.3319546,7.123463,7.1755859,41117478,341972144.31,,
2021-01-18,783,7.14952445,7.21902165,7.08002725,7.1408373,37669786,310162340.33,,
2021-01-19,783,7.1408373,7.2277088,7.04527865,7.1060887,42412485,347821311.47,,
2021-01-20,783,7.09740155,7.1582116,7.0365915,7.04527865,31500918,256848042.07,,
2021-01-21,783,7.0539658,7.21902165,7.04527865,7.1060887,37327810,306524519.32,,
2021-01-22,783,7.0887144,7.1060887,6.94103285,6.97578145,38924865,314066972.68,,
2021-01-25,783,6.9323457,7.0192172,6.85416135,6.87153565,38646530,308011111.05,,
2021-01-26,783,6.87153565,6.90628425,6.6891055,6.7238541,35786790,279432806.48,,
2021-01-27,783,6.73254125,6.8280999,6.7064798,6.7412284,23098102,179741969.13,,
2021-01-28,783,6.69779265,6.7586027,6.64566975,6.68041835,26364091,203095545.56,,
2021-01-29,783,6.7238541,6.74991555,6.64566975,6.71516695,23158094,178514231.6,,
2021-02-01,783,6.7412284,6.76728985,6.50667535,6.5674854,32801299,249576874.32,,
2021-02-02,783,6.54142395,6.6369826,6.54142395,6.6196083,21574293,163438619.89,,
2021-02-03,783,6.602234,6.66304405,6.48930105,6.50667535,26121965,197568706.26,,
2021-02-04,783,6.48930105,6.5153625,6.1505022,6.1852508,56860807,408364373.04,,
2021-02-05,783,6.1678765,6.2199994,6.0983793,6.10706645,28641778,202881417.76,,
2021-02-08,783,6.1157536,6.15918935,6.0462564,6.0983793,22191072,156019989.2,,
2021-02-09,783,6.1331279,6.24606085,6.07231785,6.2199994,32074002,227979065.39,,
2021-02-10,783,6.24606085,6.254748,6.1678765,6.17656365,22578591,161059652.88,,
2021-02-18,783,6.28080945,6.33293235,6.2199994,6.28080945,25719893,185875109.59,,
2021-02-19,783,6.2721223,6.43717815,6.254748,6.4111167,32017442,234325386.76,,
2021-02-22,783,6.47192675,6.5848597,6.3937424,6.3937424,47758343,357310113.74,,
2021-02-23,783,6.36768095,6.4458653,6.3416195,6.3589938,24721634,181940390.21,,
2021-02-24,783,6.3763681,6.43717815,6.31555805,6.38505525,26464573,194496300.71,,
2021-02-25,783,6.4111167,6.4632396,6.33293235,6.3589938,28460629,209563577.17,,
2021-02-26,783,6.2721223,6.3589938,6.254748,6.29818375,26603600,193515288.1,,
2021-03-01,783,6.31555805,6.35030665,6.2026251,6.2373737,32934173,237362686.42,,
2021-03-02,783,6.254748,6.28080945,6.2199994,6.2199994,19022202,136712967.11,,
2021-03-03,783,6.21131225,6.3068709,6.19393795,6.29818375,22948545,165520444.16,,
2021-03-04,783,6.28080945,6.3242452,6.254748,6.28080945,25723492,186258958.77,,
2021-03-05,783,6.26343515,6.4111167,6.26343515,6.36768095,35420035,259571161.39,,
2021-03-08,783,6.41980385,6.4458653,6.2721223,6.2721223,31800276,232891987.41,,
2021-03-09,783,6.2721223,6.31555805,6.1505022,6.1505022,32400593,231973562.22,,
2021-03-10,783,6.1852508,6.2026251,6.08969215,6.0983793,27593554,194951473.1,,
2021-03-11,783,6.10706645,6.1852508,6.0983793,6.1678765,22159616,156756737.89,,
2021-03-12,783,6.15918935,6.2199994,6.0983793,6.19393795,29455972,208690940.67,,
2021-03-15,783,6.1331279,6.17656365,6.1157536,6.1331279,19702343,139248267.08,,
2021-03-16,783,6.1505022,6.15918935,6.1157536,6.14181505,15917897,112530240.73,,
2021-03-17,783,6.1331279,6.1678765,6.1157536,6.1331279,19870447,140418053.9,,
2021-03-18,783,6.14181505,6.1678765,6.10706645,6.12444075,17092619,120780850.52,,
2021-03-19,783,6.0983793,6.12444075,6.081005,6.08969215,24203609,169988768.61,,
2021-03-22,783,6.1157536,6.2026251,6.08969215,6.1852508,23684660,167945921.8,,
2021-03-23,783,6.21131225,6.24606085,6.14181505,6.2199994,24202601,172743667.12,,
2021-03-24,783,6.1852508,6.38505525,6.17656365,6.22868655,40281689,291420158.68,,
2021-03-25,783,6.2026251,6.28080945,6.1852508,6.2026251,18666571,133825411.11,,
2021-03-26,783,6.2026251,6.24606085,6.1852508,6.21131225,15182136,108558989.12,,
2021-03-29,783,6.19393795,6.3242452,6.19393795,6.254748,21998587,158745619.08,,
2021-03-30,783,6.2373737,6.24606085,6.1852508,6.19393795,16266947,116134502.75,,
2021-03-31,783,6.19393795,6.21131225,6.12444075,6.1331279,16879227,119480257.07,,
2021-04-01,783,6.1678765,6.17656365,6.1331279,6.15918935,12425075,88047244.22,,
2021-04-02,783,6.17656365,6.21131225,6.1331279,6.2026251,18530407,131739978.26,,
2021-04-06,783,6.21131225,6.2373737,6.17656365,6.21131225,14582833,104305596.88,,
2021-04-07,783,6.21131225,6.26343515,6.1852508,6.2373737,15835610,113496957.72,,
2021-04-08,783,6.2199994,6.3242452,6.2026251,6.24606085,29214198,210978856.47,,
2021-04-09,783,6.2373737,6.3068709,6.2373737,6.2894966,22473533,162402200.51,,
2021-04-12,783,6.28080945,6.29818375,6.1678765,6.17656365,16314009,117105554.8,,
2021-04-13,783,6.1678765,6.19393795,6.12444075,6.14181505,14044720,99538391.18,,
2021-04-14,783,6.1505022,6.1852508,6.1331279,6.15918935,13799893,97880644.63,,
2021-04-15,783,6.2373737,6.33293235,6.2199994,6.2721223,33606496,242804892.19,,
2021-04-16,783,6.254748,6.3068709,6.2199994,6.29818375,24338139,175686010.0,,
2021-04-19,783,6.2721223,6.43717815,6.254748,6.41980385,39529611,289662506.83,,
2021-04-20,783,6.4111167,6.41980385,6.3068709,6.33293235,25503299,186598180.27,,
2021-04-21,783,6.29818375,6.3589938,6.2721223,6.29818375,14144250,102591833.9,,
2021-04-22,783,6.33293235,6.3937424,6.29818375,6.35030665,26270420,191903360.57,,
2021-04-23,783,6.3242452,6.3763681,6.3068709,6.35030665,16758971,122243129.86,,
2021-04-26,783,6.33293235,6.428491,6.2199994,6.24606085,26555787,194068471.43,,
2021-04-27,783,6.2373737,6.3242452,6.22868655,6.29818375,19433591,140385779.94,,
2021-04-28,783,6.29818375,6.31555805,6.26343515,6.3068709,15069781,109069805.53,,
2021-04-29,783,6.28080945,6.4632396,6.28080945,6.4111167,37688289,277725217.63,,
2021-04-30,783,6.4111167,6.41980385,6.24606085,6.2894966,30925960,224982072.36,,
2021-05-06,783,6.3242452,6.3763681,6.21131225,6.2199994,25414570,183672392.91,,
2021-05-07,783,6.1852508,6.22868655,6.14181505,6.1852508,19085092,136124512.45,,
2021-05-10,783,6.19393795,6.21131225,6.1331279,6.17656365,18929769,134440406.44,,
2021-05-11,783,6.15918935,6.2721223,6.1505022,6.2373737,16387114,117322340.03,,
2021-05-12,783,6.2026251,6.24606085,6.17656365,6.22868655,13512488,96578048.75,,
2021-05-13,783,6.21131225,6.24606085,6.1852508,6.19393795,11363157,81234672.11,,
2021-05-14,783,6.2026251,6.5674854,6.19393795,6.5501111,81405329,601755739.59,,
2021-05-17,783,6.45455245,6.50667535,6.3937424,6.40242955,46123147,341996177.88,,
2021-05-18,783,6.41980385,6.48930105,6.3937424,6.43717815,22168420,164097825.68,,
2021-05-19,783,6.4111167,6.45455245,6.3763681,6.38505525,19732456,145486774.33,,
2021-05-20,783,6.3763681,6.50667535,6.35030665,6.43717815,31208679,230901595.72,,
2021-05-21,783,6.4111167,6.4632396,6.36768095,6.38505525,20259863,149182489.57,,
2021-05-24,783,6.3937424,6.59354685,6.3937424,6.5501111,47633296,357683874.03,,
2021-05-25,783,6.55879825,6.7933513,6.5327368,6.7586027,69682165,538003118.81,,
2021-05-26,783,6.775977,6.9323457,6.7064798,6.71516695,71044416,556646909.16,,
2021-05-27,783,6.6891055,6.8107256,6.66304405,6.775977,40002923,310578804.83,,
2021-05-28,783,6.7412284,6.9323457,6.71516695,6.8454742,54511994,428426687.56,,
2021-05-31,783,6.81941275,6.8280999,6.69779265,6.74991555,37000876,287241253.24,,
2021-06-01,783,6.7064798,6.74991555,6.61092115,6.6543569,32018053,245385916.35,,
2021-06-02,783,6.64566975,6.71516695,6.5501111,6.5674854,24783769,188744737.55,,
2021-06-03,783,6.61092115,6.6543569,6.5153625,6.54142395,25255301,191568937.69,,
2021-06-04,783,6.52404965,6.7586027,6.50667535,6.6196083,34849103,265724508.41,,
2021-06-07,783,6.59354685,6.71516695,6.5674854,6.59354685,22389706,170616716.2,,
2021-06-08,783,6.5848597,6.68041835,6.5674854,6.61092115,23613877,179960515.09,,
2021-06-09,783,6.6196083,6.62829545,6.4806139,6.50667535,26707414,201031935.69,,
2021-06-10,783,6.48930105,6.5848597,6.4806139,6.5153625,27329477,205315531.46,,
2021-06-11,783,6.5153625,6.5327368,6.3589938,6.3937424,32818897,243187745.44,,
2021-06-15,783,6.3937424,6.41980385,6.254748,6.28080945,29036340,211653136.64,,
2021-06-16,783,6.2721223,6.3416195,6.254748,6.29818375,17864154,129539974.73,,
2021-06-17,783,6.29818375,6.33293235,6.2199994,6.2894966,21494872,155311053.82,,
2021-06-18,783,6.28080945,6.33293235,6.254748,6.3242452,22749832,165081462.24,,
2021-06-21,783,6.31555805,6.3589938,6.254748,6.29818375,21108980,153088480.18,,
2021-06-22,783,6.31555805,6.3589938,6.29818375,6.31555805,20438300,148836163.58,,
2021-06-23,783,6.3242452,6.3416195,6.2721223,6.31555805,18968536,137687072.58,,
2021-06-24,783,6.3068709,6.36768095,6.29818375,6.31555805,19772969,144106822.93,,
2021-06-25,783,6.3242452,6.4632396,6.29818375,6.4111167,42389413,312393151.53,,
2021-06-28,783,6.41980385,6.41980385,6.33293235,6.3589938,23253071,170501136.2,,
2021-06-29,783,6.3589938,6.4111167,6.3068709,6.3242452,24782810,181630119.55,,
2021-06-30,783,6.3416195,6.3763681,6.2894966,6.3589938,18890120,137795128.81,,
2021-07-01,783,6.41980385,6.45455245,6.22868655,6.2373737,26424077,193057700.31,,
2021-07-02,783,6.21131225,6.2373737,6.1331279,6.1505022,23312073,165817393.64,,
2021-07-05,783,6.14181505,6.15918935,6.10706645,6.1505022,17080700,120522637.0,,
2021-07-06,783,6.15918935,6.21131225,6.12444075,6.17656365,17422574,123657919.53,,
2021-07-07,783,6.17656365,6.21131225,6.1505022,6.1852508,14203303,101177581.23,,
2021-07-08,783,6.2199994,6.2373737,6.14181505,6.1505022,17848096,126847806.48,,
2021-07-09,783,6.1331279,6.1852508,6.12444075,6.15918935,14562652,103228845.52,,
2021-07-12,783,6.2199994,6.28080945,6.17656365,6.2199994,28515345,204487193.03,,
2021-07-13,783,6.2199994,6.254748,6.19393795,6.24606085,17361655,124576587.61,,
2021-07-14,783,6.254748,6.2721223,6.1852508,6.19393795,18300880,130961888.83,,
2021-07-15,783,6.2026251,6.254748,6.1852508,6.22868655,18914515,135376969.69,,
2021-07-16,783,6.26343515,6.3242452,6.2199994,6.26343515,24517051,176659029.97,,
2021-07-19,783,6.2373737,6.26343515,6.1678765,6.26343515,20075454,143800934.58,,
2021-07-20,783,6.26343432,6.2989212,6.22794744,6.28117776,16207092,114558002.6,,
2021-07-21,783,6.28117776,6.3432798,6.2545626,6.29004948,22484443,159424699.63,,
2021-07-22,783,6.28117776,6.39651012,6.26343432,6.36102324,30754888,219928902.89,,
2021-07-23,783,6.36989496,6.5207142,6.32553636,6.41425356,43138885,312535691.5,,
2021-07-26,783,6.431997,6.49409904,6.28117776,6.2989212,46250418,332807864.96,,
2021-07-27,783,6.33440808,6.35215152,6.20133228,6.20133228,32501950,229966016.48,,
2021-07-28,783,6.17471712,6.24569088,6.01502616,6.0771282,35357357,245134229.31,,
2021-07-29,783,6.13035852,6.26343432,6.10374336,6.20133228,29865440,208297151.03,,
2021-07-30,783,6.18358884,6.18358884,6.08599992,6.1214868,19694856,135846518.08,,
2021-08-02,783,6.11261508,6.35215152,5.93518068,6.2545626,48213936,334109366.15,,
2021-08-03,783,6.210204,6.35215152,6.17471712,6.2545626,36529609,257960526.14,,
2021-08-04,783,6.2545626,6.27230604,6.210204,6.23681916,19114626,134401172.06,,
2021-08-05,783,6.21907572,6.27230604,6.14810196,6.15697368,19697461,137707314.59,,
2021-08-06,783,6.19246056,6.20133228,6.09487164,6.13035852,19771118,137007788.62,,
2021-08-09,783,6.10374336,6.26343432,6.10374336,6.210204,29539676,206932123.05,,
2021-08-10,783,6.19246056,6.2989212,6.1658454,6.29004948,31386013,220939692.51,,
2021-08-11,783,6.29004948,6.3432798,6.26343432,6.26343432,24125312,171286246.54,,
2021-08-12,783,6.26343432,6.28117776,6.22794744,6.2545626,16061329,113227443.83,,
2021-08-13,783,6.24569088,6.29004948,6.20133228,6.23681916,15305871,107632269.62,,
2021-08-16,783,6.2545626,6.42312528,6.24569088,6.3432798,41561163,297127794.02,,
2021-08-17,783,6.31666464,6.65379,6.31666464,6.46748388,95564822,702741862.31,,
2021-08-18,783,6.44086872,6.84896784,6.41425356,6.7868658,122559032,922135592.45,,
2021-08-19,783,6.6981486,6.85783956,6.57394452,6.60055968,92044858,692400177.05,,
2021-08-20,783,6.55620108,6.68927688,6.53845764,6.64491828,56464650,420796513.53,,
2021-08-23,783,6.68927688,6.71589204,6.5650728,6.57394452,55511481,413537156.3,,
2021-08-24,783,6.5650728,6.70702032,6.51184248,6.68040516,69340518,517727297.37,,
2021-08-25,783,6.6094314,6.71589204,6.59168796,6.65379,38834203,290674315.75,,
2021-08-26,783,6.63604656,6.73363548,6.59168796,6.63604656,48617866,364787284.59,,
2021-08-27,783,6.6094314,6.68040516,6.57394452,6.61830312,38048553,283908668.59,,
2021-08-30,783,6.65379,6.68927688,6.48522732,6.5207142,45938641,340284596.28,,
2021-08-31,783,6.5207142,6.6981486,6.46748388,6.63604656,49927378,370393310.22,,
2021-09-01,783,6.6094314,6.97317192,6.6094314,6.85783956,103898049,796444419.73,,
2021-09-02,783,6.85783956,6.95542848,6.80460924,6.9199416,81209603,630722715.62,,
2021-09-03,783,7.2748104,7.4078862,7.01753052,7.0530174,147767621,1193578373.95,,
2021-09-06,783,7.0530174,7.28368212,7.0086588,7.1417346,96084745,777270909.89,,
2021-09-07,783,7.11511944,7.19496492,7.0086588,7.15947804,83758033,669588969.81,,
2021-09-08,783,7.11511944,7.2748104,7.08850428,7.10624772,79289379,640418566.71,,
2021-09-09,783,7.0086588,7.07076084,6.9643002,7.04414568,56836234,449541584.05,,
2021-09-10,783,7.08850428,7.74501156,7.07076084,7.56757716,298542256,2562088626.05,,
2021-09-13,783,7.4522448,7.56757716,7.30142556,7.4078862,173587783,1451187137.7,,
2021-09-14,783,7.4078862,7.4522448,7.07076084,7.07076084,127613673,1040983983.52,,
2021-09-15,783,7.03527396,7.17722148,7.02640224,7.08850428,78916413,631133769.59,,
2021-09-16,783,7.11511944,7.15947804,6.99091536,7.0530174,60990381,486270267.54,,
2021-09-17,783,7.07963256,7.16834976,7.03527396,7.15947804,47272134,378544949.93,,
2021-09-22,783,7.0530174,7.13286288,7.02640224,7.07963256,37516119,299411904.23,,
2021-09-23,783,7.13286288,7.22158008,7.07963256,7.15060632,48555642,391091920.12,,
2021-09-24,783,7.17722148,7.33691244,7.01753052,7.02640224,78854656,636874545.95,,
2021-09-27,783,6.97317192,7.02640224,6.72476376,6.76025064,64810016,502126819.45,,
2021-09-28,783,6.77799408,6.90219816,6.76912236,6.85783956,31080566,239759725.16,,
2021-09-29,783,6.7868658,6.84009612,6.67153344,6.75137892,38527359,293485454.3,,
2021-09-30,783,6.76912236,6.80460924,6.72476376,6.7868658,25582264,195060350.04,,
2021-10-08,783,6.875583,6.90219816,6.81348096,6.86671128,23796949,184012947.24,,
2021-10-11,783,6.90219816,6.93768504,6.80460924,6.84009612,20658176,160004545.12,,
2021-10-12,783,6.80460924,6.81348096,6.59168796,6.64491828,36060995,272132501.36,,
2021-10-13,783,6.66266172,6.7425072,6.59168796,6.68927688,20676866,155558535.45,,
2021-10-14,783,6.68927688,6.6981486,6.6094314,6.65379,17018620,127804777.5,,
2021-10-15,783,6.61830312,6.66266172,6.53845764,6.55620108,20954917,155902977.21,,
2021-10-18,783,6.57394452,6.62717484,6.53845764,6.59168796,18299569,135802096.24,,
2021-10-19,783,6.5650728,6.68040516,6.55620108,6.63604656,18799626,140661205.63,,
2021-10-20,783,6.65379,6.68040516,6.6094314,6.63604656,15035748,112560078.56,,
2021-10-21,783,6.63604656,6.6981486,6.5650728,6.58281624,26146195,195299408.07,,
2021-10-22,783,6.57394452,6.65379,6.57394452,6.58281624,19650040,146290176.6,,
2021-10-25,783,6.58281624,6.68040516,6.5207142,6.66266172,35208003,261698497.09,,
2021-10-26,783,6.63604656,6.68040516,6.59168796,6.59168796,21024887,157141443.35,,
2021-10-27,783,6.58281624,6.59168796,6.36102324,6.36989496,30656901,222769137.44,,
2021-10-28,783,6.31666464,6.37876668,6.2989212,6.31666464,19109448,136519206.65,,
2021-10-29,783,6.32553636,6.44974044,6.27230604,6.42312528,28773809,206493457.79,,
2021-11-01,783,6.37876668,6.48522732,6.35215152,6.431997,21227679,153978495.78,,
2021-11-02,783,6.40538184,6.44974044,6.27230604,6.33440808,27008603,193333319.65,,
2021-11-03,783,6.35215152,6.37876668,6.31666464,6.36102324,11527272,82475803.61,,
2021-11-04,783,6.37876668,6.41425356,6.33440808,6.35215152,14537254,104177947.94,,
2021-11-05,783,6.33440808,6.36102324,6.30779292,6.31666464,14385316,102622364.8,,
2021-11-08,783,6.2989212,6.3876384,6.2989212,6.36102324,12304069,87954501.78,,
2021-11-09,783,6.36989496,6.41425356,6.33440808,6.39651012,17437255,125412236.85,,
2021-11-10,783,6.37876668,6.41425356,6.35215152,6.39651012,16227613,116684461.23,,
2021-11-11,783,6.41425356,6.54732936,6.40538184,6.51184248,33111689,242540538.16,,
2021-11-12,783,6.5207142,6.53845764,6.46748388,6.51184248,19127268,140121401.04,,
2021-11-15,783,6.51184248,6.53845764,6.46748388,6.50297076,14162055,103727803.95,,
2021-11-16,783,6.5207142,6.54732936,6.44086872,6.45861216,18222621,133392206.0,,
2021-11-17,783,6.44974044,6.50297076,6.431997,6.44974044,12463635,90680812.01,,
2021-11-18,783,6.44974044,6.4763556,6.39651012,6.39651012,13451192,97552106.66,,
2021-11-19,783,6.3876384,6.5207142,6.33440808,6.48522732,30200883,218862810.62,,
2021-11-22,783,6.45861216,6.52958592,6.431997,6.4763556,23395506,171153200.52,,
2021-11-23,783,6.48522732,6.60055968,6.44974044,6.51184248,28703619,211401075.61,,
2021-11-24,783,6.51184248,6.52958592,6.44974044,6.4763556,17508514,127905218.99,,
2021-11-25,783,6.46748388,6.53845764,6.44086872,6.4763556,15296260,111820902.68,,
2021-11-26,783,6.4763556,6.49409904,6.42312528,6.42312528,15424346,112189109.64,,
2021-11-29,783,6.35215152,6.3876384,6.31666464,6.33440808,18387759,131615139.13,,
2021-11-30,783,6.36102324,6.39651012,6.33440808,6.37876668,19737761,141533579.35,,
2021-12-01,783,6.36102324,6.44086872,6.3432798,6.42312528,26200632,189192474.42,,
2021-12-02,783,6.40538184,6.5207142,6.3876384,6.49409904,33273596,242840201.49,,
2021-12-03,783,6.50297076,6.52958592,6.44974044,6.51184248,25107371,183543821.01,,
2021-12-06,783,6.54732936,6.66266172,6.4763556,6.53845764,64398008,479062887.46,,
2021-12-07,783,6.58281624,6.63604656,6.49409904,6.5207142,33751721,248774930.84,,
2021-12-08,783,6.5207142,6.59168796,6.46748388,6.57394452,32737863,241255070.97,,
2021-12-09,783,6.55620108,6.76912236,6.53845764,6.68040516,69855970,526120259.25,,
2021-12-10,783,6.63604656,6.67153344,6.58281624,6.62717484,41806341,312095463.7,,
2021-12-13,783,6.72476376,6.7868658,6.59168796,6.61830312,57943569,436718283.98,,
2021-12-14,783,6.57394452,6.61830312,6.52958592,6.53845764,27483722,203444449.32,,
2021-12-15,783,6.53845764,6.63604656,6.52958592,6.58281624,26871266,199372317.52,,
2021-12-16,783,6.58281624,6.62717484,6.5650728,6.61830312,23414437,174239149.18,,
2021-12-17,783,6.61830312,6.6981486,6.59168796,6.6094314,39747671,297180798.72,,
2021-12-20,783,6.59168796,6.63604656,6.52958592,6.54732936,25228536,187194385.44,,
2021-12-21,783,6.54732936,6.66266172,6.52958592,6.65379,31845091,237211474.63,,
2021-12-22,783,6.65379,6.67153344,6.57394452,6.60055968,20192914,150461411.64,,
2021-12-23,783,6.60055968,6.63604656,6.58281624,6.6094314,20505878,152651306.33,,
2021-12-24,783,6.62717484,6.62717484,6.5650728,6.5650728,18775730,139467826.02,,
2021-12-27,783,6.59168796,6.62717484,6.5650728,6.6094314,19272146,143474255.78,,
2021-12-28,783,6.61830312,6.65379,6.60055968,6.65379,25514033,190659707.17,,
2021-12-29,783,6.65379,6.66266172,6.6094314,6.62717484,18213534,136056445.35,,
2021-12-30,783,6.61830312,6.6981486,6.6094314,6.67153344,28743300,215948323.54,,
2021-12-31,783,6.68040516,6.73363548,6.63604656,6.68927688,28675024,216116398.42,,
2022-01-04,783,6.6981486,6.71589204,6.64491828,6.70702032,25412746,191553135.94,,
2022-01-05,783,6.6981486,6.77799408,6.68927688,6.72476376,39047493,296526023.6,,
2022-01-06,783,6.68040516,6.77799408,6.61830312,6.64491828,50628795,382559222.67,,
2022-01-07,783,6.67153344,6.85783956,6.66266172,6.75137892,69342939,530211298.61,,
2022-01-10,783,6.7868658,6.81348096,6.68927688,6.72476376,33140079,251958086.78,,
2022-01-11,783,6.73363548,6.7868658,6.6981486,6.71589204,26480494,200962186.43,,
2022-01-12,783,6.71589204,6.73363548,6.64491828,6.6981486,28558478,215233459.24,,
2022-01-13,783,6.6981486,6.75137892,6.67153344,6.68040516,24441553,184857134.42,,
2022-01-14,783,6.63604656,6.64491828,6.431997,6.44974044,44507207,327094868.27,,
2022-01-17,783,6.431997,6.48522732,6.42312528,6.44974044,19116577,138942076.72,,
2022-01-18,783,6.44086872,6.50297076,6.40538184,6.46748388,20865362,151865330.86,,
2022-01-19,783,6.44974044,6.50297076,6.431997,6.45861216,19934663,145316024.81,,
2022-01-20,783,6.4763556,6.5650728,6.44086872,6.52958592,28907666,212136900.24,,
2022-01-21,783,6.5207142,6.53845764,6.45861216,6.48522732,18595071,136170633.43,,
2022-01-24,783,6.44974044,6.52958592,6.431997,6.51184248,23261575,170321043.92,,
2022-01-25,783,6.48522732,6.5207142,6.27230604,6.27230604,32993465,238181070.6,,
2022-01-26,783,6.27230604,6.3876384,6.21907572,6.36102324,22387870,159532508.34,,
2022-01-27,783,6.3432798,6.36989496,6.26343432,6.27230604,18810610,133481505.82,,
2022-01-28,783,6.31666464,6.33440808,6.20133228,6.20133228,24335211,171723347.52,,
2022-02-07,783,6.24569088,6.28117776,6.23681916,6.2545626,16914400,119265248.86,,
2022-02-08,783,6.23681916,6.36102324,6.23681916,6.36102324,20171503,143286264.0,,
2022-02-09,783,6.36102324,6.39651012,6.33440808,6.3876384,19993942,143670269.35,,
2022-02-10,783,6.37876668,6.40538184,6.35215152,6.3876384,13191162,94818520.4,,
2022-02-11,783,6.37876668,6.44086872,6.36102324,6.37876668,21805135,157284808.81,,
2022-02-14,783,6.35215152,6.36102324,6.26343432,6.28117776,21453039,152571907.66,,
2022-02-15,783,6.27230604,6.30779292,6.2545626,6.28117776,11591129,82074850.41,,
2022-02-16,783,6.30779292,6.33440808,6.28117776,6.2989212,9815268,69767561.97,,
2022-02-17,783,6.28117776,6.30779292,6.23681916,6.2545626,13905796,98308175.06,,
2022-02-18,783,6.23681916,6.2989212,6.21907572,6.28117776,11512412,81325263.81,,
2022-02-21,783,6.28117776,6.31666464,6.26343432,6.31666464,14788132,104869527.9,,
2022-02-22,783,6.29004948,6.2989212,6.24569088,6.2545626,14520112,102544644.98,,
2022-02-23,783,6.2545626,6.29004948,6.24569088,6.27230604,14158710,100009163.6,,
2022-02-24,783,6.24569088,6.26343432,5.988411,6.05051304,33746051,233051229.17,,
2022-02-25,783,6.09487164,6.1214868,6.05051304,6.06825648,14554036,99849013.86,,
2022-02-28,783,6.08599992,6.13035852,6.0327696,6.1214868,15705064,107737064.0,,
2022-03-01,783,6.11261508,6.13923024,6.06825648,6.13035852,14721676,101288144.0,,
2022-03-02,783,6.08599992,6.1214868,6.0771282,6.10374336,12492846,85804083.0,,
2022-03-03,783,6.10374336,6.13035852,6.08599992,6.10374336,13421501,92414458.0,,
2022-03-04,783,6.10374336,6.10374336,6.02389788,6.05051304,13252920,90422348.0,,
2022-03-07,783,6.01502616,6.05051304,5.90856552,5.92630896,24160414,162519194.0,,
2022-03-08,783,5.8996938,5.9440524,5.6779008,5.6779008,31282432,204805210.0,,
2022-03-09,783,5.7222594,5.74000284,5.31416028,5.49159468,34797540,216289814.0,,
2022-03-10,783,5.6335422,5.65128564,5.5004664,5.50933812,25149041,157954970.0,,
2022-03-11,783,5.44723608,5.66902908,5.3673906,5.61579876,31121652,192702182.0,,
2022-03-14,783,5.53595328,5.66015736,5.5004664,5.50933812,28828419,180668793.0,,
2022-03-15,783,5.50933812,5.544825,5.25205824,5.26980168,36587276,223047629.0,,
2022-03-16,783,5.35851888,5.56256844,5.26980168,5.52708156,42323650,258944032.0,,
2022-03-17,783,5.6335422,5.6779008,5.52708156,5.55369672,39022338,245795903.0,,
2022-03-18,783,5.52708156,5.64241392,5.52708156,5.59805532,21297323,134056021.97,,
2022-03-21,783,5.59805532,5.59805532,5.50933812,5.57144016,18045511,113048605.31,,
2022-03-22,783,5.51820984,5.61579876,5.51820984,5.57144016,14501842,90979641.66,,
2022-03-23,783,5.56256844,5.58031188,5.53595328,5.544825,13368504,83714533.11,,
2022-03-24,783,5.51820984,5.53595328,5.4561078,5.47385124,13885892,85871822.68,,
2022-03-25,783,5.49159468,5.52708156,5.42949264,5.43836436,12846703,79287421.66,,
2022-03-28,783,5.4117492,5.49159468,5.39400576,5.46497952,11416108,70056730.43,,
2022-03-29,783,5.46497952,5.47385124,5.40287748,5.42062092,10883742,66688159.07,,
2022-03-30,783,5.43836436,5.57144016,5.43836436,5.544825,21925039,136333630.71,,
2022-03-31,783,5.544825,5.57144016,5.50933812,5.52708156,15145187,94580296.54,,
2022-04-01,783,5.50933812,5.65128564,5.49159468,5.65128564,28015916,176510781.7,,
2022-04-06,783,5.58031188,5.66902908,5.57144016,5.66015736,21218431,134815356.89,,
2022-04-07,783,5.66015736,5.66902908,5.53595328,5.53595328,16554427,104498365.58,,
2022-04-08,783,5.57144016,5.59805532,5.47385124,5.58031188,18383342,114670176.87,,
2022-04-11,783,5.544825,5.56256844,5.4117492,5.42949264,16214465,100030605.88,,
2022-04-12,783,5.42062092,5.5891836,5.38513404,5.51820984,25775955,159607239.04,,
2022-04-13,783,5.49159468,5.57144016,5.48272296,5.5004664,19525085,121564921.02,,
2022-04-14,783,5.53595328,5.5891836,5.51820984,5.55369672,16826740,105448805.21,,
2022-04-15,783,5.52708156,5.58031188,5.49159468,5.5004664,14629979,91222230.88,,
2022-04-18,783,5.4561078,5.46497952,5.40287748,5.42949264,13863100,84884743.9,,
2022-04-19,783,5.42062092,5.4561078,5.39400576,5.42949264,11388508,69626925.98,,
2022-04-20,783,5.42949264,5.44723608,5.33190372,5.34964716,15530815,94279226.11,,
2022-04-21,783,5.323032,5.40287748,5.26980168,5.28754512,20086678,120763401.26,,
2022-04-22,783,5.2786734,5.38513404,5.26980168,5.34964716,19694641,118206094.38,,
2022-04-25,783,5.30528856,5.34964716,5.03913696,5.0568804,32731918,193444920.61,,
2022-04-26,783,5.06575212,5.09236728,4.75524192,4.78185708,32868086,182169364.24,,
2022-04-27,783,4.71088332,4.88831772,4.67539644,4.84395912,25718892,138602225.17,,
2022-04-28,783,4.82621568,4.84395912,4.66652472,4.73749848,23673990,127087355.01,,
2022-04-29,783,4.879446,5.00365008,4.82621568,4.9238046,32328711,178561468.55,,
2022-05-05,783,4.8350874,4.879446,4.80847224,4.84395912,22274811,121547442.38,,
2022-05-06,783,4.7907288,4.80847224,4.7463702,4.75524192,15732405,84693089.36,,
2022-05-09,783,4.73749848,4.80847224,4.71975504,4.7907288,18930881,101891482.42,,
2022-05-10,783,4.73749848,4.87057428,4.72862676,4.85283084,18334738,99478709.17,,
2022-05-11,783,4.8350874,4.9681632,4.8350874,4.879446,23845838,132004949.68,,
2022-05-12,783,4.86170256,4.94154804,4.82621568,4.86170256,14384115,78929530.46,,
2022-05-13,783,4.879446,4.93267632,4.86170256,4.90606116,14915780,82336334.01,,
2022-05-16,783,4.93267632,4.94154804,4.87057428,4.89718944,14517273,80143849.05,,
2022-05-17,783,4.89718944,4.90606116,4.84395912,4.90606116,11021289,60680459.67,,
2022-05-18,783,4.91493288,4.94154804,4.879446,4.90606116,16130225,89402064.45,,
2022-05-19,783,4.87057428,4.9238046,4.84395912,4.9238046,12596060,69367594.0,,
2022-05-20,783,4.9238046,5.00365008,4.9238046,4.97703492,18052555,100931075.4,,
2022-05-23,783,4.97703492,5.0125218,4.94154804,5.00365008,18037011,101144016.0,,
2022-05-24,783,5.02139352,5.03913696,4.87057428,4.87057428,17999339,100573548.94,,
2022-05-25,783,4.86170256,4.91493288,4.85283084,4.88831772,9848875,54259942.45,,
2022-05-26,783,4.91493288,5.02139352,4.87057428,4.99477836,16663648,93072050.87,,
2022-05-27,783,5.00365008,5.02139352,4.9681632,5.00365008,16645151,93851883.36,,
2022-05-30,783,5.02139352,5.03026524,4.95929148,4.98590664,14824365,83441904.74,,
2022-05-31,783,4.99477836,5.06575212,4.97703492,5.04800868,20223138,114786568.78,,
2022-06-01,783,5.03913696,5.0568804,4.95041976,5.00365008,15898724,89759497.06,,
2022-06-02,783,5.02139352,5.04800868,4.95929148,5.03913696,19515861,110080414.2,,
2022-06-06,783,5.0125218,5.11011072,4.98590664,5.08349556,23878763,136150432.7,,
2022-06-07,783,5.08349556,5.13672588,5.03913696,5.08349556,28432657,163139105.57,,
2022-06-08,783,5.0568804,5.15446932,5.0568804,5.1455976,29496088,169735445.21,,
2022-06-09,783,5.17221276,5.22544308,5.101239,5.1455976,43190631,251457722.85,,
2022-06-10,783,5.101239,5.35851888,5.0568804,5.35851888,83678426,490023135.48,,
2022-06-13,783,5.26980168,5.28754512,5.1899562,5.21657136,42830613,252427200.21,,
2022-06-14,783,5.15446932,5.4561078,5.11898244,5.43836436,64560036,384930087.97,,
2022-06-15,783,5.43836436,5.78436144,5.4117492,5.53595328,127762698,808520662.49,,
2022-06-16,783,5.57144016,5.57144016,5.38513404,5.39400576,60146027,369706895.44,,
2022-06-17,783,5.34077544,5.43836436,5.25205824,5.39400576,39930887,241155886.33,,
2022-06-20,783,5.34964716,5.40287748,5.323032,5.33190372,24921540,150263011.65,,
2022-06-21,783,5.31416028,5.3673906,5.2786734,5.31416028,24055117,144461463.33,,
2022-06-22,783,5.31416028,5.33190372,5.21657136,5.21657136,23453276,139184939.44,,
2022-06-23,783,5.21657136,5.3673906,5.20769964,5.30528856,37171226,221868842.3,,
2022-06-24,783,5.30528856,5.34077544,5.26980168,5.30528856,25470144,152342728.88,,
2022-06-27,783,5.34077544,5.35851888,5.25205824,5.26092996,31651260,189185130.62,,
2022-06-28,783,5.25205824,5.34077544,5.21657136,5.323032,24252120,143983873.84,,
2022-06-29,783,5.31416028,5.35851888,5.26092996,5.26092996,28122002,168593561.72,,
2022-06-30,783,5.29641684,5.37626232,5.24318652,5.26092996,54732820,326987446.68,,
2022-07-01,783,5.25205824,5.28754512,5.19882792,5.19882792,25312852,149300522.96,,
2022-07-04,783,5.20769964,5.25205824,5.17221276,5.24318652,17719530,104175612.44,,
2022-07-05,783,5.25205824,5.2786734,5.1899562,5.22544308,17530946,103274580.43,,
2022-07-06,783,5.21657136,5.26092996,5.17221276,5.20769964,21830199,128081384.1,,
2022-07-07,783,5.2170489,5.2544471,5.1983498,5.20769935,21598620,120779907.78,,
2022-07-08,783,5.235748,5.2544471,5.2170489,5.235748,14624940,81990216.0,,
2022-07-11,783,5.235748,5.24509755,5.15160205,5.1609516,15946972,88559092.44,,
2022-07-12,783,5.17030115,5.235748,5.1609516,5.1796507,15044100,83502863.0,,
2022-07-13,783,5.18900025,5.22639845,5.1609516,5.17030115,11775000,65397268.0,,
2022-07-14,783,5.1796507,5.1983498,5.1422525,5.1609516,12007020,66264561.2,,
2022-07-15,783,5.1609516,5.17030115,5.048757,5.048757,15204224,83429855.76,,
2022-07-18,783,5.03940745,5.15160205,5.03940745,5.1235534,12205590,66730767.6,,
2022-07-19,783,5.13290295,5.17030115,5.0861552,5.15160205,12023402,65976605.02,,
2022-07-20,783,5.1609516,5.1796507,5.15160205,5.1609516,10662661,58927449.74,,
2022-07-21,783,5.1609516,5.17030115,5.1235534,5.1235534,9350834,51464991.66,,
2022-07-22,783,5.1235534,5.1609516,5.05810655,5.11420385,13649074,74531749.74,,
2022-07-25,783,5.11420385,5.11420385,5.03940745,5.048757,9002911,48790043.57,,
2022-07-26,783,5.048757,5.11420385,5.0300579,5.0861552,8701482,47223230.94,,
2022-07-27,783,5.07680565,5.1048543,5.05810655,5.0861552,6692832,36419150.0,,
2022-07-28,783,5.1048543,5.1609516,5.09550475,5.11420385,16332399,89553795.2,,
2022-07-29,783,5.11420385,5.1422525,5.0674561,5.07680565,10893790,59442391.07,,
2022-08-01,783,5.0861552,5.09550475,5.03940745,5.07680565,9666672,52337824.92,,
2022-08-02,783,5.048757,5.05810655,4.8430669,4.8991642,26288087,138361297.05,,
2022-08-03,783,4.85241645,4.9739606,4.8243678,4.83371735,15849360,82967016.66,,
2022-08-04,783,4.87111555,4.88981465,4.79631915,4.8430669,12081583,62581988.8,,
2022-08-05,783,4.87111555,4.9552615,4.8243678,4.94591195,16739085,87763926.01,,
2022-08-08,783,4.92721285,4.9739606,4.92721285,4.9365624,10261745,54301882.84,,
2022-08-09,783,4.94591195,4.9739606,4.92721285,4.92721285,7990496,42260290.56,,
2022-08-10,783,4.92721285,4.96461105,4.8804651,4.8991642,8884402,46722494.46,,
2022-08-11,783,4.9178633,5.13290295,4.9178633,5.09550475,32913911,177804276.23,,
2022-08-12,783,5.07680565,5.1609516,5.05810655,5.13290295,23013035,126005099.61,,
2022-08-15,783,5.11420385,5.15160205,5.07680565,5.11420385,15320707,83909654.8,,
2022-08-16,783,5.15160205,5.17030115,5.11420385,5.1422525,12945447,71185465.02,,
2022-08-17,783,5.1422525,5.235748,5.11420385,5.2170489,21939569,121787445.18,,
2022-08-18,783,5.1983498,5.22639845,5.1609516,5.1983498,13723240,76228478.38,,
2022-08-19,783,5.18900025,5.235748,5.1609516,5.1796507,17532676,97641943.28,,
2022-08-22,783,5.17030115,5.1983498,5.1422525,5.17030115,13309968,73577766.1,,
2022-08-23,783,5.17030115,5.235748,5.1235534,5.1983498,19640355,108837983.6,,
2022-08-24,783,5.1983498,5.2731462,5.13290295,5.13290295,24776717,137923376.81,,
2022-08-25,783,5.1422525,5.235748,5.13290295,5.22639845,22756315,126441253.52,,
2022-08-26,783,5.2170489,5.2544471,5.1796507,5.22639845,20665310,115509950.8,,
2022-08-29,783,5.17030115,5.30119485,5.1609516,5.30119485,34890488,196163276.84,,
2022-08-30,783,5.28249575,5.35729215,5.24509755,5.31989395,25094374,142070063.42,,
2022-08-31,783,5.31989395,5.37599125,5.24509755,5.31989395,25189846,143054853.68,,
2022-09-01,783,5.2918453,5.3479426,5.2544471,5.3105444,21358693,121407839.37,,
2022-09-02,783,5.28249575,5.33859305,5.26379665,5.30119485,17646953,99939866.9,,
2022-09-05,783,5.2918453,5.39469035,5.26379665,5.3853408,25708256,146947940.84,,
2022-09-06,783,5.4040399,5.41338945,5.33859305,5.3853408,20058414,115271147.7,,
2022-09-07,783,5.37599125,5.3853408,5.30119485,5.33859305,15601129,89009864.25,,
2022-09-08,783,5.3479426,5.3666417,5.30119485,5.3292435,12342688,70346873.55,,
2022-09-09,783,5.3292435,5.4040399,5.30119485,5.3853408,22908872,131826966.28,,
2022-09-13,783,5.3853408,5.41338945,5.33859305,5.3479426,15815028,90889680.45,,
2022-09-14,783,5.2918453,5.3292435,5.26379665,5.2918453,15782092,89359204.39,,
2022-09-15,783,5.31989395,5.3292435,5.20769935,5.2544471,18670408,105253617.06,,
2022-09-16,783,5.28249575,5.28249575,4.98331015,4.98331015,35405113,192502177.36,,
2022-09-19,783,5.02070835,5.02070835,4.92721285,4.98331015,17698201,94286318.78,,
2022-09-20,783,5.0113588,5.048757,4.9552615,4.9739606,12131369,64668086.34,,
2022-09-21,783,4.96461105,5.03940745,4.90851375,5.0113588,12360751,65803150.64,,
2022-09-22,783,4.9926597,5.048757,4.98331015,5.0300579,12296240,65978156.2,,
2022-09-23,783,5.0113588,5.1235534,5.00200925,5.07680565,21267675,115569452.47,,
2022-09-26,783,5.02070835,5.0674561,4.9552615,4.9552615,18991348,101849750.76,,
2022-09-27,783,4.9926597,5.02070835,4.9365624,5.0113588,10064406,53611168.24,,
2022-09-28,783,5.02070835,5.02070835,4.92721285,4.94591195,11396521,60615779.87,,
2022-09-29,783,4.96461105,5.0113588,4.861766,4.88981465,13073448,69048416.29,,
2022-09-30,783,4.88981465,4.9552615,4.87111555,4.87111555,10404970,54660740.4,,
2022-10-10,783,4.87111555,4.9739606,4.83371735,4.85241645,16488577,86681687.48,,
2022-10-11,783,4.88981465,4.9739606,4.861766,4.90851375,14774268,77734591.72,,
2022-10-12,783,4.90851375,5.05810655,4.87111555,5.048757,16411257,87298108.43,,
2022-10-13,783,5.02070835,5.05810655,4.98331015,5.00200925,11912788,63814965.76,,
2022-10-14,783,5.048757,5.09550475,5.03940745,5.05810655,12197525,66117922.5,,
2022-10-17,783,5.048757,5.09550475,5.02070835,5.05810655,10512807,56920049.08,,
2022-10-18,783,5.1422525,5.5536327,5.13290295,5.2544471,68115406,386374428.97,,
2022-10-19,783,5.1609516,5.1796507,5.0300579,5.048757,50839672,277206257.36,,
2022-10-20,783,5.02070835,5.13290295,5.00200925,5.048757,39614070,214115230.63,,
2022-10-21,783,5.15160205,5.1983498,5.048757,5.07680565,39518710,216044298.55,,
2022-10-24,783,5.09550475,5.2544471,5.00200925,5.048757,40198452,219920033.92,,
2022-10-25,783,5.0113588,5.0674561,4.8804651,4.9739606,25118298,133672147.93,,
2022-10-26,783,4.9739606,5.0674561,4.9739606,5.0113588,18977131,101858741.46,,
2022-10-27,783,5.0300579,5.09550475,5.02070835,5.03940745,21599359,116817925.85,,
2022-10-28,783,5.0300579,5.0861552,4.9178633,4.9178633,22429252,120055377.69,,
2022-10-31,783,4.861766,4.9739606,4.8430669,4.87111555,25023439,130860972.08,,
2022-11-01,783,4.88981465,4.98331015,4.8804651,4.9739606,24662830,130284067.36,,
2022-11-02,783,4.9552615,5.0113588,4.92721285,4.9926597,17882001,95036819.21,,
2022-11-03,783,4.96461105,4.9926597,4.9365624,4.98331015,12136425,64468705.77,,
2022-11-04,783,4.98331015,5.09550475,4.9552615,5.0674561,24706812,133410581.17,,
2022-11-07,783,5.05810655,5.09550475,5.0300579,5.0674561,18365772,99463935.24,,
2022-11-08,783,5.05810655,5.07680565,5.02070835,5.048757,12906208,69567308.89,,
2022-11-09,783,5.05810655,5.07680565,5.0113588,5.0300579,14350356,77349817.52,,
2022-11-10,783,5.00200925,5.0861552,4.9926597,5.0674561,18321715,98911920.95,,
2022-11-11,783,5.15160205,5.20769935,5.0861552,5.13290295,41956646,230729377.97,,
2022-11-14,783,5.17030115,5.24509755,5.1235534,5.15160205,34927036,193283818.21,,
2022-11-15,783,5.1422525,5.3479426,5.13290295,5.30119485,50923146,287004457.34,,
2022-11-16,783,5.2918453,5.30119485,5.20769935,5.22639845,24401750,137188352.04,,
2022-11-17,783,5.22639845,5.28249575,5.20769935,5.28249575,22615251,126928438.24,,
2022-11-18,783,5.2731462,5.2918453,5.20769935,5.2544471,23437660,131810729.49,,
2022-11-21,783,5.235748,5.235748,5.15160205,5.1796507,16216896,89837256.08,,
2022-11-22,783,5.17030115,5.2170489,5.1422525,5.17030115,15775508,87407631.32,,
2022-11-23,783,5.17030115,5.20769935,5.1422525,5.1796507,12091996,66990869.78,,
2022-11-24,783,5.1983498,5.22639845,5.1235534,5.1422525,12247547,67653857.88,,
2022-11-25,783,5.1422525,5.20769935,5.13290295,5.18900025,15871004,87918952.5,,
2022-11-28,783,5.1422525,5.15160205,5.05810655,5.13290295,18815802,102773569.88,,
2022-11-29,783,5.13290295,5.3105444,5.13290295,5.2731462,34435323,192989480.36,,
2022-11-30,783,5.2731462,5.31989395,5.2544471,5.2544471,20431466,115278608.39,,
2022-12-01,783,5.31989395,5.3666417,5.24509755,5.24509755,26092791,148170692.62,,
2022-12-02,783,5.22639845,5.2731462,5.1983498,5.2170489,12413856,69495965.69,,
2022-12-05,783,5.2544471,5.33859305,5.24509755,5.31989395,32592003,184978090.88,,
2022-12-06,783,5.30119485,5.3479426,5.2731462,5.2918453,18438154,104610944.1,,
2022-12-07,783,5.2731462,5.3105444,5.2170489,5.24509755,19432635,109173506.97,,
2022-12-08,783,5.24509755,5.26379665,5.20769935,5.22639845,15102408,84411922.51,,
2022-12-09,783,5.2544471,5.26379665,5.18900025,5.235748,24221567,135303503.08,,
2022-12-12,783,5.2170489,5.2170489,5.09550475,5.11420385,24972787,137333059.01,,
2022-12-13,783,5.11420385,5.1422525,5.09550475,5.11420385,12894736,70589800.56,,
2022-12-14,783,5.1048543,5.1609516,5.09550475,5.1235534,11859635,65052835.9,,
2022-12-15,783,5.11420385,5.17030115,5.1048543,5.1235534,11984739,65862906.95,,
2022-12-16,783,5.09550475,5.1609516,5.0861552,5.1609516,14676244,80514762.25,,
2022-12-19,783,5.1422525,5.17030115,4.96461105,4.9926597,21279267,115115785.93,,
2022-12-20,783,5.0113588,5.02070835,4.96461105,4.9926597,11349443,60630976.62,,
2022-12-21,783,4.9926597,5.02070835,4.9552615,4.9739606,7547733,40230860.1,,
2022-12-22,783,4.98331015,5.048757,4.92721285,4.9552615,11179254,59611550.99,,
2022-12-23,783,4.92721285,5.00200925,4.92721285,4.98331015,7886639,41894178.41,,
2022-12-26,783,4.9739606,5.00200925,4.9552615,4.9739606,9429379,50222504.28,,
2022-12-27,783,4.9926597,5.02070835,4.9739606,4.9926597,9552848,51085116.41,,
2022-12-28,783,4.98331015,5.00200925,4.94591195,4.98331015,8764929,46614102.37,,
2022-12-29,783,4.96461105,4.9739606,4.9365624,4.9552615,9060251,47999819.74,,
2022-12-30,783,4.9552615,4.9926597,4.9552615,4.98331015,7782584,41412024.04,,
2023-01-03,783,4.9552615,5.0113588,4.92721285,5.00200925,14375010,76376600.32,,
2023-01-04,783,5.00200925,5.0300579,4.98331015,5.00200925,11877022,63615138.48,,
2023-01-05,783,5.02070835,5.07680565,5.00200925,5.03940745,17935396,96656096.42,,
2023-01-06,783,5.048757,5.0861552,5.02070835,5.0300579,11231301,60614599.38,,
2023-01-09,783,5.07680565,5.1235534,5.03940745,5.0674561,17357290,94463011.4,,
2023-01-10,783,5.07680565,5.11420385,5.048757,5.0674561,11842459,64283258.98,,
2023-01-11,783,5.07680565,5.11420385,5.03940745,5.0674561,13024140,70776973.1,,
2023-01-12,783,5.0674561,5.1048543,5.02070835,5.09550475,15953542,86533215.4,,
2023-01-13,783,5.09550475,5.1796507,5.07680565,5.1796507,21871713,120016446.49,,
2023-01-16,783,5.17030115,5.37599125,5.1609516,5.2918453,65374432,370665760.87,,
2023-01-17,783,5.30119485,5.4414381,5.30119485,5.41338945,51837511,297571817.91,,
2023-01-18,783,5.39469035,5.45078765,5.37599125,5.422739,28300092,164046686.82,,
2023-01-19,783,5.41338945,5.50688495,5.39469035,5.50688495,27138501,158762643.79,,
2023-01-20,783,5.5162345,5.5162345,5.422739,5.46948675,27146218,158413391.39,,
2023-01-30,783,5.5349336,5.56298225,5.41338945,5.422739,28078226,163981765.5,,
2023-01-31,783,5.422739,5.4414381,5.3479426,5.37599125,16293710,93876299.04,,
2023-02-01,783,5.422739,5.52558405,5.3853408,5.48818585,28689797,167167265.01,,
2023-02-02,783,5.5723318,5.5723318,5.43208855,5.45078765,38221099,223887543.92,,
2023-02-03,783,5.422739,5.45078765,5.35729215,5.43208855,25267214,145939028.06,,
2023-02-06,783,5.35729215,5.39469035,5.3292435,5.3853408,17385177,99675982.51,,
2023-02-07,783,5.37599125,5.4040399,5.30119485,5.3292435,18286005,104441257.8,,
2023-02-08,783,5.33859305,5.3479426,5.2731462,5.28249575,16566657,93979653.75,,
2023-02-09,783,5.2731462,5.3666417,5.26379665,5.35729215,16007879,91374950.55,,
2023-02-10,783,5.3479426,5.35729215,5.2918453,5.3105444,11134572,63380650.96,,
2023-02-13,783,5.3105444,5.3479426,5.2918453,5.3292435,15777902,89852196.4,,
2023-02-14,783,5.3292435,5.3479426,5.2918453,5.31989395,12248584,69713697.4,,
2023-02-15,783,5.3105444,5.33859305,5.30119485,5.3105444,10890515,61986272.68,,
2023-02-16,783,5.3105444,5.4040399,5.2170489,5.26379665,30579479,174461934.49,,
2023-02-17,783,5.26379665,5.2918453,5.235748,5.24509755,15843300,89236434.08,,
2023-02-20,783,5.2918453,5.4040399,5.2731462,5.37599125,43573342,249312984.58,,
2023-02-21,783,5.37599125,5.4040399,5.3292435,5.37599125,25988513,149116345.28,,
2023-02-22,783,5.33859305,5.37599125,5.3105444,5.31989395,17645739,100761000.55,,
2023-02-23,783,5.31989395,5.3853408,5.30119485,5.3292435,22011605,125695309.04,,
2023-02-24,783,5.3292435,5.33859305,5.26379665,5.28249575,13916538,78731901.92,,
2023-02-27,783,5.2731462,5.28249575,5.2170489,5.235748,13896428,78010974.16,,
2023-02-28,783,5.24509755,5.2918453,5.22639845,5.2918453,12091329,68019472.76,,
2023-03-01,783,5.2918453,5.3479426,5.26379665,5.30119485,37691597,213772809.49,,
2023-03-02,783,5.30119485,5.3105444,5.28249575,5.30119485,16234974,92036344.35,,
2023-03-03,783,5.30119485,5.33859305,5.2918453,5.3292435,19970533,113604866.22,,
2023-03-06,783,5.3479426,5.3479426,5.2731462,5.2731462,22335864,126752701.09,,
2023-03-07,783,5.2731462,5.3105444,5.1983498,5.20769935,24377012,137151553.64,,
2023-03-08,783,5.1983498,5.20769935,5.15160205,5.1796507,18979613,104942271.87,,
2023-03-09,783,5.1796507,5.18900025,5.13290295,5.15160205,14600634,80555922.9,,
2023-03-10,783,5.1235534,5.15160205,5.0674561,5.0861552,15730368,85916996.56,,
2023-03-13,783,5.0674561,5.1048543,5.048757,5.09550475,12093358,65719881.53,,
2023-03-14,783,5.09550475,5.1048543,5.0113588,5.05810655,13284561,71861826.75,,
2023-03-15,783,5.0861552,5.13290295,5.0861552,5.1048543,15481711,84679487.73,,
2023-03-16,783,5.09550475,5.1422525,5.0861552,5.09550475,13899469,76048632.17,,
2023-03-17,783,5.1422525,5.1983498,5.1235534,5.1609516,18617622,102920772.37,,
2023-03-20,783,5.1609516,5.18900025,5.11420385,5.11420385,13231480,72888028.6,,
2023-03-21,783,5.15160205,5.17030115,5.13290295,5.15160205,10682118,58838471.48,,
2023-03-22,783,5.17030115,5.18900025,5.15160205,5.1796507,11339123,62760053.86,,
2023-03-23,783,5.17030115,5.22639845,5.1609516,5.2170489,11390008,63407324.86,,
2023-03-24,783,5.235748,5.235748,5.18900025,5.2170489,10445870,58260909.9,,
2023-03-27,783,5.2170489,5.24509755,5.17030115,5.22639845,15026928,83808028.56,,
2023-03-28,783,5.235748,5.24509755,5.18900025,5.2170489,9918857,55332667.92,,
2023-03-29,783,5.22639845,5.235748,5.18900025,5.2170489,14057620,78388086.6,,
2023-03-30,783,5.2170489,5.2544471,5.17030115,5.24509755,19283366,107492283.7,,
2023-03-31,783,5.235748,5.2544471,5.1983498,5.20769935,12175814,68118951.26,,
2023-04-03,783,5.1983498,5.3105444,5.18900025,5.2918453,26423682,148957527.44,,
2023-04-04,783,5.3105444,5.3105444,5.26379665,5.30119485,21003400,118885142.23,,
2023-04-06,783,5.2731462,5.2918453,5.235748,5.24509755,13515534,76062289.02,,
2023-04-07,783,5.26379665,5.2918453,5.235748,5.2731462,11688754,65879726.16,,
2023-04-10,783,5.3105444,5.33859305,5.24509755,5.26379665,18804822,106343262.4,,
2023-04-11,783,5.28249575,5.3479426,5.26379665,5.30119485,21281412,120842287.16,,
2023-04-12,783,5.2918453,5.31989395,5.2544471,5.28249575,17838340,100782245.6,,
2023-04-13,783,5.28249575,5.28249575,5.235748,5.2544471,17013204,95598671.42,,
2023-04-14,783,5.2544471,5.28249575,5.24509755,5.24509755,14535039,81839512.79,,
2023-04-17,783,5.24509755,5.3666417,5.24509755,5.3292435,70366875,400599843.76,,
2023-04-18,783,5.3292435,5.41338945,5.3105444,5.37599125,61048612,351093054.23,,
2023-04-19,783,5.3853408,5.39469035,5.3292435,5.35729215,25501727,146048852.2,,
2023-04-20,783,5.33859305,5.35729215,5.2731462,5.31989395,23009771,130540639.27,,
2023-04-21,783,5.33859305,5.33859305,5.1235534,5.13290295,28542633,159370146.76,,
2023-04-24,783,5.1422525,5.1796507,5.07680565,5.0861552,21904308,119923273.52,,
2023-04-25,783,5.11420385,5.1235534,5.0300579,5.09550475,23438498,127272068.88,,
2023-04-26,783,5.0861552,5.1422525,5.048757,5.13290295,20157255,110110739.78,,
2023-04-27,783,5.11420385,5.1983498,5.1048543,5.18900025,17011765,93864261.9,,
2023-04-28,783,5.20769935,5.3853408,5.18900025,5.30119485,59283360,336363248.69,,
2023-05-04,783,5.46948675,5.82476965,5.422739,5.7219246,200450922,1223157799.14,,
2023-05-05,783,5.7780219,5.86216785,5.69387595,5.7219246,119137901,735672483.37,,
2023-05-08,783,5.71257505,5.8154201,5.63777865,5.7593228,112913000,693414082.66,,
2023-05-09,783,5.76867235,6.03045975,5.7593228,5.78737145,155660584,981703852.08,,
2023-05-10,783,5.82476965,5.8715174,5.6845264,5.7219246,73517591,452022438.75,,
2023-05-11,783,5.73127415,5.78737145,5.6845264,5.7406237,42842293,263109432.29,,
2023-05-12,783,5.7219246,5.7593228,5.65647775,5.6845264,33038134,201534293.83,,
2023-05-15,783,5.65647775,5.73127415,5.5162345,5.71257505,47429197,285467716.29,,
2023-05-16,783,5.73127415,5.74997325,5.63777865,5.65647775,30591639,186264389.12,,
2023-05-17,783,5.69387595,5.71257505,5.61907955,5.6845264,22591275,137109328.71,,
2023-05-18,783,5.69387595,5.7032255,5.61907955,5.6471282,25987061,157365386.63,,
2023-05-19,783,5.6658273,5.6658273,5.5162345,5.5349336,47997401,284869463.71,,
2023-05-22,783,5.54428315,5.58168135,5.4975354,5.52558405,22865533,135333341.03,,
2023-05-23,783,5.5349336,5.56298225,5.46948675,5.46948675,20688627,122068660.1,,
2023-05-24,783,5.46948675,5.4975354,5.41338945,5.41338945,28202916,164595125.56,,
2023-05-25,783,5.4040399,5.4601372,5.37599125,5.4414381,21903008,126980522.04,,
2023-05-26,783,5.43208855,5.5349336,5.39469035,5.52558405,21000345,123069688.5,,
2023-05-29,783,5.5349336,5.7219246,5.5162345,5.5910309,45980843,276664912.75,,
2023-05-30,783,5.5723318,5.61907955,5.4975354,5.5910309,24774942,147187353.95,,
2023-05-31,783,5.60038045,5.6284291,5.5723318,5.61907955,23872069,143021090.99,,
2023-06-01,783,5.58168135,5.65647775,5.54428315,5.60973,23674128,141858536.59,,
2023-06-02,783,5.61907955,5.6284291,5.58168135,5.60973,18267491,109468707.97,,
2023-06-05,783,5.60973,5.6284291,5.5723318,5.58168135,16056760,96127456.89,,
2023-06-06,783,5.5723318,5.6658273,5.5349336,5.5349336,26483984,158668522.0,,
2023-06-07,783,5.5536327,5.60973,5.5349336,5.5910309,23848262,142261610.31,,
2023-06-08,783,5.58168135,5.6658273,5.52558405,5.6471282,30011896,179678259.66,,
2023-06-09,783,5.6471282,5.67517685,5.5910309,5.6284291,25549478,153925749.31,,
2023-06-12,783,5.6284291,5.69387595,5.5910309,5.6471282,29663578,179441489.15,,
2023-06-13,783,5.6471282,5.6658273,5.58168135,5.60038045,19865271,119146435.15,,
2023-06-14,783,5.6284291,5.67517685,5.5723318,5.60973,20245120,121655597.6,,
2023-06-15,783,5.58168135,5.65647775,5.56298225,5.63777865,30307448,182013448.36,,
2023-06-16,783,5.63777865,5.6658273,5.61907955,5.63777865,23981119,144716992.83,,
2023-06-19,783,5.6471282,5.6471282,5.54428315,5.5536327,22740575,135572011.1,,
2023-06-20,783,5.56298225,5.5723318,5.52558405,5.52558405,13902525,82470383.95,,
2023-06-21,783,5.52558405,5.5536327,5.4601372,5.46948675,17414587,102520224.3,,
2023-06-26,783,5.4414381,5.45078765,5.3479426,5.3666417,23889735,137832777.54,,
2023-06-27,783,5.37599125,5.39469035,5.3479426,5.37599125,20904202,120112944.46,,
2023-06-28,783,5.3853408,5.43208855,5.33859305,5.422739,23683467,136373716.76,,
2023-06-29,783,5.422739,5.422739,5.37599125,5.3853408,16485400,95127986.0,,
2023-06-30,783,5.3853408,5.4788363,5.37599125,5.422739,21446056,124852165.36,,
2023-07-03,783,5.45078765,5.52558405,5.4414381,5.48818585,27986132,164234902.56,,
2023-07-04,783,5.4788363,5.4975354,5.4414381,5.46948675,16237643,94862505.76,,
2023-07-05,783,5.4601372,5.4788363,5.43208855,5.4414381,16297270,95091358.64,,
2023-07-06,783,5.4414381,5.4601372,5.3853408,5.4040399,21933797,127065050.62,,
2023-07-07,783,5.41338945,5.5162345,5.3853408,5.4975354,33642626,196930688.74,,
2023-07-10,783,5.5162345,5.5536327,5.4788363,5.52558405,22272627,131296275.91,,
2023-07-11,783,5.5349336,5.60973,5.50688495,5.58168135,26781101,159243264.36,,
2023-07-12,783,5.58168135,5.60973,5.52558405,5.54428315,20603307,122739128.62,,
2023-07-13,783,5.60153555,5.7065047,5.58245025,5.69696205,41196050,244575023.36,,
2023-07-14,783,5.7065047,5.73513265,5.6683341,5.7065047,23428448,140106240.46,,
2023-07-17,783,5.65879145,5.71604735,5.6492488,5.7065047,21797186,129847088.24,,
2023-07-18,783,5.71604735,5.8401018,5.67787675,5.7828459,38740924,234463623.98,,
2023-07-19,783,5.7828459,5.84964445,5.7637606,5.8210165,25962665,157951424.6,,
2023-07-20,783,5.8210165,5.83055915,5.7446753,5.7637606,23041491,139728740.8,,
2023-07-21,783,5.7637606,5.79238855,5.73513265,5.7637606,18645302,112598208.08,,
2023-07-24,783,5.75421795,5.8401018,5.73513265,5.7828459,18760516,113814417.45,,
2023-07-25,783,5.92598565,6.02141215,5.88781505,5.96415625,64399437,401381118.82,,
2023-07-26,783,5.96415625,6.00232685,5.90690035,5.9546136,34056101,212461932.39,,
2023-07-27,783,5.9546136,5.9736989,5.88781505,5.8973577,24301147,150910592.55,,
2023-07-28,783,5.88781505,6.3172343,5.8782724,6.2790637,118743461,766714692.06,,
2023-07-31,783,6.34586225,6.55580055,6.28860635,6.36494755,129209513,871606204.37,,
2023-08-01,783,6.3172343,6.44128875,6.2408931,6.3172343,84293999,559823416.72,,
2023-08-02,783,6.3363196,6.44128875,6.2599784,6.3172343,58975277,391919787.13,,
2023-08-03,783,6.34586225,6.51762995,6.23135045,6.4699167,94696836,634268757.36,,
2023-08-04,783,6.63214175,6.76573885,6.49854465,6.53671525,182119456,1267217709.49,,
2023-08-07,783,6.44128875,6.5271726,6.38403285,6.5080873,78487624,532503324.37,,
2023-08-08,783,6.46037405,6.57488585,6.30769165,6.53671525,76287471,516772635.92,,
2023-08-09,783,6.47945935,6.5271726,6.38403285,6.4126608,53907671,363752612.01,,
2023-08-10,783,6.40311815,6.489002,6.38403285,6.47945935,47803672,322642429.14,,
2023-08-11,783,6.44128875,6.46037405,6.2790637,6.298149,70125601,465943586.6,,
2023-08-14,783,6.2027225,6.30769165,6.1645519,6.2599784,57302231,374745475.12,,
2023-08-15,783,6.19317985,6.32677695,6.19317985,6.298149,35711000,234428860.14,,
2023-08-16,783,6.25043575,6.47945935,6.2027225,6.36494755,58338514,388905381.73,,
2023-08-17,783,6.3363196,6.3935755,6.2408931,6.32677695,48035844,317450209.5,,
2023-08-18,783,6.34586225,6.38403285,6.19317985,6.19317985,34796642,228717656.28,,
2023-08-21,783,6.15500925,6.23135045,6.02141215,6.0309548,51353627,328878708.05,,
2023-08-22,783,6.05958275,6.107296,5.9927842,6.0691254,41091974,260684576.27,,
2023-08-23,783,6.04049745,6.0500401,5.90690035,5.916443,41633900,260112475.83,,
2023-08-24,783,5.96415625,6.02141215,5.8973577,5.96415625,41197959,257708664.08,,
2023-08-25,783,5.96415625,6.0500401,5.9355283,5.9736989,29933502,187899731.54,,
2023-08-28,783,6.57488585,6.57488585,6.1454666,6.17409455,153287587,1033378714.56,,
2023-08-29,783,6.0882107,6.13592395,5.83055915,6.0118695,148071946,926627467.79,,
2023-08-30,783,5.96415625,5.9736989,5.8019312,5.81147385,77556101,477627344.49,,
2023-08-31,783,5.8210165,5.8401018,5.7065047,5.7065047,48986872,295249615.19,,
2023-09-01,783,5.72559,5.77330325,5.6874194,5.69696205,35620960,213404600.82,,
2023-09-04,783,5.69696205,5.75421795,5.6683341,5.7446753,41072752,246384463.52,,
2023-09-05,783,5.72559,5.72559,5.65879145,5.67787675,32398855,193209677.24,,
2023-09-06,783,5.65879145,5.67787675,5.6110782,5.65879145,35301816,208775057.92,,
2023-09-07,783,5.6492488,5.67787675,5.60153555,5.62062085,28296911,167221673.63,,
2023-09-08,783,5.60153555,5.6492488,5.56336495,5.62062085,28736995,168796391.98,,
2023-09-11,783,5.63970615,5.75421795,5.62062085,5.7065047,45587240,271826005.77,,
2023-09-12,783,5.7065047,5.72559,5.6492488,5.65879145,24685973,146883242.55,,
2023-09-13,783,5.6683341,5.67787675,5.5919929,5.6110782,20604836,121400516.63,,
2023-09-14,783,5.62062085,5.6301635,5.5729076,5.6110782,23955918,140700928.84,,
2023-09-15,783,5.63970615,5.6683341,5.58245025,5.5919929,25199660,148400045.4,,
2023-09-18,783,5.58245025,5.63970615,5.5538223,5.62062085,20497738,120332496.96,,
2023-09-19,783,5.6301635,5.65879145,5.60153555,5.62062085,20578474,121335231.29,,
2023-09-20,783,5.6110782,5.6683341,5.58245025,5.6301635,18331444,108303973.6,,
2023-09-21,783,5.60153555,5.63970615,5.56336495,5.5729076,29770048,174770511.04,,
2023-09-22,783,5.58245025,5.7065047,5.5729076,5.6874194,32523032,192814791.49,,
2023-09-25,783,5.6874194,5.69696205,5.58245025,5.6110782,39393447,231883704.42,,
2023-09-26,783,5.6110782,5.63970615,5.5919929,5.62062085,14219478,83736277.94,,
2023-09-27,783,5.6110782,5.63970615,5.60153555,5.62062085,19402625,114348752.54,,
2023-09-28,783,5.6301635,5.65879145,5.56336495,5.56336495,24950100,146008057.0,,
2023-10-09,783,5.534737,5.5538223,5.46793845,5.50610905,28505829,164660010.06,,
2023-10-10,783,5.534737,5.5538223,5.48702375,5.4965664,14885833,85993563.5,,
2023-10-11,783,5.5156517,5.534737,5.44885315,5.4583958,21576906,124187623.26,,
2023-10-12,783,5.50610905,5.5538223,5.4965664,5.54427965,20138758,116632107.03,,
2023-10-13,783,5.5156517,5.52519435,5.4583958,5.46793845,17682952,101548972.96,,
2023-10-16,783,5.4583958,5.4965664,5.41068255,5.4774811,18447505,105581220.65,,
2023-10-17,783,5.48702375,5.56336495,5.4583958,5.52519435,24533972,141970115.57,,
2023-10-18,783,5.50610905,5.5538223,5.4965664,5.50610905,16146120,93465460.11,,
2023-10-19,783,5.4774811,5.534737,5.4393105,5.44885315,23856600,137171604.0,,
2023-10-20,783,5.4393105,5.52519435,5.4202252,5.4774811,26304853,151123235.45,,
2023-10-23,783,5.44885315,5.4583958,5.27708545,5.29617075,25816300,144609010.8,,
2023-10-24,783,5.3247987,5.4774811,5.31525605,5.4583958,35377051,200038569.58,,
2023-10-25,783,5.5156517,5.52519435,5.4202252,5.42976785,27542186,157831507.66,,
2023-10-26,783,5.41068255,5.4583958,5.3820546,5.4393105,20714322,117766121.01,,
2023-10-27,783,5.4202252,5.52519435,5.4011399,5.4965664,32697994,187350191.44,,
2023-10-30,783,5.4774811,5.48702375,5.42976785,5.4583958,27884758,159469821.02,,
2023-10-31,783,5.4393105,5.4965664,5.41068255,5.42976785,26409982,150657340.47,,
2023-11-01,783,5.4583958,5.4774811,5.3820546,5.39159725,24763410,140357223.74,,
2023-11-02,783,5.4011399,5.42976785,5.3629693,5.3629693,21332091,120489075.02,,
2023-11-03,783,5.37251195,5.42976785,5.35342665,5.37251195,27410748,154828338.68,,
2023-11-06,783,5.48702375,5.58245025,5.44885315,5.5729076,66479673,384981362.98,,
2023-11-07,783,5.54427965,5.6301635,5.54427965,5.5919929,43111303,252922135.9,,
2023-11-08,783,5.5729076,5.6110782,5.4965664,5.52519435,33914814,196883622.76,,
2023-11-09,783,5.52519435,5.534737,5.46793845,5.48702375,24994200,143933350.0,,
2023-11-10,783,5.4774811,5.52519435,5.46793845,5.50610905,25856800,149065350.0,,
2023-11-13,783,5.50610905,5.52519435,5.4583958,5.48702375,20873474,119960852.76,,
2023-11-14,783,5.4965664,5.60153555,5.48702375,5.5538223,40000842,232737219.4,,
2023-11-15,783,5.6110782,5.6301635,5.5538223,5.56336495,35259224,206400860.68,,
2023-11-16,783,5.5538223,5.58245025,5.534737,5.534737,23185892,135042863.56,,
2023-11-17,783,5.534737,5.5538223,5.50610905,5.534737,21324474,123608677.46,,
2023-11-20,783,5.5538223,5.5538223,5.4774811,5.52519435,22757427,131444739.33,,
2023-11-21,783,5.54427965,5.6110782,5.534737,5.534737,30087884,175671829.0,,
2023-11-22,783,5.52519435,5.5538223,5.48702375,5.48702375,18196700,105238329.84,,
2023-11-23,783,5.48702375,5.5156517,5.44885315,5.50610905,24482300,140464384.98,,
2023-11-24,783,5.48702375,5.4965664,5.42976785,5.4393105,21483513,122840377.1,,
2023-11-27,783,5.4202252,5.42976785,5.35342665,5.3820546,22503140,126866828.94,,
2023-11-28,783,5.3820546,5.39159725,5.3247987,5.3629693,23377848,131316472.9,,
2023-11-29,783,5.35342665,5.37251195,5.29617075,5.3057134,22773400,127054523.0,,
2023-11-30,783,5.3057134,5.33434135,5.29617075,5.3057134,23351752,130047634.93,,
2023-12-01,783,5.31525605,5.3820546,5.3057134,5.37251195,24296692,135936328.45,,
2023-12-04,783,5.37251195,5.41068255,5.3629693,5.3629693,19367892,109314979.57,,
2023-12-05,783,5.35342665,5.3629693,5.29617075,5.31525605,18080951,100981685.14,,
2023-12-06,783,5.2866281,5.3247987,5.27708545,5.2866281,23995372,133158595.32,,
2023-12-07,783,5.2866281,5.33434135,5.2484575,5.31525605,20885289,115718650.28,,
2023-12-08,783,5.31525605,5.343884,5.2675428,5.27708545,23135742,128563374.68,,
2023-12-11,783,5.27708545,5.4011399,5.20074425,5.37251195,37383406,207814906.62,,
2023-12-12,783,5.37251195,5.4202252,5.35342665,5.4011399,22087831,124793952.08,,
2023-12-13,783,5.4011399,5.4393105,5.3820546,5.3820546,18531367,104954163.54,,
2023-12-14,783,5.41068255,5.4393105,5.33434135,5.343884,22420100,126460902.29,,
2023-12-15,783,5.3629693,5.39159725,5.3057134,5.31525605,17946451,100609364.35,,
2023-12-18,783,5.31525605,5.35342665,5.2484575,5.2675428,19951125,110795129.31,,
2023-12-19,783,5.2675428,5.27708545,5.20074425,5.23891485,21199532,116529533.22,,
2023-12-20,783,5.23891485,5.2484575,5.1339457,5.153031,23086348,125445133.8,,
2023-12-21,783,5.14348835,5.153031,5.0385192,5.0957751,34929109,186212110.74,,
2023-12-22,783,5.08623245,5.1148604,5.0385192,5.0576045,23586762,125308730.4,,
2023-12-25,783,5.04806185,5.06714715,5.0003486,5.0194339,16728893,88153319.16,,
2023-12-26,783,5.0194339,5.04806185,4.9812633,4.99080595,14984986,78709162.14,,
2023-12-27,783,4.99080595,5.06714715,4.9430927,5.04806185,22195954,116650687.41,,
2023-12-28,783,5.02897655,5.16257365,5.0194339,5.14348835,27236453,145969636.21,,
2023-12-29,783,5.14348835,5.1721163,5.12440305,5.1339457,18363432,99056407.0,,
2024-01-02,783,5.153031,5.16257365,5.10531775,5.10531775,19661900,105742117.0,,
2024-01-03,783,5.10531775,5.16257365,5.0957751,5.14348835,17544331,94489778.78,,
2024-01-04,783,5.12440305,5.14348835,5.0576045,5.08623245,16561831,88383298.92,,
2024-01-05,783,5.0766898,5.1339457,5.0385192,5.0576045,17683600,94308160.76,,
2024-01-08,783,5.0576045,5.0576045,4.9049221,4.91446475,27114683,141055991.38,,
2024-01-09,783,4.93355005,4.95263535,4.87629415,4.8858368,23102846,118914015.52,,
2024-01-10,783,4.8476662,4.9049221,4.8094956,4.85720885,16337390,83188009.63,,
2024-01-11,783,4.85720885,4.95263535,4.8476662,4.93355005,19267460,99093775.82,,
2024-01-12,783,4.91446475,4.9812633,4.8858368,4.9049221,17383773,89777664.26,,
2024-01-15,783,4.87629415,4.9430927,4.85720885,4.89537945,13749946,70587342.02,,
2024-01-16,783,4.8858368,4.93355005,4.8476662,4.91446475,23747773,121551595.6,,
2024-01-17,783,4.89537945,4.91446475,4.81903825,4.81903825,15162867,77488616.02,,
2024-01-18,783,4.81903825,4.81903825,4.6568132,4.79995295,37124594,184257972.43,,
2024-01-19,783,4.78086765,4.8094956,4.74269705,4.771325,20697300,103481883.0,,
2024-01-22,783,4.74269705,4.771325,4.53275875,4.5613867,34890860,170771270.4,,
2024-01-23,783,4.5423014,4.7140691,4.5041308,4.68544115,38006637,184774270.18,,
2024-01-24,783,4.6949838,4.8858368,4.60909995,4.85720885,43588872,216748700.33,,
2024-01-25,783,4.8285809,5.00989125,4.8094956,4.99080595,61888198,319737815.66,,
2024-01-26,783,4.95263535,4.99080595,4.91446475,4.93355005,52633189,272663914.51,,
2024-01-29,783,4.93355005,4.9812633,4.87629415,4.89537945,34892390,180070450.58,,
2024-01-30,783,4.8667515,4.9049221,4.771325,4.7904103,25560050,129928778.22,,
2024-01-31,783,4.771325,4.83812355,4.6949838,4.70452645,29370460,146423972.48,,
2024-02-01,783,4.66635585,4.771325,4.6186426,4.6377279,36321844,178349309.94,,
2024-02-02,783,4.6568132,4.6758985,4.389619,4.51367345,43084996,204971066.68,,
2024-02-05,783,4.4850455,4.55184405,4.26556455,4.36099105,50122417,231444597.35,,
2024-02-06,783,4.3132778,4.79995295,4.30373515,4.79995295,83801937,408241905.12,,
2024-02-07,783,4.8476662,5.2484575,4.81903825,5.20074425,147500203,780601003.35,,
2024-02-08,783,5.2484575,5.3247987,5.04806185,5.0957751,116663831,635681924.68,,
2024-02-19,783,5.06714715,5.0766898,4.89537945,4.97172065,74787079,388392838.36,,
2024-02-20,783,4.93355005,5.0385192,4.9049221,5.0003486,60863638,317227494.74,,
2024-02-21,783,4.962178,5.1148604,4.91446475,5.0003486,74392773,392110523.79,,
2024-02-22,783,5.0003486,5.0576045,4.962178,5.02897655,51361298,269292474.68,,
2024-02-23,783,5.0385192,5.1912016,5.0003486,5.16257365,94150661,503100140.41,,
2024-02-26,783,5.12440305,5.16257365,5.0385192,5.04806185,65153612,346662222.47,,
2024-02-27,783,5.02897655,5.1339457,5.0194339,5.1339457,58633804,312271582.48,,
2024-02-28,783,5.1912016,5.35342665,5.0957751,5.10531775,127253066,699908693.15,,
2024-02-29,783,5.0194339,5.2484575,5.0194339,5.2484575,74166326,401456179.75,,
2024-03-01,783,5.2293722,5.27708545,5.16257365,5.2293722,61018733,333259630.65,,
2024-03-04,783,5.2102869,5.21982955,5.10531775,5.14348835,49885012,268777850.76,,
2024-03-05,783,5.10531775,5.1339457,5.06714715,5.08623245,36733164,196140388.71,,
2024-03-06,783,5.08623245,5.1912016,5.04806185,5.10531775,35628301,190744725.31,,
2024-03-07,783,5.1148604,5.14348835,5.0385192,5.04806185,36575390,194931974.97,,
2024-03-08,783,5.0385192,5.0766898,5.0194339,5.06714715,24118932,127556560.04,,
2024-03-11,783,5.0576045,5.16257365,5.04806185,5.16257365,37635278,201525894.58,,
2024-03-12,783,5.18165895,5.2102869,5.1148604,5.153031,37100218,200622153.57,,
2024-03-13,783,5.153031,5.153031,5.06714715,5.0957751,27212531,145640551.6,,
2024-03-14,783,5.0576045,5.1148604,5.0385192,5.06714715,26034870,138513177.6,,
2024-03-15,783,5.06714715,5.12440305,5.0194339,5.1148604,29261190,155596289.64,,
2024-03-18,783,5.1339457,5.23891485,5.1339457,5.2102869,47860793,260047636.43,,
2024-03-19,783,5.1912016,5.1912016,5.0957751,5.0957751,33011104,177718415.7,,
2024-03-20,783,5.0766898,5.12440305,5.06714715,5.1148604,24332891,130022960.95,,
2024-03-21,783,5.12440305,5.1721163,5.0957751,5.1148604,30900189,165967907.6,,
2024-03-22,783,5.1148604,5.12440305,5.00989125,5.02897655,30107372,159378147.06,,
2024-03-25,783,4.99080595,5.0003486,4.8858368,4.9049221,32261782,167246510.66,,
2024-03-26,783,4.89537945,4.9430927,4.8858368,4.91446475,23236487,119571658.42,,
2024-03-27,783,4.9049221,4.9049221,4.8285809,4.8285809,20392087,104146667.25,,
2024-03-28,783,4.83812355,4.9049221,4.8285809,4.85720885,23002100,117204464.0,,
2024-03-29,783,4.8476662,4.9049221,4.83812355,4.89537945,21562420,110015170.2,,
2024-04-01,783,5.3820546,5.3820546,5.3820546,5.3820546,42125010,237585056.4,,
2024-04-02,783,5.5729076,5.84964445,5.4011399,5.4393105,312874112,1835321604.02,,
2024-04-03,783,5.41068255,5.5156517,5.23891485,5.27708545,163525735,917285999.9,,
2024-04-08,783,5.1912016,5.21982955,5.08623245,5.1148604,101026735,545043910.07,,
2024-04-09,783,5.12440305,5.25800015,5.1148604,5.18165895,76310555,414964946.29,,
2024-04-10,783,5.153031,5.1912016,5.0576045,5.08623245,62002139,332507317.47,,
2024-04-11,783,5.04806185,5.12440305,5.0385192,5.0576045,55419273,295353987.01,,
2024-04-12,783,5.04806185,5.06714715,4.93355005,4.95263535,57728997,301632425.47,,
2024-04-15,783,4.99080595,5.2293722,4.93355005,5.1721163,105068496,562604365.13,,
2024-04-16,783,5.1148604,5.18165895,5.00989125,5.0385192,74938439,401303836.51,,
2024-04-17,783,5.0385192,5.16257365,4.9812633,5.16257365,76159759,407239813.39,,
2024-04-18,783,5.12440305,5.27708545,5.10531775,5.18165895,88253881,480516435.11,,
2024-04-19,783,5.153031,5.2293722,5.14348835,5.16257365,58398987,316845835.64,,
2024-04-22,783,5.153031,5.21982955,5.12440305,5.14348835,42759346,231421718.93,,
2024-04-23,783,5.14348835,5.18165895,5.06714715,5.08623245,38572905,206861242.47,,
2024-04-24,783,5.0957751,5.1148604,5.0385192,5.08623245,34833400,185257014.0,,
2024-04-25,783,5.0576045,5.12440305,5.0385192,5.0766898,29693291,158039666.88,,
2024-04-26,783,5.25800015,5.46793845,5.14348835,5.4583958,157797960,875033153.86,,
2024-04-29,783,5.4202252,5.5729076,5.37251195,5.4965664,144277771,827944850.85,,
2024-04-30,783,5.4393105,5.4774811,5.37251195,5.41068255,73936100,420158535.5,,
2024-05-06,783,5.48702375,5.5156517,5.3820546,5.41068255,68890114,392790882.38,,
2024-05-07,783,5.39159725,5.4011399,5.31525605,5.35342665,58416650,327279828.52,,
2024-05-08,783,5.33434135,5.343884,5.27708545,5.29617075,36838250,204829178.0,,
2024-05-09,783,5.3057134,5.3629693,5.29617075,5.31525605,44908082,250944356.01,,
2024-05-10,783,5.3247987,5.37251195,5.29617075,5.343884,48812700,272663363.88,,
2024-05-13,783,5.33434135,5.3820546,5.2675428,5.37251195,52970064,295991854.93,,
2024-05-14,783,5.343884,5.39159725,5.3057134,5.39159725,47670963,267215561.83,,
2024-05-15,783,5.5729076,5.71604735,5.39159725,5.4011399,180364395,1046952004.0,,
2024-05-16,783,5.4011399,5.48702375,5.2484575,5.2675428,120439711,674114861.56,,
2024-05-17,783,5.2484575,5.37251195,5.23891485,5.33434135,78576812,436504158.04,,
2024-05-20,783,5.3057134,5.4011399,5.2866281,5.3247987,63146133,353609421.72,,
2024-05-21,783,5.3247987,5.33434135,5.2866281,5.3057134,43719855,243139818.01,,
2024-05-22,783,5.3057134,5.5538223,5.2675428,5.4202252,101031100,572191875.07,,
2024-05-23,783,5.35342665,5.60153555,5.3057134,5.5156517,168668892,964024383.45,,
2024-05-24,783,5.44885315,5.6301635,5.4393105,5.48702375,130089521,753980203.05,,
2024-05-27,783,5.5156517,5.52519435,5.2675428,5.37251195,106376654,596439755.85,,
2024-05-28,783,5.31525605,5.343884,5.2675428,5.2675428,51855173,287869115.2,,
2024-05-29,783,5.2484575,5.4011399,5.23891485,5.3057134,47196220,262987597.81,,
2024-05-30,783,5.25800015,5.3057134,5.23891485,5.27708545,36113758,199355590.1,,
2024-05-31,783,5.2675428,5.3057134,5.25800015,5.2675428,39604452,219242358.94,,
2024-06-03,783,5.25800015,5.25800015,5.12440305,5.1721163,46740458,253667096.52,,
2024-06-04,783,5.16257365,5.1912016,5.12440305,5.1912016,33679440,182298969.2,,
2024-06-05,783,5.18165895,5.18165895,5.08623245,5.0957751,35641400,191727098.28,,
2024-06-06,783,5.0957751,5.1148604,5.00989125,5.00989125,42669383,225611894.84,,
2024-06-07,783,5.02897655,5.06714715,4.8858368,4.962178,66903200,347652213.0,,
2024-06-11,783,4.91446475,4.9812633,4.91446475,4.93355005,33799648,174934258.68,,
2024-06-12,783,4.9240074,4.9430927,4.9049221,4.9240074,30882862,159333951.32,,
2024-06-13,783,4.91446475,4.9240074,4.79995295,4.83812355,60881597,308580998.78,,
2024-06-14,783,4.8094956,4.95263535,4.6568132,4.8667515,119979824,603181981.75,,
2024-06-17,783,4.81903825,4.87629415,4.78086765,4.8667515,50451254,256066685.42,,
2024-06-18,783,4.85720885,4.962178,4.85720885,4.93355005,45463147,234494272.32,,
2024-06-19,783,4.93355005,4.95263535,4.87629415,4.8858368,28111138,144749496.2,,
2024-06-20,783,4.8858368,4.9049221,4.81903825,4.8285809,29416799,149477457.81,,
2024-06-21,783,4.8285809,4.89537945,4.81903825,4.85720885,25923980,132245763.34,,
2024-06-24,783,4.8476662,4.87629415,4.7904103,4.8094956,30480506,154282297.0,,
2024-06-25,783,4.79995295,4.8285809,4.7140691,4.74269705,32873471,164072862.83,,
2024-06-26,783,4.77203488,4.83070744,4.7426986,4.83070744,29442128,144086634.6,,
2024-06-27,783,4.81114992,4.82092868,4.75247736,4.77203488,24201934,118391102.87,,
2024-06-28,783,4.77203488,4.8404862,4.71336232,4.72314108,40164068,196423242.44,,
2024-07-01,783,4.73291984,4.78181364,4.67424728,4.77203488,28036332,135894357.7,,
2024-07-02,783,4.76225612,4.81114992,4.7426986,4.76225612,23559436,115113841.86,,
2024-07-03,783,4.76225612,4.81114992,4.7426986,4.77203488,19895928,97265541.88,,
2024-07-04,783,4.7915924,4.80137116,4.644911,4.66446852,28355459,136524815.88,,
2024-07-05,783,4.66446852,4.73291984,4.63513224,4.6938048,23438640,112252711.6,,
2024-07-08,783,4.68402604,4.68402604,4.55690216,4.58623844,24539534,115835906.5,,
2024-07-09,783,4.5960172,4.67424728,4.53734464,4.66446852,29901648,141137763.68,,
2024-07-10,783,4.65468976,4.72314108,4.63513224,4.65468976,24889284,118984332.24,,
2024-07-11,783,4.76225612,4.7915924,4.6938048,4.72314108,30359747,146931769.34,,
2024-07-12,783,4.71336232,4.7426986,4.6938048,4.71336232,16941172,81758006.04,,
2024-07-15,783,4.71336232,4.72314108,4.66446852,4.68402604,18512769,88742232.97,,
2024-07-16,783,4.68402604,4.73291984,4.67424728,4.72314108,19124605,92131952.46,,
2024-07-17,783,4.71336232,4.76225612,4.71336232,4.72314108,22537399,109084051.65,,
2024-07-18,783,4.72314108,4.76225612,4.65468976,4.76225612,26785354,129085747.44,,
2024-07-19,783,4.7426986,4.82092868,4.73291984,4.81114992,30061101,146973878.25,,
2024-07-22,783,4.85026496,4.86982248,4.77203488,4.81114992,29963430,147661557.59,,
2024-07-23,783,4.80137116,4.85026496,4.72314108,4.73291984,26904557,131873944.87,,
2024-07-24,783,4.72314108,4.73291984,4.65468976,4.66446852,23667841,113810093.01,,
2024-07-25,783,4.66446852,4.75247736,4.66446852,4.73291984,23678594,114286138.46,,
2024-07-26,783,4.73291984,4.8404862,4.72314108,4.83070744,29599864,145664250.33,,
2024-07-29,783,4.82092868,4.87960124,4.81114992,4.83070744,24573231,121661927.06,,
2024-07-30,783,4.81114992,4.85026496,4.7915924,4.83070744,19532013,96435402.46,,
2024-07-31,783,4.8404862,5.133849,4.82092868,5.06539768,79488010,407697162.96,,
2024-08-01,783,5.04584016,5.09473396,5.02628264,5.06539768,45456970,235228367.0,,
2024-08-02,783,5.0360614,5.06539768,4.92849504,4.9382738,36614586,187122790.78,,
2024-08-05,783,4.92849504,5.00672512,4.88938,4.90893752,33049822,167306555.22,,
2024-08-06,783,4.9382738,4.9871676,4.87960124,4.91871628,26107263,131198664.32,,
2024-08-07,783,4.92849504,4.96761008,4.87960124,4.92849504,22009615,110742596.45,,
2024-08-08,783,4.92849504,5.00672512,4.89915876,4.94805256,28024500,141757550.0,,
2024-08-09,783,4.96761008,4.99694636,4.90893752,4.90893752,24769319,125375433.52,,
2024-08-12,783,4.88938,4.92849504,4.87960124,4.89915876,20572582,103154369.64,,
2024-08-13,783,4.91871628,4.96761008,4.88938,4.95783132,21306040,107371928.8,,
2024-08-14,783,4.94805256,4.97738884,4.92849504,4.92849504,18966297,95978771.88,,
2024-08-15,783,4.91871628,5.01650388,4.90893752,4.97738884,30589847,155733973.34,,
2024-08-16,783,4.96761008,4.97738884,4.88938,4.89915876,27858830,140246057.8,,
2024-08-19,783,4.88938,4.95783132,4.88938,4.92849504,21083187,106286129.22,,
2024-08-20,783,4.92849504,4.9382738,4.8404862,4.85026496,23198552,115553291.94,,
2024-08-21,783,4.83070744,4.86004372,4.78181364,4.7915924,17123135,84317874.5,,
2024-08-22,783,4.81114992,4.83070744,4.70358356,4.72314108,22390097,108998015.45,,
2024-08-23,783,4.71336232,4.76225612,4.68402604,4.73291984,19371797,93398730.54,,
2024-08-26,783,4.71336232,4.78181364,4.70358356,4.75247736,16504520,80130678.8,,
2024-08-27,783,4.75247736,4.75247736,4.68402604,4.70358356,16748710,80621957.5,,
2024-08-28,783,4.7915924,4.83070744,4.72314108,4.7426986,27314033,133298255.56,,
2024-08-29,783,4.77203488,4.80137116,4.73291984,4.73291984,31708700,154600442.0,,
2024-08-30,783,4.72314108,4.89915876,4.71336232,4.8404862,43848145,216747850.35,,
2024-09-02,783,4.82092868,4.8404862,4.75247736,4.76225612,29539400,144615002.0,,
2024-09-03,783,4.76225612,4.80137116,4.72314108,4.7426986,20385521,99206119.85,,
2024-09-04,783,4.72314108,4.77203488,4.71336232,4.72314108,18694300,90568429.0,,
2024-09-05,783,4.71336232,4.77203488,4.70358356,4.76225612,19398202,94254943.7,,
2024-09-06,783,4.85026496,4.87960124,4.78181364,4.7915924,44181363,218364549.58,,
2024-09-09,783,4.77203488,5.02628264,4.72314108,4.91871628,88733510,446076591.66,,
2024-09-10,783,4.85026496,4.85026496,4.6938048,4.80137116,71284590,347228485.97,,
2024-09-11,783,4.78181364,4.82092868,4.73291984,4.80137116,35441435,173126371.8,,
2024-09-12,783,4.77203488,4.86004372,4.75247736,4.80137116,39391090,193474872.9,,
2024-09-13,783,4.80137116,5.01650388,4.7915924,4.90893752,83917314,422071096.22,,
2024-09-18,783,4.8404862,4.89915876,4.77203488,4.86004372,49756812,245973571.82,,
2024-09-19,783,4.86004372,4.95783132,4.81114992,4.90893752,45435226,227435534.69,,
2024-09-20,783,4.86982248,4.90893752,4.83070744,4.87960124,30865001,153665804.6,,
2024-09-23,783,4.88938,4.90893752,4.85026496,4.87960124,26313766,131368435.22,,
2024-09-24,783,4.90893752,5.16318528,4.89915876,5.14362776,107076965,552966911.51,,
2024-09-25,783,5.26097288,5.51522064,5.24141536,5.30008792,155290613,848748682.02,,
2024-09-26,783,5.2316366,5.82814096,5.19252156,5.82814096,181005558,1026056022.09,,
2024-09-27,783,5.99437988,6.41486656,5.94548608,6.41486656,373116045,2361322870.72,价格异常,10.067114093959727
2024-09-30,783,6.845132,7.06026472,6.83535324,7.06026472,287117452,2061667596.37,价格异常,10.060975609756095
2024-10-08,783,7.76433544,7.76433544,7.26561868,7.76433544,209388983,1651057962.22,,
2024-10-09,783,7.51008768,8.2141584,7.05048596,7.29495496,525539435,4127848388.02,,
2024-10-10,783,7.3829638,7.51008768,6.58110548,6.70822936,317824353,2240246661.43,,
2024-10-11,783,6.600663,6.77668068,6.38553028,6.46376036,181443349,1215774828.72,,
2024-10-14,783,6.48331788,6.5517692,6.18995508,6.52243292,166102487,1085838820.63,,
2024-10-15,783,6.4539816,6.54199044,6.31707896,6.32685772,115625146,762901153.6,,
2024-10-16,783,6.2095126,6.5028754,6.2095126,6.356194,113717218,740792257.69,,
2024-10-17,783,6.4050878,6.48331788,6.23884888,6.24862764,91354706,593584550.04,,
2024-10-18,783,6.21929136,6.87446828,6.21929136,6.63977804,227241152,1515252966.83,,
2024-10-21,783,6.54199044,6.68867184,6.47353912,6.56154796,154934879,1038744090.93,,
2024-10-22,783,6.56154796,6.61044176,6.48331788,6.56154796,103245320,690145452.27,,
2024-10-23,783,6.59088424,6.7473444,6.51265416,6.54199044,135031787,914020680.9,,
2024-10-24,783,6.51265416,6.58110548,6.47353912,6.56154796,82488839,551087672.56,,
2024-10-25,783,6.56154796,6.70822936,6.53221168,6.62999928,97774586,662345527.22,,
2024-10-28,783,6.61044176,6.65933556,6.58110548,6.62999928,78279652,529445287.22,,
2024-10-29,783,6.66911432,6.77668068,6.52243292,6.54199044,100998536,685494515.18,,
2024-10-30,783,6.51265416,6.600663,6.4539816,6.5517692,86808542,578546669.03,,
2024-10-31,783,6.62022052,7.17760984,6.62022052,6.91358332,275378884,1961897362.27,,
2024-11-01,783,6.87446828,7.07004348,6.7962382,6.81579572,195262012,1382647661.53,,
2024-11-04,783,6.85491076,7.06026472,6.80601696,7.06026472,134829565,960044915.73,,
2024-11-05,783,7.10915852,7.41230008,6.98203464,7.37318504,195324648,1450460511.32,,
2024-11-06,783,7.4318576,7.5296452,7.21672488,7.26561868,184945225,1391675211.72,,
2024-11-07,783,7.16783108,7.75455668,7.12871604,7.66654784,207886201,1587396802.4,,
2024-11-08,783,7.81322924,7.8719018,7.4318576,7.45141512,166933582,1293248329.23,,
2024-11-11,783,7.34384876,7.4318576,7.26561868,7.39274256,119035115,893938113.5,,
2024-11-12,783,7.39274256,7.44163636,7.11893728,7.20694612,118297813,882785043.18,,
2024-11-13,783,7.14827356,7.26561868,7.089601,7.20694612,69831616,512785748.78,,
2024-11-14,783,7.19716736,7.25583992,7.0407072,7.07004348,69115306,505470318.64,,
2024-11-15,783,7.05048596,7.12871604,6.82557448,6.83535324,84596214,603601860.85,,
2024-11-18,783,6.845132,6.93314084,6.65933556,6.70822936,78292654,544339048.46,,
2024-11-19,783,6.72778688,6.845132,6.67889308,6.83535324,61500926,425882225.74,,
2024-11-20,783,6.81579572,6.88424704,6.75712316,6.85491076,48671102,339841006.94,,
2024-11-21,783,6.845132,6.92336208,6.81579572,6.88424704,58786265,412486555.28,,
2024-11-22,783,6.86468952,6.87446828,6.5517692,6.56154796,66360078,455745282.71,,
2024-11-25,783,6.58110548,6.59088424,6.44420284,6.56154796,47454285,316597391.69,,
2024-11-26,783,6.53221168,6.66911432,6.52243292,6.5517692,39872866,268850462.22,,
2024-11-27,783,6.52243292,6.67889308,6.49309664,6.67889308,48883276,329822220.78,,
2024-11-28,783,6.6984506,6.73756564,6.63977804,6.65933556,45094229,307983860.67,,
2024-11-29,783,6.6495568,6.97225588,6.63977804,6.82557448,93447786,652069254.94,,
2024-12-02,783,6.78645944,6.9429196,6.77668068,6.90380456,57420341,404966407.66,,
2024-12-03,783,6.90380456,6.95269836,6.82557448,6.91358332,49052397,345132985.59,,
2024-12-04,783,6.88424704,6.9429196,6.78645944,6.845132,43184633,303562554.57,,
2024-12-05,783,6.81579572,6.92336208,6.81579572,6.90380456,44202633,311050067.6,,
2024-12-06,783,6.8940258,7.0407072,6.83535324,6.9918134,66469970,473575936.34,,
2024-12-09,783,6.9918134,7.00159216,6.81579572,6.8940258,53135327,375608559.49,,
2024-12-10,783,7.20694612,7.2362824,6.92336208,6.9429196,103958085,752540931.74,,
2024-12-11,783,6.91358332,6.97225588,6.90380456,6.9429196,52454461,372005503.16,,
2024-12-12,783,6.95269836,7.10915852,6.90380456,7.05048596,68179532,489039193.44,,
2024-12-13,783,6.98203464,7.00159216,6.88424704,6.90380456,69135200,490235246.0,,
2024-12-16,783,6.88424704,6.9429196,6.82557448,6.85491076,42366390,297463351.12,,
2024-12-17,783,6.82557448,6.87446828,6.75712316,6.76690192,47565891,331307732.34,,
2024-12-18,783,6.78645944,7.01137092,6.78645944,6.88424704,67634993,478074555.17,,
2024-12-19,783,6.80601696,6.845132,6.71800812,6.81579572,53638820,372012900.02,,
2024-12-20,783,6.78645944,6.9429196,6.78645944,6.8940258,48823086,343680709.24,,
2024-12-23,783,6.8940258,6.97225588,6.7962382,6.81579572,50796951,356717160.65,,
2024-12-24,783,6.80601696,6.98203464,6.78645944,6.98203464,69976210,495002895.1,,
2024-12-25,783,6.96247712,6.97225588,6.78645944,6.88424704,65290363,458157513.74,,
2024-12-26,783,6.845132,6.93314084,6.83535324,6.8940258,33102707,233372345.25,,
2024-12-27,783,6.88424704,7.09937976,6.87446828,6.96247712,88149457,630178933.84,,
2024-12-30,783,6.9429196,7.03092844,6.91358332,7.01137092,51355499,366032897.86,,
2024-12-31,783,7.03092844,7.05048596,6.66911432,6.66911432,95288841,665096901.05,,
2025-01-02,783,6.6495568,6.65933556,6.2584064,6.32685772,87492122,578835613.52,,
2025-01-03,783,6.356194,6.37575152,6.14106128,6.17039756,61904938,395346244.54,,
2025-01-06,783,6.1606188,6.22907012,6.12150376,6.18017632,38951943,245818989.55,,
2025-01-07,783,6.19973384,6.23884888,6.13128252,6.21929136,37527486,237376560.94,,
2025-01-08,783,6.2095126,6.37575152,6.0139374,6.29752144,75778008,479152911.88,,
2025-01-09,783,6.2584064,6.3073002,6.2095126,6.22907012,49123616,314055057.8,,
2025-01-10,783,6.22907012,6.29752144,6.12150376,6.14106128,32894794,208599489.08,,
2025-01-13,783,6.09216748,6.18017632,6.05305244,6.13128252,37341420,233412835.68,,
2025-01-14,783,6.15084004,6.32685772,6.12150376,6.3073002,61703643,394507321.23,,
2025-01-15,783,6.26818516,6.33663648,6.23884888,6.29752144,39134854,251323042.64,,
2025-01-16,783,6.32685772,6.43442408,6.21929136,6.27796392,41327202,267008480.47,,
2025-01-17,783,6.2584064,6.33663648,6.22907012,6.28774268,26696173,171691686.67,,
2025-01-20,783,6.33663648,6.39530904,6.3073002,6.34641524,30854471,200504962.08,,
2025-01-21,783,6.38553028,6.39530904,6.27796392,6.33663648,26348602,170504773.4,,
2025-01-22,783,6.27796392,6.34641524,6.24862764,6.32685772,29115964,187465919.53,,
2025-01-23,783,6.46376036,6.58110548,6.39530904,6.4050878,63181073,419324876.5,,
2025-01-24,783,6.38553028,6.48331788,6.37575152,6.43442408,38882218,255960137.45,,
2025-01-27,783,6.4539816,6.4539816,6.21929136,6.21929136,50294216,324785673.38,,
2025-02-05,783,6.27796392,6.29752144,6.19973384,6.19973384,33959339,216862217.98,,
2025-02-06,783,6.18995508,6.29752144,6.1606188,6.26818516,42412422,270585549.26,,
2025-02-07,783,6.27796392,6.51265416,6.23884888,6.42464532,74420969,487132511.8,,
2025-02-10,783,6.42464532,6.49309664,6.37575152,6.42464532,38677772,254267310.96,,
2025-02-11,783,6.42464532,6.43442408,6.31707896,6.38553028,38832178,252695889.78,,
2025-02-12,783,6.38553028,6.51265416,6.356194,6.49309664,47417155,311358946.47,,
2025-02-13,783,6.53221168,6.600663,6.43442408,6.47353912,57884184,384854604.11,,
2025-02-14,783,6.4539816,6.51265416,6.42464532,6.49309664,40931022,270862153.3,,
2025-02-17,783,6.54199044,6.58110548,6.4539816,6.48331788,47079408,313155014.45,,
2025-02-18,783,6.46376036,6.47353912,6.26818516,6.28774268,45137774,294445425.13,,
2025-02-19,783,6.28774268,6.39530904,6.27796392,6.36597276,42095025,273312411.51,,
2025-02-20,783,6.36597276,6.37575152,6.3073002,6.356194,33254788,215824911.98,,
2025-02-21,783,6.356194,6.53221168,6.3073002,6.51265416,64479524,425308091.69,,
2025-02-24,783,6.5028754,6.53221168,6.42464532,6.46376036,40761218,269980663.87,,
2025-02-25,783,6.4050878,6.43442408,6.33663648,6.356194,34433927,224937242.02,,
2025-02-26,783,6.37575152,6.54199044,6.356194,6.53221168,54712230,360170964.78,,
2025-02-27,783,6.47353912,6.5517692,6.37575152,6.48331788,63150022,417441799.88,,
2025-02-28,783,6.4539816,6.57132672,6.2584064,6.28774268,65932999,430671840.04,,
2025-03-03,783,6.29752144,6.36597276,6.23884888,6.26818516,46561425,300531320.54,,
2025-03-04,783,6.24862764,6.33663648,6.22907012,6.28774268,27338300,175744809.28,,
2025-03-05,783,6.28774268,6.29752144,6.19973384,6.27796392,33203264,212294365.68,,
2025-03-06,783,6.3073002,6.42464532,6.29752144,6.4050878,53516074,348968807.1,,
2025-03-07,783,6.37575152,6.38553028,6.29752144,6.3073002,36611384,237118263.62,,
2025-03-10,783,6.3073002,6.31707896,6.2584064,6.28774268,27283310,175206152.2,,
2025-03-11,783,6.23884888,6.33663648,6.2095126,6.33663648,28007048,179923519.2,,
2025-03-12,783,6.33663648,6.42464532,6.3073002,6.356194,36405202,236864980.44,,
2025-03-13,783,6.33663648,6.39530904,6.26818516,6.32685772,28272056,182942048.7,,
2025-03-14,783,6.32685772,6.53221168,6.32685772,6.48331788,78012406,515066551.44,,
2025-03-17,783,6.6495568,6.78645944,6.53221168,6.5517692,100519110,680119777.37,,
2025-03-18,783,6.59088424,6.61044176,6.49309664,6.52243292,46607820,311320610.01,,
2025-03-19,783,6.52243292,6.5517692,6.47353912,6.54199044,38009120,253086972.42,,
2025-03-20,783,6.5028754,6.52243292,6.44420284,6.46376036,39128100,259169476.0,,
2025-03-21,783,6.43442408,6.47353912,6.31707896,6.33663648,43639978,285347460.34,,
2025-03-24,783,6.33663648,6.37575152,6.26818516,6.33663648,32363500,209260449.0,,
2025-03-25,783,6.33663648,6.37575152,6.29752144,6.34641524,24203254,156786246.63,,
2025-03-26,783,6.34641524,6.38553028,6.32685772,6.34641524,25159341,163364736.41,,
2025-03-27,783,6.32685772,6.39530904,6.28774268,6.36597276,27486157,178511542.97,,
2025-03-28,783,6.34641524,6.37575152,6.31707896,6.34641524,27480735,178415263.71,,
2025-03-31,783,6.32685772,6.356194,6.17039756,6.19973384,45061925,287835701.5,,
2025-04-01,783,6.21929136,6.31707896,6.2095126,6.26818516,32413667,207871919.97,,
2025-04-02,783,6.2584064,6.34641524,6.24862764,6.32685772,27038427,174619314.42,,
2025-04-03,783,6.27796392,6.37575152,6.26818516,6.34641524,26570640,172285394.35,,
2025-04-07,783,6.10194624,6.14106128,5.71079584,5.71079584,69752370,417389863.26,,
2025-04-08,783,5.74991088,5.78902592,5.63256576,5.73035336,55086207,322274053.48,,
2025-04-09,783,5.71079584,5.87703476,5.60322948,5.8183622,54237419,319597089.55,,
2025-04-10,783,5.9161498,6.02371616,5.867256,5.93570732,43426568,264691875.06,,
2025-04-11,783,5.90637104,5.97482236,5.87703476,5.90637104,28759696,174041287.85,,
2025-04-14,783,5.9650436,5.98460112,5.9161498,5.9650436,29232368,178045430.34,,
2025-04-15,783,5.95526484,5.97482236,5.92592856,5.94548608,19133424,116343067.16,,
2025-04-16,783,5.94548608,5.95526484,5.84769848,5.93570732,28956616,174814366.24,,
2025-04-17,783,5.92592856,5.97482236,5.90637104,5.93570732,20934496,127322817.68,,
2025-04-18,783,5.93570732,5.98460112,5.90637104,5.9650436,20538856,124966605.44,,
2025-04-21,783,5.95526484,6.0139374,5.93570732,6.00415864,20771714,127305364.56,,
2025-04-22,783,5.99437988,6.04327368,5.97482236,6.00415864,21896247,134579439.56,,
2025-04-23,783,6.02371616,6.05305244,5.97482236,6.00415864,18700981,114915289.13,,
2025-04-24,783,6.00415864,6.02371616,5.94548608,5.97482236,17853671,109315823.85,,
2025-04-25,783,5.98460112,6.05305244,5.97482236,6.04327368,23382808,144117854.75,,
2025-04-28,783,6.04327368,6.04327368,5.94548608,6.00415864,22352609,136827384.16,,
2025-04-29,783,6.1606188,6.3073002,6.111725,6.12150376,84458952,534092964.02,,
2025-04-30,783,6.17039756,6.356194,6.17039756,6.27796392,80171956,515982243.08,,
2025-05-06,783,6.33663648,6.6495568,6.3073002,6.54199044,115255683,768414628.49,,
2025-05-07,783,6.6984506,6.72778688,6.42464532,6.44420284,98303941,657413090.11,,
2025-05-08,783,6.42464532,6.47353912,6.39530904,6.4050878,50722513,333111462.59,,
2025-05-09,783,6.4050878,6.41486656,6.32685772,6.34641524,35920322,233366512.84,,
2025-05-12,783,6.38553028,6.48331788,6.34641524,6.47353912,49892202,327547159.72,,
2025-05-13,783,6.53221168,6.53221168,6.43442408,6.46376036,41833946,276816216.01,,
2025-05-14,783,6.4539816,6.82557448,6.42464532,6.68867184,111063128,753049958.28,,
2025-05-15,783,6.62022052,6.70822936,6.600663,6.61044176,60656062,412168563.2,,
2025-05-16,783,6.63977804,6.6495568,6.49309664,6.52243292,45561551,304688909.34,,
2025-05-19,783,6.53221168,6.600663,6.49309664,6.56154796,32806488,219675377.98,,
2025-05-20,783,6.56154796,6.59088424,6.52243292,6.54199044,29810980,199957897.4,,
2025-05-21,783,6.53221168,6.59088424,6.53221168,6.5517692,23930758,160549384.34,,
2025-05-22,783,6.54199044,6.5517692,6.44420284,6.47353912,28005256,185691087.72,,
2025-05-23,783,6.46376036,6.5028754,6.36597276,6.38553028,31004987,204253709.84,,
2025-05-26,783,6.38553028,6.41486656,6.356194,6.37575152,23871508,155761582.96,,
2025-05-27,783,6.37575152,6.4050878,6.34641524,6.37575152,22884128,149223801.09,,
2025-05-28,783,6.37575152,6.38553028,6.34641524,6.36597276,21210203,138107317.5,,
2025-05-29,783,6.356194,6.44420284,6.356194,6.42464532,32228798,211509976.16,,
2025-05-30,783,6.4050878,6.43442408,6.34641524,6.4050878,28908344,188901516.23,,
2025-06-03,783,6.37575152,6.47353912,6.36597276,6.44420284,31347458,205927559.69,,
2025-06-04,783,6.42464532,6.5517692,6.42464532,6.54199044,39960765,265978815.99,,
2025-06-05,783,6.54199044,6.58110548,6.51265416,6.57132672,35782481,239431743.51,,
2025-06-06,783,6.57132672,6.600663,6.51265416,6.53221168,24076649,161072653.34,,
2025-06-09,783,6.61044176,6.6495568,6.57132672,6.58110548,38099608,257435988.24,,
2025-06-10,783,6.58110548,6.59088424,6.46376036,6.5028754,37526450,250879345.2,,
2025-06-11,783,6.52243292,6.66911432,6.52243292,6.62999928,52078500,352417080.73,,
2025-06-12,783,6.63,6.68,6.61,6.65,47545056,315691403.19,,
2025-06-13,783,6.64,6.67,6.57,6.61,42098146,278250551.73,,
2025-06-16,783,6.59,6.72,6.57,6.72,46700573,311531918.15,,
2025-06-17,783,6.71,6.73,6.67,6.72,27094003,181529384.47,,
2025-06-18,783,6.7,6.72,6.57,6.62,41098935,272066761.35,,
2025-06-19,783,6.6,6.61,6.46,6.49,37959307,247208286.18,,
2025-06-20,783,6.49,6.53,6.48,6.5,25219002,164040774.31,,
2025-06-23,783,6.48,6.58,6.47,6.54,31736392,207161313.88,,
2025-06-24,783,6.57,6.9,6.56,6.8,103471839,702295074.7,,
2025-06-25,783,6.8,7.15,6.8,7.12,153300936,1070066430.26,,
2025-06-26,783,7.14,7.25,7.04,7.1,124811807,891520525.17,,
2025-06-27,783,7.11,7.28,7.02,7.03,128170279,915459472.57,,
2025-06-30,783,7.05,7.07,6.88,6.93,74094704,514568274.51,,
2025-07-01,783,6.94,6.96,6.83,6.93,57878600,398817487.0,,
2025-07-02,783,6.92,6.95,6.87,6.9,42721798,295221585.02,,
2025-07-03,783,6.91,6.94,6.88,6.93,45626176,315463806.67,,
2025-07-04,783,6.91,7.03,6.86,6.92,65767197,456562800.89,,
2025-07-07,783,6.9,6.97,6.89,6.96,38262509,265583998.41,,
2025-07-08,783,6.96,7.04,6.93,7.02,53842821,376905744.77,,
2025-07-09,783,7.02,7.09,6.96,6.98,47573150,333913018.98,,
2025-07-10,783,6.98,7.12,6.96,7.08,72291782,510556596.42,,
2025-07-11,783,7.11,7.36,7.07,7.23,142160630,1030527948.57,,
2025-07-14,783,7.24,7.27,7.12,7.14,80902520,579872196.8,,
2025-07-15,783,7.14,7.17,7.04,7.12,87959977,625199596.57,,
2025-07-16,783,7.12,7.15,7.03,7.08,50724542,359291106.12,,
2025-07-17,783,7.08,7.12,7.05,7.1,51044736,361363606.88,,
2025-07-18,783,7.1,7.14,7.08,7.1,61341468,436011875.4,,
2025-07-21,783,7.1,7.2,7.08,7.19,70888248,507673094.9,,
2025-07-22,783,7.2,7.22,7.12,7.2,65077178,466809992.39,,
2025-07-23,783,7.21,7.4,7.21,7.27,139836643,1022019571.01,,
2025-07-24,783,7.25,7.62,7.24,7.58,157409286,1175476556.7,,
2025-07-25,783,7.61,7.73,7.52,7.65,122863935,935241110.53,,
2025-07-28,783,7.68,7.77,7.53,7.66,97209865,744390240.81,,
2025-07-29,783,7.6,7.63,7.46,7.62,82904202,625480826.7,,
2025-07-30,783,7.58,7.62,7.42,7.49,79466034,598497475.82,,
2025-07-31,783,7.45,7.54,7.31,7.37,98161892,729253036.2,,
2025-08-01,783,7.36,7.51,7.34,7.36,61784062,457588439.66,,
2025-08-04,783,7.32,7.36,7.28,7.35,61071511,447095861.47,,
2025-08-05,783,7.37,7.45,7.36,7.42,58129810,430277498.48,,
2025-08-06,783,7.41,7.44,7.37,7.42,48130781,356422001.76,,
2025-08-07,783,7.42,7.5,7.4,7.46,60076473,447911143.05,,
2025-08-08,783,7.48,7.62,7.45,7.46,94870986,714080685.58,,
2025-08-11,783,7.43,7.56,7.42,7.52,72277503,542811615.68,,
2025-08-12,783,7.52,7.76,7.5,7.7,112856712,859924838.28,,
2025-08-13,783,7.71,8.0,7.65,7.92,174396174,1368202260.37,,
2025-08-14,783,7.95,8.05,7.83,7.85,155404803,1234459879.5,,
2025-08-15,783,7.83,8.2,7.82,8.13,193210762,1560321652.7,,
2025-08-18,783,8.2,8.24,8.05,8.09,186495980,1517728312.38,,
2025-08-19,783,8.06,8.12,7.97,8.0,102239490,821710951.4,,
2025-08-20,783,7.95,8.1,7.89,8.1,95738847,765915161.62,,
2025-08-21,783,8.18,8.18,7.97,8.02,84138124,679020321.6,,
2025-08-22,783,8.0,8.23,8.0,8.23,134537214,1093996144.98,,
2025-08-25,783,8.32,9.03,8.25,8.71,263696256,2261799652.81,,
2025-08-26,783,8.62,8.69,8.52,8.53,136031094,1167164413.48,,
2025-08-27,783,8.52,8.61,8.27,8.29,138992893,1178066625.33,,
2025-08-28,783,8.29,8.47,8.22,8.47,115124120,959259753.68,,
2025-08-29,783,8.49,8.61,8.45,8.55,122118387,1041097060.35,,
2025-09-01,783,8.56,8.57,8.35,8.41,110911809,934320361.02,,
2025-09-02,783,8.41,8.41,8.15,8.21,126927580,1045850846.84,,
2025-09-03,783,8.25,8.25,7.85,7.91,121160534,970218806.66,,
2025-09-04,783,7.9,7.96,7.76,7.87,118724096,934260631.6,,
2025-09-05,783,7.89,7.92,7.77,7.89,103176379,808473170.41,,
2025-09-08,783,7.86,7.97,7.83,7.91,74166546,584898224.9,,
2025-09-09,783,7.88,7.94,7.78,7.82,83279120,654163361.37,,
2025-09-10,783,7.81,7.95,7.78,7.93,90613189,712956428.92,,
2025-09-11,783,7.88,8.51,7.84,8.47,199298610,1644893653.37,,
2025-09-12,783,8.44,8.51,8.33,8.36,114543778,965128535.91,,
2025-09-15,783,8.3,8.36,8.22,8.25,74323776,616248198.75,,
2025-09-16,783,8.25,8.3,8.13,8.23,84127666,691856109.29,,
2025-09-17,783,8.23,8.34,8.17,8.26,98162416,808862207.28,,
2025-09-18,783,8.2,8.23,7.9,8.0,120226649,973276785.03,,
2025-09-19,783,7.99,8.03,7.9,7.92,54302186,431509931.42,,
2025-09-22,783,7.92,7.97,7.86,7.96,49870990,394695576.56,,
2025-09-23,783,7.9,7.92,7.69,7.78,75021242,582700000.65,,
2025-09-24,783,7.73,8.0,7.71,7.97,75675711,597002546.19,,
2025-09-25,783,7.91,7.99,7.89,7.93,56479159,448542228.84,,
2025-09-26,783,7.9,8.13,7.89,7.97,77223285,620033164.58,,
2025-09-29,783,7.95,8.54,7.95,8.42,173950516,1442018326.94,,
2025-09-30,783,8.32,8.4,8.26,8.3,94851385,788188614.41,,
2025-10-09,783,8.29,8.45,8.21,8.45,113611264,946979692.71,,
2025-10-10,783,8.38,8.65,8.35,8.54,134201645,1146519311.26,,
2025-10-13,783,8.3,8.55,8.3,8.51,105332044,886845430.65,,
2025-10-14,783,8.51,8.69,8.4,8.45,113740848,971857061.08,,
2025-10-15,783,8.48,8.59,8.31,8.58,100912412,851437996.73,,
2025-10-16,783,8.5,8.58,8.42,8.46,78843116,669264211.18,,
2025-10-17,783,8.45,8.53,8.19,8.21,85719082,715748355.18,,
2025-10-20,783,8.33,8.35,8.19,8.23,58833785,486307534.94,,
2025-10-21,783,8.28,8.7,8.27,8.45,150263800,1277586329.37,,
2025-10-22,783,8.35,8.38,8.24,8.26,82782726,686099106.69,,
2025-10-23,783,8.24,8.37,8.15,8.34,68148550,561752535.88,,
2025-10-24,783,8.34,8.52,8.31,8.45,74774959,629328200.48,,
2025-10-27,783,8.56,8.64,8.45,8.6,122198285,1045009791.67,,
2025-10-28,783,8.55,8.59,8.43,8.44,75795126,644220926.04,,
2025-10-29,783,8.44,8.89,8.43,8.81,170559143,1485999739.8,,
2025-10-30,783,8.71,8.76,8.58,8.63,117883114,1021407302.21,,
2025-10-31,783,9.1,9.27,8.78,8.82,318221098,2872396811.06,,
2025-11-03,783,8.81,8.85,8.55,8.69,149619604,1295473719.68,,
2025-11-04,783,8.65,8.69,8.56,8.63,87527407,754756647.27,,
2025-11-05,783,8.54,8.84,8.52,8.7,116020253,1012361665.49,,
2025-11-06,783,8.7,9.03,8.7,8.97,151677417,1352240478.8,,
2025-11-07,783,8.88,8.97,8.83,8.85,82292801,731603141.25,,
2025-11-10,783,8.83,9.25,8.8,9.1,132864258,1197153958.79,,
2025-11-11,783,9.09,9.28,9.01,9.04,108002438,983659136.11,,
2025-11-12,783,9.02,9.13,8.83,8.93,95191607,854070039.97,,
2025-11-13,783,8.88,9.08,8.86,9.07,91470607,820669599.36,,
2025-11-14,783,8.98,9.03,8.8,8.8,100816468,895828551.06,,
2025-11-17,783,8.78,8.8,8.63,8.67,72904745,633791768.91,,
2025-11-18,783,8.64,8.78,8.63,8.73,77197581,672751567.99,,
2025-11-19,783,8.68,8.8,8.57,8.65,65222458,565613816.55,,
2025-11-20,783,8.81,8.86,8.46,8.49,88518352,764139531.97,,
2025-11-21,783,8.4,8.45,8.0,8.01,114490834,938680868.22,,
2025-11-24,783,8.07,8.08,7.91,7.92,84910695,679009733.65,,
2025-11-25,783,7.97,8.07,7.86,7.88,99083369,788547867.94,,
2025-11-26,783,7.9,7.95,7.86,7.86,62043427,490078404.02,,
2025-11-27,783,7.86,7.98,7.85,7.87,64970702,514079378.75,,
2025-11-28,783,7.86,7.97,7.82,7.94,57838270,457106313.8,,
2025-12-01,783,7.92,8.19,7.9,8.12,88900804,716375789.73,,
2025-12-02,783,8.09,8.1,7.96,8.02,49607198,397217239.98,,
2025-12-03,783,8.03,8.05,7.9,7.94,50452970,401406633.4,,
2025-12-04,783,7.95,7.99,7.88,7.95,37866568,300619909.07,,
2025-12-05,783,7.94,8.26,7.91,8.15,103872055,841362590.16,,
2025-12-08,783,8.28,8.45,8.25,8.28,134647216,1125651729.43,,
2025-12-09,783,8.24,8.25,8.13,8.16,69608716,569299640.02,,
2025-12-10,783,8.13,8.21,8.08,8.16,46830114,381213994.78,,
2025-12-11,783,8.16,8.19,8.04,8.05,41193232,333739076.56,,
2025-12-12,783,8.06,8.15,8.01,8.09,47533485,383832641.32,,
2025-12-15,783,8.03,8.23,8.0,8.1,49878478,405814332.32,,
2025-12-16,783,8.08,8.11,8.01,8.03,43737730,352048708.16,,
2025-12-17,783,8.03,8.28,7.99,8.2,77019688,626764873.7,,
2025-12-18,783,8.18,8.2,8.07,8.08,57197627,463971030.15,,
2025-12-19,783,8.07,8.18,8.06,8.12,42784911,347928335.81,,
2025-12-22,783,8.12,8.16,8.11,8.12,37007364,300927528.86,,
2025-12-23,783,8.12,8.17,8.09,8.11,46615985,378939236.78,,
2025-12-24,783,8.1,8.17,8.08,8.15,46632761,378818146.02,,
2025-12-25,783,8.14,8.23,8.13,8.18,51941091,425069910.95,,
2025-12-26,783,8.16,8.34,8.16,8.23,77212381,636838196.32,,
2025-12-29,783,8.23,8.27,8.14,8.18,53467932,438729829.5,,
2025-12-30,783,8.15,8.25,8.13,8.19,48466448,396592813.15,,
2025-12-31,783,8.18,8.26,8.14,8.15,44386120,363788399.8,,
2026-01-05,783,8.15,8.31,8.13,8.29,79553318,656506453.52,,
2026-01-06,783,8.29,8.88,8.28,8.85,202268212,1750093050.22,,
2026-01-07,783,8.85,8.93,8.66,8.75,118567907,1041699127.28,,
2026-01-08,783,8.66,8.73,8.42,8.46,129357884,1100941344.11,,
2026-01-09,783,8.47,8.8,8.44,8.64,113576538,977353270.07,,
2026-01-12,783,8.6,8.79,8.56,8.76,102095315,886486781.45,,
2026-01-13,783,8.8,8.96,8.73,8.79,116575164,1029895606.27,,
2026-01-14,783,8.75,9.01,8.62,8.69,141685903,1251563376.13,,
2026-01-15,783,8.63,8.8,8.59,8.63,80146304,693942516.97,,
2026-01-16,783,8.68,8.74,8.51,8.51,75914728,651364182.95,,
2026-01-19,783,8.5,8.57,8.47,8.56,57949948,494335597.72,,
2026-01-20,783,8.56,8.64,8.52,8.62,59032740,506570986.88,,
2026-01-21,783,8.59,8.72,8.56,8.68,60959853,527395077.71,,
2026-01-22,783,8.66,8.73,8.62,8.67,44918256,389053126.41,,
2026-01-23,783,8.69,8.74,8.65,8.69,55386285,481140434.18,,
2026-01-26,783,8.66,8.9,8.65,8.78,103548812,908252047.6,,
2026-01-27,783,8.73,8.79,8.58,8.73,76667158,666587608.42,,
2026-01-28,783,8.72,8.93,8.67,8.85,95045596,840151191.66,,
2026-01-29,783,8.83,9.01,8.73,8.99,116250121,1033110633.5,,
2026-01-30,783,8.9,8.94,8.58,8.66,121549605,1058375132.58,,
2026-02-02,783,8.46,8.5,8.04,8.05,186674505,1541337077.4,,
2026-02-03,783,8.13,8.16,7.89,8.01,102539456,818479376.95,,
2026-02-04,783,7.96,8.08,7.93,8.07,71182029,569070266.89,,
2026-02-05,783,8.03,8.07,7.94,8.02,58410943,467616639.03,,
2026-02-06,783,7.96,8.03,7.91,7.96,48214537,384566755.94,,
2026-02-09,783,8.01,8.09,7.98,8.08,61275453,492534714.86,,
2026-02-10,783,8.07,8.11,7.99,8.01,43756932,351441895.62,,
2026-02-11,783,8.01,8.04,8.0,8.01,31708900,254165959.0,,
2026-02-12,783,8.0,8.01,7.95,7.96,35385712,281984990.46,,
2026-02-13,783,7.95,7.98,7.8,7.8,55113852,434589563.24,,
2026-02-24,783,7.88,7.89,7.81,7.83,36578133,286834980.12,,
2026-02-25,783,7.83,7.98,7.82,7.92,55804983,442881862.06,,
2026-02-26,783,7.94,7.95,7.85,7.88,44005564,346751654.96,,
2026-02-27,783,7.87,7.95,7.86,7.95,41439402,327988988.28,,
2026-03-02,783,7.85,7.89,7.75,7.83,60416576,472913384.35,,
2026-03-03,783,7.83,7.9,7.69,7.7,76660984,597779719.65,,
2026-03-04,783,7.61,7.65,7.49,7.51,67353057,509772585.26,,
2026-03-05,783,7.62,7.64,7.52,7.54,38820475,293960500.76,,
2026-03-06,783,7.51,7.69,7.5,7.66,39272830,299379065.6,,
