日期,股票代码,开盘,最高,最低,收盘,成交量,成交额,异常情况,异常涨跌幅
2016-03-11,300072,9.47141151,9.75107254,9.47141151,9.65335965,4412373,126078875.0,,
2016-03-14,300072,9.771289,10.15877115,9.771289,10.01725593,9107682,270525168.0,,
2016-03-15,300072,10.02062534,10.1756182,9.91280422,10.10486059,6688176,199655240.0,,
2016-03-16,300072,10.782112,10.782112,10.24974522,10.25648404,16239818,506776048.0,,
2016-03-17,300072,10.4114769,10.7147238,10.3440887,10.7147238,13100572,410217824.0,,
2016-03-18,300072,10.77874259,11.11231418,10.70461557,10.94721309,15623409,506174640.0,,
2016-03-21,300072,11.0853589,11.24709058,10.75178731,10.92362722,20849776,678043456.0,,
2016-03-22,300072,10.86297784,11.20665766,10.78885082,11.0179707,12936856,424975584.0,,
2016-03-23,300072,11.08872831,11.1527471,10.91014958,11.04492598,7667375,250854541.0,,
2016-03-24,300072,10.95732132,11.16622474,10.88993312,10.9168884,9377414,307237184.0,,
2016-03-25,300072,10.8495002,11.02470952,10.79895905,10.89330253,5890286,190545842.0,,
2016-03-28,300072,11.00112365,11.119053,10.7147238,10.72146262,8905582,288933504.0,,
2016-03-29,300072,10.72146262,10.80906728,10.50918979,10.6136415,6940858,219396184.0,,
2016-03-30,300072,10.73157085,11.03818716,10.69787675,11.03818716,8597919,277423792.0,,
2016-03-31,300072,11.0853589,11.14600828,10.95395191,10.9842766,7185876,235466895.0,,
2016-04-01,300072,10.94384368,11.14937769,10.82254492,11.08872831,7628287,248939616.0,,
2016-04-05,300072,11.1527471,11.50990456,11.10220595,11.47957987,12069453,409488592.0,,
2016-04-06,300072,11.47284105,11.77945736,11.3549117,11.59750922,11025820,378609456.0,,
2016-04-07,300072,11.60761745,12.26802181,11.60761745,11.87717025,20377236,727671104.0,,
2016-04-08,300072,11.87717025,12.18041715,11.5570763,11.73228562,14197318,501612944.0,,
2016-04-11,300072,11.96477491,12.58474635,11.96477491,12.51061933,19024672,696885792.0,,
2016-04-12,300072,12.51061933,12.68919806,12.25791358,12.51735815,13639578,504504864.0,,
2016-04-13,300072,12.66561219,13.10363549,12.50724992,12.52746638,17229011,656256752.0,,
2016-04-14,300072,12.55105225,12.79364977,12.40616762,12.77680272,9402195,351519552.0,,
2016-04-15,300072,12.8374521,13.06994139,12.60496281,12.90820971,9894019,377971440.0,,
2016-04-18,300072,13.12385195,13.57198348,12.82060505,13.46753177,18863183,743853776.0,,
2016-04-19,300072,13.628836,13.65403725,13.0139255,13.30626,23732277,624066208.0,,
2016-04-20,300072,13.12985125,13.5784335,12.459498,12.67622875,34111516,878688336.0,,
2016-04-21,300072,12.65606775,13.5381115,12.42421625,13.00888525,27860321,724268928.0,,
2016-04-22,300072,12.85767775,13.1550525,12.67622875,12.84759725,13617283,348058320.0,,
2016-04-25,300072,12.87783875,13.0139255,12.47461875,12.600625,13229286,333434928.0,,
2016-04-26,300072,12.600625,12.7518325,12.4897395,12.70143,9913792,247998731.0,,
2016-04-27,300072,12.72663125,13.407065,12.56534325,13.366743,21401261,554967840.0,,
2016-04-28,300072,13.2961795,13.55323225,13.0945695,13.407065,16716188,441608048.0,,
2016-04-29,300072,13.30626,13.5179505,13.10465,13.10465,11807942,310922176.0,,
2016-05-03,300072,13.10465,13.78508375,12.92824125,13.78508375,22233950,594451936.0,,
2016-05-04,300072,13.790124,13.91109,13.56331275,13.6590775,14194400,386488592.0,,
2016-05-05,300072,13.61371525,13.669158,13.38186375,13.568353,10356868,278261360.0,,
2016-05-06,300072,13.58347375,13.83548625,12.882879,12.8929595,21838324,574800832.0,,
2016-05-09,300072,12.67622875,12.802235,12.3486125,12.459498,17370627,431553568.0,,
2016-05-10,300072,12.459498,12.59558475,12.378854,12.399015,8127303,201149152.0,,
2016-05-11,300072,12.50486025,12.76695325,12.29821,12.4292565,10263273,255037446.0,,
2016-05-12,300072,12.29316975,12.822396,12.00083525,12.600625,11248913,277640976.0,,
2016-05-13,300072,12.50486025,12.87783875,12.50486025,12.640947,9754585,246320255.0,,
2016-05-16,300072,12.49477975,12.70143,12.29821,12.67622875,11089463,274881776.0,,
2016-05-17,300072,12.6510275,12.802235,12.26292825,12.3486125,13733730,339437072.0,,
2016-05-18,300072,12.26292825,12.4292565,11.874829,12.01091575,12442045,299930368.0,,
2016-05-19,300072,12.07139875,12.37381375,11.995795,12.03107675,11546646,278822048.0,,
2016-05-20,300072,11.9453925,12.41413575,11.874829,12.3082905,11788849,284922960.0,,
2016-05-23,300072,12.33349175,12.70143,12.29821,12.6510275,12297170,306820272.0,,
2016-05-24,300072,12.600625,12.640947,12.39397475,12.57542375,8134198,201921285.0,,
2016-05-25,300072,12.66614825,12.8526375,12.4695785,12.47461875,9392791,235915653.0,,
2016-05-26,300072,12.49477975,12.5905445,12.197405,12.479659,8326347,204222123.0,,
2016-05-27,300072,12.479659,12.68630925,12.459498,12.580464,6333576,157723808.0,,
2016-05-30,300072,12.459498,13.45242725,12.4090955,13.12985125,19009830,493012880.0,,
2016-05-31,300072,13.1550525,13.6590775,13.13993175,13.608675,17480036,467708880.0,,
2016-06-01,300072,13.5582725,13.63387625,13.45242725,13.5784335,13082862,351389392.0,,
2016-06-02,300072,13.5985945,13.608675,13.29113925,13.5784335,13173267,351677056.0,,
2016-06-03,300072,13.5179505,13.8002045,13.48266875,13.628836,17336527,468731072.0,,
2016-06-06,300072,13.669158,14.052217,13.5179505,13.810285,15964642,436678560.0,,
2016-06-07,300072,13.8606875,13.8606875,13.57339325,13.70443975,10245086,278226384.0,,
2016-06-08,300072,13.70948,13.70948,13.447387,13.51291025,10332465,277367840.0,,
2016-06-13,300072,13.407065,13.407065,12.90304,12.90304,12321096,321730512.0,,
2016-06-14,300072,12.90808025,13.2356965,12.90304,13.19033425,8831636,229289862.0,,
2016-06-15,300072,13.05928775,13.60363475,13.00888525,13.43226625,13443484,358768720.0,,
2016-06-16,300072,13.4977895,13.50787,13.02904625,13.05928775,10018768,263474602.0,,
2016-06-17,300072,13.084489,13.407065,13.044167,13.2558575,8790061,230519383.0,,
2016-06-20,300072,13.225616,13.2558575,12.99880475,13.2558575,7509035,194990589.0,,
2016-06-21,300072,13.286099,13.5381115,13.10465,13.18025375,8804545,233058672.0,,
2016-06-22,300072,13.1550525,13.50787,13.1348915,13.50787,8724069,231060609.0,,
2016-06-23,300072,13.48266875,13.59355425,13.34154175,13.386904,6699139,178942377.0,,
2016-06-24,300072,13.3566625,13.548192,12.943362,13.38186375,9662636,255337688.0,,
2016-06-27,300072,13.265938,13.58347375,13.23065625,13.487709,8808861,235113784.0,,
2016-06-28,300072,13.447387,14.052217,13.407065,13.9614925,18057751,493643408.0,,
2016-06-29,300072,14.03709625,14.213505,13.76492275,13.7800435,12483932,345719968.0,,
2016-06-30,300072,13.88588875,13.94637175,13.70948,13.931251,8627741,236968588.0,,
2016-07-01,300072,13.8808485,14.3042295,13.87580825,14.193344,10796899,303014864.0,,
2016-07-04,300072,14.19838425,14.4453565,14.13790125,14.27902825,9828117,279240944.0,,
2016-07-05,300072,14.28910875,14.41007475,14.2034245,14.213505,7225909,204595141.0,,
2016-07-06,300072,14.213505,14.33951125,13.971573,14.294149,9300343,261085532.0,,
2016-07-07,300072,14.22862575,14.60160425,14.22862575,14.495759,10947049,314140128.0,,
2016-07-08,300072,14.4856785,14.8687375,14.27902825,14.7679325,11038052,319602864.0,,
2016-07-11,300072,14.71753,15.5138895,14.71753,15.1509915,18296642,552563168.0,,
2016-07-12,300072,15.2316355,15.34756125,14.91914,15.16611225,14438013,432450240.0,,
2016-07-13,300072,15.75078125,15.8767875,15.463487,15.50884925,15805141,490340448.0,,
2016-07-14,300072,15.57941275,16.310249,15.52901025,16.27496725,18949866,602501616.0,,
2016-07-15,300072,16.23464525,16.511859,16.0380755,16.27496725,13258511,426530016.0,,
2016-07-18,300072,16.1792025,16.58746275,16.0179145,16.05319625,11699373,376712944.0,,
2016-07-19,300072,15.98263275,16.1288,15.49876875,15.685258,16512236,516097216.0,,
2016-07-20,300072,15.64997625,15.9775925,15.5138895,15.75078125,9321422,291338080.0,,
2016-07-21,300072,15.685258,16.70842875,15.685258,16.632825,18613270,603267056.0,,
2016-07-22,300072,16.51689925,16.753791,16.3203295,16.50681875,10763069,353754912.0,,
2016-07-25,300072,16.53202,16.62778475,16.1993635,16.33545025,9795148,318335232.0,,
2016-07-26,300072,16.2598465,17.05116575,16.2598465,17.0058035,13283343,443339088.0,,
2016-07-27,300072,16.93524,17.3888625,16.1187195,16.65802625,21673729,720728128.0,,
2016-07-28,300072,16.62778475,17.1267695,16.50681875,16.66810675,14211881,473667168.0,,
2016-07-29,300072,16.76891175,17.60559325,16.76891175,17.27293675,17503253,598201472.0,,
2016-08-01,300072,17.177172,17.6106335,16.632825,16.632825,20750700,706975344.0,,
2016-08-02,300072,16.4211345,16.77899225,16.33545025,16.72858975,12540043,411942208.0,,
2016-08-03,300072,16.66810675,16.77899225,16.5219395,16.64794575,7251159,239282746.0,,
2016-08-04,300072,16.6227445,17.3888625,16.6227445,17.32333925,10800807,365205968.0,,
2016-08-05,300072,17.358621,17.53502975,16.9654815,17.2275745,9723531,331903584.0,,
2016-08-08,300072,17.298138,17.56527125,17.015884,17.4493455,9138090,315053424.0,,
2016-08-09,300072,17.398943,17.9130485,16.915079,16.96044125,23509209,807199536.0,,
2016-08-10,300072,17.015884,17.22253425,16.6832275,16.80923375,16986755,568755184.0,,
2016-08-11,300072,16.89995825,16.89995825,16.58746275,16.6630665,11206668,371420352.0,,
2016-08-12,300072,16.71850925,17.28301725,16.69834825,17.2275745,13096948,443323776.0,,
2016-08-15,300072,17.41406375,18.1449,17.3888625,18.11969875,26840774,954376256.0,,
2016-08-16,300072,18.20034275,18.5985225,17.94833025,18.31122825,17981193,652903536.0,,
2016-08-17,300072,18.245705,19.65193475,18.1449,19.5259285,21448498,812322032.0,,
2016-08-18,300072,19.6065725,19.798102,19.22855375,19.72249825,15108976,585409728.0,,
2016-08-19,300072,19.75778,19.75778,19.314238,19.48056625,12113342,468306320.0,,
2016-08-22,300072,19.4856065,20.39789175,19.253755,19.394882,22438782,884562352.0,,
2016-08-23,300072,19.415043,20.09547675,19.17815125,19.87370575,13249577,517832752.0,,
2016-08-24,300072,20.080356,20.15595975,19.5460895,19.6065725,11854638,463823920.0,,
2016-08-25,300072,19.55617,19.898907,19.3444795,19.8686655,10636878,415204752.0,,
2016-08-26,300072,19.999712,21.6226725,19.88378625,21.3202575,22169577,919817376.0,,
2016-08-29,300072,21.28497575,22.15189875,20.5944615,20.866635,28865687,1218365536.0,,
2016-08-30,300072,20.94223875,21.3404185,20.76583,21.269855,12779668,534297136.0,,
2016-08-31,300072,21.1791305,21.73859825,21.17409025,21.612592,13613959,580029040.0,,
2016-09-01,300072,21.612592,23.07930475,21.52690775,22.69624575,24768213,1104839008.0,,
2016-09-02,300072,22.6105615,23.0137815,22.3686295,22.93817775,16793872,755228304.0,,
2016-09-05,300072,22.95833875,24.173039,22.95833875,23.830302,22781843,1073204320.0,,
2016-09-06,300072,24.1932,25.4935845,23.2557135,23.91598625,45423125,2197540208.0,,
2016-09-07,300072,23.890785,24.8887545,23.7194165,24.8887545,24869595,1199737712.0,,
2016-09-08,300072,25.19620975,26.7637275,24.62162125,26.7637275,31356903,1594344960.0,,
2016-09-09,300072,26.652842,27.49456375,26.14377675,26.592359,31814471,1685952128.0,,
2016-09-12,300072,26.13369625,27.60544925,25.83128125,27.52480525,28253408,1501415104.0,,
2016-09-13,300072,27.4693625,27.9532265,24.77282875,24.77282875,54457624,2791565008.0,,
2016-09-14,300072,24.515776,24.71234575,23.1145865,23.56316875,54162671,2559815680.0,,
2016-09-19,300072,23.527887,23.82526175,23.1347475,23.71437625,24220386,1131348000.0,,
2016-09-20,300072,23.66397375,24.13775725,23.124667,23.25067325,23278632,1088779392.0,,
2016-09-21,300072,23.34139775,23.507726,22.19222075,22.45431375,37275479,1678148608.0,,
2016-09-22,300072,22.51479675,23.92606675,22.3283075,23.8202215,36715574,1682394304.0,,
2016-09-23,300072,23.8202215,23.95630825,22.076295,22.21238175,35207166,1596354288.0,,
2016-09-26,300072,21.94020825,22.55511875,21.612592,22.0258925,20257874,887950528.0,,
2016-09-27,300072,22.1670195,22.3484685,20.93215825,21.673075,31211050,1327123888.0,,
2016-09-28,300072,21.4210625,22.0863755,21.19425125,21.67811525,20228680,868240272.0,,
2016-09-29,300072,21.7234775,22.06117425,21.5017065,21.57731025,14600472,630571776.0,,
2016-09-30,300072,21.48658575,22.1266975,21.4210625,21.97549,14946584,647741904.0,,
2016-10-10,300072,22.40391125,23.40188075,22.18214025,23.21035125,23671424,1072242864.0,,
2016-10-11,300072,23.2153915,24.35952825,23.124667,24.07727425,27168363,1279928368.0,,
2016-10-12,300072,23.890785,24.1932,23.44220275,24.0419925,17757291,837116464.0,,
2016-10-13,300072,23.9411875,24.26880375,23.55308825,23.77485925,13793785,651654080.0,,
2016-10-14,300072,23.6387725,23.6790945,22.94825825,23.3766795,15418621,712339168.0,,
2016-10-17,300072,23.467404,23.628692,22.87769475,22.93817775,12293759,564702608.0,,
2016-10-18,300072,22.93817775,23.1145865,22.4089515,22.98354,14472512,654381056.0,,
2016-10-19,300072,22.92809725,23.9008655,22.70632625,23.20027075,17845963,828981152.0,,
2016-10-20,300072,23.1145865,23.35147825,22.43415275,22.7315275,16112494,728859760.0,,
2016-10-21,300072,22.7718495,22.923057,22.0662145,22.2275025,12652924,562529104.0,,
2016-10-24,300072,22.27286475,22.95833875,21.935168,22.9331375,12905180,576318096.0,,
2016-10-25,300072,22.902896,23.07930475,22.6912055,22.8323325,8039844,364957824.0,,
2016-10-26,300072,22.83737275,22.9331375,22.3283075,22.56519925,8795541,392859728.0,,
2016-10-27,300072,22.55511875,22.923057,22.358549,22.60552125,7289219,327956928.0,,
2016-10-28,300072,22.499676,22.681125,22.1266975,22.15189875,9899903,439680192.0,,
2016-10-31,300072,21.89988625,22.10149625,21.70835675,21.9452485,7574069,328389664.0,,
2016-11-01,300072,22.0258925,22.3283075,21.7637995,22.19222075,7922837,347412272.0,,
2016-11-02,300072,22.217422,23.26075375,21.874685,23.02890225,17853422,801181904.0,,
2016-11-03,300072,22.91801675,23.85550325,22.842413,23.527887,21724595,1012765584.0,,
2016-11-04,300072,23.5379675,23.60349075,22.9532985,22.9734595,12343526,570253488.0,,
2016-11-07,300072,23.0944255,23.62365175,23.084345,23.20027075,10816127,501327904.0,,
2016-11-08,300072,23.18515,23.68413475,23.18515,23.366599,8952620,417183360.0,,
2016-11-09,300072,23.487565,23.487565,22.439193,22.82729225,11952435,544613424.0,,
2016-11-10,300072,23.084345,23.38171975,22.97849975,23.07930475,6999797,321001152.0,,
2016-11-11,300072,23.15994875,23.42204175,22.97849975,23.144828,8688806,400202464.0,,
2016-11-14,300072,23.144828,23.729497,23.06922425,23.6992555,12644625,589423248.0,,
2016-11-15,300072,23.77485925,24.79298975,23.729497,24.69218475,25772717,1249158192.0,,
2016-11-16,300072,24.71234575,25.8564825,24.495615,24.757708,26462617,1319674816.0,,
2016-11-17,300072,24.636742,25.140767,24.273844,24.67202375,12326352,603343440.0,,
2016-11-18,300072,24.697225,25.43814175,24.60146025,25.3524575,13521759,675241456.0,,
2016-11-21,300072,25.40286,25.846402,25.09540475,25.16596825,12800215,646009024.0,,
2016-11-22,300072,25.1911695,25.2516525,24.23856225,24.71234575,16441173,804551008.0,,
2016-11-23,300072,24.7274665,25.13572675,24.5460175,24.89379475,9626694,475838448.0,,
2016-11-24,300072,24.717386,25.80608,24.616581,25.4532625,13755218,693904144.0,,
2016-11-25,300072,25.4532625,25.70023475,25.039962,25.28693425,10145894,510486960.0,,
2016-11-28,300072,25.2314915,25.644792,24.7476275,24.7476275,10171808,505938880.0,,
2016-11-29,300072,24.64178225,24.67202375,24.23856225,24.3645685,11061208,535912304.0,,
2016-11-30,300072,24.3847295,24.87363375,24.28896475,24.414971,8353083,407578976.0,,
2016-12-01,300072,24.52081625,24.535937,23.78998,23.931107,11574800,551813792.0,,
2016-12-02,300072,23.99663025,24.132717,23.76477875,23.95630825,6433238,306124544.0,,
2016-12-05,300072,24.092395,24.42001125,23.92606675,24.01679125,7012150,336168784.0,,
2016-12-06,300072,24.1629585,24.18815975,23.08938525,23.38171975,13325082,620943984.0,,
2016-12-07,300072,23.3363575,24.0621535,22.97849975,23.971429,9516480,444471280.0,,
2016-12-08,300072,23.96638875,24.11759625,23.6387725,23.75469825,5899143,279612176.0,,
2016-12-09,300072,23.88574475,24.1932,23.74461775,23.89582525,7774293,368943152.0,,
2016-12-12,300072,23.9411875,24.00671075,22.7315275,22.75672875,9271715,426137360.0,,
2016-12-13,300072,22.78193,23.0339425,22.49463575,22.62568225,5591247,251752896.0,,
2016-12-14,300072,22.58536025,22.7315275,21.511787,22.0863755,11447929,500126768.0,,
2016-12-15,300072,22.0258925,22.5097565,22.0258925,22.2073415,5285931,233658406.0,,
2016-12-16,300072,22.4089515,24.334327,22.4089515,23.90590575,13996370,652649520.0,,
2016-12-19,300072,24.1226365,24.939157,23.951268,24.2436025,10084619,488539200.0,,
2016-12-20,300072,24.3444075,24.737547,23.94622775,24.435132,6529587,316098896.0,,
2016-12-21,300072,24.44017225,24.636742,24.2032805,24.475454,6632652,321813136.0,,
2016-12-22,300072,24.495615,24.93411675,24.3847295,24.69218475,6459067,316085056.0,,
2016-12-23,300072,25.4532625,25.6750335,24.64178225,24.697225,13179131,658346512.0,,
2016-12-26,300072,24.5460175,24.5460175,23.18515,23.71437625,15218650,715383152.0,,
2016-12-27,300072,23.71437625,24.17807925,23.61357125,23.8403825,5983778,284197664.0,,
2016-12-28,300072,23.8403825,23.890785,22.9331375,23.3363575,8298772,382816544.0,,
2016-12-29,300072,22.98354,23.326277,22.862574,22.98354,7140692,326785152.0,,
2016-12-30,300072,23.1347475,23.43212225,22.93817775,23.33131725,6859573,316052272.0,,
2017-01-03,300072,23.2960355,23.57324925,22.93817775,23.17002925,7871311,362761216.0,,
2017-01-04,300072,23.164989,24.59137975,23.0742645,24.495615,12549080,595733536.0,,
2017-01-05,300072,24.59642,24.87363375,24.1932,24.19824025,7846461,381477920.0,,
2017-01-06,300072,24.28896475,24.57121875,23.86558375,24.233522,6120141,294092864.0,,
2017-01-09,300072,24.2839245,24.82323125,24.23856225,24.44017225,5978424,291736512.0,,
2017-01-10,300072,24.47041375,24.54097725,23.95630825,24.092395,5788023,278173712.0,,
2017-01-11,300072,23.8202215,23.99159,23.44220275,23.4573235,7299272,342823712.0,,
2017-01-12,300072,23.427082,23.8403825,23.2557135,23.44220275,5268900,245862980.0,,
2017-01-13,300072,23.39180025,23.6790945,23.326277,23.4170015,3967477,185051970.0,,
2017-01-16,300072,23.37163925,23.6387725,22.2678245,22.89785575,9628782,438202512.0,,
2017-01-17,300072,22.91801675,23.8403825,22.90793625,23.63373225,9009300,418513168.0,,
2017-01-18,300072,23.58837,23.66397375,23.1347475,23.30107575,4440996,206151330.0,,
2017-01-19,300072,23.24059275,23.58837,23.044023,23.3565185,3913825,181150831.0,,
2017-01-20,300072,23.366599,23.910946,23.2355525,23.61357125,5173033,242780601.0,,
2017-01-23,300072,23.56316875,24.011751,23.5379675,23.78998,4102113,193310399.0,,
2017-01-24,300072,23.71437625,23.83534225,23.3161965,23.51276625,3750790,175630470.0,,
2017-01-25,300072,23.51276625,23.9008655,23.4371625,23.890785,4314959,203598634.0,,
2017-01-26,300072,23.9815095,23.98654975,23.74461775,23.8605435,2707359,128153794.0,,
2017-02-03,300072,23.87566425,24.5258565,23.830302,24.45025275,6511063,313487232.0,,
2017-02-06,300072,24.45025275,24.79298975,24.31920625,24.55105775,6129241,298448176.0,,
2017-02-07,300072,24.52081625,24.96435825,24.4048905,24.5460175,5753851,281925200.0,,
2017-02-08,300072,24.47041375,24.737547,24.1427975,24.4452125,6383812,308892272.0,,
2017-02-09,300072,24.535937,24.89379475,24.4452125,24.48049425,5414666,264910907.0,,
2017-02-10,300072,24.4855345,24.5460175,24.17807925,24.2839245,6899323,332301616.0,,
2017-02-13,300072,24.18815975,24.273844,23.9210265,24.1932,5603272,268087672.0,,
2017-02-14,300072,24.18815975,24.4250515,24.09743525,24.1932,4299669,206869707.0,,
2017-02-15,300072,24.13775725,24.2436025,23.890785,23.9411875,5349588,255553197.0,,
2017-02-16,300072,23.99159,24.13775725,23.91598625,24.08735475,3100349,147915713.0,,
2017-02-17,300072,24.173039,24.6871445,24.092395,24.2839245,6294296,304655792.0,,
2017-02-20,300072,24.3242465,24.42001125,24.1932,24.4048905,4617518,222575451.0,,
2017-02-21,300072,24.4048905,24.4855345,24.19824025,24.4452125,5118603,247487660.0,,
2017-02-22,300072,24.54097725,24.79803,24.42001125,24.4653735,6041520,294440160.0,,
2017-02-23,300072,24.294005,24.37968925,23.8403825,24.0419925,7724008,368543504.0,,
2017-02-24,300072,24.0621535,24.1831195,23.769819,24.011751,6014925,285720160.0,,
2017-02-27,300072,24.0419925,24.17807925,23.93614725,24.0016705,5040554,240367661.0,,
2017-02-28,300072,23.951268,24.0218315,23.69421525,23.78998,4338363,205197682.0,,
2017-03-01,300072,23.67405425,24.01679125,23.5581285,23.8000605,4819788,228020932.0,,
2017-03-02,300072,23.931107,23.93614725,23.13978775,23.3565185,8752183,408170544.0,,
2017-03-03,300072,23.35147825,23.52284675,23.084345,23.50268575,3961260,183686558.0,,
2017-03-06,300072,23.4371625,24.08735475,23.3363575,24.0016705,7010485,332673920.0,,
2017-03-07,300072,24.0419925,24.092395,23.77485925,23.99663025,3585635,170290584.0,,
2017-03-08,300072,24.031912,24.49057475,23.8403825,24.4452125,8895400,427973440.0,,
2017-03-09,300072,24.36960875,25.40286,24.2436025,25.25669275,18562815,922056720.0,,
2017-03-10,300072,25.3524575,25.35749775,25.00468025,25.1911695,7953665,397159920.0,,
2017-03-13,300072,25.40286,27.7112945,25.20629025,27.7112945,27922434,1478779696.0,,
2017-03-14,300072,27.71633475,28.62862,27.21735,28.22035975,21890470,1210430000.0,,
2017-03-15,300072,28.1749975,29.9290045,27.8725825,29.4854625,21226585,1226712320.0,,
2017-03-16,300072,30.2415,30.2415,28.62862,29.12760475,24493615,1418334112.0,,
2017-03-17,300072,28.83023,29.73243475,28.82518975,29.011679,13075822,757719824.0,,
2017-03-20,300072,28.991518,29.4854625,28.42196975,28.65382125,11648566,663708048.0,,
2017-03-21,300072,28.73446525,31.4410795,28.44213075,31.148745,23147961,1380332304.0,,
2017-03-22,300072,30.7556055,31.23442925,30.49855275,30.967296,11441193,699246304.0,,
2017-03-23,300072,31.21426825,31.8442995,30.46831125,31.0983425,15187735,942766704.0,,
2017-03-24,300072,30.947135,32.701142,30.64976025,31.97030575,15460850,981022704.0,,
2017-03-27,300072,32.05599,32.39368675,30.24654025,30.32718425,16153871,1006162784.0,,
2017-03-28,300072,30.543915,30.9975375,30.0499705,30.624559,12397221,750022288.0,,
2017-03-29,300072,30.59935775,30.88161175,29.83828,29.959246,10742221,644245792.0,,
2017-03-30,300072,29.9894875,31.189067,29.939085,30.4935125,12330179,747537744.0,,
2017-03-31,300072,30.4935125,31.5822065,30.3725465,31.53684425,11965635,736090816.0,,
2017-04-05,300072,32.035829,32.38360625,31.42595875,31.8039775,12344628,779584912.0,,
2017-04-06,300072,31.61748825,32.69610175,31.390677,31.753575,11648967,740022176.0,,
2017-04-07,300072,31.61748825,32.16183525,31.20418775,31.4007575,11349815,713422400.0,,
2017-04-10,300072,31.350355,31.350355,30.160856,30.463271,14030131,851380192.0,,
2017-04-11,300072,30.2919025,30.826169,28.4774125,29.8886825,15253047,902429168.0,,
2017-04-12,300072,29.939085,30.382627,29.334255,29.8281995,6386294,379771936.0,,
2017-04-13,300072,29.939085,31.52676375,29.89372275,31.148745,10710455,657583504.0,,
2017-04-14,300072,31.24450975,31.24450975,30.17597675,30.1910975,7761006,471273888.0,,
2017-04-17,300072,29.8886825,30.6951225,29.6870725,30.34734525,6060393,363752816.0,,
2017-04-18,300072,30.422949,30.5741565,29.5257845,30.140695,7375461,441040560.0,,
2017-04-19,300072,29.966201,30.55035226,29.60205476,30.46690208,9526338,377695104.0,,
2017-04-20,300072,30.73242538,32.59867486,30.51242036,32.21935586,27181440,1142278848.0,,
2017-04-21,300072,32.1283193,32.46212002,28.99514436,28.99514436,34304965,1376796208.0,,
2017-04-24,300072,28.2592655,29.79930064,28.069606,28.91169418,19542398,744940176.0,,
2017-04-25,300072,29.0558354,29.69309132,28.7523802,29.0179035,10869257,418298752.0,,
2017-04-26,300072,27.3868318,28.40340672,26.55233,27.10613574,37547957,1348283536.0,,
2017-04-27,300072,26.93923538,28.0316741,26.78750778,27.70545976,16990470,615341264.0,,
2017-04-28,300072,27.9178784,28.9420397,27.7661508,28.4109931,16425673,618730416.0,,
2017-05-02,300072,28.19857446,29.1696311,28.1454698,28.828244,11471488,435240640.0,,
2017-05-03,300072,29.586882,29.59446838,28.84341676,28.9799716,11570022,446044880.0,,
2017-05-04,300072,28.9799716,29.27584042,28.6765164,28.9420397,7932338,303236592.0,,
2017-05-05,300072,28.75996658,29.4351544,28.7523802,28.9041078,8058599,309330016.0,,
2017-05-08,300072,28.69168916,28.97238522,27.84960098,27.92546478,10182628,381214800.0,,
2017-05-09,300072,27.70545976,28.42616586,27.310968,28.2592655,8892010,325910096.0,,
2017-05-10,300072,28.43375224,29.1316992,28.03926048,28.07719238,9425736,356068080.0,,
2017-05-11,300072,27.77373718,29.02548988,27.5385594,29.02548988,12870662,483672848.0,,
2017-05-12,300072,29.21514938,29.65515942,28.91928056,29.46549992,11379916,439423296.0,,
2017-05-15,300072,29.7386096,30.47448846,29.68550494,29.88275082,14057240,559060160.0,,
2017-05-16,300072,29.80688702,30.58069778,29.6627458,30.55793864,12959959,517785568.0,,
2017-05-17,300072,30.55793864,30.86139384,30.25448344,30.43655656,11213970,450859648.0,,
2017-05-18,300072,30.3075881,30.69449348,29.82205978,29.82205978,10272052,408937088.0,,
2017-05-19,300072,29.966201,30.07241032,29.5110182,29.72343684,6618783,259537245.0,,
2017-05-22,300072,29.966201,30.4593157,29.5110182,29.99654652,9538725,377862176.0,,
2017-05-23,300072,29.99654652,30.2696562,29.59446838,30.0799967,11702397,462252080.0,,
2017-05-24,300072,29.8903372,30.48966122,29.5110182,30.40621104,9662924,383468448.0,,
2017-05-25,300072,30.1558605,30.31517448,28.85858952,29.51860458,20931280,813801200.0,,
2017-05-26,300072,29.4730863,29.75378236,26.56750276,26.56750276,53064716,1919710096.0,,
2017-05-31,300072,27.64476872,27.64476872,24.5798712,25.42954576,50343258,1723436528.0,,
2017-06-01,300072,25.17919522,26.12749272,25.17919522,25.55092784,18643015,631663904.0,,
2017-06-02,300072,25.29299092,26.55233,25.20195436,26.35508412,17168752,592069296.0,,
2017-06-05,300072,26.48405258,27.03785832,26.48405258,26.96199452,13651289,483270112.0,,
2017-06-06,300072,26.9695809,27.26544972,26.73440312,27.0075128,7790982,276928256.0,,
2017-06-07,300072,27.0075128,27.44752284,26.86337158,27.24269058,9333796,334436992.0,,
2017-06-08,300072,27.07579022,27.4626956,26.71923036,27.21234506,11153574,397525536.0,,
2017-06-09,300072,27.30338162,27.36407266,26.97716728,27.1971723,5868045,210020230.0,,
2017-06-12,300072,27.13648126,27.45510922,27.02268556,27.10613574,6159141,220811335.0,,
2017-06-13,300072,27.07579022,27.44752284,26.8557852,27.33372714,6848452,245568731.0,,
2017-06-14,300072,27.3488999,27.3488999,26.57508914,26.67371208,9100146,323084944.0,,
2017-06-15,300072,26.5902619,27.26544972,26.5902619,26.94682176,6094758,216953034.0,,
2017-06-16,300072,27.15165402,27.40959094,27.02268556,27.24269058,7156409,257122401.0,,
2017-06-19,300072,27.310968,27.4626956,27.05303108,27.30338162,8171605,293113424.0,,
2017-06-20,300072,27.86477374,28.73720744,27.85718736,28.069606,17591205,655058192.0,,
2017-06-21,300072,28.21374722,28.45651138,27.86477374,28.20616084,8761994,324609696.0,,
2017-06-22,300072,28.28961102,28.42616586,27.7282189,27.75856442,8950573,331793424.0,,
2017-06-23,300072,27.66752786,27.9558103,27.3868318,27.9178784,7434032,271346192.0,,
2017-06-26,300072,27.96339668,28.03926048,27.5385594,27.79649632,7898080,288986112.0,,
2017-06-27,300072,27.7661508,28.43375224,27.72063252,28.1075379,9919261,368076384.0,,
2017-06-28,300072,28.069606,28.069606,27.54614578,27.86477374,8086995,296529632.0,,
2017-06-29,300072,27.92546478,28.1075379,27.8420146,27.92546478,5180538,190760637.0,,
2017-06-30,300072,27.97098306,28.17581532,27.8420146,28.1075379,5793111,214107304.0,,
2017-07-03,300072,28.26685188,29.04066264,28.1834017,28.94962608,12844361,486135776.0,,
2017-07-04,300072,29.0179035,29.10894006,28.46409776,28.58547984,9169723,347017840.0,,
2017-07-05,300072,28.6765164,28.9799716,28.55513432,28.66893002,7012514,265694867.0,,
2017-07-06,300072,28.72203468,28.78272572,28.069606,28.3730612,10947184,409126128.0,,
2017-07-07,300072,28.38064758,28.43375224,27.6144232,28.4109931,13078466,482691808.0,,
2017-07-10,300072,28.2971974,28.2971974,25.57368698,26.68129846,26069954,914333648.0,,
2017-07-11,300072,26.3247386,26.7419895,26.0971472,26.4764662,10868863,378504064.0,,
2017-07-12,300072,26.4006024,26.80268054,26.33232498,26.69647122,6042192,212204740.0,,
2017-07-13,300072,26.80268054,26.80268054,26.4006024,26.41577516,5549025,194153016.0,,
2017-07-14,300072,26.46129344,26.46129344,23.7833013,24.1246884,31422330,1003955088.0,,
2017-07-17,300072,23.6695056,24.24607048,22.7212081,23.3281185,27541043,849731600.0,,
2017-07-18,300072,23.138459,24.0867565,23.12328624,23.85157872,10804593,335902080.0,,
2017-07-19,300072,23.76054216,24.49642102,23.60881456,24.48883464,11118400,353981040.0,,
2017-07-20,300072,24.7315988,25.74817372,24.7315988,25.04264038,12962963,432618016.0,,
2017-07-21,300072,24.7315988,25.15643608,24.5798712,24.82263536,9050170,295913984.0,,
2017-07-24,300072,24.5040074,24.57228482,23.67709198,23.9350289,12475501,395736272.0,,
2017-07-25,300072,24.09434288,24.1626203,23.32053212,23.47225972,11274704,353245344.0,,
2017-07-26,300072,23.47225972,23.73778302,23.07776796,23.26742746,11068431,340189760.0,,
2017-07-27,300072,23.2143228,24.52676654,23.19915004,24.23089772,15809599,500046016.0,,
2017-07-28,300072,24.34469342,24.62538948,23.9729608,23.98813356,10472876,334890224.0,,
2017-07-31,300072,23.85157872,23.85157872,22.9108676,23.2522547,20309542,620087696.0,,
2017-08-01,300072,23.07018158,23.38880954,23.07018158,23.25984108,10279647,315036272.0,,
2017-08-02,300072,23.3281185,23.42674144,22.69844896,22.78948552,15881199,479733712.0,,
2017-08-03,300072,22.7212081,23.05500882,22.51637584,22.75914,11613672,348912448.0,,
2017-08-04,300072,22.75914,22.95638588,22.4556848,22.75914,9151170,274489360.0,,
2017-08-07,300072,22.75914,23.19156366,22.69844896,23.03983606,9016558,272936176.0,,
2017-08-08,300072,22.9867314,23.34329126,22.9108676,23.07018158,10021323,305273216.0,,
2017-08-09,300072,23.0625952,24.44331636,22.9487995,24.1246884,22935294,717748064.0,,
2017-08-10,300072,23.98813356,24.4660755,23.5936418,23.92744252,12532228,397834736.0,,
2017-08-11,300072,23.85157872,24.26124324,23.50260524,23.8212332,11348920,356677920.0,,
2017-08-14,300072,23.897097,24.26882962,23.79088768,24.22331134,11884181,377967712.0,,
2017-08-15,300072,24.22331134,24.3522798,23.7453694,23.98054718,11822263,374866848.0,,
2017-08-16,300072,23.88192424,24.3522798,23.63916008,24.22331134,12694900,403698960.0,,
2017-08-17,300072,24.32193428,24.95160382,24.24607048,24.42055722,14810351,481327296.0,,
2017-08-18,300072,24.25365686,24.83780812,24.14744754,24.45090274,8405699,271723488.0,,
2017-08-21,300072,24.37503894,24.64056224,24.18537944,24.29158876,7751776,248575818.0,,
2017-08-22,300072,24.40538446,24.68608052,24.28400238,24.35986618,6725418,216628547.0,,
2017-08-23,300072,24.37503894,25.1109178,24.37503894,24.94401744,17514774,573950640.0,,
2017-08-24,300072,24.8833264,25.6798963,24.77711708,25.24747264,15681271,523445392.0,,
2017-08-25,300072,25.23988626,25.67230992,25.035054,25.6419644,9851742,329436096.0,,
2017-08-28,300072,25.6419644,25.77093286,25.30816368,25.47506404,16544849,555853440.0,,
2017-08-29,300072,25.3385092,25.52058232,24.2384841,25.035054,21433380,701549872.0,,
2017-08-30,300072,24.78470346,25.10333142,24.48883464,24.8453945,9955534,324573248.0,,
2017-08-31,300072,24.79228984,24.96677658,24.3522798,24.45848912,10840387,350845360.0,,
2017-09-01,300072,24.3522798,24.79228984,24.3143479,24.5040074,8577958,277892048.0,,
2017-09-04,300072,24.48124826,25.09574504,24.35986618,24.98953572,13970940,457912176.0,,
2017-09-05,300072,25.0729859,25.1109178,24.6178031,24.66332138,9222046,301590688.0,,
2017-09-06,300072,24.62538948,24.79228984,24.36745256,24.6936669,7703502,249402537.0,,
2017-09-07,300072,24.6936669,25.6798963,24.44331636,25.3764411,23646755,787466112.0,,
2017-09-08,300072,25.63437802,25.66472354,24.9971221,25.1109178,12383758,412211120.0,,
2017-09-11,300072,24.98953572,24.9971221,24.53435292,24.59504396,14238716,462426480.0,,
2017-09-12,300072,24.48883464,24.71642604,24.276416,24.4281436,14896099,479728228.11,,
2017-09-13,300072,24.38262532,24.6936669,24.30676152,24.45090274,8874203,286105956.56,,
2017-09-14,300072,24.52676654,24.64056224,24.1246884,24.17779306,10086824,323528683.92,,
2017-09-15,300072,24.17779306,24.41297084,23.76812854,24.32193428,9955827,315287107.76,,
2017-09-18,300072,24.2005522,24.26882962,23.9350289,24.0488246,7048864,223505157.12,,
2017-09-19,300072,24.05641098,24.14744754,23.62398732,23.84399234,13111322,412023674.51,,
2017-09-20,300072,23.82881958,23.99571994,23.76054216,23.86675148,6828764,214965636.8,,
2017-09-21,300072,23.90468338,23.9350289,23.71502388,23.82881958,5526209,173404486.04,,
2017-09-22,300072,23.79088768,23.82881958,23.58605542,23.79847406,4723734,147608308.84,,
2017-09-25,300072,23.79847406,23.98813356,23.71502388,23.80606044,5422701,170780990.21,,
2017-09-26,300072,23.8591651,24.01847908,23.34329126,23.38122316,6089265,189428877.05,,
2017-09-27,300072,23.39639592,23.64674646,23.31294574,23.44950058,5096928,157564182.35,,
2017-09-28,300072,23.517778,23.57088266,23.12328624,23.12328624,7294900,223871865.49,,
2017-09-29,300072,23.14604538,23.24466832,22.77431276,23.12328624,9279305,281758898.11,,
2017-10-09,300072,23.2143228,23.80606044,23.04742244,23.7453694,12439183,383598958.64,,
2017-10-10,300072,24.1626203,24.86815364,24.1626203,24.49642102,22894192,741034671.28,,
2017-10-11,300072,24.5040074,24.8453945,24.35986618,24.6178031,14074911,457132541.9,,
2017-10-12,300072,24.79228984,25.6419644,24.66332138,25.50540956,25266273,844321624.11,,
2017-10-13,300072,25.53575508,28.05443324,25.30816368,28.05443324,53453662,1929029664.91,,
2017-10-16,300072,28.89652142,28.91928056,27.67511424,27.89511926,37369630,1393306678.96,,
2017-10-17,300072,28.01650134,29.4730863,27.69787338,28.7523802,33133034,1250861966.4,,
2017-10-18,300072,28.49444328,29.42756802,27.90270564,28.23650636,30867186,1169486635.77,,
2017-10-19,300072,28.11512428,28.72203468,27.77373718,28.069606,16247351,605249408.28,,
2017-10-20,300072,27.97856944,28.93445332,27.97856944,28.7144483,21004977,791435186.11,,
2017-10-23,300072,28.828244,29.5489501,28.4868569,29.14687196,21669471,833366195.0,,
2017-10-24,300072,28.9799716,29.0558354,28.2592655,28.57030708,17372310,654870361.96,,
2017-10-25,300072,28.6006526,29.2834268,28.32754292,28.828244,15274840,579309994.51,,
2017-10-26,300072,28.7523802,28.7523802,26.2488748,27.25027696,35135558,1266177850.87,,
2017-10-27,300072,27.1592404,27.75097804,26.95440814,27.25027696,17181681,619363035.81,,
2017-10-30,300072,27.18199954,27.52338664,26.49922534,26.99234004,18645257,661186342.29,,
2017-10-31,300072,27.20475868,27.2730361,26.48405258,26.62060742,14245892,503049081.7,,
2017-11-01,300072,26.8178533,27.15165402,26.61302104,26.84061244,11977243,423574371.02,,
2017-11-02,300072,26.8557852,26.931649,25.6419644,25.76334648,19399503,666455170.16,,
2017-11-03,300072,25.77851924,26.04404254,25.51299594,25.62679164,11959327,405572544.58,,
2017-11-06,300072,25.84679666,26.14266548,25.78610562,26.05162892,10043411,343859442.81,,
2017-11-07,300072,26.06680168,26.7419895,25.64955078,26.7419895,15135412,522781316.21,,
2017-11-08,300072,26.55233,27.1592404,26.49922534,26.57508914,15084345,533856740.9,,
2017-11-09,300072,26.55233,27.310968,26.15783824,27.30338162,14538140,517494677.26,,
2017-11-10,300072,27.310968,27.86477374,27.20475868,27.48545474,15486395,561900582.53,,
2017-11-13,300072,27.37165904,27.6144232,26.8178533,27.12889488,16716315,599501893.47,,
2017-11-14,300072,27.25786334,27.88753288,26.99992642,27.75097804,18792422,682854861.39,,
2017-11-15,300072,27.690287,27.690287,26.65853932,27.2730361,15519328,556464282.81,,
2017-11-16,300072,27.10613574,27.1213085,26.62060742,26.88613072,8916511,315843450.84,,
2017-11-17,300072,26.72681674,26.80268054,25.93024684,26.0971472,16455570,569990141.96,,
2017-11-20,300072,26.04404254,26.34749774,25.76334648,26.31715222,7706889,265006488.48,,
2017-11-21,300072,26.14266548,26.49163896,25.80886476,26.16542462,9635853,331432829.45,,
2017-11-22,300072,26.27163394,26.46129344,25.9074877,26.37025688,12212059,421640293.22,,
2017-11-23,300072,26.38542964,26.39301602,25.39920024,25.414373,10535825,359251035.6,,
2017-11-24,300072,24.89849916,25.9833515,24.89849916,25.58127336,7768478,261352919.72,,
2017-11-27,300072,25.6040325,26.3626705,25.58127336,25.9454196,7906228,271893416.36,,
2017-11-28,300072,26.0971472,26.24128842,25.83921028,26.173011,5919381,203311940.14,,
2017-11-29,300072,26.15025186,26.88613072,25.9454196,26.71164398,10061219,352007069.34,,
2017-11-30,300072,26.68888484,26.68888484,25.80886476,26.173011,8479835,293361259.41,,
2017-12-01,300072,26.0592153,26.62060742,26.03645616,26.3626705,6099268,212527355.15,,
2017-12-04,300072,26.26404756,27.4247637,26.0971472,26.98475366,13111711,466217208.65,,
2017-12-05,300072,27.07579022,28.03926048,26.84061244,27.310968,17507581,634836129.89,,
2017-12-06,300072,27.0833766,27.91029202,26.87854434,27.45510922,14869114,538217063.09,,
2017-12-07,300072,27.37165904,27.4247637,26.6661257,26.9695809,9875743,352383714.24,,
2017-12-08,300072,26.80268054,27.37924542,26.78750778,27.22751782,8596281,307594241.13,,
2017-12-11,300072,27.1592404,27.82684184,27.1592404,27.5385594,10029687,364754195.33,,
2017-12-12,300072,27.5385594,27.5385594,26.8178533,26.87095796,8337186,297986156.93,,
2017-12-13,300072,26.7799214,27.63718234,26.7799214,27.63718234,11004947,397160631.97,,
2017-12-14,300072,27.68270062,27.91029202,27.41717732,27.69787338,8694672,316557029.65,,
2017-12-15,300072,27.690287,27.79649632,27.0833766,27.1971723,7451646,268794445.27,,
2017-12-18,300072,27.5764913,28.41857948,27.310968,28.09236514,17301858,640901633.16,,
2017-12-19,300072,27.98615582,28.34271568,27.9178784,28.09236514,10439326,386563878.13,,
2017-12-20,300072,28.1075379,28.8661759,27.94063754,28.47927052,16798715,631969485.44,,
2017-12-21,300072,28.6385845,28.66134364,28.1834017,28.5247888,12079033,452781541.92,,
2017-12-22,300072,28.53996156,28.6765164,27.9178784,28.07719238,12558036,466896744.81,,
2017-12-25,300072,28.08477876,28.51720242,27.9178784,28.1454698,10073182,375193799.81,,
2017-12-26,300072,28.13029704,28.4109931,27.6144232,28.23650636,9999581,368640063.7,,
2017-12-27,300072,28.1075379,28.22891998,27.31855438,27.40959094,10363979,379100376.53,,
2017-12-28,300072,27.30338162,27.66752786,26.9695809,26.97716728,11148966,400610511.22,,
2017-12-29,300072,27.06820384,27.1971723,25.99093788,26.65095294,20357412,710786062.44,,
2018-01-02,300072,26.6661257,27.2730361,26.46129344,27.26544972,11589722,412073662.71,,
2018-01-03,300072,27.25786334,28.32754292,27.09854936,28.01650134,15219244,562077625.67,,
2018-01-04,300072,27.9937422,28.4109931,27.9178784,28.0316741,9916526,367611708.74,,
2018-01-05,300072,28.07719238,28.8661759,27.9937422,28.66893002,19758562,743470147.21,,
2018-01-08,300072,28.6385845,29.22273576,28.19098808,28.78272572,17048843,644192790.42,,
2018-01-09,300072,28.6765164,28.94962608,28.16064256,28.25167912,11763508,441962854.41,,
2018-01-10,300072,28.36547482,28.57789346,27.9178784,28.31237016,9592744,357083704.94,,
2018-01-11,300072,28.2971974,28.30478378,27.70545976,27.85718736,9963259,367119479.22,,
2018-01-12,300072,27.77373718,28.04684686,27.3868318,27.5385594,8303559,302661057.22,,
2018-01-15,300072,27.71304614,28.05443324,27.0833766,27.5006275,14499869,527498434.27,,
2018-01-16,300072,27.4247637,28.02408772,27.2351042,27.690287,10392137,378540180.46,,
2018-01-17,300072,27.32614076,27.60683682,26.7419895,27.310968,11159697,399710632.7,,
2018-01-18,300072,27.310968,27.5764913,26.98475366,27.1213085,10179327,365379974.22,,
2018-01-19,300072,26.92406262,27.82684184,26.63578018,27.64476872,13485541,487358217.59,,
2018-01-22,300072,27.62200958,28.2213336,27.3868318,28.07719238,11437404,420804335.85,,
2018-01-23,300072,28.4109931,28.41857948,27.6144232,27.73580528,10505450,386444251.28,,
2018-01-24,300072,27.73580528,28.57789346,27.44752284,28.5627207,16726518,621979162.17,,
2018-01-25,300072,28.66134364,30.4593157,28.46409776,29.56412286,30213396,1179136025.17,,
2018-01-26,300072,29.586882,29.8903372,29.29101318,29.586882,14151730,552190175.61,,
2018-01-29,300072,29.8144734,30.44414294,29.5110182,29.8524053,19110104,756263277.93,,
2018-01-30,300072,29.8144734,30.4972476,29.50343182,29.50343182,19699298,781524072.48,,
2018-01-31,300072,29.29859956,29.70826408,28.75996658,29.26066766,13782476,531697544.41,,
2018-02-01,300072,29.1316992,29.79930064,28.19098808,28.26685188,17321786,661384535.79,,
2018-02-02,300072,28.1454698,28.9799716,28.07719238,28.28961102,13908049,523580604.81,,
2018-02-05,300072,28.01650134,28.7903121,27.93305116,28.66134364,12216767,459230181.8,,
2018-02-06,300072,28.15305618,28.66134364,25.793692,25.793692,28885904,1023969160.62,,
2018-02-07,300072,26.4764662,26.55233,23.2143228,24.56469844,42954431,1378215960.26,,
2018-02-08,300072,24.11710202,24.8074626,23.91226976,24.3902117,15289904,492993399.18,,
2018-02-09,300072,23.7453694,23.7453694,22.4936167,23.42674144,20049498,613316829.63,,
2018-02-12,300072,23.88192424,24.18537944,23.5557099,24.03365184,11540607,363628603.36,,
2018-02-13,300072,24.276416,24.79987622,24.04123822,24.04123822,10332975,331660033.39,,
2018-02-14,300072,24.18537944,24.41297084,23.98813356,24.34469342,5909738,188770926.53,,
2018-02-22,300072,24.58745758,24.7695307,24.276416,24.6178031,8790710,284507203.04,,
2018-02-23,300072,24.45848912,24.74677156,24.40538446,24.57228482,6115016,198018999.76,,
2018-02-26,300072,24.79987622,25.58127336,24.58745758,25.49782318,14762797,489960086.67,,
2018-02-27,300072,25.4902368,26.39301602,25.39161386,25.9833515,16419867,560900774.44,,
2018-02-28,300072,25.7178282,25.84679666,25.1109178,25.49782318,15157966,510214496.14,,
2018-03-01,300072,25.2626454,25.74058734,25.035054,25.63437802,11084642,372148222.9,,
2018-03-02,300072,25.40678662,25.59644612,24.74677156,25.11850418,12120448,401827871.43,,
2018-03-05,300072,25.20195436,25.44471852,24.96677658,25.42954576,7965151,264882325.99,,
2018-03-06,300072,25.54334146,25.61161888,25.02746762,25.16402246,9974418,331809404.51,,
2018-03-07,300072,25.2247135,25.36885472,24.71642604,24.71642604,8951487,295598376.27,,
2018-03-08,300072,24.79228984,25.67230992,24.60263034,25.66472354,12214740,405417456.87,,
2018-03-09,300072,25.67230992,26.0592153,25.58127336,25.96059236,14897105,508584981.64,,
2018-03-12,300072,26.18818376,26.65853932,25.96059236,25.97576512,14674503,508640650.23,,
2018-03-13,300072,25.99093788,26.23370204,25.47506404,25.61920526,10333577,349884602.28,,
2018-03-14,300072,25.48265042,25.86196942,25.39920024,25.5281687,7704774,259563013.61,,
2018-03-15,300072,25.55851422,25.55851422,25.0729859,25.5281687,7218103,240852195.56,,
2018-03-16,300072,25.5281687,25.59644612,25.035054,25.04264038,6770660,225386276.41,,
2018-03-19,300072,25.04264038,25.27781816,24.66332138,24.7695307,9495384,312980066.96,,
2018-03-20,300072,24.56469844,24.64056224,23.8591651,24.55711206,10836229,346881920.68,,
2018-03-21,300072,24.48883464,25.16402246,24.48883464,24.64814862,8623294,282605685.09,,
2018-03-22,300072,24.64814862,24.86056726,24.17779306,24.43572998,6094196,196974323.52,,
2018-03-23,300072,23.45708696,24.1246884,22.75914,22.99431778,14548319,448832469.13,,
2018-03-26,300072,22.62258516,23.6315737,22.6074124,23.52536438,10620036,322974793.26,,
2018-03-27,300072,23.82881958,24.6178031,23.62398732,24.55711206,14059706,445705357.46,,
2018-03-28,300072,24.276416,24.61021672,23.94261528,23.95778804,10758644,344927522.52,,
2018-03-29,300072,24.1626203,24.48883464,23.7453694,24.29917514,8660045,275934991.22,,
2018-03-30,300072,24.4660755,24.86056726,24.32952066,24.5798712,8066320,261982022.04,,
2018-04-02,300072,24.57228482,24.61021672,23.96537442,23.99571994,11894997,379435727.73,,
2018-04-03,300072,23.7453694,23.7453694,23.29777298,23.33570488,11711101,362867420.44,,
2018-04-04,300072,23.33570488,23.58605542,23.1763909,23.23708194,8085193,249439599.72,,
2018-04-09,300072,23.28260022,24.1626203,23.27501384,23.88192424,11925455,374345375.3,,
2018-04-10,300072,23.94261528,24.39779808,23.8212332,24.23089772,7716203,246378300.67,,
2018-04-11,300072,24.42055722,24.52676654,23.90468338,23.98813356,7428079,236864324.49,,
2018-04-12,300072,23.9729608,24.25365686,23.76812854,23.76812854,5906198,186464912.14,,
2018-04-13,300072,23.98054718,24.01847908,23.4419142,23.5557099,5764923,179942027.98,,
2018-04-16,300072,23.5557099,23.5557099,23.5557099,23.5557099,0,0.0,,
2018-04-17,300072,23.517778,23.57846904,21.25703676,21.47704178,23001455,670374763.12,,
2018-04-18,300072,21.60601024,21.68187404,19.33009624,20.103907,35736931,945319684.72,,
2018-04-19,300072,19.8763156,21.37841884,19.73976076,21.26462314,22240947,600088453.27,,
2018-04-20,300072,21.2797959,21.41635074,20.6349536,21.27220952,13968870,389104995.51,,
2018-04-23,300072,21.1660002,21.72739232,21.0901364,21.25703676,9133647,256788498.92,,
2018-04-24,300072,21.37841884,21.4315235,21.10530916,21.26462314,10922488,306197008.34,,
2018-04-25,300072,21.17358658,21.29496866,20.49081238,21.2797959,11539507,318470121.85,,
2018-04-26,300072,21.241864,21.241864,20.32391202,20.38460306,9092337,248703196.88,,
2018-04-27,300072,20.58184894,20.85495862,20.49839876,20.80185396,6999163,191373910.55,,
2018-05-02,300072,20.49839876,21.36324608,20.49839876,21.02944536,9464029,262333924.41,,
2018-05-03,300072,21.02185898,21.2797959,20.73357654,21.0522045,7897061,219216426.28,,
2018-05-04,300072,21.12048192,21.28738228,20.94599518,20.96116794,6379315,177487833.78,,
2018-05-07,300072,21.05979088,21.3177278,21.0522045,21.21910486,9370977,261739861.78,,
2018-05-08,300072,21.3556597,21.66670128,21.21910486,21.241864,11491375,324761656.16,,
2018-05-09,300072,21.21151848,21.37083246,21.0142726,21.25703676,6092077,170145043.64,,
2018-05-10,300072,21.24945038,21.41635074,21.10530916,21.17358658,7168164,200624982.32,,
2018-05-11,300072,20.99151346,21.0901364,20.61219446,20.862545,10653805,292590986.94,,
2018-05-14,300072,20.7866812,21.0142726,20.23287546,20.23287546,12199649,330641099.56,,
2018-05-15,300072,20.37701668,21.0901364,20.33908478,20.96116794,14037085,385213689.02,,
2018-05-16,300072,20.93082242,21.14324106,20.81702672,20.95358156,7973925,220525633.46,,
2018-05-17,300072,21.0901364,21.0901364,20.8246131,20.9384088,5432972,149854136.79,,
2018-05-18,300072,20.95358156,21.00668622,20.483226,20.69564464,7912346,215601134.11,,
2018-05-21,300072,21.0522045,21.6591149,21.0522045,21.40876436,18757846,529841201.84,,
2018-05-22,300072,21.4694554,21.5073873,21.11289554,21.21910486,8732582,245478151.16,,
2018-05-23,300072,21.13565468,21.29496866,20.73357654,20.75633568,8471474,233942726.96,,
2018-05-24,300072,20.70323102,20.94599518,20.39977582,20.89289052,10831778,295393899.59,,
2018-05-25,300072,20.7108174,20.99151346,20.24804822,20.49839876,12229050,331202107.11,,
2018-05-28,300072,20.47563962,20.61219446,19.35285538,19.63355144,14338866,373010794.57,,
2018-05-29,300072,19.63355144,19.63355144,19.63355144,19.63355144,0,0.0,,
2018-05-30,300072,19.63355144,19.63355144,19.63355144,19.63355144,0,0.0,停牌,
2018-05-31,300072,19.63355144,19.63355144,19.63355144,19.63355144,0,0.0,停牌,
2018-06-01,300072,19.63355144,19.63355144,19.63355144,19.63355144,0,0.0,停牌,
2018-06-04,300072,20.4073622,21.59842386,19.8004518,20.6349536,36691282,1015524811.24,,
2018-06-05,300072,20.6349536,20.77150844,20.05838872,20.42253496,12005312,321507514.44,,
2018-06-06,300072,20.39218944,20.39218944,19.6487242,19.73976076,11485498,302418007.73,,
2018-06-07,300072,19.94459302,20.24804822,19.77010628,20.04321596,8713702,229604488.17,,
2018-06-08,300072,20.01287044,20.01287044,19.63355144,19.83079732,5593485,145879930.76,,
2018-06-11,300072,19.8383837,19.90666112,19.6487242,19.71700162,4977098,129686171.16,,
2018-06-12,300072,19.8763156,20.08114786,19.75493352,19.90666112,7323879,192314150.76,,
2018-06-13,300072,19.8383837,19.93700664,19.5349285,19.73976076,8248104,213537993.2,,
2018-06-14,300072,19.7625199,19.92183388,19.48182384,19.54251488,6604194,170795780.16,,
2018-06-15,300072,19.52734212,19.58044678,17.58522884,17.66109264,22206476,530266073.53,,
2018-06-19,300072,17.66109264,17.66109264,17.66109264,17.66109264,0,0.0,,
2018-06-20,300072,17.66109264,17.66109264,17.66109264,17.66109264,0,0.0,停牌,
2018-06-21,300072,17.66109264,17.66109264,17.66109264,17.66109264,0,0.0,停牌,
2018-06-22,300072,17.66109264,17.66109264,17.66109264,17.66109264,0,0.0,停牌,
2018-06-25,300072,17.66109264,17.66109264,17.66109264,17.66109264,0,0.0,停牌,
2018-06-26,300072,17.66109264,17.66109264,17.66109264,17.66109264,0,0.0,停牌,
2018-06-27,300072,17.66109264,17.66109264,17.66109264,17.66109264,0,0.0,停牌,
2018-06-28,300072,17.66109264,17.66109264,17.66109264,17.66109264,0,0.0,停牌,
2018-06-29,300072,17.66109264,17.66109264,17.66109264,17.66109264,0,0.0,停牌,
2018-07-02,300072,17.66109264,17.66109264,17.66109264,17.66109264,0,0.0,停牌,
2018-07-03,300072,17.66109264,17.66109264,17.66109264,17.66109264,0,0.0,停牌,
2018-07-04,300072,17.66109264,17.66109264,17.66109264,17.66109264,0,0.0,停牌,
2018-07-05,300072,17.66109264,17.66109264,17.66109264,17.66109264,0,0.0,停牌,
2018-07-06,300072,17.66109264,17.66109264,17.66109264,17.66109264,0,0.0,停牌,
2018-07-09,300072,17.66109264,17.66109264,17.66109264,17.66109264,0,0.0,停牌,
2018-07-10,300072,18.207312,18.76111774,17.68385178,18.29076218,26083082,624418278.86,,
2018-07-11,300072,18.61697652,18.61697652,17.827993,18.21489838,15460481,371689460.15,,
2018-07-12,300072,18.4349034,18.79904964,18.06317078,18.70801308,10424613,252378201.0,,
2018-07-13,300072,18.816954,18.816954,18.3712893,18.43071126,9419982,176250180.44,,
2018-07-16,300072,18.3712893,18.3712893,17.73745506,17.96523924,11967117,216808933.88,,
2018-07-17,300072,18.9159906,18.9655089,18.44061492,18.5693625,13356607,251957623.18,,
2018-07-18,300072,18.4703259,19.37155896,18.46042224,18.816954,15415315,295756613.01,,
2018-07-19,300072,18.92589426,19.20319674,18.70801374,18.77733936,8548144,163498062.38,,
2018-07-20,300072,18.89618328,18.97541256,18.67830276,18.816954,6930888,131736551.16,,
2018-07-23,300072,18.8664723,19.42107726,18.54955518,19.30223334,14502254,277855543.86,,
2018-07-24,300072,19.52011386,19.9063566,19.0645455,19.56963216,17463434,345375026.2,,
2018-07-25,300072,19.59934314,19.64886144,19.13387112,19.28242602,9830039,191697645.93,,
2018-07-26,300072,19.28242602,19.38146262,18.94570158,19.00512354,6770699,130458232.84,,
2018-07-27,300072,19.04473818,19.08435282,18.92589426,18.97541256,4965983,95188838.4,,
2018-07-30,300072,18.92589426,19.15367844,18.53965152,18.97541256,8218820,156154343.69,,
2018-07-31,300072,19.0150272,19.09425648,18.69811008,18.9655089,5223174,99769619.95,,
2018-08-01,300072,19.0150272,19.1140638,18.67830276,18.67830276,6017468,114622845.25,,
2018-08-02,300072,18.57926616,18.59907348,17.826588,18.15340878,7729018,142253457.78,,
2018-08-03,300072,18.13360146,18.23263806,17.826588,18.01475754,5129739,93088640.43,,
2018-08-06,300072,18.01475754,18.13360146,17.24227206,17.79687702,7950699,142607671.51,,
2018-08-07,300072,17.7275514,18.19302342,17.7275514,18.14350512,7334355,133098462.11,,
2018-08-08,300072,18.2722527,18.2722527,17.88600996,18.01475754,4774885,86901364.0,,
2018-08-09,300072,18.08408316,18.26234904,17.88600996,18.13360146,6612612,121241075.34,,
2018-08-10,300072,18.13360146,18.13360146,17.66812944,17.80678068,9304546,167420612.85,,
2018-08-13,300072,17.68793676,17.68793676,16.91545128,17.31159768,13770681,240114904.67,,
2018-08-14,300072,17.42053794,17.61861114,16.90554762,17.00458422,11039157,191804071.79,,
2018-08-15,300072,17.06400618,17.06400618,15.3011547,16.01421822,45456971,725850479.48,,
2018-08-16,300072,15.80624136,15.80624136,14.86539366,14.92481562,17027928,261902762.37,,
2018-08-17,300072,15.2516364,15.2516364,14.87529732,14.94462294,12972580,196869356.94,,
2018-08-20,300072,15.0535632,15.0535632,13.44917028,13.44917028,33445008,463093863.7,,
2018-08-21,300072,13.31051904,13.59772518,12.84504702,13.35013368,30627687,410767055.18,,
2018-08-22,300072,13.28080806,13.36003734,12.85495068,13.08273486,17427688,229650277.92,,
2018-08-23,300072,13.0728312,13.31051904,12.53803356,13.1718678,25206388,329966362.64,,
2018-08-24,300072,13.16196414,13.20157878,12.93417996,13.18177146,12351339,163139551.59,,
2018-08-27,300072,13.2709044,13.36003734,13.1223495,13.29071172,15448568,206818006.33,,
2018-08-28,300072,13.36003734,13.8156057,13.2213861,13.54820688,24587487,335940241.14,,
2018-08-29,300072,13.5680142,13.62743616,13.18177146,13.55811054,17870015,241679476.22,,
2018-08-30,300072,13.55811054,13.55811054,13.369941,13.49868858,10429206,141613995.23,,
2018-08-31,300072,13.4689776,13.48878492,13.23128976,13.42936296,10015512,135061799.2,,
2018-09-03,300072,13.33032636,13.45907394,13.24119342,13.4194593,6976715,93993649.32,,
2018-09-04,300072,13.369941,13.49868858,13.2709044,13.39965198,7531141,101823253.33,,
2018-09-05,300072,13.369941,13.59772518,13.2213861,13.25109708,10372227,140402065.48,,
2018-09-06,300072,13.19167512,13.2213861,12.86485434,12.86485434,9248701,121686848.7,,
2018-09-07,300072,12.874758,13.01340924,12.6766848,12.95398728,11661374,151739231.49,,
2018-09-10,300072,12.94408362,12.94408362,12.54793722,12.54793722,9364351,120125651.35,,
2018-09-11,300072,12.55784088,12.73610676,12.46870794,12.73610676,10705662,136254726.51,,
2018-09-12,300072,12.69649212,12.91437264,12.60735918,12.74601042,8883056,114784882.05,,
2018-09-13,300072,12.83514336,13.01340924,12.63707016,12.74601042,10133889,131109321.25,,
2018-09-14,300072,12.79552872,14.02358256,12.76581774,13.47888126,34267027,471429778.0,,
2018-09-17,300072,13.40955564,13.78589472,13.2213861,13.26100074,15474845,210035065.01,,
2018-09-18,300072,13.25109708,13.78589472,13.18177146,13.55811054,14132171,192851529.11,,
2018-09-19,300072,13.5680142,14.22165576,13.44917028,13.92454596,22776125,316856304.05,,
2018-09-20,300072,13.95425694,14.2612704,13.865124,13.94435328,13907757,196706623.72,,
2018-09-21,300072,13.93444962,14.0631972,13.52839956,13.93444962,16081305,224646559.64,,
2018-09-25,300072,13.80570204,13.8156057,13.48878492,13.62743616,10561381,145116576.3,,
2018-09-26,300072,13.7165691,14.33059602,13.65714714,14.13252282,19189350,270294969.65,,
2018-09-27,300072,14.0631972,14.2612704,13.98396792,14.14242648,13942412,198954164.21,,
2018-09-28,300072,14.17213746,14.82577902,13.97406426,14.74654974,18485916,269484030.27,,
2018-10-08,300072,14.41972896,14.7069351,14.22165576,14.22165576,14658285,213574706.64,,
2018-10-09,300072,14.27117406,14.62770582,14.23155942,14.34049968,11456469,167028543.12,,
2018-10-10,300072,14.43953628,14.89510464,14.38011432,14.68712778,14441077,214248850.92,,
2018-10-11,300072,14.15233014,14.23155942,13.59772518,13.865124,17503201,245768983.47,,
2018-10-12,300072,13.74628008,14.1127155,13.59772518,13.9146423,11811768,165465620.5,,
2018-10-15,300072,12.5281299,12.74601042,12.5281299,12.5281299,13077065,165714146.42,,
2018-10-16,300072,12.46870794,12.46870794,11.28026874,11.28026874,33171224,399423297.33,,
2018-10-17,300072,11.3396907,11.5377639,10.2007698,10.4483613,32052289,344863467.13,,
2018-10-18,300072,10.68604914,11.15152116,10.56720522,10.80489306,26131510,286622172.51,,
2018-10-19,300072,10.6959528,11.15152116,10.4978796,10.87421868,23360210,255993102.73,,
2018-10-22,300072,11.07229188,11.96362128,11.01286992,11.66651148,28280951,328773077.09,,
2018-10-23,300072,11.5872822,12.41918964,11.40901632,11.884392,26640150,320747590.25,,
2018-10-24,300072,11.96362128,12.0824652,11.5377639,11.6368005,17459120,207808914.02,,
2018-10-25,300072,11.27036508,11.45853462,11.1416175,11.22084678,15120082,172157900.82,,
2018-10-26,300072,11.3396907,11.57737854,11.12181018,11.23075044,10560267,120764960.41,,
2018-10-29,300072,11.1911358,11.21094312,10.90392966,10.98315894,8708240,97287960.38,,
2018-10-30,300072,11.0425809,11.26046142,10.92373698,11.07229188,10140829,113587600.92,,
2018-10-31,300072,11.1416175,11.32978704,11.10200286,11.2406541,12006086,135965230.92,,
2018-11-01,300072,11.3396907,11.54766756,11.25055776,11.35949802,15652769,180467178.3,,
2018-11-02,300072,11.71602978,12.48851526,11.70612612,12.04285056,22590178,271496398.42,,
2018-11-05,300072,11.99333226,12.5281299,11.85468102,12.27063474,24281100,299928935.16,,
2018-11-06,300072,12.11217618,12.11217618,11.7853554,12.0329469,12623515,152334361.29,,
2018-11-07,300072,12.0329469,12.15179082,11.82497004,11.9339103,13990770,168918177.86,,
2018-11-08,300072,12.12207984,12.14188716,11.80516272,11.82497004,10012877,120846484.84,,
2018-11-09,300072,11.64670416,11.94381396,11.5872822,11.74574076,8413163,99926379.17,,
2018-11-12,300072,11.81506638,12.24092376,11.74574076,12.20130912,17490141,212414878.09,,
2018-11-13,300072,12.02304324,12.35976768,11.9834286,12.2310201,24109819,296615337.55,,
2018-11-14,300072,12.32015304,12.35976768,11.99333226,12.2310201,17724010,217699621.65,,
2018-11-15,300072,12.1319835,12.32015304,12.0824652,12.26073108,15990842,197155501.47,,
2018-11-16,300072,12.3300567,12.35976768,12.15179082,12.34986402,16762242,207508806.35,,
2018-11-19,300072,12.29044206,12.35976768,11.89429566,12.10227252,19030629,231481513.1,,
2018-11-20,300072,11.9339103,12.10227252,11.61699318,11.61699318,16436364,196952071.14,,
2018-11-21,300072,11.4387273,11.4387273,11.1416175,11.30007606,19988319,227985225.44,,
2018-11-22,300072,11.31988338,11.389209,11.11190652,11.1416175,12003970,135933382.74,,
2018-11-23,300072,11.26046142,11.26046142,10.31961372,10.36913202,23705065,254346986.9,,
2018-11-26,300072,10.19086614,10.31961372,10.03240758,10.13144418,14522050,149060725.31,,
2018-11-27,300072,10.21067346,10.27999908,10.08192588,10.18096248,9977004,102558309.7,,
2018-11-28,300072,10.18096248,11.16142482,10.18096248,11.1416175,27527496,298917462.94,,
2018-11-29,300072,11.0920992,11.1416175,10.78508574,10.78508574,18032176,199047912.39,,
2018-11-30,300072,10.8445077,10.92373698,10.65633816,10.90392966,10623811,116130815.7,,
2018-12-03,300072,11.1911358,11.3396907,11.0920992,11.23075044,16775937,190047555.89,,
2018-12-04,300072,11.21094312,11.26046142,11.05248456,11.16142482,10705581,120756155.83,,
2018-12-05,300072,11.00296626,11.23075044,10.85441136,11.1416175,12863147,143014493.01,,
2018-12-06,300072,11.07229188,11.07229188,10.88412234,10.90392966,8585747,94977834.64,,
2018-12-07,300072,10.9435443,11.11190652,10.92373698,11.0425809,6283178,69995313.39,,
2018-12-10,300072,11.03267724,11.08219554,10.72566378,10.77518208,7847095,86056848.24,,
2018-12-11,300072,10.75537476,11.28026874,10.75537476,11.1911358,13700046,153039903.82,,
2018-12-12,300072,11.21094312,11.36940168,11.07229188,11.26046142,13788770,156455530.89,,
2018-12-13,300072,11.32978704,11.50805292,11.21094312,11.42882364,17433028,200428401.57,,
2018-12-14,300072,11.41891998,11.54766756,10.8445077,10.86431502,16181064,182712084.82,,
2018-12-17,300072,10.93364064,11.389209,10.87421868,10.92373698,19529070,218210299.61,,
2018-12-18,300072,10.894026,11.02277358,10.81479672,10.91383332,8396693,92582281.79,,
2018-12-19,300072,10.98315894,10.98315894,10.5473979,10.56720522,10308693,111428410.15,,
2018-12-20,300072,10.61672352,10.78508574,10.51768692,10.78508574,8653447,93006380.1,,
2018-12-21,300072,10.7454711,10.81479672,10.53749424,10.6464345,8023766,86109576.47,,
2018-12-24,300072,10.56720522,10.70585646,10.40874666,10.5969162,8760827,93463432.84,,
2018-12-25,300072,10.40874666,10.45826496,10.02250392,10.21067346,15112800,155484985.69,,
2018-12-26,300072,10.22057712,10.33942104,10.0522149,10.0522149,10380701,106275143.23,,
2018-12-27,300072,10.18096248,10.24038444,9.72539412,9.73529778,15058441,152264063.33,,
2018-12-28,300072,9.72539412,9.82443072,9.6065502,9.74520144,10893842,106751166.42,,
2019-01-02,300072,9.87394902,9.88385268,9.64616484,9.74520144,7435783,73225203.21,,
2019-01-03,300072,9.77491242,9.87394902,9.53722458,9.54712824,10362092,101074213.2,,
2019-01-04,300072,9.38866968,9.46789896,8.80435374,9.3094404,23087195,213484729.89,,
2019-01-07,300072,9.31934406,9.408477,9.23021112,9.408477,16568133,156008246.87,,
2019-01-08,300072,9.36886236,9.38866968,9.10146354,9.13117452,16808611,156074904.66,,
2019-01-09,300072,9.17078916,9.48770628,9.14107818,9.2104038,21938099,206235110.16,,
2019-01-10,300072,9.2104038,9.3589587,9.14107818,9.1608855,12671373,118191629.05,,
2019-01-11,300072,9.20050014,9.23021112,8.8637757,9.04204158,20369656,185390443.01,,
2019-01-14,300072,9.0618489,9.09155988,8.87367936,8.89348668,12000685,108481304.01,,
2019-01-15,300072,8.85387204,8.8637757,8.418111,8.65579884,32402098,280349122.85,,
2019-01-16,300072,8.63599152,8.67560616,8.43791832,8.48743662,18802031,162385575.85,,
2019-01-17,300072,8.50724394,8.5171476,8.16061584,8.19032682,28060653,235917378.58,,
2019-01-18,300072,8.25965244,8.49734028,8.25965244,8.34878538,26979755,227722222.99,,
2019-01-21,300072,8.43791832,8.4676293,8.29926708,8.418111,21625581,183307408.71,,
2019-01-22,300072,8.418111,8.48743662,8.24974878,8.29926708,20671505,174861259.75,,
2019-01-23,300072,8.24974878,8.27945976,7.86350604,8.01206094,29243849,237899029.0,,
2019-01-24,300072,8.0714829,8.24974878,8.03186826,8.16061584,23577554,194491058.45,,
2019-01-25,300072,8.21013414,8.83406472,8.20023048,8.50724394,52127466,451309005.36,,
2019-01-28,300072,8.5666659,8.57656956,8.14080852,8.1705195,31162978,262411069.11,,
2019-01-29,300072,8.1705195,8.21013414,7.58620356,7.71495114,30121381,237730141.13,,
2019-01-30,300072,7.7248548,7.99225362,7.64562552,7.64562552,22273463,175595105.51,,
2019-01-31,300072,7.30890108,7.4772633,7.01179128,7.2791901,40804003,299208112.49,,
2019-02-01,300072,7.34851572,7.66543284,7.2791901,7.64562552,26116905,197163532.26,,
2019-02-11,300072,7.64562552,7.95263898,7.6258182,7.90312068,25135189,198580138.19,,
2019-02-12,300072,7.922928,8.23984512,7.922928,8.08138656,26556349,216560372.0,,
2019-02-13,300072,8.14080852,8.3685927,7.9724463,8.30917074,36669705,303068634.52,,
2019-02-14,300072,8.28936342,8.33888172,8.14080852,8.24974878,24142561,200376044.51,,
2019-02-15,300072,8.20023048,8.913294,8.19032682,8.53695492,50620465,438313510.06,,
2019-02-18,300072,8.5666659,8.913294,8.4676293,8.89348668,41791847,368128905.78,,
2019-02-19,300072,8.94300498,9.27972942,8.8637757,9.18069282,51541625,472679598.09,,
2019-02-20,300072,9.18069282,9.23021112,8.83406472,9.0123306,35342407,321074468.89,,
2019-02-21,300072,9.00242694,9.09155988,8.70531714,8.79445008,36190454,325921878.4,,
2019-02-22,300072,8.75483544,9.04204158,8.7152208,9.02223426,33418072,301173633.55,,
2019-02-25,300072,9.1113672,9.69568314,9.02223426,9.68577948,71579430,673600029.85,,
2019-02-26,300072,9.67587582,9.98288928,9.36886236,9.64616484,70827717,687423109.11,,
2019-02-27,300072,9.42828432,9.8541417,9.42828432,9.57683922,49696968,483366918.52,,
2019-02-28,300072,9.57683922,9.72539412,9.5075136,9.61645386,29816094,288972535.43,,
2019-03-01,300072,9.8541417,10.0026966,9.67587582,9.94327464,48746597,483823083.01,,
2019-03-04,300072,10.0026966,10.93364064,9.99279294,10.93364064,54922028,594242572.34,,
2019-03-05,300072,11.1911358,11.90419932,11.00296626,11.82497004,105343141,1216824571.89,,
2019-03-06,300072,11.57737854,11.86458468,11.30997972,11.6863188,72292775,845682811.04,,
2019-03-07,300072,11.62689684,11.79525906,11.2901724,11.57737854,61997052,719212133.04,,
2019-03-08,300072,11.1911358,11.4882456,10.60681986,10.62662718,60213901,675339168.5,,
2019-03-11,300072,10.58701254,11.3396907,10.58701254,11.32978704,51400514,574126068.92,,
2019-03-12,300072,11.389209,11.57737854,11.1416175,11.30997972,61612425,707606224.43,,
2019-03-13,300072,11.32978704,11.37930534,10.81479672,11.00296626,43355980,484547245.2,,
2019-03-14,300072,10.894026,11.05248456,10.33942104,10.57710888,37971993,407441938.01,,
2019-03-15,300072,10.71576012,10.78508574,10.37903568,10.63653084,28794784,308984597.67,,
2019-03-18,300072,10.5969162,10.894026,10.47807228,10.894026,33464313,362146619.73,,
2019-03-19,300072,10.95344796,11.21094312,10.87421868,10.97325528,35075666,390267986.73,,
2019-03-20,300072,10.95344796,11.56747488,10.83460404,11.45853462,46679907,525352629.34,,
2019-03-21,300072,11.389209,11.46843828,11.16142482,11.28026874,44109858,504504622.2,,
2019-03-22,300072,11.30997972,11.30997972,10.91383332,11.1416175,29593462,330748922.12,,
2019-03-25,300072,10.86431502,11.08219554,10.6959528,10.72566378,25180483,276604681.68,,
2019-03-26,300072,10.83460404,10.87421868,10.08192588,10.19086614,34459723,361950472.6,,
2019-03-27,300072,10.28990274,10.30971006,10.0026966,10.16115516,21827195,223573362.03,,
2019-03-28,300072,10.1512515,10.28990274,10.01260026,10.02250392,16601153,170232543.45,,
2019-03-29,300072,10.06211856,10.36913202,9.89375634,10.3493247,29132986,299814273.77,,
2019-04-01,300072,10.38893934,10.81479672,10.38893934,10.71576012,41349853,444334548.74,,
2019-04-02,300072,10.82470038,10.9930626,10.67614548,10.71576012,32544828,354337689.82,,
2019-04-03,300072,10.70585646,10.81479672,10.5473979,10.80489306,28178474,304133070.24,,
2019-04-04,300072,10.87421868,11.25055776,10.86431502,11.06238822,51654482,577736807.33,,
2019-04-08,300072,11.2406541,11.3396907,10.61672352,10.95344796,44925842,499954258.86,,
2019-04-09,300072,10.9930626,11.00296626,10.70585646,10.894026,31754999,347195632.84,,
2019-04-10,300072,10.60681986,10.60681986,10.27009542,10.4483613,49236162,518180050.67,,
2019-04-11,300072,10.40874666,10.4483613,10.08192588,10.12154052,29829263,308329940.09,,
2019-04-12,300072,10.12154052,10.2502881,10.09182954,10.12154052,18082676,185237269.9,,
2019-04-15,300072,10.27009542,10.33942104,9.98288928,9.99279294,19676421,202189588.44,,
2019-04-16,300072,10.08192588,10.9930626,9.98288928,10.9930626,65684646,705630141.14,,
2019-04-17,300072,11.37930534,11.72593344,11.03267724,11.25055776,108755906,1241964619.64,,
2019-04-18,300072,11.13171384,12.379575,11.07229188,12.379575,132258441,1587941605.2,,
2019-04-19,300072,11.9834286,12.26073108,11.6368005,11.91410298,101123464,1219038738.49,,
2019-04-22,300072,11.87448834,12.34986402,11.69622246,11.84477736,74993890,913471900.54,,
2019-04-23,300072,11.9834286,12.01313958,11.0920992,11.36940168,59500009,686255593.96,,
2019-04-24,300072,11.42882364,11.76554808,11.20103946,11.61699318,60085459,698446015.1,,
2019-04-25,300072,11.47834194,11.57737854,10.57710888,10.62662718,60439021,674341890.86,,
2019-04-26,300072,10.68604914,10.72566378,10.22057712,10.2998064,34466695,363057446.33,,
2019-04-29,300072,10.17105882,10.27009542,9.28963308,9.41838066,50171272,493575755.97,,
2019-04-30,300072,9.5075136,9.63626118,9.36886236,9.6065502,25583551,245456254.36,,
2019-05-06,300072,9.12127086,9.26982576,8.64589518,8.64589518,33454031,300290750.69,,
2019-05-07,300072,8.75483544,8.90339034,8.27945976,8.5171476,29342373,254222479.38,,
2019-05-08,300072,8.2200378,8.55676224,8.16061584,8.3190744,21173391,179231969.83,,
2019-05-09,300072,8.25965244,8.5171476,8.1705195,8.34878538,17833170,150923729.38,,
2019-05-10,300072,8.40820734,8.73502812,8.1705195,8.6161842,31676008,273640215.22,,
2019-05-13,300072,8.47753296,8.57656956,8.22994146,8.30917074,23329021,197777363.39,,
2019-05-14,300072,8.1705195,8.40820734,8.1210012,8.22994146,17842722,149572510.18,,
2019-05-15,300072,8.30917074,8.43791832,8.25965244,8.34878538,18996367,160048944.42,,
2019-05-16,300072,8.3685927,8.44782198,8.25965244,8.44782198,19718540,166854713.56,,
2019-05-17,300072,8.48743662,8.49734028,7.64562552,7.79418042,34919085,285360564.86,,
2019-05-20,300072,7.79418042,7.94273532,7.3782267,7.93283166,29672750,229331445.57,,
2019-05-21,300072,7.922928,8.06157924,7.80408408,7.99225362,18749423,151024860.1,,
2019-05-22,300072,8.04177192,8.0714829,7.8238914,7.85360238,15330133,122573975.23,,
2019-05-23,300072,7.85360238,7.86350604,7.5762999,7.64562552,20294904,157444499.45,,
2019-05-24,300072,7.65552918,7.7248548,7.54658892,7.54658892,13070557,100512908.45,,
2019-05-27,300072,7.56639624,7.8238914,7.55649258,7.76446944,13776773,106860649.9,,
2019-05-28,300072,7.76446944,7.88331336,7.6258182,7.6753365,17410983,136838864.94,,
2019-05-29,300072,7.66543284,7.85360238,7.63572186,7.73475846,12396576,97307166.51,,
2019-05-30,300072,7.7743731,7.7743731,7.48716696,7.63572186,12706199,97682062.69,,
2019-05-31,300072,7.63572186,7.86350604,7.59610722,7.66543284,15199516,118411822.96,,
2019-06-03,300072,7.68524016,7.7248548,7.36832304,7.39803402,20726365,156761733.53,,
2019-06-04,300072,7.41784134,7.43764866,7.2791901,7.39803402,12719681,94417547.23,,
2019-06-05,300072,7.427745,7.53668526,7.33861206,7.39803402,14082459,105705489.29,,
2019-06-06,300072,7.40793768,7.40793768,7.0811169,7.25938278,17508474,127369422.35,,
2019-06-10,300072,7.23957546,7.28909376,7.16034618,7.17024984,11283822,82213634.56,,
2019-06-11,300072,7.21976814,7.58620356,7.19005716,7.55649258,22012462,164752336.68,,
2019-06-12,300072,7.55649258,7.61591454,7.40793768,7.40793768,16921908,127775602.61,,
2019-06-13,300072,7.41784134,7.6258182,7.3782267,7.53668526,16577194,125700031.73,,
2019-06-14,300072,7.59610722,7.59610722,7.2791901,7.28909376,15122469,113307476.17,,
2019-06-17,300072,7.2791901,7.34851572,7.19996082,7.28909376,8288350,60861887.71,,
2019-06-18,300072,7.2791901,7.34851572,7.21976814,7.2296718,8141530,59765403.97,,
2019-06-19,300072,7.38813036,7.5762999,7.38813036,7.41784134,22903640,173182351.26,,
2019-06-20,300072,7.5267816,8.05167558,7.46735964,8.01206094,45321886,358209611.7,,
2019-06-21,300072,8.10119388,8.39830368,8.0219646,8.1210012,43429059,361040365.89,,
2019-06-24,300072,8.2695561,8.2695561,7.922928,8.0714829,20312934,165851105.96,,
2019-06-25,300072,8.1705195,8.35868904,8.08138656,8.20023048,29033324,240920576.93,,
2019-06-26,300072,8.1210012,8.1210012,7.93283166,7.98234996,18696907,151295667.78,,
2019-06-27,300072,8.04177192,8.14080852,7.93283166,7.96254264,17305121,140216231.81,,
2019-06-28,300072,7.96254264,8.01206094,7.76446944,7.85360238,18076341,143092276.89,,
2019-07-01,300072,8.03186826,8.21013414,7.9724463,8.14080852,24633457,201845955.64,,
2019-07-02,300072,8.14080852,8.14080852,7.98234996,8.04177192,17428797,141664812.39,,
2019-07-03,300072,7.99225362,8.21013414,7.9724463,8.13090486,21536142,176197769.63,,
2019-07-04,300072,8.1210012,8.24974878,8.0219646,8.18042316,21396720,175801299.29,,
2019-07-05,300072,8.13072368,8.1506032,8.04126584,8.07108512,14370336,116854267.1,,
2019-07-08,300072,8.1506032,8.1506032,7.72319352,7.79277184,21510743,169698129.99,,
2019-07-09,300072,7.78283208,7.84247064,7.52439832,7.56415736,14837979,113901076.58,,
2019-07-10,300072,7.59397664,7.62379592,7.38524168,7.42500072,12037220,90702113.1,,
2019-07-11,300072,7.42500072,7.57409712,7.34548264,7.36536216,12279027,92152647.39,,
2019-07-12,300072,7.3554224,7.44488024,7.3057236,7.43494048,9239411,68794802.06,,
2019-07-15,300072,7.39518144,7.74307304,7.29578384,7.73313328,18225155,138986459.85,,
2019-07-16,300072,7.68343448,7.88222968,7.63373568,7.78283208,12961840,101765882.21,,
2019-07-17,300072,7.81265136,8.0015068,7.78283208,7.9021092,14892990,118667009.72,,
2019-07-18,300072,7.79277184,7.87228992,7.6536152,7.66355496,11401549,88787967.81,,
2019-07-19,300072,7.703314,8.03132608,7.66355496,7.79277184,18527351,147080676.38,,
2019-07-22,300072,7.7530128,7.92198872,7.51445856,7.53433808,14990838,115663715.53,,
2019-07-23,300072,7.62379592,7.63373568,7.42500072,7.52439832,9613438,72707303.52,,
2019-07-24,300072,7.57409712,7.71325376,7.5542176,7.67349472,10642635,81947354.47,,
2019-07-25,300072,7.68343448,7.68343448,7.57409712,7.64367544,8929878,68539533.87,,
2019-07-26,300072,7.63373568,7.7530128,7.59397664,7.62379592,7856794,60450549.21,,
2019-07-29,300072,7.58403688,7.63373568,7.48463928,7.52439832,8182249,62061728.5,,
2019-07-30,300072,7.54427784,7.703314,7.51445856,7.6039164,7666618,58682270.13,,
2019-07-31,300072,7.59397664,7.59397664,7.45482,7.49457904,8283855,62523666.21,,
2019-08-01,300072,7.48463928,7.5045188,7.4051212,7.45482,7624174,57134440.31,,
2019-08-02,300072,7.2560248,7.3554224,7.22620552,7.32560312,10036882,73768248.25,,
2019-08-05,300072,7.32560312,7.32560312,7.07710912,7.07710912,14928631,107719505.51,,
2019-08-06,300072,6.93795248,6.93795248,6.37138616,6.53042232,32917764,217378662.57,,
2019-08-07,300072,6.63975968,6.63975968,6.43102472,6.48072352,12975563,84990075.76,,
2019-08-08,300072,6.50060304,6.57018136,6.460844,6.50060304,10022968,65495470.27,,
2019-08-09,300072,6.55030184,6.81867536,6.5105428,6.55030184,19478155,130556919.24,,
2019-08-12,300072,6.5602416,6.63975968,6.42108496,6.59006088,12903578,84628327.52,,
2019-08-13,300072,6.55030184,6.55030184,6.4111452,6.48072352,12578643,81732607.85,,
2019-08-14,300072,6.54036208,6.6099404,6.42108496,6.48072352,16069243,105163339.52,,
2019-08-15,300072,6.35150664,6.39126568,6.1626512,6.34156688,18461658,116469685.59,,
2019-08-16,300072,6.3614464,6.53042232,6.3614464,6.48072352,22565840,146657395.04,,
2019-08-19,300072,6.50060304,6.709338,6.50060304,6.68945848,28286014,188382405.5,,
2019-08-20,300072,6.73915728,6.8584344,6.6596392,6.72921752,22426346,152161766.57,,
2019-08-21,300072,6.74909704,6.74909704,6.60000064,6.62981992,16540210,110748151.94,,
2019-08-22,300072,6.64969944,6.77891632,6.53042232,6.71927776,18772086,125626572.13,,
2019-08-23,300072,6.66957896,6.73915728,6.48072352,6.52048256,17052375,113030330.52,,
2019-08-26,300072,6.3614464,6.55030184,6.29186808,6.42108496,13870680,89655455.82,,
2019-08-27,300072,6.47078376,6.59006088,6.45090424,6.50060304,17801562,116951722.63,,
2019-08-28,300072,6.53042232,6.54036208,6.4111452,6.42108496,15329593,99599025.19,,
2019-08-29,300072,6.43102472,6.49066328,6.39126568,6.460844,14000825,90722333.65,,
2019-08-30,300072,6.50060304,6.52048256,6.23222952,6.24216928,22245945,142528694.67,,
2019-09-02,300072,6.24216928,6.40120544,6.21235,6.38132592,17945557,114361295.69,,
2019-09-03,300072,6.4111452,6.5105428,6.3614464,6.39126568,19154636,123629960.28,,
2019-09-04,300072,6.42108496,6.94789224,6.4111452,6.69939824,51427039,346350273.01,,
2019-09-05,300072,6.76897656,6.8584344,6.6596392,6.709338,32772139,222869315.1,,
2019-09-06,300072,6.68945848,6.77891632,6.6099404,6.71927776,18367991,123585823.95,,
2019-09-09,300072,6.77891632,7.18644648,6.76897656,7.1069284,44853669,315112053.43,,
2019-09-10,300072,7.12680792,7.28584408,7.07710912,7.1566272,32002247,231138729.46,,
2019-09-11,300072,7.21626576,7.46475976,7.18644648,7.21626576,33460452,245825610.72,,
2019-09-12,300072,7.2560248,7.46475976,7.206326,7.3554224,26898752,199224214.26,,
2019-09-16,300072,7.45482,7.54427784,7.21626576,7.28584408,26068869,192721248.32,,
2019-09-17,300072,7.28584408,7.28584408,7.02741032,7.03735008,24210898,173473984.06,,
2019-09-18,300072,7.08704888,7.16656696,6.9081332,7.04728984,20742531,146434405.32,,
2019-09-19,300072,7.01747056,7.04728984,6.84849464,6.92801272,23326657,162172849.64,,
2019-09-20,300072,6.94789224,7.01747056,6.82861512,6.88825368,22073558,153423001.19,,
2019-09-23,300072,6.87831392,6.87831392,6.60000064,6.68945848,23359690,156981712.87,,
2019-09-24,300072,6.69939824,6.76897656,6.62981992,6.64969944,19950217,134190030.45,,
2019-09-25,300072,6.61988016,6.61988016,6.48072352,6.49066328,14660303,96262800.79,,
2019-09-26,300072,6.49066328,6.55030184,6.32168736,6.34156688,17840276,114965115.04,,
2019-09-27,300072,6.3614464,6.48072352,6.3117476,6.3614464,17774659,114301456.32,,
2019-09-30,300072,6.3614464,6.3614464,6.19247048,6.19247048,21950744,138116284.73,,
2019-10-08,300072,6.24216928,6.24216928,6.10301264,6.12289216,15484455,96205104.11,,
2019-10-09,300072,6.12289216,6.2620488,6.10301264,6.22228976,13458798,83976208.07,,
2019-10-10,300072,6.23222952,6.33162712,6.22228976,6.29186808,15766234,99516314.78,,
2019-10-11,300072,6.30180784,6.32168736,6.18253072,6.25210904,13437071,84247674.28,,
2019-10-14,300072,6.29186808,6.43102472,6.28192832,6.35150664,17119788,109617155.15,,
2019-10-15,300072,6.32168736,6.35150664,6.22228976,6.23222952,12355268,77915089.24,,
2019-10-16,300072,6.2620488,6.37138616,6.21235,6.23222952,11754649,74400361.44,,
2019-10-17,300072,6.23222952,6.2620488,6.02349456,6.0632536,20884721,128699044.23,,
2019-10-18,300072,6.0632536,6.17259096,6.0135548,6.07319336,15496711,94928072.99,,
2019-10-21,300072,6.05331384,6.07319336,5.88433792,5.93403672,15004946,89750765.82,,
2019-10-22,300072,5.93403672,5.99367528,5.89427768,5.94397648,11135812,66511508.33,,
2019-10-23,300072,5.93403672,5.95391624,5.88433792,5.89427768,9370376,55742752.87,,
2019-10-24,300072,5.87439816,6.04337408,5.82469936,5.97379576,21990571,131872956.06,,
2019-10-25,300072,5.963856,5.963856,5.85451864,5.92409696,14808144,87952544.43,,
2019-10-28,300072,5.94397648,6.08313312,5.94397648,6.07319336,26466162,160344297.18,,
2019-10-29,300072,6.08313312,6.08313312,5.88433792,5.88433792,19432501,116520442.32,,
2019-10-30,300072,5.8644584,5.88433792,5.42710896,5.53644632,36579569,206467605.45,,
2019-10-31,300072,5.55632584,5.59608488,5.33765112,5.35753064,22743462,124951752.86,,
2019-11-01,300072,5.37741016,5.89427768,5.3674704,5.89427768,43427450,249585356.71,,
2019-11-04,300072,6.07319336,6.07319336,5.75512104,5.79488008,37969981,224713044.65,,
2019-11-05,300072,5.79488008,6.0135548,5.77500056,5.89427768,33501122,199310503.63,,
2019-11-06,300072,5.89427768,6.12289216,5.85451864,5.963856,30365353,182874199.88,,
2019-11-07,300072,5.89427768,6.0135548,5.8644584,5.93403672,19181564,114387997.35,,
2019-11-08,300072,5.963856,6.04337408,5.83463912,5.8644584,20560814,122367748.31,,
2019-11-11,300072,5.8147596,5.84457888,5.53644632,5.58614512,24600182,139445641.02,,
2019-11-12,300072,5.64578368,5.65572344,5.50662704,5.54638608,17972271,100852255.49,,
2019-11-13,300072,5.58614512,5.58614512,5.40722944,5.45692824,14830622,81922593.92,,
2019-11-14,300072,5.45692824,6.00361504,5.44698848,6.00361504,60123727,357490787.11,,
2019-11-15,300072,6.00361504,6.12289216,5.89427768,5.92409696,53911087,325338170.52,,
2019-11-18,300072,5.9141572,6.23222952,5.78494032,6.15271144,44385353,269742921.41,,
2019-11-19,300072,6.10301264,6.23222952,6.04337408,6.13283192,37938444,233853972.98,,
2019-11-20,300072,6.12289216,6.29186808,6.03343432,6.07319336,34239063,212177517.01,,
2019-11-21,300072,6.0632536,6.20241024,6.0135548,6.18253072,31583636,194475248.91,,
2019-11-22,300072,6.20241024,6.28192832,5.98373552,6.04337408,38043661,234002494.18,,
2019-11-25,300072,6.0632536,6.21235,5.963856,6.21235,37126197,227969563.03,,
2019-11-26,300072,6.13283192,6.22228976,6.0135548,6.0135548,34259444,210484123.79,,
2019-11-27,300072,5.58614512,5.7650608,5.4171692,5.466868,69398002,387703518.31,,
2019-11-28,300072,5.48674752,6.0135548,5.45692824,5.99367528,85638300,504538649.98,,
2019-11-29,300072,5.89427768,6.10301264,5.83463912,5.88433792,57939329,347360773.44,,
2019-12-02,300072,5.90421744,6.04337408,5.75512104,5.7650608,35567409,209845111.31,,
2019-12-03,300072,5.8147596,5.8147596,5.59608488,5.69548248,26330062,150614814.55,,
2019-12-04,300072,5.6656632,5.69548248,5.59608488,5.69548248,23015679,130651825.18,,
2019-12-05,300072,5.715362,5.77500056,5.62590416,5.72530176,35768787,205396924.15,,
2019-12-06,300072,5.72530176,5.74518128,5.60602464,5.68554272,27030327,153726237.06,,
2019-12-09,300072,5.6656632,5.85451864,5.65572344,5.70542224,40582237,233653300.63,,
2019-12-10,300072,5.715362,5.78494032,5.6656632,5.77500056,33221072,191157967.05,,
2019-12-11,300072,5.7650608,5.7650608,5.59608488,5.65572344,34163445,194638517.51,,
2019-12-12,300072,5.64578368,5.68554272,5.52650656,5.67560296,38840161,219712225.71,,
2019-12-13,300072,5.715362,5.83463912,5.67560296,5.7650608,51926390,300720070.96,,
2019-12-16,300072,5.79488008,6.33162712,5.74518128,6.17259096,76995511,470290901.41,,
2019-12-17,300072,6.24216928,6.34156688,6.10301264,6.29186808,71461251,447107951.61,,
2019-12-18,300072,6.34156688,6.49066328,6.2620488,6.34156688,57940979,370972023.59,,
2019-12-19,300072,6.4111452,6.43102472,6.28192832,6.34156688,32186043,205482995.37,,
2019-12-20,300072,6.38132592,6.52048256,6.21235,6.21235,41501808,265054841.5,,
2019-12-23,300072,6.17259096,6.32168736,6.0632536,6.07319336,36975569,229699777.19,,
2019-12-24,300072,6.12289216,6.18253072,6.04337408,6.15271144,28628067,176249382.63,,
2019-12-25,300072,6.14277168,6.14277168,6.00361504,6.1129524,31996446,195246438.66,,
2019-12-26,300072,6.1129524,6.14277168,6.02349456,6.14277168,25157274,153563410.07,,
2019-12-27,300072,6.12289216,6.42108496,6.1129524,6.15271144,51955438,326617571.61,,
2019-12-30,300072,6.12289216,6.23222952,5.99367528,6.21235,33225499,204793773.58,,
2019-12-31,300072,6.2620488,6.45090424,6.23222952,6.28192832,39226265,249737279.52,,
2020-01-02,300072,6.3614464,6.44096448,6.27198856,6.35150664,38371609,245534055.4,,
2020-01-03,300072,6.37138616,6.709338,6.33162712,6.66957896,67745925,448832304.19,,
2020-01-06,300072,6.55030184,6.77891632,6.54036208,6.6099404,51580380,345008920.65,,
2020-01-07,300072,6.59006088,6.73915728,6.54036208,6.71927776,41676942,279135455.65,,
2020-01-08,300072,6.63975968,6.709338,6.45090424,6.47078376,41645110,275164091.27,,
2020-01-09,300072,6.6099404,6.81867536,6.53042232,6.6596392,41390126,277985706.89,,
2020-01-10,300072,6.72921752,6.7590368,6.5602416,6.59006088,27089051,180377860.11,,
2020-01-13,300072,6.59006088,6.62981992,6.42108496,6.62981992,27533643,181242456.61,,
2020-01-14,300072,6.62981992,7.09698864,6.6099404,6.86837416,73176116,504535344.94,,
2020-01-15,300072,6.84849464,6.91807296,6.709338,6.81867536,31048325,212813771.72,,
2020-01-16,300072,6.86837416,7.03735008,6.76897656,6.84849464,35438744,245134354.81,,
2020-01-17,300072,6.86837416,6.99759104,6.77891632,6.8087356,27866659,192512717.38,,
2020-01-20,300072,6.8087356,6.8087356,6.59006088,6.73915728,30814641,207270373.95,,
2020-01-21,300072,6.69939824,6.72921752,6.52048256,6.54036208,28790115,191407453.23,,
2020-01-22,300072,6.47078376,6.6099404,6.2620488,6.5105428,29002364,188206924.15,,
2020-01-23,300072,6.45090424,6.5105428,6.07319336,6.1626512,34693510,219154861.39,,
2020-02-03,300072,5.54638608,5.54638608,5.54638608,5.54638608,5112800,28529424.0,,
2020-02-04,300072,4.99969928,5.43704872,4.99969928,5.35753064,47450444,253193654.74,,
2020-02-05,300072,5.3674704,5.53644632,5.32771136,5.38734992,35339449,192942106.25,,
2020-02-06,300072,5.38734992,5.5662656,5.30783184,5.50662704,41790239,229543406.0,,
2020-02-07,300072,5.466868,5.8147596,5.4171692,5.79488008,54461196,307107058.57,,
2020-02-10,300072,5.715362,5.8147596,5.6159644,5.72530176,40797806,233598113.72,,
2020-02-11,300072,5.715362,5.72530176,5.58614512,5.62590416,23057784,131086733.2,,
2020-02-12,300072,5.63584392,5.79488008,5.59608488,5.73524152,31336310,179912296.56,,
2020-02-13,300072,5.78494032,5.8147596,5.59608488,5.64578368,28083569,160795600.17,,
2020-02-14,300072,5.62590416,5.70542224,5.54638608,5.58614512,22027917,124910445.85,,
2020-02-17,300072,5.6159644,5.82469936,5.58614512,5.8147596,36398383,210545313.98,,
2020-02-18,300072,5.8644584,5.98373552,5.79488008,5.93403672,35997774,213674636.03,,
2020-02-19,300072,5.93403672,6.03343432,5.88433792,5.94397648,32340622,194109744.71,,
2020-02-20,300072,5.95391624,6.10301264,5.9141572,6.08313312,45240636,273524441.55,,
2020-02-21,300072,6.09307288,6.1626512,6.0135548,6.0135548,38230541,233594341.63,,
2020-02-24,300072,6.0135548,6.05331384,5.9141572,6.00361504,35897560,216314185.85,,
2020-02-25,300072,5.84457888,5.95391624,5.6159644,5.85451864,49459981,288999226.29,,
2020-02-26,300072,5.74518128,6.0135548,5.715362,5.89427768,47733609,283022684.65,,
2020-02-27,300072,5.89427768,6.18253072,5.77500056,6.03343432,68531387,414873477.34,,
2020-02-28,300072,5.8644584,5.88433792,5.42710896,5.57620536,67457583,384216744.35,,
2020-03-02,300072,5.5662656,6.04337408,5.5662656,5.93403672,52390642,306579302.68,,
2020-03-03,300072,5.95391624,6.10301264,5.90421744,5.93403672,52408053,316538180.85,,
2020-03-04,300072,6.03343432,6.12289216,5.88433792,5.99367528,39848327,240693246.27,,
2020-03-05,300072,6.04337408,6.33162712,5.97379576,6.2620488,70575255,438875240.22,,
2020-03-06,300072,6.20241024,6.42108496,6.1626512,6.30180784,53028026,335131035.66,,
2020-03-09,300072,5.99367528,6.14277168,5.85451864,5.963856,55564351,334803261.83,,
2020-03-10,300072,5.85451864,6.0135548,5.69548248,5.94397648,46327638,273222534.09,,
2020-03-11,300072,5.963856,6.02349456,5.78494032,5.78494032,37510671,222724610.58,,
2020-03-12,300072,5.715362,5.73524152,5.58614512,5.6656632,33585907,191014304.82,,
2020-03-13,300072,5.32771136,5.6159644,5.27801256,5.53644632,30607530,168077749.25,,
2020-03-16,300072,5.57620536,5.63584392,5.32771136,5.32771136,30591080,169242098.84,,
2020-03-17,300072,5.34759088,5.43704872,5.12891616,5.25813304,27204797,144368636.13,,
2020-03-18,300072,5.30783184,5.3674704,4.96988,5.0692776,31472232,164530173.73,,
2020-03-19,300072,5.07921736,5.1189764,4.95000048,5.03945832,28298671,143361030.87,,
2020-03-20,300072,5.08915712,5.1189764,4.96988,5.09909688,24764661,125736750.98,,
2020-03-23,300072,4.96988,4.96988,4.78102456,4.81084384,29522171,145016785.29,,
2020-03-24,300072,4.89036192,4.9201812,4.74126552,4.8704824,20897123,101899155.0,,
2020-03-25,300072,4.97981976,4.99969928,4.89036192,4.96988,22270689,110820447.63,,
2020-03-26,300072,4.9201812,4.93012096,4.83072336,4.84066312,20099880,98550769.51,,
2020-03-27,300072,4.90030168,4.93012096,4.78102456,4.78102456,19205776,93597493.2,,
2020-03-30,300072,4.70150648,4.70150648,4.51265104,4.55241008,24292308,111685552.54,,
2020-03-31,300072,4.60210888,4.63192816,4.50271128,4.50271128,15683694,71922944.57,,
2020-04-01,300072,4.50271128,4.64186792,4.45301248,4.53253056,17164258,78572758.86,,
2020-04-02,300072,4.49277152,4.68162696,4.472892,4.6716872,17476151,80814394.27,,
2020-04-03,300072,4.68162696,4.71144624,4.55241008,4.59216912,15983255,74310641.71,,
2020-04-07,300072,4.6716872,4.8207836,4.65180768,4.79096432,25282355,120751053.61,,
2020-04-08,300072,4.79096432,4.8704824,4.76114504,4.83072336,18608342,90266207.36,,
2020-04-09,300072,4.88042216,4.89036192,4.80090408,4.83072336,12877592,62747344.22,,
2020-04-10,300072,4.76114504,4.8207836,4.6219884,4.6219884,21355533,100758397.67,,
2020-04-13,300072,4.66174744,4.66174744,4.56234984,4.58222936,10818952,50015079.63,,
2020-04-14,300072,4.60210888,4.6716872,4.58222936,4.66174744,12413600,57882950.64,,
2020-04-15,300072,4.6716872,4.6716872,4.58222936,4.60210888,14815082,68952169.9,,
2020-04-16,300072,4.61204864,4.63192816,4.54247032,4.61204864,10925578,50446065.87,,
2020-04-17,300072,4.64186792,4.70150648,4.61204864,4.63192816,17101010,80102973.8,,
2020-04-20,300072,4.6219884,4.63192816,4.54247032,4.58222936,15509157,71250832.72,,
2020-04-21,300072,4.56234984,4.56234984,4.43313296,4.49277152,18475622,83355703.89,,
2020-04-22,300072,4.44307272,4.5722896,4.43313296,4.56234984,14303931,64985238.06,,
2020-04-23,300072,4.58222936,4.64186792,4.55241008,4.55241008,15786850,72842628.06,,
2020-04-24,300072,4.5225908,4.56234984,4.36355464,4.40331368,18499922,82770349.81,,
2020-04-27,300072,4.43313296,4.44307272,4.30391608,4.38343416,16439940,72340165.63,,
2020-04-28,300072,4.43313296,4.44307272,3.94608472,4.10512088,43759178,181526909.37,,
2020-04-29,300072,4.0256028,4.15481968,3.95602448,3.95602448,36520937,147568696.73,,
2020-04-30,300072,3.99578352,4.1746992,3.96596424,4.14487992,36906868,152180829.25,,
2020-05-06,300072,4.09518112,4.29397632,4.08524136,4.21445824,28399278,119994595.73,,
2020-05-07,300072,4.23433776,4.25421728,4.11506064,4.14487992,19552328,81973085.92,,
2020-05-08,300072,4.18463896,4.29397632,4.15481968,4.21445824,19923673,84738081.21,,
2020-05-11,300072,4.23433776,4.25421728,4.15481968,4.20451848,16068878,67967064.86,,
2020-05-12,300072,4.16475944,4.1746992,4.00572328,4.09518112,27587321,113134776.49,,
2020-05-13,300072,4.08524136,4.15481968,4.04548232,4.08524136,15864287,65308513.02,,
2020-05-14,300072,4.06536184,4.11506064,3.99578352,4.04548232,16358657,66788491.27,,
2020-05-15,300072,4.08524136,4.09518112,4.0256028,4.04548232,13292119,54210900.59,,
2020-05-18,300072,4.08524136,4.30391608,3.94608472,4.08524136,35891745,147287639.04,,
2020-05-19,300072,4.1250004,4.14487992,4.0256028,4.03554256,18930302,77441925.24,,
2020-05-20,300072,4.03554256,4.03554256,3.94608472,3.95602448,17832326,71434219.43,,
2020-05-21,300072,4.00572328,4.04548232,3.95602448,3.96596424,15228770,61018829.86,,
2020-05-22,300072,3.975904,3.975904,3.72741,3.74728952,38446772,147340796.68,,
2020-05-25,300072,3.76716904,3.76716904,3.5783136,3.58825336,28149952,103284757.22,,
2020-05-26,300072,3.63795216,3.93614496,3.60813288,3.86656664,51814981,199059861.18,,
2020-05-27,300072,3.86656664,3.90632568,3.73734976,3.7771088,30720331,118228167.18,,
2020-05-28,300072,3.76716904,3.78704856,3.68765096,3.74728952,16922407,63781155.92,,
2020-05-29,300072,3.72741,3.80692808,3.64789192,3.64789192,22602174,84578347.15,,
2020-06-01,300072,3.72741,4.01566304,3.72741,4.01566304,50098526,198962690.66,,
2020-06-02,300072,4.03554256,4.224398,3.975904,4.14487992,69059536,286660405.14,,
2020-06-03,300072,4.1746992,4.23433776,4.05542208,4.08524136,36950998,153811106.47,,
2020-06-04,300072,4.14487992,4.19457872,4.01566304,4.1250004,42415454,175220614.79,,
2020-06-05,300072,4.11506064,4.2740968,4.0753016,4.224398,42890153,180221376.84,,
2020-06-08,300072,4.20451848,4.25421728,4.10512088,4.13494016,31692970,132192750.48,,
2020-06-09,300072,4.14487992,4.16475944,4.06536184,4.09518112,22571873,93186855.04,,
2020-06-10,300072,4.09518112,4.10512088,3.96596424,4.00572328,31501756,126835393.34,,
2020-06-11,300072,3.99578352,4.04548232,3.90632568,3.975904,27187400,108897172.69,,
2020-06-12,300072,3.8765064,3.95602448,3.83674736,3.90632568,24643747,96906861.8,,
2020-06-15,300072,3.91626544,4.29397632,3.88644616,4.20451848,85579919,362336855.83,,
2020-06-16,300072,4.1746992,4.28403656,4.09518112,4.14487992,56349228,235695527.12,,
2020-06-17,300072,4.15481968,4.16475944,4.0753016,4.11506064,35268393,145862484.68,,
2020-06-18,300072,4.1250004,4.21445824,4.09518112,4.11506064,28823303,119947859.52,,
2020-06-19,300072,4.13494016,4.14487992,4.05542208,4.13494016,23153054,95617453.75,,
2020-06-22,300072,4.13494016,4.36355464,4.11506064,4.29397632,55784841,239213924.3,,
2020-06-23,300072,4.30391608,4.51265104,4.25421728,4.26415704,51268770,225374055.62,,
2020-06-24,300072,4.31385584,4.33373536,4.20451848,4.21445824,26216507,111912548.97,,
2020-06-29,300072,4.18463896,4.29397632,4.10512088,4.23433776,23770256,100197667.27,,
2020-06-30,300072,4.21445824,4.30391608,4.19457872,4.25421728,21853185,93706686.08,,
2020-07-01,300072,4.28403656,4.6716872,4.2740968,4.51265104,57468718,260956172.64,,
2020-07-02,300072,4.5225908,4.63192816,4.45301248,4.59216912,44090785,201242217.3,,
2020-07-03,300072,4.56234984,4.63192816,4.46295224,4.53253056,37325481,170749354.49,,
2020-07-06,300072,4.5225908,4.86054264,4.5225908,4.85060288,55995116,266672949.65,,
2020-07-07,300072,4.88042216,5.02951856,4.8704824,4.95000048,55831960,278707647.77,,
2020-07-08,300072,4.94,5.32,4.91,5.26,56784043,290115929.74,,
2020-07-09,300072,5.26,5.63,5.25,5.57,64637702,354975525.63,,
2020-07-10,300072,5.57,5.7,5.34,5.37,62484833,342302271.72,,
2020-07-13,300072,5.38,5.91,5.38,5.84,66731380,384091841.47,,
2020-07-14,300072,5.84,5.98,5.55,5.73,62431754,356800093.58,,
2020-07-15,300072,5.75,5.78,5.42,5.48,51599616,285954915.66,,
2020-07-16,300072,5.53,5.78,5.3,5.42,57699650,321812919.76,,
2020-07-17,300072,5.54,5.68,5.42,5.6,47926797,267065001.76,,
2020-07-20,300072,5.76,5.77,5.46,5.65,40359284,226598023.29,,
2020-07-21,300072,5.61,5.65,5.48,5.52,28493750,157984868.16,,
2020-07-22,300072,5.55,5.65,5.44,5.55,24734003,137239148.07,,
2020-07-23,300072,5.46,5.5,5.29,5.46,45121505,243488780.49,,
2020-07-24,300072,5.49,5.87,5.41,5.5,64007461,362961167.34,,
2020-07-27,300072,5.6,5.84,5.5,5.79,54911268,312778339.94,,
2020-07-28,300072,5.78,6.11,5.7,5.74,58668413,346008479.64,,
2020-07-29,300072,5.78,5.84,5.59,5.84,36336774,207927391.67,,
2020-07-30,300072,5.74,6.14,5.74,6.06,63388676,382505738.57,,
2020-07-31,300072,6.05,6.1,5.87,6.03,43811829,262344639.27,,
2020-08-03,300072,6.05,6.24,6.02,6.07,48554692,295871488.57,,
2020-08-04,300072,6.02,6.02,5.82,5.83,44761616,263466136.12,,
2020-08-05,300072,5.8,5.9,5.69,5.83,25504817,148081707.93,,
2020-08-06,300072,5.85,5.89,5.63,5.7,32661275,186913549.97,,
2020-08-07,300072,5.73,5.75,5.47,5.58,30128757,168012410.4,,
2020-08-10,300072,5.52,5.7,5.5,5.57,23134463,129793396.94,,
2020-08-11,300072,5.59,5.66,5.49,5.52,21978940,122233683.32,,
2020-08-12,300072,5.44,5.5,5.3,5.47,25387789,136913285.65,,
2020-08-13,300072,5.46,5.68,5.45,5.57,21938713,122494902.73,,
2020-08-14,300072,5.55,5.73,5.51,5.7,21712324,122169022.22,,
2020-08-17,300072,5.76,5.79,5.65,5.71,20369674,116083816.94,,
2020-08-18,300072,5.73,5.73,5.6,5.66,19432222,109606047.61,,
2020-08-19,300072,5.63,5.69,5.55,5.59,18901071,105929527.47,,
2020-08-20,300072,5.59,5.75,5.49,5.63,21181870,119215697.15,,
2020-08-21,300072,5.67,6.1,5.62,5.97,69124375,410243229.15,,
2020-08-24,300072,6.12,6.54,5.96,6.4,73482373,463750178.07,,
2020-08-25,300072,6.41,6.55,6.27,6.38,44895512,285650922.14,,
2020-08-26,300072,6.33,7.0,6.22,6.55,84058279,558148179.69,,
2020-08-27,300072,6.46,6.51,6.21,6.35,51818001,329080826.3,,
2020-08-28,300072,6.19,6.75,6.13,6.51,70467271,459880288.43,,
2020-08-31,300072,6.52,6.65,6.39,6.39,42971696,280297048.36,,
2020-09-01,300072,6.43,6.61,6.3,6.4,31792832,204323863.64,,
2020-09-02,300072,6.4,6.95,6.4,6.83,67050958,451083517.83,,
2020-09-03,300072,6.87,7.36,6.82,6.85,76900035,541076688.15,,
2020-09-04,300072,6.68,7.28,6.67,7.11,61743139,437074488.6,,
2020-09-07,300072,7.02,7.31,6.96,7.13,61194907,435427196.34,,
2020-09-08,300072,7.13,7.27,6.98,7.19,58732201,420402832.78,,
2020-09-09,300072,7.11,7.35,6.56,6.59,73819234,510949696.05,,
2020-09-10,300072,6.57,6.67,6.16,6.18,60823160,389509761.4,,
2020-09-11,300072,6.16,6.31,6.08,6.25,30678772,189840222.07,,
2020-09-14,300072,6.29,6.65,6.2,6.54,39616355,256745590.87,,
2020-09-15,300072,6.57,6.67,6.45,6.57,24211770,158618169.83,,
2020-09-16,300072,6.59,6.59,6.36,6.47,21562538,139246669.16,,
2020-09-17,300072,6.5,6.61,6.31,6.44,22474851,145232212.9,,
2020-09-18,300072,6.44,6.55,6.35,6.49,19445798,125466801.6,,
2020-09-21,300072,6.49,6.55,6.32,6.34,17343699,110965638.39,,
2020-09-22,300072,6.26,6.37,6.09,6.1,19893884,123655888.1,,
2020-09-23,300072,6.13,6.39,6.13,6.3,20571684,129410919.52,,
2020-09-24,300072,6.26,6.33,6.06,6.08,16187208,99642398.4,,
2020-09-25,300072,6.1,6.16,6.03,6.09,13492007,82268792.8,,
2020-09-28,300072,6.18,6.23,5.67,5.68,39346307,228767953.57,,
2020-09-29,300072,5.69,6.82,5.67,6.8,82857591,533370943.86,,
2020-09-30,300072,6.67,6.79,6.53,6.66,47629340,315752234.89,,
2020-10-09,300072,6.73,6.89,6.65,6.87,45451149,308510630.81,,
2020-10-12,300072,6.9,7.03,6.83,6.93,39831898,275188156.27,,
2020-10-13,300072,6.93,7.25,6.85,7.03,41433089,292760837.24,,
2020-10-14,300072,7.12,7.27,6.9,7.02,38784634,272857384.0,,
2020-10-15,300072,6.96,7.04,6.77,6.8,27131217,187103535.38,,
2020-10-16,300072,6.9,7.07,6.72,6.95,25854847,178004146.92,,
2020-10-19,300072,7.0,7.95,7.0,7.81,86814512,655622442.64,,
2020-10-20,300072,7.73,7.94,7.65,7.85,54293356,424534520.22,,
2020-10-21,300072,7.89,8.11,7.67,7.87,54217826,429536412.64,,
2020-10-22,300072,7.94,8.09,7.77,7.88,35076146,277074018.05,,
2020-10-23,300072,8.0,8.25,7.67,7.76,49917358,399243691.57,,
2020-10-26,300072,7.7,7.98,7.65,7.8,29699741,232431593.47,,
2020-10-27,300072,7.49,7.72,7.13,7.61,63604585,475863617.56,,
2020-10-28,300072,7.69,7.78,7.39,7.53,40460105,305310708.28,,
2020-10-29,300072,7.46,8.06,7.41,7.78,46038821,359327194.0,,
2020-10-30,300072,7.78,7.84,7.28,7.32,43378593,326105461.53,,
2020-11-02,300072,7.4,7.92,7.23,7.65,48470969,371800795.05,,
2020-11-03,300072,7.77,7.81,7.48,7.6,31664501,240468161.01,,
2020-11-04,300072,7.55,7.61,7.25,7.3,35099648,259449990.86,,
2020-11-05,300072,7.33,8.55,7.33,8.29,95151833,776373649.79,,
2020-11-06,300072,8.37,8.4,8.0,8.09,55813774,456146161.22,,
2020-11-09,300072,8.2,8.28,7.95,8.02,48830595,393817750.3,,
2020-11-10,300072,8.03,8.5,7.45,7.56,96632229,762151441.57,,
2020-11-11,300072,7.45,7.78,7.32,7.42,47740477,357494729.71,,
2020-11-12,300072,7.5,7.53,7.24,7.34,29523265,216448256.7,,
2020-11-13,300072,7.33,7.42,7.23,7.36,22635895,165572144.77,,
2020-11-16,300072,7.3,7.38,6.95,7.24,31707558,226669359.81,,
2020-11-17,300072,7.27,7.4,7.1,7.28,27423035,198521965.81,,
2020-11-18,300072,7.28,7.58,7.16,7.22,28438007,208305902.81,,
2020-11-19,300072,7.2,7.27,7.03,7.24,20395518,145755497.62,,
2020-11-20,300072,7.24,7.26,7.12,7.2,17361842,124738518.42,,
2020-11-23,300072,7.26,7.34,6.8,7.2,39863014,280973694.11,,
2020-11-24,300072,7.21,7.21,7.03,7.08,17688891,125603051.57,,
2020-11-25,300072,7.08,7.31,7.04,7.09,22364553,159646174.39,,
2020-11-26,300072,7.05,7.08,6.82,6.88,23308592,161438690.19,,
2020-11-27,300072,7.0,7.05,6.64,6.75,23770092,161291426.74,,
2020-11-30,300072,6.81,7.13,6.72,6.74,29379150,202646911.71,,
2020-12-01,300072,6.73,6.89,6.63,6.85,19291068,130669816.9,,
2020-12-02,300072,6.85,6.88,6.48,6.53,39830689,263579059.7,,
2020-12-03,300072,6.49,6.52,6.31,6.41,25750689,164998062.22,,
2020-12-04,300072,6.36,6.49,6.31,6.44,15480080,99155224.97,,
2020-12-07,300072,6.45,6.57,6.38,6.38,15497408,100035970.02,,
2020-12-08,300072,6.36,6.48,6.34,6.37,11240670,71889496.66,,
2020-12-09,300072,6.39,6.42,6.13,6.15,21836107,136449539.65,,
2020-12-10,300072,6.12,6.25,6.04,6.14,16403531,100696279.03,,
2020-12-11,300072,6.14,6.16,5.9,5.97,26420328,158708144.32,,
2020-12-14,300072,6.05,6.09,5.89,6.06,17408101,104496469.84,,
2020-12-15,300072,6.04,6.08,5.97,6.0,10365336,62327769.78,,
2020-12-16,300072,6.01,6.13,5.84,5.97,21883758,130848224.32,,
2020-12-17,300072,5.87,6.08,5.82,6.03,15247791,91163584.16,,
2020-12-18,300072,6.01,6.34,5.88,5.9,30654370,185575580.81,,
2020-12-21,300072,5.85,6.27,5.82,6.1,26374645,160286638.37,,
2020-12-22,300072,6.12,6.27,5.96,5.96,26218958,159649144.77,,
2020-12-23,300072,5.93,6.04,5.89,5.95,16480371,98111234.67,,
2020-12-24,300072,5.95,5.95,5.62,5.68,24046338,138634311.11,,
2020-12-25,300072,5.64,5.85,5.56,5.81,18447449,105677182.52,,
2020-12-28,300072,5.87,5.9,5.69,5.82,16707276,96717559.74,,
2020-12-29,300072,5.8,5.97,5.71,5.73,15738949,91500090.31,,
2020-12-30,300072,5.75,5.77,5.61,5.62,13449103,76292764.95,,
2020-12-31,300072,5.59,5.89,5.59,5.68,18312505,104436210.27,,
2021-01-04,300072,5.7,5.76,5.56,5.59,21532856,121667650.96,,
2021-01-05,300072,5.57,5.68,5.44,5.67,23531126,131201780.24,,
2021-01-06,300072,5.67,5.7,5.47,5.48,18347464,101478860.54,,
2021-01-07,300072,5.47,5.55,5.31,5.42,25226024,136848967.6,,
2021-01-08,300072,5.42,5.61,5.21,5.52,24265520,132179056.74,,
2021-01-11,300072,5.49,5.52,5.29,5.32,18025715,96996092.25,,
2021-01-12,300072,5.37,5.48,5.28,5.34,15660939,84029329.87,,
2021-01-13,300072,5.28,5.32,5.12,5.21,21252979,110906556.75,,
2021-01-14,300072,5.17,5.27,5.13,5.17,14113277,73356619.64,,
2021-01-15,300072,5.24,6.07,5.21,5.76,54659785,310612112.7,,
2021-01-18,300072,5.76,5.96,5.66,5.74,32880837,190046784.3,,
2021-01-19,300072,5.7,5.95,5.66,5.91,28433443,164701293.51,,
2021-01-20,300072,5.9,6.28,5.78,5.94,42565304,255807725.06,,
2021-01-21,300072,5.93,5.94,5.78,5.89,22345518,131249387.29,,
2021-01-22,300072,5.83,5.98,5.73,5.9,18968229,111299632.99,,
2021-01-25,300072,5.88,6.43,5.76,6.26,49399954,305603370.85,,
2021-01-26,300072,6.3,6.36,6.08,6.11,24857119,154746840.4,,
2021-01-27,300072,6.2,6.35,6.1,6.25,22552003,140275123.71,,
2021-01-28,300072,6.15,6.57,6.13,6.4,32761043,210305285.97,,
2021-01-29,300072,6.48,6.51,6.03,6.1,30772460,192770420.79,,
2021-02-01,300072,6.03,6.32,5.88,5.9,33140354,201082993.72,,
2021-02-02,300072,5.8,6.02,5.8,5.83,22617260,132642645.09,,
2021-02-03,300072,5.85,5.94,5.53,5.53,25745861,144810157.03,,
2021-02-04,300072,5.57,5.9,5.43,5.77,29581590,167670747.61,,
2021-02-05,300072,5.72,5.86,5.4,5.52,20018106,111373368.08,,
2021-02-08,300072,5.6,5.86,5.55,5.67,19538212,111236231.44,,
2021-02-09,300072,5.71,6.22,5.67,6.06,31288797,188671933.88,,
2021-02-10,300072,6.07,6.18,5.96,6.14,20301435,123685911.0,,
2021-02-18,300072,6.45,6.62,6.29,6.53,37120369,240412187.11,,
2021-02-19,300072,6.5,6.63,6.39,6.47,25216804,163681950.51,,
2021-02-22,300072,6.53,6.87,6.5,6.69,36715583,246844720.82,,
2021-02-23,300072,6.67,6.89,6.45,6.51,25100366,165449044.26,,
2021-02-24,300072,6.58,6.73,6.5,6.55,24391644,161156871.65,,
2021-02-25,300072,6.62,6.66,6.33,6.4,20861497,134241949.99,,
2021-02-26,300072,6.31,6.8,6.31,6.72,37221925,245750304.98,,
2021-03-01,300072,6.66,6.67,6.5,6.63,25805240,170120703.96,,
2021-03-02,300072,6.72,6.78,6.53,6.75,27753983,184633456.27,,
2021-03-03,300072,6.7,7.07,6.69,6.93,34109077,236661822.76,,
2021-03-04,300072,6.9,7.03,6.87,6.95,25469240,176913633.74,,
2021-03-05,300072,6.98,7.05,6.69,6.85,25155030,171814405.43,,
2021-03-08,300072,6.87,7.25,6.8,6.99,36285480,256731804.36,,
2021-03-09,300072,6.95,7.17,6.8,6.98,32602675,229016319.17,,
2021-03-10,300072,7.0,7.14,6.84,6.87,24486306,171196459.94,,
2021-03-11,300072,6.9,7.33,6.63,7.29,45480472,318220957.18,,
2021-03-12,300072,7.28,7.4,7.21,7.38,31756452,232345806.25,,
2021-03-15,300072,7.36,7.77,7.28,7.5,41869819,313191416.62,,
2021-03-16,300072,7.45,7.8,7.39,7.52,31999503,243614904.36,,
2021-03-17,300072,7.8,7.89,7.12,7.17,49888003,366710050.47,,
2021-03-18,300072,7.1,7.54,7.04,7.28,31283458,228861365.2,,
2021-03-19,300072,7.15,7.42,7.1,7.16,21736705,156526358.92,,
2021-03-22,300072,7.16,7.32,7.01,7.1,24733133,176509682.78,,
2021-03-23,300072,7.02,7.07,6.31,6.36,63845679,420033042.48,,
2021-03-24,300072,6.2,6.35,6.01,6.05,33093737,203946780.98,,
2021-03-25,300072,6.01,6.17,5.91,5.98,24155265,145563463.07,,
2021-03-26,300072,6.03,6.07,5.9,6.0,20279069,121765700.99,,
2021-03-29,300072,6.06,6.06,5.9,5.91,13842692,82379154.7,,
2021-03-30,300072,5.92,5.93,5.75,5.87,18427070,107356354.97,,
2021-03-31,300072,5.88,5.91,5.73,5.81,16774954,97471499.75,,
2021-04-01,300072,5.79,5.81,5.58,5.65,20642468,117098948.32,,
2021-04-02,300072,5.69,5.76,5.65,5.72,11872986,67815729.9,,
2021-04-06,300072,5.77,5.93,5.75,5.83,16048270,93651937.98,,
2021-04-07,300072,5.85,5.86,5.79,5.81,10648774,61997123.33,,
2021-04-08,300072,5.82,5.94,5.68,5.8,15125968,88004440.44,,
2021-04-09,300072,5.82,5.84,5.71,5.75,9846645,56773528.41,,
2021-04-12,300072,5.75,6.15,5.7,5.96,27240559,162469175.6,,
2021-04-13,300072,5.98,6.09,5.91,6.02,12248324,73375059.23,,
2021-04-14,300072,5.98,6.02,5.8,5.87,13885767,81619547.91,,
2021-04-15,300072,5.89,5.91,5.68,5.75,11619841,66869087.92,,
2021-04-16,300072,5.75,6.02,5.75,5.94,12594773,74383526.88,,
2021-04-19,300072,5.9,6.0,5.85,5.91,14035481,83172815.42,,
2021-04-20,300072,5.92,5.95,5.83,5.84,9157130,53869559.15,,
2021-04-21,300072,5.84,5.97,5.78,5.85,9339413,54883971.58,,
2021-04-22,300072,5.81,6.08,5.81,5.97,18864544,112691900.73,,
2021-04-23,300072,5.9,5.94,5.68,5.77,22501302,130156974.97,,
2021-04-26,300072,5.72,5.76,5.38,5.47,31249314,173425466.84,,
2021-04-27,300072,5.5,5.58,5.35,5.41,14640456,79519983.68,,
2021-04-28,300072,5.39,5.47,5.34,5.4,11790682,63488680.84,,
2021-04-29,300072,5.37,5.45,5.31,5.36,13742949,73907665.19,,
2021-04-30,300072,5.38,5.42,5.29,5.34,12339944,65789425.61,,
2021-05-06,300072,5.35,5.42,5.28,5.31,10182772,54546272.77,,
2021-05-07,300072,5.33,5.57,5.28,5.5,18302793,99662036.75,,
2021-05-10,300072,5.52,5.61,5.46,5.58,16359086,90889631.37,,
2021-05-11,300072,5.58,5.67,5.46,5.5,13790850,76403046.99,,
2021-05-12,300072,5.5,5.54,5.44,5.51,10102722,55474116.89,,
2021-05-13,300072,5.47,5.56,5.4,5.4,10286211,56314169.72,,
2021-05-14,300072,5.43,5.66,5.42,5.63,20706981,115525751.58,,
2021-05-17,300072,5.64,5.64,5.47,5.48,14297300,78884887.6,,
2021-05-18,300072,5.5,5.52,5.45,5.51,6408712,35162428.05,,
2021-05-19,300072,5.51,5.51,5.36,5.48,10623506,57690089.94,,
2021-05-20,300072,5.48,5.65,5.43,5.53,15415932,85990908.09,,
2021-05-21,300072,5.48,5.6,5.45,5.52,9924573,54892673.67,,
2021-05-24,300072,5.54,5.6,5.47,5.49,12462413,68943481.06,,
2021-05-25,300072,5.47,5.5,5.39,5.46,10428108,56846048.76,,
2021-05-26,300072,5.44,5.92,5.4,5.79,35049902,200144131.29,,
2021-05-27,300072,5.76,6.05,5.71,5.94,30624321,181960935.53,,
2021-05-28,300072,5.98,6.05,5.85,5.95,19696485,116571815.98,,
2021-05-31,300072,5.91,5.95,5.81,5.86,14440191,84686529.11,,
2021-06-01,300072,5.86,6.18,5.81,6.01,24885717,150314601.56,,
2021-06-02,300072,5.99,6.04,5.87,5.89,13434330,79899883.6,,
2021-06-03,300072,5.9,5.98,5.84,5.87,11485615,67745161.11,,
2021-06-04,300072,5.89,5.93,5.81,5.85,9038809,53077838.43,,
2021-06-07,300072,5.81,5.99,5.8,5.97,13675565,80748057.1,,
2021-06-08,300072,5.98,6.28,5.91,6.09,24398559,150094126.8,,
2021-06-09,300072,6.1,6.15,5.97,6.0,13252721,80114508.9,,
2021-06-10,300072,5.96,6.03,5.86,6.01,12196464,72882504.16,,
2021-06-11,300072,5.99,6.25,5.97,6.15,21231116,130368197.4,,
2021-06-15,300072,6.15,6.16,5.85,5.87,18421453,109707605.98,,
2021-06-16,300072,5.85,5.93,5.76,5.79,15359424,89683067.41,,
2021-06-17,300072,5.79,5.86,5.47,5.51,25685687,144034700.45,,
2021-06-18,300072,5.51,5.6,5.44,5.53,13755043,76091658.07,,
2021-06-21,300072,5.55,6.09,5.52,6.02,32583948,192223373.27,,
2021-06-22,300072,6.02,6.23,6.01,6.09,27258895,166913841.93,,
2021-06-23,300072,6.15,6.18,6.0,6.06,18617135,112686041.0,,
2021-06-24,300072,6.06,6.09,5.94,5.97,15510146,92773040.3,,
2021-06-25,300072,5.95,6.09,5.88,5.94,16400618,97957307.71,,
2021-06-28,300072,5.99,6.15,5.95,5.99,13970708,84170940.67,,
2021-06-29,300072,5.99,5.99,5.77,5.83,15635722,91441441.48,,
2021-06-30,300072,5.79,5.91,5.73,5.74,9838943,56985472.64,,
2021-07-01,300072,5.78,6.09,5.66,5.99,28121748,166931140.44,,
2021-07-02,300072,5.95,6.08,5.91,5.94,19579301,117372964.1,,
2021-07-05,300072,5.95,6.13,5.91,6.09,21088741,127213811.51,,
2021-07-06,300072,6.18,6.49,6.08,6.38,44661503,283229951.93,,
2021-07-07,300072,6.31,6.45,6.2,6.38,27269465,173713228.76,,
2021-07-08,300072,6.42,6.62,6.32,6.36,29241973,188134544.1,,
2021-07-09,300072,6.27,6.62,6.25,6.55,31483814,203896540.84,,
2021-07-12,300072,6.51,6.66,6.45,6.48,30188135,197595953.9,,
2021-07-13,300072,6.47,6.61,6.39,6.53,22295243,144889999.8,,
2021-07-14,300072,6.48,6.58,6.33,6.41,28849662,185597074.27,,
2021-07-15,300072,6.4,6.45,6.15,6.3,21949018,137555632.13,,
2021-07-16,300072,6.42,6.65,6.42,6.47,28206526,183686968.65,,
2021-07-19,300072,6.6,6.61,6.24,6.26,22499704,142658341.19,,
2021-07-20,300072,6.19,6.26,6.11,6.21,19224708,118761848.64,,
2021-07-21,300072,6.21,6.77,6.21,6.55,40419061,265297011.32,,
2021-07-22,300072,6.55,6.72,6.47,6.61,29980617,198138035.58,,
2021-07-23,300072,6.63,6.87,6.57,6.62,36004738,241786559.6,,
2021-07-26,300072,6.6,6.63,6.33,6.42,29076429,188410716.45,,
2021-07-27,300072,6.49,6.58,6.13,6.16,34163017,216107961.51,,
2021-07-28,300072,6.12,6.17,5.65,5.7,37995504,222012213.18,,
2021-07-29,300072,5.79,5.99,5.75,5.88,22538499,132070099.4,,
2021-07-30,300072,5.88,5.94,5.6,5.79,21804726,126490532.27,,
2021-08-02,300072,5.76,5.9,5.66,5.88,17856000,104081160.07,,
2021-08-03,300072,5.86,5.93,5.79,5.83,16441104,96251329.3,,
2021-08-04,300072,5.84,5.92,5.67,5.71,24452199,140841429.66,,
2021-08-05,300072,5.7,5.76,5.49,5.67,27622652,155288913.66,,
2021-08-06,300072,5.6,5.69,5.57,5.67,17981697,101088728.96,,
2021-08-09,300072,5.66,5.76,5.6,5.7,20479286,116471105.21,,
2021-08-10,300072,5.69,5.78,5.66,5.72,18130426,103590123.39,,
2021-08-11,300072,5.7,5.92,5.67,5.9,26712132,155222031.69,,
2021-08-12,300072,5.87,5.98,5.77,5.81,19948121,116623361.8,,
2021-08-13,300072,5.8,5.85,5.68,5.84,19790327,114240707.16,,
2021-08-16,300072,5.84,7.0,5.77,6.94,108258396,701305078.96,,
2021-08-17,300072,7.03,7.14,6.53,6.59,96356795,651696992.96,,
2021-08-18,300072,6.58,6.78,6.37,6.59,67053709,439936204.46,,
2021-08-19,300072,6.49,6.58,6.19,6.2,51247928,322259990.25,,
2021-08-20,300072,6.17,6.29,6.05,6.12,29635391,181981421.74,,
2021-08-23,300072,6.13,6.25,6.11,6.13,31092690,191531465.02,,
2021-08-24,300072,6.17,6.51,6.16,6.3,48164200,306902254.99,,
2021-08-25,300072,6.24,6.57,6.13,6.45,44084690,281468838.35,,
2021-08-26,300072,6.45,6.5,6.32,6.34,28072775,179618783.27,,
2021-08-27,300072,6.22,6.3,6.05,6.2,33983863,210030413.07,,
2021-08-30,300072,6.18,6.37,6.1,6.11,32270835,200457746.89,,
2021-08-31,300072,6.23,6.62,6.21,6.5,66361703,428253498.95,,
2021-09-01,300072,6.46,6.62,6.29,6.45,41098352,264758695.36,,
2021-09-02,300072,6.42,6.81,6.3,6.64,51503715,337647376.77,,
2021-09-03,300072,6.56,6.77,6.53,6.64,36273461,240955361.35,,
2021-09-06,300072,6.66,6.8,6.43,6.58,29782237,195482430.76,,
2021-09-07,300072,6.55,6.74,6.45,6.6,37560877,247488765.07,,
2021-09-08,300072,6.69,6.84,6.58,6.76,41964516,282024843.26,,
2021-09-09,300072,6.75,7.15,6.69,6.93,65433968,454759201.69,,
2021-09-10,300072,6.93,7.37,6.93,7.01,65780437,469549312.16,,
2021-09-13,300072,7.12,7.35,7.03,7.12,59249631,426798949.18,,
2021-09-14,300072,7.27,7.28,6.88,6.95,41981486,294938480.09,,
2021-09-15,300072,7.1,7.6,6.98,7.46,65784631,480218539.74,,
2021-09-16,300072,7.44,7.54,7.17,7.25,45987002,337153210.55,,
2021-09-17,300072,7.2,7.35,7.0,7.1,37999231,272120198.11,,
2021-09-22,300072,6.96,7.25,6.91,7.13,30420257,216673354.99,,
2021-09-23,300072,7.14,7.59,7.13,7.47,57778961,424963650.89,,
2021-09-24,300072,7.43,7.45,6.96,7.0,43637143,311941428.22,,
2021-09-27,300072,7.07,7.11,6.54,6.72,45181706,305662464.47,,
2021-09-28,300072,6.75,7.18,6.64,7.14,33820555,234914303.32,,
2021-09-29,300072,6.98,7.05,6.79,6.93,28847731,199855096.22,,
2021-09-30,300072,7.0,7.02,6.76,6.82,22173153,151938643.34,,
2021-10-08,300072,6.85,7.09,6.82,6.9,18202823,126224905.05,,
2021-10-11,300072,6.91,6.96,6.7,6.77,19557981,133517322.74,,
2021-10-12,300072,6.69,6.78,6.52,6.62,20205524,134020995.81,,
2021-10-13,300072,6.6,6.66,6.35,6.5,17110879,111322921.63,,
2021-10-14,300072,6.5,6.61,6.47,6.58,11112103,72697964.64,,
2021-10-15,300072,6.55,6.6,6.16,6.17,29157428,183746026.12,,
2021-10-18,300072,6.15,6.27,6.11,6.24,14084521,87490148.32,,
2021-10-19,300072,6.22,6.26,6.17,6.21,11211580,69525385.9,,
2021-10-20,300072,6.18,6.33,6.14,6.31,11600744,72645466.18,,
2021-10-21,300072,6.26,6.34,6.16,6.2,10317261,64138136.54,,
2021-10-22,300072,6.22,6.26,6.06,6.08,11224303,68961378.2,,
2021-10-25,300072,6.12,6.21,6.05,6.17,9414527,57870138.21,,
2021-10-26,300072,6.19,6.22,5.96,6.0,17258555,104868346.75,,
2021-10-27,300072,6.06,6.15,5.96,6.0,12943882,77967108.64,,
2021-10-28,300072,5.95,6.04,5.79,6.0,15837067,94069048.1,,
2021-10-29,300072,6.05,6.08,5.95,6.08,11122802,67017470.36,,
2021-11-01,300072,6.09,6.12,6.0,6.05,12734621,77267683.33,,
2021-11-02,300072,6.1,6.43,6.09,6.29,27592756,174186432.99,,
2021-11-03,300072,6.25,6.38,6.21,6.33,13153858,82961416.24,,
2021-11-04,300072,6.34,6.55,6.32,6.45,18689836,120366488.76,,
2021-11-05,300072,6.43,6.52,6.3,6.5,13847910,88835323.9,,
2021-11-08,300072,6.56,6.77,6.52,6.55,19474698,129516542.18,,
2021-11-09,300072,6.6,6.6,6.39,6.48,14599194,94369484.57,,
2021-11-10,300072,6.45,6.84,6.41,6.77,28657354,191496472.88,,
2021-11-11,300072,6.76,7.0,6.72,6.88,25007166,171711161.96,,
2021-11-12,300072,6.89,6.95,6.77,6.87,17556239,120252906.59,,
2021-11-15,300072,6.91,6.95,6.64,6.68,39695544,267296649.19,,
2021-11-16,300072,6.74,7.04,6.69,6.89,31755071,218637745.0,,
2021-11-17,300072,6.92,7.35,6.88,7.19,45666463,328201462.52,,
2021-11-18,300072,7.26,7.42,7.16,7.23,47433332,346547853.08,,
2021-11-19,300072,7.23,7.36,7.17,7.3,30709839,223276900.54,,
2021-11-22,300072,7.29,7.43,7.18,7.28,24013110,173946372.95,,
2021-11-23,300072,7.36,7.57,7.25,7.32,32115743,236791028.88,,
2021-11-24,300072,7.32,7.43,7.25,7.28,25813421,189203071.4,,
2021-11-25,300072,7.21,7.36,7.13,7.27,29759800,215427738.22,,
2021-11-26,300072,7.25,7.33,7.2,7.24,15559358,112968303.46,,
2021-11-29,300072,7.14,7.22,7.01,7.19,18841639,134529365.77,,
2021-11-30,300072,7.19,7.34,7.14,7.29,24645230,178196205.21,,
2021-12-01,300072,7.77,7.77,7.19,7.3,105337258,787890049.69,,
2021-12-02,300072,7.22,7.39,7.04,7.11,40376023,289929876.0,,
2021-12-03,300072,7.15,7.29,7.05,7.19,23571739,169484782.46,,
2021-12-06,300072,7.4,7.5,7.06,7.1,29076275,210402492.14,,
2021-12-07,300072,7.12,7.19,6.92,6.95,24053499,168572915.63,,
2021-12-08,300072,7.01,7.05,6.91,6.97,14358459,100070014.53,,
2021-12-09,300072,6.95,7.03,6.85,6.89,20122000,138897997.85,,
2021-12-10,300072,6.95,7.05,6.8,6.83,32807370,226227971.47,,
2021-12-13,300072,6.97,7.23,6.73,6.97,46403877,324188646.61,,
2021-12-14,300072,6.93,7.11,6.84,7.06,32203637,224631764.18,,
2021-12-15,300072,7.03,7.47,7.01,7.4,47767691,348734478.49,,
2021-12-16,300072,7.49,8.88,7.45,8.77,157990038,1304860529.92,,
2021-12-17,300072,8.67,8.7,8.29,8.33,97625709,827180107.45,,
2021-12-20,300072,8.42,8.52,8.1,8.17,63315720,526755862.72,,
2021-12-21,300072,8.23,9.22,8.21,8.66,116955788,1017185260.7,,
2021-12-22,300072,8.78,8.78,8.23,8.27,68298720,573536716.78,,
2021-12-23,300072,8.12,8.47,8.05,8.28,53612773,442222261.19,,
2021-12-24,300072,8.31,8.44,7.9,7.95,47168093,383093269.89,,
2021-12-27,300072,7.96,8.16,7.77,8.03,47335114,376555088.15,,
2021-12-28,300072,7.98,8.12,7.9,8.0,29034205,232316656.84,,
2021-12-29,300072,8.01,8.24,7.9,7.99,34973183,281479282.56,,
2021-12-30,300072,7.95,8.12,7.89,7.94,36701083,292620777.45,,
2021-12-31,300072,7.9,8.13,7.9,7.93,34620952,276832356.5,,
2022-01-04,300072,7.99,8.4,7.98,8.18,62620673,512459341.75,,
2022-01-05,300072,8.26,8.28,7.85,7.99,39553009,318179866.42,,
2022-01-06,300072,7.91,8.25,7.85,8.17,36323097,295004733.12,,
2022-01-07,300072,8.17,8.24,7.7,7.74,47605439,377692453.17,,
2022-01-10,300072,7.72,7.94,7.68,7.72,32866949,255890428.18,,
2022-01-11,300072,7.72,7.88,7.58,7.66,25903271,200117994.57,,
2022-01-12,300072,7.67,8.05,7.67,7.99,43144464,342240385.58,,
2022-01-13,300072,8.15,8.24,7.91,8.01,43923333,354697799.81,,
2022-01-14,300072,7.98,8.04,7.83,7.87,25633427,202919334.25,,
2022-01-17,300072,7.87,8.18,7.66,8.12,39092666,314164345.83,,
2022-01-18,300072,8.15,8.22,8.04,8.19,32258288,262070601.53,,
2022-01-19,300072,8.26,8.38,7.97,8.06,39707062,321816750.88,,
2022-01-20,300072,7.96,8.25,7.82,8.1,38175604,307387831.62,,
2022-01-21,300072,8.07,8.07,7.77,7.81,31779265,249872258.06,,
2022-01-24,300072,7.77,8.02,7.5,7.81,33915640,263886655.49,,
2022-01-25,300072,7.85,7.88,7.6,7.6,25965962,201317495.74,,
2022-01-26,300072,7.63,8.07,7.54,8.05,39582825,311909137.55,,
2022-01-27,300072,8.12,8.13,7.73,7.76,32303956,256775586.58,,
2022-01-28,300072,7.88,7.92,7.65,7.75,21204861,165068249.61,,
2022-02-07,300072,7.92,8.12,7.76,8.1,33015499,264506857.7,,
2022-02-08,300072,8.07,8.25,8.01,8.24,38232928,311606966.41,,
2022-02-09,300072,8.23,8.27,8.04,8.17,30097208,244910681.33,,
2022-02-10,300072,8.24,8.55,8.16,8.2,37933019,314927849.75,,
2022-02-11,300072,8.13,8.25,7.95,8.02,29200200,235479405.02,,
2022-02-14,300072,8.01,8.15,7.8,8.15,24533030,196749787.96,,
2022-02-15,300072,8.11,8.15,7.96,8.13,21071939,169559859.0,,
2022-02-16,300072,8.16,8.2,8.06,8.18,18604009,151204358.35,,
2022-02-17,300072,8.23,8.66,8.23,8.41,56192038,473283956.1,,
2022-02-18,300072,8.25,8.46,8.21,8.44,32403578,270226184.09,,
2022-02-21,300072,8.45,8.88,8.37,8.69,64531506,559695732.38,,
2022-02-22,300072,8.61,8.7,8.28,8.35,42409658,359506625.77,,
2022-02-23,300072,8.35,8.49,8.31,8.36,26288372,220576890.16,,
2022-02-24,300072,8.36,8.5,7.92,8.03,51378067,419770202.38,,
2022-02-25,300072,8.11,8.49,8.04,8.07,32681457,268483982.08,,
2022-02-28,300072,8.07,8.23,7.93,8.2,26758975,216404927.0,,
2022-03-01,300072,8.21,8.47,8.05,8.14,37629837,309271472.0,,
2022-03-02,300072,8.17,8.23,8.05,8.16,19460561,158239054.0,,
2022-03-03,300072,8.19,8.19,8.03,8.06,23183851,187687382.0,,
2022-03-04,300072,7.99,8.04,7.6,7.65,47502436,367879152.0,,
2022-03-07,300072,7.6,7.62,7.38,7.4,31431097,234993102.0,,
2022-03-08,300072,7.3,7.44,7.06,7.11,34862140,252359723.0,,
2022-03-09,300072,7.09,7.19,6.65,6.92,37175802,257095279.0,,
2022-03-10,300072,7.06,7.11,6.77,6.8,38010359,263557602.0,,
2022-03-11,300072,6.65,6.84,6.55,6.82,25904474,173556758.0,,
2022-03-14,300072,6.8,6.9,6.62,6.62,18751340,126507696.0,,
2022-03-15,300072,6.56,6.63,6.18,6.28,34516753,221430938.0,,
2022-03-16,300072,6.37,6.54,6.18,6.49,31838533,202481122.0,,
2022-03-17,300072,6.57,6.72,6.53,6.55,27455786,181622285.0,,
2022-03-18,300072,6.55,6.75,6.51,6.67,20140268,134011498.18,,
2022-03-21,300072,6.66,6.82,6.61,6.68,18942257,127258389.0,,
2022-03-22,300072,6.71,6.72,6.61,6.69,14756295,98312348.0,,
2022-03-23,300072,6.77,6.88,6.68,6.72,19096067,129003555.27,,
2022-03-24,300072,6.65,6.7,6.54,6.55,21639300,142912180.06,,
2022-03-25,300072,6.62,6.64,6.53,6.55,17341314,114076197.25,,
2022-03-28,300072,6.49,6.79,6.39,6.74,30543787,203278717.7,,
2022-03-29,300072,6.77,6.79,6.59,6.64,15520028,103409636.77,,
2022-03-30,300072,6.64,6.71,6.58,6.71,13278127,88285412.74,,
2022-03-31,300072,6.68,6.7,6.53,6.56,15021105,99138248.82,,
2022-04-01,300072,6.52,6.61,6.46,6.57,11751293,76889526.27,,
2022-04-06,300072,6.55,6.6,6.5,6.54,13143920,85827350.4,,
2022-04-07,300072,6.56,6.62,6.38,6.39,15550190,100542353.9,,
2022-04-08,300072,6.33,6.4,6.11,6.16,29790323,184639796.83,,
2022-04-11,300072,6.18,6.21,5.9,5.93,20789874,124495672.49,,
2022-04-12,300072,5.92,6.12,5.89,6.12,18494161,111049226.71,,
2022-04-13,300072,6.11,6.11,5.99,6.03,12247881,73994046.58,,
2022-04-14,300072,6.05,6.14,5.93,5.97,17169945,103430086.99,,
2022-04-15,300072,5.93,5.94,5.68,5.75,23716829,137324354.35,,
2022-04-18,300072,5.81,5.87,5.55,5.86,21680301,123887115.91,,
2022-04-19,300072,5.83,6.05,5.82,5.95,18976145,112374835.56,,
2022-04-20,300072,5.94,6.06,5.87,5.9,16731683,99778319.74,,
2022-04-21,300072,5.92,5.92,5.51,5.55,21049162,119703158.82,,
2022-04-22,300072,5.17,5.38,4.68,4.74,73019811,358468176.05,,
2022-04-25,300072,4.76,4.78,4.27,4.3,66422968,301580234.57,,
2022-04-26,300072,4.33,4.35,4.01,4.06,48349549,203567552.57,,
2022-04-27,300072,4.07,4.15,3.9,4.14,60090401,242266003.4,,
2022-04-28,300072,4.11,4.21,3.9,4.01,41191999,165729225.92,,
2022-04-29,300072,4.05,4.21,4.04,4.18,46135074,190891158.99,,
2022-05-05,300072,4.26,4.31,4.08,4.25,37795562,159888790.92,,
2022-05-06,300072,4.19,4.23,4.13,4.17,21020766,87790692.56,,
2022-05-09,300072,4.18,4.32,4.17,4.29,22037231,94148073.55,,
2022-05-10,300072,4.27,4.39,4.21,4.36,22295445,96264374.58,,
2022-05-11,300072,4.36,4.57,4.35,4.38,26734312,119444271.02,,
2022-05-12,300072,4.35,4.47,4.34,4.42,17589174,77473938.06,,
2022-05-13,300072,4.43,4.56,4.42,4.48,22310832,100138076.51,,
2022-05-16,300072,4.49,4.56,4.45,4.5,16101024,72512450.44,,
2022-05-17,300072,4.53,4.53,4.41,4.5,14763852,65998263.5,,
2022-05-18,300072,4.48,4.65,4.46,4.58,17572608,80385605.31,,
2022-05-19,300072,4.55,4.65,4.52,4.65,17848772,82081516.0,,
2022-05-20,300072,4.72,4.88,4.67,4.7,24676740,116901954.26,,
2022-05-23,300072,4.76,4.86,4.7,4.83,18051637,86309296.74,,
2022-05-24,300072,4.85,4.9,4.58,4.58,24814461,117623235.79,,
2022-05-25,300072,4.58,4.65,4.53,4.59,20396910,93585754.27,,
2022-05-26,300072,4.62,4.63,4.47,4.61,17894747,81614925.28,,
2022-05-27,300072,4.61,4.67,4.51,4.55,13215415,60548887.6,,
2022-05-30,300072,4.6,4.64,4.51,4.62,13629284,62263510.46,,
2022-05-31,300072,4.62,4.71,4.53,4.7,25835699,119885135.07,,
2022-06-01,300072,4.7,4.83,4.64,4.72,21300374,100493608.24,,
2022-06-02,300072,4.7,4.76,4.63,4.72,19334090,90586862.6,,
2022-06-06,300072,4.68,4.85,4.68,4.81,24976496,119739670.75,,
2022-06-07,300072,4.79,4.88,4.7,4.74,23408185,111445048.31,,
2022-06-08,300072,4.78,4.78,4.54,4.71,25831554,120511154.54,,
2022-06-09,300072,4.75,4.75,4.52,4.58,23901120,109843761.4,,
2022-06-10,300072,4.55,4.77,4.54,4.74,25763667,120706500.24,,
2022-06-13,300072,4.75,4.79,4.7,4.76,20381624,96625126.43,,
2022-06-14,300072,4.73,4.8,4.58,4.8,20186825,94523799.38,,
2022-06-15,300072,4.8,4.85,4.74,4.75,23703024,113650351.22,,
2022-06-16,300072,4.75,4.79,4.68,4.69,22619310,107214799.36,,
2022-06-17,300072,4.68,4.75,4.6,4.74,19192907,89964805.98,,
2022-06-20,300072,4.74,4.79,4.69,4.72,14603661,69048029.11,,
2022-06-21,300072,4.71,4.74,4.62,4.66,18964125,88807663.64,,
2022-06-22,300072,4.63,4.66,4.52,4.53,16768699,77025876.0,,
2022-06-23,300072,4.53,4.66,4.46,4.66,24888725,113524461.98,,
2022-06-24,300072,4.64,4.82,4.64,4.74,24431421,115741314.94,,
2022-06-27,300072,4.79,5.2,4.77,5.08,79645228,402498980.62,,
2022-06-28,300072,5.12,5.13,5.03,5.09,37751191,191449541.08,,
2022-06-29,300072,5.29,5.5,5.08,5.1,59913533,314207780.46,,
2022-06-30,300072,5.13,5.19,5.05,5.06,32084603,163489994.0,,
2022-07-01,300072,5.07,5.35,5.07,5.31,39892141,209752753.97,,
2022-07-04,300072,5.35,5.46,5.19,5.24,34268147,180331993.11,,
2022-07-05,300072,5.23,5.29,5.11,5.25,36658619,189516659.69,,
2022-07-06,300072,5.25,5.3,5.07,5.12,36676184,188828940.28,,
2022-07-07,300072,5.12,5.52,5.08,5.5,51604943,275974177.28,,
2022-07-08,300072,5.5,5.55,5.1,5.16,46034485,243654333.54,,
2022-07-11,300072,5.16,5.23,5.04,5.17,26349276,135324555.38,,
2022-07-12,300072,5.18,5.18,4.95,4.96,25414593,128173469.31,,
2022-07-13,300072,4.95,5.27,4.92,5.14,25628702,130891248.05,,
2022-07-14,300072,5.15,5.18,5.09,5.13,15662290,80336295.35,,
2022-07-15,300072,5.15,5.15,4.94,4.95,23639679,118601196.2,,
2022-07-18,300072,4.97,5.23,4.97,5.08,34765041,177185557.8,,
2022-07-19,300072,5.1,5.21,5.06,5.2,32291222,166481931.92,,
2022-07-20,300072,5.23,5.5,5.17,5.38,49131775,264091571.77,,
2022-07-21,300072,5.35,5.38,5.15,5.15,30114987,157888954.43,,
2022-07-22,300072,5.17,5.31,5.12,5.2,25800448,134548483.97,,
2022-07-25,300072,5.23,5.24,5.01,5.02,21644246,109894180.37,,
2022-07-26,300072,5.02,5.13,4.96,5.09,18728234,94267273.35,,
2022-07-27,300072,5.09,5.23,5.07,5.11,20237553,104249577.26,,
2022-07-28,300072,5.1,5.17,5.08,5.1,19397098,99124771.99,,
2022-07-29,300072,5.09,5.12,4.99,5.0,18078851,91309170.02,,
2022-08-01,300072,4.98,5.09,4.94,5.06,15253463,76672407.4,,
2022-08-02,300072,5.0,5.0,4.62,4.8,48220090,230497518.42,,
2022-08-03,300072,4.76,5.03,4.76,4.86,37919693,187360991.93,,
2022-08-04,300072,4.89,4.94,4.74,4.83,18125419,87542273.25,,
2022-08-05,300072,4.81,4.87,4.76,4.84,17311610,83327129.55,,
2022-08-08,300072,4.88,4.96,4.78,4.95,17423910,85315224.5,,
2022-08-09,300072,4.89,4.96,4.82,4.85,16248211,79179476.93,,
2022-08-10,300072,4.85,4.86,4.75,4.77,14359271,68774814.89,,
2022-08-11,300072,4.8,4.98,4.79,4.97,27674094,135969372.22,,
2022-08-12,300072,4.96,5.0,4.9,4.91,14533352,71651354.7,,
2022-08-15,300072,4.89,4.98,4.83,4.92,14728062,72080318.88,,
2022-08-16,300072,4.92,4.94,4.86,4.89,11077932,54220001.26,,
2022-08-17,300072,4.9,4.96,4.86,4.95,14386510,70758553.59,,
2022-08-18,300072,4.96,5.16,4.92,5.08,34747798,175624162.66,,
2022-08-19,300072,5.07,5.16,5.03,5.06,24018398,122106753.42,,
2022-08-22,300072,5.09,5.09,4.94,4.99,17536676,87580992.12,,
2022-08-23,300072,4.95,5.01,4.89,4.93,18474672,91150448.92,,
2022-08-24,300072,4.94,5.0,4.7,4.74,25295924,121745031.56,,
2022-08-25,300072,4.83,4.83,4.61,4.71,20792549,97626690.57,,
2022-08-26,300072,4.73,4.85,4.66,4.67,21902265,104091453.72,,
2022-08-29,300072,4.6,4.93,4.57,4.85,36794653,177186796.56,,
2022-08-30,300072,4.91,4.96,4.61,4.84,47554565,226589552.88,,
2022-08-31,300072,4.84,4.84,4.65,4.69,28317272,133735756.13,,
2022-09-01,300072,4.71,4.71,4.5,4.52,26320397,120301820.42,,
2022-09-02,300072,4.51,4.66,4.51,4.65,22527456,103988404.97,,
2022-09-05,300072,4.66,4.73,4.6,4.72,24506020,114133143.91,,
2022-09-06,300072,4.77,4.82,4.68,4.77,17906588,85533016.08,,
2022-09-07,300072,4.76,4.81,4.72,4.74,12231666,58140987.52,,
2022-09-08,300072,4.74,4.78,4.69,4.7,12171977,57480176.16,,
2022-09-09,300072,4.72,4.77,4.65,4.74,15127732,71350371.1,,
2022-09-13,300072,4.74,4.77,4.63,4.64,16794852,78621507.42,,
2022-09-14,300072,4.61,4.65,4.56,4.6,15366986,70620607.79,,
2022-09-15,300072,4.63,4.64,4.38,4.43,25191093,112732660.07,,
2022-09-16,300072,4.42,4.43,4.23,4.24,19721603,85242956.58,,
2022-09-19,300072,4.23,4.32,4.21,4.26,17856043,76009780.18,,
2022-09-20,300072,4.29,4.47,4.29,4.39,20435805,90072662.5,,
2022-09-21,300072,4.37,4.45,4.3,4.43,11795449,51675585.07,,
2022-09-22,300072,4.42,4.51,4.4,4.47,12383371,55192896.77,,
2022-09-23,300072,4.45,4.47,4.32,4.37,12619605,55428852.13,,
2022-09-26,300072,4.38,4.41,4.23,4.25,15972221,68715195.52,,
2022-09-27,300072,4.28,4.34,4.24,4.34,11449416,49112593.28,,
2022-09-28,300072,4.34,4.34,4.1,4.16,18983098,79866634.39,,
2022-09-29,300072,4.21,4.24,4.08,4.1,15057211,62504056.15,,
2022-09-30,300072,4.08,4.19,4.07,4.1,14357111,59271702.06,,
2022-10-10,300072,4.1,4.17,4.02,4.04,14913068,61000580.7,,
2022-10-11,300072,4.03,4.1,3.97,4.08,12385929,49994348.56,,
2022-10-12,300072,4.09,4.27,4.05,4.27,15999242,66602151.7,,
2022-10-13,300072,4.25,4.39,4.24,4.33,15370126,66653899.85,,
2022-10-14,300072,4.35,4.43,4.35,4.41,14309140,62966664.75,,
2022-10-17,300072,4.39,4.46,4.39,4.42,10188184,45153782.98,,
2022-10-18,300072,4.44,4.45,4.39,4.41,9997999,44106690.81,,
2022-10-19,300072,4.41,4.41,4.34,4.35,9809282,42866159.88,,
2022-10-20,300072,4.34,4.41,4.27,4.33,12366437,53627991.49,,
2022-10-21,300072,4.35,4.41,4.33,4.35,10558754,46118184.07,,
2022-10-24,300072,4.37,4.43,4.23,4.26,12616789,54515169.27,,
2022-10-25,300072,4.23,4.27,4.15,4.21,13842478,58257542.83,,
2022-10-26,300072,4.2,4.34,4.2,4.29,10849655,46497757.45,,
2022-10-27,300072,4.31,4.36,4.29,4.33,11417325,49483786.31,,
2022-10-28,300072,4.23,4.24,3.82,3.87,49948630,198232440.32,,
2022-10-31,300072,3.78,4.06,3.74,4.0,30814216,120009787.54,,
2022-11-01,300072,3.99,4.16,3.98,4.15,20622057,84458877.55,,
2022-11-02,300072,4.14,4.17,4.08,4.13,20258920,83618206.93,,
2022-11-03,300072,4.09,4.15,4.05,4.08,10805574,44157925.27,,
2022-11-04,300072,4.11,4.21,4.1,4.2,16382260,68263658.87,,
2022-11-07,300072,4.19,4.28,4.18,4.25,16117907,68419345.91,,
2022-11-08,300072,4.29,4.3,4.21,4.28,11202886,47751388.72,,
2022-11-09,300072,4.29,4.32,4.23,4.26,12482055,53352830.0,,
2022-11-10,300072,4.23,4.37,4.23,4.34,14019558,60258396.62,,
2022-11-11,300072,4.4,4.44,4.29,4.3,20254820,88057040.1,,
2022-11-14,300072,4.3,4.34,4.23,4.24,18129955,77553029.52,,
2022-11-15,300072,4.25,4.35,4.23,4.31,20999491,90298389.41,,
2022-11-16,300072,4.3,4.33,4.28,4.3,10008831,43092504.0,,
2022-11-17,300072,4.29,4.3,4.21,4.26,12010217,51049647.56,,
2022-11-18,300072,4.27,4.28,4.17,4.17,17990145,75794912.43,,
2022-11-21,300072,4.15,4.38,4.07,4.34,31312122,132375982.04,,
2022-11-22,300072,4.39,4.39,4.25,4.29,16959690,72909824.4,,
2022-11-23,300072,4.29,4.32,4.18,4.29,13658787,58186258.4,,
2022-11-24,300072,4.27,4.35,4.26,4.33,10519911,45230788.71,,
2022-11-25,300072,4.32,4.58,4.32,4.41,33870693,150360272.6,,
2022-11-28,300072,4.37,4.38,4.23,4.28,22000141,94078780.35,,
2022-11-29,300072,4.31,4.35,4.28,4.3,18134451,78131464.8,,
2022-11-30,300072,4.3,4.35,4.26,4.33,14125915,60988188.57,,
2022-12-01,300072,4.36,4.41,4.31,4.32,17752464,77281538.49,,
2022-12-02,300072,4.33,4.39,4.31,4.39,19204944,83735339.39,,
2022-12-05,300072,4.38,4.4,4.31,4.35,24090049,104434576.74,,
2022-12-06,300072,4.33,4.35,4.25,4.28,18620069,80052460.1,,
2022-12-07,300072,4.28,4.31,4.18,4.18,19429719,82107695.22,,
2022-12-08,300072,4.18,4.26,4.13,4.23,19067965,79975087.3,,
2022-12-09,300072,4.23,4.3,4.12,4.12,24184157,100858766.69,,
2022-12-12,300072,4.13,4.22,4.09,4.12,21393355,88599334.59,,
2022-12-13,300072,4.1,4.14,4.09,4.13,10143465,41774733.66,,
2022-12-14,300072,4.12,4.15,4.04,4.06,14129418,57769108.64,,
2022-12-15,300072,4.04,4.11,4.0,4.09,12571137,51180484.84,,
2022-12-16,300072,4.07,4.1,4.04,4.07,10649108,43321069.97,,
2022-12-19,300072,4.08,4.1,3.91,3.95,14944190,59419388.4,,
2022-12-20,300072,3.95,4.0,3.88,3.96,11346020,44793267.52,,
2022-12-21,300072,3.97,3.98,3.91,3.94,7364707,29025035.44,,
2022-12-22,300072,3.94,3.96,3.82,3.84,17614938,68435121.58,,
2022-12-23,300072,3.82,3.89,3.81,3.85,11381177,43822633.06,,
2022-12-26,300072,3.86,3.98,3.84,3.98,10040880,39455290.6,,
2022-12-27,300072,3.98,4.0,3.93,3.94,8243730,32543401.2,,
2022-12-28,300072,3.94,4.0,3.9,3.95,8793099,34677105.06,,
2022-12-29,300072,3.98,4.1,3.93,3.96,17898268,71708939.15,,
2022-12-30,300072,3.96,4.39,3.96,4.36,80380337,339824790.35,,
2023-01-03,300072,4.36,4.39,4.26,4.33,40623323,175813981.28,,
2023-01-04,300072,4.32,4.37,4.29,4.33,16406927,70981842.27,,
2023-01-05,300072,4.33,4.42,4.3,4.35,23813347,104042475.67,,
2023-01-06,300072,4.39,4.59,4.37,4.51,44909877,201603708.36,,
2023-01-09,300072,4.56,4.58,4.49,4.53,26551286,120190262.7,,
2023-01-10,300072,4.5,4.52,4.44,4.5,25672658,114835466.52,,
2023-01-11,300072,4.53,4.65,4.46,4.47,23568532,106728276.68,,
2023-01-12,300072,4.45,4.49,4.41,4.43,16797010,74683475.03,,
2023-01-13,300072,4.44,4.5,4.41,4.47,13032074,58080201.21,,
2023-01-16,300072,4.45,4.49,4.42,4.44,13084528,58268147.9,,
2023-01-17,300072,4.49,4.5,4.35,4.39,18622389,81957289.73,,
2023-01-18,300072,4.42,4.42,4.3,4.34,27788650,120920764.1,,
2023-01-19,300072,4.31,4.32,4.23,4.25,25121609,107147964.71,,
2023-01-20,300072,4.27,4.29,4.24,4.29,14349271,61286182.27,,
2023-01-30,300072,4.36,4.39,4.24,4.29,35201928,151774412.99,,
2023-01-31,300072,4.19,4.29,4.07,4.28,28625374,120817121.96,,
2023-02-01,300072,4.32,4.41,4.26,4.41,26264746,114476205.76,,
2023-02-02,300072,4.43,4.45,4.33,4.37,19417211,84707198.65,,
2023-02-03,300072,4.38,4.39,4.26,4.34,15047814,65057734.0,,
2023-02-06,300072,4.33,4.37,4.28,4.3,14529920,62704788.0,,
2023-02-07,300072,4.32,4.46,4.29,4.4,29474979,129212318.58,,
2023-02-08,300072,4.42,4.42,4.35,4.36,15479542,67805035.06,,
2023-02-09,300072,4.36,4.44,4.34,4.43,20152912,88715121.75,,
2023-02-10,300072,4.42,4.62,4.41,4.51,35372249,160074089.98,,
2023-02-13,300072,4.5,4.54,4.44,4.48,23738854,106333931.31,,
2023-02-14,300072,4.5,4.53,4.46,4.51,16207784,72890539.86,,
2023-02-15,300072,4.52,4.54,4.43,4.48,18591753,83189814.64,,
2023-02-16,300072,4.47,4.52,4.3,4.34,23544307,104075723.09,,
2023-02-17,300072,4.34,4.4,4.31,4.33,15865203,69035590.88,,
2023-02-20,300072,4.32,4.33,4.25,4.32,16884801,72375937.86,,
2023-02-21,300072,4.32,4.38,4.3,4.33,15003908,65024098.82,,
2023-02-22,300072,4.32,4.34,4.28,4.3,12369346,53322340.82,,
2023-02-23,300072,4.31,4.35,4.26,4.3,13776147,59145166.79,,
2023-02-24,300072,4.3,4.31,4.2,4.24,18212516,77175535.44,,
2023-02-27,300072,4.24,4.24,4.16,4.18,11976523,50204891.12,,
2023-02-28,300072,4.18,4.22,4.15,4.21,13915406,58272134.49,,
2023-03-01,300072,4.2,4.24,4.19,4.22,12101907,51031262.43,,
2023-03-02,300072,4.22,4.24,4.16,4.18,15612698,65609284.06,,
2023-03-03,300072,4.18,4.21,4.15,4.17,15208214,63508813.24,,
2023-03-06,300072,4.2,4.2,4.12,4.13,15475342,64195446.67,,
2023-03-07,300072,4.13,4.14,4.06,4.06,17875572,73135459.54,,
2023-03-08,300072,4.07,4.09,4.05,4.08,11072423,45037595.2,,
2023-03-09,300072,4.08,4.12,4.04,4.1,11576077,47211991.22,,
2023-03-10,300072,4.08,4.12,4.06,4.07,13009116,53183193.88,,
2023-03-13,300072,4.07,4.08,3.98,4.02,16582200,66580743.62,,
2023-03-14,300072,4.01,4.03,3.93,3.99,17338442,69053007.86,,
2023-03-15,300072,4.01,4.04,3.98,4.02,14741441,59135791.12,,
2023-03-16,300072,4.0,4.01,3.91,3.93,16845363,66582932.27,,
2023-03-17,300072,3.98,4.04,3.94,4.01,17140101,68573713.02,,
2023-03-20,300072,4.02,4.03,3.96,3.97,13633014,54331518.53,,
2023-03-21,300072,3.97,4.06,3.97,4.05,11262459,45242867.83,,
2023-03-22,300072,4.07,4.12,4.06,4.09,13129718,53624754.71,,
2023-03-23,300072,4.07,4.08,4.03,4.06,12031638,48831496.18,,
2023-03-24,300072,4.07,4.12,4.05,4.11,15066895,61797295.75,,
2023-03-27,300072,4.12,4.14,4.05,4.08,19173400,78424265.0,,
2023-03-28,300072,4.1,4.24,4.1,4.18,31853958,133152322.56,,
2023-03-29,300072,4.16,4.18,4.07,4.07,22302527,91697305.16,,
2023-03-30,300072,4.09,4.12,3.96,3.99,21344703,85330631.94,,
2023-03-31,300072,3.99,4.04,3.98,4.0,15037033,60188402.7,,
2023-04-03,300072,4.03,4.05,3.99,4.03,12987336,52092904.87,,
2023-04-04,300072,4.03,4.03,3.96,3.97,13910151,55470894.91,,
2023-04-06,300072,3.97,4.0,3.91,3.99,13972775,55384695.55,,
2023-04-07,300072,3.98,4.04,3.96,4.01,12142311,48625222.31,,
2023-04-10,300072,4.02,4.02,3.93,3.95,16069778,63823326.92,,
2023-04-11,300072,3.94,3.95,3.89,3.91,16915358,66242277.13,,
2023-04-12,300072,3.92,4.02,3.91,4.0,18203016,72160547.83,,
2023-04-13,300072,4.01,4.02,3.94,3.96,12611938,50084263.55,,
2023-04-14,300072,3.96,3.97,3.91,3.91,13565658,53313214.92,,
2023-04-17,300072,3.9,3.93,3.88,3.91,16361117,63882674.23,,
2023-04-18,300072,3.93,3.93,3.81,3.83,22146441,85384967.51,,
2023-04-19,300072,3.83,3.84,3.8,3.82,9040327,34536227.44,,
2023-04-20,300072,3.83,3.83,3.73,3.77,16162285,60733036.42,,
2023-04-21,300072,3.77,3.78,3.63,3.64,18942922,69865654.29,,
2023-04-24,300072,3.62,3.66,3.59,3.64,10842506,39324481.36,,
2023-04-25,300072,3.65,3.65,3.48,3.53,18370376,65098379.01,,
2023-04-26,300072,3.52,3.61,3.51,3.57,11207287,39919829.12,,
2023-04-27,300072,3.55,3.64,3.54,3.61,15296718,54902426.32,,
2023-04-28,300072,3.61,3.64,3.58,3.62,14283623,51647613.02,,
2023-05-04,300072,3.63,3.69,3.61,3.67,19674033,71982749.62,,
2023-05-05,300072,3.67,3.7,3.6,3.68,14119818,51618753.23,,
2023-05-08,300072,3.66,3.72,3.63,3.7,11112276,40846550.09,,
2023-05-09,300072,3.7,3.79,3.68,3.71,16540647,61842815.27,,
2023-05-10,300072,3.71,3.84,3.68,3.82,21504694,81717323.02,,
2023-05-11,300072,3.84,3.84,3.78,3.82,11337872,43155969.54,,
2023-05-12,300072,3.81,3.85,3.75,3.77,10664859,40443040.05,,
2023-05-15,300072,3.76,3.82,3.75,3.8,8677384,32898828.51,,
2023-05-16,300072,3.8,3.8,3.71,3.74,11116419,41664938.68,,
2023-05-17,300072,3.73,3.76,3.67,3.73,10191539,37903904.66,,
2023-05-18,300072,3.74,3.74,3.67,3.73,9426832,35007766.51,,
2023-05-19,300072,3.73,3.75,3.69,3.74,7441916,27711967.85,,
2023-05-22,300072,3.74,3.89,3.72,3.84,14918220,56759917.01,,
2023-05-23,300072,3.84,3.85,3.79,3.81,8119977,31020144.44,,
2023-05-24,300072,3.77,3.8,3.74,3.75,7878222,29668009.74,,
2023-05-25,300072,3.74,3.77,3.66,3.71,12174555,45171910.7,,
2023-05-26,300072,3.71,3.72,3.62,3.69,7491260,27455424.7,,
2023-05-29,300072,3.69,3.7,3.59,3.61,12805941,46376959.47,,
2023-05-30,300072,3.61,3.65,3.57,3.63,9423043,34037156.95,,
2023-05-31,300072,3.63,3.64,3.58,3.59,7195840,25918152.8,,
2023-06-01,300072,3.59,3.63,3.57,3.6,6917355,24974876.55,,
2023-06-02,300072,3.61,3.67,3.59,3.66,11381218,41484767.89,,
2023-06-05,300072,3.66,3.73,3.62,3.7,15533773,56988719.31,,
2023-06-06,300072,3.69,3.7,3.56,3.56,14767670,53446143.9,,
2023-06-07,300072,3.56,3.63,3.55,3.61,9939870,35783474.99,,
2023-06-08,300072,3.61,3.63,3.57,3.59,10140821,36433496.06,,
2023-06-09,300072,3.59,3.61,3.57,3.58,29120372,104565376.97,,
2023-06-12,300072,3.58,3.67,3.48,3.63,25599916,91658459.29,,
2023-06-13,300072,3.62,3.68,3.61,3.64,12984591,47305356.14,,
2023-06-14,300072,3.64,3.66,3.61,3.63,8714394,31677203.22,,
2023-06-15,300072,3.64,3.64,3.58,3.59,9265421,33400784.54,,
2023-06-16,300072,3.63,3.63,3.55,3.56,15589642,55688102.82,,
2023-06-19,300072,3.54,3.56,3.5,3.5,12903691,45461306.51,,
2023-06-20,300072,3.51,3.52,3.47,3.48,11257600,39301873.0,,
2023-06-21,300072,3.49,3.51,3.37,3.38,17004330,58226056.7,,
2023-06-26,300072,3.36,3.41,3.32,3.33,10783004,36176177.2,,
2023-06-27,300072,3.33,3.43,3.33,3.41,9316776,31699091.74,,
2023-06-28,300072,3.42,3.42,3.33,3.36,10793645,36248641.44,,
2023-06-29,300072,3.36,3.39,3.34,3.35,6668295,22439082.69,,
2023-06-30,300072,3.36,3.43,3.35,3.42,8575441,29178087.34,,
2023-07-03,300072,3.42,3.53,3.42,3.5,13982317,48825083.29,,
2023-07-04,300072,3.5,3.52,3.47,3.5,8241688,28786391.03,,
2023-07-05,300072,3.5,3.52,3.48,3.49,8602860,30069381.0,,
2023-07-06,300072,3.49,3.5,3.46,3.49,6901644,24034312.24,,
2023-07-07,300072,3.49,3.52,3.45,3.5,8772037,30610330.5,,
2023-07-10,300072,3.51,3.54,3.49,3.5,11228519,39373174.2,,
2023-07-11,300072,3.51,3.52,3.48,3.5,9046805,31655653.9,,
2023-07-12,300072,3.5,3.51,3.45,3.46,7856561,27329068.91,,
2023-07-13,300072,3.47,3.51,3.46,3.49,8897966,30985490.82,,
2023-07-14,300072,3.5,3.5,3.47,3.48,7236690,25191658.8,,
2023-07-17,300072,3.48,3.55,3.45,3.52,10449254,36598753.95,,
2023-07-18,300072,3.51,3.55,3.48,3.53,12098096,42491032.92,,
2023-07-19,300072,3.52,3.55,3.48,3.5,7660620,26899409.0,,
2023-07-20,300072,3.51,3.53,3.45,3.47,8503140,29683703.1,,
2023-07-21,300072,3.47,3.5,3.46,3.47,7173426,24947758.48,,
2023-07-24,300072,3.46,3.5,3.44,3.48,8091179,28125816.92,,
2023-07-25,300072,3.5,3.54,3.49,3.53,11840722,41690156.14,,
2023-07-26,300072,3.53,3.58,3.52,3.57,11930232,42452326.98,,
2023-07-27,300072,3.58,3.59,3.53,3.54,8991783,32011739.19,,
2023-07-28,300072,3.54,3.61,3.51,3.6,12999732,46502525.78,,
2023-07-31,300072,3.61,3.66,3.61,3.65,18156572,66008048.76,,
2023-08-01,300072,3.66,3.67,3.63,3.65,13223500,48234979.1,,
2023-08-02,300072,3.64,3.66,3.62,3.64,10506950,38252679.5,,
2023-08-03,300072,3.63,3.7,3.6,3.66,10871801,39674585.75,,
2023-08-04,300072,3.66,3.68,3.62,3.63,14328118,52270909.27,,
2023-08-07,300072,3.62,3.62,3.58,3.6,10630202,38228094.28,,
2023-08-08,300072,3.6,3.6,3.56,3.59,7029870,25165694.1,,
2023-08-09,300072,3.59,3.61,3.55,3.56,8305100,29684095.4,,
2023-08-10,300072,3.55,3.59,3.55,3.58,7894272,28236938.04,,
2023-08-11,300072,3.59,3.61,3.49,3.49,11842808,41881051.0,,
2023-08-14,300072,3.47,3.52,3.44,3.51,11278410,39276497.6,,
2023-08-15,300072,3.5,3.51,3.44,3.48,10545208,36603370.6,,
2023-08-16,300072,3.46,3.48,3.41,3.42,10787010,37147608.16,,
2023-08-17,300072,3.42,3.45,3.38,3.44,9928252,33982212.58,,
2023-08-18,300072,3.46,3.54,3.44,3.47,18348430,64125539.5,,
2023-08-21,300072,3.5,3.53,3.43,3.43,15700878,54476276.74,,
2023-08-22,300072,3.44,3.47,3.32,3.38,21901507,73845470.16,,
2023-08-23,300072,3.38,3.43,3.35,3.36,15502497,52349462.62,,
2023-08-24,300072,3.35,3.37,3.33,3.34,13662833,45715437.89,,
2023-08-25,300072,3.34,3.51,3.32,3.37,21485361,73435936.28,,
2023-08-28,300072,3.53,3.56,3.44,3.45,25597578,89537692.24,,
2023-08-29,300072,3.45,3.53,3.45,3.5,18183080,63336817.36,,
2023-08-30,300072,3.48,3.51,3.43,3.46,16297350,56345765.96,,
2023-08-31,300072,3.42,3.45,3.35,3.37,18547964,62758934.48,,
2023-09-01,300072,3.38,3.39,3.28,3.3,25857968,85746181.72,,
2023-09-04,300072,3.3,3.41,3.27,3.41,27221918,91307010.03,,
2023-09-05,300072,3.4,3.41,3.34,3.37,16306806,54833957.07,,
2023-09-06,300072,3.36,3.44,3.33,3.43,17080526,57849818.93,,
2023-09-07,300072,3.43,3.44,3.35,3.36,14394843,48836142.48,,
2023-09-08,300072,3.35,3.41,3.35,3.4,10068161,34089543.4,,
2023-09-11,300072,3.42,3.52,3.39,3.49,22554706,77908748.91,,
2023-09-12,300072,3.49,3.56,3.45,3.53,17878749,62632206.03,,
2023-09-13,300072,3.51,3.56,3.47,3.5,16972991,59456946.73,,
2023-09-14,300072,3.5,3.52,3.44,3.46,11791997,40899115.05,,
2023-09-15,300072,3.5,3.51,3.45,3.47,11280665,39245555.25,,
2023-09-18,300072,3.46,3.49,3.43,3.47,11724681,40609822.46,,
2023-09-19,300072,3.46,3.47,3.41,3.42,10983070,37683510.6,,
2023-09-20,300072,3.42,3.42,3.39,3.39,7271552,24764386.6,,
2023-09-21,300072,3.39,3.42,3.36,3.37,10702595,36183945.8,,
2023-09-22,300072,3.38,3.42,3.35,3.41,13120457,44392185.21,,
2023-09-25,300072,3.4,3.41,3.33,3.34,12881897,43173672.11,,
2023-09-26,300072,3.33,3.34,3.28,3.31,11402014,37776277.5,,
2023-09-27,300072,3.3,3.34,3.29,3.3,9152967,30333013.34,,
2023-09-28,300072,3.33,3.41,3.31,3.4,14837834,49940001.97,,
2023-10-09,300072,3.38,3.4,3.35,3.37,13496826,45499485.32,,
2023-10-10,300072,3.38,3.52,3.37,3.42,21456207,73836916.64,,
2023-10-11,300072,3.44,3.45,3.38,3.39,10693497,36482208.42,,
2023-10-12,300072,3.41,3.51,3.39,3.49,20083162,69658427.94,,
2023-10-13,300072,3.47,3.52,3.44,3.49,18619142,64653376.16,,
2023-10-16,300072,3.49,3.54,3.47,3.5,14505087,50817752.77,,
2023-10-17,300072,3.49,3.52,3.47,3.48,10746050,37552618.37,,
2023-10-18,300072,3.48,3.49,3.39,3.4,10926980,37442782.6,,
2023-10-19,300072,3.38,3.45,3.36,3.37,12850325,43681751.5,,
2023-10-20,300072,3.37,3.45,3.36,3.39,11981560,40731913.79,,
2023-10-23,300072,3.38,3.39,3.29,3.33,14934555,49697145.7,,
2023-10-24,300072,3.32,3.52,3.32,3.52,25829352,88697506.78,,
2023-10-25,300072,3.49,3.51,3.44,3.45,17666080,61239741.7,,
2023-10-26,300072,3.42,3.47,3.42,3.45,10722806,36903158.5,,
2023-10-27,300072,3.41,3.5,3.41,3.48,12570741,43583174.85,,
2023-10-30,300072,3.48,3.52,3.47,3.5,13663069,47800037.1,,
2023-10-31,300072,3.5,3.52,3.47,3.5,10209250,35661106.66,,
2023-11-01,300072,3.52,3.66,3.5,3.62,30040664,108590917.31,,
2023-11-02,300072,3.62,3.63,3.55,3.58,17862642,64078409.78,,
2023-11-03,300072,3.59,3.61,3.54,3.55,14051447,50103179.22,,
2023-11-06,300072,3.58,3.62,3.57,3.59,13025443,46746072.87,,
2023-11-07,300072,3.58,3.67,3.58,3.62,16138756,58432584.14,,
2023-11-08,300072,3.65,3.65,3.57,3.59,14237860,51208658.3,,
2023-11-09,300072,3.59,3.62,3.54,3.56,12678992,45272820.2,,
2023-11-10,300072,3.55,3.56,3.52,3.54,7332707,25961225.64,,
2023-11-13,300072,3.55,3.59,3.52,3.59,9380719,33360600.09,,
2023-11-14,300072,3.58,3.61,3.54,3.56,10317243,36784997.15,,
2023-11-15,300072,3.58,3.61,3.56,3.61,11579128,41600774.82,,
2023-11-16,300072,3.6,3.61,3.56,3.57,9466900,33891849.0,,
2023-11-17,300072,3.57,3.64,3.56,3.62,11240831,40589513.54,,
2023-11-20,300072,3.63,3.64,3.59,3.63,7941754,28722724.63,,
2023-11-21,300072,3.64,3.64,3.58,3.6,10765435,38926655.85,,
2023-11-22,300072,3.59,3.62,3.55,3.55,10188141,36493447.67,,
2023-11-23,300072,3.54,3.59,3.53,3.59,8396710,29955333.3,,
2023-11-24,300072,3.59,3.6,3.53,3.53,10543495,37475017.45,,
2023-11-27,300072,3.54,3.56,3.5,3.53,8901000,31426005.0,,
2023-11-28,300072,3.53,4.12,3.5,3.81,77198973,298196141.12,,
2023-11-29,300072,3.78,3.82,3.69,3.72,38144450,142195623.88,,
2023-11-30,300072,3.7,3.73,3.61,3.63,25071865,91774964.87,,
2023-12-01,300072,3.63,3.71,3.6,3.66,22884438,83865654.2,,
2023-12-04,300072,3.65,3.67,3.62,3.65,13051982,47518697.54,,
2023-12-05,300072,3.63,3.64,3.55,3.56,21554500,77537498.87,,
2023-12-06,300072,3.55,3.72,3.54,3.63,25653768,93188864.96,,
2023-12-07,300072,3.61,3.63,3.56,3.57,17307123,62051243.75,,
2023-12-08,300072,3.59,3.63,3.55,3.58,16576740,59517242.63,,
2023-12-11,300072,3.59,3.68,3.55,3.68,25242839,91519366.24,,
2023-12-12,300072,3.65,3.66,3.59,3.63,18694863,67681577.93,,
2023-12-13,300072,3.62,3.65,3.58,3.58,11930320,43075665.45,,
2023-12-14,300072,3.6,3.62,3.56,3.56,12110495,43369771.2,,
2023-12-15,300072,3.57,3.58,3.55,3.57,8465700,30165365.0,,
2023-12-18,300072,3.56,3.56,3.49,3.51,15517545,54587337.42,,
2023-12-19,300072,3.52,3.59,3.49,3.51,13580676,47969432.0,,
2023-12-20,300072,3.51,3.52,3.45,3.45,11369087,39591079.17,,
2023-12-21,300072,3.45,3.47,3.39,3.46,10314012,35412238.46,,
2023-12-22,300072,3.47,3.51,3.43,3.45,9391730,32515805.2,,
2023-12-25,300072,3.44,3.44,3.35,3.39,9393090,31819659.7,,
2023-12-26,300072,3.42,3.42,3.36,3.38,7110206,24062672.74,,
2023-12-27,300072,3.37,3.42,3.34,3.38,9666506,32647334.85,,
2023-12-28,300072,3.39,3.45,3.35,3.43,12140217,41467866.25,,
2023-12-29,300072,3.43,3.52,3.43,3.51,16957516,59219291.16,,
2024-01-02,300072,3.51,3.56,3.48,3.52,14209377,50201424.93,,
2024-01-03,300072,3.5,3.54,3.49,3.53,9517194,33464720.0,,
2024-01-04,300072,3.52,3.52,3.48,3.5,8303559,29097960.01,,
2024-01-05,300072,3.5,3.53,3.4,3.43,11392459,39312202.58,,
2024-01-08,300072,3.43,3.43,3.31,3.32,12775720,42940723.4,,
2024-01-09,300072,3.34,3.43,3.31,3.35,13644413,45879914.06,,
2024-01-10,300072,3.35,3.41,3.29,3.35,9815480,32878969.5,,
2024-01-11,300072,3.36,3.42,3.34,3.41,8761625,29655916.55,,
2024-01-12,300072,3.41,3.52,3.41,3.41,11897936,41160684.84,,
2024-01-15,300072,3.4,3.42,3.37,3.39,9334072,31736750.08,,
2024-01-16,300072,3.39,3.4,3.32,3.38,13417900,45096880.0,,
2024-01-17,300072,3.39,3.39,3.31,3.32,10923806,36622765.32,,
2024-01-18,300072,3.3,3.3,3.15,3.24,20755513,66627244.52,,
2024-01-19,300072,3.23,3.26,3.18,3.2,8319635,26831361.6,,
2024-01-22,300072,3.2,3.2,2.93,2.95,29552930,89737473.3,,
2024-01-23,300072,2.96,2.98,2.88,2.95,18159597,53324348.5,,
2024-01-24,300072,2.97,3.04,2.91,3.04,14978276,44707098.68,,
2024-01-25,300072,3.04,3.14,3.02,3.13,15825300,49087230.0,,
2024-01-26,300072,3.13,3.21,3.11,3.17,15682050,49708938.54,,
2024-01-29,300072,3.18,3.19,3.06,3.07,12668220,39365682.88,,
2024-01-30,300072,3.05,3.09,2.99,2.99,12780290,38912212.4,,
2024-01-31,300072,2.99,3.03,2.93,2.94,15268747,45478025.8,,
2024-02-01,300072,2.94,2.95,2.83,2.84,16812990,48352291.6,,
2024-02-02,300072,2.86,2.9,2.55,2.62,30914976,83673344.86,,
2024-02-05,300072,2.62,2.62,2.1,2.1,89921530,200101670.61,,
2024-02-06,300072,2.06,2.17,1.89,2.1,79605960,159166848.32,,
2024-02-07,300072,2.2,2.24,2.06,2.09,50294574,107789432.98,,
2024-02-08,300072,2.11,2.26,2.09,2.24,44824488,97698807.3,,
2024-02-19,300072,2.28,2.37,2.26,2.32,40712255,94268585.79,,
2024-02-20,300072,2.32,2.36,2.27,2.35,24612574,57167030.55,,
2024-02-21,300072,2.36,2.53,2.32,2.44,41884950,102621592.99,,
2024-02-22,300072,2.43,2.48,2.39,2.48,22955739,56185288.05,,
2024-02-23,300072,2.48,2.57,2.46,2.55,28546828,71697965.43,,
2024-02-26,300072,2.55,2.67,2.53,2.61,36413852,94876787.35,,
2024-02-27,300072,2.61,2.69,2.58,2.68,29648472,78309326.14,,
2024-02-28,300072,2.69,2.79,2.51,2.52,50101674,133490110.04,,
2024-02-29,300072,2.5,2.67,2.48,2.64,41446936,107338880.44,,
2024-03-01,300072,2.69,2.76,2.64,2.69,36810307,98954285.56,,
2024-03-04,300072,2.67,2.7,2.57,2.59,37039600,96535882.0,,
2024-03-05,300072,2.59,2.61,2.49,2.5,27457033,69371630.3,,
2024-03-06,300072,2.47,2.55,2.47,2.51,24961680,62625346.4,,
2024-03-07,300072,2.51,2.56,2.48,2.49,22163620,55888588.6,,
2024-03-08,300072,2.49,2.53,2.46,2.5,19803070,49441594.8,,
2024-03-11,300072,2.5,2.56,2.5,2.54,24424830,61893298.37,,
2024-03-12,300072,2.54,2.61,2.53,2.61,25328808,65123883.63,,
2024-03-13,300072,2.59,2.61,2.54,2.57,19630879,50443884.49,,
2024-03-14,300072,2.58,2.6,2.5,2.55,21753520,55634839.6,,
2024-03-15,300072,2.56,2.63,2.52,2.63,25019890,64625857.4,,
2024-03-18,300072,2.62,2.65,2.58,2.64,24314433,63598239.49,,
2024-03-19,300072,2.64,2.67,2.61,2.61,26120637,68808970.56,,
2024-03-20,300072,2.61,2.66,2.6,2.66,27672324,72960548.24,,
2024-03-21,300072,2.65,2.69,2.59,2.64,25477641,67128561.61,,
2024-03-22,300072,2.64,2.65,2.56,2.58,20624700,53491262.6,,
2024-03-25,300072,2.57,2.6,2.46,2.48,27442693,69397474.89,,
2024-03-26,300072,2.47,2.51,2.42,2.46,22146999,54406326.95,,
2024-03-27,300072,2.45,2.47,2.34,2.36,19544939,47021873.72,,
2024-03-28,300072,2.35,2.42,2.35,2.39,20791751,49643990.84,,
2024-03-29,300072,2.39,2.44,2.38,2.41,16256700,39175276.0,,
2024-04-01,300072,2.41,2.58,2.41,2.58,33620380,84780931.51,,
2024-04-02,300072,2.58,2.61,2.56,2.6,25081517,64884016.71,,
2024-04-03,300072,2.59,2.88,2.58,2.77,101123443,277607728.64,,
2024-04-08,300072,2.7,2.76,2.63,2.64,62545442,167441054.42,,
2024-04-09,300072,2.63,2.67,2.59,2.65,36555860,95911225.27,,
2024-04-10,300072,2.63,2.64,2.48,2.52,35219114,89410904.63,,
2024-04-11,300072,2.49,2.58,2.47,2.53,25823398,65343366.32,,
2024-04-12,300072,2.52,2.59,2.47,2.49,22936311,57436882.09,,
2024-04-15,300072,2.47,2.5,2.17,2.3,49367056,114237296.03,,
2024-04-16,300072,2.26,2.28,2.04,2.04,41622646,89318766.79,,
2024-04-17,300072,2.08,2.28,2.08,2.28,38176750,84538930.15,,
2024-04-18,300072,2.29,2.3,2.18,2.19,30982546,68800375.08,,
2024-04-19,300072,2.18,2.27,2.13,2.22,23281080,51467194.6,,
2024-04-22,300072,2.18,2.21,2.12,2.15,23299005,50332060.29,,
2024-04-23,300072,2.17,2.2,2.15,2.17,18810614,40948394.54,,
2024-04-24,300072,2.17,2.21,2.15,2.18,19551400,42587899.5,,
2024-04-25,300072,2.15,2.28,2.15,2.22,29248285,65292165.3,,
2024-04-26,300072,2.2,2.26,2.17,2.25,27268651,60781609.96,,
2024-04-29,300072,2.26,2.39,2.25,2.39,37324580,87389486.15,,
2024-04-30,300072,2.39,2.42,2.33,2.37,24385066,57746657.76,,
2024-05-06,300072,2.39,2.42,2.36,2.41,24939490,59595662.3,,
2024-05-07,300072,2.4,2.46,2.39,2.45,26994930,65538164.49,,
2024-05-08,300072,2.45,2.5,2.39,2.45,33947971,82990631.79,,
2024-05-09,300072,2.47,2.51,2.44,2.49,26658175,66138782.12,,
2024-05-10,300072,2.49,2.5,2.41,2.43,22267371,54214342.53,,
2024-05-13,300072,2.4,2.49,2.36,2.44,30729040,75095849.3,,
2024-05-14,300072,2.44,2.48,2.43,2.45,15135888,37101097.38,,
2024-05-15,300072,2.47,2.47,2.41,2.42,12004255,29349427.7,,
2024-05-16,300072,2.43,2.53,2.43,2.5,25649988,64012127.89,,
2024-05-17,300072,2.52,2.54,2.47,2.5,22068604,55145603.07,,
2024-05-20,300072,2.5,2.54,2.47,2.5,20472360,51231048.1,,
2024-05-21,300072,2.48,2.5,2.43,2.45,17153239,42124723.16,,
2024-05-22,300072,2.43,2.47,2.42,2.44,12756382,31089517.5,,
2024-05-23,300072,2.43,2.47,2.37,2.39,20276369,48926796.34,,
2024-05-24,300072,2.4,2.42,2.36,2.37,12850176,30662933.64,,
2024-05-27,300072,2.36,2.38,2.32,2.37,15195796,35629538.72,,
2024-05-28,300072,2.37,2.38,2.33,2.34,14227500,33458112.0,,
2024-05-29,300072,2.34,2.4,2.32,2.34,12416600,29292115.0,,
2024-05-30,300072,2.36,2.42,2.33,2.33,16626455,39386786.75,,
2024-05-31,300072,2.33,2.35,2.29,2.31,15492459,35746133.11,,
2024-06-03,300072,2.3,2.3,2.19,2.22,20904070,46762046.9,,
2024-06-04,300072,2.21,2.22,2.13,2.18,17297136,37591241.48,,
2024-06-05,300072,2.18,2.21,2.15,2.16,13988710,30378190.2,,
2024-06-06,300072,2.17,2.21,2.04,2.06,26442406,55149070.32,,
2024-06-07,300072,2.13,2.15,2.1,2.14,18261199,38767748.0,,
2024-06-11,300072,2.15,2.15,2.05,2.07,24229520,50465129.85,,
2024-06-12,300072,2.06,2.1,2.04,2.09,18580483,38607834.08,,
2024-06-13,300072,2.08,2.12,2.03,2.04,18682052,38513553.39,,
2024-06-14,300072,2.04,2.08,2.02,2.06,15929263,32693411.6,,
2024-06-17,300072,2.06,2.06,2.01,2.01,13209190,26777877.6,,
2024-06-18,300072,2.01,2.07,2.01,2.06,14284828,29262575.4,,
2024-06-19,300072,2.06,2.09,2.03,2.05,14013958,28847710.48,,
2024-06-20,300072,2.04,2.06,1.93,1.94,31158686,61389237.34,,
2024-06-21,300072,1.94,1.97,1.92,1.94,15593508,30323582.52,,
2024-06-24,300072,1.94,1.94,1.8,1.82,40058015,73918924.07,,
2024-06-25,300072,1.82,1.85,1.75,1.8,30707468,54925141.49,,
2024-06-26,300072,1.8,1.89,1.76,1.89,20696114,37968494.33,,
2024-06-27,300072,1.87,1.89,1.81,1.82,16804089,30995235.87,,
2024-06-28,300072,1.8,1.85,1.79,1.8,14898300,27178465.0,,
2024-07-01,300072,1.8,1.87,1.79,1.85,14304349,26168083.06,,
2024-07-02,300072,1.85,1.93,1.84,1.89,20043865,37968286.56,,
2024-07-03,300072,1.9,1.98,1.9,1.96,27128231,53090965.55,,
2024-07-04,300072,1.95,1.96,1.84,1.84,24404333,45797449.87,,
2024-07-05,300072,1.84,1.9,1.8,1.9,18378557,34341954.16,,
2024-07-08,300072,1.88,1.88,1.8,1.8,18391430,33499619.9,,
2024-07-09,300072,1.8,1.82,1.73,1.81,23101009,41164623.39,,
2024-07-10,300072,1.77,1.8,1.75,1.75,14953665,26466546.36,,
2024-07-11,300072,1.79,1.88,1.79,1.87,20842220,38401445.4,,
2024-07-12,300072,1.88,1.9,1.84,1.85,12947560,24138391.2,,
2024-07-15,300072,1.84,1.85,1.8,1.81,11796420,21388422.4,,
2024-07-16,300072,1.82,1.83,1.79,1.81,10004400,18147035.0,,
2024-07-17,300072,1.82,1.82,1.78,1.79,10214680,18316562.5,,
2024-07-18,300072,1.79,1.79,1.73,1.77,13967951,24542489.96,,
2024-07-19,300072,1.78,1.93,1.75,1.85,31767770,58641939.97,,
2024-07-22,300072,1.83,2.02,1.81,1.91,42631705,81806095.32,,
2024-07-23,300072,1.91,1.95,1.86,1.86,23533261,44908454.56,,
2024-07-24,300072,1.86,2.19,1.81,2.02,69348006,139372858.56,,
2024-07-25,300072,1.96,2.04,1.95,2.0,44056157,87523928.41,,
2024-07-26,300072,1.98,2.12,1.97,2.07,44838739,92163479.41,,
2024-07-29,300072,2.05,2.11,2.03,2.05,33342214,68924923.89,,
2024-07-30,300072,2.08,2.24,2.06,2.19,48087050,104024242.45,,
2024-07-31,300072,2.17,2.18,2.12,2.17,37409325,80284994.82,,
2024-08-01,300072,2.17,2.19,2.14,2.15,23203385,50308722.32,,
2024-08-02,300072,2.14,2.18,2.09,2.1,24330530,51836600.7,,
2024-08-05,300072,2.09,2.12,2.03,2.03,25504210,52754239.3,,
2024-08-06,300072,2.05,2.08,2.03,2.06,15544460,31921034.4,,
2024-08-07,300072,2.06,2.07,2.03,2.05,9964640,20396594.6,,
2024-08-08,300072,2.04,2.06,2.02,2.06,13767300,28193660.8,,
2024-08-09,300072,2.06,2.06,2.0,2.01,16241500,32874717.0,,
2024-08-12,300072,2.03,2.05,1.96,1.98,20004765,39909812.35,,
2024-08-13,300072,1.96,2.0,1.92,1.99,17400599,34291090.54,,
2024-08-14,300072,2.0,2.01,1.96,1.97,11749350,23336937.05,,
2024-08-15,300072,1.96,2.05,1.95,2.04,23691422,47752843.26,,
2024-08-16,300072,2.05,2.06,1.98,2.0,25084250,50692544.5,,
2024-08-19,300072,1.99,2.04,1.96,2.04,19033625,38129212.3,,
2024-08-20,300072,2.04,2.05,1.96,1.97,17729410,35256116.1,,
2024-08-21,300072,1.95,1.97,1.92,1.93,16180852,31358749.88,,
2024-08-22,300072,1.92,1.94,1.87,1.88,18757453,35590244.48,,
2024-08-23,300072,1.88,1.88,1.82,1.83,17162358,31661993.72,,
2024-08-26,300072,1.83,1.91,1.82,1.88,19941852,37465870.36,,
2024-08-27,300072,1.88,1.89,1.82,1.84,15252875,28148728.75,,
2024-08-28,300072,1.83,1.88,1.82,1.86,12564755,23296243.85,,
2024-08-29,300072,1.85,1.89,1.83,1.88,11903757,22243033.02,,
2024-08-30,300072,1.88,1.94,1.86,1.91,20106800,38388904.4,,
2024-09-02,300072,1.9,1.93,1.87,1.87,13820522,26271626.36,,
2024-09-03,300072,1.87,1.91,1.86,1.88,11120900,20911772.0,,
2024-09-04,300072,1.86,1.9,1.84,1.85,12961800,24185541.0,,
2024-09-05,300072,1.85,1.89,1.85,1.88,11220500,20965909.0,,
2024-09-06,300072,1.88,1.89,1.84,1.86,12022963,22332892.98,,
2024-09-09,300072,1.85,1.89,1.82,1.87,15073600,28058781.0,,
2024-09-10,300072,1.86,1.89,1.84,1.88,13651230,25421144.5,,
2024-09-11,300072,1.88,1.88,1.83,1.85,12875600,23834623.0,,
2024-09-12,300072,1.86,1.9,1.84,1.87,17244800,32428548.0,,
2024-09-13,300072,1.88,2.24,1.84,2.24,94297149,198822338.45,,
2024-09-18,300072,2.23,2.39,2.09,2.15,122847955,272694203.61,,
2024-09-19,300072,2.14,2.2,2.08,2.17,80698145,173187707.75,,
2024-09-20,300072,2.15,2.17,2.07,2.08,58796555,123329391.4,,
2024-09-23,300072,2.07,2.14,2.04,2.08,45243007,93985996.32,,
2024-09-24,300072,2.1,2.5,2.07,2.5,146141319,341191407.98,,
2024-09-25,300072,3.0,3.0,3.0,3.0,38233039,114699117.0,,
2024-09-26,300072,3.01,3.6,2.9,3.45,356354848,1164571971.96,,
2024-09-27,300072,3.39,3.9,3.27,3.52,338059252,1198399085.76,,
2024-09-30,300072,3.59,4.2,3.51,4.17,347369744,1333417663.01,,
2024-10-08,300072,4.75,4.92,4.17,4.62,344595086,1577645775.49,,
2024-10-09,300072,4.08,4.1,3.7,3.7,218810493,849674792.58,,
2024-10-10,300072,3.49,3.68,3.31,3.44,147042645,509446416.15,,
2024-10-11,300072,3.37,3.46,3.16,3.21,99589202,326947182.81,,
2024-10-14,300072,3.27,3.41,3.18,3.34,86244779,282996189.93,,
2024-10-15,300072,3.34,3.43,3.26,3.27,91630555,307780604.91,,
2024-10-16,300072,3.19,3.28,3.16,3.21,72440968,232672170.02,,
2024-10-17,300072,3.23,3.32,3.17,3.18,62746110,203529541.6,,
2024-10-18,300072,3.16,3.42,3.16,3.33,99890395,328594884.2,,
2024-10-21,300072,3.34,3.42,3.31,3.36,86806809,292074548.44,,
2024-10-22,300072,3.38,3.7,3.33,3.63,153815556,544304626.89,,
2024-10-23,300072,3.6,3.94,3.5,3.72,126305509,460383742.74,,
2024-10-24,300072,3.71,3.71,3.5,3.51,74720038,267545297.52,,
2024-10-25,300072,3.46,3.77,3.41,3.74,109061317,398544320.74,,
2024-10-28,300072,3.69,3.9,3.65,3.86,105358067,399862813.13,,
2024-10-29,300072,3.94,3.95,3.6,3.61,98288548,365771381.44,,
2024-10-30,300072,3.58,3.73,3.57,3.72,66296979,242957954.26,,
2024-10-31,300072,3.81,4.28,3.78,4.01,164130719,668084703.12,,
2024-11-01,300072,3.9,3.95,3.65,3.7,107594870,406563094.3,,
2024-11-04,300072,3.65,3.9,3.62,3.82,76579463,286231998.35,,
2024-11-05,300072,3.87,3.93,3.78,3.89,88835106,343131876.24,,
2024-11-06,300072,3.92,4.27,3.9,4.04,139637927,568248233.94,,
2024-11-07,300072,3.98,4.37,3.93,4.25,136401567,569943911.73,,
2024-11-08,300072,4.32,4.38,4.12,4.14,99871074,421438862.68,,
2024-11-11,300072,4.14,4.2,4.09,4.17,62876128,260254820.36,,
2024-11-12,300072,4.17,4.2,3.95,4.0,76263534,309258376.52,,
2024-11-13,300072,3.96,4.0,3.83,3.96,56459524,220562053.03,,
2024-11-14,300072,3.96,3.98,3.79,3.8,43812466,169255552.7,,
2024-11-15,300072,3.77,4.11,3.77,3.89,88191602,349798621.07,,
2024-11-18,300072,3.97,4.18,3.96,4.1,111367052,454198444.62,,
2024-11-19,300072,3.96,4.04,3.74,3.94,87883772,341594578.76,,
2024-11-20,300072,3.9,4.13,3.87,4.11,83485460,338653045.11,,
2024-11-21,300072,4.08,4.11,3.94,4.01,60509360,242794121.9,,
2024-11-22,300072,3.98,4.1,3.81,3.84,64074890,254446203.8,,
2024-11-25,300072,3.84,4.05,3.75,4.01,61638021,241256862.3,,
2024-11-26,300072,4.0,4.35,3.91,4.14,115081691,473473953.51,,
2024-11-27,300072,4.07,4.3,3.95,4.23,104148223,433432524.3,,
2024-11-28,300072,4.23,5.08,4.23,4.8,271345443,1303933583.3,,
2024-11-29,300072,4.67,4.69,4.39,4.55,194108351,876742586.26,,
2024-12-02,300072,4.49,4.58,4.45,4.5,112113612,503889025.45,,
2024-12-03,300072,4.47,4.53,4.3,4.35,90107710,394068087.62,,
2024-12-04,300072,4.32,4.36,4.19,4.22,76694802,326673488.75,,
2024-12-05,300072,4.19,4.3,4.17,4.3,50173404,213217198.96,,
2024-12-06,300072,4.31,4.4,4.23,4.4,64088843,279103585.87,,
2024-12-09,300072,4.36,4.4,4.21,4.24,54384263,233031238.99,,
2024-12-10,300072,4.37,4.48,4.28,4.29,68727712,299738249.5,,
2024-12-11,300072,4.26,4.32,4.25,4.31,40059495,171772829.35,,
2024-12-12,300072,4.29,4.37,4.23,4.33,46143752,197832534.73,,
2024-12-13,300072,4.3,4.31,4.14,4.15,51398220,217031468.47,,
2024-12-16,300072,4.16,4.4,4.14,4.28,62811965,269658668.83,,
2024-12-17,300072,4.3,4.36,4.15,4.16,45083872,189865985.7,,
2024-12-18,300072,4.15,4.21,4.01,4.02,45345363,183708693.06,,
2024-12-19,300072,4.0,4.08,3.92,4.03,29549772,119061998.32,,
2024-12-20,300072,3.99,4.06,3.98,4.0,30749782,123399884.1,,
2024-12-23,300072,4.0,4.02,3.73,3.75,55247077,212017279.95,,
2024-12-24,300072,3.76,3.8,3.64,3.68,38507532,142193420.32,,
2024-12-25,300072,3.68,3.69,3.47,3.54,42011380,148582521.25,,
2024-12-26,300072,3.54,3.67,3.54,3.59,27534130,99382131.2,,
2024-12-27,300072,3.61,3.8,3.6,3.7,43477785,162315077.4,,
2024-12-30,300072,3.67,3.7,3.56,3.65,28072650,101549590.13,,
2024-12-31,300072,3.66,3.71,3.55,3.55,23571350,85394461.0,,
2025-01-02,300072,3.57,3.62,3.3,3.42,39769921,137917757.37,,
2025-01-03,300072,3.44,3.45,3.24,3.24,32895968,108976055.72,,
2025-01-06,300072,3.27,3.32,3.15,3.24,27564928,89620728.26,,
2025-01-07,300072,3.24,3.35,3.24,3.34,20733171,68359045.59,,
2025-01-08,300072,3.32,3.35,3.18,3.29,32969550,107279886.0,,
2025-01-09,300072,3.28,3.32,3.24,3.29,21256950,69942754.0,,
2025-01-10,300072,3.29,3.34,3.16,3.16,29991661,96966893.18,,
2025-01-13,300072,3.1,3.19,3.05,3.16,19261415,60328739.48,,
2025-01-14,300072,3.16,3.33,3.16,3.32,26967066,88076251.0,,
2025-01-15,300072,3.31,3.36,3.26,3.3,21430831,70789208.3,,
2025-01-16,300072,3.32,3.42,3.29,3.31,24561336,82335225.51,,
2025-01-17,300072,3.33,3.34,3.25,3.26,17308100,56824111.0,,
2025-01-20,300072,3.31,3.35,3.23,3.29,21771855,71819661.4,,
2025-01-21,300072,3.31,3.32,3.19,3.2,21942046,70706775.14,,
2025-01-22,300072,3.2,3.22,3.11,3.14,21692251,68377084.69,,
2025-01-23,300072,3.19,3.27,3.1,3.11,28759076,91975172.94,,
2025-01-24,300072,3.12,3.15,3.07,3.13,19108696,59517809.32,,
2025-01-27,300072,3.14,3.19,3.04,3.07,30264839,94073864.55,,
2025-02-05,300072,3.1,3.16,3.08,3.13,22633252,70757510.94,,
2025-02-06,300072,3.15,3.19,3.07,3.17,28862034,90679390.84,,
2025-02-07,300072,3.19,3.32,3.17,3.28,36377601,118735347.27,,
2025-02-10,300072,3.31,3.68,3.3,3.49,68843190,240938874.4,,
2025-02-11,300072,3.45,3.49,3.37,3.39,41515569,140905721.84,,
2025-02-12,300072,3.4,3.45,3.37,3.44,30143410,102753229.1,,
2025-02-13,300072,3.44,3.48,3.41,3.42,29577627,101687755.57,,
2025-02-14,300072,3.43,3.47,3.36,3.4,29453555,100257924.15,,
2025-02-17,300072,3.41,3.59,3.41,3.55,48598923,170621982.78,,
2025-02-18,300072,3.56,3.58,3.38,3.39,37379295,129130970.99,,
2025-02-19,300072,3.39,3.41,3.35,3.39,27831214,93969685.37,,
2025-02-20,300072,3.39,3.47,3.37,3.46,25565651,87540516.64,,
2025-02-21,300072,3.46,3.53,3.38,3.43,29517511,101066965.56,,
2025-02-24,300072,3.43,3.55,3.43,3.5,39873648,139354002.0,,
2025-02-25,300072,3.47,3.56,3.44,3.5,29634982,104122583.46,,
2025-02-26,300072,3.49,3.53,3.45,3.48,24913683,86808786.88,,
2025-02-27,300072,3.48,3.52,3.36,3.4,31909923,109262388.44,,
2025-02-28,300072,3.39,3.46,3.33,3.33,42274635,142783416.0,,
2025-03-03,300072,3.35,3.44,3.32,3.35,29409790,99519588.3,,
2025-03-04,300072,3.34,3.38,3.31,3.38,18341954,61215443.95,,
2025-03-05,300072,3.4,3.42,3.28,3.31,22653918,75151144.61,,
2025-03-06,300072,3.33,3.37,3.28,3.36,30572552,101899630.96,,
2025-03-07,300072,3.37,3.46,3.31,3.37,36290538,123122060.86,,
2025-03-10,300072,3.38,3.43,3.34,3.37,19579516,66142926.26,,
2025-03-11,300072,3.34,3.38,3.31,3.36,18194214,60726037.36,,
2025-03-12,300072,3.36,3.44,3.36,3.42,29414932,100108899.28,,
2025-03-13,300072,3.44,3.5,3.33,3.49,44395748,151940859.07,,
2025-03-14,300072,3.45,3.5,3.36,3.48,39026810,133795006.57,,
2025-03-17,300072,3.49,3.55,3.49,3.5,34786171,122335079.4,,
2025-03-18,300072,3.5,3.51,3.42,3.44,24229211,83488026.73,,
2025-03-19,300072,3.43,3.43,3.36,3.38,19864649,67313101.84,,
2025-03-20,300072,3.38,3.42,3.35,3.39,15860113,53765378.57,,
2025-03-21,300072,3.37,3.49,3.36,3.38,29993253,102704708.46,,
2025-03-24,300072,3.38,3.4,3.17,3.23,33267496,108604342.97,,
2025-03-25,300072,3.25,3.3,3.22,3.26,14458688,47011474.58,,
2025-03-26,300072,3.25,3.35,3.25,3.34,20669689,68646262.42,,
2025-03-27,300072,3.31,3.38,3.27,3.33,21052495,70111361.15,,
2025-03-28,300072,3.32,3.33,3.22,3.22,20253892,65869833.24,,
2025-03-31,300072,3.21,3.25,3.17,3.18,13133621,41944775.1,,
2025-04-01,300072,3.2,3.24,3.18,3.2,11075113,35593528.43,,
2025-04-02,300072,3.18,3.2,3.14,3.14,13277340,41957344.2,,
2025-04-03,300072,3.1,3.19,3.09,3.16,11883212,37399812.74,,
2025-04-07,300072,3.01,3.02,2.53,2.65,51272339,142650020.59,,
2025-04-08,300072,2.66,2.83,2.66,2.74,32997597,90502953.37,,
2025-04-09,300072,2.71,2.85,2.59,2.83,34820356,95391973.94,,
2025-04-10,300072,2.86,2.95,2.86,2.91,29483459,86022196.06,,
2025-04-11,300072,2.88,3.0,2.86,2.89,30520600,88975166.0,,
2025-04-14,300072,2.9,2.96,2.89,2.94,24604126,72150787.02,,
2025-04-15,300072,2.94,2.99,2.91,2.96,20190262,59402888.7,,
2025-04-16,300072,2.95,2.97,2.83,2.87,20638800,59387192.0,,
2025-04-17,300072,2.87,2.93,2.85,2.88,14492022,41979499.0,,
2025-04-18,300072,2.86,2.88,2.82,2.85,11681625,33298215.48,,
2025-04-21,300072,2.83,2.89,2.83,2.89,9738216,28028802.68,,
2025-04-22,300072,2.89,2.93,2.87,2.91,15259756,44359446.61,,
2025-04-23,300072,2.94,2.99,2.9,2.91,21530790,63164636.8,,
2025-04-24,300072,2.89,2.92,2.85,2.87,14883400,42883162.0,,
2025-04-25,300072,2.88,2.93,2.86,2.87,14351680,41506673.4,,
2025-04-28,300072,2.89,2.9,2.81,2.83,15951000,45176607.0,,
2025-04-29,300072,2.83,2.93,2.83,2.91,26966600,78209796.0,,
2025-04-30,300072,2.91,2.95,2.89,2.91,16098085,47041218.65,,
2025-05-06,300072,2.93,2.98,2.91,2.97,19570662,57808616.79,,
2025-05-07,300072,3.0,3.05,2.99,3.02,26842834,80862274.66,,
2025-05-08,300072,3.02,3.07,3.0,3.06,20721411,63103717.79,,
2025-05-09,300072,3.06,3.07,2.99,3.0,17747032,53477861.89,,
2025-05-12,300072,3.05,3.08,3.01,3.04,15640345,47578879.2,,
2025-05-13,300072,3.07,3.1,3.03,3.04,17136900,52399682.78,,
2025-05-14,300072,3.04,3.07,3.02,3.05,14603810,44440573.4,,
2025-05-15,300072,3.07,3.07,3.0,3.0,11831930,35773205.3,,
2025-05-16,300072,3.0,3.03,2.98,3.0,11223412,33702565.66,,
2025-05-19,300072,3.01,3.1,2.99,3.08,22796954,69733339.0,,
2025-05-20,300072,3.08,3.13,3.06,3.11,18729106,57922485.14,,
2025-05-21,300072,3.08,3.1,3.06,3.07,12072692,37127047.74,,
2025-05-22,300072,3.06,3.09,2.99,3.01,18060206,54668448.65,,
2025-05-23,300072,3.0,3.04,2.96,2.96,15883553,47675056.13,,
2025-05-26,300072,2.97,3.03,2.96,3.0,15201032,45487759.47,,
2025-05-27,300072,3.0,3.06,2.97,3.06,18804995,56809647.22,,
2025-05-28,300072,3.06,3.1,2.99,3.0,21118180,64133180.2,,
2025-05-29,300072,3.02,3.08,2.99,3.06,23592825,72120901.55,,
2025-05-30,300072,3.08,3.08,3.0,3.02,17298571,52276069.41,,
2025-06-03,300072,3.0,3.04,2.99,3.01,13556795,40844650.35,,
2025-06-04,300072,3.04,3.06,3.0,3.06,18106474,55014261.87,,
2025-06-05,300072,3.05,3.07,3.0,3.05,17142733,51936743.93,,
2025-06-06,300072,3.04,3.09,3.04,3.06,20026822,61495628.44,,
2025-06-09,300072,3.07,3.13,3.06,3.12,26015372,80713924.72,,
2025-06-10,300072,3.13,3.13,3.04,3.08,23712549,73065801.44,,
2025-06-11,300072,3.08,3.11,3.06,3.09,13767138,42585291.0,,
2025-06-12,300072,3.09,3.13,3.06,3.11,19560248,60486493.15,,
2025-06-13,300072,3.1,3.17,3.08,3.1,35705389,111374905.16,,
2025-06-16,300072,3.12,3.17,3.08,3.16,36322974,114013607.63,,
2025-06-17,300072,3.16,3.23,3.12,3.21,37715471,119866032.39,,
2025-06-18,300072,3.2,3.31,3.19,3.25,55566939,180888790.02,,
2025-06-19,300072,3.23,3.24,3.09,3.19,48416710,153662440.0,,
2025-06-20,300072,3.18,3.19,3.09,3.09,26784655,83799507.95,,
2025-06-23,300072,3.16,3.71,3.16,3.71,168448325,601564836.91,,
2025-06-24,300072,3.64,3.73,3.53,3.54,183824093,660467647.26,,
2025-06-25,300072,3.6,3.63,3.5,3.55,97260613,345106532.92,,
2025-06-26,300072,3.54,3.72,3.5,3.6,127338850,461029931.7,,
2025-06-27,300072,3.54,3.56,3.44,3.48,87521204,304869045.92,,
2025-06-30,300072,3.48,3.53,3.45,3.53,48994111,171188166.96,,
2025-07-01,300072,3.53,3.56,3.44,3.47,43848231,152652268.66,,
2025-07-02,300072,3.45,3.48,3.41,3.46,35475805,121707411.84,,
2025-07-03,300072,3.46,3.5,3.44,3.5,32263290,112020074.74,,
2025-07-04,300072,3.49,3.51,3.39,3.4,35733155,122461898.29,,
2025-07-07,300072,3.38,3.43,3.37,3.43,21730726,74007342.42,,
2025-07-08,300072,3.41,3.47,3.41,3.47,25246737,87053001.9,,
2025-07-09,300072,3.49,3.64,3.46,3.6,80250690,287376567.48,,
2025-07-10,300072,3.57,3.86,3.57,3.75,110749962,416385121.38,,
2025-07-11,300072,3.71,3.74,3.61,3.63,65473635,238818536.3,,
2025-07-14,300072,3.62,3.65,3.57,3.59,35380801,127061736.56,,
2025-07-15,300072,3.62,3.62,3.48,3.52,30457685,107382124.3,,
2025-07-16,300072,3.51,3.52,3.47,3.5,26996680,94435180.0,,
2025-07-17,300072,3.52,3.53,3.46,3.53,24909540,87008149.8,,
2025-07-18,300072,3.52,3.64,3.48,3.55,44681181,158977380.79,,
2025-07-21,300072,3.55,3.61,3.52,3.55,31091680,110876978.2,,
2025-07-22,300072,3.56,3.6,3.5,3.59,36169140,128412219.2,,
2025-07-23,300072,3.58,3.69,3.56,3.56,41029950,148540366.1,,
2025-07-24,300072,3.55,3.62,3.53,3.62,32263294,115496884.77,,
2025-07-25,300072,3.62,3.63,3.54,3.54,27200482,97002859.45,,
2025-07-28,300072,3.54,3.56,3.51,3.52,19685991,69477957.01,,
2025-07-29,300072,3.53,3.53,3.42,3.46,28086500,97028777.25,,
2025-07-30,300072,3.47,3.51,3.43,3.48,25576444,88989041.6,,
2025-07-31,300072,3.46,3.48,3.38,3.39,29253025,99833757.8,,
2025-08-01,300072,3.38,3.45,3.38,3.42,17538124,60024208.32,,
2025-08-04,300072,3.41,3.5,3.38,3.48,21331107,73890899.18,,
2025-08-05,300072,3.49,3.52,3.46,3.48,22688405,79143837.35,,
2025-08-06,300072,3.46,3.48,3.43,3.47,16356047,56577187.58,,
2025-08-07,300072,3.47,3.49,3.45,3.47,18466527,64125730.6,,
2025-08-08,300072,3.46,3.48,3.43,3.48,17167449,59331437.46,,
2025-08-11,300072,3.48,3.57,3.48,3.57,33377225,118020735.19,,
2025-08-12,300072,3.56,3.56,3.5,3.52,21970841,77391315.06,,
2025-08-13,300072,3.53,3.59,3.52,3.53,24397111,86496350.64,,
2025-08-14,300072,3.55,3.6,3.43,3.43,41589603,146340179.97,,
2025-08-15,300072,3.44,3.5,3.44,3.5,25545476,88724742.45,,
2025-08-18,300072,3.5,3.59,3.5,3.57,42411161,150928512.36,,
2025-08-19,300072,3.55,3.59,3.53,3.57,28721313,102418218.04,,
2025-08-20,300072,3.55,3.59,3.53,3.59,29601171,105367501.47,,
2025-08-21,300072,3.59,3.88,3.58,3.74,100840181,374803142.66,,
2025-08-22,300072,3.72,3.74,3.65,3.68,48340790,177937505.15,,
2025-08-25,300072,3.7,3.79,3.65,3.76,57375716,214172610.84,,
2025-08-26,300072,3.76,3.82,3.73,3.78,42497984,160605200.58,,
2025-08-27,300072,3.77,3.83,3.62,3.63,47365345,176474640.7,,
2025-08-28,300072,3.63,3.69,3.51,3.66,40081853,145073058.57,,
2025-08-29,300072,3.66,3.94,3.66,3.8,87756030,337925961.34,,
2025-09-01,300072,3.8,3.98,3.73,3.93,79869887,310838486.99,,
2025-09-02,300072,3.9,3.97,3.82,3.91,59644868,231715126.44,,
2025-09-03,300072,3.99,4.02,3.76,3.79,56449722,217619980.78,,
2025-09-04,300072,3.78,3.84,3.69,3.78,45517055,172214318.2,,
2025-09-05,300072,3.78,3.87,3.73,3.86,39139440,149043842.7,,
2025-09-08,300072,3.86,4.09,3.85,4.08,78339582,312399661.04,,
2025-09-09,300072,4.02,4.06,3.97,4.0,54034564,216734702.0,,
2025-09-10,300072,3.98,4.0,3.87,3.89,47211799,185049290.78,,
2025-09-11,300072,3.88,3.95,3.84,3.94,34199438,133297490.59,,
2025-09-12,300072,3.93,3.97,3.89,3.92,37708699,148215164.9,,
2025-09-15,300072,3.91,3.95,3.82,3.84,37153512,143381072.86,,
2025-09-16,300072,3.84,3.86,3.78,3.82,32541215,123961178.38,,
2025-09-17,300072,3.81,3.82,3.75,3.77,33698775,127215067.85,,
2025-09-18,300072,3.77,3.84,3.66,3.72,40940645,154370066.5,,
2025-09-19,300072,3.71,3.74,3.64,3.67,31707450,116451502.27,,
2025-09-22,300072,3.65,3.69,3.58,3.68,28977465,104960162.85,,
2025-09-23,300072,3.67,3.68,3.51,3.56,36282438,128994498.4,,
2025-09-24,300072,3.57,3.61,3.54,3.6,27248774,97516673.9,,
2025-09-25,300072,3.61,3.75,3.58,3.62,36078305,132107990.55,,
2025-09-26,300072,3.6,3.75,3.6,3.72,44327975,163982871.8,,
2025-09-29,300072,3.71,3.75,3.67,3.73,33596469,124551859.39,,
2025-09-30,300072,3.74,3.76,3.65,3.66,28378215,104924275.71,,
2025-10-09,300072,3.66,3.69,3.58,3.62,28243115,102082954.46,,
2025-10-10,300072,3.61,3.7,3.6,3.68,26472367,97070423.28,,
2025-10-13,300072,3.61,3.67,3.53,3.66,30157535,108712636.89,,
2025-10-14,300072,3.72,4.05,3.7,3.76,79907569,306817621.91,,
2025-10-15,300072,3.85,3.85,3.71,3.75,47204859,177119132.3,,
2025-10-16,300072,3.73,3.76,3.65,3.66,31431365,115970878.15,,
2025-10-17,300072,3.68,3.83,3.62,3.63,43226455,161020041.35,,
2025-10-20,300072,3.7,3.96,3.68,3.96,96612290,373593977.9,,
2025-10-21,300072,3.97,4.02,3.89,3.98,72129372,286079131.42,,
2025-10-22,300072,3.96,4.01,3.91,3.94,48175117,190537185.9,,
2025-10-23,300072,3.93,4.01,3.86,3.98,44333275,173719747.5,,
2025-10-24,300072,4.02,4.13,3.91,4.1,78557465,315223106.83,,
2025-10-27,300072,4.17,4.19,3.95,3.98,78091353,314510951.04,,
2025-10-28,300072,3.99,4.18,3.97,4.04,71878879,293916116.61,,
2025-10-29,300072,4.0,4.09,3.95,4.08,45649968,183543685.85,,
2025-10-30,300072,4.08,4.08,3.97,3.98,36975652,148312048.0,,
2025-10-31,300072,3.98,4.14,3.98,4.09,55398647,226088371.74,,
2025-11-03,300072,4.11,4.13,4.07,4.11,33928649,139077309.89,,
2025-11-04,300072,4.11,4.18,4.07,4.1,45949941,189554051.99,,
2025-11-05,300072,4.06,4.29,4.04,4.27,83668967,353791409.5,,
2025-11-06,300072,4.24,4.27,4.19,4.21,47345744,199990253.4,,
2025-11-07,300072,4.21,5.05,4.21,5.05,199606671,973485566.79,,
2025-11-10,300072,5.31,5.77,5.25,5.52,366858450,2002341538.97,,
2025-11-11,300072,5.47,5.89,5.36,5.83,300867985,1669584188.89,,
2025-11-12,300072,5.55,6.35,5.46,5.88,318066636,1871704136.78,,
2025-11-13,300072,5.8,6.39,5.65,6.18,294508595,1779772373.77,,
2025-11-14,300072,5.98,6.06,5.56,5.56,244789150,1407165438.86,,
2025-11-17,300072,5.65,5.75,5.43,5.55,155731671,865128952.47,,
2025-11-18,300072,5.5,5.52,5.24,5.3,146136314,778192563.29,,
2025-11-19,300072,5.25,5.31,5.13,5.2,90329286,470045461.93,,
2025-11-20,300072,5.25,5.29,5.08,5.09,75187411,388412264.8,,
2025-11-21,300072,5.06,5.09,4.72,4.74,110759243,540039161.45,,
2025-11-24,300072,4.5,4.63,4.39,4.57,109344712,495531259.75,,
2025-11-25,300072,4.6,4.72,4.58,4.66,71709072,334432724.28,,
2025-11-26,300072,4.64,4.67,4.58,4.6,54217613,250785786.4,,
2025-11-27,300072,4.6,4.69,4.58,4.61,52002940,240616108.7,,
2025-11-28,300072,4.62,4.67,4.56,4.67,51674249,239098334.18,,
2025-12-01,300072,4.68,4.74,4.58,4.6,57100690,264918166.8,,
2025-12-02,300072,4.58,4.63,4.52,4.61,42867331,196041007.44,,
2025-12-03,300072,4.62,4.64,4.51,4.52,36903168,167939697.09,,
2025-12-04,300072,4.51,4.55,4.41,4.43,43869541,194983973.74,,
2025-12-05,300072,4.42,4.52,4.35,4.5,40433507,180035432.02,,
2025-12-08,300072,4.49,4.56,4.48,4.52,40271880,181954510.14,,
2025-12-09,300072,4.53,4.57,4.43,4.45,37408838,167906056.67,,
2025-12-10,300072,4.46,4.48,4.39,4.44,33611948,148653006.86,,
2025-12-11,300072,4.44,4.6,4.37,4.37,62778700,279938815.01,,
2025-12-12,300072,4.39,4.44,4.32,4.33,41598953,181972719.09,,
2025-12-15,300072,4.36,4.65,4.34,4.56,118182446,537888804.73,,
2025-12-16,300072,4.59,4.86,4.53,4.59,159663829,749227125.13,,
2025-12-17,300072,4.52,4.64,4.43,4.61,112513087,510955801.64,,
2025-12-18,300072,4.57,4.59,4.43,4.43,75757526,340388983.3,,
2025-12-19,300072,4.43,4.67,4.42,4.65,96748285,444754386.77,,
2025-12-22,300072,4.65,4.82,4.58,4.72,104049338,489930070.88,,
2025-12-23,300072,4.78,4.78,4.58,4.6,70925192,329281425.14,,
2025-12-24,300072,4.62,4.71,4.55,4.66,61432702,284175881.81,,
2025-12-25,300072,4.65,4.76,4.6,4.7,62449657,292324039.96,,
2025-12-26,300072,4.71,4.83,4.67,4.73,65886160,312791090.17,,
2025-12-29,300072,4.72,4.79,4.61,4.65,57169878,266995403.24,,
2025-12-30,300072,4.65,4.68,4.57,4.6,46577130,215343011.9,,
2025-12-31,300072,4.6,4.67,4.48,4.6,59963675,274113752.94,,
2026-01-05,300072,4.64,4.72,4.62,4.68,55161331,257984787.51,,
2026-01-06,300072,4.69,5.1,4.68,4.92,121748984,598764551.34,,
2026-01-07,300072,4.93,4.97,4.79,4.83,75432708,365018024.57,,
2026-01-08,300072,4.91,5.08,4.89,4.95,101222757,504210449.13,,
2026-01-09,300072,5.27,5.66,5.26,5.29,219395078,1190725740.49,,
2026-01-12,300072,5.23,5.36,5.14,5.35,146203782,772586545.16,,
2026-01-13,300072,5.3,5.34,5.05,5.08,116191669,599768641.79,,
2026-01-14,300072,5.07,5.16,4.94,5.0,91727056,464119601.44,,
2026-01-15,300072,4.98,5.0,4.87,4.9,55621551,273723042.59,,
2026-01-16,300072,4.92,5.0,4.9,4.95,46702825,231097220.64,,
2026-01-19,300072,4.93,5.13,4.86,5.11,73166325,369227319.03,,
2026-01-20,300072,5.1,5.14,4.97,5.07,56615984,284881437.49,,
2026-01-21,300072,5.06,5.06,4.99,5.0,38892020,195045843.0,,
2026-01-22,300072,4.98,5.4,4.98,5.32,127066667,665437422.23,,
2026-01-23,300072,5.29,5.36,5.24,5.33,86463470,458112166.68,,
2026-01-26,300072,5.36,5.6,5.36,5.45,121195044,662457836.58,,
2026-01-27,300072,5.4,5.5,5.29,5.48,81603696,442483631.54,,
2026-01-28,300072,5.2,5.28,5.0,5.11,145461990,744992287.23,,
2026-01-29,300072,5.12,5.29,5.08,5.1,81052818,420096091.67,,
2026-01-30,300072,5.05,5.09,4.69,4.75,109514517,527876376.53,,
2026-02-02,300072,4.7,4.71,4.42,4.42,71492924,325584167.65,,
2026-02-03,300072,4.55,4.55,4.46,4.53,38776969,174708354.57,,
2026-02-04,300072,4.53,4.65,4.5,4.59,41092405,188312912.4,,
2026-02-05,300072,4.56,4.61,4.46,4.48,35725900,161207027.16,,
2026-02-06,300072,4.44,4.57,4.42,4.53,31911079,144452413.88,,
2026-02-09,300072,4.57,4.7,4.57,4.64,41531522,192910527.56,,
2026-02-10,300072,4.65,4.65,4.57,4.59,26029609,119893932.11,,
2026-02-11,300072,4.61,4.64,4.58,4.59,18901120,87076760.65,,
2026-02-12,300072,4.6,4.61,4.53,4.55,24618494,112591451.02,,
2026-02-13,300072,4.55,4.58,4.47,4.48,24876896,112512250.0,,
2026-02-24,300072,4.5,4.77,4.48,4.73,57193932,266818025.45,,
2026-02-25,300072,4.73,4.85,4.73,4.82,50067550,240831989.5,,
2026-02-26,300072,4.82,4.85,4.69,4.73,36081831,171579703.82,,
2026-02-27,300072,4.78,4.84,4.75,4.84,41216964,198147236.23,,
2026-03-02,300072,5.09,5.11,4.78,4.94,107473519,528735525.01,,
2026-03-03,300072,5.0,5.32,4.87,5.19,193184324,989516786.43,,
2026-03-04,300072,5.13,5.13,4.71,4.9,109774938,537905563.76,,
2026-03-05,300072,4.88,5.88,4.82,5.88,284867585,1567438109.39,,
2026-03-06,300072,5.55,5.7,5.47,5.54,244357611,1358993904.13,,
