日期,股票代码,开盘,最高,最低,收盘,成交量,成交额,异常情况,异常涨跌幅
2016-03-11,60,6.089445,6.2650476,6.0441282,6.1630848,37609576,409692960.0,,
2016-03-14,60,6.146091,6.4519794,6.117768,6.2990352,47472576,530113792.0,,
2016-03-15,60,6.2253954,6.2253954,5.9874822,6.0724512,41323089,443301232.0,,
2016-03-16,60,6.0384636,6.1630848,5.9138424,5.9591592,29493865,313361920.0,,
2016-03-17,60,6.1064388,6.2197308,6.061122,6.1687494,47102999,511745184.0,,
2016-03-18,60,6.372675,6.655905,6.3103644,6.485967,92228672,1056367456.0,,
2016-03-21,60,6.51429,6.79752,6.429321,6.712551,86140128,1000745712.0,,
2016-03-22,60,6.6785634,6.8598306,6.542613,6.712551,64080646,757762288.0,,
2016-03-23,60,6.655905,6.769197,6.5935944,6.684228,50336846,594606160.0,,
2016-03-24,60,6.5312838,6.5312838,6.3386874,6.3556812,60144637,680184208.0,,
2016-03-25,60,6.3103644,6.3896688,6.089445,6.2140662,50659738,555356192.0,,
2016-03-28,60,6.2253954,6.4179918,6.1574202,6.259383,49764290,556327248.0,,
2016-03-29,60,6.2423892,6.344352,6.1234326,6.2140662,35866092,395192176.0,,
2016-03-30,60,6.316029,6.485967,6.316029,6.4066626,47938857,541780768.0,,
2016-03-31,60,6.429321,6.429321,6.2763768,6.3273582,51912409,580313792.0,,
2016-04-01,60,6.2933706,6.5596068,6.287706,6.5312838,83073910,940181824.0,,
2016-04-05,60,6.5369484,6.6219174,6.4179918,6.599259,63844571,736638272.0,,
2016-04-06,60,6.5312838,6.6105882,6.3896688,6.4746378,46211029,530285552.0,,
2016-04-07,60,6.5029608,6.5482776,6.287706,6.2933706,50456908,567075984.0,,
2016-04-08,60,6.174414,6.1857432,5.9648238,6.089445,57263168,613586288.0,,
2016-04-11,60,6.1517556,6.2933706,6.1517556,6.2423892,53699516,589406656.0,,
2016-04-12,60,6.2140662,6.2140662,6.0554574,6.146091,36043492,388932176.0,,
2016-04-13,60,6.51429,6.7635324,6.51429,6.7635324,121754619,1438393648.0,,
2016-04-14,60,6.7748616,6.8768244,6.6502404,6.7918554,157215726,1874898976.0,,
2016-04-15,60,6.6898926,6.7352094,6.5879298,6.7182156,73810881,867683328.0,,
2016-04-18,60,6.6955572,6.712551,6.4633086,6.5256192,54531553,631614560.0,,
2016-04-19,60,6.6219174,6.712551,6.457644,6.5652714,72043946,839009072.0,,
2016-04-20,60,6.740874,6.7861908,6.0724512,6.2650476,95642077,1093053168.0,,
2016-04-21,60,6.2650476,6.6219174,6.202737,6.3670104,96512136,1097618704.0,,
2016-04-22,60,6.117768,6.2197308,6.0497928,6.1800786,56809599,615780272.0,,
2016-04-25,60,6.117768,6.2197308,5.9818176,6.174414,39412459,423914096.0,,
2016-04-26,60,6.1064388,6.174414,6.0441282,6.146091,33571829,361400832.0,,
2016-04-27,60,6.1630848,6.1800786,6.0384636,6.0667866,30401952,327293344.0,,
2016-04-28,60,6.061122,6.0724512,5.777892,5.9365008,41061513,428585200.0,,
2016-04-29,60,5.919507,6.032799,5.8741902,5.9534946,23901669,251869159.0,,
2016-05-03,60,5.9988114,6.1347618,5.9308362,6.117768,36602356,391551360.0,,
2016-05-04,60,6.0497928,6.1121034,6.0214698,6.0497928,29447185,315186016.0,,
2016-05-05,60,6.0441282,6.1121034,5.9591592,6.0951096,31311103,333935136.0,,
2016-05-06,60,6.089445,6.1347618,5.834538,5.8515318,44450728,469159328.0,,
2016-05-09,60,5.777892,5.777892,5.38137,5.438016,49463561,484060848.0,,
2016-05-10,60,5.3926992,5.466339,5.268078,5.3983638,29197893,276285648.0,,
2016-05-11,60,5.4606744,5.4889974,5.2794072,5.324724,25449297,241356674.0,,
2016-05-12,60,5.2850718,5.3757054,5.1887736,5.3643762,25047006,234536828.0,,
2016-05-13,60,5.296401,5.409693,5.2907364,5.3303886,21600590,203706111.0,,
2016-05-16,60,5.324724,5.494662,5.2284258,5.4833328,31011313,294771328.0,,
2016-05-17,60,5.5059912,5.5909602,5.409693,5.438016,34391731,333321504.0,,
2016-05-18,60,5.38137,5.3983638,5.2001028,5.2510842,24700523,231116182.0,,
2016-05-19,60,5.2227612,5.3700408,5.2227612,5.2794072,19869691,186293976.0,,
2016-05-20,60,5.2170966,5.3700408,5.1944382,5.3473824,19549839,182972741.0,,
2016-05-23,60,5.3587116,5.4323514,5.3303886,5.38137,17796390,168977537.0,,
2016-05-24,60,5.353047,5.3757054,5.268078,5.2850718,15585100,145642436.0,,
2016-05-25,60,5.3303886,5.3587116,5.2907364,5.3133948,16508712,155161001.0,,
2016-05-26,60,5.3077302,5.438016,5.2227612,5.4210222,26559704,249829333.0,,
2016-05-27,60,5.38137,5.4266868,5.3417178,5.3643762,18120170,171988075.0,,
2016-05-30,60,5.3133948,5.3983638,5.296401,5.324724,16004973,150771743.0,,
2016-05-31,60,5.3360532,5.5852956,5.3360532,5.5683018,40142989,389211872.0,,
2016-06-01,60,5.551308,5.749569,5.522985,5.6476062,46262753,463096384.0,,
2016-06-02,60,5.7439044,5.976153,5.7382398,5.777892,57459824,593634624.0,,
2016-06-03,60,5.7892212,5.8175442,5.6759292,5.749569,31410657,318066384.0,,
2016-06-06,60,5.8968486,5.9534946,5.7439044,5.7608982,28713632,295130608.0,,
2016-06-07,60,5.891184,6.0497928,5.8798548,5.9025132,71807673,756260368.0,,
2016-06-08,60,5.8118796,5.834538,5.7042522,5.7665628,33509190,340883056.0,,
2016-06-13,60,5.834538,5.976153,5.6985876,5.7042522,50689079,523647120.0,,
2016-06-14,60,5.749569,5.7665628,5.579631,5.6646,24302540,242980221.0,,
2016-06-15,60,5.579631,5.862861,5.551308,5.8288734,41235953,419674800.0,,
2016-06-16,60,5.91960528,5.94795588,5.79486264,5.8685742,45013375,466285584.0,,
2016-06-17,60,5.8402236,6.07836864,5.811873,5.99331684,61614179,650917808.0,,
2016-06-20,60,5.9252754,5.97630648,5.77218216,5.85156384,31239476,321767856.0,,
2016-06-21,60,5.87424432,5.93094552,5.68713036,5.72115108,36922328,378283136.0,,
2016-06-22,60,5.72115108,5.85723396,5.70414072,5.8402236,22391622,229350895.0,,
2016-06-23,60,5.811873,5.82321324,5.71548096,5.73249132,24254608,246020981.0,,
2016-06-24,60,5.74950168,5.77218216,5.5000164,5.60207856,38050922,378494448.0,,
2016-06-27,60,5.59073832,5.74383156,5.5567176,5.73249132,22856829,228993942.0,,
2016-06-28,60,5.71548096,5.80053276,5.67012,5.78919252,29544194,298750480.0,,
2016-06-29,60,5.9252754,5.97063636,5.8402236,5.87424432,48097006,500208432.0,,
2016-06-30,60,5.88558456,6.00465708,5.85723396,5.91393516,42308117,442133600.0,,
2016-07-01,60,5.87991444,6.0386778,5.8402236,5.98764672,61488571,646039456.0,,
2016-07-04,60,6.16909056,6.58867944,6.16909056,6.58867944,108086137,1229528400.0,,
2016-07-05,60,6.6340404,6.72476232,6.47527704,6.65105076,137609782,1600830896.0,,
2016-07-06,60,6.520638,7.08197988,6.4639368,6.86651532,157901451,1892657424.0,,
2016-07-07,60,6.80981412,7.07063964,6.69641172,6.75311292,115436978,1396956736.0,,
2016-07-08,60,6.66806112,6.86651532,6.57166908,6.64538064,83127109,983632800.0,,
2016-07-11,60,6.82115436,7.0592994,6.7474428,6.80981412,113875613,1391657120.0,,
2016-07-12,60,6.73043244,7.0592994,6.73043244,6.97991772,87167297,1065227120.0,,
2016-07-13,60,7.08765,7.371156,6.9175464,7.01960856,98394056,1230405696.0,,
2016-07-14,60,6.9175464,6.9742476,6.76445316,6.8891958,59818812,724318976.0,,
2016-07-15,60,6.8891958,6.945897,6.72476232,6.77012328,54865347,658581408.0,,
2016-07-18,60,6.6907416,6.91187628,6.662391,6.75878304,57290838,687423856.0,,
2016-07-19,60,6.7757934,6.945897,6.7190922,6.82115436,52591320,634424768.0,,
2016-07-20,60,6.85517508,6.90053604,6.66806112,6.70208184,45827882,547161936.0,,
2016-07-21,60,6.63971052,6.79280376,6.63971052,6.78713364,35523463,421007728.0,,
2016-07-22,60,6.78713364,6.92321652,6.70208184,6.7190922,48294714,582236944.0,,
2016-07-25,60,6.70208184,6.86651532,6.6340404,6.78146352,34259391,406381312.0,,
2016-07-26,60,6.79280376,6.84950496,6.68507148,6.78713364,44325938,529501040.0,,
2016-07-27,60,6.78713364,6.78713364,6.10671924,6.20311128,101750932,1136190448.0,,
2016-07-28,60,6.1804308,6.21445152,6.02733756,6.16909056,44718812,483402400.0,,
2016-07-29,60,6.16909056,6.16909056,5.97630648,5.99331684,32702907,349014672.0,,
2016-08-01,60,6.05001804,6.08403876,5.8969248,6.05001804,41303656,436887408.0,,
2016-08-02,60,6.00465708,6.08970888,5.99331684,6.08403876,21350654,227942053.0,,
2016-08-03,60,6.07269852,6.13506984,6.04434792,6.11238936,25851190,277809168.0,,
2016-08-04,60,6.10104912,6.10104912,5.953626,6.05568816,29694794,315399216.0,,
2016-08-05,60,6.03300768,6.10104912,5.93094552,6.02166744,41736611,441565712.0,,
2016-08-08,60,5.9819766,6.16342044,5.90826504,6.11238936,50398987,538786736.0,,
2016-08-09,60,6.08403876,6.15775032,6.04434792,6.1237296,36384040,391773792.0,,
2016-08-10,60,6.095379,6.3505344,6.095379,6.2938332,80728200,889833728.0,,
2016-08-11,60,6.22012164,6.27115272,6.08403876,6.08970888,38636532,419680560.0,,
2016-08-12,60,6.07269852,6.23146188,5.97630648,6.1804308,37868679,408841568.0,,
2016-08-15,60,6.1237296,6.4355862,6.10104912,6.3221838,53705559,596441264.0,,
2016-08-16,60,6.39589536,6.46960692,6.31084356,6.42424596,48587017,547400256.0,,
2016-08-17,60,6.39589536,6.4639368,6.28249296,6.36187464,39291519,440934176.0,,
2016-08-18,60,6.35620452,6.42424596,6.28816308,6.38455512,34241853,383839920.0,,
2016-08-19,60,6.36754476,6.36754476,6.25981248,6.33919416,31243760,347770688.0,,
2016-08-22,60,6.30517344,6.33919416,6.1237296,6.12939972,32398216,356920256.0,,
2016-08-23,60,6.11238936,6.24847224,6.095379,6.15775032,21395671,232280061.0,,
2016-08-24,60,6.1804308,6.25981248,6.1520802,6.16909056,20990659,229688571.0,,
2016-08-25,60,6.10671924,6.13506984,5.98764672,6.08403876,27928723,297310512.0,,
2016-08-26,60,6.15775032,6.27115272,6.14073996,6.16909056,45625565,499822736.0,,
2016-08-29,60,6.16342044,6.1804308,6.095379,6.14073996,17811314,193006034.0,,
2016-08-30,60,6.14073996,6.1804308,6.095379,6.11805948,20763872,224630224.0,,
2016-08-31,60,6.15775032,6.18610092,6.11238936,6.15775032,20124026,218435493.0,,
2016-09-01,60,6.1804308,6.33352404,6.16342044,6.25414236,46506861,511966192.0,,
2016-09-02,60,6.378885,6.4072356,6.20311128,6.27115272,53209376,592827008.0,,
2016-09-05,60,6.29950332,6.71342208,6.24847224,6.520638,100406713,1152532080.0,,
2016-09-06,60,6.45259656,6.520638,6.3505344,6.50929776,42353532,480269712.0,,
2016-09-07,60,6.45259656,6.50929776,6.37321488,6.38455512,38643332,438946864.0,,
2016-09-08,60,6.39589536,6.41290572,6.32785392,6.38455512,23970928,268835792.0,,
2016-09-09,60,6.38455512,6.39589536,6.27115272,6.27682284,22757307,254142525.0,,
2016-09-12,60,6.07836864,6.08970888,5.811873,5.89125468,61254326,644364608.0,,
2016-09-13,60,5.9252754,5.94228576,5.7835224,5.89125468,25573248,265155255.0,,
2016-09-14,60,5.81754312,5.93661564,5.80053276,5.87991444,15030894,155981585.0,,
2016-09-19,60,5.90259492,5.95929612,5.8969248,5.91960528,13214288,138282154.0,,
2016-09-20,60,5.94228576,5.96496624,5.87424432,5.9252754,14907434,155638724.0,,
2016-09-21,60,5.94795588,5.95929612,5.91960528,5.94228576,11823122,123785907.0,,
2016-09-22,60,5.99331684,6.00465708,5.9252754,5.93661564,19968918,209987319.0,,
2016-09-23,60,5.953626,5.95929612,5.8402236,5.84589372,15929491,165210804.0,,
2016-09-26,60,5.83455348,5.84589372,5.64743952,5.67012,25602642,258658944.0,,
2016-09-27,60,5.67012,5.73816144,5.61908892,5.7268212,15434011,154698566.0,,
2016-09-28,60,5.72115108,5.74383156,5.66444988,5.68713036,13240975,132948320.0,,
2016-09-29,60,5.7268212,5.80620288,5.72115108,5.73816144,18743919,190742380.0,,
2016-09-30,60,5.73816144,5.77785228,5.72115108,5.77785228,11972026,121443435.0,,
2016-10-10,60,5.78919252,5.85723396,5.74383156,5.85723396,27058778,277040416.0,,
2016-10-11,60,5.84589372,5.86290408,5.80620288,5.85156384,19430971,199779485.0,,
2016-10-12,60,5.80620288,5.85156384,5.78919252,5.82321324,16970509,174057780.0,,
2016-10-13,60,5.82321324,5.8969248,5.811873,5.82888336,19662534,203058422.0,,
2016-10-14,60,5.811873,5.83455348,5.70981084,5.7835224,18484705,188305859.0,,
2016-10-17,60,5.83455348,5.87991444,5.76084192,5.80053276,24361788,250782707.0,,
2016-10-18,60,5.7835224,5.91393516,5.76084192,5.90259492,25008036,258110903.0,,
2016-10-19,60,5.91393516,6.02733756,5.85156384,5.88558456,45584093,477321280.0,,
2016-10-20,60,5.87424432,5.90826504,5.83455348,5.89125468,22277151,230861288.0,,
2016-10-21,60,5.8685742,5.91393516,5.80053276,5.84589372,20743802,214305148.0,,
2016-10-24,60,5.85156384,5.99898696,5.82321324,5.953626,40620507,425381632.0,,
2016-10-25,60,6.11238936,6.1804308,6.0386778,6.14073996,55436399,595869520.0,,
2016-10-26,60,6.1237296,6.20311128,6.0670284,6.11238936,49450022,535061376.0,,
2016-10-27,60,6.07836864,6.10104912,5.98764672,6.0670284,29472705,313968912.0,,
2016-10-28,60,6.08970888,6.14641008,6.00465708,6.11238936,34864033,374047056.0,,
2016-10-31,60,6.1237296,6.18610092,6.08403876,6.15775032,40799040,442627360.0,,
2016-11-01,60,6.3221838,6.37321488,6.17476068,6.19744116,46133402,507265264.0,,
2016-11-02,60,6.16909056,6.24847224,6.07269852,6.08970888,48904348,531081504.0,,
2016-11-03,60,6.08403876,6.19744116,6.05001804,6.18610092,36642624,395676688.0,,
2016-11-04,60,6.2654826,6.2654826,6.08403876,6.1237296,39295469,427182512.0,,
2016-11-07,60,6.1237296,6.42991608,6.07269852,6.36754476,86838430,966548256.0,,
2016-11-08,60,6.30517344,6.37321488,6.25981248,6.28816308,46614936,518607504.0,,
2016-11-09,60,6.33352404,6.40156548,6.16342044,6.32785392,52068361,578211552.0,,
2016-11-10,60,6.6340404,6.804144,6.52630812,6.53764836,124093508,1457685088.0,,
2016-11-11,60,6.520638,7.18971216,6.4922874,7.18971216,231693951,2843454032.0,,
2016-11-14,60,6.9742476,7.371156,6.9175464,7.29744444,182469214,2298181680.0,,
2016-11-15,60,8.02888992,8.02888992,7.21806276,7.25208348,234071733,3193512256.0,,
2016-11-16,60,7.29177432,7.32579504,6.99125796,7.1443512,139276089,1754610864.0,,
2016-11-17,60,6.98558784,7.09899024,6.96290736,7.02527868,73600426,911008336.0,,
2016-11-18,60,7.05362928,7.06496952,6.87218544,7.0025982,86633550,1064657856.0,,
2016-11-21,60,7.0025982,7.30878468,6.97991772,7.1160006,94051620,1180700800.0,,
2016-11-22,60,7.1160006,7.5412596,7.08765,7.3995066,108104020,1392640000.0,,
2016-11-23,60,7.3144548,7.4278572,7.16703168,7.21806276,64255217,825941984.0,,
2016-11-24,60,7.49022852,7.72270344,7.371156,7.38816636,109596698,1460408656.0,,
2016-11-25,60,7.44486756,7.49589864,7.1443512,7.35414564,50186869,648164064.0,,
2016-11-28,60,7.7680644,8.09126124,7.47888828,7.92115764,157112592,2156007808.0,,
2016-11-29,60,7.66033212,7.9098174,7.58095044,7.5979608,95619942,1305245520.0,,
2016-11-30,60,7.34847552,7.4278572,7.03661892,7.1443512,95354384,1215216320.0,,
2016-12-01,60,7.16136156,7.30878468,7.15002132,7.229403,41505986,529484480.0,,
2016-12-02,60,7.15569144,7.1727018,6.89486592,6.95723724,40823592,504937904.0,,
2016-12-05,60,6.804144,7.13301096,6.78146352,7.06496952,42948801,532437536.0,,
2016-12-06,60,7.17837192,7.20672252,6.92888664,6.945897,30860885,383578304.0,,
2016-12-07,60,6.98558784,7.33713528,6.94022688,7.3144548,69357283,879849936.0,,
2016-12-08,60,7.16703168,7.52424924,7.15569144,7.35981576,68497089,892280192.0,,
2016-12-09,60,7.26342372,7.5696102,7.23507312,7.46187792,49963219,656065088.0,,
2016-12-12,60,7.49589864,7.64899188,6.96290736,7.09332012,58438439,757801904.0,,
2016-12-13,60,7.05362928,7.28043408,6.90053604,7.22373288,37400397,471157488.0,,
2016-12-14,60,7.15002132,7.32012492,7.04795916,7.25208348,37588897,478104960.0,,
2016-12-15,60,7.37682612,7.49589864,7.2577536,7.34847552,52118932,678186336.0,,
2016-12-16,60,7.32012492,7.32579504,7.08765,7.11033048,32826125,415185920.0,,
2016-12-19,60,6.95723724,6.98558784,6.79280376,6.80981412,34897009,423974096.0,,
2016-12-20,60,6.6907416,6.72476232,6.57166908,6.62837028,50528339,590540448.0,,
2016-12-21,60,6.67940136,6.72476232,6.6056898,6.67940136,25529150,300035024.0,,
2016-12-22,60,6.66806112,6.67940136,6.53197824,6.60001968,24924459,289579840.0,,
2016-12-23,60,6.61135992,6.6340404,6.45826668,6.48661728,21810833,251356237.0,,
2016-12-26,60,6.36754476,6.38455512,6.11805948,6.31084356,54206889,596281456.0,,
2016-12-27,60,6.24847224,6.38455512,6.237132,6.3505344,32764983,366266176.0,,
2016-12-28,60,6.44692644,6.50362764,6.35620452,6.378885,26290834,297897712.0,,
2016-12-29,60,6.32785392,6.44692644,6.30517344,6.33919416,18068492,202941274.0,,
2016-12-30,60,6.33919416,6.4072356,6.30517344,6.3221838,14334242,160318656.0,,
2017-01-03,60,6.35620452,6.42991608,6.35620452,6.40156548,15896785,179269663.0,,
2017-01-04,60,6.37321488,6.48094716,6.28249296,6.47527704,29842275,336336912.0,,
2017-01-05,60,6.52630812,6.6340404,6.48661728,6.520638,44199094,510792128.0,,
2017-01-06,60,6.50929776,6.520638,6.42424596,6.44125632,21751284,248206938.0,,
2017-01-09,60,6.4355862,6.50929776,6.41857584,6.48661728,18459458,210498760.0,,
2017-01-10,60,6.5489886,6.82115436,6.46960692,6.67940136,63254174,739017024.0,,
2017-01-11,60,6.63971052,6.74177268,6.51496788,6.53764836,41229689,481514128.0,,
2017-01-12,60,6.52630812,6.52630812,6.3505344,6.39022524,30988565,351571904.0,,
2017-01-13,60,6.4072356,6.44692644,6.17476068,6.2087814,28889140,321663680.0,,
2017-01-16,60,6.21445152,6.39589536,5.95929612,6.1520802,40709356,445903648.0,,
2017-01-17,60,6.1237296,6.16909056,5.97630648,6.14073996,30307968,325682448.0,,
2017-01-18,60,6.14073996,6.24847224,6.095379,6.2087814,19225269,210171305.0,,
2017-01-19,60,6.1804308,6.2938332,6.14641008,6.22012164,20275097,221933077.0,,
2017-01-20,60,6.19744116,6.27115272,6.16909056,6.237132,15857941,174176627.0,,
2017-01-23,60,6.24280212,6.5773392,6.24280212,6.4639368,39410536,447764672.0,,
2017-01-24,60,6.42991608,6.48661728,6.4072356,6.45826668,17953847,204097323.0,,
2017-01-25,60,6.4922874,6.62837028,6.48094716,6.5489886,30845580,356073344.0,,
2017-01-26,60,6.56032884,6.86651532,6.52630812,6.804144,49914502,590476848.0,,
2017-02-03,60,6.79280376,6.79280376,6.59434956,6.61703004,32705365,384531616.0,,
2017-02-06,60,6.5773392,6.6340404,6.4639368,6.55465872,34197122,393745136.0,,
2017-02-07,60,6.5489886,6.6056898,6.47527704,6.58300932,25440371,293547968.0,,
2017-02-08,60,6.5773392,6.68507148,6.51496788,6.662391,33130373,385948016.0,,
2017-02-09,60,6.63971052,6.70775196,6.61135992,6.65105076,25653001,301070432.0,,
2017-02-10,60,6.6340404,6.945897,6.60001968,6.86651532,57613125,688936704.0,,
2017-02-13,60,7.1443512,7.2577536,6.92888664,6.99125796,59294170,735445856.0,,
2017-02-14,60,6.9742476,7.1160006,6.93455676,7.10466036,40459731,502347360.0,,
2017-02-15,60,7.0025982,7.04795916,6.84383484,6.90620616,37782786,463640192.0,,
2017-02-16,60,6.91187628,7.09332012,6.85517508,6.89486592,47273250,581900528.0,,
2017-02-17,60,6.88352568,6.92321652,6.75878304,6.78713364,33543411,404921248.0,,
2017-02-20,60,6.74177268,6.90620616,6.74177268,6.90053604,29588572,356423328.0,,
2017-02-21,60,6.96290736,6.98558784,6.84950496,6.94022688,34063376,415685504.0,,
2017-02-22,60,6.9175464,6.95723724,6.82115436,6.8891958,28075623,340956560.0,,
2017-02-23,60,6.86651532,7.03661892,6.8608452,6.91187628,44681511,547367152.0,,
2017-02-24,60,6.70208184,6.7190922,6.56599896,6.6340404,63663214,744105408.0,,
2017-02-27,60,6.61135992,6.62837028,6.45259656,6.48094716,38882241,448920048.0,,
2017-02-28,60,6.50362764,6.56032884,6.48094716,6.53197824,22783927,262124602.0,,
2017-03-01,60,6.53197824,6.65672088,6.4922874,6.61135992,36357414,423410096.0,,
2017-03-02,60,6.6340404,6.73610256,6.58300932,6.58300932,35784931,419661680.0,,
2017-03-03,60,6.4072356,6.50362764,6.39589536,6.4639368,22723903,258665767.0,,
2017-03-06,60,6.4639368,6.52630812,6.4355862,6.50362764,21173662,242269009.0,,
2017-03-07,60,6.49795752,6.49795752,6.40156548,6.45826668,28377206,322106992.0,,
2017-03-08,60,6.42991608,6.45826668,6.378885,6.45259656,19499458,220706958.0,,
2017-03-09,60,6.39589536,6.41857584,6.33352404,6.34486428,19567149,219438065.0,,
2017-03-10,60,6.35620452,6.40156548,6.3505344,6.39022524,13668196,153667833.0,,
2017-03-13,60,6.39022524,6.54331848,6.36187464,6.54331848,30785586,351483264.0,,
2017-03-14,60,6.50929776,6.52630812,6.44125632,6.46960692,17723301,202785480.0,,
2017-03-15,60,6.46960692,6.520638,6.45259656,6.48661728,17047377,195345154.0,,
2017-03-16,60,6.58867944,6.61703004,6.53197824,6.5773392,27195994,315151184.0,,
2017-03-17,60,6.5773392,6.61135992,6.41857584,6.44125632,25010288,288035296.0,,
2017-03-20,60,6.50362764,6.54331848,6.4355862,6.4922874,15877698,181735459.0,,
2017-03-21,60,6.4639368,6.48661728,6.41290572,6.4639368,13211448,150307390.0,,
2017-03-22,60,6.41857584,6.48094716,6.38455512,6.42991608,11590148,131425106.0,,
2017-03-23,60,6.47527704,6.520638,6.4072356,6.51496788,18339456,209298591.0,,
2017-03-24,60,6.48094716,6.49795752,6.4072356,6.48094716,15701206,178549141.0,,
2017-03-27,60,6.44125632,6.46960692,6.36754476,6.37321488,22138846,250081563.0,,
2017-03-28,60,6.36187464,6.42424596,6.33919416,6.36754476,14104782,158273833.0,,
2017-03-29,60,6.41290572,6.4639368,6.36754476,6.42424596,19823600,224327099.0,,
2017-03-30,60,6.42424596,6.4355862,6.27115272,6.28249296,25296817,282721456.0,,
2017-03-31,60,6.30517344,6.33919416,6.25414236,6.31651368,13103163,145573300.0,,
2017-04-05,60,6.28249296,6.45826668,6.28249296,6.45826668,21342967,241314612.0,,
2017-04-06,60,6.47527704,6.48094716,6.4072356,6.42991608,15881677,180238280.0,,
2017-04-07,60,6.4072356,6.58300932,6.39022524,6.45826668,34350384,393714400.0,,
2017-04-10,60,6.41290572,6.41857584,6.2938332,6.32785392,22387681,250892624.0,,
2017-04-11,60,6.2938332,6.378885,6.27682284,6.37321488,22593289,252072507.0,,
2017-04-12,60,6.38455512,6.40156548,6.31651368,6.33919416,19783501,222205020.0,,
2017-04-13,60,6.35620452,6.4072356,6.3221838,6.3221838,18186759,203986753.0,,
2017-04-14,60,6.32785392,6.35620452,6.22012164,6.23146188,23337854,258646870.0,,
2017-04-17,60,6.27682284,6.31084356,6.18610092,6.23146188,15519469,171183713.0,,
2017-04-18,60,6.22579176,6.2654826,6.10671924,6.14073996,16132798,176027059.0,,
2017-04-19,60,6.08403876,6.08403876,5.94795588,6.0103272,20837405,220929592.0,,
2017-04-20,60,6.0103272,6.05568816,5.9252754,6.02166744,14474854,152987918.0,,
2017-04-21,60,6.03300768,6.06135828,5.93661564,5.95929612,14266275,150618853.0,,
2017-04-24,60,5.953626,5.953626,5.67579012,5.68713036,17226795,175365887.0,,
2017-04-25,60,5.7268212,5.7835224,5.66444988,5.68146024,14437448,145759955.0,,
2017-04-26,60,5.72115108,5.7835224,5.6984706,5.77785228,14063388,142618604.0,,
2017-04-27,60,5.7551718,5.811873,5.6417694,5.811873,13837858,139988569.0,,
2017-04-28,60,5.811873,5.83455348,5.77785228,5.82888336,8391390,85993086.0,,
2017-05-02,60,5.85723396,5.8685742,5.79486264,5.811873,8965345,92183459.0,,
2017-05-03,60,5.80620288,5.8685742,5.7268212,5.74950168,13106532,133966025.0,,
2017-05-04,60,5.74383156,5.74383156,5.62475904,5.6417694,25223485,252508396.0,,
2017-05-05,60,5.61908892,5.67012,5.59640844,5.60207856,14733040,146371892.0,,
2017-05-08,60,5.60774868,5.72115108,5.57372796,5.62475904,14364021,142601230.0,,
2017-05-09,60,5.65877976,5.72115108,5.62475904,5.72115108,13164840,131727734.0,,
2017-05-10,60,5.72115108,5.7268212,5.5000164,5.528367,14610097,145536535.0,,
2017-05-11,60,5.52836664,5.53974188,5.33498756,5.49424092,20864441,199511228.0,,
2017-05-12,60,5.47717806,5.48286568,5.39755138,5.45442758,11238685,107559690.0,,
2017-05-15,60,5.47149044,5.51130378,5.4601152,5.47717806,7902575,76203264.0,,
2017-05-16,60,5.47717806,5.61936856,5.36911328,5.59093046,15644622,150451367.0,,
2017-05-17,60,5.57955522,5.64780666,5.55680474,5.57955522,11458943,112963000.0,,
2017-05-18,60,5.59661808,5.60799332,5.50561616,5.5169914,9188808,89925364.0,,
2017-05-19,60,5.5169914,5.58524284,5.51130378,5.5738676,10190764,99513128.0,,
2017-05-22,60,5.6307438,5.84687336,5.6023057,5.63643142,21760143,218247234.0,,
2017-05-23,60,5.60799332,5.6591819,5.45442758,5.46580282,15838290,154744891.0,,
2017-05-24,60,5.45442758,5.5169914,5.38617614,5.5169914,11164880,107256461.0,,
2017-05-25,60,5.53974188,5.70468286,5.5169914,5.68193238,18466999,182545002.0,,
2017-05-26,60,5.68762,5.71037048,5.6307438,5.64211904,11409308,113647647.0,,
2017-05-31,60,5.68193238,5.73312096,5.6023057,5.61368094,10661338,106416441.0,,
2017-06-01,60,5.62505618,5.6307438,5.47717806,5.48286568,10652639,103934870.0,,
2017-06-02,60,5.46580282,5.56817998,5.43736472,5.56249236,7553679,73120784.0,,
2017-06-05,60,5.57955522,5.6307438,5.56249236,5.6307438,7881374,77743135.0,,
2017-06-06,60,5.61368094,5.6307438,5.57955522,5.6307438,7156847,70514761.0,,
2017-06-07,60,5.61368094,5.75018382,5.6023057,5.71037048,18539583,185601648.0,,
2017-06-08,60,5.71037048,5.72174572,5.66486952,5.71037048,11245746,112482271.0,,
2017-06-09,60,5.72174572,5.73312096,5.63643142,5.68762,10283633,102627868.0,,
2017-06-12,60,5.67624476,5.69330762,5.61936856,5.62505618,9161652,90973684.0,,
2017-06-13,60,5.8013724,6.18813056,5.79568478,6.08006578,91674225,971504144.0,,
2017-06-14,60,5.98337624,6.0288772,5.93787528,5.972001,57406983,603148240.0,,
2017-06-15,60,5.972001,6.0573153,5.96062576,6.0004391,30894469,325874880.0,,
2017-06-16,60,5.97768862,6.16538008,5.94925052,6.04025244,42036887,447962464.0,,
2017-06-19,60,6.01181434,6.14831722,6.00612672,6.09712864,32417182,347405248.0,,
2017-06-20,60,6.10281626,6.13125436,6.03456482,6.06300292,25523691,272654448.0,,
2017-06-21,60,6.13694198,6.13694198,5.96631338,6.01181434,30785524,326785616.0,,
2017-06-22,60,6.0857534,6.18244294,5.98906386,6.01181434,34035404,365171376.0,,
2017-06-23,60,6.02318958,6.22225628,5.99475148,6.21088104,43952143,471707520.0,,
2017-06-26,60,6.23931914,6.3416963,6.20519342,6.256382,56477587,621952480.0,,
2017-06-27,60,6.24500676,6.35307154,6.16538008,6.3132582,44258108,486403072.0,,
2017-06-28,60,6.27344486,6.46113632,6.26775724,6.3701344,58304224,654493568.0,,
2017-06-29,60,6.39288488,6.4554487,6.31894582,6.35307154,38576864,432617376.0,,
2017-06-30,60,6.33032106,6.38150964,6.29050772,6.3701344,31790885,354008064.0,,
2017-07-03,60,6.3985725,6.4838868,6.2848201,6.47819918,52199649,587283552.0,,
2017-07-04,60,6.44976108,6.50663728,6.34738392,6.34738392,37450502,422592112.0,,
2017-07-05,60,6.33600868,6.4838868,6.31894582,6.46113632,44985840,507987376.0,,
2017-07-06,60,6.46113632,6.54645062,6.39288488,6.5123249,56159479,639551040.0,,
2017-07-07,60,6.4838868,6.6829535,6.40426012,6.60332682,69895122,803527936.0,,
2017-07-10,60,6.58057634,6.74551732,6.54645062,6.60332682,79915303,935806176.0,,
2017-07-11,60,6.56351348,6.61470206,6.35875916,6.37582202,53864956,614134656.0,,
2017-07-12,60,6.4270106,6.5692011,6.3132582,6.56351348,49801793,564625664.0,,
2017-07-13,60,6.540763,6.7113916,6.51801252,6.57488872,62079085,722618496.0,,
2017-07-14,60,6.5123249,6.540763,6.43269822,6.47819918,33102300,377432608.0,,
2017-07-17,60,6.49526204,6.51801252,6.1426296,6.3132582,59467694,665671232.0,,
2017-07-18,60,6.27344486,6.4554487,6.20519342,6.4554487,39570054,445225872.0,,
2017-07-19,60,6.43838584,6.77395542,6.40426012,6.75120494,107401599,1260688528.0,,
2017-07-20,60,6.7398297,6.9104583,6.6829535,6.77964304,84369507,1005649664.0,,
2017-07-21,60,6.7398297,6.95027164,6.72276684,6.87064496,74963622,904937472.0,,
2017-07-24,60,6.96164688,7.09814976,6.80239352,6.8820202,66331451,809123696.0,,
2017-07-25,60,6.83083162,6.95027164,6.75689256,6.93320878,62784300,756263072.0,,
2017-07-26,60,7.13227548,7.15502596,6.87064496,6.90477068,94844731,1169152576.0,,
2017-07-27,60,6.825144,6.87064496,6.58626396,6.68864112,74381410,879500448.0,,
2017-07-28,60,6.64314016,6.84789448,6.6260773,6.75120494,44595413,528704512.0,,
2017-07-31,60,6.76258018,7.06971166,6.75120494,7.04696118,88465145,1083687776.0,,
2017-08-01,60,7.00714784,7.0242107,6.825144,6.91614592,56400530,685164976.0,,
2017-08-02,60,6.89339544,7.17777644,6.83083162,6.92183354,90137665,1111635216.0,,
2017-08-03,60,7.0242107,7.24034026,6.95027164,7.1664012,127273137,1589798336.0,,
2017-08-04,60,7.1664012,7.39959362,7.01283546,7.0242107,122783740,1555696208.0,,
2017-08-07,60,6.95595926,7.20052692,6.825144,7.18915168,81209063,1003476928.0,,
2017-08-08,60,7.3370298,7.55884698,7.18915168,7.26309074,143923188,1865319472.0,,
2017-08-09,60,7.4792203,7.5360965,7.25740312,7.5360965,121642711,1586494992.0,,
2017-08-10,60,7.38821838,7.42803172,7.1948393,7.22896502,83627509,1075631472.0,,
2017-08-11,60,7.0810869,7.1379631,6.55782586,6.63745254,107039222,1292587040.0,,
2017-08-14,60,6.63745254,6.77395542,6.57488872,6.7113916,46596462,547932560.0,,
2017-08-15,60,6.7113916,6.84220686,6.66020302,6.75689256,36317597,431500912.0,,
2017-08-16,60,6.7682678,6.7967059,6.55782586,6.7967059,42215930,496872800.0,,
2017-08-17,60,7.2232774,7.42803172,7.12090024,7.1948393,117644732,1496725232.0,,
2017-08-18,60,6.98439736,7.35409266,6.9388964,7.2232774,79773057,1003834208.0,,
2017-08-21,60,7.2232774,7.49059554,7.14365072,7.33134218,87344266,1130021504.0,,
2017-08-22,60,7.26877836,7.29721646,7.12090024,7.22896502,55506739,703609344.0,,
2017-08-23,60,7.09246214,7.12090024,6.89908306,6.9673345,54055620,665429696.0,,
2017-08-24,60,7.00714784,7.02989832,6.825144,6.86495734,32983879,402276000.0,,
2017-08-25,60,6.92183354,7.17208882,6.90477068,7.1664012,46276276,574521664.0,,
2017-08-28,60,7.07539928,7.27446598,7.02989832,7.22896502,46579947,587456720.0,,
2017-08-29,60,7.2801536,7.39959362,7.13227548,7.14365072,60307338,769333488.0,,
2017-08-30,60,7.0526488,7.38821838,7.0526488,7.33134218,70339663,898354336.0,,
2017-08-31,60,7.33134218,7.43940696,7.24034026,7.39959362,74665284,965894032.0,,
2017-09-01,60,7.48490792,7.63847366,7.34840504,7.47353268,107480860,1416054704.0,,
2017-09-04,60,7.6214108,7.81478988,7.52472126,7.6214108,111128094,1496992528.0,,
2017-09-05,60,7.58728508,7.5929727,7.34840504,7.49628316,58136114,763285984.0,,
2017-09-06,60,7.2517155,7.4792203,7.20052692,7.34840504,65172995,844596704.0,,
2017-09-07,60,7.3370298,7.4507822,7.22896502,7.23465264,55998692,723763568.0,,
2017-09-08,60,7.24602788,7.40528124,7.21758978,7.26877836,43155075,553447472.0,,
2017-09-11,60,7.20621454,7.37684314,7.13227548,7.37684314,46666103,596576992.0,,
2017-09-12,60,7.393906,7.55315936,7.32565456,7.34840504,75637509,989429739.57,,
2017-09-13,60,7.38253076,7.43940696,7.2801536,7.4223441,58993498,765550120.8,,
2017-09-14,60,7.43940696,7.4507822,7.16071358,7.1664012,68003633,870699106.11,,
2017-09-15,60,7.109525,7.17777644,6.9388964,6.9957726,59935014,741358229.33,,
2017-09-18,60,6.9957726,7.10383738,6.9957726,7.09814976,26563066,329555988.35,,
2017-09-19,60,7.18346406,7.18915168,7.0242107,7.02989832,26148732,326659665.36,,
2017-09-20,60,7.04127356,7.31427932,7.0242107,7.30290408,50657717,642077544.51,,
2017-09-21,60,7.28584122,7.28584122,7.0526488,7.0526488,33302342,419503536.98,,
2017-09-22,60,6.94458402,6.97302212,6.7967059,6.89339544,45216489,548190055.28,,
2017-09-25,60,6.9388964,6.94458402,6.7967059,6.7967059,21108995,254616577.6,,
2017-09-26,60,6.85926972,6.94458402,6.84220686,6.93320878,20649166,250756911.66,,
2017-09-27,60,6.9388964,7.01283546,6.89339544,6.97870974,32322688,395376464.9,,
2017-09-28,60,6.94458402,6.94458402,6.84220686,6.8535821,32088168,387866323.97,,
2017-09-29,60,6.89908306,6.96164688,6.88770782,6.89908306,29374613,357378287.71,,
2017-10-09,60,7.10383738,7.1379631,7.01283546,7.04127356,37456687,464677606.66,,
2017-10-10,60,7.02989832,7.02989832,6.8820202,6.92752116,29421651,359011382.11,,
2017-10-11,60,6.95595926,6.96164688,6.81945638,6.84789448,26445435,319516222.64,,
2017-10-12,60,6.8535821,6.8535821,6.5976392,6.74551732,38320024,451633549.57,,
2017-10-13,60,6.75689256,6.77964304,6.70001636,6.75689256,20532239,243659826.05,,
2017-10-16,60,6.75689256,6.87633258,6.67157826,6.825144,40940379,488675539.04,,
2017-10-17,60,6.72845446,6.75120494,6.6260773,6.63176492,24986213,293473580.85,,
2017-10-18,60,6.5976392,6.70001636,6.49526204,6.55213824,22582235,261800106.49,,
2017-10-19,60,6.540763,6.54645062,6.37582202,6.42132298,19921268,226129455.9,,
2017-10-20,60,6.41563536,6.53507538,6.3985725,6.51801252,10174225,116375701.54,,
2017-10-23,60,6.51801252,6.540763,6.44407346,6.51801252,11253259,128613500.62,,
2017-10-24,60,6.55213824,6.60901444,6.47819918,6.53507538,18365090,211585022.26,,
2017-10-25,60,6.52370014,6.58626396,6.47819918,6.56351348,15534028,178489518.38,,
2017-10-26,60,6.57488872,6.67726588,6.56351348,6.60901444,22635892,263503098.84,,
2017-10-27,60,6.60332682,6.6260773,6.46113632,6.47819918,19645781,225576380.35,,
2017-10-30,60,6.46682394,6.5123249,6.20519342,6.27344486,30808844,342150336.33,,
2017-10-31,60,6.27344486,6.35307154,6.23931914,6.32463344,20600341,228144367.86,,
2017-11-01,60,6.43838584,6.44976108,6.31894582,6.33600868,25736841,288821797.56,,
2017-11-02,60,6.29619534,6.3416963,6.26775724,6.29619534,18261659,202074601.95,,
2017-11-03,60,6.29619534,6.31894582,6.09712864,6.15969246,24845901,270674912.48,,
2017-11-06,60,6.17675532,6.2279439,6.1141915,6.22225628,14085856,152832015.36,,
2017-11-07,60,6.22225628,6.29050772,6.13125436,6.27344486,19017087,208214071.95,,
2017-11-08,60,6.21088104,6.29050772,6.18813056,6.24500676,19177812,210530831.03,,
2017-11-09,60,6.24500676,6.30757058,6.23363152,6.26206962,15067903,166146436.42,,
2017-11-10,60,6.26206962,6.29619534,6.12556674,6.1426296,32609527,354147889.53,,
2017-11-13,60,6.14831722,6.2279439,6.09144102,6.22225628,32919518,356095676.86,,
2017-11-14,60,6.21656866,6.26775724,6.18244294,6.20519342,24181818,264841420.0,,
2017-11-15,60,6.13125436,6.1426296,6.00612672,6.00612672,24281065,259049069.96,,
2017-11-16,60,5.98906386,6.03456482,5.97768862,5.97768862,15297558,161549758.55,,
2017-11-17,60,5.98337624,6.0004391,5.75018382,5.7729343,25872093,266679856.02,,
2017-11-20,60,5.75018382,5.8582486,5.69899524,5.85256098,17546997,178893625.86,,
2017-11-21,60,5.84687336,5.87531146,5.78999716,5.8582486,16267282,167085166.35,,
2017-11-22,60,5.9151248,5.96631338,5.8866867,5.9435629,18286250,190727685.57,,
2017-11-23,60,5.95493814,6.1141915,5.84687336,5.86962384,28740237,303862980.22,,
2017-11-24,60,5.8353966,6.0920856,5.8068756,6.0293394,26261729,275493423.25,,
2017-11-27,60,6.0236352,6.1263108,5.9380722,5.9665932,21121251,223654377.28,,
2017-11-28,60,5.9551848,6.0920856,5.9209596,6.0692688,17461953,184752182.68,,
2017-11-29,60,6.074973,6.331662,6.074973,6.2575074,56229938,614653453.84,,
2017-11-30,60,6.2061696,6.3145494,6.1377192,6.1776486,21425054,232918756.19,,
2017-12-01,60,6.1776486,6.246099,6.1206066,6.2289864,19444563,210730584.59,,
2017-12-04,60,6.3202536,6.4058166,6.1776486,6.1947612,31162534,344228364.38,,
2017-12-05,60,6.132015,6.1662402,5.903847,5.960889,31045381,328261042.87,,
2017-12-06,60,5.875326,5.9722974,5.8125798,5.960889,23871504,246392942.93,,
2017-12-07,60,5.9266638,6.0122268,5.9095512,5.9266638,13189598,137868996.82,,
2017-12-08,60,5.903847,5.98941,5.8639176,5.9780016,13201984,137484452.33,,
2017-12-11,60,5.960889,6.0236352,5.9209596,6.017931,17249748,180329762.42,,
2017-12-12,60,6.0350436,6.0521562,5.9209596,5.932368,17154039,179869306.24,,
2017-12-13,60,5.9152554,5.960889,5.8981428,5.9551848,9553909,99325308.8,,
2017-12-14,60,5.9665932,5.98941,5.875326,5.8981428,13652867,141792749.38,,
2017-12-15,60,5.9152554,5.9209596,5.818284,5.8696218,13907902,142892082.74,,
2017-12-18,60,5.8924386,6.0122268,5.8867344,6.0122268,20293658,211602554.32,,
2017-12-19,60,6.0236352,6.0350436,5.960889,6.0065226,14390965,151196485.98,,
2017-12-20,60,5.9951142,6.017931,5.875326,5.9095512,14666698,152663039.15,,
2017-12-21,60,5.9209596,6.0122268,5.8867344,5.9951142,16945340,177113707.72,,
2017-12-22,60,6.0008184,6.0977898,5.98941,6.0122268,15038063,159065532.49,,
2017-12-25,60,6.0521562,6.103494,5.932368,5.960889,21723204,229820283.43,,
2017-12-26,60,5.9380722,6.0293394,5.875326,6.0236352,24017423,250470013.7,,
2017-12-27,60,6.0236352,6.160536,5.98941,6.0407478,45877201,489680391.32,,
2017-12-28,60,6.0806772,6.3715914,6.0578604,6.3202536,82291091,899985289.71,,
2017-12-29,60,6.3259578,6.4058166,6.2803242,6.3715914,50369637,560485670.98,,
2018-01-02,60,6.4229292,6.4571544,6.3430704,6.4343376,40916112,458735280.78,,
2018-01-03,60,6.4913796,6.5484216,6.3829998,6.3944082,42643132,482848620.07,,
2018-01-04,60,6.3373662,6.474267,6.3088452,6.474267,50526614,564366071.12,,
2018-01-05,60,6.4514502,6.5370132,6.3829998,6.4514502,47452995,536520387.64,,
2018-01-08,60,6.3944082,6.6796182,6.3715914,6.588351,64540161,740351909.22,,
2018-01-09,60,6.6796182,6.7081392,6.5655342,6.5997594,47009000,545961039.03,,
2018-01-10,60,6.5084922,6.6339846,6.4514502,6.4685628,50894973,582006275.07,,
2018-01-11,60,6.4799712,6.5484216,6.4001124,6.531309,42900266,486399022.14,,
2018-01-12,60,6.588351,6.588351,6.4286334,6.5199006,43803276,501236178.69,,
2018-01-15,60,6.5199006,6.5484216,6.3430704,6.3944082,40997739,462292147.97,,
2018-01-16,60,6.4001124,6.4115208,6.246099,6.331662,42162822,468291113.12,,
2018-01-17,60,6.3202536,6.360183,6.2004654,6.2917326,43172294,475582590.66,,
2018-01-18,60,6.3202536,6.3944082,6.2917326,6.3259578,32423001,360317656.9,,
2018-01-19,60,6.3544788,6.4514502,6.2860284,6.4514502,41515986,463035096.49,,
2018-01-22,60,6.4514502,6.6396888,6.3944082,6.6396888,79548363,912829530.43,,
2018-01-23,60,6.6396888,6.7765896,6.5769426,6.7366602,86287816,1011956397.58,,
2018-01-24,60,6.645393,6.6682098,6.4913796,6.5484216,80881545,931042335.52,,
2018-01-25,60,6.6339846,6.7765896,6.5940552,6.7423644,99639931,1168752717.72,,
2018-01-26,60,6.645393,6.6625056,6.5769426,6.6111678,52730915,612071789.37,,
2018-01-29,60,6.8336316,6.84504,6.6910266,6.7423644,90462138,1073461918.37,,
2018-01-30,60,6.730956,6.9933492,6.702435,6.730956,105336498,1265640935.33,,
2018-01-31,60,6.588351,6.8621526,6.5427174,6.84504,77780403,912630118.15,,
2018-02-01,60,6.7651812,6.873561,6.2860284,6.4400418,82219233,952957032.99,,
2018-02-02,60,6.4514502,6.959124,6.3658872,6.8906736,99024203,1163391693.63,,
2018-02-05,60,6.730956,6.9933492,6.7252518,6.902082,96545910,1160097476.91,,
2018-02-06,60,6.702435,7.016166,6.4571544,6.5084922,117539060,1398871285.2,,
2018-02-07,60,6.673914,6.816519,6.4343376,6.4685628,84118531,982310216.95,,
2018-02-08,60,6.2803242,6.3430704,6.0236352,6.1149024,75906759,822798741.67,,
2018-02-09,60,5.903847,5.9095512,5.504553,5.504553,103616131,1024511268.82,,
2018-02-12,60,5.533074,5.6300454,5.4532152,5.6072286,39330657,383936496.56,,
2018-02-13,60,5.6642706,5.732721,5.6072286,5.6585664,37220901,369553111.44,,
2018-02-14,60,5.732721,5.7441294,5.6129328,5.6699748,30469574,302650303.66,,
2018-02-22,60,5.7270168,5.8525092,5.6984958,5.789763,46618168,471952507.55,,
2018-02-23,60,5.7954672,5.846805,5.7156084,5.818284,38270158,387926027.87,,
2018-02-26,60,5.8353966,5.9209596,5.7726504,5.8867344,45817031,470196120.87,,
2018-02-27,60,5.9095512,5.9209596,5.7726504,5.8125798,38192495,390290799.91,,
2018-02-28,60,5.7498336,5.8924386,5.6927916,5.8068756,31457334,319218574.48,,
2018-03-01,60,5.7498336,5.8239882,5.7213126,5.7840588,27590711,279255909.3,,
2018-03-02,60,5.732721,5.7783546,5.6927916,5.7270168,28043760,281843846.51,,
2018-03-05,60,5.732721,5.7555378,5.6300454,5.6585664,28937595,289065606.53,,
2018-03-06,60,5.6585664,5.8068756,5.5787076,5.7783546,61349929,611306845.85,,
2018-03-07,60,5.761242,5.7669462,5.647158,5.6642706,36462959,364811549.1,,
2018-03-08,60,5.6414538,5.7441294,5.6300454,5.6870874,22693068,226551901.64,,
2018-03-09,60,5.6699748,5.7270168,5.647158,5.7099042,29698485,295693210.89,,
2018-03-12,60,5.7441294,5.8011714,5.7270168,5.789763,57432897,581113600.83,,
2018-03-13,60,5.7669462,5.7783546,5.7156084,5.7384252,30049978,302579479.87,,
2018-03-14,60,5.7384252,5.8353966,5.7384252,5.761242,41769828,424125652.06,,
2018-03-15,60,5.7213126,5.7270168,5.647158,5.6813832,29381634,292527511.56,,
2018-03-16,60,5.6813832,5.6927916,5.647158,5.647158,18045782,179180555.0,,
2018-03-19,60,5.618637,5.6414538,5.5730034,5.6129328,18754680,184318530.45,,
2018-03-20,60,5.5844118,5.6072286,5.5444824,5.5958202,18387534,179634374.65,,
2018-03-21,60,5.5844118,5.6585664,5.5558908,5.5787076,20925204,205862920.58,,
2018-03-22,60,5.6357496,5.6585664,5.5787076,5.5958202,20148190,198266477.81,,
2018-03-23,60,5.4132858,5.4132858,5.0368086,5.1794136,70229611,643894331.04,,
2018-03-26,60,5.0710338,5.2136388,5.0139918,5.2022304,25077140,224944705.84,,
2018-03-27,60,5.2934976,5.333427,5.247864,5.3106102,25498192,236434927.56,,
2018-03-28,60,5.247864,5.2649766,5.2250472,5.2421598,19302986,177370005.74,,
2018-03-29,60,5.247864,5.3562438,5.2421598,5.3277228,22425655,208719070.83,,
2018-03-30,60,5.3277228,5.3676522,5.3106102,5.3448354,18160241,169954665.28,,
2018-04-02,60,5.3505396,5.4589194,5.3448354,5.3676522,18526479,175304685.69,,
2018-04-03,60,5.447511,5.5672992,5.4246942,5.4646236,38107068,367833229.05,,
2018-04-04,60,5.447511,5.4988488,5.390469,5.3961732,18664403,178025959.17,,
2018-04-09,60,5.3847648,5.4646236,5.3562438,5.4075816,15410875,146261152.09,,
2018-04-10,60,5.4646236,5.5102572,5.4361026,5.504553,23719523,227753158.46,,
2018-04-11,60,5.561595,5.5730034,5.4874404,5.504553,19876851,192243759.27,,
2018-04-12,60,5.476032,5.5102572,5.4075816,5.4303984,19315499,184430843.57,,
2018-04-13,60,5.41899,5.4532152,5.3847648,5.390469,12423994,117917977.05,,
2018-04-16,60,5.390469,5.4075816,5.304906,5.3790606,13852273,130080897.26,,
2018-04-17,60,5.3676522,5.4532152,5.2934976,5.304906,15531179,145993574.92,,
2018-04-18,60,5.3505396,5.3790606,5.2706808,5.3562438,14467755,135121908.67,,
2018-04-19,60,5.476032,5.5444824,5.447511,5.5273698,36663264,354088561.3,,
2018-04-20,60,5.476032,5.4874404,5.3562438,5.3790606,23654087,224448207.22,,
2018-04-23,60,5.361948,5.4018774,5.333427,5.390469,12574245,118307645.19,,
2018-04-24,60,5.3562438,5.4703278,5.333427,5.4646236,19478572,185560238.66,,
2018-04-25,60,5.41899,5.4646236,5.41899,5.4589194,10746046,102582335.02,,
2018-04-26,60,5.4246942,5.447511,5.3163144,5.3277228,15445005,145490242.53,,
2018-04-27,60,5.3505396,5.4018774,5.3277228,5.390469,11422366,107566666.97,,
2018-05-02,60,5.3961732,5.4303984,5.3391312,5.390469,10924980,102978373.79,,
2018-05-03,60,5.3790606,5.3790606,5.2364556,5.3391312,17848984,165768279.58,,
2018-05-04,60,5.3106102,5.333427,5.2649766,5.2820892,10897932,101188890.61,,
2018-05-07,60,5.3106102,5.3733564,5.2934976,5.3562438,12290971,115048899.76,,
2018-05-08,60,5.3676522,5.4361026,5.3391312,5.4132858,15752068,149030843.32,,
2018-05-09,60,5.4246942,5.4988488,5.4246942,5.4703278,18752651,179593012.45,,
2018-05-10,60,5.4646236,5.504553,5.447511,5.4988488,17464843,167748547.02,,
2018-05-11,60,5.5102572,5.5444824,5.4817362,5.4988488,18127709,175292962.1,,
2018-05-14,60,5.5102572,5.533074,5.4817362,5.5159614,15651968,151090361.19,,
2018-05-15,60,5.533074,5.5387782,5.4646236,5.5159614,17772259,171472408.85,,
2018-05-16,60,5.49838962,5.50717299,5.42812266,5.42812266,23754897,147888973.4,,
2018-05-17,60,5.41933929,5.46325614,5.41055592,5.41933929,13897344,85960648.14,,
2018-05-18,60,5.42812266,5.49838962,5.41055592,5.48960625,18185576,112954452.46,,
2018-05-21,60,5.5335231,5.55987321,5.49838962,5.52473973,23714493,149106839.76,,
2018-05-22,60,5.54230647,5.55987321,5.46325614,5.50717299,17413635,109021214.0,,
2018-05-23,60,5.50717299,5.50717299,5.27880537,5.33150559,34955262,213960728.26,,
2018-05-24,60,5.33150559,5.34907233,5.27880537,5.29637211,16464839,99532662.76,,
2018-05-25,60,5.32272222,5.33150559,5.26123863,5.32272222,16999913,102447481.47,,
2018-05-28,60,5.32272222,5.33150559,5.26123863,5.27880537,11134902,67058222.92,,
2018-05-29,60,5.270022,5.30515548,5.25245526,5.27880537,13714450,82344279.67,,
2018-05-30,60,5.21732178,5.21732178,5.01530427,5.04165438,22359524,130151761.15,,
2018-05-31,60,5.11192134,5.16462156,5.07678786,5.16462156,13374363,77961187.1,,
2018-06-01,60,5.14705482,5.27880537,5.12070471,5.19097167,17305921,102923830.07,,
2018-06-04,60,5.19097167,5.26123863,5.16462156,5.17340493,11761314,69857455.82,,
2018-06-05,60,5.1821883,5.24367189,5.17340493,5.23488852,13314439,79055498.74,,
2018-06-06,60,5.30515548,5.36663907,5.27880537,5.31393885,24202858,146820735.4,,
2018-06-07,60,5.34028896,5.34028896,5.24367189,5.24367189,14956717,90040755.67,,
2018-06-08,60,5.22610515,5.23488852,5.0943546,5.11192134,19582013,114377791.9,,
2018-06-11,60,5.12070471,5.12948808,5.05043775,5.07678786,14312113,82914786.52,,
2018-06-12,60,5.05922112,5.10313797,5.03287101,5.0943546,12685240,73286557.11,,
2018-06-13,60,5.07678786,5.07678786,4.96260405,4.97138742,14600570,83407154.84,,
2018-06-14,60,4.95382068,5.02408764,4.93625394,4.96260405,10495802,59492586.88,,
2018-06-15,60,4.94503731,4.97138742,4.78693665,4.8308535,20053343,111016502.51,,
2018-06-19,60,4.72545306,4.72545306,4.34776815,4.35655152,45204039,232087099.76,,
2018-06-20,60,4.33898478,4.41803511,4.26871782,4.38290163,23174230,114788174.12,,
2018-06-21,60,4.391685,4.46195196,4.08426705,4.11940053,40245517,196080577.44,,
2018-06-22,60,4.11061716,4.18088412,4.00521672,4.16331738,27798511,130153562.8,,
2018-06-25,60,4.20723423,4.20723423,4.10183379,4.10183379,19249009,91163283.65,,
2018-06-26,60,4.01400009,4.15453401,3.99643335,4.13696727,17264057,80344148.92,,
2018-06-27,60,4.1281839,4.20723423,4.11940053,4.14575064,19503508,92563133.27,,
2018-06-28,60,4.13696727,4.24236771,4.13696727,4.18088412,18262739,87371682.71,,
2018-06-29,60,4.18966749,4.27750119,4.18088412,4.26871782,17080427,82424858.77,,
2018-07-02,60,4.22480097,4.25993445,4.11940053,4.13696727,22329272,106417911.91,,
2018-07-03,60,4.14575064,4.22480097,4.06670031,4.20723423,16723272,79119405.25,,
2018-07-04,60,4.2160176,4.2160176,4.06670031,4.06670031,29271762,137175250.83,,
2018-07-05,60,4.0403502,4.06670031,3.82954932,3.87346617,38578539,172277967.6,,
2018-07-06,60,3.89103291,3.9525165,3.79441584,3.88224954,31094305,137562818.37,,
2018-07-09,60,3.91738302,3.98764998,3.89981628,3.97008324,21180393,95186867.63,,
2018-07-10,60,3.98764998,4.04913357,3.96129987,4.03156683,27534916,125577001.29,,
2018-07-11,60,3.90859965,3.97008324,3.7768491,3.85589943,29532030,130535994.77,,
2018-07-12,60,3.87346617,4.01400009,3.87346617,3.98764998,25345319,114284047.49,,
2018-07-13,60,3.99643335,4.05791694,3.9525165,4.03156683,23147274,105516091.62,,
2018-07-16,60,4.03156683,4.03156683,3.9525165,3.96129987,19679281,89013804.88,,
2018-07-17,60,3.97886661,3.97886661,3.89103291,3.97886661,17312523,77626635.44,,
2018-07-18,60,3.97008324,3.99643335,3.90859965,3.91738302,17832643,80238042.0,,
2018-07-19,60,4.00521672,4.02278346,3.89981628,3.92616639,20061913,90328236.29,,
2018-07-20,60,3.88224954,3.97886661,3.82076595,3.97008324,26614833,118344498.86,,
2018-07-23,60,3.93494976,4.09305042,3.91738302,4.08426705,40570405,185385325.7,,
2018-07-24,60,4.09305042,4.34776815,4.05791694,4.3038513,75287885,363445261.7,,
2018-07-25,60,4.26871782,4.32141804,4.23358434,4.28628456,43805789,213115405.27,,
2018-07-26,60,4.26871782,4.32141804,4.25115108,4.28628456,27472035,133956035.63,,
2018-07-27,60,4.28628456,4.31263467,4.23358434,4.24236771,24990890,121522844.91,,
2018-07-30,60,4.24236771,4.31263467,4.2160176,4.24236771,26403554,128175747.76,,
2018-07-31,60,4.24236771,4.26871782,4.18088412,4.24236771,13897095,66935302.82,,
2018-08-01,60,4.25993445,4.26871782,4.11061716,4.11940053,24714909,118258878.58,,
2018-08-02,60,4.10183379,4.1281839,3.89103291,4.00521672,30989205,141133119.06,,
2018-08-03,60,3.99643335,4.05791694,3.98764998,4.01400009,18034033,82599425.34,,
2018-08-06,60,4.00521672,4.02278346,3.87346617,3.91738302,19309588,86607331.24,,
2018-08-07,60,3.94373313,4.15453401,3.92616639,4.15453401,28698197,132660063.76,,
2018-08-08,60,4.17210075,4.17210075,4.07548368,4.07548368,24636363,115391647.62,,
2018-08-09,60,4.10183379,4.28628456,4.08426705,4.22480097,38904236,186770975.82,,
2018-08-10,60,4.24236771,4.24236771,4.16331738,4.22480097,18297572,87593909.06,,
2018-08-13,60,4.17210075,4.20723423,4.09305042,4.19845086,18457128,87302192.39,,
2018-08-14,60,4.16331738,4.24236771,4.15453401,4.2160176,17308279,82891358.93,,
2018-08-15,60,4.2160176,4.22480097,4.0403502,4.0403502,21724165,102023671.02,,
2018-08-16,60,3.9525165,4.11940053,3.90859965,4.08426705,22303981,102373903.68,,
2018-08-17,60,4.10183379,4.1281839,3.96129987,3.97008324,14890367,68376239.51,,
2018-08-20,60,3.98764998,4.03156683,3.92616639,4.02278346,17505374,79342831.53,,
2018-08-21,60,4.02278346,4.07548368,3.97886661,4.07548368,15506414,71466006.61,,
2018-08-22,60,4.05791694,4.07548368,4.00521672,4.01400009,12044372,55304606.14,,
2018-08-23,60,4.00521672,4.05791694,3.97008324,4.02278346,14558677,66656871.46,,
2018-08-24,60,4.02278346,4.07548368,3.98764998,4.02278346,12021171,55112247.41,,
2018-08-27,60,4.0403502,4.1281839,4.0403502,4.1281839,19073466,88853957.6,,
2018-08-28,60,4.13696727,4.25993445,4.11061716,4.2160176,37980523,181758198.56,,
2018-08-29,60,4.18088412,4.20723423,4.14575064,4.15453401,21501738,102069150.49,,
2018-08-30,60,4.17210075,4.18088412,4.04913357,4.05791694,21238870,99142715.26,,
2018-08-31,60,4.0403502,4.07548368,3.99643335,4.04913357,19070348,87575220.77,,
2018-09-03,60,4.01400009,4.01400009,3.91738302,3.99643335,27389266,123401422.98,,
2018-09-04,60,4.00521672,4.04913357,3.9525165,4.02278346,17866210,81412794.38,,
2018-09-05,60,3.99643335,4.00521672,3.92616639,3.92616639,17338741,78271779.52,,
2018-09-06,60,3.92616639,3.97886661,3.90859965,3.92616639,10818091,48560055.83,,
2018-09-07,60,3.93494976,3.98764998,3.90859965,3.92616639,11868780,53344554.37,,
2018-09-10,60,3.92616639,3.93494976,3.85589943,3.8646828,13916610,61585057.29,,
2018-09-11,60,3.8646828,3.89981628,3.82076595,3.87346617,12721438,55878456.73,,
2018-09-12,60,3.84711606,3.90859965,3.83833269,3.8646828,13004307,57321176.75,,
2018-09-13,60,3.91738302,3.93494976,3.8646828,3.93494976,13292036,59059982.17,,
2018-09-14,60,3.93494976,3.98764998,3.89981628,3.91738302,14117963,63227871.77,,
2018-09-17,60,3.89103291,3.89103291,3.7768491,3.81198258,16033735,69807811.22,,
2018-09-18,60,3.79441584,3.89981628,3.78563247,3.89981628,15457905,67660694.18,,
2018-09-19,60,3.88224954,3.97886661,3.87346617,3.9525165,23816635,106827989.7,,
2018-09-20,60,3.94373313,4.01400009,3.93494976,3.9525165,20718862,93675385.44,,
2018-09-21,60,3.97008324,4.04913357,3.93494976,4.02278346,28251006,128558883.77,,
2018-09-25,60,3.99643335,4.03156683,3.97886661,3.99643335,16484190,75100767.17,,
2018-09-26,60,4.00521672,4.04913357,3.98764998,3.99643335,18795292,85954854.7,,
2018-09-27,60,3.98764998,4.01400009,3.96129987,3.97008324,16379239,74433146.47,,
2018-09-28,60,3.97886661,4.03156683,3.9525165,4.02278346,20041302,91411131.91,,
2018-10-08,60,3.97886661,4.03156683,3.88224954,3.89981628,26737274,120774882.31,,
2018-10-09,60,3.91738302,4.08426705,3.90859965,4.02278346,34321711,156853151.39,,
2018-10-10,60,4.04913357,4.15453401,4.03156683,4.08426705,41420271,193089808.93,,
2018-10-11,60,3.94373313,3.99643335,3.75049899,3.82954932,46814254,206873807.32,,
2018-10-12,60,3.82076595,3.87346617,3.66266529,3.81198258,31439847,135571463.35,,
2018-10-15,60,3.83833269,3.83833269,3.59239833,3.64509855,27964742,118522681.81,,
2018-10-16,60,3.61874844,3.70658214,3.55726485,3.59239833,17852498,73782290.52,,
2018-10-17,60,3.62753181,3.68023203,3.53091474,3.63631518,14772230,60801429.7,,
2018-10-18,60,3.63631518,3.63631518,3.46943115,3.47821452,18250408,73656541.04,,
2018-10-19,60,3.4255143,3.59239833,3.36403071,3.59239833,23517760,92931083.57,,
2018-10-22,60,3.58361496,3.7768491,3.55726485,3.73293225,35654541,149689670.73,,
2018-10-23,60,3.70658214,3.75049899,3.61874844,3.64509855,20205977,84638838.81,,
2018-10-24,60,3.62753181,3.75049899,3.61874844,3.72414888,23090496,97181352.73,,
2018-10-25,60,3.6011817,3.70658214,3.56604822,3.69779877,20903710,86626022.12,,
2018-10-26,60,3.71536551,3.79441584,3.69779877,3.72414888,28730820,122331020.71,,
2018-10-29,60,3.72414888,3.74171562,3.63631518,3.65388192,15870435,66643098.07,,
2018-10-30,60,3.61874844,3.72414888,3.59239833,3.6890154,19744767,82319291.68,,
2018-10-31,60,3.69779877,3.81198258,3.68023203,3.75928236,31768681,135627457.6,,
2018-11-01,60,3.74171562,3.79441584,3.71536551,3.72414888,32559754,139338062.21,,
2018-11-02,60,3.7768491,3.84711606,3.74171562,3.82076595,43165039,186355851.14,,
2018-11-05,60,3.80319921,3.84711606,3.74171562,3.80319921,30834726,133150387.39,,
2018-11-06,60,3.79441584,3.87346617,3.76806573,3.87346617,34557490,150683440.99,,
2018-11-07,60,3.84711606,3.9525165,3.82076595,3.82076595,35042178,154421607.13,,
2018-11-08,60,3.84711606,3.85589943,3.75928236,3.75928236,20107413,87258980.88,,
2018-11-09,60,3.75049899,3.79441584,3.73293225,3.74171562,14407916,61734024.46,,
2018-11-12,60,3.75049899,3.82954932,3.72414888,3.82076595,17613195,75964501.0,,
2018-11-13,60,3.7768491,3.90859965,3.7768491,3.88224954,36152896,158837972.62,,
2018-11-14,60,3.88224954,3.92616639,3.83833269,3.87346617,35211506,155754117.97,,
2018-11-15,60,3.8646828,3.93494976,3.84711606,3.93494976,27576920,122267057.54,,
2018-11-16,60,3.92616639,3.97886661,3.90859965,3.93494976,32874890,147615904.74,,
2018-11-19,60,3.9525165,3.97008324,3.88224954,3.97008324,27030528,120836575.46,,
2018-11-20,60,3.94373313,3.97008324,3.8646828,3.87346617,25209684,112403351.11,,
2018-11-21,60,3.82954932,3.85589943,3.79441584,3.85589943,22277342,97041150.3,,
2018-11-22,60,3.84711606,3.85589943,3.80319921,3.82954932,13712068,59816660.8,,
2018-11-23,60,3.82076595,3.82954932,3.61874844,3.61874844,26739388,113008356.04,,
2018-11-26,60,3.62753181,3.66266529,3.60996507,3.60996507,10750508,44509447.24,,
2018-11-27,60,3.63631518,3.66266529,3.60996507,3.62753181,9868297,40910609.15,,
2018-11-28,60,3.62753181,3.66266529,3.55726485,3.65388192,12236520,50387246.31,,
2018-11-29,60,3.67144866,3.72414888,3.62753181,3.63631518,15878518,66454205.97,,
2018-11-30,60,3.63631518,3.66266529,3.6011817,3.66266529,11939855,49390021.09,,
2018-12-03,60,3.79441584,3.82076595,3.73293225,3.76806573,27992084,120269144.01,,
2018-12-04,60,3.75049899,3.7768491,3.72414888,3.75928236,16048838,68502355.77,,
2018-12-05,60,3.70658214,3.76806573,3.66266529,3.71536551,20489366,86726747.14,,
2018-12-06,60,3.6890154,3.70658214,3.62753181,3.63631518,19361148,80877843.27,,
2018-12-07,60,3.63631518,3.67144866,3.62753181,3.64509855,9985077,41416171.3,,
2018-12-10,60,3.60996507,3.63631518,3.59239833,3.60996507,15084213,62051682.83,,
2018-12-11,60,3.62753181,3.65388192,3.6011817,3.63631518,13896830,57343384.1,,
2018-12-12,60,3.64509855,3.66266529,3.62753181,3.64509855,12201276,50654956.99,,
2018-12-13,60,3.64509855,3.70658214,3.62753181,3.6890154,25536814,106825525.3,,
2018-12-14,60,3.67144866,3.68023203,3.60996507,3.60996507,29395487,121644536.82,,
2018-12-17,60,3.59239833,3.61874844,3.58361496,3.60996507,16907995,69398138.89,,
2018-12-18,60,3.58361496,3.60996507,3.55726485,3.58361496,11721870,47823357.85,,
2018-12-19,60,3.59239833,3.6011817,3.55726485,3.55726485,8628510,35135525.97,,
2018-12-20,60,3.53969811,3.56604822,3.53091474,3.55726485,11574849,46776334.83,,
2018-12-21,60,3.53969811,3.55726485,3.50456463,3.52213137,10101784,40573098.45,,
2018-12-24,60,3.50456463,3.55726485,3.49578126,3.54848148,7730842,31123373.01,,
2018-12-25,60,3.513348,3.52213137,3.4255143,3.48699789,14713446,58097054.81,,
2018-12-26,60,3.49578126,3.50456463,3.45186441,3.46064778,9463578,37403838.04,,
2018-12-27,60,3.49578126,3.52213137,3.45186441,3.46064778,19039756,75623438.35,,
2018-12-28,60,3.47821452,3.513348,3.46943115,3.47821452,11935774,47467922.3,,
2019-01-02,60,3.47821452,3.513348,3.45186441,3.45186441,7700348,30420553.48,,
2019-01-03,60,3.44308104,3.50456463,3.44308104,3.47821452,12324124,48900272.38,,
2019-01-04,60,3.44308104,3.56604822,3.44308104,3.56604822,20186638,80869958.86,,
2019-01-07,60,3.6011817,3.66266529,3.56604822,3.64509855,29258187,120360443.36,,
2019-01-08,60,3.63631518,3.63631518,3.58361496,3.59239833,13457411,55297628.62,,
2019-01-09,60,3.61874844,3.63631518,3.56604822,3.58361496,23717169,97480336.44,,
2019-01-10,60,3.58361496,3.6011817,3.55726485,3.56604822,15081117,61426593.9,,
2019-01-11,60,3.55726485,3.63631518,3.55726485,3.59239833,15999409,65521649.1,,
2019-01-14,60,3.59239833,3.63631518,3.56604822,3.57483159,16778560,68726464.06,,
2019-01-15,60,3.57483159,3.61874844,3.56604822,3.61874844,13516282,55412965.56,,
2019-01-16,60,3.61874844,3.62753181,3.56604822,3.60996507,14696250,60228667.59,,
2019-01-17,60,3.60996507,3.67144866,3.57483159,3.60996507,28902953,119232966.66,,
2019-01-18,60,3.61874844,3.73293225,3.6011817,3.70658214,50313779,211272034.37,,
2019-01-21,60,3.71536551,3.74171562,3.67144866,3.69779877,29519042,124703727.63,,
2019-01-22,60,3.69779877,3.70658214,3.60996507,3.62753181,20746083,86154125.04,,
2019-01-23,60,3.60996507,3.64509855,3.6011817,3.62753181,18447659,76043074.57,,
2019-01-24,60,3.62753181,3.64509855,3.6011817,3.61874844,13562617,55894367.38,,
2019-01-25,60,3.61874844,3.63631518,3.58361496,3.58361496,17509480,72022320.72,,
2019-01-28,60,3.61874844,3.62753181,3.55726485,3.55726485,21435605,87901443.83,,
2019-01-29,60,3.56604822,3.57483159,3.46943115,3.513348,22605334,90400121.96,,
2019-01-30,60,3.50456463,3.53969811,3.48699789,3.49578126,13262189,53079259.77,,
2019-01-31,60,3.513348,3.57483159,3.48699789,3.53969811,27396264,110397135.79,,
2019-02-01,60,3.54848148,3.61874844,3.53969811,3.61874844,23626570,96164122.03,,
2019-02-11,60,3.60996507,3.68023203,3.6011817,3.67144866,25499589,105872347.07,,
2019-02-12,60,3.65388192,3.70658214,3.65388192,3.68023203,26046860,109138907.29,,
2019-02-13,60,3.68023203,3.76806573,3.65388192,3.74171562,43343256,183446044.73,,
2019-02-14,60,3.75049899,3.81198258,3.72414888,3.7768491,39637984,170354702.14,,
2019-02-15,60,3.75928236,3.80319921,3.74171562,3.75049899,32063889,137586060.57,,
2019-02-18,60,3.79441584,3.84711606,3.76806573,3.83833269,40839012,177038994.04,,
2019-02-19,60,3.83833269,3.85589943,3.79441584,3.82076595,38618724,168065816.77,,
2019-02-20,60,3.82954932,3.91738302,3.80319921,3.84711606,47061984,206903314.66,,
2019-02-21,60,3.83833269,3.89981628,3.81198258,3.82954932,45080574,197909409.84,,
2019-02-22,60,3.81198258,3.88224954,3.76806573,3.87346617,42321185,184050380.56,,
2019-02-25,60,3.91738302,4.25993445,3.91738302,4.25993445,137019437,646968722.73,,
2019-02-26,60,4.33898478,4.4795187,4.22480097,4.35655152,167803917,833999987.42,,
2019-02-27,60,4.26871782,4.391685,4.2160176,4.27750119,90465518,444143705.16,,
2019-02-28,60,4.31263467,4.391685,4.20723423,4.25993445,60664901,296304772.99,,
2019-03-01,60,4.29506793,4.31263467,4.18966749,4.3038513,52062238,251979818.97,,
2019-03-04,60,4.37411826,4.48830207,4.33020141,4.42681848,118105893,592916730.74,,
2019-03-05,60,4.37411826,4.47073533,4.33898478,4.47073533,80515174,402685157.0,,
2019-03-06,60,4.4795187,4.6551861,4.45316859,4.55856903,105056919,543331476.32,,
2019-03-07,60,4.48830207,4.89233709,4.48830207,4.72545306,140546447,751203685.86,,
2019-03-08,60,4.58491914,4.66396947,4.37411826,4.37411826,127012678,654344848.88,,
2019-03-11,60,4.38290163,4.52343555,4.38290163,4.51465218,64921618,330168302.74,,
2019-03-12,60,4.55856903,4.63761936,4.45316859,4.52343555,68264961,353225033.36,,
2019-03-13,60,4.57613577,4.63761936,4.47073533,4.49708544,74443133,386211624.57,,
2019-03-14,60,4.44438522,4.55856903,4.31263467,4.36533489,57634861,289604780.41,,
2019-03-15,60,4.36533489,4.46195196,4.36533489,4.41803511,43913111,220274937.86,,
2019-03-18,60,4.44438522,4.54978566,4.43560185,4.54978566,55193745,282862872.52,,
2019-03-19,60,4.57613577,4.58491914,4.47073533,4.50586881,45975963,235873673.98,,
2019-03-20,60,4.49708544,4.51465218,4.40925174,4.48830207,44221670,224510924.61,,
2019-03-21,60,4.52343555,4.5673524,4.4795187,4.54100229,61898434,319702309.39,,
2019-03-22,60,4.52343555,4.52343555,4.43560185,4.50586881,44452437,226797636.95,,
2019-03-25,60,4.44438522,4.46195196,4.37411826,4.38290163,49808086,250605091.85,,
2019-03-26,60,4.391685,4.42681848,4.25993445,4.28628456,39588055,195252771.67,,
2019-03-27,60,4.32141804,4.33020141,4.25115108,4.29506793,28447334,138859745.24,,
2019-03-28,60,4.27750119,4.32141804,4.22480097,4.25993445,24991830,121613555.81,,
2019-03-29,60,4.26871782,4.45316859,4.24236771,4.43560185,51214478,254250824.22,,
2019-04-01,60,4.48830207,4.88355372,4.48830207,4.88355372,114210253,615794356.52,,
2019-04-02,60,5.12948808,5.37542244,4.96260405,5.25245526,345787920,2026174950.57,价格异常,10.07194244604317
2019-04-03,60,5.15583819,5.25245526,5.05043775,5.19097167,160290468,939503689.7,,
2019-04-04,60,5.3578557,5.42812266,5.07678786,5.1821883,144774113,861269117.46,,
2019-04-08,60,5.1821883,5.42812266,5.11192134,5.32272222,165905352,994809403.98,,
2019-04-09,60,5.24367189,5.24367189,5.05922112,5.12070471,94002352,548200986.37,,
2019-04-10,60,5.05922112,5.11192134,4.93625394,5.04165438,75224100,429912682.86,,
2019-04-11,60,5.03287101,5.0943546,4.84842024,4.87477035,73314096,414589139.29,,
2019-04-12,60,4.88355372,4.93625394,4.84842024,4.90990383,39214328,218368149.75,,
2019-04-15,60,5.05043775,5.06800449,4.8308535,4.83963687,62628735,353379892.51,,
2019-04-16,60,4.76058654,5.04165438,4.73423643,5.0065209,90862534,512256317.78,,
2019-04-17,60,4.92747057,5.01530427,4.89233709,4.94503731,57340048,323437619.27,,
2019-04-18,60,4.93625394,5.01530427,4.86598698,4.87477035,44970018,252467348.6,,
2019-04-19,60,4.87477035,4.94503731,4.79572002,4.93625394,46091376,255251848.95,,
2019-04-22,60,4.96260405,4.98895416,4.84842024,4.86598698,44229780,247840415.33,,
2019-04-23,60,4.83963687,4.86598698,4.73423643,4.76058654,53811846,293304766.48,,
2019-04-24,60,4.78693665,4.80450339,4.70788632,4.78693665,33561765,182075079.31,,
2019-04-25,60,4.77815328,4.79572002,4.51465218,4.52343555,57237736,302884026.6,,
2019-04-26,60,4.51465218,4.5673524,4.43560185,4.47073533,55958422,286254914.73,,
2019-04-29,60,4.45316859,4.4795187,4.32141804,4.34776815,46065877,230661221.29,,
2019-04-30,60,4.35655152,4.46195196,4.34776815,4.46195196,43088081,216402147.72,,
2019-05-06,60,4.28628456,4.34776815,4.02278346,4.05791694,67146638,318180294.3,,
2019-05-07,60,4.09305042,4.11940053,3.98764998,4.06670031,48369135,223234685.25,,
2019-05-08,60,3.97886661,4.06670031,3.90859965,4.01400009,38809785,177260022.01,,
2019-05-09,60,3.96129987,4.08426705,3.94373313,4.03156683,31769995,145614053.04,,
2019-05-10,60,4.04913357,4.16331738,3.96129987,4.16331738,46174526,215434126.76,,
2019-05-13,60,4.09305042,4.10183379,4.03156683,4.08426705,28866880,133878904.8,,
2019-05-14,60,4.01400009,4.08426705,4.00521672,4.02278346,24471621,112850540.81,,
2019-05-15,60,4.05791694,4.1281839,4.04913357,4.10183379,26322848,122622766.44,,
2019-05-16,60,4.12864452,4.31631018,4.10183514,4.23588204,66594745,315743453.25,,
2019-05-17,60,4.22694558,4.22694558,4.021407,4.0660893,43440347,200468944.93,,
2019-05-20,60,4.0660893,4.12864452,3.94991532,4.10183514,29308653,132103051.42,,
2019-05-21,60,4.08396222,4.29843726,4.05715284,4.26269142,51689464,243692922.25,,
2019-05-22,60,4.2448185,4.27162788,4.14651744,4.17332682,30980465,145535912.62,,
2019-05-23,60,4.1554539,4.21800912,4.08396222,4.1107716,24018696,111482574.84,,
2019-05-24,60,4.07502576,4.21800912,4.07502576,4.12864452,24394193,113139896.98,,
2019-05-27,60,4.13758098,4.26269142,4.1107716,4.25375496,32619879,153718334.52,,
2019-05-28,60,4.25375496,4.27162788,4.2001362,4.23588204,27543186,130706115.95,,
2019-05-29,60,4.2895008,4.32524664,4.2448185,4.26269142,32371543,155334372.0,,
2019-05-30,60,4.22694558,4.44142062,4.20907266,4.41461124,64919025,315330990.43,,
2019-05-31,60,4.52184876,4.53972168,4.32524664,4.32524664,53771710,265589980.54,,
2019-06-03,60,4.31631018,4.36099248,4.21800912,4.22694558,29548832,141450334.16,,
2019-06-04,60,4.20907266,4.2895008,4.17332682,4.20907266,24415234,115333110.48,,
2019-06-05,60,4.25375496,4.29843726,4.20907266,4.21800912,19296685,91827489.93,,
2019-06-06,60,4.2001362,4.28056434,4.12864452,4.1554539,24180533,113887106.99,,
2019-06-10,60,4.16439036,4.26269142,4.13758098,4.23588204,27301920,128738382.74,,
2019-06-11,60,4.23588204,4.3788654,4.20907266,4.36099248,50837550,245446453.95,,
2019-06-12,60,4.2895008,4.4235477,4.2448185,4.31631018,65340316,316963684.71,,
2019-06-13,60,4.2895008,4.31631018,4.2448185,4.28056434,35242069,168859717.74,,
2019-06-14,60,4.27162788,4.3341831,4.19119974,4.21800912,39038592,186329204.7,,
2019-06-17,60,4.2001362,4.29843726,4.16439036,4.23588204,22578825,107265359.05,,
2019-06-18,60,4.22694558,4.23588204,4.10183514,4.12864452,29471583,137034361.43,,
2019-06-19,60,4.20907266,4.23588204,4.1554539,4.16439036,26938692,126464618.27,,
2019-06-20,60,4.18226328,4.2895008,4.1554539,4.26269142,36872573,174704981.6,,
2019-06-21,60,4.27162788,4.36992894,4.25375496,4.30737372,45253867,218714740.44,,
2019-06-24,60,4.35205602,4.35205602,4.28056434,4.29843726,22971006,110897948.3,,
2019-06-25,60,4.3341831,4.41461124,4.27162788,4.3341831,53859112,261213165.22,,
2019-06-26,60,4.28056434,4.30737372,4.25375496,4.26269142,24548806,117415605.52,,
2019-06-27,60,4.26269142,4.29843726,4.2448185,4.26269142,25647480,122528511.79,,
2019-06-28,60,4.26269142,4.27162788,4.14651744,4.19119974,25782061,120752911.69,,
2019-07-01,60,4.2448185,4.26269142,4.21800912,4.26269142,32671091,155252676.67,,
2019-07-02,60,4.26269142,4.26269142,4.20907266,4.21800912,21023452,99526197.63,,
2019-07-03,60,4.2448185,4.25375496,4.14651744,4.16439036,22158319,103719063.81,,
2019-07-04,60,4.16439036,4.18226328,4.03034346,4.03927992,50009404,228730921.32,,
2019-07-05,60,4.03034346,4.0660893,3.98566116,4.05715284,22718040,102400399.29,,
2019-07-08,60,4.03927992,4.05715284,3.86948718,3.90523302,36274388,159915171.47,,
2019-07-09,60,3.91416948,3.94097886,3.86948718,3.91416948,15535658,67819201.06,,
2019-07-10,60,3.9320424,3.94097886,3.8873601,3.9320424,11899804,52138392.35,,
2019-07-11,60,3.96778824,4.01247054,3.92310594,3.94991532,15150820,67369203.01,,
2019-07-12,60,3.94097886,3.9767247,3.9320424,3.95885178,8429576,37352287.21,,
2019-07-15,60,3.95885178,4.03034346,3.89629656,3.99459762,19064553,84782540.84,,
2019-07-16,60,4.00353408,4.04821638,3.95885178,4.00353408,11017600,49400048.5,,
2019-07-17,60,4.00353408,4.021407,3.9767247,3.99459762,11432854,51181779.03,,
2019-07-18,60,4.01247054,4.03927992,3.94097886,3.95885178,21811611,97370228.67,,
2019-07-19,60,3.99459762,4.03927992,3.98566116,4.03034346,38533652,173358290.53,,
2019-07-22,60,3.99459762,4.00353408,3.87842364,3.8873601,29679588,130249885.16,,
2019-07-23,60,3.89629656,3.91416948,3.87842364,3.90523302,14560245,63495385.62,,
2019-07-24,60,3.92310594,3.94991532,3.90523302,3.92310594,15942646,70141406.03,,
2019-07-25,60,3.92310594,3.9320424,3.8873601,3.89629656,12933165,56462292.56,,
2019-07-26,60,3.89629656,3.90523302,3.86055072,3.87842364,15785100,68529304.34,,
2019-07-29,60,3.86948718,3.89629656,3.86055072,3.8873601,14829800,64290311.31,,
2019-07-30,60,3.8873601,3.94097886,3.86948718,3.9320424,15978226,70092414.23,,
2019-07-31,60,3.91416948,3.92310594,3.86948718,3.8873601,14552965,63301600.8,,
2019-08-01,60,3.86948718,3.8873601,3.78905904,3.81586842,21312231,91363986.01,,
2019-08-02,60,3.7533132,3.77118612,3.73544028,3.76224966,17751742,74646013.36,,
2019-08-05,60,3.7533132,3.78905904,3.72650382,3.72650382,16824856,70838994.19,,
2019-08-06,60,3.69075798,3.69969444,3.56564754,3.6192663,29310059,119056989.68,,
2019-08-07,60,3.64607568,3.77118612,3.63713922,3.74437674,32677766,135643830.04,,
2019-08-08,60,3.7979955,3.80693196,3.69075798,3.72650382,21196286,88651082.39,,
2019-08-09,60,3.74437674,3.7533132,3.64607568,3.65501214,16387859,67850927.1,,
2019-08-12,60,3.64607568,3.69075798,3.61032984,3.69075798,13717042,55942070.82,,
2019-08-13,60,3.67288506,3.74437674,3.64607568,3.72650382,20614491,85428445.76,,
2019-08-14,60,3.7533132,3.7533132,3.69969444,3.71756736,18314929,76313536.4,,
2019-08-15,60,3.62820276,3.69969444,3.62820276,3.69075798,15199347,62192807.21,,
2019-08-16,60,3.69075798,3.7086309,3.65501214,3.6639486,18305471,75332318.89,,
2019-08-19,60,3.7086309,3.7979955,3.69969444,3.78905904,31845521,133723012.4,,
2019-08-20,60,3.78012258,3.94097886,3.76224966,3.82480488,42154981,181876053.15,,
2019-08-21,60,3.81586842,3.82480488,3.7533132,3.78012258,25646750,108592898.55,,
2019-08-22,60,3.78012258,3.78905904,3.73544028,3.76224966,15906178,66802027.55,,
2019-08-23,60,3.76224966,3.78012258,3.73544028,3.7533132,14819754,62286083.65,,
2019-08-26,60,3.69969444,3.74437674,3.68182152,3.7086309,17734776,73523962.8,,
2019-08-27,60,3.71756736,3.78012258,3.7086309,3.74437674,22289496,93682123.16,,
2019-08-28,60,3.7533132,3.76224966,3.69969444,3.71756736,18474036,77072559.51,,
2019-08-29,60,3.72650382,3.73544028,3.69075798,3.69969444,15999656,66296074.9,,
2019-08-30,60,3.71756736,3.72650382,3.65501214,3.6639486,17119483,70589134.17,,
2019-09-02,60,3.69075798,3.78012258,3.69075798,3.76224966,30455741,127292770.59,,
2019-09-03,60,3.76224966,3.78905904,3.72650382,3.74437674,21718214,91189064.72,,
2019-09-04,60,3.78012258,3.86055072,3.76224966,3.83374134,45064191,191786030.3,,
2019-09-05,60,3.89629656,3.91416948,3.8426778,3.86055072,54903911,238489265.43,,
2019-09-06,60,3.86948718,3.87842364,3.81586842,3.8426778,24763976,106474326.86,,
2019-09-09,60,3.86055072,3.90523302,3.81586842,3.89629656,37423098,161639813.85,,
2019-09-10,60,3.8873601,3.91416948,3.86055072,3.87842364,27904496,121201608.85,,
2019-09-11,60,3.8873601,3.96778824,3.86055072,3.89629656,40445705,176868590.11,,
2019-09-12,60,3.90523302,3.91416948,3.8426778,3.8873601,24491700,106223110.96,,
2019-09-16,60,3.90523302,3.94097886,3.86948718,3.8873601,29389158,128453845.68,,
2019-09-17,60,3.86948718,3.86948718,3.78012258,3.78012258,31180811,133244519.97,,
2019-09-18,60,3.7979955,3.7979955,3.7533132,3.76224966,15358845,64947502.17,,
2019-09-19,60,3.76224966,3.78905904,3.73544028,3.77118612,21730524,91528780.17,,
2019-09-20,60,3.78012258,3.7979955,3.76224966,3.78012258,23303629,98597443.03,,
2019-09-23,60,3.76224966,3.77118612,3.69075798,3.72650382,21354737,88856337.17,,
2019-09-24,60,3.72650382,3.7533132,3.69969444,3.71756736,14263575,59464132.42,,
2019-09-25,60,3.69075798,3.69969444,3.65501214,3.6639486,20258486,83303301.91,,
2019-09-26,60,3.6639486,3.68182152,3.61032984,3.61032984,24766175,100802984.2,,
2019-09-27,60,3.61032984,3.65501214,3.60139338,3.63713922,14399200,58613554.94,,
2019-09-30,60,3.65501214,3.65501214,3.61032984,3.61032984,12669867,51388326.68,,
2019-10-08,60,3.61032984,3.64607568,3.61032984,3.62820276,12132497,49266871.0,,
2019-10-09,60,3.6192663,3.65501214,3.60139338,3.65501214,10729983,43630735.18,,
2019-10-10,60,3.6639486,3.69969444,3.64607568,3.68182152,13404649,55104622.16,,
2019-10-11,60,3.69969444,3.7086309,3.65501214,3.69075798,12621384,52018627.58,,
2019-10-14,60,3.71756736,3.74437674,3.69969444,3.71756736,16708263,69650469.69,,
2019-10-15,60,3.7086309,3.71756736,3.68182152,3.69075798,11180040,46269062.75,,
2019-10-16,60,3.69969444,3.7086309,3.6639486,3.67288506,11095905,45830758.55,,
2019-10-17,60,3.6639486,3.7086309,3.65501214,3.69075798,10837084,44580495.3,,
2019-10-18,60,3.68182152,3.69075798,3.6192663,3.62820276,16215762,66259758.05,,
2019-10-21,60,3.62820276,3.63713922,3.60139338,3.62820276,13893125,56194235.53,,
2019-10-22,60,3.63713922,3.64607568,3.61032984,3.63713922,11174875,45351532.33,,
2019-10-23,60,3.63713922,3.64607568,3.61032984,3.6192663,6164300,24999238.0,,
2019-10-24,60,3.6192663,3.65501214,3.60139338,3.64607568,10887655,44207700.3,,
2019-10-25,60,3.64607568,3.65501214,3.61032984,3.64607568,10853668,44146330.74,,
2019-10-28,60,3.65501214,3.68182152,3.63713922,3.68182152,18591218,76165886.93,,
2019-10-29,60,3.69075798,3.69075798,3.63713922,3.63713922,12821203,52518021.48,,
2019-10-30,60,3.62820276,3.63713922,3.60139338,3.60139338,13334140,53904888.2,,
2019-10-31,60,3.60139338,3.6192663,3.58352046,3.59245692,10039073,40475304.93,,
2019-11-01,60,3.58352046,3.6192663,3.574584,3.6192663,10294582,41547352.53,,
2019-11-04,60,3.62820276,3.65501214,3.6192663,3.6192663,11431242,46498176.3,,
2019-11-05,60,3.6192663,3.6639486,3.60139338,3.63713922,14300400,58186345.02,,
2019-11-06,60,3.63713922,3.65501214,3.60139338,3.60139338,14571400,59206253.31,,
2019-11-07,60,3.61032984,3.62820276,3.59245692,3.60139338,12241486,49399058.01,,
2019-11-08,60,3.6192663,3.62820276,3.60139338,3.60139338,8273035,33478789.69,,
2019-11-11,60,3.58352046,3.58352046,3.51202878,3.51202878,20754397,82280901.03,,
2019-11-12,60,3.51202878,3.5299017,3.44947356,3.49415586,13429638,52444305.52,,
2019-11-13,60,3.4852194,3.49415586,3.44947356,3.45841002,10051284,39022260.58,,
2019-11-14,60,3.46734648,3.4852194,3.44947356,3.47628294,11239327,43613673.72,,
2019-11-15,60,3.4852194,3.50309232,3.44947356,3.44947356,7885892,30690473.18,,
2019-11-18,60,3.43160064,3.50309232,3.43160064,3.47628294,9168654,35590127.3,,
2019-11-19,60,3.4852194,3.52096524,3.47628294,3.52096524,9825163,38517347.49,,
2019-11-20,60,3.52096524,3.52096524,3.4852194,3.49415586,8687660,34043475.87,,
2019-11-21,60,3.4852194,3.50309232,3.46734648,3.4852194,6269943,24444461.56,,
2019-11-22,60,3.50309232,3.55671108,3.47628294,3.51202878,13162241,51694085.49,,
2019-11-25,60,3.49415586,3.62820276,3.49415586,3.61032984,24794362,99481493.35,,
2019-11-26,60,3.60139338,3.61032984,3.56564754,3.56564754,18425504,73857423.57,,
2019-11-27,60,3.56564754,3.60139338,3.55671108,3.58352046,10360525,41472806.43,,
2019-11-28,60,3.58352046,3.59245692,3.54777462,3.55671108,9035938,36010701.86,,
2019-11-29,60,3.53883816,3.58352046,3.5299017,3.55671108,13341233,52978270.9,,
2019-12-02,60,3.53883816,3.58352046,3.53883816,3.574584,10448561,41710539.14,,
2019-12-03,60,3.56564754,3.58352046,3.54777462,3.574584,9438484,37667570.82,,
2019-12-04,60,3.55671108,3.60139338,3.55671108,3.59245692,13537028,54282896.37,,
2019-12-05,60,3.59245692,3.6192663,3.58352046,3.61032984,12697737,51186546.01,,
2019-12-06,60,3.6192663,3.64607568,3.60139338,3.64607568,15863731,64299158.31,,
2019-12-09,60,3.65501214,3.68182152,3.62820276,3.67288506,17792535,72780425.3,,
2019-12-10,60,3.65501214,3.71756736,3.65501214,3.69075798,18734872,77354210.5,,
2019-12-11,60,3.69075798,3.69075798,3.64607568,3.65501214,11251596,46151137.55,,
2019-12-12,60,3.64607568,3.67288506,3.62820276,3.63713922,8892327,36387674.74,,
2019-12-13,60,3.6639486,3.69075798,3.64607568,3.67288506,15011376,61572260.12,,
2019-12-16,60,3.69075798,3.71756736,3.6639486,3.7086309,24206887,99990311.21,,
2019-12-17,60,3.72650382,3.77118612,3.71756736,3.7533132,28652799,120252371.41,,
2019-12-18,60,3.76224966,3.77118612,3.72650382,3.73544028,16702302,70018209.43,,
2019-12-19,60,3.72650382,3.74437674,3.71756736,3.74437674,13779814,57512913.81,,
2019-12-20,60,3.73544028,3.76224966,3.69075798,3.7086309,15744135,65655706.43,,
2019-12-23,60,3.7086309,3.71756736,3.6192663,3.6192663,16455381,67466283.36,,
2019-12-24,60,3.63713922,3.77118612,3.6192663,3.77118612,37208510,154807718.86,,
2019-12-25,60,3.74437674,3.76224966,3.67288506,3.7086309,26391352,109852854.38,,
2019-12-26,60,3.69969444,3.7533132,3.69075798,3.73544028,17810043,74260954.98,,
2019-12-27,60,3.73544028,3.95885178,3.73544028,3.7979955,81697394,351920775.72,,
2019-12-30,60,3.7979955,3.90523302,3.78905904,3.87842364,53334912,229837108.11,,
2019-12-31,60,3.86948718,3.8873601,3.7979955,3.8426778,35324177,151669544.58,,
2020-01-02,60,3.89629656,3.9320424,3.86948718,3.8873601,43978647,191625943.27,,
2020-01-03,60,3.8873601,3.91416948,3.86055072,3.8873601,33185054,144239237.24,,
2020-01-06,60,3.86055072,3.95885178,3.86055072,3.94097886,52980660,232703675.32,,
2020-01-07,60,3.9320424,3.9767247,3.90523302,3.9320424,32447477,142772186.6,,
2020-01-08,60,3.9320424,3.96778824,3.85161426,3.85161426,41733951,181970787.86,,
2020-01-09,60,3.8873601,3.91416948,3.85161426,3.89629656,30185994,131225271.42,,
2020-01-10,60,3.8873601,3.91416948,3.82480488,3.86055072,24775024,107261659.06,,
2020-01-13,60,3.8426778,3.8873601,3.80693196,3.87842364,22651539,97464403.22,,
2020-01-14,60,3.87842364,3.94991532,3.86055072,3.90523302,36087499,158432676.51,,
2020-01-15,60,3.90523302,3.9320424,3.83374134,3.8426778,21654627,93525511.37,,
2020-01-16,60,3.85161426,3.8873601,3.82480488,3.8426778,19299341,83231659.4,,
2020-01-17,60,3.8426778,3.8873601,3.83374134,3.85161426,17159148,73965012.53,,
2020-01-20,60,3.86055072,3.86055072,3.82480488,3.86055072,16764811,72142265.54,,
2020-01-21,60,3.86055072,3.86055072,3.78012258,3.78012258,23593670,100562476.03,,
2020-01-22,60,3.77118612,3.80693196,3.71756736,3.77118612,18934978,79587790.08,,
2020-01-23,60,3.7533132,3.7533132,3.60139338,3.62820276,35922695,147655817.66,,
2020-02-03,60,3.2618079,3.27968082,3.2618079,3.2618079,32347526,118092718.9,价格异常,-12.619047619047619
2020-02-04,60,3.10095162,3.3064902,3.09201516,3.24393498,40943024,148360638.24,,
2020-02-05,60,3.2618079,3.34223604,3.2171256,3.27074436,34323728,126461967.58,,
2020-02-06,60,3.27074436,3.33329958,3.24393498,3.32436312,26358034,97142909.79,,
2020-02-07,60,3.29755374,3.31542666,3.2618079,3.3064902,21396704,78738944.08,,
2020-02-10,60,3.28861728,3.36904542,3.27074436,3.36010896,29195519,108996400.95,,
2020-02-11,60,3.36010896,3.44947356,3.33329958,3.36904542,30286270,114827003.67,,
2020-02-12,60,3.36010896,3.45841002,3.3511725,3.44947356,28783921,110070589.73,,
2020-02-13,60,3.51202878,3.52096524,3.41372772,3.42266418,33503809,129909361.6,,
2020-02-14,60,3.42266418,3.574584,3.40479126,3.49415586,40347664,157738524.38,,
2020-02-17,60,3.46734648,3.54777462,3.45841002,3.54777462,32249225,126538000.62,,
2020-02-18,60,3.53883816,3.54777462,3.50309232,3.5299017,30593523,120628140.4,,
2020-02-19,60,3.53883816,3.54777462,3.50309232,3.52096524,29228996,115111084.32,,
2020-02-20,60,3.52096524,3.56564754,3.4852194,3.55671108,39138773,154457118.12,,
2020-02-21,60,3.53883816,3.60139338,3.53883816,3.574584,36632429,146631460.92,,
2020-02-24,60,3.59245692,3.61032984,3.51202878,3.54777462,35850523,142382578.05,,
2020-02-25,60,3.46734648,3.49415586,3.37798188,3.45841002,48929767,188347566.52,,
2020-02-26,60,3.43160064,3.53883816,3.3958548,3.47628294,41178864,160414603.24,,
2020-02-27,60,3.47628294,3.50309232,3.44947356,3.45841002,25686406,99776332.24,,
2020-02-28,60,3.3958548,3.42266418,3.28861728,3.3064902,40192622,150556380.1,,
2020-03-02,60,3.3064902,3.4405371,3.3064902,3.43160064,32214862,122135563.98,,
2020-03-03,60,3.46734648,3.49415586,3.40479126,3.43160064,34840661,134791096.62,,
2020-03-04,60,3.43160064,3.46734648,3.40479126,3.46734648,31329724,120391711.45,,
2020-03-05,60,3.4852194,3.56564754,3.46734648,3.54777462,49441982,194904890.36,,
2020-03-06,60,3.50309232,3.5299017,3.47628294,3.50309232,27957703,109587327.61,,
2020-03-09,60,3.42266418,3.4405371,3.3511725,3.36904542,37076552,140910321.73,,
2020-03-10,60,3.34223604,3.4405371,3.33329958,3.43160064,34711130,132074071.54,,
2020-03-11,60,3.43160064,3.49415586,3.42266418,3.4405371,36980430,143311583.96,,
2020-03-12,60,3.3958548,3.43160064,3.36010896,3.37798188,27588394,104523068.21,,
2020-03-13,60,3.22606206,3.3958548,3.22606206,3.3958548,45474400,167695568.18,,
2020-03-16,60,3.41372772,3.41372772,3.27074436,3.29755374,29534921,110655401.39,,
2020-03-17,60,3.3064902,3.36010896,3.2171256,3.27074436,29165028,106720791.33,,
2020-03-18,60,3.27968082,3.3064902,3.19031622,3.19925268,32477516,118133751.09,,
2020-03-19,60,3.1724433,3.2171256,3.127761,3.19031622,30480942,108000993.5,,
2020-03-20,60,3.20818914,3.25287144,3.14563392,3.22606206,27024527,96465476.54,,
2020-03-23,60,3.14563392,3.1724433,3.10988808,3.11882454,22619667,79597864.57,,
2020-03-24,60,3.19031622,3.22606206,3.16350684,3.19925268,30135314,107699249.18,,
2020-03-25,60,3.2618079,3.27968082,3.22606206,3.24393498,24734242,89995896.18,,
2020-03-26,60,3.24393498,3.3064902,3.19925268,3.2171256,25880843,94012604.85,,
2020-03-27,60,3.23499852,3.2618079,3.20818914,3.22606206,15495222,56036985.34,,
2020-03-30,60,3.19925268,3.19925268,3.13669746,3.16350684,20020244,70775780.28,,
2020-03-31,60,3.19031622,3.22606206,3.16350684,3.18137976,20817812,74322240.82,,
2020-04-01,60,3.1724433,3.23499852,3.16350684,3.19925268,17413968,62319507.78,,
2020-04-02,60,3.1724433,3.23499852,3.16350684,3.23499852,20393326,73037191.31,,
2020-04-03,60,3.22606206,3.23499852,3.18137976,3.20818914,16063827,57636804.18,,
2020-04-07,60,3.25287144,3.29755374,3.24393498,3.27968082,25631920,93920252.74,,
2020-04-08,60,3.2618079,3.32436312,3.24393498,3.28861728,23863134,87505913.46,,
2020-04-09,60,3.3064902,3.31542666,3.24393498,3.24393498,22872352,83528256.07,,
2020-04-10,60,3.25287144,3.2618079,3.19925268,3.19925268,13967565,50437766.0,,
2020-04-13,60,3.19031622,3.20818914,3.1724433,3.19031622,11165974,39844936.4,,
2020-04-14,60,3.19925268,3.2618079,3.19031622,3.2618079,14684582,53162110.88,,
2020-04-15,60,3.2618079,3.28861728,3.24393498,3.2618079,22376670,81708556.47,,
2020-04-16,60,3.24393498,3.25287144,3.2171256,3.25287144,14122381,51079111.66,,
2020-04-17,60,3.2618079,3.27968082,3.22606206,3.24393498,17228212,62783622.18,,
2020-04-20,60,3.23499852,3.24393498,3.2171256,3.23499852,12135471,43857538.8,,
2020-04-21,60,3.20818914,3.2171256,3.13669746,3.16350684,22851188,80969229.51,,
2020-04-22,60,3.13669746,3.18137976,3.11882454,3.1724433,16218399,57356160.34,,
2020-04-23,60,3.18137976,3.19031622,3.16350684,3.1724433,11633195,41314783.76,,
2020-04-24,60,3.16350684,3.1724433,3.127761,3.127761,11412641,40151785.82,,
2020-04-27,60,3.13669746,3.15457038,3.11882454,3.11882454,17138451,60159212.14,,
2020-04-28,60,3.11882454,3.13669746,3.02052348,3.04733286,23905035,82095681.27,,
2020-04-29,60,3.04733286,3.0830787,3.0383964,3.06520578,12580525,43168312.75,,
2020-04-30,60,3.07414224,3.127761,3.07414224,3.11882454,22024789,76735745.79,,
2020-05-06,60,3.10095162,3.14563392,3.0830787,3.14563392,23119643,80752963.22,,
2020-05-07,60,3.14563392,3.18137976,3.11882454,3.16350684,24672449,86990025.23,,
2020-05-08,60,3.19925268,3.2618079,3.19031622,3.2171256,31681090,114397781.67,,
2020-05-11,60,3.22606206,3.27074436,3.19925268,3.22606206,30042761,108441792.84,,
2020-05-12,60,3.2171256,3.22606206,3.1724433,3.20818914,15839508,56794858.34,,
2020-05-13,60,3.19031622,3.23499852,3.18137976,3.2171256,13032848,46854158.05,,
2020-05-14,60,3.20818914,3.22606206,3.18137976,3.20818914,17596632,63034892.74,,
2020-05-15,60,3.2171256,3.22606206,3.19031622,3.19925268,11534505,41438228.07,,
2020-05-18,60,3.20818914,3.34223604,3.19925268,3.29755374,45705553,167662035.39,,
2020-05-19,60,3.32436312,3.32436312,3.24393498,3.27074436,20195436,73966468.29,,
2020-05-20,60,3.25287144,3.28861728,3.22606206,3.25287144,13054104,47497227.72,,
2020-05-21,60,3.2618079,3.27968082,3.20818914,3.2171256,16559894,60126074.01,,
2020-05-22,60,3.23535285,3.23535285,3.16244349,3.1897845,21626158,75643929.95,,
2020-05-25,60,3.17155716,3.19889817,3.16244349,3.18067083,9588210,33472608.4,,
2020-05-26,60,3.19889817,3.21712551,3.18067083,3.20801184,10689226,37572268.33,,
2020-05-27,60,3.20801184,3.21712551,3.15332982,3.16244349,13673915,47651729.05,,
2020-05-28,60,3.18067083,3.32648955,3.16244349,3.29003487,37568380,133463370.2,,
2020-05-29,60,3.27180753,3.31737588,3.23535285,3.23535285,37341972,133996483.85,,
2020-06-01,60,3.29003487,3.32648955,3.2809212,3.29003487,29942115,108536048.32,,
2020-06-02,60,3.29003487,3.30826221,3.2809212,3.29914854,18671897,67575133.45,,
2020-06-03,60,3.35383056,3.3720579,3.31737588,3.31737588,33145578,121684110.14,,
2020-06-04,60,3.32648955,3.34471689,3.29914854,3.34471689,21531087,78472846.74,,
2020-06-05,60,3.35383056,3.39939891,3.30826221,3.39028524,28385648,104592739.11,,
2020-06-08,60,3.40851258,3.49964928,3.39028524,3.48142194,43279295,164123861.68,,
2020-06-09,60,3.4631946,3.48142194,3.40851258,3.44496726,32714824,123575754.95,,
2020-06-10,60,3.45408093,3.4631946,3.39939891,3.40851258,18827619,70569827.62,,
2020-06-11,60,3.40851258,3.44496726,3.38117157,3.38117157,22392738,83789096.64,,
2020-06-12,60,3.33560322,3.44496726,3.31737588,3.41762625,28177503,104835617.21,,
2020-06-15,60,3.41762625,3.4631946,3.38117157,3.40851258,23968299,89979848.16,,
2020-06-16,60,3.41762625,3.49964928,3.39939891,3.4631946,27839642,105436216.38,,
2020-06-17,60,3.45408093,3.48142194,3.40851258,3.44496726,19323941,73011945.14,,
2020-06-18,60,3.44496726,3.54521763,3.42673992,3.47230827,27359133,104888116.39,,
2020-06-19,60,3.48142194,3.49053561,3.43585359,3.48142194,19809955,75271904.53,,
2020-06-22,60,3.49053561,3.50876295,3.44496726,3.45408093,14517107,55314333.3,,
2020-06-23,60,3.45408093,3.45408093,3.39028524,3.39939891,20996109,78671683.68,,
2020-06-24,60,3.40851258,3.42673992,3.3720579,3.40851258,14238861,53122530.77,,
2020-06-29,60,3.39939891,3.42673992,3.36294423,3.38117157,12948633,48142602.75,,
2020-06-30,60,3.39028524,3.41762625,3.38117157,3.39028524,12256731,45715256.51,,
2020-07-01,60,3.40851258,3.4631946,3.38117157,3.4631946,25868446,97407020.9,,
2020-07-02,60,3.45408093,3.58167231,3.43585359,3.56344497,45720501,176618943.15,,
2020-07-03,60,3.59989965,3.80040039,3.59078598,3.70926369,74319346,301031820.43,,
2020-07-06,60,3.76394571,4.08292416,3.75483204,4.08292416,138919985,603016960.57,,
2020-07-07,60,4.27431123,4.42924362,4.12849251,4.12849251,169460414,789319916.29,,
2020-07-08,60,4.14671985,4.49303931,4.13760618,4.4656983,163591369,780845805.76,,
2020-07-09,60,4.556835,4.62063069,4.36544793,4.54772133,152923482,751093712.67,,
2020-07-10,60,4.45658463,4.51126665,4.29253857,4.31076591,111010876,535472129.09,,
2020-07-13,60,4.36544793,4.57506234,4.31076591,4.4656983,105547990,515047303.84,,
2020-07-14,60,4.42924362,4.52949399,4.30165224,4.3745616,81020398,391491851.83,,
2020-07-15,60,4.41101628,4.43835729,4.1922882,4.24697022,65842973,309568494.78,,
2020-07-16,60,4.34722059,4.40190261,4.11937884,4.12849251,82786208,389163579.06,,
2020-07-17,60,4.17406086,4.20140187,4.04646948,4.12849251,66697239,302243142.9,,
2020-07-20,60,4.06469682,4.29253857,4.05558315,4.2834249,77904512,357666753.57,,
2020-07-21,60,4.2834249,4.30165224,4.12849251,4.16494719,50237357,230423328.37,,
2020-07-22,60,4.33810692,4.40190261,4.1922882,4.21962921,64561880,303315990.98,,
2020-07-23,60,4.1922882,4.2834249,4.07381049,4.1922882,55329625,253891862.93,,
2020-07-24,60,4.21051554,4.23785655,4.0100148,4.04646948,56952039,257677758.09,,
2020-07-27,60,4.07381049,4.25608389,4.03735581,4.17406086,68781956,314349241.5,,
2020-07-28,60,4.2834249,4.36544793,4.11937884,4.15583352,79532565,371653381.32,,
2020-07-29,60,4.14671985,4.21051554,4.04646948,4.20140187,53838006,243733909.79,,
2020-07-30,60,4.23785655,4.26519756,4.15583352,4.1922882,42151791,194596695.13,,
2020-07-31,60,4.15583352,4.31076591,4.12849251,4.26519756,68094256,317216823.5,,
2020-08-03,60,4.31076591,4.34722059,4.25608389,4.31987958,72855300,343391874.71,,
2020-08-04,60,4.31076591,4.38367527,4.24697022,4.35633426,76039914,360076271.91,,
2020-08-05,60,4.38367527,4.41101628,4.26519756,4.36544793,65403197,311323774.51,,
2020-08-06,60,4.39278894,4.57506234,4.35633426,4.52949399,127112920,622800812.64,,
2020-08-07,60,4.57506234,4.57506234,4.30165224,4.35633426,87820473,426618274.63,,
2020-08-10,60,4.27431123,4.27431123,4.20140187,4.23785655,53340624,247606364.19,,
2020-08-11,60,4.23785655,4.27431123,4.09203783,4.1011515,46649025,214788401.97,,
2020-08-12,60,4.04646948,4.09203783,3.98267379,4.05558315,41238432,182224669.93,,
2020-08-13,60,4.06469682,4.1011515,4.04646948,4.06469682,21049233,94108484.5,,
2020-08-14,60,4.07381049,4.16494719,4.06469682,4.13760618,24512267,110826774.02,,
2020-08-17,60,4.14671985,4.26519756,4.11026517,4.25608389,39063230,180102748.18,,
2020-08-18,60,4.27431123,4.31987958,4.21962921,4.26519756,36140712,169300175.72,,
2020-08-19,60,4.30165224,4.30165224,4.17406086,4.1922882,32514841,150944993.06,,
2020-08-20,60,4.18317453,4.18317453,4.09203783,4.1011515,25316585,114708323.29,,
2020-08-21,60,4.11937884,4.14671985,4.07381049,4.09203783,18522563,83586657.09,,
2020-08-24,60,4.11026517,4.14671985,4.03735581,4.11937884,20602545,92490268.46,,
2020-08-25,60,4.11937884,4.14671985,4.03735581,4.04646948,22811597,102020343.58,,
2020-08-26,60,4.04646948,4.06469682,3.94621911,3.96444645,29507787,129476124.53,,
2020-08-27,60,3.98267379,4.0100148,3.97356012,3.99178746,14865141,65086826.95,,
2020-08-28,60,4.00090113,4.06469682,3.94621911,4.06469682,19979352,87748828.23,,
2020-08-31,60,4.09203783,4.17406086,4.06469682,4.07381049,34424654,155720427.28,,
2020-09-01,60,4.08292416,4.15583352,4.06469682,4.15583352,29524021,133792640.53,,
2020-09-02,60,4.13760618,4.14671985,4.07381049,4.11937884,25064241,113127981.18,,
2020-09-03,60,4.11026517,4.1922882,4.08292416,4.1011515,28804157,130969003.64,,
2020-09-04,60,4.02824214,4.12849251,4.0100148,4.12849251,21551263,96133916.78,,
2020-09-07,60,4.13760618,4.21051554,4.07381049,4.1011515,37610350,171275147.54,,
2020-09-08,60,4.11026517,4.18317453,4.09203783,4.17406086,26190076,118939802.36,,
2020-09-09,60,4.12849251,4.16494719,4.04646948,4.06469682,31260311,141141571.77,,
2020-09-10,60,4.11937884,4.13760618,4.0100148,4.02824214,28026437,125190765.93,,
2020-09-11,60,4.02824214,4.04646948,3.96444645,3.98267379,24725895,108382201.85,,
2020-09-14,60,4.00090113,4.09203783,3.98267379,4.0100148,21379271,94399451.61,,
2020-09-15,60,4.02824214,4.02824214,3.97356012,4.01912847,15431804,67839491.13,,
2020-09-16,60,4.0100148,4.02824214,3.98267379,4.0100148,12184214,53530535.94,,
2020-09-17,60,3.99178746,4.02824214,3.94621911,3.98267379,20110115,87912210.53,,
2020-09-18,60,4.00090113,4.16494719,3.98267379,4.14671985,36863108,165029361.82,,
2020-09-21,60,4.14671985,4.21962921,4.08292416,4.1011515,31580341,143150245.56,,
2020-09-22,60,4.04646948,4.06469682,3.97356012,3.99178746,29504846,130063673.79,,
2020-09-23,60,4.02824214,4.02824214,3.90976443,3.92799177,28077893,121844863.84,,
2020-09-24,60,3.88242342,3.88242342,3.77305938,3.77305938,32801270,137015638.3,,
2020-09-25,60,3.80040039,3.81862773,3.75483204,3.79128672,14950424,62074284.34,,
2020-09-28,60,3.79128672,3.80951406,3.77305938,3.79128672,11220898,46648935.22,,
2020-09-29,60,3.80951406,3.85508241,3.79128672,3.80040039,13316894,55833780.69,,
2020-09-30,60,3.80040039,3.80951406,3.7366047,3.7366047,16037952,66379700.76,,
2020-10-09,60,3.79128672,3.86419608,3.77305938,3.84596874,19072812,80346030.97,,
2020-10-12,60,3.87330975,4.07381049,3.85508241,4.05558315,38127452,166745407.58,,
2020-10-13,60,4.05558315,4.06469682,3.99178746,4.01912847,20278792,89499258.94,,
2020-10-14,60,4.00090113,4.02824214,3.93710544,3.95533278,17564012,76673913.8,,
2020-10-15,60,3.93710544,3.98267379,3.90976443,3.93710544,16237781,70290582.87,,
2020-10-16,60,3.93710544,3.96444645,3.90976443,3.9188781,14758610,63710975.43,,
2020-10-19,60,3.93710544,4.0100148,3.89153709,3.90976443,22251010,96417408.85,,
2020-10-20,60,3.90065076,3.90976443,3.85508241,3.90976443,12290353,52461333.69,,
2020-10-21,60,3.9188781,3.93710544,3.86419608,3.88242342,14708272,62848346.1,,
2020-10-22,60,3.87330975,3.90065076,3.83685507,3.84596874,12966972,54993450.9,,
2020-10-23,60,3.87330975,3.9188781,3.83685507,3.84596874,13076710,55582636.05,,
2020-10-26,60,3.83685507,3.86419608,3.80040039,3.8277414,12418169,52131171.82,,
2020-10-27,60,3.81862773,3.85508241,3.78217305,3.80040039,15042400,62812706.6,,
2020-10-28,60,3.80040039,3.87330975,3.74571837,3.85508241,18786690,78519814.52,,
2020-10-29,60,3.80040039,3.84596874,3.77305938,3.80951406,17720580,74160034.36,,
2020-10-30,60,3.8277414,3.8277414,3.68192268,3.70015002,25058351,102918252.12,,
2020-11-02,60,3.70015002,3.75483204,3.67280901,3.70015002,21699790,88358724.43,,
2020-11-03,60,3.70926369,3.90976443,3.70926369,3.88242342,37633142,159085886.65,,
2020-11-04,60,3.87330975,3.89153709,3.79128672,3.8277414,20703367,87137407.07,,
2020-11-05,60,3.86419608,3.90976443,3.8277414,3.87330975,21836642,92787320.2,,
2020-11-06,60,3.9188781,3.95533278,3.87330975,3.90976443,31383409,134814690.06,,
2020-11-09,60,3.96444645,4.06469682,3.95533278,3.97356012,79790584,350453453.38,,
2020-11-10,60,3.99178746,4.1011515,3.97356012,4.0100148,59760798,264450109.83,,
2020-11-11,60,3.99178746,4.13760618,3.98267379,4.08292416,59862839,267757510.49,,
2020-11-12,60,4.05558315,4.1011515,4.00090113,4.04646948,41765311,185370394.57,,
2020-11-13,60,4.01912847,4.11937884,3.99178746,4.06469682,52440741,233188720.35,,
2020-11-16,60,4.07381049,4.38367527,4.06469682,4.2834249,130862045,610239469.86,,
2020-11-17,60,4.26519756,4.33810692,4.1922882,4.23785655,80627865,377840050.69,,
2020-11-18,60,4.26519756,4.48392564,4.25608389,4.42012995,120083080,579665693.09,,
2020-11-19,60,4.3745616,4.42012995,4.25608389,4.32899325,82835799,391964326.59,,
2020-11-20,60,4.33810692,4.51126665,4.2834249,4.48392564,102758551,497347561.75,,
2020-11-23,60,4.53860766,4.93049547,4.51126665,4.86669978,333605840,1771255070.17,,
2020-11-24,60,4.7391084,4.78467675,4.58417601,4.75733574,241794648,1241937223.28,,
2020-11-25,60,4.72088106,4.76644941,4.52949399,4.52949399,146332318,741264060.49,,
2020-11-26,60,4.53860766,4.54772133,4.39278894,4.49303931,102849926,503854893.21,,
2020-11-27,60,4.49303931,4.50215298,4.32899325,4.44747096,74758746,361836079.2,,
2020-11-30,60,4.48392564,4.74822207,4.4656983,4.53860766,175486515,892249746.61,,
2020-12-01,60,4.50215298,4.58417601,4.42924362,4.54772133,99778076,492192893.23,,
2020-12-02,60,4.556835,4.66619904,4.47481197,4.51126665,106333352,531758725.21,,
2020-12-03,60,4.45658463,4.4656983,4.32899325,4.35633426,91176471,437587395.62,,
2020-12-04,60,4.32899325,4.39278894,4.30165224,4.3745616,53683205,256449359.27,,
2020-12-07,60,4.3745616,4.39278894,4.22874288,4.26519756,59510299,279430468.38,,
2020-12-08,60,4.27431123,4.31076591,4.21962921,4.23785655,41477648,193519396.36,,
2020-12-09,60,4.23785655,4.34722059,4.20140187,4.21051554,51630729,241670742.3,,
2020-12-10,60,4.20140187,4.21051554,4.11026517,4.18317453,42750302,195197586.44,,
2020-12-11,60,4.27431123,4.31987958,4.09203783,4.13760618,65970146,304216659.17,,
2020-12-14,60,4.1011515,4.17406086,4.04646948,4.17406086,40999913,185298663.71,,
2020-12-15,60,4.14671985,4.14671985,4.07381049,4.13760618,26813304,120906256.24,,
2020-12-16,60,4.13760618,4.24697022,4.09203783,4.15583352,41957903,192039558.9,,
2020-12-17,60,4.14671985,4.39278894,4.11937884,4.3745616,97754179,461325425.44,,
2020-12-18,60,4.33810692,4.43835729,4.31987958,4.39278894,85545730,412123865.99,,
2020-12-21,60,4.3745616,4.47481197,4.33810692,4.4656983,83704023,406422869.06,,
2020-12-22,60,4.40190261,4.40190261,4.1922882,4.21051554,83241181,393115409.56,,
2020-12-23,60,4.20140187,4.31076591,4.16494719,4.21962921,46896190,217780996.07,,
2020-12-24,60,4.25608389,4.27431123,4.14671985,4.17406086,39293518,181546936.55,,
2020-12-25,60,4.16494719,4.44747096,4.12849251,4.43835729,84725143,404276818.07,,
2020-12-28,60,4.4656983,4.52949399,4.40190261,4.43835729,89246481,437128970.24,,
2020-12-29,60,4.45658463,4.4656983,4.24697022,4.24697022,57028555,270803572.35,,
2020-12-30,60,4.24697022,4.51126665,4.23785655,4.41101628,74767106,361439925.19,,
2020-12-31,60,4.42924362,4.48392564,4.35633426,4.39278894,63433752,307583288.78,,
2021-01-04,60,4.41101628,4.556835,4.38367527,4.52038032,89759831,442913243.09,,
2021-01-05,60,4.50215298,4.51126665,4.38367527,4.4656983,68918877,336113302.55,,
2021-01-06,60,4.51126665,4.53860766,4.34722059,4.39278894,63394597,307104180.72,,
2021-01-07,60,4.35633426,4.57506234,4.34722059,4.47481197,118453496,581411698.98,,
2021-01-08,60,4.50215298,4.50215298,4.26519756,4.39278894,93766480,447691433.02,,
2021-01-11,60,4.30165224,4.31076591,4.07381049,4.09203783,101223226,465554568.24,,
2021-01-12,60,4.04646948,4.11937884,4.02824214,4.11937884,51110446,228503869.4,,
2021-01-13,60,4.11937884,4.21051554,4.04646948,4.06469682,56291925,254441127.42,,
2021-01-14,60,4.03735581,4.05558315,3.9188781,3.96444645,43342859,189211890.58,,
2021-01-15,60,3.95533278,4.01912847,3.92799177,3.97356012,36939789,161153269.67,,
2021-01-18,60,3.96444645,4.02824214,3.9188781,4.01912847,31897515,139689194.64,,
2021-01-19,60,4.01912847,4.02824214,3.96444645,4.0100148,30549762,133858189.72,,
2021-01-20,60,4.00090113,4.03735581,3.97356012,4.03735581,30076834,132248433.96,,
2021-01-21,60,4.02824214,4.20140187,4.00090113,4.14671985,65007219,294601539.73,,
2021-01-22,60,4.1011515,4.1011515,3.96444645,3.99178746,49146445,216945268.25,,
2021-01-25,60,3.99178746,4.11026517,3.96444645,4.02824214,56705206,252322447.79,,
2021-01-26,60,4.00090113,4.06469682,3.88242342,3.92799177,45397797,196922777.35,,
2021-01-27,60,3.9188781,3.96444645,3.90065076,3.9188781,25378428,109269326.5,,
2021-01-28,60,3.86419608,3.90976443,3.8277414,3.83685507,29333000,124084491.56,,
2021-01-29,60,3.86419608,3.9188781,3.78217305,3.8277414,29539300,124810538.77,,
2021-02-01,60,3.8277414,3.92799177,3.81862773,3.90065076,27705400,118155933.49,,
2021-02-02,60,3.9188781,3.93710544,3.80951406,3.83685507,30558000,128969780.85,,
2021-02-03,60,3.83685507,3.85508241,3.71837736,3.78217305,35047838,145157067.4,,
2021-02-04,60,3.78217305,3.78217305,3.62724066,3.70015002,39302170,159324083.81,,
2021-02-05,60,3.68192268,3.75483204,3.65458167,3.67280901,23867482,96880253.38,,
2021-02-08,60,3.70015002,3.81862773,3.68192268,3.78217305,28268316,116718922.52,,
2021-02-09,60,3.77305938,3.88242342,3.76394571,3.85508241,31676464,133588558.29,,
2021-02-10,60,3.87330975,3.95533278,3.83685507,3.94621911,38164107,163007479.14,,
2021-02-18,60,4.23785655,4.33810692,4.17406086,4.33810692,161057588,759348513.71,,
2021-02-19,60,4.31076591,4.53860766,4.26519756,4.49303931,160931157,776339527.85,,
2021-02-22,60,4.63885803,4.93960914,4.63885803,4.75733574,258847060,1377218059.33,,
2021-02-23,60,4.60240335,4.86669978,4.60240335,4.69354005,184580964,962147232.85,,
2021-02-24,60,4.70265372,4.78467675,4.51126665,4.60240335,163357857,830064982.9,,
2021-02-25,60,4.7391084,4.78467675,4.4656983,4.52038032,129303233,650390891.79,,
2021-02-26,60,4.3745616,4.41101628,4.26519756,4.2834249,109044900,519039643.35,,
2021-03-01,60,4.31987958,4.3745616,4.24697022,4.35633426,91093553,431509575.23,,
2021-03-02,60,4.32899325,4.32899325,4.12849251,4.21051554,100169046,461884338.65,,
2021-03-03,60,4.24697022,4.40190261,4.23785655,4.34722059,108057657,511025845.05,,
2021-03-04,60,4.31076591,4.35633426,4.23785655,4.29253857,89370334,421305726.05,,
2021-03-05,60,4.17406086,4.26519756,4.14671985,4.24697022,63561881,293340723.52,,
2021-03-08,60,4.31076591,4.38367527,4.21962921,4.25608389,78432616,370316987.93,,
2021-03-09,60,4.24697022,4.2834249,4.06469682,4.17406086,73586275,338224214.22,,
2021-03-10,60,4.1922882,4.21962921,4.02824214,4.04646948,58637377,263977919.1,,
2021-03-11,60,4.07381049,4.31987958,4.05558315,4.31987958,98053814,453584738.1,,
2021-03-12,60,4.30165224,4.31076591,4.21962921,4.27431123,65567082,306780142.0,,
2021-03-15,60,4.29253857,4.41101628,4.25608389,4.32899325,80335252,381908191.43,,
2021-03-16,60,4.32899325,4.36544793,4.21051554,4.25608389,58699036,274625619.62,,
2021-03-17,60,4.22874288,4.24697022,4.14671985,4.23785655,39167276,180421477.6,,
2021-03-18,60,4.26519756,4.30165224,4.16494719,4.16494719,47214280,218539802.87,,
2021-03-19,60,4.1011515,4.1922882,4.07381049,4.14671985,39881857,181281938.7,,
2021-03-22,60,4.17406086,4.2834249,4.15583352,4.24697022,53161319,246882053.11,,
2021-03-23,60,4.30165224,4.31987958,4.11026517,4.13760618,52300453,239988178.76,,
2021-03-24,60,4.1011515,4.12849251,4.04646948,4.06469682,56911732,254576256.68,,
2021-03-25,60,4.05558315,4.11026517,4.01912847,4.04646948,34453499,153518670.09,,
2021-03-26,60,4.03735581,4.11026517,4.02824214,4.08292416,29423381,131701599.77,,
2021-03-29,60,4.11937884,4.12849251,4.03735581,4.06469682,37167618,165781776.58,,
2021-03-30,60,4.06469682,4.11937884,4.02824214,4.09203783,31544307,141240188.12,,
2021-03-31,60,4.09203783,4.1922882,4.08292416,4.13760618,49629477,225529055.96,,
2021-04-01,60,4.13760618,4.15583352,4.08292416,4.15583352,29895575,135140269.26,,
2021-04-02,60,4.16494719,4.21051554,4.12849251,4.18317453,33384070,152827320.05,,
2021-04-06,60,4.21051554,4.23785655,4.1922882,4.20140187,33115139,153076676.07,,
2021-04-07,60,4.20140187,4.26519756,4.16494719,4.25608389,40303659,186660510.73,,
2021-04-08,60,4.2834249,4.42924362,4.23785655,4.36544793,101288961,481607530.38,,
2021-04-09,60,4.34722059,4.38367527,4.2834249,4.32899325,61709987,293258759.82,,
2021-04-12,60,4.30165224,4.33810692,4.23785655,4.26519756,47295632,222375380.32,,
2021-04-13,60,4.25608389,4.26519756,4.18317453,4.22874288,36094141,166928729.29,,
2021-04-14,60,4.23785655,4.26519756,4.1922882,4.25608389,31767941,147584208.79,,
2021-04-15,60,4.23785655,4.35633426,4.20140187,4.34722059,50590195,237657722.92,,
2021-04-16,60,4.39278894,4.40190261,4.31076591,4.33810692,50810519,242160929.08,,
2021-04-19,60,4.31987958,4.38367527,4.25608389,4.3745616,58440736,279185054.01,,
2021-04-20,60,4.33810692,4.34722059,4.26519756,4.27431123,45271357,213855237.02,,
2021-04-21,60,4.23785655,4.25608389,4.17406086,4.20140187,35983536,166019256.38,,
2021-04-22,60,4.21962921,4.35633426,4.20140187,4.22874288,48795590,229175456.52,,
2021-04-23,60,4.22874288,4.29253857,4.17406086,4.27431123,35742394,165699134.85,,
2021-04-26,60,4.29253857,4.44747096,4.27431123,4.33810692,101491206,486498273.7,,
2021-04-27,60,4.39278894,4.44747096,4.31076591,4.3745616,72126580,346997250.61,,
2021-04-28,60,4.32899325,4.34722059,4.24697022,4.33810692,49889386,235197941.26,,
2021-04-29,60,4.35633426,4.42012995,4.27431123,4.39278894,74705175,357564668.55,,
2021-04-30,60,4.33810692,4.33810692,4.17406086,4.21962921,90650426,422856717.57,,
2021-05-06,60,4.27431123,4.45658463,4.27431123,4.43835729,128498794,621028222.37,,
2021-05-07,60,4.49303931,4.6479717,4.48392564,4.53860766,140265371,702048496.63,,
2021-05-10,60,4.69354005,4.89404079,4.62063069,4.87581345,182720141,959325531.14,,
2021-05-11,60,4.70265372,4.72999473,4.52949399,4.60240335,139099183,705408122.16,,
2021-05-12,60,4.59328968,4.68442638,4.54772133,4.62974436,87428354,443074005.26,,
2021-05-13,60,4.52949399,4.54772133,4.42924362,4.4656983,81875523,403522000.36,,
2021-05-14,60,4.4656983,4.49303931,4.38367527,4.43835729,69137082,335233544.9,,
2021-05-17,60,4.42924362,4.50215298,4.38367527,4.47481197,65058673,317256054.58,,
2021-05-18,60,4.56594867,4.7391084,4.52949399,4.68442638,122469169,623152378.03,,
2021-05-19,60,4.60240335,4.66619904,4.53860766,4.59328968,82630574,417864149.29,,
2021-05-20,60,4.4656983,4.4656983,4.33810692,4.38367527,104302087,502072000.89,,
2021-05-21,60,4.3745616,4.44747096,4.33810692,4.38367527,48955554,236092449.44,,
2021-05-24,60,4.35633426,4.42012995,4.32899325,4.35633426,49520801,237411603.86,,
2021-05-25,60,4.36544793,4.41101628,4.26519756,4.41101628,56488273,269790974.13,,
2021-05-26,60,4.39278894,4.42924362,4.34722059,4.40190261,57785726,278519846.82,,
2021-05-27,60,4.38367527,4.39278894,4.34722059,4.3745616,39567488,189679315.57,,
2021-05-28,60,4.44747096,4.47481197,4.40190261,4.41101628,62893660,306201814.0,,
2021-05-31,60,4.41101628,4.43835729,4.3745616,4.39278894,47260134,228214675.19,,
2021-06-01,60,4.36544793,4.42012995,4.32899325,4.42012995,45925435,220115921.42,,
2021-06-02,60,4.39278894,4.42012995,4.33810692,4.34722059,38439060,184365351.81,,
2021-06-03,60,4.33810692,4.42012995,4.29253857,4.35633426,48354356,231803454.45,,
2021-06-04,60,4.2834249,4.32899325,4.24697022,4.32899325,44174740,207722406.82,,
2021-06-07,60,4.34722059,4.41101628,4.32899325,4.33810692,40191638,192623304.35,,
2021-06-08,60,4.31987958,4.35633426,4.2834249,4.29253857,29598004,139978882.66,,
2021-06-09,60,4.30165224,4.3745616,4.2834249,4.35633426,31094666,148152454.47,,
2021-06-10,60,4.33810692,4.38367527,4.31987958,4.32899325,28789379,137235146.62,,
2021-06-11,60,4.32899325,4.3745616,4.30165224,4.33810692,38207737,181878473.5,,
2021-06-15,60,4.31076591,4.31987958,4.16494719,4.17406086,56015030,259068563.9,,
2021-06-16,60,4.17406086,4.20140187,4.11026517,4.12849251,29476000,134196526.46,,
2021-06-17,60,4.1011515,4.15583352,4.1011515,4.11937884,20039247,90658062.47,,
2021-06-18,60,4.0358778,4.15649024,3.99876628,4.15649024,29716306,130559840.0,,
2021-06-21,60,4.11937872,4.14721236,4.06371144,4.0822672,24482547,108274567.96,,
2021-06-22,60,4.09154508,4.18432388,4.07298932,4.14721236,25131019,111909404.65,,
2021-06-23,60,4.14721236,4.18432388,4.11010084,4.16576812,24037049,107647184.97,,
2021-06-24,60,4.16576812,4.19360176,4.13793448,4.16576812,21181413,95127976.11,,
2021-06-25,60,4.18432388,4.24926904,4.16576812,4.23071328,23918315,108683133.23,,
2021-06-28,60,4.23071328,4.23999116,4.13793448,4.14721236,24297595,109416603.65,,
2021-06-29,60,4.13793448,4.175046,4.11010084,4.1286566,17977342,80187093.95,,
2021-06-30,60,4.14721236,4.24926904,4.14721236,4.19360176,23933220,108399695.07,,
2021-07-01,60,4.2214354,4.25854692,4.09154508,4.10082296,23241296,104297109.92,,
2021-07-02,60,4.11010084,4.18432388,4.09154508,4.11010084,24575130,109789116.33,,
2021-07-05,60,4.13793448,4.23071328,4.1286566,4.21215752,31840980,144203017.56,,
2021-07-06,60,4.21215752,4.24926904,4.15649024,4.21215752,30522271,138221797.38,,
2021-07-07,60,4.19360176,4.3142142,4.175046,4.30493632,45874829,210871021.88,,
2021-07-08,60,4.32349208,4.37915936,4.25854692,4.25854692,58299786,271180512.34,,
2021-07-09,60,4.24926904,4.47193816,4.23071328,4.46266028,99274318,471625719.08,,
2021-07-12,60,4.51832756,4.57399484,4.41627088,4.42554876,84710343,408754521.86,,
2021-07-13,60,4.46266028,4.48121604,4.406993,4.43482664,51770676,247678466.83,,
2021-07-14,60,4.39771512,4.42554876,4.33276996,4.3606036,48470868,228197209.02,,
2021-07-15,60,4.42554876,4.48121604,4.3142142,4.48121604,57501087,272975235.53,,
2021-07-16,60,4.43482664,4.5925506,4.41627088,4.4997718,83375695,407188356.75,,
2021-07-19,60,4.50904968,4.56471696,4.4533824,4.47193816,59293366,288105177.31,,
2021-07-20,60,4.43482664,4.46266028,4.37915936,4.43482664,41122437,195623878.59,,
2021-07-21,60,4.43482664,4.57399484,4.42554876,4.53688332,67558425,329199997.99,,
2021-07-22,60,4.55543908,4.65749576,4.53688332,4.63894,83306243,414168786.37,,
2021-07-23,60,4.63894,5.09355612,4.63894,4.90799852,202288375,1069387847.89,,
2021-07-26,60,4.89872064,5.18633492,4.89872064,4.98222156,226960851,1228904644.68,,
2021-07-27,60,5.0564446,5.13066764,4.75955244,4.78738608,188400038,1009112377.87,,
2021-07-28,60,4.71316304,4.870887,4.58327272,4.70388516,121073289,618944242.14,,
2021-07-29,60,4.80594184,4.84305336,4.69460728,4.79666396,110776852,570923154.43,,
2021-07-30,60,4.79666396,4.89872064,4.70388516,4.85233124,112282339,582908434.54,,
2021-08-02,60,4.85233124,4.88016488,4.64821788,4.75955244,107849053,551211079.06,,
2021-08-03,60,4.71316304,4.74099668,4.4997718,4.52760544,107977633,538056550.27,,
2021-08-04,60,4.55543908,4.65749576,4.51832756,4.63894,75085574,372707386.67,,
2021-08-05,60,4.62038424,4.63894,4.53688332,4.58327272,53144625,262647228.61,,
2021-08-06,60,4.60182848,4.97294368,4.57399484,4.95438792,177549913,929245677.37,,
2021-08-09,60,4.89872064,4.99149944,4.83377548,4.94511004,119226841,633481807.45,,
2021-08-10,60,4.9636658,4.98222156,4.84305336,4.93583216,74408339,393290751.21,,
2021-08-11,60,4.93583216,5.04716672,4.88944276,4.98222156,124448637,665740620.16,,
2021-08-12,60,5.01933308,5.26055796,4.98222156,5.16777916,158196690,876890416.43,,
2021-08-13,60,5.13066764,5.2420022,5.08427824,5.17705704,106090860,590699570.17,,
2021-08-16,60,5.18633492,5.22344644,4.90799852,4.92655428,121278556,654634365.9,,
2021-08-17,60,4.9172764,5.2420022,4.9172764,4.9636658,129054841,705203244.18,,
2021-08-18,60,4.93583216,5.0564446,4.89872064,4.93583216,84414865,451690189.64,,
2021-08-19,60,4.89872064,4.94511004,4.74099668,4.90799852,81175462,423001354.21,,
2021-08-20,60,4.83377548,5.0564446,4.79666396,5.03788884,75916883,405181301.2,,
2021-08-23,60,5.00077732,5.13994552,4.98222156,5.00077732,92548912,502594554.11,,
2021-08-24,60,5.02861096,5.23272432,5.0100552,5.1956128,136041434,757614794.35,,
2021-08-25,60,5.18633492,5.4275598,5.13066764,5.37189252,159687220,917562949.39,,
2021-08-26,60,5.36261464,5.62239528,5.334781,5.41828192,237079368,1399510648.76,,
2021-08-27,60,5.36261464,5.6131174,5.36261464,5.566728,189505647,1126966845.3,,
2021-08-30,60,5.6595068,5.7058962,5.4275598,5.51106072,190986671,1134041738.49,,
2021-08-31,60,5.43683768,5.63167316,5.35333676,5.63167316,183695625,1093022101.94,,
2021-09-01,60,5.7058962,5.73372984,5.25128008,5.2883916,263731479,1549458624.01,,
2021-09-02,60,5.23272432,5.54817224,5.22344644,5.45539344,155573585,911345379.86,,
2021-09-03,60,5.55745012,6.00278836,5.55745012,5.6595068,402049760,2532333227.88,,
2021-09-06,60,5.69661832,5.73372984,5.34405888,5.5203386,247030275,1466771353.61,,
2021-09-07,60,5.53889436,5.8450644,5.46467132,5.80795288,222601481,1367508729.28,,
2021-09-08,60,5.798675,5.8914538,5.7058962,5.77084136,150731828,938406466.86,,
2021-09-09,60,5.78011924,5.9842326,5.72445196,5.96567684,203731054,1289166418.15,,
2021-09-10,60,5.9378432,6.23473536,5.8450644,5.99351048,217043119,1409340392.64,,
2021-09-13,60,6.03989988,6.45740448,5.9842326,6.39245932,255925708,1710472730.15,,
2021-09-14,60,6.17906808,6.17906808,5.87289804,5.90073168,231515386,1501233068.96,,
2021-09-15,60,5.85434228,6.02134412,5.798675,5.9378432,142908418,912455548.98,,
2021-09-16,60,5.97495472,6.0770114,5.66878468,5.7058962,185777534,1175252739.32,,
2021-09-17,60,5.7058962,5.83578652,5.3811704,5.50178284,156414020,943420135.95,,
2021-09-22,60,5.39044828,5.49250496,5.334781,5.48322708,92768479,542122676.85,,
2021-09-23,60,5.5203386,5.566728,5.2883916,5.39972616,119362292,696240110.94,,
2021-09-24,60,5.49250496,5.54817224,5.16777916,5.1956128,134950905,774875513.52,,
2021-09-27,60,5.15850128,5.1956128,4.74099668,4.84305336,142440124,756574413.35,,
2021-09-28,60,4.85233124,4.92655428,4.75955244,4.88016488,63831174,333753808.35,,
2021-09-29,60,4.80594184,4.85233124,4.64821788,4.70388516,79282359,404835456.09,,
2021-09-30,60,4.71316304,4.80594184,4.69460728,4.75955244,67394991,345393179.42,,
2021-10-08,60,4.85233124,4.93583216,4.76883032,4.83377548,64704792,336762315.18,,
2021-10-11,60,4.88944276,4.89872064,4.71316304,4.86160912,75999295,393840324.79,,
2021-10-12,60,4.8244976,4.870887,4.63894,4.72244092,80301818,409642543.98,,
2021-10-13,60,4.71316304,4.74099668,4.58327272,4.72244092,55429259,278832464.02,,
2021-10-14,60,4.8244976,5.16777916,4.78738608,5.06572248,154983440,832001666.7,,
2021-10-15,60,4.94511004,5.0564446,4.90799852,4.97294368,84944850,456529088.84,,
2021-10-18,60,5.1492234,5.32550312,5.06572248,5.30694736,145930486,820356814.75,,
2021-10-19,60,5.21416856,5.34405888,5.21416856,5.29766948,91670539,521799971.79,,
2021-10-20,60,5.06572248,5.16777916,5.02861096,5.08427824,83399561,458629527.45,,
2021-10-21,60,5.1492234,5.23272432,5.06572248,5.13994552,71539772,398861180.83,,
2021-10-22,60,5.06572248,5.13994552,4.870887,4.88944276,80236065,432073452.8,,
2021-10-25,60,4.88944276,4.93583216,4.84305336,4.90799852,48010871,253325113.4,,
2021-10-26,60,4.9172764,4.92655428,4.80594184,4.84305336,47164370,247151129.31,,
2021-10-27,60,4.80594184,4.84305336,4.6853294,4.7317188,54790130,280705701.85,,
2021-10-28,60,4.7317188,4.75027456,4.53688332,4.5925506,69268077,344185854.25,,
2021-10-29,60,4.5925506,4.65749576,4.5461612,4.5925506,49569605,246046958.75,,
2021-11-01,60,4.5925506,4.66677364,4.52760544,4.62966212,63852029,316513683.14,,
2021-11-02,60,4.60182848,4.65749576,4.36988148,4.42554876,88528614,427816571.1,,
2021-11-03,60,4.39771512,4.49049392,4.38843724,4.48121604,48545622,232345585.11,,
2021-11-04,60,4.48121604,4.48121604,4.406993,4.46266028,35698975,170753189.99,,
2021-11-05,60,4.406993,4.406993,4.28638056,4.30493632,64910725,303468730.4,,
2021-11-08,60,4.33276996,4.38843724,4.29565844,4.36988148,38885530,182502812.11,,
2021-11-09,60,4.39771512,4.41627088,4.33276996,4.39771512,37945632,178459098.1,,
2021-11-10,60,4.36988148,4.36988148,4.25854692,4.35132572,55298583,256315842.23,,
2021-11-11,60,4.34204784,4.43482664,4.32349208,4.43482664,54513291,257983120.45,,
2021-11-12,60,4.44410452,4.48121604,4.38843724,4.43482664,44151740,210470208.36,,
2021-11-15,60,4.43482664,4.46266028,4.36988148,4.41627088,36638228,174052982.7,,
2021-11-16,60,4.406993,4.43482664,4.32349208,4.33276996,35555889,167967720.57,,
2021-11-17,60,4.33276996,4.406993,4.3142142,4.406993,30969491,146336698.5,,
2021-11-18,60,4.39771512,4.46266028,4.37915936,4.42554876,44872486,214190072.42,,
2021-11-19,60,4.406993,4.48121604,4.36988148,4.48121604,44697935,213985076.47,,
2021-11-22,60,4.48121604,4.5461612,4.48121604,4.50904968,48226804,234522503.36,,
2021-11-23,60,4.5925506,4.62038424,4.53688332,4.5461612,61394935,303217755.51,,
2021-11-24,60,4.5461612,4.58327272,4.4997718,4.55543908,40914196,200498840.67,,
2021-11-25,60,4.57399484,4.62038424,4.5461612,4.5925506,45838699,227035962.33,,
2021-11-26,60,4.56471696,4.67605152,4.52760544,4.65749576,66395929,331299275.24,,
2021-11-29,60,4.56471696,4.58327272,4.48121604,4.52760544,57683625,281617726.21,,
2021-11-30,60,4.56471696,4.66677364,4.52760544,4.55543908,56786723,281388758.22,,
2021-12-01,60,4.55543908,4.63894,4.49049392,4.62038424,53021226,261277323.85,,
2021-12-02,60,4.61110636,4.66677364,4.57399484,4.5925506,39724899,197620624.15,,
2021-12-03,60,4.5925506,4.63894,4.55543908,4.62966212,44859102,222571861.23,,
2021-12-06,60,4.62966212,4.75027456,4.62038424,4.66677364,66776870,337914809.49,,
2021-12-07,60,4.69460728,4.70388516,4.55543908,4.61110636,50734280,252674998.08,,
2021-12-08,60,4.64821788,4.6853294,4.61110636,4.6853294,41603418,209095544.51,,
2021-12-09,60,4.6853294,4.71316304,4.64821788,4.71316304,40604371,204986362.89,,
2021-12-10,60,4.6853294,4.71316304,4.63894,4.6853294,43002567,217061337.49,,
2021-12-13,60,4.6853294,4.69460728,4.61110636,4.63894,44481899,222659929.48,,
2021-12-14,60,4.62038424,4.62966212,4.51832756,4.53688332,47692897,234242740.19,,
2021-12-15,60,4.52760544,4.55543908,4.50904968,4.51832756,30594495,149517317.39,,
2021-12-16,60,4.52760544,4.61110636,4.50904968,4.5925506,44714486,220299801.28,,
2021-12-17,60,4.64821788,4.80594184,4.64821788,4.66677364,88904708,451008481.39,,
2021-12-20,60,4.63894,4.67605152,4.56471696,4.58327272,43568057,216721871.21,,
2021-12-21,60,4.57399484,4.63894,4.55543908,4.62038424,33080206,163908632.96,,
2021-12-22,60,4.62966212,4.67605152,4.61110636,4.63894,31431770,156919055.61,,
2021-12-23,60,4.66677364,4.74099668,4.65749576,4.72244092,72607171,368954126.52,,
2021-12-24,60,4.70388516,4.71316304,4.5925506,4.60182848,44569198,222655245.36,,
2021-12-27,60,4.5925506,4.62038424,4.5461612,4.56471696,33757950,166704281.0,,
2021-12-28,60,4.57399484,4.5925506,4.5461612,4.5925506,27444871,135040966.25,,
2021-12-29,60,4.58327272,4.5925506,4.5461612,4.55543908,26944351,132613647.53,,
2021-12-30,60,4.55543908,4.58327272,4.5461612,4.5461612,26083792,128245657.97,,
2021-12-31,60,4.55543908,4.56471696,4.53688332,4.55543908,28982701,142170905.02,,
2022-01-04,60,4.56471696,4.61110636,4.52760544,4.61110636,48618316,239526076.01,,
2022-01-05,60,4.5925506,4.61110636,4.52760544,4.5461612,35905739,176607398.73,,
2022-01-06,60,4.53688332,4.57399484,4.52760544,4.55543908,29660241,145565557.8,,
2022-01-07,60,4.55543908,4.60182848,4.5461612,4.58327272,39625831,195473016.33,,
2022-01-10,60,4.56471696,4.60182848,4.55543908,4.5925506,34074394,168403754.93,,
2022-01-11,60,4.58327272,4.65749576,4.56471696,4.63894,49888187,248758458.41,,
2022-01-12,60,4.6853294,4.69460728,4.63894,4.69460728,52007011,261868680.31,,
2022-01-13,60,4.70388516,4.84305336,4.6853294,4.6853294,85814162,439339723.81,,
2022-01-14,60,4.69460728,4.71316304,4.58327272,4.58327272,52155460,260462754.2,,
2022-01-17,60,4.56471696,4.62038424,4.53688332,4.58327272,37059493,182374239.87,,
2022-01-18,60,4.58327272,4.60182848,4.5461612,4.58327272,31386763,154691020.22,,
2022-01-19,60,4.57399484,4.60182848,4.53688332,4.55543908,32591551,160504800.66,,
2022-01-20,60,4.5925506,4.63894,4.55543908,4.58327272,39595347,196003959.82,,
2022-01-21,60,4.56471696,4.5925506,4.52760544,4.56471696,35979836,176597346.58,,
2022-01-24,60,4.53688332,4.5461612,4.36988148,4.41627088,45200020,215815530.22,,
2022-01-25,60,4.38843724,4.41627088,4.2678248,4.28638056,37435051,174943627.7,,
2022-01-26,60,4.28638056,4.35132572,4.28638056,4.32349208,21779056,101442325.38,,
2022-01-27,60,4.32349208,4.33276996,4.18432388,4.18432388,30684045,140682064.45,,
2022-01-28,60,4.2214354,4.2678248,4.15649024,4.23071328,28754949,130734905.14,,
2022-02-07,60,4.28638056,4.38843724,4.28638056,4.35132572,35836781,168222049.97,,
2022-02-08,60,4.3606036,4.48121604,4.35132572,4.47193816,47091857,225137953.79,,
2022-02-09,60,4.49049392,4.58327272,4.4533824,4.58327272,61195615,300319700.29,,
2022-02-10,60,4.61110636,4.71316304,4.57399484,4.62038424,62405665,311965133.42,,
2022-02-11,60,4.5925506,4.67605152,4.56471696,4.58327272,48134752,239528274.51,,
2022-02-14,60,4.58327272,4.63894,4.51832756,4.5461612,38112210,187774462.5,,
2022-02-15,60,4.55543908,4.56471696,4.49049392,4.53688332,24067679,117459473.69,,
2022-02-16,60,4.5461612,4.60182848,4.52760544,4.58327272,25946441,127920192.65,,
2022-02-17,60,4.57399484,4.61110636,4.5461612,4.5925506,32442693,160404912.53,,
2022-02-18,60,4.56471696,4.64821788,4.5461612,4.64821788,44512940,221700947.42,,
2022-02-21,60,4.62966212,4.62966212,4.58327272,4.62038424,26268838,130457712.63,,
2022-02-22,60,4.60182848,4.64821788,4.55543908,4.62038424,32890080,163238959.95,,
2022-02-23,60,4.63894,4.64821788,4.5925506,4.62966212,36787548,183191804.25,,
2022-02-24,60,4.62038424,4.71316304,4.52760544,4.58327272,86573041,431925840.53,,
2022-02-25,60,4.5925506,4.6853294,4.57399484,4.65749576,66765123,334674230.39,,
2022-02-28,60,4.70388516,4.71316304,4.62966212,4.69460728,52384920,264222387.0,,
2022-03-01,60,4.69460728,4.70388516,4.64821788,4.66677364,48266745,243158792.0,,
2022-03-02,60,4.6853294,4.7781082,4.67605152,4.74099668,69590678,355461856.0,,
2022-03-03,60,4.85233124,4.97294368,4.8244976,4.870887,123934425,654933408.0,,
2022-03-04,60,4.85233124,4.88016488,4.75955244,4.78738608,69115369,357742192.0,,
2022-03-07,60,4.89872064,4.92655428,4.76883032,4.81521972,77392452,403272288.0,,
2022-03-08,60,4.88944276,5.11211188,4.61110636,4.92655428,212015323,1115893552.0,,
2022-03-09,60,4.76883032,4.78738608,4.44410452,4.64821788,187402614,939831152.0,,
2022-03-10,60,4.53688332,4.6853294,4.4997718,4.58327272,91114081,452663936.0,,
2022-03-11,60,4.5461612,4.57399484,4.37915936,4.56471696,80548612,388068016.0,,
2022-03-14,60,4.49049392,4.55543908,4.33276996,4.35132572,72191950,346151056.0,,
2022-03-15,60,4.30493632,4.30493632,3.92454324,3.95237688,111680613,494925408.0,,
2022-03-16,60,4.02659992,4.0822672,3.82248656,4.07298932,69816991,299431744.0,,
2022-03-17,60,4.11010084,4.18432388,4.06371144,4.09154508,55923737,248961859.0,,
2022-03-18,60,4.11937872,4.19360176,4.02659992,4.15649024,47793200,212673672.57,,
2022-03-21,60,4.15649024,4.20287964,4.0822672,4.13793448,48372893,216090308.45,,
2022-03-22,60,4.13793448,4.2214354,4.11937872,4.20287964,41879402,188912068.24,,
2022-03-23,60,4.20287964,4.21215752,4.15649024,4.19360176,27209930,122701933.85,,
2022-03-24,60,4.32349208,4.38843724,4.23071328,4.25854692,70487757,326965498.98,,
2022-03-25,60,4.25854692,4.33276996,4.2214354,4.23071328,39643884,182584515.22,,
2022-03-28,60,4.19360176,4.3142142,4.11010084,4.28638056,38369197,174870413.08,,
2022-03-29,60,4.23999116,4.24926904,4.1286566,4.14721236,49834479,224117769.55,,
2022-03-30,60,4.15649024,4.18432388,4.09154508,4.18432388,51106373,227755929.34,,
2022-03-31,60,4.175046,4.18432388,4.10082296,4.11010084,41596205,185434458.86,,
2022-04-01,60,4.0822672,4.1286566,4.06371144,4.11937872,39661522,175323604.52,,
2022-04-06,60,4.11010084,4.20287964,4.0822672,4.19360176,57038868,254685430.81,,
2022-04-07,60,4.16576812,4.18432388,4.09154508,4.09154508,42317624,188572500.61,,
2022-04-08,60,4.10082296,4.15649024,4.00804416,4.13793448,50050356,220687735.81,,
2022-04-11,60,4.1286566,4.14721236,3.99876628,4.01732204,48851677,213843130.88,,
2022-04-12,60,3.99876628,4.175046,3.943099,4.16576812,63350495,275918192.64,,
2022-04-13,60,4.15649024,4.44410452,4.11010084,4.3142142,146868034,679602217.22,,
2022-04-14,60,4.30493632,4.52760544,4.24926904,4.48121604,125103685,598410298.65,,
2022-04-15,60,4.4533824,4.51832756,4.34204784,4.37915936,65233389,310367324.99,,
2022-04-18,60,4.36988148,4.37915936,4.24926904,4.29565844,48807593,225881370.73,,
2022-04-19,60,4.36988148,4.41627088,4.33276996,4.36988148,48350255,228051477.72,,
2022-04-20,60,4.34204784,4.37915936,4.2214354,4.23999116,44537391,206260616.45,,
2022-04-21,60,4.2214354,4.23999116,4.0358778,4.04515568,55655327,247356776.85,,
2022-04-22,60,4.07298932,4.15649024,3.96165476,4.10082296,44978043,196282935.99,,
2022-04-25,60,4.00804416,4.01732204,3.7575414,3.79465292,68556618,287280271.65,,
2022-04-26,60,3.77609716,3.81320868,3.62765108,3.65548472,45254427,181747565.42,,
2022-04-27,60,3.62765108,3.81320868,3.5719838,3.8039308,46382526,184378863.85,,
2022-04-28,60,3.78537504,3.83176444,3.711152,3.76681928,33373797,135399246.74,,
2022-04-29,60,3.79465292,3.8967096,3.78537504,3.88743172,37048754,153614149.42,,
2022-05-05,60,3.8503202,3.92454324,3.8503202,3.8967096,34553554,145208169.15,,
2022-05-06,60,3.8039308,3.81320868,3.72042988,3.76681928,34429934,140036489.98,,
2022-05-09,60,3.73898564,3.81320868,3.72042988,3.78537504,20755163,84454060.82,,
2022-05-10,60,3.72042988,3.83176444,3.69259624,3.82248656,27367535,111152862.17,,
2022-05-11,60,3.81320868,3.90598748,3.79465292,3.82248656,34848760,144771806.0,,
2022-05-12,60,3.79465292,3.8503202,3.76681928,3.8039308,21673911,89067137.57,,
2022-05-13,60,3.82248656,3.84104232,3.77609716,3.83176444,19980599,82102494.57,,
2022-05-16,60,3.8503202,3.87815384,3.8039308,3.82248656,24655510,101791957.55,,
2022-05-17,60,3.84104232,3.84104232,3.78537504,3.82248656,21936042,90077800.59,,
2022-05-18,60,3.82248656,3.83176444,3.78537504,3.79465292,22176794,90909095.05,,
2022-05-19,60,3.74826352,3.8039308,3.72042988,3.8039308,26960984,109142129.51,,
2022-05-20,60,3.82248656,3.943099,3.81320868,3.93382112,50666133,212314011.35,,
2022-05-23,60,3.95237688,4.01732204,3.92454324,3.99876628,41552781,177955025.46,,
2022-05-24,60,3.97093264,3.9894884,3.83176444,3.84104232,41366052,175068239.78,,
2022-05-25,60,3.8503202,3.91526536,3.84104232,3.91526536,27136550,113808320.91,,
2022-05-26,60,3.87815384,3.95237688,3.85959808,3.93382112,26540942,111881098.25,,
2022-05-27,60,3.93382112,3.9894884,3.90598748,3.943099,30661102,130466480.84,,
2022-05-30,60,3.96165476,3.98021052,3.92454324,3.943099,24111400,102704428.36,,
2022-05-31,60,3.93382112,3.9894884,3.91526536,3.98021052,28812585,122927659.45,,
2022-06-01,60,3.97093264,3.98021052,3.90598748,3.943099,27308196,116098236.18,,
2022-06-02,60,3.93382112,4.05443356,3.91526536,4.0358778,44727980,193453540.89,,
2022-06-06,60,4.05443356,4.10082296,4.00804416,4.07298932,47154234,206360297.46,,
2022-06-07,60,4.05443356,4.21215752,4.04515568,4.16576812,61968429,276390918.84,,
2022-06-08,60,4.16576812,4.20287964,4.0822672,4.16576812,52978612,236956595.08,,
2022-06-09,60,4.14721236,4.175046,4.06371144,4.11937872,43468486,193221456.74,,
2022-06-10,60,4.0822672,4.3142142,4.06371144,4.27710268,74946877,341700075.6,,
2022-06-13,60,4.2678248,4.30493632,4.20287964,4.24926904,58264934,266893294.41,,
2022-06-14,60,4.2398048,4.30605175,4.1451663,4.30605175,52359166,233760468.6,,
2022-06-15,60,4.28712405,4.36283485,4.2398048,4.28712405,52940266,240898494.6,,
2022-06-16,60,4.28712405,4.353371,4.26819635,4.2776602,42315079,192634253.7,,
2022-06-17,60,4.2587325,4.3344433,4.23034095,4.2965879,45167791,204637880.37,,
2022-06-20,60,4.2965879,4.3155156,4.2208771,4.24926865,44979755,202636934.15,,
2022-06-21,60,4.30605175,4.30605175,4.1451663,4.1830217,40047458,178260215.7,,
2022-06-22,60,4.1830217,4.23034095,4.1451663,4.15463015,27831549,123165729.06,,
2022-06-23,60,4.15463015,4.2587325,4.1262386,4.2398048,32168063,142477413.44,,
2022-06-24,60,4.2398048,4.2587325,4.2019494,4.23034095,32351918,144741147.88,,
2022-06-27,60,4.23034095,4.28712405,4.2019494,4.23034095,30981365,139064263.19,,
2022-06-28,60,4.2398048,4.3344433,4.23034095,4.3344433,39380500,179436206.75,,
2022-06-29,60,4.3344433,4.36283485,4.2208771,4.23034095,40112432,181907646.79,,
2022-06-30,60,4.23034095,4.2965879,4.2208771,4.2208771,29683577,133493915.46,,
2022-07-01,60,4.21141325,4.2398048,4.15463015,4.21141325,25822575,114602075.78,,
2022-07-04,60,4.21141325,4.2208771,4.164094,4.2019494,25350794,112266598.63,,
2022-07-05,60,4.21141325,4.2776602,4.164094,4.23034095,33389791,148948794.71,,
2022-07-06,60,4.19248555,4.2019494,4.0694555,4.09784705,38995588,169856123.14,,
2022-07-07,60,4.1073109,4.353371,4.09784705,4.2776602,68509808,308090960.64,,
2022-07-08,60,4.32497945,4.32497945,4.2019494,4.21141325,30582645,137378261.09,,
2022-07-11,60,4.21141325,4.2208771,4.1073109,4.13570245,33285292,145464818.31,,
2022-07-12,60,4.15463015,4.2019494,4.1262386,4.1451663,24291339,106854921.7,,
2022-07-13,60,4.13570245,4.15463015,4.09784705,4.1262386,23034995,100308561.54,,
2022-07-14,60,4.11677475,4.1262386,4.05999165,4.0694555,26085081,112444369.4,,
2022-07-15,60,4.05999165,4.0694555,3.94642545,3.94642545,30288389,127902803.69,,
2022-07-18,60,4.00320855,4.1830217,3.974817,4.164094,53156487,230936359.45,,
2022-07-19,60,4.17355785,4.19248555,4.09784705,4.1451663,26091398,114338801.54,,
2022-07-20,60,4.1451663,4.2019494,4.11677475,4.19248555,21018324,92885530.44,,
2022-07-21,60,4.1830217,4.23034095,4.164094,4.17355785,23960998,106400966.23,,
2022-07-22,60,4.2019494,4.24926865,4.15463015,4.19248555,28195817,125301420.59,,
2022-07-25,60,4.2019494,4.24926865,4.15463015,4.17355785,27671018,122870032.35,,
2022-07-26,60,4.164094,4.2019494,4.1451663,4.19248555,17959435,79248817.59,,
2022-07-27,60,4.17355785,4.19248555,4.164094,4.17355785,16279834,71910246.73,,
2022-07-28,60,4.19248555,4.2398048,4.1830217,4.23034095,26300096,117195853.5,,
2022-07-29,60,4.2587325,4.2965879,4.21141325,4.2208771,25861286,116138271.34,,
2022-08-01,60,4.2398048,4.2587325,4.17355785,4.23034095,25075968,111495903.38,,
2022-08-02,60,4.1830217,4.1830217,4.02213625,4.09784705,36908148,159771016.36,,
2022-08-03,60,4.0883832,4.15463015,4.00320855,4.0126724,27099479,117059420.8,,
2022-08-04,60,4.04106395,4.0883832,3.9558893,4.00320855,29254000,123579228.1,,
2022-08-05,60,4.05999165,4.1451663,4.04106395,4.1451663,30660290,132820495.7,,
2022-08-08,60,4.11677475,4.164094,4.1073109,4.15463015,24071129,105232411.96,,
2022-08-09,60,4.1262386,4.15463015,4.09784705,4.1262386,17414436,75832368.5,,
2022-08-10,60,4.1262386,4.21141325,4.11677475,4.1451663,34556401,152103495.83,,
2022-08-11,60,4.17355785,4.2019494,4.1451663,4.2019494,27112270,119586674.5,,
2022-08-12,60,4.19248555,4.2587325,4.1830217,4.2398048,34645636,155036754.51,,
2022-08-15,60,4.2398048,4.3912264,4.19248555,4.28712405,61859090,281214297.52,,
2022-08-16,60,4.32497945,4.32497945,4.2208771,4.2398048,44817242,201246164.35,,
2022-08-17,60,4.2965879,4.3344433,4.2208771,4.26819635,36935401,166421700.06,,
2022-08-18,60,4.24926865,4.2776602,4.2208771,4.2208771,26816127,120208164.88,,
2022-08-19,60,4.21141325,4.2587325,4.1830217,4.19248555,25165823,112028292.62,,
2022-08-22,60,4.19248555,4.26819635,4.1451663,4.26819635,32614832,145434301.4,,
2022-08-23,60,4.2398048,4.26819635,4.2208771,4.24926865,24769264,110934501.05,,
2022-08-24,60,4.26819635,4.30605175,4.11677475,4.1262386,37135743,164526817.8,,
2022-08-25,60,4.1451663,4.23034095,4.1262386,4.2208771,32100647,141889625.19,,
2022-08-26,60,4.23034095,4.26819635,4.2019494,4.21141325,29608653,132568355.88,,
2022-08-29,60,4.164094,4.24926865,4.13570245,4.24926865,36764844,162956696.38,,
2022-08-30,60,4.28712405,4.3155156,4.21141325,4.26819635,46159241,207599002.26,,
2022-08-31,60,4.2208771,4.2776602,4.15463015,4.17355785,50387911,224052566.06,,
2022-09-01,60,4.1451663,4.19248555,4.1073109,4.1262386,36648346,160798868.36,,
2022-09-02,60,4.1073109,4.13570245,4.0883832,4.1073109,21746044,94397106.96,,
2022-09-05,60,4.1073109,4.15463015,4.07891935,4.1262386,26741995,116290799.96,,
2022-09-06,60,4.1262386,4.2776602,4.1262386,4.24926865,62742812,280422345.67,,
2022-09-07,60,4.2398048,4.353371,4.23034095,4.34390715,78424886,358333905.73,,
2022-09-08,60,4.3344433,4.38176255,4.30605175,4.32497945,43671384,200078068.11,,
2022-09-09,60,4.34390715,4.41961795,4.3155156,4.38176255,50152318,231983721.32,,
2022-09-13,60,4.41961795,4.51425645,4.3912264,4.40069025,60029289,282248280.95,,
2022-09-14,60,4.32497945,4.3912264,4.2965879,4.3155156,39003623,178899486.07,,
2022-09-15,60,4.34390715,4.353371,4.17355785,4.21141325,45739538,204932074.01,,
2022-09-16,60,4.21141325,4.21141325,4.0505278,4.0505278,60894281,265519567.54,,
2022-09-19,60,4.0694555,4.07891935,3.9558893,3.9937447,44474060,187979826.62,,
2022-09-20,60,4.02213625,4.17355785,4.0126724,4.1451663,42964230,186777091.81,,
2022-09-21,60,4.11677475,4.2776602,4.0883832,4.2587325,45858497,203503105.44,,
2022-09-22,60,4.2398048,4.353371,4.23034095,4.2965879,44034190,200282163.33,,
2022-09-23,60,4.26819635,4.30605175,4.17355785,4.2208771,30619456,137049323.2,,
2022-09-26,60,4.19248555,4.19248555,4.0505278,4.0505278,34430234,149500928.6,,
2022-09-27,60,4.05999165,4.11677475,3.96535315,4.0505278,41900159,177505112.57,,
2022-09-28,60,4.04106395,4.04106395,3.8801785,3.8801785,47203513,195671289.3,,
2022-09-29,60,3.92749775,3.94642545,3.85178695,3.8801785,29222818,120358823.74,,
2022-09-30,60,3.87071465,3.94642545,3.8423231,3.8991062,25648422,105728309.1,,
2022-10-10,60,3.8991062,4.00320855,3.87071465,3.90857005,32566396,135612852.89,,
2022-10-11,60,3.88964235,4.00320855,3.88964235,3.98428085,31027352,129933366.1,,
2022-10-12,60,3.9937447,4.0505278,3.90857005,4.0505278,30542851,128783656.69,,
2022-10-13,60,4.02213625,4.07891935,3.98428085,4.04106395,25920210,110557524.78,,
2022-10-14,60,4.0694555,4.0883832,4.0316001,4.07891935,21773758,93537643.37,,
2022-10-17,60,4.05999165,4.0883832,4.0316001,4.0883832,18810357,80800094.14,,
2022-10-18,60,4.07891935,4.09784705,4.0316001,4.0505278,17370632,74532902.54,,
2022-10-19,60,4.05999165,4.0694555,4.00320855,4.0126724,15892416,67751272.93,,
2022-10-20,60,4.00320855,4.0316001,3.94642545,4.00320855,18082329,76209495.17,,
2022-10-21,60,4.0126724,4.02213625,3.9558893,3.96535315,16631514,70063434.4,,
2022-10-24,60,3.98428085,4.0505278,3.92749775,3.96535315,21800114,91791911.28,,
2022-10-25,60,3.9558893,3.974817,3.8612508,3.9369616,21551545,89214317.19,,
2022-10-26,60,3.94642545,4.0126724,3.92749775,3.9937447,19281116,81129229.96,,
2022-10-27,60,4.00320855,4.0505278,3.9937447,4.0126724,18403301,78331704.72,,
2022-10-28,60,3.92749775,3.974817,3.7476846,3.77607615,86687409,348687408.08,,
2022-10-31,60,3.71929305,3.73822075,3.62465455,3.6530461,65883098,254414140.05,,
2022-11-01,60,3.66250995,3.73822075,3.6341184,3.7287569,53915700,209644445.9,,
2022-11-02,60,3.71929305,3.75714845,3.6909015,3.7476846,42997263,169422493.82,,
2022-11-03,60,3.7098292,3.73822075,3.7098292,3.7287569,22959823,90419994.62,,
2022-11-04,60,3.7287569,3.81393155,3.71929305,3.8044677,35483938,141867948.89,,
2022-11-07,60,3.88964235,3.92749775,3.8423231,3.88964235,49928462,205287124.98,,
2022-11-08,60,3.8801785,3.9369616,3.87071465,3.9180339,40155048,165855741.15,,
2022-11-09,60,3.9937447,4.00320855,3.92749775,3.92749775,28927677,120720930.52,,
2022-11-10,60,3.8801785,3.92749775,3.87071465,3.8991062,21820965,89869248.19,,
2022-11-11,60,3.98428085,4.0316001,3.96535315,4.0126724,53968804,227902964.94,,
2022-11-14,60,4.02213625,4.0505278,3.9558893,3.96535315,36277599,153430558.6,,
2022-11-15,60,3.96535315,4.0126724,3.9369616,4.00320855,30812253,129628129.91,,
2022-11-16,60,4.00320855,4.02213625,3.98428085,3.98428085,20909567,88410919.73,,
2022-11-17,60,3.974817,3.974817,3.9180339,3.96535315,23383304,97556122.92,,
2022-11-18,60,3.94642545,3.9558893,3.90857005,3.9180339,26144983,108616780.64,,
2022-11-21,60,3.8991062,3.8991062,3.8423231,3.8801785,21475730,87717492.52,,
2022-11-22,60,3.88964235,3.92749775,3.85178695,3.8991062,24462738,100571895.56,,
2022-11-23,60,3.8801785,3.9369616,3.8801785,3.9180339,22691791,93907979.74,,
2022-11-24,60,3.92749775,3.96535315,3.92749775,3.9369616,17935907,74694604.17,,
2022-11-25,60,3.92749775,3.974817,3.90857005,3.974817,22230224,92963139.18,,
2022-11-28,60,3.9369616,3.9369616,3.87071465,3.92749775,25336770,104573304.49,,
2022-11-29,60,3.92749775,4.00320855,3.9180339,4.00320855,29062790,122025724.73,,
2022-11-30,60,3.9937447,4.0126724,3.974817,3.98428085,24634540,104029876.02,,
2022-12-01,60,4.0316001,4.05999165,4.0126724,4.02213625,30395350,129626035.94,,
2022-12-02,60,4.0316001,4.04106395,3.96535315,3.98428085,19963646,84282406.51,,
2022-12-05,60,4.00320855,4.1262386,4.00320855,4.1073109,51123193,220267814.92,,
2022-12-06,60,4.09784705,4.11677475,4.0694555,4.09784705,26076665,112711837.6,,
2022-12-07,60,4.09784705,4.1073109,4.0505278,4.05999165,20039650,86164029.0,,
2022-12-08,60,4.07891935,4.07891935,4.0316001,4.0505278,17458545,74772011.05,,
2022-12-09,60,4.0505278,4.13570245,4.0316001,4.1262386,41826813,180867354.73,,
2022-12-12,60,4.09784705,4.09784705,3.98428085,3.9937447,39397682,167464507.11,,
2022-12-13,60,3.9937447,4.0505278,3.9937447,4.0316001,21437436,91235655.63,,
2022-12-14,60,4.04106395,4.07891935,4.0126724,4.0316001,17989696,76804820.1,,
2022-12-15,60,4.02213625,4.0316001,3.98428085,3.9937447,15578308,65799208.96,,
2022-12-16,60,3.974817,4.00320855,3.9558893,3.98428085,17694164,74273046.7,,
2022-12-19,60,3.9937447,3.9937447,3.8423231,3.87071465,26597763,109772862.46,,
2022-12-20,60,3.87071465,3.90857005,3.85178695,3.87071465,14937801,61190350.77,,
2022-12-21,60,3.92749775,3.94642545,3.87071465,3.88964235,17766150,73394320.4,,
2022-12-22,60,3.92749775,3.92749775,3.81393155,3.83285925,17669246,72125638.3,,
2022-12-23,60,3.81393155,3.87071465,3.79500385,3.8423231,14342138,58116421.66,,
2022-12-26,60,3.85178695,3.8612508,3.81393155,3.8423231,17047199,69071524.35,,
2022-12-27,60,3.85178695,3.8991062,3.85178695,3.88964235,15340554,62807421.76,,
2022-12-28,60,3.8801785,3.94642545,3.85178695,3.90857005,21165790,87422729.03,,
2022-12-29,60,3.90857005,3.90857005,3.8612508,3.8801785,13393901,54949880.69,,
2022-12-30,60,3.87071465,3.8991062,3.8612508,3.8801785,12856881,52700658.13,,
2023-01-03,60,3.8801785,3.92749775,3.8423231,3.9180339,17645703,72549414.98,,
2023-01-04,60,3.9180339,3.92749775,3.8801785,3.8991062,15044064,62028694.68,,
2023-01-05,60,3.90857005,3.9180339,3.88964235,3.90857005,16896241,69692052.35,,
2023-01-06,60,3.8991062,3.94642545,3.88964235,3.8991062,18127690,75043301.29,,
2023-01-09,60,3.92749775,4.00320855,3.90857005,3.98428085,37069045,155452340.09,,
2023-01-10,60,4.0126724,4.02213625,3.9558893,3.9558893,22276037,93750146.09,,
2023-01-11,60,3.974817,4.00320855,3.96535315,3.98428085,20862718,87883309.27,,
2023-01-12,60,4.00320855,4.0126724,3.94642545,3.96535315,17019133,71562917.9,,
2023-01-13,60,3.9937447,4.0316001,3.96535315,4.00320855,21106937,89091752.48,,
2023-01-16,60,4.00320855,4.0505278,4.00320855,4.0126724,25025003,106449807.83,,
2023-01-17,60,4.0126724,4.0316001,3.9937447,4.02213625,14538911,61633891.36,,
2023-01-18,60,4.02213625,4.07891935,4.0126724,4.05999165,31609560,135494381.5,,
2023-01-19,60,4.04106395,4.0883832,4.02213625,4.0883832,25464315,109285635.18,,
2023-01-20,60,4.1073109,4.2019494,4.0883832,4.19248555,50962462,224260880.55,,
2023-01-30,60,4.2398048,4.28712405,4.164094,4.17355785,49904358,222275600.63,,
2023-01-31,60,4.1830217,4.2208771,4.164094,4.2019494,30770596,136436823.5,,
2023-02-01,60,4.2208771,4.38176255,4.2019494,4.3344433,71435558,326194248.99,,
2023-02-02,60,4.32497945,4.32497945,4.2587325,4.28712405,36816610,166544628.77,,
2023-02-03,60,4.2587325,4.26819635,4.164094,4.23034095,42234923,188009064.93,,
2023-02-06,60,4.164094,4.2208771,4.15463015,4.1830217,23790949,105261149.78,,
2023-02-07,60,4.19248555,4.23034095,4.1830217,4.2208771,22112867,98269066.86,,
2023-02-08,60,4.23034095,4.2398048,4.164094,4.17355785,17975512,79672730.65,,
2023-02-09,60,4.164094,4.21141325,4.15463015,4.2019494,16477833,73035518.91,,
2023-02-10,60,4.1830217,4.2019494,4.15463015,4.17355785,18922587,83545980.45,,
2023-02-13,60,4.17355785,4.23034095,4.164094,4.21141325,23382815,103954047.18,,
2023-02-14,60,4.23034095,4.2965879,4.21141325,4.2398048,36247463,163015572.52,,
2023-02-15,60,4.24926865,4.28712405,4.21141325,4.23034095,28922800,129449037.51,,
2023-02-16,60,4.2208771,4.2587325,4.1073109,4.15463015,37157027,164904793.56,,
2023-02-17,60,4.164094,4.2019494,4.15463015,4.164094,20640954,91149118.68,,
2023-02-20,60,4.17355785,4.3912264,4.164094,4.353371,80578000,366532360.24,,
2023-02-21,60,4.36283485,4.43854565,4.3344433,4.38176255,73749070,341155921.66,,
2023-02-22,60,4.3722987,4.38176255,4.32497945,4.34390715,30986534,142499145.47,,
2023-02-23,60,4.3344433,4.3722987,4.3155156,4.36283485,31922773,146638497.57,,
2023-02-24,60,4.353371,4.3912264,4.2776602,4.34390715,33361158,152726480.31,,
2023-02-27,60,4.3344433,4.43854565,4.2965879,4.40069025,56408962,260521706.38,,
2023-02-28,60,4.4101541,4.4290818,4.34390715,4.40069025,36970384,171172299.35,,
2023-03-01,60,4.4290818,4.60889495,4.4101541,4.5615757,75329878,361067516.04,,
2023-03-02,60,4.58996725,4.6183588,4.53318415,4.57103955,44168138,213076638.33,,
2023-03-03,60,4.55211185,4.5805034,4.5047926,4.53318415,30888577,147979104.02,,
2023-03-06,60,4.542648,4.5615757,4.49532875,4.53318415,35594845,170083500.51,,
2023-03-07,60,4.5237203,4.62782265,4.5047926,4.5047926,47870710,230760269.44,,
2023-03-08,60,4.47640105,4.4858649,4.41961795,4.45747335,29956261,140815300.43,,
2023-03-09,60,4.47640105,4.49532875,4.43854565,4.47640105,20336131,96019632.1,,
2023-03-10,60,4.4480095,4.4480095,4.3722987,4.38176255,24207041,112577771.7,,
2023-03-13,60,4.38176255,4.4669372,4.3344433,4.4290818,29261648,136320265.51,,
2023-03-14,60,4.43854565,4.542648,4.4101541,4.45747335,39162405,185224252.04,,
2023-03-15,60,4.4480095,4.5047926,4.43854565,4.47640105,25065414,118504024.59,,
2023-03-16,60,4.4290818,4.43854565,4.353371,4.36283485,31174815,144912814.97,,
2023-03-17,60,4.3912264,4.542648,4.38176255,4.49532875,48661475,230967403.13,,
2023-03-20,60,4.5615757,4.5994311,4.49532875,4.55211185,62990488,302780066.08,,
2023-03-21,60,4.55211185,4.5805034,4.45747335,4.542648,38769479,185361598.33,,
2023-03-22,60,4.55211185,4.55211185,4.49532875,4.51425645,24360615,116281001.41,,
2023-03-23,60,4.51425645,4.57103955,4.47640105,4.542648,25587733,122415340.25,,
2023-03-24,60,4.542648,4.5615757,4.49532875,4.53318415,18455135,88309292.95,,
2023-03-27,60,4.51425645,4.542648,4.4669372,4.49532875,21586637,102573991.99,,
2023-03-28,60,4.53318415,4.58996725,4.5047926,4.53318415,27163571,130368625.82,,
2023-03-29,60,4.55211185,4.6183588,4.53318415,4.5615757,40342540,194987322.18,,
2023-03-30,60,4.5615757,4.57103955,4.4858649,4.5615757,36457042,174392283.49,,
2023-03-31,60,4.5615757,4.68460575,4.5615757,4.6562142,61211035,299415550.79,,
2023-04-03,60,4.6562142,4.6751419,4.542648,4.55211185,44747905,216862256.38,,
2023-04-04,60,4.57103955,4.58996725,4.5047926,4.5805034,31060384,149324792.92,,
2023-04-06,60,4.58996725,4.60889495,4.53318415,4.5805034,24905776,120570386.4,,
2023-04-07,60,4.58996725,4.6183588,4.55211185,4.57103955,22650559,109623920.48,,
2023-04-10,60,4.5615757,4.5615757,4.353371,4.5047926,38126067,180449901.99,,
2023-04-11,60,4.51425645,4.6372865,4.38176255,4.6183588,75201033,359140563.6,,
2023-04-12,60,4.6372865,4.7508527,4.6183588,4.6940696,73216132,362610590.67,,
2023-04-13,60,4.70353345,4.7887081,4.60889495,4.6562142,53848375,267402460.22,,
2023-04-14,60,4.6940696,4.91173815,4.6940696,4.8833466,101114773,514051554.33,,
2023-04-17,60,4.8265635,4.8265635,4.7508527,4.79817195,68990632,348763993.41,,
2023-04-18,60,4.8076358,4.8644189,4.77924425,4.8454912,45995071,234137700.29,,
2023-04-19,60,4.8454912,5.00637665,4.8265635,4.89281045,68207372,354507656.67,,
2023-04-20,60,4.87388275,4.89281045,4.7887081,4.83602735,46321686,236132864.01,,
2023-04-21,60,4.8265635,4.85495505,4.6940696,4.70353345,46570638,234325596.56,,
2023-04-24,60,4.6940696,4.72246115,4.57103955,4.60889495,39821740,195461424.73,,
2023-04-25,60,4.60889495,4.64675035,4.4480095,4.542648,38419991,184127309.76,,
2023-04-26,60,4.53318415,4.6183588,4.45747335,4.5994311,32321346,156314285.84,,
2023-04-27,60,4.62782265,4.6372865,4.51425645,4.5615757,25321141,122060332.66,,
2023-04-28,60,4.5615757,4.79817195,4.5615757,4.7887081,46819906,232946708.15,,
2023-05-04,60,4.79817195,4.921202,4.7887081,4.85495505,47033586,241328847.03,,
2023-05-05,60,4.81709965,4.87388275,4.72246115,4.76031655,40401910,203782581.6,,
2023-05-08,60,4.77924425,4.89281045,4.76031655,4.8454912,35571979,181857996.6,,
2023-05-09,60,4.8644189,4.9401297,4.8076358,4.81709965,44478484,228509111.39,,
2023-05-10,60,4.8076358,4.87388275,4.77924425,4.8076358,29135765,148141712.59,,
2023-05-11,60,4.8265635,4.83602735,4.74138885,4.7697804,20156321,101658369.02,,
2023-05-12,60,4.74138885,4.74138885,4.5615757,4.57103955,52222212,254617351.59,,
2023-05-15,60,4.6183588,4.7129973,4.53318415,4.6940696,36400952,177308638.62,,
2023-05-16,60,4.6940696,4.70353345,4.6183588,4.62782265,25011787,123181486.86,,
2023-05-17,60,4.6183588,4.6940696,4.5994311,4.64675035,16075452,79092943.26,,
2023-05-18,60,4.6751419,4.7129973,4.6372865,4.6562142,17866002,88307058.65,,
2023-05-19,60,4.62782265,4.64675035,4.5994311,4.60889495,16968116,82817453.34,,
2023-05-22,60,4.5994311,4.6183588,4.57103955,4.58996725,20235298,98123821.7,,
2023-05-23,60,4.57103955,4.5994311,4.4669372,4.4669372,24505768,117110947.19,,
2023-05-24,60,4.4480095,4.4858649,4.3722987,4.4101541,28377974,132596378.18,,
2023-05-25,60,4.40069025,4.41961795,4.3155156,4.34390715,29878889,137510902.97,,
2023-05-26,60,4.36283485,4.41961795,4.32497945,4.40069025,17921365,82819307.37,,
2023-05-29,60,4.4480095,4.4669372,4.40069025,4.4480095,18964811,88929114.48,,
2023-05-30,60,4.41961795,4.49532875,4.4101541,4.4669372,16339194,76888827.24,,
2023-05-31,60,4.45747335,4.5047926,4.43854565,4.4669372,21300439,100641916.16,,
2023-06-01,60,4.45747335,4.51425645,4.4480095,4.45747335,23933038,113432729.63,,
2023-06-02,60,4.49532875,4.5615757,4.4858649,4.5615757,22743246,109025851.9,,
2023-06-05,60,4.55211185,4.6751419,4.53318415,4.64675035,36157882,177281563.37,,
2023-06-06,60,4.66567805,4.6940696,4.5805034,4.60889495,25032001,122743838.36,,
2023-06-07,60,4.60889495,4.6372865,4.57103955,4.58996725,14494491,70439302.33,,
2023-06-08,60,4.5805034,4.6183588,4.542648,4.60889495,13402539,64900594.8,,
2023-06-09,60,4.5994311,4.64675035,4.57103955,4.6183588,15137124,73710074.19,,
2023-06-12,60,4.6372865,4.6751419,4.60889495,4.64675035,18566593,91092122.84,,
2023-06-13,60,4.62782265,4.6372865,4.5805034,4.6183588,17527836,85362748.11,,
2023-06-14,60,4.6372865,4.66567805,4.62782265,4.64675035,15774139,77508601.27,,
2023-06-15,60,4.64675035,4.66567805,4.5994311,4.6372865,16828942,82390826.89,,
2023-06-16,60,4.64675035,4.6751419,4.6183588,4.62782265,17314151,84869675.71,,
2023-06-19,60,4.6372865,4.6372865,4.542648,4.57103955,28886892,139793042.73,,
2023-06-20,60,4.57103955,4.57103955,4.4669372,4.49532875,19709951,93921128.75,,
2023-06-21,60,4.4858649,4.49532875,4.40069025,4.41961795,20689368,97278406.06,,
2023-06-26,60,4.3722987,4.4858649,4.353371,4.4101541,21521348,100634368.06,,
2023-06-27,60,4.4101541,4.5805034,4.3912264,4.542648,25597680,121895398.8,,
2023-06-28,60,4.57164433,4.58130954,4.46532702,4.50398786,23013668,107358224.92,,
2023-06-29,60,4.50398786,4.53298349,4.4459966,4.46532702,17158146,79674262.5,,
2023-06-30,60,4.49432265,4.6393008,4.46532702,4.59097475,27963708,132245408.31,,
2023-07-03,60,4.60063996,4.68762685,4.59097475,4.66829643,27149479,130466418.2,,
2023-07-04,60,4.87126584,4.90992668,4.62963559,4.64896601,49682142,242352708.14,,
2023-07-05,60,4.66829643,5.11289609,4.6393008,5.09356567,245029838,1265054299.08,,
2023-07-06,60,5.16122214,5.2192134,4.94858752,4.97758315,210211378,1099288579.11,,
2023-07-07,60,4.98724836,5.07423525,4.79394416,4.97758315,164827276,842907631.29,,
2023-07-10,60,4.97758315,5.17088735,4.95825273,4.98724836,122519684,639166077.55,,
2023-07-11,60,4.99691357,5.0259092,4.9292571,4.97758315,69050230,355562733.72,,
2023-07-12,60,4.95825273,5.05490483,4.91959189,4.9292571,62306086,320362519.36,,
2023-07-13,60,4.98724836,5.06457004,4.97758315,5.01624399,66603026,345852293.2,,
2023-07-14,60,5.01624399,5.19021777,5.00657878,5.08390046,81914756,433365526.61,,
2023-07-17,60,5.0259092,5.15155693,5.0259092,5.06457004,56557598,296900211.65,,
2023-07-18,60,5.0259092,5.1225613,5.0259092,5.10323088,39466362,207301323.51,,
2023-07-19,60,5.08390046,5.37385676,5.06457004,5.29653508,114600221,623531414.65,,
2023-07-20,60,5.29653508,5.5091697,5.28686987,5.33519592,124106892,694494434.27,,
2023-07-21,60,5.29653508,5.56716096,5.25787424,5.45117844,103516763,582056119.98,,
2023-07-24,60,5.37385676,5.49950449,5.32553071,5.39318718,66479736,371429463.75,,
2023-07-25,60,5.43184802,5.53816533,5.38352197,5.42218281,58465442,329062401.45,,
2023-07-26,60,5.38352197,5.52850012,5.38352197,5.45117844,57072840,322258289.64,,
2023-07-27,60,5.45117844,5.48017407,5.35452634,5.38352197,47067694,263354677.42,,
2023-07-28,60,5.42218281,5.53816533,5.32553071,5.5091697,70595028,398985054.07,,
2023-07-31,60,5.5091697,5.73146953,5.47050886,5.57682617,62957881,365283014.37,,
2023-08-01,60,5.58649138,5.9924302,5.54783054,5.8957781,151988333,906053223.52,,
2023-08-02,60,6.00209541,6.04075625,5.68314348,5.72180432,177265980,1065158269.56,,
2023-08-03,60,5.6058218,5.65414785,5.45117844,5.54783054,114896015,659026809.14,,
2023-08-04,60,5.52850012,5.77013037,5.5091697,5.65414785,104625574,610970698.81,,
2023-08-07,60,5.74113474,5.75079995,5.6058218,5.69280869,67260029,395284815.22,,
2023-08-08,60,5.64448264,5.67347827,5.46084365,5.62515222,88948010,511548131.73,,
2023-08-09,60,5.48983928,5.55749575,5.44151323,5.46084365,61344205,347609504.73,,
2023-08-10,60,5.45117844,5.48983928,5.36419155,5.4125176,43716137,244361855.81,,
2023-08-11,60,5.44151323,5.46084365,5.28686987,5.29653508,40585714,225156242.6,,
2023-08-14,60,5.25787424,5.33519592,5.20954819,5.27720466,35156119,191610361.21,,
2023-08-15,60,5.27720466,5.35452634,5.2192134,5.26753945,41298048,225570324.98,,
2023-08-16,60,5.24820903,5.28686987,5.17088735,5.20954819,28037366,151320525.52,,
2023-08-17,60,5.2192134,5.22887861,5.09356567,5.20954819,42412767,226722501.12,,
2023-08-18,60,5.23854382,5.27720466,5.14189172,5.14189172,26341775,142067990.9,,
2023-08-21,60,5.14189172,5.20954819,5.10323088,5.1225613,27970232,149451057.8,,
2023-08-22,60,5.1225613,5.19988298,5.05490483,5.18055256,44860169,238266482.19,,
2023-08-23,60,5.17088735,5.19021777,5.0259092,5.04523962,29048406,152673230.08,,
2023-08-24,60,5.07423525,5.15155693,5.01624399,5.09356567,36396577,191557576.47,,
2023-08-25,60,5.08390046,5.10323088,4.95825273,5.00657878,33238582,172718688.34,,
2023-08-28,60,5.26753945,5.29653508,5.05490483,5.1225613,63178375,335619419.9,,
2023-08-29,60,5.10323088,5.13222651,5.03557441,5.06457004,48298792,253842746.3,,
2023-08-30,60,5.00657878,5.04523962,4.89059626,4.91959189,71763172,367463073.15,,
2023-08-31,60,4.91959189,4.95825273,4.81327458,4.82293979,54038006,271986494.48,,
2023-09-01,60,4.82293979,5.01624399,4.82293979,4.99691357,61372632,313866796.04,,
2023-09-04,60,4.99691357,5.36419155,4.99691357,5.28686987,105014367,569092409.89,,
2023-09-05,60,5.24820903,5.27720466,5.16122214,5.25787424,51333130,277468545.9,,
2023-09-06,60,5.23854382,5.3158655,5.16122214,5.25787424,37486997,203112720.05,,
2023-09-07,60,5.23854382,5.24820903,5.1225613,5.14189172,28593528,153001887.96,,
2023-09-08,60,5.14189172,5.19988298,5.08390046,5.17088735,24830900,132100947.5,,
2023-09-11,60,5.17088735,5.3158655,5.14189172,5.28686987,49660954,270064839.45,,
2023-09-12,60,5.28686987,5.35452634,5.2192134,5.24820903,32297802,176171165.61,,
2023-09-13,60,5.22887861,5.35452634,5.20954819,5.24820903,43121552,234679367.85,,
2023-09-14,60,5.22887861,5.3158655,5.2192134,5.27720466,31906341,174102475.23,,
2023-09-15,60,5.29653508,5.35452634,5.23854382,5.26753945,38378285,209918409.07,,
2023-09-18,60,5.23854382,5.24820903,5.16122214,5.23854382,36255447,194991336.9,,
2023-09-19,60,5.2192134,5.23854382,5.15155693,5.18055256,29303918,157212294.62,,
2023-09-20,60,5.15155693,5.19021777,5.09356567,5.1225613,34770096,184383870.38,,
2023-09-21,60,5.14189172,5.16122214,5.08390046,5.09356567,21386175,113233822.63,,
2023-09-22,60,5.1225613,5.1225613,4.96791794,5.03557441,51718664,268950734.32,,
2023-09-25,60,5.01624399,5.03557441,4.97758315,4.99691357,26154026,135383667.25,,
2023-09-26,60,4.98724836,5.00657878,4.95825273,4.96791794,32370397,166779999.92,,
2023-09-27,60,4.98724836,5.01624399,4.9292571,4.93892231,28465260,146092389.76,,
2023-09-28,60,4.94858752,5.0259092,4.94858752,4.96791794,29622018,152712682.64,,
2023-10-09,60,4.96791794,4.96791794,4.86160063,4.90992668,29847999,151234814.66,,
2023-10-10,60,4.90992668,4.94858752,4.85193542,4.88093105,30031699,151880601.45,,
2023-10-11,60,4.90026147,4.90992668,4.82293979,4.832605,23323962,117135422.03,,
2023-10-12,60,4.85193542,4.90026147,4.82293979,4.88093105,30560324,154013131.96,,
2023-10-13,60,4.85193542,4.86160063,4.72628769,4.74561811,36304187,178460904.82,,
2023-10-16,60,4.76494853,4.77461374,4.70695727,4.7359529,29616685,145247290.42,,
2023-10-17,60,4.72628769,4.7359529,4.66829643,4.71662248,26567346,129209128.07,,
2023-10-18,60,4.71662248,4.72628769,4.62963559,4.6393008,21157892,101928892.68,,
2023-10-19,60,4.61997038,4.66829643,4.59097475,4.60063996,19492435,93291714.12,,
2023-10-20,60,4.59097475,4.6393008,4.56197912,4.58130954,18893183,89855851.57,,
2023-10-23,60,4.56197912,4.56197912,4.33001408,4.35900971,51082288,233970305.43,,
2023-10-24,60,4.39767055,4.51365307,4.37834013,4.49432265,39517185,182195979.5,,
2023-10-25,60,4.5426487,4.62963559,4.52331828,4.53298349,30604186,144602549.81,,
2023-10-26,60,4.52331828,4.58130954,4.46532702,4.57164433,24365858,114146365.19,,
2023-10-27,60,4.57164433,4.65863122,4.53298349,4.58130954,30880299,146867709.64,,
2023-10-30,60,4.58130954,4.62963559,4.55231391,4.60063996,35546969,169236222.43,,
2023-10-31,60,4.58130954,4.62963559,4.53298349,4.57164433,28374779,134244626.91,,
2023-11-01,60,4.58130954,4.61997038,4.5426487,4.56197912,20625019,97570709.68,,
2023-11-02,60,4.59097475,4.61997038,4.51365307,4.52331828,23574800,111359975.45,,
2023-11-03,60,4.51365307,4.56197912,4.51365307,4.51365307,21312053,99903545.57,,
2023-11-06,60,4.5426487,4.57164433,4.48465744,4.50398786,39651912,185308134.39,,
2023-11-07,60,4.49432265,4.49432265,4.37834013,4.39767055,71371768,324949157.92,,
2023-11-08,60,4.39767055,4.40733576,4.30101845,4.33967929,69603030,311528286.78,,
2023-11-09,60,4.33967929,4.42666618,4.32034887,4.38800534,45386166,205947837.03,,
2023-11-10,60,4.36867492,4.37834013,4.33001408,4.36867492,24777107,111759772.61,,
2023-11-13,60,4.3493445,4.42666618,4.33001408,4.42666618,33776895,153186568.8,,
2023-11-14,60,4.42666618,4.45566181,4.38800534,4.4459966,33514312,153446435.26,,
2023-11-15,60,4.48465744,4.52331828,4.47499223,4.49432265,38863468,180863880.46,,
2023-11-16,60,4.49432265,4.50398786,4.42666618,4.4459966,26790855,123541721.62,,
2023-11-17,60,4.4459966,4.49432265,4.41700097,4.48465744,19848816,91553669.06,,
2023-11-20,60,4.48465744,4.49432265,4.40733576,4.4459966,28174877,129512765.51,,
2023-11-21,60,4.46532702,4.51365307,4.4459966,4.45566181,36366527,168681299.15,,
2023-11-22,60,4.45566181,4.45566181,4.37834013,4.38800534,24603135,112469539.9,,
2023-11-23,60,4.37834013,4.43633139,4.35900971,4.43633139,22175500,100982762.5,,
2023-11-24,60,4.42666618,4.42666618,4.36867492,4.37834013,18010320,81846995.6,,
2023-11-27,60,4.36867492,4.40733576,4.3493445,4.38800534,27933102,126603198.56,,
2023-11-28,60,4.37834013,4.38800534,4.33967929,4.36867492,24205845,109367713.93,,
2023-11-29,60,4.39767055,4.40733576,4.3493445,4.3493445,25663599,116318079.27,,
2023-11-30,60,4.35900971,4.35900971,4.2526924,4.28168803,34408657,152643926.38,,
2023-12-01,60,4.27202282,4.32034887,4.26235761,4.29135324,24481435,108739957.9,,
2023-12-04,60,4.33967929,4.37834013,4.28168803,4.30101845,37386799,167554956.68,,
2023-12-05,60,4.28168803,4.28168803,4.20436635,4.21403156,36559166,160069380.28,,
2023-12-06,60,4.17537072,4.28168803,4.16570551,4.2526924,25760541,113153915.87,,
2023-12-07,60,4.2526924,4.27202282,4.19470114,4.2526924,24573225,107478739.25,,
2023-12-08,60,4.26235761,4.27202282,4.20436635,4.20436635,24251620,106063540.29,,
2023-12-11,60,4.18503593,4.23336198,4.11737946,4.22369677,27635379,119667146.82,,
2023-12-12,60,4.21403156,4.24302719,4.19470114,4.23336198,17430613,76172426.81,,
2023-12-13,60,4.21403156,4.22369677,4.16570551,4.16570551,18719917,81247246.27,,
2023-12-14,60,4.19470114,4.23336198,4.17537072,4.18503593,23259853,101133579.26,,
2023-12-15,60,4.18503593,4.2526924,4.1560403,4.16570551,30822358,134138736.78,,
2023-12-18,60,4.16570551,4.17537072,4.09804904,4.11737946,25024434,106957829.63,,
2023-12-19,60,4.10771425,4.11737946,4.06905341,4.10771425,22962522,97190955.86,,
2023-12-20,60,4.10771425,4.13670988,4.06905341,4.07871862,18144950,77058370.0,,
2023-12-21,60,4.04972299,4.09804904,4.02072736,4.09804904,27734582,116551837.52,,
2023-12-22,60,4.09804904,4.14637509,4.04005778,4.10771425,30233476,128085592.71,,
2023-12-25,60,4.08838383,4.13670988,4.0593882,4.12704467,17652223,74790424.21,,
2023-12-26,60,4.11737946,4.13670988,4.03039257,4.04972299,25089275,105801197.01,,
2023-12-27,60,4.04972299,4.10771425,4.01106215,4.10771425,28622171,120258116.04,,
2023-12-28,60,4.10771425,4.21403156,4.10771425,4.19470114,38294984,165463523.92,,
2023-12-29,60,4.17537072,4.21403156,4.14637509,4.17537072,44116692,190923371.36,,
2024-01-02,60,4.18503593,4.26235761,4.16570551,4.22369677,42523733,185587377.29,,
2024-01-03,60,4.21403156,4.32034887,4.20436635,4.26235761,42728507,188854623.6,,
2024-01-04,60,4.2526924,4.2526924,4.20436635,4.23336198,24036450,105037147.0,,
2024-01-05,60,4.22369677,4.28168803,4.17537072,4.19470114,26025927,114005285.18,,
2024-01-08,60,4.19470114,4.19470114,4.10771425,4.11737946,26464308,113516507.74,,
2024-01-09,60,4.12704467,4.17537072,4.08838383,4.13670988,21203130,90700258.3,,
2024-01-10,60,4.12704467,4.14637509,4.07871862,4.08838383,26706957,113549677.21,,
2024-01-11,60,4.07871862,4.14637509,4.0593882,4.12704467,28990886,122946886.22,,
2024-01-12,60,4.10771425,4.20436635,4.10771425,4.1560403,26040805,112307846.69,,
2024-01-15,60,4.13670988,4.14637509,4.09804904,4.10771425,27135061,115597181.14,,
2024-01-16,60,4.08838383,4.11737946,4.02072736,4.06905341,31336251,131763931.58,,
2024-01-17,60,4.04972299,4.07871862,3.94340568,3.94340568,31088050,129227972.5,,
2024-01-18,60,3.93374047,3.94340568,3.75976669,3.89507963,53300969,212278419.96,,
2024-01-19,60,3.88541442,3.91441005,3.83708837,3.87574921,28463375,114316385.33,,
2024-01-22,60,3.85641879,3.866084,3.60512333,3.66311459,48821048,188936386.88,,
2024-01-23,60,3.65344938,3.74043627,3.5761277,3.71144064,39164559,148585809.37,,
2024-01-24,60,3.73077106,3.85641879,3.69211022,3.84675358,39162422,152850283.45,,
2024-01-25,60,3.84675358,4.01106215,3.83708837,4.01106215,40474209,165508564.14,,
2024-01-26,60,4.02072736,4.07871862,3.98206652,4.04972299,43695575,182235733.28,,
2024-01-29,60,4.0593882,4.08838383,3.98206652,4.02072736,31489564,131237649.0,,
2024-01-30,60,3.98206652,4.02072736,3.90474484,3.91441005,26768086,110193280.09,,
2024-01-31,60,3.89507963,3.94340568,3.80809274,3.82742316,32454535,129855100.5,,
2024-02-01,60,3.81775795,3.89507963,3.75010148,3.79842753,32849955,129976590.53,,
2024-02-02,60,3.80809274,3.84675358,3.59545812,3.69211022,41455392,160097339.04,,
2024-02-05,60,3.6727798,3.73077106,3.45047997,3.56646249,57715252,214919349.81,,
2024-02-06,60,3.52780165,3.92407526,3.48914081,3.89507963,57354736,221650359.44,,
2024-02-07,60,3.87574921,4.14637509,3.866084,4.14637509,88122565,371624547.68,,
2024-02-08,60,4.13670988,4.32034887,4.09804904,4.11737946,90426911,395546504.89,,
2024-02-19,60,4.12704467,4.19470114,4.08838383,4.13670988,54472051,232393127.49,,
2024-02-20,60,4.12704467,4.14637509,4.07871862,4.13670988,31343672,133617301.62,,
2024-02-21,60,4.10771425,4.22369677,4.06905341,4.12704467,45837933,197453452.9,,
2024-02-22,60,4.11737946,4.1560403,4.07871862,4.14637509,38677907,164971386.5,,
2024-02-23,60,4.14637509,4.20436635,4.12704467,4.18503593,45987554,198042141.19,,
2024-02-26,60,4.18503593,4.21403156,4.10771425,4.10771425,41904153,180080184.17,,
2024-02-27,60,4.09804904,4.17537072,4.07871862,4.17537072,35986586,153909131.99,,
2024-02-28,60,4.1560403,4.22369677,4.07871862,4.08838383,55805065,240898533.25,,
2024-02-29,60,4.06905341,4.18503593,4.0593882,4.17537072,43121821,184660338.03,,
2024-03-01,60,4.18503593,4.21403156,4.1560403,4.21403156,40512177,175611282.43,,
2024-03-04,60,4.23336198,4.2526924,4.14637509,4.18503593,36484427,158216175.6,,
2024-03-05,60,4.16570551,4.2526924,4.1560403,4.20436635,41006449,178289393.85,,
2024-03-06,60,4.19470114,4.26235761,4.16570551,4.24302719,40490191,176763391.88,,
2024-03-07,60,4.26235761,4.47499223,4.2526924,4.33967929,95818477,434066783.71,,
2024-03-08,60,4.3493445,4.4459966,4.29135324,4.41700097,64848962,292034551.46,,
2024-03-11,60,4.41700097,4.48465744,4.35900971,4.42666618,60384585,275939331.52,,
2024-03-12,60,4.41700097,4.42666618,4.29135324,4.32034887,57386471,257713293.35,,
2024-03-13,60,4.30101845,4.3493445,4.24302719,4.32034887,43366198,192703418.95,,
2024-03-14,60,4.39767055,4.51365307,4.33967929,4.36867492,76097024,348403197.16,,
2024-03-15,60,4.33967929,4.57164433,4.31068366,4.57164433,98221548,453913768.08,,
2024-03-18,60,4.61997038,4.62963559,4.49432265,4.55231391,83370651,393198173.62,,
2024-03-19,60,4.5426487,4.62963559,4.51365307,4.53298349,67995448,321799414.69,,
2024-03-20,60,4.49432265,4.57164433,4.46532702,4.52331828,50701179,236478878.91,,
2024-03-21,60,4.59097475,4.61997038,4.49432265,4.55231391,47908134,225655406.76,,
2024-03-22,60,4.51365307,4.55231391,4.37834013,4.39767055,60551189,277878811.63,,
2024-03-25,60,4.38800534,4.50398786,4.37834013,4.40733576,50193751,230446324.88,,
2024-03-26,60,4.39767055,4.42666618,4.31068366,4.38800534,39336503,177525273.96,,
2024-03-27,60,4.36867492,4.39767055,4.29135324,4.30101845,31338434,140740875.76,,
2024-03-28,60,4.33001408,4.43633139,4.29135324,4.39767055,45691600,207046967.5,,
2024-03-29,60,4.39767055,4.53298349,4.39767055,4.53298349,58972783,273698680.65,,
2024-04-01,60,4.60063996,4.64896601,4.52331828,4.60063996,75515525,358701653.78,,
2024-04-02,60,4.59097475,4.68762685,4.57164433,4.64896601,77567731,372340684.64,,
2024-04-03,60,4.67796164,4.832605,4.6393008,4.80360937,129617457,636316887.69,,
2024-04-08,60,4.88093105,5.07423525,4.76494853,4.77461374,195010651,991266191.02,,
2024-04-09,60,4.75528332,4.87126584,4.72628769,4.80360937,99893459,494619129.11,,
2024-04-10,60,4.84227021,4.89059626,4.72628769,4.80360937,99057772,493125628.77,,
2024-04-11,60,4.72628769,4.99691357,4.6393008,4.85193542,142751476,713618579.15,,
2024-04-12,60,4.89059626,4.91959189,4.80360937,4.87126584,97490286,490818933.47,,
2024-04-15,60,4.76494853,4.81327458,4.59097475,4.79394416,108790825,532216892.02,,
2024-04-16,60,4.75528332,4.79394416,4.46532702,4.49432265,110763976,528273252.39,,
2024-04-17,60,4.51365307,4.68762685,4.51365307,4.68762685,78767225,375096651.98,,
2024-04-18,60,4.64896601,4.77461374,4.60063996,4.7359529,80574510,390829938.9,,
2024-04-19,60,4.7359529,4.87126584,4.65863122,4.71662248,88462188,435258675.56,,
2024-04-22,60,4.74561811,4.78427895,4.56197912,4.58130954,81473990,392960853.94,,
2024-04-23,60,4.50398786,4.52331828,4.33967929,4.35900971,83374899,380947883.41,,
2024-04-24,60,4.35900971,4.48465744,4.33967929,4.48465744,55357860,253538612.11,,
2024-04-25,60,4.40733576,4.52331828,4.33001408,4.4459966,69501144,318550415.82,,
2024-04-26,60,4.45566181,4.61997038,4.4459966,4.61997038,79034690,371359347.89,,
2024-04-29,60,4.56197912,4.62963559,4.49432265,4.62963559,74937700,355082828.0,,
2024-04-30,60,4.6393008,4.70695727,4.55231391,4.57164433,69574669,333003108.1,,
2024-05-06,60,4.57164433,4.65863122,4.52331828,4.64896601,69185221,329291098.66,,
2024-05-07,60,4.64896601,4.71662248,4.59097475,4.61030517,63920088,307234935.2,,
2024-05-08,60,4.58130954,4.61030517,4.53298349,4.5426487,53399152,252443191.94,,
2024-05-09,60,4.56197912,4.75528332,4.55231391,4.72628769,94031271,455240353.05,,
2024-05-10,60,4.78427895,4.84227021,4.62963559,4.74561811,88082426,429930676.52,,
2024-05-13,60,4.67796164,4.70695727,4.61030517,4.66829643,60873675,293407983.05,,
2024-05-14,60,4.70695727,4.7359529,4.61997038,4.65863122,73912323,357176203.4,,
2024-05-15,60,4.6393008,4.72628769,4.56197912,4.61997038,74984205,360569229.15,,
2024-05-16,60,4.66829643,4.69729206,4.5426487,4.55231391,77807844,371682663.26,,
2024-05-17,60,4.5426487,4.64896601,4.51365307,4.64896601,60106636,284304235.83,,
2024-05-20,60,4.74561811,4.88093105,4.74561811,4.85193542,157194999,782730001.4,,
2024-05-21,60,4.89059626,4.91959189,4.68762685,4.70695727,114049691,563350475.46,,
2024-05-22,60,4.72628769,4.75528332,4.6393008,4.66829643,69023500,334782185.5,,
2024-05-23,60,4.58130954,4.58130954,4.4459966,4.46532702,94529101,440653322.62,,
2024-05-24,60,4.45566181,4.53298349,4.42666618,4.46532702,52293956,243054911.78,,
2024-05-27,60,4.46532702,4.55231391,4.46532702,4.5426487,39090107,182592231.39,,
2024-05-28,60,4.56197912,4.7359529,4.55231391,4.6393008,97391242,471146653.6,,
2024-05-29,60,4.61030517,4.78427895,4.58130954,4.76494853,118333147,579585292.79,,
2024-05-30,60,4.72628769,4.76494853,4.56197912,4.57164433,106359909,510337952.16,,
2024-05-31,60,4.56197912,4.61030517,4.49432265,4.53298349,59598751,280222087.25,,
2024-06-03,60,4.49432265,4.52331828,4.38800534,4.43633139,63529175,292364314.45,,
2024-06-04,60,4.4459966,4.56197912,4.40733576,4.5426487,54184959,251997121.17,,
2024-06-05,60,4.47499223,4.48465744,4.38800534,4.39767055,49147050,225143416.8,,
2024-06-06,60,4.43633139,4.50398786,4.39767055,4.40733576,53945888,248149799.22,,
2024-06-07,60,4.4459966,4.47499223,4.33967929,4.40733576,47989573,218404657.92,,
2024-06-11,60,4.33001408,4.33967929,4.21403156,4.26235761,54265871,239459426.67,,
2024-06-12,60,4.26235761,4.30101845,4.22369677,4.27202282,40658702,179504682.38,,
2024-06-13,60,4.26235761,4.27202282,4.17537072,4.20436635,45293300,197265289.0,,
2024-06-14,60,4.19470114,4.23336198,4.16570551,4.22369677,34789994,151039959.13,,
2024-06-17,60,4.20436635,4.2526924,4.17537072,4.18503593,28763240,125345465.7,,
2024-06-18,60,4.19470114,4.26235761,4.16570551,4.22369677,29650063,129510258.82,,
2024-06-19,60,4.23336198,4.28168803,4.22369677,4.23336198,37004862,162661034.72,,
2024-06-20,60,4.23336198,4.30101845,4.1560403,4.1560403,41197623,179439208.26,,
2024-06-21,60,4.17537072,4.21403156,4.14637509,4.16570551,24682029,106746994.12,,
2024-06-24,60,4.09804904,4.10771425,4.02072736,4.04005778,37852795,159242711.01,,
2024-06-25,60,4.04972299,4.10771425,4.03039257,4.06905341,31658539,133169512.36,,
2024-06-26,60,4.0593882,4.12704467,4.01106215,4.12704467,32229188,135445412.58,,
2024-06-27,60,4.09804904,4.11737946,4.03039257,4.04005778,30256877,127162398.59,,
2024-06-28,60,4.04005778,4.1560403,4.03039257,4.09804904,38685978,164345712.29,,
2024-07-01,60,4.13670988,4.19470114,4.11737946,4.17537072,33886098,145753951.2,,
2024-07-02,60,4.17537072,4.20436635,4.13670988,4.17537072,28370193,122377774.74,,
2024-07-03,60,4.16570551,4.19470114,4.1560403,4.16570551,19256377,83183762.89,,
2024-07-04,60,4.21403156,4.24302719,4.09804904,4.10771425,31983522,137995357.37,,
2024-07-05,60,4.10771425,4.21403156,4.08838383,4.20436635,35261866,151620617.02,,
2024-07-08,60,4.20436635,4.24302719,4.12704467,4.13670988,33661159,145394256.24,,
2024-07-09,60,4.13670986,4.28374931,4.1171046,4.26414405,39939530,171418058.25,,
2024-07-10,60,4.26414405,4.30335457,4.17592038,4.19552564,36886501,160027607.72,,
2024-07-11,60,4.25434142,4.36217035,4.22493353,4.35236772,43870758,192846828.21,,
2024-07-12,60,4.33276246,4.35236772,4.27394668,4.3131572,32857303,144469360.35,,
2024-07-15,60,4.29355194,4.36217035,4.25434142,4.30335457,32183968,141519082.65,,
2024-07-16,60,4.30335457,4.34256509,4.27394668,4.32295983,25188150,110803697.0,,
2024-07-17,60,4.33276246,4.34256509,4.22493353,4.22493353,36839461,160011994.72,,
2024-07-18,60,4.19552564,4.23473616,4.13670986,4.2151309,31011983,132293596.6,,
2024-07-19,60,4.18572301,4.18572301,4.10730197,4.16611775,34361691,145205499.99,,
2024-07-22,60,4.13670986,4.16611775,4.09749934,4.1171046,27517276,115706697.74,,
2024-07-23,60,4.09749934,4.1171046,3.96026252,3.97006515,43642422,179382172.17,,
2024-07-24,60,3.96026252,3.98967041,3.91124937,3.95045989,35942246,144709923.8,,
2024-07-25,60,3.93085463,3.97986778,3.91124937,3.95045989,24832984,99974139.07,,
2024-07-26,60,3.94065726,4.02888093,3.94065726,4.00927567,26453095,107767636.09,,
2024-07-29,60,3.99947304,4.0190783,3.97006515,3.98967041,17291042,70513836.77,,
2024-07-30,60,3.97006515,3.99947304,3.95045989,3.98967041,16070952,65176572.03,,
2024-07-31,60,3.99947304,4.12690723,3.98967041,4.1171046,40561924,168483099.39,,
2024-08-01,60,4.14651249,4.17592038,4.08769671,4.12690723,27912911,117629118.45,,
2024-08-02,60,4.08769671,4.13670986,4.06809145,4.09749934,25751484,107814388.59,,
2024-08-05,60,4.06809145,4.10730197,3.98967041,3.99947304,40551775,167759117.87,,
2024-08-06,60,4.0190783,4.05828882,3.98967041,4.02888093,26208384,107596041.13,,
2024-08-07,60,4.0190783,4.06809145,3.99947304,4.02888093,17909488,73742342.85,,
2024-08-08,60,4.00927567,4.03868356,3.97986778,4.0190783,20483752,83788561.18,,
2024-08-09,60,4.04848619,4.08769671,4.02888093,4.03868356,26181481,108386754.22,,
2024-08-12,60,4.02888093,4.06809145,4.00927567,4.03868356,20968600,86427123.0,,
2024-08-13,60,4.05828882,4.08769671,4.03868356,4.07789408,27296800,113110017.89,,
2024-08-14,60,4.07789408,4.08769671,4.00927567,4.0190783,19923056,81962070.63,,
2024-08-15,60,4.00927567,4.07789408,3.97986778,4.05828882,23924949,98657646.73,,
2024-08-16,60,4.07789408,4.09749934,4.0190783,4.02888093,23827764,98595404.04,,
2024-08-19,60,4.02888093,4.09749934,4.0190783,4.07789408,26339771,109618251.31,,
2024-08-20,60,4.08769671,4.09749934,4.0190783,4.03868356,22818059,94250125.44,,
2024-08-21,60,4.0190783,4.05828882,4.00927567,4.02888093,17309351,71202074.37,,
2024-08-22,60,4.03868356,4.04848619,3.96026252,3.97006515,26768681,109030387.8,,
2024-08-23,60,3.96026252,3.97986778,3.93085463,3.97006515,18570722,74916693.84,,
2024-08-26,60,3.98967041,4.06809145,3.98967041,4.06809145,31354825,129301515.47,,
2024-08-27,60,4.04848619,4.05828882,3.97986778,3.98967041,23627381,96577346.98,,
2024-08-28,60,4.0190783,4.07789408,3.99947304,4.04848619,38729796,160020677.75,,
2024-08-29,60,4.03868356,4.13670986,4.00927567,4.12690723,42053472,175948455.38,,
2024-08-30,60,4.12690723,4.16611775,4.07789408,4.1171046,48638989,204374227.37,,
2024-09-02,60,4.09749934,4.13670986,4.05828882,4.06809145,31049308,129698845.18,,
2024-09-03,60,4.05828882,4.12690723,4.05828882,4.07789408,27729062,115672624.2,,
2024-09-04,60,4.04848619,4.05828882,3.94065726,3.96026252,41912535,170770273.68,,
2024-09-05,60,3.96026252,4.00927567,3.93085463,3.97006515,22356749,90428371.96,,
2024-09-06,60,3.96026252,4.00927567,3.94065726,3.96026252,24825285,100627876.07,,
2024-09-09,60,3.93085463,3.94065726,3.88184148,3.89164411,27217988,108420638.58,,
2024-09-10,60,3.91124937,3.921052,3.83282833,3.91124937,23444887,92784798.28,,
2024-09-11,60,3.90144674,3.921052,3.87203885,3.89164411,15704886,62402040.18,,
2024-09-12,60,3.91124937,3.95045989,3.88184148,3.91124937,18633478,74421791.98,,
2024-09-13,60,3.94065726,3.97006515,3.89164411,3.89164411,18859710,75402874.2,,
2024-09-18,60,3.89164411,3.921052,3.8230257,3.89164411,20722604,81642011.92,,
2024-09-19,60,3.90144674,4.00927567,3.86223622,4.00927567,41670686,168556738.29,,
2024-09-20,60,3.99947304,4.06809145,3.97986778,4.05828882,31478627,129449076.09,,
2024-09-23,60,4.05828882,4.10730197,4.03868356,4.09749934,32353819,134869193.93,,
2024-09-24,60,4.10730197,4.23473616,4.10730197,4.2151309,52454260,223519318.98,,
2024-09-25,60,4.26414405,4.36217035,4.22493353,4.22493353,54722079,239762325.6,,
2024-09-26,60,4.22493353,4.36217035,4.2151309,4.36217035,44816503,196475878.17,,
2024-09-27,60,4.4111835,4.55822295,4.40138087,4.48960454,72938869,332634033.35,,
2024-09-30,60,4.65624925,4.901315,4.59743347,4.86210448,149267102,724940771.15,,
2024-10-08,60,5.35223598,5.35223598,4.86210448,5.08756497,180822414,940020684.04,,
2024-10-09,60,5.01894656,5.01894656,4.75427555,4.78368344,129733363,644850970.67,,
2024-10-10,60,4.78368344,4.95032815,4.74447292,4.84249922,100309148,495961452.52,,
2024-10-11,60,4.85230185,4.87190711,4.66605188,4.73467029,63534433,307558734.53,,
2024-10-14,60,4.74447292,4.8032887,4.68565714,4.76407818,55572263,269362359.15,,
2024-10-15,60,4.73467029,4.75427555,4.61703873,4.61703873,51413081,245722882.83,,
2024-10-16,60,4.59743347,4.67585451,4.57782821,4.63664399,44384997,209801203.31,,
2024-10-17,60,4.65624925,4.67585451,4.55822295,4.55822295,37791981,177784396.07,,
2024-10-18,60,4.53861769,4.69545977,4.52881506,4.62684136,64133130,300831307.05,,
2024-10-21,60,4.63664399,4.7052624,4.61703873,4.64644662,61099936,290780484.82,,
2024-10-22,60,4.61703873,4.7052624,4.61703873,4.7052624,57826191,275434613.24,,
2024-10-23,60,4.7052624,4.74447292,4.67585451,4.7052624,46553217,223661166.97,,
2024-10-24,60,4.68565714,4.71506503,4.62684136,4.7052624,39988410,190603643.93,,
2024-10-25,60,4.69545977,4.75427555,4.67585451,4.73467029,51157668,245825275.69,,
2024-10-28,60,4.73467029,4.84249922,4.72486766,4.84249922,61828005,302673601.89,,
2024-10-29,60,4.88170974,4.89151237,4.72486766,4.74447292,62920879,307270504.02,,
2024-10-30,60,4.75427555,4.82289396,4.68565714,4.75427555,53578669,259686433.38,,
2024-10-31,60,4.78368344,4.84249922,4.73467029,4.82289396,67310875,329962324.12,,
2024-11-01,60,4.8032887,5.03855182,4.78368344,4.91111763,150050521,755200578.98,,
2024-11-04,60,4.97973604,4.9993413,4.86210448,4.95032815,90050343,452299444.86,,
2024-11-05,60,4.95032815,5.11697286,4.91111763,5.0973676,119393981,615581707.01,,
2024-11-06,60,5.14638075,5.18559127,5.04835445,5.07776234,104810021,546936924.35,,
2024-11-07,60,4.9993413,5.12677549,4.96013078,5.11697286,82017873,423942472.57,,
2024-11-08,60,5.1953939,5.24440705,5.02874919,5.07776234,87029203,453786090.93,,
2024-11-11,60,5.05815708,5.07776234,4.96993341,5.06795971,68366286,350870852.44,,
2024-11-12,60,5.05815708,5.0973676,4.92092026,4.97973604,70118157,359874211.7,,
2024-11-13,60,4.94052552,5.01894656,4.92092026,4.96993341,48157771,243882316.53,,
2024-11-14,60,4.96993341,4.9993413,4.83269659,4.85230185,56484315,282861177.1,,
2024-11-15,60,4.81309133,4.88170974,4.76407818,4.76407818,47624799,234612928.76,,
2024-11-18,60,4.78368344,4.87190711,4.73467029,4.75427555,52298234,256348026.0,,
2024-11-19,60,4.76407818,4.82289396,4.71506503,4.79348607,38973793,189632603.38,,
2024-11-20,60,4.79348607,4.84249922,4.77388081,4.82289396,37072441,181808288.15,,
2024-11-21,60,4.81309133,4.88170974,4.76407818,4.81309133,39808596,195768292.32,,
2024-11-22,60,4.8032887,4.83269659,4.65624925,4.65624925,42174824,204106259.2,,
2024-11-25,60,4.67585451,4.72486766,4.6072361,4.66605188,35932498,171404870.0,,
2024-11-26,60,4.65624925,4.7052624,4.64644662,4.66605188,30140540,143790704.8,,
2024-11-27,60,4.66605188,4.72486766,4.53861769,4.7052624,40944324,192976546.68,,
2024-11-28,60,4.71506503,4.77388081,4.68565714,4.73467029,42123376,203365978.32,,
2024-11-29,60,4.71506503,4.78368344,4.67585451,4.75427555,45858830,221985072.82,,
2024-12-02,60,4.76407818,4.83269659,4.75427555,4.81309133,44607408,218222772.16,,
2024-12-03,60,4.81309133,4.83269659,4.75427555,4.8032887,33908138,165671792.87,,
2024-12-04,60,4.98953867,5.02874919,4.79348607,4.8032887,122310428,610310143.99,,
2024-12-05,60,4.75427555,4.78368344,4.69545977,4.74447292,77140981,372321940.77,,
2024-12-06,60,4.72486766,4.88170974,4.71506503,4.84249922,86571440,426231832.67,,
2024-12-09,60,4.89151237,5.08756497,4.88170974,4.92092026,125405077,636800676.96,,
2024-12-10,60,5.07776234,5.07776234,4.91111763,4.92092026,87674983,446046841.05,,
2024-12-11,60,4.92092026,5.03855182,4.91111763,4.9993413,69263525,352843266.61,,
2024-12-12,60,4.9993413,5.01894656,4.93072289,4.9993413,60443154,306779589.08,,
2024-12-13,60,4.96013078,4.96993341,4.86210448,4.87190711,64267257,321274498.74,,
2024-12-16,60,4.85230185,4.88170974,4.81309133,4.84249922,36488904,180239109.87,,
2024-12-17,60,4.83269659,4.86210448,4.77388081,4.8032887,44476824,218565859.36,,
2024-12-18,60,4.82289396,4.86210448,4.76407818,4.78368344,35983439,176670633.81,,
2024-12-19,60,4.75427555,4.78368344,4.69545977,4.76407818,40006180,193215903.42,,
2024-12-20,60,4.75427555,4.79348607,4.71506503,4.73467029,32934865,159061338.3,,
2024-12-23,60,4.72486766,4.75427555,4.67585451,4.69545977,39213532,188724512.62,,
2024-12-24,60,4.69545977,4.75427555,4.69545977,4.74447292,32592373,157059726.67,,
2024-12-25,60,4.74447292,4.75427555,4.64644662,4.69545977,29509619,141172034.04,,
2024-12-26,60,4.69545977,4.72486766,4.66605188,4.68565714,24407986,117029512.46,,
2024-12-27,60,4.68565714,4.75427555,4.67585451,4.71506503,25911568,124821681.25,,
2024-12-30,60,4.71506503,4.73467029,4.68565714,4.71506503,26475750,127144232.7,,
2024-12-31,60,4.72486766,4.72486766,4.58763084,4.59743347,39954666,189413868.38,,
2025-01-02,60,4.58763084,4.63664399,4.46019665,4.49940717,44627300,207910793.05,,
2025-01-03,60,4.49940717,4.63664399,4.46019665,4.47980191,50971194,236489100.39,,
2025-01-06,60,4.47980191,4.6072361,4.44059139,4.56802558,44018805,204154238.63,,
2025-01-07,60,4.58763084,4.64644662,4.52881506,4.63664399,33605224,157622113.42,,
2025-01-08,60,4.61703873,4.63664399,4.44059139,4.51901243,43567743,200790058.3,,
2025-01-09,60,4.49940717,4.58763084,4.47980191,4.53861769,30090304,139595691.92,,
2025-01-10,60,4.55822295,4.6072361,4.46999928,4.47980191,45876723,211543049.36,,
2025-01-13,60,4.45039402,4.56802558,4.4111835,4.53861769,45234404,208314273.11,,
2025-01-14,60,4.53861769,4.63664399,4.52881506,4.61703873,42096046,197136006.9,,
2025-01-15,60,4.61703873,4.62684136,4.54842032,4.57782821,30287102,141327005.95,,
2025-01-16,60,4.6072361,4.69545977,4.59743347,4.68565714,44394978,211036410.6,,
2025-01-17,60,4.68565714,4.7052624,4.63664399,4.69545977,30573955,145861171.6,,
2025-01-20,60,4.71506503,4.73467029,4.66605188,4.67585451,25956859,124094979.66,,
2025-01-21,60,4.68565714,4.69545977,4.61703873,4.64644662,23414920,110945452.04,,
2025-01-22,60,4.63664399,4.65624925,4.59743347,4.65624925,23574382,111409212.72,,
2025-01-23,60,4.67585451,4.73467029,4.59743347,4.61703873,32992290,156914341.15,,
2025-01-24,60,4.59743347,4.65624925,4.59743347,4.63664399,29240928,138137039.87,,
2025-01-27,60,4.64644662,4.71506503,4.62684136,4.63664399,29354759,139732122.59,,
2025-02-05,60,4.66605188,4.68565714,4.58763084,4.61703873,32401650,152931462.31,,
2025-02-06,60,4.61703873,4.66605188,4.58763084,4.65624925,39152485,184721495.8,,
2025-02-07,60,4.65624925,4.72486766,4.62684136,4.7052624,42630732,203851224.98,,
2025-02-10,60,4.7052624,4.74447292,4.68565714,4.7052624,36401736,174954975.09,,
2025-02-11,60,4.7052624,4.75427555,4.68565714,4.71506503,41538782,199881720.44,,
2025-02-12,60,4.7052624,4.71506503,4.62684136,4.66605188,39492205,187979071.32,,
2025-02-13,60,4.66605188,4.7052624,4.61703873,4.62684136,37316740,176956510.46,,
2025-02-14,60,4.62684136,4.64644662,4.59743347,4.61703873,33157538,156230328.75,,
2025-02-17,60,4.6072361,4.6072361,4.52881506,4.56802558,42025015,195575683.33,,
2025-02-18,60,4.56802558,4.6072361,4.5092098,4.53861769,35385633,164460811.75,,
2025-02-19,60,4.53861769,4.55822295,4.5092098,4.54842032,32641644,151033417.92,,
2025-02-20,60,4.54842032,4.55822295,4.51901243,4.51901243,30347891,140369322.65,,
2025-02-21,60,4.53861769,4.56802558,4.49940717,4.5092098,45801724,211379692.91,,
2025-02-24,60,4.48960454,4.53861769,4.47980191,4.51901243,37289545,171725952.28,,
2025-02-25,60,4.49940717,4.5092098,4.46019665,4.46999928,31889218,145891474.55,,
2025-02-26,60,4.47980191,4.54842032,4.47980191,4.52881506,39069704,180050149.38,,
2025-02-27,60,4.53861769,4.54842032,4.46999928,4.49940717,39212772,179811956.56,,
2025-02-28,60,4.47980191,4.51901243,4.42098613,4.44059139,46555390,212189423.45,,
2025-03-03,60,4.45039402,4.54842032,4.44059139,4.51901243,59513291,273959335.2,,
2025-03-04,60,4.48960454,4.58763084,4.48960454,4.55822295,54425689,252565020.29,,
2025-03-05,60,4.56802558,4.63664399,4.51901243,4.63664399,53190922,248791040.02,,
2025-03-06,60,4.64644662,4.68565714,4.61703873,4.63664399,42677218,202216273.15,,
2025-03-07,60,4.64644662,4.74447292,4.63664399,4.71506503,68446052,329035940.89,,
2025-03-10,60,4.74447292,4.78368344,4.69545977,4.75427555,57982487,280145279.14,,
2025-03-11,60,4.7052624,4.83269659,4.68565714,4.83269659,73357456,357570432.66,,
2025-03-12,60,4.84249922,4.86210448,4.76407818,4.79348607,48661234,238062941.11,,
2025-03-13,60,4.8032887,4.83269659,4.73467029,4.78368344,41223016,200559794.05,,
2025-03-14,60,4.87190711,4.91111763,4.8032887,4.85230185,68245437,337316296.13,,
2025-03-17,60,4.85230185,4.91111763,4.81309133,4.82289396,49857273,246932991.28,,
2025-03-18,60,4.82289396,4.91111763,4.81309133,4.85230185,54702920,271468437.88,,
2025-03-19,60,4.85230185,4.88170974,4.79348607,4.85230185,38874579,191524131.61,,
2025-03-20,60,4.901315,4.98953867,4.89151237,4.91111763,65058279,326729059.62,,
2025-03-21,60,4.89151237,4.96013078,4.85230185,4.86210448,65178615,326392568.92,,
2025-03-24,60,4.85230185,5.02874919,4.84249922,4.96993341,97320314,491245153.07,,
2025-03-25,60,4.96993341,5.04835445,4.92092026,4.96013078,62225895,316014233.52,,
2025-03-26,60,4.98953867,5.03855182,4.92092026,4.94052552,57852757,293952800.4,,
2025-03-27,60,4.901315,4.92092026,4.84249922,4.88170974,45961526,228709470.82,,
2025-03-28,60,4.89151237,4.93072289,4.83269659,4.88170974,46239319,229751736.95,,
2025-03-31,60,4.86210448,4.91111763,4.8032887,4.86210448,48156041,238891630.18,,
2025-04-01,60,4.86210448,4.901315,4.84249922,4.87190711,37213135,185125149.76,,
2025-04-02,60,4.85230185,4.88170974,4.8032887,4.81309133,31009803,153099291.8,,
2025-04-03,60,4.78368344,4.82289396,4.75427555,4.78368344,34913606,170449170.04,,
2025-04-07,60,4.5092098,4.56802558,4.30335457,4.30335457,84849039,380508580.28,,
2025-04-08,60,4.28374931,4.35236772,4.17592038,4.26414405,81556896,354227353.96,,
2025-04-09,60,4.2151309,4.3131572,4.07789408,4.29355194,71203968,305575033.12,,
2025-04-10,60,4.37197298,4.4111835,4.3131572,4.37197298,57744250,257482414.0,,
2025-04-11,60,4.37197298,4.44059139,4.35236772,4.37197298,48860473,219303401.09,,
2025-04-14,60,4.4111835,4.5092098,4.40138087,4.44059139,55137343,250310366.18,,
2025-04-15,60,4.47980191,4.53861769,4.44059139,4.46019665,52795511,241255484.45,,
2025-04-16,60,4.48960454,4.48960454,4.35236772,4.44059139,41831592,187901916.68,,
2025-04-17,60,4.44059139,4.47980191,4.39157824,4.39157824,36267415,163829592.36,,
2025-04-18,60,4.38177561,4.43078876,4.35236772,4.4111835,28179177,126146407.48,,
2025-04-21,60,4.43078876,4.58763084,4.42098613,4.57782821,62763915,290228664.95,,
2025-04-22,60,4.59743347,4.6072361,4.51901243,4.55822295,42363955,196445855.49,,
2025-04-23,60,4.55822295,4.57782821,4.49940717,4.51901243,34000050,156956464.51,,
2025-04-24,60,4.52881506,4.54842032,4.47980191,4.49940717,27776145,127731992.6,,
2025-04-25,60,4.5092098,4.57782821,4.48960454,4.53861769,31301556,145117458.43,,
2025-04-28,60,4.53861769,4.53861769,4.47980191,4.48960454,29480102,135183352.95,,
2025-04-29,60,4.46999928,4.5092098,4.46019665,4.46999928,20968730,95834618.39,,
2025-04-30,60,4.46019665,4.46019665,4.36217035,4.37197298,50854174,228503309.17,,
2025-05-06,60,4.40138087,4.47980191,4.39157824,4.46999928,48346076,219676514.82,,
2025-05-07,60,4.5092098,4.54842032,4.46019665,4.47980191,34840793,159423920.27,,
2025-05-08,60,4.47980191,4.49940717,4.44059139,4.46019665,39565450,180480511.79,,
2025-05-09,60,4.46019665,4.46999928,4.4111835,4.44059139,28836569,130607843.07,,
2025-05-12,60,4.46019665,4.48960454,4.43078876,4.48960454,31631711,144132271.2,,
2025-05-13,60,4.52881506,4.52881506,4.46999928,4.47980191,27722472,126963582.49,,
2025-05-14,60,4.47980191,4.54842032,4.46999928,4.53861769,34072049,156777950.84,,
2025-05-15,60,4.52881506,4.53861769,4.46999928,4.48960454,27049357,124165174.71,,
2025-05-16,60,4.47980191,4.52881506,4.46019665,4.46019665,27463601,125628218.7,,
2025-05-19,60,4.46999928,4.47980191,4.42098613,4.45039402,26783952,121488450.08,,
2025-05-20,60,4.45039402,4.46999928,4.42098613,4.44059139,28139305,127453668.84,,
2025-05-21,60,4.46019665,4.49940717,4.43078876,4.48960454,34323783,156527059.98,,
2025-05-22,60,4.46999928,4.47980191,4.4111835,4.4111835,31657690,143161071.0,,
2025-05-23,60,4.4111835,4.44059139,4.37197298,4.38177561,27069802,121749593.02,,
2025-05-26,60,4.38177561,4.42098613,4.36217035,4.38177561,24736947,110879869.59,,
2025-05-27,60,4.38177561,4.39157824,4.3131572,4.33276246,34517336,152683369.73,,
2025-05-28,60,4.33276246,4.37197298,4.32295983,4.36217035,25129706,111561646.89,,
2025-05-29,60,4.35236772,4.39157824,4.33276246,4.38177561,22769353,101646000.2,,
2025-05-30,60,4.38177561,4.38177561,4.34256509,4.36217035,21002345,93329060.34,,
2025-06-03,60,4.37197298,4.40138087,4.36217035,4.38177561,26173904,116944074.92,,
2025-06-04,60,4.38177561,4.46999928,4.38177561,4.46019665,37567632,170226802.64,,
2025-06-05,60,4.46019665,4.47980191,4.4111835,4.43078876,31919386,144775924.77,,
2025-06-06,60,4.44059139,4.5092098,4.44059139,4.49940717,42206737,193139523.19,,
2025-06-09,60,4.49940717,4.49940717,4.45039402,4.48960454,32903312,150454209.12,,
2025-06-10,60,4.49940717,4.51901243,4.45039402,4.47980191,32975278,150958107.71,,
2025-06-11,60,4.46999928,4.55822295,4.46999928,4.52881506,46000956,212613327.87,,
2025-06-12,60,4.53861769,4.55822295,4.49940717,4.54842032,32761866,151310070.17,,
2025-06-13,60,4.54842032,4.56802558,4.48960454,4.53861769,44522594,205918211.46,,
2025-06-16,60,4.51901243,4.52881506,4.46999928,4.47980191,37050533,169864462.03,,
2025-06-17,60,4.47980191,4.5092098,4.46999928,4.49940717,25249847,115607460.16,,
2025-06-18,60,4.49940717,4.49940717,4.43078876,4.45039402,25830573,117462305.69,,
2025-06-19,60,4.44059139,4.46019665,4.35236772,4.37197298,33193735,148570298.55,,
2025-06-20,60,4.36217035,4.39157824,4.34256509,4.34256509,23094509,102765994.87,,
2025-06-23,60,4.34256509,4.37197298,4.32295983,4.35236772,29047443,129039883.67,,
2025-06-24,60,4.37197298,4.44059139,4.36217035,4.43078876,31930581,143947264.64,,
2025-06-25,60,4.44059139,4.47980191,4.42098613,4.46999928,35665728,161895522.48,,
2025-06-26,60,4.5,4.53,4.47,4.49,34123501,153696640.0,,
2025-06-27,60,4.52,4.66,4.51,4.6,66034575,304213678.3,,
2025-06-30,60,4.62,4.63,4.56,4.58,38302677,175683368.97,,
2025-07-01,60,4.59,4.63,4.54,4.63,38698811,177269128.15,,
2025-07-02,60,4.61,4.73,4.61,4.7,59958284,280415923.37,,
2025-07-03,60,4.71,4.72,4.66,4.71,40400991,189653807.62,,
2025-07-04,60,4.69,4.69,4.63,4.65,38874724,180995736.93,,
2025-07-07,60,4.64,4.65,4.61,4.65,24168380,112074889.39,,
2025-07-08,60,4.65,4.7,4.64,4.7,33264007,155603177.13,,
2025-07-09,60,4.75,4.75,4.63,4.64,39743886,185562213.76,,
2025-07-10,60,4.65,4.72,4.64,4.71,36727075,172107485.86,,
2025-07-11,60,4.72,4.85,4.71,4.8,72865657,349285150.75,,
2025-07-14,60,4.82,4.88,4.8,4.81,54558531,263749108.75,,
2025-07-15,60,4.81,4.85,4.73,4.77,45138019,215757717.31,,
2025-07-16,60,4.77,4.79,4.68,4.71,39966989,188790509.63,,
2025-07-17,60,4.71,4.72,4.67,4.7,36100402,169363607.93,,
2025-07-18,60,4.72,4.84,4.71,4.79,56254948,269298286.72,,
2025-07-21,60,4.85,4.92,4.83,4.91,63667815,310961130.82,,
2025-07-22,60,4.91,5.0,4.88,5.0,77598546,383811461.67,,
2025-07-23,60,5.01,5.04,4.95,4.97,57810849,288187513.56,,
2025-07-24,60,4.95,5.08,4.95,5.08,84167321,423313431.16,,
2025-07-25,60,5.07,5.07,4.98,4.99,59664835,299176818.69,,
2025-07-28,60,4.96,4.98,4.89,4.95,49605165,244910063.6,,
2025-07-29,60,4.92,4.96,4.87,4.92,39561312,194126262.55,,
2025-07-30,60,4.92,4.94,4.84,4.88,43937044,214993110.93,,
2025-07-31,60,4.84,4.84,4.71,4.72,63905775,304672587.14,,
2025-08-01,60,4.74,4.77,4.71,4.73,36879490,174628070.94,,
2025-08-04,60,4.72,4.77,4.7,4.77,35354440,167209744.73,,
2025-08-05,60,4.77,4.81,4.74,4.8,41209837,197352964.99,,
2025-08-06,60,4.8,4.93,4.79,4.87,54296052,264035265.3,,
2025-08-07,60,4.89,4.91,4.81,4.89,43606930,212009586.39,,
2025-08-08,60,4.89,4.96,4.87,4.92,44244956,217749345.42,,
2025-08-11,60,4.93,4.95,4.89,4.93,42443562,208812021.81,,
2025-08-12,60,4.92,4.94,4.88,4.92,35156613,172558953.04,,
2025-08-13,60,4.92,5.04,4.92,5.03,65371616,326311098.5,,
2025-08-14,60,5.03,5.05,4.92,4.94,58852110,293348780.96,,
2025-08-15,60,4.92,5.08,4.91,5.05,77643131,390385608.4,,
2025-08-18,60,5.08,5.09,4.98,5.01,80465051,403365746.33,,
2025-08-19,60,5.0,5.03,4.97,5.01,47127442,235332590.14,,
2025-08-20,60,4.99,5.13,4.97,5.07,74510256,377081412.12,,
2025-08-21,60,5.07,5.12,5.01,5.04,50338047,254370515.42,,
2025-08-22,60,5.04,5.12,5.01,5.1,80420954,407708473.34,,
2025-08-25,60,5.15,5.29,5.13,5.23,110726685,578183567.76,,
2025-08-26,60,5.2,5.3,5.17,5.25,77040426,404932318.98,,
2025-08-27,60,5.25,5.29,5.1,5.1,98470193,511841935.38,,
2025-08-28,60,5.09,5.18,5.04,5.18,82097577,420506697.98,,
2025-08-29,60,5.21,5.32,5.2,5.25,115297843,606871264.34,,
2025-09-01,60,5.3,5.39,5.23,5.38,143401282,765680916.66,,
2025-09-02,60,5.4,5.41,5.26,5.29,114639033,608846415.5,,
2025-09-03,60,5.35,5.41,5.17,5.2,96468220,508676066.2,,
2025-09-04,60,5.19,5.26,5.04,5.11,98469276,506500978.13,,
2025-09-05,60,5.09,5.26,5.09,5.25,73989208,383332890.95,,
2025-09-08,60,5.28,5.37,5.24,5.32,85509020,453646361.31,,
2025-09-09,60,5.34,5.43,5.27,5.32,102592905,549445939.57,,
2025-09-10,60,5.27,5.33,5.17,5.29,73928387,388678570.8,,
2025-09-11,60,5.26,5.33,5.22,5.33,66478742,351312054.24,,
2025-09-12,60,5.35,5.6,5.33,5.53,166566126,914889708.26,,
2025-09-15,60,5.57,5.63,5.47,5.5,103697281,573788213.54,,
2025-09-16,60,5.56,5.57,5.28,5.39,125069642,672221587.46,,
2025-09-17,60,5.38,5.46,5.29,5.43,92742136,497723120.45,,
2025-09-18,60,5.36,5.36,5.15,5.2,116437557,613341235.46,,
2025-09-19,60,5.18,5.25,5.16,5.22,64944899,338372762.83,,
2025-09-22,60,5.25,5.3,5.13,5.21,56832829,294457499.13,,
2025-09-23,60,5.2,5.27,5.06,5.11,64937874,334119754.01,,
2025-09-24,60,5.09,5.18,5.08,5.18,52592680,270036533.67,,
2025-09-25,60,5.31,5.36,5.21,5.25,96851642,511478161.34,,
2025-09-26,60,5.22,5.39,5.21,5.23,78343660,415020076.4,,
2025-09-29,60,5.32,5.45,5.22,5.45,121477985,650189568.42,,
2025-09-30,60,5.46,5.75,5.45,5.7,174789717,988712728.71,,
2025-10-09,60,5.95,6.07,5.83,6.06,239968312,1432051004.65,,
2025-10-10,60,5.95,6.05,5.89,5.92,160239303,955420964.14,,
2025-10-13,60,5.72,6.11,5.72,6.11,221616214,1312667210.77,,
2025-10-14,60,6.21,6.4,5.89,5.96,233069817,1432577701.89,,
2025-10-15,60,6.0,6.03,5.8,5.91,153928247,907863758.61,,
2025-10-16,60,5.91,5.95,5.73,5.76,112870473,659071603.75,,
2025-10-17,60,5.83,5.94,5.65,5.67,114876453,663697398.81,,
2025-10-20,60,5.66,5.69,5.58,5.62,86069796,484681718.09,,
2025-10-21,60,5.69,5.74,5.62,5.66,91865442,521803546.91,,
2025-10-22,60,5.51,5.58,5.44,5.55,103940328,573438243.65,,
2025-10-23,60,5.54,5.65,5.46,5.63,91331297,507153065.84,,
2025-10-24,60,5.65,5.7,5.55,5.6,101457543,569258252.19,,
2025-10-27,60,5.65,5.77,5.6,5.7,131673493,749227892.18,,
2025-10-28,60,5.65,5.65,5.47,5.5,128953284,715512067.96,,
2025-10-29,60,5.54,5.8,5.53,5.79,156911086,890071015.28,,
2025-10-30,60,5.71,5.78,5.66,5.67,148812367,849836658.31,,
2025-10-31,60,5.6,5.69,5.5,5.51,149567921,835664819.39,,
2025-11-03,60,5.46,5.5,5.23,5.41,200244737,1069810125.73,,
2025-11-04,60,5.36,5.4,5.24,5.29,116152128,618363145.46,,
2025-11-05,60,5.22,5.32,5.19,5.3,83950222,442380368.36,,
2025-11-06,60,5.3,5.44,5.28,5.41,157946815,846933789.67,,
2025-11-07,60,5.36,5.44,5.34,5.4,106891217,576958651.61,,
2025-11-10,60,5.43,5.54,5.39,5.44,119119896,648958844.41,,
2025-11-11,60,5.49,5.82,5.43,5.64,289949296,1628892783.68,,
2025-11-12,60,5.64,5.76,5.5,5.61,212696405,1194318428.09,,
2025-11-13,60,5.66,5.8,5.64,5.74,207926614,1191153956.01,,
2025-11-14,60,5.67,5.76,5.64,5.66,139122977,793929886.13,,
2025-11-17,60,5.66,5.68,5.52,5.58,123264079,688148869.05,,
2025-11-18,60,5.55,5.57,5.25,5.3,186478179,1000255874.41,,
2025-11-19,60,5.29,5.38,5.23,5.33,115746321,614083646.22,,
2025-11-20,60,5.37,5.6,5.34,5.39,191751117,1049591553.02,,
2025-11-21,60,5.32,5.34,5.04,5.05,221256876,1137458589.75,,
2025-11-24,60,5.1,5.14,5.03,5.1,104993129,533277028.13,,
2025-11-25,60,5.15,5.22,5.13,5.16,103504393,535991153.48,,
2025-11-26,60,5.17,5.2,5.1,5.12,77853489,400931234.88,,
2025-11-27,60,5.17,5.23,5.12,5.12,109519566,565673214.48,,
2025-11-28,60,5.12,5.2,5.07,5.18,94902771,489894440.89,,
2025-12-01,60,5.37,5.45,5.27,5.31,159906982,858508145.84,,
2025-12-02,60,5.28,5.3,5.21,5.28,75692123,397891157.98,,
2025-12-03,60,5.28,5.39,5.25,5.3,101711469,540100525.85,,
2025-12-04,60,5.41,5.44,5.27,5.29,106005012,567024812.67,,
2025-12-05,60,5.26,5.55,5.24,5.55,193407514,1052130753.71,,
2025-12-08,60,5.55,5.59,5.43,5.58,136864409,755455021.19,,
2025-12-09,60,5.53,5.54,5.31,5.35,144216048,777585973.7,,
2025-12-10,60,5.41,5.43,5.32,5.36,90185613,483341497.44,,
2025-12-11,60,5.39,5.42,5.24,5.25,96049331,511151165.75,,
2025-12-12,60,5.35,5.43,5.33,5.38,137987851,742774794.34,,
2025-12-15,60,5.3,5.43,5.26,5.37,89733499,481147177.73,,
2025-12-16,60,5.32,5.36,5.19,5.23,104350138,547643281.02,,
2025-12-17,60,5.25,5.41,5.2,5.39,117893353,625754090.27,,
2025-12-18,60,5.35,5.52,5.33,5.41,113037453,615053195.29,,
2025-12-19,60,5.4,5.54,5.35,5.51,115571326,632427577.09,,
2025-12-22,60,5.56,5.65,5.54,5.58,119830585,669695086.78,,
2025-12-23,60,5.61,5.65,5.54,5.57,108081898,604590801.14,,
2025-12-24,60,5.66,5.68,5.54,5.59,106878423,597338075.32,,
2025-12-25,60,5.56,5.59,5.47,5.56,106017624,585436493.7,,
2025-12-26,60,5.62,5.81,5.61,5.77,223041100,1274792315.03,,
2025-12-29,60,5.9,5.93,5.74,5.77,198796407,1158142402.2,,
2025-12-30,60,5.62,5.84,5.59,5.8,146025356,837794275.77,,
2025-12-31,60,5.79,5.97,5.77,5.85,146969011,863721253.44,,
2026-01-05,60,5.98,6.05,5.88,5.95,170358235,1014165900.2,,
2026-01-06,60,6.04,6.31,6.0,6.24,250774688,1550736706.72,,
2026-01-07,60,6.26,6.39,6.21,6.27,205556014,1293050904.43,,
2026-01-08,60,6.21,6.43,6.15,6.21,209820833,1316073333.76,,
2026-01-09,60,6.19,6.6,6.18,6.51,232589889,1500948561.0,,
2026-01-12,60,6.62,6.68,6.4,6.5,243124600,1583786023.93,,
2026-01-13,60,6.51,6.69,6.46,6.52,209738540,1373899182.25,,
2026-01-14,60,6.6,6.73,6.52,6.57,247959978,1637574950.89,,
2026-01-15,60,6.66,7.15,6.6,6.86,336632415,2312104689.6,,
2026-01-16,60,6.85,7.22,6.76,6.77,312850335,2181337216.68,,
2026-01-19,60,6.89,6.89,6.55,6.76,211682104,1422407084.57,,
2026-01-20,60,6.83,6.87,6.45,6.79,240342104,1600356149.41,,
2026-01-21,60,6.85,7.05,6.72,7.02,236862663,1642155277.9,,
2026-01-22,60,6.93,7.34,6.9,7.27,258529071,1854535536.86,,
2026-01-23,60,7.4,7.94,7.34,7.79,360175751,2756063115.86,,
2026-01-26,60,8.08,8.38,8.0,8.28,455406977,3729377532.93,,
2026-01-27,60,8.0,8.15,7.65,7.8,432458835,3418926056.21,,
2026-01-28,60,7.94,8.58,7.78,8.58,504557989,4142903151.39,,
2026-01-29,60,9.0,9.22,8.15,8.55,587695852,5114968626.05,,
2026-01-30,60,8.02,8.1,7.7,7.7,354004989,2764382309.31,价格异常,-12.147505422993499
2026-02-02,60,6.93,7.11,6.93,6.93,300262398,2097264918.79,价格异常,-12.222222222222213
2026-02-03,60,6.97,7.1,6.76,7.07,325895250,2256781297.7,,
2026-02-04,60,7.22,7.26,6.99,7.13,210277063,1493430651.13,,
2026-02-05,60,7.0,7.07,6.74,6.87,198054337,1363420778.93,,
2026-02-06,60,6.69,7.0,6.59,6.87,176528707,1205280589.44,,
2026-02-09,60,7.0,7.04,6.89,6.96,132512552,921314397.49,,
2026-02-10,60,7.0,7.0,6.85,6.86,100875486,697320922.92,,
2026-02-11,60,6.87,7.32,6.84,7.12,211979321,1504383875.12,,
2026-02-12,60,7.13,7.39,7.12,7.28,191601670,1395805328.36,,
2026-02-13,60,7.13,7.25,7.05,7.07,133851254,955528323.47,,
2026-02-24,60,7.32,7.5,7.27,7.35,174288727,1286415391.0,,
2026-02-25,60,7.39,7.95,7.39,7.85,273780622,2120196738.8,,
2026-02-26,60,7.8,8.04,7.76,7.79,233797883,1842284335.34,,
2026-02-27,60,7.77,8.29,7.74,8.26,269777725,2196601759.72,,
2026-03-02,60,8.44,8.48,7.95,8.37,391534988,3218243965.22,,
2026-03-03,60,8.2,8.25,7.7,7.73,305140414,2424958688.03,,
2026-03-04,60,7.6,8.0,7.52,7.82,196278921,1533605686.32,,
2026-03-05,60,7.96,7.99,7.58,7.64,169487922,1312686374.51,,
2026-03-06,60,7.55,7.65,7.41,7.55,119371339,900792862.93,,
