日期,股票代码,开盘,最高,最低,收盘,成交量,成交额,异常情况,异常涨跌幅
2016-03-11,2195,3.7787448,3.91554704,3.7620616,3.8621608,4912094,113536824.0,,
2016-03-14,2195,3.9372352,4.10073056,3.87217072,4.00563632,11092052,266891690.0,,
2016-03-15,2195,3.98061152,4.00063136,3.89052224,3.89719552,6803658,160436940.0,,
2016-03-16,2195,3.93556688,3.97560656,3.837136,3.8538192,5592358,130375593.0,,
2016-03-17,2195,3.88051232,4.08571568,3.85715584,4.05735424,12910843,310004560.0,,
2016-03-18,2195,4.07570576,4.29926064,4.03399776,4.23419616,16703959,419468848.0,,
2016-03-21,2195,4.3042656,4.38601328,4.21417632,4.38434496,22715562,586576016.0,,
2016-03-22,2195,4.34096864,4.3543152,4.27423584,4.30259728,13640936,353199952.0,,
2016-03-23,2195,4.2625576,4.73302384,4.254216,4.73302384,27952349,784975120.0,,
2016-03-24,2195,4.838128,5.0550096,4.81143488,4.87316272,62254540,1832647856.0,价格异常,13.098039215686264
2016-03-25,2195,4.838128,4.8548112,4.5711968,4.6546128,38139942,1071423536.0,,
2016-03-28,2195,4.6546128,4.6879792,4.5294888,4.55785024,32017612,884122960.0,,
2016-03-29,2195,4.55785024,4.5795384,4.30593392,4.37266672,23269540,619163728.0,,
2016-03-30,2195,4.45107776,4.58621168,4.37767168,4.57286512,28624823,766890352.0,,
2016-03-31,2195,4.60789984,4.60956816,4.4710976,4.48944912,25852840,700227616.0,,
2016-04-01,2195,4.43439456,4.47777088,4.337632,4.45608272,19679981,519011696.0,,
2016-04-05,2195,4.4544144,4.629588,4.42438464,4.58287504,26830645,730022736.0,,
2016-04-06,2195,4.4877808,4.53449376,4.421048,4.49278576,27453564,738049808.0,,
2016-04-07,2195,4.5211472,4.5294888,4.36766176,4.3709984,19249626,510697536.0,,
2016-04-08,2195,4.32428544,4.33262704,4.20583472,4.27423584,17357235,444710064.0,,
2016-04-11,2195,4.32261712,4.43606288,4.32261712,4.39935984,15215907,400717216.0,,
2016-04-12,2195,4.37266672,4.42438464,4.28090912,4.38100832,13338373,347343936.0,,
2016-04-13,2195,4.4127064,4.53282544,4.3876816,4.45274608,27354701,733255104.0,,
2016-04-14,2195,4.504464,4.51781056,4.40603312,4.4710976,19992719,534641872.0,,
2016-04-15,2195,4.45274608,4.462756,4.37767168,4.39935984,15846756,418845040.0,,
2016-04-18,2195,4.337632,4.337632,4.27256752,4.29926064,12132809,312510368.0,,
2016-04-19,2195,4.35097856,4.40936976,4.2792408,4.3960232,13304047,347166304.0,,
2016-04-20,2195,4.421048,4.4377312,3.96726496,4.03399776,22886978,570174480.0,,
2016-04-21,2195,4.0373344,4.06569584,3.93890352,3.95225008,12502168,301240576.0,,
2016-04-22,2195,3.9706016,4.13576528,3.9706016,4.12575536,15487668,377571280.0,,
2016-04-25,2195,4.18581488,4.2208496,4.04067104,4.08404736,12751977,315907680.0,,
2016-04-26,2195,4.06402752,4.1207504,4.03900272,4.11741376,8851588,216668510.0,,
2016-04-27,2195,4.10907216,4.129092,4.00897296,4.0373344,9830471,240397222.0,,
2016-04-28,2195,4.04400768,4.087384,3.9372352,4.03566608,10202266,244811807.0,,
2016-04-29,2195,3.98895312,4.03566608,3.9706016,4.00229968,6350226,152414222.0,,
2016-05-03,2195,4.00897296,4.1874832,4.00730464,4.18247824,14205144,351875616.0,,
2016-05-04,2195,4.1374336,4.18080992,4.11574544,4.16579504,12634878,314472304.0,,
2016-05-05,2195,4.15578512,4.18080992,4.12575536,4.16579504,10415367,259663383.0,,
2016-05-06,2195,4.16579504,4.23085952,3.96226,3.97727488,17844963,436540592.0,,
2016-05-09,2195,3.9372352,3.9372352,3.77540816,3.8121112,11670219,268121701.0,,
2016-05-10,2195,3.8037696,3.85215088,3.79042304,3.8287944,6749272,154801354.0,,
2016-05-11,2195,3.85548752,3.86716576,3.78875472,3.79209136,6708415,153857427.0,,
2016-05-12,2195,3.7453784,3.77707648,3.67197232,3.7704032,7639813,170449898.0,,
2016-05-13,2195,3.74704672,3.81878448,3.72202192,3.75038336,5776303,130669719.0,,
2016-05-16,2195,3.74371008,3.81878448,3.71368032,3.8121112,6750739,153035328.0,,
2016-05-17,2195,3.82212112,3.91554704,3.7370368,3.84714592,10432184,239216974.0,,
2016-05-18,2195,3.8037696,3.8037696,3.67197232,3.7036704,8937620,199565111.0,,
2016-05-19,2195,3.71034368,3.86049248,3.71034368,3.76539824,10407463,237260069.0,,
2016-05-20,2195,3.73536848,3.83546768,3.70700704,3.83379936,8632086,195755674.0,,
2016-05-23,2195,3.83213104,3.89052224,3.82378944,3.85048256,10694668,247251613.0,,
2016-05-24,2195,3.8287944,3.84214096,3.73870512,3.7620616,7528397,170355726.0,,
2016-05-25,2195,3.85215088,4.13910192,3.85048256,4.045676,39854736,973962272.0,,
2016-05-26,2195,3.95225008,4.01564624,3.81377952,4.00229968,27750074,651239152.0,,
2016-05-27,2195,3.9789432,3.99228976,3.9122104,3.94891344,13323843,315508848.0,,
2016-05-30,2195,3.92222032,4.15244848,3.89052224,4.02231952,18203041,441482416.0,,
2016-05-31,2195,4.0707008,4.33262704,4.01731456,4.32762208,39061592,983444800.0,,
2016-06-01,2195,4.3611141,4.43815375,4.2271321,4.3142204,80102253,1030078768.0,,
2016-06-02,2195,4.2539285,4.33766725,4.2405303,4.3209195,46276977,592691360.0,,
2016-06-03,2195,4.3075213,4.43815375,4.23048165,4.3209195,63885664,826808000.0,,
2016-06-06,2195,4.3276186,4.43815375,4.2673267,4.35106545,45576927,591201696.0,,
2016-06-07,2195,4.30417175,4.3142204,4.2070348,4.2405303,47652332,604353072.0,,
2016-06-08,2195,4.220433,4.2941231,4.19028705,4.25057895,33648908,427588208.0,,
2016-06-13,2195,4.153442,4.1601411,3.8720798,3.87542935,40417237,490053488.0,,
2016-06-14,2195,3.8519825,3.91562395,3.7648942,3.8452834,23867812,272904160.0,,
2016-06-15,2195,3.76824375,4.0060618,3.751496,3.95581855,29887504,350336496.0,,
2016-06-16,2195,3.94911945,3.94911945,3.8452834,3.8720798,25590867,297710080.0,,
2016-06-17,2195,3.9122744,3.9993627,3.885478,3.9189735,23683678,279164624.0,,
2016-06-20,2195,3.9189735,3.9792654,3.83523475,3.952469,19059155,222804230.0,,
2016-06-21,2195,3.99601315,4.0060618,3.85533205,3.8720798,21569095,253563363.0,,
2016-06-22,2195,3.8519825,3.96251765,3.84863295,3.95581855,20282382,236906631.0,,
2016-06-23,2195,3.93572125,4.08310145,3.93572125,4.01611045,31583275,378530016.0,,
2016-06-24,2195,4.02280955,4.0462564,3.75484555,3.90892485,32780002,384854432.0,,
2016-06-27,2195,3.8787789,4.11659695,3.8720798,4.0797519,38011668,456661344.0,,
2016-06-28,2195,4.0529555,4.19028705,4.02950865,4.15009245,44950546,554889408.0,,
2016-06-29,2195,4.15679155,4.16349065,4.0797519,4.12329605,28984621,355780720.0,,
2016-06-30,2195,4.13669425,4.17018975,4.0730528,4.11659695,23059559,283488096.0,,
2016-07-01,2195,4.1132474,4.153442,4.06300415,4.07640235,19209552,235318424.0,,
2016-07-04,2195,4.02950865,4.1668402,4.0261591,4.153442,27000730,332581072.0,,
2016-07-05,2195,4.15679155,4.17688885,4.08980055,4.1400438,25988919,319647216.0,,
2016-07-06,2195,4.12329605,4.1400438,4.08980055,4.1132474,18444679,226411669.0,,
2016-07-07,2195,4.1132474,4.1132474,4.0127609,4.0730528,26271074,318458384.0,,
2016-07-08,2195,4.07640235,4.10989785,4.0328582,4.08310145,17802573,216740271.0,,
2016-07-11,2195,4.08310145,4.15009245,4.05630505,4.0596546,25613909,314248592.0,,
2016-07-12,2195,4.0596546,4.15009245,3.9859645,4.1400438,29385435,356725120.0,,
2016-07-13,2195,4.15679155,4.2472294,4.1132474,4.220433,46459454,580436336.0,,
2016-07-14,2195,4.1869375,4.21038435,4.1400438,4.18358795,28773138,357969584.0,,
2016-07-15,2195,4.1936366,4.19698615,4.10319875,4.11659695,21766146,269179056.0,,
2016-07-18,2195,4.1132474,4.1132474,4.0395573,4.06300415,20691951,251374663.0,,
2016-07-19,2195,4.0730528,4.11659695,4.0462564,4.11659695,20346050,247789149.0,,
2016-07-20,2195,4.1132474,4.13669425,4.06970325,4.11659695,21961201,268859344.0,,
2016-07-21,2195,4.1132474,4.17018975,4.0730528,4.1333447,29599613,364756368.0,,
2016-07-22,2195,4.1132474,4.3410168,4.086451,4.2606276,66004015,833764784.0,,
2016-07-25,2195,4.2539285,4.39126005,4.21708345,4.33766725,57340876,739346640.0,,
2016-07-26,2195,4.3343177,4.43145465,4.27737535,4.354415,49489658,642866736.0,,
2016-07-27,2195,4.287424,4.354415,4.02280955,4.1266456,56166028,704501296.0,,
2016-07-28,2195,4.11659695,4.1333447,3.92902215,3.9993627,38635162,464760848.0,,
2016-07-29,2195,4.00941135,4.03620775,3.8921771,3.9457699,20636772,243641667.0,,
2016-08-01,2195,3.92902215,3.9591681,3.8117879,3.885478,16046214,185575694.0,,
2016-08-02,2195,3.89552665,3.9390708,3.87542935,3.93572125,12383771,144558863.0,,
2016-08-03,2195,3.91562395,3.94242035,3.8921771,3.90892485,14634635,171156170.0,,
2016-08-04,2195,3.8988762,3.9792654,3.89552665,3.95581855,14102794,165633142.0,,
2016-08-05,2195,3.95581855,3.9859645,3.885478,3.885478,15046012,175716483.0,,
2016-08-08,2195,3.86203115,3.9256726,3.818487,3.92232305,12789543,148000995.0,,
2016-08-09,2195,3.92232305,3.96251765,3.8988762,3.952469,15708703,184598155.0,,
2016-08-10,2195,3.9591681,3.9658672,3.90892485,3.91562395,13865050,162775718.0,,
2016-08-11,2195,3.89552665,3.91562395,3.84193385,3.8452834,14103206,163077822.0,,
2016-08-12,2195,3.83523475,3.9122744,3.8251861,3.9055753,12617500,145483102.0,,
2016-08-15,2195,3.90892485,4.0931501,3.8921771,4.0529555,34381426,411436560.0,,
2016-08-16,2195,4.0596546,4.0663537,4.00941135,4.0261591,20593837,248013341.0,,
2016-08-17,2195,4.0261591,4.0462564,3.98261495,4.02950865,16964947,203643863.0,,
2016-08-18,2195,4.03620775,4.05630505,3.9926636,4.01946,17343902,208488701.0,,
2016-08-19,2195,4.01946,4.0261591,3.9859645,3.99601315,13502357,161203590.0,,
2016-08-22,2195,3.99601315,4.0127609,3.9189735,3.9256726,12474760,147683802.0,,
2016-08-23,2195,3.9256726,3.9457699,3.9055753,3.93572125,10679803,125254401.0,,
2016-08-24,2195,3.9457699,4.03620775,3.94242035,3.96921675,17886989,213157254.0,,
2016-08-25,2195,3.93572125,3.9390708,3.87542935,3.9189735,14266085,166315228.0,,
2016-08-26,2195,3.9323717,3.98261495,3.9189735,3.93572125,12214148,144065022.0,,
2016-08-29,2195,3.92902215,3.9658672,3.90222575,3.92902215,10026169,117593125.0,,
2016-08-30,2195,3.94911945,3.96251765,3.9189735,3.93572125,14276578,167900864.0,,
2016-08-31,2195,3.9390708,3.9390708,3.86203115,3.89552665,17900913,207915921.0,,
2016-09-01,2195,3.89552665,3.9725663,3.88882755,3.9189735,26076958,306227168.0,,
2016-09-02,2195,3.9256726,3.9256726,3.86873025,3.885478,16293670,189410968.0,,
2016-09-05,2195,3.9055753,3.9591681,3.8921771,3.89552665,15967984,187252226.0,,
2016-09-06,2195,3.89552665,3.96921675,3.86203115,3.96251765,19900109,233340022.0,,
2016-09-07,2195,3.9591681,3.9993627,3.93572125,3.952469,20310502,240545228.0,,
2016-09-08,2195,3.9591681,3.9859645,3.94242035,3.9658672,14014120,165759363.0,,
2016-09-09,2195,3.95581855,3.9658672,3.9055753,3.9122744,12096219,142137982.0,,
2016-09-12,2195,3.8519825,3.87542935,3.82183655,3.82183655,16607791,190610757.0,,
2016-09-13,2195,3.84863295,3.84863295,3.8117879,3.82853565,8772828,100240982.0,,
2016-09-14,2195,3.84193385,3.8653807,3.8117879,3.8251861,7924173,90683584.0,,
2016-09-19,2195,3.82853565,3.86873025,3.82853565,3.8519825,6624606,76142140.0,,
2016-09-20,2195,3.86203115,3.86203115,3.8251861,3.8385843,6017350,68958394.0,,
2016-09-21,2195,3.84863295,3.86203115,3.8385843,3.84863295,5596293,64333701.0,,
2016-09-22,2195,3.8653807,3.89552665,3.8586816,3.86203115,8768376,101454549.0,,
2016-09-23,2195,3.8653807,3.89552665,3.8519825,3.8586816,7510835,86808244.0,,
2016-09-26,2195,3.8452834,3.84863295,3.7380978,3.74144735,11435120,129916341.0,,
2016-09-27,2195,3.74814645,3.80173925,3.74814645,3.7983897,6863183,77243669.0,,
2016-09-28,2195,3.7983897,3.80173925,3.75484555,3.7648942,5663480,63756270.0,,
2016-09-29,2195,3.7648942,3.7916906,3.7648942,3.76824375,5802946,65421816.0,,
2016-09-30,2195,3.77494285,3.8117879,3.7581951,3.7983897,6217298,70160424.0,,
2016-10-10,2195,3.83523475,3.93572125,3.82853565,3.91562395,17249596,200434095.0,,
2016-10-11,2195,3.9122744,3.9256726,3.8787789,3.8988762,11770529,136791092.0,,
2016-10-12,2195,3.8988762,3.9189735,3.8720798,3.8921771,9645776,112057310.0,,
2016-10-13,2195,3.89552665,3.9390708,3.8720798,3.9122744,14254447,166278568.0,,
2016-10-14,2195,3.89552665,3.90222575,3.85533205,3.87542935,9011835,104213468.0,,
2016-10-17,2195,3.88212845,3.90892485,3.8452834,3.85533205,11943463,138219753.0,,
2016-10-18,2195,3.8452834,3.89552665,3.84193385,3.89552665,9790863,113337944.0,,
2016-10-19,2195,3.8988762,3.9122744,3.8720798,3.88212845,8282128,96103243.0,,
2016-10-20,2195,3.885478,4.01611045,3.8720798,3.93572125,24090705,283901088.0,,
2016-10-21,2195,3.9189735,3.9457699,3.8452834,3.88212845,15984770,185526092.0,,
2016-10-24,2195,3.8720798,3.91562395,3.8586816,3.90222575,11262199,130882387.0,,
2016-10-25,2195,3.8921771,3.94911945,3.88882755,3.9189735,14257891,166994917.0,,
2016-10-26,2195,3.9189735,3.9189735,3.87542935,3.88882755,10543947,122476652.0,,
2016-10-27,2195,3.88882755,3.90892485,3.87542935,3.8921771,8993304,104435674.0,,
2016-10-28,2195,3.8921771,3.9859645,3.885478,3.9658672,31817365,375148272.0,,
2016-10-31,2195,3.94911945,4.00271225,3.9323717,3.99601315,21924629,260290582.0,,
2016-11-01,2195,3.97591585,3.9926636,3.93572125,3.9792654,17214078,203702100.0,,
2016-11-02,2195,3.9658672,4.15009245,3.95581855,4.01946,44818055,543218288.0,,
2016-11-03,2195,3.98261495,4.0529555,3.96251765,4.0395573,25568743,306797920.0,,
2016-11-04,2195,4.03620775,4.0998492,3.9792654,3.98931405,24095422,290534448.0,,
2016-11-07,2195,3.9658672,3.9926636,3.9390708,3.9792654,13449235,159197317.0,,
2016-11-08,2195,3.99601315,4.0730528,3.98931405,4.01946,19181239,230921169.0,,
2016-11-09,2195,4.0060618,4.06300415,3.93572125,3.9792654,20262019,242030404.0,,
2016-11-10,2195,4.01946,4.0529555,3.98931405,4.01946,14865740,178113441.0,,
2016-11-11,2195,4.0127609,4.0328582,3.9591681,4.00271225,19793747,235727552.0,,
2016-11-14,2195,4.0127609,4.0462564,3.99601315,4.03620775,26970566,324059648.0,,
2016-11-15,2195,4.0395573,4.1333447,4.00271225,4.1266456,35048600,425538864.0,,
2016-11-16,2195,4.17018975,4.41135735,4.17018975,4.2539285,74732609,957592176.0,,
2016-11-17,2195,4.1869375,4.287424,4.1601411,4.21038435,32112527,405094592.0,,
2016-11-18,2195,4.2137339,4.3142204,4.19028705,4.21708345,30314521,384934624.0,,
2016-11-21,2195,4.24387985,4.33766725,4.22378255,4.3008222,33245304,424726496.0,,
2016-11-22,2195,4.3209195,4.3343177,4.1869375,4.2271321,32488239,411069040.0,,
2016-11-23,2195,4.23718075,4.2941231,4.1735393,4.19028705,26336913,332919776.0,,
2016-11-24,2195,4.1199465,4.153442,3.9926636,4.01611045,50147833,607561472.0,,
2016-11-25,2195,3.9859645,4.0596546,3.9122744,4.0596546,26514976,316222592.0,,
2016-11-28,2195,4.06300415,4.0797519,4.0060618,4.01611045,18630554,224673673.0,,
2016-11-29,2195,4.01611045,4.02950865,3.96251765,3.96251765,15818058,188876665.0,,
2016-11-30,2195,3.98261495,4.1266456,3.95581855,4.07640235,34860430,424164592.0,,
2016-12-01,2195,4.0797519,4.1333447,4.0462564,4.0730528,22581061,275574032.0,,
2016-12-02,2195,4.05630505,4.0730528,3.9725663,3.98931405,17555896,209889238.0,,
2016-12-05,2195,3.952469,4.0998492,3.9457699,4.02950865,22221132,268981248.0,,
2016-12-06,2195,4.01946,4.0998492,4.01611045,4.0797519,17980126,217883083.0,,
2016-12-07,2195,4.0998492,4.1199465,4.0529555,4.11659695,16727606,204356833.0,,
2016-12-08,2195,4.12329605,4.17018975,4.0797519,4.08980055,17809944,219291051.0,,
2016-12-09,2195,4.086451,4.1065483,4.0462564,4.08980055,15075573,183336276.0,,
2016-12-12,2195,4.086451,4.086451,3.79504015,3.8117879,27212619,318488896.0,,
2016-12-13,2195,3.8050888,3.8653807,3.7782924,3.83523475,13396239,153080889.0,,
2016-12-14,2195,3.82183655,3.83523475,3.751496,3.7782924,12351411,139805327.0,,
2016-12-15,2195,3.81513745,3.8787789,3.79504015,3.8318852,10837981,124199497.0,,
2016-12-16,2195,3.8385843,4.0127609,3.8385843,3.92902215,17311143,204081341.0,,
2016-12-19,2195,3.89552665,3.93572125,3.8586816,3.8787789,8378362,97170034.0,,
2016-12-20,2195,3.885478,3.9323717,3.86873025,3.90222575,10776630,125689381.0,,
2016-12-21,2195,3.90892485,3.9457699,3.8921771,3.9189735,7227302,84298341.0,,
2016-12-22,2195,3.91562395,3.9256726,3.79504015,3.84193385,13665318,156913919.0,,
2016-12-23,2195,3.8452834,3.84863295,3.7916906,3.7983897,9687971,110415330.0,,
2016-12-26,2195,3.7849915,3.885478,3.74814645,3.88212845,12805757,145946997.0,,
2016-12-27,2195,3.87542935,3.88212845,3.84193385,3.85533205,5914140,68106833.0,,
2016-12-28,2195,3.86873025,3.90892485,3.82853565,3.84193385,8664300,100088156.0,,
2016-12-29,2195,3.8519825,3.8586816,3.8050888,3.80843835,9501155,108866441.0,,
2016-12-30,2195,3.79504015,3.82853565,3.76154465,3.7916906,11582606,130692051.0,,
2017-01-03,2195,3.8050888,3.82183655,3.7782924,3.7983897,10122853,114682530.0,,
2017-01-04,2195,3.80173925,3.8787789,3.76824375,3.8519825,11334114,129604141.0,,
2017-01-05,2195,3.8385843,4.0395573,3.8318852,3.9055753,22333272,261397188.0,,
2017-01-06,2195,3.885478,3.885478,3.81513745,3.8251861,14892293,170691014.0,,
2017-01-09,2195,3.82853565,3.8318852,3.7916906,3.82853565,9202988,104687493.0,,
2017-01-10,2195,3.8251861,3.8385843,3.79504015,3.7983897,11445139,130277431.0,,
2017-01-11,2195,3.7916906,3.818487,3.7715933,3.78164195,13532831,153082188.0,,
2017-01-12,2195,3.7916906,3.7916906,3.6309122,3.6309122,21590504,238614721.0,,
2017-01-13,2195,3.58736805,3.60076625,3.38639505,3.416541,31037133,321521184.0,,
2017-01-16,2195,3.41319145,3.41319145,3.1217806,3.24571395,20512546,202287255.0,,
2017-01-17,2195,3.2423644,3.35959865,3.18542205,3.34620045,15205600,148699779.0,,
2017-01-18,2195,3.29930675,3.3227536,3.282559,3.2892581,7692397,75883516.0,,
2017-01-19,2195,3.29260765,3.30600585,3.25241305,3.25911215,8118516,79210301.0,,
2017-01-20,2195,3.25911215,3.37299685,3.2423644,3.35289955,15454150,154228322.0,,
2017-01-23,2195,3.3763464,3.3830455,3.3361518,3.35289955,11147967,111749289.0,,
2017-01-24,2195,3.3428509,3.34955,3.26581125,3.2691608,11087917,108944523.0,,
2017-01-25,2195,3.2490635,3.29260765,3.23231575,3.2691608,7094169,69232469.0,,
2017-01-26,2195,3.2758599,3.3160545,3.2691608,3.3093554,7137768,70341767.0,,
2017-02-03,2195,3.3026563,3.3428509,3.282559,3.32610315,7063267,69802822.0,,
2017-02-06,2195,3.32610315,3.4098419,3.31940405,3.37299685,12681186,127789574.0,,
2017-02-07,2195,3.35959865,3.3830455,3.33280225,3.34955,9934865,99383068.0,,
2017-02-08,2195,3.34955,3.37969595,3.3361518,3.3763464,10383008,104151672.0,,
2017-02-09,2195,3.3830455,3.3964437,3.35959865,3.3830455,13784351,138906858.0,,
2017-02-10,2195,3.3830455,3.39309415,3.34620045,3.34955,14348105,143805223.0,,
2017-02-13,2195,3.3428509,3.37969595,3.3361518,3.36629775,14809837,148633466.0,,
2017-02-14,2195,3.3696473,3.3763464,3.3428509,3.35289955,13771357,137795359.0,,
2017-02-15,2195,3.34955,3.35959865,3.26581125,3.28590855,20774982,205384813.0,,
2017-02-16,2195,3.26581125,3.30600585,3.26581125,3.29930675,9067694,89063345.0,,
2017-02-17,2195,3.3160545,3.60746535,3.3160545,3.4299392,42076619,433017504.0,,
2017-02-20,2195,3.38639505,3.43998785,3.3763464,3.42658965,19416009,197288155.0,,
2017-02-21,2195,3.43328875,3.50027975,3.39309415,3.4768329,23933261,247092147.0,,
2017-02-22,2195,3.56057165,3.6443104,3.5572221,3.5773194,45693427,490561792.0,,
2017-02-23,2195,3.58736805,3.6242131,3.52707615,3.61416445,30147899,322552352.0,,
2017-02-24,2195,3.60076625,3.8117879,3.58736805,3.751496,47502873,528351232.0,,
2017-02-27,2195,3.7447969,3.8519825,3.64765995,3.6510095,44788389,500906704.0,,
2017-02-28,2195,3.67445635,4.01611045,3.67445635,3.9122744,79686986,934503040.0,,
2017-03-01,2195,3.86873025,3.95581855,3.8050888,3.9055753,49199942,570877392.0,,
2017-03-02,2195,3.885478,3.90222575,3.80843835,3.818487,23788651,272588608.0,,
2017-03-03,2195,3.7983897,3.8720798,3.72804915,3.8385843,19983435,227415057.0,,
2017-03-06,2195,3.818487,3.98261495,3.80173925,3.9122744,26931266,315512304.0,,
2017-03-07,2195,3.88882755,3.9390708,3.85533205,3.9122744,20987313,244352940.0,,
2017-03-08,2195,3.93572125,4.0328582,3.8586816,3.8653807,22214302,261526350.0,,
2017-03-09,2195,3.8519825,3.8586816,3.7581951,3.7849915,20001751,226429152.0,,
2017-03-10,2195,4.01946,4.086451,3.91562395,3.9859645,83461794,996577856.0,,
2017-03-13,2195,4.04290685,4.3410168,3.9725663,4.2941231,83853922,1038276336.0,,
2017-03-14,2195,4.27067625,4.3075213,4.1735393,4.21708345,55467578,700975424.0,,
2017-03-15,2195,4.220433,4.2673267,4.08980055,4.1333447,42771204,531386048.0,,
2017-03-16,2195,4.153442,4.39126005,4.153442,4.2539285,57237568,731471776.0,,
2017-03-17,2195,4.22378255,4.3008222,4.15679155,4.17688885,31754187,400603664.0,,
2017-03-20,2195,4.19698615,4.27067625,4.1065483,4.1802384,27998428,349136384.0,,
2017-03-21,2195,4.16349065,4.2338312,4.12999515,4.2271321,26117428,326169008.0,,
2017-03-22,2195,4.1802384,4.19698615,4.0596546,4.10989785,28034876,345600976.0,,
2017-03-23,2195,4.1467429,4.153442,4.04290685,4.0663537,28583855,348823536.0,,
2017-03-24,2195,4.0797519,4.09649965,3.9926636,4.06970325,30296235,365830064.0,,
2017-03-27,2195,4.03620775,4.1735393,4.02950865,4.09649965,21517280,264447480.0,,
2017-03-28,2195,4.0730528,4.1467429,4.0663537,4.09649965,13641084,167128831.0,,
2017-03-29,2195,4.1199465,4.19028705,4.08980055,4.08980055,22387368,276325200.0,,
2017-03-30,2195,4.05630505,4.0596546,3.82853565,3.8586816,48128855,563074960.0,,
2017-03-31,2195,3.87542935,3.9122744,3.82183655,3.8787789,21571642,249339846.0,,
2017-04-05,2195,3.8787789,3.95581855,3.81513745,3.91562395,22350707,259858911.0,,
2017-04-06,2195,3.8988762,4.03620775,3.8988762,3.94242035,27612257,328377840.0,,
2017-04-07,2195,3.9189735,3.93572125,3.8452834,3.90892485,24738508,286574224.0,,
2017-04-10,2195,3.9122744,3.91562395,3.7849915,3.78834105,22813784,260915662.0,,
2017-04-11,2195,3.71465095,3.71465095,3.416541,3.5840185,78376902,831976464.0,,
2017-04-12,2195,3.5170275,3.617514,3.48688155,3.5304257,22029559,234201855.0,,
2017-04-13,2195,3.5639212,3.6309122,3.5639212,3.5974167,21010410,225957848.0,,
2017-04-14,2195,3.5773194,3.70125275,3.5773194,3.6309122,21751845,236925984.0,,
2017-04-17,2195,3.64096085,3.6443104,3.5170275,3.56727075,14418920,153243844.0,,
2017-04-18,2195,3.5729875,3.62443852,3.50438614,3.5729875,23324502,145811855.0,,
2017-04-19,2195,3.53297004,3.61872174,3.44721834,3.6015714,29871042,184478941.0,,
2017-04-20,2195,3.59585462,3.76735802,3.53868682,3.69875666,45585289,291988128.0,,
2017-04-21,2195,3.69875666,3.715907,3.6301553,3.6301553,25244635,161844675.0,,
2017-04-24,2195,3.715907,3.73305734,3.55583716,3.57870428,40538873,257670764.0,,
2017-04-25,2195,3.59013784,3.6873231,3.53297004,3.56155394,32492426,204431747.0,,
2017-04-26,2195,3.52725326,3.52725326,3.33288274,3.35574986,67343929,401130992.0,,
2017-04-27,2195,3.31001562,3.35574986,3.16709612,3.32144918,63879262,364025152.0,,
2017-04-28,2195,3.32716596,3.39005054,3.2871485,3.3729002,39693526,232663641.0,,
2017-05-02,2195,3.3729002,3.43578478,3.32716596,3.38433376,31795375,188672076.0,,
2017-05-03,2195,3.36718342,3.45293512,3.35574986,3.41291766,32181693,191616708.0,,
2017-05-04,2195,3.41291766,3.4586519,3.35003308,3.40720088,30538960,182951136.0,,
2017-05-05,2195,3.4014841,3.41291766,3.29858206,3.30429884,29695498,173996596.0,,
2017-05-08,2195,3.2871485,3.40720088,3.27571494,3.35003308,34871845,204729671.0,,
2017-05-09,2195,3.33859952,3.46436868,3.3157324,3.430068,36044133,214490493.0,,
2017-05-10,2195,3.43578478,3.63587208,3.430068,3.53868682,71948187,445206432.0,,
2017-05-11,2195,3.47008546,3.56727072,3.41863444,3.53868682,45486959,278024992.0,,
2017-05-12,2195,3.5158197,3.57870428,3.4872358,3.5158197,27548292,169694948.0,,
2017-05-15,2195,3.63587208,3.715907,3.5158197,3.52153648,46137966,288630496.0,,
2017-05-16,2195,3.46436868,3.55012038,3.3729002,3.5444036,48877265,296329184.0,,
2017-05-17,2195,3.52725326,3.6301553,3.49866936,3.52153648,43869469,272579904.0,,
2017-05-18,2195,3.47580224,3.51010292,3.44721834,3.46436868,23765555,144498007.0,,
2017-05-19,2195,3.46436868,3.51010292,3.41863444,3.47008546,25702313,156056761.0,,
2017-05-22,2195,3.46436868,3.47008546,3.35574986,3.36146664,26846895,160065239.0,,
2017-05-23,2195,3.35574986,3.4014841,3.2585646,3.26999816,23044307,134523728.0,,
2017-05-24,2195,3.2585646,3.3443163,3.22426392,3.32144918,22185983,127917290.0,,
2017-05-25,2195,3.32716596,3.37861698,3.26428138,3.36146664,28398215,165152861.0,,
2017-05-26,2195,3.36146664,3.3729002,3.33288274,3.3443163,17747434,104167066.0,,
2017-05-31,2195,3.39576732,3.48151902,3.3729002,3.42435122,43787719,263252783.0,,
2017-06-01,2195,3.40720088,3.4586519,3.33859952,3.3729002,24716332,147112612.0,,
2017-06-02,2195,3.33288274,3.49295258,3.29858206,3.47008546,39548119,234867059.0,,
2017-06-05,2195,3.47580224,3.56727072,3.44721834,3.5444036,48784289,300030784.0,,
2017-06-06,2195,3.52153648,3.55583716,3.49295258,3.52725326,22308242,137227466.0,,
2017-06-07,2195,3.53297004,3.6301553,3.5158197,3.58442106,46363543,289645792.0,,
2017-06-08,2195,3.5729875,3.58442106,3.51010292,3.52725326,27757365,171920732.0,,
2017-06-09,2195,3.5158197,3.55583716,3.48151902,3.53297004,25844464,158856645.0,,
2017-06-12,2195,3.5158197,3.5158197,3.430068,3.44150156,29179054,176669546.0,,
2017-06-13,2195,3.430068,3.53868682,3.42435122,3.5158197,26334415,161055027.0,,
2017-06-14,2195,3.50438614,3.52153648,3.46436868,3.4872358,19821792,120957699.0,,
2017-06-15,2195,3.47008546,3.70447344,3.47008546,3.64730564,72983269,461072288.0,,
2017-06-16,2195,3.62443852,3.64730564,3.5729875,3.59585462,36350994,229239626.0,,
2017-06-19,2195,3.57870428,3.61872174,3.56727072,3.60728818,24655651,155054506.0,,
2017-06-20,2195,3.61872174,3.73877412,3.61300496,3.64730564,60584304,389516128.0,,
2017-06-21,2195,3.71019022,3.77879158,3.6587392,3.69875666,57733766,374871424.0,,
2017-06-22,2195,3.70447344,3.9159943,3.64158886,3.75592446,106787720,706673360.0,,
2017-06-23,2195,3.73877412,4.01889634,3.72162378,3.98459566,127439918,870246352.0,,
2017-06-26,2195,3.9731621,4.0874977,3.92171108,4.04748024,132644054,928234080.0,,
2017-06-27,2195,4.00746278,4.10464804,3.9731621,4.08178092,106221035,751430464.0,,
2017-06-28,2195,4.04748024,4.10464804,3.95029498,3.96744532,98302547,691666384.0,,
2017-06-29,2195,3.9731621,4.16181584,3.92171108,4.1446655,115132440,817942528.0,,
2017-06-30,2195,4.09893126,4.13323194,4.0589138,4.0874977,66703573,476956608.0,,
2017-07-03,2195,3.98459566,4.0303299,3.89884396,3.93314464,114640064,793823808.0,,
2017-07-04,2195,3.93314464,4.00746278,3.8874104,3.95029498,65540150,453220320.0,,
2017-07-05,2195,3.92742786,3.99602922,3.89312718,3.99031244,63394534,436792064.0,,
2017-07-06,2195,3.96172854,4.07606414,3.9445782,4.00746278,73086593,513693200.0,,
2017-07-07,2195,3.9731621,3.99602922,3.89312718,3.92171108,60856549,418984816.0,,
2017-07-10,2195,3.9445782,3.9731621,3.89312718,3.93314464,40888833,280731776.0,,
2017-07-11,2195,3.92171108,3.96744532,3.89884396,3.92171108,39064255,268672480.0,,
2017-07-12,2195,3.90456074,3.96172854,3.75592446,3.84739294,53092062,357762560.0,,
2017-07-13,2195,3.81880904,3.83595938,3.7730748,3.81309226,34971384,232593865.0,,
2017-07-14,2195,3.8016587,3.9159943,3.79022514,3.84167616,41462474,279835264.0,,
2017-07-17,2195,3.8016587,3.81309226,3.52725326,3.55583716,67573786,432458864.0,,
2017-07-18,2195,3.5444036,3.61300496,3.4586519,3.5729875,46042526,284479008.0,,
2017-07-19,2195,3.53297004,3.62443852,3.5158197,3.6015714,41447352,258521583.0,,
2017-07-20,2195,3.59013784,3.69875666,3.55583716,3.6015714,45428657,289026768.0,,
2017-07-21,2195,3.6015714,3.6587392,3.56155394,3.59013784,32854361,207253577.0,,
2017-07-24,2195,3.6587392,3.75592446,3.6587392,3.70447344,57308586,371814608.0,,
2017-07-25,2195,3.68160632,3.75020768,3.67017276,3.715907,32869489,212917274.0,,
2017-07-26,2195,3.71019022,3.73305734,3.66445598,3.6873231,28074148,181045606.0,,
2017-07-27,2195,3.68160632,4.0589138,3.64730564,4.0589138,166056019,1146072208.0,,
2017-07-28,2195,4.11036482,4.32188568,4.0589138,4.2304172,228664613,1674745328.0,价格异常,11.285266457680244
2017-07-31,2195,4.18468296,4.65345892,4.16753262,4.4876723,228397126,1787583504.0,,
2017-08-01,2195,4.4590884,4.62487502,4.39048704,4.43622128,171708543,1345916848.0,,
2017-08-02,2195,4.44765484,4.47623874,4.27615144,4.42478772,180213738,1372232656.0,,
2017-08-03,2195,4.3733367,4.50482264,4.29330178,4.3161689,152753676,1174007760.0,,
2017-08-04,2195,4.28186822,4.47052196,4.22470042,4.4305045,157480730,1197876240.0,,
2017-08-07,2195,4.4019206,4.50482264,4.3447528,4.39048704,102424454,792071600.0,,
2017-08-08,2195,4.35046958,4.77922808,4.29330178,4.7163435,212405879,1675429920.0,,
2017-08-09,2195,4.64202536,4.72777706,4.53912332,4.56770722,148388495,1198691024.0,,
2017-08-10,2195,4.55627366,4.66489248,4.4019206,4.47623874,121696586,963350464.0,,
2017-08-11,2195,4.4019206,4.5448401,4.32188568,4.36190314,106961216,825337536.0,,
2017-08-14,2195,4.3447528,4.61344146,4.3447528,4.56770722,123432983,971586944.0,,
2017-08-15,2195,4.57914078,4.61915824,4.47623874,4.53912332,86020771,680691328.0,,
2017-08-16,2195,4.52768976,4.84211266,4.49338908,4.7163435,182566252,1494622816.0,,
2017-08-17,2195,4.67060926,5.13938522,4.64774214,5.00789928,221206797,1900420528.0,,
2017-08-18,2195,4.9164308,5.00789928,4.8306791,4.84782944,140452665,1203146992.0,,
2017-08-21,2195,4.859263,4.92786436,4.8020952,4.8878469,104285668,886318144.0,,
2017-08-22,2195,4.8878469,4.8878469,4.7449274,4.8306791,92448003,777596224.0,,
2017-08-23,2195,4.8020952,4.89928046,4.6877596,4.69919316,90945277,759658000.0,,
2017-08-24,2195,4.6877596,4.73921062,4.573424,4.61344146,89353991,723872720.0,,
2017-08-25,2195,4.60772468,4.72777706,4.57914078,4.7163435,90430626,737383184.0,,
2017-08-28,2195,4.71062672,4.89356368,4.69347638,4.70490994,133247784,1118335584.0,,
2017-08-29,2195,4.70490994,4.70490994,4.6020079,4.62487502,90491529,734860064.0,,
2017-08-30,2195,4.60772468,4.7163435,4.58485756,4.61915824,80494928,652953728.0,,
2017-08-31,2195,4.61915824,4.67060926,4.58485756,4.63630858,66145316,535362080.0,,
2017-09-01,2195,4.62487502,4.73349384,4.4876723,4.71062672,156050841,1256843792.0,,
2017-09-04,2195,4.67632604,4.81924554,4.64774214,4.75636096,125507145,1039368112.0,,
2017-09-05,2195,4.76207774,4.78494486,4.60772468,4.61915824,90858600,742872672.0,,
2017-09-06,2195,4.58485756,4.59629112,4.50482264,4.52768976,93992868,746048928.0,,
2017-09-07,2195,4.46480518,4.59057434,4.41907094,4.42478772,107082926,839201792.0,,
2017-09-08,2195,4.4019206,4.4876723,4.39048704,4.4305045,56328514,436645776.0,,
2017-09-11,2195,4.4305045,4.4876723,4.41335416,4.48195552,45496567,354980720.0,,
2017-09-12,2195,4.46480518,4.47052196,4.37905348,4.42478772,74103715,572732995.82,,
2017-09-13,2195,4.4305045,4.45337162,4.39048704,4.41335416,40118696,309491853.37,,
2017-09-14,2195,4.42478772,4.573424,4.39048704,4.53340654,88532811,694134372.03,,
2017-09-15,2195,4.52197298,4.53340654,4.40763738,4.41335416,55334680,430510731.63,,
2017-09-18,2195,4.38477026,4.42478772,4.35618636,4.38477026,48636856,373076693.43,,
2017-09-19,2195,4.39620382,4.46480518,4.39048704,4.41335416,62497115,484502116.25,,
2017-09-20,2195,4.4019206,4.41907094,4.32760246,4.4019206,51744193,396382163.46,,
2017-09-21,2195,4.39620382,4.52197298,4.3733367,4.4305045,81727578,637877680.64,,
2017-09-22,2195,4.40763738,4.42478772,4.35046958,4.37905348,41561962,318393243.3,,
2017-09-25,2195,4.3447528,4.40763738,4.1732494,4.2018333,52370682,395397453.02,,
2017-09-26,2195,4.1732494,4.2304172,4.08178092,4.13894872,56741595,411474877.91,,
2017-09-27,2195,4.15038228,4.2018333,4.12751516,4.17896618,35654336,259844259.31,,
2017-09-28,2195,4.12179838,4.15609906,4.001746,4.06463058,75785892,539514593.53,,
2017-09-29,2195,4.05319702,4.09321448,4.02461312,4.07606414,40571918,288481891.93,,
2017-10-09,2195,4.06463058,4.24756754,4.03604668,4.2018333,78847729,575962979.0,,
2017-10-10,2195,4.16181584,4.26471788,4.15038228,4.2304172,49529138,365986627.13,,
2017-10-11,2195,4.23613398,4.24185076,4.15609906,4.18468296,42157965,308169133.71,,
2017-10-12,2195,4.18468296,4.2018333,4.10464804,4.13894872,34142534,247726588.44,,
2017-10-13,2195,4.1446655,4.27615144,4.12179838,4.2590011,61056362,450796558.07,,
2017-10-16,2195,4.24185076,4.27043466,4.1446655,4.15038228,43887632,322993382.0,,
2017-10-17,2195,4.1446655,4.2590011,4.12179838,4.19039974,35426609,259816540.25,,
2017-10-18,2195,4.19039974,4.25328432,4.13323194,4.15609906,33713606,246585154.03,,
2017-10-19,2195,4.21326686,4.3161689,4.2018333,4.27043466,94451262,706168508.63,,
2017-10-20,2195,4.24185076,4.32760246,4.2018333,4.31045212,59543845,444964633.92,,
2017-10-23,2195,4.29330178,4.29901856,4.21326686,4.27615144,53956392,401178773.09,,
2017-10-24,2195,4.2304172,4.2304172,4.09321448,4.1446655,62588811,454652171.68,,
2017-10-25,2195,4.15038228,4.18468296,4.07606414,4.16181584,45158754,326300686.38,,
2017-10-26,2195,4.15038228,4.16181584,4.0874977,4.15038228,41183193,297686803.5,,
2017-10-27,2195,4.11036482,4.1446655,4.09321448,4.09893126,35226266,253853541.27,,
2017-10-30,2195,4.07606414,4.07606414,3.77879158,3.81309226,98215682,669257511.31,,
2017-10-31,2195,3.8016587,3.89884396,3.8016587,3.88169362,41266953,279571568.61,,
2017-11-01,2195,3.8874104,4.09321448,3.86454328,4.04748024,75684995,529516864.23,,
2017-11-02,2195,3.99031244,4.12179838,3.92171108,4.05319702,65271898,459567192.15,,
2017-11-03,2195,3.99031244,4.09893126,3.95601176,4.001746,39324579,277057141.42,,
2017-11-06,2195,4.0303299,4.04748024,3.97887888,4.04176346,28790981,202386973.4,,
2017-11-07,2195,4.07034736,4.16181584,3.96744532,4.00746278,63643709,452072217.51,,
2017-11-08,2195,4.00746278,4.07034736,3.96172854,4.01889634,51368645,360850238.76,,
2017-11-09,2195,3.99602922,4.05319702,3.95601176,4.001746,38360572,268580068.52,,
2017-11-10,2195,3.99031244,4.02461312,3.95029498,3.99602922,43549058,303606693.18,,
2017-11-13,2195,3.90456074,3.92171108,3.83595938,3.84167616,65257414,441103452.52,,
2017-11-14,2195,3.81880904,3.8874104,3.81880904,3.84167616,33517512,226220864.53,,
2017-11-15,2195,3.84167616,3.87026006,3.79022514,3.80737548,30039247,201055526.23,,
2017-11-16,2195,3.8016587,3.86454328,3.79594192,3.81309226,25187666,168810012.95,,
2017-11-17,2195,3.80737548,3.82452582,3.55583716,3.59585462,69529089,444315945.96,,
2017-11-20,2195,3.59585462,3.63587208,3.49866936,3.62443852,30185062,189680057.8,,
2017-11-21,2195,3.6301553,3.65302242,3.56155394,3.61300496,27307675,172283886.18,,
2017-11-22,2195,3.61300496,3.61300496,3.52153648,3.53868682,38115171,236790583.2,,
2017-11-23,2195,3.52725326,3.52725326,3.38433376,3.44721834,43977105,266581074.39,,
2017-11-24,2195,3.43578478,3.50438614,3.41863444,3.4586519,27616024,167294704.88,,
2017-11-27,2195,3.45293512,3.4586519,3.38433376,3.39005054,33798094,202383910.07,,
2017-11-28,2195,3.39576732,3.4586519,3.39005054,3.45293512,29101583,174696866.26,,
2017-11-29,2195,3.45293512,3.47580224,3.39576732,3.47008546,29625886,177845137.73,,
2017-11-30,2195,3.46436868,3.48151902,3.41863444,3.430068,21436083,129171317.87,,
2017-12-01,2195,3.41863444,3.61872174,3.41863444,3.6015714,66508557,412985379.87,,
2017-12-04,2195,3.55012038,3.57870428,3.52725326,3.53868682,35015884,217272070.32,,
2017-12-05,2195,3.51010292,3.53868682,3.430068,3.44721834,33688897,204447614.71,,
2017-12-06,2195,3.44721834,3.57870428,3.42435122,3.56155394,40938302,250820481.78,,
2017-12-07,2195,3.55583716,3.56155394,3.49866936,3.52153648,30548325,188645158.29,,
2017-12-08,2195,3.5158197,3.59585462,3.49866936,3.52153648,38305934,237458634.04,,
2017-12-11,2195,3.5444036,3.6301553,3.53868682,3.60728818,70882433,445749177.13,,
2017-12-12,2195,3.59585462,3.59585462,3.53297004,3.5444036,34821660,216661928.63,,
2017-12-13,2195,3.52153648,3.55012038,3.47580224,3.52153648,31699618,194494698.81,,
2017-12-14,2195,3.49866936,3.50438614,3.44150156,3.4586519,37491027,227084206.46,,
2017-12-15,2195,3.44721834,3.47008546,3.41863444,3.4586519,25667729,154461236.92,,
2017-12-18,2195,3.44721834,3.47008546,3.4014841,3.41291766,28071087,168300213.75,,
2017-12-19,2195,3.430068,3.48151902,3.42435122,3.47580224,31104730,188489826.22,,
2017-12-20,2195,3.47008546,3.47580224,3.430068,3.43578478,21962967,132274499.9,,
2017-12-21,2195,3.43578478,3.47008546,3.40720088,3.47008546,21244389,128095051.56,,
2017-12-22,2195,3.46436868,3.47580224,3.41291766,3.430068,28027573,168445790.55,,
2017-12-25,2195,3.430068,3.430068,3.28143172,3.31001562,44288981,258372911.04,,
2017-12-26,2195,3.30429884,3.36718342,3.26999816,3.3443163,25721081,149303133.82,,
2017-12-27,2195,3.33288274,3.33859952,3.30429884,3.30429884,19963755,115808044.04,,
2017-12-28,2195,3.29286528,3.35574986,3.28143172,3.3157324,21672235,125958344.56,,
2017-12-29,2195,3.3157324,3.33859952,3.30429884,3.33859952,17095553,99350623.5,,
2018-01-02,2195,3.3443163,3.37861698,3.3157324,3.37861698,33875755,198413539.59,,
2018-01-03,2195,3.3729002,3.44150156,3.36146664,3.43578478,43368835,258928870.18,,
2018-01-04,2195,3.42435122,3.47008546,3.41291766,3.44721834,31038769,186899294.52,,
2018-01-05,2195,3.44150156,3.53297004,3.430068,3.5158197,48501616,296298329.72,,
2018-01-08,2195,3.5158197,3.52725326,3.47008546,3.4872358,37332686,227689318.11,,
2018-01-09,2195,3.47580224,3.50438614,3.44150156,3.46436868,33229700,201784519.47,,
2018-01-10,2195,3.4586519,3.6301553,3.44721834,3.6015714,89719765,558093558.42,,
2018-01-11,2195,3.57870428,3.96172854,3.55012038,3.87026006,165564166,1108261295.79,,
2018-01-12,2195,3.8588265,3.8588265,3.69875666,3.70447344,85120050,559186608.14,,
2018-01-15,2195,3.64158886,3.64730564,3.50438614,3.55012038,70950644,442662875.99,,
2018-01-16,2195,3.50438614,3.5729875,3.49866936,3.55012038,41143010,254569158.85,,
2018-01-17,2195,3.5158197,3.52725326,3.40720088,3.49866936,49210761,298506173.61,,
2018-01-18,2195,3.4872358,3.55012038,3.46436868,3.49866936,25962274,159321584.16,,
2018-01-19,2195,3.50438614,3.53297004,3.47008546,3.49295258,28772946,176022521.6,,
2018-01-22,2195,3.47580224,3.62443852,3.42435122,3.59013784,59341212,367843428.59,,
2018-01-23,2195,3.55583716,3.61300496,3.53868682,3.55583716,31915402,198955708.74,,
2018-01-24,2195,3.55583716,3.70447344,3.49866936,3.67588954,72554611,459886671.31,,
2018-01-25,2195,3.6587392,3.73305734,3.61872174,3.61872174,55274263,354551266.6,,
2018-01-26,2195,3.6015714,3.7444909,3.59013784,3.65302242,50054119,320807831.71,,
2018-01-29,2195,3.64730564,3.73305734,3.6015714,3.62443852,37841650,242024785.58,,
2018-01-30,2195,3.60728818,3.67588954,3.59585462,3.61300496,26264888,166612373.86,,
2018-01-31,2195,3.59585462,3.60728818,3.44150156,3.46436868,43492523,266053346.12,,
2018-02-01,2195,3.45293512,3.51010292,3.3443163,3.3729002,41112056,246566666.8,,
2018-02-02,2195,3.3443163,3.45293512,3.32144918,3.41291766,30958618,184012299.74,,
2018-02-05,2195,3.36146664,3.40720088,3.33288274,3.3729002,28414628,167678849.88,,
2018-02-06,2195,3.3157324,3.36146664,3.0870612,3.09277798,54110694,304518390.11,,
2018-02-07,2195,3.16137934,3.2013968,3.03561018,3.12136188,47090922,257484543.12,,
2018-02-08,2195,3.12136188,3.21283036,3.10992832,3.18424646,32901603,182640060.68,,
2018-02-09,2195,3.10992832,3.1728129,3.03561018,3.08134442,42151877,228438866.1,,
2018-02-12,2195,3.12707866,3.18424646,3.09277798,3.16137934,33262309,182897410.18,,
2018-02-13,2195,3.16137934,3.18996324,3.12136188,3.12707866,29307586,161493507.68,,
2018-02-14,2195,3.13851222,3.14994578,3.09277798,3.1156451,15069683,82082842.57,,
2018-02-22,2195,3.14994578,3.20711358,3.13279544,3.20711358,26916420,149598157.88,,
2018-02-23,2195,3.19568002,3.19568002,3.15566256,3.18996324,20268857,112660475.96,,
2018-02-26,2195,3.20711358,3.30429884,3.17852968,3.28143172,44697655,254276264.24,,
2018-02-27,2195,3.26999816,3.4014841,3.25284782,3.35003308,59933517,351589217.36,,
2018-02-28,2195,3.3157324,3.4872358,3.26999816,3.4586519,74095468,443312717.56,,
2018-03-01,2195,3.41291766,3.57870428,3.3729002,3.55583716,89277158,544591211.8,,
2018-03-02,2195,3.51010292,3.55012038,3.45293512,3.4586519,63151113,385423306.5,,
2018-03-05,2195,3.47008546,3.4872358,3.39576732,3.4586519,53888753,323957797.31,,
2018-03-06,2195,3.47008546,3.49295258,3.430068,3.48151902,53660214,324649134.13,,
2018-03-07,2195,3.4586519,3.47580224,3.4014841,3.40720088,37766925,226895229.05,,
2018-03-08,2195,3.40720088,3.45293512,3.39576732,3.41863444,29350607,175617296.34,,
2018-03-09,2195,3.41863444,3.6587392,3.4014841,3.56155394,91587200,565922488.57,,
2018-03-12,2195,3.5729875,3.64730564,3.55012038,3.61872174,82981091,521640209.41,,
2018-03-13,2195,3.58442106,3.61872174,3.52725326,3.55012038,65325537,407922355.02,,
2018-03-14,2195,3.51010292,3.53297004,3.41291766,3.43578478,91070205,550311771.09,,
2018-03-15,2195,3.4014841,3.43578478,3.3443163,3.38433376,49743698,294682528.26,,
2018-03-16,2195,3.39005054,3.44721834,3.37861698,3.39005054,37447042,223212841.49,,
2018-03-19,2195,3.39576732,3.45293512,3.35574986,3.40720088,35510338,212369980.81,,
2018-03-20,2195,3.35574986,3.36146664,3.26428138,3.3443163,48246560,279762854.4,,
2018-03-21,2195,3.31001562,3.36718342,3.27571494,3.28143172,41484019,241083166.02,,
2018-03-22,2195,3.27571494,3.32716596,3.27571494,3.2871485,32435307,187303594.21,,
2018-03-23,2195,3.19568002,3.19568002,2.96700882,3.02417662,69091898,373820270.76,,
2018-03-26,2195,2.9441417,3.08134442,2.9155578,3.07562764,35948767,188922713.36,,
2018-03-27,2195,3.10992832,3.23569748,3.09849476,3.19568002,51348835,284157123.76,,
2018-03-28,2195,3.12707866,3.19568002,3.10992832,3.16137934,33453672,184769185.32,,
2018-03-29,2195,3.19568002,3.27571494,3.16709612,3.21283036,39416929,222446958.81,,
2018-03-30,2195,3.23569748,3.28143172,3.18996324,3.27571494,37284540,211545049.53,,
2018-04-02,2195,3.2871485,3.35574986,3.24713104,3.29286528,53617574,309987793.73,,
2018-04-03,2195,3.33288274,3.4586519,3.30429884,3.3443163,79698389,470560061.99,,
2018-04-04,2195,3.36718342,3.38433376,3.24141426,3.26428138,41814218,241584808.6,,
2018-04-09,2195,3.24141426,3.26999816,3.16709612,3.21283036,32986281,185836606.43,,
2018-04-10,2195,3.24141426,3.24141426,3.1728129,3.21854714,28823250,161497068.44,,
2018-04-11,2195,3.22426392,3.38433376,3.22426392,3.33859952,62563568,364169945.11,,
2018-04-12,2195,3.3443163,3.45293512,3.3443163,3.38433376,71546746,426133543.31,,
2018-04-13,2195,3.41863444,3.4872358,3.39576732,3.41863444,67404124,406624079.47,,
2018-04-16,2195,3.4586519,3.73877412,3.44721834,3.63587208,206615593,1314017448.24,,
2018-04-17,2195,3.66445598,3.72734056,3.5729875,3.6015714,145671912,930212590.22,,
2018-04-18,2195,3.6015714,3.71019022,3.46436868,3.71019022,114657301,722123265.78,,
2018-04-19,2195,3.73305734,3.73877412,3.61300496,3.69303988,119254140,768681525.1,,
2018-04-20,2195,3.75020768,3.93314464,3.70447344,3.72162378,168482404,1126313504.43,,
2018-04-23,2195,3.72162378,3.93314464,3.58442106,3.70447344,134014634,880679599.08,,
2018-04-24,2195,3.70447344,4.07606414,3.70447344,4.07606414,201088105,1390907220.75,,
2018-04-25,2195,4.19611652,4.43622128,4.19039974,4.3161689,303172160,2282614930.43,价格异常,13.117283950617287
2018-04-26,2195,4.3161689,4.37905348,4.10464804,4.15609906,189517358,1411385700.39,,
2018-04-27,2195,4.22470042,4.287585,4.09321448,4.2018333,140222184,1027349915.31,,
2018-05-02,2195,4.1732494,4.19039974,3.92171108,4.0303299,159278850,1126134143.61,,
2018-05-03,2195,4.01317956,4.0874977,3.87597684,4.0874977,133452499,931638505.24,,
2018-05-04,2195,4.03604668,4.03604668,3.8302426,3.87597684,141286231,970729544.91,,
2018-05-07,2195,3.8874104,3.99602922,3.87026006,3.92742786,109984017,756879453.56,,
2018-05-08,2195,3.9445782,3.9731621,3.87597684,3.9445782,77865746,533610814.77,,
2018-05-09,2195,3.96744532,4.07606414,3.87597684,3.8874104,114346940,792856644.15,,
2018-05-10,2195,3.8874104,3.9445782,3.84167616,3.93314464,82825176,563700974.19,,
2018-05-11,2195,3.92742786,3.93886142,3.76164124,3.7730748,96689951,648448480.06,,
2018-05-14,2195,3.76164124,3.85310972,3.7444909,3.79594192,63165797,420633655.51,,
2018-05-15,2195,3.82452582,4.0303299,3.82452582,4.001746,146731503,1016622143.0,,
2018-05-16,2195,3.97887888,4.0303299,3.9159943,3.9731621,89343690,621142054.66,,
2018-05-17,2195,3.9731621,4.16181584,3.95601176,4.04176346,107952834,770109673.23,,
2018-05-18,2195,4.03604668,4.0874977,3.9731621,4.07034736,66769744,469913495.12,,
2018-05-21,2195,4.10464804,4.10464804,3.99031244,4.00746278,103915701,734003526.66,,
2018-05-22,2195,3.98459566,3.98459566,3.81880904,3.89884396,118915706,805994010.96,,
2018-05-23,2195,3.86454328,3.95601176,3.81880904,3.87597684,75162124,510954332.23,,
2018-05-24,2195,3.8588265,3.89312718,3.82452582,3.83595938,45842645,308696623.93,,
2018-05-25,2195,3.8302426,3.85310972,3.64730564,3.66445598,93300467,606822960.3,,
2018-05-28,2195,3.57870428,3.57870428,3.29858206,3.29858206,168135018,997983435.12,,
2018-05-29,2195,3.2871485,3.430068,3.21854714,3.36146664,84032263,491162362.27,,
2018-05-30,2195,3.30429884,3.40720088,3.27571494,3.29858206,63503317,371814920.85,,
2018-05-31,2195,3.35003308,3.4014841,3.30429884,3.39576732,56239326,331216092.61,,
2018-06-01,2195,3.36718342,3.47580224,3.35574986,3.40720088,51806212,308738139.98,,
2018-06-04,2195,3.41863444,3.41863444,3.2585646,3.33288274,44947206,262880834.64,,
2018-06-05,2195,3.33859952,3.4014841,3.30429884,3.39576732,48006674,282000421.88,,
2018-06-06,2195,3.38433376,3.38433376,3.30429884,3.33288274,49401903,288533348.35,,
2018-06-07,2195,3.35003308,3.36718342,3.29286528,3.29858206,34753022,202357654.88,,
2018-06-08,2195,3.2871485,3.2871485,3.16137934,3.18996324,57202269,320192936.26,,
2018-06-11,2195,3.2013968,3.25284782,3.1728129,3.21283036,30686850,172639261.2,,
2018-06-12,2195,3.2299807,3.23569748,3.13279544,3.2299807,31913796,178392605.34,,
2018-06-13,2195,3.23569748,3.23569748,3.144229,3.14994578,31982497,178043295.67,,
2018-06-14,2195,3.12136188,3.19568002,3.10421154,3.13279544,30339415,166977760.16,,
2018-06-15,2195,3.13851222,3.16709612,3.04132696,3.09849476,40708567,220137988.65,,
2018-06-19,2195,3.0298934,3.0870612,2.81837254,2.8869739,61744741,318891926.95,,
2018-06-20,2195,2.89269068,3.06419408,2.8869739,3.01845984,59567632,310472739.43,,
2018-06-21,2195,3.03340464,3.0632904,2.89891872,2.92880448,55602336,221247270.65,,
2018-06-22,2195,2.89144728,2.988576,2.86903296,2.95869024,40977382,161745560.08,,
2018-06-25,2195,2.988576,3.00351888,2.9138616,2.92133304,37955142,149942902.58,,
2018-06-26,2195,2.8765044,3.09317616,2.84661864,3.0632904,80573225,324504852.3,,
2018-06-27,2195,3.03340464,3.0632904,2.99604744,3.0259332,46296626,187709824.66,,
2018-06-28,2195,3.01846176,3.07823328,2.988576,3.01099032,40263446,163453517.56,,
2018-06-29,2195,3.0259332,3.19777632,3.01099032,3.19777632,104000680,435096054.63,,
2018-07-02,2195,3.19777632,3.19777632,3.07823328,3.13053336,69398073,291734211.28,,
2018-07-03,2195,3.11559048,3.30237648,3.1006476,3.24260496,79139128,338334894.22,,
2018-07-04,2195,3.20524776,3.22019064,3.13053336,3.16041912,54015721,229215841.06,,
2018-07-05,2195,3.16041912,3.175362,3.03340464,3.03340464,46356362,192849388.48,,
2018-07-06,2195,3.04834752,3.13053336,2.97363312,3.04834752,67962999,278663097.44,,
2018-07-09,2195,3.05581896,3.1380048,3.04834752,3.1380048,69156293,286220761.59,,
2018-07-10,2195,3.13053336,3.13053336,3.07823328,3.1006476,50069268,207701877.16,,
2018-07-11,2195,3.03340464,3.04834752,2.92133304,2.98110456,79723931,318713140.63,,
2018-07-12,2195,2.98110456,3.175362,2.97363312,3.13053336,94231904,390482704.51,,
2018-07-13,2195,3.13053336,3.14547624,3.1006476,3.13053336,43995893,183865104.98,,
2018-07-16,2195,3.12306192,3.175362,3.10811904,3.15294768,50365039,211358988.85,,
2018-07-17,2195,3.14547624,3.14547624,3.04834752,3.12306192,55492321,230057123.07,,
2018-07-18,2195,3.13053336,3.14547624,3.07823328,3.08570472,44453861,184650248.34,,
2018-07-19,2195,3.07823328,3.1006476,3.01846176,3.03340464,36733134,150125675.12,,
2018-07-20,2195,3.07823328,3.33973368,3.05581896,3.33973368,222700067,975952937.27,,
2018-07-23,2195,3.42191952,3.42191952,3.30984792,3.36961944,210307018,945012511.78,,
2018-07-24,2195,3.362148,3.3995052,3.29490504,3.38456232,158882176,713040434.44,,
2018-07-25,2195,3.36961944,3.57134832,3.35467656,3.44433384,199448790,928044140.49,,
2018-07-26,2195,3.40697664,3.4368624,3.35467656,3.3995052,96430924,436663792.98,,
2018-07-27,2195,3.37709088,3.39203376,3.30237648,3.31731936,69165149,308641322.57,,
2018-07-30,2195,3.31731936,3.362148,3.29490504,3.34720512,58402807,260216215.85,,
2018-07-31,2195,3.33226224,3.42191952,3.3247908,3.35467656,83481930,376786047.81,,
2018-08-01,2195,3.35467656,3.37709088,3.23513352,3.23513352,89532494,394419028.67,,
2018-08-02,2195,3.22019064,3.24260496,3.03340464,3.13053336,84709631,354248563.13,,
2018-08-03,2195,3.14547624,3.14547624,3.0632904,3.07076184,49451419,205420180.56,,
2018-08-06,2195,3.07076184,3.10811904,3.0259332,3.05581896,49607683,203251941.44,,
2018-08-07,2195,3.07076184,3.19030488,3.05581896,3.175362,83735056,350824976.2,,
2018-08-08,2195,3.14547624,3.16789056,3.0632904,3.08570472,69341356,288754898.66,,
2018-08-09,2195,3.07823328,3.3247908,3.05581896,3.24260496,143983534,619675448.55,,
2018-08-10,2195,3.22766208,3.26501928,3.19030488,3.25754784,85368655,368639154.64,,
2018-08-13,2195,3.19777632,3.3247908,3.18283344,3.30237648,101686069,443333127.57,,
2018-08-14,2195,3.27996216,3.29490504,3.23513352,3.26501928,64272197,280145520.57,,
2018-08-15,2195,3.25754784,3.27249072,3.14547624,3.15294768,65357014,279969370.03,,
2018-08-16,2195,3.1006476,3.24260496,3.07076184,3.19777632,78584672,334228434.24,,
2018-08-17,2195,3.38456232,3.51904824,3.2500764,3.25754784,193064013,872409503.08,,
2018-08-20,2195,3.31731936,3.45180528,3.26501928,3.4368624,218221323,985597509.37,,
2018-08-21,2195,3.3995052,3.45927672,3.362148,3.42191952,160273072,732189442.42,,
2018-08-22,2195,3.40697664,3.41444808,3.33973368,3.34720512,91645904,414103519.01,,
2018-08-23,2195,3.33973368,3.53399112,3.33226224,3.48916248,196335818,908037297.23,,
2018-08-24,2195,3.46674816,3.55640544,3.44433384,3.49663392,126135806,589502223.93,,
2018-08-27,2195,3.5115768,3.55640544,3.46674816,3.52651968,133922470,629552117.96,,
2018-08-28,2195,3.50410536,3.53399112,3.42191952,3.46674816,126456072,587124429.36,,
2018-08-29,2195,3.44433384,3.54146256,3.42939096,3.4742196,106785300,498290916.1,,
2018-08-30,2195,3.46674816,3.48169104,3.35467656,3.37709088,101225302,460601641.5,,
2018-08-31,2195,3.37709088,3.42191952,3.33973368,3.34720512,70476451,319913406.24,,
2018-09-03,2195,3.35467656,3.54146256,3.33226224,3.52651968,135385465,624235358.9,,
2018-09-04,2195,3.50410536,3.59376264,3.48169104,3.56387688,145832969,688961578.56,,
2018-09-05,2195,3.54146256,3.55640544,3.46674816,3.4742196,98444796,462435226.77,,
2018-09-06,2195,3.46674816,3.60123408,3.45180528,3.52651968,130900154,620064317.57,,
2018-09-07,2195,3.51904824,3.548934,3.39203376,3.44433384,134774228,626076394.34,,
2018-09-10,2195,3.40697664,3.42939096,3.2874336,3.30237648,94247688,422965529.16,,
2018-09-11,2195,3.30237648,3.35467656,3.2874336,3.33226224,62293518,276957076.32,,
2018-09-12,2195,3.3247908,3.37709088,3.2874336,3.30984792,58642341,260955989.95,,
2018-09-13,2195,3.362148,3.3995052,3.3247908,3.39203376,89289292,402190029.9,,
2018-09-14,2195,3.38456232,3.38456232,3.27249072,3.2874336,94889299,421495347.92,,
2018-09-17,2195,3.25754784,3.26501928,3.12306192,3.175362,88554511,377787271.98,,
2018-09-18,2195,3.14547624,3.26501928,3.14547624,3.2500764,65060895,279784027.69,,
2018-09-19,2195,3.24260496,3.33973368,3.20524776,3.27249072,94382035,413051620.24,,
2018-09-20,2195,3.25754784,3.2874336,3.22766208,3.23513352,54677630,237916111.75,,
2018-09-21,2195,3.2500764,3.33226224,3.20524776,3.3247908,93071025,407577146.74,,
2018-09-25,2195,3.2874336,3.3247908,3.26501928,3.29490504,50485426,222591937.06,,
2018-09-26,2195,3.29490504,3.33226224,3.25754784,3.2874336,72261133,319356855.72,,
2018-09-27,2195,3.2874336,3.33973368,3.16789056,3.18283344,120113954,519937834.04,,
2018-09-28,2195,3.18283344,3.2500764,3.13053336,3.2127192,61133114,261008488.05,,
2018-10-08,2195,3.15294768,3.16041912,3.08570472,3.09317616,61514116,257387567.8,,
2018-10-09,2195,3.1006476,3.13053336,3.07076184,3.08570472,43501078,180532762.75,,
2018-10-10,2195,3.09317616,3.11559048,3.07076184,3.10811904,33398652,138444152.83,,
2018-10-11,2195,2.988576,3.01846176,2.79431856,2.83167576,110389213,429300568.06,,
2018-10-12,2195,2.79431856,2.8765044,2.70466128,2.84661864,77969150,291908599.86,,
2018-10-15,2195,2.88397584,2.88397584,2.77190424,2.78684712,56072707,212900402.07,,
2018-10-16,2195,2.77190424,2.82420432,2.7270756,2.74948992,49066377,182436253.53,,
2018-10-17,2195,2.80926144,2.88397584,2.75696136,2.86156152,70868873,267537479.97,,
2018-10-18,2195,2.83167576,2.89891872,2.80926144,2.81673288,68515100,261270563.0,,
2018-10-19,2195,2.75696136,2.93627592,2.73454704,2.89891872,98125784,377164219.56,,
2018-10-22,2195,2.92880448,3.1006476,2.89144728,3.0632904,134271940,539470481.09,,
2018-10-23,2195,3.04834752,3.04834752,2.95869024,2.97363312,82042538,330223118.39,,
2018-10-24,2195,2.98110456,3.04834752,2.96616168,3.0259332,70058525,281725491.71,,
2018-10-25,2195,2.92133304,3.01846176,2.90639016,3.01099032,79405576,314005531.5,,
2018-10-26,2195,3.03340464,3.04087608,2.9512188,2.98110456,64189923,257130266.35,,
2018-10-29,2195,2.96616168,2.99604744,2.89144728,2.92133304,55116064,217594733.4,,
2018-10-30,2195,2.89144728,2.97363312,2.81673288,2.93627592,80836509,313513818.22,,
2018-10-31,2195,2.93627592,2.99604744,2.9138616,2.96616168,65392156,258818058.89,,
2018-11-01,2195,3.01846176,3.05581896,2.96616168,2.97363312,120455383,484622484.0,,
2018-11-02,2195,3.0259332,3.07076184,3.00351888,3.07076184,150272292,611675625.4,,
2018-11-05,2195,3.0632904,3.09317616,3.00351888,3.04087608,105784796,432070340.29,,
2018-11-06,2195,3.03340464,3.04087608,2.97363312,3.01846176,69455741,279294688.11,,
2018-11-07,2195,3.0259332,3.05581896,3.00351888,3.00351888,87424498,353742438.99,,
2018-11-08,2195,3.0259332,3.03340464,2.94374736,2.94374736,76919061,306981780.99,,
2018-11-09,2195,2.92133304,2.97363312,2.90639016,2.9138616,63662084,249811646.17,,
2018-11-12,2195,2.90639016,3.01846176,2.89144728,3.01846176,79135888,315277067.37,,
2018-11-13,2195,2.96616168,3.31731936,2.95869024,3.25754784,331119904,1417153943.34,,
2018-11-14,2195,3.22766208,3.25754784,3.16041912,3.20524776,192694545,826907478.14,,
2018-11-15,2195,3.20524776,3.22019064,3.16789056,3.22019064,123428890,528617308.03,,
2018-11-16,2195,3.22019064,3.23513352,3.16789056,3.19030488,125783232,539300949.85,,
2018-11-19,2195,3.16041912,3.16789056,3.08570472,3.15294768,118181653,494223525.91,,
2018-11-20,2195,3.11559048,3.15294768,3.04834752,3.05581896,100811663,418722972.54,,
2018-11-21,2195,2.98110456,3.03340464,2.95869024,3.01099032,120546459,482984318.43,,
2018-11-22,2195,3.00351888,3.03340464,2.96616168,2.988576,72006803,288976469.73,,
2018-11-23,2195,2.988576,2.988576,2.8391472,2.8765044,100138062,389604258.75,,
2018-11-26,2195,2.88397584,2.89891872,2.84661864,2.86903296,48239421,185533396.11,,
2018-11-27,2195,2.89144728,2.94374736,2.8765044,2.9138616,62651318,243825477.29,,
2018-11-28,2195,2.90639016,2.9512188,2.85409008,2.9512188,65229105,255161755.51,,
2018-11-29,2195,2.96616168,2.97363312,2.84661864,2.85409008,70421023,274245802.12,,
2018-11-30,2195,2.8391472,2.89144728,2.82420432,2.88397584,48430347,185226005.97,,
2018-12-03,2195,2.9512188,2.98110456,2.92133304,2.95869024,88680208,350876541.91,,
2018-12-04,2195,2.93627592,2.95869024,2.92133304,2.94374736,59073279,232261554.71,,
2018-12-05,2195,2.8765044,2.92880448,2.86156152,2.9138616,68359339,265007725.13,,
2018-12-06,2195,2.89144728,2.89891872,2.84661864,2.85409008,55475729,212980132.57,,
2018-12-07,2195,2.86156152,2.8765044,2.85409008,2.86156152,28042839,107469005.05,,
2018-12-10,2195,2.82420432,2.8391472,2.78684712,2.79431856,47005944,176641893.56,,
2018-12-11,2195,2.80179,2.8391472,2.80179,2.8391472,30218748,114158288.33,,
2018-12-12,2195,2.8391472,2.85409008,2.81673288,2.83167576,27642422,104849789.52,,
2018-12-13,2195,2.8391472,2.89891872,2.82420432,2.8765044,52557357,201897927.71,,
2018-12-14,2195,2.88397584,2.89144728,2.77937568,2.78684712,61511440,232455372.34,,
2018-12-17,2195,2.77190424,2.80926144,2.7644328,2.80179,34654698,129492514.37,,
2018-12-18,2195,2.77937568,2.80926144,2.7644328,2.79431856,28759656,107231209.15,,
2018-12-19,2195,2.79431856,2.80179,2.77190424,2.77937568,22120772,82513564.6,,
2018-12-20,2195,2.77190424,2.80179,2.7644328,2.79431856,31086349,115898619.16,,
2018-12-21,2195,2.77937568,2.86903296,2.77937568,2.83167576,54641563,206802316.65,,
2018-12-24,2195,2.81673288,2.8765044,2.80926144,2.86156152,42316314,161209432.54,,
2018-12-25,2195,2.83167576,2.86903296,2.7644328,2.84661864,60972378,228656853.23,,
2018-12-26,2195,2.8391472,2.86156152,2.81673288,2.82420432,33125677,125702120.2,,
2018-12-27,2195,2.86156152,2.8765044,2.77190424,2.77190424,40835061,154366176.14,,
2018-12-28,2195,2.77937568,2.79431856,2.74948992,2.75696136,36140767,133951300.44,,
2019-01-02,2195,2.7644328,2.77937568,2.74201848,2.75696136,30156563,111487966.94,,
2019-01-03,2195,2.7644328,2.80179,2.74948992,2.75696136,30861104,114428960.28,,
2019-01-04,2195,2.73454704,2.84661864,2.71960416,2.83167576,58019719,217354775.04,,
2019-01-07,2195,2.84661864,2.86903296,2.82420432,2.85409008,58187930,221858889.34,,
2019-01-08,2195,2.84661864,2.84661864,2.81673288,2.83167576,38190988,144840661.51,,
2019-01-09,2195,2.83167576,2.88397584,2.82420432,2.83167576,61428464,235267361.38,,
2019-01-10,2195,2.8391472,2.86903296,2.82420432,2.83167576,39452895,150317343.54,,
2019-01-11,2195,2.8391472,2.86903296,2.83167576,2.85409008,36579249,139413782.33,,
2019-01-14,2195,2.86903296,2.86903296,2.80926144,2.82420432,35336921,134145472.67,,
2019-01-15,2195,2.82420432,2.89891872,2.81673288,2.89144728,69189959,265611750.12,,
2019-01-16,2195,2.8765044,2.97363312,2.8765044,2.89891872,93050650,363989411.71,,
2019-01-17,2195,2.89144728,2.89891872,2.85409008,2.86156152,47151246,181371846.45,,
2019-01-18,2195,2.86156152,2.89144728,2.84661864,2.88397584,37636993,144626610.51,,
2019-01-21,2195,2.88397584,2.90639016,2.86156152,2.86903296,46045436,177731454.12,,
2019-01-22,2195,2.86156152,2.86903296,2.83167576,2.8391472,47488235,181132300.47,,
2019-01-23,2195,2.82420432,2.8391472,2.81673288,2.83167576,22700244,85994929.77,,
2019-01-24,2195,2.8391472,2.89891872,2.81673288,2.86156152,43078227,164922674.25,,
2019-01-25,2195,2.86903296,2.86903296,2.8391472,2.8391472,33560516,128003928.95,,
2019-01-28,2195,2.85409008,2.86903296,2.80926144,2.82420432,35705852,135712862.16,,
2019-01-29,2195,2.80926144,2.82420432,2.71960416,2.7644328,51577936,190610424.32,,
2019-01-30,2195,2.75696136,2.77937568,2.74201848,2.74948992,37656173,138876768.92,,
2019-01-31,2195,2.74948992,2.75696136,2.5776468,2.62247544,71010120,255550002.75,,
2019-02-01,2195,2.62994688,2.74948992,2.62247544,2.74201848,47478837,171457114.82,,
2019-02-11,2195,2.75696136,2.86903296,2.74948992,2.85409008,69097478,260841565.28,,
2019-02-12,2195,2.8391472,2.88397584,2.83167576,2.86156152,54744336,209451460.44,,
2019-02-13,2195,2.86903296,3.01099032,2.86156152,2.9512188,147890351,582561971.01,,
2019-02-14,2195,2.94374736,2.95869024,2.89891872,2.94374736,77913439,305335385.98,,
2019-02-15,2195,2.92880448,2.99604744,2.92133304,2.93627592,82697611,327649509.64,,
2019-02-18,2195,2.95869024,3.01846176,2.94374736,3.01846176,113341418,453946815.55,,
2019-02-19,2195,3.03340464,3.175362,2.988576,3.0632904,202418723,833003959.46,,
2019-02-20,2195,3.04087608,3.04087608,2.95869024,2.99604744,122090274,490688878.22,,
2019-02-21,2195,2.988576,3.07823328,2.97363312,2.988576,129589080,524317327.64,,
2019-02-22,2195,2.98110456,3.13053336,2.97363312,3.11559048,190007391,779516097.11,,
2019-02-25,2195,3.2500764,3.42939096,3.16041912,3.42939096,395224176,1747987955.42,,
2019-02-26,2195,3.54146256,3.72824856,3.45180528,3.52651968,461199968,2214469343.52,,
2019-02-27,2195,3.50410536,3.64606272,3.38456232,3.48169104,308749456,1456540648.7,,
2019-02-28,2195,3.4742196,3.76560576,3.4368624,3.6610056,302874544,1465553594.55,,
2019-03-01,2195,3.73572,3.73572,3.53399112,3.61617696,214629216,1032039914.85,,
2019-03-04,2195,3.64606272,3.84032016,3.60870552,3.66847704,344774816,1700538844.46,,
2019-03-05,2195,3.59376264,3.73572,3.53399112,3.72077712,305949136,1484502617.83,,
2019-03-06,2195,3.72824856,3.922506,3.64606272,3.87020592,421859344,2144350382.43,,
2019-03-07,2195,3.79549152,3.90009168,3.72824856,3.81790584,348852928,1777350481.36,,
2019-03-08,2195,3.70583424,4.10182056,3.6236484,3.76560576,419412448,2151853134.15,,
2019-03-11,2195,3.91503456,4.07940624,3.8104344,4.05699192,403524624,2136823241.24,,
2019-03-12,2195,4.02710616,4.109292,3.90756312,4.04952048,376219872,2027099764.12,,
2019-03-13,2195,4.10182056,4.45297824,4.01963472,4.22883504,668120960,3832397165.15,,
2019-03-14,2195,4.2213636,4.3334352,3.80296296,3.92997744,482794880,2585449654.83,,
2019-03-15,2195,3.9598632,4.01216328,3.7730772,3.82537728,305449488,1590337870.49,,
2019-03-18,2195,3.73572,3.90756312,3.61617696,3.90756312,316736720,1590579106.23,,
2019-03-19,2195,4.15412064,4.296078,4.05699192,4.296078,366207712,2058927468.79,价格异常,12.190082644628086
2019-03-20,2195,4.47539256,4.72195008,4.3707924,4.42309248,777264976,4699244651.88,,
2019-03-21,2195,4.5575784,4.86390744,4.41562104,4.80413592,777052144,4864299712.1,,
2019-03-22,2195,4.64723568,4.7070072,4.49033544,4.60240704,499264640,3077688963.53,,
2019-03-25,2195,4.49033544,4.62482136,4.43056392,4.5202212,293057840,1780794391.73,,
2019-03-26,2195,4.57999272,4.62482136,4.26619224,4.31102088,332204784,1963933475.79,,
2019-03-27,2195,4.34837808,4.54263552,4.16906352,4.53516408,360745072,2093018715.63,,
2019-03-28,2195,4.41562104,4.56504984,4.28860656,4.31102088,262489146,1561422180.99,,
2019-03-29,2195,4.31102088,4.5949356,4.22883504,4.52769264,349563024,2081310639.04,,
2019-04-01,2195,4.60987848,4.8937932,4.57252128,4.82655024,465634304,2934747396.77,,
2019-04-02,2195,4.84896456,4.87137888,4.65470712,4.68459288,409193680,2612024960.89,,
2019-04-03,2195,4.65470712,4.7817216,4.60240704,4.7070072,254207688,1596109696.82,,
2019-04-04,2195,4.73689296,4.7443644,4.60987848,4.63976424,249481073,1554672239.77,,
2019-04-08,2195,4.65470712,4.66217856,4.46792112,4.52769264,248610842,1515978926.42,,
2019-04-09,2195,4.50527832,4.66965,4.482864,4.58746416,188461355,1160342995.93,,
2019-04-10,2195,4.57999272,4.66965,4.49033544,4.62482136,197710148,1216598564.73,,
2019-04-11,2195,4.61734992,4.62482136,4.482864,4.49033544,161498486,979450515.09,,
2019-04-12,2195,4.49033544,4.54263552,4.45297824,4.52769264,111746319,672318841.4,,
2019-04-15,2195,4.62482136,4.7443644,4.5575784,4.57252128,252289156,1574770596.47,,
2019-04-16,2195,4.5202212,4.64723568,4.45297824,4.6322928,192598997,1175514530.85,,
2019-04-17,2195,4.64723568,4.72195008,4.60240704,4.65470712,180762629,1127287948.86,,
2019-04-18,2195,4.66217856,4.66965,4.5202212,4.52769264,211935617,1291910441.42,,
2019-04-19,2195,4.50527832,4.57999272,4.49780688,4.53516408,135140523,818344276.47,,
2019-04-22,2195,4.54263552,4.54263552,4.34090664,4.35584952,194955170,1159438665.57,,
2019-04-23,2195,4.34090664,4.39320672,4.1840064,4.24377792,177098317,1014487045.34,,
2019-04-24,2195,4.2587208,4.3707924,4.2213636,4.35584952,137573990,792547101.35,,
2019-04-25,2195,4.31849232,4.38573528,4.16159208,4.16159208,135414211,773733836.16,,
2019-04-26,2195,4.16159208,4.30354944,4.1466492,4.1840064,142074217,804404793.02,,
2019-04-29,2195,4.2213636,4.25124936,3.93744888,4.01963472,176077851,959545717.8,,
2019-04-30,2195,4.0345776,4.19147784,4.02710616,4.17653496,138457330,765121978.34,,
2019-05-06,2195,4.02710616,4.09434912,3.75813432,3.78802008,196316531,1032562163.16,,
2019-05-07,2195,3.87020592,3.92997744,3.80296296,3.91503456,139892454,726175110.89,,
2019-05-08,2195,3.83284872,4.04204904,3.8104344,3.922506,141049278,745201869.57,,
2019-05-09,2195,3.87767736,4.01963472,3.86273448,3.90009168,95875749,504587812.14,,
2019-05-10,2195,3.9598632,4.1466492,3.8104344,4.109292,197450036,1058398372.5,,
2019-05-13,2195,4.02710616,4.08687768,3.97480608,4.00469184,112946345,608214222.79,,
2019-05-14,2195,3.94492032,4.02710616,3.93744888,3.95239176,98242130,523331895.52,,
2019-05-15,2195,4.00469184,4.04204904,3.93744888,4.01963472,139182097,743461396.7,,
2019-05-16,2195,3.98974896,4.00469184,3.90009168,3.94492032,120561187,635609787.47,,
2019-05-17,2195,3.95239176,3.98974896,3.78054864,3.83284872,146260252,759106207.57,,
2019-05-20,2195,3.8477916,3.97480608,3.8104344,3.92997744,133909284,698815719.69,,
2019-05-21,2195,3.8851488,3.9972204,3.8477916,3.9598632,129653286,683079463.46,,
2019-05-22,2195,3.9598632,4.04204904,3.92997744,4.01216328,150126422,802612941.84,,
2019-05-23,2195,4.04952048,4.04952048,3.83284872,3.86273448,140230650,733291406.3,,
2019-05-24,2195,3.8104344,3.87020592,3.78054864,3.78802008,82663265,421859746.44,,
2019-05-27,2195,3.79549152,3.94492032,3.76560576,3.91503456,112452701,582757147.45,,
2019-05-28,2195,3.90009168,3.93744888,3.81790584,3.87767736,93793393,487847867.14,,
2019-05-29,2195,3.85526304,3.90009168,3.82537728,3.84032016,61517085,317658336.87,,
2019-05-30,2195,3.8477916,3.86273448,3.75813432,3.8104344,84975850,431209438.0,,
2019-05-31,2195,3.8104344,3.84032016,3.7730772,3.79549152,53547585,272425674.95,,
2019-06-03,2195,3.8104344,3.82537728,3.64606272,3.70583424,105804944,526657577.32,,
2019-06-04,2195,3.70583424,3.75813432,3.6610056,3.68341992,60026224,297915311.28,,
2019-06-05,2195,3.73572,3.75813432,3.67594848,3.68341992,51727922,256857180.89,,
2019-06-06,2195,3.6983628,3.6983628,3.63859128,3.66847704,54019400,265366286.79,,
2019-06-10,2195,3.66847704,3.75066288,3.64606272,3.71330568,62870205,311138422.28,,
2019-06-11,2195,3.713303,3.8501089,3.6742156,3.8501089,146034790,567266069.96,,
2019-06-12,2195,3.8110215,3.8501089,3.78170595,3.7914778,94041730,366936300.53,,
2019-06-13,2195,3.7914778,3.84033705,3.76216225,3.8110215,71784282,279908457.53,,
2019-06-14,2195,3.8110215,3.8501089,3.68398745,3.70353115,85827828,330380321.18,,
2019-06-17,2195,3.70353115,3.74261855,3.66444375,3.7328467,57534260,218470667.22,,
2019-06-18,2195,3.7328467,3.74261855,3.64490005,3.70353115,54359318,205591428.03,,
2019-06-19,2195,3.8110215,3.84033705,3.74261855,3.7523904,92609463,358514104.85,,
2019-06-20,2195,3.7328467,3.8891963,3.72307485,3.85988075,161431049,631887208.91,,
2019-06-21,2195,3.87942445,3.9282837,3.84033705,3.89896815,168403830,670417380.45,,
2019-06-24,2195,3.91851185,4.0260022,3.90874,3.93805555,157359080,637461954.51,,
2019-06-25,2195,3.90874,3.9282837,3.78170595,3.85988075,125141255,491547707.25,,
2019-06-26,2195,3.8305652,3.87942445,3.80124965,3.8305652,60217436,236828859.11,,
2019-06-27,2195,3.84033705,3.90874,3.84033705,3.8696526,87942073,348802760.97,,
2019-06-28,2195,3.8501089,3.8501089,3.7523904,3.80124965,88492083,343523110.72,,
2019-07-01,2195,3.87942445,3.9673711,3.85988075,3.9673711,196570225,789072169.03,,
2019-07-02,2195,3.9478274,3.9478274,3.87942445,3.89896815,110577411,442505443.89,,
2019-07-03,2195,3.8891963,3.89896815,3.8110215,3.8305652,89291425,351702732.59,,
2019-07-04,2195,3.84033705,3.8696526,3.82079335,3.8305652,61595434,242086436.05,,
2019-07-05,2195,3.84033705,3.8501089,3.8110215,3.8305652,45114485,176795151.85,,
2019-07-08,2195,3.8305652,3.8305652,3.64490005,3.6546719,135406346,511988043.21,,
2019-07-09,2195,3.6546719,3.68398745,3.62535635,3.66444375,55926488,209370226.39,,
2019-07-10,2195,3.68398745,3.68398745,3.5960408,3.6155845,52072952,193725314.5,,
2019-07-11,2195,3.6351282,3.6742156,3.5960408,3.60581265,50043748,185842429.7,,
2019-07-12,2195,3.60581265,3.7328467,3.54718155,3.713303,119819043,451292685.81,,
2019-07-15,2195,3.68398745,3.8501089,3.64490005,3.80124965,130707275,503594858.84,,
2019-07-16,2195,3.78170595,3.8305652,3.7523904,3.7914778,64960768,251680449.82,,
2019-07-17,2195,3.78170595,3.8891963,3.76216225,3.85988075,124013555,485186606.02,,
2019-07-18,2195,3.8110215,3.82079335,3.6937593,3.713303,110198656,422313730.3,,
2019-07-19,2195,3.72307485,3.76216225,3.6742156,3.6937593,70728340,269056385.41,,
2019-07-22,2195,3.68398745,3.70353115,3.5764971,3.62535635,70210529,260658110.06,,
2019-07-23,2195,3.62535635,3.6546719,3.60581265,3.64490005,46024283,170882502.72,,
2019-07-24,2195,3.6546719,3.7328467,3.6351282,3.6742156,90318914,340918589.27,,
2019-07-25,2195,3.6742156,3.6937593,3.6155845,3.6546719,91397248,341321564.39,,
2019-07-26,2195,3.62535635,3.6351282,3.56672525,3.60581265,84937036,313020437.21,,
2019-07-29,2195,3.60581265,3.6155845,3.5569534,3.56672525,65492156,239920647.13,,
2019-07-30,2195,3.5764971,3.6546719,3.5764971,3.62535635,86937173,322602669.63,,
2019-07-31,2195,3.6155845,3.6155845,3.5764971,3.5960408,45067906,165832455.92,,
2019-08-01,2195,3.5764971,3.60581265,3.54718155,3.5569534,59369001,216731679.77,,
2019-08-02,2195,3.46900675,3.50809415,3.42991935,3.46900675,88360492,313641518.9,,
2019-08-05,2195,3.44946305,3.4592349,3.37128825,3.3810601,90357412,315262186.95,,
2019-08-06,2195,3.3028853,3.3028853,3.1074483,3.2247105,137554070,452250472.34,,
2019-08-07,2195,3.25402605,3.27356975,3.2051668,3.21493865,60035775,198957206.11,,
2019-08-08,2195,3.23448235,3.2833416,3.2247105,3.25402605,62170872,207151827.81,,
2019-08-09,2195,3.2833416,3.29311345,3.19539495,3.2051668,65745425,218295438.54,,
2019-08-12,2195,3.23448235,3.25402605,3.2051668,3.25402605,47351635,156531030.69,,
2019-08-13,2195,3.2247105,3.2637979,3.21493865,3.23448235,46634151,154576797.81,,
2019-08-14,2195,3.2833416,3.3419727,3.2637979,3.322429,86752557,293598051.89,,
2019-08-15,2195,3.07813275,3.21493865,3.01950165,3.1856231,218817903,695216378.19,,
2019-08-16,2195,3.13676385,3.2051668,3.13676385,3.1465357,124832337,403623843.05,,
2019-08-19,2195,3.1660794,3.27356975,3.1465357,3.2637979,169563205,557666727.36,,
2019-08-20,2195,3.27356975,3.3419727,3.2442542,3.25402605,137808311,463284684.62,,
2019-08-21,2195,3.23448235,3.25402605,3.2051668,3.21493865,96468298,317962803.87,,
2019-08-22,2195,3.23448235,3.23448235,3.17585125,3.21493865,74147690,243115781.39,,
2019-08-23,2195,3.21493865,3.25402605,3.1856231,3.19539495,88860604,292055193.66,,
2019-08-26,2195,3.1074483,3.13676385,3.07813275,3.13676385,91217066,290412076.21,,
2019-08-27,2195,3.1465357,3.2247105,3.1465357,3.21493865,112659866,368425927.31,,
2019-08-28,2195,3.2051668,3.31265715,3.15630755,3.25402605,146684157,483880463.32,,
2019-08-29,2195,3.23448235,3.37128825,3.21493865,3.3028853,209733443,709590973.63,,
2019-08-30,2195,3.33220085,3.3419727,3.1660794,3.2051668,150572464,502220783.05,,
2019-09-02,2195,3.19539495,3.3028853,3.1856231,3.29311345,134157395,447473719.28,,
2019-09-03,2195,3.29311345,3.46900675,3.2637979,3.4201475,271002704,936632944.9,,
2019-09-04,2195,3.37128825,3.42991935,3.3615164,3.41037565,169043310,586148261.57,,
2019-09-05,2195,3.4396912,3.52763785,3.4201475,3.44946305,245871784,876292439.76,,
2019-09-06,2195,3.46900675,3.54718155,3.4396912,3.517866,208718610,749308061.6,,
2019-09-09,2195,3.5764971,3.8696526,3.54718155,3.8501089,469977984,1793009234.98,,
2019-09-10,2195,3.8501089,3.8501089,3.713303,3.74261855,327759904,1260707010.81,,
2019-09-11,2195,3.7719341,3.7914778,3.70353115,3.713303,167569823,640496676.73,,
2019-09-12,2195,3.72307485,3.76216225,3.6937593,3.70353115,147635324,563182378.86,,
2019-09-16,2195,3.72307485,3.76216225,3.6937593,3.72307485,144578532,551405138.1,,
2019-09-17,2195,3.72307485,3.72307485,3.54718155,3.5764971,198436422,733884161.02,,
2019-09-18,2195,3.4396912,3.4983223,3.4201475,3.44946305,233627926,827693797.43,,
2019-09-19,2195,3.44946305,3.4592349,3.27356975,3.3810601,225196198,772276198.09,,
2019-09-20,2195,3.39083195,3.4787786,3.37128825,3.4006038,141916971,496854832.53,,
2019-09-23,2195,3.3810601,3.4396912,3.3028853,3.4396912,131371612,455524177.13,,
2019-09-24,2195,3.4396912,3.517866,3.39083195,3.44946305,131566439,464501064.44,,
2019-09-25,2195,3.41037565,3.41037565,3.33220085,3.3419727,114127261,393691695.34,,
2019-09-26,2195,3.3419727,3.37128825,3.2442542,3.25402605,109795207,369889054.26,,
2019-09-27,2195,3.25402605,3.29311345,3.25402605,3.27356975,59064253,198453657.62,,
2019-09-30,2195,3.27356975,3.2833416,3.2247105,3.23448235,55905367,186260800.81,,
2019-10-08,2195,3.23448235,3.29311345,3.2247105,3.2442542,57428733,191879070.31,,
2019-10-09,2195,3.2247105,3.2637979,3.1856231,3.25402605,55484369,183430293.62,,
2019-10-10,2195,3.21493865,3.25402605,3.19539495,3.2442542,90091743,297279604.86,,
2019-10-11,2195,3.2442542,3.35174455,3.17585125,3.29311345,135655526,452193492.27,,
2019-10-14,2195,3.322429,3.3615164,3.29311345,3.3419727,112216159,382924741.56,,
2019-10-15,2195,3.322429,3.33220085,3.2442542,3.25402605,75075099,251475275.4,,
2019-10-16,2195,3.2637979,3.2833416,3.23448235,3.23448235,48349896,161388471.77,,
2019-10-17,2195,3.23448235,3.2637979,3.2247105,3.23448235,40014415,132727209.02,,
2019-10-18,2195,3.23448235,3.2442542,3.1074483,3.1465357,96741361,314096409.69,,
2019-10-21,2195,3.1465357,3.15630755,3.07813275,3.126992,48149657,153236997.18,,
2019-10-22,2195,3.13676385,3.17585125,3.126992,3.1660794,46986331,151837918.67,,
2019-10-23,2195,3.1660794,3.3028853,3.13676385,3.2247105,102929413,341457764.76,,
2019-10-24,2195,3.19539495,3.21493865,3.17585125,3.19539495,60151087,196401980.78,,
2019-10-25,2195,3.15630755,3.1856231,3.126992,3.17585125,68041593,219435901.47,,
2019-10-28,2195,3.4983223,3.4983223,3.3615164,3.4983223,280864528,1001024273.41,,
2019-10-29,2195,3.6351282,3.7523904,3.4396912,3.4396912,643475680,2381860646.21,,
2019-10-30,2195,3.322429,3.3810601,3.2442542,3.2637979,276358304,934954977.18,,
2019-10-31,2195,3.25402605,3.29311345,3.17585125,3.1856231,150771191,496145206.67,,
2019-11-01,2195,3.15630755,3.2442542,3.126992,3.21493865,116470067,380776202.54,,
2019-11-04,2195,3.23448235,3.23448235,3.17585125,3.1856231,112931459,370752026.43,,
2019-11-05,2195,3.17585125,3.19539495,3.13676385,3.1856231,106323016,344201343.65,,
2019-11-06,2195,3.1660794,3.1660794,3.1074483,3.126992,108957112,349733444.51,,
2019-11-07,2195,3.1074483,3.17585125,3.09767645,3.1465357,97319167,312819848.26,,
2019-11-08,2195,3.15630755,3.17585125,3.1074483,3.11722015,82382745,264440107.89,,
2019-11-11,2195,3.09767645,3.09767645,3.0097298,3.0292735,116914988,363838689.71,,
2019-11-12,2195,3.01950165,3.0292735,2.94132685,2.99995795,82170154,250492434.15,,
2019-11-13,2195,2.9901861,3.01950165,2.96087055,2.99995795,54178542,165752823.5,,
2019-11-14,2195,2.9901861,3.0097298,2.96087055,2.9901861,55098008,168193751.73,,
2019-11-15,2195,2.9901861,2.9901861,2.92178315,2.931555,69680202,210357633.68,,
2019-11-18,2195,2.92178315,2.931555,2.8729239,2.92178315,66280952,196950274.84,,
2019-11-19,2195,2.90223945,3.0292735,2.8924676,2.99995795,107729403,328995327.9,,
2019-11-20,2195,2.9901861,3.01950165,2.94132685,2.9510987,79622813,242755814.49,,
2019-11-21,2195,2.94132685,2.9706424,2.9120113,2.9706424,49321825,148633532.69,,
2019-11-22,2195,2.96087055,3.01950165,2.931555,2.94132685,79360618,241122658.16,,
2019-11-25,2195,2.9510987,2.98041425,2.9120113,2.98041425,73090340,220355244.79,,
2019-11-26,2195,2.9706424,2.98041425,2.94132685,2.9510987,50101235,151601605.84,,
2019-11-27,2195,2.9510987,2.9706424,2.931555,2.9510987,52480097,158477663.63,,
2019-11-28,2195,2.94132685,2.9510987,2.9120113,2.92178315,45191301,135359547.52,,
2019-11-29,2195,2.92178315,2.98041425,2.9120113,2.9510987,50054993,150832720.38,,
2019-12-02,2195,2.94132685,2.96087055,2.931555,2.9510987,39627068,119488547.2,,
2019-12-03,2195,2.931555,2.9706424,2.9120113,2.9706424,44307818,133462656.78,,
2019-12-04,2195,2.9510987,2.9706424,2.94132685,2.9510987,34607030,104633959.75,,
2019-12-05,2195,2.94132685,2.9901861,2.94132685,2.9901861,77830740,236928496.74,,
2019-12-06,2195,2.9901861,3.01950165,2.9706424,3.0097298,74125097,227312358.85,,
2019-12-09,2195,3.0097298,3.05858905,2.9901861,3.0488172,89485649,277924574.47,,
2019-12-10,2195,3.03904535,3.0488172,2.9901861,3.0292735,85813755,265018560.48,,
2019-12-11,2195,3.0292735,3.1074483,2.99995795,3.03904535,149669432,467886226.64,,
2019-12-12,2195,3.0292735,3.03904535,2.98041425,2.98041425,103317328,316766831.06,,
2019-12-13,2195,3.0097298,3.01950165,2.9706424,2.99995795,104926891,321288861.11,,
2019-12-16,2195,3.0097298,3.07813275,2.9901861,3.0683609,152115918,473555400.11,,
2019-12-17,2195,3.0879046,3.19539495,3.0683609,3.1856231,231114188,744039096.43,,
2019-12-18,2195,3.1660794,3.27356975,3.15630755,3.19539495,206657290,680738977.03,,
2019-12-19,2195,3.19539495,3.37128825,3.1856231,3.25402605,226408046,756995813.82,,
2019-12-20,2195,3.25402605,3.2637979,3.13676385,3.1465357,182103841,595598833.6,,
2019-12-23,2195,3.13676385,3.15630755,3.03904535,3.0488172,133429502,422206840.64,,
2019-12-24,2195,3.0488172,3.1074483,3.0488172,3.09767645,92826685,292365805.52,,
2019-12-25,2195,3.09767645,3.15630755,3.0683609,3.13676385,108866010,348240103.29,,
2019-12-26,2195,3.126992,3.1465357,3.09767645,3.13676385,86552712,276306891.19,,
2019-12-27,2195,3.1465357,3.2247105,3.1074483,3.11722015,141824021,459666873.62,,
2019-12-30,2195,3.0879046,3.15630755,3.0488172,3.1465357,116543656,371258788.19,,
2019-12-31,2195,3.13676385,3.1856231,3.126992,3.15630755,87449904,282484879.58,,
2020-01-02,2195,3.1660794,3.2637979,3.1660794,3.25402605,195467005,644539376.33,,
2020-01-03,2195,3.25402605,3.2833416,3.2247105,3.2637979,152906486,509713685.05,,
2020-01-06,2195,3.2247105,3.31265715,3.19539495,3.27356975,178299960,596169572.07,,
2020-01-07,2195,3.27356975,3.4006038,3.27356975,3.3810601,256842266,879716219.33,,
2020-01-08,2195,3.35174455,3.3615164,3.23448235,3.25402605,224053957,756340163.11,,
2020-01-09,2195,3.29311345,3.37128825,3.29311345,3.35174455,195758295,668708016.5,,
2020-01-10,2195,3.41037565,3.4592349,3.29311345,3.322429,189194373,650940902.14,,
2020-01-13,2195,3.29311345,3.31265715,3.2247105,3.3028853,151084038,505424194.17,,
2020-01-14,2195,3.31265715,3.33220085,3.25402605,3.2637979,119325323,401624144.58,,
2020-01-15,2195,3.25402605,3.2833416,3.2247105,3.25402605,104509902,347438649.09,,
2020-01-16,2195,3.2637979,3.2833416,3.19539495,3.19539495,126431540,417703487.07,,
2020-01-17,2195,3.21493865,3.29311345,3.19539495,3.2442542,140239770,466496786.13,,
2020-01-20,2195,3.2442542,3.2833416,3.21493865,3.27356975,106670218,355282045.93,,
2020-01-21,2195,3.25402605,3.2637979,3.19539495,3.19539495,106807994,351151159.47,,
2020-01-22,2195,3.1856231,3.2247105,3.1074483,3.21493865,121619149,394446297.43,,
2020-01-23,2195,3.17585125,3.1856231,3.0292735,3.0879046,151433726,482179617.27,,
2020-02-03,2195,2.7752054,2.7752054,2.7752054,2.7752054,27456000,77975040.0,,
2020-02-04,2195,2.51136545,2.76543355,2.51136545,2.68725875,211453923,578249445.25,,
2020-02-05,2195,2.7165743,2.8533802,2.68725875,2.78497725,172201216,490674740.35,,
2020-02-06,2195,2.7947491,2.90223945,2.7556617,2.86315205,165028487,480456612.35,,
2020-02-07,2195,2.86315205,2.99995795,2.82406465,2.98041425,215250674,643365591.61,,
2020-02-10,2195,2.94132685,3.0097298,2.931555,2.98041425,155330627,472039517.03,,
2020-02-11,2195,2.98041425,2.9901861,2.9120113,2.931555,121601976,365333691.46,,
2020-02-12,2195,2.931555,2.99995795,2.9120113,2.99995795,142487703,432400911.33,,
2020-02-13,2195,2.9901861,3.0292735,2.931555,2.931555,122562214,371457986.65,,
2020-02-14,2195,2.931555,2.98041425,2.9120113,2.94132685,100588690,302942688.33,,
2020-02-17,2195,2.94132685,3.05858905,2.94132685,3.05858905,200642080,616786399.12,,
2020-02-18,2195,3.05858905,3.1465357,3.0292735,3.13676385,236039623,746646257.13,,
2020-02-19,2195,3.1074483,3.1465357,3.07813275,3.0879046,147120152,467886562.92,,
2020-02-20,2195,3.0879046,3.1465357,3.01950165,3.126992,213332812,674951544.79,,
2020-02-21,2195,3.13676385,3.2833416,3.126992,3.2247105,310022240,1024470251.73,,
2020-02-24,2195,3.2247105,3.46900675,3.1856231,3.39083195,434472864,1486845405.6,,
2020-02-25,2195,3.2833416,3.4396912,3.1856231,3.4201475,408417504,1384398156.1,,
2020-02-26,2195,3.33220085,3.52763785,3.31265715,3.37128825,444822064,1558993166.73,,
2020-02-27,2195,3.3615164,3.4201475,3.23448235,3.27356975,287221584,973742642.44,,
2020-02-28,2195,3.13676385,3.19539495,3.0488172,3.0879046,290018368,926743410.0,,
2020-03-02,2195,3.0879046,3.3028853,3.07813275,3.2442542,261258333,850136914.55,,
2020-03-03,2195,3.2637979,3.3615164,3.1856231,3.2442542,293971056,989711060.27,,
2020-03-04,2195,3.23448235,3.2833416,3.1856231,3.25402605,185329524,612753318.77,,
2020-03-05,2195,3.3028853,3.322429,3.2442542,3.2833416,223524412,749472932.75,,
2020-03-06,2195,3.2247105,3.2442542,3.17585125,3.1856231,196632683,644425481.9,,
2020-03-09,2195,3.11722015,3.15630755,3.01950165,3.0292735,218793581,689352254.36,,
2020-03-10,2195,2.96087055,3.1074483,2.94132685,3.1074483,180562604,559728353.26,,
2020-03-11,2195,3.1074483,3.15630755,3.03904535,3.0488172,151461871,481065652.83,,
2020-03-12,2195,2.9901861,3.03904535,2.9706424,2.99995795,103620093,318308827.71,,
2020-03-13,2195,2.84360835,3.01950165,2.8338365,2.9901861,170773921,510799317.8,,
2020-03-16,2195,3.01950165,3.01950165,2.8533802,2.8729239,137018355,412201731.36,,
2020-03-17,2195,2.90223945,2.9510987,2.7947491,2.90223945,118815204,349115910.81,,
2020-03-18,2195,2.92178315,2.96087055,2.8338365,2.8338365,114210457,340105426.5,,
2020-03-19,2195,2.84360835,2.90223945,2.7752054,2.8924676,121896956,354785012.6,,
2020-03-20,2195,2.92178315,2.931555,2.8533802,2.9120113,74408653,220434813.38,,
2020-03-23,2195,2.84360835,2.8924676,2.8142928,2.8338365,77290774,225250831.92,,
2020-03-24,2195,2.8729239,2.8924676,2.8142928,2.8729239,80168644,234857105.43,,
2020-03-25,2195,2.931555,2.94132685,2.88269575,2.9120113,90388977,269173147.54,,
2020-03-26,2195,2.8924676,2.8924676,2.8338365,2.84360835,72945888,213768793.43,,
2020-03-27,2195,2.86315205,2.88269575,2.8338365,2.8338365,70421399,205539408.96,,
2020-03-30,2195,2.80452095,2.8142928,2.68725875,2.72634615,109085453,305281287.65,,
2020-03-31,2195,2.74588985,2.76543355,2.70680245,2.7165743,54984155,153799462.07,,
2020-04-01,2195,2.70680245,2.76543355,2.68725875,2.72634615,60249393,168540175.86,,
2020-04-02,2195,2.70680245,2.78497725,2.6970306,2.7752054,67136761,188504212.18,,
2020-04-03,2195,2.76543355,2.7752054,2.70680245,2.72634615,54464935,152539666.21,,
2020-04-07,2195,2.7752054,2.99995795,2.76543355,2.99995795,258205761,766753290.82,,
2020-04-08,2195,2.931555,2.98041425,2.9120113,2.96087055,204200248,617066400.33,,
2020-04-09,2195,2.96087055,3.1074483,2.9510987,2.99995795,202171729,625793353.89,,
2020-04-10,2195,2.98041425,2.98041425,2.88269575,2.88269575,130843760,391267607.78,,
2020-04-13,2195,2.82406465,2.8338365,2.76543355,2.7947491,89205042,254955481.22,,
2020-04-14,2195,2.80452095,2.86315205,2.7947491,2.84360835,81170570,235229407.86,,
2020-04-15,2195,2.8533802,2.98041425,2.84360835,2.8533802,103673770,307083520.65,,
2020-04-16,2195,2.8338365,3.1074483,2.80452095,3.0292735,322670624,983230256.84,,
2020-04-17,2195,3.0488172,3.05858905,2.92178315,2.931555,235156186,717407973.12,,
2020-04-20,2195,2.931555,3.0097298,2.9120113,2.99995795,149548830,455058084.93,,
2020-04-21,2195,2.9706424,3.0683609,2.94132685,3.0097298,177929218,547014177.66,,
2020-04-22,2195,2.96087055,3.1660794,2.94132685,3.09767645,289094928,906185659.51,,
2020-04-23,2195,3.05858905,3.11722015,3.0097298,3.05858905,194901261,609295683.84,,
2020-04-24,2195,3.03904535,3.05858905,2.96087055,2.9901861,122138155,374831953.33,,
2020-04-27,2195,2.98041425,3.01950165,2.931555,2.94132685,102567902,312714712.66,,
2020-04-28,2195,2.931555,2.94132685,2.7752054,2.86315205,145560236,424782653.51,,
2020-04-29,2195,2.8142928,2.8924676,2.80452095,2.8338365,62461796,182144199.06,,
2020-04-30,2195,2.84360835,2.94132685,2.84360835,2.9120113,95963744,285051656.85,,
2020-05-06,2195,2.88269575,2.99995795,2.86315205,2.9901861,115158317,348291550.19,,
2020-05-07,2195,2.98041425,2.99995795,2.931555,2.94132685,82560580,249753226.15,,
2020-05-08,2195,2.96087055,3.05858905,2.9510987,2.9901861,147926764,455656756.01,,
2020-05-11,2195,2.99995795,3.01950165,2.94132685,2.96087055,95599889,291554275.04,,
2020-05-12,2195,2.96087055,2.96087055,2.88269575,2.92178315,85595038,255685304.12,,
2020-05-13,2195,2.9120113,2.94132685,2.88269575,2.92178315,70602514,210589158.47,,
2020-05-14,2195,2.90223945,2.9901861,2.88269575,2.92178315,118408309,356815949.99,,
2020-05-15,2195,2.931555,2.94132685,2.8924676,2.90223945,81218671,242170670.41,,
2020-05-18,2195,2.90223945,2.90223945,2.8338365,2.8533802,96915801,283712862.84,,
2020-05-19,2195,2.86315205,2.8924676,2.8533802,2.86315205,60040224,176216364.83,,
2020-05-20,2195,2.8533802,2.86315205,2.80452095,2.82406465,77400427,223780364.27,,
2020-05-21,2195,2.8338365,2.84360835,2.78497725,2.78497725,53855670,154694447.01,,
2020-05-22,2195,2.78497725,2.8142928,2.74588985,2.7556617,57787962,164182973.41,,
2020-05-25,2195,2.76543355,2.80452095,2.7556617,2.7947491,39594990,112749931.22,,
2020-05-26,2195,2.7947491,2.8338365,2.78497725,2.82406465,51353686,147733736.23,,
2020-05-27,2195,2.8142928,2.8142928,2.76543355,2.7752054,54029368,153747592.08,,
2020-05-28,2195,2.78497725,2.80452095,2.7556617,2.7752054,46263329,131464916.36,,
2020-05-29,2195,2.7752054,2.8142928,2.7556617,2.78497725,48839125,139172048.6,,
2020-06-01,2195,2.78497725,2.86315205,2.78497725,2.8533802,101025476,293525505.62,,
2020-06-02,2195,2.8533802,2.86315205,2.8142928,2.84360835,85741951,248693167.71,,
2020-06-03,2195,2.8533802,2.8533802,2.80452095,2.8142928,70820200,204776398.53,,
2020-06-04,2195,2.82406465,2.82406465,2.7947491,2.80452095,44048386,126405837.12,,
2020-06-05,2195,2.80452095,2.8338365,2.78497725,2.8338365,58123633,166890220.47,,
2020-06-08,2195,2.8338365,2.8533802,2.7947491,2.8142928,49766758,143602720.61,,
2020-06-09,2195,2.80452095,2.8533802,2.78497725,2.8338365,91528262,264114767.05,,
2020-06-10,2195,2.82406465,2.82406465,2.7752054,2.7947491,72634407,207526362.56,,
2020-06-11,2195,2.7947499,2.81436218,2.77513762,2.78494376,64506953,183687534.93,,
2020-06-12,2195,2.7457192,2.77513762,2.72610692,2.7457192,98996028,277614445.37,,
2020-06-15,2195,2.7457192,2.76533148,2.72610692,2.72610692,89785277,251100988.73,,
2020-06-16,2195,2.7457192,2.75552534,2.71630078,2.72610692,82050587,228392551.57,,
2020-06-17,2195,2.73591306,2.7947499,2.68688236,2.78494376,148097442,412572417.91,,
2020-06-18,2195,2.7457192,2.77513762,2.73591306,2.75552534,90045006,253081947.6,,
2020-06-19,2195,2.7457192,2.77513762,2.7457192,2.76533148,78449580,221213294.25,,
2020-06-22,2195,2.75552534,2.81436218,2.7457192,2.78494376,102794972,291932174.29,,
2020-06-23,2195,2.77513762,2.77513762,2.73591306,2.75552534,71810478,201718007.7,,
2020-06-24,2195,2.75552534,2.75552534,2.71630078,2.71630078,70437770,195959251.41,,
2020-06-29,2195,2.71630078,2.72610692,2.6966885,2.71630078,52075628,143760183.05,,
2020-06-30,2195,2.71630078,2.77513762,2.70649464,2.75552534,88325604,247437549.32,,
2020-07-01,2195,2.7457192,2.75552534,2.72610692,2.7457192,86268511,240969654.96,,
2020-07-02,2195,2.7457192,2.8437806,2.73591306,2.81436218,184582942,526133047.89,,
2020-07-03,2195,2.82416832,2.90261744,2.80455604,2.87319902,236783711,687210114.16,,
2020-07-06,2195,2.8928113,3.03009726,2.88300516,3.01048498,310670464,939107924.52,,
2020-07-07,2195,3.04970954,3.1869955,2.97126042,3.02029112,381760112,1197718138.02,,
2020-07-08,2195,3.00067884,3.15757708,2.9908727,3.11835252,329075648,1035933565.6,,
2020-07-09,2195,3.11835252,3.22622006,3.0889341,3.19680164,380704336,1226745375.15,,
2020-07-10,2195,3.19680164,3.19680164,3.04970954,3.07912796,284365600,904278299.07,,
2020-07-13,2195,3.06932182,3.3831183,3.05951568,3.3340876,507878704,1677452195.86,,
2020-07-14,2195,3.2850569,3.39292444,3.1869955,3.26544462,371591264,1242063894.21,,
2020-07-15,2195,3.26544462,3.2850569,3.0889341,3.10854638,289665824,934112781.57,,
2020-07-16,2195,3.12815866,3.1869955,2.98106656,2.9908727,247396927,779237061.75,,
2020-07-17,2195,3.00067884,3.03009726,2.92222972,2.941842,189945564,575254968.22,,
2020-07-20,2195,2.98106656,3.04970954,2.941842,3.04970954,166927694,511985535.15,,
2020-07-21,2195,3.06932182,3.11835252,3.01048498,3.0399034,139773709,436445060.67,,
2020-07-22,2195,3.05951568,3.14777094,3.01048498,3.12815866,273871808,864656838.78,,
2020-07-23,2195,3.09874024,3.09874024,2.9908727,3.04970954,182643385,566858041.96,,
2020-07-24,2195,3.02029112,3.06932182,2.90261744,2.92222972,193167894,585054587.38,,
2020-07-27,2195,2.941842,2.96145428,2.90261744,2.93203586,99774242,298413637.28,,
2020-07-28,2195,2.95164814,3.02029112,2.941842,2.98106656,123797420,375277844.29,,
2020-07-29,2195,2.95164814,3.02029112,2.92222972,3.01048498,151362093,460322683.37,,
2020-07-30,2195,3.01048498,3.01048498,2.95164814,2.95164814,120984975,367099806.26,,
2020-07-31,2195,2.941842,3.05951568,2.93203586,3.03009726,199536316,610027910.35,,
2020-08-03,2195,3.01048498,3.07912796,2.9908727,3.06932182,203287640,631590205.03,,
2020-08-04,2195,3.07912796,3.1379648,3.0399034,3.04970954,197398072,620744542.87,,
2020-08-05,2195,3.06932182,3.09874024,3.00067884,3.04970954,195938391,609350483.38,,
2020-08-06,2195,3.04970954,3.07912796,2.98106656,3.0399034,214046338,660613802.38,,
2020-08-07,2195,3.03009726,3.03009726,2.93203586,2.96145428,174199202,527709785.41,,
2020-08-10,2195,2.941842,3.00067884,2.93203586,2.98106656,102780352,311978483.24,,
2020-08-11,2195,2.98106656,2.98106656,2.91242358,2.92222972,127637362,384003232.4,,
2020-08-12,2195,2.91242358,2.941842,2.87319902,2.93203586,109727028,325449610.84,,
2020-08-13,2195,2.93203586,2.98106656,2.91242358,2.95164814,103242289,310711294.08,,
2020-08-14,2195,2.941842,2.9908727,2.92222972,2.98106656,111529097,336864515.26,,
2020-08-17,2195,2.9908727,3.0889341,2.9908727,3.05951568,244693498,757757920.75,,
2020-08-18,2195,3.0399034,3.04970954,3.01048498,3.03009726,148178878,457438591.01,,
2020-08-19,2195,3.02029112,3.03009726,2.96145428,2.97126042,123975825,378461377.03,,
2020-08-20,2195,2.98106656,3.04970954,2.95164814,2.9908727,146933826,450183442.79,,
2020-08-21,2195,2.98106656,3.02029112,2.97126042,3.02029112,131828179,402217159.55,,
2020-08-24,2195,3.01048498,3.05951568,2.97126042,3.0399034,179798609,555325239.93,,
2020-08-25,2195,3.03009726,3.04970954,2.98106656,3.02029112,144717385,444829762.57,,
2020-08-26,2195,3.00067884,3.01048498,2.941842,2.95164814,125992037,381841365.71,,
2020-08-27,2195,2.95164814,2.9908727,2.941842,2.97126042,90864070,275086014.25,,
2020-08-28,2195,2.97126042,2.9908727,2.941842,2.98106656,96084851,290777270.87,,
2020-08-31,2195,2.9908727,3.02029112,2.96145428,2.96145428,129397961,395445406.14,,
2020-09-01,2195,2.96145428,2.98106656,2.941842,2.98106656,84826223,256043042.09,,
2020-09-02,2195,2.97126042,2.9908727,2.941842,2.96145428,115557174,348957225.71,,
2020-09-03,2195,2.96145428,2.97126042,2.93203586,2.941842,100512055,302412907.92,,
2020-09-04,2195,2.90261744,2.941842,2.8928113,2.93203586,87541612,260333695.15,,
2020-09-07,2195,2.941842,2.98106656,2.92222972,2.941842,126428647,380319633.69,,
2020-09-08,2195,2.941842,3.07912796,2.90261744,3.05951568,339722320,1041055576.41,,
2020-09-09,2195,3.03009726,3.22622006,3.01048498,3.11835252,509972208,1634884255.57,,
2020-09-10,2195,3.11835252,3.15757708,2.95164814,2.96145428,304074784,939864021.69,,
2020-09-11,2195,2.941842,2.97126042,2.92222972,2.95164814,175182044,526573357.32,,
2020-09-14,2195,2.95164814,2.97126042,2.93203586,2.95164814,130358250,391366020.31,,
2020-09-15,2195,2.941842,2.95164814,2.93203586,2.941842,87724878,263086834.7,,
2020-09-16,2195,2.941842,2.95164814,2.90261744,2.92222972,106137363,316428473.15,,
2020-09-17,2195,2.91242358,2.92222972,2.85358674,2.88300516,132712165,390591971.41,,
2020-09-18,2195,2.88300516,2.92222972,2.86339288,2.92222972,92521068,272950436.63,,
2020-09-21,2195,2.92222972,2.941842,2.90261744,2.90261744,81091367,241540455.75,,
2020-09-22,2195,2.88300516,2.90261744,2.86339288,2.87319902,70125918,205984304.76,,
2020-09-23,2195,2.88300516,2.8928113,2.86339288,2.87319902,56357921,165059256.76,,
2020-09-24,2195,2.86339288,2.87319902,2.80455604,2.81436218,84716131,244093959.66,,
2020-09-25,2195,2.81436218,2.83397446,2.7947499,2.80455604,43239388,123934302.77,,
2020-09-28,2195,2.80455604,2.81436218,2.76533148,2.77513762,44637979,126803702.86,,
2020-09-29,2195,2.78494376,2.81436218,2.77513762,2.78494376,40125754,114385697.23,,
2020-09-30,2195,2.7947499,2.81436218,2.77513762,2.78494376,42180528,120067101.92,,
2020-10-09,2195,2.81436218,2.85358674,2.81436218,2.83397446,55430116,160315874.55,,
2020-10-12,2195,2.86339288,2.91242358,2.85358674,2.90261744,92579102,272698020.0,,
2020-10-13,2195,2.88300516,2.8928113,2.8437806,2.86339288,69770638,203639570.73,,
2020-10-14,2195,2.85358674,2.86339288,2.80455604,2.81436218,76566138,220358330.98,,
2020-10-15,2195,2.81436218,2.82416832,2.7947499,2.81436218,51008545,146048864.2,,
2020-10-16,2195,2.80455604,2.81436218,2.78494376,2.80455604,42629598,121596780.1,,
2020-10-19,2195,2.80455604,2.83397446,2.7947499,2.80455604,43197260,123829380.43,,
2020-10-20,2195,2.7947499,2.83397446,2.77513762,2.82416832,46948932,134126313.42,,
2020-10-21,2195,2.82416832,2.83397446,2.77513762,2.7947499,42809024,121837334.05,,
2020-10-22,2195,2.78494376,2.80455604,2.76533148,2.78494376,38544478,109460375.89,,
2020-10-23,2195,2.78494376,2.80455604,2.77513762,2.77513762,40200662,114221209.52,,
2020-10-26,2195,2.77513762,2.80455604,2.77513762,2.7947499,30795715,87513641.67,,
2020-10-27,2195,2.77513762,2.78494376,2.7457192,2.75552534,50614185,142515492.17,,
2020-10-28,2195,2.76533148,2.76533148,2.71630078,2.73591306,53831543,149976583.96,,
2020-10-29,2195,2.71630078,2.72610692,2.68688236,2.71630078,62986751,174125391.87,,
2020-10-30,2195,2.71630078,2.73591306,2.62804552,2.6476578,81636860,222664461.14,,
2020-11-02,2195,2.57901482,2.57901482,2.38289202,2.451535,199595320,503184191.82,,
2020-11-03,2195,2.43192272,2.57901482,2.41231044,2.53979026,128099613,327451401.57,,
2020-11-04,2195,2.53979026,2.53979026,2.44172886,2.48095342,84362792,213773007.4,,
2020-11-05,2195,2.5005657,2.52017798,2.47114728,2.5005657,58263705,148310571.86,,
2020-11-06,2195,2.49075956,2.51037184,2.46134114,2.49075956,59519963,150668631.97,,
2020-11-09,2195,2.48095342,2.5495964,2.48095342,2.52017798,87183343,224506713.64,,
2020-11-10,2195,2.52017798,2.53979026,2.48095342,2.49075956,69521625,177710992.31,,
2020-11-11,2195,2.49075956,2.49075956,2.44172886,2.451535,70674881,176937985.35,,
2020-11-12,2195,2.451535,2.46134114,2.42211658,2.44172886,50256527,125158455.76,,
2020-11-13,2195,2.43192272,2.44172886,2.4025043,2.44172886,43180503,106822826.26,,
2020-11-16,2195,2.44172886,2.48095342,2.43192272,2.47114728,59047512,148202769.03,,
2020-11-17,2195,2.47114728,2.47114728,2.44172886,2.46134114,51202215,128042120.77,,
2020-11-18,2195,2.46134114,2.47114728,2.44172886,2.451535,46756568,117201591.76,,
2020-11-19,2195,2.451535,2.47114728,2.44172886,2.46134114,48417340,121172125.84,,
2020-11-20,2195,2.46134114,2.47114728,2.451535,2.46134114,43213882,108494746.82,,
2020-11-23,2195,2.46134114,2.49075956,2.44172886,2.48095342,77268326,194411787.13,,
2020-11-24,2195,2.47114728,2.61823938,2.46134114,2.55940254,193166239,502236731.53,,
2020-11-25,2195,2.5495964,2.55940254,2.5005657,2.51037184,91154963,235078601.43,,
2020-11-26,2195,2.5005657,2.53979026,2.49075956,2.52017798,55022482,141325099.81,,
2020-11-27,2195,2.51037184,2.52017798,2.47114728,2.51037184,50784437,129362762.74,,
2020-11-30,2195,2.51037184,2.5495964,2.49075956,2.49075956,84749050,217440532.82,,
2020-12-01,2195,2.48095342,2.52998412,2.48095342,2.52017798,71735336,183705365.41,,
2020-12-02,2195,2.52017798,2.52998412,2.49075956,2.52017798,68055515,174472352.59,,
2020-12-03,2195,2.52017798,2.52998412,2.5005657,2.51037184,67191293,172333276.82,,
2020-12-04,2195,2.52017798,2.52017798,2.49075956,2.5005657,53720188,136987931.65,,
2020-12-07,2195,2.51037184,2.51037184,2.451535,2.451535,71596128,180516528.65,,
2020-12-08,2195,2.451535,2.47114728,2.43192272,2.46134114,54606110,136682165.61,,
2020-12-09,2195,2.46134114,2.48095342,2.42211658,2.42211658,82385837,205617224.37,,
2020-12-10,2195,2.4025043,2.43192272,2.39269816,2.42211658,54587212,134374128.51,,
2020-12-11,2195,2.41231044,2.42211658,2.34366746,2.3534736,97496194,235713143.33,,
2020-12-14,2195,2.34366746,2.3534736,2.3044429,2.33386132,58455687,138727932.6,,
2020-12-15,2195,2.32405518,2.34366746,2.3044429,2.32405518,45393377,107573448.99,,
2020-12-16,2195,2.32405518,2.32405518,2.2554122,2.2554122,87407723,203463860.22,,
2020-12-17,2195,2.24560606,2.31424904,2.12793238,2.3044429,178669795,405019313.78,,
2020-12-18,2195,2.29463676,2.36327974,2.28483062,2.29463676,85727701,202507930.77,,
2020-12-21,2195,2.3044429,2.31424904,2.26521834,2.28483062,60134762,140545141.86,,
2020-12-22,2195,2.27502448,2.28483062,2.2063815,2.22599378,77958657,178074531.07,,
2020-12-23,2195,2.21618764,2.22599378,2.17696308,2.18676922,64030448,143454248.33,,
2020-12-24,2195,2.18676922,2.19657536,2.12793238,2.13773852,69306092,152087437.46,,
2020-12-25,2195,2.13773852,2.17696308,2.11812624,2.1573508,51724539,113565206.5,,
2020-12-28,2195,2.1573508,2.17696308,2.11812624,2.14754466,57455813,125727641.3,,
2020-12-29,2195,2.14754466,2.2554122,2.13773852,2.19657536,113193734,254464038.2,,
2020-12-30,2195,2.18676922,2.19657536,2.1573508,2.18676922,56760169,126290568.67,,
2020-12-31,2195,2.18676922,2.22599378,2.17696308,2.21618764,54348395,122460467.78,,
2021-01-04,2195,2.21618764,2.21618764,2.17696308,2.19657536,77814166,174054975.95,,
2021-01-05,2195,2.18676922,2.18676922,2.13773852,2.1573508,85454983,188123405.64,,
2021-01-06,2195,2.1573508,2.16715694,2.12793238,2.13773852,64555725,140925167.39,,
2021-01-07,2195,2.13773852,2.14754466,2.02987098,2.03967712,129943434,274019508.52,,
2021-01-08,2195,2.02987098,2.12793238,1.97103414,2.09851396,130282933,275370864.25,,
2021-01-11,2195,2.09851396,2.12793238,2.04948326,2.0592894,80120719,170638014.66,,
2021-01-12,2195,2.0592894,2.1083201,2.03967712,2.0592894,59976983,126456454.83,,
2021-01-13,2195,2.06909554,2.09851396,2.00045256,2.09851396,107749209,225571167.62,,
2021-01-14,2195,2.06909554,2.12793238,2.06909554,2.11812624,81712718,175395550.62,,
2021-01-15,2195,2.09851396,2.16715694,2.09851396,2.11812624,79750713,173177152.71,,
2021-01-18,2195,2.1083201,2.14754466,2.09851396,2.1083201,72766004,157097043.87,,
2021-01-19,2195,2.1083201,2.2063815,2.06909554,2.14754466,155465446,338843989.56,,
2021-01-20,2195,2.13773852,2.14754466,2.08870782,2.09851396,85834584,184917036.26,,
2021-01-21,2195,2.09851396,2.19657536,2.08870782,2.14754466,158856988,349082269.97,,
2021-01-22,2195,2.13773852,2.1573508,2.09851396,2.12793238,86139027,185833112.37,,
2021-01-25,2195,1.9121973,1.9121973,1.9121973,1.9121973,45037500,87823125.0,,
2021-01-26,2195,1.72588064,1.72588064,1.72588064,1.72588064,50341800,88601568.0,,
2021-01-27,2195,1.54937012,1.69646222,1.54937012,1.60820696,440244736,719224618.25,价格异常,-10.227272727272718
2021-01-28,2195,1.59840082,1.7651052,1.57878854,1.7651052,254496501,440721426.02,,
2021-01-29,2195,1.78471748,1.82394204,1.65723766,1.70626836,314962144,558494595.19,,
2021-02-01,2195,1.67684994,1.77491134,1.67684994,1.69646222,158283176,276729364.67,,
2021-02-02,2195,1.68665608,1.69646222,1.62781924,1.65723766,144489396,245052524.94,,
2021-02-03,2195,1.67684994,1.72588064,1.63762538,1.69646222,161378561,278225415.46,,
2021-02-04,2195,1.72588064,1.74549292,1.68665608,1.7160745,131961966,230414547.99,,
2021-02-05,2195,1.70626836,1.73568678,1.69646222,1.70626836,103160869,180219745.13,,
2021-02-08,2195,1.70626836,1.7160745,1.63762538,1.64743152,111587691,189830765.16,,
2021-02-09,2195,1.64743152,1.69646222,1.63762538,1.67684994,90865484,154772687.31,,
2021-02-10,2195,1.68665608,1.84355432,1.67684994,1.80432976,292654640,538312666.86,,
2021-02-18,2195,1.8141359,1.97103414,1.80432976,1.9121973,257769819,497850755.29,,
2021-02-19,2195,1.90239116,2.00045256,1.88277888,1.98084028,184278137,368086511.62,,
2021-02-22,2195,1.98084028,2.08870782,1.961228,2.02006484,190112983,397746473.91,,
2021-02-23,2195,2.02006484,2.06909554,1.97103414,1.98084028,146429669,299651929.57,,
2021-02-24,2195,2.02006484,2.1083201,2.0102587,2.0592894,195503375,410960846.01,,
2021-02-25,2195,2.0592894,2.06909554,1.98084028,2.00045256,140951690,288816397.66,,
2021-02-26,2195,1.97103414,2.0102587,1.95142186,1.961228,108564178,218421171.82,,
2021-03-01,2195,1.961228,1.99064642,1.93180958,1.961228,113580579,227029031.12,,
2021-03-02,2195,1.97103414,1.97103414,1.9121973,1.93180958,88756959,175261386.81,,
2021-03-03,2195,1.93180958,1.97103414,1.9121973,1.93180958,83785117,165263357.6,,
2021-03-04,2195,1.94161572,1.97103414,1.92200344,1.961228,108319353,215938280.1,,
2021-03-05,2195,1.961228,2.07890168,1.95142186,2.02987098,169315798,349375293.7,,
2021-03-08,2195,2.03967712,2.03967712,1.99064642,2.00045256,101593330,208456999.07,,
2021-03-09,2195,1.99064642,2.00045256,1.94161572,1.961228,118140730,237529339.24,,
2021-03-10,2195,1.961228,1.98084028,1.92200344,1.93180958,72470127,143571195.66,,
2021-03-11,2195,1.94161572,1.961228,1.92200344,1.95142186,69390240,137338017.18,,
2021-03-12,2195,1.94161572,1.961228,1.9121973,1.92200344,62493160,122809385.98,,
2021-03-15,2195,1.92200344,1.93180958,1.89258502,1.92200344,58713276,114556582.87,,
2021-03-16,2195,1.93180958,1.98084028,1.92200344,1.961228,83378922,166572865.84,,
2021-03-17,2195,1.961228,1.961228,1.93180958,1.95142186,54298256,107570351.62,,
2021-03-18,2195,1.95142186,1.97103414,1.92200344,1.93180958,67717218,133566442.48,,
2021-03-19,2195,1.93180958,1.94161572,1.88277888,1.88277888,76090563,147602163.6,,
2021-03-22,2195,1.88277888,1.90239116,1.8631666,1.89258502,54818190,105209343.28,,
2021-03-23,2195,1.89258502,1.90239116,1.82394204,1.8631666,81515503,154826017.06,,
2021-03-24,2195,1.85336046,1.92200344,1.83374818,1.87297274,92396688,176810996.9,,
2021-03-25,2195,1.8631666,1.961228,1.85336046,1.92200344,163870710,320775429.23,,
2021-03-26,2195,1.9121973,1.92200344,1.87297274,1.89258502,94348464,182441970.28,,
2021-03-29,2195,1.89258502,1.99064642,1.88277888,1.92200344,126130913,249459049.16,,
2021-03-30,2195,1.9121973,1.92200344,1.87297274,1.88277888,79715971,153404321.21,,
2021-03-31,2195,1.87297274,1.92200344,1.8631666,1.88277888,57615547,110959603.08,,
2021-04-01,2195,1.88277888,1.89258502,1.8631666,1.88277888,48858595,93366155.91,,
2021-04-02,2195,1.88277888,1.9121973,1.87297274,1.88277888,57996862,111623015.4,,
2021-04-06,2195,1.87297274,1.89258502,1.87297274,1.89258502,49072172,94179949.72,,
2021-04-07,2195,1.89258502,1.94161572,1.87297274,1.9121973,108164497,209839810.1,,
2021-04-08,2195,1.90239116,2.04948326,1.88277888,1.98084028,266230564,531394085.61,,
2021-04-09,2195,1.95142186,1.95142186,1.89258502,1.9121973,168831014,330649372.95,,
2021-04-12,2195,1.90239116,1.92200344,1.87297274,1.90239116,93971169,181685293.77,,
2021-04-13,2195,1.90239116,1.92200344,1.88277888,1.89258502,67776913,131139444.23,,
2021-04-14,2195,1.89258502,1.92200344,1.87297274,1.89258502,107678760,207985475.76,,
2021-04-15,2195,1.88277888,1.88277888,1.85336046,1.8631666,101780882,193638734.88,,
2021-04-16,2195,1.8631666,1.9121973,1.85336046,1.90239116,118441141,228643871.58,,
2021-04-19,2195,1.90239116,1.93180958,1.89258502,1.9121973,103015728,201170494.96,,
2021-04-20,2195,1.90239116,1.92200344,1.87297274,1.88277888,88945233,172372048.41,,
2021-04-21,2195,1.87297274,1.88277888,1.8631666,1.87297274,67650353,129100236.07,,
2021-04-22,2195,1.87297274,1.88277888,1.85336046,1.8631666,64597219,122757421.07,,
2021-04-23,2195,1.8631666,1.8631666,1.79452362,1.8141359,101390226,188094873.06,,
2021-04-26,2195,1.80432976,1.8141359,1.75529906,1.7651052,98339526,178710708.48,,
2021-04-27,2195,1.75529906,1.80432976,1.69646222,1.77491134,99275116,176658097.31,,
2021-04-28,2195,1.7651052,1.77491134,1.73568678,1.74549292,59640313,106404307.86,,
2021-04-29,2195,1.75529906,1.83374818,1.75529906,1.80432976,102557541,187985250.94,,
2021-04-30,2195,1.79452362,1.83374818,1.78471748,1.80432976,82384403,151547387.2,,
2021-05-06,2195,1.79452362,1.82394204,1.77491134,1.78471748,69568820,127195126.56,,
2021-05-07,2195,1.78471748,1.84355432,1.78471748,1.80432976,109554020,201893983.24,,
2021-05-10,2195,1.79452362,1.85336046,1.78471748,1.84355432,129027688,240861981.66,,
2021-05-11,2195,1.84355432,2.02987098,1.82394204,2.02987098,602232320,1228653963.12,,
2021-05-12,2195,1.98084028,1.99064642,1.93180958,1.961228,388274336,777643206.42,,
2021-05-13,2195,1.95142186,2.09851396,1.94161572,2.00045256,366396000,758024329.7,,
2021-05-14,2195,2.00045256,2.04948326,1.97103414,2.0102587,240527580,491556102.51,,
2021-05-17,2195,2.00045256,2.00045256,1.93180958,1.94161572,165502263,329513719.33,,
2021-05-18,2195,1.94161572,1.98084028,1.93180958,1.95142186,110641468,220703188.25,,
2021-05-19,2195,1.95142186,1.97103414,1.90239116,1.9121973,122645852,241070810.85,,
2021-05-20,2195,1.9121973,1.9121973,1.87297274,1.89258502,102684779,197761362.08,,
2021-05-21,2195,1.90239116,1.94161572,1.89258502,1.9121973,109781589,214161122.44,,
2021-05-24,2195,1.89258502,1.961228,1.87297274,1.95142186,142268908,279604181.87,,
2021-05-25,2195,1.94161572,1.95142186,1.9121973,1.94161572,107985094,212751539.69,,
2021-05-26,2195,1.94161572,1.98084028,1.93180958,1.95142186,113129518,225550888.89,,
2021-05-27,2195,1.94161572,2.04948326,1.94161572,2.0102587,269087088,553090975.9,,
2021-05-28,2195,2.00045256,2.02987098,1.98084028,2.00045256,141984301,289715787.27,,
2021-05-31,2195,1.99064642,2.02006484,1.961228,1.98084028,140916985,285608701.2,,
2021-06-01,2195,1.98084028,2.06909554,1.95142186,2.02006484,224206632,462281373.44,,
2021-06-02,2195,2.02006484,2.22599378,2.0102587,2.11812624,455252384,992004171.47,,
2021-06-03,2195,2.11812624,2.13773852,2.0592894,2.07890168,238330395,508853549.14,,
2021-06-04,2195,2.07890168,2.11812624,2.02987098,2.02987098,189217410,398383250.78,,
2021-06-07,2195,2.02987098,2.07890168,2.02987098,2.06909554,142523308,298914542.17,,
2021-06-08,2195,2.07890168,2.08870782,2.02987098,2.04948326,111691441,233759456.45,,
2021-06-09,2195,2.04948326,2.0592894,2.02006484,2.03967712,106370691,221044437.21,,
2021-06-10,2195,2.03967712,2.13773852,2.02987098,2.11812624,217643883,466383812.05,,
2021-06-11,2195,2.1083201,2.28483062,2.08870782,2.16715694,358775456,798121854.04,,
2021-06-15,2195,2.14754466,2.21618764,2.1083201,2.11812624,240837278,530463217.96,,
2021-06-16,2195,2.11812624,2.1573508,2.08870782,2.11812624,165411257,358414405.62,,
2021-06-17,2195,2.1083201,2.14754466,2.08870782,2.12793238,151812175,327278669.14,,
2021-06-18,2195,2.12793238,2.12793238,2.08870782,2.1083201,117843491,253278727.41,,
2021-06-21,2195,2.08870782,2.14754466,2.08870782,2.09851396,123042579,264605749.73,,
2021-06-22,2195,2.1083201,2.1083201,2.03967712,2.03967712,165374362,348168687.68,,
2021-06-23,2195,2.03967712,2.07890168,1.99064642,2.06909554,175864377,364419458.56,,
2021-06-24,2195,2.0592894,2.0592894,2.0102587,2.02006484,110045462,227485418.27,,
2021-06-25,2195,2.02987098,2.03967712,2.00045256,2.02006484,80627977,166106019.47,,
2021-06-28,2195,2.02006484,2.03967712,2.0102587,2.02987098,79832326,164938465.09,,
2021-06-29,2195,2.02987098,2.03967712,1.98084028,1.99064642,73074536,149189766.9,,
2021-06-30,2195,1.99064642,2.0102587,1.98084028,1.99064642,48324140,98203426.41,,
2021-07-01,2195,2.00045256,2.00045256,1.961228,1.97103414,54397356,109987165.08,,
2021-07-02,2195,1.961228,1.99064642,1.961228,1.98084028,53243226,107113981.51,,
2021-07-05,2195,1.98084028,2.0102587,1.97103414,2.00045256,54983606,111948760.69,,
2021-07-06,2195,2.00045256,2.02006484,1.98084028,2.00045256,67594795,137614195.89,,
2021-07-07,2195,1.99064642,1.99064642,1.97103414,1.98084028,65460818,132079804.78,,
2021-07-08,2195,1.98084028,1.98084028,1.95142186,1.961228,74092318,148518043.03,,
2021-07-09,2195,1.961228,1.961228,1.92200344,1.95142186,81377642,160876304.21,,
2021-07-12,2195,1.961228,2.03967712,1.961228,2.0102587,156843694,321041897.52,,
2021-07-13,2195,2.0102587,2.06909554,2.0102587,2.03967712,130034578,270860905.83,,
2021-07-14,2195,2.03967712,2.06909554,2.0102587,2.02006484,111248808,231160984.67,,
2021-07-15,2195,2.02006484,2.02006484,1.97103414,1.99064642,80147524,162381223.67,,
2021-07-16,2195,2.00045256,2.02006484,1.98084028,2.00045256,67773889,138251441.58,,
2021-07-19,2195,1.99064642,2.00045256,1.961228,1.98084028,65575091,131991656.93,,
2021-07-20,2195,1.97103414,1.97103414,1.94161572,1.95142186,72768986,144961862.52,,
2021-07-21,2195,1.961228,2.00045256,1.95142186,1.99064642,75702279,152800364.27,,
2021-07-22,2195,1.99064642,1.99064642,1.95142186,1.97103414,72130918,144639600.08,,
2021-07-23,2195,1.97103414,1.97103414,1.95142186,1.961228,60637506,121081746.62,,
2021-07-26,2195,1.95142186,1.961228,1.9121973,1.92200344,94056177,185114989.68,,
2021-07-27,2195,1.92200344,1.93180958,1.87297274,1.88277888,83173282,160804018.59,,
2021-07-28,2195,1.88277888,1.90239116,1.83374818,1.85336046,85942921,163227440.36,,
2021-07-29,2195,1.85336046,1.88277888,1.84355432,1.85336046,62417072,118385554.08,,
2021-07-30,2195,1.85336046,1.87297274,1.82394204,1.8631666,80690363,152440064.83,,
2021-08-02,2195,1.85336046,1.88277888,1.8141359,1.87297274,99271672,187349139.81,,
2021-08-03,2195,1.8631666,1.92200344,1.8631666,1.88277888,95628957,184747853.81,,
2021-08-04,2195,1.88277888,1.89258502,1.85336046,1.87297274,65668351,125372100.6,,
2021-08-05,2195,1.8631666,1.8631666,1.83374818,1.84355432,63303771,119188671.1,,
2021-08-06,2195,1.84355432,1.85336046,1.8141359,1.82394204,49494290,92157221.32,,
2021-08-09,2195,1.82394204,1.85336046,1.8141359,1.84355432,58861574,110356350.56,,
2021-08-10,2195,1.84355432,1.87297274,1.83374818,1.8631666,56514021,107149887.83,,
2021-08-11,2195,1.8631666,1.87297274,1.84355432,1.87297274,56939844,108079643.59,,
2021-08-12,2195,1.87297274,1.89258502,1.8631666,1.87297274,63091566,120762035.01,,
2021-08-13,2195,1.87297274,1.88277888,1.85336046,1.8631666,52888895,100344214.33,,
2021-08-16,2195,1.8631666,1.8631666,1.83374818,1.85336046,67387978,127373094.61,,
2021-08-17,2195,1.85336046,1.8631666,1.82394204,1.82394204,66469245,124982775.92,,
2021-08-18,2195,1.82394204,1.88277888,1.8141359,1.8631666,94252665,177858006.31,,
2021-08-19,2195,1.8631666,1.88277888,1.85336046,1.8631666,66514680,126362055.77,,
2021-08-20,2195,1.8631666,1.8631666,1.82394204,1.83374818,60412250,113139873.22,,
2021-08-23,2195,1.83374818,1.87297274,1.83374818,1.8631666,73628851,139185912.6,,
2021-08-24,2195,1.8631666,1.8631666,1.84355432,1.8631666,55395186,104811717.13,,
2021-08-25,2195,1.8631666,1.89258502,1.85336046,1.87297274,72217557,138205376.47,,
2021-08-26,2195,1.9121973,1.95142186,1.88277888,1.92200344,176946784,347439042.01,,
2021-08-27,2195,1.90239116,1.95142186,1.89258502,1.93180958,124931551,244658961.56,,
2021-08-30,2195,1.93180958,1.97103414,1.9121973,1.961228,149076788,295411400.59,,
2021-08-31,2195,1.95142186,1.97103414,1.93180958,1.961228,106031653,210776870.56,,
2021-09-01,2195,1.961228,2.0102587,1.95142186,1.99064642,129467976,262132461.45,,
2021-09-02,2195,1.98084028,2.03967712,1.961228,2.02006484,156553549,318858237.64,,
2021-09-03,2195,2.03967712,2.0592894,2.00045256,2.02006484,143665852,296638360.93,,
2021-09-06,2195,2.00045256,2.02006484,1.97103414,2.0102587,143717470,293085935.59,,
2021-09-07,2195,2.00045256,2.07890168,2.00045256,2.06909554,213858090,448425021.64,,
2021-09-08,2195,2.06909554,2.2063815,2.06909554,2.18676922,339470800,745234944.59,,
2021-09-09,2195,2.1573508,2.18676922,2.11812624,2.16715694,201518954,442932314.34,,
2021-09-10,2195,2.1573508,2.18676922,2.11812624,2.13773852,165439260,362380935.32,,
2021-09-13,2195,2.12793238,2.19657536,2.1083201,2.16715694,167002675,366878412.29,,
2021-09-14,2195,2.17696308,2.21618764,2.11812624,2.13773852,167913714,370370800.85,,
2021-09-15,2195,2.12793238,2.2554122,2.11812624,2.22599378,298783216,672378062.33,,
2021-09-16,2195,2.21618764,2.26521834,2.17696308,2.2063815,226079538,511208124.27,,
2021-09-17,2195,2.19657536,2.19657536,2.08870782,2.1083201,184707774,401421748.16,,
2021-09-22,2195,2.08870782,2.1573508,2.06909554,2.14754466,125401876,272456506.54,,
2021-09-23,2195,2.1573508,2.19657536,2.14754466,2.14754466,114646752,253060797.72,,
2021-09-24,2195,2.14754466,2.18676922,2.09851396,2.11812624,122781056,268072744.9,,
2021-09-27,2195,2.12793238,2.13773852,2.02006484,2.03967712,149580280,315450574.14,,
2021-09-28,2195,2.03967712,2.06909554,2.02006484,2.0592894,83636629,174819412.02,,
2021-09-29,2195,2.04948326,2.04948326,1.98084028,1.98084028,114767754,234638858.63,,
2021-09-30,2195,1.99064642,2.0102587,1.97103414,1.99064642,78265853,158910672.78,,
2021-10-08,2195,2.00045256,2.18676922,2.00045256,2.18676922,282205088,621633992.09,,
2021-10-11,2195,2.18676922,2.23579992,2.1573508,2.22599378,395140272,887153057.72,,
2021-10-12,2195,2.21618764,2.29463676,2.18676922,2.21618764,257492371,585218590.77,,
2021-10-13,2195,2.22599378,2.23579992,2.13773852,2.16715694,149246099,330440827.6,,
2021-10-14,2195,2.16715694,2.16715694,2.11812624,2.13773852,109206066,238103577.72,,
2021-10-15,2195,2.1573508,2.1573508,2.08870782,2.09851396,113893650,245416398.65,,
2021-10-18,2195,2.09851396,2.18676922,2.08870782,2.13773852,124237795,271538378.75,,
2021-10-19,2195,2.14754466,2.14754466,2.09851396,2.11812624,95360505,205635648.77,,
2021-10-20,2195,2.11812624,2.1573508,2.09851396,2.09851396,102368605,221152606.9,,
2021-10-21,2195,2.09851396,2.11812624,2.0592894,2.07890168,99575179,212130068.77,,
2021-10-22,2195,2.07890168,2.08870782,2.02006484,2.02987098,100249950,209235498.41,,
2021-10-25,2195,2.02987098,2.06909554,2.00045256,2.06909554,93711306,195107651.25,,
2021-10-26,2195,2.06909554,2.06909554,2.00045256,2.00045256,115134692,237392336.18,,
2021-10-27,2195,2.00045256,2.02006484,1.93180958,1.95142186,128548395,257376245.64,,
2021-10-28,2195,1.95142186,1.961228,1.90239116,1.92200344,84361324,165739696.89,,
2021-10-29,2195,1.9121973,1.97103414,1.9121973,1.97103414,75522194,150204213.8,,
2021-11-01,2195,1.961228,1.98084028,1.94161572,1.97103414,68447612,136778925.62,,
2021-11-02,2195,1.961228,1.97103414,1.90239116,1.93180958,83506146,164523109.58,,
2021-11-03,2195,1.92200344,1.961228,1.9121973,1.94161572,53330522,105595448.56,,
2021-11-04,2195,1.94161572,1.98084028,1.93180958,1.961228,66359274,132643233.29,,
2021-11-05,2195,1.95142186,2.03967712,1.95142186,2.00045256,142623381,291032332.17,,
2021-11-08,2195,2.0102587,2.03967712,1.98084028,2.02987098,103491301,212053003.45,,
2021-11-09,2195,2.02006484,2.18676922,2.0102587,2.11812624,222765851,479369594.91,,
2021-11-10,2195,2.1083201,2.28483062,2.09851396,2.19657536,435366432,985778837.22,,
2021-11-11,2195,2.18676922,2.37308588,2.17696308,2.31424904,477252256,1111498902.24,,
2021-11-12,2195,2.29463676,2.39269816,2.28483062,2.33386132,402158256,961475036.29,,
2021-11-15,2195,2.37308588,2.451535,2.31424904,2.34366746,337379168,816372431.67,,
2021-11-16,2195,2.3534736,2.47114728,2.34366746,2.42211658,346232224,858293724.11,,
2021-11-17,2195,2.4025043,2.41231044,2.33386132,2.38289202,228971991,554254086.75,,
2021-11-18,2195,2.37308588,2.38289202,2.27502448,2.31424904,280784960,662458874.87,,
2021-11-19,2195,2.32405518,2.36327974,2.27502448,2.29463676,187199312,441409954.02,,
2021-11-22,2195,2.3044429,2.3044429,2.23579992,2.23579992,190813281,438452044.25,,
2021-11-23,2195,2.23579992,2.26521834,2.21618764,2.23579992,160807591,367222950.92,,
2021-11-24,2195,2.24560606,2.2554122,2.19657536,2.21618764,156189900,353784944.66,,
2021-11-25,2195,2.21618764,2.24560606,2.16715694,2.16715694,216758018,486158078.12,,
2021-11-26,2195,2.1573508,2.18676922,2.12793238,2.16715694,165871422,365816707.51,,
2021-11-29,2195,2.14754466,2.1573508,2.08870782,2.11812624,197385070,427075928.66,,
2021-11-30,2195,2.12793238,2.21618764,2.12793238,2.13773852,251196440,556138305.04,,
2021-12-01,2195,2.14754466,2.22599378,2.14754466,2.2063815,237790497,532758398.95,,
2021-12-02,2195,2.2063815,2.21618764,2.13773852,2.14754466,203789734,448780057.43,,
2021-12-03,2195,2.14754466,2.1573508,2.09851396,2.13773852,137861842,298456047.68,,
2021-12-06,2195,2.12793238,2.13773852,2.08870782,2.08870782,153846799,330290295.03,,
2021-12-07,2195,2.1083201,2.11812624,2.07890168,2.09851396,113062137,241788340.07,,
2021-12-08,2195,2.09851396,2.16715694,2.07890168,2.16715694,204707273,443409792.19,,
2021-12-09,2195,2.14754466,2.22599378,2.13773852,2.19657536,283608576,629297656.22,,
2021-12-10,2195,2.17696308,2.19657536,2.1573508,2.17696308,191971555,425178305.78,,
2021-12-13,2195,2.18676922,2.38289202,2.1573508,2.32405518,470091872,1094352689.38,,
2021-12-14,2195,2.32405518,2.34366746,2.26521834,2.29463676,320556560,750415933.26,,
2021-12-15,2195,2.28483062,2.34366746,2.27502448,2.29463676,232329785,548284025.32,,
2021-12-16,2195,2.3044429,2.33386132,2.29463676,2.33386132,190912908,451224849.18,,
2021-12-17,2195,2.32405518,2.42211658,2.31424904,2.32405518,282733440,678980058.86,,
2021-12-20,2195,2.31424904,2.33386132,2.2554122,2.26521834,220153408,514386627.13,,
2021-12-21,2195,2.28483062,2.4025043,2.26521834,2.37308588,284889200,684243855.45,,
2021-12-22,2195,2.39269816,2.42211658,2.34366746,2.38289202,202646869,491370585.14,,
2021-12-23,2195,2.37308588,2.38289202,2.31424904,2.33386132,164668653,392960465.17,,
2021-12-24,2195,2.33386132,2.33386132,2.24560606,2.2554122,141525717,329055747.99,,
2021-12-27,2195,2.2554122,2.28483062,2.21618764,2.22599378,115817429,265100885.16,,
2021-12-28,2195,2.22599378,2.29463676,2.22599378,2.2554122,124886583,287386443.34,,
2021-12-29,2195,2.2554122,2.26521834,2.21618764,2.23579992,104488575,237966219.41,,
2021-12-30,2195,2.22599378,2.3044429,2.22599378,2.27502448,156186131,361754763.56,,
2021-12-31,2195,2.27502448,2.31424904,2.2554122,2.29463676,123493480,288605489.74,,
2022-01-04,2195,2.31424904,2.52017798,2.29463676,2.52017798,579391408,1464287139.49,,
2022-01-05,2195,2.55940254,2.77513762,2.55940254,2.77513762,604943072,1645911892.57,价格异常,11.538461538461542
2022-01-06,2195,2.8928113,2.93203586,2.66727008,2.80455604,1256756512,3589681285.62,,
2022-01-07,2195,2.73591306,2.77513762,2.56920868,2.58882096,797855504,2154848878.8,,
2022-01-10,2195,2.55940254,2.62804552,2.52017798,2.52998412,442105680,1153836984.35,,
2022-01-11,2195,2.55940254,2.56920868,2.46134114,2.48095342,378205264,967087330.88,,
2022-01-12,2195,2.48095342,2.5495964,2.46134114,2.5005657,437367344,1114152511.53,,
2022-01-13,2195,2.51037184,2.5986271,2.47114728,2.56920868,487858768,1267233933.4,,
2022-01-14,2195,2.52998412,2.53979026,2.48095342,2.49075956,298455920,761081992.9,,
2022-01-17,2195,2.48095342,2.73591306,2.47114728,2.66727008,620279104,1661836300.17,,
2022-01-18,2195,2.6476578,2.8928113,2.58882096,2.67707622,658037232,1816712702.43,,
2022-01-19,2195,2.63785166,2.81436218,2.5986271,2.72610692,485552144,1347570815.42,,
2022-01-20,2195,2.67707622,2.6966885,2.58882096,2.60843324,365394784,977139303.58,,
2022-01-21,2195,2.58882096,2.66727008,2.56920868,2.58882096,243195053,647841129.91,,
2022-01-24,2195,2.55940254,2.62804552,2.53979026,2.55940254,216520742,569109090.62,,
2022-01-25,2195,2.5495964,2.5495964,2.38289202,2.4025043,316597200,789479647.44,,
2022-01-26,2195,2.38289202,2.43192272,2.34366746,2.41231044,177459675,431932322.53,,
2022-01-27,2195,2.46134114,2.48095342,2.31424904,2.32405518,195581694,472507540.44,,
2022-01-28,2195,2.3534736,2.43192272,2.31424904,2.4025043,198036113,481042552.39,,
2022-02-07,2195,2.44172886,2.49075956,2.4025043,2.451535,172473638,432637968.3,,
2022-02-08,2195,2.43192272,2.58882096,2.4025043,2.5495964,268347220,687720173.46,,
2022-02-09,2195,2.5495964,2.62804552,2.52998412,2.62804552,277797616,737479370.8,,
2022-02-10,2195,2.60843324,2.68688236,2.57901482,2.63785166,279866672,752344734.41,,
2022-02-11,2195,2.61823938,2.68688236,2.5986271,2.60843324,287134976,772156792.32,,
2022-02-14,2195,2.58882096,2.66727008,2.55940254,2.62804552,216785454,578590030.79,,
2022-02-15,2195,2.61823938,2.63785166,2.56920868,2.5986271,183319535,485020287.09,,
2022-02-16,2195,2.60843324,2.65746394,2.56920868,2.5986271,171795167,457848567.67,,
2022-02-17,2195,2.57901482,2.61823938,2.52998412,2.5495964,220281330,577469581.11,,
2022-02-18,2195,2.51037184,2.63785166,2.5005657,2.63785166,274903168,728911636.06,,
2022-02-21,2195,2.63785166,2.68688236,2.62804552,2.6476578,264700436,717786314.21,,
2022-02-22,2195,2.61823938,2.66727008,2.55940254,2.58882096,231215018,614746499.2,,
2022-02-23,2195,2.5986271,2.5986271,2.52998412,2.57901482,180999861,473263234.54,,
2022-02-24,2195,2.56920868,2.56920868,2.39269816,2.44172886,291985840,740299046.22,,
2022-02-25,2195,2.48095342,2.51037184,2.46134114,2.46134114,152728810,386939217.74,,
2022-02-28,2195,2.49075956,2.49075956,2.42211658,2.47114728,109659649,274297344.0,,
2022-03-01,2195,2.46134114,2.5005657,2.46134114,2.5005657,127511801,323448208.0,,
2022-03-02,2195,2.48095342,2.51037184,2.47114728,2.5005657,111588308,283803440.0,,
2022-03-03,2195,2.5005657,2.52998412,2.49075956,2.51037184,133510056,341426736.0,,
2022-03-04,2195,2.49075956,2.5005657,2.42211658,2.44172886,149076683,372896640.0,,
2022-03-07,2195,2.42211658,2.42211658,2.36327974,2.38289202,124568310,303917120.0,,
2022-03-08,2195,2.38289202,2.4025043,2.31424904,2.32405518,129267400,309456928.0,,
2022-03-09,2195,2.32405518,2.3534736,2.1573508,2.28483062,174611122,404789472.0,,
2022-03-10,2195,2.34366746,2.34366746,2.28483062,2.3044429,113397386,267764564.0,,
2022-03-11,2195,2.26521834,2.32405518,2.21618764,2.32405518,126708076,292275376.0,,
2022-03-14,2195,2.29463676,2.33386132,2.2554122,2.2554122,99552980,232432601.0,,
2022-03-15,2195,2.2554122,2.2554122,2.1083201,2.11812624,148939918,331349632.0,,
2022-03-16,2195,2.14754466,2.22599378,2.09851396,2.21618764,163791334,361931456.0,,
2022-03-17,2195,2.23579992,2.27502448,2.2063815,2.22599378,148684448,339390864.0,,
2022-03-18,2195,2.2063815,2.26521834,2.19657536,2.24560606,110979552,253289674.21,,
2022-03-21,2195,2.2554122,2.27502448,2.2063815,2.23579992,100880358,229928459.54,,
2022-03-22,2195,2.21618764,2.26521834,2.2063815,2.23579992,95835810,218316596.58,,
2022-03-23,2195,2.24560606,2.32405518,2.23579992,2.28483062,176657697,412226523.68,,
2022-03-24,2195,2.26521834,2.27502448,2.2063815,2.21618764,115917754,264059058.01,,
2022-03-25,2195,2.22599378,2.2554122,2.2063815,2.21618764,86708674,197266326.34,,
2022-03-28,2195,2.2063815,2.24560606,2.16715694,2.23579992,78494092,177587110.0,,
2022-03-29,2195,2.23579992,2.24560606,2.19657536,2.2063815,75621730,170706605.92,,
2022-03-30,2195,2.21618764,2.2554122,2.2063815,2.24560606,85486788,194152893.27,,
2022-03-31,2195,2.23579992,2.24560606,2.21618764,2.23579992,88765778,201977586.3,,
2022-04-01,2195,2.22599378,2.3534736,2.2063815,2.3044429,223936956,521064802.34,,
2022-04-06,2195,2.3534736,2.3534736,2.3044429,2.32405518,175440715,417031722.66,,
2022-04-07,2195,2.31424904,2.32405518,2.23579992,2.23579992,126272754,292586779.44,,
2022-04-08,2195,2.23579992,2.2554122,2.18676922,2.21618764,89207409,201423088.36,,
2022-04-11,2195,2.21618764,2.22599378,2.11812624,2.13773852,116958932,257869322.3,,
2022-04-12,2195,2.13773852,2.2063815,2.13773852,2.19657536,84273905,186475486.58,,
2022-04-13,2195,2.18676922,2.18676922,2.14754466,2.1573508,67033776,147684497.67,,
2022-04-14,2195,2.1573508,2.19657536,2.14754466,2.17696308,74499076,165095102.78,,
2022-04-15,2195,2.1573508,2.16715694,2.11812624,2.12793238,85818622,187110584.11,,
2022-04-18,2195,2.1083201,2.11812624,2.04948326,2.07890168,77318021,163629757.06,,
2022-04-19,2195,2.07890168,2.1083201,2.06909554,2.08870782,48256305,102796222.66,,
2022-04-20,2195,2.09851396,2.13773852,2.07890168,2.08870782,75417603,162148357.98,,
2022-04-21,2195,2.07890168,2.08870782,1.98084028,1.99064642,104397860,216305610.75,,
2022-04-22,2195,1.98084028,2.0102587,1.94161572,1.98084028,75438907,151542741.37,,
2022-04-25,2195,1.95142186,1.95142186,1.83374818,1.84355432,119403864,230455114.05,,
2022-04-26,2195,1.84355432,1.89258502,1.83374818,1.83374818,84280934,159519535.72,,
2022-04-27,2195,1.80432976,1.88277888,1.75529906,1.88277888,110035279,204099200.42,,
2022-04-28,2195,1.8631666,1.8631666,1.80432976,1.83374818,73557037,137883649.87,,
2022-04-29,2195,1.85336046,1.961228,1.84355432,1.93180958,124536971,242340842.29,,
2022-05-05,2195,1.93180958,1.961228,1.9121973,1.93180958,112006959,221436727.02,,
2022-05-06,2195,1.94161572,2.12793238,1.94161572,2.12793238,266007613,561619435.04,,
2022-05-09,2195,2.17696308,2.27502448,2.12793238,2.12793238,383328528,856540274.41,,
2022-05-10,2195,2.06909554,2.18676922,2.06909554,2.14754466,250806318,545936405.7,,
2022-05-11,2195,2.1573508,2.16715694,2.09851396,2.09851396,197942210,430097776.65,,
2022-05-12,2195,2.08870782,2.14754466,2.06909554,2.11812624,151212680,324079454.24,,
2022-05-13,2195,2.11812624,2.12793238,2.07890168,2.08870782,84824429,181080065.47,,
2022-05-16,2195,2.1083201,2.12793238,2.07890168,2.09851396,88646163,189573139.14,,
2022-05-17,2195,2.09851396,2.09851396,2.0592894,2.08870782,73241509,155347571.15,,
2022-05-18,2195,2.09851396,2.1573508,2.08870782,2.1083201,126663611,273950953.72,,
2022-05-19,2195,2.07890168,2.1083201,2.0592894,2.08870782,79557057,168937457.22,,
2022-05-20,2195,2.08870782,2.11812624,2.07890168,2.11812624,87068668,186954652.81,,
2022-05-23,2195,2.11812624,2.13773852,2.1083201,2.12793238,97378793,210975831.6,,
2022-05-24,2195,2.13773852,2.13773852,2.02987098,2.02987098,137826447,292012097.97,,
2022-05-25,2195,2.02987098,2.1083201,2.02987098,2.09851396,110860793,234972205.82,,
2022-05-26,2195,2.09851396,2.11812624,2.0592894,2.1083201,97765417,208884429.3,,
2022-05-27,2195,2.1083201,2.12793238,2.08870782,2.09851396,71668552,153779190.5,,
2022-05-30,2195,2.1083201,2.12793238,2.08870782,2.12793238,85414623,184157810.0,,
2022-05-31,2195,2.12793238,2.13773852,2.09851396,2.12793238,75782232,163870533.47,,
2022-06-01,2195,2.11812624,2.14754466,2.11812624,2.13773852,82176554,179039107.9,,
2022-06-02,2195,2.14754466,2.16715694,2.11812624,2.16715694,90547143,198284875.45,,
2022-06-06,2195,2.1573508,2.19657536,2.1573508,2.18676922,99083203,219592873.11,,
2022-06-07,2195,2.17696308,2.17696308,2.12793238,2.1573508,86960483,191248350.74,,
2022-06-08,2195,2.17696308,2.21618764,2.13773852,2.17696308,112425473,249502846.98,,
2022-06-09,2195,2.1769638,2.18685909,2.14727793,2.15717322,102609548,224580804.82,,
2022-06-10,2195,2.14727793,2.25612612,2.14727793,2.20664967,182270237,407944022.29,,
2022-06-13,2195,2.19675438,2.24623083,2.1769638,2.23633554,136032635,305022322.57,,
2022-06-14,2195,2.22644025,2.23633554,2.15717322,2.23633554,111719307,248387006.88,,
2022-06-15,2195,2.22644025,2.28581199,2.20664967,2.23633554,157504702,357186742.1,,
2022-06-16,2195,2.22644025,2.26602141,2.22644025,2.24623083,118623999,269552421.02,,
2022-06-17,2195,2.22644025,2.24623083,2.18685909,2.22644025,86394139,193920675.69,,
2022-06-20,2195,2.22644025,2.22644025,2.19675438,2.19675438,78734333,175806981.15,,
2022-06-21,2195,2.20664967,2.22644025,2.1769638,2.21654496,80270298,178984764.38,,
2022-06-22,2195,2.21654496,2.21654496,2.15717322,2.15717322,79368477,175044494.81,,
2022-06-23,2195,2.16706851,2.19675438,2.14727793,2.18685909,70892690,155865874.21,,
2022-06-24,2195,2.19675438,2.21654496,2.18685909,2.20664967,76418489,170337369.28,,
2022-06-27,2195,2.21654496,2.22644025,2.18685909,2.19675438,73043820,162852138.61,,
2022-06-28,2195,2.19675438,2.22644025,2.1769638,2.21654496,81641585,182025171.07,,
2022-06-29,2195,2.21654496,2.2759167,2.20664967,2.21654496,134103667,303228501.16,,
2022-06-30,2195,2.21654496,2.2759167,2.20664967,2.22644025,112818995,255448707.11,,
2022-07-01,2195,2.22644025,2.22644025,2.19675438,2.19675438,68534465,152999738.44,,
2022-07-04,2195,2.19675438,2.21654496,2.1769638,2.18685909,70137254,155230934.32,,
2022-07-05,2195,2.18685909,2.19675438,2.13738264,2.16706851,92388078,202021123.58,,
2022-07-06,2195,2.15717322,2.16706851,2.10769677,2.12748735,70567155,152088832.83,,
2022-07-07,2195,2.12748735,2.15717322,2.11759206,2.14727793,56205276,121476537.88,,
2022-07-08,2195,2.13738264,2.18685909,2.13738264,2.1769638,64869188,142139585.57,,
2022-07-11,2195,2.1769638,2.1769638,2.12748735,2.14727793,50576344,109939446.65,,
2022-07-12,2195,2.14727793,2.14727793,2.11759206,2.12748735,43154066,93076337.52,,
2022-07-13,2195,2.12748735,2.15717322,2.11759206,2.15717322,44007627,95243264.66,,
2022-07-14,2195,2.15717322,2.15717322,2.11759206,2.12748735,48509401,104604193.09,,
2022-07-15,2195,2.12748735,2.12748735,2.05822032,2.05822032,71272178,150262938.41,,
2022-07-18,2195,2.06811561,2.13738264,2.05822032,2.12748735,63430988,135413718.57,,
2022-07-19,2195,2.13738264,2.20664967,2.12748735,2.19675438,122841745,269656652.93,,
2022-07-20,2195,2.20664967,2.22644025,2.1769638,2.21654496,107307914,239162809.08,,
2022-07-21,2195,2.21654496,2.24623083,2.19675438,2.20664967,98237298,220626721.26,,
2022-07-22,2195,2.21654496,2.23633554,2.18685909,2.19675438,59226266,131977410.12,,
2022-07-25,2195,2.19675438,2.21654496,2.15717322,2.1769638,55750929,122917256.56,,
2022-07-26,2195,2.1769638,2.23633554,2.16706851,2.23633554,100464689,224534683.04,,
2022-07-27,2195,2.23633554,2.25612612,2.19675438,2.20664967,65260505,146351081.74,,
2022-07-28,2195,2.21654496,2.23633554,2.18685909,2.19675438,60490707,135093209.88,,
2022-07-29,2195,2.19675438,2.20664967,2.1769638,2.1769638,43725898,96731154.62,,
2022-08-01,2195,2.18685909,2.22644025,2.16706851,2.21654496,68499604,152506987.93,,
2022-08-02,2195,2.19675438,2.19675438,2.0780109,2.10769677,128138591,274774484.69,,
2022-08-03,2195,2.09780148,2.15717322,2.0780109,2.08790619,81975384,175970426.84,,
2022-08-04,2195,2.10769677,2.11759206,2.08790619,2.10769677,51343706,109240531.74,,
2022-08-05,2195,2.11759206,2.1769638,2.10769677,2.16706851,79916093,173085828.84,,
2022-08-08,2195,2.16706851,2.20664967,2.15717322,2.19675438,66517464,146536850.14,,
2022-08-09,2195,2.19675438,2.20664967,2.16706851,2.16706851,49894906,109687165.04,,
2022-08-10,2195,2.15717322,2.16706851,2.12748735,2.13738264,63409068,137547154.71,,
2022-08-11,2195,2.14727793,2.19675438,2.13738264,2.19675438,76338220,167955029.37,,
2022-08-12,2195,2.18685909,2.21654496,2.1769638,2.20664967,87945007,195946866.02,,
2022-08-15,2195,2.21654496,2.21654496,2.1769638,2.18685909,67861990,150407753.86,,
2022-08-16,2195,2.18685909,2.19675438,2.16706851,2.1769638,77386634,170634801.97,,
2022-08-17,2195,2.1769638,2.18685909,2.15717322,2.18685909,53621315,117853387.06,,
2022-08-18,2195,2.1769638,2.18685909,2.13738264,2.14727793,77121049,167808815.24,,
2022-08-19,2195,2.14727793,2.18685909,2.13738264,2.14727793,82352145,180097139.12,,
2022-08-22,2195,2.14727793,2.16706851,2.11759206,2.15717322,59746018,129807558.6,,
2022-08-23,2195,2.16706851,2.16706851,2.14727793,2.15717322,53976694,117631806.38,,
2022-08-24,2195,2.15717322,2.1769638,2.11759206,2.11759206,92121073,199414000.39,,
2022-08-25,2195,2.12748735,2.13738264,2.09780148,2.12748735,78348187,167767971.24,,
2022-08-26,2195,2.13738264,2.13738264,2.09780148,2.09780148,65883990,140703873.93,,
2022-08-29,2195,2.08790619,2.11759206,2.06811561,2.10769677,60828433,128581825.4,,
2022-08-30,2195,2.10769677,2.13738264,2.09780148,2.11759206,61667888,131874305.17,,
2022-08-31,2195,2.11759206,2.12748735,2.08790619,2.08790619,58656323,124832148.27,,
2022-09-01,2195,2.08790619,2.12748735,2.08790619,2.08790619,53126776,112846607.52,,
2022-09-02,2195,2.09780148,2.12748735,2.08790619,2.11759206,62038612,132440332.07,,
2022-09-05,2195,2.11759206,2.13738264,2.09780148,2.12748735,58110453,124259265.8,,
2022-09-06,2195,2.12748735,2.14727793,2.11759206,2.13738264,48806419,105166489.21,,
2022-09-07,2195,2.12748735,2.13738264,2.09780148,2.10769677,59820545,127843740.85,,
2022-09-08,2195,2.10769677,2.11759206,2.08790619,2.09780148,44712435,94875112.5,,
2022-09-09,2195,2.09780148,2.13738264,2.08790619,2.12748735,67092216,143522260.99,,
2022-09-13,2195,2.12748735,2.13738264,2.09780148,2.10769677,51088697,109087480.79,,
2022-09-14,2195,2.08790619,2.09780148,2.06811561,2.08790619,61282733,129001304.63,,
2022-09-15,2195,2.09780148,2.10769677,2.04832503,2.05822032,73161921,153412507.31,,
2022-09-16,2195,2.05822032,2.06811561,1.98895329,1.98895329,80965849,165427994.99,,
2022-09-19,2195,1.98895329,1.99884858,1.94937213,1.95926742,56121790,111571925.62,,
2022-09-20,2195,1.96916271,1.99884858,1.95926742,1.979058,41554145,83408877.2,,
2022-09-21,2195,1.979058,2.00874387,1.93947684,2.00874387,64714457,129048457.69,,
2022-09-22,2195,1.98895329,2.03842974,1.979058,1.98895329,52420692,106467974.51,,
2022-09-23,2195,1.99884858,2.00874387,1.96916271,1.979058,45399522,91101558.2,,
2022-09-26,2195,1.96916271,1.979058,1.89989568,1.90979097,75684199,147896037.04,,
2022-09-27,2195,1.89989568,1.94937213,1.89989568,1.93947684,42028939,81982316.16,,
2022-09-28,2195,1.93947684,1.94937213,1.90979097,1.90979097,42653559,82994721.42,,
2022-09-29,2195,1.91968626,1.93947684,1.89000039,1.89000039,46915616,90518522.42,,
2022-09-30,2195,1.89000039,1.91968626,1.8801051,1.89989568,36977110,71124171.36,,
2022-10-10,2195,1.90979097,1.91968626,1.8801051,1.89000039,42553160,81723456.2,,
2022-10-11,2195,1.8801051,1.89989568,1.86031452,1.89000039,38793750,73892578.83,,
2022-10-12,2195,1.89000039,1.94937213,1.89000039,1.94937213,70392462,136639025.97,,
2022-10-13,2195,1.93947684,2.03842974,1.93947684,1.98895329,111681226,224739032.87,,
2022-10-14,2195,1.98895329,2.02853445,1.979058,2.00874387,71886250,146010747.88,,
2022-10-17,2195,2.00874387,2.04832503,1.99884858,2.03842974,65043092,133673976.15,,
2022-10-18,2195,2.03842974,2.04832503,2.00874387,2.01863916,45765157,93563961.0,,
2022-10-19,2195,2.01863916,2.01863916,1.99884858,2.00874387,37821001,76674562.82,,
2022-10-20,2195,1.99884858,2.04832503,1.98895329,2.00874387,62547200,127567481.58,,
2022-10-21,2195,2.01863916,2.02853445,1.99884858,2.01863916,34971680,71159745.94,,
2022-10-24,2195,2.01863916,2.04832503,1.95926742,1.96916271,66120807,133607128.33,,
2022-10-25,2195,1.96916271,1.98895329,1.93947684,1.96916271,49570138,98432476.99,,
2022-10-26,2195,1.979058,2.03842974,1.96916271,2.01863916,74537124,151913169.11,,
2022-10-27,2195,2.00874387,2.05822032,2.00874387,2.03842974,93323858,192502982.14,,
2022-10-28,2195,2.03842974,2.04832503,1.98895329,1.99884858,64506794,131476584.97,,
2022-10-31,2195,1.98895329,2.0780109,1.979058,2.04832503,95685336,197486896.14,,
2022-11-01,2195,2.06811561,2.08790619,2.03842974,2.0780109,80651604,168277734.43,,
2022-11-02,2195,2.06811561,2.08790619,2.04832503,2.06811561,65209336,135996187.52,,
2022-11-03,2195,2.04832503,2.05822032,2.01863916,2.03842974,63304231,130489775.3,,
2022-11-04,2195,2.03842974,2.06811561,2.03842974,2.05822032,56465775,117053487.3,,
2022-11-07,2195,2.04832503,2.0780109,2.04832503,2.05822032,51535457,107362385.56,,
2022-11-08,2195,2.05822032,2.10769677,2.03842974,2.09780148,116151329,244320146.63,,
2022-11-09,2195,2.08790619,2.09780148,2.05822032,2.05822032,63791859,133602647.65,,
2022-11-10,2195,2.04832503,2.15717322,2.03842974,2.10769677,184127080,392204116.66,,
2022-11-11,2195,2.12748735,2.15717322,2.10769677,2.10769677,144600952,310710825.68,,
2022-11-14,2195,2.09780148,2.11759206,2.08790619,2.09780148,83821448,177921491.83,,
2022-11-15,2195,2.09780148,2.13738264,2.08790619,2.11759206,74232166,158874748.72,,
2022-11-16,2195,2.11759206,2.13738264,2.10769677,2.12748735,83259663,178376689.74,,
2022-11-17,2195,2.12748735,2.1769638,2.10769677,2.16706851,154749020,335553706.61,,
2022-11-18,2195,2.15717322,2.20664967,2.14727793,2.14727793,166076012,364666356.43,,
2022-11-21,2195,2.13738264,2.15717322,2.09780148,2.10769677,94055434,201170220.84,,
2022-11-22,2195,2.10769677,2.12748735,2.08790619,2.09780148,68913702,146389148.28,,
2022-11-23,2195,2.09780148,2.10769677,2.04832503,2.06811561,78639202,164549100.02,,
2022-11-24,2195,2.06811561,2.08790619,2.04832503,2.06811561,56141234,116954575.67,,
2022-11-25,2195,2.05822032,2.0780109,2.04832503,2.06811561,50081336,104577740.23,,
2022-11-28,2195,2.05822032,2.06811561,2.02853445,2.03842974,52835566,109070544.71,,
2022-11-29,2195,2.03842974,2.08790619,2.03842974,2.0780109,66800226,139764415.37,,
2022-11-30,2195,2.0780109,2.08790619,2.05822032,2.0780109,50777643,106462493.31,,
2022-12-01,2195,2.08790619,2.11759206,2.0780109,2.09780148,76752781,162940954.07,,
2022-12-02,2195,2.09780148,2.13738264,2.08790619,2.12748735,91945239,197104698.33,,
2022-12-05,2195,2.12748735,2.14727793,2.11759206,2.13738264,81734478,176428352.65,,
2022-12-06,2195,2.13738264,2.14727793,2.10769677,2.11759206,60259244,129470518.67,,
2022-12-07,2195,2.11759206,2.12748735,2.08790619,2.09780148,54473134,115704874.52,,
2022-12-08,2195,2.09780148,2.10769677,2.06811561,2.0780109,56722226,119611776.06,,
2022-12-09,2195,2.08790619,2.08790619,2.05822032,2.06811561,51909035,108544530.74,,
2022-12-12,2195,2.05822032,2.0780109,2.04832503,2.06811561,45605107,95136101.52,,
2022-12-13,2195,2.06811561,2.0780109,2.04832503,2.05822032,45308735,94528212.78,,
2022-12-14,2195,2.05822032,2.0780109,2.05822032,2.06811561,32837728,68597941.07,,
2022-12-15,2195,2.06811561,2.08790619,2.05822032,2.06811561,56526893,118392163.55,,
2022-12-16,2195,2.05822032,2.06811561,2.03842974,2.06811561,47537303,98767186.84,,
2022-12-19,2195,2.05822032,2.0780109,1.98895329,2.00874387,78266252,160507366.59,,
2022-12-20,2195,2.00874387,2.01863916,1.98895329,1.99884858,53619908,108462091.52,,
2022-12-21,2195,1.99884858,2.00874387,1.95926742,1.96916271,44834895,89848678.55,,
2022-12-22,2195,1.96916271,2.00874387,1.96916271,1.96916271,37449096,75133621.9,,
2022-12-23,2195,1.96916271,1.99884858,1.95926742,1.99884858,33921345,68094921.68,,
2022-12-26,2195,1.98895329,2.00874387,1.979058,1.98895329,25793400,52032414.0,,
2022-12-27,2195,1.98895329,1.99884858,1.979058,1.98895329,29841163,59989880.17,,
2022-12-28,2195,1.98895329,1.99884858,1.94937213,1.95926742,44561863,88634734.43,,
2022-12-29,2195,1.94937213,1.979058,1.94937213,1.95926742,35846693,71160491.48,,
2022-12-30,2195,1.96916271,1.99884858,1.95926742,1.98895329,44472872,89088620.07,,
2023-01-03,2195,1.99884858,2.05822032,1.98895329,2.05822032,76738897,157975532.11,,
2023-01-04,2195,2.05822032,2.0780109,2.04832503,2.06811561,82660746,172435873.71,,
2023-01-05,2195,2.0780109,2.08790619,2.06811561,2.0780109,61776862,129687785.6,,
2023-01-06,2195,2.0780109,2.08790619,2.04832503,2.05822032,62685669,130826114.03,,
2023-01-09,2195,2.26602141,2.26602141,2.26602141,2.26602141,84239405,192908237.45,价格异常,10.6280193236715
2023-01-10,2195,2.48371779,2.49361308,2.33528844,2.49361308,688609338,1692809523.26,,
2023-01-11,2195,2.5727754,2.74099533,2.54308953,2.74099533,643215785,1727010148.52,,
2023-01-12,2195,2.83005294,3.01806345,2.74099533,2.76078591,1355392122,3941319834.62,,
2023-01-13,2195,2.80036707,2.83994823,2.63214714,2.75089062,824747351,2275671189.68,,
2023-01-16,2195,2.7706812,2.83994823,2.5727754,2.58267069,777769728,2113009218.13,,
2023-01-17,2195,2.56288011,2.59256598,2.43424134,2.48371779,550190539,1386866284.17,,
2023-01-18,2195,2.4738225,2.54308953,2.40455547,2.48371779,369100241,924704876.79,,
2023-01-19,2195,2.45403192,2.52329895,2.43424134,2.46392721,277410242,694227124.2,,
2023-01-20,2195,2.49361308,2.71130946,2.4738225,2.71130946,535127994,1422512638.61,,
2023-01-30,2195,2.8696341,2.97848229,2.83994823,2.97848229,227672221,674432384.8,价格异常,14.800000000000013
2023-01-31,2195,3.18628338,3.18628338,2.95869171,3.11701635,1205438261,3738549577.84,,
2023-02-01,2195,3.07743519,3.10712106,2.97848229,3.02795874,698953243,2136551674.97,,
2023-02-02,2195,2.98837758,3.09722577,2.97848229,2.98837758,554094910,1689309889.07,,
2023-02-03,2195,2.93890113,3.00816816,2.87952939,3.00816816,504964931,1495864237.01,,
2023-02-06,2195,2.97848229,2.97848229,2.88942468,2.89931997,341632081,1008691396.14,,
2023-02-07,2195,2.87952939,3.18628338,2.85973881,3.18628338,694097488,2162898885.05,,
2023-02-08,2195,3.22586454,3.38418918,3.0675399,3.07743519,939591759,3046609160.9,,
2023-02-09,2195,3.07743519,3.12691164,3.00816816,3.07743519,463089577,1435744181.9,,
2023-02-10,2195,3.0675399,3.11701635,3.01806345,3.05764461,332842448,1027431161.5,,
2023-02-13,2195,3.03785403,3.17638809,3.02795874,3.14670222,409738773,1282888103.36,,
2023-02-14,2195,3.17638809,3.22586454,3.05764461,3.08733048,350973359,1104760036.15,,
2023-02-15,2195,3.05764461,3.10712106,3.02795874,3.08733048,257512782,796102897.45,,
2023-02-16,2195,3.05764461,3.10712106,2.94879642,2.98837758,359856014,1104149370.73,,
2023-02-17,2195,2.97848229,2.99827287,2.89931997,2.92900584,265554603,788756914.78,,
2023-02-20,2195,2.90921526,3.01806345,2.87952939,2.99827287,235024456,703603585.92,,
2023-02-21,2195,2.98837758,3.14670222,2.968587,3.04774932,329696714,1017615276.28,,
2023-02-22,2195,3.01806345,3.0675399,2.97848229,3.01806345,192575250,585837103.78,,
2023-02-23,2195,3.00816816,3.01806345,2.94879642,2.95869171,171035562,514808234.57,,
2023-02-24,2195,2.97848229,3.03785403,2.968587,2.98837758,153579729,465570175.42,,
2023-02-27,2195,2.968587,2.99827287,2.92900584,2.93890113,135803898,406019439.4,,
2023-02-28,2195,2.94879642,2.99827287,2.93890113,2.98837758,142739233,428914692.23,,
2023-03-01,2195,2.97848229,3.0675399,2.95869171,3.03785403,244016849,747527999.93,,
2023-03-02,2195,3.02795874,3.07743519,3.00816816,3.04774932,226905082,696606787.99,,
2023-03-03,2195,3.02795874,3.03785403,2.97848229,3.00816816,178344848,541732060.06,,
2023-03-06,2195,3.01806345,3.02795874,2.968587,2.98837758,128222290,386910175.8,,
2023-03-07,2195,2.968587,2.97848229,2.88942468,2.89931997,195334325,578752791.49,,
2023-03-08,2195,2.88942468,2.99827287,2.87952939,2.968587,169993890,508652058.84,,
2023-03-09,2195,2.968587,2.97848229,2.91911055,2.94879642,114075592,339773125.61,,
2023-03-10,2195,2.92900584,2.98837758,2.91911055,2.91911055,128324442,382460859.6,,
2023-03-13,2195,2.90921526,2.98837758,2.88942468,2.98837758,178271499,532126184.74,,
2023-03-14,2195,2.97848229,2.97848229,2.89931997,2.93890113,124765035,370226238.02,,
2023-03-15,2195,2.93890113,2.94879642,2.90921526,2.91911055,99536628,294128980.61,,
2023-03-16,2195,2.90921526,2.91911055,2.8696341,2.88942468,120899235,353363978.62,,
2023-03-17,2195,2.89931997,2.97848229,2.89931997,2.95869171,213170892,636404384.55,,
2023-03-20,2195,2.95869171,3.01806345,2.93890113,2.94879642,153276267,460720157.03,,
2023-03-21,2195,2.94879642,3.24565512,2.92900584,3.24565512,565851245,1805044330.82,,
2023-03-22,2195,3.3643986,3.40397976,3.15659751,3.19617867,737559014,2406833777.11,,
2023-03-23,2195,3.19617867,3.25555041,3.14670222,3.17638809,392858145,1265139521.7,,
2023-03-24,2195,3.18628338,3.39408447,3.15659751,3.30502686,666982907,2215412721.16,,
2023-03-27,2195,3.35450331,3.62167614,3.33471273,3.47324679,711806468,2498759859.13,,
2023-03-28,2195,3.43366563,3.44356092,3.29513157,3.31492215,414778993,1401363427.36,,
2023-03-29,2195,3.31492215,3.33471273,3.22586454,3.25555041,315890126,1045461420.67,,
2023-03-30,2195,3.2654457,3.32481744,3.20607396,3.23575983,230885783,757649311.83,,
2023-03-31,2195,3.21596925,3.30502686,3.14670222,3.29513157,291219974,951081689.7,,
2023-04-03,2195,3.2654457,3.44356092,3.24565512,3.40397976,414210123,1412158227.92,,
2023-04-04,2195,3.40397976,3.44356092,3.33471273,3.38418918,340419787,1164781709.66,,
2023-04-06,2195,3.33471273,3.34460802,3.23575983,3.25555041,293539027,972077509.32,,
2023-04-07,2195,3.25555041,3.38418918,3.23575983,3.34460802,236617642,792984233.22,,
2023-04-10,2195,3.34460802,3.34460802,3.20607396,3.21596925,231428746,760074824.95,,
2023-04-11,2195,3.20607396,3.28523628,3.19617867,3.24565512,169652067,556102155.21,,
2023-04-12,2195,3.24565512,3.32481744,3.21596925,3.32481744,241047365,801775077.94,,
2023-04-13,2195,3.30502686,3.39408447,3.27534099,3.28523628,260772919,875039302.91,,
2023-04-14,2195,3.29513157,3.33471273,3.21596925,3.2654457,163919570,541001618.54,,
2023-04-17,2195,3.23575983,3.24565512,3.17638809,3.20607396,163084789,527676315.31,,
2023-04-18,2195,3.19617867,3.22586454,3.1664928,3.18628338,120285588,387503604.82,,
2023-04-19,2195,3.18628338,3.2654457,3.17638809,3.22586454,173719798,566804726.54,,
2023-04-20,2195,3.24565512,3.2654457,3.20607396,3.24565512,163196867,533668743.81,,
2023-04-21,2195,3.22586454,3.23575983,3.05764461,3.0675399,255680935,809706716.13,,
2023-04-24,2195,3.0675399,3.19617867,3.03785403,3.13680693,171129216,541332445.62,,
2023-04-25,2195,3.12691164,3.12691164,2.968587,3.02795874,203483245,625410020.65,,
2023-04-26,2195,3.02795874,3.04774932,2.90921526,2.95869171,176054051,527903614.21,,
2023-04-27,2195,2.94879642,2.97848229,2.87952939,2.90921526,137813539,407550050.27,,
2023-04-28,2195,2.90921526,3.05764461,2.89931997,3.04774932,173915926,528548060.71,,
2023-05-04,2195,3.01806345,3.08733048,3.00816816,3.0675399,126350130,388850268.03,,
2023-05-05,2195,3.05764461,3.0675399,3.02795874,3.04774932,89455557,275503915.89,,
2023-05-08,2195,3.04774932,3.12691164,3.04774932,3.10712106,144576510,451162802.9,,
2023-05-09,2195,3.08733048,3.10712106,3.02795874,3.03785403,128013122,396567681.01,,
2023-05-10,2195,3.02795874,3.05764461,2.99827287,3.01806345,90011411,275280292.29,,
2023-05-11,2195,3.02795874,3.08733048,2.99827287,3.03785403,98399652,303047766.7,,
2023-05-12,2195,3.03785403,3.05764461,2.98837758,2.99827287,80661864,245836312.66,,
2023-05-15,2195,2.99827287,3.00816816,2.91911055,2.99827287,91830518,274534892.14,,
2023-05-16,2195,2.99827287,2.99827287,2.91911055,2.92900584,96192169,285710345.8,,
2023-05-17,2195,2.91911055,2.94879642,2.90921526,2.92900584,54450673,161348840.25,,
2023-05-18,2195,2.92900584,2.98837758,2.91911055,2.94879642,88631330,264792081.89,,
2023-05-19,2195,2.94879642,2.94879642,2.91911055,2.93890113,62156368,184296949.09,,
2023-05-22,2195,2.91911055,2.92900584,2.89931997,2.90921526,72347981,213021306.32,,
2023-05-23,2195,2.90921526,2.91911055,2.87952939,2.87952939,68732591,201433500.19,,
2023-05-24,2195,2.87952939,2.90921526,2.81026236,2.8696341,117560893,339990102.42,,
2023-05-25,2195,2.84984352,2.87952939,2.7706812,2.82015765,133278551,379006218.35,,
2023-05-26,2195,2.83005294,2.83005294,2.79047178,2.82015765,59281628,168537445.8,,
2023-05-29,2195,2.83005294,2.88942468,2.82015765,2.83994823,81716922,235554150.18,,
2023-05-30,2195,2.83005294,2.90921526,2.79047178,2.90921526,117731212,340223624.57,,
2023-05-31,2195,2.89931997,2.93890113,2.88942468,2.92900584,82292328,243079072.78,,
2023-06-01,2195,2.90921526,3.03785403,2.89931997,2.99827287,148356740,447758543.05,,
2023-06-02,2195,3.00816816,3.03785403,2.98837758,3.01806345,95522636,291461809.25,,
2023-06-05,2195,3.20607396,3.31492215,3.12691164,3.17638809,341525767,1102801354.64,,
2023-06-06,2195,3.15659751,3.18628338,3.02795874,3.03785403,180188085,564410493.63,,
2023-06-07,2195,3.03785403,3.09722577,3.00816816,3.05764461,97686231,301643513.67,,
2023-06-08,2195,3.05764461,3.0675399,2.97848229,3.01806345,89096871,271010665.21,,
2023-06-09,2195,3.00816816,3.04774932,2.98837758,3.03785403,81897770,250518656.58,,
2023-06-12,2195,3.04774932,3.05764461,2.99827287,3.00816816,67369205,205779343.13,,
2023-06-13,2195,2.99827287,3.0675399,2.97848229,3.05764461,113198849,348231729.29,,
2023-06-14,2195,3.05764461,3.0675399,3.01806345,3.02795874,68862446,211289316.43,,
2023-06-15,2195,3.01806345,3.03785403,2.98837758,2.99827287,80689289,244728238.96,,
2023-06-16,2195,2.99827287,3.03785403,2.97848229,3.02795874,75024536,228354121.76,,
2023-06-19,2195,3.02795874,3.05764461,2.99827287,3.03785403,83810305,256406799.74,,
2023-06-20,2195,3.03785403,3.12691164,3.01806345,3.04774932,137041190,425864691.06,,
2023-06-21,2195,3.03785403,3.03785403,2.94879642,2.95869171,129597442,390660675.87,,
2023-06-26,2195,2.93890113,2.93890113,2.83005294,2.83994823,114313791,332318321.14,,
2023-06-27,2195,2.83994823,2.89931997,2.83005294,2.87952939,60517763,175561108.43,,
2023-06-28,2195,2.8894933,2.89945707,2.79981937,2.84963822,83052428,235984642.66,,
2023-06-29,2195,2.83967445,2.86956576,2.82971068,2.84963822,50771375,145105031.89,,
2023-06-30,2195,2.84963822,2.87952953,2.82971068,2.87952953,56053542,160827038.98,,
2023-07-03,2195,2.86956576,2.8894933,2.83967445,2.87952953,66476258,191506280.56,,
2023-07-04,2195,2.86956576,2.89945707,2.85960199,2.8894933,53676297,155337834.09,,
2023-07-05,2195,2.8894933,2.8894933,2.83967445,2.83967445,58663442,168477140.05,,
2023-07-06,2195,2.83967445,2.87952953,2.83967445,2.83967445,54076935,154916810.03,,
2023-07-07,2195,2.83967445,2.83967445,2.79981937,2.81974691,52222101,147749543.07,,
2023-07-10,2195,2.82971068,2.83967445,2.81974691,2.82971068,35104126,99652129.92,,
2023-07-11,2195,2.82971068,2.83967445,2.81974691,2.83967445,31905722,90722145.79,,
2023-07-12,2195,2.93931215,3.10869624,2.93931215,2.94927592,277012357,836651708.61,,
2023-07-13,2195,2.93931215,2.989131,2.91938461,2.97916723,130678686,388720220.55,,
2023-07-14,2195,2.97916723,3.00905854,2.95923969,2.96920346,93891128,280944423.03,,
2023-07-17,2195,2.96920346,2.97916723,2.93931215,2.94927592,54618777,161760878.48,,
2023-07-18,2195,2.94927592,2.94927592,2.89945707,2.92934838,57242949,167843054.95,,
2023-07-19,2195,2.92934838,2.94927592,2.91938461,2.92934838,42269929,124475333.95,,
2023-07-20,2195,2.92934838,3.00905854,2.91938461,2.95923969,97540550,290553868.73,,
2023-07-21,2195,2.94927592,2.95923969,2.92934838,2.93931215,51988642,153649220.18,,
2023-07-24,2195,2.93931215,2.95923969,2.91938461,2.92934838,50271986,147943617.79,,
2023-07-25,2195,2.94927592,2.989131,2.93931215,2.97916723,72303003,215134477.17,,
2023-07-26,2195,2.97916723,2.97916723,2.94927592,2.97916723,51467095,153085148.85,,
2023-07-27,2195,2.96920346,3.07880493,2.96920346,3.01902231,140667066,429135067.44,,
2023-07-28,2195,3.01902231,3.05887739,2.989131,3.04891362,94472875,287098470.41,,
2023-07-31,2195,3.04891362,3.06884116,3.01902231,3.04891362,92376149,281903622.79,,
2023-08-01,2195,3.04891362,3.12862378,3.01902231,3.09873247,144234066,444361773.45,,
2023-08-02,2195,3.09873247,3.12862378,3.05887739,3.06884116,96424055,298560743.23,,
2023-08-03,2195,3.05887739,3.06884116,3.02898608,3.04891362,65643501,200749233.21,,
2023-08-04,2195,3.06884116,3.17844263,3.05887739,3.14855132,225236190,706263001.71,,
2023-08-07,2195,3.24818902,3.29800787,3.11866001,3.12862378,225552488,719130816.5,,
2023-08-08,2195,3.16847886,3.17844263,3.07880493,3.09873247,108318460,337799736.44,,
2023-08-09,2195,3.0887687,3.12862378,3.07880493,3.0887687,76416593,237602679.15,,
2023-08-10,2195,3.07880493,3.0887687,3.02898608,3.05887739,75976113,232962137.8,,
2023-08-11,2195,3.06884116,3.06884116,3.00905854,3.00905854,65286483,199096582.38,,
2023-08-14,2195,3.00905854,3.03894985,2.989131,3.02898608,61340812,185798779.38,,
2023-08-15,2195,3.03894985,3.03894985,2.96920346,2.99909477,62999882,189682484.53,,
2023-08-16,2195,2.97916723,2.99909477,2.92934838,2.96920346,65080947,193881438.87,,
2023-08-17,2195,2.95923969,2.989131,2.92934838,2.97916723,48218780,143419918.72,,
2023-08-18,2195,2.96920346,3.01902231,2.92934838,2.92934838,69550646,207581871.28,,
2023-08-21,2195,2.93931215,2.95923969,2.91938461,2.91938461,43572805,128377964.87,,
2023-08-22,2195,2.92934838,2.97916723,2.90942084,2.97916723,74097137,219615163.69,,
2023-08-23,2195,2.96920346,2.99909477,2.92934838,2.92934838,58008338,172291001.89,,
2023-08-24,2195,2.93931215,2.96920346,2.92934838,2.93931215,42406994,125514109.29,,
2023-08-25,2195,2.92934838,2.93931215,2.86956576,2.87952953,66508759,193405772.66,,
2023-08-28,2195,2.989131,3.02898608,2.92934838,2.92934838,97675013,291536111.38,,
2023-08-29,2195,2.91938461,3.00905854,2.91938461,2.989131,82680114,246834471.52,,
2023-08-30,2195,2.989131,3.0887687,2.97916723,3.07880493,150194565,458878256.72,,
2023-08-31,2195,3.2880441,3.37771803,3.10869624,3.11866001,500280750,1634524648.09,,
2023-09-01,2195,3.12862378,3.15851509,2.99909477,2.99909477,229577658,703348643.76,,
2023-09-04,2195,2.97916723,3.00905854,2.93931215,2.97916723,155826561,464770215.78,,
2023-09-05,2195,2.99909477,3.10869624,2.99909477,3.02898608,144227921,440967199.31,,
2023-09-06,2195,3.00905854,3.02898608,2.95923969,3.00905854,95209765,285531140.12,,
2023-09-07,2195,2.99909477,3.03894985,2.989131,3.00905854,72995962,220467350.88,,
2023-09-08,2195,2.99909477,3.00905854,2.96920346,2.989131,51459479,154305719.32,,
2023-09-11,2195,3.00905854,3.03894985,2.989131,3.01902231,78905220,238496834.96,,
2023-09-12,2195,3.03894985,3.12862378,2.99909477,3.07880493,155910119,480125998.04,,
2023-09-13,2195,3.05887739,3.06884116,2.96920346,3.03894985,161755543,488945868.5,,
2023-09-14,2195,3.02898608,3.02898608,2.989131,2.99909477,52368991,158191235.59,,
2023-09-15,2195,3.00905854,3.01902231,2.97916723,2.989131,54787887,164721047.55,,
2023-09-18,2195,2.97916723,2.99909477,2.95923969,2.97916723,48109648,144010961.89,,
2023-09-19,2195,2.97916723,2.989131,2.95923969,2.95923969,45907895,136690625.87,,
2023-09-20,2195,2.95923969,2.97916723,2.90942084,2.91938461,75155407,221893380.63,,
2023-09-21,2195,2.91938461,2.93931215,2.89945707,2.91938461,46329120,135937295.21,,
2023-09-22,2195,2.91938461,2.96920346,2.91938461,2.95923969,53137017,157236573.09,,
2023-09-25,2195,2.95923969,2.96920346,2.92934838,2.93931215,50623333,149650491.31,,
2023-09-26,2195,2.92934838,2.94927592,2.91938461,2.91938461,47984932,141148095.36,,
2023-09-27,2195,2.91938461,2.99909477,2.90942084,2.97916723,106383048,316236393.49,,
2023-09-28,2195,2.97916723,2.989131,2.94927592,2.94927592,47735014,141867693.52,,
2023-10-09,2195,2.94927592,2.96920346,2.93931215,2.95923969,44926306,133254988.36,,
2023-10-10,2195,2.95923969,2.96920346,2.94927592,2.94927592,33647558,99921921.31,,
2023-10-11,2195,2.94927592,2.99909477,2.92934838,2.989131,97285987,290138408.18,,
2023-10-12,2195,2.989131,3.00905854,2.96920346,2.99909477,66205667,198602489.18,,
2023-10-13,2195,2.99909477,3.02898608,2.97916723,2.99909477,72396859,218059015.31,,
2023-10-16,2195,2.989131,2.99909477,2.94927592,2.94927592,68536970,203917976.3,,
2023-10-17,2195,2.95923969,2.96920346,2.93931215,2.95923969,46299047,137471972.82,,
2023-10-18,2195,2.95923969,2.95923969,2.91938461,2.92934838,52908772,155799064.12,,
2023-10-19,2195,2.90942084,2.94927592,2.8894933,2.89945707,62740735,183906984.26,,
2023-10-20,2195,2.8894933,2.89945707,2.83967445,2.84963822,74711565,214538378.93,,
2023-10-23,2195,2.83967445,2.83967445,2.68025413,2.70018167,94660248,261558562.29,,
2023-10-24,2195,2.70018167,2.75996429,2.68025413,2.73007298,69903173,191105556.32,,
2023-10-25,2195,2.74003675,2.82971068,2.74003675,2.79981937,70535875,197958554.15,,
2023-10-26,2195,2.7898556,2.81974691,2.76992806,2.80978314,52390687,147089241.78,,
2023-10-27,2195,2.79981937,2.81974691,2.75996429,2.79981937,60432835,169018602.83,,
2023-10-30,2195,2.7898556,2.81974691,2.7898556,2.80978314,54956196,154719513.02,,
2023-10-31,2195,2.80978314,2.81974691,2.76992806,2.7898556,48967389,137131729.76,,
2023-11-01,2195,2.7898556,2.80978314,2.76992806,2.77989183,41610251,116439999.24,,
2023-11-02,2195,2.76992806,2.79981937,2.75000052,2.75000052,57643983,160703014.2,,
2023-11-03,2195,2.75000052,2.80978314,2.74003675,2.7898556,59327300,165667114.79,,
2023-11-06,2195,2.80978314,2.86956576,2.79981937,2.85960199,93878264,267644046.78,,
2023-11-07,2195,2.84963822,2.87952953,2.82971068,2.84963822,58494805,167217763.13,,
2023-11-08,2195,2.84963822,2.90942084,2.83967445,2.8894933,82188901,237479534.74,,
2023-11-09,2195,2.8894933,2.89945707,2.85960199,2.86956576,54499797,157314907.83,,
2023-11-10,2195,2.85960199,2.86956576,2.82971068,2.83967445,50479291,143763356.44,,
2023-11-13,2195,2.84963822,2.8894933,2.83967445,2.87952953,55788729,160655427.11,,
2023-11-14,2195,2.87952953,2.989131,2.86956576,2.97916723,157252463,464621468.64,,
2023-11-15,2195,3.11866001,3.23822525,3.00905854,3.01902231,330915132,1025422560.37,,
2023-11-16,2195,3.01902231,3.10869624,2.989131,3.05887739,211349662,648108464.51,,
2023-11-17,2195,3.03894985,3.27808033,3.02898608,3.1884064,407138217,1296315369.33,,
2023-11-20,2195,3.25815279,3.50724704,3.25815279,3.50724704,671948415,2330817726.77,,
2023-11-21,2195,3.85597899,3.85597899,3.69655867,3.85597899,634752372,2446551308.28,价格异常,13.455657492354733
2023-11-22,2195,3.85597899,3.8858703,3.59692097,3.59692097,1188267104,4433239968.53,,
2023-11-23,2195,3.52717458,3.5869572,3.34782672,3.35779049,752223969,2582514851.55,,
2023-11-24,2195,3.36775426,3.43750065,3.2880441,3.2880441,407768663,1368342702.05,,
2023-11-27,2195,3.2880441,3.31793541,3.20833394,3.21829771,312286741,1017718285.66,,
2023-11-28,2195,3.20833394,3.31793541,3.20833394,3.27808033,267966679,880228048.54,,
2023-11-29,2195,3.29800787,3.34782672,3.22826148,3.24818902,198530280,654030144.19,,
2023-11-30,2195,3.23822525,3.27808033,3.15851509,3.17844263,228315752,734399853.46,,
2023-12-01,2195,3.17844263,3.26811656,3.16847886,3.25815279,187351638,606785191.94,,
2023-12-04,2195,3.27808033,3.31793541,3.25815279,3.25815279,182892315,602568211.72,,
2023-12-05,2195,3.25815279,3.25815279,3.17844263,3.1884064,149391115,480898923.71,,
2023-12-06,2195,3.17844263,3.27808033,3.15851509,3.24818902,178269905,577162924.91,,
2023-12-07,2195,3.23822525,3.29800787,3.21829771,3.24818902,153900174,502797170.54,,
2023-12-08,2195,3.26811656,3.30797164,3.22826148,3.22826148,139388017,455273192.68,,
2023-12-11,2195,3.20833394,3.26811656,3.1884064,3.25815279,167707296,542161661.25,,
2023-12-12,2195,3.25815279,3.2880441,3.22826148,3.27808033,121468389,397398894.2,,
2023-12-13,2195,3.2880441,3.2880441,3.22826148,3.22826148,101396883,330509259.04,,
2023-12-14,2195,3.24818902,3.37771803,3.21829771,3.22826148,251005986,826936736.14,,
2023-12-15,2195,3.20833394,3.24818902,3.16847886,3.19837017,151274390,485914686.39,,
2023-12-18,2195,3.1884064,3.20833394,3.12862378,3.14855132,125137965,397897533.29,,
2023-12-19,2195,3.16847886,3.1884064,3.12862378,3.16847886,111502628,353748770.82,,
2023-12-20,2195,3.16847886,3.17844263,3.07880493,3.0887687,114773081,358820965.32,,
2023-12-21,2195,3.06884116,3.10869624,3.04891362,3.09873247,100553781,311004069.88,,
2023-12-22,2195,3.10869624,3.13858755,3.01902231,3.03894985,136070186,420462834.42,,
2023-12-25,2195,3.02898608,3.06884116,2.95923969,3.00905854,100891763,304650936.78,,
2023-12-26,2195,3.03894985,3.04891362,2.93931215,2.94927592,76981377,229590950.21,,
2023-12-27,2195,2.96920346,2.989131,2.90942084,2.95923969,105306410,312149449.88,,
2023-12-28,2195,2.95923969,3.00905854,2.92934838,2.99909477,93114726,278397121.54,,
2023-12-29,2195,2.99909477,3.07880493,2.989131,3.05887739,115471090,352434761.88,,
2024-01-02,2195,3.05887739,3.07880493,2.99909477,2.99909477,104555444,317868924.74,,
2024-01-03,2195,2.99909477,3.01902231,2.97916723,2.99909477,69585051,209174537.55,,
2024-01-04,2195,2.989131,2.99909477,2.94927592,2.96920346,71785937,213827172.77,,
2024-01-05,2195,2.96920346,2.97916723,2.79981937,2.87952953,116495846,340816050.53,,
2024-01-08,2195,2.85960199,2.89945707,2.83967445,2.83967445,71931394,207077850.06,,
2024-01-09,2195,2.84963822,2.86956576,2.79981937,2.82971068,72077296,205406545.94,,
2024-01-10,2195,2.82971068,2.82971068,2.75996429,2.76992806,68536124,191876791.19,,
2024-01-11,2195,2.75996429,2.86956576,2.75000052,2.85960199,104158651,295524338.5,,
2024-01-12,2195,2.84963822,2.85960199,2.79981937,2.80978314,70675302,200201717.13,,
2024-01-15,2195,2.80978314,2.81974691,2.76992806,2.7898556,57685496,161828877.96,,
2024-01-16,2195,2.79981937,2.79981937,2.74003675,2.7898556,80185881,222723226.77,,
2024-01-17,2195,2.7898556,2.79981937,2.72010921,2.72010921,76344875,211597637.75,,
2024-01-18,2195,2.71014544,2.74003675,2.63043528,2.70018167,118149077,316940333.77,,
2024-01-19,2195,2.70018167,2.71014544,2.64039905,2.65036282,75836422,203602893.18,,
2024-01-22,2195,2.64039905,2.66032659,2.45108742,2.4909425,121812127,312341403.15,,
2024-01-23,2195,2.47101496,2.56068889,2.45108742,2.55072512,96683785,244373657.25,,
2024-01-24,2195,2.61050774,2.66032659,2.52083381,2.62047151,126563173,328945827.93,,
2024-01-25,2195,2.63043528,2.76992806,2.60054397,2.73007298,164194307,443861165.99,,
2024-01-26,2195,2.73007298,2.74003675,2.68025413,2.6902179,130154447,353236077.66,,
2024-01-29,2195,2.70018167,2.72010921,2.61050774,2.62047151,92696700,246795291.96,,
2024-01-30,2195,2.62047151,2.70018167,2.57065266,2.58061643,114625316,303645675.78,,
2024-01-31,2195,2.56068889,2.5905802,2.46105119,2.46105119,133703216,336334093.39,,
2024-02-01,2195,2.44112365,2.4909425,2.38134103,2.42119611,99378687,242811209.39,,
2024-02-02,2195,2.44112365,2.50090627,2.26177579,2.36141349,132011596,317473254.29,,
2024-02-05,2195,2.34148595,2.34148595,2.12228301,2.14221055,168411835,371913132.72,,
2024-02-06,2195,2.12228301,2.36141349,2.11231924,2.36141349,199514909,454517876.79,,
2024-02-07,2195,2.40126857,2.58061643,2.40126857,2.56068889,243158776,614163590.29,价格异常,13.67924528301887
2024-02-08,2195,2.56068889,2.70018167,2.55072512,2.62047151,200390917,532206064.02,,
2024-02-19,2195,2.70018167,2.71014544,2.60054397,2.65036282,139582969,371337905.02,,
2024-02-20,2195,2.62047151,2.67029036,2.58061643,2.66032659,107808323,285282173.02,,
2024-02-21,2195,2.67029036,2.75000052,2.65036282,2.6902179,174777192,474471344.54,,
2024-02-22,2195,2.68025413,2.74003675,2.67029036,2.74003675,130937925,357332279.94,,
2024-02-23,2195,2.74003675,2.79981937,2.71014544,2.77989183,165526488,456544843.6,,
2024-02-26,2195,2.81974691,2.82971068,2.75996429,2.77989183,150342645,421174067.25,,
2024-02-27,2195,2.76992806,2.92934838,2.75000052,2.92934838,205071910,587733523.15,,
2024-02-28,2195,2.93931215,2.96920346,2.74003675,2.75000052,234640362,676302222.01,,
2024-02-29,2195,2.73007298,2.86956576,2.73007298,2.84963822,156354002,443739090.46,,
2024-03-01,2195,2.83967445,2.8894933,2.81974691,2.87952953,128317727,368216315.69,,
2024-03-04,2195,2.8894933,2.93931215,2.85960199,2.8894933,127936776,371971391.76,,
2024-03-05,2195,2.85960199,2.8894933,2.81974691,2.83967445,118449621,339266528.7,,
2024-03-06,2195,2.82971068,2.85960199,2.79981937,2.82971068,90296036,256491637.76,,
2024-03-07,2195,2.83967445,2.85960199,2.77989183,2.77989183,103380787,292495764.3,,
2024-03-08,2195,2.76992806,2.87952953,2.75000052,2.86956576,127701556,361270709.74,,
2024-03-11,2195,2.93931215,3.00905854,2.8894933,2.93931215,175328228,515534358.26,,
2024-03-12,2195,2.91938461,2.93931215,2.87952953,2.90942084,117160925,341601465.68,,
2024-03-13,2195,2.89945707,2.97916723,2.8894933,2.92934838,151062963,443355970.38,,
2024-03-14,2195,2.91938461,2.95923969,2.84963822,2.8894933,128946076,375502525.87,,
2024-03-15,2195,2.86956576,2.97916723,2.84963822,2.97916723,229784038,675528525.6,,
2024-03-18,2195,3.00905854,3.02898608,2.94927592,2.99909477,169109282,505568552.86,,
2024-03-19,2195,2.97916723,3.00905854,2.94927592,2.94927592,140662576,420342690.6,,
2024-03-20,2195,2.94927592,3.02898608,2.93931215,3.01902231,168345703,505383170.65,,
2024-03-21,2195,3.02898608,3.14855132,3.02898608,3.10869624,276908279,860575756.58,,
2024-03-22,2195,3.11866001,3.13858755,2.99909477,3.02898608,196653800,600169573.73,,
2024-03-25,2195,3.03894985,3.23822525,3.00905854,3.06884116,286126164,896180361.0,,
2024-03-26,2195,3.05887739,3.09873247,2.96920346,3.01902231,173074616,526571071.84,,
2024-03-27,2195,2.989131,3.01902231,2.83967445,2.85960199,158680499,466221968.58,,
2024-03-28,2195,2.85960199,2.99909477,2.85960199,2.95923969,155175240,459727782.08,,
2024-03-29,2195,2.96920346,2.97916723,2.89945707,2.94927592,101407471,298297879.55,,
2024-04-01,2195,2.94927592,3.01902231,2.94927592,3.00905854,103571357,310973182.9,,
2024-04-02,2195,3.03894985,3.03894985,2.95923969,2.97916723,92863034,278007255.81,,
2024-04-03,2195,2.96920346,2.97916723,2.91938461,2.93931215,85434470,251835371.8,,
2024-04-08,2195,2.93931215,3.01902231,2.89945707,2.95923969,140128031,416851160.03,,
2024-04-09,2195,2.92934838,2.96920346,2.90942084,2.92934838,102804755,302352649.72,,
2024-04-10,2195,2.91938461,2.92934838,2.82971068,2.85960199,112413278,323622451.69,,
2024-04-11,2195,2.86956576,2.96920346,2.86956576,2.92934838,114509431,336133485.39,,
2024-04-12,2195,2.91938461,2.92934838,2.86956576,2.86956576,79966684,232196877.42,,
2024-04-15,2195,2.86956576,2.89945707,2.79981937,2.83967445,102586175,293648138.62,,
2024-04-16,2195,2.82971068,2.85960199,2.70018167,2.71014544,131513394,365686637.08,,
2024-04-17,2195,2.75000052,2.86956576,2.75000052,2.86956576,123238030,350282998.99,,
2024-04-18,2195,2.86956576,2.87952953,2.80978314,2.82971068,95875575,273378884.22,,
2024-04-19,2195,2.80978314,2.84963822,2.76992806,2.77989183,88437821,248612352.8,,
2024-04-22,2195,2.77989183,2.7898556,2.73007298,2.73007298,67017914,185044019.8,,
2024-04-23,2195,2.74003675,2.7898556,2.72010921,2.72010921,55358221,152408053.84,,
2024-04-24,2195,2.73007298,2.76992806,2.72010921,2.76992806,62850824,173467032.29,,
2024-04-25,2195,2.75996429,2.7898556,2.74003675,2.75000052,58594032,162470670.05,,
2024-04-26,2195,2.75996429,2.90942084,2.75000052,2.87952953,147537070,421145595.39,,
2024-04-29,2195,2.93931215,2.989131,2.92934838,2.96920346,169364208,504817937.48,,
2024-04-30,2195,2.95923969,2.99909477,2.91938461,2.95923969,110325036,326606796.7,,
2024-05-06,2195,2.989131,3.02898608,2.94927592,2.95923969,100741619,301621051.65,,
2024-05-07,2195,2.95923969,2.989131,2.92934838,2.94927592,85327959,252966291.84,,
2024-05-08,2195,2.92934838,2.93931215,2.87952953,2.87952953,81281514,236532755.8,,
2024-05-09,2195,2.87952953,2.91938461,2.86956576,2.89945707,60958840,177598771.97,,
2024-05-10,2195,2.89945707,2.91938461,2.85960199,2.87952953,61455990,177565181.76,,
2024-05-13,2195,2.84963822,2.85960199,2.80978314,2.82971068,69826816,198318354.28,,
2024-05-14,2195,2.81974691,2.86956576,2.81974691,2.83967445,54568178,155387886.91,,
2024-05-15,2195,2.82971068,2.83967445,2.7898556,2.79981937,59896385,169189850.55,,
2024-05-16,2195,2.82971068,2.84963822,2.80978314,2.81974691,61499889,174713535.29,,
2024-05-17,2195,2.81974691,2.85960199,2.79981937,2.85960199,62393098,177372311.77,,
2024-05-20,2195,2.84963822,2.87952953,2.82971068,2.83967445,71199254,203782685.13,,
2024-05-21,2195,2.83967445,2.85960199,2.80978314,2.81974691,54435789,154383536.72,,
2024-05-22,2195,2.80978314,2.82971068,2.79981937,2.80978314,41083614,115892965.87,,
2024-05-23,2195,2.80978314,2.80978314,2.74003675,2.75000052,72074675,200060841.7,,
2024-05-24,2195,2.76,2.78,2.73,2.74,48993647,134693419.78,,
2024-05-27,2195,2.73,2.78,2.69,2.77,84377108,229888173.27,,
2024-05-28,2195,2.78,2.79,2.74,2.75,50755931,140193681.75,,
2024-05-29,2195,2.74,2.83,2.74,2.8,83057528,232094672.86,,
2024-05-30,2195,2.79,2.81,2.77,2.78,48671478,135725132.26,,
2024-05-31,2195,2.78,2.8,2.75,2.75,41072785,113916013.85,,
2024-06-03,2195,2.75,2.76,2.68,2.71,72836405,197179285.79,,
2024-06-04,2195,2.71,2.71,2.66,2.71,57574972,154441099.09,,
2024-06-05,2195,2.69,2.72,2.67,2.67,42212347,113743718.16,,
2024-06-06,2195,2.66,2.7,2.55,2.57,104261959,271042684.82,,
2024-06-07,2195,2.59,2.65,2.58,2.62,67639023,177039952.41,,
2024-06-11,2195,2.62,2.63,2.58,2.62,43846764,114254041.51,,
2024-06-12,2195,2.62,2.65,2.61,2.64,45192459,119305290.39,,
2024-06-13,2195,2.65,2.66,2.61,2.62,41076637,107903237.53,,
2024-06-14,2195,2.61,2.69,2.6,2.68,64233502,170541520.74,,
2024-06-17,2195,2.67,2.69,2.65,2.66,36413336,97157727.11,,
2024-06-18,2195,2.66,2.71,2.66,2.7,44205360,119006610.66,,
2024-06-19,2195,2.71,2.73,2.68,2.69,43916821,118671600.28,,
2024-06-20,2195,2.68,2.69,2.6,2.61,54731029,144309250.6,,
2024-06-21,2195,2.6,2.64,2.58,2.61,39414755,103016855.05,,
2024-06-24,2195,2.59,2.6,2.48,2.5,80138088,203392257.82,,
2024-06-25,2195,2.5,2.53,2.42,2.45,63785743,157681086.41,,
2024-06-26,2195,2.45,2.56,2.43,2.55,69732650,174245286.69,,
2024-06-27,2195,2.55,2.55,2.51,2.53,48934608,123926871.8,,
2024-06-28,2195,2.51,2.56,2.5,2.51,49522603,125506538.42,,
2024-07-01,2195,2.52,2.53,2.46,2.52,44186947,110275187.37,,
2024-07-02,2195,2.52,2.58,2.51,2.54,54431234,138802857.88,,
2024-07-03,2195,2.54,2.55,2.51,2.52,42287198,106925305.78,,
2024-07-04,2195,2.51,2.54,2.45,2.45,52184860,129554298.0,,
2024-07-05,2195,2.44,2.49,2.43,2.47,45170595,111240433.39,,
2024-07-08,2195,2.45,2.46,2.38,2.39,52202624,125819973.03,,
2024-07-09,2195,2.39,2.43,2.34,2.42,71288872,170491354.78,,
2024-07-10,2195,2.38,2.38,2.24,2.33,114992522,266969603.47,,
2024-07-11,2195,2.39,2.55,2.39,2.43,93442855,228074565.29,,
2024-07-12,2195,2.42,2.42,2.36,2.37,67446249,161122039.31,,
2024-07-15,2195,2.36,2.47,2.35,2.42,96050160,230941481.41,,
2024-07-16,2195,2.51,2.62,2.44,2.57,208695682,531301893.47,,
2024-07-17,2195,2.5,2.52,2.44,2.45,125610196,310454977.26,,
2024-07-18,2195,2.41,2.41,2.36,2.39,76082025,181388817.43,,
2024-07-19,2195,2.38,2.4,2.36,2.39,46051711,109817232.0,,
2024-07-22,2195,2.39,2.42,2.38,2.4,52273481,125468235.72,,
2024-07-23,2195,2.39,2.41,2.35,2.35,51599824,122863065.74,,
2024-07-24,2195,2.35,2.37,2.3,2.31,52410688,122187180.01,,
2024-07-25,2195,2.29,2.33,2.27,2.31,46685990,107848801.4,,
2024-07-26,2195,2.31,2.35,2.3,2.33,40774061,95028456.29,,
2024-07-29,2195,2.33,2.37,2.32,2.36,50113495,117834214.96,,
2024-07-30,2195,2.35,2.37,2.34,2.36,41386497,97560983.28,,
2024-07-31,2195,2.36,2.45,2.35,2.45,83102510,201173223.02,,
2024-08-01,2195,2.46,2.49,2.43,2.45,62597015,153758555.01,,
2024-08-02,2195,2.44,2.48,2.42,2.43,56457146,138267911.05,,
2024-08-05,2195,2.41,2.46,2.37,2.38,64115222,155049625.98,,
2024-08-06,2195,2.39,2.43,2.36,2.41,48566986,116156180.82,,
2024-08-07,2195,2.4,2.41,2.38,2.39,36371983,86987016.7,,
2024-08-08,2195,2.37,2.4,2.34,2.38,44803120,106044647.46,,
2024-08-09,2195,2.39,2.41,2.36,2.37,34024950,80876658.62,,
2024-08-12,2195,2.36,2.37,2.32,2.33,39934366,93456680.88,,
2024-08-13,2195,2.33,2.36,2.32,2.35,35177792,82459354.13,,
2024-08-14,2195,2.36,2.38,2.33,2.35,36094183,84995671.96,,
2024-08-15,2195,2.36,2.43,2.34,2.39,62370580,149197094.0,,
2024-08-16,2195,2.4,2.41,2.37,2.39,39449276,94257747.74,,
2024-08-19,2195,2.39,2.43,2.38,2.41,46658157,112456977.54,,
2024-08-20,2195,2.41,2.42,2.36,2.37,46450510,110385747.65,,
2024-08-21,2195,2.36,2.39,2.33,2.34,40702882,95966396.68,,
2024-08-22,2195,2.34,2.36,2.27,2.27,59228315,136759160.7,,
2024-08-23,2195,2.27,2.32,2.27,2.3,40322726,92500011.75,,
2024-08-26,2195,2.3,2.31,2.23,2.26,57231318,128938269.68,,
2024-08-27,2195,2.25,2.27,2.16,2.17,72831324,160307730.45,,
2024-08-28,2195,2.16,2.21,2.13,2.18,52749984,114737408.41,,
2024-08-29,2195,2.17,2.22,2.16,2.21,43546747,95928777.11,,
2024-08-30,2195,2.22,2.32,2.21,2.28,80667447,184385900.2,,
2024-09-02,2195,2.28,2.3,2.22,2.23,54508833,122956540.68,,
2024-09-03,2195,2.24,2.25,2.2,2.24,44109925,98225366.02,,
2024-09-04,2195,2.22,2.24,2.2,2.21,38334910,85035258.4,,
2024-09-05,2195,2.21,2.27,2.21,2.25,43463615,97460234.37,,
2024-09-06,2195,2.25,2.26,2.21,2.22,36030908,80492611.52,,
2024-09-09,2195,2.2,2.23,2.18,2.2,41740695,91923755.1,,
2024-09-10,2195,2.2,2.24,2.16,2.22,52641240,115295593.18,,
2024-09-11,2195,2.21,2.22,2.17,2.18,34088643,74662064.45,,
2024-09-12,2195,2.18,2.23,2.18,2.2,42918717,94872574.11,,
2024-09-13,2195,2.21,2.22,2.17,2.17,31537900,69092029.0,,
2024-09-18,2195,2.17,2.18,2.12,2.14,43996491,94193321.31,,
2024-09-19,2195,2.15,2.23,2.14,2.22,74152712,162687793.85,,
2024-09-20,2195,2.22,2.24,2.21,2.23,48437565,107847569.9,,
2024-09-23,2195,2.24,2.29,2.23,2.28,72001476,163051876.47,,
2024-09-24,2195,2.27,2.34,2.25,2.33,95124697,218699583.07,,
2024-09-25,2195,2.34,2.45,2.34,2.39,123462681,297208348.66,,
2024-09-26,2195,2.38,2.45,2.37,2.45,95774687,231665606.83,,
2024-09-27,2195,2.5,2.63,2.48,2.58,150878354,383972035.5,,
2024-09-30,2195,2.7,2.84,2.7,2.84,264395349,740146787.55,,
2024-10-08,2195,3.12,3.12,2.92,3.12,454300415,1392449981.11,,
2024-10-09,2195,3.08,3.12,2.89,2.89,326657083,982070171.29,,
2024-10-10,2195,2.9,3.0,2.81,2.85,207142553,599800955.07,,
2024-10-11,2195,2.84,2.84,2.67,2.73,172665548,475848749.1,,
2024-10-14,2195,2.73,2.78,2.67,2.77,144900580,395977592.34,,
2024-10-15,2195,2.76,2.86,2.73,2.75,168573825,473372102.35,,
2024-10-16,2195,2.71,2.8,2.69,2.77,111256957,306443701.49,,
2024-10-17,2195,2.79,2.82,2.75,2.75,119094390,331363489.28,,
2024-10-18,2195,2.73,2.9,2.71,2.84,192060078,538903075.32,,
2024-10-21,2195,2.89,2.93,2.85,2.89,169109810,488384471.06,,
2024-10-22,2195,2.9,2.92,2.85,2.9,135929216,392200173.84,,
2024-10-23,2195,2.9,2.92,2.86,2.87,151312144,437947119.07,,
2024-10-24,2195,2.86,2.87,2.82,2.84,100514729,284971832.39,,
2024-10-25,2195,2.84,2.95,2.84,2.92,162679437,472518932.6,,
2024-10-28,2195,2.93,3.02,2.91,3.0,212412888,631887420.43,,
2024-10-29,2195,3.03,3.05,2.93,2.95,164620420,489641942.74,,
2024-10-30,2195,2.94,3.03,2.92,3.0,181353024,540419715.9,,
2024-10-31,2195,3.03,3.11,2.99,3.09,254286492,780208347.12,,
2024-11-01,2195,3.1,3.11,2.88,2.9,257851286,766046471.98,,
2024-11-04,2195,2.89,3.0,2.87,2.93,164473300,481680959.26,,
2024-11-05,2195,2.91,3.05,2.9,3.04,248689617,745859600.24,,
2024-11-06,2195,3.06,3.34,3.06,3.34,342702813,1120385226.32,,
2024-11-07,2195,3.54,3.54,3.26,3.39,847084378,2875006578.56,,
2024-11-08,2195,3.41,3.68,3.41,3.44,638075196,2243637711.36,,
2024-11-11,2195,3.44,3.6,3.41,3.52,411696116,1450028732.85,,
2024-11-12,2195,3.55,3.58,3.33,3.37,362796557,1243030577.76,,
2024-11-13,2195,3.35,3.39,3.26,3.31,215433414,712112638.53,,
2024-11-14,2195,3.33,3.39,3.22,3.23,210842056,696096551.05,,
2024-11-15,2195,3.22,3.37,3.2,3.22,312181073,1019489173.63,,
2024-11-18,2195,3.21,3.23,3.02,3.04,289319012,893614464.43,,
2024-11-19,2195,3.06,3.08,2.95,3.06,192334019,581376970.32,,
2024-11-20,2195,3.05,3.17,3.02,3.15,203475542,633432338.87,,
2024-11-21,2195,3.15,3.33,3.08,3.24,298369911,955762260.87,,
2024-11-22,2195,3.18,3.45,3.16,3.22,430997858,1428270679.98,,
2024-11-25,2195,3.33,3.45,3.23,3.4,437961623,1468671484.73,,
2024-11-26,2195,3.33,3.74,3.28,3.74,345600394,1243881425.8,,
2024-11-27,2195,3.8,3.83,3.53,3.67,724435529,2651442502.23,,
2024-11-28,2195,3.66,3.86,3.54,3.56,557267655,2060422716.22,,
2024-11-29,2195,3.5,3.79,3.45,3.68,544000275,1955086291.47,,
2024-12-02,2195,3.75,4.05,3.71,4.05,601406553,2416169401.75,,
2024-12-03,2195,4.29,4.46,4.23,4.46,503152218,2212519498.09,价格异常,14.016172506738567
2024-12-04,2195,4.91,4.91,4.32,4.91,1363987395,6314512999.94,,
2024-12-05,2195,4.79,5.4,4.56,5.4,1086656674,5493717821.85,,
2024-12-06,2195,5.9,5.93,5.4,5.44,1879970435,10697360298.85,价格异常,18.42105263157896
2024-12-09,2195,5.2,5.76,4.91,5.49,1467938253,7849460023.07,,
2024-12-10,2195,5.5,5.6,4.95,4.95,1259658084,6598095524.71,,
2024-12-11,2195,4.76,4.85,4.62,4.7,927494733,4357675347.93,,
2024-12-12,2195,4.66,4.74,4.47,4.57,659840088,3008094810.94,,
2024-12-13,2195,4.58,4.65,4.51,4.52,554799863,2547035297.89,,
2024-12-16,2195,4.55,4.76,4.46,4.72,579584641,2700427073.12,,
2024-12-17,2195,4.75,4.75,4.36,4.39,450942278,2022778470.15,,
2024-12-18,2195,4.38,4.83,4.36,4.83,639669707,3005758450.12,,
2024-12-19,2195,4.98,5.28,4.84,4.93,1247489068,6297426216.88,价格异常,11.009174311926584
2024-12-20,2195,4.8,5.1,4.73,4.99,755848867,3731910805.27,,
2024-12-23,2195,5.0,5.12,4.75,4.88,646464193,3206159959.27,,
2024-12-24,2195,4.87,4.87,4.51,4.58,614262105,2848664531.17,,
2024-12-25,2195,4.69,4.92,4.36,4.4,521500239,2380293688.84,,
2024-12-26,2195,4.3,4.49,4.26,4.37,366753985,1609507405.2,,
2024-12-27,2195,4.34,4.55,4.32,4.42,405596209,1803040548.41,,
2024-12-30,2195,4.4,4.4,4.18,4.2,376292201,1600261689.76,,
2024-12-31,2195,4.21,4.23,3.95,3.97,384651853,1556738228.71,,
2025-01-02,2195,3.95,4.03,3.87,3.92,305538567,1204343835.31,,
2025-01-03,2195,3.93,3.96,3.67,3.69,321157292,1211047966.49,,
2025-01-06,2195,3.65,3.69,3.51,3.53,267176961,954810180.68,,
2025-01-07,2195,3.56,3.78,3.55,3.74,457002885,1682826656.76,,
2025-01-08,2195,3.78,3.9,3.64,3.87,560750861,2126807238.38,,
2025-01-09,2195,3.78,3.94,3.75,3.88,396302000,1535129038.26,,
2025-01-10,2195,3.89,4.23,3.82,3.96,560623743,2258878421.17,,
2025-01-13,2195,3.98,4.09,3.9,3.98,353111636,1410457398.78,,
2025-01-14,2195,3.99,4.36,3.93,4.28,551305116,2298629835.77,,
2025-01-15,2195,4.26,4.39,4.13,4.21,453449703,1914029682.87,,
2025-01-16,2195,4.26,4.38,4.18,4.28,408852739,1750174087.23,,
2025-01-17,2195,4.21,4.25,4.15,4.15,269405822,1128069192.82,,
2025-01-20,2195,4.19,4.24,4.09,4.19,309339737,1287995617.57,,
2025-01-21,2195,4.2,4.22,4.03,4.08,272375162,1115351569.68,,
2025-01-22,2195,4.04,4.05,3.97,3.98,212692052,850971279.49,,
2025-01-23,2195,4.05,4.23,4.03,4.05,337796823,1389588336.03,,
2025-01-24,2195,4.02,4.14,4.01,4.1,253347693,1033213341.3,,
2025-01-27,2195,4.15,4.22,4.04,4.07,246735188,1017993854.46,,
2025-02-05,2195,4.21,4.48,4.18,4.48,554111951,2420371696.16,,
2025-02-06,2195,4.53,4.79,4.44,4.66,720401988,3314757586.54,,
2025-02-07,2195,4.56,4.78,4.51,4.65,706134885,3286345204.77,,
2025-02-10,2195,4.65,5.11,4.63,4.99,764339627,3717842022.37,,
2025-02-11,2195,4.99,5.09,4.81,4.88,624849041,3076203072.29,,
2025-02-12,2195,4.82,5.37,4.79,5.27,856851988,4398058194.98,,
2025-02-13,2195,5.1,5.18,4.98,5.06,685996066,3475636729.86,,
2025-02-14,2195,4.99,4.99,4.8,4.87,458420196,2242715986.09,,
2025-02-17,2195,4.97,5.08,4.94,5.01,427861192,2141536836.01,,
2025-02-18,2195,5.0,5.08,4.77,4.77,428874888,2114030573.84,,
2025-02-19,2195,4.79,4.92,4.77,4.88,313638247,1525004018.3,,
2025-02-20,2195,4.89,5.1,4.89,4.97,409438536,2050254379.79,,
2025-02-21,2195,5.01,5.4,4.99,5.24,718265286,3703328136.02,,
2025-02-24,2195,5.08,5.08,4.95,4.97,587381434,2933610576.87,,
2025-02-25,2195,4.86,4.97,4.77,4.88,336691502,1633940197.04,,
2025-02-26,2195,5.0,5.08,4.95,5.01,359748742,1802176871.96,,
2025-02-27,2195,4.99,5.12,4.88,4.95,318742119,1585868266.05,,
2025-02-28,2195,4.98,5.19,4.93,5.0,565123432,2862758760.39,,
2025-03-03,2195,5.08,5.34,4.86,5.23,625897812,3199014671.88,,
2025-03-04,2195,5.08,5.36,5.05,5.21,506131123,2628073367.3,,
2025-03-05,2195,5.27,5.73,5.18,5.73,764260225,4245091176.86,,
2025-03-06,2195,6.02,6.3,5.94,6.3,648019214,3972535812.37,价格异常,14.671814671814687
2025-03-07,2195,6.93,6.93,6.26,6.28,1860905785,12356897537.64,,
2025-03-10,2195,6.43,6.85,6.1,6.34,1516392423,9810319647.1,,
2025-03-11,2195,6.15,6.97,6.11,6.97,1864192241,12808239217.89,,
2025-03-12,2195,7.1,7.26,6.76,6.77,2016612164,14218464571.13,价格异常,10.638297872340408
2025-03-13,2195,6.72,6.77,6.21,6.31,1195322770,7652258315.07,,
2025-03-14,2195,6.28,6.45,6.2,6.33,823601334,5221500241.26,,
2025-03-17,2195,6.33,6.41,6.21,6.26,619333391,3902642361.02,,
2025-03-18,2195,6.31,6.86,6.25,6.65,1100786737,7215798894.29,,
2025-03-19,2195,6.58,7.0,6.48,6.85,1002707402,6816001149.22,,
2025-03-20,2195,6.83,6.95,6.55,6.65,798919950,5353088143.56,,
2025-03-21,2195,6.5,6.53,6.25,6.25,614385138,3892319821.18,,
2025-03-24,2195,6.18,6.36,5.81,6.29,660341412,4012110044.79,,
2025-03-25,2195,6.25,6.26,5.91,5.92,414625623,2507426672.88,,
2025-03-26,2195,5.82,6.01,5.82,5.86,300857681,1779950756.53,,
2025-03-27,2195,5.87,5.91,5.6,5.62,403752278,2306331887.6,,
2025-03-28,2195,5.59,5.67,5.52,5.54,285542686,1590163698.38,,
2025-03-31,2195,5.48,5.72,5.25,5.54,544928583,2960991964.02,,
2025-04-01,2195,5.59,5.62,5.37,5.41,350459982,1915896723.84,,
2025-04-02,2195,5.4,5.69,5.4,5.6,499237818,2788226397.47,,
2025-04-03,2195,5.5,5.62,5.41,5.46,307786076,1694834170.83,,
2025-04-07,2195,5.06,5.18,4.91,4.91,236785959,1175176489.73,,
2025-04-08,2195,4.63,4.87,4.47,4.61,464977863,2156076156.27,,
2025-04-09,2195,4.5,4.84,4.15,4.77,472057655,2153237540.82,,
2025-04-10,2195,4.9,5.07,4.85,4.92,380060313,1886200295.2,价格异常,16.86746987951806
2025-04-11,2195,4.84,5.03,4.81,4.95,292070600,1448276471.27,,
2025-04-14,2195,5.05,5.21,5.04,5.12,370594419,1904513973.27,,
2025-04-15,2195,5.12,5.15,5.0,5.06,228725025,1158181909.51,,
2025-04-16,2195,5.02,5.12,4.9,4.96,274202311,1370987573.16,,
2025-04-17,2195,4.91,5.09,4.91,4.94,224917502,1126705723.97,,
2025-04-18,2195,4.96,5.28,4.91,5.17,511313478,2618054305.57,,
2025-04-21,2195,5.21,5.37,5.09,5.35,460019259,2427153477.12,,
2025-04-22,2195,5.28,5.33,5.13,5.16,378274697,1962827673.38,,
2025-04-23,2195,5.2,5.43,5.17,5.33,407440721,2150243488.92,,
2025-04-24,2195,5.33,5.33,5.15,5.16,262996256,1371090974.4,,
2025-04-25,2195,5.12,5.19,5.1,5.1,221554871,1137261980.47,,
2025-04-28,2195,5.12,5.14,4.96,4.97,223362011,1119393882.82,,
2025-04-29,2195,4.94,5.08,4.88,5.0,201135074,1006565501.19,,
2025-04-30,2195,5.07,5.18,5.03,5.15,278143723,1426431372.62,,
2025-05-06,2195,5.22,5.67,5.19,5.67,471907938,2587223997.38,,
2025-05-07,2195,6.0,6.1,5.8,5.89,1058285845,6291198039.71,价格异常,11.753371868978801
2025-05-08,2195,5.92,6.0,5.81,5.84,583642205,3431823332.01,,
2025-05-09,2195,5.79,5.92,5.71,5.82,493812471,2871385035.75,,
2025-05-12,2195,5.87,5.98,5.81,5.97,468969384,2780399651.89,,
2025-05-13,2195,6.07,6.09,5.8,5.82,396823693,2334339250.17,,
2025-05-14,2195,5.8,5.92,5.77,5.86,289360604,1693664335.17,,
2025-05-15,2195,5.86,5.87,5.64,5.65,280462116,1602964444.36,,
2025-05-16,2195,5.65,5.77,5.62,5.72,244778034,1390836159.86,,
2025-05-19,2195,5.72,5.8,5.64,5.69,198945668,1133252479.12,,
2025-05-20,2195,5.67,5.73,5.58,5.7,206874596,1169675220.52,,
2025-05-21,2195,5.76,5.86,5.7,5.72,267580203,1541882453.64,,
2025-05-22,2195,5.67,5.8,5.58,5.61,192967238,1091428235.13,,
2025-05-23,2195,5.58,5.59,5.38,5.39,260663369,1428253639.43,,
2025-05-26,2195,5.41,5.44,5.36,5.42,153224805,826924435.71,,
2025-05-27,2195,5.42,5.42,5.3,5.32,157035146,836442450.57,,
2025-05-28,2195,5.32,5.8,5.27,5.64,440330564,2423315652.67,,
2025-05-29,2195,5.53,5.7,5.48,5.67,357450057,2008447590.75,,
2025-05-30,2195,5.68,5.79,5.55,5.65,323539480,1839098323.14,,
2025-06-03,2195,5.58,5.76,5.55,5.63,211011518,1196689270.69,,
2025-06-04,2195,5.63,5.63,5.55,5.58,176672805,985900574.67,,
2025-06-05,2195,5.57,5.64,5.47,5.6,223282741,1238383925.9,,
2025-06-06,2195,5.6,5.62,5.52,5.52,124666866,691146193.93,,
2025-06-09,2195,5.53,5.6,5.52,5.53,139631001,775050254.37,,
2025-06-10,2195,5.57,5.57,5.34,5.42,194674324,1057889178.63,,
2025-06-11,2195,5.42,5.53,5.4,5.47,153009248,836655584.52,,
2025-06-12,2195,5.42,5.48,5.39,5.4,126862223,687684310.56,,
2025-06-13,2195,5.36,5.38,5.22,5.23,184856304,975345295.81,,
2025-06-16,2195,5.23,5.38,5.23,5.34,135963296,723993765.93,,
2025-06-17,2195,5.58,5.85,5.5,5.74,688638947,3922958857.9,,
2025-06-18,2195,5.58,5.61,5.41,5.46,413434248,2272579936.5,,
2025-06-19,2195,5.4,5.5,5.32,5.33,218086798,1172403520.37,,
2025-06-20,2195,5.3,5.34,5.26,5.27,127320342,673298840.68,,
2025-06-23,2195,5.2,5.33,5.16,5.33,123061356,650053485.26,,
2025-06-24,2195,5.38,5.53,5.36,5.44,237747969,1294324656.73,,
2025-06-25,2195,5.44,5.48,5.37,5.46,225459920,1222739680.04,,
2025-06-26,2195,5.46,5.54,5.43,5.48,233083964,1278995845.86,,
2025-06-27,2195,5.48,5.59,5.45,5.54,241381505,1335083254.12,,
2025-06-30,2195,5.69,5.73,5.56,5.63,320731765,1807210967.67,,
2025-07-01,2195,5.61,5.77,5.56,5.6,328495310,1860976890.47,,
2025-07-02,2195,5.55,5.55,5.42,5.44,225936941,1236259830.61,,
2025-07-03,2195,5.44,5.48,5.41,5.45,112876314,614304343.63,,
2025-07-04,2195,5.54,5.57,5.45,5.46,178128664,980595327.15,,
2025-07-07,2195,5.4,5.46,5.36,5.41,118539453,641303452.09,,
2025-07-08,2195,5.42,5.49,5.4,5.47,138400403,754871420.85,,
2025-07-09,2195,5.48,5.5,5.42,5.43,139414635,761604545.15,,
2025-07-10,2195,5.41,5.46,5.37,5.44,120536391,652860752.72,,
2025-07-11,2195,5.42,5.52,5.38,5.48,174128339,949648061.67,,
2025-07-14,2195,5.48,5.5,5.42,5.44,116801235,636091550.36,,
2025-07-15,2195,5.47,5.59,5.45,5.54,248343953,1372008383.17,,
2025-07-16,2195,5.62,5.83,5.56,5.65,391556502,2227430144.28,,
2025-07-17,2195,5.56,5.68,5.52,5.64,243534531,1362219331.09,,
2025-07-18,2195,5.78,5.79,5.64,5.65,229346731,1303607341.9,,
2025-07-21,2195,5.65,5.73,5.65,5.68,201216479,1142897354.64,,
2025-07-22,2195,5.68,5.68,5.56,5.58,193787874,1083626145.35,,
2025-07-23,2195,5.58,5.6,5.53,5.55,151170562,840966975.23,,
2025-07-24,2195,5.56,5.64,5.54,5.63,177252155,993421263.61,,
2025-07-25,2195,5.66,6.01,5.62,5.88,629424266,3662787990.26,,
2025-07-28,2195,6.0,6.01,5.81,5.84,463019350,2727930915.81,,
2025-07-29,2195,5.85,5.94,5.72,5.77,296149428,1714436733.67,,
2025-07-30,2195,5.74,5.77,5.61,5.67,224597630,1275874725.36,,
2025-07-31,2195,5.67,5.77,5.61,5.74,277820982,1580990264.08,,
2025-08-01,2195,5.74,5.81,5.66,5.7,215403006,1234198513.63,,
2025-08-04,2195,5.65,5.68,5.56,5.68,166144325,932594439.84,,
2025-08-05,2195,5.66,5.75,5.62,5.7,189987669,1079697809.74,,
2025-08-06,2195,5.68,5.74,5.63,5.73,220228593,1254574468.45,,
2025-08-07,2195,5.72,5.76,5.63,5.75,245039540,1391720537.7,,
2025-08-08,2195,5.91,6.3,5.81,5.81,767629804,4603127195.01,,
2025-08-11,2195,5.77,5.92,5.77,5.87,364269306,2132779960.47,,
2025-08-12,2195,5.82,6.03,5.8,5.93,397895746,2360267883.79,,
2025-08-13,2195,5.92,5.97,5.86,5.92,336503562,1990918511.68,,
2025-08-14,2195,5.93,6.3,5.84,6.13,719589307,4339832678.0,,
2025-08-15,2195,6.1,6.12,6.02,6.08,423195404,2566681994.59,,
2025-08-18,2195,6.08,6.15,6.06,6.1,445348571,2721527480.83,,
2025-08-19,2195,6.16,6.68,6.15,6.37,737647283,4714784078.71,,
2025-08-20,2195,6.28,6.54,6.23,6.48,515968826,3304462075.27,,
2025-08-21,2195,6.47,6.47,6.17,6.27,475958067,3004817429.03,,
2025-08-22,2195,6.27,6.35,6.22,6.34,303087062,1909443738.8,,
2025-08-25,2195,6.39,6.49,6.32,6.41,430294824,2749733014.95,,
2025-08-26,2195,6.46,6.93,6.4,6.65,656698662,4337594791.45,,
2025-08-27,2195,6.73,7.32,6.66,7.32,1178655258,8494842858.47,,
2025-08-28,2195,7.43,8.05,7.35,8.05,1647013265,12713432037.04,价格异常,10.360360360360342
2025-08-29,2195,8.3,8.68,8.15,8.55,1622663656,13684590164.49,价格异常,10.88435374149661
2025-09-01,2195,8.55,9.38,8.02,8.88,1568275878,13837468602.87,,
2025-09-02,2195,8.89,8.97,8.17,8.27,1215522145,10297092287.51,,
2025-09-03,2195,8.27,9.1,8.06,9.02,1795505093,16056704261.79,,
2025-09-04,2195,8.6,8.65,8.12,8.12,1358159772,11251058502.62,,
2025-09-05,2195,7.79,8.37,7.4,8.23,1172639264,9272231569.88,,
2025-09-08,2195,8.18,8.39,8.01,8.22,837196262,6872906259.73,,
2025-09-09,2195,8.15,8.17,7.59,7.62,836191183,6537110718.45,,
2025-09-10,2195,7.66,7.97,7.66,7.86,675649897,5300762429.82,,
2025-09-11,2195,7.87,8.25,7.87,8.18,765259601,6208607918.64,,
2025-09-12,2195,8.19,8.34,8.1,8.15,617073049,5063931158.99,,
2025-09-15,2195,8.16,8.83,8.07,8.45,1127543786,9461498602.14,,
2025-09-16,2195,8.43,9.09,8.36,8.82,1163521808,10239663297.2,,
2025-09-17,2195,8.72,8.82,8.55,8.61,752560618,6500082131.75,,
2025-09-18,2195,8.6,8.74,8.16,8.35,868656096,7380816022.74,,
2025-09-19,2195,8.36,8.52,7.98,8.03,632044491,5162011911.59,,
2025-09-22,2195,7.98,8.02,7.83,7.97,451143931,3568261804.14,,
2025-09-23,2195,8.0,8.02,7.44,7.66,513003024,3929361305.87,,
2025-09-24,2195,7.63,7.77,7.51,7.76,381948019,2922514142.21,,
2025-09-25,2195,7.8,8.35,7.78,8.2,757102372,6149463365.1,,
2025-09-26,2195,8.12,8.12,7.7,7.73,492412761,3866106956.6,,
2025-09-29,2195,7.73,7.84,7.61,7.77,279335419,2162087131.93,,
2025-09-30,2195,7.77,7.88,7.67,7.86,335298822,2604921695.45,,
2025-10-09,2195,7.88,8.14,7.72,8.08,428616909,3418681095.62,,
2025-10-10,2195,8.0,8.0,7.75,7.76,305198986,2384013006.68,,
2025-10-13,2195,7.23,7.58,7.23,7.54,235110066,1758854790.61,,
2025-10-14,2195,7.57,7.65,7.35,7.44,272284880,2043972670.6,,
2025-10-15,2195,7.44,7.57,7.26,7.54,210961025,1574569116.9,,
2025-10-16,2195,7.49,7.49,7.31,7.32,178401380,1317231247.32,,
2025-10-17,2195,7.31,7.34,6.99,7.0,246532201,1756949386.01,,
2025-10-20,2195,7.14,7.4,7.1,7.34,282193241,2057055246.37,,
2025-10-21,2195,7.35,7.37,7.25,7.35,192507973,1410143027.69,,
2025-10-22,2195,7.29,7.38,7.26,7.32,120735747,885014000.34,,
2025-10-23,2195,7.3,7.33,7.16,7.31,137774432,996063881.1,,
2025-10-24,2195,7.33,7.64,7.32,7.56,319470933,2398618850.14,,
2025-10-27,2195,7.7,7.87,7.65,7.78,380527134,2956359877.75,,
2025-10-28,2195,7.71,7.82,7.65,7.8,261870852,2029025388.72,,
2025-10-29,2195,7.96,8.2,7.75,8.1,590817136,4741909302.8,,
2025-10-30,2195,8.1,8.21,7.87,7.89,397991039,3186265713.65,,
2025-10-31,2195,7.88,8.04,7.82,7.91,246754054,1959039647.71,,
2025-11-03,2195,7.85,7.88,7.71,7.87,235827740,1836838101.23,,
2025-11-04,2195,7.8,7.81,7.62,7.68,213608147,1644143231.13,,
2025-11-05,2195,7.55,7.68,7.5,7.64,184113261,1397530810.57,,
2025-11-06,2195,7.64,7.75,7.57,7.73,187901263,1439206119.19,,
2025-11-07,2195,7.66,7.71,7.56,7.61,152006528,1159907917.17,,
2025-11-10,2195,7.63,7.75,7.56,7.65,144359256,1100198966.19,,
2025-11-11,2195,7.65,7.68,7.46,7.47,184336081,1390823652.66,,
2025-11-12,2195,7.45,7.59,7.33,7.38,179661852,1340346867.47,,
2025-11-13,2195,7.37,7.41,7.26,7.37,200037903,1466794291.2,,
2025-11-14,2195,7.31,7.4,7.25,7.26,180478394,1317374215.17,,
2025-11-17,2195,7.23,7.34,7.1,7.32,154248045,1121976488.26,,
2025-11-18,2195,7.28,7.57,7.24,7.48,291361638,2157363738.42,,
2025-11-19,2195,7.46,7.46,7.2,7.21,191116987,1388910107.26,,
2025-11-20,2195,7.21,7.27,7.07,7.09,138145189,986416385.01,,
2025-11-21,2195,7.01,7.1,6.75,6.78,224633068,1548372217.26,,
2025-11-24,2195,6.81,6.94,6.66,6.91,177440719,1207267223.94,,
2025-11-25,2195,6.96,7.13,6.95,7.01,170741682,1205851342.06,,
2025-11-26,2195,6.97,7.09,6.96,6.98,118589425,832001664.6,,
2025-11-27,2195,6.97,7.05,6.92,6.93,107837901,753850263.35,,
2025-11-28,2195,6.92,7.0,6.88,6.99,100820963,700443459.02,,
2025-12-01,2195,7.01,7.14,6.97,7.11,149805604,1061328650.24,,
2025-12-02,2195,7.11,7.11,7.02,7.06,90879667,640601723.09,,
2025-12-03,2195,7.09,7.11,6.86,6.9,131326752,911641170.19,,
2025-12-04,2195,6.86,6.9,6.79,6.85,90039772,616478303.84,,
2025-12-05,2195,6.86,7.02,6.8,6.99,137964359,959386409.24,,
2025-12-08,2195,7.02,7.12,7.02,7.05,125364740,885098051.35,,
2025-12-09,2195,7.02,7.08,6.92,6.93,113545527,794425635.76,,
2025-12-10,2195,6.93,6.94,6.83,6.91,95069694,653744214.78,,
2025-12-11,2195,6.91,6.94,6.72,6.73,126550231,862565765.83,,
2025-12-12,2195,6.73,6.85,6.7,6.84,105040179,714393202.07,,
2025-12-15,2195,6.79,6.82,6.68,6.68,103416883,695715564.08,,
2025-12-16,2195,6.66,6.68,6.46,6.52,131523723,859262975.4,,
2025-12-17,2195,6.52,6.7,6.48,6.65,120742231,794780985.24,,
2025-12-18,2195,6.65,6.74,6.59,6.63,97873630,654424200.9,,
2025-12-19,2195,6.65,6.78,6.64,6.73,106781790,717661254.79,,
2025-12-22,2195,6.74,6.82,6.72,6.79,100793472,684450466.11,,
2025-12-23,2195,6.79,6.8,6.68,6.71,86961975,584257097.07,,
2025-12-24,2195,6.69,6.92,6.67,6.87,156205170,1066412509.86,,
2025-12-25,2195,6.83,6.89,6.81,6.87,97443039,667405518.93,,
2025-12-26,2195,6.86,6.91,6.81,6.87,102748969,705487233.14,,
2025-12-29,2195,6.89,7.06,6.86,6.97,200811399,1402963889.35,,
2025-12-30,2195,6.91,6.98,6.87,6.95,125960412,873970249.92,,
2025-12-31,2195,6.98,7.18,6.92,7.09,236186944,1673998597.12,,
2026-01-05,2195,7.8,7.8,7.8,7.8,143122039,1116351904.2,价格异常,12.71676300578035
2026-01-06,2195,8.58,8.58,8.58,8.58,71448913,613031673.54,价格异常,10.000000000000009
2026-01-07,2195,9.44,9.44,9.44,9.44,119777801,1130702441.44,价格异常,10.023310023310007
2026-01-08,2195,9.67,10.38,9.41,10.38,1904441876,18992990066.58,,
2026-01-09,2195,10.34,11.0,10.0,10.35,2088332085,21958893739.41,,
2026-01-12,2195,10.8,11.39,10.6,11.39,931613485,10342034106.19,,
2026-01-13,2195,12.5,12.5,11.0,11.99,1933925024,23271502070.37,,
2026-01-14,2195,11.78,13.19,11.78,13.19,1930868879,25019458040.42,,
2026-01-15,2195,12.07,12.19,11.87,11.87,286095800,3420807146.41,,
2026-01-16,2195,10.68,10.68,10.68,10.68,85650100,914743068.0,价格异常,-10.025273799494517
2026-01-19,2195,9.61,10.35,9.61,9.62,1672975136,16344726776.05,价格异常,-10.018726591760307
2026-01-20,2195,9.62,9.88,9.4,9.54,1014188525,9771102233.58,,
2026-01-21,2195,9.41,9.74,9.37,9.6,672573153,6439333811.29,,
2026-01-22,2195,9.59,9.99,9.53,9.9,785594387,7720853652.27,,
2026-01-23,2195,10.12,10.76,9.92,10.51,952256215,9861740604.19,,
2026-01-26,2195,10.67,10.68,9.82,9.98,815857876,8276245146.28,,
2026-01-27,2195,9.91,10.17,9.71,10.1,623592179,6188021233.18,,
2026-01-28,2195,10.08,10.1,9.74,9.78,447581047,4416860035.29,,
2026-01-29,2195,9.71,10.55,9.54,10.15,853905546,8672272653.74,,
2026-01-30,2195,10.03,10.1,9.75,9.82,473138308,4669206748.33,,
2026-02-02,2195,9.88,10.24,9.78,9.84,515484350,5140017613.49,,
2026-02-03,2195,9.86,10.36,9.83,10.31,714546081,7284470067.76,,
2026-02-04,2195,10.28,10.43,9.97,10.09,524716372,5315119134.41,,
2026-02-05,2195,9.96,10.15,9.76,9.93,449430141,4448620184.53,,
2026-02-06,2195,9.73,9.87,9.45,9.7,361556650,3500732915.4,,
2026-02-09,2195,9.89,10.18,9.87,10.14,470970826,4723380628.38,,
2026-02-10,2195,10.16,10.25,9.96,10.04,354718909,3581424253.36,,
2026-02-11,2195,10.1,10.3,9.95,9.98,398201202,4030259689.46,,
2026-02-12,2195,9.96,10.25,9.96,10.18,455904848,4620900242.33,,
2026-02-13,2195,9.95,10.13,9.86,9.93,379554765,3790927874.49,,
2026-02-24,2195,10.12,10.27,10.06,10.15,466428069,4741742721.97,,
2026-02-25,2195,10.17,10.95,10.04,10.57,694396761,7355787617.14,,
2026-02-26,2195,10.5,11.09,10.4,10.9,832468522,9026944396.98,,
2026-02-27,2195,10.8,11.17,10.7,11.07,640163560,7010466304.59,,
2026-03-02,2195,10.76,11.08,10.72,10.76,541974424,5886648748.11,,
2026-03-03,2195,10.75,10.87,9.68,9.69,754111183,7564320202.73,,
2026-03-04,2195,9.4,9.94,9.35,9.72,343718197,3346468602.98,,
2026-03-05,2195,9.94,10.69,9.9,10.69,773609673,8092558590.9,,
2026-03-06,2195,10.77,11.05,10.66,10.76,868430829,9381003402.76,,
