日期,股票代码,开盘,最高,最低,收盘,成交量,成交额,异常情况,异常涨跌幅
2016-03-11,603993,2.92899984,2.96366256,2.88567144,2.92899984,27975712,94466027.0,,
2016-03-14,603993,2.96366256,3.01565664,2.93766552,2.9896596,58188498,200565296.0,,
2016-03-15,603993,2.96366256,2.97232824,2.9030028,2.92899984,43858532,148288903.0,,
2016-03-16,603993,2.92899984,2.9463312,2.87700576,2.89433712,32783871,109884226.0,,
2016-03-17,603993,2.92033416,2.95499688,2.89433712,2.9463312,48565631,164456420.0,,
2016-03-18,603993,2.9463312,3.06765072,2.9463312,3.04165368,95207219,331633552.0,,
2016-03-21,603993,3.04165368,3.09364776,3.01565664,3.08498208,101809302,359262064.0,,
2016-03-22,603993,3.06765072,3.0763164,3.01565664,3.032988,68770036,241215879.0,,
2016-03-23,603993,3.02432232,3.24096432,2.99832528,3.11097912,118023358,424406992.0,,
2016-03-24,603993,3.032988,3.05898504,2.99832528,3.00699096,86993444,303698928.0,,
2016-03-25,603993,2.9896596,3.032988,2.95499688,2.99832528,45026276,155702330.0,,
2016-03-28,603993,2.99832528,3.06765072,2.97232824,3.01565664,58987322,204944880.0,,
2016-03-29,603993,3.02432232,3.05898504,2.98099392,2.9896596,56634972,196696430.0,,
2016-03-30,603993,3.00699096,3.06765072,2.99832528,3.04165368,65422688,228669417.0,,
2016-03-31,603993,3.05031936,3.17163888,3.02432232,3.10231344,134070476,478539664.0,,
2016-04-01,603993,3.06765072,3.11097912,3.032988,3.06765072,73860613,261487803.0,,
2016-04-05,603993,3.06765072,3.12831048,3.032988,3.1196448,101072601,359728992.0,,
2016-04-06,603993,3.11097912,3.17163888,3.08498208,3.11097912,86203369,310655552.0,,
2016-04-07,603993,3.12831048,3.13697616,3.032988,3.04165368,71445913,252956028.0,,
2016-04-08,603993,3.02432232,3.02432232,2.96366256,2.9896596,54110245,186732190.0,,
2016-04-11,603993,3.00699096,3.06765072,3.00699096,3.04165368,50595612,177735191.0,,
2016-04-12,603993,3.04165368,3.05031936,2.98099392,3.00699096,39140233,135868059.0,,
2016-04-13,603993,3.05031936,3.18897024,3.05031936,3.1196448,210117468,760690048.0,,
2016-04-14,603993,3.12831048,3.12831048,3.05898504,3.09364776,101414649,360504976.0,,
2016-04-15,603993,3.09364776,3.11097912,3.05031936,3.06765072,54676241,193639759.0,,
2016-04-18,603993,3.05031936,3.05031936,3.00699096,3.02432232,48880016,170368421.0,,
2016-04-19,603993,3.04165368,3.0763164,3.02432232,3.02432232,40194426,141092218.0,,
2016-04-20,603993,3.05031936,3.05898504,2.79034896,2.9030028,85940476,291276032.0,,
2016-04-21,603993,2.91166848,3.01565664,2.87700576,2.93766552,73943826,252495465.0,,
2016-04-22,603993,2.88567144,2.92033416,2.8596744,2.9030028,37506229,124867576.0,,
2016-04-25,603993,2.89433712,2.91166848,2.8596744,2.9030028,24553698,81688882.0,,
2016-04-26,603993,2.89433712,2.91166848,2.8596744,2.9030028,25927606,86208333.0,,
2016-04-27,603993,2.9030028,3.00699096,2.87700576,2.92033416,51787085,176227845.0,,
2016-04-28,603993,2.92033416,2.92033416,2.92033416,2.92033416,0,0.0,,
2016-04-29,603993,2.92033416,2.92033416,2.92033416,2.92033416,0,0.0,停牌,
2016-05-03,603993,2.92033416,2.92033416,2.92033416,2.92033416,0,0.0,停牌,
2016-05-04,603993,2.92033416,2.92033416,2.92033416,2.92033416,0,0.0,停牌,
2016-05-05,603993,2.92033416,2.92033416,2.92033416,2.92033416,0,0.0,停牌,
2016-05-06,603993,2.92033416,2.92033416,2.92033416,2.92033416,0,0.0,停牌,
2016-05-09,603993,2.92033416,2.92033416,2.92033416,2.92033416,0,0.0,停牌,
2016-05-10,603993,2.92033416,2.92033416,2.92033416,2.92033416,0,0.0,停牌,
2016-05-11,603993,2.92033416,2.92033416,2.92033416,2.92033416,0,0.0,停牌,
2016-05-12,603993,2.92033416,2.92033416,2.92033416,2.92033416,0,0.0,停牌,
2016-05-13,603993,2.92033416,2.92033416,2.92033416,2.92033416,0,0.0,停牌,
2016-05-16,603993,2.92033416,2.92033416,2.92033416,2.92033416,0,0.0,停牌,
2016-05-17,603993,2.92033416,2.92033416,2.92033416,2.92033416,0,0.0,停牌,
2016-05-18,603993,2.92033416,2.92033416,2.92033416,2.92033416,0,0.0,停牌,
2016-05-19,603993,2.92033416,2.92033416,2.92033416,2.92033416,0,0.0,停牌,
2016-05-20,603993,2.92033416,2.92033416,2.92033416,2.92033416,0,0.0,停牌,
2016-05-23,603993,2.92033416,2.92033416,2.92033416,2.92033416,0,0.0,停牌,
2016-05-24,603993,2.92033416,2.92033416,2.92033416,2.92033416,0,0.0,停牌,
2016-05-25,603993,2.92033416,2.92033416,2.92033416,2.92033416,0,0.0,停牌,
2016-05-26,603993,3.21496728,3.21496728,3.21496728,3.21496728,19991060,74166833.0,价格异常,10.089020771513368
2016-05-27,603993,3.53559744,3.53559744,3.31895544,3.32762112,353192240,1398563488.0,,
2016-05-30,603993,3.2063016,3.32762112,3.17163888,3.19763592,148608377,553063072.0,,
2016-05-31,603993,3.22363296,3.35361816,3.19763592,3.34495248,172361125,656779584.0,,
2016-06-01,603993,3.3362868,3.682914,3.2929584,3.682914,234541366,961830736.0,,
2016-06-02,603993,3.79556784,4.05553824,3.7262424,3.92555304,441174640,1975988688.0,价格异常,10.11764705882352
2016-06-03,603993,3.899556,3.9428844,3.75223944,3.8562276,235173794,1043147184.0,,
2016-06-06,603993,3.87355896,3.93421872,3.79556784,3.86489328,159192010,709165168.0,,
2016-06-07,603993,3.86489328,4.0295412,3.8128992,3.89089032,216951450,983212432.0,,
2016-06-08,603993,3.84756192,3.86489328,3.74357376,3.79556784,160725577,704826128.0,,
2016-06-13,603993,3.74357376,3.87355896,3.66558264,3.67424832,168653058,738042864.0,,
2016-06-14,603993,3.65691696,3.7695708,3.5529288,3.6395856,132957916,562209456.0,,
2016-06-15,603993,3.57892584,3.9862128,3.5529288,3.84756192,202167521,888719968.0,,
2016-06-16,603993,3.83889624,4.04687256,3.8128992,4.02087552,300678752,1377749440.0,,
2016-06-17,603993,4.05553824,4.10753232,3.86489328,3.899556,196522114,898555312.0,,
2016-06-20,603993,3.899556,3.93421872,3.77823648,3.83889624,103418368,457915568.0,,
2016-06-21,603993,3.83023056,3.88222464,3.67424832,3.7262424,131649920,573245680.0,,
2016-06-22,603993,3.69157968,3.83889624,3.69157968,3.77823648,67650357,294775968.0,,
2016-06-23,603993,3.74357376,3.79556784,3.6395856,3.682914,100605218,428048000.0,,
2016-06-24,603993,3.682914,3.70024536,3.49226904,3.58759152,125609744,521395840.0,,
2016-06-27,603993,3.53559744,3.66558264,3.52693176,3.64825128,89210785,371286704.0,,
2016-06-28,603993,3.63091992,3.64825128,3.5529288,3.6395856,89018931,368956672.0,,
2016-06-29,603993,3.65691696,3.7262424,3.60492288,3.67424832,111044497,469527696.0,,
2016-06-30,603993,3.69157968,3.69157968,3.5529288,3.5962572,84572869,352799872.0,,
2016-07-01,603993,3.5962572,3.6395856,3.57026016,3.5962572,48019453,199535128.0,,
2016-07-04,603993,3.57026016,3.77823648,3.57026016,3.70891104,152026325,652131216.0,,
2016-07-05,603993,3.69157968,3.76090512,3.67424832,3.7262424,98944614,423990048.0,,
2016-07-06,603993,3.70024536,3.89089032,3.682914,3.88222464,203144086,890857072.0,,
2016-07-07,603993,3.93421872,4.2461832,3.93421872,4.116198,370681712,1763516496.0,,
2016-07-08,603993,4.05553824,4.06420392,3.90822168,3.91688736,166198069,759716720.0,,
2016-07-11,603993,3.89089032,4.09886664,3.86489328,3.9428844,194487930,896516816.0,,
2016-07-12,603993,3.87355896,4.05553824,3.8562276,3.96021576,125464901,569771664.0,,
2016-07-13,603993,3.96888144,4.03820688,3.91688736,3.96888144,95768088,439212512.0,,
2016-07-14,603993,3.96888264,3.96888264,3.83832729,3.87314205,91654665,407911264.0,,
2016-07-15,603993,3.85573467,3.87314205,3.80351253,3.8296236,67457177,296559184.0,,
2016-07-18,603993,3.8296236,3.85573467,3.81221622,3.82091991,41026856,180710528.0,,
2016-07-19,603993,3.82091991,3.84703098,3.73388301,3.78610515,69697800,302541200.0,,
2016-07-20,603993,3.77740146,3.81221622,3.75999408,3.78610515,41128085,178962243.0,,
2016-07-21,603993,3.78610515,3.79480884,3.69036456,3.76869777,77086228,331394288.0,,
2016-07-22,603993,3.75129039,3.75129039,3.68166087,3.69036456,63979095,272592592.0,,
2016-07-25,603993,3.6555498,3.69906825,3.62943873,3.66425349,47088162,197806595.0,,
2016-07-26,603993,3.66425349,3.72517932,3.66425349,3.71647563,37179484,158526072.0,,
2016-07-27,603993,3.71647563,3.72517932,3.49017969,3.55110552,85953718,355551328.0,,
2016-07-28,603993,3.55110552,3.58592028,3.49017969,3.5685129,42142106,171934162.0,,
2016-07-29,603993,3.5685129,3.62073504,3.50758707,3.52499445,34243700,139266788.0,,
2016-08-01,603993,3.53369814,3.54240183,3.43795755,3.47277231,37573734,150322494.0,,
2016-08-02,603993,3.481476,3.49888338,3.43795755,3.481476,28242336,112580475.0,,
2016-08-03,603993,3.481476,3.50758707,3.44666124,3.47277231,25866974,103341737.0,,
2016-08-04,603993,3.481476,3.55980921,3.44666124,3.53369814,40583450,163245550.0,,
2016-08-05,603993,3.52499445,3.53369814,3.49017969,3.49888338,24611390,99150195.0,,
2016-08-08,603993,3.49888338,3.53369814,3.47277231,3.52499445,28012111,112822498.0,,
2016-08-09,603993,3.52499445,3.54240183,3.52499445,3.54240183,32128571,130409525.0,,
2016-08-10,603993,3.54240183,3.6555498,3.53369814,3.63814242,72739440,301985744.0,,
2016-08-11,603993,3.64684611,3.6555498,3.54240183,3.55980921,50883321,209294435.0,,
2016-08-12,603993,3.55980921,3.57721659,3.50758707,3.5685129,38899457,158038675.0,,
2016-08-15,603993,3.55980921,3.62943873,3.53369814,3.61203135,62768003,258720760.0,,
2016-08-16,603993,3.60332766,3.63814242,3.59462397,3.62073504,55262689,229389186.0,,
2016-08-17,603993,3.61203135,3.62073504,3.55110552,3.57721659,40626146,167094356.0,,
2016-08-18,603993,3.5685129,3.59462397,3.55110552,3.5685129,35206103,144316160.0,,
2016-08-19,603993,3.55980921,3.57721659,3.52499445,3.55980921,38793738,157979860.0,,
2016-08-22,603993,3.55980921,3.5685129,3.52499445,3.53369814,26588401,108093440.0,,
2016-08-23,603993,3.52499445,3.55110552,3.51629076,3.53369814,23977668,97200070.0,,
2016-08-24,603993,3.52499445,3.54240183,3.51629076,3.52499445,17580600,71151368.0,,
2016-08-25,603993,3.51629076,3.51629076,3.46406862,3.49017969,30663570,122764184.0,,
2016-08-26,603993,3.49888338,3.51629076,3.49017969,3.49017969,16776980,67498926.0,,
2016-08-29,603993,3.481476,3.50758707,3.47277231,3.481476,22616606,90586939.0,,
2016-08-30,603993,3.49017969,3.49888338,3.46406862,3.47277231,20022710,79999414.0,,
2016-08-31,603993,3.481476,3.52499445,3.45536493,3.51629076,31323169,125634797.0,,
2016-09-01,603993,3.52499445,3.52499445,3.481476,3.481476,20623843,83022896.0,,
2016-09-02,603993,3.47277231,3.50758707,3.47277231,3.481476,20974343,83929392.0,,
2016-09-05,603993,3.481476,3.51629076,3.481476,3.49017969,28735665,115447189.0,,
2016-09-06,603993,3.49017969,3.49888338,3.45536493,3.49888338,27148490,108420176.0,,
2016-09-07,603993,3.50758707,3.52499445,3.481476,3.49888338,38773932,155984670.0,,
2016-09-08,603993,3.49888338,3.49888338,3.46406862,3.47277231,24469091,97691937.0,,
2016-09-09,603993,3.481476,3.49888338,3.46406862,3.46406862,23382980,93540797.0,,
2016-09-12,603993,3.44666124,3.45536493,3.34221696,3.36832803,48619402,189729483.0,,
2016-09-13,603993,3.36832803,3.38573541,3.33351327,3.35092065,24634750,94921066.0,,
2016-09-14,603993,3.3074022,3.34221696,3.28999482,3.3074022,22808206,86813600.0,,
2016-09-19,603993,3.3074022,3.34221696,3.3074022,3.33351327,15652163,59925427.0,,
2016-09-20,603993,3.35092065,3.35092065,3.32480958,3.33351327,10937931,41936322.0,,
2016-09-21,603993,3.34221696,3.35962434,3.32480958,3.33351327,12893857,49511307.0,,
2016-09-22,603993,3.34221696,3.35962434,3.33351327,3.34221696,19738448,75834084.0,,
2016-09-23,603993,3.35092065,3.35092065,3.3074022,3.32480958,19328193,73842009.0,,
2016-09-26,603993,3.33351327,3.33351327,3.21166161,3.2203653,29277882,110124581.0,,
2016-09-27,603993,3.2203653,3.22906899,3.17684685,3.21166161,21629327,79568919.0,,
2016-09-28,603993,3.22906899,3.27258744,3.19425423,3.22906899,21943287,81733317.0,,
2016-09-29,603993,3.23777268,3.26388375,3.2203653,3.22906899,13835246,51519269.0,,
2016-09-30,603993,3.23777268,3.24647637,3.21166161,3.22906899,13183105,48861988.0,,
2016-10-10,603993,3.25518006,3.29869851,3.25518006,3.28999482,24146657,91111134.0,,
2016-10-11,603993,3.29869851,3.3074022,3.27258744,3.29869851,23736000,89540815.0,,
2016-10-12,603993,3.28999482,3.28999482,3.26388375,3.27258744,22466893,84485811.0,,
2016-10-13,603993,3.28129113,3.28129113,3.24647637,3.26388375,20823259,77932495.0,,
2016-10-14,603993,3.26388375,3.26388375,3.2203653,3.23777268,19649018,72970170.0,,
2016-10-17,603993,3.25518006,3.28129113,3.22906899,3.24647637,25587899,95747127.0,,
2016-10-18,603993,3.22906899,3.27258744,3.22906899,3.27258744,22180927,82851558.0,,
2016-10-19,603993,3.27258744,3.52499445,3.26388375,3.42925386,124894644,489996624.0,,
2016-10-20,603993,3.41184648,3.41184648,3.35092065,3.38573541,64062233,248109862.0,,
2016-10-21,603993,3.38573541,3.3944391,3.32480958,3.35962434,36577225,140747352.0,,
2016-10-24,603993,3.35962434,3.37703172,3.3074022,3.37703172,44874948,173033530.0,,
2016-10-25,603993,3.37703172,3.40314279,3.35092065,3.38573541,36181951,140442502.0,,
2016-10-26,603993,3.3944391,3.3944391,3.35092065,3.35962434,30791320,118898823.0,,
2016-10-27,603993,3.35962434,3.36832803,3.3074022,3.33351327,25711044,98216199.0,,
2016-10-28,603993,3.32480958,3.33351327,3.3074022,3.32480958,19022816,72567109.0,,
2016-10-31,603993,3.32480958,3.35092065,3.28999482,3.34221696,35524949,135483271.0,,
2016-11-01,603993,3.34221696,3.35092065,3.31610589,3.34221696,28856996,110448557.0,,
2016-11-02,603993,3.33351327,3.36832803,3.3074022,3.35092065,43887660,168352871.0,,
2016-11-03,603993,3.33351327,3.35962434,3.31610589,3.34221696,36184165,138658754.0,,
2016-11-04,603993,3.34221696,3.34221696,3.31610589,3.31610589,22552313,86212616.0,,
2016-11-07,603993,3.31610589,3.42925386,3.29869851,3.38573541,83490447,323201424.0,,
2016-11-08,603993,3.37703172,3.37703172,3.34221696,3.35092065,37810234,145704918.0,,
2016-11-09,603993,3.35092065,3.37703172,3.31610589,3.37703172,47597508,183206992.0,,
2016-11-10,603993,3.44666124,3.49888338,3.42055017,3.42925386,117250683,465453536.0,,
2016-11-11,603993,3.42925386,3.76869777,3.41184648,3.76869777,322766720,1359582944.0,,
2016-11-14,603993,3.78610515,3.89925312,3.68166087,3.83832729,363927808,1587266384.0,,
2016-11-15,603993,3.78610515,3.81221622,3.67295718,3.69906825,161180525,693513632.0,,
2016-11-16,603993,3.68166087,3.73388301,3.59462397,3.62943873,120668452,505175008.0,,
2016-11-17,603993,3.62943873,3.70777194,3.61203135,3.6555498,85681386,360401024.0,,
2016-11-18,603993,3.68166087,3.68166087,3.5685129,3.62073504,95962368,397143440.0,,
2016-11-21,603993,3.59462397,3.68166087,3.5685129,3.61203135,79736381,331394304.0,,
2016-11-22,603993,3.61203135,3.70777194,3.61203135,3.67295718,108529838,456687104.0,,
2016-11-23,603993,3.66425349,3.66425349,3.58592028,3.59462397,68752029,285784288.0,,
2016-11-24,603993,3.61203135,3.80351253,3.61203135,3.71647563,181000440,768420880.0,,
2016-11-25,603993,3.73388301,3.76869777,3.60332766,3.67295718,86015059,362682688.0,,
2016-11-28,603993,3.66425349,3.81221622,3.64684611,3.75129039,147016366,629895344.0,,
2016-11-29,603993,3.71647563,3.72517932,3.62073504,3.62943873,118779136,500499184.0,,
2016-11-30,603993,3.59462397,3.60332766,3.51629076,3.54240183,89873933,366143120.0,,
2016-12-01,603993,3.55110552,3.57721659,3.54240183,3.5685129,38122041,155737721.0,,
2016-12-02,603993,3.5685129,3.5685129,3.46406862,3.481476,54435047,219103626.0,,
2016-12-05,603993,3.43795755,3.49017969,3.42055017,3.47277231,32044652,127334392.0,,
2016-12-06,603993,3.49017969,3.51629076,3.45536493,3.46406862,25189796,100806165.0,,
2016-12-07,603993,3.46406862,3.5685129,3.45536493,3.55110552,63205843,256264391.0,,
2016-12-08,603993,3.52499445,3.61203135,3.50758707,3.52499445,46714177,190460009.0,,
2016-12-09,603993,3.50758707,3.54240183,3.49017969,3.53369814,32341466,130699835.0,,
2016-12-12,603993,3.52499445,3.53369814,3.38573541,3.3944391,49655078,196509168.0,,
2016-12-13,603993,3.37703172,3.47277231,3.34221696,3.42055017,31362864,122261147.0,,
2016-12-14,603993,3.3944391,3.42055017,3.36832803,3.38573541,23608015,92022376.0,,
2016-12-15,603993,3.36832803,3.42925386,3.36832803,3.41184648,24026648,93720298.0,,
2016-12-16,603993,3.3944391,3.42055017,3.37703172,3.40314279,15965847,62301013.0,,
2016-12-19,603993,3.40314279,3.40314279,3.33351327,3.35092065,27058031,104440792.0,,
2016-12-20,603993,3.33351327,3.36832803,3.29869851,3.35092065,28389130,108700287.0,,
2016-12-21,603993,3.32480958,3.36832803,3.32480958,3.35962434,23416367,90210566.0,,
2016-12-22,603993,3.35962434,3.35962434,3.32480958,3.34221696,17465063,66934646.0,,
2016-12-23,603993,3.35962434,3.38573541,3.35092065,3.35962434,31259068,120877639.0,,
2016-12-26,603993,3.33351327,3.34221696,3.28129113,3.33351327,23499953,89292225.0,,
2016-12-27,603993,3.33351327,3.33351327,3.28999482,3.3074022,21061251,80102491.0,,
2016-12-28,603993,3.3074022,3.32480958,3.28129113,3.28999482,15594480,59151599.0,,
2016-12-29,603993,3.28999482,3.28999482,3.23777268,3.25518006,24370099,91254239.0,,
2016-12-30,603993,3.25518006,3.27258744,3.22906899,3.23777268,19668687,73273211.0,,
2017-01-03,603993,3.23777268,3.27258744,3.22906899,3.26388375,19399830,72602348.0,,
2017-01-04,603993,3.26388375,3.3074022,3.24647637,3.3074022,29505081,111088477.0,,
2017-01-05,603993,3.28999482,3.32480958,3.28129113,3.3074022,23627231,89681075.0,,
2017-01-06,603993,3.29869851,3.31610589,3.26388375,3.28129113,27938643,105588712.0,,
2017-01-09,603993,3.27258744,3.3074022,3.26388375,3.29869851,17758203,67029323.0,,
2017-01-10,603993,3.29869851,3.34221696,3.28999482,3.33351327,32171991,122594934.0,,
2017-01-11,603993,3.34221696,3.63814242,3.34221696,3.45536493,137016136,548940784.0,,
2017-01-12,603993,3.41184648,3.43795755,3.36832803,3.38573541,59270531,231834570.0,,
2017-01-13,603993,3.38573541,3.53369814,3.38573541,3.41184648,66939910,265242843.0,,
2017-01-16,603993,3.41184648,3.481476,3.33351327,3.47277231,85517947,335866832.0,,
2017-01-17,603993,3.44666124,3.49888338,3.41184648,3.481476,46173243,183649147.0,,
2017-01-18,603993,3.47277231,3.49017969,3.3944391,3.40314279,50157156,197859834.0,,
2017-01-19,603993,3.40314279,3.42925386,3.37703172,3.42055017,33189242,129713550.0,,
2017-01-20,603993,3.3944391,3.42925386,3.3944391,3.41184648,27925690,109424839.0,,
2017-01-23,603993,3.42055017,3.5685129,3.41184648,3.49888338,81059081,325644896.0,,
2017-01-24,603993,3.49888338,3.5685129,3.47277231,3.51629076,71135384,288734608.0,,
2017-01-25,603993,3.51629076,3.55980921,3.49888338,3.52499445,39697930,160916101.0,,
2017-01-26,603993,3.51629076,3.60332766,3.51629076,3.59462397,88918150,364610752.0,,
2017-02-03,603993,3.61203135,3.62073504,3.52499445,3.53369814,45035846,183925571.0,,
2017-02-06,603993,3.52499445,3.55980921,3.481476,3.53369814,47247562,190578308.0,,
2017-02-07,603993,3.54240183,3.60332766,3.53369814,3.5685129,44644570,183015813.0,,
2017-02-08,603993,3.55980921,3.59462397,3.55110552,3.57721659,40961361,168359183.0,,
2017-02-09,603993,3.60332766,3.62073504,3.54240183,3.5685129,61413180,252186243.0,,
2017-02-10,603993,3.55980921,3.67295718,3.55110552,3.61203135,109855125,455733632.0,,
2017-02-13,603993,3.7425867,3.97758633,3.70777194,3.86443836,308421600,1362429200.0,,
2017-02-14,603993,3.82091991,3.96017895,3.78610515,3.92536419,203140908,906416896.0,,
2017-02-15,603993,3.85573467,3.89925312,3.75129039,3.75999408,114724504,504823296.0,,
2017-02-16,603993,3.78610515,4.13425275,3.77740146,4.13425275,364009664,1701685552.0,,
2017-02-17,603993,4.1777712,4.1777712,3.99499371,4.0907343,275226544,1293130656.0,,
2017-02-20,603993,4.01240109,4.22128965,3.98629002,4.11684537,162394475,769094880.0,,
2017-02-21,603993,4.13425275,4.45628928,4.04721585,4.351845,222556011,1090565280.0,,
2017-02-22,603993,4.36054869,4.58684463,4.33443762,4.351845,219189675,1114862832.0,,
2017-02-23,603993,4.47369666,4.7870295,4.37795607,4.7870295,390861760,2077402960.0,,
2017-02-24,603993,4.6129557,4.71739998,4.48240035,4.56943725,276401344,1461597328.0,,
2017-02-27,603993,4.51721511,4.73480736,4.48240035,4.50851142,234838893,1241141952.0,,
2017-02-28,603993,4.49980773,4.74351105,4.49980773,4.60425201,244327983,1294911904.0,,
2017-03-01,603993,4.54332618,4.6129557,4.44758559,4.5259188,205682230,1069164144.0,,
2017-03-02,603993,4.50851142,4.6129557,4.49110404,4.54332618,149412932,780087888.0,,
2017-03-03,603993,4.51721511,4.57814094,4.22999334,4.29962286,276434832,1389612176.0,,
2017-03-06,603993,4.25610441,4.42147452,4.21258596,4.34314131,198226705,984804112.0,,
2017-03-07,603993,4.33443762,4.34314131,4.19517858,4.22128965,170928905,834516160.0,,
2017-03-08,603993,4.22128965,4.28221548,4.18647489,4.24740072,104572846,509105776.0,,
2017-03-09,603993,4.28221548,4.37795607,4.25610441,4.27351179,176405399,873767504.0,,
2017-03-10,603993,4.21258596,4.29091917,4.19517858,4.22999334,120334114,585821200.0,,
2017-03-13,603993,4.21258596,4.28221548,4.19517858,4.27351179,102035739,497133120.0,,
2017-03-14,603993,4.28221548,4.36925238,4.25610441,4.29091917,140660267,695863904.0,,
2017-03-15,603993,4.25610441,4.32573393,4.22128965,4.30832655,114962663,566074592.0,,
2017-03-16,603993,4.34314131,4.36054869,4.27351179,4.34314131,104134597,516054400.0,,
2017-03-17,603993,4.33443762,4.34314131,4.1777712,4.19517858,135273177,661705232.0,,
2017-03-20,603993,4.20388227,4.22999334,3.96888264,4.07332692,164520851,768637616.0,,
2017-03-21,603993,4.04721585,4.05591954,3.99499371,4.03851216,79360172,367191680.0,,
2017-03-22,603993,4.02110478,4.05591954,4.0036974,4.02110478,65543727,303793856.0,,
2017-03-23,603993,4.03851216,4.04721585,3.96888264,4.01240109,76050132,350007120.0,,
2017-03-24,603993,4.01240109,4.02980847,3.9166605,3.95147526,92284117,418780272.0,,
2017-03-27,603993,3.94277157,3.98629002,3.92536419,3.96888264,58494368,265858158.0,,
2017-03-28,603993,3.96888264,4.07332692,3.93406788,4.03851216,109599864,507091808.0,,
2017-03-29,603993,4.05591954,4.06462323,3.95147526,3.96017895,80099462,366508816.0,,
2017-03-30,603993,3.95147526,3.96888264,3.88184574,3.89925312,67295112,303187392.0,,
2017-03-31,603993,3.9166605,4.19517858,3.9166605,4.09943799,194201459,909458768.0,,
2017-04-05,603993,4.04721585,4.50851142,4.02980847,4.50851142,373351312,1885533888.0,,
2017-04-06,603993,4.55202987,4.55202987,4.38665976,4.47369666,198616585,1016058112.0,,
2017-04-07,603993,4.4388819,4.60425201,4.37795607,4.4388819,167106678,858506320.0,,
2017-04-10,603993,4.43017821,4.48240035,4.24740072,4.27351179,175730565,882699696.0,,
2017-04-11,603993,4.23869703,4.37795607,4.1777712,4.33443762,134725047,661930128.0,,
2017-04-12,603993,4.29962286,4.50851142,4.28221548,4.37795607,165282938,840095616.0,,
2017-04-13,603993,4.33443762,4.39536345,4.2648081,4.34314131,85637088,426053456.0,,
2017-04-14,603993,4.31703024,4.45628928,4.29091917,4.30832655,86253734,432702368.0,,
2017-04-17,603993,4.28221548,4.46499297,4.22128965,4.39536345,123028503,619501408.0,,
2017-04-18,603993,4.36925238,4.42147452,4.27351179,4.28221548,71520782,355540320.0,,
2017-04-19,603993,4.24740072,4.25610441,3.92536419,4.02110478,137314645,641075376.0,,
2017-04-20,603993,4.02110478,4.08203061,3.9166605,4.0036974,73558962,337396832.0,,
2017-04-21,603993,4.02980847,4.05591954,3.89925312,3.90795681,63048395,286361936.0,,
2017-04-24,603993,3.89925312,3.89925312,3.64684611,3.66425349,116897668,498082160.0,,
2017-04-25,603993,3.64684611,3.70777194,3.62073504,3.68166087,72056941,303213024.0,,
2017-04-26,603993,3.69036456,3.76869777,3.66425349,3.71647563,64795237,276539888.0,,
2017-04-27,603993,3.69906825,3.84703098,3.58592028,3.81221622,100008272,427504288.0,,
2017-04-28,603993,3.84703098,3.88184574,3.79480884,3.8296236,52408866,230550869.0,,
2017-05-02,603993,3.83832729,4.06462323,3.79480884,3.93406788,88555440,401222704.0,,
2017-05-03,603993,3.8902614,4.03921285,3.8902614,3.91654695,58089924,262746406.0,,
2017-05-04,603993,3.8902614,3.91654695,3.79388105,3.8201666,72505821,318536320.0,,
2017-05-05,603993,3.7675955,3.7675955,3.61864405,3.74130995,69479848,293769136.0,,
2017-05-08,603993,3.70626255,3.77635735,3.68873885,3.75883365,47210293,201655633.0,,
2017-05-09,603993,3.7325481,3.7675955,3.68873885,3.75883365,45432039,193517692.0,,
2017-05-10,603993,3.7325481,3.7851192,3.6098822,3.6274059,46148483,195129515.0,,
2017-05-11,603993,3.6098822,3.6624533,3.51350185,3.65369145,69221034,282745072.0,,
2017-05-12,603993,3.61864405,3.65369145,3.58359665,3.6098822,37769579,155644583.0,,
2017-05-15,603993,3.61864405,3.7150244,3.6098822,3.6624533,39183800,164205717.0,,
2017-05-16,603993,3.65369145,3.855214,3.61864405,3.8376903,93721715,402714336.0,,
2017-05-17,603993,3.81140475,3.855214,3.7851192,3.81140475,50300096,219328902.0,,
2017-05-18,603993,3.7851192,3.82892845,3.7500718,3.77635735,37642558,162822396.0,,
2017-05-19,603993,3.91654695,3.9428325,3.7500718,3.7851192,65975007,287116032.0,,
2017-05-22,603993,3.72378625,3.7851192,3.679977,3.7150244,45315299,192372976.0,,
2017-05-23,603993,3.72378625,3.74130995,3.6098822,3.7325481,49888289,209245666.0,,
2017-05-24,603993,3.68873885,3.75883365,3.63616775,3.75883365,38335465,161858652.0,,
2017-05-25,603993,3.7325481,3.7851192,3.6449296,3.75883365,70898962,301166128.0,,
2017-05-26,603993,3.7325481,3.75883365,3.679977,3.70626255,38797718,164474123.0,,
2017-05-31,603993,3.7325481,3.75883365,3.679977,3.68873885,39716538,168365757.0,,
2017-06-01,603993,3.679977,3.679977,3.53102555,3.56607295,79660839,325846864.0,,
2017-06-02,603993,3.53102555,3.5748348,3.4696926,3.5397874,57092821,229217162.0,,
2017-06-05,603993,3.5397874,3.58359665,3.53102555,3.56607295,28560300,116141034.0,,
2017-06-06,603993,3.54854925,3.5923585,3.5397874,3.58359665,21311377,86819621.0,,
2017-06-07,603993,3.5923585,3.65369145,3.5573111,3.6449296,46740194,192808266.0,,
2017-06-08,603993,3.63616775,3.7150244,3.61864405,3.65369145,54159852,227261308.0,,
2017-06-09,603993,3.65369145,3.7150244,3.63616775,3.679977,45817139,192075324.0,,
2017-06-12,603993,3.679977,3.7851192,3.65369145,3.6975007,69743206,297307104.0,,
2017-06-13,603993,3.6975007,4.03921285,3.6975007,3.9428325,205955138,917015792.0,,
2017-06-14,603993,4.030451,4.1881643,3.95159435,3.98664175,183291619,849274160.0,,
2017-06-15,603993,3.98664175,4.1180695,3.96911805,4.0479747,148458985,688792400.0,,
2017-06-16,603993,4.1005458,4.4510198,4.0479747,4.4159724,394475520,1951218832.0,,
2017-06-19,603993,4.35463945,4.38968685,4.2757828,4.33711575,211608214,1046359136.0,,
2017-06-20,603993,4.3634013,4.40721055,4.2757828,4.35463945,202698501,1004469344.0,,
2017-06-21,603993,4.33711575,4.37216315,4.24949725,4.3634013,136076891,670506512.0,,
2017-06-22,603993,4.35463945,4.38968685,4.17940245,4.2582591,186072481,909499792.0,,
2017-06-23,603993,4.2232117,4.3108302,4.10930765,4.23197355,145316646,699356880.0,,
2017-06-26,603993,4.2757828,4.3108302,4.205688,4.26702095,151505133,737232016.0,,
2017-06-27,603993,4.2407354,4.3458776,4.17940245,4.3108302,141267994,690355376.0,,
2017-06-28,603993,4.2757828,4.30206835,4.205688,4.2407354,94820388,458839792.0,,
2017-06-29,603993,4.2407354,4.42473425,4.21444985,4.35463945,171090706,851186336.0,,
2017-06-30,603993,4.3458776,4.47730535,4.28454465,4.4334961,132658048,662989856.0,,
2017-07-03,603993,4.4510198,4.5386383,4.4334961,4.44225795,123594636,630714912.0,,
2017-07-04,603993,4.44225795,4.5035909,4.19692615,4.24949725,176344629,874447664.0,,
2017-07-05,603993,4.2407354,4.6437805,4.2232117,4.54740015,236825252,1206063296.0,,
2017-07-06,603993,4.52987645,5.00301635,4.5035909,5.00301635,455452080,2521284464.0,,
2017-07-07,603993,5.00301635,5.3622522,4.8891123,5.23082445,391609904,2265960864.0,,
2017-07-10,603993,5.2746337,5.75653545,5.19577705,5.70396435,402303456,2513009360.0,,
2017-07-11,603993,5.56377475,5.56377475,5.19577705,5.33596665,378441296,2322229840.0,,
2017-07-12,603993,5.33596665,5.4148233,5.12568225,5.3972996,328653792,1992149936.0,,
2017-07-13,603993,5.5199655,5.56377475,5.21330075,5.23082445,354521040,2189995808.0,,
2017-07-14,603993,5.1694915,5.66891695,5.07311115,5.5199655,397227360,2460078976.0,,
2017-07-17,603993,5.44110885,5.89672505,5.1694915,5.63386955,427942880,2730164352.0,,
2017-07-18,603993,5.52872735,5.82663025,5.44110885,5.79158285,335393248,2143190208.0,,
2017-07-19,603993,5.6952025,6.36986495,5.66891695,6.2734846,571235568,3967403088.0,,
2017-07-20,603993,6.19462795,6.58014935,6.14205685,6.26472275,494533072,3562063184.0,,
2017-07-21,603993,6.19462795,6.483769,6.1508187,6.4487216,323369280,2341336352.0,,
2017-07-24,603993,6.45748345,6.72033895,6.17710425,6.3260557,378691984,2767290384.0,,
2017-07-25,603993,6.22967535,6.3260557,5.958058,6.1683424,342761376,2394897360.0,,
2017-07-26,603993,6.2734846,6.31729385,5.9931054,6.2033898,345043536,2433792432.0,,
2017-07-27,603993,6.1157713,6.1508187,5.59882215,5.782821,412099952,2753906336.0,,
2017-07-28,603993,5.73901175,6.26472275,5.68644065,6.14205685,402734320,2746886384.0,,
2017-07-31,603993,6.05443835,6.43995975,6.0281528,6.33481755,437536496,3111248704.0,,
2017-08-01,603993,6.28224645,6.35234125,6.05443835,6.17710425,282404592,1996565680.0,,
2017-08-02,603993,6.14205685,6.6064349,6.0632002,6.2734846,443069232,3200085232.0,,
2017-08-03,603993,6.43995975,6.659006,6.2734846,6.54510195,486281808,3600199024.0,,
2017-08-04,603993,6.483769,6.54510195,6.133295,6.14205685,438193504,3173728272.0,,
2017-08-07,603993,6.15958055,6.3611031,6.0281528,6.308532,277028016,1968312656.0,,
2017-08-08,603993,6.29977015,6.52757825,6.15958055,6.24719905,310347312,2237830992.0,,
2017-08-09,603993,6.24719905,6.28224645,6.0632002,6.22967535,200502743,1410228416.0,,
2017-08-10,603993,6.2033898,6.2033898,5.89672505,5.91424875,257679016,1760946240.0,,
2017-08-11,603993,5.8529158,5.9755817,5.3622522,5.44110885,276304096,1775242208.0,,
2017-08-14,603993,5.47615625,5.73901175,5.44110885,5.65139325,183851318,1173097584.0,,
2017-08-15,603993,5.58129845,5.6601551,5.52872735,5.607584,130789393,834223024.0,,
2017-08-16,603993,5.59882215,5.6601551,5.3972996,5.4498707,141690570,887549200.0,,
2017-08-17,603993,5.6251077,5.6601551,5.45863255,5.4849181,139651551,882173920.0,,
2017-08-18,603993,5.40606145,5.42358515,5.2746337,5.3622522,149894734,911744928.0,,
2017-08-21,603993,5.37101405,5.5374892,5.3096811,5.4849181,140336026,874074928.0,,
2017-08-22,603993,5.4498707,5.98434355,5.432347,5.84415395,352515696,2320734960.0,,
2017-08-23,603993,5.79158285,5.82663025,5.5725366,5.6776788,187640869,1218799264.0,,
2017-08-24,603993,5.7302499,5.7477736,5.52872735,5.5725366,121809860,778746496.0,,
2017-08-25,603993,5.59882215,5.8704395,5.5374892,5.7652973,205198400,1346846384.0,,
2017-08-28,603993,5.68644065,5.9755817,5.6601551,5.8353921,227246670,1518637600.0,,
2017-08-29,603993,5.84415395,6.10700945,5.782821,5.9931054,248392890,1696927760.0,,
2017-08-30,603993,5.9755817,6.12453315,5.91424875,6.0632002,223508519,1537122608.0,,
2017-08-31,603993,6.10700945,6.66776785,6.0456765,6.59767305,489252944,3580173520.0,,
2017-09-01,603993,6.5538638,6.7991956,6.4311979,6.51005455,450159392,3378984464.0,,
2017-09-04,603993,6.5363401,6.7991956,6.49253085,6.5889112,266706760,2017262272.0,,
2017-09-05,603993,6.61519675,6.6414823,6.2033898,6.4136742,291315520,2126483680.0,,
2017-09-06,603993,6.3260557,7.00948,6.2559609,6.7991956,435877760,3345264784.0,,
2017-09-07,603993,6.7816719,6.834243,6.52757825,6.6414823,256017590,1946705904.0,,
2017-09-08,603993,6.61519675,7.0445274,6.5889112,6.80795745,314414272,2459659840.0,,
2017-09-11,603993,6.834243,7.49138175,6.7466245,7.4826199,573838464,4717395200.0,,
2017-09-12,603993,7.4475725,7.7980465,7.05328925,7.21100255,634085120,5364486786.0,,
2017-09-13,603993,7.15843145,7.43881065,7.0620511,7.38623955,302818544,2505286294.0,,
2017-09-14,603993,7.3073829,7.5527147,7.1496696,7.2372881,268468016,2245271997.0,,
2017-09-15,603993,7.14090775,7.2197644,6.8167193,6.82548115,278255600,2202093216.0,,
2017-09-18,603993,6.84300485,7.0970985,6.77291005,6.93062335,217886611,1729363772.0,,
2017-09-19,603993,6.87805225,7.00071815,6.75538635,6.8868141,183524451,1439110824.0,,
2017-09-20,603993,6.8692904,7.2548118,6.86052855,7.1671933,294097872,2388169970.0,,
2017-09-21,603993,7.12338405,7.1321459,6.82548115,6.87805225,218716552,1737011196.0,,
2017-09-22,603993,6.75538635,6.80795745,6.5012927,6.659006,201116307,1529541291.0,,
2017-09-25,603993,6.6765297,6.68529155,6.45748345,6.47500715,119400618,891254775.0,,
2017-09-26,603993,6.483769,6.659006,6.47500715,6.58014935,113898712,853117375.0,,
2017-09-27,603993,6.5713875,6.8868141,6.52757825,6.80795745,184271860,1426451440.0,,
2017-09-28,603993,6.8167193,6.96567075,6.75538635,6.7991956,142285010,1114919290.0,,
2017-09-29,603993,6.8692904,6.9218615,6.73786265,6.8692904,139941692,1090190450.0,,
2017-10-09,603993,7.03576555,7.08833665,6.7991956,6.84300485,160234745,1259483931.0,,
2017-10-10,603993,6.84300485,6.84300485,6.51005455,6.6064349,174295226,1313909850.0,,
2017-10-11,603993,6.5363401,6.54510195,6.08948575,6.3786268,203202998,1470106006.0,,
2017-10-12,603993,6.308532,6.33481755,6.133295,6.2559609,127871772,909188715.0,,
2017-10-13,603993,6.28224645,6.38738865,6.17710425,6.28224645,98080166,703308555.0,,
2017-10-16,603993,6.24719905,6.3786268,6.15958055,6.33481755,128246517,918121726.0,,
2017-10-17,603993,6.28224645,6.33481755,6.1858661,6.19462795,79069029,563272370.0,,
2017-10-18,603993,6.17710425,6.2384372,5.8704395,5.9054869,144512652,992966503.0,,
2017-10-19,603993,5.8704395,6.0632002,5.73901175,5.93177245,111194990,751434199.0,,
2017-10-20,603993,5.8879632,6.29977015,5.86167765,6.2559609,175901766,1241305757.0,,
2017-10-23,603993,6.24719905,6.29977015,6.1858661,6.2384372,89165016,636314759.0,,
2017-10-24,603993,6.2734846,6.4662453,6.2384372,6.3260557,130842532,949949586.0,,
2017-10-25,603993,6.22967535,6.35234125,6.1858661,6.308532,93548501,669391116.0,,
2017-10-26,603993,6.2734846,6.5538638,6.2033898,6.4487216,197777043,1448343231.0,,
2017-10-27,603993,6.40491235,6.49253085,6.35234125,6.36986495,102550982,749421332.0,,
2017-10-30,603993,6.2209135,6.2209135,5.87920135,6.0106291,161232141,1113727801.0,,
2017-10-31,603993,5.98434355,6.3260557,5.96681985,6.28224645,158483708,1121964594.0,,
2017-11-01,603993,6.31729385,6.4311979,6.308532,6.35234125,189403175,1377804535.0,,
2017-11-02,603993,6.33481755,6.36986495,6.10700945,6.14205685,145701548,1034308367.0,,
2017-11-03,603993,6.0456765,6.1858661,5.9405343,6.0456765,118246942,816037094.0,,
2017-11-06,603993,6.0456765,6.0982476,5.87920135,6.03691465,101063649,689461994.0,,
2017-11-07,603993,6.00186725,6.133295,5.91424875,6.0456765,107528451,739083423.0,,
2017-11-08,603993,6.00186725,6.1683424,5.91424875,6.0632002,138961853,962827844.0,,
2017-11-09,603993,6.0807239,6.1683424,5.96681985,6.0281528,90423469,625698963.0,,
2017-11-10,603993,6.0281528,6.0281528,5.91424875,5.9230106,98873224,671712457.0,,
2017-11-13,603993,5.9230106,5.94929615,5.7477736,5.87920135,150434178,1002223804.0,,
2017-11-14,603993,5.9405343,6.0281528,5.8704395,5.9230106,154472221,1049569061.0,,
2017-11-15,603993,5.84415395,5.8529158,5.56377475,5.607584,185347230,1200202952.0,,
2017-11-16,603993,5.59882215,5.61634585,5.3797759,5.3972996,160560008,1000956905.0,,
2017-11-17,603993,5.3972996,5.49367995,5.25711,5.2921574,118401222,727706832.0,,
2017-11-20,603993,5.26587185,5.4673944,5.081873,5.4498707,119312262,727556575.0,,
2017-11-21,603993,5.4673944,5.4673944,5.31844295,5.35349035,87615346,537064072.0,,
2017-11-22,603993,5.35349035,5.45863255,5.3447285,5.4148233,92536802,570260284.0,,
2017-11-23,603993,5.40606145,5.65139325,5.3972996,5.49367995,188677928,1197457854.0,,
2017-11-24,603993,5.5024418,5.9931054,5.37101405,5.8704395,237426919,1540702918.0,,
2017-11-27,603993,5.82663025,6.0456765,5.6776788,5.73901175,234962611,1578892297.0,,
2017-11-28,603993,5.6776788,6.0281528,5.6251077,5.98434355,210209852,1410490946.0,,
2017-11-29,603993,5.98434355,6.26472275,5.9405343,6.14205685,288718352,2027074780.0,,
2017-11-30,603993,6.19462795,6.43995975,6.133295,6.19462795,226232077,1617164735.0,,
2017-12-01,603993,6.2209135,6.29977015,5.96681985,6.2209135,191057238,1337656892.0,,
2017-12-04,603993,6.28224645,6.36986495,6.08948575,6.12453315,163799007,1162165045.0,,
2017-12-05,603993,6.12453315,6.12453315,5.6952025,5.79158285,177814682,1201408062.0,,
2017-12-06,603993,5.6952025,5.82663025,5.5199655,5.77405915,160380492,1037847156.0,,
2017-12-07,603993,5.6952025,5.77405915,5.56377475,5.5900603,101753781,657548672.0,,
2017-12-08,603993,5.607584,5.8178684,5.59882215,5.782821,123955016,811145167.0,,
2017-12-11,603993,5.8529158,5.9931054,5.80910655,5.9405343,132699349,894033283.0,,
2017-12-12,603993,5.9931054,6.133295,5.9054869,6.0106291,180140423,1242766717.0,,
2017-12-13,603993,5.94929615,5.94929615,5.8353921,5.9230106,117393230,787441582.0,,
2017-12-14,603993,5.9405343,6.05443835,5.9230106,5.98434355,107807841,736272263.0,,
2017-12-15,603993,5.9405343,6.0281528,5.7477736,5.80910655,116183430,776913181.0,,
2017-12-18,603993,5.80910655,5.89672505,5.6776788,5.77405915,86107111,567436968.0,,
2017-12-19,603993,5.782821,5.8529158,5.68644065,5.75653545,71833638,472368156.0,,
2017-12-20,603993,5.7477736,5.8003447,5.5900603,5.607584,95613405,618867902.0,,
2017-12-21,603993,5.607584,5.7477736,5.5900603,5.6952025,97352891,631895908.0,,
2017-12-22,603993,5.6776788,5.77405915,5.607584,5.6426314,93856104,608335251.0,,
2017-12-25,603993,5.68644065,5.7127262,5.5900603,5.6426314,73240727,472274445.0,,
2017-12-26,603993,5.59882215,5.63386955,5.44110885,5.6251077,77718278,491955020.0,,
2017-12-27,603993,5.61634585,5.84415395,5.5900603,5.7477736,148361692,974931524.0,,
2017-12-28,603993,5.73901175,6.2033898,5.6952025,6.14205685,307633632,2099040840.0,,
2017-12-29,603993,6.0982476,6.1508187,5.9931054,6.0281528,139344627,961132075.0,,
2018-01-02,603993,6.0456765,6.12453315,5.9755817,6.0807239,162983912,1128219777.0,,
2018-01-03,603993,6.0982476,6.3786268,6.0807239,6.17710425,274795072,1963488307.0,,
2018-01-04,603993,6.1157713,6.3435794,6.10700945,6.33481755,214791354,1528204977.0,,
2018-01-05,603993,6.28224645,6.35234125,6.21215165,6.2734846,178703608,1280643538.0,,
2018-01-08,603993,6.22967535,6.51005455,6.2033898,6.3961505,251438637,1830354802.0,,
2018-01-09,603993,6.4136742,6.483769,6.28224645,6.3435794,158468094,1149925739.0,,
2018-01-10,603993,6.3435794,6.4136742,6.2033898,6.31729385,160305523,1149718702.0,,
2018-01-11,603993,6.5713875,6.8517667,6.45748345,6.80795745,415415152,3145229149.0,,
2018-01-12,603993,6.7466245,6.87805225,6.66776785,6.6940534,217215210,1674275027.0,,
2018-01-15,603993,6.834243,6.94814705,6.43995975,6.58014935,301848528,2320965423.0,,
2018-01-16,603993,6.5713875,7.12338405,6.5188164,7.08833665,364598064,2875383900.0,,
2018-01-17,603993,7.00948,7.0970985,6.834243,7.07081295,275260176,2187509611.0,,
2018-01-18,603993,7.1671933,7.31614475,7.00948,7.0795748,208601144,1701779294.0,,
2018-01-19,603993,7.0445274,7.1321459,6.86052855,7.0970985,194237115,1549069505.0,,
2018-01-22,603993,7.0795748,7.33366845,7.03576555,7.2898592,211901168,1740576776.0,,
2018-01-23,603993,7.31614475,7.40376325,7.2022407,7.2723355,189708505,1580166475.0,,
2018-01-24,603993,7.2022407,7.24604995,7.03576555,7.1496696,174693412,1418308006.0,,
2018-01-25,603993,7.22852625,7.29862105,7.0795748,7.15843145,178978437,1470048807.0,,
2018-01-26,603993,7.00948,7.0270037,6.80795745,6.8167193,219279407,1727235973.0,,
2018-01-29,603993,6.87805225,6.9744326,6.7816719,6.8517667,160647587,1262404857.0,,
2018-01-30,603993,6.75538635,6.7641482,6.4662453,6.52757825,201247476,1512311214.0,,
2018-01-31,603993,6.4487216,6.79043375,6.3961505,6.6239586,183662191,1393677661.0,,
2018-02-01,603993,6.5713875,6.75538635,6.4487216,6.52757825,141636794,1070101593.0,,
2018-02-02,603993,6.3961505,6.9744326,6.31729385,6.87805225,203561029,1554531458.0,,
2018-02-05,603993,6.73786265,6.96567075,6.68529155,6.89557595,163295923,1277022832.0,,
2018-02-06,603993,6.70281525,6.8868141,6.26472275,6.2910083,189261734,1420653522.0,,
2018-02-07,603993,6.5012927,6.54510195,6.07196205,6.133295,157004002,1128743389.0,,
2018-02-08,603993,5.96681985,6.17710425,5.8704395,6.03691465,107847916,740905430.0,,
2018-02-09,603993,5.77405915,5.89672505,5.432347,5.432347,197791524,1258318670.0,,
2018-02-12,603993,5.4673944,5.70396435,5.45863255,5.6776788,127356194,813297771.0,,
2018-02-13,603993,5.782821,5.9054869,5.7477736,5.7652973,112513566,747046275.0,,
2018-02-14,603993,5.8704395,5.94929615,5.80910655,5.9054869,86800577,583141064.0,,
2018-02-22,603993,6.21215165,6.49253085,6.14205685,6.49253085,104761611,764418335.0,,
2018-02-23,603993,7.08833665,7.08833665,6.7641482,7.0270037,436248784,3443265534.0,,
2018-02-26,603993,7.0620511,7.710428,6.9744326,7.54395285,505632896,4219532871.0,,
2018-02-27,603993,7.42128695,7.47385805,7.15843145,7.21100255,394630992,3300406216.0,,
2018-02-28,603993,7.15843145,7.535191,7.15843145,7.5176673,384978176,3225319948.0,,
2018-03-01,603993,7.33366845,7.535191,7.3073829,7.38623955,284591856,2398510147.0,,
2018-03-02,603993,7.29862105,7.66661875,7.21100255,7.3249066,333663552,2840776201.0,,
2018-03-05,603993,7.3774777,7.94699795,7.22852625,7.885665,430333520,3794683915.0,,
2018-03-06,603993,7.7980465,7.91195055,7.5527147,7.8155702,330919728,2919974187.0,,
2018-03-07,603993,7.7805228,7.89442685,7.6228095,7.64909505,205596914,1811584290.0,,
2018-03-08,603993,7.4650962,7.5877621,7.24604995,7.33366845,313648160,2637520003.0,,
2018-03-09,603993,7.2723355,7.50890545,7.24604995,7.38623955,210008085,1771996158.0,,
2018-03-12,603993,7.4826199,7.94699795,7.4826199,7.75423725,385391408,3390732532.0,,
2018-03-13,603993,7.75423725,8.27994825,7.6578569,8.1485205,381709440,3447947564.0,,
2018-03-14,603993,8.1309968,8.4639471,7.94699795,7.99956905,391591472,3666606011.0,,
2018-03-15,603993,8.1660442,8.4464234,7.9908072,8.2887101,360724688,3393773213.0,,
2018-03-16,603993,8.236139,8.236139,8.0258546,8.08718755,238310466,2208865776.0,,
2018-03-19,603993,7.9908072,8.586613,7.9207124,8.49023265,306931040,2888484820.0,,
2018-03-20,603993,8.3588049,8.56032745,8.27994825,8.36756675,225009628,2157885524.0,,
2018-03-21,603993,8.3237575,8.42013785,7.9908072,8.08718755,261068840,2437402166.0,,
2018-03-22,603993,8.19232975,8.3062338,7.87690315,8.0784257,231864138,2145507963.0,,
2018-03-23,603993,7.5877621,7.84185575,7.2723355,7.2898592,350930096,3000003077.0,,
2018-03-26,603993,7.0970985,7.6578569,7.03576555,7.64909505,284074512,2396708119.0,,
2018-03-27,603993,7.71918985,7.85937945,7.59652395,7.7805228,255660201,2251130493.0,,
2018-03-28,603993,7.535191,7.66661875,7.40376325,7.4300488,192761877,1651695664.0,,
2018-03-29,603993,7.4125251,7.535191,7.12338405,7.4475725,190755329,1590702426.0,,
2018-03-30,603993,7.49138175,7.5702384,7.36871585,7.4300488,158269269,1349048064.0,,
2018-04-02,603993,7.36871585,7.36871585,7.1146222,7.2022407,198013319,1629355195.0,,
2018-04-03,603993,7.01824185,7.184717,6.94814705,7.1496696,117871605,955658807.0,,
2018-04-04,603993,7.19347885,7.2197644,6.96567075,6.9744326,115519133,937191378.0,,
2018-04-09,603993,6.9569089,7.1321459,6.93062335,7.07081295,108712110,875140207.0,,
2018-04-10,603993,7.10586035,7.535191,7.0795748,7.52642915,247885410,2087073053.0,,
2018-04-11,603993,7.5702384,7.61404765,7.4300488,7.49138175,173092043,1482625112.0,,
2018-04-12,603993,7.4475725,7.47385805,7.184717,7.2372881,149145062,1242268726.0,,
2018-04-13,603993,7.31614475,7.359954,7.12338405,7.2372881,104540952,862300425.0,,
2018-04-16,603993,7.15843145,7.3073829,7.12338405,7.1496696,84867238,696214628.0,,
2018-04-17,603993,7.1496696,7.1496696,6.5889112,6.70281525,207774510,1611403667.0,,
2018-04-18,603993,6.77291005,6.86052855,6.42243605,6.8167193,142534356,1084743080.0,,
2018-04-19,603993,6.8517667,6.9919563,6.7641482,6.8868141,125334751,987705289.0,,
2018-04-20,603993,6.7641482,6.94814705,6.70281525,6.72033895,108185444,838863933.0,,
2018-04-23,603993,6.7291008,6.80795745,6.5713875,6.70281525,76975823,586285773.0,,
2018-04-24,603993,6.72033895,7.08833665,6.72033895,7.00948,166838154,1317410044.0,,
2018-04-25,603993,6.94814705,6.9919563,6.834243,6.87805225,104715552,824748849.0,,
2018-04-26,603993,6.8517667,6.91309965,6.6239586,6.63272045,93717665,718184045.0,,
2018-04-27,603993,6.70281525,6.7291008,6.6064349,6.6414823,65332583,497126156.0,,
2018-05-02,603993,6.96567075,7.00948,6.77291005,6.7991956,103834181,814783309.0,,
2018-05-03,603993,6.6940534,6.7291008,6.3786268,6.6765297,113032126,846969614.0,,
2018-05-04,603993,6.5713875,6.7115771,6.54510195,6.5713875,68119071,513823763.0,,
2018-05-07,603993,6.52757825,6.80795745,6.51005455,6.77291005,111449466,852703198.0,,
2018-05-08,603993,6.7291008,6.834243,6.7115771,6.7991956,90048857,696185884.0,,
2018-05-09,603993,6.8167193,6.8167193,6.66776785,6.7115771,69507964,532643525.0,,
2018-05-10,603993,6.7291008,6.82548115,6.70281525,6.77291005,79202373,611937526.0,,
2018-05-11,603993,6.79043375,7.2898592,6.75538635,7.14090775,283857648,2291758609.0,,
2018-05-14,603993,7.15843145,7.40376325,7.01824185,7.26357365,231793442,1911861722.0,,
2018-05-15,603993,7.2548118,7.38623955,7.14090775,7.29862105,135331049,1121045561.0,,
2018-05-16,603993,7.21100255,7.2898592,7.1496696,7.1671933,108663631,892860981.0,,
2018-05-17,603993,7.22852625,7.2898592,7.0620511,7.0970985,87566867,715870150.0,,
2018-05-18,603993,7.10586035,7.21100255,6.98319445,7.184717,99319352,806068266.0,,
2018-05-21,603993,7.26357365,7.40376325,7.2022407,7.24604995,131846030,1095257723.0,,
2018-05-22,603993,7.15843145,7.15843145,6.9393852,7.10586035,163860315,1314432766.0,,
2018-05-23,603993,7.00071815,7.0620511,6.82548115,6.834243,127637969,1003838020.0,,
2018-05-24,603993,6.77291005,6.87805225,6.7641482,6.80795745,64033960,499204886.0,,
2018-05-25,603993,6.7991956,6.84300485,6.58014935,6.59767305,89055554,677552721.0,,
2018-05-28,603993,6.61519675,6.6940534,6.4662453,6.59767305,62121637,468397199.0,,
2018-05-29,603993,6.59767305,6.65024415,6.5012927,6.54510195,71889926,539043683.0,,
2018-05-30,603993,6.4311979,6.4311979,5.96681985,6.14205685,141948954,1008053774.0,,
2018-05-31,603993,6.19462795,6.2734846,6.14205685,6.22967535,76834815,544778376.0,,
2018-06-01,603993,6.21215165,6.42243605,6.1508187,6.28224645,84312501,606027633.0,,
2018-06-04,603993,6.28224645,6.29977015,6.0281528,6.1508187,80781322,567002063.0,,
2018-06-05,603993,6.14205685,6.2910083,6.1157713,6.2910083,71698728,509249133.0,,
2018-06-06,603993,6.28224645,6.49253085,6.2559609,6.40491235,115075949,840764152.0,,
2018-06-07,603993,6.4662453,6.483769,6.3260557,6.33481755,72455209,528675063.0,,
2018-06-08,603993,6.2910083,6.308532,6.1508187,6.2209135,64636808,456949757.0,,
2018-06-11,603993,6.2384372,6.3260557,6.2033898,6.24719905,54882033,392387839.0,,
2018-06-12,603993,6.21215165,6.24719905,6.0632002,6.22967535,64265606,451560975.0,,
2018-06-13,603993,6.133295,6.2033898,6.0982476,6.0982476,50822885,356062846.0,,
2018-06-14,603993,6.0456765,6.19462795,6.01939095,6.0982476,50974048,355928132.0,,
2018-06-15,603993,6.0982476,6.1508187,5.87920135,5.98434355,89727164,613553533.0,,
2018-06-19,603993,5.8003447,5.8003447,5.38853775,5.38853775,138541415,875247638.0,,
2018-06-20,603993,5.3096811,5.5199655,5.28339555,5.4673944,86620327,534651857.0,,
2018-06-21,603993,5.45863255,5.5725366,5.33596665,5.3447285,76732458,476868472.0,,
2018-06-22,603993,5.26587185,5.58129845,5.17825335,5.5199655,94492545,586906065.0,,
2018-06-25,603993,5.5725366,5.63386955,5.4849181,5.5024418,77269181,491316048.0,,
2018-06-26,603993,5.3959392,5.6089368,5.2983153,5.591187,61409987,382676477.0,,
2018-06-27,603993,5.5823121,5.6355615,5.4314388,5.4580635,56541726,350350979.0,,
2018-06-28,603993,5.4048141,5.5113129,5.3693145,5.4048141,47185262,289100355.0,,
2018-06-29,603993,5.3781894,5.591187,5.3781894,5.5823121,84290554,524392481.0,,
2018-07-02,603993,5.5556874,5.5645623,5.3959392,5.4491886,69942520,430950440.0,,
2018-07-03,603993,5.4580635,5.4935631,5.2894404,5.4580635,65601136,398636618.0,,
2018-07-04,603993,5.4403137,5.4935631,5.3426898,5.3604396,49416545,301352988.0,,
2018-07-05,603993,5.3604396,5.4048141,4.9255695,4.9788189,93041867,540538806.0,,
2018-07-06,603993,4.9610691,5.0941926,4.8190707,5.0143185,93705607,527579724.0,,
2018-07-09,603993,5.0143185,5.1563169,5.0143185,5.1563169,80171914,461177224.0,,
2018-07-10,603993,5.1651918,5.5734372,5.1651918,5.5201878,162836450,1000192639.0,,
2018-07-11,603993,5.32494,5.7420603,5.3071902,5.5823121,183415379,1147289490.0,,
2018-07-12,603993,5.5113129,5.6533113,5.4580635,5.6178117,119142640,748786317.0,,
2018-07-13,603993,5.6178117,5.946183,5.5379376,5.7953097,174565188,1128623163.0,,
2018-07-16,603993,5.7154356,5.7953097,5.6178117,5.679936,95945332,614779244.0,,
2018-07-17,603993,5.6355615,5.6976858,5.502438,5.591187,100720489,633230664.0,,
2018-07-18,603993,5.5823121,5.6089368,5.4225639,5.4491886,93051082,578846583.0,,
2018-07-19,603993,5.3160651,5.4403137,5.2450659,5.2894404,102201108,612986761.0,,
2018-07-20,603993,5.32494,5.4314388,5.2628157,5.3693145,85054703,512798237.0,,
2018-07-23,603993,5.3604396,5.4846882,5.2006914,5.4758133,109180326,662871970.0,,
2018-07-24,603993,5.413689,5.6444364,5.3338149,5.4758133,384372768,2371301313.0,,
2018-07-25,603993,5.502438,5.502438,5.3338149,5.3959392,244740694,1486340208.0,,
2018-07-26,603993,5.3693145,5.3870643,5.1740667,5.2095663,218730762,1294488267.0,,
2018-07-27,603993,5.1740667,5.2273161,5.0941926,5.1385671,123157388,715301571.0,,
2018-07-30,603993,5.1829416,5.2894404,5.1385671,5.2184412,154809702,908950075.0,,
2018-07-31,603993,5.32494,5.3515647,5.1651918,5.2006914,165531473,978364817.0,,
2018-08-01,603993,5.2095663,5.2450659,5.0143185,5.0231934,192632079,1109402948.0,,
2018-08-02,603993,4.9876938,4.9876938,4.703697,4.8190707,194606074,1059719653.0,,
2018-08-03,603993,4.792446,4.8279456,4.6238229,4.6326978,135793510,722332455.0,,
2018-08-06,603993,4.5883233,4.5883233,4.2067026,4.2422022,244722038,1201375504.0,,
2018-08-07,603993,4.2777018,4.3753257,4.0913289,4.3664508,191660085,921315230.0,,
2018-08-08,603993,4.3398261,4.3664508,4.1889528,4.2244524,132906897,642467490.0,,
2018-08-09,603993,4.2510771,4.4995743,4.2333273,4.4285751,212320937,1053309110.0,,
2018-08-10,603993,4.4640747,4.4640747,4.3930755,4.4463249,127674865,637662144.0,,
2018-08-13,603993,4.348701,4.5084492,4.3132014,4.4818245,120604580,600280386.0,,
2018-08-14,603993,4.4640747,4.4729496,4.4019504,4.4463249,91444447,456976784.0,,
2018-08-15,603993,4.43745,4.4640747,4.3043265,4.3132014,85797975,422400693.0,,
2018-08-16,603993,4.2244524,4.3753257,4.1889528,4.3132014,83383171,403449549.0,,
2018-08-17,603993,4.3753257,4.4019504,4.2510771,4.259952,85383430,416312074.0,,
2018-08-20,603993,4.2954516,4.3930755,4.259952,4.3842006,96795915,471611165.0,,
2018-08-21,603993,4.3930755,4.4463249,4.3398261,4.4108253,113345832,562356557.0,,
2018-08-22,603993,4.3930755,4.4019504,4.2865767,4.2954516,87583080,427692221.0,,
2018-08-23,603993,4.3043265,4.3753257,4.2777018,4.348701,77126126,376018303.0,,
2018-08-24,603993,4.3309512,4.3309512,4.2510771,4.2688269,85608757,413484138.0,,
2018-08-27,603993,4.2954516,4.3664508,4.2777018,4.3575759,126961930,619783126.0,,
2018-08-28,603993,4.4108253,4.4729496,4.3309512,4.4197002,177396091,879958157.0,,
2018-08-29,603993,4.4108253,4.4108253,4.3398261,4.348701,91936902,452198257.0,,
2018-08-30,603993,4.3575759,4.3664508,4.259952,4.2688269,102799071,498670387.0,,
2018-08-31,603993,4.2333273,4.2510771,4.1445783,4.171203,98155965,463225597.0,,
2018-09-03,603993,4.2067026,4.2333273,4.1268285,4.1978277,88919099,418867183.0,,
2018-09-04,603993,4.1623281,4.2155775,4.1002038,4.1889528,100529840,471914959.0,,
2018-09-05,603993,4.1623281,4.1623281,4.0380795,4.0469544,91637789,424403379.0,,
2018-09-06,603993,4.0203297,4.082454,3.9404556,3.9759552,84820174,384086738.0,,
2018-09-07,603993,3.993705,4.0558293,3.9315807,3.9759552,79212603,355923002.0,,
2018-09-10,603993,3.9670803,3.9670803,3.7984572,3.8073321,90453026,394630610.0,,
2018-09-11,603993,3.7984572,3.8339568,3.7185831,3.8073321,84070820,358217815.0,,
2018-09-12,603993,3.7984572,3.9315807,3.7629576,3.8783313,115293138,502239124.0,,
2018-09-13,603993,3.9582054,3.993705,3.8783313,3.9315807,102560049,454287828.0,,
2018-09-14,603993,3.9315807,4.0203297,3.904956,3.9315807,119315231,532974797.0,,
2018-09-17,603993,3.904956,3.904956,3.7895823,3.7895823,71717770,308810513.0,,
2018-09-18,603993,3.7718325,3.9493305,3.7452078,3.904956,101849260,439924069.0,,
2018-09-19,603993,3.904956,4.0114548,3.8783313,3.9759552,128411291,572767213.0,,
2018-09-20,603993,3.9848301,4.1090787,3.9759552,4.0114548,153209462,698587955.0,,
2018-09-21,603993,4.0469544,4.1889528,3.9582054,4.1268285,192531693,887289206.0,,
2018-09-25,603993,4.0558293,4.171203,4.0380795,4.1090787,106474679,494389494.0,,
2018-09-26,603993,4.1090787,4.1623281,4.082454,4.1090787,110570946,513511617.0,,
2018-09-27,603993,4.1090787,4.1445783,4.0469544,4.0913289,91465710,422476886.0,,
2018-09-28,603993,4.082454,4.0913289,4.0025799,4.0469544,148614129,675965197.0,,
2018-10-08,603993,3.9493305,3.9670803,3.7984572,3.816207,123156911,539878802.0,,
2018-10-09,603993,3.8339568,3.8872062,3.8073321,3.8605815,71081341,308709015.0,,
2018-10-10,603993,3.8960811,3.904956,3.7718325,3.8250819,86696427,374510873.0,,
2018-10-11,603993,3.6475839,3.6830835,3.4434612,3.4434612,197668794,786196720.0,,
2018-10-12,603993,3.3813369,3.4345863,3.1417146,3.3635871,163270042,608671895.0,,
2018-10-15,603993,3.3280875,3.4168365,3.2659632,3.2925879,92311203,347166401.0,,
2018-10-16,603993,3.3192126,3.3547122,3.2482134,3.283713,82216572,305894436.0,,
2018-10-17,603993,3.3280875,3.3635871,3.1594644,3.2570883,123273655,451227369.0,,
2018-10-18,603993,3.194964,3.2304636,3.1505895,3.1683393,79771087,286532968.0,,
2018-10-19,603993,3.106215,3.2659632,3.0529656,3.2393385,95978665,343786065.0,,
2018-10-22,603993,3.2748381,3.54996,3.2393385,3.4789608,197214054,755526725.0,,
2018-10-23,603993,3.4789608,3.4878357,3.3280875,3.3547122,123778790,474357358.0,,
2018-10-24,603993,3.3192126,3.4434612,3.3192126,3.3990867,109789825,420755175.0,,
2018-10-25,603993,3.2304636,3.3902118,3.2038389,3.372462,96099323,357004092.0,,
2018-10-26,603993,3.4345863,3.5055855,3.3813369,3.4079616,142952041,554222369.0,,
2018-10-29,603993,3.3902118,3.3990867,3.3192126,3.3369624,74070801,279908263.0,,
2018-10-30,603993,3.372462,3.4789608,3.3547122,3.4434612,133132245,514628718.0,,
2018-10-31,603993,3.4878357,3.6475839,3.4345863,3.6120843,228272958,911493013.0,,
2018-11-01,603993,3.6032094,3.6564588,3.5410851,3.5588349,210974844,853065401.0,,
2018-11-02,603993,3.638709,3.7718325,3.5765847,3.7185831,278530720,1147648838.0,,
2018-11-05,603993,3.6564588,3.727458,3.6209592,3.6653337,169528411,700615882.0,,
2018-11-06,603993,3.6298341,3.6653337,3.5854596,3.6298341,96878798,394908849.0,,
2018-11-07,603993,3.9227058,3.9848301,3.7895823,3.816207,403654208,1773088005.0,,
2018-11-08,603993,3.816207,3.8339568,3.727458,3.7363329,175120565,741711337.0,,
2018-11-09,603993,3.6830835,3.7008333,3.638709,3.6564588,112585454,465211269.0,,
2018-11-12,603993,3.6120843,3.7097082,3.5854596,3.7008333,133594802,549034185.0,,
2018-11-13,603993,3.6209592,3.7452078,3.6032094,3.727458,163958526,682166307.0,,
2018-11-14,603993,3.7097082,3.7452078,3.6653337,3.6742086,121197650,506115799.0,,
2018-11-15,603993,3.6475839,3.7097082,3.638709,3.7097082,112149812,464727007.0,,
2018-11-16,603993,3.7185831,3.7452078,3.6830835,3.7097082,132126568,552858863.0,,
2018-11-19,603993,3.6919584,3.7097082,3.6475839,3.6919584,106234544,439032017.0,,
2018-11-20,603993,3.6564588,3.7540827,3.638709,3.6564588,148556874,617431866.0,,
2018-11-21,603993,3.5943345,3.638709,3.5233353,3.6298341,101129496,409112882.0,,
2018-11-22,603993,3.638709,3.6653337,3.5943345,3.6032094,60744774,247893972.0,,
2018-11-23,603993,3.6032094,3.6209592,3.4168365,3.4345863,120875011,475810610.0,,
2018-11-26,603993,3.4168365,3.461211,3.3635871,3.372462,65209789,250362091.0,,
2018-11-27,603993,3.4079616,3.4434612,3.372462,3.4168365,60128235,230863770.0,,
2018-11-28,603993,3.3990867,3.4434612,3.3458373,3.4434612,71324508,273651193.0,,
2018-11-29,603993,3.4878357,3.5233353,3.4257114,3.4434612,105541995,413594870.0,,
2018-11-30,603993,3.4257114,3.5765847,3.3902118,3.5233353,137740637,543631453.0,,
2018-12-03,603993,3.6120843,3.6653337,3.5943345,3.6298341,138576710,566134846.0,,
2018-12-04,603993,3.6298341,3.6298341,3.5765847,3.6120843,88980650,361726860.0,,
2018-12-05,603993,3.54996,3.7185831,3.5233353,3.6653337,164765945,678116225.0,,
2018-12-06,603993,3.638709,3.6564588,3.5943345,3.6032094,83244041,338919507.0,,
2018-12-07,603993,3.6298341,3.638709,3.5765847,3.5943345,50139775,203597251.0,,
2018-12-10,603993,3.5765847,3.5854596,3.5233353,3.5233353,55833540,222913379.0,,
2018-12-11,603993,3.54996,3.5765847,3.5233353,3.5677098,38406924,153899245.0,,
2018-12-12,603993,3.6032094,3.638709,3.5765847,3.6298341,84013133,343006204.0,,
2018-12-13,603993,3.6475839,3.7008333,3.6120843,3.6830835,101083573,417988133.0,,
2018-12-14,603993,3.6653337,3.7097082,3.6120843,3.6209592,161663230,668672117.0,,
2018-12-17,603993,3.6032094,3.6919584,3.5854596,3.6830835,90972684,375419031.0,,
2018-12-18,603993,3.6564588,3.7185831,3.6298341,3.6830835,84328728,349065686.0,,
2018-12-19,603993,3.6653337,3.6830835,3.6209592,3.6298341,52825422,216982002.0,,
2018-12-20,603993,3.6298341,3.6653337,3.5588349,3.5943345,74564226,302720179.0,,
2018-12-21,603993,3.5677098,3.5943345,3.4700859,3.4878357,75838374,300684148.0,,
2018-12-24,603993,3.4878357,3.54996,3.4789608,3.5055855,36619958,144704075.0,,
2018-12-25,603993,3.4700859,3.4700859,3.3369624,3.4523361,76891107,294701986.0,,
2018-12-26,603993,3.4168365,3.461211,3.4079616,3.4079616,40245358,155452928.0,,
2018-12-27,603993,3.4700859,3.4878357,3.3280875,3.3369624,60780462,233511784.0,,
2018-12-28,603993,3.3635871,3.3813369,3.3192126,3.3369624,51282972,193517799.0,,
2019-01-02,603993,3.3547122,3.3635871,3.2393385,3.2925879,54269661,201531123.0,,
2019-01-03,603993,3.283713,3.3369624,3.2570883,3.3192126,55198167,205053788.0,,
2019-01-04,603993,3.2659632,3.4168365,3.2570883,3.3990867,86050938,325756878.0,,
2019-01-07,603993,3.4257114,3.4700859,3.3990867,3.4523361,86104696,332815643.0,,
2019-01-08,603993,3.461211,3.461211,3.4168365,3.4168365,48864480,189003642.0,,
2019-01-09,603993,3.4257114,3.4878357,3.3990867,3.4257114,67706590,262594368.0,,
2019-01-10,603993,3.4079616,3.4257114,3.372462,3.372462,56012412,214340747.0,,
2019-01-11,603993,3.372462,3.4168365,3.372462,3.3990867,36886500,141108298.0,,
2019-01-14,603993,3.4079616,3.4257114,3.372462,3.3813369,46798443,179223864.0,,
2019-01-15,603993,3.3902118,3.4434612,3.372462,3.4257114,67637047,259995370.0,,
2019-01-16,603993,3.4168365,3.4257114,3.3813369,3.3902118,44385822,170009246.0,,
2019-01-17,603993,3.3902118,3.4345863,3.3547122,3.3902118,62554415,238961849.0,,
2019-01-18,603993,3.3813369,3.5144604,3.3813369,3.4789608,146084443,570086290.0,,
2019-01-21,603993,3.5233353,3.5233353,3.4700859,3.4789608,87226889,342906697.0,,
2019-01-22,603993,3.4700859,3.4789608,3.4168365,3.4257114,64945633,251651428.0,,
2019-01-23,603993,3.4168365,3.4523361,3.3990867,3.4523361,42093087,162988903.0,,
2019-01-24,603993,3.4434612,3.4523361,3.3990867,3.4257114,44079573,169993267.0,,
2019-01-25,603993,3.4257114,3.4523361,3.3990867,3.4168365,50361391,194128466.0,,
2019-01-28,603993,3.4345863,3.4523361,3.3990867,3.4079616,50296321,194106089.0,,
2019-01-29,603993,3.3990867,3.3990867,3.2127138,3.3635871,74141756,277878018.0,,
2019-01-30,603993,3.3369624,3.3990867,3.3103377,3.3635871,39725948,150697339.0,,
2019-01-31,603993,3.4168365,3.461211,3.3547122,3.4079616,96143774,369817229.0,,
2019-02-01,603993,3.4257114,3.4700859,3.3990867,3.461211,74469736,288310841.0,,
2019-02-11,603993,3.461211,3.6209592,3.4523361,3.6032094,152936255,606223333.0,,
2019-02-12,603993,3.5677098,3.6120843,3.54996,3.5943345,121853517,491680177.0,,
2019-02-13,603993,3.5943345,3.7895823,3.5765847,3.7185831,221959212,922635772.0,,
2019-02-14,603993,3.7008333,3.7185831,3.6475839,3.6919584,123751693,513397196.0,,
2019-02-15,603993,3.6742086,3.7807074,3.6564588,3.6919584,126120684,528038179.0,,
2019-02-18,603993,3.7452078,3.8428317,3.7097082,3.8339568,199517409,847503810.0,,
2019-02-19,603993,3.8428317,3.9404556,3.7629576,3.8250819,196200306,850073643.0,,
2019-02-20,603993,3.8428317,3.9759552,3.8250819,3.9227058,252554271,1115529110.0,,
2019-02-21,603993,3.9227058,3.9582054,3.8339568,3.8517066,196813050,865142441.0,,
2019-02-22,603993,3.8339568,3.8960811,3.7718325,3.8960811,158784415,684268716.0,,
2019-02-25,603993,3.9582054,4.2422022,3.9582054,4.2422022,354506048,1638603738.0,,
2019-02-26,603993,4.2954516,4.5794484,4.1534532,4.3664508,438482992,2139336884.0,,
2019-02-27,603993,4.3043265,4.4197002,4.171203,4.259952,277150672,1348039738.0,,
2019-02-28,603993,4.259952,4.3043265,4.1889528,4.2244524,137879991,658917380.0,,
2019-03-01,603993,4.2688269,4.2954516,4.1623281,4.2510771,145232148,691348253.0,,
2019-03-04,603993,4.259952,4.3753257,4.2422022,4.2865767,254063014,1233831878.0,,
2019-03-05,603993,4.2510771,4.3309512,4.1978277,4.3309512,201652451,970100062.0,,
2019-03-06,603993,4.3309512,4.5528237,4.3309512,4.4995743,386597472,1936281310.0,,
2019-03-07,603993,4.4729496,4.7391966,4.4019504,4.5705735,366359584,1886848159.0,,
2019-03-08,603993,4.4729496,4.4729496,4.171203,4.2244524,292707248,1434626295.0,,
2019-03-11,603993,4.2244524,4.3132014,4.1623281,4.3043265,174785484,837404003.0,,
2019-03-12,603993,4.3132014,4.3930755,4.2244524,4.3043265,208292278,1013753006.0,,
2019-03-13,603993,4.2954516,4.3664508,4.2155775,4.2865767,191337527,925776520.0,,
2019-03-14,603993,4.259952,4.3664508,4.171203,4.2155775,177561635,854083474.0,,
2019-03-15,603993,4.2954516,4.3220763,4.1978277,4.2244524,145806435,699444784.0,,
2019-03-18,603993,4.2333273,4.3930755,4.2333273,4.3930755,233022428,1135576114.0,,
2019-03-19,603993,4.3664508,4.4108253,4.3220763,4.3753257,165426165,811894877.0,,
2019-03-20,603993,4.4108253,4.4197002,4.2688269,4.3309512,161448497,790055942.0,,
2019-03-21,603993,4.3309512,4.3842006,4.3043265,4.3220763,180005419,880591054.0,,
2019-03-22,603993,4.3043265,4.3220763,4.1889528,4.2422022,179598592,857886903.0,,
2019-03-25,603993,4.1445783,4.171203,4.0913289,4.0913289,179381091,834560911.0,,
2019-03-26,603993,4.1002038,4.1445783,3.9759552,4.0025799,135396749,619130660.0,,
2019-03-27,603993,4.0203297,4.0469544,3.9315807,3.9759552,91420322,409332614.0,,
2019-03-28,603993,3.9759552,4.082454,3.9315807,4.0203297,104921855,473691223.0,,
2019-03-29,603993,4.0380795,4.1357034,3.9759552,4.1357034,146238673,670800225.0,,
2019-04-01,603993,4.1623281,4.4640747,4.1623281,4.3930755,351861168,1720709832.0,,
2019-04-02,603993,4.43745,4.5705735,4.3309512,4.4640747,355946592,1773494512.0,,
2019-04-03,603993,4.4197002,4.4818245,4.3575759,4.4463249,220552843,1101627380.0,,
2019-04-04,603993,4.4818245,4.5971982,4.4463249,4.4995743,272054592,1383977398.0,,
2019-04-08,603993,4.5971982,4.6326978,4.4640747,4.5173241,296337232,1514521166.0,,
2019-04-09,603993,4.4995743,4.4995743,4.3398261,4.4019504,219986013,1090173208.0,,
2019-04-10,603993,4.3575759,4.4197002,4.3309512,4.3930755,124615162,614030213.0,,
2019-04-11,603993,4.3842006,4.4906994,4.3309512,4.3398261,167308188,830149533.0,,
2019-04-12,603993,4.3043265,4.3575759,4.259952,4.3043265,102494731,496236183.0,,
2019-04-15,603993,4.3842006,4.4108253,4.2954516,4.3043265,117507146,577275232.0,,
2019-04-16,603993,4.2688269,4.4019504,4.2244524,4.4019504,174453714,854890697.0,,
2019-04-17,603993,4.4019504,4.4019504,4.3398261,4.3575759,127998457,629990208.0,,
2019-04-18,603993,4.3575759,4.3842006,4.2688269,4.2777018,124621937,605618237.0,,
2019-04-19,603993,4.2510771,4.3043265,4.2333273,4.3043265,90211707,434151864.0,,
2019-04-22,603993,4.2422022,4.2422022,4.0913289,4.1002038,221119615,1030887488.0,,
2019-04-23,603993,4.1002038,4.1179536,4.0025799,4.0380795,126297065,574321210.0,,
2019-04-24,603993,4.0469544,4.0913289,4.0025799,4.082454,84582047,385816771.0,,
2019-04-25,603993,4.0735791,4.082454,3.9493305,3.9493305,101290952,457258137.0,,
2019-04-26,603993,3.9227058,3.9493305,3.8783313,3.8783313,77328716,340870074.0,,
2019-04-29,603993,3.8783313,3.904956,3.6564588,3.7008333,117547504,497270500.0,,
2019-04-30,603993,3.6830835,3.7718325,3.6564588,3.7363329,69401815,291769895.0,,
2019-05-06,603993,3.6298341,3.6475839,3.372462,3.4700859,130374528,518945054.0,,
2019-05-07,603993,3.5055855,3.5588349,3.461211,3.5233353,77051549,305448553.0,,
2019-05-08,603993,3.4434612,3.5677098,3.4168365,3.5233353,71282299,281633251.0,,
2019-05-09,603993,3.4878357,3.54996,3.461211,3.4878357,58566632,230781016.0,,
2019-05-10,603993,3.5055855,3.5677098,3.4434612,3.54996,90140187,358656434.0,,
2019-05-13,603993,3.5233353,3.5410851,3.4700859,3.4700859,54647523,215954977.0,,
2019-05-14,603993,3.4345863,3.5055855,3.4168365,3.4523361,50340123,196745220.0,,
2019-05-15,603993,3.4789608,3.5055855,3.4700859,3.4878357,52626222,206993867.0,,
2019-05-16,603993,3.4967106,3.6120843,3.4878357,3.5943345,124067242,499842141.0,,
2019-05-17,603993,3.6032094,3.6120843,3.461211,3.4789608,86683571,343270458.0,,
2019-05-20,603993,3.461211,3.4967106,3.3902118,3.4967106,59817155,232456335.0,,
2019-05-21,603993,3.4967106,3.6209592,3.4700859,3.6032094,102277225,411491279.0,,
2019-05-22,603993,3.5943345,3.6120843,3.5233353,3.5588349,76088978,305276521.0,,
2019-05-23,603993,3.54996,3.54996,3.4700859,3.4789608,54216200,213479945.0,,
2019-05-24,603993,3.461211,3.5055855,3.4345863,3.4434612,52305840,204042730.0,,
2019-05-27,603993,3.4523361,3.5144604,3.4434612,3.4967106,50955733,200035508.0,,
2019-05-28,603993,3.4878357,3.5144604,3.4523361,3.5055855,73498380,289144260.0,,
2019-05-29,603993,3.4878357,3.5765847,3.4700859,3.54996,91139487,362702548.0,,
2019-05-30,603993,3.5233353,3.638709,3.4789608,3.638709,165176282,667870843.0,,
2019-05-31,603993,3.6298341,3.6564588,3.5765847,3.5765847,108798257,443204174.0,,
2019-06-03,603993,3.5854596,3.6032094,3.5233353,3.5322102,64940708,260223134.0,,
2019-06-04,603993,3.5144604,3.5588349,3.4434612,3.461211,64334725,252310891.0,,
2019-06-05,603993,3.4878357,3.5144604,3.461211,3.4700859,41771008,163971334.0,,
2019-06-06,603993,3.4700859,3.4789608,3.4257114,3.4257114,44753160,173858232.0,,
2019-06-10,603993,3.4523361,3.4878357,3.4257114,3.4700859,46563706,181486222.0,,
2019-06-11,603993,3.4700859,3.5854596,3.4523361,3.5854596,102993527,410752626.0,,
2019-06-12,603993,3.5943345,3.6742086,3.5677098,3.6032094,131734478,538234187.0,,
2019-06-13,603993,3.5765847,3.5943345,3.5322102,3.5943345,68776701,276603691.0,,
2019-06-14,603993,3.5943345,3.6475839,3.54996,3.5677098,77518131,314054230.0,,
2019-06-17,603993,3.5410851,3.6120843,3.5322102,3.5677098,47674756,191842390.0,,
2019-06-18,603993,3.54996,3.5677098,3.4789608,3.5144604,63115916,249724647.0,,
2019-06-19,603993,3.5677098,3.5943345,3.5410851,3.54996,58394493,234222899.0,,
2019-06-20,603993,3.5677098,3.6120843,3.5322102,3.6032094,95548782,385405089.0,,
2019-06-21,603993,3.5943345,3.6830835,3.5854596,3.6475839,141210386,579826341.0,,
2019-06-24,603993,3.6564588,3.7363329,3.6298341,3.6919584,124122826,514578824.0,,
2019-06-25,603993,3.6830835,3.727458,3.6120843,3.6919584,123435661,511675163.0,,
2019-06-26,603993,3.6564588,3.6742086,3.6209592,3.6209592,69344856,284602550.0,,
2019-06-27,603993,3.6298341,3.6564588,3.6209592,3.638709,56397592,231421909.0,,
2019-06-28,603993,3.647828,3.65694757,3.60223015,3.61134972,55249241,219871800.0,,
2019-07-01,603993,3.65694757,3.67518671,3.647828,3.67518671,78566384,315761474.0,,
2019-07-02,603993,3.67518671,3.77550198,3.63870843,3.74814327,136195096,554303045.0,,
2019-07-03,603993,3.7390237,3.7390237,3.67518671,3.67518671,89710522,363588850.0,,
2019-07-04,603993,3.68430628,3.70254542,3.65694757,3.66606714,55184713,222599835.0,,
2019-07-05,603993,3.66606714,3.67518671,3.63870843,3.65694757,31510575,126263584.0,,
2019-07-08,603993,3.63870843,3.647828,3.53839316,3.54751273,70289461,275623211.0,,
2019-07-09,603993,3.54751273,3.56575187,3.52015402,3.5566323,39744204,154274538.0,,
2019-07-10,603993,3.56575187,3.57487144,3.51103445,3.52015402,30727511,118975731.0,,
2019-07-11,603993,3.53839316,3.57487144,3.50191488,3.52015402,37788078,146632872.0,,
2019-07-12,603993,3.52927359,3.53839316,3.50191488,3.51103445,34898037,134527614.0,,
2019-07-15,603993,3.51103445,3.54751273,3.45631703,3.52015402,51106905,196317526.0,,
2019-07-16,603993,3.52015402,3.5566323,3.51103445,3.52927359,35458384,137325659.0,,
2019-07-17,603993,3.52927359,3.53839316,3.51103445,3.51103445,32267022,124620857.0,,
2019-07-18,603993,3.52015402,3.53839316,3.49279531,3.49279531,43997730,169618191.0,,
2019-07-19,603993,3.51103445,3.56575187,3.50191488,3.53839316,50853678,197308738.0,,
2019-07-22,603993,3.52015402,3.52927359,3.41071918,3.41983875,60488848,228553933.0,,
2019-07-23,603993,3.42895832,3.44719746,3.41983875,3.44719746,25370136,95610169.0,,
2019-07-24,603993,3.4654366,3.48367574,3.38336047,3.41071918,138345432,519505229.0,,
2019-07-25,603993,3.39248004,3.40159961,3.30128434,3.31040391,152190882,555173463.0,,
2019-07-26,603993,3.32864305,3.33776262,3.22832778,3.29216477,167615759,603506538.0,,
2019-07-29,603993,3.27392563,3.27392563,3.20096907,3.22832778,150395573,532644670.0,,
2019-07-30,603993,3.21920821,3.25568649,3.21008864,3.22832778,92283167,327490908.0,,
2019-07-31,603993,3.21920821,3.33776262,3.16449079,3.30128434,180912223,641787180.0,,
2019-08-01,603993,3.29216477,3.41983875,3.26480606,3.39248004,277637184,1025239407.0,,
2019-08-02,603993,3.31040391,3.3742409,3.29216477,3.32864305,133737499,489157070.0,,
2019-08-05,603993,3.31040391,3.31952348,3.22832778,3.24656692,130451000,469494687.0,,
2019-08-06,603993,3.15537122,3.20096907,3.06417552,3.09153423,162466240,556045415.0,,
2019-08-07,603993,3.32864305,3.40159961,3.32864305,3.40159961,290855712,1082540828.0,,
2019-08-08,603993,3.52927359,3.66606714,3.39248004,3.41071918,590644016,2290013621.0,,
2019-08-09,603993,3.42895832,3.53839316,3.34688219,3.50191488,320418016,1213129648.0,,
2019-08-12,603993,3.42895832,3.45631703,3.35600176,3.39248004,173800902,647462192.0,,
2019-08-13,603993,3.3742409,3.47455617,3.35600176,3.41983875,165592219,620802464.0,,
2019-08-14,603993,3.44719746,3.5566323,3.38336047,3.51103445,257907254,987070757.0,,
2019-08-15,603993,3.41983875,3.50191488,3.40159961,3.44719746,148549386,560905744.0,,
2019-08-16,603993,3.44719746,3.45631703,3.40159961,3.40159961,102465233,384390384.0,,
2019-08-19,603993,3.41071918,3.43807789,3.36512133,3.42895832,119727565,447177325.0,,
2019-08-20,603993,3.41071918,3.48367574,3.39248004,3.42895832,129322684,487222132.0,,
2019-08-21,603993,3.41071918,3.41071918,3.32864305,3.33776262,144446814,532594039.0,,
2019-08-22,603993,3.34688219,3.35600176,3.2830452,3.33776262,98612088,358880569.0,,
2019-08-23,603993,3.33776262,3.34688219,3.25568649,3.26480606,98830874,356399637.0,,
2019-08-26,603993,3.21008864,3.32864305,3.1918495,3.2830452,103847613,371647590.0,,
2019-08-27,603993,3.2830452,3.34688219,3.27392563,3.34688219,100046667,363499288.0,,
2019-08-28,603993,3.31040391,3.35600176,3.29216477,3.29216477,60713976,220211907.0,,
2019-08-29,603993,3.31952348,3.31952348,3.26480606,3.26480606,48421915,174331531.0,,
2019-08-30,603993,3.2830452,3.31040391,3.24656692,3.27392563,69358094,249446566.0,,
2019-09-02,603993,3.31952348,3.33776262,3.30128434,3.31040391,69422628,252486025.0,,
2019-09-03,603993,3.31952348,3.40159961,3.29216477,3.38336047,146905502,540966526.0,,
2019-09-04,603993,3.36512133,3.39248004,3.33776262,3.3742409,87879847,324158004.0,,
2019-09-05,603993,3.38336047,3.43807789,3.38336047,3.39248004,155040554,578983577.0,,
2019-09-06,603993,3.41071918,3.41071918,3.34688219,3.3742409,94988478,351029572.0,,
2019-09-09,603993,3.38336047,3.41071918,3.35600176,3.41071918,133658031,496091601.0,,
2019-09-10,603993,3.40159961,3.52927359,3.39248004,3.43807789,204188961,776909481.0,,
2019-09-11,603993,3.44719746,3.47455617,3.41983875,3.43807789,100595886,380098957.0,,
2019-09-12,603993,3.45631703,3.48367574,3.40159961,3.44719746,102098123,384670036.0,,
2019-09-16,603993,3.52927359,3.54751273,3.47455617,3.49279531,153768809,590479162.0,,
2019-09-17,603993,3.47455617,3.48367574,3.39248004,3.39248004,103181084,387822288.0,,
2019-09-18,603993,3.39248004,3.41983875,3.38336047,3.39248004,56870104,212170447.0,,
2019-09-19,603993,3.41071918,3.42895832,3.38336047,3.40159961,64825273,241894510.0,,
2019-09-20,603993,3.41071918,3.41071918,3.3742409,3.40159961,58640180,218110292.0,,
2019-09-23,603993,3.39248004,3.39248004,3.33776262,3.34688219,51365927,188935490.0,,
2019-09-24,603993,3.34688219,3.40159961,3.31952348,3.36512133,82391851,303506595.0,,
2019-09-25,603993,3.34688219,3.49279531,3.31952348,3.43807789,161841820,605192797.0,,
2019-09-26,603993,3.41983875,3.4654366,3.34688219,3.35600176,109480766,407743144.0,,
2019-09-27,603993,3.35600176,3.39248004,3.33776262,3.34688219,63529062,234099920.0,,
2019-09-30,603993,3.34688219,3.35600176,3.29216477,3.31952348,50825488,185646635.0,,
2019-10-08,603993,3.30128434,3.32864305,3.27392563,3.29216477,46442718,168229690.0,,
2019-10-09,603993,3.27392563,3.31040391,3.26480606,3.30128434,35253695,127265181.0,,
2019-10-10,603993,3.30128434,3.31040391,3.27392563,3.29216477,49222720,177592950.0,,
2019-10-11,603993,3.29216477,3.31952348,3.26480606,3.30128434,53058160,191500005.0,,
2019-10-14,603993,3.32864305,3.35600176,3.31040391,3.32864305,53775634,196564674.0,,
2019-10-15,603993,3.33776262,3.33776262,3.27392563,3.2830452,49890763,180279747.0,,
2019-10-16,603993,3.2830452,3.29216477,3.24656692,3.24656692,36934495,132382459.0,,
2019-10-17,603993,3.23744735,3.25568649,3.22832778,3.24656692,32053225,113910890.0,,
2019-10-18,603993,3.24656692,3.25568649,3.1918495,3.1918495,43602083,153603060.0,,
2019-10-21,603993,3.17361036,3.18272993,3.13713208,3.15537122,37616512,129941619.0,,
2019-10-22,603993,3.16449079,3.18272993,3.14625165,3.16449079,33697779,116856487.0,,
2019-10-23,603993,3.17361036,3.17361036,3.13713208,3.14625165,27464836,94874377.0,,
2019-10-24,603993,3.14625165,3.16449079,3.13713208,3.15537122,36479528,126203361.0,,
2019-10-25,603993,3.15537122,3.16449079,3.12801251,3.16449079,30492772,105242876.0,,
2019-10-28,603993,3.15537122,3.21008864,3.14625165,3.18272993,57675124,201313573.0,,
2019-10-29,603993,3.18272993,3.18272993,3.13713208,3.13713208,36779106,127268989.0,,
2019-10-30,603993,3.10977337,3.13713208,3.09153423,3.1006538,38947726,132813311.0,,
2019-10-31,603993,3.10977337,3.12801251,3.08241466,3.1006538,33556965,114159238.0,,
2019-11-01,603993,3.1006538,3.11889294,3.08241466,3.11889294,38371150,130599220.0,,
2019-11-04,603993,3.11889294,3.16449079,3.10977337,3.14625165,53709878,184831080.0,,
2019-11-05,603993,3.15537122,3.2830452,3.12801251,3.22832778,104488256,366983923.0,,
2019-11-06,603993,3.21008864,3.25568649,3.1918495,3.21920821,66343183,234538552.0,,
2019-11-07,603993,3.20096907,3.21920821,3.17361036,3.18272993,34294264,120114573.0,,
2019-11-08,603993,3.20096907,3.21920821,3.16449079,3.16449079,34486824,120500358.0,,
2019-11-11,603993,3.17361036,3.17361036,3.09153423,3.1006538,42211188,144381607.0,,
2019-11-12,603993,3.09153423,3.10977337,3.08241466,3.1006538,24917712,84618574.0,,
2019-11-13,603993,3.1006538,3.10977337,3.08241466,3.1006538,25892671,87947201.0,,
2019-11-14,603993,3.1006538,3.10977337,3.08241466,3.09153423,24191024,82018736.0,,
2019-11-15,603993,3.09153423,3.1006538,3.07329509,3.07329509,33794441,114447182.0,,
2019-11-18,603993,3.07329509,3.09153423,3.06417552,3.08241466,28294095,95563283.0,,
2019-11-19,603993,3.08241466,3.15537122,3.07329509,3.15537122,63700279,218861971.0,,
2019-11-20,603993,3.14625165,3.18272993,3.11889294,3.13713208,45585415,157243041.0,,
2019-11-21,603993,3.12801251,3.13713208,3.1006538,3.10977337,28093366,95926385.0,,
2019-11-22,603993,3.12801251,3.18272993,3.10977337,3.12801251,63789604,219972575.0,,
2019-11-25,603993,3.12801251,3.24656692,3.11889294,3.23744735,132952500,466323261.0,,
2019-11-26,603993,3.22832778,3.22832778,3.17361036,3.17361036,97438294,341114522.0,,
2019-11-27,603993,3.1918495,3.35600176,3.1918495,3.31040391,208253854,749891148.0,,
2019-11-28,603993,3.2830452,3.32864305,3.25568649,3.26480606,106140917,383156068.0,,
2019-11-29,603993,3.26480606,3.29216477,3.21920821,3.24656692,54359035,194071978.0,,
2019-12-02,603993,3.23744735,3.25568649,3.17361036,3.1918495,78678517,276852697.0,,
2019-12-03,603993,3.17361036,3.21920821,3.16449079,3.20096907,47304574,165461738.0,,
2019-12-04,603993,3.18272993,3.31952348,3.17361036,3.29216477,137661706,495730591.0,,
2019-12-05,603993,3.31040391,3.32864305,3.27392563,3.30128434,90908088,329040886.0,,
2019-12-06,603993,3.31040391,3.48367574,3.30128434,3.41071918,259087362,972089255.0,,
2019-12-09,603993,3.43807789,3.45631703,3.39248004,3.41071918,102410029,384554650.0,,
2019-12-10,603993,3.41071918,3.4654366,3.39248004,3.42895832,99581540,374517425.0,,
2019-12-11,603993,3.45631703,3.45631703,3.36512133,3.38336047,84323630,313545414.0,,
2019-12-12,603993,3.38336047,3.41071918,3.34688219,3.35600176,54825613,203172267.0,,
2019-12-13,603993,3.39248004,3.42895832,3.38336047,3.42895832,92943905,347504066.0,,
2019-12-16,603993,3.44719746,3.45631703,3.39248004,3.42895832,71534777,267563821.0,,
2019-12-17,603993,3.44719746,3.53839316,3.42895832,3.48367574,180677063,693055038.0,,
2019-12-18,603993,3.47455617,3.50191488,3.44719746,3.47455617,87573521,332882917.0,,
2019-12-19,603993,3.4654366,3.50191488,3.45631703,3.4654366,70151704,267146236.0,,
2019-12-20,603993,3.48367574,3.49279531,3.39248004,3.40159961,61505400,231989283.0,,
2019-12-23,603993,3.40159961,3.48367574,3.38336047,3.40159961,91051901,343353996.0,,
2019-12-24,603993,3.41071918,3.7390237,3.40159961,3.7390237,472942880,1881595486.0,,
2019-12-25,603993,3.71166499,3.87581725,3.66606714,3.8302194,372875152,1547264784.0,,
2019-12-26,603993,3.8302194,3.85757811,3.72078456,3.79374112,196875066,815706143.0,,
2019-12-27,603993,3.81198026,4.13116521,3.77550198,3.94877381,426153968,1860573279.0,,
2019-12-30,603993,3.96701295,4.1038065,3.9214151,3.99437166,285026192,1246707499.0,,
2019-12-31,603993,3.95789338,4.03996951,3.89405639,3.97613252,204691223,887192407.0,,
2020-01-02,603993,4.00349123,4.05820865,3.93053467,3.98525209,244963122,1071796840.0,,
2020-01-03,603993,4.03084994,4.16764349,3.93965424,4.08556736,311321312,1390300828.0,,
2020-01-06,603993,4.06732822,4.24060005,4.04908908,4.09468693,330688304,1498800734.0,,
2020-01-07,603993,4.05820865,4.09468693,3.98525209,4.03084994,183433059,809702807.0,,
2020-01-08,603993,4.03084994,4.11292607,3.99437166,4.06732822,215318838,958139713.0,,
2020-01-09,603993,4.1038065,4.15852392,3.99437166,4.03084994,193060575,859266159.0,,
2020-01-10,603993,4.03996951,4.03996951,3.86669768,3.99437166,290615856,1259979507.0,,
2020-01-13,603993,3.97613252,4.04908908,3.93053467,4.00349123,125401869,547547414.0,,
2020-01-14,603993,4.05820865,4.40475231,4.03084994,4.29531747,462290816,2155462681.0,,
2020-01-15,603993,4.25883919,4.32267618,4.13116521,4.15852392,301923376,1396000863.0,,
2020-01-16,603993,4.17676306,4.21324134,4.06732822,4.09468693,134602458,609638805.0,,
2020-01-17,603993,4.09468693,4.11292607,3.96701295,4.03084994,140555417,620242177.0,,
2020-01-20,603993,4.02173037,4.03084994,3.93053467,3.99437166,141883754,619708973.0,,
2020-01-21,603993,3.97613252,3.97613252,3.8302194,3.8302194,135223682,576365367.0,,
2020-01-22,603993,3.82109983,3.98525209,3.77550198,3.94877381,158685682,678731242.0,,
2020-01-23,603993,3.85757811,3.99437166,3.70254542,3.75726284,182479649,768748635.0,,
2020-02-03,603993,3.38336047,3.38336047,3.38336047,3.38336047,51791000,192144610.0,价格异常,-15.296803652968038
2020-02-04,603993,3.24656692,3.52015402,3.24656692,3.44719746,237353075,891719453.0,,
2020-02-05,603993,3.52015402,3.78462155,3.4654366,3.62046929,273335792,1092496459.0,,
2020-02-06,603993,3.5566323,3.63870843,3.49279531,3.62046929,241527981,943990955.0,,
2020-02-07,603993,3.57487144,3.58399101,3.48367574,3.53839316,143642880,556342123.0,,
2020-02-10,603993,3.49279531,3.75726284,3.47455617,3.72078456,258733234,1029020067.0,,
2020-02-11,603993,3.7390237,3.95789338,3.66606714,3.90317596,380750752,1590265974.0,,
2020-02-12,603993,3.84845854,4.29531747,3.81198026,4.29531747,463259552,2110681719.0,,
2020-02-13,603993,4.48682844,4.72393726,4.30443704,4.57802414,786509984,3900679451.0,,
2020-02-14,603993,4.66010027,5.03400264,4.60538285,4.94280694,826779440,4452099298.0,,
2020-02-17,603993,4.84249167,4.95192651,4.77865468,4.9245678,530717456,2830266440.0,,
2020-02-18,603993,4.86073081,4.94280694,4.71481769,4.78777425,487248480,2564927308.0,,
2020-02-19,603993,4.4685893,4.49594801,4.31355661,4.31355661,748946528,3572678390.0,,
2020-02-20,603993,4.35915446,4.39563274,4.18588263,4.26795876,460436400,2154369120.0,,
2020-02-21,603993,4.22236091,4.31355661,4.13116521,4.1950022,428622816,1981629932.0,,
2020-02-24,603993,4.13116521,4.14028478,3.88493682,4.02173037,462607552,2020436420.0,,
2020-02-25,603993,3.94877381,4.21324134,3.91229553,4.1950022,552691296,2475048056.0,,
2020-02-26,603993,4.1038065,4.14028478,3.96701295,3.99437166,356247696,1575858437.0,,
2020-02-27,603993,4.0126108,4.07644779,3.93965424,3.99437166,212186408,932824176.0,,
2020-02-28,603993,3.85757811,3.93053467,3.68430628,3.71166499,292972928,1220531177.0,,
2020-03-02,603993,3.75726284,3.88493682,3.72078456,3.84845854,195945122,820265328.0,,
2020-03-03,603993,3.88493682,4.02173037,3.85757811,3.89405639,275401808,1193197790.0,,
2020-03-04,603993,3.9214151,3.96701295,3.79374112,3.91229553,243199603,1035374170.0,,
2020-03-05,603993,3.93053467,3.94877381,3.85757811,3.93965424,212743952,911797684.0,,
2020-03-06,603993,3.88493682,4.03084994,3.85757811,3.94877381,310088256,1347427469.0,,
2020-03-09,603993,3.97613252,4.00349123,3.77550198,3.80286069,260910002,1110661693.0,,
2020-03-10,603993,3.71166499,3.86669768,3.647828,3.84845854,237156126,978358368.0,,
2020-03-11,603993,3.85757811,3.85757811,3.72078456,3.72078456,178124621,738453633.0,,
2020-03-12,603993,3.65694757,3.70254542,3.5566323,3.58399101,182786989,724205177.0,,
2020-03-13,603993,3.36512133,3.54751273,3.31952348,3.51103445,189694733,715434521.0,,
2020-03-16,603993,3.52927359,3.53839316,3.34688219,3.36512133,154480357,582710013.0,,
2020-03-17,603993,3.3742409,3.44719746,3.27392563,3.41983875,146541806,540991539.0,,
2020-03-18,603993,3.42895832,3.47455617,3.2830452,3.2830452,177738499,661054524.0,,
2020-03-19,603993,3.27392563,3.31952348,3.18272993,3.24656692,164016946,583760687.0,,
2020-03-20,603993,3.29216477,3.31040391,3.20096907,3.26480606,108778897,388221920.0,,
2020-03-23,603993,3.16449079,3.1918495,3.09153423,3.10977337,131989249,454823473.0,,
2020-03-24,603993,3.17361036,3.24656692,3.15537122,3.21920821,154611006,542287412.0,,
2020-03-25,603993,3.30128434,3.31952348,3.24656692,3.2830452,140445916,506197323.0,,
2020-03-26,603993,3.26480606,3.26480606,3.20096907,3.20096907,109077106,386483998.0,,
2020-03-27,603993,3.23744735,3.24656692,3.15537122,3.16449079,101881471,355997358.0,,
2020-03-30,603993,3.10977337,3.15537122,3.08241466,3.12801251,100226007,341480200.0,,
2020-03-31,603993,3.15537122,3.18272993,3.09153423,3.16449079,124802052,429741769.0,,
2020-04-01,603993,3.13713208,3.31040391,3.13713208,3.23744735,182911996,651650415.0,,
2020-04-02,603993,3.21008864,3.2830452,3.20096907,3.2830452,113317648,403369391.0,,
2020-04-03,603993,3.26480606,3.30128434,3.20096907,3.21920821,92618583,329663634.0,,
2020-04-07,603993,3.27392563,3.32864305,3.23744735,3.31040391,139206340,501317482.0,,
2020-04-08,603993,3.2830452,3.39248004,3.24656692,3.31952348,165131419,599929854.0,,
2020-04-09,603993,3.36512133,3.36512133,3.29216477,3.31040391,94366530,343253943.0,,
2020-04-10,603993,3.31040391,3.31952348,3.21008864,3.21920821,94070852,336483026.0,,
2020-04-13,603993,3.1918495,3.20096907,3.16449079,3.18272993,50115278,174985144.0,,
2020-04-14,603993,3.20096907,3.31040391,3.1918495,3.31040391,134959480,483631826.0,,
2020-04-15,603993,3.30128434,3.30128434,3.24656692,3.25568649,92786917,333072368.0,,
2020-04-16,603993,3.22832778,3.27392563,3.21920821,3.23744735,80366577,285569313.0,,
2020-04-17,603993,3.25568649,3.30128434,3.23744735,3.25568649,99081905,355137736.0,,
2020-04-20,603993,3.25568649,3.26480606,3.20096907,3.21920821,79918257,282180218.0,,
2020-04-21,603993,3.20096907,3.21008864,3.14625165,3.15537122,97790895,339548956.0,,
2020-04-22,603993,3.13713208,3.1918495,3.11889294,3.17361036,59096850,205015126.0,,
2020-04-23,603993,3.1918495,3.21008864,3.14625165,3.16449079,66619692,231607839.0,,
2020-04-24,603993,3.15537122,3.18272993,3.11889294,3.12801251,65422696,225550672.0,,
2020-04-27,603993,3.12801251,3.17361036,3.1006538,3.11889294,58697892,201886150.0,,
2020-04-28,603993,3.11889294,3.12801251,2.98209939,3.05505595,85823538,287650672.0,,
2020-04-29,603993,3.04593638,3.07329509,3.02769724,3.05505595,46749107,156758957.0,,
2020-04-30,603993,3.1006538,3.18272993,3.1006538,3.17361036,101720144,351950651.0,,
2020-05-06,603993,3.20096907,3.35600176,3.20096907,3.32864305,238465485,861275336.0,,
2020-05-07,603993,3.29216477,3.35600176,3.2830452,3.29216477,145649034,529543462.0,,
2020-05-08,603993,3.32864305,3.3742409,3.27392563,3.32864305,137349400,500275325.0,,
2020-05-11,603993,3.32864305,3.33776262,3.25568649,3.26480606,105316531,380133894.0,,
2020-05-12,603993,3.23744735,3.26480606,3.18272993,3.22832778,77363494,273131825.0,,
2020-05-13,603993,3.21008864,3.2830452,3.1918495,3.23744735,81104798,288935210.0,,
2020-05-14,603993,3.22832778,3.23744735,3.16449079,3.16449079,84517646,296026614.0,,
2020-05-15,603993,3.1918495,3.21008864,3.15537122,3.17361036,61182513,213789838.0,,
2020-05-18,603993,3.1918495,3.27392563,3.14625165,3.24656692,111959939,397584632.0,,
2020-05-19,603993,3.26480606,3.27392563,3.21920821,3.23744735,69548978,246783168.0,,
2020-05-20,603993,3.24656692,3.29216477,3.22832778,3.23744735,90415545,323085296.0,,
2020-05-21,603993,3.22832778,3.23744735,3.17361036,3.18272993,64922138,228160165.0,,
2020-05-22,603993,3.17361036,3.17361036,3.1006538,3.11889294,74194598,254923693.0,,
2020-05-25,603993,3.11889294,3.14625165,3.05505595,3.07329509,92091129,311975371.0,,
2020-05-26,603993,3.08241466,3.11889294,3.07329509,3.11889294,46440116,158029228.0,,
2020-05-27,603993,3.10977337,3.11889294,3.07329509,3.08241466,44730118,151619760.0,,
2020-05-28,603993,3.09153423,3.13713208,3.08241466,3.12801251,66342460,226555354.0,,
2020-05-29,603993,3.10977337,3.16449079,3.09153423,3.11889294,69581640,239482268.0,,
2020-06-01,603993,3.14625165,3.22832778,3.12801251,3.22832778,110038742,384270008.0,,
2020-06-02,603993,3.22832778,3.24656692,3.1918495,3.21008864,93034781,327545214.0,,
2020-06-03,603993,3.21920821,3.22832778,3.18272993,3.1918495,73879559,259533486.0,,
2020-06-04,603993,3.21008864,3.38336047,3.18272993,3.35600176,319555840,1157819472.0,,
2020-06-05,603993,3.33776262,3.34688219,3.26480606,3.29216477,138938015,501132152.0,,
2020-06-08,603993,3.31040391,3.44719746,3.29216477,3.38336047,238306331,885367047.0,,
2020-06-09,603993,3.39248004,3.43807789,3.34688219,3.39248004,131064568,486846508.0,,
2020-06-10,603993,3.3742409,3.39248004,3.29216477,3.30128434,103643700,376584072.0,,
2020-06-11,603993,3.32864305,3.38336047,3.27392563,3.29216477,109271476,398282711.0,,
2020-06-12,603993,3.21920821,3.27392563,3.20096907,3.25568649,90544037,321530740.0,,
2020-06-15,603993,3.25568649,3.27392563,3.1918495,3.21008864,90320551,319630857.0,,
2020-06-16,603993,3.25568649,3.52015402,3.22832778,3.43807789,374236176,1394176728.0,,
2020-06-17,603993,3.45631703,3.56575187,3.41983875,3.44719746,294955712,1125662295.0,,
2020-06-18,603993,3.44719746,3.52015402,3.40159961,3.44719746,172187994,653807776.0,,
2020-06-19,603993,3.4654366,3.51103445,3.42895832,3.45631703,190258081,723141997.0,,
2020-06-22,603993,3.4654366,3.52015402,3.41983875,3.44719746,169741671,646377779.0,,
2020-06-23,603993,3.44719746,3.4654366,3.38336047,3.41071918,127103765,474962622.0,,
2020-06-24,603993,3.39248004,3.41983875,3.35600176,3.3742409,114730302,424637550.0,,
2020-06-29,603993,3.36512133,3.40159961,3.31040391,3.33776262,99098198,364253792.0,,
2020-06-30,603993,3.34698342,3.42074614,3.33776308,3.38386478,87662681,322179768.0,,
2020-07-01,603993,3.39308512,3.48528852,3.38386478,3.4576275,153872934,574934976.0,,
2020-07-02,603993,3.4576275,3.57749192,3.42996648,3.56827158,272731856,1039528596.0,,
2020-07-03,603993,3.61437328,3.9186445,3.60515294,3.75267838,404761296,1649249565.0,,
2020-07-06,603993,3.81722076,4.02006824,3.78955974,4.0108479,464360672,1984662239.0,,
2020-07-07,603993,4.08461062,4.17681402,3.9186445,3.97396654,440633472,1930888331.0,,
2020-07-08,603993,3.9647462,4.13071232,3.90020382,4.09383096,423178752,1857096912.0,,
2020-07-09,603993,4.1030513,4.1952547,4.0569496,4.16759368,359075328,1611172339.0,,
2020-07-10,603993,4.1030513,4.13071232,3.94630552,3.95552586,325205632,1419964072.0,,
2020-07-13,603993,4.0569496,4.35200048,4.04772926,4.35200048,464425056,2135204544.0,,
2020-07-14,603993,4.35200048,4.4718649,4.22291572,4.3335598,562909152,2651308588.0,,
2020-07-15,603993,4.40732252,4.44420388,3.99240722,4.06616994,445185504,1996369247.0,,
2020-07-16,603993,4.06616994,4.12149198,3.78955974,3.80800042,318503280,1363080906.0,,
2020-07-17,603993,3.79878008,3.8725428,3.7342377,3.79878008,203910257,840560445.0,,
2020-07-20,603993,3.85410212,4.16759368,3.8264411,4.149153,347718336,1518844728.0,,
2020-07-21,603993,4.22291572,4.2413564,4.0569496,4.11227164,216410104,969909943.83,,
2020-07-22,603993,4.2413564,4.29667844,4.07539028,4.09383096,273214112,1229116338.27,,
2020-07-23,603993,4.04772926,4.17681402,4.0108479,4.09383096,232796310,1031091650.84,,
2020-07-24,603993,4.07539028,4.07539028,3.85410212,3.89098348,252068499,1084154894.43,,
2020-07-27,603993,3.90020382,4.12149198,3.89098348,4.04772926,292244528,1274578115.35,,
2020-07-28,603993,4.1952547,4.36122082,4.11227164,4.17681402,467831200,2147465485.49,,
2020-07-29,603993,4.18603436,4.21369538,4.08461062,4.1952547,269480672,1212561446.32,,
2020-07-30,603993,4.26901742,4.2874581,4.11227164,4.12149198,279772144,1263705549.43,,
2020-07-31,603993,4.02006824,4.1030513,3.97396654,4.0569496,283442160,1239882016.68,,
2020-08-03,603993,4.08461062,4.1952547,4.02006824,4.18603436,308380832,1374993729.36,,
2020-08-04,603993,4.32433946,4.4257632,4.23213606,4.31511912,499893120,2347753082.55,,
2020-08-05,603993,4.2874581,4.5179666,4.17681402,4.4718649,596902816,2830076886.13,,
2020-08-06,603993,4.49030558,4.61939034,4.40732252,4.53640728,563305728,2767941415.07,,
2020-08-07,603993,4.5179666,4.52718694,4.3335598,4.38888184,373858976,1796357093.84,,
2020-08-10,603993,4.2874581,4.29667844,4.15837334,4.21369538,365177504,1665840550.02,,
2020-08-11,603993,4.1952547,4.25057674,4.0569496,4.08461062,245200680,1107700738.23,,
2020-08-12,603993,4.0108479,4.06616994,3.8725428,4.03850892,265571129,1143767323.8,,
2020-08-13,603993,4.0108479,4.02928858,3.93708518,3.97396654,134245813,579640709.5,,
2020-08-14,603993,3.95552586,4.03850892,3.93708518,4.0108479,108339826,469106670.85,,
2020-08-17,603993,4.02006824,4.13071232,3.98318688,4.12149198,209939292,925607520.53,,
2020-08-18,603993,4.13993266,4.18603436,4.08461062,4.1030513,173756349,777191324.38,,
2020-08-19,603993,4.11227164,4.16759368,4.07539028,4.07539028,181649310,812548439.95,,
2020-08-20,603993,4.1952547,4.25057674,4.11227164,4.13071232,256828538,1160276190.49,,
2020-08-21,603993,4.13071232,4.18603436,4.0569496,4.13071232,183995759,822343818.55,,
2020-08-24,603993,4.12149198,4.12149198,4.02006824,4.0569496,148099972,652681091.84,,
2020-08-25,603993,4.0569496,4.06616994,3.9186445,3.94630552,176097233,758884928.91,,
2020-08-26,603993,3.9186445,3.98318688,3.81722076,3.83566144,152010050,641581761.02,,
2020-08-27,603993,3.84488178,3.8725428,3.7803394,3.86332246,131321944,544686997.19,,
2020-08-28,603993,3.84488178,3.90020382,3.80800042,3.90020382,141598024,590740900.32,,
2020-08-31,603993,3.93708518,4.04772926,3.93708518,3.94630552,205394064,887259642.46,,
2020-09-01,603993,3.92786484,4.03850892,3.90942416,4.02928858,174369127,755196717.32,,
2020-09-02,603993,3.99240722,4.00162756,3.8725428,3.90020382,201796074,857670127.9,,
2020-09-03,603993,3.90020382,3.9186445,3.84488178,3.86332246,90031294,378294798.19,,
2020-09-04,603993,3.80800042,3.85410212,3.7803394,3.84488178,80120207,332821311.1,,
2020-09-07,603993,3.8264411,3.90020382,3.7803394,3.79878008,121487152,507384020.5,,
2020-09-08,603993,3.79878008,3.81722076,3.69735634,3.7803394,137162609,559843775.0,,
2020-09-09,603993,3.72501736,3.75267838,3.688136,3.70657668,114066851,460181403.03,,
2020-09-10,603993,3.75267838,3.7803394,3.688136,3.69735634,108725566,439998502.69,,
2020-09-11,603993,3.688136,3.71579702,3.62359362,3.66969532,107974298,429233795.18,,
2020-09-14,603993,3.66969532,3.76189872,3.66969532,3.71579702,89602159,361536964.77,,
2020-09-15,603993,3.71579702,3.75267838,3.69735634,3.7342377,74422918,301390796.53,,
2020-09-16,603993,3.7342377,3.75267838,3.67891566,3.72501736,83969601,338201543.73,,
2020-09-17,603993,3.70657668,3.72501736,3.66047498,3.67891566,93642872,374442855.44,,
2020-09-18,603993,3.688136,3.79878008,3.67891566,3.78955974,148910625,604695391.22,,
2020-09-21,603993,3.80800042,3.81722076,3.7342377,3.75267838,95195755,389756492.35,,
2020-09-22,603993,3.72501736,3.7342377,3.6420343,3.66969532,123253237,491992155.77,,
2020-09-23,603993,3.65125464,3.66969532,3.62359362,3.63281396,67792117,268028393.1,,
2020-09-24,603993,3.60515294,3.60515294,3.5037292,3.51294954,112042048,429838890.62,,
2020-09-25,603993,3.53139022,3.54061056,3.42996648,3.46684784,96289811,362997999.89,,
2020-09-28,603993,3.47606818,3.49450886,3.42074614,3.42996648,62073451,232098882.14,,
2020-09-29,603993,3.4576275,3.48528852,3.44840716,3.4576275,60952767,229062084.23,,
2020-09-30,603993,3.46684784,3.46684784,3.39308512,3.42996648,80178907,298262635.59,,
2020-10-09,603993,3.52216988,3.5959326,3.5037292,3.57749192,106809842,412090112.57,,
2020-10-12,603993,3.61437328,3.66047498,3.58671226,3.65125464,105887844,416733726.45,,
2020-10-13,603993,3.65125464,3.65125464,3.60515294,3.6420343,62161605,244432489.72,,
2020-10-14,603993,3.63281396,3.6420343,3.57749192,3.58671226,64120497,250227442.13,,
2020-10-15,603993,3.58671226,3.62359362,3.57749192,3.58671226,51657215,201539835.84,,
2020-10-16,603993,3.5959326,3.62359362,3.57749192,3.5959326,60356981,235544372.33,,
2020-10-19,603993,3.5959326,3.65125464,3.58671226,3.60515294,55726357,218701629.75,,
2020-10-20,603993,3.5959326,3.67891566,3.56827158,3.66969532,100614042,397065339.11,,
2020-10-21,603993,3.66969532,3.70657668,3.62359362,3.65125464,68750652,272873090.57,,
2020-10-22,603993,3.62359362,3.6420343,3.58671226,3.63281396,48678351,190813072.81,,
2020-10-23,603993,3.63281396,3.65125464,3.60515294,3.61437328,44820027,176429043.73,,
2020-10-26,603993,3.61437328,3.62359362,3.55905124,3.58671226,51303149,199776003.71,,
2020-10-27,603993,3.5498309,3.6420343,3.5498309,3.63281396,61183337,239870251.87,,
2020-10-28,603993,3.61437328,3.6420343,3.57749192,3.62359362,61669523,241290472.09,,
2020-10-29,603993,3.58671226,3.72501736,3.56827158,3.70657668,149969506,597224782.36,,
2020-10-30,603993,3.67891566,3.69735634,3.63281396,3.6420343,138549987,551698240.41,,
2020-11-02,603993,3.63281396,3.7342377,3.62359362,3.71579702,116373616,466808506.92,,
2020-11-03,603993,3.7342377,3.90942416,3.71579702,3.86332246,213149416,887046392.17,,
2020-11-04,603993,3.84488178,3.84488178,3.76189872,3.81722076,131253709,541856906.93,,
2020-11-05,603993,3.83566144,3.9186445,3.79878008,3.8725428,158363016,663037948.33,,
2020-11-06,603993,3.88176314,3.97396654,3.85410212,3.90942416,169442491,718427210.2,,
2020-11-09,603993,3.95552586,4.04772926,3.89098348,4.00162756,274218160,1180526959.36,,
2020-11-10,603993,3.97396654,3.97396654,3.8725428,3.89098348,173239985,735581864.38,,
2020-11-11,603993,3.89098348,3.93708518,3.86332246,3.8725428,115735688,489560733.46,,
2020-11-12,603993,3.85410212,3.94630552,3.8264411,3.89098348,116078681,490396839.51,,
2020-11-13,603993,3.8725428,4.02928858,3.8725428,4.0108479,302105072,1303579606.19,,
2020-11-16,603993,3.99240722,4.30589878,3.97396654,4.25979708,528576784,2398094923.64,,
2020-11-17,603993,4.20447504,4.26901742,4.07539028,4.13071232,354016608,1604752509.84,,
2020-11-18,603993,4.17681402,4.2874581,4.13071232,4.21369538,316477968,1447615406.19,,
2020-11-19,603993,4.20447504,4.3335598,4.13071232,4.21369538,269152704,1232415729.5,,
2020-11-20,603993,4.16759368,4.3796615,4.12149198,4.36122082,369710912,1717275760.22,,
2020-11-23,603993,4.41654286,4.54562762,4.35200048,4.4257632,458354144,2212903852.22,,
2020-11-24,603993,4.37044116,4.49952592,4.31511912,4.48108524,324173568,1548341577.42,,
2020-11-25,603993,4.48108524,4.50874626,4.26901742,4.26901742,283396144,1343165372.95,,
2020-11-26,603993,4.29667844,4.30589878,4.13993266,4.22291572,236370781,1075436298.35,,
2020-11-27,603993,4.21369538,4.25979708,4.09383096,4.21369538,201528563,911334402.07,,
2020-11-30,603993,4.1952547,4.37044116,4.18603436,4.23213606,261423664,1214558766.2,,
2020-12-01,603993,4.22291572,4.26901742,4.12149198,4.25057674,173089399,787394771.78,,
2020-12-02,603993,4.25057674,4.36122082,4.23213606,4.2874581,207756349,967487695.46,,
2020-12-03,603993,4.2413564,4.26901742,4.16759368,4.17681402,138620896,630831631.16,,
2020-12-04,603993,4.149153,4.30589878,4.13071232,4.29667844,180135124,828353287.86,,
2020-12-07,603993,4.29667844,4.34278014,4.20447504,4.20447504,146738322,676204001.21,,
2020-12-08,603993,4.1952547,4.23213606,4.11227164,4.13993266,148945598,671753295.22,,
2020-12-09,603993,4.149153,4.2874581,4.13071232,4.17681402,223256198,1022096212.03,,
2020-12-10,603993,4.13993266,4.16759368,3.99240722,4.03850892,213863244,939199892.51,,
2020-12-11,603993,4.11227164,4.15837334,3.93708518,3.97396654,193071205,848995749.56,,
2020-12-14,603993,4.0569496,4.3335598,4.0108479,4.27823776,390056736,1784125640.05,,
2020-12-15,603993,4.2874581,4.35200048,4.20447504,4.35200048,283051472,1317961892.4,,
2020-12-16,603993,4.31511912,4.38888184,4.26901742,4.2874581,182730980,853502346.01,,
2020-12-17,603993,4.26901742,4.72081408,4.25057674,4.72081408,799544768,3981704443.12,,
2020-12-18,603993,4.68393272,4.73925476,4.57328864,4.66549204,643031152,3243227884.65,,
2020-12-21,603993,4.67471238,4.82223782,4.59172932,4.77613612,582047568,2976994245.97,,
2020-12-22,603993,4.67471238,4.73003442,4.4257632,4.45342422,593703328,2945828468.97,,
2020-12-23,603993,4.44420388,4.62861068,4.4257632,4.49952592,368394144,1804987638.83,,
2020-12-24,603993,4.49952592,4.5640683,4.4257632,4.53640728,235342062,1150965489.74,,
2020-12-25,603993,4.49030558,4.98820394,4.44420388,4.98820394,762035904,4010641723.41,,
2020-12-28,603993,5.1172887,5.4861023,5.09884802,5.4861023,933414544,5399408403.13,,
2020-12-29,603993,5.6705091,5.69817012,5.1172887,5.26481414,848448384,4915907011.6,,
2020-12-30,603993,5.40311924,5.55064468,5.19105142,5.40311924,771099040,4518790628.3,,
2020-12-31,603993,5.37545822,5.88257692,5.35701754,5.7627125,735785552,4498855891.85,,
2021-01-04,603993,5.79037352,6.26061086,5.67972944,6.02088202,765332016,4912775936.75,,
2021-01-05,603993,5.8549159,5.97478032,5.64284808,5.87335658,644761904,4056856033.84,,
2021-01-06,603993,5.98400066,6.2698312,5.82725488,6.2237295,671083280,4406709479.76,,
2021-01-07,603993,6.23294984,6.85071262,6.16840746,6.78617024,998586992,7286581582.19,,
2021-01-08,603993,6.78617024,6.83227194,6.2698312,6.8230516,870495680,6177183130.73,,
2021-01-11,603993,6.6386448,6.74006854,6.14074644,6.23294984,756501104,5267513112.63,,
2021-01-12,603993,6.04854304,6.50956004,5.93789896,6.34359392,607832288,4091712345.92,,
2021-01-13,603993,6.33437358,6.49111936,5.8088142,5.93789896,683705344,4567590321.14,,
2021-01-14,603993,5.8088142,5.96555998,5.67972944,5.78115318,493799424,3111977640.91,,
2021-01-15,603993,5.8088142,5.96555998,5.6244074,5.86413624,444421664,2800458605.75,,
2021-01-18,603993,5.7166108,5.83647522,5.59674638,5.75349216,416716736,2585222754.44,,
2021-01-19,603993,5.77193284,5.89179726,5.36623788,5.43078026,559869184,3414990873.4,,
2021-01-20,603993,5.4400006,5.78115318,5.4400006,5.7166108,484385312,2963676497.76,,
2021-01-21,603993,5.67972944,5.96555998,5.5783057,5.81803454,514155184,3238503394.38,,
2021-01-22,603993,5.7627125,6.10386508,5.67972944,6.00244134,551942016,3542169577.5,,
2021-01-25,603993,6.04854304,6.41735664,5.91023794,6.1776278,597989264,4003936796.45,,
2021-01-26,603993,6.07620406,6.14996678,5.72583114,5.79037352,408575824,2616752936.15,,
2021-01-27,603993,5.8088142,5.96555998,5.532204,5.87335658,397186272,2473011554.2,,
2021-01-28,603993,5.6244074,5.70739046,5.41233958,5.46766162,396809168,2391803789.99,,
2021-01-29,603993,5.56908536,5.68894978,5.28325482,5.58752604,343091536,2058130327.76,,
2021-02-01,603993,5.54142434,5.6244074,5.3938989,5.49532264,276791680,1648376638.22,,
2021-02-02,603993,5.55064468,5.70739046,5.49532264,5.68894978,365381328,2226389589.57,,
2021-02-03,603993,5.66128876,6.26061086,5.60596672,6.12230576,727471472,4736306909.7,,
2021-02-04,603993,5.993221,6.02088202,5.55986502,5.67972944,510518832,3216951621.75,,
2021-02-05,603993,5.66128876,5.74427182,5.29247516,5.29247516,389437888,2312944058.33,,
2021-02-08,603993,5.3016955,5.6705091,5.18183108,5.60596672,342811856,2035580332.6,,
2021-02-09,603993,5.61518706,6.00244134,5.58752604,5.89179726,395136256,2503196729.41,,
2021-02-10,603993,5.97478032,6.18684814,5.79037352,6.06698372,380048768,2476501753.74,,
2021-02-18,603993,6.67552616,6.67552616,6.53722106,6.67552616,790324880,5710415015.27,,
2021-02-19,603993,6.5925431,6.71240752,6.29749222,6.57410242,741440896,5248876007.94,,
2021-02-22,603993,6.95213636,7.22874656,6.8691533,7.0074584,964983936,7449215061.51,,
2021-02-23,603993,6.7769499,7.22874656,6.71240752,6.88759398,659087760,4973669629.83,,
2021-02-24,603993,6.87837364,7.4223737,6.71240752,6.74928888,725839312,5528716972.79,,
2021-02-25,603993,7.1457635,7.16420418,6.6386448,6.7308482,608474784,4579284296.49,,
2021-02-26,603993,6.2698312,6.42657698,6.10386508,6.1776278,576876736,3904244842.42,价格异常,-10.296010296010294
2021-03-01,603993,6.19606848,6.51878038,6.02088202,6.50956004,514103104,3490014191.19,,
2021-03-02,603993,6.3620346,6.41735664,5.98400066,6.1776278,507053328,3400836998.7,,
2021-03-03,603993,6.16840746,6.4081363,6.11308542,6.28827188,350177328,2379707780.46,,
2021-03-04,603993,6.0854244,6.09464474,5.8088142,5.87335658,411972800,2645799153.98,,
2021-03-05,603993,5.59674638,5.66128876,5.43078026,5.60596672,352778608,2120711545.83,,
2021-03-08,603993,5.65206842,5.74427182,5.43078026,5.44922094,287023056,1739677040.65,,
2021-03-09,603993,5.4400006,5.65206842,5.1633904,5.49532264,338398704,2008472533.05,,
2021-03-10,603993,5.55986502,5.60596672,5.3016955,5.36623788,289927424,1703900847.96,,
2021-03-11,603993,5.36623788,5.6705091,5.31091584,5.6705091,436722624,2614324748.5,,
2021-03-12,603993,5.61518706,5.6244074,5.40311924,5.51376332,330947968,1973922303.34,,
2021-03-15,603993,5.44922094,5.6244074,5.41233958,5.49532264,238671040,1428214961.22,,
2021-03-16,603993,5.47688196,5.49532264,5.2094921,5.27403448,318057216,1829292333.59,,
2021-03-17,603993,5.19105142,5.32013618,5.071187,5.3016955,256021075,1450356161.75,,
2021-03-18,603993,5.3477972,5.41233958,5.26481414,5.27403448,195895252,1131191538.05,,
2021-03-19,603993,5.14494972,5.21871244,5.071187,5.12650904,219843483,1223576189.37,,
2021-03-22,603993,5.12650904,5.19105142,5.00664462,5.1633904,202882356,1126621694.97,,
2021-03-23,603993,5.13572938,5.15417006,4.89600054,4.95132258,259144006,1403781440.23,,
2021-03-24,603993,4.87755986,4.98820394,4.75769544,4.78535646,248342897,1301886516.39,,
2021-03-25,603993,4.78535646,4.89600054,4.77613612,4.82223782,167491628,879987246.72,,
2021-03-26,603993,4.8406785,5.00664462,4.7945768,4.98820394,232358128,1245328242.68,,
2021-03-29,603993,5.00664462,5.01586496,4.90522088,4.95132258,164057069,881591291.19,,
2021-03-30,603993,4.91444122,5.03430564,4.84989884,4.9789836,189043429,1017872670.69,,
2021-03-31,603993,4.96054292,4.98820394,4.83145816,4.86833952,160368218,849344280.63,,
2021-04-01,603993,4.86833952,4.94210224,4.86833952,4.89600054,119539134,634641077.31,,
2021-04-02,603993,4.90522088,4.94210224,4.80379714,4.9328819,169144271,896157589.58,,
2021-04-06,603993,4.98820394,5.15417006,4.96976326,5.04352598,253017466,1387099360.23,,
2021-04-07,603993,5.0250853,5.1633904,4.95132258,5.1633904,255449491,1408899306.34,,
2021-04-08,603993,5.13572938,5.36623788,5.08962768,5.27403448,355815600,2027435149.72,,
2021-04-09,603993,5.28325482,5.31091584,5.10806836,5.14494972,220167811,1236868853.1,,
2021-04-12,603993,5.2555938,5.3938989,5.15417006,5.2094921,426486832,2436907872.63,,
2021-04-13,603993,5.2094921,5.3016955,5.08962768,5.1172887,241156486,1357393082.07,,
2021-04-14,603993,5.10806836,5.22793278,5.08040734,5.2094921,226407538,1267248432.97,,
2021-04-15,603993,5.20027176,5.24637346,5.08040734,5.22793278,226015371,1265411891.75,,
2021-04-16,603993,5.29247516,5.3016955,5.12650904,5.15417006,195918260,1102670983.77,,
2021-04-19,603993,5.1172887,5.35701754,5.05274632,5.32013618,389710576,2225066429.39,,
2021-04-20,603993,5.26481414,5.3016955,5.2094921,5.24637346,228674602,1303111301.98,,
2021-04-21,603993,5.19105142,5.2094921,5.1172887,5.1633904,150861461,843011787.33,,
2021-04-22,603993,5.20027176,5.29247516,5.19105142,5.21871244,205950606,1171344123.77,,
2021-04-23,603993,5.17261074,5.33857686,5.14494972,5.32013618,292832560,1680083249.01,,
2021-04-26,603993,5.3477972,5.46766162,5.31091584,5.33857686,327537936,1914571558.87,,
2021-04-27,603993,5.3938989,5.42155992,5.23715312,5.31091584,250523636,1450835841.85,,
2021-04-28,603993,5.29247516,5.32935652,5.14494972,5.22793278,215316341,1219878782.83,,
2021-04-29,603993,5.26481414,5.36623788,5.1633904,5.32935652,261007787,1492226420.21,,
2021-04-30,603993,5.3016955,5.43078026,5.2555938,5.35701754,263472756,1525736216.12,,
2021-05-06,603993,5.532204,5.59674638,5.36623788,5.51376332,411607904,2452602839.93,,
2021-05-07,603993,5.54142434,5.9010176,5.54142434,5.73505148,555410096,3445472305.95,,
2021-05-10,603993,5.87335658,6.03010236,5.74427182,6.02088202,499527184,3199427468.02,,
2021-05-11,603993,5.82725488,5.8549159,5.55064468,5.69817012,415694112,2572508528.24,,
2021-05-12,603993,5.63362774,5.77193284,5.58752604,5.69817012,200181016,1234333916.73,,
2021-05-13,603993,5.55064468,5.55986502,5.32935652,5.3477972,325916624,1920181491.51,,
2021-05-14,603993,5.3477972,5.40311924,5.22793278,5.31091584,259056565,1492009092.71,,
2021-05-17,603993,5.29247516,5.49532264,5.2555938,5.46766162,276024512,1612725695.99,,
2021-05-18,603993,5.49532264,5.61518706,5.42155992,5.532204,249339530,1495447713.31,,
2021-05-19,603993,5.44922094,5.6244074,5.37545822,5.55986502,274677712,1650542699.25,,
2021-05-20,603993,5.31091584,5.32935652,5.22793278,5.27403448,299453232,1715083293.29,,
2021-05-21,603993,5.29247516,5.4861023,5.27403448,5.36623788,223603700,1300576225.64,,
2021-05-24,603993,5.32935652,5.3477972,5.17261074,5.19105142,252945419,1435131865.74,,
2021-05-25,603993,5.19105142,5.24637346,5.06196666,5.23715312,221483854,1244423478.08,,
2021-05-26,603993,5.2094921,5.23715312,5.14494972,5.2094921,209733611,1180103447.43,,
2021-05-27,603993,5.19105142,5.2094921,5.1633904,5.17261074,182596325,1026142134.47,,
2021-05-28,603993,5.23715312,5.38467856,5.23715312,5.29247516,344269584,1983357770.69,,
2021-05-31,603993,5.3016955,5.41233958,5.26481414,5.35701754,250275388,1452412914.27,,
2021-06-01,603993,5.31091584,5.32013618,5.18183108,5.3016955,219998180,1253155239.95,,
2021-06-02,603993,5.28325482,5.36623788,5.23715312,5.24637346,192642220,1106793465.44,,
2021-06-03,603993,5.23715312,5.35701754,5.21871244,5.26481414,201179419,1156484460.02,,
2021-06-04,603993,5.17261074,5.3016955,5.071187,5.22793278,260999401,1463589057.62,,
2021-06-07,603993,5.22793278,5.27403448,5.13572938,5.15417006,177120574,996863251.8,,
2021-06-08,603993,5.15417006,5.19105142,4.9789836,5.00664462,243840800,1338125391.96,,
2021-06-09,603993,5.01586496,5.08040734,4.99742428,5.03430564,112672755,615491647.11,,
2021-06-10,603993,5.0250853,5.06196666,4.98820394,5.0250853,124308722,678064079.56,,
2021-06-11,603993,5.03430564,5.06196666,4.90522088,5.0250853,190510805,1029548116.19,,
2021-06-15,603993,4.9789836,5.01586496,4.75769544,4.76691578,247921086,1301137336.11,,
2021-06-16,603993,4.7484751,4.80379714,4.64705136,4.6562717,169452120,866213119.04,,
2021-06-17,603993,4.6562717,4.7023734,4.64705136,4.6562717,107516698,544437049.67,,
2021-06-18,603993,4.59172932,4.78535646,4.49952592,4.78535646,241936420,1223178619.46,,
2021-06-21,603993,4.73003442,4.73925476,4.66549204,4.7023734,158610302,807284890.81,,
2021-06-22,603993,4.7023734,4.75769544,4.68393272,4.72081408,124660342,638335765.7,,
2021-06-23,603993,4.73003442,4.7945768,4.66549204,4.78535646,186656281,961328538.16,,
2021-06-24,603993,4.7945768,4.8406785,4.73925476,4.75769544,121321770,628504508.84,,
2021-06-25,603993,4.76691578,5.01586496,4.76691578,4.94210224,331084880,1763711862.97,,
2021-06-28,603993,4.9328819,4.96976326,4.82223782,4.85911918,154272566,816979202.28,,
2021-06-29,603993,4.86833952,4.8867802,4.72081408,4.73925476,120557913,624966002.96,,
2021-06-30,603993,4.7484751,4.82223782,4.73003442,4.75769544,101720411,526933406.91,,
2021-07-01,603993,4.75769544,4.76691578,4.64705136,4.66549204,102173398,520618041.66,,
2021-07-02,603993,4.68393272,4.76691578,4.64705136,4.71159374,107846114,550941516.74,,
2021-07-05,603993,4.73925476,5.18183108,4.73925476,5.15417006,614264640,3363908862.98,,
2021-07-06,603993,5.15417004,5.39519238,5.10781959,5.29322139,598497712,3409471533.03,,
2021-07-07,603993,5.16344013,5.82161652,5.10781959,5.7474558,799802224,4802394980.72,,
2021-07-08,603993,5.6547549,5.97920805,5.61767454,5.83088661,673683184,4239545257.47,,
2021-07-09,603993,5.71964553,6.38709201,5.70110535,6.16460985,671204816,4396496214.14,,
2021-07-12,603993,6.20169021,6.5817639,6.12752949,6.3963621,614711232,4222012950.65,,
2021-07-13,603993,6.32220138,6.32220138,5.9328576,6.07190895,515613312,3366076061.87,,
2021-07-14,603993,6.17387994,6.45198264,5.91431742,6.13679958,521886448,3455019013.58,,
2021-07-15,603993,6.03482859,6.26658084,5.8401567,6.22950048,419504416,2746342235.85,,
2021-07-16,603993,6.14606967,6.56322372,6.07190895,6.23877057,546858064,3740924321.65,,
2021-07-19,603993,6.17387994,6.51687327,6.12752949,6.31293129,405522336,2776551341.63,,
2021-07-20,603993,6.16460985,6.22950048,5.96066787,6.2109603,368186592,2420075966.43,,
2021-07-21,603993,6.19242012,6.62811435,6.16460985,6.52614336,530565456,3703341715.82,,
2021-07-22,603993,6.51687327,6.57249381,6.33147147,6.40563219,353613088,2449089344.15,,
2021-07-23,603993,6.49833309,6.81351615,6.43344246,6.54468354,463526400,3319507085.92,,
2021-07-26,603993,6.70227507,6.8598666,6.42417237,6.75789561,548234544,3956028109.66,,
2021-07-27,603993,6.9525675,7.27702065,6.34074156,6.41490228,785278320,5863340849.38,,
2021-07-28,603993,6.18315003,6.43344246,5.92358751,6.00701832,512493984,3387457576.48,价格异常,-11.592356687898086
2021-07-29,603993,6.2109603,6.52614336,6.09044913,6.44271255,418177200,2851569346.18,,
2021-07-30,603993,6.44271255,6.55395363,6.18315003,6.40563219,314796560,2154069595.77,,
2021-08-02,603993,6.31293129,6.51687327,6.10898931,6.35001165,395546288,2677407126.47,,
2021-08-03,603993,6.24804066,6.24804066,5.71964553,5.7474558,555504640,3522646689.41,,
2021-08-04,603993,5.78453616,6.07190895,5.71964553,6.03482859,370761648,2374252259.54,,
2021-08-05,603993,5.96066787,5.99774823,5.78453616,5.84942679,306477520,1936541924.75,,
2021-08-06,603993,5.91431742,6.43344246,5.84942679,6.43344246,708973376,4792444321.82,,
2021-08-09,603993,6.49833309,6.75789561,6.33147147,6.6744648,746267488,5272132430.93,,
2021-08-10,603993,6.5817639,6.5817639,6.29439111,6.42417237,529400240,3653925811.59,,
2021-08-11,603993,6.3963621,6.42417237,6.17387994,6.3036612,370048496,2513369665.68,,
2021-08-12,603993,6.3036612,6.5817639,6.19242012,6.47052282,472866976,3288548654.42,,
2021-08-13,603993,6.3963621,6.81351615,6.31293129,6.73008534,616615952,4420573035.33,,
2021-08-16,603993,6.71154516,6.81351615,6.41490228,6.42417237,492239216,3496685599.95,,
2021-08-17,603993,6.35928174,6.7671657,6.33147147,6.54468354,560328144,3985823835.1,,
2021-08-18,603993,6.45198264,6.72081525,6.2109603,6.50760318,470646272,3288936021.6,,
2021-08-19,603993,6.3963621,6.3963621,6.01628841,6.24804066,519574800,3484116722.61,,
2021-08-20,603993,6.16460985,6.27585093,6.01628841,6.15533976,355575696,2351328101.7,,
2021-08-23,603993,6.18315003,6.32220138,6.09044913,6.24804066,323653776,2176211951.38,,
2021-08-24,603993,6.3036612,6.71154516,6.22023039,6.5817639,655387888,4641779118.82,,
2021-08-25,603993,6.71154516,6.85059651,6.45198264,6.78570588,589462928,4252755315.48,,
2021-08-26,603993,6.77643579,6.94329741,6.62811435,6.82278624,540900320,3977598716.07,,
2021-08-27,603993,6.73935543,7.19358984,6.65592462,7.19358984,626320432,4701433217.41,,
2021-08-30,603993,7.2306702,7.48096263,6.98964786,7.11015903,695585728,5431553151.86,,
2021-08-31,603993,7.01745813,7.25848047,6.86913669,7.24921038,414900560,3168021391.77,,
2021-09-01,603993,7.18431975,7.25848047,6.52614336,6.74862552,641758064,4725043561.63,,
2021-09-02,603993,6.63738444,6.91548714,6.60030408,6.83205633,320888144,2359431311.07,,
2021-09-03,603993,6.70227507,6.96183759,6.53541345,6.59103399,402796208,2913545710.99,,
2021-09-06,603993,6.59103399,6.68373489,6.25731075,6.60030408,329949472,2315400929.21,,
2021-09-07,603993,6.57249381,6.70227507,6.51687327,6.66519471,332651632,2377964446.25,,
2021-09-08,603993,6.63738444,6.68373489,6.47979291,6.53541345,387376048,2741363641.18,,
2021-09-09,603993,6.53541345,6.82278624,6.49833309,6.78570588,441737280,3186359102.4,,
2021-09-10,603993,6.7671657,7.46242245,6.72081525,7.36045146,1310302256,10383520390.54,,
2021-09-13,603993,7.416072,7.93519704,7.36045146,7.85176623,1098520416,9088567839.27,,
2021-09-14,603993,7.6014738,7.65709434,7.27702065,7.31410101,660913792,5308188646.22,,
2021-09-15,603993,7.30483092,7.37899164,7.0452684,7.30483092,391858896,3063743930.44,,
2021-09-16,603993,7.31410101,7.48096263,6.98964786,7.03599831,492167904,3837320801.88,,
2021-09-17,603993,6.9525675,7.12869921,6.47052282,6.74862552,545603584,3954870622.11,,
2021-09-22,603993,6.50760318,6.71154516,6.42417237,6.64665453,280231680,1990390390.47,,
2021-09-23,603993,6.73008534,6.75789561,6.52614336,6.60957417,239001592,1709656036.25,,
2021-09-24,603993,6.60957417,6.65592462,6.28512102,6.32220138,313259968,2176836534.29,,
2021-09-27,603993,6.27585093,6.3036612,5.69183526,5.79380625,457764784,2904024296.02,,
2021-09-28,603993,5.83088661,5.85869688,5.70110535,5.78453616,210890833,1313704673.87,,
2021-09-29,603993,5.73818571,5.73818571,5.33957184,5.4693531,331244592,1968334655.29,,
2021-09-30,603993,5.52497364,5.64548481,5.44154283,5.59913436,207671149,1244790703.98,,
2021-10-08,603993,5.69183526,5.70110535,5.51570355,5.57132409,182974861,1102671784.05,,
2021-10-11,603993,5.68256517,5.94212769,5.62694463,5.88650715,320552960,2013089691.61,,
2021-10-12,603993,5.88650715,5.92358751,5.71964553,5.86796697,209078417,1308474118.95,,
2021-10-13,603993,5.79380625,5.84942679,5.7474558,5.80307634,136510078,853812106.03,,
2021-10-14,603993,5.8401567,6.00701832,5.83088661,5.97920805,224756088,1444290277.98,,
2021-10-15,603993,6.01628841,6.22023039,5.89577724,5.9328576,252702492,1648628796.95,,
2021-10-18,603993,6.0255585,6.19242012,5.97920805,6.15533976,249427038,1640309898.46,,
2021-10-19,603993,6.10898931,6.19242012,6.01628841,6.16460985,174901568,1152403518.35,,
2021-10-20,603993,6.0255585,6.22023039,5.9328576,6.08117904,213377506,1401894978.72,,
2021-10-21,603993,6.16460985,6.23877057,6.04409868,6.05336877,210437717,1391112510.22,,
2021-10-22,603993,5.94212769,6.0255585,5.76599598,5.8401567,227239808,1442447831.03,,
2021-10-25,603993,5.81234643,5.96066787,5.72891562,5.96066787,152816202,967865130.01,,
2021-10-26,603993,5.9328576,6.04409868,5.88650715,5.92358751,142385495,913510341.39,,
2021-10-27,603993,5.91431742,5.96993796,5.75672589,5.79380625,136847028,860437231.89,,
2021-10-28,603993,5.71964553,5.7474558,5.44154283,5.51570355,258270919,1544036651.27,,
2021-10-29,603993,5.49716337,5.62694463,5.44154283,5.55278391,163267075,975799540.25,,
2021-11-01,603993,5.55278391,5.64548481,5.51570355,5.562054,131714884,790952827.87,,
2021-11-02,603993,5.57132409,5.58059418,5.31176157,5.41373256,175290291,1029042656.72,,
2021-11-03,603993,5.41373256,5.48789328,5.29322139,5.4693531,124580980,724714635.36,,
2021-11-04,603993,5.4693531,5.47862319,5.20979058,5.25614103,271077488,1551734047.3,,
2021-11-05,603993,5.1912504,5.32103166,5.08927941,5.08927941,240896477,1346368993.82,,
2021-11-08,603993,5.08927941,5.30249148,5.08000932,5.23760085,229929576,1293869045.95,,
2021-11-09,603993,5.27468121,5.27468121,5.18198031,5.22833076,113460963,639385302.92,,
2021-11-10,603993,5.20979058,5.20979058,5.06146914,5.15417004,147870827,815249662.07,,
2021-11-11,603993,5.13562986,5.20979058,5.11708968,5.1912504,118520295,660272332.7,,
2021-11-12,603993,5.21906067,5.26541112,5.12635977,5.14489995,136205670,760400455.36,,
2021-11-15,603993,5.16344013,5.1912504,5.06146914,5.16344013,127334001,703997056.43,,
2021-11-16,603993,5.15417004,5.15417004,4.98730842,5.01511869,180890781,989181140.99,,
2021-11-17,603993,5.01511869,5.08927941,4.99657851,5.07073923,160249585,873190707.85,,
2021-11-18,603993,5.04292896,5.17271022,5.01511869,5.12635977,182082994,1003640177.52,,
2021-11-19,603993,5.14489995,5.27468121,5.11708968,5.27468121,246459241,1390567767.24,,
2021-11-22,603993,5.2839513,5.58059418,5.2839513,5.45081292,329467520,1940223001.53,,
2021-11-23,603993,5.50643346,5.55278391,5.38592229,5.41373256,201852480,1182746735.96,,
2021-11-24,603993,5.41373256,5.53424373,5.34884193,5.50643346,211938600,1248946142.6,,
2021-11-25,603993,5.50643346,5.62694463,5.43227274,5.45081292,203013532,1209458708.59,,
2021-11-26,603993,5.42300265,5.562054,5.38592229,5.46008301,239205865,1415083100.32,,
2021-11-29,603993,5.29322139,5.45081292,5.25614103,5.35811202,265335916,1529798733.35,,
2021-11-30,603993,5.44154283,5.59913436,5.38592229,5.46008301,288488800,1709850608.55,,
2021-12-01,603993,5.46008301,5.71037544,5.43227274,5.6547549,362451504,2195806997.91,,
2021-12-02,603993,5.67329508,5.72891562,5.53424373,5.58059418,218940119,1322714830.19,,
2021-12-03,603993,5.58986427,5.67329508,5.48789328,5.64548481,230565970,1392561173.35,,
2021-12-06,603993,5.64548481,5.69183526,5.50643346,5.53424373,262765879,1589591892.81,,
2021-12-07,603993,5.57132409,5.60840445,5.39519238,5.46008301,219560505,1296966599.1,,
2021-12-08,603993,5.50643346,5.57132409,5.46008301,5.54351382,177879737,1060257346.63,,
2021-12-09,603993,5.562054,5.58986427,5.51570355,5.53424373,175556389,1049158773.01,,
2021-12-10,603993,5.49716337,5.52497364,5.41373256,5.47862319,159641944,941372532.69,,
2021-12-13,603993,5.46008301,5.50643346,5.42300265,5.47862319,165039066,973130260.9,,
2021-12-14,603993,5.45081292,5.46008301,5.24687094,5.26541112,292238336,1678183806.98,,
2021-12-15,603993,5.23760085,5.2839513,5.18198031,5.20052049,164495483,928643857.94,,
2021-12-16,603993,5.20052049,5.31176157,5.1912504,5.30249148,125666357,714024961.81,,
2021-12-17,603993,5.33957184,5.4693531,5.32103166,5.34884193,192208409,1118985107.45,,
2021-12-20,603993,5.32103166,5.33957184,5.20979058,5.21906067,125892917,712876403.01,,
2021-12-21,603993,5.1912504,5.27468121,5.18198031,5.26541112,92219468,519784844.62,,
2021-12-22,603993,5.26541112,5.26541112,5.20052049,5.20979058,94732646,533690419.04,,
2021-12-23,603993,5.23760085,5.27468121,5.21906067,5.24687094,97795836,553552976.33,,
2021-12-24,603993,5.24687094,5.26541112,5.12635977,5.13562986,117793080,655567834.11,,
2021-12-27,603993,5.13562986,5.16344013,5.10781959,5.11708968,76357267,422781670.23,,
2021-12-28,603993,5.14489995,5.20052049,5.11708968,5.16344013,97069211,539453122.41,,
2021-12-29,603993,5.14489995,5.18198031,5.11708968,5.12635977,87720804,486746355.77,,
2021-12-30,603993,5.13562986,5.15417004,5.11708968,5.12635977,73716536,408493643.21,,
2021-12-31,603993,5.14489995,5.1912504,5.12635977,5.17271022,86256377,480126738.58,,
2022-01-04,603993,5.20979058,5.22833076,5.14489995,5.22833076,112652322,630502935.0,,
2022-01-05,603993,5.21906067,5.21906067,5.0985495,5.14489995,104094774,578365705.21,,
2022-01-06,603993,5.10781959,5.16344013,5.10781959,5.14489995,87428165,484334854.43,,
2022-01-07,603993,5.16344013,5.18198031,5.11708968,5.14489995,92927348,516083058.73,,
2022-01-10,603993,5.13562986,5.18198031,5.11708968,5.17271022,87147373,484768583.68,,
2022-01-11,603993,5.16344013,5.1912504,5.11708968,5.14489995,101779417,565388826.3,,
2022-01-12,603993,5.18198031,5.33957184,5.17271022,5.33957184,263603757,1503103822.5,,
2022-01-13,603993,5.36738211,5.45081292,5.29322139,5.30249148,219429860,1271784813.58,,
2022-01-14,603993,5.2839513,5.2839513,5.17271022,5.20979058,147457218,827576335.98,,
2022-01-17,603993,5.17271022,5.20052049,5.11708968,5.16344013,99193962,550729232.72,,
2022-01-18,603993,5.15417004,5.21906067,5.11708968,5.17271022,87916866,490020729.72,,
2022-01-19,603993,5.16344013,5.20979058,5.14489995,5.16344013,85006922,473852113.72,,
2022-01-20,603993,5.20979058,5.25614103,5.16344013,5.23760085,115233379,648030378.95,,
2022-01-21,603993,5.20979058,5.2839513,5.18198031,5.27468121,118961325,674036724.01,,
2022-01-24,603993,5.27468121,5.29322139,5.1912504,5.24687094,88959255,503210500.01,,
2022-01-25,603993,5.20052049,5.24687094,5.06146914,5.06146914,130951349,729121566.7,,
2022-01-26,603993,5.07073923,5.11708968,5.06146914,5.0985495,59252110,325437340.0,,
2022-01-27,603993,5.0985495,5.0985495,4.75555617,4.79263653,158240904,835471163.04,,
2022-01-28,603993,4.84825707,4.87606734,4.65358518,4.79263653,103908171,535562446.27,,
2022-02-07,603993,4.87606734,5.0058486,4.86679725,4.99657851,122897596,655981773.27,,
2022-02-08,603993,4.99657851,5.04292896,4.93168788,5.03365887,99264854,535384784.7,,
2022-02-09,603993,5.05219905,5.21906067,5.03365887,5.20052049,163937003,911666903.3,,
2022-02-10,603993,5.23760085,5.44154283,5.23760085,5.36738211,271993008,1576894210.66,,
2022-02-11,603993,5.36738211,5.44154283,5.32103166,5.36738211,189995005,1103655941.12,,
2022-02-14,603993,5.33030175,5.3766522,5.21906067,5.27468121,126572797,724586470.0,,
2022-02-15,603993,5.2839513,5.29322139,5.1912504,5.26541112,92718757,523687150.27,,
2022-02-16,603993,5.26541112,5.34884193,5.25614103,5.27468121,78938024,450639117.55,,
2022-02-17,603993,5.2839513,5.39519238,5.25614103,5.36738211,139332837,804149305.68,,
2022-02-18,603993,5.32103166,5.38592229,5.29322139,5.3766522,100171381,578580575.48,,
2022-02-21,603993,5.35811202,5.38592229,5.29322139,5.31176157,85484270,490236966.38,,
2022-02-22,603993,5.2839513,5.34884193,5.24687094,5.33957184,89787628,512858146.74,,
2022-02-23,603993,5.36738211,5.38592229,5.30249148,5.3766522,118571716,685169824.72,,
2022-02-24,603993,5.33957184,5.46008301,5.20979058,5.30249148,172718753,996628278.14,,
2022-02-25,603993,5.29322139,5.42300265,5.27468121,5.32103166,148512503,859014268.17,,
2022-02-28,603993,5.34884193,5.60840445,5.34884193,5.57132409,392956384,2345048048.0,,
2022-03-01,603993,5.562054,5.57132409,5.41373256,5.48789328,217034017,1279899088.0,,
2022-03-02,603993,5.45081292,5.57132409,5.43227274,5.49716337,197990168,1177380576.0,,
2022-03-03,603993,5.54351382,5.68256517,5.54351382,5.58059418,312767296,1899290944.0,,
2022-03-04,603993,5.55278391,5.562054,5.33957184,5.35811202,245042073,1440170352.0,,
2022-03-07,603993,5.43227274,5.51570355,5.26541112,5.31176157,218742049,1271000192.0,,
2022-03-08,603993,5.34884193,5.44154283,4.95022806,5.06146914,270203392,1501676240.0,,
2022-03-09,603993,5.0058486,5.0058486,4.64431509,4.86679725,240811368,1254786688.0,,
2022-03-10,603993,4.95949815,4.99657851,4.8204468,4.89460752,175981935,927869888.0,,
2022-03-11,603993,4.80190662,4.83898698,4.69066554,4.82971689,161419073,827120640.0,,
2022-03-14,603993,4.74628608,4.79263653,4.67212536,4.68139545,116704249,594876960.0,,
2022-03-15,603993,4.635045,4.64431509,4.2642414,4.28278158,252532115,1205347040.0,,
2022-03-16,603993,4.4496432,4.59796464,4.31059185,4.57015437,217488896,1044511376.0,,
2022-03-17,603993,4.64431509,4.77409635,4.60723473,4.71847581,186846375,945826688.0,,
2022-03-18,603993,4.7277459,4.8204468,4.69066554,4.79263653,154564676,793683606.89,,
2022-03-21,603993,4.83898698,4.92241779,4.78336644,4.83898698,147700580,774206158.69,,
2022-03-22,603993,4.86679725,4.90387761,4.78336644,4.85752716,120383998,632113865.88,,
2022-03-23,603993,4.89460752,4.94095797,4.86679725,4.92241779,135312311,716765550.14,,
2022-03-24,603993,4.92241779,5.0985495,4.90387761,5.04292896,180457209,980238379.04,,
2022-03-25,603993,5.03365887,5.1912504,5.0058486,5.07073923,178547383,986894698.7,,
2022-03-28,603993,4.98730842,5.01511869,4.85752716,4.94095797,108516121,577115739.18,,
2022-03-29,603993,4.9131477,4.99657851,4.88533743,4.94095797,75738612,403348778.74,,
2022-03-30,603993,4.96876824,4.96876824,4.84825707,4.9131477,88057909,465798480.28,,
2022-03-31,603993,4.92241779,4.93168788,4.80190662,4.82971689,98485315,514555822.43,,
2022-04-01,603993,4.8204468,4.92241779,4.75555617,4.89460752,79618789,417952055.82,,
2022-04-06,603993,4.88533743,4.95949815,4.8204468,4.95022806,88890074,469085706.42,,
2022-04-07,603993,4.93168788,4.94095797,4.86679725,4.87606734,63757642,336868539.92,,
2022-04-08,603993,4.86679725,5.08927941,4.84825707,5.01511869,157696837,845538330.3,,
2022-04-11,603993,5.01511869,5.04292896,4.73701599,4.75555617,140887529,736160269.68,,
2022-04-12,603993,4.75555617,4.82971689,4.64431509,4.82971689,94199415,482198167.33,,
2022-04-13,603993,4.80190662,5.17271022,4.79263653,5.05219905,243618982,1319651374.89,,
2022-04-14,603993,5.06146914,5.15417004,5.0058486,5.0985495,127809478,700771130.0,,
2022-04-15,603993,5.08000932,5.22833076,5.04292896,5.11708968,178745541,992369404.92,,
2022-04-18,603993,5.08927941,5.08927941,4.93168788,4.96876824,91359561,490423626.53,,
2022-04-19,603993,5.0058486,5.04292896,4.95949815,4.98730842,87770379,472440129.48,,
2022-04-20,603993,4.96876824,4.97803833,4.78336644,4.80190662,111387007,582449584.52,,
2022-04-21,603993,4.79263653,4.80190662,4.52380392,4.56088428,157542936,787953369.17,,
2022-04-22,603993,4.51453383,4.61650482,4.43110302,4.58869455,91426259,446889182.42,,
2022-04-25,603993,4.47745347,4.47745347,4.2642414,4.27351149,134173192,629919164.74,,
2022-04-26,603993,4.27351149,4.30132176,3.92124807,3.95832843,196281850,863083918.77,,
2022-04-27,603993,3.88416771,4.21789095,3.87489762,4.19008068,153034172,669493579.84,,
2022-04-28,603993,4.19008068,4.20862086,4.08810969,4.13446014,120074949,537415545.35,,
2022-04-29,603993,4.19008068,4.37548248,4.16227041,4.33840212,137131984,632591917.28,,
2022-05-05,603993,4.36621239,4.44037311,4.31059185,4.39402266,106092127,503007159.89,,
2022-05-06,603993,4.2642414,4.28278158,4.18081059,4.21789095,104241826,475703872.71,,
2022-05-09,603993,4.1715405,4.23643113,4.12519005,4.1715405,85467646,384811767.76,,
2022-05-10,603993,4.09737978,4.16227041,4.00467888,4.11591996,169645448,749269794.56,,
2022-05-11,603993,4.11591996,4.31059185,4.09737978,4.19935077,162139044,734837100.87,,
2022-05-12,603993,4.13446014,4.19008068,4.06956951,4.12519005,111979228,498724364.33,,
2022-05-13,603993,4.13446014,4.18081059,4.0788396,4.11591996,99046167,439622565.89,,
2022-05-16,603993,4.15300032,4.18081059,4.11591996,4.13446014,86912444,388740836.8,,
2022-05-17,603993,4.13446014,4.24570122,4.12519005,4.23643113,136490531,617920710.73,,
2022-05-18,603993,4.24570122,4.24570122,4.16227041,4.19008068,87892595,397433293.32,,
2022-05-19,603993,4.11591996,4.15300032,4.06956951,4.14373023,123801360,548126709.49,,
2022-05-20,603993,4.1715405,4.3569423,4.1715405,4.34767221,222262342,1023764728.42,,
2022-05-23,603993,4.32913203,4.4496432,4.31059185,4.40329275,141751137,669437969.85,,
2022-05-24,603993,4.38475257,4.39402266,4.20862086,4.20862086,130623466,606455861.02,,
2022-05-25,603993,4.27351149,4.40329275,4.25497131,4.36621239,164945018,772053411.74,,
2022-05-26,603993,4.37548248,4.43110302,4.28278158,4.41256284,124137916,585198730.22,,
2022-05-27,603993,4.42183293,4.47745347,4.37548248,4.40329275,124044626,592163156.93,,
2022-05-30,603993,4.40329275,4.44037311,4.37548248,4.39402266,83728900,397518298.82,,
2022-05-31,603993,4.39402266,4.42183293,4.3569423,4.42183293,98659840,468008313.14,,
2022-06-01,603993,4.39402266,4.4496432,4.37548248,4.43110302,89521659,425897068.47,,
2022-06-02,603993,4.41256284,4.49599365,4.39402266,4.48672356,100847308,486570912.04,,
2022-06-06,603993,4.5423441,4.69066554,4.50526374,4.67212536,186794359,930837574.04,,
2022-06-07,603993,4.65358518,4.69993563,4.61650482,4.67212536,109180224,547664357.14,,
2022-06-08,603993,4.68139545,4.80190662,4.59796464,4.79263653,195870259,996809498.46,,
2022-06-09,603993,4.81117671,5.13562986,4.81117671,4.99657851,379213552,2046419064.35,,
2022-06-10,603993,4.93168788,5.33957184,4.93168788,5.26541112,363165440,2013155714.43,,
2022-06-13,603993,5.25614103,5.42300265,5.21906067,5.30249148,378640528,2173291603.07,,
2022-06-14,603993,5.24687094,5.3766522,5.18198031,5.36738211,282956896,1610139235.52,,
2022-06-15,603993,5.36738211,5.48789328,5.20979058,5.39519238,356196208,2059078722.28,,
2022-06-16,603993,5.39519238,5.54351382,5.30249148,5.39519238,261006871,1521075162.82,,
2022-06-17,603993,5.39519238,5.68256517,5.31176157,5.66402499,506565424,3017692477.87,,
2022-06-20,603993,5.67329508,5.67329508,5.10781959,5.33957184,742212288,4274968022.34,,
2022-06-21,603993,5.24687094,5.31176157,5.07073923,5.2839513,368405856,2068231284.27,,
2022-06-22,603993,5.33030175,5.81234643,5.30249148,5.67329508,1159755376,7084461116.11,,
2022-06-23,603993,5.51570355,5.71037544,5.18198031,5.54351382,1018143792,5942356992.68,,
2022-06-24,603993,5.44154283,5.64548481,5.31176157,5.33030175,477982752,2786883867.41,,
2022-06-27,603993,5.24687094,5.61767454,5.1912504,5.54351382,588688656,3494227205.42,,
2022-06-28,603993,5.58059418,5.60840445,5.40446247,5.4693531,381802688,2247703131.12,,
2022-06-29,603993,5.43227274,5.49716337,5.29322139,5.30249148,339644064,1971483697.78,,
2022-06-30,603993,5.2839513,5.38592229,5.20979058,5.31176157,271837808,1558226234.41,,
2022-07-01,603993,5.3766522,5.3766522,5.24687094,5.29322139,209051129,1195287209.73,,
2022-07-04,603993,5.21906067,5.30249148,5.17271022,5.21906067,241418810,1360391911.87,,
2022-07-05,603993,5.22833076,5.31176157,5.10781959,5.20979058,244473065,1372594141.29,,
2022-07-06,603993,5.12635977,5.17271022,4.78336644,4.88533743,473866688,2528207812.42,,
2022-07-07,603993,4.92291712,5.10141984,4.90412736,5.04505056,230740834,1230087988.16,,
2022-07-08,603993,5.09202496,5.28931744,5.08263008,5.17657888,317966644,1762376060.12,,
2022-07-11,603993,5.13899936,5.15778912,4.95110176,4.98868128,220224770,1178664374.64,,
2022-07-12,603993,4.98868128,5.01686592,4.90412736,4.91352224,136722830,720557266.16,,
2022-07-13,603993,4.90412736,4.94170688,4.81017856,4.91352224,121022304,627778729.94,,
2022-07-14,603993,4.8853376,4.90412736,4.81017856,4.82896832,167711839,866170421.38,,
2022-07-15,603993,4.8383632,4.94170688,4.81957344,4.8383632,164652258,855076444.95,,
2022-07-18,603993,4.86654784,5.00747104,4.85715296,4.98868128,154955128,817581617.63,,
2022-07-19,603993,4.96989152,4.98868128,4.8853376,4.92291712,118096421,620284341.24,,
2022-07-20,603993,4.94170688,5.11081472,4.932312,5.11081472,197754515,1062082810.05,,
2022-07-21,603993,5.10141984,5.61813824,5.05444544,5.61813824,642966451,3754984620.0,,
2022-07-22,603993,5.3550816,5.43024064,5.17657888,5.22355328,650521826,3655372510.19,,
2022-07-25,603993,5.18597376,5.20476352,5.03565568,5.05444544,228091077,1238180463.43,,
2022-07-26,603993,5.06384032,5.18597376,5.01686592,5.13899936,159407909,870521134.42,,
2022-07-27,603993,5.1202096,5.2141584,5.08263008,5.18597376,132425595,726536130.22,,
2022-07-28,603993,5.22355328,5.22355328,5.12960448,5.14839424,140725876,772849549.61,,
2022-07-29,603993,5.12960448,5.14839424,5.05444544,5.06384032,145637793,788375116.96,,
2022-08-01,603993,5.01686592,5.1202096,4.86654784,5.11081472,154192170,823692955.57,,
2022-08-02,603993,5.03565568,5.03565568,4.8383632,4.90412736,186259526,974504826.0,,
2022-08-03,603993,4.89473248,4.9792864,4.8383632,4.85715296,116850971,610783175.5,,
2022-08-04,603993,4.89473248,4.932312,4.81957344,4.8853376,86663902,449272399.0,,
2022-08-05,603993,4.89473248,4.96049664,4.86654784,4.95110176,93708387,490976620.0,,
2022-08-08,603993,4.96989152,5.11081472,4.94170688,5.0262608,144101321,772385466.0,,
2022-08-09,603993,5.01686592,5.05444544,4.9792864,5.03565568,92152890,491889416.0,,
2022-08-10,603993,5.0732352,5.167184,5.00747104,5.04505056,146345180,791769149.0,,
2022-08-11,603993,5.06384032,5.09202496,4.9792864,5.08263008,145104900,778758346.0,,
2022-08-12,603993,5.0732352,5.167184,5.04505056,5.12960448,143504640,781911628.0,,
2022-08-15,603993,5.11081472,5.23294816,5.0732352,5.19536864,229685187,1264613832.02,,
2022-08-16,603993,5.17657888,5.18597376,5.05444544,5.08263008,173492799,940559387.14,,
2022-08-17,603993,5.05444544,5.09202496,4.95110176,4.99807616,160470462,852865058.65,,
2022-08-18,603993,4.94170688,4.98868128,4.89473248,4.94170688,118081899,620173792.41,,
2022-08-19,603993,4.91352224,4.96049664,4.91352224,4.92291712,98872588,519165514.54,,
2022-08-22,603993,4.95110176,5.03565568,4.932312,5.03565568,137579397,731116108.86,,
2022-08-23,603993,5.0262608,5.08263008,4.9792864,5.00747104,103082475,550008223.76,,
2022-08-24,603993,5.00747104,5.0732352,4.81957344,4.8383632,205248819,1073036606.53,,
2022-08-25,603993,4.8383632,4.91352224,4.80078368,4.90412736,112990880,583802830.48,,
2022-08-26,603993,4.90412736,4.95110176,4.86654784,4.87594272,94170972,491890383.89,,
2022-08-29,603993,4.80078368,4.8383632,4.7444144,4.82896832,86276081,441159685.26,,
2022-08-30,603993,4.8383632,4.8383632,4.75380928,4.78199392,90295828,459910268.61,,
2022-08-31,603993,4.75380928,4.76320416,4.6034912,4.62228096,163390370,812104485.9,,
2022-09-01,603993,4.62228096,4.67865024,4.58470144,4.63167584,70017255,346040424.99,,
2022-09-02,603993,4.64107072,4.65986048,4.58470144,4.6034912,74681094,365836198.97,,
2022-09-05,603993,4.6034912,4.6504656,4.56591168,4.6504656,72065089,353386943.65,,
2022-09-06,603993,4.65986048,4.75380928,4.6504656,4.7444144,92374079,463775967.84,,
2022-09-07,603993,4.72562464,4.81957344,4.71622976,4.81017856,89645954,457164969.91,,
2022-09-08,603993,4.80078368,4.8383632,4.77259904,4.80078368,75675653,387301643.11,,
2022-09-09,603993,4.82896832,4.92291712,4.80078368,4.86654784,96696018,501350872.33,,
2022-09-13,603993,4.91352224,4.96049664,4.8853376,4.90412736,121839958,638319905.61,,
2022-09-14,603993,4.82896832,4.87594272,4.78199392,4.81017856,90493082,464196085.32,,
2022-09-15,603993,4.81957344,4.86654784,4.6504656,4.70683488,114221559,576726063.33,,
2022-09-16,603993,4.71622976,4.72562464,4.5565168,4.5565168,114679173,562934147.52,,
2022-09-19,603993,4.56591168,4.58470144,4.45317312,4.49075264,69658724,335064350.52,,
2022-09-20,603993,4.50014752,4.66925536,4.49075264,4.6034912,76615891,374400490.54,,
2022-09-21,603993,4.59409632,4.62228096,4.53772704,4.6034912,55485137,270601882.64,,
2022-09-22,603993,4.5565168,4.64107072,4.5565168,4.59409632,59464685,291099895.64,,
2022-09-23,603993,4.6034912,4.61288608,4.51893728,4.54712192,67433493,327493407.32,,
2022-09-26,603993,4.5095424,4.53772704,4.39680384,4.40619872,88896016,422476013.44,,
2022-09-27,603993,4.42498848,4.462568,4.34982944,4.462568,71862079,336798736.53,,
2022-09-28,603993,4.44377824,4.44377824,4.2746704,4.2746704,79163589,366258037.67,,
2022-09-29,603993,4.3686192,4.50014752,4.34982944,4.43438336,127258327,601473423.15,,
2022-09-30,603993,4.43438336,4.5565168,4.40619872,4.43438336,110033197,525815867.84,,
2022-10-10,603993,4.43438336,4.462568,4.1807216,4.23709088,138128730,634815435.83,,
2022-10-11,603993,4.26527552,4.35922432,4.227696,4.28406528,81783145,372591172.61,,
2022-10-12,603993,4.227696,4.24648576,3.92705984,4.15253696,365006166,1579907266.2,,
2022-10-13,603993,4.0867728,4.1337472,4.0397984,4.05858816,189508531,822333520.6,,
2022-10-14,603993,4.10556256,4.20890624,4.07737792,4.19011648,254058906,1120821023.34,,
2022-10-17,603993,4.12435232,4.15253696,4.06798304,4.14314208,182923582,799854696.63,,
2022-10-18,603993,4.15253696,4.17132672,4.09616768,4.11495744,122621473,538462793.1,,
2022-10-19,603993,4.10556256,4.12435232,4.03040352,4.0397984,144447139,625435704.05,,
2022-10-20,603993,4.00221888,4.06798304,3.95524448,4.01161376,106344904,452616161.82,,
2022-10-21,603993,4.03040352,4.04919328,3.992824,4.00221888,79247958,339174274.66,,
2022-10-24,603993,4.03040352,4.06798304,3.88948032,3.8988752,162092044,685540802.51,,
2022-10-25,603993,3.8988752,4.00221888,3.8049264,3.96463936,134328921,560857528.23,,
2022-10-26,603993,3.9458496,4.00221888,3.92705984,3.97403424,94583527,399923070.72,,
2022-10-27,603993,4.00221888,4.0867728,3.992824,4.03040352,136793315,589861848.67,,
2022-10-28,603993,4.03040352,4.03040352,3.8988752,3.91766496,104022227,437345318.46,,
2022-10-31,603993,3.87069056,3.9458496,3.83311104,3.8988752,79782495,330161033.16,,
2022-11-01,603993,3.98342912,4.04919328,3.95524448,4.04919328,137188017,584453093.84,,
2022-11-02,603993,4.04919328,4.15253696,4.02100864,4.11495744,173465758,757677204.3,,
2022-11-03,603993,4.0867728,4.09616768,4.03040352,4.06798304,113552511,491739120.63,,
2022-11-04,603993,4.0867728,4.227696,4.06798304,4.20890624,204794950,908942031.85,,
2022-11-07,603993,4.3216448,4.42498848,4.30285504,4.38740896,303295377,1409520972.19,,
2022-11-08,603993,4.35922432,4.43438336,4.33103968,4.38740896,149283067,695791212.4,,
2022-11-09,603993,4.45317312,4.49075264,4.33103968,4.34043456,121866061,568429107.46,,
2022-11-10,603993,4.31224992,4.3216448,4.23709088,4.28406528,103855913,473486529.74,,
2022-11-11,603993,4.4155936,4.462568,4.3686192,4.39680384,177004983,830939988.1,,
2022-11-14,603993,4.44377824,4.51893728,4.37801408,4.4155936,197729520,936615337.29,,
2022-11-15,603993,4.4155936,4.45317312,4.34982944,4.45317312,118801401,557095680.55,,
2022-11-16,603993,4.45317312,4.6034912,4.4155936,4.52833216,178884646,860657664.53,,
2022-11-17,603993,4.49075264,4.5095424,4.4155936,4.462568,113811093,539388701.05,,
2022-11-18,603993,4.44377824,4.48135776,4.40619872,4.40619872,80550199,380418740.4,,
2022-11-21,603993,4.38740896,4.38740896,4.29346016,4.37801408,68776906,318504730.84,,
2022-11-22,603993,4.34043456,4.42498848,4.33103968,4.35922432,62991287,293121103.33,,
2022-11-23,603993,4.37801408,4.40619872,4.33103968,4.34982944,52488721,243772736.65,,
2022-11-24,603993,4.38740896,4.39680384,4.34982944,4.35922432,50658561,235596732.43,,
2022-11-25,603993,4.34982944,4.38740896,4.33103968,4.3686192,49057573,227691525.69,,
2022-11-28,603993,4.33103968,4.33103968,4.20890624,4.28406528,85769160,389227501.78,,
2022-11-29,603993,4.26527552,4.43438336,4.26527552,4.42498848,118690002,552671263.37,,
2022-11-30,603993,4.42498848,4.462568,4.37801408,4.37801408,78479167,367854722.03,,
2022-12-01,603993,4.44377824,4.51893728,4.44377824,4.45317312,130101996,620487542.63,,
2022-12-02,603993,4.44377824,4.462568,4.37801408,4.37801408,83911697,393861623.94,,
2022-12-05,603993,4.4155936,4.5565168,4.4155936,4.52833216,156176046,747854196.33,,
2022-12-06,603993,4.5095424,4.54712192,4.47196288,4.53772704,87087192,418491259.21,,
2022-12-07,603993,4.50014752,4.54712192,4.48135776,4.49075264,82604805,396097147.14,,
2022-12-08,603993,4.49075264,4.52833216,4.47196288,4.50014752,57850673,277091828.57,,
2022-12-09,603993,4.49075264,4.72562464,4.47196288,4.70683488,240132891,1184607992.04,,
2022-12-12,603993,4.67865024,4.67865024,4.58470144,4.6034912,123329540,608018623.73,,
2022-12-13,603993,4.59409632,4.72562464,4.59409632,4.6504656,104493800,519486906.62,,
2022-12-14,603993,4.6504656,4.70683488,4.58470144,4.59409632,81159290,399687659.1,,
2022-12-15,603993,4.57530656,4.6034912,4.49075264,4.53772704,84417384,406716229.36,,
2022-12-16,603993,4.48135776,4.52833216,4.462568,4.50014752,53063122,253717102.01,,
2022-12-19,603993,4.51893728,4.54712192,4.34982944,4.38740896,90722770,427608085.2,,
2022-12-20,603993,4.35922432,4.37801408,4.30285504,4.34043456,52366726,242160944.6,,
2022-12-21,603993,4.3686192,4.37801408,4.30285504,4.3216448,43124834,198934960.64,,
2022-12-22,603993,4.35922432,4.3686192,4.23709088,4.25588064,50279800,230342723.0,,
2022-12-23,603993,4.227696,4.28406528,4.20890624,4.26527552,36589745,165945206.3,,
2022-12-26,603993,4.2746704,4.28406528,4.227696,4.25588064,49072221,222140899.13,,
2022-12-27,603993,4.28406528,4.34982944,4.2746704,4.34043456,48942649,225028849.33,,
2022-12-28,603993,4.31224992,4.4155936,4.28406528,4.3686192,64500058,299488589.76,,
2022-12-29,603993,4.33103968,4.3686192,4.28406528,4.29346016,63129986,290036791.81,,
2022-12-30,603993,4.31224992,4.34043456,4.2746704,4.2746704,43416750,198767597.25,,
2023-01-03,603993,4.25588064,4.3686192,4.1337472,4.34982944,85900685,391788468.82,,
2023-01-04,603993,4.33103968,4.34982944,4.25588064,4.29346016,62433271,285857901.24,,
2023-01-05,603993,4.31224992,4.35922432,4.2746704,4.3216448,86127778,396167636.66,,
2023-01-06,603993,4.3216448,4.3686192,4.30285504,4.34043456,86318282,398272117.84,,
2023-01-09,603993,4.37801408,4.58470144,4.37801408,4.54712192,194703625,933340344.4,,
2023-01-10,603993,4.5565168,4.59409632,4.50014752,4.53772704,101041824,487411633.41,,
2023-01-11,603993,4.57530656,4.63167584,4.5565168,4.57530656,89552624,438039127.09,,
2023-01-12,603993,4.65986048,4.75380928,4.6034912,4.62228096,157401353,782776513.41,,
2023-01-13,603993,4.67865024,4.69744,4.5565168,4.58470144,103548496,507058685.4,,
2023-01-16,603993,4.59409632,4.6504656,4.57530656,4.58470144,114331306,561018259.76,,
2023-01-17,603993,4.56591168,4.58470144,4.52833216,4.5565168,66518342,322297685.89,,
2023-01-18,603993,4.57530656,4.70683488,4.57530656,4.68804512,140504500,698029026.44,,
2023-01-19,603993,4.65986048,4.73501952,4.6504656,4.73501952,81713135,409158263.28,,
2023-01-20,603993,4.7444144,4.85715296,4.73501952,4.81957344,118447674,605747955.65,,
2023-01-30,603993,4.98868128,5.28931744,4.96989152,5.167184,460985197,2516341772.21,,
2023-01-31,603993,5.18597376,5.39266112,5.15778912,5.32689696,381058634,2159730919.34,,
2023-02-01,603993,5.33629184,5.7308768,5.33629184,5.64632288,473375191,2819949204.02,,
2023-02-02,603993,5.59934848,5.61813824,5.43963552,5.56176896,289691100,1705045051.12,,
2023-02-03,603993,5.4960048,5.56176896,5.402056,5.53358432,217296270,1264892689.95,,
2023-02-06,603993,5.4490304,5.4490304,5.2611328,5.36447648,202855353,1155044351.96,,
2023-02-07,603993,5.39266112,5.60874336,5.31750208,5.53358432,205012233,1196266935.78,,
2023-02-08,603993,5.51479456,5.636928,5.4490304,5.47721504,168991921,993847016.28,,
2023-02-09,603993,5.4490304,5.52418944,5.402056,5.48660992,112410906,654726980.21,,
2023-02-10,603993,5.48660992,5.51479456,5.38326624,5.41145088,116460104,673645078.5,,
2023-02-13,603993,5.38326624,5.47721504,5.36447648,5.39266112,131204666,756343125.66,,
2023-02-14,603993,5.4490304,5.6839024,5.43963552,5.57116384,321395127,1912343884.47,,
2023-02-15,603993,5.55237408,5.71208704,5.5429792,5.55237408,168729321,1007450112.1,,
2023-02-16,603993,5.48660992,5.57116384,5.3550816,5.42084576,150743683,878095343.19,,
2023-02-17,603993,5.47721504,5.60874336,5.47721504,5.47721504,150741215,888297535.17,,
2023-02-20,603993,5.45842528,5.66511264,5.43024064,5.61813824,216026218,1280106084.14,,
2023-02-21,603993,5.61813824,5.90937952,5.5899536,5.80603584,389307713,2396644699.61,,
2023-02-22,603993,5.75906144,5.83422048,5.70269216,5.76845632,141071950,867941017.7,,
2023-02-23,603993,5.79664096,5.85301024,5.70269216,5.79664096,147268694,904600802.03,,
2023-02-24,603993,5.74027168,5.75906144,5.5899536,5.62753312,166313269,1000424506.11,,
2023-02-27,603993,5.55237408,5.62753312,5.45842528,5.51479456,143274370,844312992.02,,
2023-02-28,603993,5.55237408,5.5899536,5.47721504,5.5429792,92351782,543744343.87,,
2023-03-01,603993,5.56176896,5.70269216,5.53358432,5.69329728,140681325,845529948.84,,
2023-03-02,603993,5.71208704,5.79664096,5.66511264,5.72148192,134566356,823058182.21,,
2023-03-03,603993,5.74027168,5.74027168,5.5429792,5.61813824,129284650,770661427.24,,
2023-03-06,603993,5.5899536,5.69329728,5.50539968,5.67450752,126567338,754926063.36,,
2023-03-07,603993,5.66511264,5.78724608,5.59934848,5.60874336,107971562,653429137.8,,
2023-03-08,603993,5.4960048,5.636928,5.47721504,5.60874336,93666852,554027550.49,,
2023-03-09,603993,5.7308768,5.74966656,5.57116384,5.62753312,106636272,641790173.71,,
2023-03-10,603993,5.5429792,5.5899536,5.51479456,5.51479456,66975915,395503719.25,,
2023-03-13,603993,5.51479456,5.61813824,5.47721504,5.56176896,100799850,595554294.05,,
2023-03-14,603993,5.5899536,5.62753312,5.42084576,5.47721504,98411489,575712987.66,,
2023-03-15,603993,5.4960048,5.55237408,5.47721504,5.48660992,50893445,298205370.44,,
2023-03-16,603993,5.42084576,5.42084576,5.01686592,5.05444544,316160247,1739060736.1,,
2023-03-17,603993,5.09202496,5.167184,5.00747104,5.04505056,224037196,1214321733.71,,
2023-03-20,603993,5.04505056,5.18597376,4.98868128,5.0262608,197837992,1068633513.5,,
2023-03-21,603993,5.0732352,5.42084576,5.05444544,5.3550816,256461755,1436019313.3,,
2023-03-22,603993,5.3550816,5.48660992,5.33629184,5.46782016,159908755,923271192.45,,
2023-03-23,603993,5.46782016,5.51479456,5.42084576,5.48660992,81800909,476782670.58,,
2023-03-24,603993,5.47721504,5.56176896,5.4490304,5.53358432,108976506,640792075.25,,
2023-03-27,603993,5.55237408,5.5899536,5.47721504,5.56176896,94352810,556540888.0,,
2023-03-28,603993,5.55237408,5.636928,5.50539968,5.53358432,85314188,505078154.83,,
2023-03-29,603993,5.53358432,5.60874336,5.53358432,5.57116384,74231566,440328672.22,,
2023-03-30,603993,5.58055872,5.5899536,5.46782016,5.57116384,79507101,467302721.0,,
2023-03-31,603993,5.57116384,5.69329728,5.55237408,5.62753312,120373801,722668435.55,,
2023-04-03,603993,5.62753312,5.636928,5.48660992,5.55237408,143878399,849731321.6,,
2023-04-04,603993,5.53358432,5.5899536,5.4960048,5.58055872,95067459,561713760.24,,
2023-04-06,603993,5.58055872,5.61813824,5.51479456,5.60874336,91654776,543163011.95,,
2023-04-07,603993,5.60874336,5.72148192,5.50539968,5.53358432,121177645,724766072.26,,
2023-04-10,603993,5.55237408,5.66511264,5.53358432,5.5899536,110168553,656994742.09,,
2023-04-11,603993,5.60874336,5.7778512,5.56176896,5.74966656,202471670,1227536769.35,,
2023-04-12,603993,5.7778512,5.86240512,5.74027168,5.79664096,137231971,847600216.98,,
2023-04-13,603993,5.79664096,5.86240512,5.7308768,5.7778512,107268534,661835503.79,,
2023-04-14,603993,5.84361536,6.03151296,5.83422048,6.02211808,236915899,1499521634.97,,
2023-04-17,603993,5.97514368,6.02211808,5.81543072,5.9657488,219562274,1387405217.76,,
2023-04-18,603993,5.92816928,6.00332832,5.85301024,5.94695904,110708512,699544574.42,,
2023-04-19,603993,6.3885184,6.53883648,6.341544,6.50125696,512130665,3544655324.66,,
2023-04-20,603993,6.49186208,6.52004672,6.21941056,6.30396448,287381246,1933725292.56,,
2023-04-21,603993,6.36972864,6.40730816,6.18183104,6.19122592,143645777,959305939.56,,
2023-04-24,603993,6.17243616,6.18183104,5.8248256,5.88119488,234596619,1486502365.95,,
2023-04-25,603993,5.92816928,5.98453856,5.71208704,5.80603584,147623697,913628201.27,,
2023-04-26,603993,5.74027168,5.79664096,5.636928,5.70269216,151302639,918507617.19,,
2023-04-27,603993,5.65571776,5.66511264,5.46782016,5.53358432,175998704,1037982741.75,,
2023-04-28,603993,5.56176896,5.6839024,5.55237408,5.59934848,170164300,1017351700.0,,
2023-05-04,603993,5.52418944,5.52418944,5.31750208,5.3550816,280601112,1615064786.4,,
2023-05-05,603993,5.36447648,5.4490304,5.25173792,5.27992256,164903822,932505899.17,,
2023-05-08,603993,5.3550816,5.65571776,5.33629184,5.4960048,215692247,1269828548.0,,
2023-05-09,603993,5.50539968,5.67450752,5.48660992,5.50539968,167395708,994217888.97,,
2023-05-10,603993,5.4960048,5.56176896,5.43024064,5.45842528,106391329,619646901.53,,
2023-05-11,603993,5.43963552,5.45842528,5.28931744,5.31750208,143391045,815941929.54,,
2023-05-12,603993,5.23294816,5.24234304,4.94170688,4.9792864,285850413,1533634780.52,,
2023-05-15,603993,4.96989152,5.15778912,4.96989152,5.12960448,115223010,620676868.65,,
2023-05-16,603993,5.12960448,5.15778912,5.0732352,5.09202496,69270071,377034070.76,,
2023-05-17,603993,5.0262608,5.08263008,4.98868128,5.0262608,84996568,454786852.89,,
2023-05-18,603993,5.11081472,5.15778912,5.04505056,5.0732352,74783152,406429341.32,,
2023-05-19,603993,5.0262608,5.04505056,4.96989152,5.01686592,70738398,376595437.36,,
2023-05-22,603993,5.01686592,5.05444544,4.9792864,5.0262608,59397402,317008687.68,,
2023-05-23,603993,5.00747104,5.0262608,4.92291712,4.92291712,78371807,413507833.44,,
2023-05-24,603993,4.89473248,4.98868128,4.84775808,4.932312,70000581,366765522.39,,
2023-05-25,603993,4.8853376,4.90412736,4.7913888,4.84775808,81432801,419496650.15,,
2023-05-26,603993,4.85715296,4.932312,4.81957344,4.932312,49755097,258575516.41,,
2023-05-29,603993,4.96049664,4.9792864,4.90412736,4.932312,49279453,258718343.37,,
2023-05-30,603993,4.95110176,4.96049664,4.85715296,4.932312,49353800,257974329.0,,
2023-05-31,603993,4.91352224,4.932312,4.85715296,4.92291712,60922146,317467175.44,,
2023-06-01,603993,4.92291712,5.0262608,4.85715296,4.96989152,96922325,513102829.62,,
2023-06-02,603993,5.00747104,5.15778912,5.00747104,5.13899936,153850761,837772623.49,,
2023-06-05,603993,5.13899936,5.14839424,5.06384032,5.11081472,68290060,371111167.96,,
2023-06-06,603993,5.12960448,5.19536864,5.04505056,5.05444544,90122989,491924375.39,,
2023-06-07,603993,5.0732352,5.15778912,5.01686592,5.06384032,62668942,338668323.85,,
2023-06-08,603993,5.04505056,5.13899936,5.03565568,5.08263008,51736993,279731504.15,,
2023-06-09,603993,5.1202096,5.12960448,5.06384032,5.0732352,67805147,367313309.83,,
2023-06-12,603993,5.0732352,5.08263008,4.9792864,5.06384032,92156517,493991637.75,,
2023-06-13,603993,5.04505056,5.05444544,5.00747104,5.04505056,51938528,278132483.42,,
2023-06-14,603993,5.11081472,5.28931744,5.10141984,5.17657888,227843795,1260222047.44,,
2023-06-15,603993,5.15778912,5.2611328,5.05444544,5.24234304,163493342,898807900.99,,
2023-06-16,603993,5.24234304,5.32689696,5.20476352,5.31750208,144411193,814065008.78,,
2023-06-19,603993,5.3081072,5.32689696,5.1202096,5.15778912,138185557,760978120.49,,
2023-06-20,603993,5.15778912,5.23294816,5.11081472,5.18597376,81937501,451448666.86,,
2023-06-21,603993,5.167184,5.19536864,5.00747104,5.01686592,105839591,572180685.01,,
2023-06-26,603993,4.99807616,5.04505056,4.90412736,4.94170688,61122306,323362329.12,,
2023-06-27,603993,4.932312,5.09202496,4.86654784,5.05444544,109352162,579253224.85,,
2023-06-28,603993,5.03565568,5.09202496,4.98868128,5.04505056,69543429,373006074.25,,
2023-06-29,603993,5.03565568,5.06384032,4.9792864,4.98868128,77866876,415151858.06,,
2023-06-30,603993,4.96989152,5.05444544,4.96049664,5.00747104,56449978,301145789.67,,
2023-07-03,603993,5.04505056,5.23294816,5.0262608,5.22355328,153349673,847248720.89,,
2023-07-04,603993,5.25173792,5.32689696,5.14839424,5.19536864,79645997,440269733.99,,
2023-07-05,603993,5.167184,5.31750208,5.15778912,5.2611328,126017714,705888545.15,,
2023-07-06,603993,5.2611328,5.27052768,5.14839424,5.17657888,84257615,464774465.2,,
2023-07-07,603993,5.1670486,5.1861152,5.0812489,5.147982,70718937,380424727.43,,
2023-07-10,603993,5.1765819,5.2528483,5.1670486,5.2147151,68901285,376326724.87,,
2023-07-11,603993,5.2147151,5.2814482,5.1575153,5.2719149,75914485,416765832.55,,
2023-07-12,603993,5.2719149,5.3195814,5.243315,5.2623816,87511855,484808373.45,,
2023-07-13,603993,5.3672479,5.5769805,5.3481813,5.529314,232719092,1341426182.31,,
2023-07-14,603993,5.6055804,5.6913801,5.5388473,5.5674472,138070994,809653568.09,,
2023-07-17,603993,5.4244477,5.6055804,5.3672479,5.4911808,116316786,669224766.49,,
2023-07-18,603993,5.4721142,5.5388473,5.4435143,5.4816475,70198497,403950431.7,,
2023-07-19,603993,5.5865138,5.6341803,5.5197807,5.5769805,133444098,779651411.58,,
2023-07-20,603993,5.5769805,5.6627802,5.5388473,5.5769805,120384139,709824791.64,,
2023-07-21,603993,5.5769805,5.6151137,5.4816475,5.5388473,74056385,430893998.42,,
2023-07-24,603993,5.5579139,5.5674472,5.4625809,5.4816475,57231416,330204294.84,,
2023-07-25,603993,5.6055804,5.8629795,5.6055804,5.7009134,147093905,878770342.72,,
2023-07-26,603993,5.7295133,5.7962464,5.6723135,5.7485799,85982783,517926814.52,,
2023-07-27,603993,5.7485799,5.7581132,5.6341803,5.6437136,76854829,458047160.12,,
2023-07-28,603993,5.5960471,5.7581132,5.5674472,5.7485799,100883637,603075442.52,,
2023-07-31,603993,5.8343796,5.9869124,5.7962464,5.8820461,157418281,975153032.63,,
2023-08-01,603993,5.9964457,6.1775784,5.9201793,5.9583125,174587104,1107459439.2,,
2023-08-02,603993,5.9201793,5.9392459,5.8439129,5.8725128,79832416,492903439.61,,
2023-08-03,603993,5.815313,5.8534462,5.7485799,5.815313,107166151,651916227.17,,
2023-08-04,603993,5.9011127,6.0155123,5.7867131,5.815313,128975374,796167818.84,,
2023-08-07,603993,5.8057797,5.8439129,5.7485799,5.8248463,50832633,309465875.66,,
2023-08-08,603993,5.8248463,5.9011127,5.7390466,5.8534462,81744656,500365830.02,,
2023-08-09,603993,5.8057797,5.8629795,5.7962464,5.8439129,43658383,267076715.96,,
2023-08-10,603993,5.8343796,5.8725128,5.7676465,5.8057797,52436217,319389300.21,,
2023-08-11,603993,5.8057797,5.8439129,5.6437136,5.6723135,91154932,546369372.41,,
2023-08-14,603993,5.6055804,5.6341803,5.5007141,5.5960471,82969812,485118057.96,,
2023-08-15,603993,5.6055804,5.6437136,5.4721142,5.5674472,62176455,361964933.88,,
2023-08-16,603993,5.4911808,5.5865138,5.4911808,5.5197807,41325250,240366599.09,,
2023-08-17,603993,5.4625809,5.529314,5.4053811,5.529314,64707258,371023837.4,,
2023-08-18,603993,5.5674472,5.5674472,5.4053811,5.4053811,53426459,306819978.9,,
2023-08-21,603993,5.3958478,5.4721142,5.3672479,5.3767812,54594627,310328039.83,,
2023-08-22,603993,5.4244477,5.6055804,5.4149144,5.5483806,113643123,656414829.46,,
2023-08-23,603993,5.5579139,5.5579139,5.4244477,5.4244477,86142882,494249352.92,,
2023-08-24,603993,5.5102474,5.6723135,5.5007141,5.5769805,110831201,649421604.96,,
2023-08-25,603993,5.529314,5.5960471,5.4816475,5.529314,86689695,502732688.45,,
2023-08-28,603993,5.7676465,5.8057797,5.433981,5.4625809,142741803,832624885.44,,
2023-08-29,603993,5.4911808,5.5674472,5.3672479,5.5007141,112462975,646053697.24,,
2023-08-30,603993,5.5197807,5.5865138,5.4911808,5.5102474,81948436,475622725.5,,
2023-08-31,603993,5.5197807,5.5865138,5.4530476,5.4625809,59730053,344339398.03,,
2023-09-01,603993,5.4721142,5.7581132,5.4721142,5.6627802,132265513,783392504.61,,
2023-09-04,603993,5.815313,5.9392459,5.7771798,5.8820461,189321542,1163665678.19,,
2023-09-05,603993,5.8629795,5.910646,5.8057797,5.8915794,77982802,479943324.36,,
2023-09-06,603993,6.005979,6.0536455,5.8439129,5.9583125,127751696,798252428.79,,
2023-09-07,603993,5.9678458,5.9869124,5.8534462,5.8725128,76994695,476410346.72,,
2023-09-08,603993,5.8534462,5.8629795,5.7867131,5.7962464,38085829,232098119.57,,
2023-09-11,603993,5.815313,5.9583125,5.8057797,5.9011127,90831844,563051253.15,,
2023-09-12,603993,5.9297126,5.9964457,5.8725128,5.8820461,69256748,431937214.48,,
2023-09-13,603993,5.8820461,5.910646,5.8057797,5.8629795,58885203,361657872.33,,
2023-09-14,603993,5.8915794,5.9869124,5.8629795,5.9678458,107123390,666662973.72,,
2023-09-15,603993,6.0822454,6.1394452,5.9964457,6.0536455,153355937,978557974.7,,
2023-09-18,603993,6.0536455,6.0822454,5.9011127,5.9583125,86258060,539179005.77,,
2023-09-19,603993,5.9392459,6.0155123,5.9011127,6.005979,71675879,449766503.86,,
2023-09-20,603993,5.9773791,6.005979,5.9201793,5.9392459,45180508,282058326.56,,
2023-09-21,603993,5.9011127,5.9392459,5.8248463,5.8534462,71167572,437775784.09,,
2023-09-22,603993,5.7962464,5.8629795,5.7581132,5.8057797,96707918,587816895.47,,
2023-09-25,603993,5.815313,5.8439129,5.7771798,5.7962464,50229807,305920404.8,,
2023-09-26,603993,5.8057797,5.8725128,5.7676465,5.7962464,44899104,273600321.42,,
2023-09-27,603993,5.7867131,5.8057797,5.6913801,5.7295133,84681995,509452380.17,,
2023-09-28,603993,5.7295133,5.7676465,5.5769805,5.6341803,98714031,584343888.38,,
2023-10-09,603993,5.6055804,5.7104467,5.5102474,5.7009134,78141057,461332347.34,,
2023-10-10,603993,5.7009134,5.71998,5.5960471,5.6151137,58019500,343760137.0,,
2023-10-11,603993,5.6437136,5.6532469,5.5388473,5.5674472,76237662,446244098.62,,
2023-10-12,603993,5.5960471,5.6913801,5.5960471,5.6341803,74411233,440439532.91,,
2023-10-13,603993,5.5960471,5.5960471,5.5007141,5.5102474,57296189,332256936.42,,
2023-10-16,603993,5.5197807,5.5579139,5.4911808,5.5102474,55092828,318788188.31,,
2023-10-17,603993,5.5102474,5.5388473,5.4625809,5.4721142,56937242,328094515.11,,
2023-10-18,603993,5.4816475,5.4816475,5.3481813,5.3577146,74862754,424057316.85,,
2023-10-19,603993,5.3195814,5.338648,5.2528483,5.2623816,65744367,364839330.24,,
2023-10-20,603993,5.243315,5.2909815,5.1003155,5.1289154,111611115,604355925.04,,
2023-10-23,603993,5.1098488,5.1098488,4.8715163,4.9096495,107268826,558826259.92,,
2023-10-24,603993,4.957316,5.0812489,4.957316,5.0621823,107384991,565404394.33,,
2023-10-25,603993,5.2147151,5.243315,5.0907822,5.0907822,100426245,543442661.74,,
2023-10-26,603993,5.052649,5.1193821,4.9954492,5.1003155,81040774,430085750.52,,
2023-10-27,603993,5.0907822,5.2051818,5.0145158,5.1765819,94630249,511906632.06,,
2023-10-30,603993,5.2147151,5.3958478,5.1861152,5.3577146,155464018,869679041.62,,
2023-10-31,603993,5.338648,5.338648,5.2147151,5.2814482,83881755,463325620.82,,
2023-11-01,603993,5.2719149,5.2814482,5.1765819,5.1765819,78744625,429806416.03,,
2023-11-02,603993,5.2051818,5.2719149,5.1193821,5.1193821,69415552,376097052.57,,
2023-11-03,603993,5.147982,5.2147151,5.1384487,5.1575153,69350737,375831459.87,,
2023-11-06,603993,5.1765819,5.2242484,5.0240491,5.0621823,179804289,957429148.36,,
2023-11-07,603993,5.0621823,5.0621823,4.9859159,5.0240491,95329732,501328895.22,,
2023-11-08,603993,5.0049825,5.0145158,4.9096495,4.9382494,118961905,617804033.99,,
2023-11-09,603993,4.9001162,4.9763826,4.8810496,4.957316,103142624,534655363.99,,
2023-11-10,603993,4.9382494,4.9382494,4.8810496,4.9096495,68403388,351634968.06,,
2023-11-13,603993,4.9287161,4.9954492,4.9096495,4.9859159,81269718,422161229.6,,
2023-11-14,603993,4.9859159,5.0049825,4.9287161,4.9763826,69463628,361868980.25,,
2023-11-15,603993,5.0240491,5.1289154,5.0145158,5.1193821,159687254,851130998.5,,
2023-11-16,603993,5.1098488,5.1098488,4.9954492,5.0145158,78478807,413988289.45,,
2023-11-17,603993,5.0145158,5.0145158,4.957316,5.0049825,49686496,259554873.2,,
2023-11-20,603993,4.9954492,5.052649,4.9477827,5.052649,71981027,378457569.57,,
2023-11-21,603993,5.0907822,5.2242484,5.0812489,5.1098488,141509760,764366967.01,,
2023-11-22,603993,5.1098488,5.147982,5.052649,5.052649,67089300,358160697.0,,
2023-11-23,603993,5.0431157,5.0812489,5.0049825,5.0717156,49929607,263774030.49,,
2023-11-24,603993,5.0621823,5.0812489,5.0049825,5.0335824,46957479,248013020.91,,
2023-11-27,603993,5.0145158,5.0335824,4.957316,5.0049825,58393876,305900736.5,,
2023-11-28,603993,5.0145158,5.0145158,4.9477827,5.0049825,58444624,304702471.08,,
2023-11-29,603993,5.0240491,5.0621823,4.9859159,5.0049825,59282608,312323112.03,,
2023-11-30,603993,4.9954492,4.9954492,4.9382494,4.9668493,51613723,268837502.97,,
2023-12-01,603993,4.9668493,5.0431157,4.957316,5.0335824,79015644,414707217.78,,
2023-12-04,603993,5.0907822,5.1956485,4.9191828,4.9287161,248721430,1322849550.86,,
2023-12-05,603993,4.7952499,4.8810496,4.671317,4.7094502,200452925,1000325690.89,,
2023-12-06,603993,4.6903836,4.8333831,4.6808503,4.7857166,107714253,540222422.29,,
2023-12-07,603993,4.7857166,4.7952499,4.6903836,4.7189835,85553533,424003909.43,,
2023-12-08,603993,4.7380501,4.7571167,4.6617837,4.671317,80208860,395401884.98,,
2023-12-11,603993,4.6522504,4.671317,4.5569174,4.6331838,144481491,698836909.19,,
2023-12-12,603993,4.6141172,4.6331838,4.5378508,4.6141172,118973896,572101269.84,,
2023-12-13,603993,4.5855173,4.6045839,4.4901843,4.4997176,109200713,520277732.24,,
2023-12-14,603993,4.5473841,4.575984,4.4901843,4.4901843,89086328,422930073.88,,
2023-12-15,603993,4.5378508,4.6236505,4.5283175,4.5473841,129866965,624427811.33,,
2023-12-18,603993,4.5187842,4.5378508,4.4234512,4.4425178,85424644,400502139.63,,
2023-12-19,603993,4.4425178,4.480651,4.3948513,4.4615844,65434927,305265147.9,,
2023-12-20,603993,4.480651,4.5569174,4.4711177,4.4901843,113137997,536218018.39,,
2023-12-21,603993,4.4615844,4.6236505,4.4329845,4.6141172,119971819,573067316.17,,
2023-12-22,603993,4.6141172,4.7380501,4.575984,4.671317,121004616,592589939.69,,
2023-12-25,603993,4.671317,4.7189835,4.6427171,4.6999169,76115676,373549543.97,,
2023-12-26,603993,4.6999169,4.7094502,4.6617837,4.6903836,56692336,278576405.28,,
2023-12-27,603993,4.6808503,4.8810496,4.6808503,4.8429164,151966596,765831346.53,,
2023-12-28,603993,4.8715163,5.0049825,4.861983,4.9191828,163415379,846612481.85,,
2023-12-29,603993,4.8905829,4.9763826,4.8905829,4.957316,98730274,511751072.73,,
2024-01-02,603993,4.9668493,5.1003155,4.957316,5.0431157,129976159,687708427.3,,
2024-01-03,603993,5.0335824,5.0335824,4.9668493,5.0049825,96315778,505480222.57,,
2024-01-04,603993,4.9859159,5.0335824,4.9191828,4.957316,97638556,508672640.47,,
2024-01-05,603993,5.052649,5.1861152,4.9859159,5.0240491,190577616,1014811282.46,,
2024-01-08,603993,5.0717156,5.1670486,5.0049825,5.0717156,172496680,921390894.58,,
2024-01-09,603993,5.052649,5.1289154,4.9859159,5.1003155,140940259,748384275.35,,
2024-01-10,603993,5.0717156,5.147982,5.0335824,5.0431157,99681334,530871654.69,,
2024-01-11,603993,5.052649,5.0717156,5.0145158,5.0431157,90585419,479061556.66,,
2024-01-12,603993,5.0240491,5.1003155,4.9954492,5.0717156,88511963,470364492.63,,
2024-01-15,603993,5.052649,5.1098488,4.9954492,5.0907822,94055364,499543883.83,,
2024-01-16,603993,5.0812489,5.1861152,5.0717156,5.1003155,113060535,606260309.94,,
2024-01-17,603993,5.1193821,5.1384487,4.9859159,4.9859159,83154914,440819390.0,,
2024-01-18,603993,4.9477827,5.0431157,4.8238498,4.9954492,145749076,751879480.96,,
2024-01-19,603993,4.9668493,4.9763826,4.8905829,4.9477827,91823363,475279173.81,,
2024-01-22,603993,4.9382494,4.9477827,4.7380501,4.7857166,112419417,573231367.79,,
2024-01-23,603993,4.76665,4.8905829,4.671317,4.8524497,89433637,449449323.51,,
2024-01-24,603993,4.8715163,5.0049825,4.8333831,4.9763826,106844905,551046891.25,,
2024-01-25,603993,5.0049825,5.1765819,4.957316,5.1670486,129202914,693110355.25,,
2024-01-26,603993,5.1670486,5.3195814,5.1289154,5.243315,171605324,945329598.56,,
2024-01-29,603993,5.2337817,5.2814482,5.1861152,5.2242484,91574800,502721097.9,,
2024-01-30,603993,5.1861152,5.2719149,5.1575153,5.1765819,86226011,471949628.99,,
2024-01-31,603993,5.147982,5.2242484,5.0907822,5.1193821,93179095,503883143.89,,
2024-02-01,603993,5.0907822,5.2623816,5.0717156,5.2147151,105424023,574263357.39,,
2024-02-02,603993,5.2147151,5.3100481,4.9954492,5.1765819,127690419,695999897.86,,
2024-02-05,603993,5.1289154,5.2719149,5.0621823,5.2147151,149376030,811775256.23,,
2024-02-06,603993,5.1765819,5.3577146,5.1765819,5.3291147,114029664,634321590.9,,
2024-02-07,603993,5.338648,5.3863145,5.2528483,5.3100481,143694068,797866961.33,,
2024-02-08,603993,5.3291147,5.4149144,5.2814482,5.4149144,142160659,797652303.15,,
2024-02-19,603993,5.4244477,5.7104467,5.3863145,5.6913801,177275440,1039255412.6,,
2024-02-20,603993,5.6627802,5.8248463,5.5865138,5.7485799,127024403,765857429.63,,
2024-02-21,603993,5.7104467,5.8343796,5.7009134,5.71998,97717222,592314308.4,,
2024-02-22,603993,5.7009134,5.8629795,5.6723135,5.8534462,109253640,662074366.5,,
2024-02-23,603993,5.8534462,6.0822454,5.8057797,6.0536455,150005205,943851152.02,,
2024-02-26,603993,6.0250456,6.1108453,5.8343796,5.8439129,119735121,746064843.14,,
2024-02-27,603993,5.815313,5.9011127,5.7676465,5.8343796,128353371,785097108.64,,
2024-02-28,603993,5.8343796,5.8439129,5.7295133,5.7295133,127251864,770630814.5,,
2024-02-29,603993,5.7009134,5.8725128,5.6913801,5.8629795,106471283,648854776.06,,
2024-03-01,603993,5.8534462,5.9773791,5.8248463,5.9392459,96091355,595302525.85,,
2024-03-04,603993,5.9964457,6.0631788,5.9487792,5.9869124,107240355,674439313.37,,
2024-03-05,603993,5.9869124,6.0727121,5.9678458,6.0441122,108749025,688445621.66,,
2024-03-06,603993,6.0345789,6.1489785,5.9869124,6.0631788,97088848,619945529.52,,
2024-03-07,603993,6.0727121,6.5112439,6.0727121,6.3110446,199225955,1331063207.52,,
2024-03-08,603993,6.4349775,6.4921773,6.2824447,6.4349775,132833560,890236440.38,,
2024-03-11,603993,6.4063776,6.5207772,6.3396445,6.4540441,128603695,866795977.36,,
2024-03-12,603993,6.4349775,6.4349775,6.0536455,6.101312,188338251,1225177106.69,,
2024-03-13,603993,6.291978,6.6256435,6.2538448,6.482644,336433284,2272599092.64,,
2024-03-14,603993,6.8067762,7.0069755,6.7400431,6.8544427,298252886,2150560054.74,,
2024-03-15,603993,6.8544427,7.3883075,6.7781763,7.3787742,298426516,2227686621.63,,
2024-03-18,603993,7.4073741,7.5980401,7.1976415,7.4550406,313895296,2442766718.57,,
2024-03-19,603993,7.3883075,7.5408403,7.2929745,7.3311077,214742376,1669882017.57,,
2024-03-20,603993,7.2357747,7.3978408,7.1023085,7.2357747,218261408,1654482429.3,,
2024-03-21,603993,7.3978408,7.4645739,7.2834412,7.3787742,187498143,1452016403.35,,
2024-03-22,603993,7.2643746,7.2929745,7.054642,7.1309084,182397003,1367331076.97,,
2024-03-25,603993,7.2548413,7.6075734,7.2262414,7.4550406,256779434,2002809910.23,,
2024-03-26,603993,7.4741072,7.6075734,7.3120411,7.4169074,181115823,1410152036.0,,
2024-03-27,603993,7.3787742,7.6743065,7.3311077,7.5217737,218095682,1725960171.75,,
2024-03-28,603993,7.4836405,7.8935724,7.4455073,7.7887061,205676591,1668726333.39,,
2024-03-29,603993,7.8459059,8.0556385,7.7410396,7.9317056,232538163,1923835697.0,,
2024-04-01,603993,8.103305,8.2081713,7.7410396,7.8649725,250429585,2086664022.73,,
2024-04-02,603993,7.8363726,8.0556385,7.817306,7.9507722,175102517,1458568221.6,,
2024-04-03,603993,8.0175053,8.389304,8.0175053,8.3321042,300723882,2595618329.27,,
2024-04-08,603993,8.3416375,8.7229695,8.0651718,8.2367712,400144740,3539439670.42,,
2024-04-09,603993,8.2558378,8.3511708,8.007972,8.0842384,243920176,2081803122.61,,
2024-04-10,603993,8.1414382,8.4369705,8.0842384,8.3321042,241845979,2094938860.34,,
2024-04-11,603993,8.103305,8.6467031,8.0556385,8.293971,260258868,2268028726.33,,
2024-04-12,603993,8.293971,8.6562364,8.2367712,8.5418368,241040953,2137318785.24,,
2024-04-15,603993,8.3797707,8.7420361,8.2367712,8.7325028,224342390,1994182567.66,,
2024-04-16,603993,8.6562364,8.9231688,8.3607041,8.4369705,241153756,2191450916.16,,
2024-04-17,603993,8.389304,8.6276365,8.2177046,8.6181032,219150448,1938100485.61,,
2024-04-18,603993,8.5513701,9.0280351,8.4751037,9.0280351,253814377,2330649155.08,,
2024-04-19,603993,9.0280351,9.3617006,8.865969,9.0375684,226958643,2158917584.26,,
2024-04-22,603993,9.1805679,9.4093671,8.7229695,8.7611027,236543347,2242142937.29,,
2024-04-23,603993,8.57997,8.6371698,8.1605048,8.198638,373832547,3265572685.25,,
2024-04-24,603993,8.1605048,8.4655704,8.1605048,8.4369705,211443228,1851119449.31,,
2024-04-25,603993,8.3607041,8.4655704,8.2558378,8.4560371,152207825,1337951288.35,,
2024-04-26,603993,8.5513701,8.9327021,8.4560371,8.8469024,287525937,2615651536.4,,
2024-04-29,603993,8.7134362,8.7897026,8.4083706,8.5895033,271958703,2445479677.48,,
2024-04-30,603993,8.675303,8.7992359,8.3988373,8.5609034,276173717,2494883468.98,,
2024-05-06,603993,8.3702374,8.4369705,8.103305,8.4179039,313827520,2720565831.75,,
2024-05-07,603993,8.4560371,8.7229695,8.3797707,8.4179039,239033159,2143518956.87,,
2024-05-08,603993,8.3511708,8.5704367,8.198638,8.4179039,190674443,1674154344.43,,
2024-05-09,603993,8.3797707,8.7039029,8.3416375,8.6181032,194546618,1749647543.08,,
2024-05-10,603993,8.7420361,8.8183025,8.484637,8.770636,203676324,1855317593.7,,
2024-05-13,603993,8.6371698,8.9041022,8.5609034,8.8278358,172833865,1585093839.4,,
2024-05-14,603993,8.9136355,9.1329014,8.8945689,9.0185018,233204800,2206574833.55,,
2024-05-15,603993,8.9517687,9.0089685,8.6562364,8.7039029,215375300,1993419608.0,,
2024-05-16,603993,8.8087692,8.8945689,8.1700381,8.2653711,488232121,4338131692.79,,
2024-05-17,603993,8.389304,8.3988373,7.9984387,8.2844377,372773037,3196111071.04,,
2024-05-20,603993,8.5323035,8.7229695,8.1795714,8.5227702,458580359,4076065001.85,,
2024-05-21,603993,8.5037036,8.5609034,7.9603055,8.0270386,375591139,3215226640.91,,
2024-05-22,603993,8.0175053,8.103305,7.7696395,7.8268393,283605929,2352497120.93,,
2024-05-23,603993,7.62664,7.9031057,7.5122404,7.7887061,264844164,2143019087.33,,
2024-05-24,603993,7.7696395,7.9031057,7.7315063,7.7982394,153473322,1260631718.45,,
2024-05-27,603993,7.7696395,8.1795714,7.7696395,8.1414382,233939360,1965531603.79,,
2024-05-28,603993,8.1509715,8.3416375,8.1223716,8.1414382,182115049,1569950531.52,,
2024-05-29,603993,8.103305,8.4655704,8.0842384,8.3511708,175097938,1531433114.4,,
2024-05-30,603993,8.293971,8.3321042,7.9031057,7.9507722,188322296,1595499284.46,,
2024-05-31,603993,7.9317056,8.0556385,7.8268393,7.9507722,147544165,1228223134.3,,
2024-06-03,603993,7.9412389,8.0365719,7.7029064,7.7887061,175293292,1442935373.24,,
2024-06-04,603993,7.8649725,8.1700381,7.7696395,8.007972,179985821,1507401627.05,,
2024-06-05,603993,7.817306,7.8459059,7.6361733,7.6552399,221866498,1792598566.46,,
2024-06-06,603993,7.7696395,8.0270386,7.7410396,7.8840391,207279577,1714676551.69,,
2024-06-07,603993,7.9698388,8.0842384,7.8554392,8.0175053,174403333,1461914836.83,,
2024-06-11,603993,7.8077727,7.8840391,7.6838398,7.7505729,169286239,1378280816.03,,
2024-06-12,603993,7.7505729,7.9412389,7.721973,7.8649725,111603800,916623489.52,,
2024-06-13,603993,7.817306,7.9221723,7.6361733,7.721973,135102947,1097382772.94,,
2024-06-14,603993,7.6552399,7.9221723,7.5885068,7.8935724,136116373,1115013024.42,,
2024-06-17,603993,7.817306,7.9793721,7.6838398,7.8077727,118526793,974178279.6,,
2024-06-18,603993,7.8459059,7.8840391,7.6743065,7.7601062,108964606,887363555.0,,
2024-06-19,603993,7.8077727,8.1319049,7.7887061,8.007972,175024590,1468299292.08,,
2024-06-20,603993,8.103305,8.2272379,7.9889054,8.0556385,151781445,1289968752.55,,
2024-06-21,603993,8.1509715,8.198638,7.912639,7.9412389,118205623,994416383.52,,
2024-06-24,603993,7.7791728,7.9603055,7.721973,7.8649725,98791922,813988315.21,,
2024-06-25,603993,7.9031057,8.0556385,7.8363726,7.9412389,106708249,890664403.87,,
2024-06-26,603993,7.8745058,7.9507722,7.7124397,7.912639,120544980,992146159.25,,
2024-06-27,603993,7.8745058,7.912639,7.6457066,7.8077727,118937114,971411049.62,,
2024-06-28,603993,7.7791728,8.1700381,7.7696395,8.103305,167482479,1412459258.97,,
2024-07-01,603993,8.0842384,8.2749044,8.0270386,8.2558378,126167622,1081982712.54,,
2024-07-02,603993,8.2558378,8.3225709,8.0365719,8.1414382,108995200,932664753.0,,
2024-07-03,603993,8.1605048,8.2272379,8.0747051,8.2272379,89587122,766182054.99,,
2024-07-04,603993,8.4369705,8.5418368,8.3607041,8.4083706,186143250,1650543923.95,,
2024-07-05,603993,8.4465038,8.7039029,8.389304,8.6657697,172436029,1548269267.27,,
2024-07-08,603993,8.7045385,8.77239125,8.59791275,8.646379,138453282,1239771609.11,,
2024-07-09,603993,8.646379,8.83055075,8.55913975,8.81116425,132743707,1193707020.23,,
2024-07-10,603993,8.762698,8.81116425,8.4719005,8.5106735,144345009,1285310171.52,,
2024-07-11,603993,8.5494465,8.8208575,8.4719005,8.77239125,132168960,1186601875.51,,
2024-07-12,603993,8.723925,8.79177775,8.36527475,8.491287,200344876,1760512773.32,,
2024-07-15,603993,8.61729925,8.96625625,8.53975325,8.84993725,214839718,1959089558.66,,
2024-07-16,603993,8.77239125,8.92748325,8.71423175,8.88871025,120144239,1096387058.47,,
2024-07-17,603993,8.801471,8.879017,8.2004895,8.297422,243452577,2123014724.0,,
2024-07-18,603993,8.21018275,8.40404775,8.13263675,8.3555815,136136898,1159407353.98,,
2024-07-19,603993,8.026011,8.21018275,7.76429325,8.15202325,194462095,1620164737.41,,
2024-07-22,603993,8.0453975,8.09386375,7.80306625,7.88061225,167048903,1361829941.18,,
2024-07-23,603993,7.89999875,7.95815825,7.31840375,7.328097,275322841,2137352096.09,,
2024-07-24,603993,7.31840375,7.33779025,7.1148455,7.20208475,185215722,1379359633.44,,
2024-07-25,603993,7.017913,7.095459,6.77558175,6.8046615,247974439,1761151587.62,,
2024-07-26,603993,6.862821,7.16331175,6.862821,7.04699275,188923105,1372367363.72,,
2024-07-29,603993,7.1148455,7.2311645,7.02760625,7.134232,123424977,907453296.74,,
2024-07-30,603993,7.08576575,7.08576575,6.85312775,6.940367,127468128,909593811.69,,
2024-07-31,603993,7.017913,7.27963075,6.940367,7.24085775,175730264,1296194873.68,,
2024-08-01,603993,7.405643,7.4638025,7.26024425,7.289324,125994398,953711632.41,,
2024-08-02,603993,7.06637925,7.095459,6.9209805,6.9985265,166783477,1204302783.07,,
2024-08-05,603993,6.89190075,7.017913,6.79496825,6.81435475,156512081,1112002643.13,,
2024-08-06,603993,6.81435475,6.901594,6.6883425,6.7658885,132024404,921057193.63,,
2024-08-07,603993,6.7658885,6.95006025,6.6883425,6.87251425,102401685,725595240.79,,
2024-08-08,603993,6.8046615,6.81435475,6.63987625,6.73680875,113566856,785359909.43,,
2024-08-09,603993,6.8046615,6.940367,6.8046615,6.8434345,119481786,848091515.41,,
2024-08-12,603993,6.8434345,6.9597535,6.83374125,6.901594,78326795,556498043.4,,
2024-08-13,603993,6.9597535,6.9985265,6.85312775,6.9597535,85546330,610570305.93,,
2024-08-14,603993,6.95006025,7.00821975,6.8434345,6.8822075,82310815,586907986.45,,
2024-08-15,603993,6.862821,7.04699275,6.8046615,7.00821975,113364910,814366707.47,,
2024-08-16,603993,7.0760725,7.289324,7.0760725,7.20208475,173024370,1286655638.35,,
2024-08-19,603993,7.250551,7.3862565,7.211778,7.27963075,115633710,872195473.1,,
2024-08-20,603993,7.328097,7.33779025,7.134232,7.18269825,77398500,575338172.63,,
2024-08-21,603993,7.173005,7.22147125,7.10515225,7.20208475,50283767,372628913.57,,
2024-08-22,603993,7.250551,7.26024425,7.0760725,7.211778,78752757,582637998.23,,
2024-08-23,603993,7.1536185,7.250551,7.134232,7.1923915,56958526,422038791.38,,
2024-08-26,603993,7.289324,7.41533625,7.1923915,7.405643,155839053,1178610045.15,,
2024-08-27,603993,7.39594975,7.444416,7.20208475,7.3087105,97853659,738557405.35,,
2024-08-28,603993,7.3087105,7.4250295,7.134232,7.20208475,97487609,728791017.86,,
2024-08-29,603993,7.06637925,7.2699375,7.02760625,7.1923915,77284236,572883038.71,,
2024-08-30,603993,7.1923915,7.33779025,7.0760725,7.26024425,132767964,988257935.25,,
2024-09-02,603993,7.173005,7.211778,6.96944675,7.0760725,107539615,784999519.75,,
2024-09-03,603993,7.06637925,7.1923915,7.02760625,7.0760725,71698925,526966532.35,,
2024-09-04,603993,6.87251425,6.87251425,6.6495695,6.7271155,176641056,1228768541.61,,
2024-09-05,603993,6.7658885,6.8046615,6.63987625,6.707729,80686520,559726680.03,,
2024-09-06,603993,6.75619525,6.8046615,6.69803575,6.69803575,57347200,399046751.15,,
2024-09-09,603993,6.630183,6.630183,6.38785175,6.50417075,145140397,970190521.72,,
2024-09-10,603993,6.552637,6.58171675,6.42662475,6.513864,69202728,462778073.98,,
2024-09-11,603993,6.475091,6.4944775,6.281226,6.358772,137082788,899808445.0,,
2024-09-12,603993,6.397545,6.42662475,6.32969225,6.36846525,108688458,715532509.12,,
2024-09-13,603993,6.4557045,6.52355725,6.319999,6.32969225,154815698,1026803718.57,,
2024-09-18,603993,6.4169315,6.58171675,6.3781585,6.5332505,162277363,1089425645.01,,
2024-09-19,603993,6.56233025,6.97914,6.4944775,6.940367,234868647,1643085121.93,,
2024-09-20,603993,6.97914,7.250551,6.93067375,7.211778,208721474,1533169650.93,,
2024-09-23,603993,7.16331175,7.31840375,7.12453875,7.16331175,121124070,898437536.24,,
2024-09-24,603993,7.250551,7.521962,7.211778,7.444416,188664491,1435481952.06,,
2024-09-25,603993,7.638281,7.9678515,7.521962,7.5413485,230391360,1836434637.29,,
2024-09-26,603993,7.55104175,7.870919,7.45410925,7.870919,175216420,1390082607.28,,
2024-09-27,603993,8.103557,8.219876,7.97754475,8.11325025,131133055,1094485689.47,,
2024-09-30,603993,8.38466125,8.61729925,7.9678515,8.4331275,499140949,4286941749.96,,
2024-10-08,603993,9.189201,9.25705375,7.99693125,8.36527475,618523536,5433014864.01,,
2024-10-09,603993,8.1229435,8.1229435,7.60920125,7.68674725,335596413,2712182958.79,价格异常,-12.251308900523572
2024-10-10,603993,7.76429325,8.13263675,7.70613375,7.948465,265719616,2169026873.35,,
2024-10-11,603993,7.99693125,7.99693125,7.7352135,7.80306625,143021609,1154059067.64,,
2024-10-14,603993,7.84183925,8.17140975,7.80306625,8.14233,212338944,1762716655.92,,
2024-10-15,603993,8.0453975,8.0453975,7.7546,7.76429325,215078687,1746029248.75,,
2024-10-16,603993,7.66736075,7.8127595,7.57042825,7.7739865,136259518,1084562319.31,,
2024-10-17,603993,7.832146,7.86122575,7.6188945,7.638281,120758195,963629676.54,,
2024-10-18,603993,7.66736075,7.84183925,7.58981475,7.7546,198828698,1579619888.75,,
2024-10-21,603993,7.86122575,8.181103,7.80306625,8.064784,319543555,2649023368.7,,
2024-10-22,603993,7.9678515,8.09386375,7.82245275,8.07447725,173591287,1428160272.31,,
2024-10-23,603993,8.0066245,8.0453975,7.8127595,7.948465,225517659,1843832528.58,,
2024-10-24,603993,7.8515325,7.86122575,7.68674725,7.7739865,170160081,1362666586.81,,
2024-10-25,603993,7.76429325,7.7739865,7.638281,7.677054,167114715,1324731123.36,,
2024-10-28,603993,7.64797425,7.677054,7.521962,7.677054,166683996,1308056844.64,,
2024-10-29,603993,7.677054,7.715827,7.39594975,7.4250295,306016324,2382930464.1,,
2024-10-30,603993,7.444416,7.6188945,7.4250295,7.5025755,170933534,1323331327.96,,
2024-10-31,603993,7.51226875,7.51226875,7.3474835,7.36687,187129506,1431171485.6,,
2024-11-01,603993,7.36687,7.8903055,7.27963075,7.68674725,464577502,3691860673.49,,
2024-11-04,603993,7.78367975,7.8515325,7.60920125,7.7546,249825630,1983600929.47,,
2024-11-05,603993,7.7352135,7.987238,7.68674725,7.9290785,291754473,2361159126.87,,
2024-11-06,603993,7.95815825,8.1229435,7.870919,7.948465,292064446,2413358404.28,,
2024-11-07,603993,7.70613375,7.91938525,7.560735,7.88061225,288931709,2315996343.24,,
2024-11-08,603993,8.026011,8.15202325,7.84183925,7.8515325,264970084,2180011255.02,,
2024-11-11,603993,7.76429325,7.793373,7.560735,7.677054,281082994,2218430554.4,,
2024-11-12,603993,7.58981475,7.7352135,7.37656325,7.444416,313169657,2437559894.26,,
2024-11-13,603993,7.36687,7.5025755,7.3474835,7.43472275,176939647,1354863159.0,,
2024-11-14,603993,7.37656325,7.39594975,7.20208475,7.211778,201144855,1512244016.42,,
2024-11-15,603993,7.211778,7.39594975,7.18269825,7.2311645,146202325,1101095614.49,,
2024-11-18,603993,7.1923915,7.3474835,7.10515225,7.173005,171623609,1279332082.19,,
2024-11-19,603993,7.3087105,7.41533625,7.211778,7.405643,184565672,1394765031.9,,
2024-11-20,603993,7.41533625,7.4250295,7.328097,7.37656325,100900379,767226199.74,,
2024-11-21,603993,7.36687,7.405643,7.328097,7.37656325,88198066,670389150.22,,
2024-11-22,603993,7.3474835,7.37656325,7.095459,7.095459,132481960,985948839.75,,
2024-11-25,603993,7.12453875,7.211778,6.9985265,7.04699275,105626880,773826638.6,,
2024-11-26,603993,7.02760625,7.16331175,7.017913,7.06637925,68724478,501919640.84,,
2024-11-27,603993,7.02760625,7.0760725,6.9209805,7.0760725,121926065,880041697.46,,
2024-11-28,603993,7.02760625,7.06637925,6.91128725,6.93067375,114098300,820486454.0,,
2024-11-29,603993,6.93067375,7.12453875,6.85312775,7.056686,160655933,1162695771.66,,
2024-12-02,603993,7.173005,7.328097,7.1536185,7.250551,177359536,1326914402.88,,
2024-12-03,603993,7.2699375,7.289324,7.18269825,7.2311645,100202295,747614854.18,,
2024-12-04,603993,7.289324,7.36687,7.22147125,7.289324,130746299,984684652.33,,
2024-12-05,603993,7.250551,7.26024425,7.12453875,7.14392525,126828170,938541372.35,,
2024-12-06,603993,7.134232,7.1923915,7.10515225,7.1923915,130936742,967444956.4,,
2024-12-09,603993,7.1923915,7.24085775,7.10515225,7.16331175,126760227,937411652.83,,
2024-12-10,603993,7.3474835,7.444416,7.1536185,7.173005,200059103,1498911687.38,,
2024-12-11,603993,7.18269825,7.33779025,7.1148455,7.2699375,177829306,1330400913.5,,
2024-12-12,603993,7.250551,7.289324,7.20208475,7.2699375,139072170,1039949933.2,,
2024-12-13,603993,7.20208475,7.211778,6.95006025,6.9985265,330893017,2395510179.09,,
2024-12-16,603993,6.9597535,6.9985265,6.8822075,6.91128725,140905802,1007260314.9,,
2024-12-17,603993,6.8822075,6.98883325,6.8434345,6.85312775,132301050,942706679.0,,
2024-12-18,603993,6.8822075,6.91128725,6.7658885,6.77558175,154700775,1089240023.58,,
2024-12-19,603993,6.67864925,6.81435475,6.59141,6.79496825,126085518,877702471.84,,
2024-12-20,603993,6.77558175,6.8046615,6.6107965,6.63987625,177910312,1221890472.58,,
2024-12-23,603993,6.6495695,6.7271155,6.630183,6.69803575,158374730,1093328852.39,,
2024-12-24,603993,6.69803575,6.77558175,6.65926275,6.77558175,126061367,874441893.28,,
2024-12-25,603993,6.7658885,6.77558175,6.63987625,6.67864925,89460147,616825553.91,,
2024-12-26,603993,6.668956,6.785275,6.6495695,6.73680875,93620836,650081878.85,,
2024-12-27,603993,6.746502,6.8046615,6.6107965,6.6107965,187709171,1291587479.73,,
2024-12-30,603993,6.62048975,6.65926275,6.56233025,6.60110325,136304110,928804211.98,,
2024-12-31,603993,6.58171675,6.59141,6.44601125,6.44601125,172000920,1154594228.48,,
2025-01-02,603993,6.4557045,6.54294375,6.34907875,6.3781585,184609145,1230142673.73,,
2025-01-03,603993,6.40723825,6.75619525,6.40723825,6.56233025,328432488,2243092889.14,,
2025-01-06,603993,6.59141,6.707729,6.4169315,6.60110325,204092387,1390315520.72,,
2025-01-07,603993,6.63987625,6.9209805,6.6107965,6.824048,236199927,1657579239.91,,
2025-01-08,603993,6.824048,6.824048,6.6495695,6.73680875,162436659,1128947307.28,,
2025-01-09,603993,6.785275,6.785275,6.668956,6.7271155,108483300,753512287.12,,
2025-01-10,603993,6.75619525,6.862821,6.67864925,6.746502,170133191,1191487955.76,,
2025-01-13,603993,6.67864925,6.8434345,6.6495695,6.7271155,175740897,1225475987.31,,
2025-01-14,603993,6.6883425,6.83374125,6.63987625,6.83374125,201217136,1402615599.22,,
2025-01-15,603993,6.79496825,6.83374125,6.60110325,6.6883425,198950742,1374568794.78,,
2025-01-16,603993,6.75619525,6.98883325,6.75619525,6.8822075,305579956,2174512882.12,,
2025-01-17,603993,6.87251425,6.97914,6.83374125,6.940367,159925691,1139715118.95,,
2025-01-20,603993,6.940367,6.96944675,6.824048,6.83374125,159137210,1127104085.5,,
2025-01-21,603993,6.87251425,6.8822075,6.7658885,6.85312775,107121950,755638898.34,,
2025-01-22,603993,6.85312775,6.91128725,6.77558175,6.89190075,153527572,1085246997.72,,
2025-01-23,603993,6.9985265,7.173005,6.901594,6.9209805,286761900,2084155928.5,,
2025-01-24,603993,6.95006025,7.10515225,6.95006025,7.06637925,157742828,1144443341.91,,
2025-01-27,603993,7.06637925,7.1148455,7.017913,7.017913,100347411,730257305.57,,
2025-02-05,603993,7.08576575,7.12453875,6.96944675,6.9985265,186431546,1353063044.7,,
2025-02-06,603993,7.056686,7.0760725,6.96944675,7.00821975,157277909,1136500853.23,,
2025-02-07,603993,6.98883325,7.134232,6.9209805,7.06637925,259496209,1881059512.89,,
2025-02-10,603993,7.10515225,7.36687,7.08576575,7.26024425,354101239,2646429048.75,,
2025-02-11,603993,7.24085775,7.33779025,7.173005,7.20208475,189787466,1418431627.09,,
2025-02-12,603993,7.16331175,7.173005,6.98883325,7.06637925,197525570,1439428474.64,,
2025-02-13,603993,7.06637925,7.1148455,6.9985265,6.9985265,142195768,1034798933.77,,
2025-02-14,603993,7.0372995,7.1148455,6.9985265,7.095459,166885726,1214849208.79,,
2025-02-17,603993,7.017913,7.02760625,6.824048,6.862821,257534986,1824036318.47,,
2025-02-18,603993,6.824048,6.8434345,6.707729,6.7271155,148351087,1038634739.99,,
2025-02-19,603993,6.7271155,6.7658885,6.69803575,6.746502,113626106,788228781.72,,
2025-02-20,603993,6.7271155,6.746502,6.668956,6.71742225,126877431,878872985.73,,
2025-02-21,603993,6.7271155,6.7658885,6.668956,6.69803575,151554422,1047967603.17,,
2025-02-24,603993,6.6883425,6.7271155,6.6107965,6.707729,144732773,997088422.18,,
2025-02-25,603993,6.67864925,6.6883425,6.54294375,6.56233025,179981975,1225641926.74,,
2025-02-26,603993,6.58171675,6.707729,6.5720235,6.63987625,150065293,1027733567.36,,
2025-02-27,603993,6.62048975,6.630183,6.4944775,6.552637,162942737,1099503921.12,,
2025-02-28,603993,6.50417075,6.513864,6.4169315,6.436318,156648435,1045122221.05,,
2025-03-03,603993,6.436318,6.59141,6.436318,6.5332505,146751091,989752504.03,,
2025-03-04,603993,6.4944775,6.59141,6.475091,6.58171675,108426426,732066908.82,,
2025-03-05,603993,6.59141,6.668956,6.52355725,6.630183,132434475,902857450.44,,
2025-03-06,603993,6.71742225,6.9209805,6.71742225,6.87251425,326771765,2308742965.48,,
2025-03-07,603993,6.87251425,7.0760725,6.862821,6.96944675,303825153,2197574070.74,,
2025-03-10,603993,7.0760725,7.60920125,7.0760725,7.57042825,747275182,5657677117.4,,
2025-03-11,603993,7.41533625,7.49288225,7.250551,7.4638025,495890784,3774394672.58,,
2025-03-12,603993,7.5801215,7.6964405,7.47349575,7.560735,413668247,3240910974.52,,
2025-03-13,603993,7.6576675,7.7352135,7.5413485,7.66736075,328851813,2591599216.49,,
2025-03-14,603993,7.84183925,7.95815825,7.599508,7.677054,398984949,3176874906.57,,
2025-03-17,603993,7.60920125,7.66736075,7.47349575,7.49288225,251414971,1952349102.81,,
2025-03-18,603993,7.521962,7.68674725,7.4638025,7.6188945,259782100,2034353373.6,,
2025-03-19,603993,7.599508,7.66736075,7.5025755,7.62858775,158865084,1244675022.36,,
2025-03-20,603993,7.7352135,7.832146,7.62858775,7.66736075,233414215,1858385477.39,,
2025-03-21,603993,7.62858775,7.68674725,7.3474835,7.405643,213049190,1645574656.43,,
2025-03-24,603993,7.49288225,7.8515325,7.45410925,7.76429325,432651586,3441489102.89,,
2025-03-25,603993,7.78367975,7.93877175,7.72552025,7.832146,307438820,2485190424.42,,
2025-03-26,603993,7.9678515,8.13263675,7.68674725,7.7352135,423444392,3455881966.2,,
2025-03-27,603993,7.57042825,7.677054,7.49288225,7.55104175,266736737,2080958601.2,,
2025-03-28,603993,7.5025755,7.55104175,7.41533625,7.47349575,168211531,1298458791.01,,
2025-03-31,603993,7.41533625,7.47349575,7.289324,7.36687,176074406,1339022974.99,,
2025-04-01,603993,7.37656325,7.45410925,7.328097,7.35717675,131471452,1000296244.64,,
2025-04-02,603993,7.328097,7.37656325,7.2699375,7.29901725,121464532,917211788.3,,
2025-04-03,603993,7.1148455,7.1536185,6.97914,7.00821975,260176749,1892012883.66,,
2025-04-07,603993,6.31030575,6.3781585,6.31030575,6.31030575,251079218,1635430500.18,价格异常,-10.840108401084025
2025-04-08,603993,6.31030575,6.31030575,5.893496,6.01950825,542242540,3366228666.76,,
2025-04-09,603993,5.88380275,6.00012175,5.72871075,5.96134875,392787279,2380662124.24,,
2025-04-10,603993,6.2618395,6.475091,6.17460025,6.3781585,421705398,2753404048.06,,
2025-04-11,603993,6.358772,6.4557045,6.281226,6.38785175,216336816,1418147310.32,,
2025-04-14,603993,6.4944775,6.81435475,6.4944775,6.668956,304253263,2097084615.4,,
2025-04-15,603993,6.6883425,6.7271155,6.552637,6.59141,173952722,1184334439.82,,
2025-04-16,603993,6.59141,6.59141,6.358772,6.44601125,191901100,1271982445.0,,
2025-04-17,603993,6.4944775,6.50417075,6.4169315,6.4557045,128582527,856382924.91,,
2025-04-18,603993,6.4557045,6.52355725,6.4169315,6.513864,104547005,699318069.46,,
2025-04-21,603993,6.50417075,6.71742225,6.48478425,6.707729,154389362,1054749448.76,,
2025-04-22,603993,6.7658885,7.12453875,6.7271155,6.97914,438371301,3151055170.5,,
2025-04-23,603993,6.97914,7.056686,6.89190075,6.9209805,227867339,1633654984.72,,
2025-04-24,603993,6.862821,6.97914,6.824048,6.8434345,133969309,951896128.86,,
2025-04-25,603993,6.93067375,6.97914,6.862821,6.91128725,145925303,1043543678.3,,
2025-04-28,603993,6.97914,7.00821975,6.8822075,6.940367,151004071,1082488189.22,,
2025-04-29,603993,6.940367,6.97914,6.8822075,6.91128725,85102478,609253760.89,,
2025-04-30,603993,6.8822075,6.93067375,6.81435475,6.8434345,116022169,820987509.85,,
2025-05-06,603993,6.8822075,6.901594,6.79496825,6.8822075,144422698,1022104522.48,,
2025-05-07,603993,6.96944675,7.14392525,6.9597535,7.06637925,277357103,2015350051.47,,
2025-05-08,603993,6.96944675,6.97914,6.9209805,6.95006025,160130838,1147065797.39,,
2025-05-09,603993,6.93067375,6.940367,6.862821,6.87251425,115227583,819342633.47,,
2025-05-12,603993,6.940367,7.056686,6.8822075,7.056686,192935476,1393787115.73,,
2025-05-13,603993,7.095459,7.20208475,7.06637925,7.1148455,163486675,1204055028.36,,
2025-05-14,603993,7.16331175,7.211778,7.10515225,7.211778,131024232,968313203.53,,
2025-05-15,603993,7.18269825,7.1923915,7.0372995,7.08576575,114903916,841255037.8,,
2025-05-16,603993,7.0760725,7.14392525,7.02760625,7.095459,73834865,539489399.88,,
2025-05-19,603993,7.06637925,7.0760725,6.940367,6.96944675,87506463,629470188.97,,
2025-05-20,603993,6.97914,7.056686,6.96944675,7.0372995,89346268,646722823.64,,
2025-05-21,603993,7.0760725,7.26024425,7.056686,7.250551,180778291,1339882803.63,,
2025-05-22,603993,7.173005,7.173005,7.10515225,7.12453875,81693394,601557922.02,,
2025-05-23,603993,7.10515225,7.134232,7.00821975,7.00821975,133622862,971913677.63,,
2025-05-26,603993,7.08576575,7.2699375,7.08576575,7.18269825,182620041,1352945095.41,,
2025-05-27,603993,7.1536185,7.1923915,6.93067375,6.9597535,186374860,1351003509.98,,
2025-05-28,603993,6.9597535,7.056686,6.9597535,6.9985265,80690768,582504932.47,,
2025-05-29,603993,6.9597535,7.095459,6.95006025,7.0372995,92464213,671118800.25,,
2025-05-30,603993,7.00821975,7.02760625,6.901594,6.97914,100004015,718802825.0,,
2025-06-03,603993,7.02760625,7.095459,6.97914,7.00821975,123244978,894996434.2,,
2025-06-04,603993,7.056686,7.289324,7.04699275,7.1536185,240916837,1787483311.84,,
2025-06-05,603993,7.14392525,7.22147125,7.04699275,7.0760725,139632603,1022148309.2,,
2025-06-06,603993,7.1536185,7.36687,7.14392525,7.35717675,301645528,2273218976.72,,
2025-06-09,603993,7.3087105,7.33779025,7.1923915,7.2699375,197717716,1479556713.74,,
2025-06-10,603993,7.33779025,7.35717675,7.22147125,7.2699375,142911316,1072703235.36,,
2025-06-11,603993,7.26024425,7.521962,7.24085775,7.49288225,254428478,1947337718.25,,
2025-06-12,603993,7.43472275,7.62858775,7.405643,7.599508,199498850,1551507645.99,,
2025-06-13,603993,7.60920125,7.68674725,7.53165525,7.66736075,203682510,1600596579.82,,
2025-06-16,603993,7.64797425,7.7352135,7.560735,7.60920125,131848126,1037973575.91,,
2025-06-17,603993,7.60920125,7.64797425,7.57042825,7.5801215,84677066,663646234.05,,
2025-06-18,603993,7.58981475,7.6188945,7.49288225,7.5801215,105904777,826340239.89,,
2025-06-19,603993,7.57042825,7.6188945,7.47349575,7.51226875,105741203,822507337.46,,
2025-06-20,603993,7.53165525,7.6576675,7.49288225,7.5413485,125298578,978469762.19,,
2025-06-23,603993,7.57042825,7.70613375,7.55104175,7.60920125,122330913,960902459.88,,
2025-06-24,603993,7.638281,7.78367975,7.638281,7.64797425,182034720,1446937624.06,,
2025-06-25,603993,7.6576675,7.6964405,7.62858775,7.68674725,110833677,876134780.2,,
2025-06-26,603993,7.7546,7.97754475,7.70613375,7.89999875,214137812,1738683675.54,,
2025-06-27,603993,8.09,8.42,8.02,8.3,402167801,3332383707.09,,
2025-06-30,603993,8.3,8.44,8.24,8.42,200819231,1679313998.13,,
2025-07-01,603993,8.52,8.53,8.3,8.52,157248360,1322958163.04,,
2025-07-02,603993,8.5,8.72,8.45,8.64,218977845,1890164563.5,,
2025-07-03,603993,8.71,8.72,8.54,8.66,143580823,1236281216.28,,
2025-07-04,603993,8.55,8.68,8.41,8.54,194120668,1658139744.25,,
2025-07-07,603993,8.43,8.53,8.39,8.42,115751364,978715024.25,,
2025-07-08,603993,8.49,8.58,8.42,8.54,115787227,985253948.87,,
2025-07-09,603993,8.66,8.66,8.03,8.06,438653358,3583485584.07,,
2025-07-10,603993,8.02,8.12,8.02,8.07,184057531,1487217563.2,,
2025-07-11,603993,8.11,8.3,8.08,8.12,221188752,1810432916.96,,
2025-07-14,603993,8.13,8.19,8.1,8.1,157467491,1279583894.49,,
2025-07-15,603993,8.17,8.23,8.02,8.1,165297751,1342222778.7,,
2025-07-16,603993,8.14,8.2,8.09,8.11,101148304,822712978.44,,
2025-07-17,603993,8.11,8.13,8.05,8.09,103875560,838512615.6,,
2025-07-18,603993,8.12,8.3,8.08,8.21,217265416,1781749252.31,,
2025-07-21,603993,8.26,8.71,8.26,8.63,326808628,2782663638.23,,
2025-07-22,603993,8.63,9.07,8.59,9.06,359138296,3183170422.05,,
2025-07-23,603993,9.1,9.11,8.9,9.0,228621569,2060980723.5,,
2025-07-24,603993,9.0,9.4,8.98,9.31,318152582,2927467515.34,,
2025-07-25,603993,9.24,9.32,9.13,9.21,181886113,1680083428.21,,
2025-07-28,603993,9.11,9.2,8.91,9.16,188126237,1711349556.16,,
2025-07-29,603993,9.12,9.25,9.08,9.25,145316887,1333788754.15,,
2025-07-30,603993,9.35,9.51,9.27,9.34,213798909,2006313932.19,,
2025-07-31,603993,9.06,9.21,8.87,8.94,246755596,2225430611.46,,
2025-08-01,603993,8.89,9.05,8.85,8.98,140853390,1265099254.1,,
2025-08-04,603993,8.97,9.28,8.96,9.26,188127632,1715374431.89,,
2025-08-05,603993,9.27,9.4,9.16,9.38,171291420,1593060560.64,,
2025-08-06,603993,9.32,9.55,9.32,9.51,153228078,1448624314.39,,
2025-08-07,603993,9.55,9.58,9.3,9.48,127538179,1201465901.56,,
2025-08-08,603993,9.5,9.88,9.49,9.76,193593700,1879009982.34,,
2025-08-11,603993,9.88,9.89,9.71,9.82,162415841,1591529165.33,,
2025-08-12,603993,9.79,10.0,9.7,9.85,117878385,1162754767.84,,
2025-08-13,603993,9.96,10.64,9.94,10.59,290351266,3004092260.41,,
2025-08-14,603993,10.6,10.9,10.58,10.67,270536927,2903816125.65,,
2025-08-15,603993,10.54,11.3,10.52,11.11,298272829,3300276002.34,,
2025-08-18,603993,11.3,11.36,10.75,10.77,365585661,3995498091.3,,
2025-08-19,603993,10.77,11.05,10.77,10.85,243029686,2645447371.26,,
2025-08-20,603993,10.68,11.03,10.67,10.95,178316729,1941743601.19,,
2025-08-21,603993,11.02,11.25,10.97,11.06,180332465,2002063869.02,,
2025-08-22,603993,11.09,11.25,10.97,11.11,182615155,2023827963.27,,
2025-08-25,603993,11.36,12.08,11.3,12.08,402373687,4748637686.06,,
2025-08-26,603993,12.01,12.21,11.78,12.05,238854758,2872407545.1,,
2025-08-27,603993,12.11,12.16,11.71,11.71,239615239,2859804206.65,,
2025-08-28,603993,11.66,11.87,11.47,11.86,230368765,2690163227.19,,
2025-08-29,603993,11.96,12.55,11.86,12.36,255283523,3117970309.59,,
2025-09-01,603993,12.6,13.57,12.23,13.53,369215674,4792833885.31,,
2025-09-02,603993,13.6,14.1,13.35,13.82,434837559,5949051734.48,,
2025-09-03,603993,13.97,14.1,13.2,13.65,342130192,4653620376.81,,
2025-09-04,603993,13.6,13.77,12.29,12.44,528559944,6747305882.5,,
2025-09-05,603993,12.3,12.97,12.29,12.9,326934398,4159621429.23,,
2025-09-08,603993,13.0,13.1,12.43,12.55,289812382,3679728183.12,,
2025-09-09,603993,12.49,12.91,12.41,12.58,265453176,3355146803.75,,
2025-09-10,603993,12.35,12.61,12.24,12.51,183056921,2277684943.19,,
2025-09-11,603993,12.56,13.0,12.5,13.0,246496935,3155704095.53,,
2025-09-12,603993,13.1,13.73,13.01,13.42,329016664,4412592114.49,,
2025-09-15,603993,13.43,13.55,13.27,13.35,182197983,2444292748.92,,
2025-09-16,603993,13.57,13.63,12.69,12.99,308080552,3988701012.95,,
2025-09-17,603993,12.85,12.92,12.65,12.8,235302841,2997447388.33,,
2025-09-18,603993,12.6,12.76,12.27,12.38,266421267,3324410624.27,,
2025-09-19,603993,12.38,12.68,12.38,12.51,168589427,2112604858.94,,
2025-09-22,603993,12.98,13.02,12.54,12.71,194829634,2480991967.58,,
2025-09-23,603993,12.75,13.02,12.27,12.52,198204552,2493001286.44,,
2025-09-24,603993,12.46,12.7,12.34,12.62,148634776,1863107563.09,,
2025-09-25,603993,13.7,13.88,13.48,13.87,647552586,8927625186.71,,
2025-09-26,603993,13.66,14.26,13.63,13.8,394469872,5503625152.55,,
2025-09-29,603993,13.9,14.87,13.72,14.74,389771929,5570229022.44,,
2025-09-30,603993,15.01,15.85,14.74,15.7,369887970,5700787500.73,,
2025-10-09,603993,16.37,17.27,16.0,17.27,394493174,6621689414.22,,
2025-10-10,603993,17.09,18.0,16.4,16.72,452534720,7723915350.87,,
2025-10-13,603993,15.51,17.3,15.51,17.24,414280809,6811229443.86,,
2025-10-14,603993,17.8,17.81,15.7,16.01,439358265,7335796049.5,,
2025-10-15,603993,16.25,16.33,15.48,16.31,305389344,4857728171.36,,
2025-10-16,603993,16.1,16.17,15.56,15.7,243426365,3854945657.48,,
2025-10-17,603993,15.73,15.85,15.0,15.04,293969379,4488875182.8,,
2025-10-20,603993,15.04,15.35,14.91,15.11,208901413,3155084646.79,,
2025-10-21,603993,15.25,15.84,15.12,15.45,215725595,3350499493.36,,
2025-10-22,603993,14.85,15.63,14.73,15.54,200825632,3079018026.01,,
2025-10-23,603993,15.51,15.98,15.25,15.9,221668015,3471769604.1,,
2025-10-24,603993,16.24,16.85,16.18,16.78,329217666,5450374243.38,,
2025-10-27,603993,17.49,17.82,17.0,17.29,398640937,6923570719.68,,
2025-10-28,603993,17.27,17.35,16.66,16.75,280920443,4759873153.65,,
2025-10-29,603993,16.98,17.56,16.93,17.55,283842730,4910869408.47,,
2025-10-30,603993,17.39,18.16,17.24,17.6,308434278,5466747987.42,,
2025-10-31,603993,17.59,17.64,16.94,17.04,202917345,3495596152.38,,
2025-11-03,603993,16.85,17.0,15.9,16.37,273989067,4463301022.52,,
2025-11-04,603993,16.15,16.3,15.56,15.73,206562804,3278521497.79,,
2025-11-05,603993,15.3,15.99,15.1,15.84,214436222,3349000257.58,,
2025-11-06,603993,15.9,16.6,15.9,16.57,215998906,3533713533.0,,
2025-11-07,603993,16.5,16.78,16.2,16.54,162270549,2686240749.1,,
2025-11-10,603993,16.78,16.96,16.2,16.36,171632625,2835751508.07,,
2025-11-11,603993,16.52,16.63,16.0,16.11,135417611,2190245417.79,,
2025-11-12,603993,15.99,16.42,15.81,16.08,166453381,2680835429.28,,
2025-11-13,603993,16.23,17.12,16.19,16.84,305150663,5123312826.77,,
2025-11-14,603993,16.61,17.07,16.2,16.78,198514319,3322199923.58,,
2025-11-17,603993,16.5,16.65,15.94,16.05,229867039,3732508300.49,,
2025-11-18,603993,15.9,15.97,15.33,15.56,195440526,3052045696.41,,
2025-11-19,603993,15.55,16.05,15.5,15.88,166588500,2629983592.73,,
2025-11-20,603993,15.96,16.12,15.75,15.79,111353776,1772966633.19,,
2025-11-21,603993,15.4,15.58,15.09,15.18,162184916,2482279200.73,,
2025-11-24,603993,15.31,15.54,15.07,15.35,162737110,2496056425.11,,
2025-11-25,603993,15.7,16.13,15.65,15.97,195534922,3122972270.6,,
2025-11-26,603993,16.08,16.23,15.86,15.98,153223276,2460971923.02,,
2025-11-27,603993,16.09,16.55,15.92,15.95,165428240,2685802353.54,,
2025-11-28,603993,15.95,16.33,15.79,16.23,148067541,2391416348.52,,
2025-12-01,603993,16.96,17.67,16.9,17.29,377375309,6511515767.91,,
2025-12-02,603993,17.19,17.36,16.98,17.19,169316473,2904714635.73,,
2025-12-03,603993,17.15,17.79,17.05,17.62,249157768,4359239161.88,,
2025-12-04,603993,18.4,18.66,17.79,17.9,290205313,5285675041.93,,
2025-12-05,603993,17.88,18.55,17.87,18.42,242491180,4437320652.39,,
2025-12-08,603993,18.43,18.78,17.95,18.69,251207113,4618292293.26,,
2025-12-09,603993,18.39,18.39,17.41,17.55,269305897,4781296677.21,,
2025-12-10,603993,17.55,17.79,17.39,17.63,157598078,2775300929.37,,
2025-12-11,603993,17.83,18.15,17.38,17.46,207752455,3683758392.63,,
2025-12-12,603993,17.85,17.93,17.39,17.58,260422918,4585710566.54,,
2025-12-15,603993,17.1,18.32,17.1,17.93,254516617,4580819758.59,,
2025-12-16,603993,18.0,18.35,17.43,17.5,212917978,3793769754.31,,
2025-12-17,603993,17.61,18.23,17.57,18.0,190692537,3419904180.38,,
2025-12-18,603993,17.9,18.35,17.8,17.89,141940484,2556296479.63,,
2025-12-19,603993,17.95,18.36,17.56,18.36,212376436,3841957935.77,,
2025-12-22,603993,18.5,18.87,18.37,18.62,203565376,3797410242.14,,
2025-12-23,603993,18.72,19.11,18.32,18.55,212167806,3964914799.67,,
2025-12-24,603993,18.75,18.84,18.35,18.68,162996180,3025114725.84,,
2025-12-25,603993,18.45,18.75,18.21,18.7,138439146,2561003434.68,,
2025-12-26,603993,19.04,19.99,18.98,19.75,258406453,5061761232.97,,
2025-12-29,603993,20.06,20.16,18.78,18.88,339263345,6567976932.48,,
2025-12-30,603993,18.27,19.55,18.21,19.52,232214523,4449207630.35,,
2025-12-31,603993,19.51,20.47,19.38,20.0,250381667,5017376582.08,,
2026-01-05,603993,20.2,20.55,19.87,20.44,223048045,4527927685.54,,
2026-01-06,603993,20.79,22.03,20.7,21.68,272232975,5844133198.09,,
2026-01-07,603993,21.9,22.46,21.5,21.97,269369315,5919746704.38,,
2026-01-08,603993,21.55,22.4,21.29,21.68,215982051,4693743247.73,,
2026-01-09,603993,21.45,22.89,21.35,22.78,258307552,5807690697.65,,
2026-01-12,603993,23.2,23.33,22.3,22.69,299668151,6772910202.28,,
2026-01-13,603993,22.63,23.26,22.36,22.8,239923628,5478325565.2,,
2026-01-14,603993,22.85,23.94,22.85,23.3,281459116,6586878272.26,,
2026-01-15,603993,23.3,24.55,23.2,24.05,305593872,7303877652.05,,
2026-01-16,603993,24.17,25.09,24.15,24.25,330420149,8124242906.99,,
2026-01-19,603993,24.27,24.37,22.86,23.31,327015400,7653631314.96,,
2026-01-20,603993,23.33,23.6,22.28,23.07,310074383,7100233540.57,,
2026-01-21,603993,22.88,23.27,22.55,23.23,220745406,5087477621.11,,
2026-01-22,603993,23.18,23.18,22.53,22.7,219224692,4990729272.3,,
2026-01-23,603993,22.99,23.04,22.51,22.76,250439708,5714423301.84,,
2026-01-26,603993,23.66,24.94,23.5,24.66,473163858,11464427872.29,,
2026-01-27,603993,24.42,25.8,23.8,24.48,454561623,11264381026.92,,
2026-01-28,603993,24.88,26.89,24.37,26.88,499425169,12794193901.77,,
2026-01-29,603993,27.57,28.78,25.4,27.03,650043802,17655331468.12,,
2026-01-30,603993,25.7,25.98,24.33,24.33,497696281,12355368791.76,,
2026-02-02,603993,21.9,23.7,21.9,22.09,535622910,12086213207.49,,
2026-02-03,603993,22.78,23.33,22.15,23.13,407562716,9241815267.28,,
2026-02-04,603993,24.05,24.05,23.27,23.67,246990641,5814709509.23,,
2026-02-05,603993,23.04,23.38,21.62,22.17,330634854,7365350386.2,,
2026-02-06,603993,21.0,22.37,20.86,21.99,278515433,6075217814.86,,
2026-02-09,603993,22.46,22.5,22.0,22.42,189989202,4235722503.72,,
2026-02-10,603993,22.49,23.0,22.33,22.55,169334753,3832861980.75,,
2026-02-11,603993,22.5,23.55,22.48,23.21,247403564,5744727530.54,,
2026-02-12,603993,23.2,23.64,23.03,23.16,219336425,5109773534.02,,
2026-02-13,603993,22.5,22.89,21.93,21.98,280186393,6234657318.67,,
2026-02-24,603993,22.95,23.18,22.7,22.86,220547310,5059597770.57,,
2026-02-25,603993,23.0,23.86,22.83,23.45,295178065,6919175904.08,,
2026-02-26,603993,23.73,23.75,22.9,23.03,253480155,5869291356.85,,
2026-02-27,603993,22.95,24.1,22.9,23.99,338388430,8035386307.41,,
2026-03-02,603993,24.4,24.88,23.34,24.8,464528887,11194769414.95,,
2026-03-03,603993,24.3,24.56,23.36,23.48,343692971,8215430155.83,,
2026-03-04,603993,22.54,23.65,22.45,22.99,218236801,5038318425.57,,
2026-03-05,603993,23.37,23.42,22.31,22.63,227587849,5187525307.57,,
2026-03-06,603993,22.25,22.45,21.68,22.02,221250389,4873975212.88,,
