日期,股票代码,开盘,最高,最低,收盘,成交量,成交额,异常情况,异常涨跌幅
2016-03-11,938,18.5438925,19.05958932,18.37081617,18.720501,3221950,171178577.0,,
2016-03-14,938,19.0383963,20.33823486,19.0383963,20.11570815,7709989,434654464.0,,
2016-03-15,938,19.90731012,20.0980473,19.49051406,19.72363728,5136174,287597904.0,,
2016-03-16,938,20.0274039,20.12630466,19.15142574,19.33863075,5009914,277487152.0,,
2016-03-17,938,19.52936793,20.46186081,19.37748462,20.32763835,8017798,455941760.0,,
2016-03-18,938,20.6631945,22.36216827,20.3452992,22.36216827,11784417,714903184.0,,
2016-03-21,938,22.95204066,23.61255645,22.76130348,23.18163171,11936743,784017008.0,,
2016-03-22,938,22.95204066,24.09999591,22.60942017,23.312322,9236551,613349520.0,,
2016-03-23,938,23.33351502,23.58429909,22.9237833,23.55604173,6516205,429330112.0,,
2016-03-24,938,24.77817255,25.60470033,23.312322,23.33351502,12572959,859564448.0,,
2016-03-25,938,22.8178182,23.34411153,22.41161865,22.74011046,7532613,485943808.0,,
2016-03-28,938,22.89552594,23.37236889,22.05840165,22.21381713,6199764,401380704.0,,
2016-03-29,938,22.27033185,22.41515082,21.23187387,21.546237,5857644,359847648.0,,
2016-03-30,938,22.18555977,22.68712791,21.78642456,22.67299923,6067100,380806240.0,,
2016-03-31,938,22.75070697,22.81428603,22.3586361,22.5352446,6878255,439846976.0,,
2016-04-01,938,22.56350196,22.56350196,21.56743002,21.88885749,6036250,373503472.0,,
2016-04-05,938,22.0054191,22.83194688,21.85000362,22.72951395,7307582,463425136.0,,
2016-04-06,938,22.60942017,23.30172549,22.5352446,23.04387708,7971105,517401808.0,,
2016-04-07,938,23.03681274,23.1357135,22.2173493,22.25620317,6758097,431184608.0,,
2016-04-08,938,22.0407408,22.05486948,21.5109153,21.899454,4875363,300426720.0,,
2016-04-11,938,22.1113842,22.8178182,22.06899816,22.4292795,7294068,464676528.0,,
2016-04-12,938,22.25973534,22.73657829,21.93830787,22.41868299,4908518,309628352.0,,
2016-04-13,938,22.605888,23.26640379,22.605888,22.8884616,10425417,678366544.0,,
2016-04-14,938,23.0297484,23.26287162,22.96263717,23.23461426,6768806,443371872.0,,
2016-04-15,938,23.28053247,23.40769059,22.74011046,22.94144415,5617867,365250672.0,,
2016-04-18,938,22.6765314,22.6765314,22.0054191,22.14317373,5506230,346164592.0,,
2016-04-19,938,22.37629695,22.58822715,22.03014429,22.34097525,4043194,255383562.0,,
2016-04-20,938,22.34450742,22.42574733,20.3452992,20.85039951,7619333,458402880.0,,
2016-04-21,938,20.839803,21.0517332,20.31704184,20.39474958,4966160,290209680.0,,
2016-04-22,938,20.2393341,20.72677356,20.1686907,20.56076157,3299949,191513103.0,,
2016-04-25,938,20.56782591,20.90691423,20.07332211,20.7691596,3058279,176978656.0,,
2016-04-26,938,20.63493714,20.89984989,20.39828175,20.82920649,3021562,177189871.0,,
2016-04-27,938,20.78682045,20.95636461,20.6278728,20.71970922,2706954,159382648.0,,
2016-04-28,938,20.89278555,21.96303306,20.71617705,21.85000362,6512200,391906816.0,,
2016-04-29,938,21.6522021,21.77582805,21.19302,21.41907888,3662642,222668081.0,,
2016-05-03,938,21.0517332,21.70518465,20.486586,21.63454125,5752192,346591888.0,,
2016-05-04,938,21.53917266,21.63807342,21.32017812,21.3696285,4123816,250611578.0,,
2016-05-05,938,21.4755936,22.09725552,21.4755936,21.66986295,4764567,293767040.0,,
2016-05-06,938,21.59215521,21.64160559,20.4159426,20.46539298,6300487,373340144.0,,
2016-05-09,938,20.133369,20.2040124,19.2503265,19.41633849,4498060,251110471.0,,
2016-05-10,938,19.27858386,19.69891209,19.1443614,19.31037339,3280762,179601415.0,,
2016-05-11,938,19.4622567,19.60001133,18.91123818,19.073718,2336969,127353959.0,,
2016-05-12,938,18.7911444,19.35275943,18.49090995,19.33156641,3859313,208098978.0,,
2016-05-13,938,19.31743773,19.52936793,18.9677529,19.03133196,2076073,113152644.0,,
2016-05-16,938,18.89357733,19.2856482,18.77701572,19.2856482,2699146,146140201.0,,
2016-05-17,938,19.2503265,20.2746558,19.21853697,19.81194153,4190103,233764767.0,,
2016-05-18,938,19.7448303,19.7448303,19.11257187,19.36335594,2616049,143192619.0,,
2016-05-19,938,19.36335594,20.0627256,19.28918037,19.5329001,2964580,165819088.0,,
2016-05-20,938,19.29624471,20.36649222,19.19027961,20.10157947,4489524,255325746.0,,
2016-05-23,938,20.18281938,21.0870549,20.18281938,20.9457681,5440940,319004736.0,,
2016-05-24,938,20.839803,20.85039951,20.36296005,20.5572294,2943100,171093049.0,,
2016-05-25,938,20.6631945,20.96342895,20.0274039,20.16515853,2962629,172023231.0,,
2016-05-26,938,20.18635155,20.3452992,19.69891209,20.31350967,2773478,156856206.0,,
2016-05-27,938,20.27112363,20.65966233,20.18988372,20.29938099,2207932,127705946.0,,
2016-05-30,938,19.9567605,21.19302,19.8861171,20.77269177,6224425,367373088.0,,
2016-05-31,938,20.6631945,21.76169937,20.49365034,21.70518465,7605739,459331760.0,,
2016-06-01,938,21.70165248,21.71931333,21.38728935,21.46146492,5428848,331089200.0,,
2016-06-02,938,21.4049502,21.6522021,21.32017812,21.51797964,3726262,226644175.0,,
2016-06-03,938,21.47912577,22.07253033,21.32017812,21.49678662,5737377,352566256.0,,
2016-06-06,938,21.60275172,21.66633078,21.0870549,21.18242349,4236148,255890104.0,,
2016-06-07,938,21.18948783,21.3696285,21.02347584,21.21774519,3805814,228268719.0,,
2016-06-08,938,21.21774519,21.94537221,21.20008434,21.7581672,5865989,359309536.0,,
2016-06-13,938,21.44380407,21.56389785,20.3099775,20.31350967,4781910,285824640.0,,
2016-06-14,938,20.2393341,20.41241043,19.7095086,19.91790663,2977733,168925125.0,,
2016-06-15,938,19.72010511,20.92810725,19.6741869,20.63846931,3780544,219277018.0,,
2016-06-16,938,20.57135808,20.79388479,20.2040124,20.28878448,3225683,186343679.0,,
2016-06-17,938,20.41947477,21.01287933,20.41947477,20.5219077,2985509,175234806.0,,
2016-06-20,938,20.56782591,21.0517332,20.0274039,20.7338379,3034090,176359974.0,,
2016-06-21,938,21.11178009,21.40141803,20.31350967,20.51131119,4133825,245339540.0,,
2016-06-22,938,20.48305383,21.07292622,20.2393341,21.0517332,2720096,159271196.0,,
2016-06-23,938,20.96696112,21.2636634,20.7338379,21.01287933,3194998,190092472.0,,
2016-06-24,938,20.88572121,21.19302,19.8154737,20.43360345,4297735,250739361.0,,
2016-06-27,938,20.33823486,21.3696285,20.26405929,21.23187387,5295970,314393936.0,,
2016-06-28,938,21.0870549,21.41554671,21.0164115,21.3343068,4495586,270371488.0,,
2016-06-29,938,21.43320756,21.88532532,21.38728935,21.85000362,7326730,449461648.0,,
2016-06-30,938,21.91358268,21.97716174,21.41554671,21.50385096,4164654,254164367.0,,
2016-07-01,938,21.5109153,21.71578116,21.16123047,21.31664595,3152042,191004688.0,,
2016-07-04,938,21.19302,21.7228455,21.18948783,21.63807342,3970664,241680523.0,,
2016-07-05,938,21.66986295,21.7228455,21.29192076,21.4049502,3837629,233287054.0,,
2016-07-06,938,21.4049502,21.71578116,21.22480953,21.3343068,2859845,173445761.0,,
2016-07-07,938,21.37317366,21.45444048,20.94917286,21.13643988,3278670,196333185.0,,
2016-07-08,938,21.13643988,21.3590403,21.0587064,21.1647066,2578061,154470572.0,,
2016-07-11,938,21.27424014,21.54277398,20.98450626,21.20710668,4454280,268068106.0,,
2016-07-12,938,21.22830672,21.56044068,20.88910608,21.553374,4251921,255866418.0,,
2016-07-13,938,21.52157394,21.86430792,21.40850706,21.8360412,5941764,364512240.0,,
2016-07-14,938,21.8360412,21.89964132,21.5887074,21.8713746,4445164,273657248.0,,
2016-07-15,938,21.89964132,22.01977488,21.46150716,21.47564052,4931428,302567552.0,,
2016-07-18,938,21.4827072,21.49684056,21.1470399,21.26364012,2848863,171635718.0,,
2016-07-19,938,21.2883735,21.5180406,21.20710668,21.4827072,2517289,152305107.0,,
2016-07-20,938,21.4827072,22.53917586,21.4297071,22.17877518,10970114,686860768.0,,
2016-07-21,938,22.17877518,24.3977127,22.17877518,24.3977127,25260872,1679002752.0,,
2016-07-22,938,24.380046,25.24218096,24.14331222,24.31291254,14867934,1036151136.0,,
2016-07-25,938,24.30231252,24.5920464,23.673378,24.5920464,10022946,685132016.0,,
2016-07-26,938,24.4507128,25.04431392,24.2387124,24.4860462,8510078,592506160.0,,
2016-07-27,938,24.53551296,25.39764792,23.496711,23.8677117,12590289,871982080.0,,
2016-07-28,938,23.8853784,23.94544518,22.790043,23.21051046,7855170,518989904.0,,
2016-07-29,938,23.496711,23.66277798,22.790043,23.5497111,5660581,373284048.0,,
2016-08-01,938,23.34477738,23.3553774,21.88550796,22.35897552,6545256,415684096.0,,
2016-08-02,938,22.29184206,22.57097592,22.08690834,22.43317566,3832706,242490561.0,,
2016-08-03,938,22.38017556,23.06917686,22.07277498,22.8430431,5201840,331862032.0,,
2016-08-04,938,22.75824294,23.10097692,22.53564252,22.90664322,4442563,286548432.0,,
2016-08-05,938,22.790043,22.88897652,22.22117526,22.2247086,4005423,254583332.0,,
2016-08-08,938,22.09044168,22.58510928,22.05510828,22.57097592,3180494,201673824.0,,
2016-08-09,938,22.59924264,23.2140438,22.57097592,23.18931042,4674254,303018880.0,,
2016-08-10,938,23.17517706,23.30591064,22.69110948,22.70524284,3956143,257121258.0,,
2016-08-11,938,22.6310427,22.74764292,22.27064202,22.28830872,3224242,204784000.0,,
2016-08-12,938,22.30244208,22.71584286,22.1187084,22.71584286,3301856,209039248.0,,
2016-08-15,938,22.67697612,23.7793782,22.47557574,23.57444448,6774047,445178144.0,,
2016-08-16,938,23.5320444,24.026712,23.2847106,23.39777748,4948156,328928976.0,,
2016-08-17,938,23.34124404,23.66631132,23.28824394,23.63451126,3736238,248479790.0,,
2016-08-18,938,23.64864462,23.82177828,23.18577708,23.2140438,3573448,237271396.0,,
2016-08-19,938,23.1787104,23.27764392,22.88897652,22.99144338,2546688,165919223.0,,
2016-08-22,938,22.97377668,23.2493772,22.78297632,22.78650966,2060284,134161694.0,,
2016-08-23,938,22.75824294,23.00911008,22.69464282,22.790043,1724662,111448537.0,,
2016-08-24,938,22.96671,23.0550435,22.60630932,22.65224274,2299658,148367069.0,,
2016-08-25,938,22.5073758,22.5073758,22.12224174,22.28830872,2928762,184758624.0,,
2016-08-26,938,22.36250886,22.59217596,22.2953754,22.35544218,1632728,103649081.0,,
2016-08-29,938,22.3660422,22.81124304,22.3130421,22.7723763,2084957,133464475.0,,
2016-08-30,938,22.7723763,22.95257664,22.613376,22.78297632,1808647,116564286.0,,
2016-08-31,938,22.79357634,22.85717646,22.21764192,22.34130882,3179079,201504339.0,,
2016-09-01,938,22.34130882,22.59217596,22.26710868,22.2953754,1841917,116863351.0,,
2016-09-02,938,22.260042,22.49324244,21.99857484,22.09397502,2209257,138955309.0,,
2016-09-05,938,22.13990844,22.260042,21.9420414,21.97030812,1974063,123411860.0,,
2016-09-06,938,22.07984166,22.32717546,21.7653744,22.32364212,2512421,156517560.0,,
2016-09-07,938,22.23884196,22.57097592,22.23884196,22.34130882,2176359,137895954.0,,
2016-09-08,938,22.3660422,22.5780426,22.30597542,22.43317566,1899731,120874699.0,,
2016-09-09,938,22.56390924,23.06211018,22.4897091,22.66990944,4600647,297031424.0,,
2016-09-12,938,22.28477538,22.37310888,21.47210718,21.4827072,4505416,279125376.0,,
2016-09-13,938,21.68764092,21.70530762,21.51097392,21.63464082,1771140,108365522.0,,
2016-09-14,938,21.55690734,21.72650766,21.38024034,21.4473738,1905639,116116178.0,,
2016-09-19,938,21.49330722,21.72297432,21.49330722,21.53217396,1610048,98376330.0,,
2016-09-20,938,21.57457404,21.6947076,21.50744058,21.60990744,1234067,75389131.0,,
2016-09-21,938,21.55690734,21.72650766,21.55690734,21.6240408,1016633,62361377.0,,
2016-09-22,938,21.66997422,21.8360412,21.5357073,21.59224074,1664051,102063327.0,,
2016-09-23,938,21.60284076,22.3307088,21.59224074,21.91024134,2429654,150820962.0,,
2016-09-26,938,21.8713746,22.0657083,21.4473738,21.49330722,1663066,102456242.0,,
2016-09-27,938,21.51450726,22.06217496,21.4827072,21.93497472,1964151,121419894.0,,
2016-09-28,938,22.0127082,22.2777087,21.84664122,21.9243747,1948125,121226000.0,,
2016-09-29,938,21.9773748,22.4190423,21.84310788,22.3307088,3393175,213710381.0,,
2016-09-30,938,22.21764192,22.36250886,22.1187084,22.1540418,1972226,123918619.0,,
2016-10-10,938,22.39077558,23.0727102,22.3837089,22.76530962,4014155,258437680.0,,
2016-10-11,938,22.75117626,22.7547096,22.47910908,22.57450926,2282795,145860697.0,,
2016-10-12,938,22.5073758,22.67697612,22.39077558,22.5957093,1997432,127537971.0,,
2016-10-13,938,22.58157594,22.7017095,22.25650866,22.30244208,2102410,133656975.0,,
2016-10-14,938,22.32364212,22.42257564,22.2247086,22.36250886,1388469,87709139.0,,
2016-10-17,938,22.4720424,22.96671,22.33424214,22.5250425,4087094,262642362.0,,
2016-10-18,938,22.5603759,22.70877618,22.38724224,22.69817616,2504341,160102405.0,,
2016-10-19,938,22.70877618,22.77590964,22.30950876,22.4013756,3130069,199337699.0,,
2016-10-20,938,22.3307088,22.45790904,22.260042,22.3483755,2008071,126977963.0,,
2016-10-21,938,22.34130882,22.40844228,22.0480416,22.1717085,2275102,142875905.0,,
2016-10-24,938,22.1540418,22.41550896,22.083375,22.33777548,1988376,125403554.0,,
2016-10-25,938,22.34130882,22.4190423,22.29890874,22.32364212,1502985,95041960.0,,
2016-10-26,938,22.32364212,22.4190423,21.9773748,22.05510828,1972606,123758317.0,,
2016-10-27,938,22.11517506,22.11517506,21.8360412,21.906708,1572846,97563958.0,,
2016-10-28,938,21.93497472,22.083375,21.6947076,21.74417436,2249761,138930500.0,,
2016-10-31,938,21.69824094,21.86077458,21.65230752,21.7653744,1736285,106856404.0,,
2016-11-01,938,21.78657444,22.13990844,21.73357434,22.05510828,2383621,148287868.0,,
2016-11-02,938,21.55690734,22.04097492,21.55690734,21.730041,1973096,121549327.0,,
2016-11-03,938,21.6593742,21.96324144,21.59577408,21.73357434,2111933,130383193.0,,
2016-11-04,938,21.82897452,22.07630832,21.7653744,21.8360412,2194858,136064563.0,,
2016-11-07,938,21.906708,21.99150816,21.77597442,21.83250786,1745612,107990075.0,,
2016-11-08,938,21.8713746,22.00564152,21.78657444,21.89257464,2101261,130022236.0,,
2016-11-09,938,21.89610798,21.90317466,21.1470399,21.4297071,3984332,242580078.0,,
2016-11-10,938,21.54630732,21.71944098,21.54630732,21.65230752,2336072,142980756.0,,
2016-11-11,938,21.60284076,21.6593742,21.32017356,21.4827072,2916709,176878733.0,,
2016-11-14,938,21.48977388,21.8537079,21.4827072,21.65584086,2533494,155484265.0,,
2016-11-15,938,21.64524084,21.81484116,21.62757414,21.79364112,2212914,136062837.0,,
2016-11-16,938,21.86077458,22.15050846,21.70530762,22.07630832,4346039,269583088.0,,
2016-11-17,938,21.94557474,22.07630832,21.730041,21.86784126,3046549,188297895.0,,
2016-11-18,938,21.90317466,21.906708,21.54277398,21.68410758,2335191,143638877.0,,
2016-11-21,938,21.56397402,21.91377468,21.56397402,21.65584086,2042735,125416549.0,,
2016-11-22,938,21.6417075,22.52150916,21.6417075,22.3483755,5997250,375931568.0,,
2016-11-23,938,22.3307088,22.35897552,21.906708,22.00917486,3402538,213053367.0,,
2016-11-24,938,21.93497472,22.0127082,21.72297432,21.76890774,2134635,132029017.0,,
2016-11-25,938,21.7830411,22.07630832,21.52157394,21.94557474,3117574,192710821.0,,
2016-11-28,938,22.083375,22.41197562,21.95617476,22.23530862,3809838,239507782.0,,
2016-11-29,938,22.25650866,22.56390924,22.14697512,22.2423753,5035276,318424288.0,,
2016-11-30,938,22.1540418,22.436709,21.9420414,22.436709,3542494,223168452.0,,
2016-12-01,938,22.47557574,22.54624254,22.23177528,22.31657544,3086796,195554578.0,,
2016-12-02,938,22.260042,22.3483755,21.68057424,21.8713746,3380755,210321145.0,,
2016-12-05,938,21.69117426,21.97030812,21.62757414,21.8360412,1786341,110569482.0,,
2016-12-06,938,21.9420414,22.01624154,21.5887074,21.6947076,2061217,126829607.0,,
2016-12-07,938,21.7477077,21.8183745,21.553374,21.79717446,1548529,95256793.0,,
2016-12-08,938,21.83250786,21.93497472,21.74064102,21.79717446,1269668,78499738.0,,
2016-12-09,938,21.75124104,21.75124104,21.553374,21.6947076,2225821,136259879.0,,
2016-12-12,938,21.72650766,21.72650766,20.53223874,20.53223874,3484559,207318469.0,,
2016-12-13,938,20.5463721,20.65943898,19.78317066,20.11177128,2261599,128704058.0,,
2016-12-14,938,20.11883796,20.30610498,19.9987044,20.1047046,1409661,80443377.0,,
2016-12-15,938,19.9280376,20.43330522,19.9280376,20.22130482,1515382,86714583.0,,
2016-12-16,938,20.20717146,20.49690534,20.10117126,20.4050385,1300778,74795654.0,,
2016-12-19,938,20.3873718,20.3873718,19.99163772,20.04463782,1599419,91001322.0,,
2016-12-20,938,20.04463782,20.31317166,20.04463782,20.13650466,1204048,68652143.0,,
2016-12-21,938,20.4227052,21.1647066,20.3520384,20.846706,3100890,182866488.0,,
2016-12-22,938,20.7760392,20.9527062,20.53930542,20.67710568,1502207,88114247.0,,
2016-12-23,938,20.59583886,20.7937059,20.36617176,20.36617176,1031493,59837505.0,,
2016-12-26,938,20.316705,20.54990544,20.1753714,20.48630532,1119749,64713243.0,,
2016-12-27,938,20.4227052,20.60643888,20.30257164,20.32023834,1116335,64438799.0,,
2016-12-28,938,20.45097192,20.45097192,20.06230452,20.09763792,1004038,57414386.0,,
2016-12-29,938,20.03050446,20.26017156,19.963371,19.98810438,1093306,62267179.0,,
2016-12-30,938,19.9987044,20.5287054,19.963371,20.27783826,1691845,97225558.0,,
2017-01-03,938,20.36617176,20.37323844,20.1223713,20.33083836,1286492,73758905.0,,
2017-01-04,938,20.32730502,20.57110548,20.28490494,20.51810538,1480728,85693352.0,,
2017-01-05,938,20.5640388,20.57463882,20.4050385,20.45097192,803976,46572975.0,,
2017-01-06,938,20.50043868,20.62410558,20.14357134,20.2460382,1347235,77549163.0,,
2017-01-09,938,20.16477138,20.39443848,20.16477138,20.25663822,968346,55541609.0,,
2017-01-10,938,20.32023834,20.32023834,20.0870379,20.11530462,988362,56517286.0,,
2017-01-11,938,20.11530462,20.2637049,20.05523784,20.08350456,1042851,59396210.0,,
2017-01-12,938,20.20010478,20.30963832,20.07290454,20.1753714,860041,49090946.0,,
2017-01-13,938,20.1753714,20.2637049,19.79730402,19.86797082,1378335,77876771.0,,
2017-01-16,938,19.8573708,19.88917086,17.97056724,18.63483516,2955083,157513612.0,,
2017-01-17,938,18.39810138,18.73730202,18.1613676,18.6383685,1375585,72029493.0,,
2017-01-18,938,18.64543518,18.70550196,18.41223474,18.57830172,1029637,54044192.0,,
2017-01-19,938,18.6383685,18.64896852,18.3557013,18.51823494,686744,35966321.0,,
2017-01-20,938,18.46523484,19.0270359,18.46523484,18.94223574,1482292,79043091.0,,
2017-01-23,938,18.97756914,19.18250286,18.9563691,19.0447026,1509207,81580632.0,,
2017-01-24,938,19.0447026,19.2743697,18.9563691,19.16130282,1184871,64110141.0,,
2017-01-25,938,19.12596942,19.38390324,19.12596942,19.26730302,704148,38384535.0,,
2017-01-26,938,19.27083636,19.41923664,19.23196962,19.27790304,639977,34957788.0,,
2017-02-03,938,19.31323644,19.40863662,19.08356934,19.15776948,601312,32661563.0,,
2017-02-06,938,19.16483616,19.24963632,18.98463582,19.1683695,1064349,57571607.0,,
2017-02-07,938,19.17190284,19.1860362,18.93516906,18.97050246,832430,44874246.0,,
2017-02-08,938,19.02350256,19.12243608,18.80796882,19.08710268,942282,50532890.0,,
2017-02-09,938,19.10830272,19.78317066,19.03763592,19.57117026,1781763,98092277.0,,
2017-02-10,938,19.5570369,20.8113726,19.36976988,19.9457043,2907900,165472750.0,,
2017-02-13,938,19.95983766,20.20717146,19.79377068,19.96690434,1540034,87229313.0,,
2017-02-14,938,20.07290454,20.2107048,19.8927042,19.98457104,840756,47603843.0,,
2017-02-15,938,19.93510428,20.10823794,19.64890374,19.65950376,1412977,79419360.0,,
2017-02-16,938,19.64890374,19.786704,19.49697012,19.68423714,929373,51623399.0,,
2017-02-17,938,19.60650366,19.81850406,19.32030312,19.34856984,1169127,64459243.0,,
2017-02-20,938,19.36976988,20.5993722,19.36976988,19.78317066,1395012,78179407.0,,
2017-02-21,938,19.78317066,19.95983766,19.6807038,19.92097092,1111693,62554569.0,,
2017-02-22,938,19.95277098,20.04463782,19.76550396,19.87150416,1005828,56475819.0,,
2017-02-23,938,19.89977088,19.95630432,19.67363712,19.8220374,928213,51987485.0,,
2017-02-24,938,19.81497072,19.94217096,19.7513706,19.91743758,946259,53269607.0,,
2017-02-27,938,19.9103709,19.9103709,19.63830372,19.6453704,1064871,59519281.0,,
2017-02-28,938,19.67717046,19.99517106,19.64890374,19.8750375,1018154,57257490.0,,
2017-03-01,938,19.8573708,20.01990444,19.77963732,19.87150416,1405770,79114096.0,,
2017-03-02,938,19.963371,19.963371,19.71957054,19.73723724,945481,53028179.0,,
2017-03-03,938,19.68423714,19.7513706,19.44043668,19.7160372,1177720,65285694.0,,
2017-03-06,938,19.85030412,20.1223713,19.74077058,20.10117126,1931853,109383388.0,,
2017-03-07,938,20.10117126,20.10117126,20.10117126,20.10117126,0,0.0,,
2017-03-08,938,20.10117126,20.10117126,20.10117126,20.10117126,0,0.0,停牌,
2017-03-09,938,20.10117126,20.10117126,20.10117126,20.10117126,0,0.0,停牌,
2017-03-10,938,20.10117126,20.10117126,20.10117126,20.10117126,0,0.0,停牌,
2017-03-13,938,20.10117126,20.10117126,20.10117126,20.10117126,0,0.0,停牌,
2017-03-14,938,20.10117126,20.10117126,20.10117126,20.10117126,0,0.0,停牌,
2017-03-15,938,20.10117126,20.10117126,20.10117126,20.10117126,0,0.0,停牌,
2017-03-16,938,20.10117126,20.10117126,20.10117126,20.10117126,0,0.0,停牌,
2017-03-17,938,20.10117126,20.10117126,20.10117126,20.10117126,0,0.0,停牌,
2017-03-20,938,20.10117126,20.10117126,20.10117126,20.10117126,0,0.0,停牌,
2017-03-21,938,20.10117126,20.10117126,20.10117126,20.10117126,0,0.0,停牌,
2017-03-22,938,20.10117126,20.10117126,20.10117126,20.10117126,0,0.0,停牌,
2017-03-23,938,20.10117126,20.10117126,20.10117126,20.10117126,0,0.0,停牌,
2017-03-24,938,20.10117126,20.10117126,20.10117126,20.10117126,0,0.0,停牌,
2017-03-27,938,20.10117126,20.10117126,20.10117126,20.10117126,0,0.0,停牌,
2017-03-28,938,20.10117126,20.10117126,20.10117126,20.10117126,0,0.0,停牌,
2017-03-29,938,20.10117126,20.10117126,20.10117126,20.10117126,0,0.0,停牌,
2017-03-30,938,20.10117126,20.10117126,20.10117126,20.10117126,0,0.0,停牌,
2017-03-31,938,20.10117126,20.10117126,20.10117126,20.10117126,0,0.0,停牌,
2017-04-05,938,20.10117126,20.10117126,20.10117126,20.10117126,0,0.0,停牌,
2017-04-06,938,20.10117126,20.10117126,20.10117126,20.10117126,0,0.0,停牌,
2017-04-07,938,20.10117126,20.10117126,20.10117126,20.10117126,0,0.0,停牌,
2017-04-10,938,20.10117126,20.10117126,20.10117126,20.10117126,0,0.0,停牌,
2017-04-11,938,20.10117126,20.10117126,20.10117126,20.10117126,0,0.0,停牌,
2017-04-12,938,20.10117126,20.10117126,20.10117126,20.10117126,0,0.0,停牌,
2017-04-13,938,20.10117126,20.10117126,20.10117126,20.10117126,0,0.0,停牌,
2017-04-14,938,20.10117126,20.10117126,20.10117126,20.10117126,0,0.0,停牌,
2017-04-17,938,20.10117126,20.10117126,20.10117126,20.10117126,0,0.0,停牌,
2017-04-18,938,20.10117126,20.10117126,20.10117126,20.10117126,0,0.0,停牌,
2017-04-19,938,20.10117126,20.10117126,20.10117126,20.10117126,0,0.0,停牌,
2017-04-20,938,18.7973688,19.33090314,18.25323444,18.37690134,4855508,255836840.0,,
2017-04-21,938,18.2850345,18.61363512,17.90696712,17.9493672,3686447,189605281.0,,
2017-04-24,938,17.97763392,18.46876818,17.7020334,18.38396802,2925286,150468138.0,,
2017-04-25,938,18.38396802,18.48996822,18.0553674,18.14016756,2206696,114375531.0,,
2017-04-26,938,17.96350056,18.71256864,17.96350056,18.20730102,2678117,139610337.0,,
2017-04-27,938,18.23556774,18.61363512,18.196701,18.5853684,2400858,125589294.0,,
2017-04-28,938,18.38750136,18.550035,18.2850345,18.4263681,2130454,110974753.0,,
2017-05-02,938,18.40516806,18.69490194,18.3027012,18.43343478,2409807,126174458.0,,
2017-05-03,938,18.40163472,18.61363512,18.32390124,18.52176828,1518028,79594716.0,,
2017-05-04,938,18.5147016,18.86450226,18.3910347,18.64190184,2664526,141196189.0,,
2017-05-05,938,18.51823494,19.080036,18.51823494,18.5323683,1270422,67060218.0,,
2017-05-08,938,18.56416836,18.71963532,18.2320344,18.32390124,1448741,76074212.0,,
2017-05-09,938,18.32390124,18.4087014,18.08010078,18.29563452,1488941,76742303.0,,
2017-05-10,938,18.29563452,18.44050146,17.97056724,18.06243408,1324839,68420294.0,,
2017-05-11,938,18.02356734,18.12250086,17.27449926,17.50063302,2474899,123441187.0,,
2017-05-12,938,17.4193662,17.8080336,17.41229952,17.66316666,1234240,61674543.0,,
2017-05-15,938,18.02356734,18.29916786,18.020034,18.12250086,1423597,73139904.0,,
2017-05-16,938,18.0377007,18.373368,18.02710068,18.34510128,1680287,86836948.0,,
2017-05-17,938,18.4440348,19.05176928,18.373368,18.77263542,3088732,163990763.0,,
2017-05-18,938,18.6383685,18.93516906,18.38750136,18.44756814,2299748,121388773.0,,
2017-05-19,938,18.48290154,18.82563552,18.38043468,18.73023534,1555558,81843291.0,,
2017-05-22,938,18.6383685,18.70196862,18.29916786,18.38750136,1400892,73256046.0,,
2017-05-23,938,18.30623454,18.53943498,17.81156694,17.82216696,1695278,87392574.0,,
2017-05-24,938,17.82216696,18.20730102,17.56776648,18.20730102,1752143,89295120.0,,
2017-05-25,938,18.22496772,18.49350156,18.02356734,18.3380346,1413288,72956065.0,,
2017-05-26,938,18.4087014,18.6737019,18.33096792,18.5323683,1504158,78637015.0,,
2017-05-31,938,18.6560352,18.75496872,18.4793682,18.48996822,1769126,92890689.0,,
2017-06-01,938,18.550035,18.550035,18.29563452,18.3027012,1839764,96162387.0,,
2017-06-02,938,18.28856784,18.68076858,17.843367,18.6383685,1926774,99849766.0,,
2017-06-05,938,18.66310188,18.78676878,18.51823494,18.64190184,1628600,86024721.0,,
2017-06-06,938,18.55710168,18.70196862,18.31683456,18.45110148,1592736,83402384.0,,
2017-06-07,938,18.5147016,18.96343578,18.45110148,18.89983566,2907461,154686420.0,,
2017-06-08,938,18.9387024,18.95990244,18.7620354,18.85390224,1685864,89895348.0,,
2017-06-09,938,18.8857023,18.91396902,18.67723524,18.86096892,1506217,80122992.0,,
2017-06-12,938,18.75850206,18.77616876,18.47230152,18.5147016,1659999,87366627.0,,
2017-06-13,938,18.4793682,18.71610198,18.4793682,18.62423514,1461735,77090639.0,,
2017-06-14,938,18.65250186,18.7797021,18.57476838,18.64543518,1126501,59512248.0,,
2017-06-15,938,18.6383685,19.07296932,18.5853684,18.9210357,2375253,127110703.0,,
2017-06-16,938,18.9210357,19.2920364,18.87156894,19.24610298,2556170,138324492.0,,
2017-06-19,938,19.15776948,19.35916986,19.1153694,19.1860362,2125473,115637720.0,,
2017-06-20,938,19.2920364,19.38390324,19.1330361,19.17543618,1367358,74359541.0,,
2017-06-21,938,19.42983666,19.49697012,19.09063602,19.28496972,1939890,105568898.0,,
2017-06-22,938,19.22490294,20.27783826,19.15776948,19.63123704,5641944,316563920.0,,
2017-06-23,938,19.5040368,19.97750436,19.47577008,19.93157094,3583518,200446847.0,,
2017-06-26,938,19.9810377,21.1823733,19.96690434,21.05517306,7338246,430554592.0,,
2017-06-27,938,21.19650666,21.2530401,20.77957254,20.88910608,3814691,226178205.0,,
2017-06-28,938,20.85023934,21.15763992,20.5287054,20.670039,3779961,222789215.0,,
2017-06-29,938,20.70890574,22.20350856,20.70890574,21.54984066,8494966,518700672.0,,
2017-06-30,938,21.30957354,21.71590764,21.20710668,21.59577408,4977884,303032608.0,,
2017-07-03,938,21.6063741,21.79717446,21.27424014,21.40850706,4544603,276180560.0,,
2017-07-04,938,21.553374,21.730041,20.78310588,20.9703729,6211233,370827344.0,,
2017-07-05,938,20.99510628,21.0057063,20.4403719,20.98450626,4920584,289444768.0,,
2017-07-06,938,20.98450626,21.376707,20.7760392,20.846706,4845546,288732080.0,,
2017-07-07,938,20.74407174,20.99536488,20.56710474,20.86086996,3080203,181128604.0,,
2017-07-10,938,20.8113192,20.86086996,20.27687886,20.55648672,5367457,310965216.0,,
2017-07-11,938,20.49631794,20.705139,20.37951972,20.3865984,2991260,173482125.0,,
2017-07-12,938,20.3158116,20.45030652,19.90524816,20.20255272,3622345,205891623.0,,
2017-07-13,938,20.20255272,20.66266692,20.02204638,20.66266692,4703335,270968544.0,,
2017-07-14,938,20.59541946,20.75115042,20.47154256,20.53171134,2681667,156008104.0,,
2017-07-17,938,20.5989588,20.5989588,18.758502,19.20445884,5761020,319666144.0,,
2017-07-18,938,19.12305402,19.60440426,19.12305402,19.38496518,2264618,124257850.0,,
2017-07-19,938,19.22215554,19.8026073,19.22215554,19.75305654,2875874,158795828.0,,
2017-07-20,938,19.6787304,20.01142836,18.98148042,19.08766062,6371964,350479264.0,,
2017-07-21,938,19.35311112,19.6079436,19.11951468,19.42035858,4464271,244338873.0,,
2017-07-24,938,19.42035858,19.42035858,19.0416492,19.2186162,3398460,184039928.0,,
2017-07-25,938,19.18676214,19.31417838,18.9708624,18.97794108,2759390,149035631.0,,
2017-07-26,938,18.9885591,19.0770426,18.70895124,18.758502,2560124,136280506.0,,
2017-07-27,938,18.70895124,19.5371568,18.5107482,19.4309766,3943592,214002032.0,,
2017-07-28,938,19.38850452,19.3955832,19.08058194,19.112436,2366876,128275976.0,,
2017-07-31,938,19.1301327,19.61148294,19.05226722,19.4840667,3282587,180132122.0,,
2017-08-01,938,19.46637,19.56901086,19.3424931,19.46637,2371055,130125816.0,,
2017-08-02,938,19.46637,19.62210096,19.18676214,19.2009195,2717846,148708416.0,,
2017-08-03,938,19.11951468,19.3424931,18.96378372,19.09119996,1893306,102497369.0,,
2017-08-04,938,19.0947393,19.38496518,19.04518854,19.10181798,1924438,104575559.0,,
2017-08-07,938,19.09827864,19.3955832,19.00979514,19.1301327,1861289,100845018.0,,
2017-08-08,938,19.0947393,19.112436,18.9177723,18.97440174,2378151,127686903.0,,
2017-08-09,938,18.96732306,19.08412128,18.935469,19.0416492,1241607,66760105.0,,
2017-08-10,938,19.0770426,19.56547152,18.97794108,19.4840667,4165880,227994751.0,,
2017-08-11,938,19.46283066,19.46283066,18.75496266,18.8469855,3344376,180509852.0,,
2017-08-14,938,18.8469855,19.4309766,18.8115921,19.37434716,2893627,156984737.0,,
2017-08-15,938,19.37434716,19.56547152,19.25754894,19.42743726,2630646,144271783.0,,
2017-08-16,938,19.43805528,19.9795743,19.26462762,19.8556974,4765006,264381309.0,,
2017-08-17,938,19.75305654,21.29266944,19.69996644,20.528172,9270277,537646960.0,,
2017-08-18,938,20.37598038,20.6343522,20.17777734,20.27333952,4594812,264119103.0,,
2017-08-21,938,20.27333952,21.0944664,20.27333952,20.58480144,4940358,289428480.0,,
2017-08-22,938,20.53171134,20.87856666,20.01142836,20.14238394,4918670,282579152.0,,
2017-08-23,938,20.16715932,20.32996896,19.89463014,19.99373166,3143743,178538842.0,,
2017-08-24,938,19.9618776,20.15300196,19.89816948,20.0857545,1928919,109054982.0,,
2017-08-25,938,20.174238,20.22378876,19.82384334,20.06097912,2856279,161867420.0,,
2017-08-28,938,20.16361998,20.73345372,20.06097912,20.56710474,4507888,260618424.0,,
2017-08-29,938,20.5458687,20.6166555,20.30519358,20.37244104,2716724,156636798.0,,
2017-08-30,938,20.44322784,20.62373418,20.27333952,20.4219918,2855094,165084195.0,,
2017-08-31,938,20.4219918,20.64497022,20.3865984,20.58480144,2772471,160761950.0,,
2017-09-01,938,20.60957682,20.69806032,20.28749688,20.55294738,3312539,191526420.0,,
2017-09-04,938,20.55294738,21.40238898,20.42553114,21.23604,8225739,490902608.0,,
2017-09-05,938,21.1298598,21.76340166,21.0059829,21.03429762,6029506,362904752.0,,
2017-09-06,938,20.98474686,21.31744482,20.83963392,21.20772528,4711750,280532304.0,,
2017-09-07,938,21.2006466,21.3422202,20.63789154,20.64143088,5500955,324983424.0,,
2017-09-08,938,20.57418342,20.8644093,20.4219918,20.6697456,3117093,181891415.0,,
2017-09-11,938,20.63081286,20.76884712,20.53879002,20.7228357,1862740,108664346.0,,
2017-09-12,938,20.7405324,21.22542198,20.4927786,20.94581412,3864805,226779979.23,,
2017-09-13,938,20.93165676,20.93165676,20.58834078,20.6520489,2230496,130368125.96,,
2017-09-14,938,20.59188012,21.02014026,20.57772276,20.74761108,2810048,165247599.14,,
2017-09-15,938,20.7228357,20.7228357,20.14592328,20.23086744,4058923,233185343.79,,
2017-09-18,938,20.2450248,20.5989588,20.19547404,20.37244104,2815794,162161003.72,,
2017-09-19,938,20.4927786,20.4927786,20.1388446,20.14592328,2795461,160302604.52,,
2017-09-20,938,20.13176592,21.5368839,20.13176592,21.23604,9932320,589622434.07,,
2017-09-21,938,21.23604,21.31390548,20.73345372,20.8113192,6070056,360254162.85,,
2017-09-22,938,20.87502732,21.17587122,20.77238646,20.95643214,4289184,253914049.48,,
2017-09-25,938,21.059073,21.413007,20.4927786,20.5812621,4957679,293746273.6,,
2017-09-26,938,20.48216058,20.51401464,20.14238394,20.29103622,3028530,173240067.11,,
2017-09-27,938,20.2981149,21.08738772,20.18131668,20.9528928,4601325,268455766.97,,
2017-09-28,938,20.8644093,21.3953103,20.78300448,21.03783696,6485286,387334236.49,,
2017-09-29,938,21.2183433,22.00761612,21.05199432,21.766941,9422284,575044828.28,,
2017-10-09,938,22.1562684,23.31717192,22.1562684,22.43587626,10119590,649119106.33,,
2017-10-10,938,22.52082042,22.82520366,22.2270552,22.57391052,6067672,386401154.96,,
2017-10-11,938,22.59514656,22.9172265,22.120875,22.1916618,6667960,422628813.12,,
2017-10-12,938,22.26952728,22.51728108,22.02177348,22.34385342,4998779,314733695.83,,
2017-10-13,938,22.34031408,22.34385342,22.01115546,22.13503236,3245395,202835653.19,,
2017-10-16,938,22.12795368,22.5809892,21.8731212,21.8731212,5535226,348087216.64,,
2017-10-17,938,21.7138509,21.99345876,21.413007,21.86604252,3591208,220533251.97,,
2017-10-18,938,21.8377278,22.15980774,21.49441182,21.589974,3607927,223086603.44,,
2017-10-19,938,21.56519862,21.76340166,21.1652532,21.25019736,3406540,205930392.74,,
2017-10-20,938,21.23250066,21.45193974,20.88918468,21.44132172,3296238,197308883.5,,
2017-10-23,938,21.34575954,21.54396258,21.3068268,21.49087248,2547465,154056679.25,,
2017-10-24,938,21.4837938,21.48733314,20.91042072,21.20772528,3069194,183348701.74,,
2017-10-25,938,21.2714334,21.44486106,21.19002858,21.3953103,2461078,148383019.24,,
2017-10-26,938,21.40592832,22.0500882,21.2714334,21.9969981,5130518,315677726.32,,
2017-10-27,938,21.943908,21.943908,21.62182806,21.6961542,3317112,204153039.73,,
2017-10-30,938,21.65368212,22.29430266,21.37053492,22.1739651,6906031,429123701.91,,
2017-10-31,938,22.1916618,22.4217189,21.98284074,22.35447144,5014944,315260835.25,,
2017-11-01,938,22.34385342,22.7048661,22.08902094,22.11379632,6597672,417789356.49,,
2017-11-02,938,22.05362754,22.3332354,21.82357044,21.9969981,4083140,254935512.36,,
2017-11-03,938,22.0323915,22.73318082,21.943908,22.64823666,7302590,464352864.86,,
2017-11-06,938,22.67655138,23.00571,22.43587626,22.98093462,7113748,457477477.88,,
2017-11-07,938,22.96677726,23.3065539,22.80042828,23.04818208,7678054,501078881.79,,
2017-11-08,938,23.10835086,23.5012176,22.6340793,22.6694727,7466405,486510194.06,,
2017-11-09,938,22.58806788,23.6781846,22.4394156,23.6781846,8968401,583912448.67,,
2017-11-10,938,23.59677978,24.41790666,23.54015034,23.78790414,9605706,648574483.28,,
2017-11-13,938,23.8197582,25.05498786,23.713578,25.0231338,11090868,767205337.08,,
2017-11-14,938,24.952347,25.05498786,24.1206021,24.26571504,8511351,592032070.6,,
2017-11-15,938,24.244479,25.3416744,24.18077088,24.70813254,10075993,705129026.1,,
2017-11-16,938,25.09745994,25.24965156,24.067512,24.66566046,9218546,639672721.03,,
2017-11-17,938,24.44976072,24.97712238,23.52953232,23.5720044,9439147,648128514.57,,
2017-11-20,938,23.6073978,25.92920484,23.53307166,25.92920484,16064706,1138394025.87,,
2017-11-21,938,26.01060966,27.10426572,25.55757414,26.27606016,15560619,1154003358.22,,
2017-11-22,938,26.1734193,27.64578474,25.85133936,26.9343774,15309198,1156683047.3,,
2017-11-23,938,26.62291548,26.85651192,25.38060714,25.40184318,11065629,818319042.93,,
2017-11-24,938,25.45139394,26.06369976,24.41082798,24.598413,9567097,685315588.49,,
2017-11-27,938,24.78953736,25.47262998,23.79498282,24.08166936,9866434,687358076.9,,
2017-11-28,938,24.02150058,25.54695612,23.85161226,25.38060714,10716012,745104584.54,,
2017-11-29,938,25.129314,25.129314,23.6427912,24.3506592,9930049,685625087.29,,
2017-11-30,938,23.8197582,24.20200692,23.536611,23.65340922,6886620,463781887.75,,
2017-12-01,938,23.713578,24.37897392,23.59324044,23.98256784,7464482,507251630.34,,
2017-12-04,938,23.92239906,23.92239906,22.86059706,22.8995298,8628602,563778029.76,,
2017-12-05,938,22.99509198,23.10835086,22.03947018,22.27660596,7829247,498578089.93,,
2017-12-06,938,22.38986484,22.92076584,22.1739651,22.83228234,6756333,430275003.28,,
2017-12-07,938,22.66239402,22.75441686,22.23059454,22.27660596,4458047,283567253.99,,
2017-12-08,938,22.2270552,23.0764968,22.19520114,22.84997904,6674560,430777071.15,,
2017-12-11,938,23.6427912,24.06397266,23.5189143,23.65694856,10637477,715469394.68,,
2017-12-12,938,23.67464526,23.88346632,23.38795872,23.39857674,5842566,389655702.21,,
2017-12-13,938,23.23222776,23.72773536,23.182677,23.65694856,4074464,271417579.62,,
2017-12-14,938,23.61093714,24.35773788,23.59324044,24.17015286,7799052,529451852.56,,
2017-12-15,938,24.1206021,24.39667062,23.359644,23.5012176,6360619,428840606.79,,
2017-12-18,938,23.46228486,23.46228486,22.297842,22.62346128,5758974,371337285.27,,
2017-12-19,938,22.62346128,23.07295746,22.61284326,22.93138386,2813952,181946509.9,,
2017-12-20,938,23.00217066,23.01632802,22.3686288,22.60930392,3402343,217696193.04,,
2017-12-21,938,22.60930392,23.28177852,22.42525824,23.182677,4514464,293032840.6,,
2017-12-22,938,23.10835086,23.59324044,23.0234067,23.4658242,4161251,274552006.24,,
2017-12-25,938,23.3950374,23.7666681,23.29239654,23.50829628,4027468,267948500.4,,
2017-12-26,938,23.50829628,23.70649932,23.0411034,23.61447648,3834476,253782565.02,,
2017-12-27,938,23.59677978,25.96459824,23.50829628,24.35419854,8844492,615302041.24,,
2017-12-28,938,24.66566046,26.75033172,24.24801834,26.6512302,16015383,1164094710.5,,
2017-12-29,938,25.9787556,26.1557226,25.22841552,25.49386602,12354355,896544979.03,,
2018-01-02,938,25.6248216,25.86903606,25.15762872,25.57881018,5887337,424166770.28,,
2018-01-03,938,25.5540348,26.18757666,25.54695612,25.62836094,6714791,488682538.69,,
2018-01-04,938,25.660215,26.10617184,25.21071882,25.47616932,6539371,473738714.29,,
2018-01-05,938,25.38060714,25.5894282,24.88863888,25.02667314,6350202,451170461.62,,
2018-01-08,938,25.0762239,25.306281,24.37543458,24.70105386,5733007,398554116.08,,
2018-01-09,938,24.70813254,24.93111096,24.48515412,24.88509954,4628387,323460331.64,,
2018-01-10,938,24.7930767,25.11869598,24.421446,24.77538,4449892,311341020.82,,
2018-01-11,938,24.7576833,25.8017886,24.53470488,25.5540348,8158276,585658917.67,,
2018-01-12,938,25.4124612,25.83364266,25.04790918,25.06914522,5253333,376110666.32,,
2018-01-15,938,25.03021248,25.03021248,23.1472836,23.27823918,9089928,612445589.43,,
2018-01-16,938,23.21453106,23.56492572,22.93846254,23.16144096,5098953,334176187.14,,
2018-01-17,938,23.1472836,23.24992446,22.28368464,23.06941812,5436979,349145734.07,,
2018-01-18,938,23.0588001,23.21099172,22.7933496,23.06941812,2480761,161428752.65,,
2018-01-19,938,22.7579562,23.4481275,22.7579562,23.18975568,3264294,214243428.85,,
2018-01-22,938,23.26054248,23.67110592,22.87829376,23.3950374,3618049,238444437.57,,
2018-01-23,938,23.536611,23.5720044,23.22160974,23.25700314,2362589,155690732.03,,
2018-01-24,938,23.28177852,24.1382988,22.76149554,23.77374678,5400711,358334855.91,,
2018-01-25,938,23.74543206,23.93655642,23.3065539,23.33132928,3204314,213601696.83,,
2018-01-26,938,23.49413892,23.8551516,23.2711605,23.2711605,3214399,213808584.81,,
2018-01-29,938,23.00571,23.06941812,22.1562684,22.35447144,5403307,343931240.43,,
2018-01-30,938,22.36508946,22.4571123,22.18812246,22.35447144,1631987,103093759.5,,
2018-01-31,938,22.29430266,22.4394156,21.3599169,21.43424304,4005879,245125970.23,,
2018-02-01,938,21.43778238,21.72800826,20.9528928,21.08030904,3425651,206374365.98,,
2018-02-02,938,20.9882862,21.5368839,20.59188012,21.23957934,2288014,137151650.3,,
2018-02-05,938,20.8644093,21.29266944,20.6343522,20.89272402,2100724,124663697.11,,
2018-02-06,938,20.174238,20.46446388,19.0770426,19.112436,5177469,290412337.84,,
2018-02-07,938,19.66811238,19.88401212,18.87530022,19.60440426,4329825,239650629.24,,
2018-02-08,938,19.62210096,20.351205,19.62210096,20.01850704,2978930,169063999.89,,
2018-02-09,938,19.5371568,19.997271,19.11597534,19.61856162,3274219,180782576.56,,
2018-02-12,938,19.820304,20.5812621,19.820304,20.3865984,2913984,166802377.38,,
2018-02-13,938,20.41137378,20.7405324,20.2450248,20.2981149,2510228,145011895.02,,
2018-02-14,938,20.29457556,20.4396885,19.98665298,20.12822658,2149308,122037336.47,,
2018-02-22,938,20.51401464,21.3068268,20.30165424,21.01660092,3130098,185220680.8,,
2018-02-23,938,21.1829499,21.20418594,20.77946514,21.04845498,2992083,177415881.48,,
2018-02-26,938,21.17587122,21.82357044,20.92103874,21.52272654,4298056,260745283.4,,
2018-02-27,938,21.5545806,22.02531282,21.4484004,21.52626588,3730211,228813357.95,,
2018-02-28,938,21.23604,21.8200311,21.0944664,21.413007,2770121,168388715.69,,
2018-03-01,938,21.3422202,23.5543077,21.31036614,23.5543077,15041449,979042812.55,,
2018-03-02,938,23.8551516,24.02150058,23.25700314,23.74189272,11684525,781359420.98,,
2018-03-05,938,23.73835338,24.52054752,23.5897011,24.421446,10799764,732352495.43,,
2018-03-06,938,24.2090856,24.36481656,23.6604879,23.90116302,7396158,500647361.82,,
2018-03-07,938,23.74189272,24.10644474,23.43397014,23.60031912,4984621,334502595.12,,
2018-03-08,938,23.54722902,23.87638764,23.40565542,23.66756658,3850496,257262343.25,,
2018-03-09,938,23.6073978,24.45330006,23.536611,24.10644474,6568445,447061700.94,,
2018-03-12,938,24.42852468,25.2708876,24.29049042,24.3860526,8933315,625027980.64,,
2018-03-13,938,24.1382988,25.29920232,24.08166936,24.6338064,8497300,596961651.62,,
2018-03-14,938,24.4391427,25.129314,23.890545,23.91532038,6065742,420135900.97,,
2018-03-15,938,23.8374549,24.20200692,23.536611,24.1913889,4607704,311155380.3,,
2018-03-16,938,24.1382988,24.39667062,23.64633054,23.66756658,3697369,250832759.47,,
2018-03-19,938,23.4658242,24.59487366,23.4658242,24.14537748,5657778,386916171.44,,
2018-03-20,938,24.067512,24.1736922,23.68880262,24.07813002,3449772,233261417.43,,
2018-03-21,938,24.24801834,24.91341426,23.8551516,24.01796124,5598595,387848175.93,,
2018-03-22,938,23.92239906,24.59487366,23.65340922,23.69942064,4968331,338457196.13,,
2018-03-23,938,22.6340793,22.87829376,21.34929888,21.60413136,9481442,594216072.77,,
2018-03-26,938,21.23604,22.6163826,21.23604,22.55267448,5952020,372188689.28,,
2018-03-27,938,22.90306914,23.95425312,22.71548412,23.78790414,7463599,493873455.48,,
2018-03-28,938,23.359644,24.4922328,23.29239654,24.06043332,6343475,428440451.01,,
2018-03-29,938,23.9967252,24.75060462,23.69234196,24.30818712,6859962,470481177.34,,
2018-03-30,938,24.54886224,26.3326896,24.5099295,25.7840919,13988194,1010484262.48,,
2018-04-02,938,26.2972962,28.36427076,26.2795995,28.36427076,18201661,1415931004.6,,
2018-04-03,938,28.25101188,28.93056516,27.40157028,28.59432786,17689723,1410257723.19,,
2018-04-04,938,28.4562936,28.4562936,27.24583932,27.3767949,10201574,801654074.3,,
2018-04-09,938,27.00870354,27.25645734,26.2972962,26.69724162,12638253,954597694.46,,
2018-04-10,938,26.83527588,26.83527588,26.02476702,26.5981401,9691499,723648693.64,,
2018-04-11,938,26.5981401,27.0228609,26.2795995,26.37870102,9169743,691188333.58,,
2018-04-12,938,26.30083554,26.62645482,25.68852972,25.8548787,7150850,526741230.4,,
2018-04-13,938,26.18403732,26.29375686,25.82656398,25.8902721,6170972,454270806.66,,
2018-04-16,938,25.7310018,27.0051642,25.69914774,26.80696116,12174864,913590383.68,,
2018-04-17,938,26.9874675,27.56437992,25.48678734,25.87611474,12329016,928828129.86,,
2018-04-18,938,26.24774544,28.46337228,25.67083302,28.10943828,16060966,1244050614.54,,
2018-04-19,938,27.96786468,28.13421366,27.05117562,27.24229998,12990156,1009394263.89,,
2018-04-20,938,26.9697708,28.13067432,26.77864644,27.10426572,11078606,860636277.3,,
2018-04-23,938,27.25999668,27.56084058,25.4478546,25.7663952,10293689,762167040.86,,
2018-04-24,938,25.6248216,26.4211731,24.067512,26.2972962,8842345,634328760.83,,
2018-04-25,938,25.9433622,27.5537619,25.84072134,27.38741292,9577764,729975300.08,,
2018-04-26,938,26.898984,26.898984,26.08139646,26.20173402,6588006,493663538.16,,
2018-04-27,938,26.5804434,26.67600558,25.129314,25.49032668,5089181,371010527.77,,
2018-05-02,938,25.5186414,26.191116,25.33459572,25.5717315,3693122,268344572.26,,
2018-05-03,938,25.4655513,25.5894282,24.26925438,25.42661856,6272730,441445458.51,,
2018-05-04,938,25.3947645,26.3326896,25.129314,25.41600054,4887475,355648815.33,,
2018-05-07,938,25.4478546,26.18403732,25.44077592,26.08139646,3928448,287899861.81,,
2018-05-08,938,26.08139646,26.191116,25.61774292,25.84072134,3760576,274054974.98,,
2018-05-09,938,25.84780002,26.16634062,25.62836094,25.71684444,2905093,212453030.63,,
2018-05-10,938,25.8017886,25.83010332,24.84262746,25.11869598,4520945,322807869.27,,
2018-05-11,938,25.12223532,25.32043836,24.52054752,24.6161097,4034122,283236846.0,,
2018-05-14,938,24.80369472,25.2354942,24.3860526,24.75060462,3789626,265935812.63,,
2018-05-15,938,24.7576833,25.68499038,24.6338064,25.60358556,4569982,323703157.79,,
2018-05-16,938,25.47970866,25.5717315,25.129314,25.29920232,3515796,251794950.8,,
2018-05-17,938,25.25673024,25.6956084,25.0585272,25.21071882,2850046,204343172.27,,
2018-05-18,938,25.08684192,25.41600054,24.7045932,25.11869598,2836151,200462781.0,,
2018-05-21,938,24.952347,26.10971118,24.9346503,26.03892438,6146630,446580238.51,,
2018-05-22,938,26.0849358,26.18049798,25.68852972,26.03892438,3626883,265442735.53,,
2018-05-23,938,25.95751956,26.6866236,25.837182,25.9964523,5934365,439835547.61,,
2018-05-24,938,25.97167692,26.50257792,25.88673276,26.191116,4307586,318832018.88,,
2018-05-25,938,26.21235204,26.2795995,24.90279624,24.93111096,5387337,387596785.01,,
2018-05-28,938,24.9877404,25.0585272,24.14537748,24.1913889,5310915,368399802.54,,
2018-05-29,938,24.23032164,24.69751452,24.0498153,24.07813002,3174064,218178401.79,,
2018-05-30,938,23.91885972,24.48161478,23.5720044,23.93655642,3165434,215805081.08,,
2018-05-31,938,24.1736922,24.3152658,23.182677,23.8197582,4048196,271157720.27,,
2018-06-01,938,23.78082546,23.95071378,23.19683436,23.29239654,2459360,163355001.17,,
2018-06-04,938,23.49413892,23.6604879,22.83228234,23.359644,3097051,204206745.66,,
2018-06-05,938,23.536611,24.00026454,23.43750948,23.97548916,3095109,207630175.03,,
2018-06-06,938,23.96841048,24.15953484,23.74189272,23.87638764,2465995,166968034.22,,
2018-06-07,938,24.067512,24.2267823,23.713578,23.74543206,1972066,133445799.22,,
2018-06-08,938,23.77728612,24.02503992,23.359644,23.51537496,2335544,156319068.66,,
2018-06-11,938,23.5012176,23.5012176,22.97385594,23.05526076,2311983,151197971.62,,
2018-06-12,938,23.0588001,23.33840796,22.72964148,23.2534638,2212153,143788532.37,,
2018-06-13,938,23.00571,23.86223028,22.9703166,23.182677,2656191,176025092.69,,
2018-06-14,938,23.15790162,23.59324044,22.8995298,23.21453106,2911317,191146170.45,,
2018-06-15,938,23.182677,23.36672268,22.5102024,22.54913514,3263136,209954768.7,,
2018-06-19,938,22.30138134,22.71902346,20.29457556,20.705139,5410077,326493849.38,,
2018-06-20,938,20.7228357,21.3245235,20.6166555,21.15463518,3571690,211916047.6,,
2018-06-21,938,21.14047782,21.3068268,20.2450248,20.27333952,3251913,189996040.68,,
2018-06-22,938,20.08929384,20.882106,19.9264842,20.60249814,2489283,144486714.07,,
2018-06-25,938,20.882106,20.9705895,20.34412632,20.37244104,2308917,134887577.15,,
2018-06-26,938,19.93710222,21.2714334,19.93002354,21.08384838,3626544,213997516.49,,
2018-06-27,938,21.1298598,21.3776136,20.7582291,20.8290159,3249712,192951007.63,,
2018-06-28,938,20.92457808,21.28205142,20.8290159,20.9351961,3014444,179734379.29,,
2018-06-29,938,21.05553366,22.27306662,20.99536488,22.1562684,6865065,420558174.48,,
2018-07-02,938,22.1562684,22.3155387,21.70677222,21.94036866,3967688,246703103.11,,
2018-07-03,938,21.9969981,23.0941935,21.7846377,22.87121508,5514304,349082572.07,,
2018-07-04,938,22.651776,22.80042828,21.6961542,21.90497526,4217489,263439412.66,,
2018-07-05,938,22.01930498,22.01930498,20.632223,20.88577562,5299286,225907039.46,,
2018-07-06,938,20.89074724,21.53705784,20.383642,21.08464042,6186378,262531759.84,,
2018-07-09,938,21.02000936,21.4773984,20.79628646,21.4525403,4067357,174161789.0,,
2018-07-10,938,21.3531079,21.5271146,21.0548107,21.44756868,3565204,152634354.28,,
2018-07-11,938,21.00012288,21.04486746,19.7621895,20.30409608,6197692,254308806.19,,
2018-07-12,938,20.2842096,21.6762632,20.18974882,21.33322142,7464904,318321825.49,,
2018-07-13,938,21.34316466,21.74089426,21.3282498,21.6016889,4594605,198898650.29,,
2018-07-16,938,21.7011213,22.620871,21.7011213,22.2231414,6836043,305256237.02,,
2018-07-17,938,22.18336844,22.53635346,21.88009962,22.32754542,5222567,233439888.55,,
2018-07-18,938,22.41703458,22.83465066,21.8999861,21.9497023,4351184,194471638.97,,
2018-07-19,938,22.01930498,22.08890766,21.4773984,21.66134834,4168525,182308413.6,,
2018-07-20,938,21.48237002,22.36234676,21.4773984,22.2728576,5870814,260573027.57,,
2018-07-23,938,22.2728576,23.46107478,22.00936174,23.28209646,10774096,499825234.98,,
2018-07-24,938,23.3168978,24.112357,22.9191682,23.3168978,7972652,376219147.37,,
2018-07-25,938,23.4163302,25.64858758,23.33678428,24.9575324,14959659,739842234.18,,
2018-07-26,938,23.863776,24.4106542,23.40638696,23.77428684,11161236,536922943.59,,
2018-07-27,938,23.7146274,23.7643436,23.07328842,23.3168978,4526294,212826706.2,,
2018-07-30,938,23.28209646,23.69474092,22.92911144,23.1926073,3854272,180201758.89,,
2018-07-31,938,23.1926073,24.45539878,23.1926073,23.8886341,6259610,300128536.81,,
2018-08-01,938,24.112357,24.24659074,23.37655724,23.4163302,5396808,258265297.6,,
2018-08-02,938,23.10311814,23.615195,22.48663726,23.45610316,5236965,241874937.87,,
2018-08-03,938,23.27215322,23.46107478,22.57612642,22.5960129,3733395,172526701.3,,
2018-08-06,938,22.37726162,22.5462967,20.6819392,20.79628646,7764787,335683740.76,,
2018-08-07,938,20.92554858,21.44756868,20.39855686,21.44259706,6739015,284666203.07,,
2018-08-08,938,21.2536755,21.5022565,20.2842096,20.3339258,7619624,317741908.69,,
2018-08-09,938,20.47313116,22.31263056,20.3587839,21.7756956,9824233,425061392.0,,
2018-08-10,938,21.8502699,22.5462967,21.626547,22.46177916,8844475,395100729.52,,
2018-08-13,938,22.8197358,23.94829354,22.61589938,23.7892017,11168186,523486980.63,,
2018-08-14,938,23.366614,23.84886114,23.15780596,23.67982606,6819889,322988114.09,,
2018-08-15,938,23.7146274,24.2615056,23.22740864,23.25723836,8475135,403554792.48,,
2018-08-16,938,22.7948777,23.7892017,22.52641022,23.0683168,6521424,306130377.25,,
2018-08-17,938,23.5157626,23.74942874,22.24302788,22.24302788,7242419,334334198.56,,
2018-08-20,938,22.50155212,23.4163302,22.27782922,23.22740864,7980286,366753301.27,,
2018-08-21,938,23.3168978,23.85383276,22.87442362,23.5406207,7373900,347270008.62,,
2018-08-22,938,23.35169914,23.69474092,22.9440263,23.04843032,4908176,229419485.95,,
2018-08-23,938,22.92413982,23.7892017,22.92413982,23.5157626,7385388,349480673.1,,
2018-08-24,938,23.47101802,23.51079098,22.6705872,22.89928172,7361781,340545263.35,,
2018-08-27,938,23.00368574,24.00298136,22.97385602,23.8140598,9031513,428652749.86,,
2018-08-28,938,23.85383276,24.1620732,23.52073422,23.7146274,7148249,341498414.77,,
2018-08-29,938,23.65496796,23.7643436,23.02357222,23.42627344,6375398,298767060.1,,
2018-08-30,938,23.37655724,23.4411883,22.37726162,22.48663726,8763826,400288380.04,,
2018-08-31,938,22.37229,22.6954453,22.123709,22.37229,4476881,201736851.39,,
2018-09-03,938,22.38223324,22.45183592,21.42271058,22.32754542,5672416,249314080.0,,
2018-09-04,938,22.2479995,22.90425334,22.02924822,22.66561558,5415135,244952505.52,,
2018-09-05,938,22.5711548,22.5711548,21.377966,21.4525403,9149591,400111377.14,,
2018-09-06,938,21.18407282,21.86021314,21.1791012,21.45751192,4493437,194677087.56,,
2018-09-07,938,21.5271146,21.84032666,20.52284736,20.7813716,6555333,277333790.41,,
2018-09-10,938,20.94046344,21.0299526,20.4085001,20.54273384,3573011,148716410.66,,
2018-09-11,938,20.69685406,21.01503774,20.51290412,20.73662702,3348506,139786665.21,,
2018-09-12,938,20.82611618,21.18904444,20.7316554,20.84103104,4050603,170846308.38,,
2018-09-13,938,21.1791012,21.36802276,20.69685406,21.0548107,3908116,165634207.7,,
2018-09-14,938,21.0548107,21.12441338,20.47810278,20.56262032,3338497,139227510.69,,
2018-09-17,938,20.52781898,20.52781898,20.0356286,20.06545832,2722446,110621329.86,,
2018-09-18,938,19.94116782,20.52284736,19.94116782,20.51290412,3033574,124012157.71,,
2018-09-19,938,20.47313116,21.3033917,20.3587839,20.97526478,4803361,202023202.39,,
2018-09-20,938,20.9305202,21.08961204,20.78634322,20.81120132,2006446,84323029.94,,
2018-09-21,938,20.9056621,21.2536755,20.6819392,21.09458366,3126646,132052348.64,,
2018-09-25,938,21.02000936,21.4773984,20.89074724,21.2039593,2806992,119943135.82,,
2018-09-26,938,21.3531079,21.4276822,21.0548107,21.3282498,2885011,123336996.33,,
2018-09-27,938,21.21887416,21.4276822,20.86091752,20.91063372,2800420,118953856.19,,
2018-09-28,938,20.880804,21.1045269,20.72171216,20.94543506,2382816,100363544.1,,
2018-10-08,938,20.31403932,20.37369876,19.47880716,19.54343822,5184456,207720790.08,,
2018-10-09,938,19.55835308,19.8616219,19.40423286,19.51858012,2611013,102769404.37,,
2018-10-10,938,19.6130409,20.38861362,18.90707086,19.7373314,4273773,168043185.95,,
2018-10-11,938,18.88718438,19.51858012,17.76359826,17.88788876,6637490,246234514.33,,
2018-10-12,938,17.88788876,18.0469806,16.8040756,17.649251,5469367,192042402.71,,
2018-10-15,938,17.76856988,18.05692384,17.0775147,17.10734442,3734344,132367561.95,,
2018-10-16,938,17.10734442,17.5249605,15.89924076,16.0086164,7119586,238543427.28,,
2018-10-17,938,16.49583516,16.80904722,16.157765,16.72452968,7347426,244179544.38,,
2018-10-18,938,16.59526756,17.0526566,16.44611896,16.6300689,5241428,176962645.03,,
2018-10-19,938,16.6300689,16.6300689,16.6300689,16.6300689,0,0.0,,
2018-10-22,938,16.6300689,16.6300689,16.6300689,16.6300689,0,0.0,停牌,
2018-10-23,938,16.6300689,16.6300689,16.6300689,16.6300689,0,0.0,停牌,
2018-10-24,938,16.6300689,16.6300689,16.6300689,16.6300689,0,0.0,停牌,
2018-10-25,938,16.6300689,16.6300689,16.6300689,16.6300689,0,0.0,停牌,
2018-10-26,938,16.84882018,18.146413,16.7046432,17.11231604,8350124,294327229.21,,
2018-10-29,938,17.28632274,17.36586866,16.58532432,16.88859314,5358989,182466594.89,,
2018-10-30,938,16.8040756,16.88859314,15.35236256,16.23731092,7140580,229987439.08,,
2018-10-31,938,16.27211226,16.73447292,16.26714064,16.50080678,4598953,152830416.04,,
2018-11-01,938,17.0029404,17.74371178,16.98305392,17.23163492,9199928,320069108.36,,
2018-11-02,938,17.5995348,17.83817256,17.43547134,17.81331446,7855954,279001694.37,,
2018-11-05,938,17.89286038,17.89286038,17.43049972,17.81331446,5133459,182161501.28,,
2018-11-06,938,17.84314418,18.77780874,17.81331446,18.27567512,10223176,377710924.07,,
2018-11-07,938,17.897832,18.37510752,17.6741091,17.91274686,6763154,245842452.36,,
2018-11-08,938,18.09172518,18.18618596,17.6989672,17.897832,5234787,188993186.28,,
2018-11-09,938,17.84314418,17.8729739,17.4752443,17.649251,4275890,152206749.3,,
2018-11-12,938,17.51501726,18.22595892,17.51501726,18.22595892,5333302,192715570.29,,
2018-11-13,938,17.97737792,18.4695683,17.86303066,18.23590216,6061628,221632350.1,,
2018-11-14,938,18.0966968,18.57894394,17.95749144,18.394994,6127494,225652742.65,,
2018-11-15,938,18.146413,18.88718438,18.146413,18.88221276,7313922,273439675.82,,
2018-11-16,938,18.892156,19.32468694,18.6187169,19.05621946,7508058,286363672.55,,
2018-11-19,938,18.92198572,18.98661678,18.65351824,18.78775198,4650468,175583235.69,,
2018-11-20,938,18.63860338,19.05124784,18.33533456,18.40990886,6111528,229027547.32,,
2018-11-21,938,18.01715088,18.31047646,17.95251982,18.24087378,3725108,135912002.32,,
2018-11-22,938,18.3452778,18.46459668,18.1712711,18.29058998,2510871,92510304.57,,
2018-11-23,938,18.27567512,18.29058998,17.31118084,17.31118084,5055092,181063043.64,,
2018-11-26,938,17.3260957,17.52993212,17.05762822,17.19186196,2993152,104114506.73,,
2018-11-27,938,17.3012376,17.63433614,17.2515214,17.3758119,2618987,91905568.25,,
2018-11-28,938,17.46530106,17.7735415,17.3012376,17.71885368,3546158,125414071.69,,
2018-11-29,938,17.9226901,18.00223602,17.40067,17.40067,3120416,111408500.85,,
2018-11-30,938,17.40564162,17.4503862,16.76927426,17.38575514,2860161,98670667.35,,
2018-12-03,938,17.897832,18.18618596,17.6989672,18.18618596,5776355,208723794.05,,
2018-12-04,938,17.9724063,18.1961292,17.91771848,18.09172518,3615817,131183185.42,,
2018-12-05,938,17.7486834,17.88788876,17.66913748,17.71885368,2909510,103919988.1,,
2018-12-06,938,17.649251,17.73874016,17.2018052,17.21672006,3483173,122314764.91,,
2018-12-07,938,17.3509538,17.60947804,17.26643626,17.46530106,2388461,83841685.9,,
2018-12-10,938,17.0526566,17.3758119,16.9532242,17.0775147,2240720,77303094.94,,
2018-12-11,938,17.09242956,17.34101056,17.09242956,17.26146464,1428341,49473423.09,,
2018-12-12,938,17.39569838,17.39569838,17.04768498,17.0775147,1581777,54593201.84,,
2018-12-13,938,17.152089,17.38078352,16.97311068,17.27140788,2161535,75057923.09,,
2018-12-14,938,17.09242956,17.21672006,16.56543784,16.64001214,2936405,99786484.24,,
2018-12-17,938,16.57040946,16.76430264,16.4312041,16.56046622,2192186,73132363.08,,
2018-12-18,938,16.56046622,16.66984186,16.22239606,16.31685684,2496596,82301507.97,,
2018-12-19,938,16.41131762,16.47594868,16.06330422,16.12793528,2002906,65560396.36,,
2018-12-20,938,16.07821908,16.2820555,15.9837583,16.21245282,1849316,60134482.73,,
2018-12-21,938,16.19256634,16.19256634,15.54625574,15.6854611,3707656,118003581.39,,
2018-12-24,938,15.660603,16.0583326,15.57111384,16.04838936,3160967,101165434.38,,
2018-12-25,938,15.95392858,16.11302042,15.42196524,16.1080488,3780007,119868167.05,,
2018-12-26,938,15.909184,16.06827584,15.82963808,15.82963808,2724598,87241900.98,,
2018-12-27,938,16.11799204,16.157765,15.55619898,15.55619898,3013342,96498913.44,,
2018-12-28,938,15.5860287,15.8097516,15.39213552,15.54128412,2383556,74674333.99,,
2019-01-02,938,15.6357449,15.75506378,15.50151116,15.6108868,1925894,60512651.7,,
2019-01-03,938,15.52139764,15.80477998,15.44185172,15.47665306,1936325,60713947.23,,
2019-01-04,938,15.3623058,15.92907048,15.16841262,15.85449618,3800188,119252210.32,,
2019-01-07,938,15.9340421,16.29697036,15.8594678,16.25222578,5011199,162834623.02,,
2019-01-08,938,16.19256634,16.35165818,16.0086164,16.06330422,3032440,98386868.91,,
2019-01-09,938,16.157765,16.5057784,16.04838936,16.11799204,4692979,153454668.21,,
2019-01-10,938,16.04838936,16.13787852,15.75009216,15.81472322,4547854,145533779.43,,
2019-01-11,938,15.96884344,16.14285014,15.909184,16.12793528,4191015,135437359.18,,
2019-01-14,938,16.1329069,16.23731092,15.9340421,16.02353126,2648350,85620025.79,,
2019-01-15,938,16.01855964,16.29697036,15.94895696,16.29697036,3760508,122024263.36,,
2019-01-16,938,16.3069136,16.59526756,16.21245282,16.35165818,4963040,163749484.46,,
2019-01-17,938,16.3069136,16.34171494,15.84455294,15.84952456,3895610,125734099.56,,
2019-01-18,938,15.8346097,16.03844612,15.74512054,15.9589002,3667869,117200000.71,,
2019-01-21,938,15.9589002,16.29199874,15.94398534,16.17267986,3858200,125262612.36,,
2019-01-22,938,16.17267986,16.22736768,15.94895696,16.0086164,2687833,86843347.1,,
2019-01-23,938,15.9837583,15.9837583,15.62083004,15.77495026,2732365,86630170.73,,
2019-01-24,938,15.76500702,16.5554946,15.67551786,16.35165818,7715415,252281895.19,,
2019-01-25,938,16.3069136,16.48589192,16.09313394,16.16770824,4216814,138021363.12,,
2019-01-28,938,16.21245282,16.4560622,16.157765,16.2074812,3189941,104618918.44,,
2019-01-29,938,16.02353126,16.157765,15.61585842,15.92409886,3394090,108566773.49,,
2019-01-30,938,15.88929752,15.99867316,15.27281664,15.32253284,4662823,146426914.3,,
2019-01-31,938,15.32253284,15.6108868,15.12863966,15.23304368,3277861,101271222.78,,
2019-02-01,938,15.24298692,15.5611706,15.2380153,15.52636926,3199037,99514600.96,,
2019-02-11,938,15.60094356,16.55052298,15.60094356,16.45109058,8204366,265765132.28,,
2019-02-12,938,16.45109058,16.60023918,16.31188522,16.50080678,5592376,185290147.36,,
2019-02-13,938,16.57040946,18.07681032,16.50080678,17.46530106,10917705,382954582.88,,
2019-02-14,938,17.47027268,17.47027268,17.0526566,17.36089704,6215215,216763653.41,,
2019-02-15,938,17.51004564,17.91274686,17.36586866,17.45535782,7664598,271701806.77,,
2019-02-18,938,17.60450642,18.43476696,17.5995348,18.23590216,11576532,419959138.88,,
2019-02-19,938,18.2955616,18.58391556,17.9972644,18.41488048,9780587,360202369.84,,
2019-02-20,938,18.36516428,18.36516428,17.90777524,18.16629948,6138816,223626250.36,,
2019-02-21,938,18.05195222,18.65848986,17.93263334,18.0469806,9169545,337753611.86,,
2019-02-22,938,18.07681032,18.5441426,17.91771848,18.53419936,8025925,295794952.31,,
2019-02-25,938,18.9915884,20.09031642,18.9915884,19.79699084,14615304,574527483.49,,
2019-02-26,938,19.88648,20.82114456,19.2401694,19.93122458,14339919,572840265.35,,
2019-02-27,938,19.82682056,20.5576487,19.26005588,19.4887504,10868843,434593069.13,,
2019-02-28,938,19.54840984,19.87156514,19.3396018,19.62795576,5544591,218666325.05,,
2019-03-01,938,19.7870476,19.83179218,18.95181544,19.3644599,8232371,318501296.95,,
2019-03-04,938,19.76716112,20.39358524,19.63292738,19.81687732,14272342,574379148.17,,
2019-03-05,938,19.82184894,21.49231326,19.67270034,21.34813628,19369925,803492704.13,,
2019-03-06,938,21.4525403,23.09814652,21.4525403,22.0739928,20776078,930112990.61,,
2019-03-07,938,22.0739928,22.5214386,21.44756868,22.00439012,14970707,659517677.22,,
2019-03-08,938,21.377966,24.20681778,21.13435662,22.97882764,30958590,1454010138.34,,
2019-03-11,938,23.7146274,23.8140598,22.2728576,23.47101802,20751595,963186534.76,,
2019-03-12,938,23.79914494,24.05269756,23.40141534,23.9880665,16974882,810298348.08,,
2019-03-13,938,23.88366248,23.88366248,22.2479995,22.41206296,14451457,670497462.19,,
2019-03-14,938,22.31263056,22.61589938,21.3531079,21.6762632,9963428,439179626.75,,
2019-03-15,938,21.875128,22.31263056,21.626547,21.88507124,6884952,304750060.44,,
2019-03-18,938,21.8999861,22.0739928,21.4525403,22.0491347,8804672,386306175.01,,
2019-03-19,938,21.9745604,22.7700196,21.6762632,22.16845358,9481396,424536034.29,,
2019-03-20,938,22.2728576,22.2728576,21.3282498,21.64643348,9642545,420545451.0,,
2019-03-21,938,21.7756956,22.35240352,21.5271146,22.11873738,10726310,477828449.42,,
2019-03-22,938,22.09387928,22.2728576,21.4525403,21.83535504,9150422,400915574.84,,
2019-03-25,938,21.377966,22.08890766,21.21887416,21.56191594,8446853,366979455.7,,
2019-03-26,938,21.61660376,21.7508375,20.32398256,20.57256356,9950045,420822627.02,,
2019-03-27,938,20.79131484,20.880804,20.09528804,20.52781898,7494088,308852015.96,,
2019-03-28,938,20.42838658,21.52214298,20.24940826,20.65210948,9583192,404720947.84,,
2019-03-29,938,20.65210948,21.81546856,20.43832982,21.67129158,13435180,576138284.42,,
2019-04-01,938,21.8254118,22.4717224,21.68123482,22.2231414,12437408,553202201.81,,
2019-04-02,938,22.36731838,24.112357,21.9994185,23.12300462,18710275,866672274.76,,
2019-04-03,938,22.78493446,22.88436686,22.37229,22.68053044,9645117,438495372.66,,
2019-04-04,938,22.90425334,23.08323166,22.37229,22.5214386,8914078,405873441.67,,
2019-04-08,938,22.76504798,22.7700196,21.5519727,21.8254118,9798039,434643203.55,,
2019-04-09,938,21.7011213,22.31760218,21.7011213,21.9994185,5756173,255252944.91,,
2019-04-10,938,21.8502699,22.0988509,21.2785336,21.8254118,6375040,278334901.45,,
2019-04-11,938,21.74089426,21.96461716,21.1791012,21.19401606,6302195,271538190.19,,
2019-04-12,938,21.36802276,21.8502699,21.30836332,21.44756868,6517795,282896223.43,,
2019-04-15,938,22.22811302,22.66064396,21.48237002,21.5768308,10379076,462978228.58,,
2019-04-16,938,21.59174566,22.620871,21.13932824,22.61092776,12799439,566959154.05,,
2019-04-17,938,22.5711548,22.71036016,22.16348196,22.29274408,9054081,407153628.53,,
2019-04-18,938,22.29274408,22.40211972,21.94473068,22.0242766,5156139,229409443.03,,
2019-04-19,938,22.21319816,22.61589938,22.15353872,22.34246028,9386711,422761969.63,,
2019-04-22,938,22.31760218,22.75013312,21.9248442,22.36234676,10429883,471022114.37,,
2019-04-23,938,22.28777246,22.4220062,21.30836332,21.43762544,8460299,369584624.11,,
2019-04-24,938,21.63649024,22.0491347,20.94046344,21.9248442,8514545,369662534.67,,
2019-04-25,938,21.6762632,22.0242766,20.82114456,20.87583238,7207128,309786169.05,,
2019-04-26,938,20.82114456,21.377966,20.24940826,20.24940826,9401547,392527303.46,,
2019-04-29,938,20.19969206,20.20466368,19.2401694,19.2898856,9072254,359215513.04,,
2019-04-30,938,19.57823956,19.80693408,19.25011264,19.39926124,5024183,197004990.84,,
2019-05-06,938,18.73803578,19.0164465,17.46032944,17.46032944,10860342,396118785.21,,
2019-05-07,938,17.5001024,18.6187169,17.5001024,18.30053322,9444908,344619665.66,,
2019-05-08,938,17.93760496,19.24514102,17.83817256,18.88718438,10895885,413056259.86,,
2019-05-09,938,18.6932912,19.45892068,18.43476696,18.58888718,7791568,295579305.85,,
2019-05-10,938,18.88718438,19.39428962,18.0469806,19.27994236,11504498,440346188.16,,
2019-05-13,938,19.0164465,19.27497074,18.8175817,18.91204248,6155445,235484844.99,,
2019-05-14,938,18.77780874,19.1655951,18.643575,18.82255332,6162706,235089474.62,,
2019-05-15,938,19.0661627,19.20536806,18.8424398,19.00650326,5978033,228455167.28,,
2019-05-16,938,19.0164465,19.0661627,18.69826282,18.80266684,5870307,222235555.87,,
2019-05-17,938,19.0910208,19.87653676,18.8175817,19.04627622,15110533,590330154.25,,
2019-05-20,938,19.18548158,19.58321118,18.6932912,19.3396018,12687233,491187318.72,,
2019-05-21,938,19.37440314,19.68264358,18.9418722,19.4390342,9538058,371995634.9,,
2019-05-22,938,19.47880716,19.88150838,19.34954504,19.80693408,11943880,472478723.05,,
2019-05-23,938,20.2344934,20.2344934,19.22525454,19.30480046,12999482,516749818.73,,
2019-05-24,938,19.0413046,19.1655951,18.50436964,18.59883042,8407038,316687723.16,,
2019-05-27,938,18.60580942,19.81497735,18.59882001,19.59131623,14170102,390636205.2,,
2019-05-28,938,19.62626328,19.91282909,19.26281396,19.57733741,13053737,365342173.77,,
2019-05-29,938,19.4305598,19.81497735,19.28378219,19.54937977,11560015,324123426.01,,
2019-05-30,938,19.37464452,19.53540095,18.92033287,19.47948567,9906708,271689367.9,,
2019-05-31,938,19.54937977,19.9198185,19.32571865,19.78701971,14675784,411668478.07,,
2019-06-03,938,20.269289,20.81446298,19.68217856,19.82196676,20527520,592912827.48,,
2019-06-04,938,19.74508325,19.74508325,17.83697432,18.79452349,16611502,448348338.77,,
2019-06-05,938,18.95527992,19.01818461,18.48698945,18.5219365,9317990,249363156.49,,
2019-06-06,938,18.64774588,18.64774588,17.66922848,17.85794255,10105467,261289323.56,,
2019-06-10,938,17.64127084,18.26332833,17.64127084,18.01170957,6301466,162681721.79,,
2019-06-11,938,18.1025719,18.72462939,17.76009081,18.64075647,10325483,272087986.59,,
2019-06-12,938,18.64075647,18.75258703,18.41010594,18.50096827,7321314,194448749.47,,
2019-06-13,938,18.41709535,18.62677765,18.36118007,18.49397886,5626899,148981198.53,,
2019-06-14,938,18.52892591,18.63376706,17.92783665,17.99773075,7138329,186488443.19,,
2019-06-17,938,17.87192137,18.14450836,17.82998491,17.94880488,3892372,100048860.84,,
2019-06-18,938,17.97676252,18.13751895,17.86493196,18.03966721,4264039,109785650.45,,
2019-06-19,938,18.50795768,18.57785178,18.27031774,18.30526479,6858758,180708851.24,,
2019-06-20,938,18.31924361,18.71763998,18.07461426,18.58484119,8265902,218375718.59,,
2019-06-21,938,18.61279883,20.44402425,18.60580942,19.71712561,20410256,573113433.33,,
2019-06-24,938,19.34668688,19.65422092,19.15797281,19.35367629,10164004,281427988.72,,
2019-06-25,938,19.23485632,19.31173983,18.71065057,18.91334346,8086742,219373894.72,,
2019-06-26,938,18.92732228,19.31872924,18.8015129,19.0810893,6953649,190647872.56,,
2019-06-27,938,19.21388809,19.46550685,19.11603635,19.27679278,7427931,205343444.41,,
2019-06-28,938,19.33270806,19.49346449,18.87839641,19.04614225,5748783,156815640.94,,
2019-07-01,938,19.65422092,20.269289,19.39561275,20.269289,20599591,586428186.58,,
2019-07-02,938,20.24832077,20.47198189,19.99670201,20.28326782,14618441,424017308.0,,
2019-07-03,938,20.31122546,20.31122546,19.76605148,19.85691381,9531278,271776371.59,,
2019-07-04,938,19.9198185,20.03863847,19.57733741,19.7101362,7147487,202007192.06,,
2019-07-05,938,19.72411502,19.8499244,19.57733741,19.84293499,6089400,172266414.87,,
2019-07-08,938,19.84293499,19.84293499,18.94829051,19.01818461,8722586,239899948.7,,
2019-07-09,938,18.94829051,19.1509834,18.59882001,18.79452349,6204548,167128566.09,,
2019-07-10,938,18.89936464,19.07409989,18.77355526,18.871407,4789612,129794687.59,,
2019-07-11,938,19.0111952,19.25582455,18.81549172,18.91334346,5377525,146581614.59,,
2019-07-12,938,18.91334346,19.18593045,18.80850231,19.08807871,3905232,106469193.61,,
2019-07-15,938,19.0810893,19.65422092,18.69667175,19.5004539,8598123,237041535.23,,
2019-07-16,938,19.42357039,19.69615738,19.32571865,19.570348,5514799,154199821.14,,
2019-07-17,938,19.66121033,20.60478068,19.57733741,20.24133136,21861782,632820686.07,,
2019-07-18,938,20.08756434,20.4789713,20.02465965,20.29025723,14209250,412851727.14,,
2019-07-19,938,20.47198189,20.80048416,20.36015133,20.59779127,15403827,454551339.48,,
2019-07-22,938,20.76553711,20.95425118,20.14347962,20.24832077,14215472,417115288.86,,
2019-07-23,938,20.37413015,21.50641457,20.33219369,21.33866873,21798700,657836576.47,,
2019-07-24,938,21.38060519,21.56232985,21.0381241,21.14296525,22275060,678855271.37,,
2019-07-25,938,20.98919823,23.26075648,20.96823,22.68762486,45396262,1458606013.77,,
2019-07-26,938,22.52686843,23.70108931,22.47095315,23.26774589,31174725,1033749980.28,,
2019-07-29,938,22.82741306,23.1349471,22.366112,22.8553707,26557308,868296122.07,,
2019-07-30,938,22.88332834,23.21882002,22.1564297,22.35213318,25990624,839900531.35,,
2019-07-31,938,22.33815436,23.21882002,22.33815436,22.61074135,26577648,869553801.87,,
2019-08-01,938,22.68063545,23.39355527,22.41503787,23.25376707,22311737,734298746.78,,
2019-08-02,938,22.8553707,24.30217857,22.51987902,24.07152804,28795686,970256566.88,,
2019-08-05,938,23.88980338,24.40701972,22.98118008,23.4844176,25113424,848131001.11,,
2019-08-06,938,22.59676253,23.30968235,21.91878976,22.93225421,22269250,722861129.4,,
2019-08-07,938,23.05806359,23.72205754,22.79945542,22.82741306,18925175,631868132.08,,
2019-08-08,938,23.065053,23.6242058,22.45697433,23.6242058,15457532,512926227.96,,
2019-08-09,938,23.64517403,23.6940999,22.28223908,22.6456884,17646014,578614555.5,,
2019-08-12,938,22.70859309,24.6726173,22.4360061,24.5328291,23947632,801869430.85,,
2019-08-13,938,24.1134645,24.75649022,23.98066571,24.75649022,18695286,650054887.29,,
2019-08-14,938,25.27370656,25.63016647,24.3231468,24.34411503,21311141,761516856.49,,
2019-08-15,938,23.54033288,25.24574892,23.54033288,24.89627842,19138370,673447122.14,,
2019-08-16,938,24.7425114,24.88928901,24.22529506,24.38605149,19016255,666973452.59,,
2019-08-19,938,24.51885028,25.72801821,24.45594559,25.30865361,24144630,872158888.18,,
2019-08-20,938,25.35059007,25.55328296,24.8822996,24.95918311,17653667,634568158.2,,
2019-08-21,938,24.97316193,25.26671715,24.5328291,24.99413016,10832613,385735479.83,,
2019-08-22,938,24.92423606,24.98015134,23.98066571,24.26024211,19011866,661552888.59,,
2019-08-23,938,24.2532527,24.41400913,23.6940999,23.98765512,13463856,462972503.05,,
2019-08-26,938,23.03010595,23.2747353,21.667171,22.03062032,35693569,1141954298.38,,
2019-08-27,938,22.25428144,23.03709536,22.12148265,22.79945542,25442404,823676101.07,,
2019-08-28,938,22.82741306,22.84139188,22.39406964,22.51288961,12734651,411540401.27,,
2019-08-29,938,22.70160368,23.08602123,22.54783666,22.7155825,14708900,480907630.74,,
2019-08-30,938,22.90429657,23.71506813,22.79246601,23.15591533,20626663,688296266.28,,
2019-09-02,938,23.2747353,24.30916798,22.7854766,23.94571866,22463899,756035467.13,,
2019-09-03,938,23.94571866,24.8124055,23.86883515,24.52583969,17883306,623503706.28,,
2019-09-04,938,24.20432683,24.94520429,24.19034801,24.45594559,17636951,618105197.23,,
2019-09-05,938,24.59573379,25.21779128,24.14841155,24.40003031,22950762,806284463.37,,
2019-09-06,938,24.462935,24.75649022,23.82689869,24.26723152,18384279,638991947.44,,
2019-09-09,938,24.36508326,25.62317706,24.36508326,25.59521942,27841086,995236425.66,,
2019-09-10,938,25.56027237,25.56027237,24.48390323,24.73552199,23978071,852340885.38,,
2019-09-11,938,24.84735255,24.96617252,24.28121034,24.3930409,13611835,477996811.19,,
2019-09-12,938,24.462935,24.56078674,24.19034801,24.3231468,9392300,327736347.03,,
2019-09-16,938,24.40003031,24.7425114,24.07851745,24.33013621,12213406,426106080.46,,
2019-09-17,938,24.2532527,24.2532527,23.01612713,23.30968235,20436799,684318094.41,,
2019-09-18,938,23.30968235,23.53334347,22.86934952,23.065053,13028919,431761428.69,,
2019-09-19,938,23.37957645,23.8338881,23.19086238,23.82689869,14654659,494825380.99,,
2019-09-20,938,24.3930409,25.06402426,24.33013621,24.52583969,33682254,1191094632.38,,
2019-09-23,938,24.06453863,24.79143727,23.87582456,24.65164907,22779576,792745776.92,,
2019-09-24,938,24.5328291,24.58175497,23.82689869,24.19034801,20752234,718916163.49,,
2019-09-25,938,24.09249627,24.09249627,23.065053,23.16989415,17690638,592498663.44,,
2019-09-26,938,23.2048412,23.28871412,22.28922849,22.4360061,13384256,434712047.72,,
2019-09-27,938,22.44998492,22.63170958,22.2263238,22.35213318,11372009,364487945.93,,
2019-09-30,938,22.2962179,22.46396374,21.84889566,22.00266268,7918995,251057566.52,,
2019-10-08,938,22.03062032,22.28223908,21.60426631,21.77201215,7774225,243997264.33,,
2019-10-09,938,21.77900156,22.05158855,21.40856283,22.03062032,5875371,183562615.3,,
2019-10-10,938,22.05857796,22.41503787,21.89083212,22.2962179,7662896,243291626.26,,
2019-10-11,938,22.28223908,22.47794256,21.98169445,22.24729203,6621680,210964672.06,,
2019-10-14,938,22.41503787,22.70160368,22.26826026,22.46396374,16697739,537102770.23,,
2019-10-15,938,22.4360061,22.4360061,21.49942516,21.57630867,11378357,354632433.1,,
2019-10-16,938,21.5972769,21.7370651,21.1080182,21.49942516,8405028,258108219.61,,
2019-10-17,938,21.56232985,21.5972769,20.98220882,21.1779123,10344069,314531360.0,,
2019-10-18,938,21.33866873,21.54136162,20.8983359,20.98220882,9155877,277780321.66,,
2019-10-21,938,21.0381241,21.21984876,20.30423605,21.13597584,8415273,251117427.07,,
2019-10-22,938,21.1080182,21.51340398,21.1080182,21.49243575,7250745,222022770.36,,
2019-10-23,938,21.50641457,21.59028749,21.14296525,21.26178522,5742137,175653284.07,,
2019-10-24,938,21.30372168,21.47845693,20.83543121,20.8983359,9390505,282813627.93,,
2019-10-25,938,21.02414528,21.16393348,20.56284422,21.00317705,9338044,278385891.36,,
2019-10-28,938,22.19137675,22.366112,21.61824513,21.98868386,22603758,710461465.55,,
2019-10-29,938,21.86287448,21.86287448,20.88435708,20.89134649,17677879,538599541.05,,
2019-10-30,938,20.88435708,21.03113469,20.4090772,20.49993953,11074841,326883357.22,,
2019-10-31,938,20.49993953,21.01016646,20.49993953,20.56284422,9969917,295659923.93,,
2019-11-01,938,20.6187595,20.80747357,20.39509838,20.73059006,7815841,231129251.17,,
2019-11-04,938,20.73757947,21.42953106,20.73059006,21.15694407,13910075,421996942.99,,
2019-11-05,938,21.16393348,21.35264755,20.96823,21.03113469,9560677,288707090.26,,
2019-11-06,938,21.0381241,21.16393348,20.07358552,20.1993949,18054758,528447814.48,,
2019-11-07,938,20.15046903,20.45101366,20.08756434,20.35316192,8225370,239224228.54,,
2019-11-08,938,20.50692894,20.7585477,20.33219369,20.35316192,8615771,252931377.01,,
2019-11-11,938,20.13649021,20.14347962,19.55636918,19.70314679,13214578,373056484.81,,
2019-11-12,938,19.69615738,19.83594558,18.871407,19.45851744,10483318,289855857.82,,
2019-11-13,938,19.40959157,19.62626328,19.26980337,19.50744331,6168878,171818739.09,,
2019-11-14,938,19.53540095,19.86390322,18.871407,19.75207266,9759782,273364765.15,,
2019-11-15,938,19.7800303,20.25531018,19.57733741,19.96175496,11121183,318397441.58,,
2019-11-18,938,19.87089263,20.4789713,19.80099853,20.31821487,10796536,312946060.29,,
2019-11-19,938,20.51391835,20.57682304,20.13649021,20.49993953,9123910,265934423.39,,
2019-11-20,938,20.52789717,20.79349475,20.25531018,20.29025723,10296354,301809547.07,,
2019-11-21,938,20.1993949,20.31821487,19.87788204,20.01068083,10713569,306760593.7,,
2019-11-22,938,18.87839641,19.66819974,18.67570352,19.5004539,25484866,698678566.33,,
2019-11-25,938,19.2208775,19.2208775,18.04665662,18.39612712,19607983,519168041.09,,
2019-11-26,938,18.50096827,19.66819974,18.4520424,19.66819974,17099103,464139672.65,,
2019-11-27,938,19.53540095,19.53540095,18.77355526,19.15797281,13098152,357071203.03,,
2019-11-28,938,18.94829051,19.26980337,18.87839641,19.17894104,6312049,172755353.81,,
2019-11-29,938,19.13700458,19.19990927,18.8015129,18.90635405,6475404,175639385.48,,
2019-12-02,938,19.0111952,19.17195163,18.74559762,18.98323756,5192189,141125073.1,,
2019-12-03,938,18.86441759,19.06711048,18.64774588,19.06711048,6808430,183443680.69,,
2019-12-04,938,18.88538582,19.54239036,18.88538582,19.2907716,10961047,302253602.72,,
2019-12-05,938,19.27679278,19.80099853,19.15797281,19.52841154,16152480,450978795.62,,
2019-12-06,938,19.6402421,20.66768537,19.6402421,20.58381245,28041597,819871784.18,,
2019-12-09,938,20.6187595,21.08006056,20.39509838,20.7585477,17662099,524832996.5,,
2019-12-10,938,20.73059006,21.01016646,20.43004543,20.96124059,11673422,346859238.72,,
2019-12-11,938,20.96823,20.96823,20.4090772,20.51391835,14383253,424411622.31,,
2019-12-12,938,20.49993953,21.16393348,20.4789713,21.01016646,27679293,829566278.09,,
2019-12-13,938,21.29673227,21.35264755,20.90532531,20.99618764,22613087,682372485.27,,
2019-12-16,938,21.01715587,21.42254165,20.98220882,21.35264755,17041478,517331092.36,,
2019-12-17,938,21.35963696,22.54084725,21.35963696,22.0865356,29122692,915729416.81,,
2019-12-18,938,22.0865356,22.26127085,21.69512864,21.7370651,21129436,663198744.27,,
2019-12-19,938,21.7370651,21.98169445,21.53437221,21.64620277,14430231,448583578.63,,
2019-12-20,938,21.72308628,21.7370651,21.14995466,21.19888053,14722027,450434968.88,,
2019-12-23,938,21.07307115,21.15694407,20.69564301,20.86338885,13693681,410848684.77,,
2019-12-24,938,20.84941003,21.19888053,20.76553711,21.12898643,12932785,389275878.55,,
2019-12-25,938,21.14296525,22.0865356,20.96823,21.86986389,21683010,675631231.02,,
2019-12-26,938,21.91180035,22.0166415,21.5972769,21.8768533,10901122,339711690.65,,
2019-12-27,938,21.8768533,22.10750383,21.5273828,21.60426631,12315154,384694744.46,,
2019-12-30,938,21.5273828,21.93276858,21.0381241,21.83491684,10591234,328013395.96,,
2019-12-31,938,21.84190625,22.24729203,21.56931926,22.0865356,10040129,315017253.38,,
2020-01-02,938,22.14245088,22.77149778,22.02363091,22.70160368,19463280,626519422.96,,
2020-01-03,938,22.77848719,22.98118008,22.31019672,22.47794256,17163867,554458047.25,,
2020-01-06,938,22.31718613,22.70160368,22.07954619,22.23331321,15346221,491597797.32,,
2020-01-07,938,22.25428144,22.58278371,22.12847206,22.51288961,12446851,399026361.41,,
2020-01-08,938,22.30320731,22.45697433,22.0865356,22.28922849,11744240,373635988.7,,
2020-01-09,938,22.5059002,22.82741306,22.40804846,22.58278371,13408692,433995974.78,,
2020-01-10,938,22.56880489,22.89031775,22.2962179,22.56181548,10131267,327356247.9,,
2020-01-13,938,22.17739793,23.84087751,22.17739793,23.70807872,29176755,976867377.66,,
2020-01-14,938,23.763994,24.02260217,23.5543117,23.88281397,17288502,588508964.16,,
2020-01-15,938,23.74302577,23.80593046,23.1349471,23.5543117,12027351,403778280.15,,
2020-01-16,938,23.58226934,24.01561276,23.46344937,23.59624816,12856944,435737018.38,,
2020-01-17,938,23.59624816,24.30916798,23.59624816,24.09249627,18479153,636070196.05,,
2020-01-20,938,24.09249627,24.6027232,23.6242058,24.35809385,15984663,552540298.26,,
2020-01-21,938,24.1134645,24.28819975,23.68012108,23.763994,12008140,410992618.95,,
2020-01-22,938,23.68711049,24.462935,23.30968235,24.22529506,15812956,540940673.45,,
2020-01-23,938,23.91077161,24.14841155,22.366112,23.10698946,17484580,585560246.2,,
2020-02-03,938,20.79349475,21.11500761,20.79349475,20.79349475,15006655,447038278.76,价格异常,-12.561505065123013
2020-02-04,938,20.08756434,21.84190625,20.08756434,21.53437221,19982829,606663335.64,,
2020-02-05,938,21.52039339,22.366112,21.52039339,21.91180035,18299541,575186960.02,,
2020-02-06,938,22.07954619,24.10647509,21.8768533,23.80593046,27268390,906927551.32,,
2020-02-07,938,24.14841155,26.0704993,24.1134645,25.6511347,36153551,1295896447.0,,
2020-02-10,938,25.6511347,27.13987903,25.33661125,26.36405452,32883831,1231044066.34,,
2020-02-11,938,26.09845694,26.15437222,25.13391836,25.85382759,26721619,981600059.74,,
2020-02-12,938,25.61618765,27.97161882,25.32263243,27.88075649,39112951,1505162378.61,,
2020-02-13,938,27.88075649,30.054463,27.48934953,28.53077162,41345683,1691586968.38,,
2020-02-14,938,28.4468987,30.66953108,28.3071105,29.355522,33781010,1430537914.76,,
2020-02-17,938,30.753404,30.753404,29.71897132,29.99854772,29351715,1270039425.1,,
2020-02-18,938,29.7049925,31.52922851,29.6350984,30.52974288,28208603,1236040461.27,,
2020-02-19,938,30.22220884,30.91416043,29.80284424,30.054463,24307248,1058250570.89,,
2020-02-20,938,30.054463,30.59264757,28.7963692,29.9845689,33991882,1445549513.58,,
2020-02-21,938,29.9845689,31.11685332,29.81682306,30.55770052,29386680,1290279048.58,,
2020-02-24,938,30.52275347,32.29806361,30.3340394,32.25612715,31951860,1447830548.16,,
2020-02-25,938,31.452345,35.0868382,30.32006058,34.60456891,40697874,1911043277.62,,
2020-02-26,938,35.0169441,36.26804849,33.38841157,34.58360068,48309381,2399092301.48,,
2020-02-27,938,35.24759463,36.4847202,32.72441762,35.27555227,43815166,2167842419.92,,
2020-02-28,938,32.86420582,34.15025726,31.74590022,31.74590022,38905251,1811165995.7,,
2020-03-02,938,32.01848721,33.77981853,30.78835105,32.79431172,31934325,1480603223.68,,
2020-03-03,938,33.549168,35.33146755,32.5706506,32.5706506,31441274,1526605697.47,,
2020-03-04,938,32.2211801,32.76635408,31.08190627,31.82278373,26354259,1199302057.68,,
2020-03-05,938,33.34647511,34.15025726,32.06042367,32.73839644,31056034,1470654849.7,,
2020-03-06,938,32.33301066,33.549168,32.07440249,32.2910742,21279437,992292127.55,,
2020-03-09,938,31.6620273,32.35397889,30.59264757,30.59264757,22324977,1002688619.29,,
2020-03-10,938,30.52974288,32.32602125,29.71198191,32.27010597,30372280,1354145975.93,,
2020-03-11,938,32.2910742,32.78732231,30.753404,30.753404,24996066,1128882113.91,,
2020-03-12,938,29.92166421,30.60662639,29.26465967,29.76789719,21545295,921101044.56,,
2020-03-13,938,28.57270808,30.52974288,28.4468987,30.06844182,31934249,1355643746.12,,
2020-03-16,938,30.06145241,30.43888055,27.6081695,27.8178518,26226312,1086824981.77,,
2020-03-17,938,28.3071105,28.77540097,26.7694403,27.95065059,30186224,1201379472.96,,
2020-03-18,938,28.67055982,28.83830566,27.11192139,27.37052956,38947375,1574331721.74,,
2020-03-19,938,27.258699,27.68505301,26.02157343,27.15385785,37022113,1425421653.59,,
2020-03-20,938,27.50332835,27.84580944,26.46889567,26.74148266,33761191,1302200841.88,,
2020-03-23,938,25.6511347,26.1403934,24.64465966,24.7425114,34469471,1249671467.51,,
2020-03-24,938,25.30865361,25.81189113,24.20432683,25.18284423,31355133,1127375345.7,,
2020-03-25,938,25.9307111,26.54577918,25.4414524,25.74199703,43561563,1616745646.39,,
2020-03-26,938,25.64414529,26.41298039,25.44844181,25.78393349,30334206,1129119350.18,,
2020-03-27,938,26.2102875,26.40599098,25.54629355,25.64414529,26345112,977134759.68,,
2020-03-30,938,25.16886541,25.5812406,24.12744332,25.18983364,26865397,956342688.46,,
2020-03-31,938,25.5812406,25.70006057,24.65863848,24.68659612,16106247,578169070.64,,
2020-04-01,938,24.462935,25.43446299,24.462935,24.79842668,22398657,801614743.14,,
2020-04-02,938,24.93821488,26.39201216,24.90326783,26.30114983,31044898,1144495727.87,,
2020-04-03,938,26.37104393,26.49685331,25.4414524,25.57425119,27813081,1029868625.32,,
2020-04-07,938,26.31512865,26.68556738,26.01458402,26.33609688,28709350,1083464757.09,,
2020-04-08,938,26.1403934,26.46889567,25.34360066,25.83984877,34420723,1277973416.79,,
2020-04-09,938,25.9307111,26.0704993,24.79143727,25.3715583,40315924,1451991920.16,,
2020-04-10,938,25.161876,25.161876,24.34411503,24.53981851,21324236,752102112.11,,
2020-04-13,938,24.74950081,24.76347963,23.81990928,24.06453863,19214092,665813291.74,,
2020-04-14,938,24.40701972,25.33661125,24.12744332,25.21779128,29218991,1032108584.51,,
2020-04-15,938,25.21779128,25.9307111,25.0220878,25.42747358,26602582,968474851.82,,
2020-04-16,938,25.0919819,25.76296526,24.76347963,25.55328296,18200776,659262547.86,,
2020-04-17,938,25.83285936,26.45491685,25.65812411,26.2801816,38555874,1437264299.24,,
2020-04-20,938,26.41298039,27.17482608,25.7909229,27.11192139,26487384,1003046384.91,,
2020-04-21,938,26.68556738,27.56623304,26.50384272,26.95116496,24379271,941043236.01,,
2020-04-22,938,26.6296521,26.88127086,26.4199698,26.81836617,13739753,523955407.83,,
2020-04-23,938,26.86030263,26.93019673,26.50384272,26.59470505,11441344,437367395.66,,
2020-04-24,938,26.61567328,26.96514378,25.64414529,26.00759461,18939017,707874121.26,,
2020-04-27,938,26.3500757,27.44042366,26.14738281,26.93718614,24298226,935756113.6,,
2020-04-28,938,26.94417555,29.27863849,26.2801816,28.42593047,37286278,1491670921.58,,
2020-04-29,938,28.13237525,28.3770046,27.73397888,28.1673223,19457410,781546157.74,,
2020-04-30,938,27.4683813,29.26465967,27.43343425,29.11788206,37175859,1524781969.18,,
2020-05-06,938,28.7963692,29.5652043,28.69152805,29.53025725,27962379,1167561508.08,,
2020-05-07,938,29.7049925,30.1942512,29.09691383,29.18078675,20852101,881062908.39,,
2020-05-08,938,29.355522,30.054463,29.15282911,29.20874439,20491873,865040040.95,,
2020-05-11,938,29.45337374,29.8447807,29.01304091,29.41842669,17898269,754584832.85,,
2020-05-12,938,29.41143728,30.6136158,29.1458397,30.6136158,30260614,1306051089.55,,
2020-05-13,938,30.27113471,30.4039335,29.94263244,30.18027238,17132241,739104091.23,,
2020-05-14,938,30.054463,30.50877465,29.87273834,30.11037828,14938914,645114303.1,,
2020-05-15,938,30.1942512,30.34801822,29.85177011,29.9146748,18408180,792772398.03,,
2020-05-18,938,30.20823002,30.51576406,28.71249628,28.97809386,24935784,1057752815.64,,
2020-05-19,938,29.30659613,30.16629356,29.04099855,29.94962185,21351390,910605035.5,,
2020-05-20,938,29.94962185,30.1942512,28.9361574,29.16680793,16942323,715630271.85,,
2020-05-21,938,29.355522,29.5652043,28.14635407,28.3071105,18058489,743872412.49,,
2020-05-22,938,28.26517404,28.57270808,27.1888049,27.4683813,21379801,847175269.03,,
2020-05-25,938,27.3984872,27.60118009,26.74148266,26.88826027,12224589,472825374.67,,
2020-05-26,938,26.89524968,27.38450838,26.7694403,27.13288962,16502889,640535054.64,,
2020-05-27,938,27.27966723,27.37052956,26.26620278,26.63664151,14862998,567143534.37,,
2020-05-28,938,26.76245089,26.87428145,26.14738281,26.59470505,11082303,419369052.9,,
2020-05-29,938,26.6296521,26.90223909,26.3500757,26.74847207,12429835,473601797.06,,
2020-06-01,938,26.9791226,28.06248115,26.9791226,27.72000006,22633924,895835721.5,,
2020-06-02,938,27.8877459,28.13936466,27.45440248,28.0974282,16635283,660730063.33,,
2020-06-03,938,28.02054469,28.35603637,27.67107419,27.94366118,14772131,592025789.1,,
2020-06-04,938,28.31409991,28.41195165,27.51031776,27.97860823,11535021,460627409.06,,
2020-06-05,938,27.84580944,27.86677767,27.54526481,27.73397888,10946142,433887840.47,,
2020-06-08,938,27.73397888,28.13237525,27.54526481,27.71301065,13557633,539283822.4,,
2020-06-09,938,27.7479577,27.81086239,26.43394862,26.75546148,21169382,812882550.05,,
2020-06-10,938,26.6995462,26.98611201,26.43394862,26.95815437,10958631,419466119.61,,
2020-06-11,938,26.91621791,27.65010596,26.77642971,27.19579431,13884520,541833714.01,,
2020-06-12,938,26.61567328,27.3984872,26.46190626,26.98611201,14030912,543642023.62,,
2020-06-15,938,27.23074136,27.59419068,26.30813924,26.30813924,18422223,710502538.05,,
2020-06-16,938,26.78341912,26.86729204,26.37803334,26.74148266,15412175,587099650.15,,
2020-06-17,938,28.10441761,29.11788206,27.7479577,28.05549174,46655811,1895324126.76,,
2020-06-18,938,27.95764,30.4039335,27.17482608,29.2856279,59772190,2429183580.18,,
2020-06-19,938,29.34154318,29.69800309,29.01304091,29.43240551,24618157,1035527873.59,,
2020-06-22,938,29.7748866,30.87222397,29.7748866,29.90768539,30260900,1310149710.52,,
2020-06-23,938,29.87972775,30.22919825,29.80983365,30.15930415,18618610,800124791.95,,
2020-06-24,938,30.1942512,30.30608176,29.46036315,29.76090778,21946361,934359166.05,,
2020-06-29,938,29.58617253,29.96360067,29.06196678,29.39046905,16180698,683203406.4,,
2020-06-30,938,29.69101368,30.8232981,29.64907722,30.04048418,21675828,934820810.21,,
2020-07-01,938,30.18726179,31.23567329,29.92166421,30.52275347,28355140,1238868386.0,,
2020-07-02,938,30.88620279,31.88568842,30.59264757,31.55718615,33449718,1501294472.9,,
2020-07-03,938,31.5222391,31.5222391,30.6136158,31.3125568,26697192,1185842986.55,,
2020-07-06,938,31.6620273,33.23464455,31.452345,32.58462942,39540945,1824514496.81,,
2020-07-07,938,33.47228449,35.84169448,33.41636921,34.3878972,52306230,2627045117.91,,
2020-07-08,938,34.44381248,35.1567323,33.549168,34.71639947,39666995,1944277387.5,,
2020-07-09,938,34.5975795,37.1137671,34.3878972,36.17718616,45529685,2336006660.6,,
2020-07-10,938,35.645991,36.57558253,34.94705,35.12877466,39772074,2023633824.87,,
2020-07-13,938,35.12877466,35.60405454,34.8771559,35.3664146,38752893,1953425621.54,,
2020-07-14,938,35.56211808,35.56211808,33.26260219,33.96154319,48702790,2380742788.44,,
2020-07-15,938,34.07337375,34.42983366,32.7104388,32.9201211,39311658,1886588333.26,,
2020-07-16,938,33.06689871,33.46529508,30.1942512,30.27812412,47087318,2143743182.71,,
2020-07-17,938,30.55071111,31.00502276,29.61413017,30.23618766,38446311,1665072878.05,,
2020-07-20,938,30.76738282,31.452345,29.87972775,31.43137677,32561008,1430449556.68,,
2020-07-21,938,31.29158857,31.56417556,30.73942518,31.27062034,25069096,1117018333.91,,
2020-07-22,938,31.2426627,32.11633895,30.97007571,31.51524969,26765217,1215031745.68,,
2020-07-23,938,31.16577919,31.36148267,29.94263244,30.91416043,27137376,1190075219.42,,
2020-07-24,938,30.91416043,31.68299553,29.60714076,29.7748866,30960318,1354916492.44,,
2020-07-27,938,29.97757949,30.64157344,29.7049925,30.20124061,18605849,804141798.71,,
2020-07-28,938,30.5437217,30.57866875,29.20175498,29.52326784,25788135,1098539380.12,,
2020-07-29,938,29.62111958,30.57167934,29.41143728,30.53673229,23601025,1018184241.82,,
2020-07-30,938,30.51576406,30.8232981,30.15231474,30.20823002,15798657,685996614.9,,
2020-07-31,938,30.20823002,31.01201217,30.16629356,30.6136158,21033685,919248877.59,,
2020-08-03,938,30.77437223,32.0114978,30.62759462,32.00450839,31473223,1419806907.11,,
2020-08-04,938,32.38193653,32.38193653,31.56417556,31.75288963,22594539,1031035052.36,,
2020-08-05,938,32.5007565,32.70344939,31.29857798,31.57815438,28177257,1282725785.71,,
2020-08-06,938,31.43836618,31.57815438,30.62060521,31.2426627,25372307,1126572072.79,,
2020-08-07,938,31.21470506,31.21470506,29.57219371,30.11037828,28146672,1219878781.69,,
2020-08-10,938,30.054463,30.55071111,29.89370657,30.27113471,17348955,749657841.26,,
2020-08-11,938,30.24317707,30.39694409,29.36950082,29.46036315,17392494,744610427.85,,
2020-08-12,938,29.4254161,29.64208781,28.34904696,28.8662633,21655400,892091485.02,,
2020-08-13,938,29.0759456,29.32756436,28.68453864,28.69851746,13294205,549926151.67,,
2020-08-14,938,28.64959159,30.15231474,28.60765513,30.01951595,23408819,993389692.08,,
2020-08-17,938,29.8447807,30.42490173,29.5652043,30.22220884,21089564,906876674.02,,
2020-08-18,938,30.43888055,31.1727686,30.10338887,30.2641453,24058567,1054286805.26,,
2020-08-19,938,30.5437217,31.55019674,30.32704999,30.85824515,33826129,1500038382.57,,
2020-08-20,938,30.52974288,31.08190627,29.74692896,29.78187601,22355426,971587615.65,,
2020-08-21,938,30.06145241,32.16526482,29.80983365,31.85773078,39075767,1744120566.64,,
2020-08-24,938,31.90665665,31.92063547,31.2426627,31.75987904,22760890,1029321455.3,,
2020-08-25,938,31.9562229,32.29002062,30.6799375,30.70939024,41138130,1314582612.14,,
2020-08-26,938,30.73884298,31.6126076,30.41486284,30.75847814,33663444,1062178150.58,,
2020-08-27,938,30.925377,31.11191102,30.4835859,30.91555942,21949560,689617257.35,,
2020-08-28,938,30.79774846,30.98428248,30.15960576,30.83701878,26135280,812012811.52,,
2020-08-31,938,31.1217286,32.2998382,31.1217286,32.2016624,45859870,1489423005.57,,
2020-09-01,938,32.26056788,34.24371904,31.69114824,34.13572566,63978287,2158743343.03,,
2020-09-02,938,33.870651,34.04736744,33.26196104,33.38958958,36509350,1247548745.79,,
2020-09-03,938,32.2016624,32.36856126,30.99410006,31.45552632,69974855,2243796310.35,,
2020-09-04,938,30.51303864,31.88749984,30.4835859,31.47516148,37788374,1204155746.61,,
2020-09-07,938,31.3671681,31.6126076,29.87489594,30.11051786,40876733,1275042474.67,,
2020-09-08,938,30.19887608,30.37559252,29.1582126,29.6490916,27325443,824819820.54,,
2020-09-09,938,29.62945644,30.2381464,29.14839502,29.2073005,28322856,857095335.33,,
2020-09-10,938,28.69678634,29.06985438,26.507466,26.74308792,58211898,1634851855.23,,
2020-09-11,938,26.57618906,27.2928724,25.85950572,27.25360208,35214032,952421495.34,,
2020-09-14,938,27.25360208,27.41068336,26.37983746,26.67436486,33253455,908334540.33,,
2020-09-15,938,26.79217582,27.4401361,26.6056418,27.08670322,27837120,764056120.87,,
2020-09-16,938,27.06706806,27.72484592,26.77254066,27.41068336,28209957,786355250.53,,
2020-09-17,938,27.3910482,27.5873998,26.93943952,27.28305482,21178818,586967640.26,,
2020-09-18,938,27.26341966,28.11754912,27.20451418,27.96046784,33152344,938716308.87,,
2020-09-21,938,27.91137994,28.44152926,27.67575802,27.7837514,23283760,664954630.6,,
2020-09-22,938,27.4401361,27.72484592,27.15542628,27.2437845,16471257,459721659.04,,
2020-09-23,938,27.2928724,27.5383119,26.7038176,27.0965208,19267148,531789023.43,,
2020-09-24,938,26.9492571,26.998345,25.38826188,25.40789704,57717279,1527273509.03,,
2020-09-25,938,25.73187718,25.90859362,25.034829,25.35880914,36682215,950461778.68,,
2020-09-28,938,25.4766201,25.65333654,25.1820927,25.24099818,19385751,501245908.28,,
2020-09-29,938,25.35880914,25.63370138,25.2311806,25.29008608,22382703,579338024.7,,
2020-09-30,938,25.3293564,25.4275322,24.7893895,24.96610594,20233436,517577713.04,,
2020-10-09,938,25.51589042,25.7711475,25.19191028,25.41771462,33863394,879552670.86,,
2020-10-12,938,25.58461348,26.42892536,25.525708,26.42892536,42261183,1122322256.25,,
2020-10-13,938,26.39947262,26.51728358,25.92822878,26.44856052,34684424,925215709.5,,
2020-10-14,938,26.44856052,26.4583781,25.65333654,25.76132992,32619536,861108223.64,,
2020-10-15,938,25.78096508,26.016587,25.25081576,25.33917398,29687468,774807864.98,,
2020-10-16,938,25.34899156,25.49625526,24.96610594,25.11336964,20571108,527399227.32,,
2020-10-19,938,25.3784443,25.60424864,24.38686872,24.46540936,42165376,1066992226.24,,
2020-10-20,938,24.38686872,24.90720046,24.12179406,24.81884224,37730336,945287933.05,,
2020-10-21,938,24.96610594,25.00537626,23.8567194,23.99416552,36716089,906213527.67,,
2020-10-22,938,23.7094557,23.8567194,23.3658404,23.52292168,38767432,930124749.3,,
2020-10-23,938,23.55237442,23.72909086,23.071313,23.14985364,23762001,566619036.58,,
2020-10-26,938,23.14985364,23.54255684,22.78660318,23.34620524,17841348,422314094.69,,
2020-10-27,938,23.071313,23.5131041,23.071313,23.4640162,15990632,380429672.38,,
2020-10-28,938,23.4640162,23.74872602,22.91423172,23.562192,29598152,703918356.24,,
2020-10-29,938,23.25784702,23.25784702,22.7767856,22.78660318,29691463,695625504.82,,
2020-10-30,938,22.44298788,22.7276977,21.46122988,21.598676,70385527,1573672573.69,,
2020-11-02,938,21.7459397,21.81466276,20.8132696,21.46122988,47919042,1035096328.28,,
2020-11-03,938,21.60849358,22.34481208,21.60849358,21.92265614,52929642,1184884979.83,,
2020-11-04,938,22.10919016,22.14846048,21.70666938,21.82448034,23515705,524229724.05,,
2020-11-05,938,22.1386429,23.2185767,21.93247372,22.9240493,58144868,1338839064.39,,
2020-11-06,938,22.9731372,23.50328652,22.65897464,23.23821186,50559319,1190790598.4,,
2020-11-09,938,23.52292168,24.52431484,23.52292168,24.04325342,60144656,1472666969.3,,
2020-11-10,938,24.0039831,24.0039831,23.06149542,23.18912396,48729849,1163843023.69,,
2020-11-11,938,22.8749614,22.89459656,22.2368187,22.24663628,38862342,888381091.22,,
2020-11-12,938,22.4822582,22.63933948,22.1386429,22.4331703,25670574,585597601.95,,
2020-11-13,938,21.96192646,22.32517692,20.5187422,22.05028468,62137703,1360235673.81,,
2020-11-16,938,21.92265614,22.89459656,21.5005002,22.44298788,39205691,886289726.18,,
2020-11-17,938,22.29572418,22.3840824,21.82448034,22.14846048,22467451,505341208.56,,
2020-11-18,938,22.14846048,22.29572418,21.81466276,21.82448034,21348525,479315652.59,,
2020-11-19,938,21.55940568,22.02083194,21.4023244,21.87356824,23274358,517077680.14,,
2020-11-20,938,21.95210888,22.41353514,21.80484518,21.92265614,25030456,562037820.09,,
2020-11-23,938,21.9913792,22.3349945,21.60849358,22.14846048,26179716,587852834.74,,
2020-11-24,938,22.06991984,22.4822582,21.9913792,22.16809564,25368943,574529261.7,,
2020-11-25,938,22.21718354,22.36444724,21.76557486,21.81466276,26494842,595806439.67,,
2020-11-26,938,21.81466276,21.9422913,21.4514123,21.52995294,20340733,448417024.91,,
2020-11-27,938,21.55940568,21.7459397,21.27469586,21.5005002,16454556,359641278.27,,
2020-11-30,938,21.61831116,21.96192646,21.46122988,21.95210888,23949934,531710753.23,,
2020-12-01,938,21.8441155,22.36444724,21.78521002,22.26627144,31932906,722015761.12,,
2020-12-02,938,22.29572418,22.9240493,22.16809564,22.75715044,38285381,880970521.96,,
2020-12-03,938,22.76696802,22.86514382,22.40371756,22.54116368,23949165,551019071.26,,
2020-12-04,938,22.4822582,22.65897464,22.32517692,22.64915706,18021866,413297932.14,,
2020-12-07,938,22.70806254,22.76696802,22.10919016,22.11900774,23361732,532230579.85,,
2020-12-08,938,22.03064952,22.03064952,21.598676,21.63794632,25773215,570800647.45,,
2020-12-09,938,21.62812874,21.8441155,21.107797,21.107797,27583296,602517111.87,,
2020-12-10,938,20.97035088,21.22560796,20.8623575,21.0096212,19161309,410750468.39,,
2020-12-11,938,20.93108056,20.97035088,20.03768078,20.23403238,41536285,862333672.02,,
2020-12-14,938,19.9787753,20.21439722,19.81187644,20.00822804,28120458,571407914.65,,
2020-12-15,938,19.9787753,20.67582348,19.86096434,20.62673558,24922178,518440806.95,,
2020-12-16,938,20.74454654,20.85253992,20.35184334,20.45983672,17324092,363616448.09,,
2020-12-17,938,20.36166092,20.6660059,20.06713352,20.59728284,18059692,374964033.53,,
2020-12-18,938,20.69545864,20.8132696,20.24384996,20.35184334,17286187,360942300.41,,
2020-12-21,938,20.3223906,20.79363444,20.13585658,20.5678301,19326429,404536962.96,,
2020-12-22,938,20.47947188,20.5678301,19.89041708,19.93950498,23213453,477558061.77,,
2020-12-23,938,19.93950498,20.10640384,19.5369842,20.0278632,26026744,525650229.19,,
2020-12-24,938,19.99841046,20.0769511,19.5369842,19.55661936,19288988,387345768.65,,
2020-12-25,938,19.62534242,19.62534242,19.20318648,19.2424568,20373575,401728029.82,,
2020-12-28,938,19.11482826,19.11482826,18.57486136,18.8006657,24379819,466992207.33,,
2020-12-29,938,18.7515778,20.16530932,18.7515778,19.91986982,44000757,880581331.64,,
2020-12-30,938,19.63516,19.99841046,19.56643694,19.74315338,24161313,486026508.43,,
2020-12-31,938,19.71370064,20.18494448,19.66461274,20.0769511,27277999,554830229.5,,
2021-01-04,938,20.09658626,20.47947188,19.9296874,20.2733027,29033884,597433221.81,,
2021-01-05,938,20.09658626,20.82308718,20.0278632,20.7641817,35607304,746903217.42,,
2021-01-06,938,20.9114454,20.95071572,20.28312028,20.36166092,26811722,560139505.04,,
2021-01-07,938,20.2242148,20.3223906,19.4878963,19.85114676,30834066,622612541.95,,
2021-01-08,938,19.81187644,21.83429792,19.7333358,21.83429792,84149564,1824724735.17,,
2021-01-11,938,22.25645386,23.39529314,21.91283856,22.98295478,108323382,2519736986.47,,
2021-01-12,938,22.65897464,23.4149283,22.41353514,23.1204009,73308823,1717119279.05,,
2021-01-13,938,23.01240752,23.94507762,22.7767856,23.93526004,81220939,1942260480.9,,
2021-01-14,938,23.88617214,24.50467968,23.18912396,23.58182716,85766658,2089361298.78,,
2021-01-15,938,23.3658404,23.43456346,22.3840824,22.59025158,60209417,1396793027.07,,
2021-01-18,938,22.5313461,24.6421258,22.39389998,24.21996986,76715403,1859870724.27,,
2021-01-19,938,24.23960502,24.61267306,23.86653698,24.2985105,52241595,1288814651.99,,
2021-01-20,938,24.23960502,24.23960502,23.48365136,23.76836118,37043093,896030931.05,,
2021-01-21,938,23.77817876,24.4948621,23.2676646,24.4948621,52199760,1269731001.43,,
2021-01-22,938,24.2003347,24.31814566,22.95350204,23.23821186,52813557,1268917588.21,,
2021-01-25,938,22.85532624,23.32657008,22.4331703,22.7767856,37891834,883019952.41,,
2021-01-26,938,22.7767856,23.34620524,22.25645386,22.39389998,33548504,772694048.71,,
2021-01-27,938,22.41353514,22.6786098,21.77539244,21.87356824,33336651,753790121.24,,
2021-01-28,938,21.51031778,21.7459397,20.57764768,20.616918,47091374,1007991402.48,,
2021-01-29,938,20.7641817,20.89181024,19.80205886,20.20457964,36536338,755964886.78,,
2021-02-01,938,20.49910704,21.18633764,20.41074882,20.85253992,31723143,671113937.92,,
2021-02-02,938,20.84272234,21.34341892,20.5187422,21.06852668,33033623,706831122.02,,
2021-02-03,938,21.04889152,21.04889152,19.93950498,19.99841046,39546754,820024516.02,,
2021-02-04,938,20.01804562,20.64637074,19.32099744,20.59728284,46669387,946257669.61,,
2021-02-05,938,20.35184334,20.63655316,19.54680178,19.60570726,31289969,638895500.49,,
2021-02-08,938,19.63516,20.34202576,19.39953808,19.99841046,24231788,493009876.74,,
2021-02-09,938,20.05731594,20.38129608,19.80205886,20.2733027,23553344,482667960.37,,
2021-02-10,938,20.24384996,20.69545864,20.126039,20.54819494,26069330,543046240.56,,
2021-02-18,938,20.85253992,21.46122988,20.7150938,21.04889152,35275799,757183132.32,,
2021-02-19,938,21.0096212,21.57904084,20.70527622,21.52013536,32136826,694992642.01,,
2021-02-22,938,21.598676,22.0404671,21.2059728,21.22560796,37029341,815016659.35,,
2021-02-23,938,21.0096212,21.62812874,20.73472896,21.1568849,28975580,624957260.44,,
2021-02-24,938,21.17652006,21.65758148,20.92126298,21.51031778,31109757,676195236.0,,
2021-02-25,938,21.57904084,21.63794632,21.0096212,21.0587091,24082353,522354760.27,,
2021-02-26,938,20.79363444,21.32378376,20.73472896,21.09797942,23385976,501353749.71,,
2021-03-01,938,21.11761458,21.9422913,21.0587091,21.92265614,33776885,742380237.38,,
2021-03-02,938,21.88338582,22.02083194,21.3041486,21.51031778,28895183,634643208.13,,
2021-03-03,938,21.3532365,21.53977052,21.11761458,21.5005002,19771821,430116583.74,,
2021-03-04,938,21.29433102,21.44159472,20.9114454,20.98998604,22157094,476567631.95,,
2021-03-05,938,20.84272234,21.16670248,20.54819494,20.62673558,32982671,700064660.45,,
2021-03-08,938,20.7641817,20.9605333,20.14567416,20.14567416,26123560,546930298.23,,
2021-03-09,938,19.9787753,20.34202576,19.4878963,19.8315116,24981882,508204057.35,,
2021-03-10,938,20.00822804,20.08676868,19.5369842,19.59588968,21386805,429285224.29,,
2021-03-11,938,19.67443032,20.24384996,19.5860721,20.10640384,20698373,419607044.66,,
2021-03-12,938,19.93950498,20.10640384,19.72351822,19.8315116,14642648,295838818.01,,
2021-03-15,938,19.79224128,19.79224128,19.35045018,19.47807872,18289795,364574205.05,,
2021-03-16,938,19.54680178,19.80205886,19.54680178,19.76278854,13977196,280200852.32,,
2021-03-17,938,19.69406548,19.84132918,19.55661936,19.74315338,13575743,272588598.82,,
2021-03-18,938,19.72351822,19.7824237,19.21300406,19.26209196,28596987,567068373.45,,
2021-03-19,938,18.9479294,19.22282164,18.8497536,19.0461052,16738765,324652006.11,,
2021-03-22,938,19.06574036,19.42899082,19.0461052,19.32099744,12558115,246361867.02,,
2021-03-23,938,19.3897205,19.46826114,19.15409858,19.26209196,10334121,202880009.8,,
2021-03-24,938,19.27190954,19.33081502,19.06574036,19.15409858,11690982,228258694.11,,
2021-03-25,938,19.2424568,19.57625452,19.22282164,19.37990292,14984428,295981339.87,,
2021-03-26,938,19.41917324,19.5860721,19.31117986,19.52716662,12619690,250411561.51,,
2021-03-29,938,19.46826114,19.6842479,19.40935566,19.4878963,13021338,258863941.55,,
2021-03-30,938,19.5369842,19.5369842,19.37008534,19.44862598,8840086,175089398.72,,
2021-03-31,938,19.41917324,19.57625452,19.33081502,19.47807872,8593648,170361154.99,,
2021-04-01,938,19.4878963,19.70388306,19.39953808,19.54680178,10775665,214752227.91,,
2021-04-02,938,19.5369842,19.85114676,19.41917324,19.84132918,16846144,336933479.6,,
2021-04-06,938,19.85114676,19.91986982,19.66461274,19.75297096,11229809,225878059.42,,
2021-04-07,938,19.75297096,19.75297096,19.41917324,19.45844356,14241686,282870923.45,,
2021-04-08,938,19.35045018,19.51734904,19.3406326,19.35045018,9535166,188431259.75,,
2021-04-09,938,19.3406326,19.39953808,19.08537552,19.13446342,12067280,235939394.21,,
2021-04-12,938,19.0951931,19.57625452,19.05592278,19.31117986,16319184,321693782.24,,
2021-04-13,938,19.3406326,19.36026776,19.06574036,19.11482826,9242426,180222959.37,,
2021-04-14,938,19.0951931,19.23263922,18.9970173,19.17373374,8599625,167540649.87,,
2021-04-15,938,19.0951931,19.144281,18.62394926,18.79084812,16200160,310055440.66,,
2021-04-16,938,18.8006657,19.0461052,18.74176022,18.9970173,9768582,188110158.34,,
2021-04-19,938,19.02647004,19.49771388,18.96756456,19.46826114,17927254,352448405.55,,
2021-04-20,938,19.3406326,19.42899082,19.12464584,19.13446342,14891530,292374660.61,,
2021-04-21,938,19.11482826,19.11482826,18.82030086,18.83993602,15033384,289712421.38,,
2021-04-22,938,18.653402,18.653402,17.74036706,17.82872528,55395533,1014618284.01,,
2021-04-23,938,17.82872528,17.97598898,17.671644,17.9661714,15429154,280754314.13,,
2021-04-26,938,17.9661714,17.98580656,17.7207319,17.7698198,18754120,340627899.19,,
2021-04-27,938,17.68146158,17.76000222,17.20040016,17.29857596,22972602,406376233.75,,
2021-04-28,938,17.2789408,17.4262045,17.06295404,17.41638692,13071605,229983766.17,,
2021-04-29,938,17.39675176,18.5552262,17.34766386,18.3097867,32204348,592005456.43,,
2021-04-30,938,18.04471204,18.12325268,17.82872528,17.93671866,16949944,310175807.08,,
2021-05-06,938,17.85817802,18.08398236,17.75018464,17.77963738,11761954,214180799.41,,
2021-05-07,938,17.77963738,17.93671866,17.48510998,17.50474514,12646289,227722168.55,,
2021-05-10,938,17.50474514,17.85817802,17.28875838,17.83854286,11714553,210327317.7,,
2021-05-11,938,17.671644,18.0152593,17.671644,17.7698198,11680222,212470090.42,,
2021-05-12,938,17.71091432,17.89744834,17.68146158,17.88763076,11069588,200765724.42,,
2021-05-13,938,17.8189077,18.0152593,17.73054948,17.9170835,12662664,230962036.62,,
2021-05-14,938,17.93671866,18.18215816,17.8679956,18.15270542,15989436,294045523.57,,
2021-05-17,938,18.28033396,18.61413168,18.19197574,18.24106364,19768378,370677016.47,,
2021-05-18,938,18.19197574,18.43741524,18.07416478,18.29015154,12291684,228699770.88,,
2021-05-19,938,18.17234058,18.47668556,18.1134351,18.3588746,11207518,208925982.4,,
2021-05-20,938,18.27051638,18.34905702,17.95635382,18.0152593,15303728,282298806.35,,
2021-05-21,938,18.0152593,18.162523,17.671644,17.671644,14397287,261332716.6,,
2021-05-24,938,17.671644,18.33923944,17.55383304,18.28033396,27245300,500160412.7,,
2021-05-25,938,18.162523,18.43741524,18.12325268,18.33923944,26337689,490322455.91,,
2021-05-26,938,18.4079625,18.79084812,18.29015154,18.33923944,26268014,495204827.75,,
2021-05-27,938,18.29015154,18.8006657,18.27051638,18.8006657,28028787,532162747.65,,
2021-05-28,938,18.73194264,18.74176022,18.3588746,18.5061383,20667825,390710692.75,,
2021-05-31,938,18.52577346,19.8805995,18.52577346,19.79224128,62518853,1238271019.4,,
2021-06-01,938,19.8315116,21.72630454,19.76278854,21.47104746,91544766,1955832755.43,,
2021-06-02,938,21.4023244,21.72630454,20.94089814,21.12743216,48846466,1056827711.98,,
2021-06-03,938,21.09797942,22.65897464,21.0096212,22.19754838,83312672,1872574991.5,,
2021-06-04,938,21.990476,23.124514,21.9115864,22.3454792,53269957,1216573681.12,,
2021-06-07,938,22.1877,22.7892332,22.0101984,22.0693656,36561366,826116557.81,,
2021-06-08,938,22.2764508,23.075208,22.1975612,22.6018704,50919933,1173819145.21,,
2021-06-09,938,22.532842,23.0160408,21.7538072,21.9214476,45951695,1032591050.9,,
2021-06-10,938,22.1186716,22.2074224,21.645334,22.0496432,37417419,833172973.2,,
2021-06-11,938,22.0595044,22.1679776,21.3199144,21.3593592,41062354,900598347.47,,
2021-06-15,938,21.7833908,22.0595044,21.300192,21.6551952,34362101,754209124.43,,
2021-06-16,938,21.7045012,21.8820028,20.9846336,21.2903308,27258444,589476108.91,,
2021-06-17,938,21.4382488,22.5624256,21.2114412,22.237006,42625998,951669470.58,,
2021-06-18,938,22.3750628,22.4046464,21.4776936,21.743946,29439645,652060359.63,,
2021-06-21,938,21.743946,21.793252,21.3396368,21.6354728,30433259,664658512.77,,
2021-06-22,938,21.69464,21.8524192,21.3396368,21.5565832,24119720,527256729.3,,
2021-06-23,938,21.4579712,22.1088104,21.250886,21.990476,31783663,701407189.75,,
2021-06-24,938,21.9806148,21.9806148,20.609908,20.7183812,43466535,933701852.6,,
2021-06-25,938,20.757826,21.497416,20.7381036,21.0733844,26166408,561124711.62,,
2021-06-28,938,21.0931068,21.743946,20.9254664,21.6157504,30640952,667519857.59,,
2021-06-29,938,21.6157504,21.6157504,20.3042108,20.4521288,52896276,1109161543.71,,
2021-06-30,938,20.46199,21.6256116,20.412684,21.5763056,52189971,1123180832.64,,
2021-07-01,938,21.6847788,22.68076,21.6058892,21.8622804,56175385,1267448338.59,,
2021-07-02,938,21.891864,21.9510312,21.0438008,21.44811,28290779,614228649.79,,
2021-07-05,938,21.4579712,22.5920092,21.4579712,22.4933972,49949554,1124919852.28,,
2021-07-06,938,22.6708988,22.92729,22.1975612,22.68076,42859154,978839718.39,,
2021-07-07,938,22.384924,22.9963184,22.039782,22.8385392,42193210,968343779.43,,
2021-07-08,938,22.9075676,23.2527096,22.483536,23.075208,45564678,1058354831.5,,
2021-07-09,938,22.9864572,23.0456244,22.3553404,22.6906212,44091955,1014477481.41,,
2021-07-12,938,21.596028,24.9586972,21.2311636,24.9586972,124311368,2990422040.3,,
2021-07-13,938,25.14606,25.343284,24.110634,24.9784196,94070951,2348381732.72,,
2021-07-14,938,25.6095364,26.5660728,24.0317444,24.15994,106774192,2718682878.85,,
2021-07-15,938,23.5781292,24.4656372,23.1935424,24.1500788,52748597,1278811608.81,,
2021-07-16,938,23.962716,26.477322,23.962716,25.441896,76482243,1960070990.7,,
2021-07-19,938,26.033568,27.9860856,25.8166216,27.2859404,118829220,3288799060.53,,
2021-07-20,938,27.1774672,27.8677512,26.477322,27.3549688,82239325,2265887068.47,,
2021-07-21,938,27.1380224,28.1241424,26.5562116,27.6508048,76724226,2123518627.49,,
2021-07-22,938,27.6508048,28.84401,27.1183,27.6902496,71618379,2029289636.34,,
2021-07-23,938,27.4831644,27.7395556,26.6449624,26.7041296,59690947,1633808807.85,,
2021-07-26,938,26.7632968,27.6014988,26.230792,26.9407984,50374521,1374391545.14,,
2021-07-27,938,26.7632968,28.646786,26.723852,27.61136,84566953,2399339728.47,,
2021-07-28,938,27.1774672,28.0156692,25.1066152,26.2505144,74406126,2021071291.53,,
2021-07-29,938,26.87177,27.4831644,26.1124576,26.329404,60589402,1643744830.42,,
2021-07-30,938,26.3392652,26.7632968,25.7081484,25.9941232,49173945,1304892224.51,,
2021-08-02,938,26.230792,28.153726,26.230792,27.8874736,82308399,2307989835.95,,
2021-08-03,938,28.0846976,28.5678964,27.315524,27.759278,56996258,1611239231.47,,
2021-08-04,938,27.512748,28.055114,27.5028868,27.7888616,42192393,1187290354.48,,
2021-08-05,938,27.9170572,27.9170572,26.62524,26.7435744,44580653,1220572197.53,,
2021-08-06,938,26.970382,29.4159596,26.970382,29.4159596,103141215,2989953931.64,,
2021-08-09,938,29.9681868,30.717638,29.1694296,29.879436,90335832,2733810220.0,,
2021-08-10,938,29.4751268,29.879436,29.1694296,29.5836,44930652,1345271326.41,,
2021-08-11,938,29.5836,29.5836,28.2326156,28.4791456,56145615,1632552396.81,,
2021-08-12,938,28.35095,28.8834548,27.8283064,28.005808,41471672,1184382724.21,,
2021-08-13,938,27.907196,28.0452528,25.2052272,25.2052272,127292850,3344322600.27,,
2021-08-16,938,25.1361988,26.0138456,24.258552,25.589814,56804734,1466270542.35,,
2021-08-17,938,25.6588424,25.787038,24.89953,24.9784196,33694528,864691790.09,,
2021-08-18,938,25.2348108,25.343284,23.9528548,24.5346656,43068115,1074201238.03,,
2021-08-19,938,24.7220284,25.0178644,24.357164,24.6727224,28664774,719698646.76,,
2021-08-20,938,24.6727224,25.7081484,24.2782744,25.2545332,31611188,808133989.72,,
2021-08-23,938,25.2742556,25.8560664,24.9093912,25.5996752,30110438,777376840.25,,
2021-08-24,938,25.3728676,25.589814,24.6924448,25.3531452,36137127,921941909.63,,
2021-08-25,938,25.3531452,25.5799528,24.5741104,24.7713344,29065794,733176198.21,,
2021-08-26,938,24.554388,24.7318896,23.6274352,23.6866024,44440206,1082666981.4,,
2021-08-27,938,23.617574,24.0317444,23.3907664,23.864104,26195542,629876867.85,,
2021-08-30,938,24.653,25.0375868,23.765492,23.9725772,49164369,1214692888.17,,
2021-08-31,938,24.2289684,24.2289684,22.877984,23.42035,37657883,891135418.49,,
2021-09-01,938,23.4795172,23.6471576,22.68076,23.4006276,27507893,649067252.01,,
2021-09-02,938,23.272432,23.6077128,22.8484004,23.223126,25990479,611023099.54,,
2021-09-03,938,23.4499336,24.15994,23.3315992,23.5485456,31977960,767642647.32,,
2021-09-06,938,23.4499336,23.8739652,22.8977064,23.8049368,22400372,534724431.2,,
2021-09-07,938,23.9725772,24.4853596,23.814798,24.0514668,23023556,564509910.3,,
2021-09-08,938,23.9725772,25.195366,23.864104,25.1066152,35565419,890441868.99,,
2021-09-09,938,25.14606,25.343284,24.8896688,25.0573092,28022892,711899271.31,,
2021-09-10,938,25.0573092,25.4024512,24.948836,25.3038392,21674877,553820850.64,,
2021-09-13,938,25.3334228,25.3334228,23.469656,24.4360536,42594954,1053781851.73,,
2021-09-14,938,24.307858,24.6727224,23.7260472,23.8049368,27008075,662762837.34,,
2021-09-15,938,23.716186,23.8936876,23.42035,23.6767412,26901564,643532098.33,,
2021-09-16,938,23.66688,24.6135552,23.5485456,24.3275804,34312588,842590349.77,,
2021-09-17,938,24.012022,24.5445268,23.568268,24.4459148,19756242,482848401.34,,
2021-09-22,938,24.1204952,24.8798076,24.0810504,24.4459148,15567724,387173885.1,,
2021-09-23,938,24.554388,25.2150884,24.2782744,25.1066152,35824270,902957941.44,,
2021-09-24,938,25.096754,25.2742556,24.850224,25.047448,18810207,477837962.7,,
2021-09-27,938,25.1361988,25.540508,23.8443816,24.6727224,29601257,737369810.55,,
2021-09-28,938,24.4754984,24.89953,24.15994,24.1993848,15052515,372827632.7,,
2021-09-29,938,23.962716,24.110634,23.1836812,23.2132648,20714725,493932948.1,,
2021-09-30,938,23.321738,25.0375868,23.321738,24.5938328,34650569,860559934.72,,
2021-10-08,938,25.1361988,25.2742556,24.2684132,24.5149432,16885539,422194963.47,,
2021-10-11,938,24.5149432,24.7318896,24.2782744,24.4656372,14686399,364709730.76,,
2021-10-12,938,24.3768864,24.3768864,23.716186,23.962716,13196684,321416736.5,,
2021-10-13,938,24.012022,24.9192524,23.9429936,24.7713344,20299097,507933655.0,,
2021-10-14,938,24.6628612,26.6055176,24.603694,26.4378772,49724354,1303555127.44,,
2021-10-15,938,26.4378772,26.6153788,25.88565,26.2406532,26228525,697525334.37,,
2021-10-18,938,26.0927352,26.575934,25.7180096,26.5660728,25059179,666524229.31,,
2021-10-19,938,26.575934,26.723852,26.082874,26.4082936,23718977,634888843.3,,
2021-10-20,938,26.4082936,27.5916376,26.1913472,26.7041296,30753007,840305923.3,,
2021-10-21,938,26.4477384,27.4042748,26.4181548,27.2267732,27883631,768168351.73,,
2021-10-22,938,27.2267732,27.5226092,26.8323252,27.2859404,21833047,602913262.1,,
2021-10-25,938,27.2563568,27.5521928,26.5364892,27.2464956,22655029,622643553.21,,
2021-10-26,938,27.36483,27.4239972,26.723852,26.822464,23608021,648029998.52,,
2021-10-27,938,26.822464,27.0394104,26.0138456,26.2998204,26610742,712795807.46,,
2021-10-28,938,26.4082936,26.7632968,25.7180096,25.9152336,17997629,477501665.68,,
2021-10-29,938,26.230792,28.0945588,26.230792,27.3352464,43266215,1197993501.15,,
2021-11-01,938,27.4831644,29.5047104,27.4831644,27.85789,61372992,1770728175.8,,
2021-11-02,938,27.709972,28.1734484,27.0394104,27.36483,32960437,921372722.89,,
2021-11-03,938,27.61136,27.9762244,26.822464,27.1183,21097315,583931159.9,,
2021-11-04,938,27.1183,27.4535808,26.9999656,27.315524,19300491,532615261.26,,
2021-11-05,938,27.2464956,28.4199784,27.0591328,27.6014988,33139957,932886905.94,,
2021-11-08,938,27.7296944,27.7296944,26.822464,26.9901044,21009973,577279277.98,,
2021-11-09,938,26.9999656,27.2859404,26.428016,26.9901044,23596838,644470967.77,,
2021-11-10,938,26.9901044,27.1380224,26.280098,26.4082936,24758789,667471364.05,,
2021-11-11,938,26.2702368,26.773158,26.0039844,26.5167668,22385208,601038824.3,,
2021-11-12,938,26.477322,26.7139908,25.836344,26.0631516,24233625,643323746.29,,
2021-11-15,938,26.2110696,27.3944136,25.9546784,26.2110696,30198266,817465462.9,,
2021-11-16,938,26.181486,27.1774672,25.6588424,25.7673156,34524655,916445774.76,,
2021-11-17,938,25.63912,27.7198332,25.4813408,27.1478836,51954433,1409650302.33,,
2021-11-18,938,26.822464,27.7790004,26.5463504,26.8126028,41850393,1144475525.41,,
2021-11-19,938,26.723852,26.7534356,25.8955112,26.5857952,40649917,1082325426.43,,
2021-11-22,938,26.4477384,26.9999656,26.2603756,26.8520476,30498592,828055666.49,,
2021-11-23,938,26.8126028,27.2760792,26.5463504,26.9901044,26143044,712488855.67,,
2021-11-24,938,26.8323252,27.709972,26.723852,27.2366344,30288747,836703757.92,,
2021-11-25,938,26.13218,26.13218,24.5149432,24.7811956,101009754,2548251723.48,,
2021-11-26,938,24.702306,25.293978,24.6628612,25.0375868,41965150,1066529867.87,,
2021-11-29,938,25.0277256,25.9250948,24.7811956,25.1263376,35238404,904253877.72,,
2021-11-30,938,25.1263376,25.9250948,24.9685584,25.5010632,30850189,795692413.71,,
2021-12-01,938,25.343284,26.0434292,25.293978,25.7475932,27262049,712225539.99,,
2021-12-02,938,25.8757888,26.1913472,25.540508,25.589814,17644062,460879771.56,,
2021-12-03,938,25.491202,25.8166216,25.195366,25.3137004,19577334,504964806.3,,
2021-12-06,938,25.3630064,25.5700916,25.14606,25.2643944,19387764,498711436.39,,
2021-12-07,938,25.293978,26.0631516,24.89953,25.3038392,27816077,715962187.15,,
2021-12-08,938,25.2249496,25.4616184,25.1164764,25.4221736,17530379,450305031.94,,
2021-12-09,938,25.2841168,25.8166216,25.2150884,25.589814,26742380,692101827.62,,
2021-12-10,938,25.540508,25.63912,24.9685584,25.195366,25443820,650885797.04,,
2021-12-13,938,25.5602304,25.7771768,23.66688,24.0711892,79056166,1950945649.86,,
2021-12-14,938,24.0021608,24.258552,23.3118768,23.518962,51211130,1226699068.75,,
2021-12-15,938,23.4893784,23.7950756,23.3907664,23.4992396,25774726,616594471.84,,
2021-12-16,938,22.68076,22.68076,21.20158,21.9017252,119448563,2620781375.1,,
2021-12-17,938,21.6847788,21.9115864,21.2607472,21.3790816,47372669,1032263417.18,,
2021-12-20,938,21.398804,21.44811,20.3732392,20.511296,44814605,944396350.26,,
2021-12-21,938,20.4422676,21.250886,20.412684,21.0931068,32700684,696319084.22,,
2021-12-22,938,21.1325516,21.4776936,21.0339396,21.2804696,31088916,672187064.37,,
2021-12-23,938,21.3297756,21.4086652,21.053662,21.20158,20953710,449997402.43,,
2021-12-24,938,21.20158,21.4579712,21.1325516,21.300192,22425920,484501936.56,,
2021-12-27,938,21.2706084,21.7143624,21.20158,21.5861668,28011504,612333894.73,,
2021-12-28,938,21.6354728,21.842558,21.5368608,21.6551952,22316707,490738186.69,,
2021-12-29,938,21.7242236,22.089088,21.4086652,21.9707536,28412796,628370947.56,,
2021-12-30,938,22.089088,23.321738,21.8721416,22.631454,62850183,1455245866.92,,
2021-12-31,938,22.483536,22.9371512,22.3257568,22.532842,29809655,683797869.17,,
2022-01-04,938,22.532842,22.6610376,22.237006,22.5229808,29576508,673173646.52,,
2022-01-05,938,22.4638136,22.7103436,22.089088,22.4933972,23109206,525478749.32,,
2022-01-06,938,22.384924,22.582148,21.990476,22.138394,30275826,680474407.9,,
2022-01-07,938,22.1679776,22.5032584,21.793252,21.9214476,18772378,421153813.89,,
2022-01-10,938,21.8031132,22.68076,21.5565832,22.532842,36180774,815321907.94,,
2022-01-11,938,22.4145076,23.0160408,22.3454792,22.7695108,34486500,797417622.9,,
2022-01-12,938,22.483536,22.8582616,22.43423,22.6511764,24040340,552543984.43,,
2022-01-13,938,22.779372,22.976596,22.3652016,22.3750628,16469972,378263273.34,,
2022-01-14,938,22.286312,22.5427032,22.089088,22.2468672,16761378,379197699.74,,
2022-01-17,938,22.6413152,24.1402176,22.5131196,24.0317444,65371411,1566884459.77,,
2022-01-18,938,24.6332776,25.9645396,24.15994,24.357164,78451185,1992743855.98,,
2022-01-19,938,24.209246,24.998142,23.9824384,24.2191072,38121628,944308182.52,,
2022-01-20,938,24.1500788,24.603694,23.9232712,24.357164,35235125,868610245.75,,
2022-01-21,938,24.307858,24.455776,23.617574,23.7260472,28767024,697393351.28,,
2022-01-24,938,23.7260472,24.0021608,23.321738,23.5485456,21985919,525458614.81,,
2022-01-25,938,23.518962,23.5879904,22.1778388,22.2074224,30841973,710577087.21,,
2022-01-26,938,22.1877,22.7497884,21.6256116,22.0792268,25149009,563923604.77,,
2022-01-27,938,22.1088104,22.1975612,20.8860216,20.9747724,27309214,589593218.74,,
2022-01-28,938,21.20158,21.4776936,20.6690752,20.7775484,23449044,501772501.95,,
2022-02-07,938,21.3790816,21.4579712,20.4422676,20.5507408,27115529,569709196.8,,
2022-02-08,938,20.511296,21.0240784,20.1957376,21.004356,20580781,430471239.49,,
2022-02-09,938,21.004356,21.8031132,20.8860216,21.7242236,23889734,517880434.86,,
2022-02-10,938,21.6256116,21.69464,21.300192,21.4382488,17630047,383686374.5,,
2022-02-11,938,21.300192,21.5664444,20.6690752,20.7874096,24022078,512753225.97,,
2022-02-14,938,20.609908,20.6394916,19.821012,20.1267092,21510062,441837604.88,,
2022-02-15,938,20.1267092,20.5408796,20.0774032,20.363378,22829665,469949650.82,,
2022-02-16,938,20.70852,20.7874096,20.3337944,20.4324064,20319704,422234680.71,,
2022-02-17,938,20.2943496,20.3929616,19.9787912,20.067542,17499008,358040261.77,,
2022-02-18,938,20.7282424,21.4283876,20.609908,21.2311636,57115804,1216251775.03,,
2022-02-21,938,22.0989492,22.6610376,21.9313088,22.1877,74856961,1687987756.49,,
2022-02-22,938,21.9017252,22.1877,21.4776936,21.546722,40388056,890650029.11,,
2022-02-23,938,21.7242236,21.94117,21.4185264,21.9214476,31883708,702521155.03,,
2022-02-24,938,21.69464,21.8820028,20.7183812,21.0635232,40977581,884435513.53,,
2022-02-25,938,21.20158,21.3889428,20.9846336,21.053662,20808917,447107599.97,,
2022-02-28,938,20.8761604,21.7340848,20.6394916,21.6847788,30780524,665632384.0,,
2022-03-01,938,21.69464,21.8721416,21.4185264,21.7242236,23937467,526813792.0,,
2022-03-02,938,21.5269996,22.1877,21.4678324,21.9115864,23157107,513028320.0,,
2022-03-03,938,21.9115864,21.9707536,21.4776936,21.5861668,18880485,414632624.0,,
2022-03-04,938,21.4382488,21.8228356,21.2706084,21.3790816,18445664,403062320.0,,
2022-03-07,938,21.250886,21.250886,20.412684,20.6493528,26690563,561789600.0,,
2022-03-08,938,20.6887976,20.8268544,19.9097628,20.2253212,22450780,464667648.0,,
2022-03-09,938,20.3535168,20.4718512,18.73628,19.7815672,29797181,594830608.0,,
2022-03-10,938,20.2943496,20.363378,19.9097628,19.919624,15118806,308320496.0,,
2022-03-11,938,19.623788,20.166154,19.3180908,20.0971256,15998544,319677104.0,,
2022-03-14,938,19.8407344,20.314072,19.623788,19.6336492,16308752,330317664.0,,
2022-03-15,938,19.5350372,19.6139268,18.391138,18.4108604,27029709,521621264.0,,
2022-03-16,938,18.884198,19.4167028,18.3023872,19.3082296,25610414,488635712.0,,
2022-03-17,938,19.623788,20.067542,19.4857312,19.574482,23418694,468772032.0,,
2022-03-18,938,19.5646208,19.6632328,19.426564,19.5843432,15220514,301988995.76,,
2022-03-21,938,19.5448984,19.6829552,19.180034,19.3969804,17155696,337911381.19,,
2022-03-22,938,19.3871192,19.821012,19.130728,19.5054536,16310514,321327121.62,,
2022-03-23,938,19.525176,20.2746272,19.327952,19.870318,24099818,486016067.67,,
2022-03-24,938,19.7421224,19.870318,19.3575356,19.4660088,16241382,321576860.96,,
2022-03-25,938,19.5054536,19.6533716,19.1701728,19.1898952,11069887,217271331.18,,
2022-03-28,938,19.032116,19.0518384,18.391138,18.637668,22147384,417953611.96,,
2022-03-29,938,18.7066964,18.98281,18.391138,18.4503052,16382705,309246900.74,,
2022-03-30,938,18.5686396,18.8743368,18.4996112,18.8447532,14380967,272650333.3,,
2022-03-31,938,18.785586,19.3180908,18.5686396,19.278646,16925060,323952974.66,,
2022-04-01,938,18.9039204,19.3082296,18.6672516,19.130728,18794129,362345222.03,,
2022-04-06,938,19.130728,19.1504504,18.7954472,18.8546144,16250423,312129081.83,,
2022-04-07,938,18.785586,18.785586,18.24322,18.2530812,19023944,356567703.01,,
2022-04-08,938,18.24322,18.3122484,17.7304376,18.193914,16184551,295095792.1,,
2022-04-11,938,18.1150244,18.1248856,17.1782104,17.4148792,21958302,390156191.52,,
2022-04-12,938,17.1880716,17.7896048,17.1880716,17.7304376,12128766,215234063.83,,
2022-04-13,938,17.6416868,17.7304376,17.3458508,17.4641852,9063642,160949967.45,,
2022-04-14,938,17.5726584,17.7304376,17.2373776,17.4444628,17310318,306447493.32,,
2022-04-15,938,17.2571,17.4148792,16.9218192,17.2571,15891589,276280655.32,,
2022-04-18,938,17.158488,17.2866836,16.813346,17.2571,10388491,179795915.06,,
2022-04-19,938,17.3458508,17.75016,17.2669612,17.3655732,13325218,236503290.98,,
2022-04-20,938,16.961264,17.4740464,16.8429296,17.158488,13597068,237202031.64,,
2022-04-21,938,16.9218192,17.1880716,16.3301472,16.566816,16427042,278872524.05,,
2022-04-22,938,16.369592,16.8330684,16.0540336,16.6555668,13335229,222336462.26,,
2022-04-25,938,16.369592,16.3991756,15.087636,15.1172196,25113654,400036706.3,,
2022-04-26,938,15.1468032,15.3144436,14.200128,14.29874,29634811,443849923.89,,
2022-04-27,938,14.1902668,15.5511124,14.0226264,15.3736108,29462035,442311494.11,,
2022-04-28,938,15.235554,15.7384752,15.1763868,15.5412512,19574478,306375506.18,,
2022-04-29,938,16.369592,16.961264,15.876532,16.76404,37024844,616732056.26,,
2022-05-05,938,16.665428,17.8783556,16.5470936,17.5233524,29382167,520527921.78,,
2022-05-06,938,17.059876,18.144608,16.813346,17.2571,23329051,411182456.84,,
2022-05-09,938,17.109182,17.8093272,17.0697372,17.5726584,15071566,268487635.02,,
2022-05-10,938,17.2669612,17.8684944,17.1683492,17.8389108,17973374,322191896.3,,
2022-05-11,938,17.8191884,18.3615544,17.7600212,17.9375228,23699533,436065005.04,,
2022-05-12,938,17.6909928,18.2037752,17.6811316,17.8783556,16594730,302330415.47,,
2022-05-13,938,17.8882168,18.1840528,17.5627972,17.6811316,16028792,288133660.33,,
2022-05-16,938,18.0262736,18.0262736,17.3951568,17.4444628,14286609,254282767.48,,
2022-05-17,938,17.454324,17.6318256,17.3261284,17.602242,11294118,200661228.6,,
2022-05-18,938,17.8586332,18.193914,17.454324,17.5134912,20531681,370206043.96,,
2022-05-19,938,17.158488,17.4444628,17.0795984,17.4148792,13445102,235382350.15,,
2022-05-20,938,17.4247404,17.6811316,17.3852956,17.5233524,11670967,207357210.02,,
2022-05-23,938,17.6318256,17.6416868,17.306406,17.4740464,11878527,209874633.78,,
2022-05-24,938,17.4740464,17.5332136,16.5076488,16.51751,19593023,338165370.8,,
2022-05-25,938,16.7245952,16.8527908,16.5865384,16.7443176,12430958,210941189.87,,
2022-05-26,938,16.7837624,17.2571,16.4583428,17.0401536,16578206,284503394.21,,
2022-05-27,938,17.2373776,17.4346016,17.0007088,17.1387656,14134095,247014078.46,,
2022-05-30,938,17.1387656,17.207794,16.862652,16.9908476,11803198,203276650.63,,
2022-05-31,938,17.01057,17.6614092,16.7048728,17.552936,23731425,415309411.96,,
2022-06-01,938,17.4839076,17.6811316,17.1486268,17.2571,18160360,319455178.26,,
2022-06-02,938,17.0993208,17.6121032,17.059876,17.5627972,18181357,320852257.64,,
2022-06-06,938,17.5627972,17.9868288,17.5332136,17.9572452,19669580,356034723.36,,
2022-06-07,938,17.8586332,17.9572452,17.552936,17.848772,15684590,282233813.92,,
2022-06-08,938,17.799466,18.1741916,17.6121032,17.9375228,24141536,439096980.84,,
2022-06-09,938,17.848772,17.8586332,17.3261284,17.4444628,15885422,282821064.41,,
2022-06-10,938,17.405018,17.7304376,17.2768224,17.6811316,16033741,285423430.56,,
2022-06-13,938,17.6416868,17.7402988,17.4740464,17.700854,14642981,261787906.95,,
2022-06-14,938,17.50363,17.5233524,16.8034848,17.4346016,22119734,385148848.03,,
2022-06-15,938,17.552936,19.180034,17.5332136,19.180034,66400566,1252263729.58,,
2022-06-16,938,19.7224,19.7224,18.686974,18.785586,69419233,1337906440.57,,
2022-06-17,938,18.48975,18.8447532,18.2333588,18.686974,35016394,658021349.89,,
2022-06-20,938,18.7264188,19.032116,18.6179456,18.9039204,31669955,604104370.11,,
2022-06-21,938,18.884198,18.884198,18.2728036,18.4798888,25111803,471997490.46,,
2022-06-22,938,18.5489172,18.6080844,17.99669,18.2728036,23348747,432051383.11,,
2022-06-23,938,18.24322,18.7560024,18.095302,18.6771128,27347726,511774652.05,,
2022-06-24,938,18.73628,18.9532264,18.4503052,18.588362,25297384,478736748.31,,
2022-06-27,938,18.5587784,18.785586,18.4503052,18.637668,22426442,423346312.4,,
2022-06-28,938,18.6179456,19.0025324,18.48975,18.9729488,30184822,575744760.11,,
2022-06-29,938,18.884198,20.21546,18.834892,19.8604568,60561487,1204963345.37,,
2022-06-30,938,18.5291948,19.3871192,18.5291948,19.130728,52263005,1008924871.23,,
2022-07-01,938,19.1110056,20.5408796,19.032116,19.8604568,54016498,1089615198.34,,
2022-07-04,938,19.9492076,20.2253212,19.623788,19.8407344,31587228,634774438.7,,
2022-07-05,938,19.8407344,19.919624,19.1208668,19.426564,28113812,552726435.19,,
2022-07-06,938,19.2589236,19.673094,19.1405892,19.426564,22427015,440830253.24,,
2022-07-07,938,19.426564,19.5942044,19.3082296,19.3871192,17578700,345751823.89,,
2022-07-08,938,19.3969804,19.6336492,19.1110056,19.2490624,19180097,376752263.56,,
2022-07-11,938,19.1405892,19.2096176,18.5489172,18.637668,19799191,376310576.84,,
2022-07-12,938,18.8053084,19.5942044,18.6278068,19.4068416,32099677,624662569.47,,
2022-07-13,938,19.2983684,19.3871192,19.0616996,19.377258,17122839,333274806.13,,
2022-07-14,938,19.574482,20.018236,19.4364252,19.6533716,28274389,566883669.96,,
2022-07-15,938,19.6435104,19.8111508,19.2490624,19.3378132,18182914,359435447.46,,
2022-07-18,938,19.2490624,19.6829552,19.130728,19.6632328,14460451,284501171.59,,
2022-07-19,938,19.7224,20.1562928,19.574482,19.919624,21974340,442182014.76,,
2022-07-20,938,20.018236,20.1267092,19.7519836,19.8801792,12922724,260843438.99,,
2022-07-21,938,19.7224,20.067542,19.6139268,19.6139268,15881436,319569905.0,,
2022-07-22,938,19.623788,19.771706,19.2096176,19.327952,15002300,295674159.0,,
2022-07-25,938,19.327952,19.47587,18.884198,19.0715608,11753364,227934079.51,,
2022-07-26,938,19.0616996,19.22934,18.98281,19.1405892,9845001,190799187.52,,
2022-07-27,938,19.1405892,19.2096176,18.7461412,18.8151696,12540521,240162156.73,,
2022-07-28,938,18.8743368,19.377258,18.8644756,18.9532264,14404671,279499242.16,,
2022-07-29,938,18.884198,19.130728,18.2234976,18.3122484,22000362,414123883.18,,
2022-08-01,938,18.1840528,18.539056,17.7698824,18.440444,15466735,285875977.32,,
2022-08-02,938,18.2234976,18.2234976,17.2373776,17.75016,28946174,516483223.33,,
2022-08-03,938,17.651548,18.3023872,17.6318256,17.898078,21138115,386050696.1,,
2022-08-04,938,17.9671064,18.3122484,17.9671064,18.1643304,10990858,201982414.82,,
2022-08-05,938,18.2037752,18.9729488,18.1840528,18.8940592,23250850,440429553.35,,
2022-08-08,938,18.92378337,19.11212904,18.67596012,18.95352216,19127334,364922744.97,,
2022-08-09,938,18.90395751,19.02291267,18.60656961,18.77508942,11766177,222134473.32,,
2022-08-10,938,18.86430579,18.92378337,18.54709203,18.6363084,11525727,217756058.33,,
2022-08-11,938,18.82465407,19.01299974,18.72552477,18.96343509,13002089,248028661.51,,
2022-08-12,938,18.95352216,18.97334802,18.7354377,18.78500235,11241230,213756966.27,,
2022-08-15,938,18.68587305,18.7354377,18.4380498,18.6363084,10857053,203595631.32,,
2022-08-16,938,18.68587305,18.72552477,18.26952999,18.3389205,14788199,275052098.31,,
2022-08-17,938,18.30918171,18.46778859,17.99196795,18.39839808,16047519,295312954.54,,
2022-08-18,938,18.3389205,18.41822394,17.96222916,18.13074897,15064285,274801627.85,,
2022-08-19,938,18.21996534,18.76517649,18.07127139,18.21996534,21334000,395047223.71,,
2022-08-22,938,18.22987827,18.62639547,17.85318693,18.13074897,22726726,418116699.82,,
2022-08-23,938,18.06135846,18.15057483,17.85318693,17.90275158,15574583,281689157.76,,
2022-08-24,938,17.91266451,17.99196795,17.32780164,17.35754043,20714712,367507445.28,,
2022-08-25,938,17.45666973,17.48640852,17.0502396,17.38727922,14611712,253778021.96,,
2022-08-26,938,17.48640852,17.55579903,17.19893355,17.33771457,11204947,196245127.15,,
2022-08-29,938,17.0502396,17.3476275,16.9511103,17.30797578,9713793,168015502.36,,
2022-08-30,938,17.29806285,17.4467568,17.08989132,17.25841113,9144922,159069264.4,,
2022-08-31,938,17.1493689,17.31788871,17.02050081,17.1493689,11393094,197307601.7,,
2022-09-01,938,17.12954304,17.43684387,17.04032667,17.09980425,10354409,180129615.89,,
2022-09-02,938,17.06015253,17.23858527,17.01058788,17.15928183,7648578,132131486.05,,
2022-09-05,938,17.10971718,17.17910769,16.73302584,16.89163272,12868737,219087560.37,,
2022-09-06,938,16.9511103,17.02050081,16.83215514,16.9511103,11355932,193975842.36,,
2022-09-07,938,16.92137151,17.03041374,16.81232928,16.98084909,10544492,180279443.04,,
2022-09-08,938,17.03041374,17.11963011,16.83215514,16.84206807,10518872,179801019.9,,
2022-09-09,938,16.83215514,17.04032667,16.73302584,16.97093616,9255503,157743208.28,,
2022-09-13,938,17.02050081,17.2484982,17.00067495,17.13945597,12370263,213748777.86,,
2022-09-14,938,16.87180686,17.00067495,16.82224221,16.93128444,8788440,149848310.73,,
2022-09-15,938,16.98084909,17.0502396,16.4554638,16.73302584,12928238,218570328.74,,
2022-09-16,938,16.67354826,16.87180686,16.46537673,16.5545931,10078404,169409791.43,,
2022-09-19,938,16.56450603,16.56450603,15.860688,16.04903367,12806375,207816788.52,,
2022-09-20,938,16.11842418,16.57441896,16.11842418,16.18781469,8825307,144601269.17,,
2022-09-21,938,16.17790176,16.67354826,15.860688,16.56450603,10879819,179400818.28,,
2022-09-22,938,16.4554638,16.73302584,16.38607329,16.46537673,7795080,130439796.64,,
2022-09-23,938,16.46537673,16.60415775,16.0589466,16.40589915,8091141,133559548.93,,
2022-09-26,938,16.23737934,16.33650864,15.96973023,16.00938195,7351538,119641175.48,,
2022-09-27,938,16.01929488,16.26711813,15.98955609,16.26711813,6410862,104334987.27,,
2022-09-28,938,16.19772762,16.27703106,15.75164577,15.79129749,7509133,121376714.05,,
2022-09-29,938,15.96973023,16.10851125,15.57321303,15.73181991,8508684,136209234.28,,
2022-09-30,938,15.74173284,15.93999144,15.69216819,15.72190698,6397206,101905124.41,,
2022-10-10,938,15.65251647,15.65251647,15.00817602,15.03791481,11826349,180968431.47,,
2022-10-11,938,15.03791481,15.32538978,14.98835016,15.25599927,6900020,105533829.36,,
2022-10-12,938,15.29565099,15.85077507,15.14695704,15.84086214,10045292,157412697.46,,
2022-10-13,938,15.84086214,16.23737934,15.70208112,16.03912074,9762786,158361567.67,,
2022-10-14,938,16.09859832,16.28694399,16.08868539,16.13825004,9589509,156478162.83,,
2022-10-17,938,16.14816297,16.68346119,16.06885953,16.61407068,13931796,231762524.76,,
2022-10-18,938,16.57441896,16.62398361,16.36624743,16.43563794,8445297,140136134.61,,
2022-10-19,938,16.37616036,16.49511552,16.16798883,16.30676985,9501294,156423788.2,,
2022-10-20,938,16.30676985,16.67354826,16.16798883,16.44555087,10939645,181698594.41,,
2022-10-21,938,16.48520259,16.53476724,16.23737934,16.27703106,7514802,123940625.4,,
2022-10-24,938,16.42572501,16.71319998,15.94990437,15.99946902,11043524,181298218.46,,
2022-10-25,938,15.9598173,16.1580759,15.63269061,15.79129749,9275140,148424770.85,,
2022-10-26,938,15.860688,16.68346119,15.84086214,16.62398361,20591990,341815455.21,,
2022-10-27,938,16.64380947,17.04032667,16.52485431,16.70328705,17202687,291497261.68,,
2022-10-28,938,16.53476724,16.81232928,16.18781469,16.2572052,14842069,246838288.06,,
2022-10-31,938,16.37616036,17.27823699,16.28694399,17.00067495,34415117,587910166.25,,
2022-11-01,938,16.9511103,17.2484982,16.80241635,17.1493689,27004163,463517855.06,,
2022-11-02,938,17.12954304,17.18902062,16.92137151,17.07997839,19759243,340028892.66,,
2022-11-03,938,16.93128444,17.03041374,16.58433189,16.81232928,21118480,356755939.99,,
2022-11-04,938,16.7528517,17.12954304,16.6537224,17.08989132,20792498,355845404.67,,
2022-11-07,938,17.09980425,17.33771457,16.89163272,17.0502396,19849608,341518336.82,,
2022-11-08,938,17.03041374,17.20884648,16.89163272,17.1493689,16317039,281180429.66,,
2022-11-09,938,17.13945597,17.22867234,16.97093616,17.0502396,10685115,183850361.84,,
2022-11-10,938,16.98084909,17.16919476,16.92137151,17.09980425,13664540,234927578.89,,
2022-11-11,938,17.37736629,17.51614731,17.07006546,17.47649559,29618915,517563060.06,,
2022-11-14,938,17.38727922,18.03161967,17.3476275,18.02170674,31546506,566031693.2,,
2022-11-15,938,17.843274,18.31909464,17.75405763,18.22987827,26185891,477802848.16,,
2022-11-16,938,18.1406619,18.3389205,18.03161967,18.1406619,14381118,263953878.81,,
2022-11-17,938,18.15057483,18.51735324,18.10101018,18.4380498,18288415,337680450.66,,
2022-11-18,938,18.47770152,19.35003936,18.3389205,19.20134541,48897962,938162254.76,,
2022-11-21,938,18.81474114,19.27073592,18.69578598,19.27073592,27224970,524430488.04,,
2022-11-22,938,19.06256439,19.5284721,18.89404458,19.08239025,18845582,364080897.27,,
2022-11-23,938,18.98326095,19.1319549,18.52726617,18.7354377,26434004,499495078.52,,
2022-11-24,938,18.71561184,18.86430579,18.42813687,18.69578598,14093619,264204480.81,,
2022-11-25,938,18.54709203,18.71561184,18.45787566,18.64622133,8491440,159396411.26,,
2022-11-28,938,18.28935585,18.96343509,18.24970413,18.77508942,10941848,205928159.88,,
2022-11-29,938,18.78500235,18.94360923,18.5371791,18.82465407,13501252,256003060.61,,
2022-11-30,938,18.85439286,18.88413165,18.57683082,18.71561184,8971265,169297975.46,,
2022-12-01,938,18.88413165,19.46899452,18.78500235,19.30047471,21063656,407570483.76,,
2022-12-02,938,19.27073592,19.66725312,19.14186783,19.30047471,16716279,328894382.79,,
2022-12-05,938,19.31038764,19.77629535,19.28064885,19.68707898,19300951,381630747.9,,
2022-12-06,938,19.53838503,19.78620828,19.44916866,19.47890745,12706313,251294029.17,,
2022-12-07,938,19.4293428,19.59786261,19.1319549,19.59786261,12100873,236357955.01,,
2022-12-08,938,19.5284721,19.59786261,19.21125834,19.26082299,11531583,224667868.31,,
2022-12-09,938,19.25091006,19.57803675,19.08239025,19.5284721,19706368,384656779.0,,
2022-12-12,938,19.51855917,20.13316083,19.35995229,19.90516344,24884522,500006682.96,,
2022-12-13,938,19.82586,20.04394446,19.67716605,19.70690484,10760200,214716175.29,,
2022-12-14,938,19.76638242,19.95472809,19.66725312,19.75646949,9388325,187320892.74,,
2022-12-15,938,19.7267307,20.09350911,19.59786261,19.66725312,8878548,177788371.15,,
2022-12-16,938,19.45908159,19.5284721,19.19143248,19.5284721,10940500,213738671.09,,
2022-12-19,938,19.35003936,19.56812382,18.97334802,19.07247732,9646597,186458999.09,,
2022-12-20,938,19.25091006,19.29056178,18.60656961,18.76517649,11036726,209539266.89,,
2022-12-21,938,18.86430579,18.95352216,18.4380498,18.65613426,8635263,162480677.88,,
2022-12-22,938,18.9336963,18.94360923,18.62639547,18.69578598,6332380,120027573.4,,
2022-12-23,938,18.72552477,19.11212904,18.5371791,18.80482821,7096647,135345475.21,,
2022-12-26,938,19.01299974,19.01299974,18.7354377,18.9336963,6362443,120898154.05,,
2022-12-27,938,18.94360923,18.98326095,18.58674375,18.94360923,7937165,150407948.06,,
2022-12-28,938,18.88413165,18.97334802,18.71561184,18.81474114,4870182,92477186.46,,
2022-12-29,938,18.74535063,19.31038764,18.65613426,19.15178076,13290519,256325160.35,,
2022-12-30,938,19.24099713,19.45908159,19.10221611,19.34012643,10470217,203670646.73,,
2023-01-03,938,19.35003936,20.30168064,19.27073592,20.19263841,23106284,466671907.79,,
2023-01-04,938,22.21487613,22.21487613,22.21487613,22.21487613,22605198,506582487.18,,
2023-01-05,938,22.8988683,24.43537245,22.69069677,24.43537245,189556412,4507993458.32,,
2023-01-06,938,23.77120614,23.94963888,22.97817174,23.25573378,102739098,2430510966.42,,
2023-01-09,938,23.40442773,23.72164149,22.799739,23.1962562,46771235,1099466437.09,,
2023-01-10,938,23.0971269,23.36477601,22.38339594,22.67087091,50297872,1156661617.52,,
2023-01-11,938,22.67087091,23.57294754,22.64113212,22.95834588,43676795,1022346308.14,,
2023-01-12,938,22.95834588,23.56303461,22.52217696,23.08721397,39323168,911111811.41,,
2023-01-13,938,23.15660448,23.47381824,23.02773639,23.3945148,24761168,581565062.73,,
2023-01-16,938,23.0971269,24.13798455,23.0971269,23.52338289,33220779,794951116.53,,
2023-01-17,938,23.3945148,24.16772334,23.2953855,23.85050958,24364460,586385172.41,,
2023-01-18,938,23.5927734,23.9892906,23.40442773,23.66216391,21211419,505647013.06,,
2023-01-19,938,23.56303461,23.77120614,23.38460187,23.64233805,24675553,586694931.02,,
2023-01-20,938,23.58286047,24.09833283,23.24582085,23.55312168,34312964,816524708.4,,
2023-01-30,938,23.61259926,23.91990009,22.84930365,23.16651741,45379221,1059856606.08,,
2023-01-31,938,23.16651741,23.33503722,22.68078384,22.799739,22064387,510064588.49,,
2023-02-01,938,22.87904244,23.18634327,22.72043556,23.0971269,24585025,570588422.32,,
2023-02-02,938,23.11695276,23.36477601,22.55191575,22.65104505,29678689,683630213.6,,
2023-02-03,938,22.64113212,22.95834588,22.42304766,22.91869416,25005198,573364352.64,,
2023-02-06,938,23.18634327,23.27555964,22.46269938,22.6014804,30301106,696947229.54,,
2023-02-07,938,22.55191575,23.34495015,22.4032218,23.14669155,35455900,823750791.27,,
2023-02-08,938,23.17643034,23.87033544,22.57174161,22.74026142,41560398,968363166.8,,
2023-02-09,938,22.5023511,24.25693971,22.45278645,23.791032,55774609,1322611986.99,,
2023-02-10,938,23.86042251,24.6831957,22.9979976,23.20616913,73282691,1761338760.37,,
2023-02-13,938,23.20616913,25.3771008,22.88895537,24.9805836,91290467,2232412055.5,,
2023-02-14,938,25.28788443,25.34736201,23.73155442,24.19746213,61760820,1516348123.64,,
2023-02-15,938,24.23711385,25.55553354,23.93972595,25.19866806,72573814,1822919717.18,,
2023-02-16,938,24.89136723,26.03135418,24.17763627,24.3858078,91970446,2331219495.83,,
2023-02-17,938,24.40563366,24.53450175,22.68078384,22.68078384,73782206,1727016130.85,,
2023-02-20,938,22.59156747,24.02894232,22.59156747,23.90998716,51061069,1204048859.12,,
2023-02-21,938,24.19746213,25.04997411,23.86042251,24.29659143,65753511,1622007153.52,,
2023-02-22,938,24.09833283,24.40563366,23.63242512,24.0884199,31843746,770106899.17,,
2023-02-23,938,23.93972595,24.0884199,22.87904244,22.9979976,60317363,1414917916.49,,
2023-02-24,938,23.02773639,23.84059665,22.91869416,23.44407945,51606105,1218518042.17,,
2023-02-27,938,23.34495015,24.85171551,23.21608206,24.26685264,74776537,1825604754.97,,
2023-02-28,938,25.29779736,25.8727473,24.69310863,25.1788422,87526864,2225031833.4,,
2023-03-01,938,25.22840685,26.94334374,25.0797129,26.75499807,113169945,3004059719.95,,
2023-03-02,938,26.27917743,26.82438858,26.21969985,26.33865501,53333221,1423993504.8,,
2023-03-03,938,25.3771008,25.86283437,24.80215086,25.60509819,57976572,1488055274.17,,
2023-03-06,938,25.62492405,26.23952571,25.38701373,25.773618,42446527,1106636337.98,,
2023-03-07,938,25.74387921,25.74387921,24.61380519,24.64354398,50469967,1277799346.15,,
2023-03-08,938,24.76249914,25.01032239,24.44528538,24.8814543,32920978,821586697.66,,
2023-03-09,938,24.782325,27.36959973,24.60389226,27.36959973,85833801,2271819023.24,,
2023-03-10,938,26.94334374,27.81568158,26.65586877,27.17134113,91871447,2524326420.07,,
2023-03-13,938,26.70543342,27.98420139,26.31882915,27.73637814,84916644,2347278364.79,,
2023-03-14,938,27.2605575,27.4588161,26.31882915,27.04247304,66743558,1811201397.24,,
2023-03-15,938,27.14160234,27.28038336,26.47743603,26.55673947,34869778,939144495.62,,
2023-03-16,938,26.55673947,26.95325667,26.15030934,26.40804552,35686389,956308992.84,,
2023-03-17,938,26.55673947,27.73637814,26.4675231,27.20107992,67129844,1842491045.39,,
2023-03-20,938,27.2605575,28.83671337,27.21099285,27.80576865,96288054,2732226598.56,,
2023-03-21,938,27.56785833,28.5492384,27.12177648,27.70663935,52712306,1480114846.67,,
2023-03-22,938,27.5579454,29.2431435,27.5579454,29.12418834,83925516,2438952988.74,,
2023-03-23,938,29.01514611,31.3248588,28.8466263,30.98781918,106382478,3257932786.24,,
2023-03-24,938,30.71025714,31.69163721,30.4326951,31.35459759,66381644,2082141075.61,,
2023-03-27,938,31.0274709,31.34468466,29.58018312,30.29391408,72005725,2200007788.27,,
2023-03-28,938,30.08574255,30.5318244,29.16384006,29.84783223,48898488,1466409821.49,,
2023-03-29,938,29.66939949,31.06712262,29.3422728,30.17495892,53531468,1632881365.39,,
2023-03-30,938,29.73879,29.99652618,28.3509798,28.72767114,68921915,2011099711.43,,
2023-03-31,938,28.6483677,29.20349178,27.9544626,29.03497197,45971435,1325636088.08,,
2023-04-03,938,30.9283416,31.93946046,30.9283416,31.93946046,116495446,3725762930.81,,
2023-04-04,938,32.2170225,34.97281704,32.15754492,34.13021799,141676342,4785664763.79,,
2023-04-06,938,33.8030913,35.24046615,32.8117983,33.5057034,77584242,2654357516.66,,
2023-04-07,938,34.1004792,34.76464551,33.71387493,33.86256888,61899474,2133882630.71,,
2023-04-10,938,34.13021799,34.52673519,30.73999593,30.9283416,84045651,2721326568.41,,
2023-04-11,938,30.93825453,31.37442345,30.04609083,31.24555536,79826673,2490256220.03,,
2023-04-12,938,31.5231174,33.76343958,30.74990886,33.1091862,99599666,3284715264.84,,
2023-04-13,938,32.4152811,32.48467161,29.9370486,30.37321752,106401428,3336805032.56,,
2023-04-14,938,30.50208561,30.87877695,29.76852879,30.47234682,70872993,2170195339.88,,
2023-04-17,938,30.74990886,31.721376,29.87757102,31.28520708,87185540,2723856033.96,,
2023-04-18,938,30.98781918,32.8117983,30.06591669,32.42519403,117542786,3772986770.19,,
2023-04-19,938,32.2170225,33.703962,31.63215963,31.67181135,133113167,4383464819.32,,
2023-04-20,938,32.0187639,33.96169818,32.00885097,33.96169818,121733655,4079285970.97,,
2023-04-21,938,33.703962,33.8030913,31.68172428,32.2170225,94746217,3119296521.75,,
2023-04-24,938,32.4152811,33.703962,31.71146307,32.99023104,78770869,2602165821.29,,
2023-04-25,938,32.62345263,33.11909913,31.08694848,32.1178932,77249931,2499545987.33,,
2023-04-26,938,31.96919925,32.06832855,28.90610388,28.90610388,110288133,3295113994.03,,
2023-04-27,938,28.22211171,28.93584267,27.2605575,27.56785833,110728495,3117424033.41,,
2023-04-28,938,27.76611693,29.6396607,27.76611693,29.37201159,72603661,2133608832.66,,
2023-05-04,938,28.91601681,29.42157624,28.19237292,28.66819356,43638573,1263137700.38,,
2023-05-05,938,28.23202464,28.83671337,27.4588161,27.66698763,64816590,1830862572.97,,
2023-05-08,938,28.00402725,29.1440142,27.03256011,28.8466263,58207296,1669608702.59,,
2023-05-09,938,29.77844172,30.29391408,28.39063152,28.42037031,66547789,1970925294.51,,
2023-05-10,938,28.2518505,28.83671337,27.14160234,27.58768419,53344481,1495150412.1,,
2023-05-11,938,27.56785833,27.64716177,26.74508514,26.84421444,43072966,1178235133.07,,
2023-05-12,938,26.84421444,27.10195062,26.33865501,26.38821966,42663442,1146401831.75,,
2023-05-15,938,26.4675231,26.92351788,25.43657838,26.92351788,57926484,1528313548.99,,
2023-05-16,938,26.92351788,27.24073164,26.47743603,26.68560756,33819545,913108598.07,,
2023-05-17,938,26.41795845,27.49846782,26.34856794,27.21099285,44569403,1219117894.16,,
2023-05-18,938,27.17134113,28.76732286,27.14160234,28.28158929,65820909,1878973102.96,,
2023-05-19,938,28.1527212,28.78714872,27.76611693,28.03376604,37503517,1066627983.27,,
2023-05-22,938,27.9544626,28.40054445,27.2605575,27.82559451,27608014,774041400.42,,
2023-05-23,938,27.82559451,27.82559451,27.0622989,27.18125406,26941433,742984228.87,,
2023-05-24,938,27.18125406,27.5579454,26.58647826,27.07221183,28946630,790994885.06,,
2023-05-25,938,28.09324362,29.39183745,27.96437553,28.76732286,72651624,2091071532.23,,
2023-05-26,938,28.72767114,29.35218573,28.33115394,29.12418834,51817451,1516903506.74,,
2023-05-29,938,30.58138905,31.5231174,30.01635204,30.20469771,109327312,3382739151.87,,
2023-05-30,938,30.0361779,31.6222467,29.53061847,31.28520708,85907377,2677505201.74,,
2023-05-31,938,31.03738383,32.64327849,30.89860281,32.33597766,89639509,2877223737.74,,
2023-06-01,938,32.20710957,33.45613875,31.87006995,32.16745785,70818166,2323014849.86,,
2023-06-02,938,32.52432333,32.712669,31.57268205,31.67181135,48986382,1575959985.16,,
2023-06-05,938,31.63215963,32.35580352,31.5231174,31.87998288,38131797,1228508879.16,,
2023-06-06,938,31.87006995,32.0187639,30.64086663,30.80938644,40947347,1288788083.2,,
2023-06-07,938,30.93825453,31.38433638,30.54173733,30.85895109,29056661,908652983.51,,
2023-06-08,938,30.71025714,30.96799332,30.00643911,30.730083,31402746,965627069.53,,
2023-06-09,938,31.38433638,32.75232072,30.4326951,32.70275607,85944441,2767730018.02,,
2023-06-12,938,32.54414919,33.42639996,32.29632594,32.42519403,57471224,1901885806.4,,
2023-06-13,938,32.2170225,33.65439735,31.39424931,33.1091862,75530628,2494810553.32,,
2023-06-14,938,33.48587754,34.37804124,32.83162416,34.1004792,84583252,2883602751.21,,
2023-06-15,938,34.11039213,34.87368774,33.5057034,33.76343958,63203699,2174435977.34,,
2023-06-16,938,33.36692238,35.18098857,33.28761894,34.96290411,73632082,2561742272.65,,
2023-06-19,938,35.1909015,36.66792807,34.16986971,36.42010482,95201453,3410421748.44,,
2023-06-20,938,35.70637386,36.8760996,34.65560328,36.4795824,90516742,3251489964.41,,
2023-06-21,938,35.8848066,38.44234254,35.0917722,36.44984361,116829315,4331641333.28,,
2023-06-26,938,36.0830652,37.28252973,34.5961257,34.71508086,96185001,3457845207.47,,
2023-06-27,938,34.9926429,35.1909015,33.95178525,34.63577742,56253468,1959915128.79,,
2023-06-28,938,33.63457149,33.63457149,31.17616485,31.17616485,81243791,2568913180.6,,
2023-06-29,938,30.6309537,31.6222467,29.92713567,31.09686141,80352975,2487850048.5,,
2023-06-30,938,30.80938644,31.9196346,30.50208561,31.57268205,63280474,1989516319.19,,
2023-07-03,938,31.57268205,31.71146307,29.64957363,31.5231174,70140254,2170934722.68,,
2023-07-04,938,31.13651313,31.66189842,30.69043128,31.30503294,38965092,1228240917.87,,
2023-07-05,938,31.2257295,31.41407517,30.61112784,30.730083,30775438,960465991.79,,
2023-07-06,938,30.6309537,31.99893804,30.51199854,31.2257295,45696893,1449474434.69,,
2023-07-07,938,31.00764504,31.16625192,29.4414021,30.34347873,53723180,1633782713.33,,
2023-07-10,938,30.38313045,30.5318244,29.48105382,29.87757102,36307874,1092680112.36,,
2023-07-11,938,29.80818051,30.72017007,29.72887707,30.28400115,30903662,944664703.94,,
2023-07-12,938,29.73879,30.19478478,28.31132808,28.49967375,73241944,2142126292.97,,
2023-07-13,938,28.75740993,29.25305643,28.23202464,28.44019617,61302369,1774429446.79,,
2023-07-14,938,28.57897719,30.2344365,28.40054445,29.61983484,69931548,2072824023.43,,
2023-07-17,938,29.40175038,30.28400115,29.10436248,29.55044433,49902021,1491479735.45,,
2023-07-18,938,29.65948656,29.78835465,28.81688751,28.88627802,39801776,1174654586.49,,
2023-07-19,938,29.02505904,29.2431435,28.28158929,28.44019617,39165303,1128036661.86,,
2023-07-20,938,28.4501091,28.51949961,27.12177648,27.32994801,54446280,1515304833.31,,
2023-07-21,938,27.22090578,27.4588161,26.88386616,27.09203769,28981571,795338727.77,,
2023-07-24,938,27.08212476,28.747497,27.05238597,28.00402725,51800874,1468176272.11,,
2023-07-25,938,28.32124101,28.6483677,27.5579454,28.21219878,49164332,1395990665.49,,
2023-07-26,938,28.13289534,28.13289534,27.22090578,27.47864196,30648551,850312362.65,,
2023-07-27,938,27.44890317,27.52820661,26.91360495,27.09203769,28287392,774414602.25,,
2023-07-28,938,27.11186355,27.25064457,26.67569463,26.70543342,43595656,1182046454.9,,
2023-07-31,938,26.6657817,27.61742298,26.28909036,27.04247304,42511858,1163408896.7,,
2023-08-01,938,26.9631696,27.73637814,26.65586877,27.43899024,36201446,994822691.29,,
2023-08-02,938,27.30020922,27.56785833,27.14160234,27.43899024,21702263,599182171.7,,
2023-08-03,938,27.17134113,27.60751005,26.97308253,27.2605575,24997599,687960268.67,,
2023-08-04,938,27.15151527,28.83671337,27.14160234,28.58889012,63947305,1825551379.87,,
2023-08-07,938,28.72767114,29.42157624,28.1527212,28.17254706,56311808,1633219162.77,,
2023-08-08,938,28.47984789,28.56906426,28.00402725,28.00402725,22993064,654552438.52,,
2023-08-09,938,27.94454967,28.30141515,26.87395323,27.02264718,38407119,1062970031.89,,
2023-08-10,938,26.95325667,27.12177648,26.71534635,27.03256011,24337803,660590307.98,,
2023-08-11,938,27.1614282,27.3596868,26.15030934,26.20978692,28198168,757432554.4,,
2023-08-14,938,25.70422749,26.88386616,25.64474991,26.80456272,24092469,641548842.65,,
2023-08-15,938,26.8640403,27.12177648,25.94213781,26.22961278,24074158,641746829.03,,
2023-08-16,938,26.18004813,26.41795845,25.5753594,25.63483698,25341094,659400126.0,,
2023-08-17,938,25.45640424,26.04126711,25.28788443,25.773618,24148602,626559134.26,,
2023-08-18,938,25.68440163,26.09083176,25.01032239,25.02023532,25806288,660720537.42,,
2023-08-21,938,25.16892927,25.78353093,24.90128016,25.36718787,24312072,624165022.61,,
2023-08-22,938,25.773618,26.14039641,25.21849392,26.03135418,34589801,896377148.12,,
2023-08-23,938,25.773618,25.773618,24.99049653,25.0797129,28107122,717223642.19,,
2023-08-24,938,25.5753594,25.76370507,25.11936462,25.36718787,28833095,740920702.55,,
2023-08-25,938,24.86162844,24.94093188,24.03885525,24.20737506,48690372,1193607380.27,,
2023-08-28,938,25.49605596,25.92231195,25.08962583,25.26805857,53717083,1381461462.91,,
2023-08-29,938,25.25814564,26.55673947,24.86162844,26.39813259,59653317,1562254619.75,,
2023-08-30,938,26.31882915,27.4588161,26.2692645,26.87395323,49570840,1346334626.91,,
2023-08-31,938,26.764911,27.05238597,26.47743603,26.69552049,23917508,646719560.42,,
2023-09-01,938,26.72525928,26.8640403,25.92231195,26.16022227,23281354,617280891.48,,
2023-09-04,938,26.45761017,26.73517221,26.05118004,26.63604291,32827449,872985373.11,,
2023-09-05,938,26.5666524,26.6657817,25.95205074,26.02144125,23634315,624618332.81,,
2023-09-06,938,25.9718766,26.08091883,25.36718787,25.8727473,21697981,562692872.31,,
2023-09-07,938,25.84300851,25.84300851,24.99049653,24.99049653,25294554,644336681.4,,
2023-09-08,938,24.84180258,25.11936462,24.57415347,24.73276035,18200619,454510990.75,,
2023-09-11,938,24.6831957,26.57656533,24.61380519,25.74387921,38260014,988096628.6,,
2023-09-12,938,25.64474991,26.32874208,25.52579475,25.9718766,23720772,620750490.23,,
2023-09-13,938,25.79344386,25.84300851,24.63363105,24.91119309,30112748,760719582.63,,
2023-09-14,938,24.84180258,25.30771029,24.5840664,24.782325,19409158,487275666.44,,
2023-09-15,938,24.80215086,24.92110602,24.2866785,24.40563366,19893422,492925123.76,,
2023-09-18,938,24.19746213,24.59397933,24.07850697,24.22720092,23756965,582112128.28,,
2023-09-19,938,24.11815869,24.37589487,23.72164149,23.83068372,21824085,526091178.57,,
2023-09-20,938,23.87033544,24.45519831,23.791032,23.80094493,25196780,612419860.47,,
2023-09-21,938,23.74146735,24.5840664,23.67207684,24.00911646,32675471,796965639.6,,
2023-09-22,938,23.97937767,25.10945169,23.6919027,24.9805836,50243859,1254006120.18,,
2023-09-25,938,24.32633022,24.32633022,22.77991314,23.30529843,83509892,1965850718.04,,
2023-09-26,938,23.28547257,24.02894232,23.18634327,23.26564671,47681676,1130602266.42,,
2023-09-27,938,23.0971269,23.54320875,23.0971269,23.18634327,29506094,693580129.71,,
2023-09-28,938,23.18634327,23.54320875,22.9979976,23.36477601,28380368,664783039.08,,
2023-10-09,938,23.26564671,23.58286047,22.9979976,23.37468894,24047900,565066928.4,,
2023-10-10,938,23.45399238,23.54320875,23.05747518,23.06738811,23902377,559821670.64,,
2023-10-11,938,23.08721397,24.02894232,23.04756225,23.48373117,41714028,992160038.99,,
2023-10-12,938,23.63242512,23.74146735,22.80965193,22.91869416,37993351,884701748.88,,
2023-10-13,938,22.80965193,22.83939072,22.3040925,22.36357008,31925481,724703961.7,,
2023-10-16,938,22.26444078,22.42304766,21.78862014,21.97696581,31495941,699575166.49,,
2023-10-17,938,22.13557269,22.17522441,21.60027447,21.69940377,26374236,578471285.0,,
2023-10-18,938,21.16410555,21.4119288,19.55821089,20.34133236,89278786,1807685638.52,,
2023-10-19,938,20.4206358,20.9162823,20.1232479,20.33141943,45840146,951318779.2,,
2023-10-20,938,20.21246427,20.48011338,19.77629535,19.84568586,30150808,608107988.31,,
2023-10-23,938,19.85559879,19.90516344,19.1319549,19.26082299,31055146,608147938.78,,
2023-10-24,938,19.51855917,19.77629535,19.1319549,19.4293428,30590385,599283031.03,,
2023-10-25,938,19.65734019,19.85559879,19.36986522,19.46899452,33668566,665765535.42,,
2023-10-26,938,19.26082299,19.70690484,19.18151955,19.69699191,28261232,555139340.17,,
2023-10-27,938,19.5284721,19.7267307,19.2310842,19.51855917,47708293,935876937.27,,
2023-10-30,938,19.49873331,19.89525051,19.3302135,19.79612121,46484847,921335226.36,,
2023-10-31,938,19.82586,20.04394446,19.27073592,19.43925573,43018089,845304865.45,,
2023-11-01,938,19.47890745,19.78620828,19.3302135,19.37977815,35533605,699236936.58,,
2023-11-02,938,19.58794968,19.58794968,19.09230318,19.15178076,38021198,739325884.6,,
2023-11-03,938,19.15178076,19.7267307,19.1319549,19.63751433,49161412,966529426.02,,
2023-11-06,938,19.80603414,20.20255134,19.70690484,20.1232479,53554273,1081765100.14,,
2023-11-07,938,20.07368325,20.78741421,19.91507637,20.60898147,63636314,1306682560.62,,
2023-11-08,938,20.59906854,21.00549867,20.39089701,20.63872026,66398935,1385302983.97,,
2023-11-09,938,20.58915561,21.46149345,20.5197651,21.26323485,93604258,1990804011.09,,
2023-11-10,938,20.92619523,21.2136702,20.69819784,20.79732714,62435262,1315709684.2,,
2023-11-13,938,20.88654351,21.49123224,20.88654351,21.20375727,69762315,1494058731.48,,
2023-11-14,938,21.23349606,21.56062275,21.04515039,21.26323485,48823625,1047069314.27,,
2023-11-15,938,21.48131931,21.73905549,21.26323485,21.33262536,54865706,1186461961.38,,
2023-11-16,938,21.19384434,21.56062275,21.10462797,21.10462797,43928098,944056844.39,,
2023-11-17,938,20.96584695,21.53088396,20.93610816,21.34253829,45824406,983014966.86,,
2023-11-20,938,21.32271243,21.98687874,21.05506332,21.68949084,70458128,1530993246.61,,
2023-11-21,938,21.808446,21.808446,21.06497625,21.14427969,51769229,1117444330.86,,
2023-11-22,938,21.1145409,21.33262536,20.82706593,20.84689179,41329078,878802420.05,,
2023-11-23,938,20.83697886,21.06497625,20.52967803,21.04515039,39127513,822171295.27,,
2023-11-24,938,21.00549867,21.09471504,20.46028752,20.59906854,32774871,683201126.75,,
2023-11-27,938,20.49993924,20.70811077,20.30168064,20.39089701,28845397,594372828.54,,
2023-11-28,938,20.41072287,20.99558574,20.27194185,20.55941682,32360161,672427949.91,,
2023-11-29,938,20.5197651,20.55941682,20.1232479,20.2223772,30970172,634510186.56,,
2023-11-30,938,20.17281255,20.29176771,19.85559879,20.03403153,28954660,585728267.18,,
2023-12-01,938,20.03403153,20.93610816,19.83577293,20.79732714,57376582,1185615034.41,,
2023-12-04,938,20.77750128,21.2136702,20.57924268,20.66845905,51379644,1083427569.43,,
2023-12-05,938,20.53959096,20.53959096,19.47890745,19.47890745,56705619,1134120753.42,,
2023-12-06,938,19.38969108,19.66725312,19.24099713,19.44916866,32701108,641146400.02,,
2023-12-07,938,19.4293428,20.01420567,19.31038764,19.77629535,39370609,781721550.93,,
2023-12-08,938,19.7267307,21.13436676,19.7267307,20.75767542,93864652,1958884046.67,,
2023-12-11,938,20.65854612,20.85680472,20.30168064,20.817153,51804409,1073071191.24,,
2023-12-12,938,20.96584695,21.36236415,20.63872026,20.9162823,63574789,1348611805.75,,
2023-12-13,938,20.87663058,20.95593402,20.44046166,20.45037459,32300192,674337495.9,,
2023-12-14,938,20.56932975,21.08480211,20.35124529,20.38098408,43385653,906596420.6,,
2023-12-15,938,20.4206358,20.56932975,19.95472809,20.10342204,32203541,657009386.91,,
2023-12-18,938,20.00429274,20.20255134,19.68707898,19.73664363,27850107,558801279.58,,
2023-12-19,938,19.70690484,19.9249893,19.55821089,19.78620828,22700922,451575665.01,,
2023-12-20,938,19.79612121,19.80603414,18.834567,18.87421872,48153378,931503317.12,,
2023-12-21,938,18.71561184,19.2310842,18.58674375,19.06256439,36776280,701013017.17,,
2023-12-22,938,19.01299974,19.17160662,18.51735324,18.58674375,33700410,639514441.84,,
2023-12-25,938,18.5371791,18.90395751,18.51735324,18.69578598,23730798,447982286.81,,
2023-12-26,938,18.65613426,18.65613426,17.92257744,18.01179381,30675709,560959610.61,,
2023-12-27,938,18.02170674,18.31909464,18.02170674,18.1406619,27989331,512764056.87,,
2023-12-28,938,18.12083604,19.16169369,17.85318693,19.05265146,52478137,990271572.54,,
2023-12-29,938,18.99317388,19.36986522,18.98326095,19.18151955,36539567,707738760.67,,
2024-01-02,938,19.15178076,19.18151955,18.67596012,18.67596012,30831158,585145037.92,,
2024-01-03,938,18.59665668,18.69578598,18.18031362,18.36865929,28255206,523898768.05,,
2024-01-04,938,18.36865929,18.36865929,17.9424033,18.06135846,30047262,547517820.42,,
2024-01-05,938,18.05144553,18.08118432,17.40710508,17.53597317,37764702,676602335.2,,
2024-01-08,938,17.48640852,17.49632145,16.92137151,16.93128444,32420707,560282367.64,,
2024-01-09,938,17.07006546,17.26832406,16.90154565,17.03041374,28696529,493922400.1,,
2024-01-10,938,16.98084909,17.17910769,16.6537224,16.89163272,31913075,544549997.59,,
2024-01-11,938,16.92137151,17.73423177,16.89163272,17.57562489,52372617,922256619.15,,
2024-01-12,938,17.45666973,17.61527661,17.17910769,17.2484982,28533470,500420557.04,,
2024-01-15,938,17.2484982,17.4467568,17.00067495,17.2484982,19550525,340052334.36,,
2024-01-16,938,17.23858527,17.23858527,16.77267756,17.16919476,27968424,479661988.39,,
2024-01-17,938,17.11963011,17.28814992,16.78259049,16.78259049,27714281,476969297.7,,
2024-01-18,938,16.6537224,17.13945597,16.50502845,17.10971718,47795336,807456164.55,,
2024-01-19,938,17.03041374,17.40710508,16.96102323,17.13945597,35573576,617977259.07,,
2024-01-22,938,17.3476275,17.35754043,16.23737934,16.42572501,41054876,696796769.4,,
2024-01-23,938,16.33650864,17.21875941,16.26711813,17.04032667,46014625,784095197.47,,
2024-01-24,938,17.1493689,17.21875941,16.32659571,17.08989132,51457491,870073597.54,,
2024-01-25,938,16.93128444,17.68466712,16.83215514,17.63510247,59668894,1046704536.03,,
2024-01-26,938,17.58553782,17.69458005,17.3476275,17.36745336,39627464,700305534.04,,
2024-01-29,938,17.3476275,17.41701801,16.6537224,16.74293877,35623877,608349909.98,,
2024-01-30,938,16.63389654,16.87180686,16.0589466,16.08868539,36256988,601809598.75,,
2024-01-31,938,15.97964316,16.10851125,15.40469322,15.42451908,35643402,565303986.87,,
2024-02-01,938,15.39478029,16.1580759,15.18660876,15.65251647,35920557,569588038.31,,
2024-02-02,938,15.64260354,15.92016558,14.43322608,15.0676536,50755491,774344126.05,,
2024-02-05,938,15.04782774,15.35512857,14.09618646,14.58192003,53767480,800366011.49,,
2024-02-06,938,14.3737485,15.69216819,14.30435799,15.64260354,53380487,819375290.96,,
2024-02-07,938,15.64260354,16.1580759,15.51373545,15.9598173,57076133,915974573.9,,
2024-02-08,938,16.07877246,16.73302584,16.0589466,16.58433189,56140376,930152148.9,,
2024-02-19,938,17.32780164,17.59545075,16.93128444,17.59545075,77593490,1350874565.78,,
2024-02-20,938,17.38727922,17.38727922,17.03041374,17.23858527,49634684,861597806.05,,
2024-02-21,938,17.04032667,17.71440591,16.9511103,17.28814992,53778561,944270324.66,,
2024-02-22,938,17.69458005,18.42813687,17.69458005,18.03161967,85842542,1563002305.24,,
2024-02-23,938,18.42813687,18.42813687,17.91266451,18.12083604,65018891,1187011416.65,,
2024-02-26,938,18.09109725,18.78500235,17.87301279,18.52726617,80595395,1499448033.13,,
2024-02-27,938,18.37857222,20.38098408,18.20013948,20.38098408,133476861,2641852227.18,,
2024-02-28,938,21.06497625,21.93731409,19.91507637,19.91507637,215746225,4576813232.43,,
2024-02-29,938,19.9249893,21.9075753,19.9249893,21.9075753,224364595,4859163258.35,,
2024-03-01,938,22.1058339,24.09833283,21.98687874,24.09833283,279932370,6615195804.31,,
2024-03-04,938,24.62371812,26.28909036,23.58286047,25.2779715,330623423,8345508863.88,,
2024-03-05,938,24.67328277,25.40683959,23.8901613,24.55432761,252249907,6263648764.36,,
2024-03-06,938,24.09833283,24.82197672,23.791032,24.37589487,169180466,4138582508.11,,
2024-03-07,938,24.3858078,25.09953876,23.70181563,24.782325,209867002,5205087123.84,,
2024-03-08,938,25.2779715,25.42666545,23.87033544,24.71293449,191394202,4725731114.07,,
2024-03-11,938,23.791032,24.54441468,23.60268633,24.53450175,165230177,4026493272.42,,
2024-03-12,938,24.54441468,24.8814543,23.80094493,24.00911646,135506239,3302649409.15,,
2024-03-13,938,24.3858078,24.47502417,23.16651741,23.26564671,160868239,3835075112.17,,
2024-03-14,938,22.80965193,23.42425359,22.42304766,22.85921658,121191927,2794799750.11,,
2024-03-15,938,22.799739,23.03764932,22.28426664,22.96825881,106506283,2430949484.5,,
2024-03-18,938,23.02773639,23.91990009,22.87904244,23.66216391,152577208,3628282861.43,,
2024-03-19,938,23.3945148,23.76129321,23.11695276,23.26564671,92153858,2175244315.76,,
2024-03-20,938,23.12686569,23.65225098,22.9979976,23.35486308,82522682,1940381380.31,,
2024-03-21,938,23.24582085,23.45399238,22.80965193,22.90878123,79060928,1839304223.22,,
2024-03-22,938,22.94843295,23.01782346,22.32391836,22.63121919,90431819,2070832960.01,,
2024-03-25,938,22.61139333,22.97817174,21.96705288,21.99679167,76475792,1740295745.05,,
2024-03-26,938,21.92740116,22.35365715,21.2136702,21.39210294,102321079,2235484942.69,,
2024-03-27,938,21.40201587,21.49123224,20.43054873,20.45037459,82415802,1728579077.47,,
2024-03-28,938,20.5197651,22.15539855,20.5197651,21.75888135,128656641,2784691903.55,,
2024-03-29,938,21.4119288,21.75888135,21.0154116,21.52097103,74419053,1602695580.18,,
2024-04-01,938,21.53088396,21.94722702,21.35245122,21.88774944,79120485,1734523399.55,,
2024-04-02,938,21.81835893,21.82827186,21.1145409,21.35245122,66735887,1442435227.25,,
2024-04-03,938,21.25332192,21.32271243,20.64863319,20.817153,49869210,1051018455.57,,
2024-04-08,938,20.66845905,20.97575988,20.37107115,20.40080994,47687763,994509456.74,,
2024-04-09,938,20.37107115,20.49993924,19.83577293,20.16289962,55078594,1114039482.6,,
2024-04-10,938,20.03403153,20.07368325,19.27073592,19.50864624,56615295,1119355191.15,,
2024-04-11,938,19.50864624,20.35124529,19.48882038,19.9249893,70525936,1425281922.55,,
2024-04-12,938,20.07368325,20.36115822,19.80603414,19.84568586,55099935,1115444905.37,,
2024-04-15,938,19.77629535,20.56932975,19.49873331,20.15298669,75747035,1532864996.23,,
2024-04-16,938,19.89525051,20.36115822,19.4293428,19.47890745,68376537,1367825397.46,,
2024-04-17,938,19.81594707,20.46028752,19.69699191,20.38098408,79556344,1619919368.49,,
2024-04-18,938,20.15298669,20.62880733,19.75646949,20.10342204,74236649,1507147992.15,,
2024-04-19,938,19.9249893,20.05385739,19.36986522,19.49873331,63440420,1256062626.84,,
2024-04-22,938,18.71561184,19.35995229,18.34883343,19.11212904,57772951,1105361980.4,,
2024-04-23,938,19.20134541,19.39960401,18.72552477,18.85439286,36850523,704559705.24,,
2024-04-24,938,18.98326095,19.67716605,18.81474114,19.53838503,61788581,1204513146.53,,
2024-04-25,938,19.3302135,19.51855917,19.16169369,19.27073592,35289517,687996887.83,,
2024-04-26,938,19.47890745,20.23229013,19.34012643,20.04394446,77814020,1562097511.48,,
2024-04-29,938,20.21246427,20.99558574,20.20255134,20.87663058,85012537,1773092654.77,,
2024-04-30,938,21.0154116,21.1145409,20.29176771,20.76758835,83096782,1735043543.28,,
2024-05-06,938,21.22358313,21.52097103,20.90636937,21.02532453,66324432,1416855427.34,,
2024-05-07,938,20.95593402,21.20375727,20.6188944,20.75767542,52118969,1098173659.89,,
2024-05-08,938,20.6188944,20.62880733,20.14307376,20.15298669,43960835,901740969.31,,
2024-05-09,938,20.2223772,20.92619523,20.13316083,20.7180237,61745238,1278614134.62,,
2024-05-10,938,20.64863319,20.74776249,20.05385739,20.2223772,48480589,991310528.14,,
2024-05-13,938,19.95472809,20.1232479,19.6276014,19.88533758,41294683,826934909.04,,
2024-05-14,938,19.88533758,20.40080994,19.88533758,20.16289962,37344397,759534935.12,,
2024-05-15,938,20.19263841,20.5197651,20.00429274,20.13316083,46807469,958836097.43,,
2024-05-16,938,20.47020045,22.14548562,20.46028752,21.99679167,191090614,4163939869.45,,
2024-05-17,938,21.6101874,21.95713995,21.22358313,21.76879428,121019060,2630321303.23,,
2024-05-20,938,21.76879428,22.2049632,21.63001326,22.08600804,91335537,2028657665.18,,
2024-05-21,938,21.92740116,22.42304766,21.58044861,22.35365715,99759867,2219525121.39,,
2024-05-22,938,22.35365715,23.57294754,21.84809772,23.1962562,140594945,3238035482.07,,
2024-05-23,938,23.1962562,23.67207684,22.69069677,23.48373117,127012464,2971833111.81,,
2024-05-24,938,23.56303461,23.8901613,22.16531148,22.23470199,128324233,2967611205.57,,
2024-05-27,938,22.74026142,23.34495015,22.2049632,22.77991314,113332715,2600284868.47,,
2024-05-28,938,22.31400543,22.49243817,21.6101874,21.67957791,84035834,1854761491.39,,
2024-05-29,938,21.85801065,22.05626925,21.48131931,21.58044861,47596809,1041971238.51,,
2024-05-30,938,21.4119288,21.85801065,21.07488918,21.62010033,54154130,1173692236.37,,
2024-05-31,938,21.45158052,22.26444078,21.32271243,21.82827186,62092789,1374248747.64,,
2024-06-03,938,21.84809772,22.25452785,21.68949084,21.93731409,51104470,1134040424.54,,
2024-06-04,938,21.96705288,21.99679167,21.39210294,21.7093167,42558720,928043229.41,,
2024-06-05,938,21.75888135,22.08600804,21.65975205,21.72914256,42258987,932755848.14,,
2024-06-06,938,22.01661753,23.08721397,21.96705288,22.48252524,97913397,2218943573.11,,
2024-06-07,938,22.3040925,22.98808467,22.17522441,22.72043556,74562672,1704030652.22,,
2024-06-11,938,22.72043556,23.07730104,22.42304766,23.05747518,62536542,1443086117.34,,
2024-06-12,938,22.80965193,23.06738811,22.6014804,22.78982607,48567898,1117043788.42,,
2024-06-13,938,22.78982607,23.32512429,22.52217696,23.23590792,70419439,1631399402.42,,
2024-06-14,938,22.9979976,23.791032,22.799739,22.86912951,93867876,2206707892.38,,
2024-06-17,938,22.6014804,22.86912951,22.36357008,22.43296059,62383713,1422767344.11,,
2024-06-18,938,22.31400543,24.46511124,22.3040925,23.93972595,120459134,2884628434.54,,
2024-06-19,938,24.03945414,24.18901524,23.67053676,23.72039046,61756158,1478646723.27,,
2024-06-20,938,23.72039046,23.74033194,22.91276052,22.9825557,64815764,1508755346.88,,
2024-06-21,938,22.75322868,23.50103418,22.70337498,23.19194124,49281354,1141441904.73,,
2024-06-24,938,22.8329946,23.05235088,22.00542318,22.04530614,61454323,1389763206.45,,
2024-06-25,938,21.92565726,22.01539392,21.17785176,21.3872373,56904255,1231193406.99,,
2024-06-26,938,21.62653506,22.54384314,21.36729582,22.40425278,54624327,1200439641.56,,
2024-06-27,938,22.2846039,22.41422352,21.79603764,21.79603764,37328151,826433001.48,,
2024-06-28,938,21.75615468,22.85293608,21.75615468,22.2846039,56454376,1272203725.29,,
2024-07-01,938,22.32448686,22.70337498,22.00542318,22.57375536,42717271,958084898.46,,
2024-07-02,938,22.49398944,22.57375536,21.86583282,22.01539392,40745220,907976560.42,,
2024-07-03,938,21.96554022,22.00542318,21.49691544,21.75615468,28924663,630615185.6,,
2024-07-04,938,21.935628,22.01539392,21.3872373,21.3872373,26794579,581043648.8,,
2024-07-05,938,21.31744212,21.95556948,21.30747138,21.70630098,36652487,798877457.46,,
2024-07-08,938,21.55673988,21.56671062,21.0382614,21.06817362,34028425,725893291.15,,
2024-07-09,938,20.938554,22.21480872,20.72916846,22.1350428,59956881,1301749092.09,,
2024-07-10,938,22.0353354,22.2846039,21.94559874,22.06524762,31244640,692949098.2,,
2024-07-11,938,22.4840187,22.51393092,21.99545244,22.37434056,47475663,1059850418.87,,
2024-07-12,938,22.05527688,22.0851891,21.70630098,21.8359206,33328697,731774959.06,,
2024-07-15,938,21.7362132,22.0353354,21.64647654,21.92565726,24105352,528307026.41,,
2024-07-16,938,21.7860669,24.11922006,21.76612542,24.11922006,122966752,2874547224.33,,
2024-07-17,938,24.6775815,25.31570886,24.48813744,24.5778741,186545365,4651171620.19,,
2024-07-18,938,24.5280204,24.85705482,23.60074158,24.30866412,123206461,2977087885.12,,
2024-07-19,938,24.1790445,25.21600146,24.03945414,24.5280204,138116864,3417919428.63,,
2024-07-22,938,24.428313,24.85705482,24.24883968,24.29869338,91401411,2246552145.1,,
2024-07-23,938,24.29869338,24.43828374,23.1321168,23.15205828,91852055,2184737914.58,,
2024-07-24,938,23.1819705,23.60074158,22.59369684,22.67346276,66223902,1528748648.59,,
2024-07-25,938,22.35439908,22.97258496,22.24472094,22.59369684,59993196,1359419845.75,,
2024-07-26,938,22.5338724,23.11217532,21.96554022,22.67346276,73307338,1651325848.87,,
2024-07-29,938,22.6335798,22.89281904,22.3843113,22.3843113,48031104,1087394565.13,,
2024-07-30,938,22.09515984,22.30454538,21.66641802,22.20483798,51111321,1127695772.72,,
2024-07-31,938,22.00542318,23.24179494,21.9854817,23.0822631,83654075,1905386322.33,,
2024-08-01,938,23.431239,23.4810927,22.85293608,22.87287756,51387352,1189338648.23,,
2024-08-02,938,22.42419426,22.6335798,21.935628,22.02536466,60325866,1347107075.64,,
2024-08-05,938,21.51685692,21.96554022,20.7391392,20.7391392,67511507,1443969243.33,,
2024-08-06,938,21.1379688,21.26758842,20.3901633,20.86875882,51503692,1073647391.96,,
2024-08-07,938,20.7391392,20.76905142,19.97139222,20.26054368,51669186,1060453053.93,,
2024-08-08,938,20.02124592,20.37022182,19.7420652,20.1408948,40107619,805589593.63,,
2024-08-09,938,20.3901633,20.47989996,19.8916263,19.8916263,36411146,735586425.24,,
2024-08-12,938,19.80188964,19.90159704,19.5925041,19.67227002,26640970,527020740.76,,
2024-08-13,938,19.72212372,20.11098258,19.6922115,20.10101184,30226365,602250213.12,,
2024-08-14,938,20.1408948,20.17080702,19.83180186,19.83180186,29240878,586627356.13,,
2024-08-15,938,19.72212372,20.1907485,19.6922115,19.9913337,35448492,710623960.99,,
2024-08-16,938,20.00130444,20.08107036,19.8417726,19.87168482,25519674,510601536.85,,
2024-08-19,938,19.86171408,20.18077776,19.78194816,19.97139222,23579614,473665134.28,,
2024-08-20,938,19.9913337,20.05115814,19.42300152,19.45291374,31445433,618308553.45,,
2024-08-21,938,19.42300152,19.77197742,19.35320634,19.45291374,20301179,397953688.35,,
2024-08-22,938,19.45291374,19.48282596,18.92446452,19.02417192,32336307,621299121.97,,
2024-08-23,938,19.02417192,19.28341116,18.96434748,19.1936745,22853730,438578036.82,,
2024-08-26,938,19.1936745,19.30335264,19.01420118,19.22358672,19636824,377209775.5,,
2024-08-27,938,19.0939671,19.2933819,18.77490342,18.85466934,24917845,474979506.55,,
2024-08-28,938,18.82475712,19.02417192,18.60540084,19.00423044,29139202,550413953.88,,
2024-08-29,938,18.81478638,19.3930893,18.7449912,19.17373302,32657200,626512236.56,,
2024-08-30,938,19.17373302,19.87168482,19.1438208,19.68224076,57909168,1141590127.09,,
2024-09-02,938,19.6423578,19.77197742,19.00423044,19.01420118,39493082,764825801.08,,
2024-09-03,938,19.02417192,19.36317708,18.96434748,19.2435282,21872683,420770077.12,,
2024-09-04,938,18.9942597,19.17373302,18.92446452,19.00423044,20286204,387256320.12,,
2024-09-05,938,19.41303078,19.6922115,19.25349894,19.32329412,45094173,879120481.57,,
2024-09-06,938,19.3432356,19.37314782,18.7449912,18.76493268,31445055,599530858.13,,
2024-09-09,938,18.66522528,18.82475712,18.45583974,18.57548862,24241244,452692077.2,,
2024-09-10,938,18.65525454,19.03414266,18.20657124,18.78487416,38252013,711079237.94,,
2024-09-11,938,18.6452838,18.78487416,18.50569344,18.67519602,21192072,396030888.07,,
2024-09-12,938,18.8446986,18.98428896,18.47578122,18.4957227,24247870,456209682.15,,
2024-09-13,938,18.41595678,18.61537158,18.36610308,18.36610308,21396725,396778447.3,,
2024-09-18,938,18.37607382,18.4957227,17.947332,18.32622012,25016319,456897490.48,,
2024-09-19,938,18.47578122,18.87461082,18.2963079,18.6452838,32886852,613863464.49,,
2024-09-20,938,18.6452838,18.83472786,18.53560566,18.73502046,28993835,543833411.15,,
2024-09-23,938,18.71507898,19.12387932,18.60540084,18.81478638,30494403,578593856.02,,
2024-09-24,938,18.97431822,19.46288448,18.48575196,19.46288448,68148322,1306448982.76,,
2024-09-25,938,19.60247484,20.1408948,19.47285522,19.55262114,79415400,1578694544.65,,
2024-09-26,938,19.55262114,20.2904559,19.43297226,20.2904559,73369035,1464176583.55,,
2024-09-27,938,20.79896364,22.2846039,20.57960736,21.92565726,115407510,2466121455.68,,
2024-09-30,938,23.02243866,24.08930784,22.1848965,24.06936636,164227454,3835655479.82,,
2024-10-08,938,26.4723147,26.4723147,24.92685,26.4723147,190001484,4994890220.48,,
2024-10-09,938,25.923924,27.3198276,24.3784593,24.9767037,203317758,5242950970.39,,
2024-10-10,938,25.05646962,25.51512366,23.8300686,24.3286056,118300679,2921206645.65,,
2024-10-11,938,23.94971748,24.21892746,22.62360906,22.95264348,101739895,2371481822.98,,
2024-10-14,938,22.94267274,23.76027342,22.6335798,23.66056602,84910297,1977220830.66,,
2024-10-15,938,23.5808001,24.58784484,23.37141456,23.42126826,103269983,2483365847.65,,
2024-10-16,938,22.7332872,23.32156086,22.71334572,22.84296534,73421502,1688632054.33,,
2024-10-17,938,23.431239,23.7303612,22.97258496,23.02243866,81896661,1919740125.19,,
2024-10-18,938,22.932702,25.0764111,22.8329946,24.44825448,137601725,3321929796.39,,
2024-10-21,938,24.91687926,25.4752407,24.4781667,24.7274352,134302580,3358742245.19,,
2024-10-22,938,24.58784484,24.8769963,24.23886894,24.60778632,85544571,2105245764.44,,
2024-10-23,938,24.64766928,25.10632332,24.3784593,24.56790336,84701164,2105839605.03,,
2024-10-24,938,24.29869338,25.26585516,24.13916154,24.65764002,78652466,1946669835.58,,
2024-10-25,938,24.80720112,25.11629406,24.40837152,24.91687926,72443400,1798811689.83,,
2024-10-28,938,24.92685,25.0764111,24.64766928,24.79723038,70303262,1749967400.9,,
2024-10-29,938,24.80720112,26.422461,24.45822522,25.30573812,156908159,4007970645.43,,
2024-10-30,938,24.9767037,25.7743629,24.71746446,25.1262648,102569945,2592339874.15,,
2024-10-31,938,25.11629406,26.61190506,24.5778741,26.1731925,183613223,4739978413.61,,
2024-11-01,938,25.6248018,26.18316324,24.53799114,24.60778632,132397943,3358636196.99,,
2024-11-04,938,24.43828374,25.923924,24.43828374,25.84415808,112526597,2878023712.72,,
2024-11-05,938,25.8242166,27.2201202,25.5749481,26.84123208,166279727,4434127561.24,,
2024-11-06,938,26.95091022,28.04769162,26.33272434,27.14035428,176925557,4798093629.02,,
2024-11-07,938,26.71161246,27.11044206,26.0236314,27.01073466,138982435,3707965958.16,,
2024-11-08,938,27.419535,29.6130978,27.1204128,28.12745754,193959432,5504878609.07,,
2024-11-11,938,27.6189498,30.93920622,27.49930092,30.50049366,273156152,8096782244.66,,
2024-11-12,938,29.79257112,29.83245408,28.24710642,28.78552638,194691491,5693610435.49,,
2024-11-13,938,28.37672604,29.1644145,28.13742828,28.84535082,106704489,3066961499.13,,
2024-11-14,938,28.62599454,28.65590676,27.3198276,27.32979834,95973149,2677553251.28,,
2024-11-15,938,27.20017872,27.65883276,26.3227536,26.34269508,91761534,2478738164.68,,
2024-11-18,938,26.4723147,26.58199284,25.1262648,25.38550404,89960816,2324121086.0,,
2024-11-19,938,25.425387,26.23301694,24.8769963,25.98374844,85189287,2184310023.66,,
2024-11-20,938,25.7743629,26.28287064,25.63477254,25.89401178,73038329,1897881900.42,,
2024-11-21,938,25.80427512,26.2728999,25.61483106,25.90398252,62306126,1622962700.1,,
2024-11-22,938,25.9737777,26.34269508,24.73740594,24.75734742,88986329,2285419934.22,,
2024-11-25,938,24.64766928,24.88696704,23.85001008,24.3784593,72037405,1752692664.36,,
2024-11-26,938,24.35851782,24.85705482,24.0294834,24.19898598,42129488,1033680568.27,,
2024-11-27,938,24.1291908,24.84708408,23.81012712,24.83711334,58282821,1424107101.26,,
2024-11-28,938,24.8271426,25.59488958,24.70749372,24.86702556,71071797,1787288858.33,,
2024-11-29,938,24.73740594,25.56497736,24.6277278,25.2758259,64436459,1625898532.6,,
2024-12-02,938,25.2758259,25.61483106,25.15617702,25.40544552,57467036,1464388433.44,,
2024-12-03,938,25.43535774,25.44532848,24.59781558,24.92685,62395323,1563634565.0,,
2024-12-04,938,24.99664518,25.16614776,24.428313,24.51804966,49390815,1226868505.63,,
2024-12-05,938,24.51804966,24.85705482,24.40837152,24.75734742,39945565,988408655.79,,
2024-12-06,938,24.76731816,25.25588442,24.55793262,25.16614776,68421870,1713752140.41,,
2024-12-09,938,25.0764111,25.1262648,24.50807892,24.78725964,49612737,1233503555.39,,
2024-12-10,938,25.5250944,25.70456772,24.88696704,24.90690852,65736208,1666263594.96,,
2024-12-11,938,24.88696704,25.1262648,24.80720112,25.06644036,41175761,1030938522.54,,
2024-12-12,938,25.06644036,25.33565034,24.81717186,25.18608924,46206155,1162994835.41,,
2024-12-13,938,24.9767037,24.98667444,24.48813744,24.48813744,50062739,1239847456.13,,
2024-12-16,938,24.53799114,25.5749481,24.50807892,24.90690852,74530367,1873367281.85,,
2024-12-17,938,24.8271426,26.0734851,24.7772889,25.5250944,121418415,3123771453.74,,
2024-12-18,938,25.5250944,26.36263656,24.65764002,25.94386548,125011736,3202423700.47,,
2024-12-19,938,25.45529922,27.918072,25.40544552,27.50927166,236019853,6383734973.63,,
2024-12-20,938,27.10047132,27.5192424,26.7714369,26.99079318,151678286,4125517701.08,,
2024-12-23,938,27.25003242,28.0676331,26.66175876,27.1204128,133291878,3651082948.25,,
2024-12-24,938,27.1204128,27.30985686,26.44240248,27.19020798,97946118,2637986749.37,,
2024-12-25,938,26.920998,28.0177794,26.86117356,27.54915462,142124568,3928535396.68,,
2024-12-26,938,27.28991538,28.88523378,26.94093948,28.67584824,183230385,5186303729.29,,
2024-12-27,938,28.915146,30.78964512,28.7655849,28.87526304,273124895,8102508771.98,,
2024-12-30,938,29.45356596,29.7626589,28.72570194,29.10459006,160050049,4698852887.0,,
2024-12-31,938,29.10459006,29.22423894,27.74856942,27.74856942,146188659,4154547736.52,,
2025-01-02,938,27.419535,27.73859868,25.59488958,25.93389474,140204265,3731707802.26,,
2025-01-03,938,25.96380696,26.0236314,24.5280204,24.56790336,93690066,2364365856.82,,
2025-01-06,938,24.5778741,25.69459698,24.2787519,24.53799114,96546050,2403137755.18,,
2025-01-07,938,24.63769854,25.4752407,24.34854708,25.33565034,94048032,2363110625.83,,
2025-01-08,938,25.0265574,25.0265574,23.84003934,24.70749372,103210438,2535684489.79,,
2025-01-09,938,24.53799114,26.06351436,24.4781667,25.66468476,137632416,3519599409.71,,
2025-01-10,938,25.34562108,25.45529922,24.60778632,24.60778632,114294139,2865845192.92,,
2025-01-13,938,24.11922006,24.43828374,23.74033194,23.93974674,79783743,1922784267.95,,
2025-01-14,938,24.28872264,25.3755333,23.7303612,25.35559182,118670281,2946342741.46,,
2025-01-15,938,25.2259722,25.5749481,24.99664518,25.1262648,74972448,1896555895.88,,
2025-01-16,938,25.3256796,25.71453846,24.7274352,25.11629406,81228104,2050292142.78,,
2025-01-17,938,25.03652814,25.70456772,24.88696704,25.34562108,86679972,2202459658.19,,
2025-01-20,938,25.48521144,25.8740703,25.23594294,25.53506514,77198823,1979048134.13,,
2025-01-21,938,25.7245092,26.46234396,25.55500662,26.36263656,116797162,3048369206.13,,
2025-01-22,938,26.14328028,26.8212906,26.09342658,26.56205136,109494088,2908186860.94,,
2025-01-23,938,26.98082244,27.1204128,25.96380696,25.96380696,105821668,2816754484.99,,
2025-01-24,938,25.923924,26.78140764,25.86409956,26.74152468,88152713,2339225002.9,,
2025-01-27,938,26.91102726,27.03067614,25.0764111,25.10632332,106637830,2758753284.33,,
2025-02-05,938,25.6248018,26.35266582,25.40544552,26.11336806,105323046,2740132768.72,,
2025-02-06,938,26.10339732,27.43947648,25.923924,27.3198276,120299788,3246792512.37,,
2025-02-07,938,27.33976908,28.79549712,27.0705591,28.15736976,185240778,5194359281.29,,
2025-02-10,938,28.8652923,29.413683,28.28698938,28.416609,178518026,5138010545.72,,
2025-02-11,938,28.14739902,29.2142682,28.07760384,28.416609,135722533,3890775477.25,,
2025-02-12,938,28.52628714,29.39374152,28.47643344,29.12453154,140649616,4090931116.9,,
2025-02-13,938,29.13450228,29.60312706,27.99783792,28.49637492,168932712,4844659520.56,,
2025-02-14,938,28.50634566,31.04888436,28.2171942,30.30107886,252154276,7489656923.18,,
2025-02-17,938,30.91926474,32.404905,30.410757,30.89932326,252838207,7938946198.15,,
2025-02-18,938,30.43069848,30.76970364,28.92511674,29.10459006,186845008,5575776826.54,,
2025-02-19,938,29.10459006,30.55034736,28.95502896,29.80254186,137740903,4113956691.83,,
2025-02-20,938,29.5632441,29.89227852,28.82540934,29.38377078,111374172,3276541782.84,,
2025-02-21,938,30.5104644,32.32513908,30.410757,32.32513908,241616057,7579818517.89,,
2025-02-24,938,32.93335422,33.900516,32.4547587,32.903442,245306037,8140779453.64,,
2025-02-25,938,32.0060754,34.2494919,31.78671912,33.02309088,189216792,6236074406.02,,
2025-02-26,938,33.0530031,33.17265198,32.08584132,32.87352978,138911217,4538404636.04,,
2025-02-27,938,33.04303236,33.04303236,31.02894288,31.57733358,150384891,4778239953.45,,
2025-02-28,938,30.88935252,31.27821138,29.39374152,29.47350744,136223714,4125806673.44,,
2025-03-03,938,29.70283446,29.8125126,28.416609,29.1145608,98094220,2863385342.08,,
2025-03-04,938,28.58611158,29.54330262,28.58611158,29.30400486,91197215,2669130591.55,,
2025-03-05,938,29.413683,29.75268816,28.84535082,29.413683,99059018,2912118295.57,,
2025-03-06,938,30.0119274,31.0588551,29.72277594,30.63011328,129591829,3949427843.51,,
2025-03-07,938,30.33099108,30.4606107,29.47350744,29.74271742,95295642,2865029778.31,,
2025-03-10,938,29.413683,29.7128052,28.8652923,29.27409264,72308543,2117918327.06,,
2025-03-11,938,28.7157312,29.18435598,28.60605306,29.0647071,59621267,1727993700.93,,
2025-03-12,938,29.29403412,30.27116664,29.07467784,29.54330262,92016414,2739043875.43,,
2025-03-13,938,29.37380004,29.44359522,28.19725272,28.40663826,84491530,2431670664.79,,
2025-03-14,938,28.42657974,29.5133904,28.3169016,29.45356596,80732675,2341410781.93,,
2025-03-17,938,29.45356596,29.54330262,29.08464858,29.24418042,53294333,1564169691.24,,
2025-03-18,938,29.45356596,30.0119274,29.30400486,29.413683,63891410,1900288921.07,,
2025-03-19,938,29.2142682,29.30400486,28.7655849,28.90517526,47152222,1370130046.36,,
2025-03-20,938,28.8154386,29.18435598,28.53625788,28.60605306,48055064,1388012222.91,,
2025-03-21,938,28.30693086,28.4664627,27.29988612,27.44944722,85524072,2385725839.43,,
2025-03-24,938,27.48933018,27.85824756,26.93096874,27.68874498,52532108,1445956093.33,,
2025-03-25,938,27.6189498,27.7186572,26.98082244,27.09050058,40476011,1107910587.96,,
2025-03-26,938,27.09050058,27.3696813,27.0207054,27.06058836,35045172,955844761.4,,
2025-03-27,938,26.9708517,27.5192424,26.920998,27.16029576,39814590,1088530987.57,,
2025-03-28,938,27.00076392,27.74856942,27.00076392,27.39959352,41851376,1147285987.73,,
2025-03-31,938,27.13038354,27.47935944,26.60193432,27.33976908,49111612,1331861665.42,,
2025-04-01,938,27.39959352,27.82833534,27.2201202,27.26000316,37324420,1026114921.93,,
2025-04-02,938,27.43947648,28.38669678,27.32979834,27.8183646,63391132,1778224148.92,,
2025-04-03,938,27.40956426,27.90810126,26.93096874,27.11044206,52070895,1429032987.97,,
2025-04-07,938,25.15617702,25.5749481,24.39840078,24.39840078,71303960,1770388361.0,,
2025-04-08,938,24.33857634,24.78725964,23.04238014,23.89986378,93537300,2241862985.98,,
2025-04-09,938,23.2318242,24.86702556,22.64355054,24.70749372,85940825,2075880399.56,,
2025-04-10,938,25.2259722,26.58199284,25.2259722,25.58491884,91658005,2371873682.69,,
2025-04-11,938,24.9767037,25.923924,24.9767037,25.61483106,67660914,1728529327.28,,
2025-04-14,938,26.04357288,26.18316324,25.51512366,25.6248018,47281327,1223649380.37,,
2025-04-15,938,25.5250944,25.80427512,25.26585516,25.63477254,32433258,831065177.53,,
2025-04-16,938,25.30573812,25.3256796,24.70749372,25.01658666,50427074,1262922005.15,,
2025-04-17,938,24.78725964,25.3755333,24.75734742,24.86702556,36114442,908857419.97,,
2025-04-18,938,24.83711334,25.08638184,24.69752298,24.9767037,27447879,685609915.19,,
2025-04-21,938,24.83711334,25.50515292,24.7772889,25.49518218,39476300,997627999.97,,
2025-04-22,938,25.3755333,25.38550404,24.8271426,25.00661592,39411138,991552693.54,,
2025-04-23,938,25.20603072,25.5749481,25.0764111,25.31570886,43881091,1114124674.93,,
2025-04-24,938,25.38550404,25.38550404,24.78725964,24.89693778,31823540,798021723.98,,
2025-04-25,938,24.91687926,25.3755333,24.8271426,25.1262648,32012694,809065136.93,,
2025-04-28,938,25.20603072,25.48521144,24.79723038,24.85705482,31256473,785268042.53,,
2025-04-29,938,23.929776,24.428313,23.55088788,24.35851782,60288242,1455770199.77,,
2025-04-30,938,24.44825448,25.26585516,24.33857634,25.06644036,51165837,1281891318.88,,
2025-05-06,938,25.29576738,25.7245092,25.2259722,25.68462624,46270005,1185256664.84,,
2025-05-07,938,26.03360214,26.10339732,25.3256796,25.56497736,43735523,1125318696.84,,
2025-05-08,938,25.5250944,25.84415808,25.43535774,25.64474328,34693253,893373272.91,,
2025-05-09,938,25.6248018,25.63477254,25.08638184,25.1262648,30733570,778717441.47,,
2025-05-12,938,25.3755333,25.6248018,25.3256796,25.6248018,34166292,873131985.03,,
2025-05-13,938,25.923924,25.94386548,25.31570886,25.3755333,35049626,898860815.07,,
2025-05-14,938,25.45529922,25.70456772,25.20603072,25.46526996,36892383,941244924.71,,
2025-05-15,938,25.46526996,25.46526996,24.5280204,24.5280204,52932315,1316955877.93,,
2025-05-16,938,24.428313,24.65764002,24.25881042,24.44825448,29911764,733600688.04,,
2025-05-19,938,24.3784593,24.44825448,24.05939562,24.29869338,24816965,603439946.67,,
2025-05-20,938,24.29869338,24.49810818,24.13916154,24.43828374,24516157,598929313.11,,
2025-05-21,938,24.51804966,24.61775706,24.23886894,24.2787519,26504538,649007605.99,,
2025-05-22,938,24.15910302,24.428313,24.0294834,24.03945414,23139100,561264691.84,,
2025-05-23,938,24.00954192,24.15910302,23.60074158,23.6306538,34677093,830610747.06,,
2025-05-26,938,23.74033194,24.33857634,23.74033194,24.20895672,35606420,860285547.87,,
2025-05-27,938,24.16907376,24.35851782,23.85998082,23.90983452,25009917,602327792.38,,
2025-05-28,938,23.929776,24.0294834,23.62068306,23.69047824,21706997,517232096.85,,
2025-05-29,938,23.82009786,24.35851782,23.80015638,24.3286056,40468929,980809919.78,,
2025-05-30,938,24.2288982,24.25881042,23.8799223,23.95968822,26009768,625708187.14,,
2025-06-03,938,23.85998082,24.0793371,23.74033194,23.80015638,28882242,691248933.34,,
2025-06-04,938,23.85998082,24.20895672,23.85001008,24.09927858,28906602,698491261.71,,
2025-06-05,938,24.1291908,24.69752298,24.11922006,24.66761076,58470938,1436273277.82,,
2025-06-06,938,24.66761076,24.7274352,24.43828374,24.66761076,30245287,745541514.42,,
2025-06-09,938,24.70749372,24.84708408,24.53799114,24.76731816,33193110,822860402.4,,
2025-06-10,938,24.7772889,24.90690852,23.8799223,24.03945414,51339323,1247190142.14,,
2025-06-11,938,24.00954192,24.29869338,23.929776,24.03945414,31672398,764918525.34,,
2025-06-12,938,23.929776,24.11922006,23.80015638,23.85001008,33545956,804872064.92,,
2025-06-13,938,23.81,23.85,23.13,23.22,65154109,1522838149.33,,
2025-06-16,938,23.09,23.53,23.0,23.29,30307040,706614947.26,,
2025-06-17,938,23.36,23.41,23.0,23.09,29758046,688648776.4,,
2025-06-18,938,23.01,23.21,22.85,23.1,28151783,648187973.72,,
2025-06-19,938,23.0,23.2,22.72,22.81,29019974,665695427.77,,
2025-06-20,938,22.82,22.93,22.46,22.71,34135569,772079482.58,,
2025-06-23,938,22.51,22.88,22.35,22.8,24534238,556515118.36,,
2025-06-24,938,22.89,23.38,22.87,23.32,40223015,933637467.16,,
2025-06-25,938,23.38,23.72,23.27,23.71,48669584,1144810519.73,,
2025-06-26,938,23.76,23.94,23.56,23.57,41397229,982883954.95,,
2025-06-27,938,23.6,23.87,23.49,23.66,40737471,966020533.78,,
2025-06-30,938,23.68,24.05,23.67,23.99,38791960,927444333.46,,
2025-07-01,938,23.98,23.99,23.62,23.85,31874996,758902281.85,,
2025-07-02,938,23.76,23.85,23.37,23.5,29831708,701629911.14,,
2025-07-03,938,23.5,23.95,23.44,23.89,37698721,897457669.72,,
2025-07-04,938,23.82,23.99,23.63,23.65,31738735,754749380.64,,
2025-07-07,938,23.6,23.62,23.34,23.38,23786850,557087639.2,,
2025-07-08,938,23.41,24.25,23.41,24.16,72138770,1732844218.77,,
2025-07-09,938,24.18,24.27,23.91,23.98,36559561,880802274.91,,
2025-07-10,938,24.0,24.14,23.9,24.03,28914705,694441043.24,,
2025-07-11,938,24.08,24.4,23.88,24.24,46676417,1130182642.45,,
2025-07-14,938,24.33,24.65,24.15,24.15,52243111,1272788837.34,,
2025-07-15,938,24.15,25.11,24.08,24.85,98106455,2426010411.08,,
2025-07-16,938,24.96,25.14,24.6,24.67,61388865,1525860009.87,,
2025-07-17,938,24.61,25.1,24.52,25.02,54152296,1348197565.66,,
2025-07-18,938,25.03,25.17,24.75,24.85,45720747,1138314464.53,,
2025-07-21,938,24.77,24.78,24.49,24.72,46968720,1156538827.89,,
2025-07-22,938,24.68,24.82,24.52,24.59,38931133,957853655.53,,
2025-07-23,938,24.56,24.75,24.41,24.45,39536980,971227761.89,,
2025-07-24,938,24.49,24.88,24.46,24.88,43922822,1084768834.06,,
2025-07-25,938,24.93,25.1,24.74,25.04,50911191,1270096657.55,,
2025-07-28,938,25.19,25.19,24.72,24.84,38502059,957060000.22,,
2025-07-29,938,24.77,25.15,24.43,25.1,58211575,1447329649.67,,
2025-07-30,938,24.96,25.1,24.58,24.75,49872618,1238334217.99,,
2025-07-31,938,24.67,25.44,24.62,24.73,92329437,2319258607.78,,
2025-08-01,938,24.9,24.95,24.2,24.5,63237242,1554501024.02,,
2025-08-04,938,24.23,24.55,24.21,24.54,29362883,716666811.44,,
2025-08-05,938,24.55,24.69,24.31,24.51,46754645,1143366383.36,,
2025-08-06,938,24.42,24.91,24.35,24.9,55903468,1381955901.6,,
2025-08-07,938,24.9,25.15,24.56,24.75,44429958,1100013127.2,,
2025-08-08,938,24.75,24.75,24.29,24.31,45651614,1113762257.11,,
2025-08-11,938,24.3,24.83,24.28,24.8,54729731,1349788168.97,,
2025-08-12,938,24.76,25.08,24.57,24.98,58792313,1463801440.36,,
2025-08-13,938,24.99,25.58,24.88,25.33,94753898,2397398225.7,,
2025-08-14,938,25.3,25.76,25.0,25.12,84918433,2152419815.73,,
2025-08-15,938,25.0,25.49,24.94,25.4,65450538,1657101022.07,,
2025-08-18,938,25.6,26.82,25.56,26.46,133824772,3531524489.43,,
2025-08-19,938,26.61,26.62,26.12,26.2,82446010,2169788041.28,,
2025-08-20,938,26.1,28.17,25.85,27.71,183499470,4958632117.71,,
2025-08-21,938,27.76,28.5,27.06,27.25,156646576,4349726415.64,,
2025-08-22,938,27.49,28.73,27.2,28.5,183619133,5164727134.57,,
2025-08-25,938,29.05,29.21,28.06,28.62,172971753,4946907644.43,,
2025-08-26,938,28.41,28.96,28.2,28.25,108121007,3078817519.77,,
2025-08-27,938,28.41,28.77,27.4,27.47,152354329,4296107404.48,,
2025-08-28,938,27.25,28.39,27.25,28.39,133577479,3722133127.23,,
2025-08-29,938,28.2,28.24,27.63,27.9,87747798,2446382435.5,,
2025-09-01,938,29.81,30.0,28.46,29.09,241475073,7053880678.81,,
2025-09-02,938,28.99,29.0,27.21,27.41,151784488,4238238464.13,,
2025-09-03,938,27.6,30.15,27.38,28.66,315533245,9232552842.64,,
2025-09-04,938,28.91,29.0,27.08,27.66,230385716,6487045042.81,,
2025-09-05,938,27.8,28.37,26.9,28.13,161364431,4469193915.85,,
2025-09-08,938,28.13,28.38,27.32,27.8,117230571,3251951227.83,,
2025-09-09,938,27.51,27.51,26.28,26.35,134313022,3586717144.56,,
2025-09-10,938,26.46,27.03,26.35,26.51,80345434,2142609801.65,,
2025-09-11,938,26.65,28.78,26.36,28.67,219234223,6114944950.89,,
2025-09-12,938,28.35,30.21,28.19,29.28,216282788,6314718907.49,,
2025-09-15,938,29.27,29.32,28.66,28.76,121783235,3520966242.61,,
2025-09-16,938,28.77,29.86,28.62,29.64,165770501,4875239454.6,,
2025-09-17,938,29.25,29.73,28.92,29.41,116618490,3416455549.09,,
2025-09-18,938,29.48,31.88,29.42,30.94,310805146,9571536865.05,,
2025-09-19,938,31.29,31.49,30.01,30.15,157558380,4819027296.93,,
2025-09-22,938,30.64,30.77,29.88,30.47,144418233,4389738216.22,,
2025-09-23,938,30.79,30.95,28.68,29.44,169184137,4997641496.63,,
2025-09-24,938,29.34,31.21,29.16,30.5,167324412,5062258226.04,,
2025-09-25,938,30.5,32.16,30.3,31.51,195832616,6156681855.62,,
2025-09-26,938,31.11,31.31,29.93,29.93,163395484,4973814050.35,,
2025-09-29,938,30.27,30.7,29.91,30.12,101682565,3069550152.81,,
2025-09-30,938,30.2,30.76,29.98,30.18,110213096,3329428152.3,,
2025-10-09,938,30.51,32.06,30.4,31.05,183432232,5732819246.59,,
2025-10-10,938,30.53,30.63,29.1,29.29,149766488,4455396191.67,,
2025-10-13,938,28.5,29.29,28.22,29.01,102554279,2948907290.43,,
2025-10-14,938,29.2,29.99,27.72,27.87,128266479,3685383454.49,,
2025-10-15,938,27.95,28.46,27.55,28.43,72642160,2036885952.7,,
2025-10-16,938,28.08,28.9,27.98,28.24,78359209,2224793714.51,,
2025-10-17,938,28.62,28.84,27.05,27.09,88901326,2459033002.13,,
2025-10-20,938,27.55,27.85,27.19,27.37,65474079,1804356608.29,,
2025-10-21,938,27.47,28.13,27.37,28.05,80936664,2256447001.29,,
2025-10-22,938,27.72,28.0,27.42,27.69,52509359,1453545023.29,,
2025-10-23,938,28.0,28.18,26.88,27.37,67627565,1845620918.88,,
2025-10-24,938,27.51,28.12,27.51,28.11,72682061,2023304296.7,,
2025-10-27,938,28.35,28.64,27.84,28.56,89876512,2543694681.12,,
2025-10-28,938,28.23,28.85,28.11,28.33,74620492,2124468472.03,,
2025-10-29,938,28.28,28.63,28.1,28.51,67352897,1913257894.89,,
2025-10-30,938,28.46,28.88,28.0,28.1,77836196,2204482535.31,,
2025-10-31,938,27.4,27.5,27.0,27.08,97840536,2662847626.16,,
2025-11-03,938,27.0,27.3,26.4,27.21,73705802,1974346314.08,,
2025-11-04,938,27.07,27.07,26.5,26.66,50635196,1354149858.83,,
2025-11-05,938,26.23,26.63,26.12,26.44,46154470,1217243171.79,,
2025-11-06,938,26.5,26.86,26.42,26.68,47903870,1275682298.97,,
2025-11-07,938,26.42,26.58,26.18,26.29,41286915,1088008190.91,,
2025-11-10,938,26.37,26.56,26.2,26.45,36612288,964848068.15,,
2025-11-11,938,26.55,26.6,26.06,26.12,42126222,1106191957.55,,
2025-11-12,938,26.28,26.3,25.53,25.83,43652403,1127627727.86,,
2025-11-13,938,25.7,26.03,25.63,25.9,33560257,867470660.87,,
2025-11-14,938,25.65,25.79,25.33,25.35,37212193,951600517.33,,
2025-11-17,938,25.29,25.57,25.25,25.41,26456068,671689790.59,,
2025-11-18,938,25.55,25.96,25.41,25.75,46908663,1210360861.43,,
2025-11-19,938,25.75,25.85,25.12,25.34,35582535,904637637.07,,
2025-11-20,938,25.3,25.54,24.58,24.61,56888829,1418621717.35,,
2025-11-21,938,24.3,24.5,24.06,24.08,47351777,1149745811.23,,
2025-11-24,938,24.26,24.57,24.01,24.45,36135327,877942634.51,,
2025-11-25,938,24.76,25.03,24.58,24.7,46511820,1154899441.06,,
2025-11-26,938,24.64,25.35,24.61,24.98,49722816,1245190182.82,,
2025-11-27,938,24.89,25.33,24.77,24.8,37442778,937857244.15,,
2025-11-28,938,24.75,24.93,24.66,24.92,26802125,665785498.48,,
2025-12-01,938,25.06,25.47,24.95,25.46,49920397,1263377234.24,,
2025-12-02,938,25.32,25.4,25.06,25.11,30381950,764855618.31,,
2025-12-03,938,25.1,25.28,24.76,24.81,25168031,626649761.13,,
2025-12-04,938,24.81,25.02,24.59,24.97,23429974,582132765.52,,
2025-12-05,938,24.97,25.15,24.66,24.99,32862211,819247174.34,,
2025-12-08,938,25.06,25.58,25.03,25.43,48666244,1236387096.85,,
2025-12-09,938,25.8,26.15,25.39,25.48,58513753,1504798375.21,,
2025-12-10,938,25.28,25.57,25.03,25.5,34528960,872699329.95,,
2025-12-11,938,25.49,25.49,24.65,24.66,45614682,1139736291.71,,
2025-12-12,938,24.63,25.18,24.5,25.05,48792135,1217427007.88,,
2025-12-15,938,24.86,24.89,24.41,24.42,41393128,1019204592.21,,
2025-12-16,938,24.36,24.45,23.92,23.98,36603924,880924091.38,,
2025-12-17,938,24.0,24.53,23.9,24.5,38208542,925267543.34,,
2025-12-18,938,24.25,24.57,24.15,24.32,26778778,653696028.48,,
2025-12-19,938,24.45,24.72,24.43,24.43,28456199,699229290.6,,
2025-12-22,938,24.56,24.97,24.51,24.83,37987029,943431183.3,,
2025-12-23,938,24.8,24.94,24.55,24.69,29237439,723061779.04,,
2025-12-24,938,24.3,24.66,24.11,24.64,44264997,1082500185.45,,
2025-12-25,938,24.65,24.77,24.43,24.63,30361582,747311913.71,,
2025-12-26,938,24.58,24.99,24.53,24.76,41459625,1027626940.39,,
2025-12-29,938,24.77,25.13,24.68,24.75,38465905,956993379.39,,
2025-12-30,938,24.69,24.92,24.58,24.73,35492614,879630874.19,,
2025-12-31,938,24.73,24.79,24.47,24.6,34787409,856636038.29,,
2026-01-05,938,24.7,25.25,24.7,25.25,64172776,1610582581.35,,
2026-01-06,938,25.26,25.52,25.13,25.49,60973320,1546917365.4,,
2026-01-07,938,25.5,25.72,25.3,25.4,59535187,1516291509.27,,
2026-01-08,938,25.46,25.88,25.46,25.69,66479156,1710004570.08,,
2026-01-09,938,25.6,26.06,25.48,25.91,67089946,1734038494.56,,
2026-01-12,938,26.25,27.08,26.22,27.0,120037712,3215014559.98,,
2026-01-13,938,27.2,27.3,26.04,26.17,91583050,2428118796.82,,
2026-01-14,938,26.28,27.25,26.28,27.08,134237329,3609317887.75,,
2026-01-15,938,26.9,26.98,26.57,26.89,72312630,1935829759.37,,
2026-01-16,938,27.2,27.5,26.84,27.07,93623572,2535941344.59,,
2026-01-19,938,27.81,28.3,27.21,27.82,152417279,4235192446.0,,
2026-01-20,938,27.79,28.06,26.66,26.75,117168836,3183982845.76,,
2026-01-21,938,26.23,27.1,26.0,26.59,91906366,2451741933.73,,
2026-01-22,938,27.12,27.49,26.32,26.39,73548312,1961445480.99,,
2026-01-23,938,26.45,26.61,26.25,26.56,63617455,1682380474.44,,
2026-01-26,938,26.53,27.08,25.79,26.0,81752746,2148445246.76,,
2026-01-27,938,25.93,26.17,25.29,25.88,69124604,1777412778.42,,
2026-01-28,938,26.11,26.32,25.64,25.73,58249767,1509352782.97,,
2026-01-29,938,25.73,26.2,25.45,25.52,67137690,1732883951.85,,
2026-01-30,938,25.29,25.47,24.66,25.02,58230975,1457478812.15,,
2026-02-02,938,24.95,25.25,24.44,24.49,51822865,1288793878.98,,
2026-02-03,938,24.74,24.89,24.46,24.89,38583544,954170955.78,,
2026-02-04,938,24.7,24.81,24.41,24.81,40007530,984865030.54,,
2026-02-05,938,24.61,24.74,24.42,24.47,31828332,780561828.25,,
2026-02-06,938,24.29,24.62,24.11,24.35,33393282,814441784.19,,
2026-02-09,938,24.79,25.24,24.65,25.15,56626952,1413996222.44,,
2026-02-10,938,25.2,25.63,25.08,25.31,43856735,1113286247.38,,
2026-02-11,938,25.18,25.42,25.1,25.13,27445256,692789201.35,,
2026-02-12,938,25.17,25.74,25.08,25.62,55658112,1416482495.54,,
2026-02-13,938,25.4,25.88,25.36,25.5,42163162,1081072052.81,,
2026-02-24,938,25.99,25.99,25.2,25.46,43232072,1100889949.36,,
2026-02-25,938,25.48,25.55,25.21,25.28,46412819,1175969011.43,,
2026-02-26,938,25.31,25.86,25.31,25.73,54800832,1405091547.59,,
2026-02-27,938,25.55,26.09,25.34,25.95,57328517,1478386304.8,,
2026-03-02,938,25.51,25.68,24.97,25.08,59089872,1492815855.61,,
2026-03-03,938,25.17,25.45,23.77,23.86,76568093,1872691712.92,,
2026-03-04,938,23.6,24.06,23.4,23.56,48059887,1138809632.65,,
2026-03-05,938,24.0,24.6,23.9,24.1,51550679,1247309425.29,,
2026-03-06,938,23.98,24.23,23.91,24.13,29008051,699200705.46,,
