日期,股票代码,开盘,最高,最低,收盘,成交量,成交额,异常情况,异常涨跌幅
2016-03-11,600297,8.54601034,8.81077486,8.4577555,8.71516545,3439323.0,40428084.0,,
2016-03-14,600297,8.78871115,9.00934825,8.75929287,8.86961142,5451116.0,65955507.0,,
2016-03-15,600297,8.86961142,8.86961142,8.57542862,8.59013776,4811055.0,56721611.0,,
2016-03-16,600297,8.59749233,8.75929287,8.39891894,8.40627351,3856760.0,44757938.0,,
2016-03-17,600297,8.5313012,8.78871115,8.4577555,8.6783926,5337201.0,62390836.0,,
2016-03-18,600297,8.86961142,8.96522083,8.61955604,8.86225685,7950966.0,95260739.0,,
2016-03-21,600297,8.95786626,9.07553938,8.84019314,9.0461211,8952104.0,108983456.0,,
2016-03-22,600297,8.9725754,9.02405739,8.83283857,8.86225685,6085166.0,73809493.0,,
2016-03-23,600297,8.91373884,9.09024852,8.84754771,9.03141196,6926610.0,84225453.0,,
2016-03-24,600297,8.8990297,9.7815781,8.86225685,9.22998535,13168483.0,167550954.0,,
2016-03-25,600297,9.09024852,9.47268616,9.07553938,9.42120417,9817147.0,125087751.0,,
2016-03-28,600297,9.7080324,9.72274154,9.22263078,9.35501304,10192423.0,130899779.0,,
2016-03-29,600297,9.2667582,9.43591331,9.0461211,9.07553938,5807282.0,72835471.0,,
2016-03-30,600297,9.09024852,9.25940363,9.08289395,9.22998535,5774060.0,71987590.0,,
2016-03-31,600297,9.2667582,9.33294933,9.09024852,9.17114879,6281546.0,78380113.0,,
2016-04-01,600297,9.10495766,9.47268616,9.06083024,9.32559476,4990430.0,62465785.0,,
2016-04-05,600297,9.33294933,9.40649503,9.22998535,9.36236761,5055638.0,64154690.0,,
2016-04-06,600297,9.37707675,9.45062245,9.10495766,9.23733992,5311662.0,66964285.0,,
2016-04-07,600297,9.2667582,9.37707675,9.11231223,9.15643965,4406743.0,55254876.0,,
2016-04-08,600297,9.06818481,9.18585793,8.99463911,9.10495766,3747454.0,46239417.0,,
2016-04-11,600297,9.13437594,9.24469449,9.13437594,9.17850336,3318074.0,41465686.0,,
2016-04-12,600297,9.2667582,9.50210444,9.20056707,9.31824019,9881478.0,125960141.0,,
2016-04-13,600297,9.31824019,9.45062245,9.27411277,9.32559476,12559182.0,159372643.0,,
2016-04-14,600297,9.32559476,9.36972218,9.17850336,9.28882191,6691943.0,84183669.0,,
2016-04-15,600297,9.30353105,9.42855874,9.20056707,9.25204906,6623088.0,83935726.0,,
2016-04-18,600297,9.1932125,9.1932125,9.00199368,9.02405739,5570989.0,68623442.0,,
2016-04-19,600297,9.03141196,9.17114879,8.94315712,9.06083024,6851170.0,84263919.0,,
2016-04-20,600297,9.06083024,9.11231223,8.36950066,8.43569179,9633661.0,113332801.0,,
2016-04-21,600297,8.48717378,8.62691061,8.28860039,8.32537324,4505284.0,51822234.0,,
2016-04-22,600297,8.3106641,8.47246464,8.2371184,8.3842098,3869442.0,44005186.0,,
2016-04-25,600297,8.47246464,8.86225685,8.3106641,8.77400201,6821836.0,80465298.0,,
2016-04-26,600297,8.64161975,8.89167513,8.61955604,8.81812943,5974075.0,71201731.0,,
2016-04-27,600297,8.73722916,8.84754771,8.6048469,8.6783926,2950232.0,35127745.0,,
2016-04-28,600297,8.6783926,8.73722916,8.4577555,8.52394663,4920784.0,57285982.0,,
2016-04-29,600297,8.83283857,8.83283857,8.36950066,8.3842098,5320311.0,61469440.0,,
2016-05-03,600297,8.41362808,8.55336491,8.3106641,8.44304636,7098759.0,81356221.0,,
2016-05-04,600297,8.42833722,8.44304636,8.36214609,8.40627351,5169264.0,59049165.0,,
2016-05-05,600297,8.42098265,8.44304636,8.29595496,8.36950066,5616691.0,63877990.0,,
2016-05-06,600297,8.39156437,8.52394663,8.22240926,8.2371184,8386258.0,95473955.0,,
2016-05-09,600297,8.29595496,8.47246464,8.090027,8.29595496,7382551.0,83543518.0,,
2016-05-10,600297,8.32537324,8.39891894,7.95764474,8.03854501,5492190.0,60668827.0,,
2016-05-11,600297,8.1635727,8.1635727,7.85468076,7.93558103,4604093.0,49890252.0,,
2016-05-12,600297,7.90616275,7.92822646,7.51637054,7.76642592,3634272.0,38000885.0,,
2016-05-13,600297,7.69288022,7.82526248,7.55314339,7.61197995,2524245.0,26385795.0,,
2016-05-16,600297,7.56049796,8.02383587,7.47224312,8.0164813,5479045.0,57717185.0,,
2016-05-17,600297,8.00912673,8.02383587,7.7958442,7.89145361,3009342.0,32300996.0,,
2016-05-18,600297,7.82526248,7.83261705,7.58991624,7.72965307,3052006.0,32021137.0,,
2016-05-19,600297,7.7222985,7.86203533,7.65610737,7.7222985,1927114.0,20327374.0,,
2016-05-20,600297,7.65610737,7.76642592,7.58991624,7.74436221,2137355.0,22292407.0,,
2016-05-23,600297,7.74436221,7.81790791,7.66346194,7.7958442,2629784.0,27769299.0,,
2016-05-24,600297,7.7958442,8.56807405,7.76642592,8.39156437,11514967.0,130124747.0,,
2016-05-25,600297,8.39156437,8.44304636,8.00177216,8.07531786,7381861.0,81804459.0,,
2016-05-26,600297,8.0164813,8.06060872,7.7222985,7.92822646,4255418.0,45664871.0,,
2016-05-27,600297,7.76642592,7.92822646,7.56049796,7.58256167,14594229.0,151777647.0,,
2016-05-30,600297,7.39134285,7.48695226,7.22218774,7.34721543,15603780.0,155748564.0,,
2016-05-31,600297,7.33986086,7.5752071,7.29573344,7.53107968,20339377.0,204971755.0,,
2016-06-01,600297,7.43547027,7.52372511,7.37663371,7.46488855,27258485.0,275452592.0,,
2016-06-02,600297,7.4281157,7.44282484,7.2074786,7.37663371,35114972.0,349649776.0,,
2016-06-03,600297,7.35457,7.35457,7.08245091,7.2074786,37816131.0,371109072.0,,
2016-06-06,600297,7.21483317,7.33986086,7.17070575,7.31779715,36146851.0,356886256.0,,
2016-06-07,600297,7.31779715,7.31779715,7.10451462,7.14864204,38920906.0,380119392.0,,
2016-06-08,600297,7.09716005,7.11922376,6.81768639,6.86916838,43542982.0,409512784.0,,
2016-06-13,600297,6.619113,6.68530413,6.18519337,6.18519337,38773509.0,343175296.0,,
2016-06-14,600297,6.1042931,6.74414069,5.79540116,6.53085816,47658447.0,403846096.0,,
2016-06-15,600297,6.29551192,6.8397501,6.19254794,6.68530413,42240783.0,378489472.0,,
2016-06-16,600297,6.59704929,6.61175843,6.18519337,6.20725708,46038072.0,402312768.0,,
2016-06-17,600297,6.2513845,6.48673074,6.20725708,6.40583047,44856147.0,386617776.0,,
2016-06-20,600297,6.38376676,6.85445924,6.38376676,6.83239553,54952501.0,496156176.0,,
2016-06-21,600297,6.89858666,7.30308801,6.70001327,7.20012403,71551481.0,680675792.0,,
2016-06-22,600297,7.05303263,7.11186919,6.84710467,6.97948693,43901168.0,416227056.0,,
2016-06-23,600297,6.95742322,7.08980548,6.78826811,6.95006865,36747402.0,345421904.0,,
2016-06-24,600297,6.87652295,6.89123209,6.4720216,6.68530413,50912512.0,463542016.0,,
2016-06-27,600297,6.58234015,6.75884983,6.40583047,6.61175843,84087122.0,752430688.0,,
2016-06-28,600297,6.4720216,6.58234015,6.3984759,6.53085816,47155115.0,417948112.0,,
2016-06-29,600297,6.58234015,6.77355897,6.53085816,6.58969472,70213512.0,636429680.0,,
2016-06-30,600297,6.60440386,6.60440386,6.36170305,6.40583047,55017268.0,482129136.0,,
2016-07-01,600297,6.43524875,6.50143988,6.36905762,6.46466703,40404241.0,354117360.0,,
2016-07-04,600297,6.44260332,6.51614902,6.38376676,6.50879445,51746220.0,454473360.0,,
2016-07-05,600297,6.50879445,6.52350359,6.43524875,6.4720216,34333965.0,302258768.0,,
2016-07-06,600297,6.46466703,6.61175843,6.39112133,6.55292187,45853267.0,404767696.0,,
2016-07-07,600297,6.56027644,6.75149526,6.52350359,6.61175843,57135470.0,514885392.0,,
2016-07-08,600297,6.619113,6.65588585,6.47937617,6.49408531,31476939.0,279234208.0,,
2016-07-11,600297,6.5455673,6.57498558,6.45731246,6.51614902,37474092.0,332468640.0,,
2016-07-12,600297,6.53821273,6.53821273,6.3249302,6.4720216,42478067.0,370930672.0,,
2016-07-13,600297,6.47937617,6.51614902,6.43524875,6.48673074,30592474.0,269089952.0,,
2016-07-14,600297,6.49408531,6.619113,6.4720216,6.49408531,44727327.0,398164944.0,,
2016-07-15,600297,6.49408531,6.53821273,6.42789418,6.50143988,26760903.0,235706615.0,,
2016-07-18,600297,6.49408531,6.59704929,6.45731246,6.5455673,26192398.0,232523558.0,,
2016-07-19,600297,6.53085816,6.58234015,6.42789418,6.52350359,31370876.0,277109984.0,,
2016-07-20,600297,6.50879445,6.8397501,6.50143988,6.78091354,79400052.0,726632960.0,,
2016-07-21,600297,6.78826811,7.00890521,6.72207698,7.00155064,79718486.0,744841920.0,,
2016-07-22,600297,7.00155064,7.47224312,6.95006865,7.34721543,124334923.0,1223444000.0,,
2016-07-25,600297,7.35457,7.47224312,7.02361435,7.15599661,107550182.0,1058404608.0,,
2016-07-26,600297,7.10451462,7.15599661,6.95742322,7.0603872,68045033.0,650983296.0,,
2016-07-27,600297,7.04567806,7.28837887,6.64853128,6.9132958,94006732.0,896017920.0,,
2016-07-28,600297,6.85445924,7.10451462,6.8397501,7.03832349,52125086.0,495636800.0,,
2016-07-29,600297,7.03832349,7.03832349,6.79562268,6.84710467,43970775.0,412454016.0,,
2016-08-01,600297,6.90594123,6.90594123,6.70736784,6.77355897,30527597.0,281009520.0,,
2016-08-02,600297,6.79562268,6.97948693,6.74414069,6.94271408,30721877.0,286693712.0,,
2016-08-03,600297,6.9132958,6.95742322,6.82504096,6.85445924,25483156.0,238524239.0,,
2016-08-04,600297,6.86181381,6.88387752,6.75149526,6.86181381,21188017.0,196522316.0,,
2016-08-05,600297,6.8397501,6.92065037,6.74414069,6.75149526,29800005.0,276301792.0,,
2016-08-08,600297,6.71472241,6.74414069,6.619113,6.73678612,24499467.0,223032705.0,,
2016-08-09,600297,6.73678612,6.88387752,6.71472241,6.86181381,25481629.0,235910714.0,,
2016-08-10,600297,6.86916838,6.88387752,6.75884983,6.78826811,25717937.0,237995343.0,,
2016-08-11,600297,6.78826811,6.78826811,6.62646757,6.63382214,23374774.0,212531895.0,,
2016-08-12,600297,6.61175843,6.66324042,6.48673074,6.60440386,31998477.0,285641840.0,,
2016-08-15,600297,6.56763101,6.7662044,6.56763101,6.73678612,35319216.0,321101184.0,,
2016-08-16,600297,6.7662044,6.78826811,6.67794956,6.70001327,30305434.0,276997968.0,,
2016-08-17,600297,6.70001327,6.70736784,6.619113,6.68530413,25223878.0,228368262.0,,
2016-08-18,600297,6.6926587,6.81768639,6.67794956,6.75149526,34923840.0,320968864.0,,
2016-08-19,600297,6.75149526,6.86916838,6.72943155,6.78091354,32829196.0,303778592.0,,
2016-08-22,600297,6.8397501,7.25160602,6.8397501,7.03096892,79095727.0,759268528.0,,
2016-08-23,600297,7.0603872,7.39134285,7.03832349,7.33986086,86522121.0,857228192.0,,
2016-08-24,600297,7.38398828,7.38398828,7.09716005,7.11186919,59722099.0,584977680.0,,
2016-08-25,600297,7.0603872,7.08980548,6.84710467,6.99419607,42269969.0,400862496.0,,
2016-08-26,600297,7.00890521,7.23689688,7.00890521,7.11186919,35961684.0,347670576.0,,
2016-08-29,600297,7.11186919,7.31779715,7.11186919,7.19276946,27850807.0,273544944.0,,
2016-08-30,600297,7.17070575,7.2074786,7.03832349,7.14128747,20221822.0,195621487.0,,
2016-08-31,600297,7.15599661,7.20012403,6.99419607,7.00890521,21268322.0,203827173.0,,
2016-09-01,600297,7.01625978,7.06774177,6.88387752,6.88387752,20130928.0,190390412.0,,
2016-09-02,600297,6.88387752,6.9132958,6.79562268,6.85445924,16943643.0,157925009.0,,
2016-09-05,600297,6.87652295,6.94271408,6.83239553,6.85445924,12380109.0,115847140.0,,
2016-09-06,600297,6.89123209,6.9868415,6.79562268,6.9868415,18742363.0,176169982.0,,
2016-09-07,600297,6.97213236,7.04567806,6.9132958,6.93535951,18191083.0,172865925.0,,
2016-09-08,600297,6.94271408,6.95006865,6.84710467,6.89858666,14731494.0,137966055.0,,
2016-09-09,600297,6.85445924,7.00890521,6.85445924,6.89858666,19330714.0,182339060.0,,
2016-09-12,600297,6.80297725,7.03832349,6.71472241,6.95742322,32127862.0,302451760.0,,
2016-09-13,600297,7.00890521,7.22954231,6.97213236,7.19276946,54891745.0,533319376.0,,
2016-09-14,600297,7.1339329,7.26631516,7.00155064,7.00890521,29425892.0,284894544.0,,
2016-09-19,600297,7.00890521,7.11922376,6.96477779,7.0603872,16609655.0,158889260.0,,
2016-09-20,600297,7.03832349,7.11922376,6.97213236,7.00155064,14207901.0,135425818.0,,
2016-09-21,600297,7.00155064,7.00155064,6.88387752,6.89123209,17679090.0,166325282.0,,
2016-09-22,600297,6.94271408,6.95742322,6.87652295,6.92065037,12933324.0,121516708.0,,
2016-09-23,600297,6.93535951,6.94271408,6.85445924,6.87652295,12109339.0,113430945.0,,
2016-09-26,600297,6.8397501,6.90594123,6.62646757,6.66324042,25808789.0,238102521.0,,
2016-09-27,600297,6.63382214,6.71472241,6.56763101,6.70736784,16441618.0,148515032.0,,
2016-09-28,600297,6.70736784,6.71472241,6.61175843,6.63382214,10945639.0,98905573.0,,
2016-09-29,600297,6.66324042,6.68530413,6.619113,6.64853128,9026540.0,81652000.0,,
2016-09-30,600297,6.62646757,6.67059499,6.60440386,6.62646757,9478835.0,85497220.0,,
2016-10-10,600297,6.67059499,6.80297725,6.64117671,6.78091354,18483890.0,169442049.0,,
2016-10-11,600297,6.78091354,6.81033182,6.72207698,6.7662044,11762722.0,107942300.0,,
2016-10-12,600297,6.70736784,6.77355897,6.70736784,6.75149526,7651077.0,70105076.0,,
2016-10-13,600297,6.73678612,6.78826811,6.68530413,6.7662044,13013324.0,119128780.0,,
2016-10-14,600297,6.75149526,6.75884983,6.67059499,6.71472241,10729552.0,97844813.0,,
2016-10-17,600297,6.70736784,6.71472241,6.619113,6.62646757,13134298.0,118997010.0,,
2016-10-18,600297,6.619113,6.67059499,6.61175843,6.66324042,17622100.0,159281949.0,,
2016-10-19,600297,6.68530413,6.6926587,6.60440386,6.619113,19064591.0,171945181.0,,
2016-10-20,600297,6.619113,6.66324042,6.58234015,6.65588585,14383500.0,129451620.0,,
2016-10-21,600297,6.65588585,6.65588585,6.52350359,6.55292187,19818412.0,177233774.0,,
2016-10-24,600297,6.55292187,6.619113,6.5455673,6.619113,13737444.0,123071071.0,,
2016-10-25,600297,6.64117671,6.65588585,6.59704929,6.62646757,18488554.0,166376195.0,,
2016-10-26,600297,6.62646757,6.63382214,6.5455673,6.56763101,18167055.0,162220933.0,,
2016-10-27,600297,6.5455673,6.57498558,6.52350359,6.5455673,13920867.0,123867418.0,,
2016-10-28,600297,6.55292187,6.57498558,6.44995789,6.46466703,23540000.0,208156281.0,,
2016-10-31,600297,6.45731246,6.53085816,6.43524875,6.50143988,18371850.0,162004506.0,,
2016-11-01,600297,6.50879445,6.51614902,6.4720216,6.50143988,13441554.0,118629188.0,,
2016-11-02,600297,6.50143988,6.50879445,6.36905762,6.38376676,23190244.0,202937516.0,,
2016-11-03,600297,6.38376676,6.39112133,6.29551192,6.31757563,40039547.0,344518160.0,,
2016-11-04,600297,6.31757563,6.33963934,6.1778388,6.19254794,32456741.0,275880064.0,,
2016-11-07,600297,6.19254794,6.29551192,6.08222939,6.27344821,40026445.0,335282128.0,,
2016-11-08,600297,6.25873907,6.26609364,6.19990251,6.21461165,22558887.0,190948933.0,,
2016-11-09,600297,6.23667536,6.23667536,6.06752025,6.12635681,26708437.0,223089102.0,,
2016-11-10,600297,6.17048423,6.22196622,6.14106595,6.21461165,19227000.0,161780517.0,,
2016-11-11,600297,6.21461165,6.35434848,6.1778388,6.28815735,27238979.0,232729039.0,,
2016-11-14,600297,6.26609364,6.33963934,6.21461165,6.31022106,25954059.0,221742086.0,,
2016-11-15,600297,6.29551192,6.38376676,6.29551192,6.35434848,20012561.0,172769763.0,,
2016-11-16,600297,6.3249302,6.42053961,6.3249302,6.33228477,16337030.0,141015281.0,,
2016-11-17,600297,6.33963934,6.53085816,6.31757563,6.44995789,43740907.0,383475696.0,,
2016-11-18,600297,6.45731246,6.47937617,6.37641219,6.39112133,18957772.0,165562917.0,,
2016-11-21,600297,6.38376676,6.43524875,6.35434848,6.40583047,13484157.0,117361659.0,,
2016-11-22,600297,6.40583047,6.44995789,6.37641219,6.44260332,15783966.0,137693815.0,,
2016-11-23,600297,6.53821273,6.60440386,6.42789418,6.45731246,22864620.0,202087760.0,,
2016-11-24,600297,6.44995789,6.45731246,6.36170305,6.38376676,18256093.0,158603929.0,,
2016-11-25,600297,6.36170305,6.39112133,6.26609364,6.36170305,15503615.0,133454651.0,,
2016-11-28,600297,6.36905762,6.44260332,6.35434848,6.39112133,16349369.0,142163532.0,,
2016-11-29,600297,6.3984759,6.49408531,6.34699391,6.36170305,23498309.0,205309923.0,,
2016-11-30,600297,6.33963934,6.35434848,6.23667536,6.2513845,18631296.0,159477171.0,,
2016-12-01,600297,6.27344821,6.36170305,6.24402993,6.33963934,19064038.0,163227683.0,,
2016-12-02,600297,6.3249302,6.41318504,6.29551192,6.3249302,21133036.0,182753116.0,,
2016-12-05,600297,6.28080278,6.3984759,6.25873907,6.3249302,13601939.0,116959543.0,,
2016-12-06,600297,6.34699391,6.44995789,6.33228477,6.41318504,15957020.0,138733524.0,,
2016-12-07,600297,6.43524875,6.49408531,6.38376676,6.44995789,21574214.0,189001012.0,,
2016-12-08,600297,6.44995789,6.49408531,6.40583047,6.45731246,24031520.0,210628098.0,,
2016-12-09,600297,6.46466703,6.47937617,6.37641219,6.39112133,23850150.0,207909435.0,,
2016-12-12,600297,6.45731246,6.45731246,6.12635681,6.13371138,29733668.0,252623649.0,,
2016-12-13,600297,6.11900224,6.20725708,6.08222939,6.13371138,18601679.0,155155889.0,,
2016-12-14,600297,6.14106595,6.18519337,6.11164767,6.13371138,10963727.0,91611572.0,,
2016-12-15,600297,6.14106595,6.16312966,6.1042931,6.14842052,11227026.0,93600452.0,,
2016-12-16,600297,6.14106595,6.1778388,6.11900224,6.14842052,9300451.0,77818263.0,,
2016-12-19,600297,6.14842052,6.16312966,6.1042931,6.16312966,8923605.0,74380575.0,,
2016-12-20,600297,6.14106595,6.17048423,6.08222939,6.17048423,14612680.0,121668045.0,,
2016-12-21,600297,6.15577509,6.35434848,6.14842052,6.29551192,20023243.0,170867838.0,,
2016-12-22,600297,6.28080278,6.42053961,6.27344821,6.33228477,17770974.0,153392088.0,,
2016-12-23,600297,6.38376676,6.44260332,6.27344821,6.31022106,21526927.0,185482095.0,,
2016-12-26,600297,6.28815735,6.31022106,6.18519337,6.23667536,14531678.0,123102523.0,,
2016-12-27,600297,6.24402993,6.26609364,6.19990251,6.20725708,11763603.0,99726529.0,,
2016-12-28,600297,6.20725708,6.23667536,6.16312966,6.18519337,13876092.0,116803680.0,,
2016-12-29,600297,6.17048423,6.21461165,6.13371138,6.19254794,12656409.0,106318696.0,,
2016-12-30,600297,6.1778388,6.34699391,6.1778388,6.29551192,20007343.0,170782098.0,,
2017-01-03,600297,6.29551192,6.33963934,6.26609364,6.28815735,12966238.0,111021348.0,,
2017-01-04,600297,6.31022106,6.36170305,6.28080278,6.33228477,17235471.0,148304874.0,,
2017-01-05,600297,6.36170305,6.49408531,6.36170305,6.40583047,35265294.0,308446928.0,,
2017-01-06,600297,6.44260332,6.45731246,6.33228477,6.3984759,16923080.0,146948116.0,,
2017-01-09,600297,6.42789418,6.4720216,6.36905762,6.45731246,18780071.0,164615223.0,,
2017-01-10,600297,6.49408531,6.57498558,6.45731246,6.46466703,24247298.0,214703843.0,,
2017-01-11,600297,6.43524875,6.4720216,6.36170305,6.36905762,11820583.0,103030448.0,,
2017-01-12,600297,6.36905762,6.42789418,6.3249302,6.38376676,10032803.0,87027210.0,,
2017-01-13,600297,6.36905762,6.41318504,6.31757563,6.3984759,16160045.0,140054896.0,,
2017-01-16,600297,6.3984759,6.5455673,6.31022106,6.52350359,37703422.0,329900896.0,,
2017-01-17,600297,6.4720216,6.53821273,6.42053961,6.52350359,18947427.0,167314730.0,,
2017-01-18,600297,6.48673074,6.70001327,6.48673074,6.68530413,44683514.0,403775248.0,,
2017-01-19,600297,6.63382214,7.02361435,6.63382214,6.82504096,53194121.0,496870768.0,,
2017-01-20,600297,6.77355897,6.89123209,6.70736784,6.85445924,27775500.0,257144498.0,,
2017-01-23,600297,6.85445924,6.95006865,6.74414069,6.81033182,23787293.0,221097587.0,,
2017-01-24,600297,6.79562268,6.80297725,6.64853128,6.67059499,25185072.0,229622621.0,,
2017-01-25,600297,6.66324042,6.78091354,6.64853128,6.75149526,21662685.0,197975149.0,,
2017-01-26,600297,6.72207698,6.89858666,6.71472241,6.73678612,20915785.0,193335249.0,,
2017-02-03,600297,6.75149526,6.78091354,6.6926587,6.71472241,9135027.0,83486052.0,,
2017-02-06,600297,6.70001327,6.78826811,6.67059499,6.75884983,18952022.0,173644962.0,,
2017-02-07,600297,6.72943155,6.78826811,6.6926587,6.73678612,15670412.0,143659176.0,,
2017-02-08,600297,6.72943155,6.72943155,6.63382214,6.70001327,22167050.0,201377186.0,,
2017-02-09,600297,6.67794956,6.74414069,6.63382214,6.74414069,45697614.0,414161072.0,,
2017-02-10,600297,6.74414069,6.96477779,6.72207698,6.88387752,37208546.0,346581664.0,,
2017-02-13,600297,6.85445924,7.00155064,6.81033182,6.87652295,35096784.0,329684144.0,,
2017-02-14,600297,6.84710467,6.88387752,6.7662044,6.87652295,19715389.0,183077183.0,,
2017-02-15,600297,6.87652295,6.92065037,6.71472241,6.72943155,18667129.0,172694153.0,,
2017-02-16,600297,6.74414069,6.78091354,6.70001327,6.77355897,14840004.0,135840726.0,,
2017-02-17,600297,6.78826811,6.86916838,6.7662044,6.79562268,19838625.0,183699200.0,,
2017-02-20,600297,6.80297725,7.24425145,6.80297725,7.12657833,59203272.0,565760160.0,,
2017-02-21,600297,7.1339329,7.32515172,7.08980548,7.10451462,53178510.0,521740304.0,,
2017-02-22,600297,7.14128747,7.24425145,7.11186919,7.17806032,29880309.0,291792592.0,,
2017-02-23,600297,7.17806032,7.42076113,7.14128747,7.30308801,47752253.0,473500096.0,,
2017-02-24,600297,7.26631516,7.45753398,7.25160602,7.28837887,36880104.0,368566912.0,,
2017-02-27,600297,7.30308801,7.38398828,7.11922376,7.12657833,32222911.0,315819536.0,,
2017-02-28,600297,7.11922376,7.4281157,7.09716005,7.37663371,34723889.0,344125680.0,,
2017-03-01,600297,7.37663371,7.45017941,7.30308801,7.38398828,30023603.0,301732784.0,,
2017-03-02,600297,7.36192457,7.42076113,7.29573344,7.31779715,17954308.0,179222559.0,,
2017-03-03,600297,7.31044258,7.45017941,7.25896059,7.36192457,21422097.0,214427462.0,,
2017-03-06,600297,7.36192457,7.39869742,7.26631516,7.37663371,20747124.0,206381884.0,,
2017-03-07,600297,7.39869742,7.41340656,7.29573344,7.31044258,12316055.0,122692859.0,,
2017-03-08,600297,7.30308801,7.33250629,7.1339329,7.17070575,23849631.0,233384000.0,,
2017-03-09,600297,7.16335118,7.32515172,7.1339329,7.31044258,21078663.0,206744173.0,,
2017-03-10,600297,7.2810243,7.31044258,7.22218774,7.23689688,10166000.0,100225929.0,,
2017-03-13,600297,7.2074786,7.39869742,7.17806032,7.33986086,19874062.0,198366445.0,,
2017-03-14,600297,7.31779715,7.67081651,7.31779715,7.58256167,34073343.0,349555712.0,,
2017-03-15,600297,7.58256167,7.6487528,7.48695226,7.62668909,18886960.0,195074050.0,,
2017-03-16,600297,7.61197995,7.65610737,7.5752071,7.61197995,21130922.0,219001742.0,,
2017-03-17,600297,7.56785253,7.61197995,7.28837887,7.36927914,40125609.0,405216496.0,,
2017-03-20,600297,7.25160602,7.25160602,6.81033182,6.92800494,76597605.0,728677792.0,,
2017-03-21,600297,6.94271408,7.03096892,6.84710467,6.97213236,37198670.0,353108128.0,,
2017-03-22,600297,6.89123209,7.01625978,6.84710467,7.00155064,19237039.0,181260322.0,,
2017-03-23,600297,6.96477779,6.99419607,6.80297725,6.86916838,20748172.0,194518613.0,,
2017-03-24,600297,6.87652295,6.96477779,6.77355897,6.89858666,15777508.0,147468735.0,,
2017-03-27,600297,6.89858666,6.97948693,6.86916838,6.97213236,15651784.0,147739588.0,,
2017-03-28,600297,6.99419607,7.00155064,6.88387752,6.93535951,13486288.0,127186217.0,,
2017-03-29,600297,6.93535951,6.96477779,6.87652295,6.88387752,11453473.0,107700018.0,,
2017-03-30,600297,6.88387752,6.88387752,6.619113,6.67059499,25847048.0,236138915.0,,
2017-03-31,600297,6.62646757,6.80297725,6.62646757,6.7662044,15127490.0,138022597.0,,
2017-04-05,600297,6.78091354,6.95006865,6.75884983,6.90594123,10913074.0,102070803.0,,
2017-04-06,600297,6.94271408,6.95006865,6.86181381,6.90594123,8451676.0,79249939.0,,
2017-04-07,600297,6.90594123,6.92800494,6.80297725,6.81768639,11972161.0,111362535.0,,
2017-04-10,600297,6.80297725,6.88387752,6.6926587,6.70001327,20096215.0,184725326.0,,
2017-04-11,600297,6.67794956,6.84710467,6.67059499,6.8397501,24111965.0,221594932.0,,
2017-04-12,600297,6.83239553,6.87652295,6.79562268,6.86916838,15994844.0,148692960.0,,
2017-04-13,600297,6.89858666,6.9132958,6.82504096,6.89123209,11690614.0,109298309.0,,
2017-04-14,600297,6.86181381,6.89123209,6.72943155,6.86181381,12438956.0,115202030.0,,
2017-04-17,600297,6.87652295,6.97213236,6.8397501,6.88387752,14926035.0,139733009.0,,
2017-04-18,600297,6.89858666,6.94271408,6.84710467,6.89858666,18268777.0,171311892.0,,
2017-04-19,600297,6.87652295,6.87652295,6.67794956,6.80297725,17612866.0,162347206.0,,
2017-04-20,600297,6.73678612,6.83239553,6.68530413,6.78826811,15795683.0,144797341.0,,
2017-04-21,600297,6.77355897,6.89858666,6.72207698,6.89123209,11759060.0,108561669.0,,
2017-04-24,600297,6.85445924,6.96477779,6.75149526,6.95742322,14926964.0,139086700.0,,
2017-04-25,600297,6.92065037,6.95006865,6.86181381,6.86916838,7965895.0,74844826.0,,
2017-04-26,600297,6.86916838,7.09716005,6.86916838,7.03832349,21347768.0,203917025.0,,
2017-04-27,600297,6.97948693,7.11922376,6.95742322,7.05303263,18244603.0,174860686.0,,
2017-04-28,600297,7.06774177,7.09716005,6.95742322,7.04567806,13934541.0,132759792.0,,
2017-05-02,600297,7.09716005,7.16335118,6.97213236,7.09716005,17126413.0,164905698.0,,
2017-05-03,600297,7.0603872,7.09716005,6.94271408,6.97948693,16395920.0,156287802.0,,
2017-05-04,600297,6.95742322,6.97948693,6.87652295,6.92065037,13924743.0,130941588.0,,
2017-05-05,600297,6.88387752,6.95742322,6.83239553,6.95006865,9948781.0,93526506.0,,
2017-05-08,600297,6.89858666,7.03096892,6.56027644,7.01625978,33464372.0,311105744.0,,
2017-05-09,600297,6.93535951,6.93535951,6.78091354,6.80297725,14766614.0,137157394.0,,
2017-05-10,600297,6.80297725,6.83239553,6.619113,6.71472241,16083827.0,146488431.0,,
2017-05-11,600297,6.63382214,6.83239553,6.62646757,6.78091354,14235985.0,130303167.0,,
2017-05-12,600297,6.7662044,6.81033182,6.64117671,6.65588585,10099350.0,91977860.0,,
2017-05-15,600297,6.619113,6.75884983,6.619113,6.72207698,9490513.0,86462381.0,,
2017-05-16,600297,6.6926587,6.80297725,6.66324042,6.7662044,8120034.0,74450087.0,,
2017-05-17,600297,6.78091354,6.87652295,6.77355897,6.78091354,11591455.0,107538125.0,,
2017-05-18,600297,6.70001327,6.83239553,6.67059499,6.72943155,12431197.0,114010307.0,,
2017-05-19,600297,6.75149526,6.75884983,6.6926587,6.72943155,5238439.0,47880788.0,,
2017-05-22,600297,6.70001327,6.80297725,6.64117671,6.79562268,11059207.0,100824720.0,,
2017-05-23,600297,6.74414069,6.92065037,6.72943155,6.89123209,27041508.0,251957573.0,,
2017-05-24,600297,6.80297725,7.00890521,6.79562268,6.97213236,23784684.0,224787920.0,,
2017-05-25,600297,6.97213236,7.04567806,6.88387752,6.97948693,16020402.0,152143584.0,,
2017-05-26,600297,6.95742322,7.10451462,6.95742322,7.01625978,12016614.0,115272770.0,,
2017-05-31,600297,7.03832349,7.12657833,6.92065037,7.11186919,16049944.0,153714376.0,,
2017-06-01,600297,7.08245091,7.22218774,7.05303263,7.21483317,24381965.0,237290492.0,,
2017-06-02,600297,7.20012403,7.26631516,7.09716005,7.17070575,14812047.0,144537988.0,,
2017-06-05,600297,7.11922376,7.40605199,7.11922376,7.23689688,15963067.0,158097886.0,,
2017-06-06,600297,7.22954231,7.2810243,7.07509634,7.21483317,12647306.0,123361642.0,,
2017-06-07,600297,7.21483317,7.31044258,7.10451462,7.25896059,18739106.0,183918728.0,,
2017-06-08,600297,7.26871915,7.36628585,7.18090912,7.33701584,10416095.0,78052161.0,,
2017-06-09,600297,7.30774583,7.35652918,7.21017913,7.22969247,17094511.0,127299725.0,,
2017-06-12,600297,7.22969247,7.46385255,7.15163911,7.28823249,18426764.0,138371749.0,,
2017-06-13,600297,7.28823249,7.40531253,7.22969247,7.29798916,13455795.0,100572378.0,,
2017-06-14,600297,7.3175025,7.34677251,7.18090912,7.21017913,10627978.0,79006819.0,,
2017-06-15,600297,7.18090912,7.24920581,7.05407241,7.06382908,22408971.0,163790575.0,,
2017-06-16,600297,7.07358575,7.09309909,6.95650571,6.99553239,19655025.0,141326956.0,,
2017-06-19,600297,7.0248024,7.08334242,7.00528906,7.05407241,16585421.0,119913696.0,,
2017-06-20,600297,7.07358575,7.19066579,7.03455907,7.19066579,13058747.0,95676220.0,,
2017-06-21,600297,7.24920581,7.25896248,7.05407241,7.07358575,14084433.0,102861284.0,,
2017-06-22,600297,7.08334242,7.30774583,7.08334242,7.18090912,24841399.0,183876535.0,,
2017-06-23,600297,7.17115245,7.22969247,7.05407241,7.2199358,15775028.0,115397962.0,,
2017-06-26,600297,7.2199358,7.34677251,7.19066579,7.32725917,23640143.0,176285049.0,,
2017-06-27,600297,7.3175025,7.37604252,7.21017913,7.30774583,14941520.0,111802313.0,,
2017-06-28,600297,7.27847582,7.28823249,7.20042246,7.22969247,11608713.0,86118795.0,,
2017-06-29,600297,7.20042246,7.27847582,7.14188244,7.21017913,14649052.0,107895831.0,,
2017-06-30,600297,7.20042246,7.36628585,7.14188244,7.34677251,16321496.0,121514616.0,,
2017-07-03,600297,7.36628585,7.4150692,7.25896248,7.37604252,19080404.0,143735129.0,,
2017-07-04,600297,7.35652918,7.36628585,7.22969247,7.30774583,18525011.0,138247334.0,,
2017-07-05,600297,7.26871915,7.40531253,7.23944914,7.39555586,20983751.0,157488622.0,,
2017-07-06,600297,7.40531253,7.72728264,7.36628585,7.69801263,56314855.0,438238624.0,,
2017-07-07,600297,7.69801263,7.75655265,7.59068926,7.7077693,30111885.0,236537557.0,,
2017-07-10,600297,7.68825596,7.7077693,7.58093259,7.66874262,22685617.0,177720434.0,,
2017-07-11,600297,7.63947261,7.63947261,7.48336589,7.52239257,24858524.0,192419968.0,,
2017-07-12,600297,7.48336589,7.53214924,7.34677251,7.4150692,19154168.0,145657166.0,,
2017-07-13,600297,7.47360922,7.56141925,7.37604252,7.50287923,20904610.0,160106202.0,,
2017-07-14,600297,7.48336589,7.58093259,7.42482587,7.48336589,16408018.0,126232357.0,,
2017-07-17,600297,7.50287923,7.50287923,7.06382908,7.16139578,34437585.0,256251641.0,,
2017-07-18,600297,7.3175025,7.61995927,7.22969247,7.60044593,29371789.0,223462686.0,,
2017-07-19,600297,7.59068926,7.69801263,7.55166258,7.63947261,26661666.0,208715120.0,,
2017-07-20,600297,7.63947261,7.7077693,7.5126359,7.52239257,25846635.0,201530243.0,,
2017-07-21,600297,7.53214924,7.57117592,7.42482587,7.50287923,22504720.0,172341763.0,,
2017-07-24,600297,7.45409588,7.68825596,7.44433921,7.59068926,35526574.0,275937472.0,,
2017-07-25,600297,7.58093259,7.60044593,7.39555586,7.49312256,17496671.0,134498625.0,,
2017-07-26,600297,7.5126359,7.58093259,7.22969247,7.28823249,31195951.0,235058328.0,,
2017-07-27,600297,7.26871915,7.33701584,7.16139578,7.32725917,26570129.0,197012871.0,,
2017-07-28,600297,7.33701584,7.43458254,7.26871915,7.32725917,14223098.0,107184663.0,,
2017-07-31,600297,7.29798916,7.50287923,7.29798916,7.46385255,21127770.0,161055133.0,,
2017-08-01,600297,7.49312256,7.5126359,7.34677251,7.4150692,18495951.0,140465397.0,,
2017-08-02,600297,7.42482587,7.45409588,7.2199358,7.26871915,23003700.0,171651599.0,,
2017-08-03,600297,7.24920581,7.26871915,7.07358575,7.13212577,22139816.0,162553419.0,,
2017-08-04,600297,7.11261243,7.18090912,7.05407241,7.16139578,16962083.0,123868872.0,,
2017-08-07,600297,7.10285576,7.24920581,7.09309909,7.2199358,11178220.0,82479535.0,,
2017-08-08,600297,7.2199358,7.2199358,7.08334242,7.1223691,12889082.0,94544112.0,,
2017-08-09,600297,7.1223691,7.21017913,7.03455907,7.19066579,10220539.0,74983153.0,,
2017-08-10,600297,7.16139578,7.18090912,7.07358575,7.13212577,8829444.0,64514925.0,,
2017-08-11,600297,7.1223691,7.22969247,7.08334242,7.20042246,19322361.0,142220820.0,,
2017-08-14,600297,7.20042246,7.34677251,7.16139578,7.3175025,18655573.0,139546924.0,,
2017-08-15,600297,7.3175025,7.32725917,7.18090912,7.24920581,11869332.0,88180099.0,,
2017-08-16,600297,7.24920581,7.24920581,7.16139578,7.21017913,9113586.0,67208198.0,,
2017-08-17,600297,7.24920581,7.24920581,7.17115245,7.20042246,13990164.0,103277109.0,,
2017-08-18,600297,7.19066579,7.26871915,7.14188244,7.25896248,12935761.0,95535264.0,,
2017-08-21,600297,7.22969247,7.34677251,7.20042246,7.26871915,12715948.0,94715220.0,,
2017-08-22,600297,7.28823249,7.32725917,7.23944914,7.25896248,11069934.0,82529525.0,,
2017-08-23,600297,7.27847582,7.29798916,7.19066579,7.2199358,5388530.0,39911037.0,,
2017-08-24,600297,7.20042246,7.23944914,7.1223691,7.13212577,6867217.0,50510862.0,,
2017-08-25,600297,7.13212577,7.2199358,7.1223691,7.21017913,7306732.0,53774681.0,,
2017-08-28,600297,7.25896248,7.55166258,7.25896248,7.48336589,36489636.0,278803296.0,,
2017-08-29,600297,7.45409588,7.68825596,7.42482587,7.5126359,27491033.0,213914989.0,,
2017-08-30,600297,7.56141925,7.62971594,7.46385255,7.61995927,21346528.0,165947426.0,,
2017-08-31,600297,7.59068926,7.69801263,7.58093259,7.64922928,18372060.0,144132543.0,,
2017-09-01,600297,7.64922928,7.68825596,7.55166258,7.59068926,17915156.0,139911242.0,,
2017-09-04,600297,7.61995927,7.83460601,7.60044593,7.71752597,27183353.0,216414480.0,,
2017-09-05,600297,7.7077693,7.83460601,7.57117592,7.63947261,17053291.0,134028399.0,,
2017-09-06,600297,7.62971594,7.77606599,7.53214924,7.73703931,21024043.0,165487451.0,,
2017-09-07,600297,7.76630932,7.89314603,7.6102026,7.805336,31133323.0,248315180.0,,
2017-09-08,600297,7.91265937,8.16633279,7.91265937,7.98095606,37183831.0,306078896.0,,
2017-09-11,600297,8.01022607,8.22487281,8.0004694,8.17608946,27541788.0,229756037.0,,
2017-09-12,600297,8.21511614,8.46878956,8.0980361,8.16633279,31842022.0,268175006.0,,
2017-09-13,600297,8.21511614,8.21511614,7.95168605,8.12730611,25368694.0,210038062.0,,
2017-09-14,600297,8.11754944,8.26389949,8.04925275,8.11754944,16161963.0,135182266.0,,
2017-09-15,600297,8.07852276,8.23462948,7.92241604,8.06876609,25971519.0,214675434.0,,
2017-09-18,600297,8.04925275,8.62489628,8.02973941,8.3907362,36860319.0,315829719.0,,
2017-09-19,600297,8.40049287,8.45903289,8.06876609,8.14681945,19770154.0,167780192.0,,
2017-09-20,600297,8.1956028,8.41024954,8.15657612,8.30292617,14937517.0,127128504.0,,
2017-09-21,600297,8.25414282,8.37122286,8.18584613,8.22487281,12015415.0,101491458.0,,
2017-09-22,600297,8.1956028,8.34195285,8.11754944,8.26389949,11000246.0,92970948.0,,
2017-09-25,600297,8.25414282,8.31268284,7.95168605,8.01998274,22234296.0,184299714.0,,
2017-09-26,600297,8.04925275,8.14681945,7.99071273,8.0980361,15014954.0,124344497.0,,
2017-09-27,600297,8.11754944,8.27365616,8.05900942,8.16633279,11747333.0,98404824.0,,
2017-09-28,600297,8.17608946,8.24438615,8.0004694,8.04925275,11995794.0,99418512.0,,
2017-09-29,600297,8.10779277,8.28341283,8.0980361,8.22487281,9439672.0,79424091.0,,
2017-10-09,600297,8.31268284,8.43951955,8.21511614,8.21511614,15565848.0,132676604.0,,
2017-10-10,600297,8.20535947,8.21511614,8.08827943,8.12730611,14439656.0,120500176.0,,
2017-10-11,600297,8.13706278,8.21511614,8.01022607,8.02973941,15443365.0,127991537.0,,
2017-10-12,600297,8.02973941,8.12730611,7.96144272,8.06876609,10557754.0,86951508.0,,
2017-10-13,600297,8.06876609,8.13706278,8.01022607,8.07852276,7511311.0,62155513.0,,
2017-10-16,600297,8.12730611,8.12730611,7.83460601,7.88338936,16079844.0,131252346.0,,
2017-10-17,600297,7.98095606,8.12730611,7.98095606,8.10779277,13965843.0,115464066.0,,
2017-10-18,600297,8.15657612,8.32243951,8.11754944,8.12730611,16050601.0,135199656.0,,
2017-10-19,600297,8.14681945,8.16633279,8.04925275,8.13706278,10446841.0,86803378.0,,
2017-10-20,600297,8.11754944,8.43951955,8.03949608,8.3907362,24321027.0,206952159.0,,
2017-10-23,600297,8.46878956,8.47854623,8.27365616,8.40049287,17020779.0,145977951.0,,
2017-10-24,600297,8.3907362,8.781003,8.32243951,8.75173299,30715321.0,271955945.0,,
2017-10-25,600297,8.77124633,9.00540641,8.63465295,8.94686639,28588603.0,258043130.0,,
2017-10-26,600297,8.90783971,8.92735305,8.70294964,8.781003,22558956.0,203718330.0,,
2017-10-27,600297,8.84929969,8.88832637,8.5858696,8.65416629,27444571.0,245566038.0,,
2017-10-30,600297,8.73221965,9.01516308,8.50781624,8.79075967,38339181.0,343970065.0,,
2017-10-31,600297,8.80051634,9.01516308,8.60538294,8.6834363,26651926.0,240018179.0,,
2017-11-01,600297,8.72246298,8.83954302,8.60538294,8.65416629,24150662.0,215166058.0,,
2017-11-02,600297,8.63465295,8.66392296,8.42976288,8.50781624,20598678.0,180219465.0,,
2017-11-03,600297,8.57611293,8.69319297,8.22487281,8.2931695,30468610.0,265048861.0,,
2017-11-06,600297,8.30292617,8.82978635,8.30292617,8.82978635,31875506.0,282203321.0,,
2017-11-07,600297,8.8785697,9.22005315,8.82978635,9.02491975,33711947.0,312434679.0,,
2017-11-08,600297,9.12248645,9.19078314,8.85905636,9.04443309,29067882.0,269529008.0,,
2017-11-09,600297,9.1712698,9.22980982,8.90783971,9.13224312,23755575.0,220757509.0,,
2017-11-10,600297,9.0737031,9.10297311,8.93710972,8.99564974,20943050.0,193360504.0,,
2017-11-13,600297,9.02491975,9.3664032,8.9761364,9.00540641,39165160.0,368425591.0,,
2017-11-14,600297,8.93710972,9.30786318,8.93710972,9.2688365,33683964.0,315294581.0,,
2017-11-15,600297,9.23956649,9.23956649,8.85905636,8.93710972,29025473.0,267335929.0,,
2017-11-16,600297,8.81027301,9.06394643,8.81027301,9.01516308,14570653.0,134609323.0,,
2017-11-17,600297,8.9761364,9.08345977,8.62489628,8.73221965,22327213.0,202030130.0,,
2017-11-20,600297,8.67367963,8.90783971,8.4883029,8.89808304,15597639.0,139200350.0,,
2017-11-21,600297,8.85905636,9.15175646,8.79075967,8.94686639,23185246.0,212636122.0,,
2017-11-22,600297,9.01516308,9.14199979,8.88832637,9.05418976,21767131.0,201414280.0,,
2017-11-23,600297,9.02491975,9.03467642,8.35170952,8.4883029,35201681.0,312216920.0,,
2017-11-24,600297,8.49805957,8.63465295,8.2931695,8.4883029,18650769.0,161358391.0,,
2017-11-27,600297,8.3907362,8.49805957,8.15657612,8.1956028,15897433.0,135487777.0,,
2017-11-28,600297,8.22487281,8.32243951,8.07852276,8.1956028,15930510.0,133777037.0,,
2017-11-29,600297,8.23462948,8.35170952,7.95168605,8.25414282,18988713.0,157816842.0,,
2017-11-30,600297,8.16633279,8.2931695,8.07852276,8.14681945,12506822.0,105014010.0,,
2017-12-01,600297,8.11754944,8.25414282,8.06876609,8.13706278,11413984.0,95638422.0,,
2017-12-04,600297,8.11754944,8.20535947,8.02973941,8.11754944,9234297.0,76916296.0,,
2017-12-05,600297,8.0980361,8.14681945,7.9029027,8.03949608,13946283.0,114764766.0,,
2017-12-06,600297,8.02973941,8.14681945,7.94192938,8.08827943,9986323.0,82483877.0,,
2017-12-07,600297,8.08827943,8.1956028,8.03949608,8.12730611,9498044.0,79104235.0,,
2017-12-08,600297,8.10779277,8.37122286,8.10779277,8.30292617,13680451.0,116027868.0,,
2017-12-11,600297,8.33219618,8.44927622,8.22487281,8.31268284,15555776.0,132427576.0,,
2017-12-12,600297,8.26389949,8.30292617,8.08827943,8.11754944,10406918.0,87333259.0,,
2017-12-13,600297,8.10779277,8.16633279,8.06876609,8.14681945,8019741.0,66590393.0,,
2017-12-14,600297,8.13706278,8.28341283,8.0980361,8.25414282,11950871.0,100194852.0,,
2017-12-15,600297,8.22487281,8.30292617,8.03949608,8.05900942,10270364.0,86342393.0,,
2017-12-18,600297,8.11754944,8.22487281,8.01998274,8.10779277,11337455.0,94261756.0,,
2017-12-19,600297,8.10779277,8.26389949,8.05900942,8.25414282,8710394.0,73333140.0,,
2017-12-20,600297,8.28341283,8.2931695,7.42482587,7.52239257,58753484.0,461803863.0,,
2017-12-21,600297,7.47360922,7.63947261,7.39555586,7.52239257,29749903.0,229638452.0,,
2017-12-22,600297,7.57117592,7.71752597,7.53214924,7.6102026,20030228.0,156169399.0,,
2017-12-25,600297,7.58093259,7.64922928,7.47360922,7.5126359,13414536.0,103653182.0,,
2017-12-26,600297,7.55166258,7.65898595,7.5126359,7.6102026,11030855.0,85958701.0,,
2017-12-27,600297,7.6102026,7.65898595,7.46385255,7.52239257,13428111.0,103871941.0,,
2017-12-28,600297,7.3175025,7.61995927,7.3175025,7.60044593,13063041.0,100414227.0,,
2017-12-29,600297,7.54190591,7.92241604,7.53214924,7.82484934,17195136.0,136787098.0,,
2018-01-02,600297,7.76630932,7.88338936,7.75655265,7.83460601,13410445.0,107378880.0,,
2018-01-03,600297,7.81509267,7.95168605,7.73703931,7.89314603,10921067.0,87942568.0,,
2018-01-04,600297,7.88338936,8.23462948,7.84436268,7.97119939,22100022.0,183244601.0,,
2018-01-05,600297,8.0004694,8.13706278,7.83460601,7.91265937,15265528.0,123956131.0,,
2018-01-08,600297,7.89314603,7.95168605,7.6102026,7.76630932,25566889.0,202917067.0,,
2018-01-09,600297,7.76630932,7.94192938,7.76630932,7.93217271,15357268.0,123274694.0,,
2018-01-10,600297,7.93217271,7.93217271,7.79557933,7.86387602,14300909.0,114712168.0,,
2018-01-11,600297,7.85411935,7.93217271,7.79557933,7.85411935,8641777.0,69562852.0,,
2018-01-12,600297,7.85411935,7.89314603,7.59068926,7.65898595,20564232.0,161936724.0,,
2018-01-15,600297,7.57117592,7.74679598,7.57117592,7.71752597,18314192.0,143471874.0,,
2018-01-16,600297,7.64922928,7.68825596,7.42482587,7.53214924,20089214.0,155136171.0,,
2018-01-17,600297,7.55166258,7.66874262,7.3175025,7.64922928,18802738.0,144935017.0,,
2018-01-18,600297,7.65898595,7.65898595,7.46385255,7.54190591,12583127.0,97219922.0,,
2018-01-19,600297,7.59068926,7.60044593,7.33701584,7.39555586,15608860.0,118938337.0,,
2018-01-22,600297,7.4150692,7.77606599,7.21017913,7.7077693,21458182.0,165110450.0,,
2018-01-23,600297,7.68825596,7.86387602,7.62971594,7.73703931,13723347.0,108913740.0,,
2018-01-24,600297,7.805336,7.84436268,7.58093259,7.64922928,16059202.0,125949755.0,,
2018-01-25,600297,7.65898595,7.72728264,7.59068926,7.62971594,12138612.0,94947238.0,,
2018-01-26,600297,7.65898595,7.65898595,7.56141925,7.62971594,13384578.0,104349739.0,,
2018-01-29,600297,7.58093259,7.59068926,7.29798916,7.34677251,24868494.0,188776195.0,,
2018-01-30,600297,7.33701584,7.48336589,7.22969247,7.39555586,17586583.0,132617134.0,,
2018-01-31,600297,7.34677251,7.46385255,7.22969247,7.38579919,12544482.0,94462876.0,,
2018-02-01,600297,7.38579919,7.4150692,6.93699237,6.94674904,19501628.0,142988906.0,,
2018-02-02,600297,6.93699237,7.35652918,6.25402547,7.27847582,47720061.0,330723643.0,,
2018-02-05,600297,7.07358575,7.35652918,7.0248024,7.30774583,18431799.0,136857423.0,,
2018-02-06,600297,7.05407241,7.24920581,7.0248024,7.18090912,15156202.0,110526612.0,,
2018-02-07,600297,7.20042246,7.27847582,6.71258896,6.86869568,24046499.0,169925976.0,,
2018-02-08,600297,6.81991233,6.96626238,6.81015566,6.88820902,8660449.0,61288225.0,,
2018-02-09,600297,6.78088565,6.79064232,6.39061885,6.58575225,22664725.0,152330704.0,,
2018-02-12,600297,6.6345356,6.69307562,6.50769889,6.57599558,15917973.0,107584130.0,,
2018-02-13,600297,6.61502226,6.69307562,6.5369689,6.66380561,9300342.0,63173275.0,,
2018-02-14,600297,6.65404894,6.87845235,6.62477893,6.829669,11692120.0,81369669.0,,
2018-02-22,600297,6.91747903,6.97601905,6.85893901,6.90772236,8672167.0,61531217.0,,
2018-02-23,600297,6.90772236,7.19066579,6.88820902,7.15163911,13401530.0,97460979.0,,
2018-02-26,600297,7.17115245,7.33701584,7.09309909,7.22969247,12352631.0,91350924.0,,
2018-02-27,600297,7.23944914,7.28823249,7.14188244,7.17115245,8851818.0,65405024.0,,
2018-02-28,600297,7.19066579,7.19066579,7.03455907,7.14188244,7300593.0,53193067.0,,
2018-03-01,600297,7.11261243,7.11261243,6.89796569,6.98577572,13862856.0,99446042.0,,
2018-03-02,600297,7.0248024,7.06382908,6.93699237,7.00528906,9035585.0,64852534.0,,
2018-03-05,600297,6.9272357,7.01504573,6.88820902,6.91747903,9181860.0,65361762.0,,
2018-03-06,600297,6.98577572,6.98577572,6.85893901,6.97601905,11010921.0,78253738.0,,
2018-03-07,600297,6.99553239,7.00528906,6.87845235,6.88820902,8068892.0,57281921.0,,
2018-03-08,600297,6.90772236,7.22969247,6.83942567,7.20042246,19378991.0,140371928.0,,
2018-03-09,600297,7.18090912,7.55166258,7.18090912,7.50287923,20029200.0,151725333.0,,
2018-03-12,600297,7.55166258,7.72728264,7.5126359,7.67849929,20451212.0,160064605.0,,
2018-03-13,600297,7.64922928,7.77606599,7.56141925,7.64922928,12973240.0,102624353.0,,
2018-03-14,600297,7.63947261,7.95168605,7.58093259,7.84436268,18167569.0,146268025.0,,
2018-03-15,600297,7.89314603,7.93217271,7.60044593,7.76630932,11127447.0,88609643.0,,
2018-03-16,600297,7.77606599,7.88338936,7.69801263,7.7077693,5584745.0,44626832.0,,
2018-03-19,600297,7.73703931,7.79557933,7.6102026,7.66874262,4539164.0,35664612.0,,
2018-03-20,600297,7.66874262,7.92241604,7.53214924,7.73703931,10477553.0,83228739.0,,
2018-03-21,600297,7.7077693,7.84436268,7.6102026,7.67849929,7077539.0,56227929.0,,
2018-03-22,600297,7.6102026,7.69801263,7.39555586,7.45409588,10270052.0,78793244.0,,
2018-03-23,600297,7.1223691,7.38579919,7.03455907,7.21017913,12660691.0,93732190.0,,
2018-03-26,600297,7.05407241,7.21017913,6.86869568,7.10285576,18255171.0,130543541.0,,
2018-03-27,600297,7.28823249,7.59068926,7.0248024,7.33701584,21295750.0,158097550.0,,
2018-03-28,600297,7.21017913,7.22969247,6.90772236,6.98577572,23099673.0,166588566.0,,
2018-03-29,600297,7.00528906,7.1223691,6.9272357,7.08334242,9995019.0,71998606.0,,
2018-03-30,600297,7.0248024,7.19066579,7.0248024,7.18090912,9809865.0,71616910.0,,
2018-04-02,600297,7.18090912,7.26871915,6.93699237,7.00528906,18042692.0,130334505.0,,
2018-04-03,600297,6.87845235,6.87845235,6.67356228,6.76137231,16059117.0,111309774.0,,
2018-04-04,600297,6.76137231,6.88820902,6.72234563,6.77112898,10605383.0,73950661.0,,
2018-04-09,600297,6.76137231,6.78088565,6.59550892,6.6345356,14587762.0,99392840.0,,
2018-04-10,600297,6.64429227,7.2199358,6.60526559,7.19066579,26948340.0,190604582.0,,
2018-04-11,600297,7.21017913,7.21017913,6.94674904,7.0248024,22175169.0,160039710.0,,
2018-04-12,600297,6.98577572,6.99553239,6.76137231,6.85893901,16571383.0,116672964.0,,
2018-04-13,600297,6.86869568,6.89796569,6.79064232,6.87845235,6838503.0,47983858.0,,
2018-04-16,600297,6.89796569,6.89796569,6.65404894,6.74185897,9108987.0,62934741.0,,
2018-04-17,600297,6.72234563,6.79064232,6.56623891,6.57599558,12164718.0,82824283.0,,
2018-04-18,600297,6.66380561,6.68331895,6.41988886,6.57599558,11652460.0,77881826.0,,
2018-04-19,600297,6.54672557,6.58575225,6.50769889,6.52721223,7616797.0,51046119.0,,
2018-04-20,600297,6.50769889,6.52721223,6.37110551,6.41988886,6541784.0,43146270.0,,
2018-04-23,600297,6.36134884,6.45891554,6.11743209,6.32232216,10948265.0,70490321.0,,
2018-04-24,600297,6.32232216,6.62477893,6.29305215,6.52721223,11598493.0,77300169.0,,
2018-04-25,600297,6.52721223,6.74185897,6.48818555,6.69307562,12281554.0,84046562.0,,
2018-04-26,600297,6.64429227,6.78088565,6.5369689,6.56623891,10209332.0,69724503.0,,
2018-04-27,600297,6.6345356,6.70283229,6.56623891,6.60526559,6364803.0,43266036.0,,
2018-05-02,600297,6.6345356,6.75161564,6.44915887,6.65404894,12483722.0,84300847.0,,
2018-05-03,600297,6.67356228,6.67356228,6.32232216,6.50769889,20812524.0,137160997.0,,
2018-05-04,600297,6.49794222,6.60526559,6.40037552,6.46867221,11924782.0,79100048.0,,
2018-05-07,600297,6.48818555,6.49794222,6.38086218,6.44915887,16994219.0,111870569.0,,
2018-05-08,600297,6.44915887,6.57599558,6.40037552,6.55648224,15279982.0,102146510.0,,
2018-05-09,600297,6.56623891,6.60526559,6.48818555,6.55648224,7316572.0,49068599.0,,
2018-05-10,600297,6.55648224,6.59550892,6.45891554,6.5369689,10430111.0,69796557.0,,
2018-05-11,600297,6.51745556,6.57599558,6.45891554,6.47842888,8961482.0,59824187.0,,
2018-05-14,600297,6.4394022,6.55648224,6.4394022,6.46867221,8715555.0,57830287.0,,
2018-05-15,600297,6.54672557,6.89796569,6.51745556,6.70283229,31598518.0,217215038.0,,
2018-05-16,600297,6.69307562,6.81991233,6.6345356,6.76137231,13434379.0,92663979.0,,
2018-05-17,600297,6.76137231,6.76137231,6.61502226,6.66380561,8518327.0,58245365.0,,
2018-05-18,600297,6.71258896,6.93699237,6.64429227,6.90772236,24914726.0,174875091.0,,
2018-05-21,600297,7.00528906,7.2199358,6.96626238,7.08334242,25965836.0,189122123.0,,
2018-05-22,600297,7.18090912,7.27847582,6.94674904,7.25896248,20101998.0,146655299.0,,
2018-05-23,600297,7.37604252,7.82484934,7.3175025,7.33701584,68647049.0,527811319.0,,
2018-05-24,600297,7.14188244,7.21017913,7.00528906,7.05407241,29986909.0,217860664.0,,
2018-05-25,600297,7.01504573,7.10285576,6.86869568,6.90772236,20585046.0,147289822.0,,
2018-05-28,600297,6.84918234,6.88820902,6.52721223,6.66380561,33839950.0,232493925.0,,
2018-05-29,600297,6.57599558,6.66380561,6.51745556,6.56623891,17720642.0,119383102.0,,
2018-05-30,600297,6.49794222,6.49794222,6.32232216,6.41988886,14941253.0,98732998.0,,
2018-05-31,600297,6.47842888,6.67356228,6.40037552,6.64429227,18472455.0,124564057.0,,
2018-06-01,600297,6.64429572,6.75403634,6.5345551,6.64429572,11879288.0,78969026.0,,
2018-06-04,600297,6.56448436,6.66424856,6.45474374,6.50462584,11955687.0,78453753.0,,
2018-06-05,600297,6.49464942,6.5844372,6.44476732,6.54453152,9372032.0,61228398.0,,
2018-06-06,600297,6.56448436,6.57446078,6.45474374,6.50462584,7778014.0,50655571.0,,
2018-06-07,600297,6.50462584,6.5345551,6.44476732,6.46472016,5748707.0,37326955.0,,
2018-06-08,600297,6.46472016,6.52457868,6.37493238,6.39488522,10228222.0,66076438.0,,
2018-06-11,600297,6.31507386,6.39488522,6.26519176,6.36495596,7933938.0,50298092.0,,
2018-06-12,600297,6.3350267,6.42481448,6.26519176,6.39488522,8859564.0,56268203.0,,
2018-06-13,600297,6.35497954,6.36495596,6.25521534,6.31507386,7208308.0,45621652.0,,
2018-06-14,600297,6.29512102,6.45474374,6.26519176,6.44476732,5542029.0,35348803.0,,
2018-06-15,600297,6.39488522,6.42481448,6.32505028,6.36495596,6944676.0,44329322.0,,
2018-06-19,600297,6.0856162,6.22528608,5.85615854,5.96589916,14478754.0,87716299.0,,
2018-06-20,600297,5.96589916,6.15545114,5.84618212,6.10556904,10884064.0,65647498.0,,
2018-06-21,600297,6.0357341,6.09559262,5.60674804,5.76637076,13470912.0,79163288.0,,
2018-06-22,600297,5.76637076,5.95592274,5.5867952,5.8860878,9298270.0,54574226.0,,
2018-06-25,600297,5.91601706,5.985852,5.82622928,5.90604064,3960001.0,23424748.0,,
2018-06-26,600297,5.84618212,5.90604064,5.7863236,5.89606422,5414772.0,31681527.0,,
2018-06-27,600297,5.87611138,5.90604064,5.6366773,5.76637076,9636916.0,55677646.0,,
2018-06-28,600297,5.69653582,5.80627644,5.55686594,5.70651224,11714639.0,66479022.0,,
2018-06-29,600297,5.64665372,5.87611138,5.62670088,5.84618212,10842758.0,62205003.0,,
2018-07-02,600297,5.79630002,5.79630002,5.59677162,5.60674804,6167889.0,35244270.0,,
2018-07-03,600297,5.6366773,5.6865594,5.52693668,5.60674804,6104280.0,34326250.0,,
2018-07-04,600297,5.5867952,5.59677162,5.0879742,5.17776198,25383893.0,132877905.0,,
2018-07-05,600297,5.29747902,5.29747902,5.04806852,5.12787988,18683635.0,96867443.0,,
2018-07-06,600297,5.10792704,5.21766766,4.75875234,5.19771482,32595175.0,162249742.0,,
2018-07-09,600297,5.09795062,5.24759692,5.05804494,5.1877384,14158958.0,73282581.0,,
2018-07-10,600297,5.19771482,5.35733754,5.15780914,5.20769124,12763196.0,66980723.0,,
2018-07-11,600297,5.14783272,5.14783272,4.90839864,5.04806852,10586872.0,53346810.0,,
2018-07-12,600297,5.05804494,5.11790346,5.01813926,5.0879742,16450175.0,83728566.0,,
2018-07-13,600297,5.0879742,5.1378563,5.0380921,5.09795062,9705243.0,49453587.0,,
2018-07-16,600297,5.0879742,5.10792704,4.98821,5.02811568,11034258.0,55629744.0,,
2018-07-17,600297,5.00816284,5.11790346,4.92835148,5.06802136,11680381.0,58839567.0,,
2018-07-18,600297,5.06802136,5.11790346,5.01813926,5.07799778,11308381.0,57540346.0,,
2018-07-19,600297,5.04806852,5.26754976,5.04806852,5.2376205,23321236.0,121690187.0,,
2018-07-20,600297,5.20769124,5.40721964,5.16778556,5.36731396,17865306.0,94404490.0,,
2018-07-23,600297,5.40721964,5.62670088,5.35733754,5.57681878,15392098.0,85330254.0,,
2018-07-24,600297,5.57681878,5.80627644,5.55686594,5.70651224,16126624.0,92275307.0,,
2018-07-25,600297,5.6865594,5.71648866,5.5867952,5.69653582,7718488.0,43838012.0,,
2018-07-26,600297,5.69653582,5.7863236,5.6366773,5.75639434,9958830.0,56932975.0,,
2018-07-27,600297,5.74641792,6.26519176,5.71648866,6.01578126,27885245.0,167599662.0,,
2018-07-30,600297,6.0856162,6.46472016,6.04571052,6.42481448,26174088.0,163727303.0,,
2018-07-31,600297,6.42481448,6.46472016,6.11554546,6.2352625,19553694.0,123126867.0,,
2018-08-01,600297,6.2352625,6.31507386,6.1853804,6.22528608,10398901.0,65110795.0,,
2018-08-02,600297,6.1853804,6.21530966,5.91601706,6.05568694,15966729.0,97325061.0,,
2018-08-03,600297,6.05568694,6.27516818,6.04571052,6.0856162,11549473.0,71183261.0,,
2018-08-06,600297,6.06566336,6.12552188,5.72646508,6.02575768,11657224.0,70149661.0,,
2018-08-07,600297,6.02575768,6.15545114,6.00580484,6.04571052,9331184.0,56671096.0,,
2018-08-08,600297,6.0856162,6.37493238,5.985852,6.1354983,22202882.0,139092732.0,,
2018-08-09,600297,6.1354983,6.34500312,5.9359699,6.32505028,19454888.0,121646235.0,,
2018-08-10,600297,6.29512102,6.56448436,6.2352625,6.54453152,21284066.0,137286849.0,,
2018-08-13,600297,6.42481448,6.7839656,6.25521534,6.74405992,24437560.0,162660198.0,,
2018-08-14,600297,6.72410708,6.7839656,6.5844372,6.75403634,23236026.0,156029535.0,,
2018-08-15,600297,6.75403634,6.86377696,6.6842014,6.8338477,16190604.0,110226859.0,,
2018-08-16,600297,6.7839656,6.86377696,6.64429572,6.82387128,15959368.0,108586938.0,,
2018-08-17,600297,6.81389486,6.86377696,6.6842014,6.80391844,15858802.0,107828737.0,,
2018-08-20,600297,6.76401276,6.81389486,6.5844372,6.81389486,15726165.0,106146317.0,,
2018-08-21,600297,6.79394202,6.80391844,6.67422498,6.75403634,23686797.0,159795148.0,,
2018-08-22,600297,6.72410708,6.77398918,6.52457868,6.71413066,20360110.0,136488943.0,,
2018-08-23,600297,6.71413066,6.75403634,6.64429572,6.7340835,11721603.0,79041530.0,,
2018-08-24,600297,6.72410708,6.76401276,6.60439004,6.75403634,17105559.0,114975574.0,,
2018-08-27,600297,6.75403634,6.77398918,6.6343193,6.71413066,15519952.0,104116942.0,,
2018-08-28,600297,6.70415424,6.71413066,6.484673,6.49464942,19880000.0,130970046.0,,
2018-08-29,600297,6.36495596,6.51460226,6.24523892,6.46472016,28943041.0,185030484.0,,
2018-08-30,600297,6.40486164,6.46472016,6.11554546,6.2851446,40145384.0,252989000.0,,
2018-08-31,600297,6.31507386,6.5844372,6.15545114,6.1853804,34339728.0,216408461.0,,
2018-09-03,600297,6.1853804,6.1853804,5.99582842,6.11554546,14294522.0,87313803.0,,
2018-09-04,600297,6.15545114,6.21530966,6.00580484,6.1354983,12169724.0,74384909.0,,
2018-09-05,600297,6.11554546,6.12552188,5.86613496,6.11554546,22181781.0,134234966.0,,
2018-09-06,600297,6.06566336,6.10556904,5.89606422,6.09559262,15753205.0,94942987.0,,
2018-09-07,600297,6.04571052,6.10556904,5.99582842,6.09559262,9158355.0,55579529.0,,
2018-09-10,600297,6.0856162,6.10556904,6.00580484,6.10556904,6040802.0,36752923.0,,
2018-09-11,600297,6.07563978,6.09559262,5.91601706,5.99582842,15291330.0,91742545.0,,
2018-09-12,600297,5.97587558,5.99582842,5.89606422,5.99582842,16400788.0,98150268.0,,
2018-09-13,600297,6.00580484,6.05568694,5.91601706,5.97587558,12917232.0,77137087.0,,
2018-09-14,600297,5.96589916,5.96589916,5.85615854,5.89606422,7742657.0,45757044.0,,
2018-09-17,600297,5.79630002,5.89606422,5.62670088,5.84618212,4961738.0,28836526.0,,
2018-09-18,600297,5.81625286,5.84618212,5.70651224,5.76637076,6857060.0,39702073.0,,
2018-09-19,600297,5.75639434,5.75639434,5.64665372,5.64665372,9304085.0,53203889.0,,
2018-09-20,600297,5.6366773,5.70651224,5.51696026,5.57681878,14953054.0,84012253.0,,
2018-09-21,600297,5.66660656,5.91601706,5.5369131,5.87611138,17100912.0,98136759.0,,
2018-09-25,600297,6.46472016,6.46472016,6.36495596,6.46472016,45602287.0,295285771.0,,
2018-09-26,600297,6.55450794,6.7340835,6.39488522,6.51460226,50781715.0,333369954.0,,
2018-09-27,600297,6.50462584,6.51460226,6.1853804,6.44476732,31378793.0,198078921.0,,
2018-09-28,600297,6.2851446,6.44476732,6.2352625,6.44476732,22563778.0,143406375.0,,
2018-10-08,600297,6.12552188,6.17540398,5.8860878,6.0856162,18523042.0,112665163.0,,
2018-10-09,600297,5.99582842,6.1354983,5.91601706,6.12552188,10684818.0,64627840.0,,
2018-10-10,600297,6.12552188,6.24523892,5.90604064,6.17540398,14069829.0,85390821.0,,
2018-10-11,600297,5.95592274,6.06566336,5.7364415,5.96589916,15426539.0,91804838.0,,
2018-10-12,600297,5.8860878,5.97587558,5.7863236,5.84618212,8157887.0,47936795.0,,
2018-10-15,600297,5.8860878,5.8860878,5.42717248,5.44712532,11349348.0,64059415.0,,
2018-10-16,600297,5.44712532,5.60674804,5.35733754,5.41719606,7433075.0,40765592.0,,
2018-10-17,600297,5.487031,5.487031,5.09795062,5.17776198,9657299.0,50876711.0,,
2018-10-18,600297,5.25757334,5.25757334,4.65898814,4.65898814,23730556.0,114317780.0,,
2018-10-19,600297,4.51931826,4.62905888,4.3896248,4.59912962,19512576.0,88576492.0,价格异常,-11.954459203036071
2018-10-22,600297,4.57917678,4.84854012,4.57917678,4.6390353,42245387.0,198226690.0,,
2018-10-23,600297,4.61908246,4.61908246,4.3896248,4.42953048,34474063.0,153896385.0,,
2018-10-24,600297,4.3896248,4.3896248,4.0404501,4.24995492,56210858.0,236141361.0,,
2018-10-25,600297,4.07037936,4.13023788,3.93070948,4.02049726,59649021.0,239660583.0,,
2018-10-26,600297,4.07037936,4.0903322,3.9406859,3.990568,43834809.0,176089713.0,,
2018-10-29,600297,4.01052084,4.0404501,3.96063874,4.00054442,26777280.0,107209600.0,,
2018-10-30,600297,4.02049726,4.11028504,4.01052084,4.05042652,47333304.0,192521468.0,,
2018-10-31,600297,4.07037936,4.15019072,4.0404501,4.12026146,45695808.0,187201993.0,,
2018-11-01,600297,4.13023788,4.1900964,4.0903322,4.0903322,41115639.0,171037856.0,,
2018-11-02,600297,4.1402143,4.41955406,4.11028504,4.34971912,55963126.0,238032204.0,,
2018-11-05,600297,4.30981344,4.46943616,4.24995492,4.41955406,41374625.0,180504373.0,,
2018-11-06,600297,4.39960122,4.39960122,4.29983702,4.3397427,23553962.0,102419296.0,,
2018-11-07,600297,4.3896248,4.44948332,4.32976628,4.34971912,26907169.0,118195434.0,,
2018-11-08,600297,4.3896248,4.41955406,4.3397427,4.36967196,21455220.0,94252502.0,,
2018-11-09,600297,4.36967196,4.3896248,4.31978986,4.34971912,18397888.0,80458067.0,,
2018-11-12,600297,4.32976628,4.60910604,4.27988418,4.56920036,31985089.0,143877076.0,,
2018-11-13,600297,4.489389,4.64901172,4.489389,4.60910604,27316813.0,125308016.0,,
2018-11-14,600297,4.5891532,4.70887024,4.52929468,4.56920036,20561423.0,94925620.0,,
2018-11-15,600297,4.56920036,4.62905888,4.50934184,4.59912962,18612588.0,85465565.0,,
2018-11-16,600297,4.59912962,4.66896456,4.5392711,4.65898814,21833366.0,100889846.0,,
2018-11-19,600297,4.64901172,4.66896456,4.54924752,4.61908246,16268854.0,75152576.0,,
2018-11-20,600297,4.57917678,4.5891532,4.37964838,4.39960122,29068050.0,129957517.0,,
2018-11-21,600297,4.29983702,4.46943616,4.25993134,4.42953048,19733597.0,86384792.0,,
2018-11-22,600297,4.4395069,4.46943616,4.35969554,4.39960122,17341593.0,76732940.0,,
2018-11-23,600297,4.40957764,4.44948332,4.18011998,4.22002566,20694731.0,89167556.0,,
2018-11-26,600297,4.22002566,4.25993134,4.17014356,4.1900964,11024770.0,46516722.0,,
2018-11-27,600297,4.22002566,4.26990776,4.18011998,4.21004924,10050957.0,42523216.0,,
2018-11-28,600297,4.21004924,4.24995492,4.06040294,4.2399785,16255960.0,67842304.0,,
2018-11-29,600297,4.24995492,4.30981344,4.16016714,4.17014356,14685248.0,62449956.0,,
2018-11-30,600297,4.15019072,4.2399785,4.10030862,4.2399785,11518600.0,48150962.0,,
2018-12-03,600297,4.37964838,4.66896456,4.30981344,4.5392711,38983520.0,175400500.0,价格异常,10.11764705882352
2018-12-04,600297,4.489389,4.52929468,4.42953048,4.45945974,24681745.0,110355464.0,,
2018-12-05,600297,4.36967196,4.45945974,4.3397427,4.42953048,16381093.0,72449343.0,,
2018-12-06,600297,4.41955406,4.41955406,4.31978986,4.32976628,13125127.0,57320414.0,,
2018-12-07,600297,4.32976628,4.37964838,4.30981344,4.34971912,8702440.0,37897162.0,,
2018-12-10,600297,4.30981344,4.3397427,4.24995492,4.25993134,9757032.0,41954548.0,,
2018-12-11,600297,4.30981344,4.31978986,4.2399785,4.24995492,9920344.0,42479421.0,,
2018-12-12,600297,4.2898606,4.31978986,4.2399785,4.24995492,10321890.0,44268931.0,,
2018-12-13,600297,4.27988418,4.3397427,4.24995492,4.26990776,13608583.0,58632827.0,,
2018-12-14,600297,4.2898606,4.34971912,4.1900964,4.2399785,15200596.0,65243739.0,,
2018-12-17,600297,4.24995492,4.24995492,4.11028504,4.17014356,11639143.0,48543409.0,,
2018-12-18,600297,4.15019072,4.20007282,4.0903322,4.15019072,10885968.0,45222013.0,,
2018-12-19,600297,4.16016714,4.18011998,4.11028504,4.12026146,6862286.0,28514343.0,,
2018-12-20,600297,4.11028504,4.1402143,4.05042652,4.08035578,10301982.0,42235439.0,,
2018-12-21,600297,4.07037936,4.07037936,3.990568,4.06040294,9652401.0,39029371.0,,
2018-12-24,600297,4.0404501,4.08035578,4.02049726,4.08035578,5858132.0,23834056.0,,
2018-12-25,600297,4.05042652,4.06040294,3.90078022,4.0404501,11723992.0,46709857.0,,
2018-12-26,600297,4.01052084,4.06040294,3.990568,4.01052084,7557801.0,30494028.0,,
2018-12-27,600297,4.07037936,4.10030862,3.990568,4.03047368,9190313.0,37191461.0,,
2018-12-28,600297,4.00054442,4.07037936,3.98059158,4.05042652,8929149.0,36102368.0,,
2019-01-02,600297,4.0903322,4.13023788,4.03047368,4.11028504,10378177.0,42522179.0,,
2019-01-03,600297,4.0903322,4.13023788,4.03047368,4.0903322,8765867.0,35883759.0,,
2019-01-04,600297,4.05042652,4.17014356,4.02049726,4.15019072,10703460.0,44290297.0,,
2019-01-07,600297,4.17014356,4.20007282,4.15019072,4.18011998,9390340.0,39259363.0,,
2019-01-08,600297,4.16016714,4.18011998,4.13023788,4.17014356,6479007.0,26998592.0,,
2019-01-09,600297,4.26990776,4.3896248,4.25993134,4.27988418,32610089.0,141355339.0,,
2019-01-10,600297,4.2898606,4.34971912,4.23000208,4.2898606,16579980.0,71509645.0,,
2019-01-11,600297,4.31978986,4.32976628,4.23000208,4.24995492,12927071.0,55171332.0,,
2019-01-14,600297,4.24995492,4.24995492,4.11028504,4.13023788,11988314.0,50159204.0,,
2019-01-15,600297,4.12026146,4.16016714,4.10030862,4.15019072,9535094.0,39492731.0,,
2019-01-16,600297,4.17014356,4.45945974,4.16016714,4.34971912,31949009.0,138440365.0,,
2019-01-17,600297,4.34971912,4.47941258,4.31978986,4.36967196,18777478.0,82894194.0,,
2019-01-18,600297,4.36967196,4.44948332,4.31978986,4.39960122,17585549.0,77413005.0,,
2019-01-21,600297,4.4395069,4.4395069,4.36967196,4.41955406,12291920.0,54353663.0,,
2019-01-22,600297,4.42953048,4.54924752,4.3896248,4.489389,21959392.0,98433339.0,,
2019-01-23,600297,4.4395069,4.67894098,4.36967196,4.54924752,21518638.0,97754000.0,,
2019-01-24,600297,4.50934184,4.54924752,4.41955406,4.41955406,13742501.0,61685613.0,,
2019-01-25,600297,4.40957764,4.51931826,4.40957764,4.42953048,8950764.0,39951470.0,,
2019-01-28,600297,4.3896248,4.51931826,4.3896248,4.42953048,12317692.0,54986057.0,,
2019-01-29,600297,4.39960122,4.46943616,4.25993134,4.44948332,10588532.0,46603130.0,,
2019-01-30,600297,4.42953048,4.42953048,4.31978986,4.3397427,7906472.0,34654352.0,,
2019-01-31,600297,4.30981344,4.36967196,4.2399785,4.30981344,10713729.0,46279651.0,,
2019-02-01,600297,4.2898606,4.3397427,4.26990776,4.32976628,11165824.0,48080326.0,,
2019-02-11,600297,4.32976628,4.3397427,4.27988418,4.31978986,23350414.0,100744482.0,,
2019-02-12,600297,4.30981344,4.67894098,4.29983702,4.66896456,44000641.0,199127410.0,,
2019-02-13,600297,4.62905888,4.74877592,4.55922394,4.67894098,36648206.0,169872124.0,,
2019-02-14,600297,4.62905888,4.91837506,4.62905888,4.7886816,32720578.0,156779310.0,,
2019-02-15,600297,4.79865802,4.80863444,4.67894098,4.70887024,14882750.0,70736392.0,,
2019-02-18,600297,4.7387995,5.0380921,4.70887024,4.97823358,27521592.0,133963851.0,,
2019-02-19,600297,4.9383279,5.26754976,4.9383279,5.1378563,43792079.0,225111988.0,,
2019-02-20,600297,5.1378563,5.22764408,5.06802136,5.14783272,17791330.0,91524887.0,,
2019-02-21,600297,5.1378563,5.36731396,5.04806852,5.1877384,31807883.0,167350923.0,,
2019-02-22,600297,5.24759692,5.25757334,5.0879742,5.22764408,17915529.0,93226322.0,,
2019-02-25,600297,5.24759692,5.40721964,5.2376205,5.39724322,41007491.0,218714915.0,,
2019-02-26,600297,5.39724322,5.39724322,5.1378563,5.1877384,38140849.0,201188234.0,,
2019-02-27,600297,5.19771482,5.27752618,4.90839864,5.10792704,57297241.0,292658437.0,,
2019-02-28,600297,5.0380921,5.12787988,4.90839864,4.91837506,37672253.0,189062746.0,,
2019-03-01,600297,4.97823358,4.98821,4.80863444,4.9383279,48598885.0,238045127.0,,
2019-03-04,600297,4.97823358,5.11790346,4.90839864,5.01813926,50517059.0,254484499.0,,
2019-03-05,600297,5.00816284,5.10792704,4.96825716,5.05804494,35818600.0,180453200.0,,
2019-03-06,600297,5.06802136,5.22764408,4.99818642,5.16778556,44941102.0,230720555.0,,
2019-03-07,600297,5.11790346,5.29747902,5.09795062,5.2875026,62443824.0,325579399.0,,
2019-03-08,600297,5.1877384,5.1877384,4.8385637,4.92835148,46701467.0,236858772.0,,
2019-03-11,600297,4.91837506,5.0380921,4.89842222,5.02811568,25524812.0,127435219.0,,
2019-03-12,600297,5.05804494,5.12787988,4.99818642,5.04806852,36725287.0,186500841.0,,
2019-03-13,600297,5.0380921,5.06802136,4.8884458,4.90839864,29591782.0,147552748.0,,
2019-03-14,600297,4.90839864,4.94830432,4.72882308,4.7886816,27871165.0,134629152.0,,
2019-03-15,600297,4.79865802,4.8884458,4.74877592,4.80863444,31511741.0,151903957.0,,
2019-03-18,600297,4.87846938,4.92835148,4.79865802,4.90839864,32644298.0,159464662.0,,
2019-03-19,600297,4.94830432,5.16778556,4.92835148,5.11790346,47951987.0,243010379.0,,
2019-03-20,600297,5.14783272,5.24759692,5.06802136,5.1877384,50127382.0,259139551.0,,
2019-03-21,600297,5.17776198,5.22764408,5.10792704,5.11790346,27200926.0,140184825.0,,
2019-03-22,600297,5.11790346,5.24759692,5.01813926,5.20769124,34308877.0,176781836.0,,
2019-03-25,600297,5.1378563,5.1877384,5.07799778,5.0879742,26450170.0,136049306.0,,
2019-03-26,600297,5.07799778,5.14783272,4.9383279,5.00816284,23911766.0,121300361.0,,
2019-03-27,600297,5.0380921,5.12787988,4.8884458,5.0879742,23179119.0,116498647.0,,
2019-03-28,600297,5.04806852,5.1378563,4.94830432,5.06802136,22780968.0,115561263.0,,
2019-03-29,600297,5.11790346,5.2875026,5.0380921,5.2875026,42400983.0,220684984.0,,
2019-04-01,600297,5.39724322,5.44712532,5.22764408,5.2875026,73373890.0,391504107.0,,
2019-04-02,600297,5.30745544,5.32740828,5.21766766,5.24759692,37508361.0,197530143.0,,
2019-04-03,600297,5.22764408,5.3872668,5.17776198,5.37729038,54087525.0,286832203.0,,
2019-04-04,600297,5.37729038,5.4371489,5.27752618,5.32740828,58107196.0,310338098.0,,
2019-04-08,600297,5.46707816,5.51696026,5.17776198,5.31743186,89739200.0,481540877.0,,
2019-04-09,600297,5.26754976,5.70651224,5.22764408,5.5867952,84198151.0,463296290.0,,
2019-04-10,600297,5.49700742,6.0357341,5.42717248,5.9359699,100736561.0,581906580.0,,
2019-04-11,600297,5.8362057,6.19535682,5.70651224,5.87611138,63632301.0,379962557.0,,
2019-04-12,600297,5.77634718,5.99582842,5.65663014,5.86613496,40438676.0,235115460.0,,
2019-04-15,600297,5.71648866,5.90604064,5.61672446,5.62670088,63695140.0,364790144.0,,
2019-04-16,600297,5.5369131,5.5369131,5.14783272,5.36731396,60599324.0,324690151.0,,
2019-04-17,600297,5.44712532,5.77634718,5.36731396,5.67658298,81139271.0,453851951.0,,
2019-04-18,600297,5.7364415,5.75639434,5.56684236,5.5867952,42348675.0,240656379.0,,
2019-04-19,600297,5.61672446,5.76637076,5.47705458,5.65663014,27553440.0,155309024.0,,
2019-04-22,600297,5.69653582,5.69653582,5.42717248,5.487031,31504385.0,174346034.0,,
2019-04-23,600297,5.45710174,5.49700742,5.3373847,5.39724322,19846300.0,107826589.0,,
2019-04-24,600297,5.20769124,5.37729038,5.19771482,5.37729038,19847215.0,105584898.0,,
2019-04-25,600297,5.36731396,5.36731396,5.0879742,5.11790346,21296719.0,111139335.0,,
2019-04-26,600297,5.11790346,5.22764408,5.05804494,5.06802136,14488504.0,74535432.0,,
2019-04-29,600297,5.06802136,5.0879742,4.80863444,4.81861086,25193316.0,124490209.0,,
2019-04-30,600297,4.84854012,5.0380921,4.82858728,4.9383279,19487274.0,96508536.0,,
2019-05-06,600297,4.79865802,4.79865802,4.44948332,4.56920036,27351374.0,125852988.0,,
2019-05-07,600297,4.59912962,4.62905888,4.3896248,4.47941258,20856820.0,94332631.0,,
2019-05-08,600297,4.35969554,4.5891532,4.30981344,4.51931826,15713023.0,70682734.0,,
2019-05-09,600297,4.47941258,4.54924752,4.39960122,4.47941258,24570098.0,110309559.0,,
2019-05-10,600297,4.51931826,4.56920036,4.39960122,4.54924752,22059117.0,99785178.0,,
2019-05-13,600297,4.489389,4.51931826,4.4395069,4.46943616,14736634.0,66262367.0,,
2019-05-14,600297,4.40957764,4.54924752,4.37964838,4.50934184,15005451.0,67821775.0,,
2019-05-15,600297,4.56920036,4.5891532,4.46943616,4.54924752,19581590.0,88952934.0,,
2019-05-16,600297,4.54924752,4.59912962,4.51931826,4.54924752,13591453.0,62005076.0,,
2019-05-17,600297,4.64901172,4.72882308,4.3896248,4.41955406,21757671.0,99330931.0,,
2019-05-20,600297,4.29983702,4.34971912,4.13023788,4.25993134,17862636.0,75911619.0,,
2019-05-21,600297,4.26990776,4.44948332,4.22002566,4.40957764,18984598.0,82974792.0,,
2019-05-22,600297,4.40957764,4.52929468,4.37964838,4.51931826,12848630.0,57349943.0,,
2019-05-23,600297,4.489389,4.489389,4.20007282,4.24995492,20260830.0,87522656.0,,
2019-05-24,600297,4.24995492,4.37964838,4.1900964,4.32976628,14888903.0,63883223.0,,
2019-05-27,600297,4.27988418,4.42953048,4.23000208,4.39960122,13351895.0,58053062.0,,
2019-05-28,600297,4.3896248,4.54924752,4.34971912,4.5392711,30719459.0,138106310.0,,
2019-05-29,600297,4.489389,4.50934184,4.37964838,4.40957764,18313211.0,81095005.0,,
2019-05-30,600297,4.37964838,4.41955406,4.31978986,4.40957764,10829858.0,47529403.0,,
2019-05-31,600297,4.41955406,4.45945974,4.34971912,4.36967196,18653228.0,82188114.0,,
2019-06-03,600297,4.40957764,4.42953048,4.26990776,4.32976628,13490978.0,58550328.0,,
2019-06-04,600297,4.32976628,4.32976628,4.21004924,4.25993134,9802184.0,41733409.0,,
2019-06-05,600297,4.27988418,4.30981344,4.21004924,4.2399785,9672894.0,41217866.0,,
2019-06-06,600297,4.2399785,4.2399785,4.13023788,4.1402143,9291523.0,38806030.0,,
2019-06-10,600297,4.16016714,4.1900964,4.13023788,4.16016714,8837924.0,36903146.0,,
2019-06-11,600297,4.17014356,4.30981344,4.15019072,4.2898606,17117428.0,73050527.0,,
2019-06-12,600297,4.2898606,4.32976628,4.23000208,4.27988418,11601828.0,49752091.0,,
2019-06-13,600297,4.29983702,4.30981344,4.2399785,4.2898606,8200988.0,35188380.0,,
2019-06-14,600297,4.30981344,4.31978986,4.16016714,4.20007282,16826646.0,71637628.0,,
2019-06-17,600297,4.24995492,4.24995492,4.1402143,4.18011998,9024521.0,37921332.0,,
2019-06-18,600297,4.1900964,4.20007282,4.10030862,4.15019072,11163960.0,46411861.0,,
2019-06-19,600297,4.2399785,4.25993134,4.16016714,4.1900964,17595517.0,74403951.0,,
2019-06-20,600297,4.20007282,4.32976628,4.1900964,4.30981344,17936609.0,76820209.0,,
2019-06-21,600297,4.30981344,4.41955406,4.30981344,4.3896248,16133413.0,70769383.0,,
2019-06-24,600297,4.37964838,4.40957764,4.31978986,4.37964838,7996676.0,34881193.0,,
2019-06-25,600297,4.3896248,4.3896248,4.2898606,4.32976628,7772150.0,33722960.0,,
2019-06-26,600297,4.30981344,4.4395069,4.26990776,4.40957764,9925849.0,43565717.0,,
2019-06-27,600297,4.4395069,4.45945974,4.3397427,4.37964838,11022374.0,48551687.0,,
2019-06-28,600297,4.4395069,4.489389,4.37964838,4.44948332,15736927.0,69969245.0,,
2019-07-01,600297,4.49936542,4.5392711,4.45945974,4.50934184,10256848.0,46288488.0,,
2019-07-02,600297,4.489389,4.62905888,4.47941258,4.5392711,15260703.0,69516768.0,,
2019-07-03,600297,4.489389,4.51931826,4.41955406,4.47941258,9257140.0,41361486.0,,
2019-07-04,600297,4.47941258,4.56920036,4.45945974,4.47941258,8533098.0,38612535.0,,
2019-07-05,600297,4.49936542,4.51931826,4.42953048,4.44948332,9413637.0,42054953.0,,
2019-07-08,600297,4.41955406,4.41955406,4.21004924,4.23000208,14500517.0,62161590.0,,
2019-07-09,600297,4.21004924,4.26990776,4.1900964,4.21004924,7437020.0,31456821.0,,
2019-07-10,600297,4.23000208,4.27988418,4.13023788,4.23000208,9982888.0,42047898.0,,
2019-07-11,600297,4.23,4.3,4.12,4.18,10185700.0,42908780.0,,
2019-07-12,600297,4.19,4.24,4.14,4.14,10929236.0,45637671.0,,
2019-07-15,600297,4.15,4.25,4.05,4.2,21762714.0,91049157.0,,
2019-07-16,600297,4.17,4.3,4.17,4.28,10874660.0,46062940.0,,
2019-07-17,600297,4.26,4.34,4.23,4.3,10118416.0,43453629.0,,
2019-07-18,600297,4.27,4.28,4.17,4.18,7916710.0,33239409.0,,
2019-07-19,600297,4.21,4.25,4.16,4.18,7089402.0,29781657.0,,
2019-07-22,600297,4.19,4.2,4.03,4.16,7956872.0,32982732.0,,
2019-07-23,600297,4.17,4.2,4.12,4.17,6285658.0,26103499.0,,
2019-07-24,600297,4.19,4.24,4.16,4.17,9338023.0,39154941.0,,
2019-07-25,600297,4.17,4.2,4.13,4.16,8722327.0,36229776.0,,
2019-07-26,600297,4.16,4.16,4.07,4.1,10975827.0,44983165.0,,
2019-07-29,600297,4.11,4.11,4.03,4.04,10146563.0,41170221.0,,
2019-07-30,600297,4.04,4.09,4.03,4.05,12726742.0,51690210.0,,
2019-07-31,600297,4.05,4.06,3.98,4.02,13555691.0,54261265.0,,
2019-08-01,600297,3.99,4.01,3.93,3.95,15137071.0,59971459.0,,
2019-08-02,600297,3.89,3.89,3.8,3.84,15817655.0,60700814.0,,
2019-08-05,600297,3.83,3.83,3.7,3.77,14575280.0,54984572.0,,
2019-08-06,600297,3.68,3.73,3.63,3.67,16715268.0,61524030.0,,
2019-08-07,600297,3.69,3.72,3.64,3.64,6869342.0,25232983.0,,
2019-08-08,600297,3.64,3.71,3.64,3.69,9338337.0,34381935.0,,
2019-08-09,600297,3.69,3.73,3.57,3.61,11483798.0,41815412.0,,
2019-08-12,600297,3.6,3.64,3.58,3.63,8199956.0,29666293.0,,
2019-08-13,600297,3.62,3.73,3.6,3.7,11321089.0,41673387.0,,
2019-08-14,600297,3.75,3.75,3.67,3.68,7496143.0,27693451.0,,
2019-08-15,600297,3.63,3.74,3.59,3.73,9357328.0,34274104.0,,
2019-08-16,600297,3.73,3.73,3.67,3.7,7787433.0,28804915.0,,
2019-08-19,600297,3.7,3.84,3.69,3.84,16072520.0,60665653.0,,
2019-08-20,600297,3.85,3.86,3.8,3.81,5610414.0,21456273.0,,
2019-08-21,600297,3.79,3.88,3.79,3.83,5721438.0,21929785.0,,
2019-08-22,600297,3.84,3.89,3.8,3.85,5302779.0,20337102.0,,
2019-08-23,600297,3.86,3.87,3.8,3.82,5028219.0,19256519.0,,
2019-08-26,600297,3.77,3.94,3.71,3.87,13494226.0,52077949.0,,
2019-08-27,600297,3.93,4.07,3.9,3.96,25758217.0,103225114.0,,
2019-08-28,600297,4.05,4.19,3.94,3.96,23535483.0,94927248.0,,
2019-08-29,600297,3.99,4.04,3.91,3.95,12092123.0,47927211.0,,
2019-08-30,600297,3.98,4.04,3.94,3.99,9059571.0,36028565.0,,
2019-09-02,600297,3.96,4.0,3.93,3.99,10939657.0,43386584.0,,
2019-09-03,600297,4.04,4.04,3.89,3.93,15371895.0,60300769.0,,
2019-09-04,600297,3.88,3.94,3.87,3.91,9711440.0,37872159.0,,
2019-09-05,600297,3.93,3.99,3.92,3.96,14573272.0,57777785.0,,
2019-09-06,600297,3.99,4.08,3.98,4.05,13949805.0,56342326.0,,
2019-09-09,600297,4.09,4.14,4.05,4.09,10948883.0,44668948.0,,
2019-09-10,600297,4.09,4.1,4.01,4.07,16884618.0,68188048.0,,
2019-09-11,600297,4.07,4.08,4.03,4.05,8123837.0,32931284.0,,
2019-09-12,600297,4.07,4.1,4.01,4.08,9344707.0,37948940.0,,
2019-09-16,600297,4.08,4.16,4.06,4.13,14496493.0,59798810.0,,
2019-09-17,600297,4.11,4.13,3.99,4.01,9641690.0,39050492.0,,
2019-09-18,600297,4.0,4.05,3.97,4.0,9162091.0,36675882.0,,
2019-09-19,600297,3.99,4.12,3.98,4.07,10969192.0,44487711.0,,
2019-09-20,600297,4.11,4.22,4.09,4.11,18512939.0,76813829.0,,
2019-09-23,600297,4.15,4.16,3.92,3.99,13743613.0,54973568.0,,
2019-09-24,600297,3.97,4.05,3.94,4.0,9764620.0,39054336.0,,
2019-09-25,600297,3.99,3.99,3.9,3.92,9380531.0,36840087.0,,
2019-09-26,600297,3.91,3.95,3.83,3.84,6684030.0,25905517.0,,
2019-09-27,600297,3.85,3.92,3.85,3.89,4926784.0,19165758.0,,
2019-09-30,600297,3.88,3.93,3.83,3.85,5273937.0,20429270.0,,
2019-10-08,600297,3.83,3.86,3.73,3.74,7987898.0,30237595.0,,
2019-10-09,600297,3.72,3.77,3.71,3.76,5274813.0,19698786.0,,
2019-10-10,600297,3.77,3.86,3.73,3.85,9001631.0,34238613.0,,
2019-10-11,600297,3.85,3.94,3.81,3.92,7705351.0,29907644.0,,
2019-10-14,600297,3.92,4.04,3.91,4.01,9971473.0,39865183.0,,
2019-10-15,600297,4.01,4.05,3.94,3.99,12434680.0,49639359.0,,
2019-10-16,600297,3.99,4.04,3.91,3.92,8012514.0,31751260.0,,
2019-10-17,600297,3.9,4.01,3.9,3.99,7243486.0,28787667.0,,
2019-10-18,600297,3.98,4.01,3.88,3.92,6651437.0,26202858.0,,
2019-10-21,600297,3.89,3.91,3.75,3.79,13694434.0,51912048.0,,
2019-10-22,600297,3.81,3.84,3.78,3.83,9916389.0,37805752.0,,
2019-10-23,600297,3.82,3.86,3.78,3.81,6271618.0,23958740.0,,
2019-10-24,600297,3.8,3.82,3.76,3.78,6234737.0,23610365.0,,
2019-10-25,600297,3.76,3.84,3.75,3.83,10838821.0,41282017.0,,
2019-10-28,600297,3.82,3.86,3.79,3.86,10644347.0,40781431.0,,
2019-10-29,600297,3.83,3.86,3.72,3.74,12708692.0,48025781.0,,
2019-10-30,600297,3.73,3.73,3.66,3.71,9659088.0,35625515.0,,
2019-10-31,600297,3.72,3.73,3.58,3.61,14532334.0,52681994.0,,
2019-11-01,600297,3.6,3.62,3.5,3.58,21408124.0,75998457.0,,
2019-11-04,600297,3.58,3.61,3.56,3.59,11069101.0,39677769.0,,
2019-11-05,600297,3.59,3.6,3.53,3.56,11747835.0,41913004.0,,
2019-11-06,600297,3.56,3.62,3.55,3.58,10797164.0,38677810.0,,
2019-11-07,600297,3.56,3.64,3.56,3.63,8552441.0,30905119.0,,
2019-11-08,600297,3.64,3.7,3.58,3.6,13580743.0,49254766.0,,
2019-11-11,600297,3.57,3.6,3.52,3.56,7978475.0,28401133.0,,
2019-11-12,600297,3.56,3.58,3.49,3.51,9101760.0,31999621.0,,
2019-11-13,600297,3.49,3.49,3.35,3.36,15075105.0,51012445.0,,
2019-11-14,600297,3.39,3.39,3.29,3.33,15045152.0,49951929.0,,
2019-11-15,600297,3.32,3.32,3.21,3.23,18558263.0,60082550.0,,
2019-11-18,600297,3.22,3.36,3.17,3.33,16649911.0,54610903.0,,
2019-11-19,600297,3.38,3.42,3.34,3.37,11545726.0,38849160.0,,
2019-11-20,600297,3.37,3.38,3.31,3.34,8257975.0,27617274.0,,
2019-11-21,600297,3.32,3.34,3.25,3.27,11320720.0,37130810.0,,
2019-11-22,600297,3.28,3.34,3.24,3.26,12961628.0,42603675.0,,
2019-11-25,600297,3.28,3.4,3.25,3.4,16968757.0,56707095.0,,
2019-11-26,600297,3.39,3.48,3.38,3.48,23213486.0,80013847.0,,
2019-11-27,600297,3.46,3.49,3.37,3.42,15914669.0,54518671.0,,
2019-11-28,600297,3.4,3.41,3.3,3.33,11650218.0,38985355.0,,
2019-11-29,600297,3.31,3.38,3.31,3.34,9196699.0,30727291.0,,
2019-12-02,600297,3.31,3.38,3.28,3.3,12437970.0,41304280.0,,
2019-12-03,600297,3.29,3.43,3.26,3.42,19733779.0,66149437.0,,
2019-12-04,600297,3.41,3.45,3.36,3.38,11589031.0,39349059.0,,
2019-12-05,600297,3.38,3.4,3.36,3.38,10948808.0,37019928.0,,
2019-12-06,600297,3.37,3.39,3.33,3.36,9559850.0,32015622.0,,
2019-12-09,600297,3.35,3.37,3.33,3.35,8355979.0,27954487.0,,
2019-12-10,600297,3.35,3.36,3.31,3.34,7910360.0,26382464.0,,
2019-12-11,600297,3.34,3.36,3.3,3.35,10301540.0,34366857.0,,
2019-12-12,600297,3.35,3.39,3.32,3.38,15381995.0,51646988.0,,
2019-12-13,600297,3.38,3.43,3.37,3.4,16455132.0,55823993.0,,
2019-12-16,600297,3.41,3.42,3.33,3.35,25784631.0,86469715.0,,
2019-12-17,600297,3.35,3.43,3.33,3.42,35803319.0,120731184.0,,
2019-12-18,600297,3.4,3.49,3.38,3.44,34941988.0,120238921.0,,
2019-12-19,600297,3.44,3.48,3.42,3.45,27371974.0,94242710.0,,
2019-12-20,600297,3.45,3.46,3.37,3.39,28137888.0,96010039.0,,
2019-12-23,600297,3.38,3.38,3.25,3.27,31052663.0,102618367.0,,
2019-12-24,600297,3.26,3.29,3.24,3.29,12669305.0,41373746.0,,
2019-12-25,600297,3.28,3.33,3.27,3.28,11313563.0,37314385.0,,
2019-12-26,600297,3.29,3.31,3.27,3.3,9250148.0,30418625.0,,
2019-12-27,600297,3.3,3.34,3.28,3.29,25875518.0,85728031.0,,
2019-12-30,600297,3.28,3.29,3.23,3.26,31244147.0,101782651.0,,
2019-12-31,600297,3.26,3.28,3.23,3.26,21123949.0,68763524.0,,
2020-01-02,600297,3.28,3.4,3.27,3.37,48663933.0,162538760.0,,
2020-01-03,600297,3.37,3.4,3.33,3.36,24706025.0,82911150.0,,
2020-01-06,600297,3.33,3.39,3.31,3.38,31300570.0,105108293.0,,
2020-01-07,600297,3.38,3.47,3.36,3.45,37248020.0,127892930.0,,
2020-01-08,600297,3.45,3.51,3.42,3.46,34922735.0,121021818.0,,
2020-01-09,600297,3.48,3.51,3.44,3.45,23455721.0,81175288.0,,
2020-01-10,600297,3.47,3.47,3.37,3.39,26779876.0,91134106.0,,
2020-01-13,600297,3.39,3.57,3.35,3.54,41082211.0,141909514.0,,
2020-01-14,600297,3.51,3.8,3.51,3.71,84722747.0,312612425.0,,
2020-01-15,600297,3.7,3.74,3.6,3.63,30887494.0,112566911.0,,
2020-01-16,600297,3.65,3.65,3.55,3.56,24938168.0,89524696.0,,
2020-01-17,600297,3.56,3.6,3.47,3.52,23482766.0,82797152.0,,
2020-01-20,600297,3.55,3.69,3.51,3.63,28242915.0,101665156.0,,
2020-01-21,600297,3.6,3.76,3.59,3.7,63730936.0,235918421.0,,
2020-01-22,600297,3.66,3.89,3.58,3.85,61499011.0,232823139.0,,
2020-01-23,600297,3.84,3.84,3.58,3.69,46893313.0,173851179.0,,
2020-02-03,600297,3.32,3.41,3.32,3.32,55637020.0,185105371.0,价格异常,-11.197916666666663
2020-02-04,600297,3.28,3.42,3.19,3.22,54789647.0,180695795.0,,
2020-02-05,600297,3.25,3.32,3.2,3.25,35249092.0,114832168.0,,
2020-02-06,600297,3.21,3.28,3.2,3.27,37034916.0,120160922.0,,
2020-02-07,600297,3.25,3.28,3.17,3.26,41453633.0,133213928.0,,
2020-02-10,600297,3.23,3.3,3.2,3.29,34867613.0,113514112.0,,
2020-02-11,600297,3.37,3.41,3.31,3.33,32879518.0,110015845.0,,
2020-02-12,600297,3.31,3.36,3.28,3.35,20249259.0,67157801.0,,
2020-02-13,600297,3.34,3.35,3.24,3.26,27626520.0,90835516.0,,
2020-02-14,600297,3.24,3.27,3.21,3.22,34085982.0,110009682.0,,
2020-02-17,600297,3.2,3.54,3.2,3.54,103873673.0,357444148.0,,
2020-02-18,600297,3.54,3.6,3.45,3.54,79132348.0,278930909.0,,
2020-02-19,600297,3.53,3.53,3.47,3.47,36173714.0,126300682.0,,
2020-02-20,600297,3.48,3.6,3.44,3.57,52083415.0,184153787.0,,
2020-02-21,600297,3.63,3.8,3.59,3.68,93296091.0,345002073.0,,
2020-02-24,600297,3.64,3.77,3.62,3.69,45269892.0,167591124.0,,
2020-02-25,600297,3.63,3.94,3.6,3.89,86360639.0,324562190.0,,
2020-02-26,600297,3.82,3.93,3.77,3.83,69003452.0,265353368.0,,
2020-02-27,600297,3.72,4.03,3.72,3.94,61236573.0,237189920.0,,
2020-02-28,600297,3.8,4.3,3.75,4.12,86860446.0,346870480.0,,
2020-03-02,600297,4.11,4.37,3.97,4.31,89101805.0,373486476.0,,
2020-03-03,600297,4.4,4.44,4.23,4.24,73050623.0,316537088.0,,
2020-03-04,600297,4.16,4.26,4.1,4.14,42702839.0,178164840.0,,
2020-03-05,600297,4.15,4.26,4.1,4.22,43236674.0,179907466.0,,
2020-03-06,600297,4.16,4.38,4.12,4.29,38754685.0,165163600.0,,
2020-03-09,600297,4.19,4.45,4.18,4.24,51846820.0,224177062.0,,
2020-03-10,600297,4.23,4.42,4.09,4.36,49503269.0,212344253.0,,
2020-03-11,600297,4.39,4.79,4.34,4.52,54944351.0,251100035.0,,
2020-03-12,600297,4.45,4.74,4.42,4.6,58997643.0,268931740.0,,
2020-03-13,600297,4.25,4.62,4.25,4.59,58495502.0,263830985.0,,
2020-03-16,600297,4.61,4.63,4.13,4.2,65121391.0,284252528.0,,
2020-03-17,600297,4.28,4.49,3.81,4.15,74664227.0,304478578.0,,
2020-03-18,600297,4.15,4.22,3.92,3.97,48543880.0,198468406.0,,
2020-03-19,600297,3.94,4.01,3.66,3.89,63989111.0,245470435.0,,
2020-03-20,600297,3.97,4.14,3.9,4.11,38959086.0,155765225.0,,
2020-03-23,600297,3.92,3.95,3.72,3.79,45295620.0,174042631.0,,
2020-03-24,600297,3.85,4.17,3.74,4.17,51525298.0,204925630.0,,
2020-03-25,600297,4.25,4.5,4.22,4.34,81374108.0,354521891.0,,
2020-03-26,600297,4.27,4.29,4.06,4.13,49395687.0,205428169.0,,
2020-03-27,600297,4.15,4.2,4.04,4.09,42719571.0,175447817.0,,
2020-03-30,600297,3.96,4.17,3.88,4.15,30661162.0,123711262.0,,
2020-03-31,600297,4.12,4.16,4.0,4.07,29026197.0,118723984.0,,
2020-04-01,600297,4.13,4.33,3.9,3.95,68999240.0,285530705.0,,
2020-04-02,600297,3.8,4.09,3.8,4.02,48015337.0,190472921.0,,
2020-04-03,600297,4.0,4.0,3.86,3.93,50230506.0,197211933.0,,
2020-04-07,600297,4.02,4.02,3.89,3.94,39846595.0,156837514.0,,
2020-04-08,600297,3.93,3.99,3.86,3.92,29344512.0,115030203.0,,
2020-04-09,600297,3.93,4.02,3.91,3.93,32814922.0,129827167.0,,
2020-04-10,600297,3.96,3.97,3.8,3.81,25525126.0,98645269.0,,
2020-04-13,600297,3.77,3.8,3.65,3.72,20266751.0,74989494.0,,
2020-04-14,600297,3.71,3.78,3.68,3.77,18997103.0,70933306.0,,
2020-04-15,600297,3.77,3.79,3.7,3.71,16538202.0,61866787.0,,
2020-04-16,600297,3.7,3.75,3.62,3.64,27404692.0,100399076.0,,
2020-04-17,600297,3.67,3.69,3.55,3.59,34861654.0,126119137.0,,
2020-04-20,600297,3.61,3.61,3.48,3.57,37286610.0,131250292.0,,
2020-04-21,600297,3.52,3.56,3.45,3.49,23670117.0,82769014.0,,
2020-04-22,600297,3.44,3.5,3.41,3.47,30933238.0,106595079.0,,
2020-04-23,600297,3.47,3.55,3.42,3.43,29290459.0,101804148.0,,
2020-04-24,600297,3.44,3.52,3.28,3.33,44412802.0,150194299.0,,
2020-04-27,600297,3.35,3.39,3.29,3.31,29669230.0,98898997.0,,
2020-04-28,600297,3.34,3.34,3.15,3.26,40858290.0,132605037.0,,
2020-04-29,600297,3.26,3.4,3.19,3.27,52244812.0,172176237.0,,
2020-04-30,600297,3.31,3.45,3.29,3.45,57730128.0,195858481.0,,
2020-05-06,600297,3.39,3.5,3.35,3.47,45288497.0,156493933.0,,
2020-05-07,600297,3.49,3.64,3.45,3.57,43412402.0,153752139.0,,
2020-05-08,600297,3.61,3.62,3.51,3.6,40573208.0,144761737.0,,
2020-05-11,600297,3.6,3.66,3.58,3.63,41633148.0,151038917.0,,
2020-05-12,600297,3.65,3.65,3.48,3.54,33085959.0,117159494.0,,
2020-05-13,600297,3.5,3.52,3.45,3.49,33622062.0,117033700.0,,
2020-05-14,600297,3.46,3.47,3.37,3.39,44984975.0,153131170.0,,
2020-05-15,600297,3.42,3.42,3.31,3.34,30238180.0,101170568.0,,
2020-05-18,600297,3.34,3.34,3.28,3.29,23758715.0,78531944.0,,
2020-05-19,600297,3.32,3.38,3.27,3.31,36283237.0,120486489.0,,
2020-05-20,600297,3.3,3.41,3.26,3.38,33628101.0,112603383.0,,
2020-05-21,600297,3.44,3.44,3.32,3.36,29699352.0,100129287.0,,
2020-05-22,600297,3.36,3.4,3.28,3.3,25810003.0,85850752.0,,
2020-05-25,600297,3.28,3.29,3.12,3.22,45524746.0,145562923.0,,
2020-05-26,600297,3.21,3.25,3.18,3.21,25085056.0,80627915.0,,
2020-05-27,600297,3.22,3.22,3.09,3.13,45943604.0,144059300.0,,
2020-05-28,600297,3.13,3.15,3.04,3.07,35267622.0,108874147.0,,
2020-05-29,600297,3.07,3.12,3.03,3.12,28064829.0,86493580.0,,
2020-06-01,600297,3.15,3.26,3.13,3.22,40988032.0,131049550.0,,
2020-06-02,600297,3.25,3.35,3.22,3.34,45954381.0,151739576.0,,
2020-06-03,600297,3.35,3.45,3.22,3.25,72046541.0,238801026.0,,
2020-06-04,600297,3.28,3.39,3.24,3.35,41981211.0,138958488.0,,
2020-06-05,600297,3.35,3.37,3.28,3.32,24668960.0,81756527.0,,
2020-06-08,600297,3.33,3.35,3.27,3.29,29521570.0,97746631.0,,
2020-06-09,600297,3.29,3.37,3.27,3.35,31669268.0,105452919.0,,
2020-06-10,600297,3.33,3.53,3.33,3.48,56950802.0,196730254.0,,
2020-06-11,600297,3.49,3.63,3.46,3.48,57512083.0,202349090.0,,
2020-06-12,600297,3.39,3.49,3.38,3.44,48698782.0,167804333.0,,
2020-06-15,600297,3.4,3.41,3.2,3.2,88356167.0,291887023.0,,
2020-06-16,600297,3.22,3.27,3.2,3.25,34171707.0,110301761.0,,
2020-06-17,600297,3.25,3.27,3.22,3.26,23875695.0,77530843.0,,
2020-06-18,600297,3.24,3.29,3.19,3.27,28524655.0,92455572.0,,
2020-06-19,600297,3.25,3.46,3.24,3.38,49785221.0,168262750.0,,
2020-06-22,600297,3.38,3.42,3.29,3.33,43182905.0,144040074.0,,
2020-06-23,600297,3.33,3.33,3.26,3.3,22462042.0,74003096.0,,
2020-06-24,600297,3.3,3.32,3.26,3.3,17999100.0,59070316.0,,
2020-06-29,600297,3.28,3.28,3.16,3.17,37617300.0,120738451.0,,
2020-06-30,600297,3.2,3.21,3.17,3.19,25144118.0,80172600.0,,
2020-07-01,600297,3.19,3.22,3.14,3.21,27689611.0,88002713.0,,
2020-07-02,600297,3.22,3.28,3.19,3.28,33276200.0,107662776.0,,
2020-07-03,600297,3.3,3.4,3.3,3.35,57386971.0,192072137.0,,
2020-07-06,600297,3.39,3.59,3.37,3.56,75202020.0,262798100.0,,
2020-07-07,600297,3.67,3.82,3.56,3.67,94853559.0,352292296.0,,
2020-07-08,600297,3.69,3.78,3.62,3.72,58824367.0,217118014.0,,
2020-07-09,600297,3.71,3.8,3.68,3.72,62421283.0,232550441.0,,
2020-07-10,600297,3.7,3.87,3.67,3.76,73285614.0,276071785.0,,
2020-07-13,600297,3.75,3.85,3.67,3.8,81999002.0,309044887.0,,
2020-07-14,600297,3.78,3.84,3.61,3.7,76123844.0,282229235.0,,
2020-07-15,600297,3.68,3.72,3.52,3.53,62827194.0,226207302.0,,
2020-07-16,600297,3.52,3.59,3.34,3.37,62888098.0,218929472.0,,
2020-07-17,600297,3.34,3.39,3.25,3.26,55402659.0,183168594.0,,
2020-07-20,600297,3.3,3.45,3.26,3.43,55971934.0,187791475.0,,
2020-07-21,600297,3.46,3.51,3.41,3.47,43157897.0,148886848.05,,
2020-07-22,600297,3.47,3.56,3.4,3.43,45593100.0,159006359.46,,
2020-07-23,600297,3.39,3.7,3.38,3.69,150728524.0,539182937.22,,
2020-07-24,600297,3.63,3.96,3.61,3.91,173830563.0,666244728.68,,
2020-07-27,600297,4.0,4.3,3.81,4.24,153411040.0,623435299.89,,
2020-07-28,600297,4.24,4.28,4.07,4.14,106340594.0,442048909.23,,
2020-07-29,600297,4.14,4.26,4.08,4.17,83256643.0,347774275.88,,
2020-07-30,600297,4.19,4.23,3.87,3.88,123521493.0,492405118.39,,
2020-07-31,600297,3.93,4.04,3.87,3.9,95626346.0,376612390.48,,
2020-08-03,600297,4.06,4.29,4.05,4.29,57012411.0,240751406.75,,
2020-08-04,600297,4.42,4.66,4.22,4.34,146656668.0,646817561.04,,
2020-08-05,600297,4.3,4.45,4.12,4.34,113849015.0,482605252.68,,
2020-08-06,600297,4.38,4.44,4.23,4.35,72718066.0,315553903.85,,
2020-08-07,600297,4.29,4.31,3.99,4.05,118269793.0,485274906.75,,
2020-08-10,600297,4.02,4.1,3.99,4.06,58899060.0,237789669.19,,
2020-08-11,600297,4.05,4.28,3.98,4.11,93059464.0,384199303.79,,
2020-08-12,600297,4.09,4.12,3.9,4.03,81346635.0,324539394.21,,
2020-08-13,600297,4.02,4.11,3.95,4.04,73424027.0,295236015.0,,
2020-08-14,600297,4.08,4.12,4.0,4.07,61793674.0,250439012.38,,
2020-08-17,600297,4.08,4.17,4.04,4.13,81848857.0,335653679.11,,
2020-08-18,600297,4.06,4.11,4.0,4.05,66850741.0,270554250.59,,
2020-08-19,600297,4.02,4.04,3.89,3.94,72033074.0,285472461.89,,
2020-08-20,600297,3.91,3.96,3.8,3.87,51189040.0,198500170.7,,
2020-08-21,600297,3.86,3.92,3.81,3.87,36701944.0,141937274.25,,
2020-08-24,600297,3.85,3.89,3.82,3.86,32018551.0,123669610.99,,
2020-08-25,600297,3.87,3.89,3.75,3.78,40111960.0,152609009.75,,
2020-08-26,600297,3.75,3.8,3.61,3.64,54115309.0,199679749.21,,
2020-08-27,600297,3.65,3.72,3.63,3.69,34026741.0,125288873.13,,
2020-08-28,600297,3.71,3.88,3.69,3.88,56061617.0,213542037.41,,
2020-08-31,600297,3.91,4.01,3.73,3.77,84425535.0,325876333.7,,
2020-09-01,600297,3.77,3.87,3.72,3.84,55055037.0,209202936.0,,
2020-09-02,600297,3.86,3.95,3.77,3.92,56517245.0,218294804.2,,
2020-09-03,600297,3.9,3.92,3.82,3.84,28729664.0,110879207.6,,
2020-09-04,600297,3.75,3.94,3.73,3.93,39110579.0,150498502.7,,
2020-09-07,600297,3.9,3.99,3.85,3.86,37050680.0,144566169.69,,
2020-09-08,600297,3.86,4.02,3.83,4.01,53612955.0,212362825.82,,
2020-09-09,600297,3.97,4.09,3.92,3.93,47525756.0,189190409.09,,
2020-09-10,600297,3.97,3.98,3.64,3.75,77316317.0,294467661.05,,
2020-09-11,600297,3.7,3.76,3.64,3.75,32463918.0,120524696.75,,
2020-09-14,600297,3.78,3.84,3.69,3.74,28077880.0,105215095.21,,
2020-09-15,600297,3.74,3.83,3.7,3.78,27500878.0,103902971.24,,
2020-09-16,600297,3.85,3.88,3.76,3.8,50860780.0,193786623.14,,
2020-09-17,600297,3.82,4.08,3.73,4.0,97233444.0,378788718.73,,
2020-09-18,600297,4.0,4.15,3.94,4.04,102860716.0,415648254.76,,
2020-09-21,600297,4.01,4.09,3.79,3.86,98867349.0,386633522.89,,
2020-09-22,600297,3.77,3.8,3.6,3.64,113342761.0,418511014.37,,
2020-09-23,600297,3.64,3.65,3.51,3.53,76115296.0,270474896.3,,
2020-09-24,600297,3.51,3.57,3.41,3.45,57843029.0,201683396.9,,
2020-09-25,600297,3.43,3.45,3.29,3.3,101850883.0,341319803.52,,
2020-09-28,600297,3.35,3.38,3.23,3.32,69420622.0,230101685.31,,
2020-09-29,600297,3.35,3.35,3.3,3.32,41999278.0,139572901.43,,
2020-09-30,600297,3.33,3.34,3.22,3.23,47184131.0,154103533.44,,
2020-10-09,600297,3.29,3.38,3.28,3.34,52630870.0,175346443.43,,
2020-10-12,600297,3.38,3.46,3.35,3.46,60641397.0,206797954.4,,
2020-10-13,600297,3.44,3.55,3.41,3.51,62337400.0,217052250.43,,
2020-10-14,600297,3.49,3.51,3.4,3.42,46217430.0,159113690.61,,
2020-10-15,600297,3.43,3.54,3.43,3.44,55016691.0,191362542.42,,
2020-10-16,600297,3.43,3.45,3.35,3.39,37423951.0,126582721.72,,
2020-10-19,600297,3.39,3.41,3.3,3.32,38813675.0,130111830.85,,
2020-10-20,600297,3.32,3.43,3.3,3.43,42733057.0,143882415.9,,
2020-10-21,600297,3.44,3.77,3.44,3.77,198091090.0,729924000.12,,
2020-10-22,600297,3.79,4.1,3.75,3.88,258539169.0,1005546403.75,,
2020-10-23,600297,3.93,4.05,3.84,3.87,162796097.0,641948834.92,,
2020-10-26,600297,3.89,4.15,3.8,4.0,156478118.0,627781656.95,,
2020-10-27,600297,4.0,4.03,3.88,3.96,119864973.0,473544219.74,,
2020-10-28,600297,3.8,3.86,3.56,3.56,194522393.0,704957220.35,,
2020-10-29,600297,3.46,3.56,3.37,3.5,119966782.0,417214535.99,,
2020-10-30,600297,3.49,3.72,3.45,3.5,158388211.0,561479111.68,,
2020-11-02,600297,3.52,3.64,3.46,3.51,122698557.0,434203896.67,,
2020-11-03,600297,3.51,3.59,3.37,3.58,146171203.0,503385730.81,,
2020-11-04,600297,3.52,3.64,3.49,3.59,121582932.0,435491056.71,,
2020-11-05,600297,3.62,3.94,3.56,3.84,213988159.0,800305475.23,,
2020-11-06,600297,3.79,3.86,3.69,3.71,121770133.0,456453077.68,,
2020-11-09,600297,3.74,3.93,3.71,3.83,179465184.0,679570209.39,,
2020-11-10,600297,3.83,3.95,3.73,3.73,107295224.0,409203433.09,,
2020-11-11,600297,3.71,3.76,3.59,3.6,82779314.0,303143581.6,,
2020-11-12,600297,3.6,3.64,3.54,3.56,62868467.0,225278765.45,,
2020-11-13,600297,3.56,3.59,3.44,3.46,114927560.0,400240745.86,,
2020-11-16,600297,3.45,3.47,3.39,3.41,114525411.0,391239580.82,,
2020-11-17,600297,3.41,3.54,3.39,3.47,100099232.0,346606301.73,,
2020-11-18,600297,3.45,3.47,3.39,3.45,85834504.0,294541823.1,,
2020-11-19,600297,3.48,3.53,3.43,3.48,90775470.0,314618237.98,,
2020-11-20,600297,3.48,3.62,3.45,3.57,131922880.0,468419897.36,,
2020-11-23,600297,3.58,3.64,3.5,3.6,124569898.0,443563232.85,,
2020-11-24,600297,3.63,3.72,3.56,3.63,147318298.0,535783720.38,,
2020-11-25,600297,3.62,3.71,3.5,3.51,140685251.0,508889229.55,,
2020-11-26,600297,3.48,3.5,3.41,3.45,83601662.0,288872136.61,,
2020-11-27,600297,3.44,3.53,3.42,3.48,78214646.0,271378166.06,,
2020-11-30,600297,3.47,3.52,3.43,3.44,78737428.0,273612536.0,,
2020-12-01,600297,3.44,3.48,3.4,3.46,77684314.0,267439076.11,,
2020-12-02,600297,3.44,3.46,3.41,3.42,68980869.0,236859660.19,,
2020-12-03,600297,3.4,3.46,3.37,3.43,85344769.0,290940581.28,,
2020-12-04,600297,3.41,3.42,3.38,3.39,57719520.0,195794786.6,,
2020-12-07,600297,3.37,3.4,3.31,3.35,62045286.0,207440619.07,,
2020-12-08,600297,3.34,3.37,3.33,3.33,38119369.0,127593088.77,,
2020-12-09,600297,3.33,3.39,3.31,3.33,61795299.0,206785671.96,,
2020-12-10,600297,3.32,3.36,3.31,3.36,42393583.0,141281710.39,,
2020-12-11,600297,3.36,3.4,3.26,3.28,90831668.0,303680719.18,,
2020-12-14,600297,3.26,3.27,3.16,3.19,100985548.0,322565940.12,,
2020-12-15,600297,3.18,3.21,2.96,3.19,196394089.0,605238450.14,,
2020-12-16,600297,3.17,3.17,3.05,3.1,76645873.0,238636635.38,,
2020-12-17,600297,3.11,3.12,3.04,3.08,47253070.0,145504578.96,,
2020-12-18,600297,3.04,3.1,3.04,3.05,56318093.0,172589649.97,,
2020-12-21,600297,3.04,3.09,2.9,3.08,79652935.0,240603819.12,,
2020-12-22,600297,3.06,3.2,3.0,3.02,76655459.0,235703966.18,,
2020-12-23,600297,3.01,3.04,2.97,2.99,55570186.0,166548645.66,,
2020-12-24,600297,2.98,2.98,2.82,2.87,104957979.0,303014340.74,,
2020-12-25,600297,2.84,2.85,2.76,2.83,65309896.0,183641633.06,,
2020-12-28,600297,2.9,2.95,2.86,2.88,87780110.0,254808199.04,,
2020-12-29,600297,2.86,2.86,2.8,2.82,60603779.0,171144481.96,,
2020-12-30,600297,2.8,2.86,2.79,2.84,43650120.0,124024986.2,,
2020-12-31,600297,2.84,2.87,2.82,2.86,51577290.0,146836341.77,,
2021-01-04,600297,2.86,2.89,2.82,2.87,62377276.0,177709569.69,,
2021-01-05,600297,2.85,2.85,2.8,2.82,55924858.0,157855742.4,,
2021-01-06,600297,2.84,2.86,2.8,2.81,49102038.0,138706513.73,,
2021-01-07,600297,2.81,2.82,2.63,2.66,103708940.0,280088424.75,,
2021-01-08,600297,2.66,2.93,2.64,2.83,118783399.0,331405759.86,,
2021-01-11,600297,2.81,2.81,2.69,2.69,78396380.0,213208382.75,,
2021-01-12,600297,2.67,2.73,2.65,2.69,45039242.0,121162126.29,,
2021-01-13,600297,2.69,2.69,2.56,2.64,98270941.0,256320783.13,,
2021-01-14,600297,2.61,2.73,2.59,2.66,64594964.0,171996389.85,,
2021-01-15,600297,2.67,2.79,2.66,2.71,56008771.0,152657103.32,,
2021-01-18,600297,2.71,2.73,2.68,2.69,37828370.0,102150614.33,,
2021-01-19,600297,2.68,2.76,2.67,2.72,53770802.0,146354215.05,,
2021-01-20,600297,2.72,2.74,2.67,2.68,39871426.0,107530686.78,,
2021-01-21,600297,2.68,2.75,2.66,2.7,49182646.0,133116048.62,,
2021-01-22,600297,2.71,2.71,2.65,2.66,43242615.0,115380221.75,,
2021-01-25,600297,2.64,2.65,2.58,2.59,45232822.0,117855831.66,,
2021-01-26,600297,2.57,2.61,2.54,2.58,31102730.0,80244754.6,,
2021-01-27,600297,2.55,2.6,2.55,2.56,33142709.0,85094326.44,,
2021-01-28,600297,2.56,2.67,2.53,2.59,48622610.0,126516467.97,,
2021-01-29,600297,2.57,2.59,2.46,2.48,57552010.0,144659779.41,,
2021-02-01,600297,2.49,2.52,2.38,2.44,70252474.0,170115992.92,,
2021-02-02,600297,2.42,2.46,2.4,2.43,44985796.0,108934243.89,,
2021-02-03,600297,2.42,2.5,2.39,2.46,65347958.0,160033665.03,,
2021-02-04,600297,2.43,2.44,2.35,2.41,58911241.0,140708240.61,,
2021-02-05,600297,2.39,2.43,2.38,2.39,31113681.0,74786182.72,,
2021-02-08,600297,2.38,2.4,2.31,2.33,51747510.0,121178400.8,,
2021-02-09,600297,2.32,2.38,2.31,2.35,52202604.0,122287536.38,,
2021-02-10,600297,2.38,2.52,2.37,2.43,65551609.0,160524683.5,,
2021-02-18,600297,2.47,2.62,2.45,2.57,92509453.0,233114574.58,,
2021-02-19,600297,2.58,2.68,2.54,2.66,81578820.0,214825283.91,,
2021-02-22,600297,2.66,2.78,2.64,2.68,89595516.0,243080474.61,,
2021-02-23,600297,2.68,2.72,2.59,2.59,62192084.0,164090838.06,,
2021-02-24,600297,2.6,2.68,2.55,2.6,68385745.0,178941992.34,,
2021-02-25,600297,2.63,2.65,2.59,2.62,53135787.0,138736709.11,,
2021-02-26,600297,2.59,2.67,2.56,2.63,70123550.0,183979127.1,,
2021-03-01,600297,2.64,2.67,2.62,2.65,33966464.0,89870293.44,,
2021-03-02,600297,2.64,2.66,2.58,2.59,46785958.0,122044171.29,,
2021-03-03,600297,2.58,2.62,2.58,2.62,31891594.0,83024011.07,,
2021-03-04,600297,2.6,2.65,2.59,2.61,42896411.0,112485561.84,,
2021-03-05,600297,2.61,2.72,2.6,2.67,81932935.0,218102298.48,,
2021-03-08,600297,2.67,2.77,2.66,2.76,94314778.0,256595479.23,,
2021-03-09,600297,2.75,2.75,2.59,2.67,86194130.0,231067670.2,,
2021-03-10,600297,2.68,2.71,2.59,2.6,69453074.0,183289804.53,,
2021-03-11,600297,2.6,2.64,2.57,2.64,50726110.0,132720214.29,,
2021-03-12,600297,2.63,2.64,2.6,2.63,38302157.0,100261753.54,,
2021-03-15,600297,2.65,2.69,2.62,2.68,54213003.0,144272595.84,,
2021-03-16,600297,2.66,2.8,2.66,2.74,90175825.0,245905885.3,,
2021-03-17,600297,2.74,2.78,2.7,2.72,57441587.0,156920209.48,,
2021-03-18,600297,2.72,2.75,2.67,2.68,45967976.0,123962743.3,,
2021-03-19,600297,2.65,2.68,2.62,2.64,40041640.0,106043475.4,,
2021-03-22,600297,2.62,2.78,2.61,2.72,61439133.0,166207140.91,,
2021-03-23,600297,2.71,2.71,2.66,2.68,42009657.0,112718779.24,,
2021-03-24,600297,2.66,2.69,2.63,2.63,36623349.0,97318184.87,,
2021-03-25,600297,2.63,2.66,2.61,2.62,28199636.0,74276301.82,,
2021-03-26,600297,2.62,2.65,2.61,2.64,22225511.0,58532107.79,,
2021-03-29,600297,2.6,2.62,2.56,2.56,56400060.0,145684336.5,,
2021-03-30,600297,2.57,2.57,2.46,2.48,69192445.0,172507580.3,,
2021-03-31,600297,2.47,2.52,2.46,2.47,45921411.0,114033697.04,,
2021-04-01,600297,2.63,2.72,2.61,2.72,77982410.0,210096697.61,,
2021-04-02,600297,2.84,2.95,2.75,2.76,252187140.0,718984801.95,,
2021-04-06,600297,2.73,3.04,2.72,3.04,306151632.0,893657029.05,,
2021-04-07,600297,3.03,3.04,2.91,2.93,224510118.0,662461388.13,,
2021-04-08,600297,2.93,3.09,2.9,2.95,181075490.0,540016028.77,,
2021-04-09,600297,2.9,2.98,2.87,2.94,105397549.0,307931940.91,,
2021-04-12,600297,2.9,2.97,2.89,2.91,91529163.0,267765813.67,,
2021-04-13,600297,3.0,3.16,2.94,2.96,144793544.0,437859541.32,,
2021-04-14,600297,2.92,3.03,2.89,2.96,90965739.0,269563027.04,,
2021-04-15,600297,2.94,3.05,2.91,3.02,112127631.0,334493324.88,,
2021-04-16,600297,3.03,3.23,3.03,3.17,189318012.0,596163124.22,,
2021-04-19,600297,3.24,3.49,3.15,3.44,277530208.0,919219058.68,,
2021-04-20,600297,3.33,3.36,3.18,3.2,211868756.0,690406771.1,,
2021-04-21,600297,3.16,3.19,3.07,3.11,120697642.0,375628840.01,,
2021-04-22,600297,3.11,3.13,3.03,3.05,87541019.0,269002996.07,,
2021-04-23,600297,3.03,3.07,3.01,3.04,49543043.0,150240130.35,,
2021-04-26,600297,3.03,3.04,2.96,2.96,68298436.0,204129323.56,,
2021-04-27,600297,2.95,2.96,2.86,2.92,72590635.0,210096636.75,,
2021-04-28,600297,2.95,3.04,2.92,3.03,76461529.0,228832024.54,,
2021-04-29,600297,3.0,3.05,2.96,2.96,55418201.0,165544377.4,,
2021-04-30,600297,3.02,3.06,2.99,3.03,73796186.0,223863118.4,,
2021-05-06,600297,2.99,3.05,2.96,3.04,52874032.0,159662702.96,,
2021-05-07,600297,3.03,3.04,2.95,2.96,52423601.0,156819675.9,,
2021-05-10,600297,2.96,3.01,2.86,3.0,60746876.0,178657935.36,,
2021-05-11,600297,2.98,2.98,2.93,2.98,34667615.0,102737286.25,,
2021-05-12,600297,2.96,3.07,2.95,3.04,68257442.0,206742104.68,,
2021-05-13,600297,3.0,3.02,2.94,2.95,56348950.0,167622867.0,,
2021-05-14,600297,2.94,2.99,2.93,2.97,37386349.0,110736757.4,,
2021-05-17,600297,2.97,3.06,2.93,3.05,85033365.0,254901579.38,,
2021-05-18,600297,3.02,3.02,2.97,2.98,58117780.0,173892296.66,,
2021-05-19,600297,2.98,3.03,2.95,3.0,62160922.0,186596866.88,,
2021-05-20,600297,2.99,3.01,2.97,2.97,38028496.0,113592715.26,,
2021-05-21,600297,2.97,2.99,2.9,2.9,76207100.0,223761998.61,,
2021-05-24,600297,2.89,2.93,2.87,2.9,34130851.0,99147012.36,,
2021-05-25,600297,2.9,2.93,2.87,2.91,62781352.0,181881125.42,,
2021-05-26,600297,2.9,2.94,2.89,2.89,48972150.0,142207249.73,,
2021-05-27,600297,2.9,2.92,2.89,2.91,38750258.0,112544244.34,,
2021-05-28,600297,2.91,2.91,2.87,2.88,34995700.0,101075064.05,,
2021-05-31,600297,2.87,2.89,2.83,2.84,42329248.0,120744022.8,,
2021-06-01,600297,2.85,2.9,2.83,2.88,39054698.0,112180978.31,,
2021-06-02,600297,2.87,2.88,2.82,2.84,48287209.0,137020520.76,,
2021-06-03,600297,2.83,2.86,2.81,2.83,43299114.0,122634169.05,,
2021-06-04,600297,2.82,2.85,2.8,2.84,31904914.0,90224517.72,,
2021-06-07,600297,2.84,2.85,2.8,2.81,31960306.0,90036192.03,,
2021-06-08,600297,2.81,2.81,2.76,2.77,43748247.0,121556049.35,,
2021-06-09,600297,2.77,2.81,2.74,2.79,43902060.0,122018256.3,,
2021-06-10,600297,2.78,2.81,2.76,2.8,40897197.0,114259284.62,,
2021-06-11,600297,2.79,2.85,2.78,2.8,57503709.0,161829278.01,,
2021-06-15,600297,2.8,2.83,2.74,2.74,55343345.0,153858371.28,,
2021-06-16,600297,2.74,2.75,2.67,2.69,48762930.0,131344863.86,,
2021-06-17,600297,2.67,2.7,2.64,2.66,39356428.0,104799981.6,,
2021-06-18,600297,2.66,2.7,2.62,2.68,52319968.0,139299864.43,,
2021-06-21,600297,2.67,2.69,2.64,2.67,39506643.0,105272645.24,,
2021-06-22,600297,2.68,2.94,2.67,2.94,163194546.0,466719820.26,,
2021-06-23,600297,2.99,3.0,2.88,2.94,168587768.0,493325310.18,,
2021-06-24,600297,2.93,3.03,2.88,2.94,113779082.0,336472150.69,,
2021-06-25,600297,3.03,3.06,2.92,2.93,84078692.0,249589979.97,,
2021-06-28,600297,2.91,3.01,2.91,2.97,78398249.0,232256620.84,,
2021-06-29,600297,2.96,2.96,2.87,2.88,65771762.0,190925230.96,,
2021-06-30,600297,2.88,2.9,2.84,2.88,40261397.0,115515430.17,,
2021-07-01,600297,2.88,2.9,2.83,2.83,42402064.0,121182797.59,,
2021-07-02,600297,2.81,2.86,2.78,2.8,45278177.0,127656753.95,,
2021-07-05,600297,2.8,2.83,2.73,2.78,47895978.0,133050745.94,,
2021-07-06,600297,2.83,2.99,2.83,2.89,105034445.0,305464182.76,,
2021-07-07,600297,2.87,2.89,2.84,2.88,57766529.0,165405572.09,,
2021-07-08,600297,3.03,3.08,2.93,2.94,132385923.0,394626448.88,,
2021-07-09,600297,2.91,3.0,2.91,2.94,93294117.0,275687879.47,,
2021-07-12,600297,2.97,2.98,2.9,2.91,85383469.0,250733599.94,,
2021-07-13,600297,2.91,2.96,2.88,2.94,71277965.0,208297319.8,,
2021-07-14,600297,2.93,2.94,2.86,2.88,71574800.0,206976978.7,,
2021-07-15,600297,2.88,2.9,2.83,2.88,52773778.0,151214289.2,,
2021-07-16,600297,2.88,2.94,2.87,2.91,72134510.0,210290171.97,,
2021-07-19,600297,2.91,2.92,2.82,2.83,71591861.0,203466502.49,,
2021-07-20,600297,2.81,2.83,2.78,2.82,46502138.0,130216256.68,,
2021-07-21,600297,2.82,2.87,2.81,2.84,54535822.0,154732060.09,,
2021-07-22,600297,2.84,2.86,2.81,2.84,53598951.0,151705518.95,,
2021-07-23,600297,2.84,2.97,2.82,2.91,113958066.0,330226806.05,,
2021-07-26,600297,2.9,2.91,2.77,2.8,87045582.0,245624715.57,,
2021-07-27,600297,2.79,2.86,2.76,2.76,69340738.0,193872531.59,,
2021-07-28,600297,2.75,2.75,2.65,2.66,70361082.0,188276473.12,,
2021-07-29,600297,2.68,2.72,2.67,2.7,60864747.0,163936720.92,,
2021-07-30,600297,2.7,2.73,2.67,2.72,54910648.0,148382989.6,,
2021-08-02,600297,2.7,2.78,2.69,2.76,64096841.0,175789633.25,,
2021-08-03,600297,2.76,2.8,2.71,2.72,52224455.0,144235673.35,,
2021-08-04,600297,2.72,2.81,2.71,2.78,50284089.0,139352099.94,,
2021-08-05,600297,2.76,2.79,2.74,2.75,47316689.0,130570233.88,,
2021-08-06,600297,2.76,2.77,2.7,2.72,42856944.0,117069467.71,,
2021-08-09,600297,2.7,2.74,2.7,2.73,42632209.0,116140166.77,,
2021-08-10,600297,2.72,2.75,2.7,2.74,45074603.0,122749341.34,,
2021-08-11,600297,2.73,2.8,2.73,2.79,71624578.0,197988940.89,,
2021-08-12,600297,2.79,2.85,2.76,2.83,80407936.0,225655820.96,,
2021-08-13,600297,2.82,2.85,2.78,2.8,58613138.0,164753780.58,,
2021-08-16,600297,2.8,2.85,2.8,2.83,55673749.0,157695290.23,,
2021-08-17,600297,2.83,2.84,2.72,2.74,72506613.0,201688559.26,,
2021-08-18,600297,2.72,2.75,2.7,2.72,51329418.0,139556562.21,,
2021-08-19,600297,2.72,2.74,2.68,2.69,56974497.0,154049957.4,,
2021-08-20,600297,2.69,2.73,2.66,2.72,50651945.0,135946627.7,,
2021-08-23,600297,2.72,2.82,2.71,2.78,91719363.0,253770163.25,,
2021-08-24,600297,2.79,2.85,2.77,2.8,116224785.0,326255768.63,,
2021-08-25,600297,2.79,2.92,2.77,2.88,171818984.0,490601054.47,,
2021-08-26,600297,2.88,2.91,2.84,2.87,114367486.0,328401085.82,,
2021-08-27,600297,2.85,2.9,2.84,2.87,86904835.0,249469102.07,,
2021-08-30,600297,2.87,2.92,2.85,2.89,85570638.0,246989821.55,,
2021-08-31,600297,2.88,2.95,2.86,2.95,97244536.0,282724181.87,,
2021-09-01,600297,2.95,2.98,2.88,2.91,94732014.0,276949382.66,,
2021-09-02,600297,2.9,2.96,2.88,2.95,88078431.0,257831964.07,,
2021-09-03,600297,2.93,2.98,2.93,2.96,81023372.0,239428980.66,,
2021-09-06,600297,2.95,3.04,2.94,3.01,88901220.0,266990418.96,,
2021-09-07,600297,3.03,3.28,3.0,3.21,205704500.0,649117738.0,,
2021-09-08,600297,3.2,3.3,3.17,3.27,126531326.0,409999975.82,,
2021-09-09,600297,3.26,3.34,3.24,3.29,122067051.0,402025885.25,,
2021-09-10,600297,3.3,3.37,3.23,3.26,119418498.0,393622348.85,,
2021-09-13,600297,3.27,3.49,3.26,3.45,151475879.0,516556345.66,,
2021-09-14,600297,3.41,3.45,3.25,3.27,147115276.0,490335469.87,,
2021-09-15,600297,3.25,3.33,3.22,3.28,91431016.0,298586015.34,,
2021-09-16,600297,3.28,3.31,3.15,3.17,103538453.0,333586538.07,,
2021-09-17,600297,3.19,3.21,3.07,3.14,80116764.0,251260661.33,,
2021-09-22,600297,3.1,3.15,3.05,3.12,63919411.0,198365105.31,,
2021-09-23,600297,3.12,3.25,3.12,3.2,85605957.0,273352317.37,,
2021-09-24,600297,3.19,3.23,3.1,3.12,70694005.0,222563763.23,,
2021-09-27,600297,3.11,3.15,2.99,3.05,71771008.0,219094890.88,,
2021-09-28,600297,3.04,3.06,3.0,3.03,50610083.0,153244804.84,,
2021-09-29,600297,3.01,3.05,2.94,2.97,67143936.0,201044305.92,,
2021-09-30,600297,2.96,3.03,2.96,2.99,57979406.0,173738327.66,,
2021-10-08,600297,3.02,3.18,3.02,3.15,97535445.0,304651616.58,,
2021-10-11,600297,3.17,3.2,3.12,3.16,65231181.0,206304599.78,,
2021-10-12,600297,3.16,3.22,3.09,3.13,73878833.0,232722819.32,,
2021-10-13,600297,3.14,3.15,3.03,3.09,60542984.0,186570000.58,,
2021-10-14,600297,3.1,3.11,3.04,3.09,42799319.0,131598072.14,,
2021-10-15,600297,3.09,3.09,3.0,3.03,51804368.0,157212844.55,,
2021-10-18,600297,3.03,3.16,3.01,3.13,80063223.0,249471220.75,,
2021-10-19,600297,3.14,3.16,3.08,3.1,49281947.0,153152772.7,,
2021-10-20,600297,3.1,3.1,3.03,3.04,45517341.0,139015738.43,,
2021-10-21,600297,3.02,3.07,3.01,3.03,43577057.0,132279228.54,,
2021-10-22,600297,3.03,3.04,2.95,2.96,60633562.0,180501306.95,,
2021-10-25,600297,2.94,2.95,2.83,2.92,61318874.0,177061966.81,,
2021-10-26,600297,2.91,3.02,2.91,2.95,68219313.0,201838982.67,,
2021-10-27,600297,2.92,2.98,2.84,2.87,65610394.0,189623005.41,,
2021-10-28,600297,2.69,2.76,2.66,2.7,119874510.0,323876667.55,,
2021-10-29,600297,2.7,2.73,2.64,2.68,78341830.0,209720881.84,,
2021-11-01,600297,2.68,2.7,2.63,2.65,82045179.0,217892041.87,,
2021-11-02,600297,2.66,2.67,2.56,2.58,86479592.0,225219628.99,,
2021-11-03,600297,2.58,2.62,2.57,2.61,60874433.0,158225024.66,,
2021-11-04,600297,2.61,2.63,2.59,2.61,61642939.0,160431791.11,,
2021-11-05,600297,2.6,2.61,2.57,2.58,61681741.0,159473659.37,,
2021-11-08,600297,2.57,2.57,2.52,2.56,58399280.0,149132693.0,,
2021-11-09,600297,2.55,2.57,2.52,2.55,59791978.0,152102545.2,,
2021-11-10,600297,2.54,2.55,2.48,2.52,73840795.0,185344546.48,,
2021-11-11,600297,2.51,2.59,2.49,2.57,89116978.0,228192365.98,,
2021-11-12,600297,2.57,2.59,2.54,2.56,58576503.0,149795255.92,,
2021-11-15,600297,2.57,2.61,2.56,2.6,63068930.0,163314493.4,,
2021-11-16,600297,2.6,2.64,2.59,2.61,68818936.0,180024959.72,,
2021-11-17,600297,2.61,2.61,2.58,2.6,43817017.0,113745077.43,,
2021-11-18,600297,2.61,2.61,2.55,2.56,62010110.0,160148116.25,,
2021-11-19,600297,2.55,2.59,2.53,2.59,46256844.0,118321821.02,,
2021-11-22,600297,2.58,2.6,2.57,2.58,45937675.0,118646891.85,,
2021-11-23,600297,2.57,2.6,2.56,2.59,53475282.0,138240164.58,,
2021-11-24,600297,2.59,2.59,2.55,2.58,49189148.0,126438092.58,,
2021-11-25,600297,2.58,2.58,2.54,2.55,53201728.0,136009525.12,,
2021-11-26,600297,2.54,2.54,2.51,2.52,47018185.0,118624884.2,,
2021-11-29,600297,2.48,2.51,2.47,2.5,47267208.0,117842301.92,,
2021-11-30,600297,2.51,2.56,2.5,2.52,51977447.0,131400819.63,,
2021-12-01,600297,2.52,2.56,2.5,2.56,55023186.0,139639362.3,,
2021-12-02,600297,2.56,2.58,2.54,2.56,61903881.0,158664720.51,,
2021-12-03,600297,2.56,2.57,2.53,2.56,55846856.0,142316527.1,,
2021-12-06,600297,2.56,2.56,2.53,2.54,50039699.0,127538089.63,,
2021-12-07,600297,2.55,2.55,2.51,2.53,52636065.0,132988649.5,,
2021-12-08,600297,2.53,2.56,2.52,2.55,47432443.0,120562244.07,,
2021-12-09,600297,2.56,2.66,2.55,2.61,121324656.0,316999920.81,,
2021-12-10,600297,2.62,2.64,2.58,2.61,78154275.0,203949809.78,,
2021-12-13,600297,2.62,2.63,2.59,2.6,62302476.0,162167461.83,,
2021-12-14,600297,2.59,2.6,2.54,2.55,74476207.0,190281391.15,,
2021-12-15,600297,2.55,2.58,2.54,2.57,59210032.0,152083297.75,,
2021-12-16,600297,2.58,2.62,2.56,2.61,101424076.0,262991248.75,,
2021-12-17,600297,2.61,2.62,2.58,2.6,86205870.0,223761463.4,,
2021-12-20,600297,2.59,2.63,2.58,2.61,101617279.0,264944698.7,,
2021-12-21,600297,2.62,2.75,2.61,2.71,180990145.0,483983159.41,,
2021-12-22,600297,2.7,2.74,2.66,2.68,121969457.0,328273495.49,,
2021-12-23,600297,2.68,2.69,2.65,2.65,68854891.0,183753024.05,,
2021-12-24,600297,2.65,2.66,2.61,2.64,70401018.0,184951270.18,,
2021-12-27,600297,2.64,2.71,2.63,2.68,76935878.0,205929169.23,,
2021-12-28,600297,2.68,2.69,2.64,2.65,59114213.0,156766978.63,,
2021-12-29,600297,2.65,2.66,2.62,2.65,46121483.0,121762024.52,,
2021-12-30,600297,2.65,2.69,2.64,2.66,54782081.0,146216897.63,,
2021-12-31,600297,2.66,2.69,2.65,2.67,51651936.0,137962437.47,,
2022-01-04,600297,2.68,2.74,2.67,2.74,110259287.0,299907829.64,,
2022-01-05,600297,2.74,2.76,2.7,2.71,69300426.0,188591854.46,,
2022-01-06,600297,2.7,2.74,2.7,2.73,59126337.0,161069062.52,,
2022-01-07,600297,2.72,2.78,2.72,2.75,96887204.0,266930087.39,,
2022-01-10,600297,2.74,2.79,2.74,2.78,83115967.0,229663326.97,,
2022-01-11,600297,2.78,2.84,2.76,2.77,71072561.0,198724634.2,,
2022-01-12,600297,2.76,2.77,2.73,2.75,69215491.0,190170979.2,,
2022-01-13,600297,2.76,2.87,2.74,2.79,93182165.0,261795110.47,,
2022-01-14,600297,2.79,2.79,2.7,2.72,95299731.0,261751466.42,,
2022-01-17,600297,2.71,2.78,2.7,2.74,59004553.0,161740649.92,,
2022-01-18,600297,2.75,2.75,2.68,2.72,57187587.0,155075472.72,,
2022-01-19,600297,2.71,2.74,2.69,2.72,47374432.0,128590592.77,,
2022-01-20,600297,2.72,2.73,2.67,2.67,60205757.0,162214398.99,,
2022-01-21,600297,2.67,2.67,2.61,2.64,63447082.0,167042600.96,,
2022-01-24,600297,2.63,2.64,2.59,2.61,44050692.0,115129255.4,,
2022-01-25,600297,2.61,2.61,2.51,2.52,72282893.0,185051994.66,,
2022-01-26,600297,2.52,2.55,2.51,2.53,49675807.0,125696510.99,,
2022-01-27,600297,2.53,2.55,2.51,2.51,56608648.0,142948251.84,,
2022-01-28,600297,2.52,2.53,2.48,2.51,50131096.0,125892629.92,,
2022-02-07,600297,2.54,2.63,2.54,2.61,78401197.0,202659483.25,,
2022-02-08,600297,2.61,2.67,2.6,2.66,73754978.0,195188691.89,,
2022-02-09,600297,2.66,2.7,2.64,2.66,67660364.0,180462367.6,,
2022-02-10,600297,2.67,2.67,2.63,2.65,48768642.0,129333004.78,,
2022-02-11,600297,2.65,2.67,2.63,2.64,45634133.0,120926226.26,,
2022-02-14,600297,2.64,2.64,2.59,2.6,55759399.0,145568348.4,,
2022-02-15,600297,2.61,2.64,2.59,2.61,48757321.0,127619973.44,,
2022-02-16,600297,2.61,2.69,2.61,2.67,64576005.0,171850174.54,,
2022-02-17,600297,2.67,2.67,2.63,2.66,54467193.0,144191497.95,,
2022-02-18,600297,2.65,2.68,2.63,2.67,51868581.0,137542005.84,,
2022-02-21,600297,2.67,2.69,2.65,2.68,56377684.0,150258737.65,,
2022-02-22,600297,2.67,2.68,2.62,2.64,61099976.0,161812827.0,,
2022-02-23,600297,2.65,2.66,2.62,2.63,61579448.0,162030091.31,,
2022-02-24,600297,2.63,2.63,2.53,2.55,87704349.0,226055937.86,,
2022-02-25,600297,2.56,2.59,2.54,2.56,57951755.0,148689595.95,,
2022-02-28,600297,2.55,2.56,2.51,2.54,53080553.0,134307151.0,,
2022-03-01,600297,2.54,2.57,2.52,2.56,70322213.0,178615628.0,,
2022-03-02,600297,2.54,2.58,2.53,2.57,58822474.0,150654400.0,,
2022-03-03,600297,2.58,2.62,2.57,2.59,70359228.0,182456712.0,,
2022-03-04,600297,2.59,2.59,2.55,2.56,61761441.0,158509867.0,,
2022-03-07,600297,2.55,2.56,2.51,2.52,57206128.0,145006467.0,,
2022-03-08,600297,2.52,2.53,2.43,2.44,74626250.0,184779871.0,,
2022-03-09,600297,2.45,2.46,2.28,2.38,105155257.0,249349116.0,,
2022-03-10,600297,2.41,2.42,2.38,2.4,51710487.0,124379837.0,,
2022-03-11,600297,2.38,2.41,2.31,2.4,63343696.0,149384949.0,,
2022-03-14,600297,2.38,2.42,2.35,2.35,53756013.0,128090655.0,,
2022-03-15,600297,2.34,2.34,2.2,2.2,105340776.0,239407413.0,,
2022-03-16,600297,2.23,2.28,2.17,2.28,92611522.0,206836960.0,,
2022-03-17,600297,2.29,2.32,2.28,2.29,83135017.0,191274334.0,,
2022-03-18,600297,2.27,2.33,2.27,2.32,69459809.0,160453709.16,,
2022-03-21,600297,2.34,2.35,2.29,2.31,57000812.0,132045471.57,,
2022-03-22,600297,2.3,2.36,2.29,2.34,54139877.0,125952723.98,,
2022-03-23,600297,2.36,2.37,2.32,2.35,48034744.0,112796782.18,,
2022-03-24,600297,2.34,2.35,2.3,2.31,45298003.0,105153303.93,,
2022-03-25,600297,2.31,2.35,2.3,2.31,45721702.0,106278957.06,,
2022-03-28,600297,2.31,2.35,2.26,2.33,59197786.0,136835779.33,,
2022-03-29,600297,2.33,2.34,2.29,2.3,38750502.0,89550218.74,,
2022-03-30,600297,2.31,2.34,2.3,2.34,41769398.0,96880743.59,,
2022-03-31,600297,2.33,2.37,2.31,2.35,52550057.0,123399067.95,,
2022-04-01,600297,2.34,2.39,2.33,2.38,63608319.0,150348815.24,,
2022-04-06,600297,2.38,2.43,2.37,2.42,69514322.0,167095075.85,,
2022-04-07,600297,2.41,2.42,2.35,2.36,61983005.0,147604620.35,,
2022-04-08,600297,2.36,2.37,2.31,2.35,50497027.0,118084073.39,,
2022-04-11,600297,2.35,2.36,2.27,2.28,59440393.0,137627862.36,,
2022-04-12,600297,2.29,2.35,2.27,2.35,51198595.0,118101770.47,,
2022-04-13,600297,2.35,2.37,2.31,2.33,50567484.0,118294013.61,,
2022-04-14,600297,2.37,2.39,2.35,2.37,67461850.0,160015294.85,,
2022-04-15,600297,2.36,2.39,2.34,2.37,63106464.0,149226718.83,,
2022-04-18,600297,2.37,2.37,2.34,2.35,51988702.0,122318898.7,,
2022-04-19,600297,2.35,2.36,2.32,2.33,47194010.0,110558367.3,,
2022-04-20,600297,2.34,2.36,2.29,2.3,51636182.0,120101301.6,,
2022-04-21,600297,2.29,2.3,2.22,2.23,59908242.0,135288471.24,,
2022-04-22,600297,2.21,2.27,2.19,2.25,45855932.0,102325041.81,,
2022-04-25,600297,2.23,2.23,2.11,2.12,71173316.0,154387418.7,,
2022-04-26,600297,2.13,2.15,2.06,2.07,57160452.0,120746856.9,,
2022-04-27,600297,2.04,2.11,2.0,2.1,59458206.0,121839394.0,,
2022-04-28,600297,2.1,2.22,2.09,2.16,84488045.0,183213659.25,,
2022-04-29,600297,2.17,2.22,2.14,2.21,67727109.0,147880479.52,,
2022-05-05,600297,2.19,2.22,2.18,2.21,61904041.0,136263799.47,,
2022-05-06,600297,2.17,2.18,2.14,2.15,51636125.0,111644257.73,,
2022-05-09,600297,2.14,2.25,2.14,2.23,76037696.0,167730048.98,,
2022-05-10,600297,2.21,2.24,2.19,2.23,54270001.0,120266362.61,,
2022-05-11,600297,2.22,2.26,2.2,2.21,62170975.0,139136466.7,,
2022-05-12,600297,2.2,2.23,2.19,2.22,44061217.0,97517150.54,,
2022-05-13,600297,2.22,2.36,2.21,2.31,114584182.0,261441758.45,,
2022-05-16,600297,2.29,2.32,2.26,2.27,63229746.0,143953290.02,,
2022-05-17,600297,2.27,2.33,2.26,2.29,70727678.0,162320167.02,,
2022-05-18,600297,2.3,2.35,2.28,2.32,74657257.0,173250192.83,,
2022-05-19,600297,2.28,2.31,2.26,2.31,52372717.0,119981907.19,,
2022-05-20,600297,2.31,2.33,2.29,2.31,47864723.0,110462290.38,,
2022-05-23,600297,2.31,2.38,2.31,2.36,71656268.0,167732825.8,,
2022-05-24,600297,2.6,2.6,2.53,2.6,417155120.0,1080200747.9,,
2022-05-25,600297,2.86,2.86,2.86,2.86,69892972.0,199893899.92,,
2022-05-26,600297,3.15,3.15,2.86,2.91,916625920.0,2801029697.72,价格异常,10.139860139860147
2022-05-27,600297,2.82,2.9,2.64,2.68,588839360.0,1617635280.26,,
2022-05-30,600297,2.66,2.71,2.56,2.59,398886224.0,1043100760.92,,
2022-05-31,600297,2.59,2.59,2.5,2.53,278108128.0,704414221.42,,
2022-06-01,600297,2.62,2.78,2.57,2.78,536157456.0,1433061760.96,,
2022-06-02,600297,2.77,2.96,2.68,2.83,590166800.0,1667430410.09,,
2022-06-06,600297,2.81,2.86,2.7,2.72,340652288.0,938645123.97,,
2022-06-07,600297,2.7,2.73,2.61,2.63,252703766.0,672543338.78,,
2022-06-08,600297,2.63,2.89,2.6,2.8,411629792.0,1127042737.27,,
2022-06-09,600297,2.75,2.78,2.66,2.66,244219598.0,662693609.05,,
2022-06-10,600297,2.64,2.78,2.63,2.72,212013984.0,577119432.74,,
2022-06-13,600297,2.69,2.8,2.68,2.76,213712323.0,589737127.61,,
2022-06-14,600297,2.71,2.83,2.67,2.82,280515248.0,772628009.11,,
2022-06-15,600297,2.78,2.87,2.75,2.76,246148704.0,687948787.47,,
2022-06-16,600297,2.75,2.75,2.68,2.69,156732573.0,424507311.44,,
2022-06-17,600297,2.66,2.73,2.65,2.66,160900191.0,429980373.34,,
2022-06-20,600297,2.68,2.72,2.62,2.71,170528471.0,454648378.5,,
2022-06-21,600297,2.7,2.74,2.65,2.74,146517681.0,394161620.18,,
2022-06-22,600297,2.72,2.78,2.7,2.71,161066034.0,440546737.2,,
2022-06-23,600297,2.74,2.84,2.67,2.74,366230672.0,1011855787.22,,
2022-06-24,600297,2.72,2.73,2.66,2.67,204410322.0,549821412.74,,
2022-06-27,600297,2.67,2.68,2.63,2.66,167765105.0,445364485.26,,
2022-06-28,600297,2.67,2.8,2.64,2.77,273703696.0,750983574.36,,
2022-06-29,600297,2.75,2.77,2.63,2.63,228197614.0,613004015.08,,
2022-06-30,600297,2.62,2.64,2.6,2.61,127302827.0,333517243.79,,
2022-07-01,600297,2.6,2.61,2.53,2.59,102660839.0,263763949.06,,
2022-07-04,600297,2.6,2.61,2.57,2.59,65914392.0,171033335.42,,
2022-07-05,600297,2.6,2.61,2.53,2.56,83555813.0,214369829.53,,
2022-07-06,600297,2.56,2.56,2.5,2.53,87206362.0,220346384.11,,
2022-07-07,600297,2.55,2.62,2.54,2.61,130121978.0,337656152.59,,
2022-07-08,600297,2.65,2.67,2.58,2.58,93515937.0,244723987.12,,
2022-07-11,600297,2.56,2.57,2.51,2.53,90513310.0,228928340.2,,
2022-07-12,600297,2.53,2.56,2.51,2.51,52677845.0,133285516.3,,
2022-07-13,600297,2.51,2.54,2.51,2.53,53310309.0,134447258.68,,
2022-07-14,600297,2.53,2.53,2.5,2.51,47649347.0,119923781.17,,
2022-07-15,600297,2.51,2.53,2.43,2.44,92733700.0,229573426.0,,
2022-07-18,600297,2.44,2.68,2.44,2.68,230858552.0,599714203.7,,
2022-07-19,600297,2.7,2.72,2.63,2.65,154126052.0,411033931.89,,
2022-07-20,600297,2.66,2.67,2.58,2.61,90948721.0,237518239.09,,
2022-07-21,600297,2.6,2.66,2.58,2.61,91135156.0,239232602.48,,
2022-07-22,600297,2.61,2.66,2.59,2.63,82850760.0,217681163.76,,
2022-07-25,600297,2.63,2.66,2.58,2.6,70806563.0,184633495.05,,
2022-07-26,600297,2.61,2.62,2.57,2.61,48611164.0,126184323.53,,
2022-07-27,600297,2.6,2.7,2.59,2.68,122333799.0,326440522.74,,
2022-07-28,600297,2.68,2.69,2.64,2.66,80416715.0,213836971.77,,
2022-07-29,600297,2.65,2.75,2.65,2.7,145295505.0,391941300.22,,
2022-08-01,600297,2.68,2.78,2.68,2.75,142014113.0,389475620.06,,
2022-08-02,600297,2.72,2.73,2.59,2.62,154040622.0,405829376.82,,
2022-08-03,600297,2.61,2.67,2.54,2.55,123008113.0,321024583.28,,
2022-08-04,600297,2.55,2.59,2.52,2.58,69950910.0,179041960.0,,
2022-08-05,600297,2.57,2.59,2.54,2.58,48397129.0,124062867.0,,
2022-08-08,600297,2.57,2.58,2.56,2.58,37590784.0,96616345.0,,
2022-08-09,600297,2.57,2.58,2.53,2.54,62514208.0,159460512.0,,
2022-08-10,600297,2.53,2.58,2.52,2.55,54782255.0,139849831.0,,
2022-08-11,600297,2.56,2.59,2.54,2.58,60348290.0,155117074.0,,
2022-08-12,600297,2.58,2.6,2.56,2.58,51804681.0,133673361.0,,
2022-08-15,600297,2.57,2.58,2.54,2.55,58436131.0,149268706.05,,
2022-08-16,600297,2.55,2.57,2.53,2.55,57997599.0,147626904.65,,
2022-08-17,600297,2.54,2.56,2.53,2.56,51599042.0,131477206.5,,
2022-08-18,600297,2.56,2.56,2.52,2.52,54628553.0,138517938.59,,
2022-08-19,600297,2.51,2.53,2.49,2.49,63597552.0,159554134.98,,
2022-08-22,600297,2.48,2.54,2.48,2.53,54760587.0,138065302.46,,
2022-08-23,600297,2.52,2.52,2.5,2.51,42123360.0,105633863.0,,
2022-08-24,600297,2.51,2.53,2.45,2.46,56364100.0,139940599.0,,
2022-08-25,600297,2.47,2.49,2.44,2.49,41539740.0,102552742.88,,
2022-08-26,600297,2.46,2.49,2.44,2.45,75198128.0,184863038.86,,
2022-08-29,600297,2.43,2.44,2.37,2.41,72092164.0,172916278.22,,
2022-08-30,600297,2.4,2.44,2.39,2.41,39779396.0,95773617.32,,
2022-08-31,600297,2.39,2.41,2.36,2.36,49609403.0,117931471.99,,
2022-09-01,600297,2.36,2.38,2.35,2.36,36644320.0,86551366.9,,
2022-09-02,600297,2.35,2.37,2.34,2.36,32672060.0,76892646.67,,
2022-09-05,600297,2.36,2.36,2.33,2.35,55123334.0,128965851.7,,
2022-09-06,600297,2.35,2.38,2.34,2.37,61601611.0,145681856.37,,
2022-09-07,600297,2.37,2.37,2.35,2.36,41505958.0,97950400.18,,
2022-09-08,600297,2.36,2.37,2.32,2.33,56035568.0,131311353.99,,
2022-09-09,600297,2.34,2.36,2.32,2.36,46929326.0,110127485.64,,
2022-09-13,600297,2.36,2.38,2.36,2.36,45373148.0,107450630.28,,
2022-09-14,600297,2.34,2.35,2.32,2.34,43332803.0,101191338.52,,
2022-09-15,600297,2.35,2.36,2.28,2.31,60193095.0,139815974.3,,
2022-09-16,600297,2.29,2.3,2.21,2.22,70110200.0,157875709.4,,
2022-09-19,600297,2.22,2.25,2.18,2.23,48157418.0,106646213.8,,
2022-09-20,600297,2.23,2.27,2.23,2.24,40466949.0,91112490.38,,
2022-09-21,600297,2.23,2.29,2.21,2.28,56857450.0,128348631.54,,
2022-09-22,600297,2.26,2.29,2.23,2.24,38497952.0,86815784.6,,
2022-09-23,600297,2.24,2.26,2.21,2.22,37436000.0,83666893.0,,
2022-09-26,600297,2.21,2.22,2.15,2.16,51007200.0,111294929.75,,
2022-09-27,600297,2.15,2.21,2.15,2.2,38167550.0,83160362.29,,
2022-09-28,600297,2.2,2.2,2.17,2.17,33630693.0,73376626.74,,
2022-09-29,600297,2.18,2.2,2.14,2.15,41866360.0,90414857.46,,
2022-09-30,600297,2.15,2.17,2.13,2.15,40384492.0,86895194.67,,
2022-10-10,600297,2.15,2.18,2.13,2.13,28344295.0,61118975.35,,
2022-10-11,600297,2.13,2.17,2.13,2.17,33902750.0,72860078.26,,
2022-10-12,600297,2.16,2.21,2.13,2.21,43264938.0,93987833.9,,
2022-10-13,600297,2.19,2.2,2.17,2.18,36437419.0,79593482.23,,
2022-10-14,600297,2.19,2.22,2.19,2.21,39403130.0,87050099.3,,
2022-10-17,600297,2.21,2.24,2.2,2.23,33679268.0,74774571.31,,
2022-10-18,600297,2.24,2.25,2.21,2.22,33281882.0,74165799.09,,
2022-10-19,600297,2.22,2.22,2.19,2.19,29736498.0,65554982.62,,
2022-10-20,600297,2.19,2.2,2.16,2.18,34593425.0,75454025.5,,
2022-10-21,600297,2.18,2.2,2.16,2.17,29708988.0,64728603.08,,
2022-10-24,600297,2.17,2.19,2.11,2.13,45722863.0,98305124.08,,
2022-10-25,600297,2.12,2.15,2.07,2.13,43732680.0,92274701.45,,
2022-10-26,600297,2.13,2.16,2.12,2.14,34599695.0,74203002.68,,
2022-10-27,600297,2.14,2.16,2.14,2.16,40500566.0,87102014.95,,
2022-10-28,600297,2.13,2.14,2.05,2.07,65775851.0,137531443.1,,
2022-10-31,600297,2.06,2.08,2.04,2.06,38146285.0,78475139.3,,
2022-11-01,600297,2.04,2.11,2.04,2.1,48731952.0,100874376.14,,
2022-11-02,600297,2.09,2.12,2.07,2.1,55222951.0,115728057.09,,
2022-11-03,600297,2.09,2.1,2.07,2.08,35000570.0,72878040.9,,
2022-11-04,600297,2.07,2.13,2.07,2.12,56405796.0,118795561.52,,
2022-11-07,600297,2.11,2.15,2.11,2.15,47444789.0,101361255.07,,
2022-11-08,600297,2.15,2.15,2.12,2.13,31221381.0,66513215.38,,
2022-11-09,600297,2.14,2.15,2.13,2.14,29318705.0,62759395.7,,
2022-11-10,600297,2.13,2.16,2.11,2.15,47951030.0,102705600.5,,
2022-11-11,600297,2.18,2.2,2.16,2.17,58779024.0,127883472.73,,
2022-11-14,600297,2.17,2.2,2.15,2.17,55861687.0,121655865.92,,
2022-11-15,600297,2.17,2.2,2.16,2.2,59611299.0,130309124.81,,
2022-11-16,600297,2.2,2.23,2.18,2.18,55747714.0,122798234.86,,
2022-11-17,600297,2.18,2.24,2.17,2.2,69760497.0,153571036.15,,
2022-11-18,600297,2.2,2.21,2.16,2.17,61193800.0,133350900.0,,
2022-11-21,600297,2.17,2.17,2.13,2.15,46050867.0,98835969.55,,
2022-11-22,600297,2.14,2.17,2.14,2.15,41240325.0,88745420.82,,
2022-11-23,600297,2.15,2.18,2.14,2.17,42986055.0,92932959.85,,
2022-11-24,600297,2.17,2.18,2.15,2.15,23765860.0,51319721.2,,
2022-11-25,600297,2.15,2.18,2.14,2.18,43336456.0,93947761.11,,
2022-11-28,600297,2.17,2.17,2.14,2.16,42727505.0,92197959.75,,
2022-11-29,600297,2.17,2.22,2.16,2.22,68879816.0,151501620.91,,
2022-11-30,600297,2.22,2.27,2.21,2.25,100525743.0,226010341.06,,
2022-12-01,600297,2.27,2.29,2.22,2.22,62715716.0,141040681.63,,
2022-12-02,600297,2.23,2.23,2.21,2.22,44483492.0,98773658.04,,
2022-12-05,600297,2.23,2.28,2.22,2.27,90282410.0,204412948.65,,
2022-12-06,600297,2.27,2.31,2.26,2.27,75880912.0,173056681.93,,
2022-12-07,600297,2.26,2.29,2.25,2.26,74513919.0,168955377.63,,
2022-12-08,600297,2.26,2.28,2.24,2.25,74442541.0,167931622.5,,
2022-12-09,600297,2.25,2.26,2.22,2.23,62796993.0,140107763.93,,
2022-12-12,600297,2.23,2.23,2.18,2.19,58215755.0,127806403.9,,
2022-12-13,600297,2.19,2.21,2.18,2.2,36278668.0,79825702.43,,
2022-12-14,600297,2.2,2.21,2.18,2.18,28868579.0,63314901.22,,
2022-12-15,600297,2.18,2.22,2.18,2.2,44549760.0,97911535.15,,
2022-12-16,600297,2.19,2.2,2.17,2.19,40971215.0,89390422.7,,
2022-12-19,600297,2.19,2.2,2.13,2.14,44324880.0,95536000.4,,
2022-12-20,600297,2.12,2.14,2.1,2.13,36852908.0,78229192.18,,
2022-12-21,600297,2.13,2.13,2.1,2.11,24750100.0,52346610.0,,
2022-12-22,600297,2.12,2.13,2.08,2.09,33720100.0,71172091.51,,
2022-12-23,600297,2.08,2.11,2.08,2.1,34432565.0,72054525.3,,
2022-12-26,600297,2.1,2.11,2.09,2.1,26940776.0,56566474.62,,
2022-12-27,600297,2.1,2.12,2.09,2.11,39216850.0,82416033.78,,
2022-12-28,600297,2.1,2.11,2.08,2.09,37943630.0,79282046.4,,
2022-12-29,600297,2.08,2.09,2.06,2.07,27164830.0,56318648.5,,
2022-12-30,600297,2.07,2.11,2.07,2.1,37102494.0,77815148.27,,
2023-01-03,600297,2.1,2.13,2.09,2.12,33897955.0,71627357.2,,
2023-01-04,600297,2.11,2.14,2.11,2.13,36490762.0,77531421.44,,
2023-01-05,600297,2.13,2.13,2.11,2.12,24847300.0,52760760.0,,
2023-01-06,600297,2.12,2.14,2.11,2.11,34319125.0,72840958.0,,
2023-01-09,600297,2.12,2.13,2.1,2.1,29848800.0,63114563.0,,
2023-01-10,600297,2.11,2.15,2.09,2.14,51965020.0,110001216.35,,
2023-01-11,600297,2.13,2.14,2.1,2.11,36819600.0,77890291.75,,
2023-01-12,600297,2.11,2.12,2.09,2.1,27456700.0,57811001.0,,
2023-01-13,600297,2.1,2.12,2.1,2.12,20658428.0,43527087.23,,
2023-01-16,600297,2.11,2.14,2.11,2.13,38107424.0,81090075.88,,
2023-01-17,600297,2.13,2.13,2.1,2.12,25207728.0,53316344.08,,
2023-01-18,600297,2.12,2.13,2.11,2.12,23592951.0,50103555.12,,
2023-01-19,600297,2.12,2.14,2.11,2.13,46583398.0,98936501.91,,
2023-01-20,600297,2.14,2.16,2.13,2.16,47924023.0,102980081.82,,
2023-01-30,600297,2.18,2.21,2.17,2.18,67003413.0,146697830.34,,
2023-01-31,600297,2.13,2.13,2.08,2.12,123587098.0,260191424.78,,
2023-02-01,600297,2.15,2.33,2.15,2.33,259060841.0,589624085.02,,
2023-02-02,600297,2.3,2.37,2.23,2.34,346208875.0,792717677.71,,
2023-02-03,600297,2.31,2.33,2.27,2.29,130751140.0,300427556.13,,
2023-02-06,600297,2.29,2.32,2.26,2.27,99573294.0,227425497.45,,
2023-02-07,600297,2.26,2.28,2.25,2.27,60976025.0,137924566.5,,
2023-02-08,600297,2.27,2.27,2.24,2.24,57018413.0,128272765.12,,
2023-02-09,600297,2.25,2.28,2.24,2.27,82506329.0,186556887.54,,
2023-02-10,600297,2.26,2.27,2.23,2.25,57915531.0,130410870.36,,
2023-02-13,600297,2.25,2.28,2.24,2.28,60251585.0,136528609.1,,
2023-02-14,600297,2.27,2.28,2.25,2.26,35135200.0,79513393.0,,
2023-02-15,600297,2.26,2.27,2.23,2.23,54509044.0,122389944.35,,
2023-02-16,600297,2.24,2.26,2.22,2.24,75208333.0,168702098.33,,
2023-02-17,600297,2.23,2.25,2.22,2.24,38731584.0,86506698.32,,
2023-02-20,600297,2.24,2.26,2.21,2.25,62863781.0,140551362.46,,
2023-02-21,600297,2.25,2.29,2.24,2.27,68106037.0,154475662.68,,
2023-02-22,600297,2.26,2.27,2.24,2.25,32960705.0,74242792.25,,
2023-02-23,600297,2.25,2.27,2.24,2.25,33305100.0,75044795.0,,
2023-02-24,600297,2.25,2.25,2.22,2.24,30453087.0,68007176.15,,
2023-02-27,600297,2.23,2.24,2.21,2.21,35765377.0,79368696.99,,
2023-02-28,600297,2.22,2.24,2.21,2.24,31465538.0,69985909.28,,
2023-03-01,600297,2.24,2.25,2.23,2.24,39724321.0,88969200.74,,
2023-03-02,600297,2.24,2.29,2.23,2.27,69312794.0,156643346.04,,
2023-03-03,600297,2.27,2.27,2.24,2.26,55627000.0,125440294.0,,
2023-03-06,600297,2.26,2.27,2.23,2.23,41637297.0,93414852.38,,
2023-03-07,600297,2.23,2.25,2.21,2.21,50596893.0,112772551.09,,
2023-03-08,600297,2.21,2.22,2.2,2.22,24037454.0,53127015.01,,
2023-03-09,600297,2.22,2.22,2.2,2.21,27244821.0,60201466.2,,
2023-03-10,600297,2.22,2.32,2.21,2.25,125010743.0,282706352.34,,
2023-03-13,600297,2.23,2.23,2.16,2.18,91502900.0,200221390.75,,
2023-03-14,600297,2.18,2.18,2.14,2.15,52484352.0,113246300.8,,
2023-03-15,600297,2.16,2.18,2.15,2.17,27822441.0,60388242.97,,
2023-03-16,600297,2.16,2.17,2.14,2.15,27223800.0,58667744.0,,
2023-03-17,600297,2.16,2.18,2.16,2.16,34175100.0,74112778.0,,
2023-03-20,600297,2.16,2.17,2.15,2.17,25051000.0,54127771.35,,
2023-03-21,600297,2.16,2.19,2.16,2.19,31695219.0,69101844.24,,
2023-03-22,600297,2.19,2.2,2.18,2.18,24540821.0,53640152.78,,
2023-03-23,600297,2.18,2.19,2.17,2.19,28861500.0,62983859.0,,
2023-03-24,600297,2.19,2.19,2.17,2.17,23246105.0,50572949.85,,
2023-03-27,600297,2.17,2.17,2.15,2.15,24786657.0,53465260.55,,
2023-03-28,600297,2.17,2.23,2.16,2.22,79497640.0,175200778.82,,
2023-03-29,600297,2.21,2.22,2.18,2.19,37384190.0,82210248.17,,
2023-03-30,600297,2.2,2.2,2.16,2.18,34277370.0,74571752.9,,
2023-03-31,600297,2.18,2.2,2.17,2.19,28157930.0,61658893.4,,
2023-04-03,600297,2.2,2.21,2.18,2.19,40694970.0,89155119.3,,
2023-04-04,600297,2.19,2.2,2.16,2.16,34652456.0,75317207.16,,
2023-04-06,600297,2.16,2.17,2.15,2.16,25891675.0,55983666.0,,
2023-04-07,600297,2.17,2.17,2.16,2.17,20662448.0,44712784.68,,
2023-04-10,600297,2.17,2.17,2.14,2.15,38250543.0,82295970.45,,
2023-04-11,600297,2.16,2.16,2.14,2.16,19024000.0,40895708.0,,
2023-04-12,600297,2.15,2.16,2.14,2.15,25657186.0,55162250.04,,
2023-04-13,600297,2.15,2.16,2.14,2.15,21834095.0,46787910.3,,
2023-04-14,600297,2.15,2.17,2.14,2.16,34128180.0,73684838.0,,
2023-04-17,600297,2.16,2.17,2.15,2.17,37010560.0,80005624.6,,
2023-04-18,600297,2.16,2.17,2.14,2.15,32222044.0,69312583.16,,
2023-04-19,600297,2.14,2.15,2.12,2.13,37615290.0,80233234.59,,
2023-04-20,600297,2.12,2.13,2.1,2.1,36291120.0,76446094.0,,
2023-04-21,600297,2.1,2.11,2.07,2.08,35456989.0,74064621.12,,
2023-04-24,600297,2.07,2.08,2.05,2.07,35292767.0,72817073.27,,
2023-04-25,600297,2.06,2.08,2.05,2.06,27107500.0,55951635.0,,
2023-04-26,600297,2.06,2.09,2.06,2.09,30081900.0,62501787.49,,
2023-04-27,600297,2.08,2.1,2.07,2.09,21054670.0,43915089.6,,
2023-04-28,600297,2.09,2.13,2.09,2.12,25203854.0,53351774.23,,
2023-05-04,600297,2.12,2.17,2.11,2.16,50584793.0,108616123.23,,
2023-05-05,600297,2.17,2.18,2.15,2.17,47620947.0,103130778.34,,
2023-05-08,600297,2.18,2.2,2.17,2.2,47997028.0,105168811.0,,
2023-05-09,600297,2.19,2.21,2.17,2.17,58833636.0,128862262.06,,
2023-05-10,600297,2.17,2.26,2.16,2.23,87819151.0,195228711.5,,
2023-05-11,600297,2.22,2.25,2.21,2.24,48399386.0,108131710.28,,
2023-05-12,600297,2.24,2.25,2.22,2.23,54190429.0,121092108.87,,
2023-05-15,600297,2.22,2.24,2.19,2.24,54724426.0,121039100.8,,
2023-05-16,600297,2.24,2.24,2.18,2.2,40885238.0,90159319.6,,
2023-05-17,600297,2.19,2.21,2.17,2.19,43342675.0,94817075.25,,
2023-05-18,600297,2.19,2.21,2.17,2.18,44208148.0,96734057.16,,
2023-05-19,600297,2.19,2.19,2.15,2.15,42591965.0,92104972.75,,
2023-05-22,600297,2.15,2.16,2.12,2.12,46215670.0,98479968.1,,
2023-05-23,600297,2.13,2.14,2.1,2.11,45711625.0,97155510.7,,
2023-05-24,600297,2.1,2.11,2.07,2.08,49400460.0,103039085.96,,
2023-05-25,600297,2.07,2.08,2.05,2.07,58443190.0,120582378.4,,
2023-05-26,600297,2.07,2.09,2.05,2.08,50168462.0,103685153.09,,
2023-05-29,600297,2.09,2.09,2.06,2.06,44694841.0,92443802.74,,
2023-05-30,600297,2.07,2.08,2.05,2.08,41090710.0,84725662.26,,
2023-05-31,600297,2.07,2.08,2.05,2.06,33455198.0,69006588.9,,
2023-06-01,600297,2.06,2.08,2.02,2.06,68174606.0,140120442.76,,
2023-06-02,600297,2.06,2.22,2.06,2.18,191823559.0,411889196.96,,
2023-06-05,600297,2.2,2.33,2.19,2.28,288986039.0,658416246.09,,
2023-06-06,600297,2.32,2.36,2.25,2.26,262097196.0,602130742.2,,
2023-06-07,600297,2.29,2.31,2.25,2.29,183430562.0,417361386.95,,
2023-06-08,600297,2.29,2.29,2.21,2.23,142760251.0,318554373.47,,
2023-06-09,600297,2.28,2.28,2.18,2.19,135750073.0,299836958.37,,
2023-06-12,600297,2.19,2.21,2.16,2.2,108739464.0,238284079.23,,
2023-06-13,600297,2.2,2.2,2.16,2.17,75905434.0,165044889.74,,
2023-06-14,600297,2.16,2.19,2.14,2.14,83280975.0,179720741.5,,
2023-06-15,600297,2.14,2.15,2.1,2.13,71268370.0,151130533.18,,
2023-06-16,600297,2.13,2.14,2.11,2.13,65295111.0,138771990.03,,
2023-06-19,600297,2.12,2.13,2.09,2.09,69836360.0,146721123.0,,
2023-06-20,600297,2.09,2.1,2.06,2.07,71871619.0,149269718.64,,
2023-06-21,600297,2.07,2.09,2.05,2.07,86239272.0,178733882.8,,
2023-06-26,600297,2.05,2.09,2.05,2.05,88132613.0,182279985.83,,
2023-06-27,600297,2.06,2.09,2.04,2.08,65944685.0,136351117.06,,
2023-06-28,600297,2.07,2.08,2.05,2.07,83115576.0,171246542.53,,
2023-06-29,600297,2.06,2.08,2.05,2.06,56879507.0,117393893.86,,
2023-06-30,600297,2.06,2.09,2.06,2.08,66851571.0,138696665.97,,
2023-07-03,600297,2.08,2.12,2.08,2.11,76247784.0,160549107.29,,
2023-07-04,600297,2.11,2.13,2.1,2.12,64833142.0,137262399.62,,
2023-07-05,600297,2.12,2.12,2.08,2.09,94808056.0,199253499.49,,
2023-07-06,600297,2.09,2.1,2.07,2.08,75891573.0,158214758.72,,
2023-07-07,600297,2.07,2.11,2.06,2.08,75411790.0,157730013.1,,
2023-07-10,600297,2.09,2.1,2.08,2.08,45365000.0,94626296.0,,
2023-07-11,600297,2.08,2.13,2.08,2.12,82935900.0,174553854.0,,
2023-07-12,600297,2.11,2.14,2.08,2.09,83241970.0,175219828.7,,
2023-07-13,600297,2.09,2.1,2.08,2.09,68887152.0,143908352.3,,
2023-07-14,600297,2.09,2.09,2.06,2.06,66736700.0,138466904.0,,
2023-07-17,600297,2.05,2.06,2.03,2.05,107628388.0,219891051.52,,
2023-07-18,600297,2.04,2.09,2.04,2.07,81845355.0,168800381.99,,
2023-07-19,600297,2.07,2.08,2.05,2.07,75915400.0,156772443.0,,
2023-07-20,600297,2.08,2.09,2.06,2.07,78871286.0,163933818.76,,
2023-07-21,600297,2.07,2.09,2.06,2.08,67045814.0,139373780.12,,
2023-07-24,600297,2.09,2.09,2.06,2.06,60817100.0,126139663.0,,
2023-07-25,600297,2.08,2.11,2.07,2.11,116657788.0,244695576.8,,
2023-07-26,600297,2.11,2.17,2.09,2.15,186168927.0,396441629.65,,
2023-07-27,600297,2.15,2.2,2.13,2.15,160749732.0,347154487.34,,
2023-07-28,600297,2.14,2.2,2.12,2.19,158043094.0,342605502.84,,
2023-07-31,600297,2.2,2.25,2.19,2.23,198657774.0,440490181.39,,
2023-08-01,600297,2.22,2.31,2.21,2.25,256690161.0,579316774.22,,
2023-08-02,600297,2.23,2.26,2.21,2.24,167864273.0,374868107.39,,
2023-08-03,600297,2.23,2.24,2.19,2.23,135979488.0,301173995.48,,
2023-08-04,600297,2.24,2.25,2.2,2.2,122865669.0,272374497.58,,
2023-08-07,600297,2.19,2.2,2.15,2.17,97481600.0,211807952.42,,
2023-08-08,600297,2.17,2.18,2.14,2.15,93116520.0,201096144.4,,
2023-08-09,600297,2.14,2.16,2.12,2.12,88551360.0,189202334.4,,
2023-08-10,600297,2.12,2.14,2.11,2.13,87589265.0,186077671.8,,
2023-08-11,600297,2.12,2.13,2.07,2.07,125917700.0,263630848.0,,
2023-08-14,600297,2.06,2.09,2.05,2.08,127038711.0,263250527.66,,
2023-08-15,600297,2.08,2.09,2.06,2.08,75070280.0,155903331.4,,
2023-08-16,600297,2.07,2.1,2.06,2.08,85735936.0,178620967.65,,
2023-08-17,600297,2.08,2.1,2.06,2.09,81078594.0,168635033.62,,
2023-08-18,600297,2.09,2.1,2.06,2.06,85947093.0,178547064.88,,
2023-08-21,600297,2.07,2.08,2.05,2.06,90178875.0,186144598.25,,
2023-08-22,600297,2.06,2.07,2.04,2.06,95428115.0,196038872.25,,
2023-08-23,600297,2.06,2.07,2.04,2.04,71219980.0,146036372.0,,
2023-08-24,600297,2.05,2.06,2.03,2.04,65122361.0,133091930.59,,
2023-08-25,600297,2.04,2.06,2.02,2.04,84916479.0,173057750.98,,
2023-08-28,600297,2.12,2.14,2.05,2.05,148528500.0,309533686.08,,
2023-08-29,600297,2.05,2.09,2.04,2.08,103159381.0,213566671.19,,
2023-08-30,600297,2.08,2.09,2.05,2.06,84100804.0,173686563.24,,
2023-08-31,600297,2.05,2.06,2.04,2.05,57846208.0,118630624.4,,
2023-09-01,600297,2.05,2.07,2.05,2.06,48969086.0,100819208.3,,
2023-09-04,600297,2.06,2.09,2.05,2.09,97839110.0,202852403.8,,
2023-09-05,600297,2.08,2.09,2.05,2.06,61024000.0,126044838.0,,
2023-09-06,600297,2.06,2.07,2.05,2.07,42811187.0,88268796.02,,
2023-09-07,600297,2.06,2.07,2.05,2.05,43801793.0,90030750.65,,
2023-09-08,600297,2.05,2.06,2.04,2.05,33295514.0,68268930.7,,
2023-09-11,600297,2.05,2.08,2.05,2.07,62995310.0,130174613.8,,
2023-09-12,600297,2.07,2.09,2.06,2.06,39527923.0,81924750.38,,
2023-09-13,600297,2.06,2.07,2.04,2.06,56530100.0,116128080.0,,
2023-09-14,600297,2.06,2.06,2.04,2.06,42661280.0,87556219.0,,
2023-09-15,600297,2.06,2.07,2.04,2.07,63106463.0,129930413.28,,
2023-09-18,600297,2.06,2.08,2.05,2.07,67266588.0,139199235.16,,
2023-09-19,600297,2.07,2.08,2.06,2.07,41631250.0,86141664.5,,
2023-09-20,600297,2.07,2.07,2.05,2.06,35528376.0,73217934.58,,
2023-09-21,600297,2.05,2.07,2.04,2.05,41425304.0,85057682.2,,
2023-09-22,600297,2.05,2.07,2.04,2.07,49003361.0,101048014.38,,
2023-09-25,600297,2.06,2.07,2.05,2.05,39596834.0,81497519.7,,
2023-09-26,600297,2.05,2.06,2.05,2.05,30520818.0,62638951.9,,
2023-09-27,600297,2.06,2.06,2.04,2.04,49146082.0,100566155.56,,
2023-09-28,600297,2.04,2.05,2.04,2.04,29075166.0,59423510.64,,
2023-10-09,600297,2.04,2.06,2.03,2.04,57772505.0,118015886.2,,
2023-10-10,600297,2.05,2.06,2.04,2.04,32750660.0,67047020.4,,
2023-10-11,600297,2.05,2.05,2.03,2.04,40276457.0,82217866.71,,
2023-10-12,600297,2.04,2.07,2.04,2.06,82144835.0,168826056.39,,
2023-10-13,600297,2.05,2.07,2.04,2.06,61267905.0,125844513.25,,
2023-10-16,600297,2.06,2.07,2.05,2.06,49058933.0,101148903.1,,
2023-10-17,600297,2.07,2.07,2.05,2.05,41640700.0,85722633.0,,
2023-10-18,600297,2.05,2.06,2.04,2.04,43085388.0,88205892.52,,
2023-10-19,600297,2.04,2.04,1.91,1.92,176976200.0,346610195.0,,
2023-10-20,600297,1.9,1.9,1.84,1.85,120253900.0,224472832.0,,
2023-10-23,600297,1.83,1.84,1.77,1.78,98665022.0,178425155.16,,
2023-10-24,600297,1.79,1.82,1.78,1.82,75381100.0,136158805.0,,
2023-10-25,600297,1.83,1.92,1.83,1.89,105152000.0,196760553.0,,
2023-10-26,600297,1.86,1.91,1.85,1.9,77849820.0,145962326.6,,
2023-10-27,600297,1.89,1.93,1.89,1.91,74691963.0,142899620.47,,
2023-10-30,600297,1.91,1.96,1.9,1.94,74672410.0,144641170.3,,
2023-10-31,600297,1.95,1.96,1.9,1.92,60052193.0,115860726.63,,
2023-11-01,600297,1.93,1.95,1.91,1.94,41890800.0,80992129.0,,
2023-11-02,600297,1.94,1.96,1.92,1.92,68050658.0,131871948.94,,
2023-11-03,600297,1.92,1.94,1.91,1.91,50775267.0,97794629.31,,
2023-11-06,600297,1.93,1.95,1.92,1.94,70498078.0,136651990.32,,
2023-11-07,600297,1.94,1.94,1.92,1.92,53510100.0,103374332.0,,
2023-11-08,600297,1.93,1.93,1.89,1.91,75983925.0,145279583.75,,
2023-11-09,600297,1.91,1.91,1.88,1.88,52004015.0,98343030.95,,
2023-11-10,600297,1.88,1.88,1.85,1.86,41870275.0,78062034.5,,
2023-11-13,600297,1.87,1.9,1.86,1.89,57674916.0,108363468.18,,
2023-11-14,600297,1.89,1.91,1.88,1.9,49326118.0,93603027.19,,
2023-11-15,600297,1.92,1.92,1.89,1.9,39611795.0,75459633.5,,
2023-11-16,600297,1.91,1.91,1.88,1.88,33542651.0,63471389.9,,
2023-11-17,600297,1.88,1.9,1.87,1.9,27790754.0,52420446.02,,
2023-11-20,600297,1.89,1.9,1.88,1.89,49554367.0,93708711.63,,
2023-11-21,600297,1.89,1.93,1.89,1.9,74161830.0,141632343.6,,
2023-11-22,600297,1.9,1.91,1.87,1.87,62316600.0,118026628.0,,
2023-11-23,600297,1.88,1.95,1.87,1.93,123962840.0,237301707.23,,
2023-11-24,600297,1.93,1.94,1.9,1.9,83076835.0,159349206.62,,
2023-11-27,600297,1.9,1.91,1.86,1.87,85759138.0,160807957.36,,
2023-11-28,600297,1.87,1.9,1.85,1.89,74961221.0,140821910.66,,
2023-11-29,600297,1.89,1.9,1.84,1.86,70830492.0,132248443.76,,
2023-11-30,600297,1.85,1.87,1.84,1.86,61598527.0,114235462.86,,
2023-12-01,600297,1.85,1.87,1.84,1.86,44309585.0,82311982.15,,
2023-12-04,600297,1.86,1.88,1.85,1.85,48387330.0,90135787.1,,
2023-12-05,600297,1.85,1.86,1.82,1.83,52798960.0,97117238.55,,
2023-12-06,600297,1.82,1.85,1.82,1.84,58956415.0,108196298.65,,
2023-12-07,600297,1.84,1.84,1.81,1.83,58259012.0,106197324.44,,
2023-12-08,600297,1.82,1.83,1.79,1.81,123911720.0,223690383.62,,
2023-12-11,600297,1.8,1.83,1.77,1.82,88959745.0,160047644.47,,
2023-12-12,600297,1.82,1.84,1.81,1.84,70485552.0,129003849.25,,
2023-12-13,600297,1.84,1.84,1.8,1.8,56208612.0,102313803.69,,
2023-12-14,600297,1.81,1.82,1.79,1.79,40025795.0,72192174.05,,
2023-12-15,600297,1.8,1.81,1.79,1.79,40552825.0,72892762.35,,
2023-12-18,600297,1.79,1.79,1.75,1.75,73332437.0,129812980.81,,
2023-12-19,600297,1.75,1.76,1.71,1.74,58333786.0,101437345.5,,
2023-12-20,600297,1.74,1.74,1.7,1.7,47826273.0,82321548.56,,
2023-12-21,600297,1.69,1.72,1.67,1.71,64682585.0,109569882.0,,
2023-12-22,600297,1.71,1.72,1.69,1.69,47026317.0,79984818.4,,
2023-12-25,600297,1.69,1.7,1.67,1.69,40435850.0,68102480.0,,
2023-12-26,600297,1.69,1.69,1.67,1.67,31286538.0,52511576.58,,
2023-12-27,600297,1.67,1.68,1.66,1.68,32922225.0,54992590.75,,
2023-12-28,600297,1.68,1.73,1.64,1.72,77608447.0,131261854.85,,
2023-12-29,600297,1.71,1.73,1.7,1.72,43451077.0,74405049.85,,
2024-01-02,600297,1.71,1.72,1.7,1.7,38691875.0,66126992.5,,
2024-01-03,600297,1.69,1.71,1.69,1.69,32372777.0,54955431.13,,
2024-01-04,600297,1.69,1.7,1.67,1.68,35057414.0,59003062.52,,
2024-01-05,600297,1.68,1.7,1.67,1.67,41323100.0,69580280.0,,
2024-01-08,600297,1.67,1.67,1.62,1.62,63009800.0,103407591.0,,
2024-01-09,600297,1.61,1.65,1.61,1.63,49090695.0,79920983.9,,
2024-01-10,600297,1.62,1.65,1.61,1.64,55988807.0,91476120.94,,
2024-01-11,600297,1.63,1.68,1.63,1.67,55363675.0,91511001.4,,
2024-01-12,600297,1.67,1.69,1.66,1.67,44592900.0,74870081.0,,
2024-01-15,600297,1.66,1.69,1.64,1.66,54500100.0,90806856.0,,
2024-01-16,600297,1.66,1.67,1.63,1.66,52758900.0,87081732.0,,
2024-01-17,600297,1.65,1.66,1.61,1.61,44451414.0,72630789.78,,
2024-01-18,600297,1.61,1.61,1.56,1.61,84268247.0,133915673.96,,
2024-01-19,600297,1.6,1.61,1.58,1.59,40194800.0,64146127.6,,
2024-01-22,600297,1.58,1.59,1.47,1.48,98488538.0,149799619.34,,
2024-01-23,600297,1.47,1.49,1.35,1.48,91329588.0,131859386.15,,
2024-01-24,600297,1.48,1.52,1.44,1.52,72960325.0,108499489.5,,
2024-01-25,600297,1.51,1.56,1.5,1.56,84680375.0,130266276.25,,
2024-01-26,600297,1.55,1.59,1.54,1.57,75881770.0,119273114.2,,
2024-01-29,600297,1.58,1.59,1.53,1.53,56805959.0,88130446.27,,
2024-01-30,600297,1.53,1.57,1.51,1.52,61302643.0,94524930.52,,
2024-01-31,600297,1.53,1.61,1.5,1.51,108121970.0,167601932.0,,
2024-02-01,600297,1.49,1.51,1.45,1.45,74105669.0,109637943.65,,
2024-02-02,600297,1.46,1.48,1.38,1.42,88855673.0,127393229.93,,
2024-02-05,600297,1.4,1.41,1.28,1.32,116960369.0,156015083.95,,
2024-02-06,600297,1.29,1.44,1.27,1.4,99593628.0,134833062.05,,
2024-02-07,600297,1.4,1.44,1.38,1.4,92197690.0,129851724.44,,
2024-02-08,600297,1.4,1.46,1.38,1.45,99915124.0,142169569.42,,
2024-02-19,600297,1.47,1.48,1.45,1.47,66899235.0,97910532.2,,
2024-02-20,600297,1.46,1.47,1.44,1.46,45793372.0,66731202.12,,
2024-02-21,600297,1.45,1.53,1.45,1.49,110472405.0,165135468.85,,
2024-02-22,600297,1.49,1.51,1.47,1.5,59370759.0,88571467.11,,
2024-02-23,600297,1.5,1.54,1.49,1.53,73557570.0,110999157.3,,
2024-02-26,600297,1.53,1.57,1.51,1.55,94641105.0,145762090.75,,
2024-02-27,600297,1.54,1.64,1.53,1.61,129416439.0,206001317.19,,
2024-02-28,600297,1.6,1.62,1.53,1.53,136244550.0,215349507.1,,
2024-02-29,600297,1.52,1.56,1.51,1.56,82426236.0,127273561.43,,
2024-03-01,600297,1.56,1.58,1.55,1.56,59279581.0,92531569.36,,
2024-03-04,600297,1.57,1.58,1.53,1.54,55105444.0,85232817.2,,
2024-03-05,600297,1.53,1.55,1.51,1.53,61909013.0,94612964.85,,
2024-03-06,600297,1.52,1.54,1.51,1.52,42200735.0,64275503.2,,
2024-03-07,600297,1.52,1.54,1.51,1.52,55530700.0,84750611.0,,
2024-03-08,600297,1.52,1.52,1.49,1.51,46226086.0,69579388.0,,
2024-03-11,600297,1.51,1.54,1.5,1.54,69165924.0,105290504.1,,
2024-03-12,600297,1.55,1.56,1.52,1.56,74024160.0,114289514.8,,
2024-03-13,600297,1.56,1.56,1.53,1.54,44860649.0,69415887.46,,
2024-03-14,600297,1.55,1.56,1.53,1.54,56318935.0,87181254.82,,
2024-03-15,600297,1.54,1.62,1.53,1.6,130659648.0,206704618.51,,
2024-03-18,600297,1.61,1.64,1.59,1.62,98061284.0,158369761.74,,
2024-03-19,600297,1.62,1.62,1.59,1.59,68648477.0,109870113.9,,
2024-03-20,600297,1.58,1.6,1.57,1.59,50494270.0,80158825.6,,
2024-03-21,600297,1.59,1.6,1.57,1.59,54121302.0,85977840.16,,
2024-03-22,600297,1.59,1.6,1.56,1.57,54521200.0,85791825.0,,
2024-03-25,600297,1.56,1.57,1.53,1.54,45503031.0,70456287.05,,
2024-03-26,600297,1.53,1.55,1.51,1.53,41414289.0,63385843.38,,
2024-03-27,600297,1.53,1.54,1.49,1.49,46303583.0,70149520.02,,
2024-03-28,600297,1.49,1.52,1.48,1.51,41053210.0,61855448.57,,
2024-03-29,600297,1.51,1.53,1.5,1.52,34539569.0,52294765.09,,
2024-04-01,600297,1.53,1.56,1.52,1.56,38780222.0,59914633.41,,
2024-04-02,600297,1.55,1.57,1.55,1.55,44184614.0,68883161.2,,
2024-04-03,600297,1.55,1.57,1.54,1.57,42272147.0,65989886.31,,
2024-04-08,600297,1.57,1.58,1.53,1.54,55427310.0,86499114.4,,
2024-04-09,600297,1.54,1.55,1.52,1.55,38830727.0,59667235.81,,
2024-04-10,600297,1.54,1.55,1.51,1.52,38933552.0,59498193.99,,
2024-04-11,600297,1.51,1.54,1.5,1.52,32522015.0,49574650.08,,
2024-04-12,600297,1.53,1.54,1.51,1.51,35565798.0,54054777.98,,
2024-04-15,600297,1.5,1.51,1.44,1.46,75763910.0,111704013.4,,
2024-04-16,600297,1.45,1.45,1.38,1.38,78097343.0,110068398.32,,
2024-04-17,600297,1.38,1.45,1.38,1.44,55269383.0,78599306.79,,
2024-04-18,600297,1.44,1.46,1.42,1.44,40023153.0,57685114.79,,
2024-04-19,600297,1.43,1.45,1.42,1.43,30826050.0,44143008.6,,
2024-04-22,600297,1.43,1.44,1.4,1.41,36800290.0,52052126.9,,
2024-04-23,600297,1.41,1.42,1.39,1.4,30159300.0,42287586.0,,
2024-04-24,600297,1.4,1.41,1.38,1.4,37102400.0,51867618.0,,
2024-04-25,600297,1.36,1.42,1.35,1.42,65540382.0,91237169.72,,
2024-04-26,600297,1.42,1.45,1.4,1.45,56965308.0,81299904.41,,
2024-04-29,600297,1.47,1.6,1.46,1.53,212617316.0,330804419.46,价格异常,10.344827586206895
2024-04-30,600297,1.53,1.56,1.49,1.5,122822313.0,187056315.01,,
2024-05-06,600297,1.52,1.54,1.51,1.52,59966001.0,91439964.51,,
2024-05-07,600297,1.52,1.53,1.51,1.52,32659437.0,49569835.87,,
2024-05-08,600297,1.51,1.52,1.47,1.48,47063300.0,70079982.0,,
2024-05-09,600297,1.47,1.5,1.47,1.5,39019992.0,58228593.58,,
2024-05-10,600297,1.49,1.51,1.47,1.48,45544727.0,67572879.0,,
2024-05-13,600297,1.48,1.48,1.45,1.46,29945605.0,43798108.3,,
2024-05-14,600297,1.46,1.48,1.45,1.47,36348051.0,53408644.46,,
2024-05-15,600297,1.47,1.48,1.46,1.46,23789835.0,34874488.95,,
2024-05-16,600297,1.47,1.5,1.46,1.49,49250400.0,72974488.0,,
2024-05-17,600297,1.49,1.5,1.48,1.5,38907595.0,57977441.55,,
2024-05-20,600297,1.5,1.51,1.48,1.48,37459925.0,55863360.0,,
2024-05-21,600297,1.48,1.48,1.45,1.45,42792645.0,62562220.4,,
2024-05-22,600297,1.45,1.47,1.44,1.46,36159750.0,52693358.0,,
2024-05-23,600297,1.45,1.46,1.4,1.41,58352060.0,83163330.0,,
2024-05-24,600297,1.41,1.42,1.4,1.41,32573011.0,45910524.36,,
2024-05-27,600297,1.41,1.42,1.39,1.4,38647405.0,54212546.35,,
2024-05-28,600297,1.4,1.41,1.39,1.39,32119737.0,44932014.8,,
2024-05-29,600297,1.39,1.41,1.38,1.39,34771870.0,48490515.3,,
2024-05-30,600297,1.39,1.4,1.37,1.38,37168133.0,51465299.54,,
2024-05-31,600297,1.39,1.4,1.38,1.39,41620237.0,57903694.43,,
2024-06-03,600297,1.39,1.39,1.25,1.25,154389107.0,199497968.92,,
2024-06-04,600297,1.22,1.38,1.22,1.38,235618595.0,314645033.27,,
2024-06-05,600297,1.4,1.5,1.36,1.36,388264127.0,553915558.01,,
2024-06-06,600297,1.32,1.35,1.22,1.22,344643632.0,430345145.11,,
2024-06-07,600297,1.26,1.29,1.18,1.21,212193774.0,259743696.15,,
2024-06-11,600297,1.19,1.2,1.1,1.16,215307649.0,246910205.35,,
2024-06-12,600297,1.15,1.19,1.14,1.17,146798429.0,170157881.59,,
2024-06-13,600297,1.16,1.17,1.1,1.12,172456441.0,194481822.04,,
2024-06-14,600297,1.11,1.14,1.06,1.12,188397109.0,209358632.73,,
2024-06-17,600297,1.11,1.13,1.08,1.09,121155670.0,133731727.86,,
2024-06-18,600297,1.09,1.1,1.06,1.09,147384203.0,159554731.06,,
2024-06-19,600297,1.09,1.1,1.06,1.07,103748191.0,111706041.58,,
2024-06-20,600297,1.06,1.07,0.96,0.98,368211970.0,369487864.87,,
2024-06-21,600297,0.88,0.92,0.88,0.88,141054394.0,124814625.33,价格异常,-14.018691588785048
2024-06-24,600297,0.79,0.79,0.79,0.79,22134100.0,17485939.0,价格异常,-14.130434782608692
2024-06-25,600297,0.71,0.71,0.71,0.71,24217600.0,17194496.0,价格异常,-10.126582278481022
2024-06-26,600297,0.64,0.78,0.64,0.78,932295479.0,648259606.21,,
2024-06-27,600297,0.72,0.78,0.7,0.71,869147615.0,638977497.35,,
2024-06-28,600297,0.69,0.75,0.65,0.69,604061962.0,423635832.23,,
2024-07-01,600297,0.68,0.76,0.68,0.76,648500522.0,481941326.41,,
2024-07-02,600297,0.76,0.84,0.75,0.84,313914699.0,252723418.22,价格异常,10.526315789473673
2024-07-03,600297,0.92,0.92,0.9,0.9,181757417.0,166185605.7,,
2024-07-04,600297,0.9,0.99,0.82,0.99,995523413.0,942107689.15,,
2024-07-05,600297,0.99,1.06,0.96,0.96,907403941.0,915106821.34,,
2024-07-08,600297,0.94,0.98,0.87,0.91,639810590.0,591150680.6,,
2024-07-09,600297,0.91,0.92,0.82,0.82,824996918.0,692210455.46,,
2024-07-10,600297,0.74,0.88,0.74,0.79,955800175.0,747760819.64,,
2024-07-11,600297,0.84,0.87,0.8,0.87,502083892.0,425636673.82,,
2024-07-12,600297,0.96,0.96,0.91,0.96,741368374.0,707559802.52,价格异常,10.344827586206895
2024-07-15,600297,0.94,1.01,0.88,0.97,957663176.0,915975386.57,,
2024-07-16,600297,0.96,0.99,0.87,0.87,991042497.0,919045986.63,,
2024-07-17,600297,0.78,0.78,0.78,0.78,67046700.0,52296426.0,价格异常,-21.212121212121204
2024-07-18,600297,0.78,0.78,0.78,0.78,,,停牌,
2024-07-19,600297,0.78,0.78,0.78,0.78,,,停牌,
2024-07-22,600297,0.78,0.78,0.78,0.78,,,停牌,
2024-07-23,600297,0.78,0.78,0.78,0.78,,,停牌,
2024-07-24,600297,0.78,0.78,0.78,0.78,,,停牌,
2024-07-25,600297,0.78,0.78,0.78,0.78,,,停牌,
2024-07-26,600297,0.78,0.78,0.78,0.78,,,停牌,
2024-07-29,600297,0.78,0.78,0.78,0.78,,,停牌,
2024-07-30,600297,0.78,0.78,0.78,0.78,,,停牌,
2024-07-31,600297,0.78,0.78,0.78,0.78,,,停牌,
2024-08-01,600297,0.78,0.78,0.78,0.78,,,停牌,
2024-08-02,600297,0.78,0.78,0.78,0.78,,,停牌,
2024-08-05,600297,0.78,0.78,0.78,0.78,,,停牌,
2024-08-06,600297,0.78,0.78,0.78,0.78,,,停牌,
2024-08-07,600297,0.78,0.78,0.78,0.78,,,停牌,
2024-08-08,600297,0.78,0.78,0.78,0.78,,,停牌,
2024-08-09,600297,0.78,0.78,0.78,0.78,,,停牌,
2024-08-12,600297,0.78,0.78,0.78,0.78,,,停牌,
2024-08-13,600297,0.78,0.78,0.78,0.78,,,停牌,
2024-08-14,600297,0.78,0.78,0.78,0.78,,,停牌,
2024-08-15,600297,0.78,0.78,0.78,0.78,,,停牌,
2024-08-16,600297,0.78,0.78,0.78,0.78,,,停牌,
2024-08-19,600297,0.78,0.78,0.78,0.78,,,停牌,
2024-08-20,600297,0.78,0.78,0.78,0.78,,,停牌,
2024-08-21,600297,0.78,0.78,0.78,0.78,,,停牌,
2024-08-22,600297,0.78,0.78,0.78,0.78,,,停牌,
2024-08-23,600297,0.78,0.78,0.78,0.78,,,停牌,
2024-08-26,600297,0.78,0.78,0.78,0.78,,,停牌,
2024-08-27,600297,0.78,0.78,0.78,0.78,,,停牌,
2024-08-28,600297,0.78,0.78,0.78,0.78,,,停牌,
