日期,股票代码,开盘,最高,最低,收盘,成交量,成交额,异常情况,异常涨跌幅
2016-03-11,600654,28.61830692,28.61830692,28.61830692,28.61830692,0.0,0.0,,
2016-03-14,600654,28.61830692,28.61830692,28.61830692,28.61830692,0.0,0.0,停牌,
2016-03-15,600654,28.61830692,28.61830692,28.61830692,28.61830692,0.0,0.0,停牌,
2016-03-16,600654,28.61830692,28.61830692,28.61830692,28.61830692,0.0,0.0,停牌,
2016-03-17,600654,28.61830692,28.61830692,28.61830692,28.61830692,0.0,0.0,停牌,
2016-03-18,600654,28.61830692,28.61830692,28.61830692,28.61830692,0.0,0.0,停牌,
2016-03-21,600654,28.61830692,28.61830692,28.61830692,28.61830692,0.0,0.0,停牌,
2016-03-22,600654,28.61830692,28.61830692,28.61830692,28.61830692,0.0,0.0,停牌,
2016-03-23,600654,28.61830692,28.61830692,28.61830692,28.61830692,0.0,0.0,停牌,
2016-03-24,600654,28.61830692,28.61830692,28.61830692,28.61830692,0.0,0.0,停牌,
2016-03-25,600654,28.61830692,28.61830692,28.61830692,28.61830692,0.0,0.0,停牌,
2016-03-28,600654,28.61830692,28.61830692,28.61830692,28.61830692,0.0,0.0,停牌,
2016-03-29,600654,28.61830692,28.61830692,28.61830692,28.61830692,0.0,0.0,停牌,
2016-03-30,600654,28.61830692,28.61830692,28.61830692,28.61830692,0.0,0.0,停牌,
2016-03-31,600654,28.61830692,28.61830692,28.61830692,28.61830692,0.0,0.0,停牌,
2016-04-01,600654,28.61830692,28.61830692,28.61830692,28.61830692,0.0,0.0,停牌,
2016-04-05,600654,28.61830692,28.61830692,28.61830692,28.61830692,0.0,0.0,停牌,
2016-04-06,600654,25.81998426,28.4793831,25.76044548,26.37567954,77787719.0,2055326656.0,,
2016-04-07,600654,26.13752442,27.74507148,25.88944617,27.16952994,56150776.0,1530728608.0,,
2016-04-08,600654,26.75275848,26.75275848,24.94674882,25.38336654,36294586.0,950262736.0,,
2016-04-11,600654,25.7009067,26.15737068,25.46275158,25.63144479,28349054.0,734270048.0,,
2016-04-12,600654,25.65129105,25.83983052,24.1132059,24.66890118,38981182.0,976694160.0,,
2016-04-13,600654,24.807825,25.55205975,24.46051545,25.0062876,38410209.0,971016576.0,,
2016-04-14,600654,25.0062876,25.97875434,24.96659508,25.82990739,39594163.0,1024343776.0,,
2016-04-15,600654,25.84975365,25.92913869,25.44290532,25.82990739,26481378.0,686041968.0,,
2016-04-18,600654,25.58182914,25.58182914,24.52005423,24.807825,24815087.0,621557504.0,,
2016-04-19,600654,24.97651821,26.21690946,24.807825,26.14744755,37345608.0,963475504.0,,
2016-04-20,600654,26.44514145,26.68329657,24.20251407,25.39328967,44102339.0,1138276512.0,,
2016-04-21,600654,25.1055189,25.31390463,24.3116685,24.34143789,22937121.0,574462864.0,,
2016-04-22,600654,24.34143789,24.34143789,24.34143789,24.34143789,0.0,0.0,,
2016-04-25,600654,24.76813248,24.76813248,22.6247364,22.99189221,28230813.0,663468064.0,,
2016-04-26,600654,22.47588945,22.87281465,22.03927173,22.77358335,35557187.0,802408112.0,,
2016-04-27,600654,22.7239677,23.00181534,22.41635067,22.61481327,23126411.0,528975648.0,,
2016-04-28,600654,22.67435205,22.90258404,22.27742685,22.81327587,23650428.0,539629936.0,,
2016-04-29,600654,22.7239677,23.0216616,22.50565884,22.5255051,18215783.0,417560960.0,,
2016-05-03,600654,22.67435205,23.74605009,22.40642754,23.65674192,25592840.0,597949568.0,,
2016-05-04,600654,23.5178181,23.89489704,23.3193555,23.4185868,23592854.0,560133024.0,,
2016-05-05,600654,23.69643444,23.9147433,23.39874054,23.59720314,17583766.0,418583376.0,,
2016-05-06,600654,23.84631679,23.99579224,21.41484947,21.46467462,35174208.0,796190880.0,,
2016-05-09,600654,21.2255139,21.2255139,19.5314588,19.94002503,35640727.0,726411744.0,价格异常,-11.544850498338876
2016-05-10,600654,19.91012994,20.04964036,19.05313736,19.28233305,28207973.0,550595920.0,,
2016-05-11,600654,19.41187844,19.85033976,19.1328576,19.15278766,23387964.0,457641792.0,,
2016-05-12,600654,18.65453616,19.68093425,18.0367043,19.60121401,26023492.0,488572576.0,,
2016-05-13,600654,19.5314588,19.68093425,18.7342564,19.18268275,20836594.0,401450528.0,,
2016-05-16,600654,18.89369688,19.81047964,18.78408155,19.64107413,25108957.0,490024864.0,,
2016-05-17,600654,19.79054958,19.79054958,19.11292754,19.34212323,20201646.0,393491856.0,,
2016-05-18,600654,19.06310239,19.06310239,18.19614478,18.47516562,22787427.0,425211856.0,,
2016-05-19,600654,18.47516562,18.47516562,18.47516562,18.47516562,0.0,0.0,,
2016-05-20,600654,18.47516562,18.47516562,18.47516562,18.47516562,0.0,0.0,停牌,
2016-05-23,600654,18.47516562,18.47516562,18.47516562,18.47516562,0.0,0.0,停牌,
2016-05-24,600654,18.47516562,18.47516562,18.47516562,18.47516562,0.0,0.0,停牌,
2016-05-25,600654,18.47516562,18.47516562,18.47516562,18.47516562,0.0,0.0,停牌,
2016-05-26,600654,18.47516562,18.47516562,18.47516562,18.47516562,0.0,0.0,停牌,
2016-05-27,600654,18.47516562,18.47516562,18.47516562,18.47516562,0.0,0.0,停牌,
2016-05-30,600654,18.47516562,18.47516562,18.47516562,18.47516562,0.0,0.0,停牌,
2016-05-31,600654,18.47516562,18.47516562,18.47516562,18.47516562,0.0,0.0,停牌,
2016-06-01,600654,18.47516562,18.47516562,18.47516562,18.47516562,0.0,0.0,停牌,
2016-06-02,600654,18.47516562,18.47516562,18.47516562,18.47516562,0.0,0.0,停牌,
2016-06-03,600654,18.47516562,18.47516562,18.47516562,18.47516562,0.0,0.0,停牌,
2016-06-06,600654,18.47516562,18.47516562,18.47516562,18.47516562,0.0,0.0,停牌,
2016-06-07,600654,18.47516562,18.47516562,18.47516562,18.47516562,0.0,0.0,停牌,
2016-06-08,600654,18.47516562,18.47516562,18.47516562,18.47516562,0.0,0.0,停牌,
2016-06-13,600654,18.47516562,18.47516562,18.47516562,18.47516562,0.0,0.0,停牌,
2016-06-14,600654,18.47516562,18.47516562,18.47516562,18.47516562,0.0,0.0,停牌,
2016-06-15,600654,18.47516562,18.47516562,18.47516562,18.47516562,0.0,0.0,停牌,
2016-06-16,600654,18.47516562,18.47516562,18.47516562,18.47516562,0.0,0.0,停牌,
2016-06-17,600654,18.47516562,18.47516562,18.47516562,18.47516562,0.0,0.0,停牌,
2016-06-20,600654,18.47516562,18.47516562,18.47516562,18.47516562,0.0,0.0,停牌,
2016-06-21,600654,18.47516562,18.47516562,18.47516562,18.47516562,0.0,0.0,停牌,
2016-06-22,600654,18.47516562,18.47516562,18.47516562,18.47516562,0.0,0.0,停牌,
2016-06-23,600654,18.47516562,18.47516562,18.47516562,18.47516562,0.0,0.0,停牌,
2016-06-24,600654,18.47516562,18.47516562,18.47516562,18.47516562,0.0,0.0,停牌,
2016-06-27,600654,18.47516562,18.47516562,18.47516562,18.47516562,0.0,0.0,停牌,
2016-06-28,600654,18.47516562,18.47516562,18.47516562,18.47516562,0.0,0.0,停牌,
2016-06-29,600654,18.47516562,18.47516562,18.47516562,18.47516562,0.0,0.0,停牌,
2016-06-30,600654,18.47516562,18.47516562,18.47516562,18.47516562,0.0,0.0,停牌,
2016-07-01,600654,18.47516562,18.47516562,18.47516562,18.47516562,0.0,0.0,停牌,
2016-07-04,600654,18.47516562,18.47516562,18.47516562,18.47516562,0.0,0.0,停牌,
2016-07-05,600654,18.47516562,18.47516562,18.47516562,18.47516562,0.0,0.0,停牌,
2016-07-06,600654,18.47516562,18.47516562,18.47516562,18.47516562,0.0,0.0,停牌,
2016-07-07,600654,18.47516562,18.47516562,18.47516562,18.47516562,0.0,0.0,停牌,
2016-07-08,600654,18.47516562,18.47516562,18.47516562,18.47516562,0.0,0.0,停牌,
2016-07-11,600654,18.47516562,18.47516562,18.47516562,18.47516562,0.0,0.0,停牌,
2016-07-12,600654,18.47516562,18.47516562,18.47516562,18.47516562,0.0,0.0,停牌,
2016-07-13,600654,18.47516562,18.47516562,18.47516562,18.47516562,0.0,0.0,停牌,
2016-07-14,600654,18.47516562,18.47516562,18.47516562,18.47516562,0.0,0.0,停牌,
2016-07-15,600654,18.47516562,18.47516562,18.47516562,18.47516562,0.0,0.0,停牌,
2016-07-18,600654,18.47516562,18.47516562,18.47516562,18.47516562,0.0,0.0,停牌,
2016-07-19,600654,18.47516562,18.47516562,18.47516562,18.47516562,0.0,0.0,停牌,
2016-07-20,600654,18.47516562,18.47516562,18.47516562,18.47516562,0.0,0.0,停牌,
2016-07-21,600654,18.47516562,18.47516562,18.47516562,18.47516562,0.0,0.0,停牌,
2016-07-22,600654,18.47516562,18.47516562,18.47516562,18.47516562,0.0,0.0,停牌,
2016-07-25,600654,18.47516562,18.47516562,18.47516562,18.47516562,0.0,0.0,停牌,
2016-07-26,600654,18.47516562,18.47516562,18.47516562,18.47516562,0.0,0.0,停牌,
2016-07-27,600654,18.47516562,18.47516562,18.47516562,18.47516562,0.0,0.0,停牌,
2016-07-28,600654,18.47516562,18.47516562,18.47516562,18.47516562,0.0,0.0,停牌,
2016-07-29,600654,18.47516562,18.47516562,18.47516562,18.47516562,0.0,0.0,停牌,
2016-08-01,600654,18.47516562,18.47516562,18.47516562,18.47516562,0.0,0.0,停牌,
2016-08-02,600654,18.47516562,18.47516562,18.47516562,18.47516562,0.0,0.0,停牌,
2016-08-03,600654,18.47516562,18.47516562,18.47516562,18.47516562,0.0,0.0,停牌,
2016-08-04,600654,18.47516562,18.47516562,18.47516562,18.47516562,0.0,0.0,停牌,
2016-08-05,600654,18.47516562,18.47516562,18.47516562,18.47516562,0.0,0.0,停牌,
2016-08-08,600654,20.31869617,20.31869617,19.93006,20.31869617,38324980.0,781226624.0,,
2016-08-09,600654,20.36852132,22.31170217,19.93006,22.24194696,90531789.0,1932376688.0,,
2016-08-10,600654,21.60418504,22.23198193,21.4248145,21.74369546,58603358.0,1279019456.0,,
2016-08-11,600654,21.53442983,21.68390528,20.8269127,20.90663294,37822481.0,803733968.0,,
2016-08-12,600654,21.04614336,21.26537402,20.61764707,21.05610839,29321304.0,617296784.0,,
2016-08-15,600654,21.10593354,21.66397522,20.51799677,21.31519917,44091925.0,936898480.0,,
2016-08-16,600654,21.28530408,21.88320588,21.16572372,21.4248145,40448935.0,874982992.0,,
2016-08-17,600654,21.56432492,21.66397522,21.0262133,21.27533905,27439526.0,585111648.0,,
2016-08-18,600654,21.28530408,21.35505929,20.87673785,20.926563,24896997.0,526647520.0,,
2016-08-19,600654,20.94649306,21.4248145,20.74719246,21.09596851,25066501.0,533381808.0,,
2016-08-22,600654,21.10593354,21.14579366,19.95995509,20.04964036,30207971.0,620244832.0,,
2016-08-23,600654,20.04964036,20.38845138,19.59124898,20.35855629,23427224.0,468279616.0,,
2016-08-24,600654,20.45820659,20.47813665,20.10943054,20.15925569,12657096.0,257061642.0,,
2016-08-25,600654,20.01974527,20.0297103,19.58128395,19.90016491,15188816.0,302000768.0,,
2016-08-26,600654,19.93006,20.37848635,19.93006,20.14929066,17702704.0,358904240.0,,
2016-08-29,600654,20.00978024,20.60768204,19.98985018,20.24894096,16964881.0,346237200.0,,
2016-08-30,600654,20.51799677,21.39491941,20.40838144,21.2255139,42800464.0,898951344.0,,
2016-08-31,600654,21.17568875,21.40488444,20.80698264,21.17568875,28895768.0,612297760.0,,
2016-09-01,600654,21.18565378,21.25540899,20.5279618,20.60768204,20921017.0,439526048.0,,
2016-09-02,600654,20.46817162,20.76712252,19.98985018,20.15925569,18633733.0,381357104.0,,
2016-09-05,600654,20.26887102,20.26887102,19.79054958,19.94999006,17550713.0,352632688.0,,
2016-09-06,600654,19.94999006,20.71729737,19.8304097,20.56782192,21911780.0,446371216.0,,
2016-09-07,600654,20.57778695,21.65401019,20.3286612,21.19561881,40890406.0,862333184.0,,
2016-09-08,600654,20.926563,21.21554887,20.8269127,20.96642312,22528942.0,474746016.0,,
2016-09-09,600654,20.96642312,21.89317091,20.96642312,21.4248145,52147605.0,1128446080.0,,
2016-09-12,600654,20.8269127,21.0262133,20.0297103,20.07953545,34445383.0,711207200.0,,
2016-09-13,600654,20.30873114,22.08250648,20.0297103,21.67394025,50854827.0,1077212368.0,,
2016-09-14,600654,21.3251642,23.4178205,21.2255139,22.75016349,86423357.0,1944751856.0,,
2016-09-19,600654,22.78005858,24.67341428,22.30173714,24.29474314,89210467.0,2093904400.0,,
2016-09-20,600654,24.10540757,24.66344925,23.45768062,23.85628182,85653536.0,2058032096.0,,
2016-09-21,600654,23.58722601,24.10540757,23.33810026,23.65698122,48991191.0,1163672624.0,,
2016-09-22,600654,23.87621188,23.98582721,23.18862481,23.22848493,48239749.0,1132585616.0,,
2016-09-23,600654,23.09893954,24.06554745,23.0192193,23.56729595,59018758.0,1398722816.0,,
2016-09-26,600654,23.50750577,23.5174708,22.21205187,22.39142241,48541881.0,1109324208.0,,
2016-09-27,600654,22.39142241,22.99928924,22.23198193,22.83984876,35065317.0,795941648.0,,
2016-09-28,600654,22.919569,23.30820517,22.5209678,22.92953403,36581913.0,844259488.0,,
2016-09-29,600654,22.80995367,23.20855487,22.6206181,22.65051319,28806317.0,660055200.0,,
2016-09-30,600654,22.57079295,23.09893954,22.5209678,22.69037331,25656030.0,586652352.0,,
2016-10-10,600654,22.919569,23.85628182,22.82988373,23.78652661,49171010.0,1155432384.0,,
2016-10-11,600654,23.68687631,24.00575727,23.4178205,23.62708613,36732224.0,871014768.0,,
2016-10-12,600654,23.4178205,23.54736589,23.03914936,23.16869475,29071210.0,676977088.0,,
2016-10-13,600654,23.1188696,23.48757571,22.96939415,23.27831008,25867811.0,602210496.0,,
2016-10-14,600654,23.1188696,23.19858984,22.29177211,22.45121259,33944784.0,772376352.0,,
2016-10-17,600654,22.4213175,22.6206181,21.53442983,21.71380037,31689183.0,701070976.0,,
2016-10-18,600654,21.73373043,22.10243654,21.57428995,22.08250648,22845506.0,500780048.0,,
2016-10-19,600654,22.08250648,22.14229666,21.73373043,21.8234157,19838420.0,435311248.0,,
2016-10-20,600654,21.84334576,22.39142241,21.53442983,22.2220169,29741395.0,656139424.0,,
2016-10-21,600654,22.14229666,22.14229666,21.6241151,21.8234157,18328299.0,402678128.0,,
2016-10-24,600654,21.7237654,22.07254145,21.65401019,21.79352061,16517802.0,362196752.0,,
2016-10-25,600654,21.76362552,22.4213175,21.7237654,22.20208684,26009185.0,576715504.0,,
2016-10-26,600654,22.15226169,22.3216672,21.73373043,21.79352061,18682312.0,411843040.0,,
2016-10-27,600654,21.71380037,21.98285618,21.61415007,21.89317091,11782023.0,257635236.0,,
2016-10-28,600654,21.87324085,21.97289115,20.926563,20.96642312,22248321.0,479615856.0,,
2016-10-31,600654,20.99631821,21.0262133,20.2290109,20.38845138,21947985.0,451126176.0,,
2016-11-01,600654,20.47813665,20.66747222,20.37848635,20.56782192,17529233.0,360535936.0,,
2016-11-02,600654,20.50803174,20.50803174,19.94999006,20.06957042,22751951.0,460716240.0,,
2016-11-03,600654,19.88023485,20.33862623,19.85033976,20.07953545,19255945.0,388637456.0,,
2016-11-04,600654,20.07953545,20.28880108,20.03967533,20.11939557,14177499.0,286855584.0,,
2016-11-07,600654,20.11939557,20.65750719,20.11939557,20.35855629,19047506.0,390460192.0,,
2016-11-08,600654,20.4283115,20.5279618,20.18915078,20.25890599,12942322.0,263603921.0,,
2016-11-09,600654,20.1293606,20.2290109,19.14282263,19.41187844,30882218.0,610848160.0,,
2016-11-10,600654,19.72079437,19.78058455,19.49159868,19.57131892,17553127.0,345665632.0,,
2016-11-11,600654,19.58128395,19.77061952,19.49159868,19.54142383,18503161.0,363754032.0,,
2016-11-14,600654,19.5314588,19.80051461,19.49159868,19.67096922,15456947.0,305118096.0,,
2016-11-15,600654,19.64107413,20.6276121,19.56135389,20.4283115,38600803.0,786108064.0,,
2016-11-16,600654,20.27883605,20.69736731,20.23897593,20.28880108,19503609.0,398805728.0,,
2016-11-17,600654,20.29876611,20.37848635,19.96992012,20.07953545,13995741.0,282006752.0,,
2016-11-18,600654,20.00978024,20.2290109,19.78058455,19.84037473,13590433.0,272905008.0,,
2016-11-21,600654,20.0297103,20.30873114,19.87026982,20.01974527,14019039.0,282280192.0,,
2016-11-22,600654,20.00978024,20.07953545,19.8304097,20.06957042,15104763.0,301725088.0,,
2016-11-23,600654,20.06957042,20.08950048,19.7307594,19.79054958,13734548.0,274601776.0,,
2016-11-24,600654,19.80051461,19.86030479,19.41187844,19.42184347,16274275.0,319852512.0,,
2016-11-25,600654,19.48163365,19.58128395,18.97341712,19.4318085,14162407.0,273590672.0,,
2016-11-28,600654,19.56135389,19.68093425,19.37201832,19.58128395,11997175.0,235118153.0,,
2016-11-29,600654,19.59124898,19.6311091,19.21257784,19.26240299,10422178.0,203114121.0,,
2016-11-30,600654,19.26240299,19.51152874,19.08303245,19.29229808,9355113.0,181236476.0,,
2016-12-01,600654,19.30226311,19.52149377,19.25243796,19.46170359,8932181.0,173794213.0,,
2016-12-02,600654,19.48163365,19.48163365,18.933557,18.95348706,12415162.0,238623604.0,,
2016-12-05,600654,18.50506071,18.96345209,18.34562023,18.69439628,10611954.0,199878671.0,,
2016-12-06,600654,18.7342564,18.96345209,18.7342564,18.84387173,7202877.0,136153287.0,,
2016-12-07,600654,18.90366191,19.45173856,18.8339067,19.39194838,15624780.0,301058928.0,,
2016-12-08,600654,19.4318085,19.44177353,19.12289257,19.16275269,10997524.0,212420779.0,,
2016-12-09,600654,19.11292754,19.37201832,19.05313736,19.14282263,12993020.0,250104923.0,,
2016-12-12,600654,19.16275269,19.21257784,17.22953687,17.40890741,20836332.0,381324112.0,,
2016-12-13,600654,17.3391522,17.54841783,17.2395019,17.36904729,11123242.0,194239578.0,,
2016-12-14,600654,17.36904729,17.36904729,17.36904729,17.36904729,0.0,0.0,,
2016-12-15,600654,17.36904729,17.36904729,17.36904729,17.36904729,0.0,0.0,停牌,
2016-12-16,600654,17.36904729,17.36904729,17.36904729,17.36904729,0.0,0.0,停牌,
2016-12-19,600654,17.36904729,17.36904729,17.36904729,17.36904729,0.0,0.0,停牌,
2016-12-20,600654,17.36904729,17.36904729,17.36904729,17.36904729,0.0,0.0,停牌,
2016-12-21,600654,17.36904729,17.36904729,17.36904729,17.36904729,0.0,0.0,停牌,
2016-12-22,600654,17.36904729,17.36904729,17.36904729,17.36904729,0.0,0.0,停牌,
2016-12-23,600654,17.36904729,17.36904729,17.36904729,17.36904729,0.0,0.0,停牌,
2016-12-26,600654,17.36904729,17.36904729,17.36904729,17.36904729,0.0,0.0,停牌,
2016-12-27,600654,17.36904729,17.36904729,17.36904729,17.36904729,0.0,0.0,停牌,
2016-12-28,600654,17.36904729,17.36904729,17.36904729,17.36904729,0.0,0.0,停牌,
2016-12-29,600654,17.36904729,17.36904729,17.36904729,17.36904729,0.0,0.0,停牌,
2016-12-30,600654,17.36904729,17.36904729,17.36904729,17.36904729,0.0,0.0,停牌,
2017-01-03,600654,17.36904729,17.36904729,17.36904729,17.36904729,0.0,0.0,停牌,
2017-01-04,600654,17.36904729,17.36904729,17.36904729,17.36904729,0.0,0.0,停牌,
2017-01-05,600654,17.36904729,17.36904729,17.36904729,17.36904729,0.0,0.0,停牌,
2017-01-06,600654,17.36904729,17.36904729,17.36904729,17.36904729,0.0,0.0,停牌,
2017-01-09,600654,17.36904729,17.36904729,17.36904729,17.36904729,0.0,0.0,停牌,
2017-01-10,600654,17.36904729,17.36904729,17.36904729,17.36904729,0.0,0.0,停牌,
2017-01-11,600654,17.36904729,17.36904729,17.36904729,17.36904729,0.0,0.0,停牌,
2017-01-12,600654,17.36904729,17.36904729,17.36904729,17.36904729,0.0,0.0,停牌,
2017-01-13,600654,17.36904729,17.36904729,17.36904729,17.36904729,0.0,0.0,停牌,
2017-01-16,600654,17.36904729,17.36904729,17.36904729,17.36904729,0.0,0.0,停牌,
2017-01-17,600654,17.36904729,17.36904729,17.36904729,17.36904729,0.0,0.0,停牌,
2017-01-18,600654,17.36904729,17.36904729,17.36904729,17.36904729,0.0,0.0,停牌,
2017-01-19,600654,17.36904729,17.36904729,17.36904729,17.36904729,0.0,0.0,停牌,
2017-01-20,600654,17.36904729,17.36904729,17.36904729,17.36904729,0.0,0.0,停牌,
2017-01-23,600654,17.36904729,17.36904729,17.36904729,17.36904729,0.0,0.0,停牌,
2017-01-24,600654,17.36904729,17.36904729,17.36904729,17.36904729,0.0,0.0,停牌,
2017-01-25,600654,17.36904729,17.36904729,17.36904729,17.36904729,0.0,0.0,停牌,
2017-01-26,600654,17.36904729,17.36904729,17.36904729,17.36904729,0.0,0.0,停牌,
2017-02-03,600654,17.36904729,17.36904729,17.36904729,17.36904729,0.0,0.0,停牌,
2017-02-06,600654,17.36904729,17.36904729,17.36904729,17.36904729,0.0,0.0,停牌,
2017-02-07,600654,17.36904729,17.36904729,17.36904729,17.36904729,0.0,0.0,停牌,
2017-02-08,600654,17.36904729,17.36904729,17.36904729,17.36904729,0.0,0.0,停牌,
2017-02-09,600654,17.36904729,17.36904729,17.36904729,17.36904729,0.0,0.0,停牌,
2017-02-10,600654,17.36904729,17.36904729,17.36904729,17.36904729,0.0,0.0,停牌,
2017-02-13,600654,17.36904729,17.36904729,17.36904729,17.36904729,0.0,0.0,停牌,
2017-02-14,600654,17.36904729,17.36904729,17.36904729,17.36904729,0.0,0.0,停牌,
2017-02-15,600654,17.36904729,17.36904729,17.36904729,17.36904729,0.0,0.0,停牌,
2017-02-16,600654,17.36904729,17.36904729,17.36904729,17.36904729,0.0,0.0,停牌,
2017-02-17,600654,17.36904729,17.36904729,17.36904729,17.36904729,0.0,0.0,停牌,
2017-02-20,600654,17.36904729,17.36904729,17.36904729,17.36904729,0.0,0.0,停牌,
2017-02-21,600654,17.36904729,17.36904729,17.36904729,17.36904729,0.0,0.0,停牌,
2017-02-22,600654,17.36904729,17.36904729,17.36904729,17.36904729,0.0,0.0,停牌,
2017-02-23,600654,17.36904729,17.36904729,17.36904729,17.36904729,0.0,0.0,停牌,
2017-02-24,600654,17.36904729,17.36904729,17.36904729,17.36904729,0.0,0.0,停牌,
2017-02-27,600654,17.36904729,17.36904729,17.36904729,17.36904729,0.0,0.0,停牌,
2017-02-28,600654,17.36904729,17.36904729,17.36904729,17.36904729,0.0,0.0,停牌,
2017-03-01,600654,17.36904729,17.36904729,17.36904729,17.36904729,0.0,0.0,停牌,
2017-03-02,600654,17.36904729,17.36904729,17.36904729,17.36904729,0.0,0.0,停牌,
2017-03-03,600654,17.36904729,17.36904729,17.36904729,17.36904729,0.0,0.0,停牌,
2017-03-06,600654,17.36904729,17.36904729,17.36904729,17.36904729,0.0,0.0,停牌,
2017-03-07,600654,17.36904729,17.36904729,17.36904729,17.36904729,0.0,0.0,停牌,
2017-03-08,600654,17.36904729,17.36904729,17.36904729,17.36904729,0.0,0.0,停牌,
2017-03-09,600654,17.36904729,17.36904729,17.36904729,17.36904729,0.0,0.0,停牌,
2017-03-10,600654,17.36904729,17.36904729,17.36904729,17.36904729,0.0,0.0,停牌,
2017-03-13,600654,17.36904729,17.36904729,17.36904729,17.36904729,0.0,0.0,停牌,
2017-03-14,600654,17.36904729,17.36904729,17.36904729,17.36904729,0.0,0.0,停牌,
2017-03-15,600654,17.36904729,17.36904729,17.36904729,17.36904729,0.0,0.0,停牌,
2017-03-16,600654,17.36904729,17.36904729,17.36904729,17.36904729,0.0,0.0,停牌,
2017-03-17,600654,17.36904729,17.36904729,17.36904729,17.36904729,0.0,0.0,停牌,
2017-03-20,600654,17.36904729,17.36904729,17.36904729,17.36904729,0.0,0.0,停牌,
2017-03-21,600654,17.36904729,17.36904729,17.36904729,17.36904729,0.0,0.0,停牌,
2017-03-22,600654,17.36904729,17.36904729,17.36904729,17.36904729,0.0,0.0,停牌,
2017-03-23,600654,17.36904729,17.36904729,17.36904729,17.36904729,0.0,0.0,停牌,
2017-03-24,600654,17.36904729,17.36904729,17.36904729,17.36904729,0.0,0.0,停牌,
2017-03-27,600654,17.36904729,17.36904729,17.36904729,17.36904729,0.0,0.0,停牌,
2017-03-28,600654,17.36904729,17.36904729,17.36904729,17.36904729,0.0,0.0,停牌,
2017-03-29,600654,17.36904729,17.36904729,17.36904729,17.36904729,0.0,0.0,停牌,
2017-03-30,600654,17.36904729,17.36904729,17.36904729,17.36904729,0.0,0.0,停牌,
2017-03-31,600654,17.36904729,17.36904729,17.36904729,17.36904729,0.0,0.0,停牌,
2017-04-05,600654,17.36904729,17.36904729,17.36904729,17.36904729,0.0,0.0,停牌,
2017-04-06,600654,17.36904729,17.36904729,17.36904729,17.36904729,0.0,0.0,停牌,
2017-04-07,600654,17.36904729,17.36904729,17.36904729,17.36904729,0.0,0.0,停牌,
2017-04-10,600654,17.36904729,17.36904729,17.36904729,17.36904729,0.0,0.0,停牌,
2017-04-11,600654,17.36904729,17.36904729,17.36904729,17.36904729,0.0,0.0,停牌,
2017-04-12,600654,17.36904729,17.36904729,17.36904729,17.36904729,0.0,0.0,停牌,
2017-04-13,600654,17.36904729,17.36904729,17.36904729,17.36904729,0.0,0.0,停牌,
2017-04-14,600654,17.36904729,17.36904729,17.36904729,17.36904729,0.0,0.0,停牌,
2017-04-17,600654,17.36904729,17.36904729,17.36904729,17.36904729,0.0,0.0,停牌,
2017-04-18,600654,17.36904729,17.36904729,17.36904729,17.36904729,0.0,0.0,停牌,
2017-04-19,600654,17.36904729,17.36904729,17.36904729,17.36904729,0.0,0.0,停牌,
2017-04-20,600654,17.36904729,17.36904729,17.36904729,17.36904729,0.0,0.0,停牌,
2017-04-21,600654,17.36904729,17.36904729,17.36904729,17.36904729,0.0,0.0,停牌,
2017-04-24,600654,17.36904729,17.36904729,17.36904729,17.36904729,0.0,0.0,停牌,
2017-04-25,600654,17.36904729,17.36904729,17.36904729,17.36904729,0.0,0.0,停牌,
2017-04-26,600654,17.36904729,17.36904729,17.36904729,17.36904729,0.0,0.0,停牌,
2017-04-27,600654,17.36904729,17.36904729,17.36904729,17.36904729,0.0,0.0,停牌,
2017-04-28,600654,17.36904729,17.36904729,17.36904729,17.36904729,0.0,0.0,停牌,
2017-05-02,600654,17.36904729,17.36904729,17.36904729,17.36904729,0.0,0.0,停牌,
2017-05-03,600654,17.36904729,17.36904729,17.36904729,17.36904729,0.0,0.0,停牌,
2017-05-04,600654,17.36904729,17.36904729,17.36904729,17.36904729,0.0,0.0,停牌,
2017-05-05,600654,17.36904729,17.36904729,17.36904729,17.36904729,0.0,0.0,停牌,
2017-05-08,600654,17.36904729,17.36904729,17.36904729,17.36904729,0.0,0.0,停牌,
2017-05-09,600654,17.36904729,17.36904729,17.36904729,17.36904729,0.0,0.0,停牌,
2017-05-10,600654,17.36904729,17.36904729,17.36904729,17.36904729,0.0,0.0,停牌,
2017-05-11,600654,17.36904729,17.36904729,17.36904729,17.36904729,0.0,0.0,停牌,
2017-05-12,600654,17.36904729,17.36904729,17.36904729,17.36904729,0.0,0.0,停牌,
2017-05-15,600654,17.36904729,17.36904729,17.36904729,17.36904729,0.0,0.0,停牌,
2017-05-16,600654,17.36904729,17.36904729,17.36904729,17.36904729,0.0,0.0,停牌,
2017-05-17,600654,17.36904729,17.36904729,17.36904729,17.36904729,0.0,0.0,停牌,
2017-05-18,600654,17.36904729,17.36904729,17.36904729,17.36904729,0.0,0.0,停牌,
2017-05-19,600654,17.36904729,17.36904729,17.36904729,17.36904729,0.0,0.0,停牌,
2017-05-22,600654,17.36904729,17.36904729,17.36904729,17.36904729,0.0,0.0,停牌,
2017-05-23,600654,17.36904729,17.36904729,17.36904729,17.36904729,0.0,0.0,停牌,
2017-05-24,600654,17.36904729,17.36904729,17.36904729,17.36904729,0.0,0.0,停牌,
2017-05-25,600654,17.36904729,17.36904729,17.36904729,17.36904729,0.0,0.0,停牌,
2017-05-26,600654,17.36904729,17.36904729,17.36904729,17.36904729,0.0,0.0,停牌,
2017-05-31,600654,16.50208968,16.50208968,16.50208968,16.50208968,83500.0,1382760.0,,
2017-06-01,600654,15.67499219,15.67499219,15.67499219,15.67499219,140000.0,2202200.0,,
2017-06-02,600654,14.88775482,14.88775482,14.88775482,14.88775482,111200.0,1661328.0,,
2017-06-05,600654,14.14037757,14.14037757,14.14037757,14.14037757,77000.0,1092630.0,,
2017-06-06,600654,13.43286044,13.43286044,13.43286044,13.43286044,21000.0,283080.0,,
2017-06-07,600654,13.43286044,13.43286044,13.43286044,13.43286044,0.0,0.0,停牌,
2017-06-08,600654,13.43286044,13.43286044,13.43286044,13.43286044,0.0,0.0,停牌,
2017-06-09,600654,13.43286044,13.43286044,13.43286044,13.43286044,0.0,0.0,停牌,
2017-06-12,600654,13.43286044,13.43286044,13.43286044,13.43286044,0.0,0.0,停牌,
2017-06-13,600654,13.43286044,13.43286044,13.43286044,13.43286044,0.0,0.0,停牌,
2017-06-14,600654,13.43286044,13.43286044,13.43286044,13.43286044,0.0,0.0,停牌,
2017-06-15,600654,13.43286044,13.43286044,13.43286044,13.43286044,0.0,0.0,停牌,
2017-06-16,600654,13.43286044,13.43286044,13.43286044,13.43286044,0.0,0.0,停牌,
2017-06-19,600654,13.43286044,13.43286044,13.43286044,13.43286044,0.0,0.0,停牌,
2017-06-20,600654,13.43286044,13.43286044,13.43286044,13.43286044,0.0,0.0,停牌,
2017-06-21,600654,13.43286044,13.43286044,13.43286044,13.43286044,0.0,0.0,停牌,
2017-06-22,600654,13.43286044,13.43286044,13.43286044,13.43286044,0.0,0.0,停牌,
2017-06-23,600654,13.43286044,13.43286044,13.43286044,13.43286044,0.0,0.0,停牌,
2017-06-26,600654,13.43286044,13.43286044,13.43286044,13.43286044,0.0,0.0,停牌,
2017-06-27,600654,13.43286044,13.43286044,13.43286044,13.43286044,0.0,0.0,停牌,
2017-06-28,600654,13.43286044,13.43286044,13.43286044,13.43286044,0.0,0.0,停牌,
2017-06-29,600654,13.43286044,13.43286044,13.43286044,13.43286044,0.0,0.0,停牌,
2017-06-30,600654,13.43286044,13.43286044,13.43286044,13.43286044,0.0,0.0,停牌,
2017-07-03,600654,13.43286044,13.43286044,13.43286044,13.43286044,0.0,0.0,停牌,
2017-07-04,600654,13.43286044,13.43286044,13.43286044,13.43286044,0.0,0.0,停牌,
2017-07-05,600654,13.43286044,13.43286044,13.43286044,13.43286044,0.0,0.0,停牌,
2017-07-06,600654,13.43286044,13.43286044,13.43286044,13.43286044,0.0,0.0,停牌,
2017-07-07,600654,13.43286044,13.43286044,13.43286044,13.43286044,0.0,0.0,停牌,
2017-07-10,600654,13.43286044,13.43286044,13.43286044,13.43286044,0.0,0.0,停牌,
2017-07-11,600654,13.43286044,13.43286044,13.43286044,13.43286044,0.0,0.0,停牌,
2017-07-12,600654,13.43286044,13.43286044,13.43286044,13.43286044,0.0,0.0,停牌,
2017-07-13,600654,13.43286044,13.43286044,13.43286044,13.43286044,0.0,0.0,停牌,
2017-07-14,600654,13.43286044,13.43286044,13.43286044,13.43286044,0.0,0.0,停牌,
2017-07-17,600654,13.43286044,13.43286044,13.43286044,13.43286044,0.0,0.0,停牌,
2017-07-18,600654,13.43286044,13.43286044,13.43286044,13.43286044,0.0,0.0,停牌,
2017-07-19,600654,13.43286044,13.43286044,13.43286044,13.43286044,0.0,0.0,停牌,
2017-07-20,600654,13.43286044,13.43286044,13.43286044,13.43286044,0.0,0.0,停牌,
2017-07-21,600654,13.43286044,13.43286044,13.43286044,13.43286044,0.0,0.0,停牌,
2017-07-24,600654,13.43286044,13.43286044,13.43286044,13.43286044,0.0,0.0,停牌,
2017-07-25,600654,13.43286044,13.43286044,13.43286044,13.43286044,0.0,0.0,停牌,
2017-07-26,600654,13.43286044,13.43286044,13.43286044,13.43286044,0.0,0.0,停牌,
2017-07-27,600654,13.43286044,13.43286044,13.43286044,13.43286044,0.0,0.0,停牌,
2017-07-28,600654,13.43286044,13.43286044,13.43286044,13.43286044,0.0,0.0,停牌,
2017-07-31,600654,13.43286044,13.43286044,13.43286044,13.43286044,0.0,0.0,停牌,
2017-08-01,600654,13.43286044,13.43286044,13.43286044,13.43286044,0.0,0.0,停牌,
2017-08-02,600654,13.43286044,13.43286044,13.43286044,13.43286044,0.0,0.0,停牌,
2017-08-03,600654,13.43286044,13.43286044,13.43286044,13.43286044,0.0,0.0,停牌,
2017-08-04,600654,13.43286044,13.43286044,13.43286044,13.43286044,0.0,0.0,停牌,
2017-08-07,600654,13.43286044,13.43286044,13.43286044,13.43286044,0.0,0.0,停牌,
2017-08-08,600654,13.43286044,13.43286044,13.43286044,13.43286044,0.0,0.0,停牌,
2017-08-09,600654,13.43286044,13.43286044,13.43286044,13.43286044,0.0,0.0,停牌,
2017-08-10,600654,13.43286044,13.43286044,13.43286044,13.43286044,0.0,0.0,停牌,
2017-08-11,600654,13.43286044,13.43286044,13.43286044,13.43286044,0.0,0.0,停牌,
2017-08-14,600654,13.43286044,13.43286044,13.43286044,13.43286044,0.0,0.0,停牌,
2017-08-15,600654,13.43286044,13.43286044,13.43286044,13.43286044,0.0,0.0,停牌,
2017-08-16,600654,13.43286044,13.43286044,13.43286044,13.43286044,0.0,0.0,停牌,
2017-08-17,600654,13.43286044,13.43286044,13.43286044,13.43286044,0.0,0.0,停牌,
2017-08-18,600654,13.43286044,13.43286044,13.43286044,13.43286044,0.0,0.0,停牌,
2017-08-21,600654,13.43286044,13.43286044,13.43286044,13.43286044,0.0,0.0,停牌,
2017-08-22,600654,13.43286044,13.43286044,13.43286044,13.43286044,0.0,0.0,停牌,
2017-08-23,600654,13.43286044,13.43286044,13.43286044,13.43286044,0.0,0.0,停牌,
2017-08-24,600654,13.43286044,13.43286044,13.43286044,13.43286044,0.0,0.0,停牌,
2017-08-25,600654,13.43286044,13.43286044,13.43286044,13.43286044,0.0,0.0,停牌,
2017-08-28,600654,13.43286044,13.43286044,13.43286044,13.43286044,0.0,0.0,停牌,
2017-08-29,600654,13.43286044,13.43286044,13.43286044,13.43286044,0.0,0.0,停牌,
2017-08-30,600654,13.43286044,13.43286044,13.43286044,13.43286044,0.0,0.0,停牌,
2017-08-31,600654,13.43286044,13.43286044,13.43286044,13.43286044,0.0,0.0,停牌,
2017-09-01,600654,13.43286044,13.43286044,13.43286044,13.43286044,0.0,0.0,停牌,
2017-09-04,600654,13.43286044,13.43286044,13.43286044,13.43286044,0.0,0.0,停牌,
2017-09-05,600654,13.43286044,13.43286044,13.43286044,13.43286044,0.0,0.0,停牌,
2017-09-06,600654,13.43286044,13.43286044,13.43286044,13.43286044,0.0,0.0,停牌,
2017-09-07,600654,13.43286044,13.43286044,13.43286044,13.43286044,0.0,0.0,停牌,
2017-09-08,600654,13.43286044,13.43286044,13.43286044,13.43286044,0.0,0.0,停牌,
2017-09-11,600654,13.43286044,13.43286044,13.43286044,13.43286044,0.0,0.0,停牌,
2017-09-12,600654,13.43286044,13.43286044,13.43286044,13.43286044,0.0,0.0,停牌,
2017-09-13,600654,12.76520343,12.76520343,12.76520343,12.76520343,128200.0,1642242.0,,
2017-09-14,600654,12.12744151,12.12744151,12.12744151,12.12744151,314400.0,3826248.0,,
2017-09-15,600654,11.51957468,11.51957468,11.51957468,11.51957468,147200.0,1701632.0,,
2017-09-18,600654,10.94160294,10.94160294,10.94160294,10.94160294,191300.0,2100474.0,,
2017-09-19,600654,10.39352629,10.39352629,10.39352629,10.39352629,167300.0,1744939.0,,
2017-09-20,600654,9.87534473,9.87534473,9.87534473,9.87534473,387200.0,3837152.0,,
2017-09-21,600654,9.37709323,9.37709323,9.37709323,9.37709323,452800.0,4260848.0,,
2017-09-22,600654,8.90873682,8.90873682,8.90873682,8.90873682,388600.0,3474084.0,,
2017-09-25,600654,8.46031047,8.46031047,8.46031047,8.46031047,260600.0,2212494.0,,
2017-09-26,600654,8.04177921,8.04177921,8.04177921,8.04177921,311000.0,2509770.0,,
2017-09-27,600654,7.64317801,7.64317801,7.64317801,7.64317801,1090900.0,8367203.0,,
2017-09-28,600654,7.26450687,7.26450687,7.26450687,7.26450687,6127500.0,44669475.0,,
2017-09-29,600654,6.90576579,7.24457681,6.90576579,6.92569585,150347713.0,1045479273.0,,
2017-10-09,600654,6.76625537,6.78618543,6.5769198,6.5769198,79996610.0,536827799.0,,
2017-10-10,600654,6.52709465,6.85594064,6.52709465,6.78618543,55528178.0,376125869.0,,
2017-10-11,600654,6.73636028,6.83601058,6.68653513,6.69650016,41263812.0,279825278.0,,
2017-10-12,600654,6.72639525,6.79615046,6.68653513,6.7762204,26746371.0,181106632.0,,
2017-10-13,600654,6.7762204,7.11503142,6.73636028,7.11503142,42474394.0,298727975.0,,
2017-10-16,600654,7.11503142,7.25454184,6.79615046,6.91573082,60360957.0,425176613.0,,
2017-10-17,600654,6.8758707,7.09510136,6.79615046,6.99545106,29902829.0,208619822.0,,
2017-10-18,600654,6.95559094,6.975521,6.74632531,6.76625537,27639216.0,189983613.0,,
2017-10-19,600654,6.7762204,6.80611549,6.54702471,6.5769198,29092197.0,193017807.0,,
2017-10-20,600654,6.55698974,6.68653513,6.42744435,6.66660507,19666700.0,129824933.0,,
2017-10-23,600654,6.69650016,6.99545106,6.61677992,6.8758707,31014822.0,212919138.0,,
2017-10-24,600654,6.84597561,6.95559094,6.66660507,6.79615046,19874766.0,135895074.0,,
2017-10-25,600654,6.7762204,6.91573082,6.75629034,6.83601058,16329337.0,111883975.0,,
2017-10-26,600654,6.84597561,6.93566088,6.74632531,6.80611549,20648414.0,141232265.0,,
2017-10-27,600654,6.78618543,6.78618543,6.64667501,6.6765701,20732164.0,139802529.0,,
2017-10-30,600654,6.65664004,6.73636028,6.34772411,6.34772411,32214966.0,208577346.0,,
2017-10-31,600654,6.30786399,6.43740938,6.28793393,6.3776192,16546239.0,105503282.0,,
2017-11-01,600654,6.38758423,6.41747932,6.28793393,6.30786399,17640846.0,112288220.0,,
2017-11-02,600654,6.28793393,6.28793393,5.98898303,5.98898303,40668546.0,246435921.0,,
2017-11-03,600654,5.98898303,6.03880818,5.69003213,5.70996219,43407016.0,252480118.0,,
2017-11-06,600654,5.81957752,5.99894806,5.71992722,5.90926279,31360440.0,184370010.0,,
2017-11-07,600654,5.86940267,5.8793677,5.73985728,5.80961249,24893212.0,145114053.0,,
2017-11-08,600654,5.7797174,6.02884315,5.76975237,5.94912291,25094905.0,148890789.0,,
2017-11-09,600654,5.92919285,5.99894806,5.8793677,5.95908794,16161330.0,96406676.0,,
2017-11-10,600654,5.93915788,6.10856339,5.91922782,5.98898303,22727916.0,137254101.0,,
2017-11-13,600654,5.8793677,5.8793677,5.69003213,5.69003213,36041822.0,207056988.0,,
2017-11-14,600654,5.62027692,5.71992722,5.50069656,5.56048674,25267858.0,142526165.0,,
2017-11-15,600654,5.69999716,5.83950758,5.69999716,5.83950758,14929952.0,87008276.0,,
2017-11-16,600654,6.0786683,6.12849345,5.96905297,6.12849345,20644795.0,125612739.0,,
2017-11-17,600654,6.2779689,6.40751429,5.85943764,5.96905297,60666167.0,376801137.0,,
2017-11-20,600654,5.98898303,5.98898303,5.67010207,5.86940267,26165377.0,152165656.0,,
2017-11-21,600654,5.83950758,5.89929776,5.70996219,5.80961249,20473346.0,119013087.0,,
2017-11-22,600654,5.7797174,5.78968243,5.64020698,5.69999716,17080652.0,97984403.0,,
2017-11-23,600654,5.6800671,5.69003213,5.44090638,5.47080147,18628770.0,104724525.0,,
2017-11-24,600654,5.42097632,5.45087141,5.29143093,5.42097632,18758206.0,101351255.0,,
2017-11-27,600654,5.3811162,5.63024195,5.25157081,5.46083644,26991773.0,146709718.0,,
2017-11-28,600654,5.46083644,5.59038183,5.42097632,5.54055668,15422021.0,85268948.0,,
2017-11-29,600654,5.54055668,5.54055668,5.35122111,5.40104626,17906042.0,97409661.0,,
2017-11-30,600654,5.34125608,5.49073153,5.31136099,5.35122111,16347082.0,88324850.0,,
2017-12-01,600654,5.34125608,5.51066159,5.31136099,5.43094135,21743821.0,117836668.0,,
2017-12-04,600654,5.3811162,5.39108123,5.16188554,5.16188554,29698788.0,156402956.0,,
2017-12-05,600654,5.0821653,5.13199045,4.90279476,4.90279476,32378149.0,161649539.0,,
2017-12-06,600654,4.90279476,5.02237512,4.85296961,4.99248003,23302272.0,115558656.0,,
2017-12-07,600654,4.96258494,5.06223524,4.93268985,4.96258494,17802291.0,89264305.0,,
2017-12-08,600654,4.95261991,5.03234015,4.94265488,4.99248003,17713361.0,88904970.0,,
2017-12-11,600654,5.01241009,5.06223524,4.99248003,5.03234015,13805875.0,69684625.0,,
2017-12-12,600654,5.01241009,5.02237512,4.82307452,4.83303955,24923500.0,122684394.0,,
2017-12-13,600654,4.84300458,4.95261991,4.84300458,4.93268985,17161122.0,84627305.0,,
2017-12-14,600654,4.91275979,5.1818156,4.91275979,5.11206039,34326168.0,176693260.0,,
2017-12-15,600654,5.12202542,5.16188554,5.01241009,5.03234015,23614845.0,120180034.0,,
2017-12-18,600654,4.99248003,5.19178063,4.96258494,5.06223524,20824161.0,106163068.0,,
2017-12-19,600654,5.03234015,5.16188554,5.01241009,5.07220027,16177682.0,82726208.0,,
2017-12-20,600654,5.06223524,5.32132602,5.06223524,5.32132602,23145375.0,122989633.0,,
2017-12-21,600654,5.44090638,5.55052171,5.29143093,5.29143093,44782086.0,242943225.0,,
2017-12-22,600654,5.22167572,5.26153584,5.14195548,5.16188554,23752577.0,123906896.0,,
2017-12-25,600654,5.13199045,5.2814659,5.03234015,5.07220027,19915251.0,102715871.0,,
2017-12-26,600654,5.13199045,5.32132602,5.09213033,5.32132602,35125480.0,185900240.0,,
2017-12-27,600654,5.3811162,5.43094135,5.22167572,5.24160578,30493066.0,162874494.0,,
2017-12-28,600654,5.22167572,5.3811162,5.21171069,5.27150087,22823234.0,121220823.0,,
2017-12-29,600654,5.27150087,5.32132602,5.19178063,5.27150087,16830609.0,88685996.0,,
2018-01-02,600654,5.41101129,5.53059165,5.31136099,5.33129105,22223007.0,120211941.0,,
2018-01-03,600654,5.33129105,5.52062662,5.26153584,5.45087141,24039598.0,129976339.0,,
2018-01-04,600654,5.39108123,5.42097632,5.30139596,5.34125608,22339267.0,119722809.0,,
2018-01-05,600654,5.32132602,5.33129105,5.21171069,5.27150087,17566289.0,92751580.0,,
2018-01-08,600654,5.23164075,5.26153584,5.14195548,5.19178063,16927661.0,88276470.0,,
2018-01-09,600654,5.22167572,5.32132602,5.17185057,5.23164075,14717889.0,77272025.0,,
2018-01-10,600654,5.21171069,5.21171069,4.97254997,4.97254997,27332905.0,137688951.0,,
2018-01-11,600654,4.89282973,5.02237512,4.86293464,4.982515,18686192.0,92459792.0,,
2018-01-12,600654,4.96258494,5.02237512,4.90279476,4.93268985,13492854.0,66997987.0,,
2018-01-15,600654,4.93268985,4.93268985,4.6835641,4.71345919,25061425.0,119424023.0,,
2018-01-16,600654,4.73338925,4.90279476,4.73338925,4.75331931,17544857.0,84235411.0,,
2018-01-17,600654,4.69352913,4.69352913,4.51415859,4.60384386,30043981.0,137778855.0,,
2018-01-18,600654,4.56398374,4.66363404,4.54405368,4.5839138,16572842.0,76454887.0,,
2018-01-19,600654,4.5839138,4.60384386,4.36468314,4.41450829,28446172.0,127471140.0,,
2018-01-22,600654,4.44440338,4.45436841,4.29492793,4.44440338,18382449.0,81050937.0,,
2018-01-23,600654,4.43443835,4.66363404,4.35471811,4.55401871,31282602.0,142329646.0,,
2018-01-24,600654,4.50419356,4.59387883,4.46433344,4.52412362,17007423.0,77285673.0,,
2018-01-25,600654,4.4842635,4.57394877,4.46433344,4.47429847,13054043.0,59138834.0,,
2018-01-26,600654,4.44440338,4.50419356,4.35471811,4.39457823,15118136.0,67100704.0,,
2018-01-29,600654,4.37464817,4.39457823,4.17534757,4.20524266,26794420.0,114336714.0,,
2018-01-30,600654,4.17534757,4.21520769,4.07569727,4.11555739,17563300.0,73089445.0,,
2018-01-31,600654,3.97604697,3.97604697,3.90629176,3.90629176,15195308.0,59742104.0,,
2018-02-01,600654,3.71695619,3.7867114,3.70699116,3.70699116,7870284.0,29364860.0,,
2018-02-02,600654,3.51765559,3.5874108,3.51765559,3.51765559,26799846.0,94839451.0,,
2018-02-05,600654,3.39807523,3.43793535,3.33828505,3.33828505,26346865.0,88801685.0,,
2018-02-06,600654,3.17884457,3.25856481,3.16887954,3.16887954,20710155.0,66465953.0,,
2018-02-07,600654,3.14894948,3.23863475,3.00943906,3.19877463,35632713.0,111414993.0,,
2018-02-08,600654,3.16887954,3.31835499,3.13898445,3.26852984,22072352.0,72024582.0,,
2018-02-09,600654,3.20873966,3.22866972,3.10908936,3.10908936,23103698.0,73032888.0,,
2018-02-12,600654,3.10908936,3.20873966,3.10908936,3.16887954,12349614.0,39147134.0,,
2018-02-13,600654,3.1888096,3.19877463,3.06922924,3.12901942,17286798.0,54469396.0,,
2018-02-14,600654,3.10908936,3.1888096,3.09912433,3.15891451,11317836.0,35835022.0,,
2018-02-22,600654,3.15891451,3.27849487,3.13898445,3.24859978,13989540.0,45179048.0,,
2018-02-23,600654,3.22866972,3.29842493,3.19877463,3.23863475,13976371.0,45527119.0,,
2018-02-26,600654,3.24859978,3.35821511,3.23863475,3.34825008,17088568.0,56884186.0,,
2018-02-27,600654,3.32832002,3.34825008,3.29842493,3.31835499,13162763.0,43856165.0,,
2018-02-28,600654,3.30838996,3.31835499,3.23863475,3.29842493,10588711.0,34926218.0,,
2018-03-01,600654,3.26852984,3.46783044,3.26852984,3.39807523,19194725.0,65401902.0,,
2018-03-02,600654,3.35821511,3.45786541,3.34825008,3.35821511,17119488.0,58356408.0,,
2018-03-05,600654,3.20873966,3.27849487,3.1888096,3.1888096,26774136.0,86411297.0,,
2018-03-06,600654,3.19877463,3.24859978,3.1888096,3.23863475,12506975.0,40445457.0,,
2018-03-07,600654,3.22866972,3.25856481,3.19877463,3.21870469,11078478.0,35900323.0,,
2018-03-08,600654,3.20873966,3.33828505,3.20873966,3.26852984,14742901.0,48403282.0,,
2018-03-09,600654,3.26852984,3.33828505,3.25856481,3.32832002,13559700.0,45058528.0,,
2018-03-12,600654,3.26852984,3.36818014,3.24859978,3.35821511,18696013.0,62280675.0,,
2018-03-13,600654,3.35821511,3.47779547,3.33828505,3.42797032,22486612.0,77310652.0,,
2018-03-14,600654,3.40804026,3.44790038,3.32832002,3.32832002,18512651.0,62817315.0,,
2018-03-15,600654,3.2884599,3.31835499,3.16887954,3.20873966,22289726.0,72516176.0,,
2018-03-16,600654,3.1888096,3.25856481,3.1888096,3.22866972,12023403.0,38969623.0,,
2018-03-19,600654,3.21870469,3.24859978,3.17884457,3.24859978,9858299.0,31865583.0,,
2018-03-20,600654,3.20873966,3.25856481,3.1888096,3.24859978,11750192.0,38017567.0,,
2018-03-21,600654,3.23863475,3.35821511,3.20873966,3.24859978,18713989.0,61797071.0,,
2018-03-22,600654,3.23863475,3.27849487,3.20873966,3.21870469,13198909.0,42966792.0,,
2018-03-23,600654,3.09912433,3.09912433,3.05926421,3.05926421,16324300.0,50340206.0,,
2018-03-26,600654,2.90978876,2.96957894,2.90978876,2.95961391,21691677.0,63690294.0,,
2018-03-27,600654,2.989509,3.06922924,2.989509,3.04929918,14736611.0,44813324.0,,
2018-03-28,600654,2.989509,3.04929918,2.989509,3.02936912,10453436.0,31678914.0,,
2018-03-29,600654,3.01940409,3.06922924,3.01940409,3.05926421,7765400.0,23719071.0,,
2018-03-30,600654,3.05926421,3.09912433,3.05926421,3.0891593,8563951.0,26434391.0,,
2018-04-02,600654,3.07919427,3.16887954,3.06922924,3.07919427,9286395.0,28916507.0,,
2018-04-03,600654,3.03933415,3.07919427,3.01940409,3.04929918,9424710.0,28827323.0,,
2018-04-04,600654,3.06922924,3.10908936,3.05926421,3.09912433,9324040.0,28910442.0,,
2018-04-09,600654,3.04929918,3.06922924,2.96957894,3.02936912,13092488.0,39687443.0,,
2018-04-10,600654,3.00943906,3.03933415,2.99947403,3.01940409,8379500.0,25407416.0,,
2018-04-11,600654,3.01940409,3.04929918,3.00943906,3.02936912,7276773.0,22109578.0,,
2018-04-12,600654,3.01940409,3.02936912,2.92971882,2.96957894,13243059.0,39657071.0,,
2018-04-13,600654,2.989509,3.05926421,2.96957894,3.01940409,10243791.0,30907148.0,,
2018-04-16,600654,3.02936912,3.05926421,2.96957894,2.97954397,10133400.0,30561957.0,,
2018-04-17,600654,2.99947403,3.12901942,2.989509,3.11905439,29388306.0,91741744.0,,
2018-04-18,600654,3.0891593,3.13898445,3.03933415,3.10908936,16105902.0,49829164.0,,
2018-04-19,600654,3.09912433,3.1888096,3.0891593,3.13898445,12027820.0,37832960.0,,
2018-04-20,600654,3.11905439,3.14894948,3.02936912,3.04929918,11980501.0,37086846.0,,
2018-04-23,600654,3.05926421,3.1888096,3.05926421,3.13898445,17135400.0,54103136.0,,
2018-04-24,600654,3.12901942,3.16887954,3.09912433,3.13898445,10245895.0,32128297.0,,
2018-04-25,600654,3.0891593,3.27849487,3.0891593,3.1888096,18500996.0,59279987.0,,
2018-04-26,600654,3.19877463,3.21870469,3.15891451,3.17884457,11427114.0,36494057.0,,
2018-04-27,600654,3.20873966,3.23863475,3.03933415,3.13898445,20985391.0,65972107.0,,
2018-05-02,600654,3.2884599,3.29842493,3.24859978,3.29842493,7506674.0,24771370.0,,
2018-05-03,600654,3.41800529,3.42797032,3.27849487,3.30838996,25648053.0,85963929.0,,
2018-05-04,600654,3.29842493,3.47779547,3.27849487,3.47779547,19438059.0,66344067.0,,
2018-05-07,600654,3.47779547,3.60734086,3.42797032,3.50769056,25660977.0,90809415.0,,
2018-05-08,600654,3.4877605,3.53758565,3.40804026,3.45786541,19530712.0,67708321.0,,
2018-05-09,600654,3.45786541,3.45786541,3.45786541,3.45786541,0.0,0.0,,
2018-05-10,600654,3.37814517,3.37814517,3.2884599,3.31835499,25956871.0,86247097.0,,
2018-05-11,600654,3.29842493,3.36818014,3.26852984,3.2884599,14492334.0,48147304.0,,
2018-05-14,600654,3.2884599,3.2884599,3.13898445,3.16887954,16903045.0,54367085.0,,
2018-05-15,600654,3.16887954,3.22866972,3.15891451,3.20873966,8738659.0,28033640.0,,
2018-05-16,600654,3.19877463,3.25856481,3.15891451,3.22866972,8161266.0,26227842.0,,
2018-05-17,600654,3.21870469,3.23863475,3.1888096,3.20873966,7368131.0,23765326.0,,
2018-05-18,600654,3.20873966,3.26852984,3.19877463,3.23863475,7890412.0,25602234.0,,
2018-05-21,600654,3.24859978,3.30838996,3.20873966,3.27849487,11164459.0,36645513.0,,
2018-05-22,600654,3.27849487,3.39807523,3.26852984,3.34825008,12461172.0,41842382.0,,
2018-05-23,600654,3.31835499,3.36818014,3.25856481,3.25856481,11049731.0,36704639.0,,
2018-05-24,600654,3.25856481,3.30838996,3.23863475,3.27849487,7485900.0,24630421.0,,
2018-05-25,600654,3.25856481,3.27849487,3.11905439,3.13898445,17243828.0,54737918.0,,
2018-05-28,600654,3.12901942,3.13898445,3.01940409,3.03933415,10200207.0,31310900.0,,
2018-05-29,600654,2.989509,3.05926421,2.95961391,3.02936912,7644508.0,23178701.0,,
2018-05-30,600654,2.989509,2.99947403,2.87989367,2.87989367,17556500.0,51421913.0,,
2018-05-31,600654,2.87989367,2.91975379,2.84999858,2.8898587,8892713.0,25772096.0,,
2018-06-01,600654,2.87989367,2.92971882,2.83006852,2.89982373,8683400.0,25180306.0,,
2018-06-04,600654,2.8898587,2.90978876,2.85996361,2.87989367,6494542.0,18758978.0,,
2018-06-05,600654,2.8898587,2.91975379,2.87989367,2.89982373,4767508.0,13873553.0,,
2018-06-06,600654,2.8898587,2.97954397,2.87989367,2.95961391,8182424.0,24097069.0,,
2018-06-07,600654,2.94964888,2.95961391,2.92971882,2.94964888,5419628.0,16011181.0,,
2018-06-08,600654,2.93968385,2.93968385,2.84003355,2.86992864,7422903.0,21462232.0,,
2018-06-11,600654,2.86992864,2.92971882,2.85996361,2.8898587,6397810.0,18582593.0,,
2018-06-12,600654,2.89982373,2.96957894,2.89982373,2.92971882,7805500.0,23006336.0,,
2018-06-13,600654,2.92971882,2.94964888,2.85996361,2.86992864,6999100.0,20433779.0,,
2018-06-14,600654,2.84003355,2.8898587,2.83006852,2.84999858,6254805.0,17914107.0,,
2018-06-15,600654,2.84999858,2.86992864,2.71048816,2.71048816,13922941.0,38435466.0,,
2018-06-19,600654,2.61083786,2.67062804,2.57097774,2.57097774,8235600.0,21429762.0,,
2018-06-20,600654,2.4912575,2.52115259,2.44143235,2.46136241,14422568.0,35665149.0,,
2018-06-21,600654,2.47132744,2.55104768,2.36171211,2.37167714,11886358.0,29384679.0,,
2018-06-22,600654,2.36171211,2.41153726,2.2919569,2.40157223,8748791.0,20704131.0,,
2018-06-25,600654,2.43146732,2.45139738,2.37167714,2.38164217,7060199.0,17139890.0,,
2018-06-26,600654,2.34178205,2.42150229,2.30192193,2.42150229,7794156.0,18543254.0,,
2018-06-27,600654,2.40157223,2.54108265,2.40157223,2.47132744,12123839.0,30080027.0,,
2018-06-28,600654,2.45139738,2.47132744,2.35174708,2.38164217,9766500.0,23729092.0,,
2018-06-29,600654,2.37167714,2.45139738,2.36171211,2.44143235,6469843.0,15688973.0,,
2018-07-02,600654,2.43146732,2.47132744,2.3916072,2.43146732,9112534.0,22358180.0,,
2018-07-03,600654,2.41153726,2.4912575,2.3916072,2.47132744,7622605.0,18711148.0,,
2018-07-04,600654,2.45139738,2.46136241,2.40157223,2.42150229,6703000.0,16385743.0,,
2018-07-05,600654,2.42150229,2.44143235,2.31188696,2.31188696,9042535.0,21468636.0,,
2018-07-06,600654,2.31188696,2.35174708,2.20227163,2.28199187,11092954.0,25405394.0,,
2018-07-09,600654,2.2919569,2.32185199,2.26206181,2.32185199,6050666.0,13981649.0,,
2018-07-10,600654,2.32185199,2.33181702,2.27202684,2.32185199,9301064.0,21434311.0,,
2018-07-11,600654,2.2919569,2.2919569,2.20227163,2.21223666,11897546.0,26601996.0,,
2018-07-12,600654,2.20227163,2.27202684,2.1923066,2.25209678,8389503.0,18886886.0,,
2018-07-13,600654,2.25209678,2.28199187,2.24213175,2.26206181,6727255.0,15263810.0,,
2018-07-16,600654,2.25209678,2.26206181,2.22220169,2.25209678,5354103.0,12048880.0,,
2018-07-17,600654,2.25209678,2.33181702,2.24213175,2.28199187,8476399.0,19479055.0,,
2018-07-18,600654,2.27202684,2.32185199,2.26206181,2.26206181,7951700.0,18251569.0,,
2018-07-19,600654,2.26206181,2.27202684,2.20227163,2.22220169,7394657.0,16560619.0,,
2018-07-20,600654,2.22220169,2.26206181,2.1923066,2.25209678,5575405.0,12484095.0,,
2018-07-23,600654,2.23216672,2.26206181,2.22220169,2.25209678,5880545.0,13235073.0,,
2018-07-24,600654,2.25209678,2.30192193,2.24213175,2.28199187,8207606.0,18773908.0,,
2018-07-25,600654,2.2919569,2.32185199,2.27202684,2.30192193,7805441.0,17988997.0,,
2018-07-26,600654,2.30192193,2.37167714,2.28199187,2.36171211,13952218.0,32692399.0,,
2018-07-27,600654,2.34178205,2.36171211,2.31188696,2.32185199,8161822.0,19103267.0,,
2018-07-30,600654,2.2919569,2.30192193,2.20227163,2.21223666,13518600.0,30439880.0,,
2018-07-31,600654,2.20227163,2.24213175,2.20227163,2.23216672,7890823.0,17580899.0,,
2018-08-01,600654,2.21223666,2.23216672,2.12255139,2.13251642,15180718.0,33033094.0,,
2018-08-02,600654,2.13251642,2.13251642,2.02290109,2.03286612,16517061.0,33907920.0,,
2018-08-03,600654,2.02290109,2.03286612,1.98304097,2.02290109,9034889.0,18226633.0,,
2018-08-06,600654,1.993006,2.01293606,1.93321582,1.95314588,10067352.0,19960716.0,,
2018-08-07,600654,1.95314588,2.00297103,1.94318085,2.00297103,7118694.0,14115599.0,,
2018-08-08,600654,1.993006,2.01293606,1.96311091,1.98304097,5499937.0,10977291.0,,
2018-08-09,600654,1.97307594,2.03286612,1.97307594,2.01293606,5818746.0,11736728.0,,
2018-08-10,600654,2.01293606,2.04283115,2.00297103,2.03286612,5231700.0,10622369.0,,
2018-08-13,600654,2.01293606,2.03286612,1.98304097,2.02290109,6208930.0,12486374.0,,
2018-08-14,600654,2.01293606,2.0926563,2.01293606,2.07272624,11403282.0,23700036.0,,
2018-08-15,600654,2.07272624,2.08269127,2.01293606,2.02290109,6923660.0,14186924.0,,
2018-08-16,600654,2.01293606,2.01293606,1.95314588,2.00297103,6765850.0,13525008.0,,
2018-08-17,600654,2.00297103,2.02290109,1.98304097,1.993006,6022686.0,12135540.0,,
2018-08-20,600654,1.97307594,2.03286612,1.97307594,2.02290109,4770485.0,9587759.0,,
2018-08-21,600654,2.02290109,2.0926563,2.01293606,2.07272624,8229638.0,17070894.0,,
2018-08-22,600654,2.07272624,2.17237654,2.06276121,2.12255139,14914699.0,31861285.0,,
2018-08-23,600654,2.12255139,2.16241151,2.0926563,2.11258636,9479871.0,20180411.0,,
2018-08-24,600654,2.11258636,2.20227163,2.10262133,2.14248145,10880157.0,23575869.0,,
2018-08-27,600654,2.14248145,2.16241151,2.12255139,2.15244648,6920002.0,14914126.0,,
2018-08-28,600654,2.15244648,2.21223666,2.14248145,2.16241151,9802401.0,21382998.0,,
2018-08-29,600654,2.15244648,2.1923066,2.13251642,2.18234157,8100146.0,17523436.0,,
2018-08-30,600654,2.17237654,2.27202684,2.16241151,2.24213175,16886765.0,37836694.0,,
2018-08-31,600654,2.24213175,2.24213175,2.13251642,2.13251642,17094300.0,37103243.0,,
2018-09-03,600654,2.12255139,2.15244648,2.08269127,2.14248145,8504429.0,18006103.0,,
2018-09-04,600654,2.15244648,2.21223666,2.14248145,2.18234157,10161100.0,22264585.0,,
2018-09-05,600654,2.17237654,2.25209678,2.17237654,2.22220169,12311440.0,27505356.0,,
2018-09-06,600654,2.1923066,2.23216672,2.16241151,2.17237654,9692100.0,21366068.0,,
2018-09-07,600654,2.16241151,2.1923066,2.14248145,2.15244648,7278400.0,15849265.0,,
2018-09-10,600654,2.16241151,2.1923066,2.13251642,2.13251642,6666100.0,14456023.0,,
2018-09-11,600654,2.12255139,2.15244648,2.11258636,2.13251642,4546004.0,9734978.0,,
2018-09-12,600654,2.13251642,2.16241151,2.13251642,2.15244648,3777602.0,8127235.0,,
2018-09-13,600654,2.16241151,2.17237654,2.10262133,2.14248145,6229450.0,13365182.0,,
2018-09-14,600654,2.14248145,2.15244648,2.11258636,2.12255139,3907600.0,8359122.0,,
2018-09-17,600654,2.17237654,2.23216672,2.15244648,2.23216672,14648484.0,32648532.0,,
2018-09-18,600654,2.23216672,2.26206181,2.21223666,2.24213175,14597979.0,32762337.0,,
2018-09-19,600654,2.23216672,2.30192193,2.21223666,2.27202684,11344405.0,25629603.0,,
2018-09-20,600654,2.26206181,2.28199187,2.22220169,2.23216672,9438990.0,21279393.0,,
2018-09-21,600654,2.23216672,2.26206181,2.22220169,2.24213175,6664539.0,14972740.0,,
2018-09-25,600654,2.22220169,2.24213175,2.20227163,2.23216672,7344080.0,16337734.0,,
2018-09-26,600654,2.23216672,2.24213175,2.21223666,2.22220169,5744000.0,12836595.0,,
2018-09-27,600654,2.23216672,2.27202684,2.20227163,2.20227163,9627200.0,21640891.0,,
2018-09-28,600654,2.20227163,2.24213175,2.1923066,2.23216672,6203706.0,13753284.0,,
2018-10-08,600654,2.1923066,2.1923066,2.14248145,2.15244648,6802996.0,14817364.0,,
2018-10-09,600654,2.16241151,2.18234157,2.14248145,2.15244648,4331201.0,9389987.0,,
2018-10-10,600654,2.16241151,2.18234157,2.15244648,2.16241151,3836702.0,8340778.0,,
2018-10-11,600654,2.0926563,2.0926563,2.05279618,2.05279618,6683300.0,13833229.0,,
2018-10-12,600654,1.97307594,2.00297103,1.95314588,1.98304097,9510406.0,18817155.0,,
2018-10-15,600654,1.993006,2.01293606,1.95314588,1.95314588,5350900.0,10643785.0,,
2018-10-16,600654,1.95314588,1.97307594,1.85349558,1.87342564,8443500.0,16209951.0,,
2018-10-17,600654,1.90332073,1.90332073,1.84353055,1.8933557,6591326.0,12437323.0,,
2018-10-18,600654,1.88339067,1.88339067,1.80367043,1.80367043,9098800.0,16627606.0,,
2018-10-19,600654,1.74388025,1.80367043,1.71398516,1.7937054,8230974.0,14488029.0,,
2018-10-22,600654,1.83356552,1.88339067,1.82360049,1.88339067,7440154.0,13948869.0,,
2018-10-23,600654,1.90332073,1.92325079,1.86346061,1.87342564,8287974.0,15726029.0,,
2018-10-24,600654,1.86346061,1.90332073,1.85349558,1.87342564,6239590.0,11752099.0,,
2018-10-25,600654,1.80367043,1.86346061,1.7937054,1.86346061,7467788.0,13641192.0,,
2018-10-26,600654,1.86346061,1.94318085,1.86346061,1.90332073,7327006.0,14021173.0,,
2018-10-29,600654,1.88339067,2.00297103,1.87342564,1.93321582,10520307.0,20587021.0,,
2018-10-30,600654,1.94318085,1.993006,1.87342564,1.993006,9955417.0,19464298.0,,
2018-10-31,600654,1.96311091,2.02290109,1.96311091,1.98304097,10640268.0,21281281.0,,
2018-11-01,600654,1.993006,2.02290109,1.97307594,1.97307594,9286473.0,18564170.0,,
2018-11-02,600654,1.993006,2.01293606,1.98304097,2.00297103,6795605.0,13637963.0,,
2018-11-05,600654,2.01293606,2.10262133,2.00297103,2.03286612,12143633.0,25110623.0,,
2018-11-06,600654,2.01293606,2.02290109,1.98304097,2.01293606,8979111.0,18071661.0,,
2018-11-07,600654,2.00297103,2.07272624,2.00297103,2.03286612,7555900.0,15504242.0,,
2018-11-08,600654,2.05279618,2.13251642,2.04283115,2.12255139,21134212.0,44786818.0,,
2018-11-09,600654,2.0926563,2.16241151,2.08269127,2.10262133,13528703.0,28764598.0,,
2018-11-12,600654,2.10262133,2.21223666,2.08269127,2.21223666,13399447.0,29204942.0,,
2018-11-13,600654,2.23216672,2.32185199,2.21223666,2.32185199,13343478.0,30750683.0,,
2018-11-14,600654,2.44143235,2.44143235,2.22220169,2.25209678,34294864.0,80746330.0,,
2018-11-15,600654,2.25209678,2.31188696,2.1923066,2.27202684,18925202.0,42784459.0,,
2018-11-16,600654,2.25209678,2.38164217,2.23216672,2.33181702,20291697.0,47354030.0,,
2018-11-19,600654,2.21223666,2.25209678,2.21223666,2.21223666,25526751.0,56811749.0,,
2018-11-20,600654,2.22220169,2.27202684,2.17237654,2.18234157,16330065.0,36372582.0,,
2018-11-21,600654,2.14248145,2.24213175,2.12255139,2.23216672,10965915.0,24121935.0,,
2018-11-22,600654,2.25209678,2.28199187,2.22220169,2.24213175,11764495.0,26519768.0,,
2018-11-23,600654,2.23216672,2.24213175,2.13251642,2.13251642,14675700.0,31833517.0,,
2018-11-26,600654,2.12255139,2.14248145,2.07272624,2.08269127,7601401.0,16071854.0,,
2018-11-27,600654,2.0926563,2.14248145,2.0926563,2.11258636,7466211.0,15857592.0,,
2018-11-28,600654,2.11258636,2.13251642,2.04283115,2.12255139,8649188.0,18202053.0,,
2018-11-29,600654,2.13251642,2.14248145,2.05279618,2.06276121,7775796.0,16368204.0,,
2018-11-30,600654,2.06276121,2.07272624,2.00297103,2.04283115,8946150.0,18235114.0,,
2018-12-03,600654,2.0926563,2.14248145,2.06276121,2.14248145,13041999.0,27718249.0,,
2018-12-04,600654,2.12255139,2.16241151,2.10262133,2.14248145,9758800.0,20885820.0,,
2018-12-05,600654,2.10262133,2.24213175,2.08269127,2.20227163,15741000.0,34069757.0,,
2018-12-06,600654,2.18234157,2.26206181,2.16241151,2.18234157,14555010.0,32340954.0,,
2018-12-07,600654,2.18234157,2.28199187,2.17237654,2.25209678,14612253.0,32714099.0,,
2018-12-10,600654,2.23216672,2.32185199,2.23216672,2.2919569,15426854.0,35337719.0,,
2018-12-11,600654,2.26206181,2.2919569,2.18234157,2.20227163,17460700.0,38991845.0,,
2018-12-12,600654,2.20227163,2.21223666,2.17237654,2.18234157,6081327.0,13371985.0,,
2018-12-13,600654,2.1923066,2.21223666,2.16241151,2.18234157,5621646.0,12346000.0,,
2018-12-14,600654,2.18234157,2.24213175,2.16241151,2.16241151,8207739.0,18165467.0,,
2018-12-17,600654,2.14248145,2.14248145,2.06276121,2.11258636,9267700.0,19589430.0,,
2018-12-18,600654,2.10262133,2.16241151,2.08269127,2.13251642,6539265.0,13982191.0,,
2018-12-19,600654,2.14248145,2.14248145,2.10262133,2.12255139,4788241.0,10207480.0,,
2018-12-20,600654,2.12255139,2.14248145,2.08269127,2.11258636,6649400.0,14083229.0,,
2018-12-21,600654,2.10262133,2.10262133,2.04283115,2.06276121,8337963.0,17291086.0,,
2018-12-24,600654,2.05279618,2.06276121,2.03286612,2.05279618,5540801.0,11391741.0,,
2018-12-25,600654,2.02290109,2.02290109,1.95314588,2.00297103,9022473.0,18005771.0,,
2018-12-26,600654,1.993006,2.02290109,1.98304097,2.01293606,4734518.0,9510649.0,,
2018-12-27,600654,2.04283115,2.05279618,1.95314588,1.96311091,6173300.0,12441518.0,,
2018-12-28,600654,1.97307594,2.01293606,1.97307594,1.993006,5537700.0,11049571.0,,
2019-01-02,600654,2.00297103,2.04283115,1.993006,2.02290109,7202900.0,14571278.0,,
2019-01-03,600654,2.02290109,2.05279618,2.00297103,2.03286612,5289000.0,10747934.0,,
2019-01-04,600654,2.00297103,2.07272624,1.98304097,2.06276121,8866705.0,18118773.0,,
2019-01-07,600654,2.07272624,2.0926563,2.06276121,2.07272624,6150105.0,12815863.0,,
2019-01-08,600654,2.06276121,2.08269127,2.05279618,2.07272624,5134605.0,10670938.0,,
2019-01-09,600654,2.07272624,2.0926563,2.06276121,2.07272624,7835305.0,16295586.0,,
2019-01-10,600654,2.06276121,2.07272624,2.04283115,2.04283115,6031100.0,12444941.0,,
2019-01-11,600654,2.04283115,2.07272624,2.04283115,2.05279618,6172377.0,12727820.0,,
2019-01-14,600654,2.04283115,2.06276121,2.01293606,2.02290109,6475529.0,13220917.0,,
2019-01-15,600654,2.02290109,2.04283115,2.01293606,2.03286612,4294600.0,8739631.0,,
2019-01-16,600654,2.03286612,2.05279618,2.01293606,2.02290109,6339379.0,12904778.0,,
2019-01-17,600654,2.03286612,2.05279618,2.01293606,2.03286612,7328878.0,14988577.0,,
2019-01-18,600654,2.03286612,2.03286612,2.01293606,2.03286612,6751448.0,13710399.0,,
2019-01-21,600654,2.03286612,2.05279618,2.02290109,2.04283115,4994195.0,10225643.0,,
2019-01-22,600654,2.04283115,2.04283115,1.98304097,2.00297103,7309646.0,14758730.0,,
2019-01-23,600654,1.993006,2.00297103,1.96311091,1.97307594,6642500.0,13192925.0,,
2019-01-24,600654,1.96311091,1.98304097,1.95314588,1.97307594,6294587.0,12426865.0,,
2019-01-25,600654,1.97307594,1.97307594,1.91328576,1.92325079,8746616.0,17068363.0,,
2019-01-28,600654,1.92325079,1.94318085,1.86346061,1.87342564,7510947.0,14279246.0,,
2019-01-29,600654,1.86346061,1.86346061,1.78374037,1.81363546,9690400.0,17627545.0,,
2019-01-30,600654,1.7937054,1.84353055,1.7937054,1.82360049,7651500.0,14030594.0,,
2019-01-31,600654,1.73391522,1.73391522,1.73391522,1.73391522,3211700.0,5588358.0,,
2019-02-01,600654,1.64422995,1.72395019,1.64422995,1.71398516,16441258.0,27706484.0,,
2019-02-11,600654,1.71398516,1.76381031,1.70402013,1.75384528,8729358.0,15211564.0,,
2019-02-12,600654,1.74388025,1.78374037,1.74388025,1.77377534,9583226.0,16997582.0,,
2019-02-13,600654,1.76381031,1.80367043,1.75384528,1.7937054,11226000.0,20048519.0,,
2019-02-14,600654,1.7937054,1.81363546,1.78374037,1.7937054,7702724.0,13880172.0,,
2019-02-15,600654,1.7937054,1.88339067,1.78374037,1.88339067,18824494.0,35335001.0,,
2019-02-18,600654,1.88339067,1.90332073,1.85349558,1.8933557,13642801.0,25765632.0,,
2019-02-19,600654,1.8933557,1.95314588,1.8933557,1.90332073,12494306.0,24015915.0,,
2019-02-20,600654,1.90332073,1.92325079,1.8933557,1.92325079,8117929.0,15528898.0,,
2019-02-21,600654,1.91328576,1.92325079,1.87342564,1.88339067,11464243.0,21874289.0,,
2019-02-22,600654,1.90332073,1.97307594,1.8933557,1.94318085,12770217.0,24793334.0,,
2019-02-25,600654,1.96311091,2.01293606,1.93321582,2.01293606,19137199.0,37867995.0,,
2019-02-26,600654,2.00297103,2.05279618,1.97307594,2.01293606,19076677.0,38477410.0,,
2019-02-27,600654,2.01293606,2.11258636,2.00297103,2.06276121,20937721.0,43466014.0,,
2019-02-28,600654,2.04283115,2.10262133,2.04283115,2.05279618,11713736.0,24274869.0,,
2019-03-01,600654,2.06276121,2.08269127,2.03286612,2.06276121,11803803.0,24334178.0,,
2019-03-04,600654,2.06276121,2.15244648,2.06276121,2.11258636,23549417.0,49975309.0,,
2019-03-05,600654,2.12255139,2.15244648,2.0926563,2.14248145,14417601.0,30813113.0,,
2019-03-06,600654,2.14248145,2.25209678,2.13251642,2.25209678,23384863.0,51758921.0,,
2019-03-07,600654,2.27202684,2.36171211,2.25209678,2.36171211,21855870.0,51334342.0,,
2019-03-08,600654,2.36171211,2.47132744,2.24213175,2.24213175,37284262.0,87501769.0,,
2019-03-11,600654,2.23216672,2.31188696,2.17237654,2.31188696,22844180.0,51488338.0,,
2019-03-12,600654,2.33181702,2.37167714,2.25209678,2.31188696,23565007.0,54985764.0,,
2019-03-13,600654,2.2919569,2.30192193,2.1923066,2.20227163,22893753.0,51550478.0,,
2019-03-14,600654,2.18234157,2.20227163,2.0926563,2.10262133,19564586.0,42002600.0,,
2019-03-15,600654,2.12255139,2.17237654,2.11258636,2.16241151,13168085.0,28400803.0,,
2019-03-18,600654,2.18234157,2.27202684,2.17237654,2.27202684,18739212.0,42225889.0,,
2019-03-19,600654,2.2919569,2.32185199,2.23216672,2.26206181,16577678.0,37728290.0,,
2019-03-20,600654,2.27202684,2.27202684,2.1923066,2.27202684,15473646.0,34848001.0,,
2019-03-21,600654,2.26206181,2.36171211,2.26206181,2.33181702,21499441.0,50192095.0,,
2019-03-22,600654,2.35174708,2.36171211,2.2919569,2.35174708,20322091.0,47581031.0,,
2019-03-25,600654,2.30192193,2.47132744,2.28199187,2.47132744,31532796.0,76822631.0,,
2019-03-26,600654,2.50122253,2.5909078,2.43146732,2.46136241,34857017.0,88565560.0,,
2019-03-27,600654,2.46136241,2.46136241,2.34178205,2.34178205,26438031.0,63005728.0,,
2019-03-28,600654,2.32185199,2.36171211,2.24213175,2.25209678,17829054.0,41152910.0,,
2019-03-29,600654,2.26206181,2.35174708,2.24213175,2.33181702,15049737.0,34770147.0,,
2019-04-01,600654,2.31188696,2.40157223,2.31188696,2.38164217,19568315.0,46312353.0,,
2019-04-02,600654,2.4912575,2.50122253,2.42150229,2.43146732,29158595.0,72351330.0,,
2019-04-03,600654,2.42150229,2.55104768,2.3916072,2.53111762,24234972.0,60648022.0,,
2019-04-04,600654,2.55104768,2.62080289,2.46136241,2.4912575,20764455.0,52619853.0,,
2019-04-08,600654,2.50122253,2.53111762,2.41153726,2.43146732,18149208.0,44891382.0,,
2019-04-09,600654,2.43146732,2.53111762,2.41153726,2.48129247,14080614.0,34898321.0,,
2019-04-10,600654,2.48129247,2.4912575,2.44143235,2.48129247,13474547.0,33359867.0,,
2019-04-11,600654,2.47132744,2.47132744,2.38164217,2.38164217,15145340.0,36864181.0,,
2019-04-12,600654,2.38164217,2.44143235,2.38164217,2.43146732,10187586.0,24717564.0,,
2019-04-15,600654,2.45139738,2.4912575,2.42150229,2.43146732,12624801.0,31170566.0,,
2019-04-16,600654,2.42150229,2.55104768,2.40157223,2.55104768,22400205.0,57033273.0,,
2019-04-17,600654,2.62080289,2.67062804,2.55104768,2.57097774,29840334.0,77803746.0,,
2019-04-18,600654,2.56101271,2.70052313,2.55104768,2.68059307,36745968.0,98769827.0,,
2019-04-19,600654,2.63076792,2.67062804,2.57097774,2.64073295,27552577.0,72317653.0,,
2019-04-22,600654,2.64073295,2.66066301,2.51118756,2.52115259,21515895.0,55361456.0,,
2019-04-23,600654,2.50122253,2.53111762,2.46136241,2.48129247,12336687.0,30872393.0,,
2019-04-24,600654,2.47132744,2.52115259,2.46136241,2.51118756,11102921.0,27772428.0,,
2019-04-25,600654,2.51118756,2.51118756,2.38164217,2.38164217,16582800.0,40550441.0,,
2019-04-26,600654,2.28199187,2.34178205,2.26206181,2.26206181,19037000.0,43459113.0,,
2019-04-29,600654,2.21223666,2.31188696,2.16241151,2.17237654,15505045.0,34654625.0,,
2019-04-30,600654,2.17237654,2.17237654,2.17237654,2.17237654,0.0,0.0,,
2019-05-06,600654,2.06276121,2.06276121,2.06276121,2.06276121,1891500.0,3915405.0,,
2019-05-07,600654,1.96311091,2.00297103,1.96311091,1.98304097,24660637.0,48743731.0,,
2019-05-08,600654,1.90332073,2.03286612,1.8933557,2.00297103,14237147.0,28310789.0,,
2019-05-09,600654,1.97307594,2.01293606,1.93321582,1.94318085,10456471.0,20619727.0,,
2019-05-10,600654,1.95314588,1.993006,1.94318085,1.993006,10163081.0,20136896.0,,
2019-05-13,600654,1.98304097,1.98304097,1.8933557,1.92325079,10669120.0,20678553.0,,
2019-05-14,600654,1.85349558,1.8933557,1.82360049,1.83356552,13045496.0,24306716.0,,
2019-05-15,600654,1.85349558,1.91328576,1.83356552,1.88339067,9699107.0,18233714.0,,
2019-05-16,600654,1.87342564,1.93321582,1.87342564,1.91328576,7643945.0,14614854.0,,
2019-05-17,600654,1.92325079,1.93321582,1.84353055,1.86346061,8676344.0,16419730.0,,
2019-05-20,600654,1.7937054,1.82360049,1.77377534,1.7937054,8906316.0,16094223.0,,
2019-05-21,600654,1.81363546,1.85349558,1.7937054,1.82360049,6280958.0,11497633.0,,
2019-05-22,600654,1.82360049,1.91328576,1.82360049,1.86346061,9682477.0,18318115.0,,
2019-05-23,600654,1.81363546,1.95314588,1.81363546,1.86346061,9746941.0,18382776.0,,
2019-05-24,600654,1.87342564,1.91328576,1.81363546,1.83356552,6614870.0,12279704.0,,
2019-05-27,600654,1.85349558,1.86346061,1.7937054,1.86346061,7365045.0,13527114.0,,
2019-05-28,600654,1.86346061,1.92325079,1.84353055,1.87342564,6404026.0,12115519.0,,
2019-05-29,600654,1.86346061,1.87342564,1.84353055,1.85349558,5544726.0,10314700.0,,
2019-05-30,600654,1.83356552,1.85349558,1.77377534,1.7937054,7641951.0,13815963.0,,
2019-05-31,600654,1.85349558,1.88339067,1.84353055,1.88339067,3787513.0,7124957.0,,
2019-06-03,600654,1.94318085,1.97307594,1.88339067,1.88339067,11838600.0,22937560.0,,
2019-06-04,600654,1.88339067,1.88339067,1.80367043,1.83356552,6592200.0,12089650.0,,
2019-06-05,600654,1.84353055,1.85349558,1.80367043,1.84353055,5147500.0,9470558.0,,
2019-06-06,600654,1.85349558,1.85349558,1.77377534,1.81363546,6344100.0,11468904.0,,
2019-06-10,600654,1.82360049,1.83356552,1.72395019,1.72395019,9900090.0,17322165.0,,
2019-06-11,600654,1.6940551,1.75384528,1.64422995,1.75384528,11568417.0,19808936.0,,
2019-06-12,600654,1.73391522,1.77377534,1.71398516,1.74388025,5564499.0,9743819.0,,
2019-06-13,600654,1.74388025,1.80367043,1.73391522,1.7937054,7713187.0,13738811.0,,
2019-06-14,600654,1.7937054,1.81363546,1.73391522,1.74388025,5954938.0,10601464.0,,
2019-06-17,600654,1.72395019,1.73391522,1.6940551,1.71398516,5119866.0,8781368.0,,
2019-06-18,600654,1.70402013,1.73391522,1.67412504,1.71398516,4612863.0,7910200.0,,
2019-06-19,600654,1.73391522,1.76381031,1.71398516,1.72395019,4382743.0,7616053.0,,
2019-06-20,600654,1.71398516,1.73391522,1.6940551,1.71398516,5813377.0,9987046.0,,
2019-06-21,600654,1.7937054,1.80367043,1.75384528,1.77377534,8552216.0,15226223.0,,
2019-06-24,600654,1.76381031,1.77377534,1.72395019,1.74388025,6214568.0,10909009.0,,
2019-06-25,600654,1.73391522,1.77377534,1.71398516,1.75384528,6150040.0,10791146.0,,
2019-06-26,600654,1.75384528,1.80367043,1.73391522,1.7937054,6107371.0,10884020.0,,
2019-06-27,600654,1.7937054,1.81363546,1.77377534,1.7937054,5709290.0,10269920.0,,
2019-06-28,600654,1.78374037,1.7937054,1.75384528,1.77377534,3851200.0,6859181.0,,
2019-07-01,600654,1.80367043,1.82360049,1.78374037,1.81363546,7088599.0,12864077.0,,
2019-07-02,600654,1.83356552,1.8933557,1.81363546,1.86346061,10379859.0,19386281.0,,
2019-07-03,600654,1.86346061,1.86346061,1.78374037,1.7937054,8012718.0,14568789.0,,
2019-07-04,600654,1.7937054,1.81363546,1.77377534,1.78374037,4550900.0,8183720.0,,
2019-07-05,600654,1.78374037,1.80367043,1.77377534,1.78374037,4346003.0,7773945.0,,
2019-07-08,600654,1.75384528,1.77377534,1.6940551,1.6940551,10321058.0,17722435.0,,
2019-07-09,600654,1.67412504,1.70402013,1.67412504,1.70402013,3290819.0,5586500.0,,
2019-07-10,600654,1.70402013,1.71398516,1.66416001,1.68409007,4702300.0,7974210.0,,
2019-07-11,600654,1.6940551,1.71398516,1.68409007,1.68409007,3297300.0,5619771.0,,
2019-07-12,600654,1.67412504,1.70402013,1.63426492,1.70402013,5703942.0,9543350.0,,
2019-07-15,600654,1.6940551,1.70402013,1.66416001,1.70402013,3246300.0,5499835.0,,
2019-07-16,600654,1.6940551,1.73391522,1.6940551,1.71398516,2919098.0,5020969.0,,
2019-07-17,600654,1.72395019,1.73391522,1.6940551,1.72395019,4536645.0,7827953.0,,
2019-07-18,600654,1.71398516,1.74388025,1.6940551,1.70402013,3044345.0,5245569.0,,
2019-07-19,600654,1.71398516,1.72395019,1.6940551,1.71398516,2988100.0,5127764.0,,
2019-07-22,600654,1.71398516,1.71398516,1.64422995,1.64422995,6101700.0,10174206.0,,
2019-07-23,600654,1.64422995,1.65419498,1.62429989,1.65419498,3345400.0,5514298.0,,
2019-07-24,600654,1.65419498,1.6940551,1.64422995,1.67412504,3023401.0,5074880.0,,
2019-07-25,600654,1.68409007,1.68409007,1.65419498,1.68409007,3063260.0,5144661.0,,
2019-07-26,600654,1.66416001,1.6940551,1.66416001,1.68409007,3175771.0,5344037.0,,
2019-07-29,600654,1.67412504,1.68409007,1.65419498,1.66416001,2901900.0,4860938.0,,
2019-07-30,600654,1.66416001,1.68409007,1.65419498,1.66416001,3119220.0,5213585.0,,
2019-07-31,600654,1.65419498,1.66416001,1.64422995,1.64422995,3611693.0,5983919.0,,
2019-08-01,600654,1.63426492,1.65419498,1.61433486,1.62429989,3647845.0,5967284.0,,
2019-08-02,600654,1.5944048,1.61433486,1.57447474,1.5944048,4791700.0,7651640.0,,
2019-08-05,600654,1.58443977,1.60436983,1.56450971,1.57447474,4279200.0,6816319.0,,
2019-08-06,600654,1.54457965,1.55454468,1.4947545,1.4947545,9011993.0,13631628.0,,
2019-08-07,600654,1.51468456,1.52464959,1.48478947,1.4947545,5249046.0,7929145.0,,
2019-08-08,600654,1.50471953,1.51468456,1.47482444,1.4947545,3347154.0,5032963.0,,
2019-08-09,600654,1.4947545,1.57447474,1.48478947,1.55454468,11536982.0,17910144.0,,
2019-08-12,600654,1.52464959,1.54457965,1.50471953,1.52464959,6443004.0,9809753.0,,
2019-08-13,600654,1.51468456,1.52464959,1.48478947,1.51468456,5606128.0,8462992.0,,
2019-08-14,600654,1.52464959,1.53461462,1.50471953,1.51468456,5536600.0,8452766.0,,
2019-08-15,600654,1.47482444,1.50471953,1.45489438,1.4947545,6684900.0,9913929.0,,
2019-08-16,600654,1.48478947,1.52464959,1.48478947,1.51468456,4145784.0,6273339.0,,
2019-08-19,600654,1.51468456,1.55454468,1.51468456,1.54457965,4986468.0,7677630.0,,
2019-08-20,600654,1.54457965,1.55454468,1.52464959,1.53461462,3533750.0,5461907.0,,
2019-08-21,600654,1.53461462,1.54457965,1.52464959,1.53461462,2528800.0,3893923.0,,
2019-08-22,600654,1.53461462,1.55454468,1.52464959,1.55454468,3478100.0,5368464.0,,
2019-08-23,600654,1.54457965,1.62429989,1.53461462,1.58443977,8826258.0,14079293.0,,
2019-08-26,600654,1.50471953,1.52464959,1.50471953,1.50471953,9591754.0,14500466.0,,
2019-08-27,600654,1.50471953,1.52464959,1.48478947,1.51468456,8693758.0,13177692.0,,
2019-08-28,600654,1.50471953,1.52464959,1.50471953,1.50471953,3943998.0,5971977.0,,
2019-08-29,600654,1.51468456,1.52464959,1.48478947,1.48478947,6115243.0,9187478.0,,
2019-08-30,600654,1.4947545,1.4947545,1.46485941,1.46485941,5882400.0,8754028.0,,
2019-09-02,600654,1.46485941,1.48478947,1.44492935,1.48478947,6328825.0,9329036.0,,
2019-09-03,600654,1.47482444,1.48478947,1.42499929,1.44492935,11766327.0,17187271.0,,
2019-09-04,600654,1.43496432,1.44492935,1.41503426,1.43496432,6421491.0,9228032.0,,
2019-09-05,600654,1.43496432,1.47482444,1.43496432,1.44492935,6504343.0,9486081.0,,
2019-09-06,600654,1.45489438,1.45489438,1.43496432,1.45489438,5009700.0,7269015.0,,
2019-09-09,600654,1.46485941,1.46485941,1.44492935,1.46485941,6180214.0,9026457.0,,
2019-09-10,600654,1.45489438,1.48478947,1.44492935,1.47482444,8388315.0,12394028.0,,
2019-09-11,600654,1.47482444,1.48478947,1.46485941,1.47482444,6082935.0,9005904.0,,
2019-09-12,600654,1.47482444,1.48478947,1.46485941,1.48478947,5544403.0,8202886.0,,
2019-09-16,600654,1.47482444,1.4947545,1.46485941,1.47482444,6840297.0,10132488.0,,
2019-09-17,600654,1.47482444,1.4947545,1.45489438,1.45489438,8488088.0,12514605.0,,
2019-09-18,600654,1.45489438,1.46485941,1.44492935,1.45489438,5334788.0,7775542.0,,
2019-09-19,600654,1.45489438,1.46485941,1.44492935,1.46485941,5417493.0,7904750.0,,
2019-09-20,600654,1.46485941,1.52464959,1.45489438,1.48478947,11025187.0,16542871.0,,
2019-09-23,600654,1.48478947,1.50471953,1.47482444,1.50471953,6725991.0,10078146.0,,
2019-09-24,600654,1.50471953,1.51468456,1.48478947,1.48478947,6473400.0,9735647.0,,
2019-09-25,600654,1.48478947,1.50471953,1.45489438,1.47482444,7756721.0,11552426.0,,
2019-09-26,600654,1.48478947,1.48478947,1.40506923,1.40506923,12687488.0,18099930.0,,
2019-09-27,600654,1.3951042,1.40506923,1.33531402,1.34527905,13970581.0,19105534.0,,
2019-09-30,600654,1.34527905,1.36520911,1.33531402,1.34527905,5842649.0,7890800.0,,
2019-10-08,600654,1.34527905,1.36520911,1.34527905,1.35524408,5624934.0,7643031.0,,
2019-10-09,600654,1.34527905,1.42499929,1.33531402,1.40506923,10107733.0,14135266.0,,
2019-10-10,600654,1.38513917,1.40506923,1.38513917,1.3951042,3389317.0,4747868.0,,
2019-10-11,600654,1.3951042,1.41503426,1.3951042,1.41503426,3504301.0,4947716.0,,
2019-10-14,600654,1.41503426,1.42499929,1.40506923,1.42499929,5303933.0,7523663.0,,
2019-10-15,600654,1.41503426,1.41503426,1.37517414,1.3951042,4825283.0,6762779.0,,
2019-10-16,600654,1.3951042,1.40506923,1.34527905,1.35524408,5573700.0,7667100.0,,
2019-10-17,600654,1.35524408,1.36520911,1.33531402,1.34527905,3160000.0,4273503.0,,
2019-10-18,600654,1.33531402,1.37517414,1.33531402,1.36520911,3688011.0,5034924.0,,
2019-10-21,600654,1.37517414,1.38513917,1.34527905,1.35524408,3359164.0,4596150.0,,
2019-10-22,600654,1.34527905,1.36520911,1.34527905,1.36520911,2660280.0,3613292.0,,
2019-10-23,600654,1.35524408,1.36520911,1.32534899,1.33531402,3882100.0,5243899.0,,
2019-10-24,600654,1.33531402,1.34527905,1.32534899,1.33531402,3895648.0,5209236.0,,
2019-10-25,600654,1.33531402,1.33531402,1.26555881,1.27552384,12403014.0,15917133.0,,
2019-10-28,600654,1.2954539,1.2954539,1.23566372,1.27552384,10719336.0,13631411.0,,
2019-10-29,600654,1.26555881,1.27552384,1.23566372,1.24562875,7224400.0,9086021.0,,
2019-10-30,600654,1.25559378,1.25559378,1.18583857,1.1958036,12794223.0,15521041.0,,
2019-10-31,600654,1.16590851,1.17587354,1.13601342,1.14597845,17546261.0,20173850.0,,
2019-11-01,600654,1.14597845,1.16590851,1.10611833,1.15594348,8517151.0,9727502.0,,
2019-11-04,600654,1.16590851,1.16590851,1.13601342,1.14597845,7241302.0,8361787.0,,
2019-11-05,600654,1.14597845,1.20576863,1.13601342,1.20576863,11158995.0,13205135.0,,
2019-11-06,600654,1.23566372,1.26555881,1.21573366,1.26555881,7201989.0,9060566.0,,
2019-11-07,600654,1.32534899,1.32534899,1.24562875,1.28548887,24969485.0,32569647.0,,
2019-11-08,600654,1.25559378,1.27552384,1.22569869,1.25559378,10038466.0,12579977.0,,
2019-11-11,600654,1.20576863,1.25559378,1.20576863,1.22569869,8425100.0,10424715.0,,
2019-11-12,600654,1.16590851,1.1958036,1.16590851,1.17587354,9864900.0,11674523.0,,
2019-11-13,600654,1.17587354,1.23566372,1.17587354,1.23566372,6012066.0,7370635.0,,
2019-11-14,600654,1.26555881,1.2954539,1.24562875,1.2954539,18310787.0,23607573.0,,
2019-11-15,600654,1.32534899,1.34527905,1.2954539,1.32534899,13258035.0,17554412.0,,
2019-11-18,600654,1.33531402,1.3951042,1.32534899,1.3951042,9455385.0,13141035.0,,
2019-11-19,600654,1.45489438,1.46485941,1.42499929,1.46485941,5578886.0,8137618.0,,
2019-11-20,600654,1.52464959,1.53461462,1.4947545,1.53461462,12461329.0,19100550.0,,
2019-11-21,600654,1.57447474,1.57447474,1.45489438,1.45489438,23241980.0,34659229.0,,
2019-11-22,600654,1.45489438,1.52464959,1.41503426,1.52464959,19866371.0,29954439.0,,
2019-11-25,600654,1.54457965,1.55454468,1.47482444,1.4947545,13909100.0,21063328.0,,
2019-11-26,600654,1.52464959,1.53461462,1.43496432,1.46485941,8728737.0,12964747.0,,
2019-11-27,600654,1.48478947,1.53461462,1.44492935,1.50471953,8586157.0,12885544.0,,
2019-11-28,600654,1.4947545,1.50471953,1.47482444,1.48478947,4875119.0,7286802.0,,
2019-11-29,600654,1.4947545,1.50471953,1.46485941,1.4947545,4322520.0,6433666.0,,
2019-12-02,600654,1.48478947,1.4947545,1.42499929,1.43496432,8803862.0,12738690.0,,
2019-12-03,600654,1.42499929,1.46485941,1.37517414,1.45489438,7858499.0,11200058.0,,
2019-12-04,600654,1.44492935,1.51468456,1.43496432,1.46485941,7854817.0,11720627.0,,
2019-12-05,600654,1.45489438,1.47482444,1.44492935,1.45489438,4686600.0,6855576.0,,
2019-12-06,600654,1.44492935,1.4947545,1.44492935,1.48478947,4167131.0,6159269.0,,
2019-12-09,600654,1.48478947,1.50471953,1.46485941,1.4947545,5085000.0,7593908.0,,
2019-12-10,600654,1.4947545,1.50471953,1.47482444,1.4947545,3807659.0,5692371.0,,
2019-12-11,600654,1.4947545,1.4947545,1.42499929,1.43496432,12036753.0,17389083.0,,
2019-12-12,600654,1.43496432,1.45489438,1.36520911,1.37517414,12661300.0,17750572.0,,
2019-12-13,600654,1.36520911,1.3951042,1.33531402,1.38513917,11528595.0,15807943.0,,
2019-12-16,600654,1.38513917,1.3951042,1.36520911,1.38513917,6399372.0,8853717.0,,
2019-12-17,600654,1.3951042,1.45489438,1.37517414,1.45489438,9907809.0,14361313.0,,
2019-12-18,600654,1.47482444,1.50471953,1.44492935,1.45489438,11633715.0,17118295.0,,
2019-12-19,600654,1.46485941,1.52464959,1.45489438,1.52464959,12064232.0,18288594.0,,
2019-12-20,600654,1.54457965,1.60436983,1.54457965,1.60436983,21675680.0,34750487.0,,
2019-12-23,600654,1.60436983,1.68409007,1.52464959,1.64422995,25025836.0,40652014.0,,
2019-12-24,600654,1.65419498,1.72395019,1.62429989,1.72395019,11937652.0,20462865.0,,
2019-12-25,600654,1.7937054,1.81363546,1.67412504,1.70402013,26653371.0,46380260.0,,
2019-12-26,600654,1.65419498,1.72395019,1.63426492,1.71398516,11183931.0,18771434.0,,
2019-12-27,600654,1.72395019,1.80367043,1.71398516,1.80367043,6621764.0,11910925.0,,
2019-12-30,600654,1.8933557,1.8933557,1.84353055,1.8933557,6193706.0,11747382.0,,
2019-12-31,600654,1.95314588,1.993006,1.86346061,1.8933557,26183430.0,50901837.0,,
2020-01-02,600654,1.993006,1.993006,1.93321582,1.993006,11266029.0,22325609.0,,
2020-01-03,600654,2.05279618,2.0926563,2.03286612,2.0926563,13242262.0,27623055.0,,
2020-01-06,600654,2.15244648,2.20227163,2.13251642,2.20227163,9309106.0,20376360.0,,
2020-01-07,600654,2.31188696,2.31188696,2.31188696,2.31188696,1116097.0,2589345.0,,
2020-01-08,600654,2.43146732,2.43146732,2.43146732,2.43146732,1361498.0,3322055.0,,
2020-01-09,600654,2.53111762,2.55104768,2.31188696,2.31188696,36236600.0,88417928.0,,
2020-01-10,600654,2.1923066,2.32185199,2.1923066,2.1923066,29084359.0,64751745.0,,
2020-01-13,600654,2.12255139,2.30192193,2.08269127,2.23216672,20477118.0,44676718.0,,
2020-01-14,600654,2.24213175,2.2919569,2.12255139,2.15244648,12401795.0,27583447.0,,
2020-01-15,600654,2.1923066,2.26206181,2.18234157,2.26206181,8456441.0,19031922.0,,
2020-01-16,600654,2.36171211,2.37167714,2.28199187,2.31188696,19459370.0,45772114.0,,
2020-01-17,600654,2.2919569,2.34178205,2.1923066,2.24213175,13345582.0,30040562.0,,
2020-01-20,600654,2.24213175,2.27202684,2.16241151,2.18234157,7369505.0,16262942.0,,
2020-01-21,600654,2.14248145,2.18234157,2.13251642,2.15244648,5243601.0,11324466.0,,
2020-01-22,600654,2.16241151,2.26206181,2.16241151,2.20227163,6999169.0,15589908.0,,
2020-01-23,600654,2.18234157,2.18234157,2.0926563,2.11258636,10177338.0,21606244.0,,
2020-02-03,600654,2.00297103,2.00297103,2.00297103,2.00297103,1422100.0,2858421.0,,
2020-02-04,600654,1.90332073,1.98304097,1.90332073,1.90332073,17936440.0,34571521.0,,
2020-02-05,600654,1.94318085,2.00297103,1.8933557,2.00297103,13587170.0,26988562.0,,
2020-02-06,600654,2.00297103,2.03286612,1.94318085,1.98304097,10387802.0,20672226.0,,
2020-02-07,600654,1.95314588,1.95314588,1.88339067,1.92325079,10911430.0,20939344.0,,
2020-02-10,600654,1.90332073,1.97307594,1.88339067,1.95314588,10746477.0,20769520.0,,
2020-02-11,600654,1.94318085,1.97307594,1.92325079,1.96311091,6777100.0,13269977.0,,
2020-02-12,600654,1.94318085,2.06276121,1.93321582,2.06276121,8335679.0,16945239.0,,
2020-02-13,600654,2.10262133,2.16241151,2.03286612,2.03286612,14821800.0,31274495.0,,
2020-02-14,600654,1.993006,2.01293606,1.94318085,1.97307594,7695068.0,15295997.0,,
2020-02-17,600654,1.98304097,2.06276121,1.98304097,2.04283115,6352703.0,12932325.0,,
2020-02-18,600654,2.03286612,2.11258636,2.03286612,2.08269127,7652585.0,15850749.0,,
2020-02-19,600654,2.08269127,2.13251642,2.05279618,2.08269127,7382727.0,15474417.0,,
2020-02-20,600654,2.08269127,2.13251642,2.05279618,2.10262133,6544400.0,13713401.0,,
2020-02-21,600654,2.0926563,2.12255139,2.07272624,2.08269127,6481908.0,13615036.0,,
2020-02-24,600654,2.07272624,2.12255139,2.05279618,2.0926563,5839489.0,12186689.0,,
2020-02-25,600654,2.04283115,2.07272624,1.993006,2.02290109,11013487.0,22362101.0,,
2020-02-26,600654,2.00297103,2.08269127,1.96311091,1.993006,7693986.0,15609568.0,,
2020-02-27,600654,1.993006,2.0926563,1.993006,2.0926563,12928097.0,26719141.0,,
2020-02-28,600654,2.08269127,2.20227163,2.06276121,2.14248145,23750994.0,50906822.0,,
2020-03-02,600654,2.13251642,2.20227163,2.07272624,2.17237654,13089625.0,28150405.0,,
2020-03-03,600654,2.17237654,2.28199187,2.14248145,2.28199187,21748854.0,49351940.0,,
2020-03-04,600654,2.2919569,2.3916072,2.26206181,2.3916072,15821316.0,37406186.0,,
2020-03-05,600654,2.50122253,2.51118756,2.48129247,2.51118756,4918571.0,12371488.0,,
2020-03-06,600654,2.64073295,2.64073295,2.38164217,2.38164217,36286491.0,88922725.0,,
2020-03-09,600654,2.2919569,2.33181702,2.26206181,2.26206181,13888800.0,31700916.0,价格异常,-11.698113207547166
2020-03-10,600654,2.20227163,2.30192193,2.1923066,2.28199187,11628497.0,26314066.0,,
2020-03-11,600654,2.28199187,2.3916072,2.28199187,2.31188696,10689328.0,25023613.0,,
2020-03-12,600654,2.28199187,2.28199187,2.20227163,2.25209678,8073558.0,18185305.0,,
2020-03-13,600654,2.14248145,2.1923066,2.14248145,2.18234157,9828543.0,21317499.0,,
2020-03-16,600654,2.1923066,2.24213175,2.07272624,2.07272624,10977558.0,23565487.0,,
2020-03-17,600654,2.00297103,2.07272624,1.97307594,2.03286612,8311801.0,16806518.0,,
2020-03-18,600654,2.04283115,2.13251642,2.04283115,2.10262133,13317414.0,28301834.0,,
2020-03-19,600654,2.07272624,2.0926563,2.00297103,2.05279618,10859721.0,22212982.0,,
2020-03-20,600654,2.06276121,2.14248145,2.05279618,2.11258636,7274601.0,15255201.0,,
2020-03-23,600654,2.07272624,2.15244648,2.03286612,2.06276121,6704026.0,14073467.0,,
2020-03-24,600654,2.12255139,2.14248145,2.07272624,2.11258636,4125627.0,8711134.0,,
2020-03-25,600654,2.15244648,2.21223666,2.15244648,2.17237654,7140400.0,15639493.0,,
2020-03-26,600654,2.14248145,2.21223666,2.14248145,2.16241151,4883729.0,10643546.0,,
2020-03-27,600654,2.16241151,2.21223666,2.16241151,2.16241151,5462870.0,11998738.0,,
2020-03-30,600654,2.13251642,2.1923066,2.05279618,2.08269127,7619239.0,15968398.0,,
2020-03-31,600654,2.10262133,2.12255139,2.05279618,2.07272624,3283354.0,6845103.0,,
2020-04-01,600654,2.07272624,2.10262133,2.06276121,2.06276121,2622592.0,5486626.0,,
2020-04-02,600654,2.03286612,2.07272624,1.993006,2.04283115,4685405.0,9549824.0,,
2020-04-03,600654,2.02290109,2.06276121,2.00297103,2.02290109,2896600.0,5915543.0,,
2020-04-07,600654,2.03286612,2.10262133,2.03286612,2.07272624,4613741.0,9583171.0,,
2020-04-08,600654,2.07272624,2.08269127,2.04283115,2.07272624,4750410.0,9851453.0,,
2020-04-09,600654,2.07272624,2.14248145,2.07272624,2.12255139,5903641.0,12508969.0,,
2020-04-10,600654,2.12255139,2.16241151,2.08269127,2.0926563,6266524.0,13335929.0,,
2020-04-13,600654,2.0926563,2.13251642,2.04283115,2.0926563,3505670.0,7340846.0,,
2020-04-14,600654,2.07272624,2.10262133,2.02290109,2.06276121,7429133.0,15336118.0,,
2020-04-15,600654,2.05279618,2.06276121,1.98304097,1.993006,7285217.0,14749450.0,,
2020-04-16,600654,1.993006,1.993006,1.8933557,1.8933557,15451556.0,29607058.0,,
2020-04-17,600654,1.85349558,1.92325079,1.85349558,1.88339067,6149201.0,11657925.0,,
2020-04-20,600654,1.87342564,1.93321582,1.87342564,1.93321582,4307003.0,8288697.0,,
2020-04-21,600654,1.91328576,1.95314588,1.91328576,1.92325079,3342050.0,6475459.0,,
2020-04-22,600654,1.8933557,1.93321582,1.86346061,1.87342564,7111911.0,13525288.0,,
2020-04-23,600654,1.87342564,1.90332073,1.86346061,1.87342564,4404112.0,8307869.0,,
2020-04-24,600654,1.88339067,1.88339067,1.78374037,1.78374037,10859711.0,19568258.0,,
2020-04-27,600654,1.77377534,1.87342564,1.70402013,1.87342564,9888993.0,18044346.0,,
2020-04-28,600654,1.86346061,1.96311091,1.80367043,1.91328576,10403857.0,20007816.0,,
2020-04-29,600654,1.95314588,2.01293606,1.92325079,2.01293606,11320378.0,22625601.0,,
2020-04-30,600654,2.02290109,2.04283115,1.91328576,1.92325079,11199450.0,22063546.0,,
2020-05-06,600654,1.90332073,1.95314588,1.84353055,1.8933557,4000401.0,7607298.0,,
2020-05-07,600654,1.8933557,1.91328576,1.85349558,1.85349558,3926939.0,7381433.0,,
2020-05-08,600654,1.85349558,1.85349558,1.85349558,1.85349558,0.0,0.0,,
2020-05-11,600654,1.94318085,1.94318085,1.8933557,1.94318085,3756299.0,7308579.0,,
2020-05-12,600654,2.02290109,2.04283115,1.96311091,1.993006,18822296.0,38272244.0,,
2020-05-13,600654,1.95314588,2.01293606,1.8933557,1.90332073,13874404.0,26738020.0,,
2020-05-14,600654,1.90332073,1.92325079,1.85349558,1.90332073,4222801.0,8040697.0,,
2020-05-15,600654,1.91328576,1.94318085,1.88339067,1.8933557,3725700.0,7102832.0,,
2020-05-18,600654,1.8933557,1.91328576,1.80367043,1.80367043,11372696.0,20699676.0,,
2020-05-19,600654,1.82360049,1.83356552,1.73391522,1.77377534,6662788.0,11817151.0,,
2020-05-20,600654,1.77377534,1.77377534,1.72395019,1.74388025,4468600.0,7832132.0,,
2020-05-21,600654,1.74388025,1.83356552,1.74388025,1.76381031,4413700.0,7928070.0,,
2020-05-22,600654,1.75384528,1.78374037,1.70402013,1.72395019,4282039.0,7462272.0,,
2020-05-25,600654,1.70402013,1.70402013,1.63426492,1.63426492,9635700.0,15891720.0,,
2020-05-26,600654,1.62429989,1.65419498,1.55454468,1.61433486,6844707.0,11012474.0,,
2020-05-27,600654,1.61433486,1.63426492,1.55454468,1.57447474,5891800.0,9405909.0,,
2020-05-28,600654,1.56450971,1.65419498,1.53461462,1.65419498,13498362.0,22110276.0,,
2020-05-29,600654,1.63426492,1.63426492,1.5944048,1.60436983,7039081.0,11405361.0,,
2020-06-01,600654,1.60436983,1.65419498,1.60436983,1.61433486,5828505.0,9517079.0,,
2020-06-02,600654,1.62429989,1.68409007,1.5944048,1.62429989,11242177.0,18434468.0,,
2020-06-03,600654,1.62429989,1.65419498,1.60436983,1.63426492,4283895.0,7033103.0,,
2020-06-04,600654,1.63426492,1.71398516,1.63426492,1.68409007,10718935.0,18146153.0,,
2020-06-05,600654,1.65419498,1.71398516,1.65419498,1.68409007,5671211.0,9611919.0,,
2020-06-08,600654,1.68409007,1.72395019,1.67412504,1.71398516,5769009.0,9866637.0,,
2020-06-09,600654,1.71398516,1.73391522,1.67412504,1.6940551,6291843.0,10714620.0,,
2020-06-10,600654,1.6940551,1.6940551,1.61433486,1.63426492,10132131.0,16617884.0,,
2020-06-11,600654,1.62429989,1.65419498,1.61433486,1.63426492,3963500.0,6507457.0,,
2020-06-12,600654,1.61433486,1.64422995,1.5944048,1.64422995,3903587.0,6383533.0,,
2020-06-15,600654,1.64422995,1.65419498,1.60436983,1.62429989,4563580.0,7419221.0,,
2020-06-16,600654,1.61433486,1.63426492,1.61433486,1.62429989,2358400.0,3848715.0,,
2020-06-17,600654,1.62429989,1.62429989,1.58443977,1.61433486,4400488.0,7062721.0,,
2020-06-18,600654,1.61433486,1.61433486,1.5944048,1.60436983,2350412.0,3783780.0,,
2020-06-19,600654,1.60436983,1.61433486,1.58443977,1.60436983,2718865.0,4365457.0,,
2020-06-22,600654,1.60436983,1.61433486,1.53461462,1.55454468,6531098.0,10246384.0,,
2020-06-23,600654,1.55454468,1.56450971,1.53461462,1.54457965,3929888.0,6109398.0,,
2020-06-24,600654,1.54457965,1.55454468,1.52464959,1.54457965,2966779.0,4580445.0,,
2020-06-29,600654,1.53461462,1.54457965,1.51468456,1.53461462,3137179.0,4813042.0,,
2020-06-30,600654,1.53461462,1.55454468,1.52464959,1.55454468,3404899.0,5270558.0,,
2020-07-01,600654,1.53461462,1.54457965,1.4947545,1.53461462,3944139.0,6023655.0,,
2020-07-02,600654,1.53461462,1.55454468,1.51468456,1.54457965,4671724.0,7200892.0,,
2020-07-03,600654,1.55454468,1.56450971,1.54457965,1.55454468,4778400.0,7461271.0,,
2020-07-06,600654,1.55454468,1.60436983,1.51468456,1.55454468,29185209.0,45542438.0,,
2020-07-07,600654,1.55454468,1.57447474,1.53461462,1.56450971,14039405.0,21908821.0,,
2020-07-08,600654,1.56450971,1.64422995,1.55454468,1.64422995,17562435.0,28613494.0,,
2020-07-09,600654,1.67412504,1.72395019,1.65419498,1.68409007,22262335.0,37704286.0,,
2020-07-10,600654,1.67412504,1.68409007,1.64422995,1.66416001,10106387.0,16861706.0,,
2020-07-13,600654,1.66416001,1.68409007,1.65419498,1.68409007,9635761.0,16176983.0,,
2020-07-14,600654,1.68409007,1.75384528,1.67412504,1.70402013,13765614.0,23738532.0,,
2020-07-15,600654,1.70402013,1.72395019,1.65419498,1.66416001,9244251.0,15567527.0,,
2020-07-16,600654,1.66416001,1.67412504,1.58443977,1.5944048,11048600.0,17995709.0,,
2020-07-17,600654,1.5944048,1.60436983,1.55454468,1.55454468,7097646.0,11194667.0,,
2020-07-20,600654,1.56450971,1.5944048,1.55454468,1.58443977,4859274.0,7675976.0,,
2020-07-21,600654,1.58443977,1.5944048,1.56450971,1.57447474,5656326.0,8934107.82,,
2020-07-22,600654,1.58443977,1.58443977,1.55454468,1.56450971,5775891.0,9111979.89,,
2020-07-23,600654,1.55454468,1.57447474,1.52464959,1.54457965,6877098.0,10687904.29,,
2020-07-24,600654,1.55454468,1.56450971,1.51468456,1.51468456,8924319.0,13712809.88,,
2020-07-27,600654,1.52464959,1.54457965,1.50471953,1.50471953,4339054.0,6615137.08,,
2020-07-28,600654,1.51468456,1.57447474,1.51468456,1.57447474,5820550.0,8990427.98,,
2020-07-29,600654,1.57447474,1.64422995,1.54457965,1.62429989,9572551.0,15466152.57,,
2020-07-30,600654,1.61433486,1.64422995,1.60436983,1.60436983,6071320.0,9889435.44,,
2020-07-31,600654,1.5944048,1.60436983,1.56450971,1.58443977,5731240.0,9098042.76,,
2020-08-03,600654,1.57447474,1.5944048,1.56450971,1.5944048,6480322.0,10289665.76,,
2020-08-04,600654,1.62429989,1.67412504,1.61433486,1.67412504,9997063.0,16660777.9,,
2020-08-05,600654,1.71398516,1.75384528,1.67412504,1.6940551,18538371.0,31903547.08,,
2020-08-06,600654,1.6940551,1.6940551,1.62429989,1.63426492,10446236.0,17365263.59,,
2020-08-07,600654,1.63426492,1.6940551,1.62429989,1.66416001,10158049.0,17036306.99,,
2020-08-10,600654,1.66416001,1.71398516,1.63426492,1.67412504,7141758.0,12032205.44,,
2020-08-11,600654,1.67412504,1.67412504,1.61433486,1.61433486,7341888.0,12130133.62,,
2020-08-12,600654,1.62429989,1.63426492,1.60436983,1.63426492,4586400.0,7450469.0,,
2020-08-13,600654,1.63426492,1.65419498,1.62429989,1.63426492,4615296.0,7603417.38,,
2020-08-14,600654,1.63426492,1.66416001,1.62429989,1.65419498,4354766.0,7206955.12,,
2020-08-17,600654,1.66416001,1.67412504,1.65419498,1.66416001,5138600.0,8581724.56,,
2020-08-18,600654,1.67412504,1.68409007,1.65419498,1.68409007,6258339.0,10467650.11,,
2020-08-19,600654,1.67412504,1.70402013,1.66416001,1.66416001,5303001.0,8937181.67,,
2020-08-20,600654,1.66416001,1.67412504,1.64422995,1.65419498,3455500.0,5762571.42,,
2020-08-21,600654,1.65419498,1.67412504,1.65419498,1.66416001,2856032.0,4769121.49,,
2020-08-24,600654,1.66416001,1.67412504,1.64422995,1.65419498,4325036.0,7190844.76,,
2020-08-25,600654,1.66416001,1.67412504,1.63426492,1.63426492,4899888.0,8123858.32,,
2020-08-26,600654,1.62429989,1.68409007,1.62429989,1.63426492,5471986.0,9052985.48,,
2020-08-27,600654,1.63426492,1.63426492,1.60436983,1.63426492,3593992.0,5844681.04,,
2020-08-28,600654,1.63426492,1.63426492,1.61433486,1.62429989,3908445.0,6364152.9,,
2020-08-31,600654,1.61433486,1.62429989,1.5944048,1.61433486,5460100.0,8832941.04,,
2020-09-01,600654,1.61433486,1.63426492,1.5944048,1.63426492,6247666.0,10129221.94,,
2020-09-02,600654,1.63426492,1.63426492,1.60436983,1.61433486,4952901.0,8021205.61,,
2020-09-03,600654,1.61433486,1.62429989,1.5944048,1.5944048,3671741.0,5906960.6,,
2020-09-04,600654,1.57447474,1.60436983,1.56450971,1.5944048,4596192.0,7290440.36,,
2020-09-07,600654,1.58443977,1.60436983,1.57447474,1.58443977,5969700.0,9511681.0,,
2020-09-08,600654,1.5944048,1.62429989,1.58443977,1.61433486,4639595.0,7450178.99,,
2020-09-09,600654,1.60436983,1.61433486,1.58443977,1.5944048,5876298.0,9399566.8,,
2020-09-10,600654,1.5944048,1.60436983,1.53461462,1.56450971,5304700.0,8337408.0,,
2020-09-11,600654,1.55454468,1.58443977,1.52464959,1.57447474,2802485.0,4369042.43,,
2020-09-14,600654,1.56450971,1.58443977,1.55454468,1.56450971,2376996.0,3741554.77,,
2020-09-15,600654,1.57447474,1.57447474,1.54457965,1.55454468,2116392.0,3308290.52,,
2020-09-16,600654,1.55454468,1.63426492,1.55454468,1.63426492,11894141.0,19438334.99,,
2020-09-17,600654,1.63426492,1.68409007,1.62429989,1.62429989,10915495.0,18080611.25,,
2020-09-18,600654,1.61433486,1.63426492,1.60436983,1.63426492,4869001.0,7935470.62,,
2020-09-21,600654,1.63426492,1.64422995,1.60436983,1.60436983,4305600.0,6986479.58,,
2020-09-22,600654,1.60436983,1.61433486,1.57447474,1.5944048,3332400.0,5331375.0,,
2020-09-23,600654,1.58443977,1.60436983,1.58443977,1.5944048,2076481.0,3317759.6,,
2020-09-24,600654,1.5944048,1.60436983,1.57447474,1.58443977,5034362.0,8025544.58,,
2020-09-25,600654,1.57447474,1.66416001,1.57447474,1.62429989,6088448.0,9953091.05,,
2020-09-28,600654,1.62429989,1.66416001,1.61433486,1.62429989,5722027.0,9424655.28,,
2020-09-29,600654,1.62429989,1.64422995,1.60436983,1.60436983,3981500.0,6480187.0,,
2020-09-30,600654,1.60436983,1.61433486,1.5944048,1.60436983,2261235.0,3635204.8,,
2020-10-09,600654,1.61433486,1.63426492,1.60436983,1.61433486,2507654.0,4071189.52,,
2020-10-12,600654,1.62429989,1.63426492,1.60436983,1.62429989,4687760.0,7627419.34,,
2020-10-13,600654,1.62429989,1.65419498,1.61433486,1.64422995,4417370.0,7236040.33,,
2020-10-14,600654,1.63426492,1.64422995,1.61433486,1.63426492,2490177.0,4074412.51,,
2020-10-15,600654,1.62429989,1.64422995,1.61433486,1.61433486,3445400.0,5636916.0,,
2020-10-16,600654,1.62429989,1.64422995,1.61433486,1.62429989,2495899.0,4075661.45,,
2020-10-19,600654,1.63426492,1.63426492,1.60436983,1.61433486,2827395.0,4600200.85,,
2020-10-20,600654,1.61433486,1.62429989,1.5944048,1.61433486,2304190.0,3730057.95,,
2020-10-21,600654,1.61433486,1.64422995,1.61433486,1.61433486,4036700.0,6601691.0,,
2020-10-22,600654,1.61433486,1.63426492,1.61433486,1.61433486,2463197.0,4006288.14,,
2020-10-23,600654,1.61433486,1.62429989,1.5944048,1.60436983,2956500.0,4775398.0,,
2020-10-26,600654,1.60436983,1.64422995,1.5944048,1.62429989,3957103.0,6464835.87,,
2020-10-27,600654,1.62429989,1.64422995,1.62429989,1.64422995,3154548.0,5180410.72,,
2020-10-28,600654,1.64422995,1.66416001,1.63426492,1.64422995,3933401.0,6514240.75,,
2020-10-29,600654,1.63426492,1.67412504,1.63426492,1.66416001,5049174.0,8405631.48,,
2020-10-30,600654,1.66416001,1.74388025,1.65419498,1.70402013,9354374.0,16102661.94,,
2020-11-02,600654,1.66416001,1.67412504,1.61433486,1.62429989,8722510.0,14293804.3,,
2020-11-03,600654,1.60436983,1.63426492,1.60436983,1.61433486,4080410.0,6631156.1,,
2020-11-04,600654,1.62429989,1.62429989,1.5944048,1.61433486,2140591.0,3455053.6,,
2020-11-05,600654,1.61433486,1.63426492,1.60436983,1.63426492,3465799.0,5627617.3,,
2020-11-06,600654,1.62429989,1.63426492,1.61433486,1.63426492,1719679.0,2807386.99,,
2020-11-09,600654,1.64422995,1.66416001,1.63426492,1.64422995,3467250.0,5733723.55,,
2020-11-10,600654,1.64422995,1.66416001,1.62429989,1.65419498,3417117.0,5634781.13,,
2020-11-11,600654,1.65419498,1.65419498,1.62429989,1.64422995,3470101.0,5707393.64,,
2020-11-12,600654,1.64422995,1.65419498,1.63426492,1.65419498,2153600.0,3565786.0,,
2020-11-13,600654,1.65419498,1.65419498,1.63426492,1.65419498,1954107.0,3222608.63,,
2020-11-16,600654,1.64422995,1.67412504,1.64422995,1.66416001,3453700.0,5753530.51,,
2020-11-17,600654,1.66416001,1.73391522,1.66416001,1.67412504,7429522.0,12684079.98,,
2020-11-18,600654,1.68409007,1.74388025,1.68409007,1.70402013,7139030.0,12295817.18,,
2020-11-19,600654,1.70402013,1.73391522,1.70402013,1.72395019,4129392.0,7132146.24,,
2020-11-20,600654,1.72395019,1.76381031,1.72395019,1.74388025,7792602.0,13701167.46,,
2020-11-23,600654,1.73391522,1.83356552,1.73391522,1.83356552,13892951.0,25310969.3,,
2020-11-24,600654,1.85349558,1.87342564,1.78374037,1.80367043,12996152.0,23674868.1,,
2020-11-25,600654,1.78374037,1.83356552,1.77377534,1.7937054,6461098.0,11650615.38,,
2020-11-26,600654,1.78374037,1.81363546,1.77377534,1.80367043,3807258.0,6878014.38,,
2020-11-27,600654,1.7937054,1.81363546,1.7937054,1.81363546,3348712.0,6059618.72,,
2020-11-30,600654,1.7937054,1.82360049,1.72395019,1.72395019,6300908.0,11297651.48,,
2020-12-01,600654,1.71398516,1.76381031,1.70402013,1.73391522,5622800.0,9806223.27,,
2020-12-02,600654,1.73391522,1.75384528,1.72395019,1.75384528,2761465.0,4824466.1,,
2020-12-03,600654,1.7937054,1.84353055,1.78374037,1.83356552,9255939.0,17023707.17,,
2020-12-04,600654,1.82360049,1.83356552,1.7937054,1.81363546,4127029.0,7498589.49,,
2020-12-07,600654,1.80367043,1.88339067,1.80367043,1.87342564,8106281.0,15123525.06,,
2020-12-08,600654,1.86346061,1.96311091,1.86346061,1.96311091,13231983.0,25828550.1,,
2020-12-09,600654,1.96311091,2.06276121,1.92325079,1.96311091,23751934.0,47916343.35,,
2020-12-10,600654,1.90332073,2.02290109,1.90332073,1.993006,11455958.0,22735168.24,,
2020-12-11,600654,2.00297103,2.08269127,2.00297103,2.03286612,10353113.0,21243503.51,,
2020-12-14,600654,2.04283115,2.07272624,1.93321582,1.95314588,11326112.0,22406042.25,,
2020-12-15,600654,1.93321582,1.97307594,1.85349558,1.85349558,9989788.0,18966756.56,,
2020-12-16,600654,1.82360049,1.84353055,1.76381031,1.7937054,12171251.0,21791262.47,,
2020-12-17,600654,1.7937054,1.81363546,1.71398516,1.81363546,6739567.0,11934090.41,,
2020-12-18,600654,1.80367043,1.83356552,1.78374037,1.7937054,3518300.0,6374500.0,,
2020-12-21,600654,1.7937054,1.80367043,1.76381031,1.77377534,3158689.0,5644521.02,,
2020-12-22,600654,1.76381031,1.77377534,1.6940551,1.70402013,6538148.0,11337984.4,,
2020-12-23,600654,1.71398516,1.76381031,1.71398516,1.74388025,3378200.0,5901790.0,,
2020-12-24,600654,1.75384528,1.76381031,1.72395019,1.72395019,3339388.0,5842360.24,,
2020-12-25,600654,1.74388025,1.74388025,1.6940551,1.70402013,5134800.0,8820141.0,,
2020-12-28,600654,1.71398516,1.71398516,1.62429989,1.63426492,7317713.0,12092261.32,,
2020-12-29,600654,1.64422995,1.6940551,1.61433486,1.67412504,4674342.0,7783397.45,,
2020-12-30,600654,1.71398516,1.75384528,1.70402013,1.75384528,8801096.0,15451177.61,,
2020-12-31,600654,1.76381031,1.77377534,1.68409007,1.73391522,7691243.0,13349315.99,,
2021-01-04,600654,1.73391522,1.73391522,1.67412504,1.70402013,5120152.0,8704826.28,,
2021-01-05,600654,1.71398516,1.74388025,1.68409007,1.70402013,3333300.0,5732139.9,,
2021-01-06,600654,1.70402013,1.72395019,1.66416001,1.67412504,4155239.0,7016959.35,,
2021-01-07,600654,1.67412504,1.68409007,1.61433486,1.62429989,4831599.0,7959980.02,,
2021-01-08,600654,1.62429989,1.65419498,1.61433486,1.65419498,2956021.0,4856057.51,,
2021-01-11,600654,1.65419498,1.66416001,1.61433486,1.61433486,2555201.0,4184808.62,,
2021-01-12,600654,1.60436983,1.63426492,1.60436983,1.61433486,1940268.0,3149906.16,,
2021-01-13,600654,1.61433486,1.64422995,1.5944048,1.60436983,2586900.0,4195313.0,,
2021-01-14,600654,1.60436983,1.61433486,1.58443977,1.60436983,2672547.0,4289809.2,,
2021-01-15,600654,1.5944048,1.63426492,1.5944048,1.63426492,2053209.0,3341158.71,,
2021-01-18,600654,1.61433486,1.68409007,1.61433486,1.66416001,3562478.0,5902088.64,,
2021-01-19,600654,1.67412504,1.67412504,1.63426492,1.65419498,2815843.0,4657034.52,,
2021-01-20,600654,1.65419498,1.65419498,1.63426492,1.64422995,1484400.0,2444108.0,,
2021-01-21,600654,1.64422995,1.67412504,1.63426492,1.63426492,3058173.0,5048991.72,,
2021-01-22,600654,1.63426492,1.65419498,1.56450971,1.60436983,5571286.0,8991137.04,,
2021-01-25,600654,1.58443977,1.61433486,1.57447474,1.5944048,2186476.0,3482607.96,,
2021-01-26,600654,1.58443977,1.58443977,1.53461462,1.55454468,4676092.0,7328244.52,,
2021-01-27,600654,1.55454468,1.56450971,1.52464959,1.53461462,2294246.0,3552717.84,,
2021-01-28,600654,1.52464959,1.55454468,1.48478947,1.4947545,4190200.0,6375269.0,,
2021-01-29,600654,1.46485941,1.48478947,1.42499929,1.42499929,9068227.0,13105788.73,,
2021-02-01,600654,1.3951042,1.3951042,1.35524408,1.35524408,9350900.0,12817476.44,,
2021-02-02,600654,1.34527905,1.42499929,1.32534899,1.42499929,4346225.0,6130310.56,,
2021-02-03,600654,1.44492935,1.4947545,1.42499929,1.47482444,7272725.0,10675915.3,,
2021-02-04,600654,1.46485941,1.46485941,1.40506923,1.42499929,4638100.0,6635356.4,,
2021-02-05,600654,1.43496432,1.45489438,1.41503426,1.44492935,1699540.0,2441288.19,,
2021-02-08,600654,1.44492935,1.45489438,1.42499929,1.42499929,1809451.0,2608341.67,,
2021-02-09,600654,1.3951042,1.44492935,1.38513917,1.42499929,1968000.0,2791948.09,,
2021-02-10,600654,1.42499929,1.4947545,1.40506923,1.44492935,3414500.0,4970996.0,,
2021-02-18,600654,1.45489438,1.50471953,1.45489438,1.48478947,3108637.0,4623838.47,,
2021-02-19,600654,1.48478947,1.51468456,1.47482444,1.50471953,2968743.0,4469881.07,,
2021-02-22,600654,1.50471953,1.55454468,1.4947545,1.50471953,5568032.0,8508806.79,,
2021-02-23,600654,1.50471953,1.50471953,1.48478947,1.48478947,2525900.0,3787191.0,,
2021-02-24,600654,1.4947545,1.55454468,1.48478947,1.55454468,7842054.0,12080321.39,,
2021-02-25,600654,1.57447474,1.58443977,1.54457965,1.56450971,4672361.0,7336278.18,,
2021-02-26,600654,1.56450971,1.57447474,1.52464959,1.55454468,4063788.0,6317837.4,,
2021-03-01,600654,1.57447474,1.61433486,1.54457965,1.57447474,3666235.0,5802731.9,,
2021-03-02,600654,1.58443977,1.60436983,1.57447474,1.5944048,3670241.0,5856103.63,,
2021-03-03,600654,1.5944048,1.60436983,1.57447474,1.58443977,4222245.0,6732213.45,,
2021-03-04,600654,1.58443977,1.62429989,1.56450971,1.5944048,4730145.0,7568927.55,,
2021-03-05,600654,1.58443977,1.61433486,1.58443977,1.5944048,5455800.0,8733658.0,,
2021-03-08,600654,1.5944048,1.62429989,1.57447474,1.57447474,5448575.0,8733406.25,,
2021-03-09,600654,1.55454468,1.55454468,1.4947545,1.52464959,6826279.0,10440949.29,,
2021-03-10,600654,1.52464959,1.53461462,1.4947545,1.51468456,2317949.0,3525793.99,,
2021-03-11,600654,1.52464959,1.54457965,1.50471953,1.53461462,3099450.0,4760324.49,,
2021-03-12,600654,1.53461462,1.54457965,1.52464959,1.53461462,2236200.0,3437603.0,,
2021-03-15,600654,1.53461462,1.55454468,1.52464959,1.54457965,2055600.0,3178063.0,,
2021-03-16,600654,1.55454468,1.55454468,1.52464959,1.53461462,2618347.0,4033791.91,,
2021-03-17,600654,1.55454468,1.61433486,1.55454468,1.61433486,11661960.0,18794455.85,,
2021-03-18,600654,1.60436983,1.61433486,1.56450971,1.57447474,8226621.0,13058451.18,,
2021-03-19,600654,1.57447474,1.60436983,1.55454468,1.57447474,4751900.0,7538055.0,,
2021-03-22,600654,1.56450971,1.60436983,1.56450971,1.58443977,3082808.0,4906026.76,,
2021-03-23,600654,1.5944048,1.60436983,1.58443977,1.58443977,3666220.0,5868065.34,,
2021-03-24,600654,1.58443977,1.60436983,1.57447474,1.5944048,4370644.0,6967715.4,,
2021-03-25,600654,1.58443977,1.58443977,1.52464959,1.54457965,4091417.0,6395456.52,,
2021-03-26,600654,1.54457965,1.57447474,1.54457965,1.57447474,2946990.0,4603138.62,,
2021-03-29,600654,1.56450971,1.58443977,1.55454468,1.56450971,1805480.0,2843705.6,,
2021-03-30,600654,1.56450971,1.56450971,1.52464959,1.52464959,2472632.0,3822091.96,,
2021-03-31,600654,1.54457965,1.55454468,1.52464959,1.54457965,2103670.0,3244787.98,,
2021-04-01,600654,1.55454468,1.55454468,1.51468456,1.53461462,2778100.0,4258686.0,,
2021-04-02,600654,1.52464959,1.55454468,1.52464959,1.53461462,1950500.0,3008781.0,,
2021-04-06,600654,1.53461462,1.61433486,1.53461462,1.58443977,5119578.0,8184545.46,,
2021-04-07,600654,1.56450971,1.5944048,1.56450971,1.5944048,3187501.0,5063253.64,,
2021-04-08,600654,1.60436983,1.60436983,1.54457965,1.55454468,3902278.0,6188929.02,,
2021-04-09,600654,1.55454468,1.5944048,1.55454468,1.58443977,2686825.0,4246843.5,,
2021-04-12,600654,1.57447474,1.5944048,1.56450971,1.58443977,3350423.0,5319272.14,,
2021-04-13,600654,1.57447474,1.58443977,1.54457965,1.55454468,3088300.0,4851564.0,,
2021-04-14,600654,1.56450971,1.56450971,1.54457965,1.56450971,2152713.0,3362777.28,,
2021-04-15,600654,1.56450971,1.57447474,1.55454468,1.55454468,2794700.0,4378129.0,,
2021-04-16,600654,1.55454468,1.5944048,1.54457965,1.57447474,4222204.0,6663268.07,,
2021-04-19,600654,1.57447474,1.60436983,1.56450971,1.60436983,4547108.0,7267378.97,,
2021-04-20,600654,1.5944048,1.60436983,1.58443977,1.58443977,2942000.0,4705249.0,,
2021-04-21,600654,1.58443977,1.5944048,1.57447474,1.58443977,2582351.0,4104899.58,,
2021-04-22,600654,1.58443977,1.58443977,1.55454468,1.57447474,3535600.0,5555812.0,,
2021-04-23,600654,1.56450971,1.56450971,1.54457965,1.56450971,3032471.0,4736631.88,,
2021-04-26,600654,1.56450971,1.5944048,1.55454468,1.58443977,3829872.0,6043062.06,,
2021-04-27,600654,1.58443977,1.60436983,1.56450971,1.57447474,4179195.0,6636782.05,,
2021-04-28,600654,1.57447474,1.57447474,1.54457965,1.56450971,3721146.0,5834718.76,,
2021-04-29,600654,1.56450971,1.57447474,1.53461462,1.54457965,4072293.0,6344725.98,,
2021-04-30,600654,1.53461462,1.56450971,1.52464959,1.54457965,2407636.0,3737313.8,,
2021-05-06,600654,1.54457965,1.55454468,1.52464959,1.53461462,2617655.0,4027032.15,,
2021-05-07,600654,1.53461462,1.54457965,1.51468456,1.53461462,2615089.0,4009755.17,,
2021-05-10,600654,1.53461462,1.55454468,1.51468456,1.53461462,3085700.0,4763569.0,,
2021-05-11,600654,1.54457965,1.58443977,1.52464959,1.57447474,4531279.0,7027335.87,,
2021-05-12,600654,1.57447474,1.62429989,1.55454468,1.61433486,7771273.0,12441117.32,,
2021-05-13,600654,1.61433486,1.6940551,1.5944048,1.6940551,9762109.0,16426246.13,,
2021-05-14,600654,1.73391522,1.78374037,1.72395019,1.78374037,12568470.0,22332223.2,,
2021-05-17,600654,1.86346061,1.87342564,1.75384528,1.78374037,31792712.0,58415828.48,,
2021-05-18,600654,1.72395019,1.87342564,1.72395019,1.81363546,16951535.0,30934012.94,,
2021-05-19,600654,1.83356552,1.88339067,1.74388025,1.78374037,11671957.0,21312245.07,,
2021-05-20,600654,1.7937054,1.7937054,1.75384528,1.75384528,8310600.0,14743371.0,,
2021-05-21,600654,1.84353055,1.84353055,1.83356552,1.84353055,3587690.0,6637018.5,,
2021-05-24,600654,1.92325079,1.93321582,1.87342564,1.90332073,18240280.0,35046581.4,,
2021-05-25,600654,1.8933557,1.96311091,1.82360049,1.93321582,14367070.0,27235180.87,,
2021-05-26,600654,1.93321582,2.02290109,1.93321582,2.00297103,10521917.0,21000315.2,,
2021-05-27,600654,1.993006,2.06276121,1.97307594,1.98304097,12962800.0,26007616.0,,
2021-05-28,600654,1.98304097,1.993006,1.91328576,1.92325079,13519984.0,26438434.14,,
2021-05-31,600654,1.90332073,1.94318085,1.86346061,1.92325079,6284158.0,12029108.2,,
2021-06-01,600654,1.90332073,1.92325079,1.87342564,1.90332073,4889214.0,9314709.6,,
2021-06-02,600654,1.8933557,1.90332073,1.80367043,1.81363546,13057200.0,24074639.0,,
2021-06-03,600654,1.77377534,1.90332073,1.77377534,1.8933557,12046900.0,22192488.64,,
2021-06-04,600654,1.87342564,1.94318085,1.87342564,1.93321582,9978598.0,19236867.16,,
2021-06-07,600654,1.95314588,1.95314588,1.91328576,1.93321582,6943921.0,13469432.3,,
2021-06-08,600654,1.93321582,2.03286612,1.93321582,2.03286612,22923174.0,46536813.96,,
2021-06-09,600654,2.04283115,2.08269127,2.00297103,2.01293606,17108945.0,34968167.8,,
2021-06-10,600654,2.00297103,2.08269127,2.00297103,2.03286612,9609250.0,19753901.5,,
2021-06-11,600654,2.02290109,2.13251642,2.00297103,2.0926563,13035878.0,27279725.24,,
2021-06-15,600654,2.10262133,2.20227163,2.10262133,2.20227163,28046805.0,61559158.78,,
2021-06-16,600654,2.17237654,2.18234157,2.0926563,2.0926563,19359400.0,41018918.02,,
2021-06-17,600654,1.993006,2.05279618,1.993006,2.02290109,21015680.0,42228175.88,,
2021-06-18,600654,2.01293606,2.02290109,1.92325079,1.95314588,20287047.0,39773185.47,,
2021-06-21,600654,1.90332073,1.94318085,1.85349558,1.92325079,16983307.0,32242688.4,,
2021-06-22,600654,1.91328576,1.97307594,1.91328576,1.93321582,8715181.0,16973638.6,,
2021-06-23,600654,1.93321582,1.97307594,1.92325079,1.93321582,8888413.0,17319602.37,,
2021-06-24,600654,1.92325079,2.03286612,1.91328576,2.03286612,14461901.0,28858015.34,,
2021-06-25,600654,2.05279618,2.13251642,2.05279618,2.13251642,16598566.0,35322925.11,,
2021-06-28,600654,2.18234157,2.1923066,2.08269127,2.10262133,18053281.0,38670769.44,,
2021-06-29,600654,2.0926563,2.12255139,2.00297103,2.06276121,14402903.0,29615214.54,,
2021-06-30,600654,2.04283115,2.16241151,2.02290109,2.16241151,16723334.0,35889968.5,,
2021-07-01,600654,2.17237654,2.1923066,2.07272624,2.07272624,16628633.0,35669948.96,,
2021-07-02,600654,2.07272624,2.07272624,1.98304097,2.00297103,17696000.0,35780655.0,,
2021-07-05,600654,1.993006,2.10262133,1.993006,2.05279618,15767521.0,32798692.31,,
2021-07-06,600654,2.04283115,2.04283115,1.96311091,2.01293606,14017199.0,28351688.02,,
2021-07-07,600654,1.93321582,2.00297103,1.92325079,1.993006,12264047.0,24221958.53,,
2021-07-08,600654,1.993006,2.01293606,1.95314588,1.97307594,8630100.0,17110496.0,,
2021-07-09,600654,1.96311091,2.05279618,1.96311091,2.00297103,9281451.0,18730560.0,,
2021-07-12,600654,2.00297103,2.05279618,1.97307594,1.98304097,9184800.0,18412675.97,,
2021-07-13,600654,1.97307594,1.993006,1.95314588,1.98304097,8670025.0,17122288.25,,
2021-07-14,600654,1.97307594,1.98304097,1.90332073,1.93321582,10072201.0,19488421.92,,
2021-07-15,600654,1.92325079,1.92325079,1.87342564,1.90332073,10960286.0,20809696.4,,
2021-07-16,600654,1.8933557,2.00297103,1.8933557,2.00297103,15838869.0,31566323.28,,
2021-07-19,600654,1.98304097,1.993006,1.92325079,1.94318085,11377199.0,22288068.06,,
2021-07-20,600654,1.93321582,2.00297103,1.8933557,1.94318085,7778422.0,15310757.57,,
2021-07-21,600654,1.94318085,2.02290109,1.94318085,1.98304097,8701850.0,17394787.72,,
2021-07-22,600654,1.98304097,2.04283115,1.98304097,2.00297103,8085933.0,16255082.68,,
2021-07-23,600654,2.00297103,2.04283115,1.94318085,1.96311091,9209250.0,18315131.0,,
2021-07-26,600654,1.94318085,2.00297103,1.8933557,1.94318085,7921800.0,15413073.0,,
2021-07-27,600654,1.94318085,1.96311091,1.90332073,1.91328576,5138500.0,9903270.0,,
2021-07-28,600654,1.90332073,1.91328576,1.81363546,1.82360049,13019109.0,23841519.38,,
2021-07-29,600654,1.81363546,1.85349558,1.81363546,1.82360049,5772900.0,10589859.02,,
2021-07-30,600654,1.82360049,1.84353055,1.7937054,1.84353055,4826508.0,8778946.48,,
2021-08-02,600654,1.83356552,1.87342564,1.83356552,1.85349558,5513262.0,10219901.18,,
2021-08-03,600654,1.85349558,1.88339067,1.84353055,1.86346061,4575812.0,8563732.32,,
2021-08-04,600654,1.86346061,1.87342564,1.84353055,1.84353055,4044117.0,7507898.45,,
2021-08-05,600654,1.85349558,1.85349558,1.80367043,1.81363546,4649417.0,8496568.77,,
2021-08-06,600654,1.82360049,1.82360049,1.77377534,1.78374037,5228407.0,9358119.64,,
2021-08-09,600654,1.77377534,1.82360049,1.76381031,1.81363546,4216644.0,7625889.66,,
2021-08-10,600654,1.80367043,1.84353055,1.80367043,1.82360049,3482493.0,6391234.26,,
2021-08-11,600654,1.82360049,1.83356552,1.80367043,1.83356552,4630560.0,8445542.97,,
2021-08-12,600654,1.82360049,1.86346061,1.81363546,1.84353055,5067915.0,9377347.6,,
2021-08-13,600654,1.83356552,1.84353055,1.81363546,1.84353055,5186300.0,9514842.0,,
2021-08-16,600654,1.84353055,1.93321582,1.83356552,1.93321582,13407629.0,25759320.83,,
2021-08-17,600654,1.87342564,1.93321582,1.83356552,1.88339067,15628400.0,29424868.2,,
2021-08-18,600654,1.87342564,1.97307594,1.86346061,1.95314588,15878395.0,31163938.08,,
2021-08-19,600654,1.94318085,2.03286612,1.92325079,2.00297103,12897382.0,25822863.18,,
2021-08-20,600654,2.00297103,2.01293606,1.95314588,1.96311091,8334259.0,16484968.23,,
2021-08-23,600654,1.96311091,2.05279618,1.94318085,1.94318085,11593333.0,23102580.33,,
2021-08-24,600654,1.94318085,1.96311091,1.91328576,1.95314588,7173068.0,13934234.24,,
2021-08-25,600654,1.95314588,1.97307594,1.93321582,1.95314588,4048400.0,7922299.0,,
2021-08-26,600654,1.96311091,1.97307594,1.91328576,1.92325079,5702600.0,11068662.0,,
2021-08-27,600654,1.92325079,2.02290109,1.91328576,1.993006,9272557.0,18458128.57,,
2021-08-30,600654,1.993006,2.01293606,1.95314588,1.98304097,5707995.0,11341835.05,,
2021-08-31,600654,1.98304097,1.993006,1.93321582,1.94318085,5817468.0,11407752.91,,
2021-09-01,600654,1.95314588,1.96311091,1.92325079,1.94318085,6332915.0,12329896.75,,
2021-09-02,600654,1.95314588,1.993006,1.93321582,1.97307594,5422442.0,10646092.13,,
2021-09-03,600654,1.96311091,1.98304097,1.94318085,1.97307594,5604724.0,11024316.74,,
2021-09-06,600654,1.98304097,2.06276121,1.97307594,2.03286612,14575761.0,29853383.54,,
2021-09-07,600654,2.03286612,2.0926563,2.02290109,2.04283115,10021166.0,20802862.99,,
2021-09-08,600654,2.04283115,2.06276121,2.00297103,2.02290109,7814020.0,15883381.4,,
2021-09-09,600654,2.02290109,2.02290109,2.00297103,2.00297103,4777700.0,9637053.0,,
2021-09-10,600654,1.993006,2.01293606,1.97307594,1.993006,4834949.0,9660784.51,,
2021-09-13,600654,1.993006,1.993006,1.94318085,1.95314588,8091200.0,15951760.94,,
2021-09-14,600654,1.95314588,1.98304097,1.94318085,1.97307594,7098696.0,14012091.7,,
2021-09-15,600654,1.96311091,1.97307594,1.94318085,1.96311091,4609600.0,9060739.0,,
2021-09-16,600654,1.96311091,1.96311091,1.93321582,1.93321582,5982202.0,11689476.88,,
2021-09-17,600654,1.94318085,1.94318085,1.84353055,1.88339067,10563700.0,19925105.57,,
2021-09-22,600654,1.85349558,1.97307594,1.85349558,1.96311091,8181175.0,15940351.65,,
2021-09-23,600654,1.96311091,2.00297103,1.94318085,1.95314588,5685288.0,11215569.36,,
2021-09-24,600654,1.95314588,1.96311091,1.8933557,1.90332073,4501711.0,8657571.11,,
2021-09-27,600654,1.8933557,1.91328576,1.84353055,1.85349558,5111382.0,9579300.52,,
2021-09-28,600654,1.86346061,1.90332073,1.84353055,1.87342564,3896311.0,7327351.65,,
2021-09-29,600654,1.87342564,1.87342564,1.81363546,1.81363546,5555701.0,10263601.82,,
2021-09-30,600654,1.84353055,1.86346061,1.83356552,1.84353055,2897610.0,5363719.5,,
2021-10-08,600654,1.85349558,1.93321582,1.84353055,1.8933557,5325092.0,10106658.78,,
2021-10-11,600654,1.8933557,1.90332073,1.86346061,1.8933557,4281610.0,8072089.8,,
2021-10-12,600654,1.88339067,1.90332073,1.85349558,1.87342564,4591582.0,8660571.34,,
2021-10-13,600654,1.86346061,1.96311091,1.86346061,1.96311091,13147213.0,25755179.55,,
2021-10-14,600654,1.96311091,1.96311091,1.91328576,1.93321582,7831059.0,15210072.97,,
2021-10-15,600654,1.93321582,1.95314588,1.90332073,1.93321582,5358836.0,10377376.58,,
2021-10-18,600654,1.94318085,1.96311091,1.91328576,1.95314588,3652015.0,7108244.96,,
2021-10-19,600654,1.94318085,1.98304097,1.93321582,1.94318085,4762534.0,9365445.64,,
2021-10-20,600654,1.95314588,1.993006,1.94318085,1.97307594,6541536.0,12954703.92,,
2021-10-21,600654,1.96311091,1.97307594,1.87342564,1.90332073,6249400.0,12071081.0,,
2021-10-22,600654,1.92325079,1.92325079,1.86346061,1.8933557,3745200.0,7101665.0,,
2021-10-25,600654,1.90332073,1.93321582,1.8933557,1.91328576,3451100.0,6637748.0,,
2021-10-26,600654,1.90332073,1.93321582,1.8933557,1.91328576,2406500.0,4620247.0,,
2021-10-27,600654,1.90332073,1.91328576,1.86346061,1.88339067,3799136.0,7168128.32,,
2021-10-28,600654,1.86346061,1.88339067,1.85349558,1.86346061,2557500.0,4794983.0,,
2021-10-29,600654,1.87342564,1.95314588,1.87342564,1.95314588,7836012.0,15253310.29,,
2021-11-01,600654,1.94318085,1.94318085,1.85349558,1.88339067,10286100.0,19439248.0,,
2021-11-02,600654,1.87342564,1.88339067,1.80367043,1.85349558,6032200.0,11179547.0,,
2021-11-03,600654,1.85349558,1.90332073,1.84353055,1.85349558,3340200.0,6259683.0,,
2021-11-04,600654,1.86346061,1.87342564,1.85349558,1.86346061,2269200.0,4241913.0,,
2021-11-05,600654,1.87342564,1.87342564,1.84353055,1.85349558,2372801.0,4421783.86,,
2021-11-08,600654,1.86346061,1.87342564,1.84353055,1.85349558,2263477.0,4212196.07,,
2021-11-09,600654,1.87342564,1.87342564,1.84353055,1.87342564,2880759.0,5379436.21,,
2021-11-10,600654,1.87342564,1.88339067,1.85349558,1.87342564,2779697.0,5205253.36,,
2021-11-11,600654,1.86346061,1.88339067,1.84353055,1.86346061,3938012.0,7360861.44,,
2021-11-12,600654,1.86346061,1.87342564,1.84353055,1.85349558,3517688.0,6566293.56,,
2021-11-15,600654,1.85349558,1.86346061,1.83356552,1.85349558,4054487.0,7494421.9,,
2021-11-16,600654,1.84353055,1.87342564,1.84353055,1.86346061,3981500.0,7435634.0,,
2021-11-17,600654,1.86346061,1.87342564,1.84353055,1.87342564,3126594.0,5835667.85,,
2021-11-18,600654,1.86346061,1.94318085,1.86346061,1.8933557,9541684.0,18167028.97,,
2021-11-19,600654,1.88339067,1.93321582,1.88339067,1.93321582,6882883.0,13249386.46,,
2021-11-22,600654,1.91328576,1.93321582,1.87342564,1.90332073,5554873.0,10611932.8,,
2021-11-23,600654,1.91328576,1.91328576,1.88339067,1.8933557,3534100.0,6726141.0,,
2021-11-24,600654,1.8933557,1.90332073,1.85349558,1.87342564,7524768.0,14125158.84,,
2021-11-25,600654,1.86346061,1.87342564,1.85349558,1.86346061,4377300.0,8186321.0,,
2021-11-26,600654,1.85349558,1.86346061,1.82360049,1.85349558,5684897.0,10523557.36,,
2021-11-29,600654,1.84353055,1.87342564,1.81363546,1.86346061,4197195.0,7780786.7,,
2021-11-30,600654,1.86346061,1.88339067,1.85349558,1.85349558,5711800.0,10686880.0,,
2021-12-01,600654,1.84353055,1.87342564,1.83356552,1.87342564,4427749.0,8258762.12,,
2021-12-02,600654,1.86346061,1.90332073,1.86346061,1.87342564,7544983.0,14275418.04,,
2021-12-03,600654,1.87342564,1.88339067,1.85349558,1.87342564,3847783.0,7208078.38,,
2021-12-06,600654,1.86346061,1.92325079,1.85349558,1.88339067,10480946.0,19855326.92,,
2021-12-07,600654,1.88339067,1.97307594,1.87342564,1.95314588,19963801.0,38704544.53,,
2021-12-08,600654,1.94318085,2.05279618,1.94318085,2.03286612,32733646.0,66956368.15,,
2021-12-09,600654,1.98304097,1.993006,1.93321582,1.94318085,27698786.0,54292698.72,,
2021-12-10,600654,1.94318085,2.04283115,1.91328576,1.993006,24950354.0,50201102.3,,
2021-12-13,600654,1.98304097,2.05279618,1.96311091,1.98304097,14354908.0,28740987.84,,
2021-12-14,600654,1.98304097,1.98304097,1.94318085,1.97307594,8719208.0,17131982.82,,
2021-12-15,600654,1.97307594,1.97307594,1.94318085,1.94318085,7085300.0,13908488.0,,
2021-12-16,600654,1.94318085,1.97307594,1.94318085,1.94318085,7122864.0,13953008.8,,
2021-12-17,600654,1.94318085,1.95314588,1.92325079,1.94318085,6318295.0,12253215.36,,
2021-12-20,600654,1.92325079,1.94318085,1.8933557,1.90332073,7130800.0,13703157.0,,
2021-12-21,600654,1.8933557,1.95314588,1.88339067,1.93321582,6707347.0,12922521.77,,
2021-12-22,600654,1.93321582,1.97307594,1.93321582,1.95314588,7130859.0,13966040.46,,
2021-12-23,600654,1.95314588,2.01293606,1.91328576,1.97307594,11920657.0,23430279.82,,
2021-12-24,600654,1.98304097,2.00297103,1.95314588,1.97307594,7657054.0,15192966.84,,
2021-12-27,600654,2.07272624,2.07272624,2.06276121,2.07272624,35522017.0,73878230.36,,
2021-12-28,600654,2.07272624,2.17237654,2.01293606,2.17237654,39540269.0,83317666.71,,
2021-12-29,600654,2.26206181,2.28199187,2.22220169,2.28199187,13654777.0,31097173.23,,
2021-12-30,600654,2.3916072,2.3916072,2.3916072,2.3916072,4649978.0,11159947.2,,
2021-12-31,600654,2.51118756,2.51118756,2.32185199,2.45139738,82853583.0,204934973.49,,
2022-01-04,600654,2.50122253,2.57097774,2.47132744,2.57097774,17726942.0,45333878.36,,
2022-01-05,600654,2.70052313,2.70052313,2.52115259,2.70052313,60907041.0,163072359.6,,
2022-01-06,600654,2.73041822,2.84003355,2.6905581,2.84003355,35061701.0,99029103.61,,
2022-01-07,600654,2.95961391,2.97954397,2.92971882,2.97954397,42019473.0,125409629.05,,
2022-01-10,600654,3.0891593,3.12901942,3.07919427,3.12901942,10997714.0,34374533.14,,
2022-01-11,600654,3.2884599,3.2884599,2.96957894,2.96957894,93282801.0,290336769.07,,
2022-01-12,600654,3.0891593,3.11905439,2.82010349,2.82010349,81465270.0,241188331.43,,
2022-01-13,600654,2.75034828,2.81013846,2.68059307,2.68059307,45451536.0,124126862.92,,
2022-01-14,600654,2.55104768,2.71048816,2.55104768,2.56101271,70441661.0,182946620.22,,
2022-01-17,600654,2.54108265,2.6905581,2.52115259,2.6905581,42857490.0,112001609.4,,
2022-01-18,600654,2.77027834,2.83006852,2.73041822,2.83006852,23075837.0,64826933.08,,
2022-01-19,600654,2.96957894,2.96957894,2.6905581,2.6905581,70596180.0,197048632.41,,
2022-01-20,600654,2.71048816,2.78024337,2.60087283,2.65069798,35567924.0,95728495.52,,
2022-01-21,600654,2.60087283,2.72045319,2.5909078,2.6905581,28381149.0,75892434.08,,
2022-01-24,600654,2.73041822,2.83006852,2.68059307,2.83006852,31842642.0,89514009.69,,
2022-01-25,600654,2.81013846,2.82010349,2.6905581,2.6905581,32624595.0,89301931.68,,
2022-01-26,600654,2.67062804,2.70052313,2.56101271,2.5909078,32475166.0,84610711.5,,
2022-01-27,600654,2.54108265,2.57097774,2.46136241,2.46136241,23717693.0,59290582.43,,
2022-01-28,600654,2.43146732,2.56101271,2.36171211,2.48129247,23298197.0,57252669.17,,
2022-02-07,600654,2.42150229,2.47132744,2.36171211,2.37167714,16393500.0,39790996.0,,
2022-02-08,600654,2.33181702,2.4912575,2.25209678,2.4912575,25392980.0,60683801.0,,
2022-02-09,600654,2.43146732,2.60087283,2.43146732,2.51118756,22245776.0,56172180.84,,
2022-02-10,600654,2.4912575,2.56101271,2.47132744,2.51118756,11791300.0,29747784.0,,
2022-02-11,600654,2.4912575,2.52115259,2.3916072,2.43146732,15630434.0,38396941.04,,
2022-02-14,600654,2.38164217,2.55104768,2.37167714,2.55104768,21047718.0,52663183.08,,
2022-02-15,600654,2.51118756,2.62080289,2.51118756,2.53111762,17676700.0,45492914.0,,
2022-02-16,600654,2.54108265,2.66066301,2.51118756,2.66066301,24635001.0,64516681.61,,
2022-02-17,600654,2.65069798,2.77027834,2.61083786,2.67062804,28310098.0,76282599.74,,
2022-02-18,600654,2.66066301,2.72045319,2.64073295,2.67062804,16475800.0,44116546.0,,
2022-02-21,600654,2.64073295,2.67062804,2.57097774,2.60087283,19391701.0,50797241.64,,
2022-02-22,600654,2.56101271,2.5909078,2.4912575,2.51118756,16746300.0,42552581.0,,
2022-02-23,600654,2.50122253,2.5909078,2.46136241,2.53111762,15334100.0,38960742.99,,
2022-02-24,600654,2.51118756,2.56101271,2.40157223,2.40157223,24874093.0,61466894.85,,
2022-02-25,600654,2.43146732,2.51118756,2.40157223,2.46136241,14171475.0,34972453.3,,
2022-02-28,600654,2.42150229,2.58094277,2.40157223,2.58094277,20483196.0,51264984.0,,
2022-03-01,600654,2.58094277,2.64073295,2.54108265,2.55104768,20333310.0,52745533.0,,
2022-03-02,600654,2.53111762,2.63076792,2.52115259,2.61083786,16701700.0,43354967.0,,
2022-03-03,600654,2.63076792,2.63076792,2.56101271,2.57097774,11029492.0,28674702.0,,
2022-03-04,600654,2.57097774,2.5909078,2.46136241,2.51118756,12878200.0,32569115.0,,
2022-03-07,600654,2.47132744,2.56101271,2.44143235,2.4912575,11215274.0,28084077.0,,
2022-03-08,600654,2.48129247,2.62080289,2.46136241,2.60087283,27172066.0,70120197.0,,
2022-03-09,600654,2.60087283,2.68059307,2.48129247,2.64073295,32414780.0,84654590.0,,
2022-03-10,600654,2.6905581,2.77027834,2.62080289,2.77027834,29035309.0,78612882.0,,
2022-03-11,600654,2.75034828,2.77027834,2.64073295,2.64073295,27278700.0,73708866.0,,
2022-03-14,600654,2.57097774,2.5909078,2.51118756,2.51118756,23995885.0,60880583.0,,
2022-03-15,600654,2.52115259,2.57097774,2.44143235,2.46136241,20359607.0,51143801.0,,
2022-03-16,600654,2.47132744,2.50122253,2.38164217,2.48129247,21196901.0,51792034.0,,
2022-03-17,600654,2.46136241,2.51118756,2.43146732,2.45139738,15311210.0,37870718.0,,
2022-03-18,600654,2.43146732,2.55104768,2.42150229,2.50122253,13969598.0,34790908.74,,
2022-03-21,600654,2.48129247,2.51118756,2.43146732,2.46136241,12701171.0,31444154.66,,
2022-03-22,600654,2.47132744,2.48129247,2.43146732,2.45139738,8356097.0,20545947.68,,
2022-03-23,600654,2.44143235,2.45139738,2.42150229,2.44143235,7916171.0,19329288.24,,
2022-03-24,600654,2.42150229,2.43146732,2.32185199,2.32185199,17053301.0,40317987.24,,
2022-03-25,600654,2.32185199,2.37167714,2.24213175,2.35174708,13281300.0,30909456.0,,
2022-03-28,600654,2.33181702,2.35174708,2.27202684,2.27202684,8989378.0,20777860.41,,
2022-03-29,600654,2.26206181,2.31188696,2.22220169,2.24213175,9316100.0,21219173.0,,
2022-03-30,600654,2.23216672,2.35174708,2.20227163,2.28199187,13751800.0,31287176.0,,
2022-03-31,600654,2.25209678,2.2919569,2.24213175,2.24213175,6898300.0,15654947.0,,
2022-04-01,600654,2.22220169,2.25209678,2.1923066,2.20227163,9074703.0,20180195.69,,
2022-04-06,600654,2.1923066,2.28199187,2.18234157,2.24213175,9757705.0,21865603.25,,
2022-04-07,600654,2.22220169,2.30192193,2.21223666,2.26206181,7805808.0,17705751.96,,
2022-04-08,600654,2.26206181,2.37167714,2.25209678,2.37167714,17956781.0,42050573.89,,
2022-04-11,600654,2.32185199,2.36171211,2.25209678,2.25209678,14294806.0,32891697.68,,
2022-04-12,600654,2.22220169,2.23216672,2.14248145,2.17237654,11621149.0,25299460.37,,
2022-04-13,600654,2.15244648,2.17237654,2.0926563,2.11258636,8445900.0,18064736.0,,
2022-04-14,600654,2.10262133,2.17237654,2.10262133,2.14248145,6777444.0,14584288.16,,
2022-04-15,600654,2.13251642,2.13251642,2.03286612,2.03286612,9852883.0,20319519.32,,
2022-04-18,600654,2.00297103,2.04283115,1.93321582,2.00297103,8987510.0,17882368.6,,
2022-04-19,600654,2.00297103,2.04283115,1.97307594,2.04283115,5234084.0,10575881.36,,
2022-04-20,600654,2.04283115,2.12255139,2.03286612,2.06276121,7687275.0,16013321.45,,
2022-04-21,600654,2.05279618,2.16241151,1.993006,2.10262133,10507739.0,21807283.88,,
2022-04-22,600654,2.10262133,2.14248145,2.05279618,2.06276121,7370201.0,15447619.1,,
2022-04-25,600654,2.16241151,2.16241151,2.03286612,2.03286612,24391351.0,52266158.55,,
2022-04-26,600654,1.94318085,1.96311091,1.93321582,1.93321582,14620400.0,28387092.0,,
2022-04-27,600654,1.84353055,1.8933557,1.83356552,1.83356552,13726462.0,25355389.08,,
2022-04-28,600654,1.82360049,1.87342564,1.77377534,1.77377534,8975185.0,16409382.25,,
2022-04-29,600654,1.74388025,1.85349558,1.74388025,1.80367043,9741118.0,17701219.01,,
2022-05-05,600654,1.80367043,1.80367043,1.80367043,1.80367043,,,,
2022-05-06,600654,1.72395019,1.8933557,1.72395019,1.8933557,22498965.0,41529588.0,,
2022-05-09,600654,1.8933557,1.993006,1.86346061,1.95314588,17278783.0,33290115.11,,
2022-05-10,600654,1.94318085,1.98304097,1.91328576,1.93321582,9205495.0,18060722.6,,
2022-05-11,600654,1.91328576,1.96311091,1.87342564,1.8933557,7383400.0,14222414.0,,
2022-05-12,600654,1.87342564,1.91328576,1.82360049,1.85349558,7532302.0,14126706.7,,
2022-05-13,600654,1.87342564,1.90332073,1.84353055,1.8933557,4580600.0,8599790.0,,
2022-05-16,600654,1.88339067,1.94318085,1.84353055,1.91328576,5215548.0,9899974.28,,
2022-05-17,600654,1.91328576,1.93321582,1.88339067,1.91328576,4382399.0,8386193.08,,
2022-05-18,600654,1.93321582,1.94318085,1.86346061,1.87342564,8855300.0,16850503.0,,
2022-05-19,600654,1.83356552,1.8933557,1.83356552,1.86346061,5281578.0,9875477.23,,
2022-05-20,600654,1.85349558,1.93321582,1.85349558,1.93321582,9385716.0,17969467.65,,
2022-05-23,600654,1.93321582,2.03286612,1.91328576,2.03286612,10058681.0,20149626.68,,
2022-05-24,600654,2.02290109,2.13251642,2.01293606,2.01293606,15283871.0,31703526.42,,
2022-05-25,600654,1.98304097,2.11258636,1.96311091,2.11258636,10974067.0,22598507.15,,
2022-05-26,600654,2.12255139,2.16241151,2.08269127,2.10262133,10253178.0,21902167.46,,
2022-05-27,600654,2.10262133,2.12255139,2.02290109,2.05279618,7737589.0,15976095.45,,
2022-05-30,600654,2.07272624,2.07272624,2.02290109,2.03286612,3642276.0,7473664.04,,
2022-05-31,600654,2.03286612,2.13251642,2.02290109,2.13251642,8895030.0,18880793.07,,
2022-06-01,600654,2.15244648,2.20227163,2.13251642,2.15244648,10415176.0,22624507.16,,
2022-06-02,600654,2.14248145,2.24213175,2.11258636,2.22220169,9721671.0,21470665.62,,
2022-06-06,600654,2.23216672,2.27202684,2.16241151,2.16241151,10566298.0,23510879.54,,
2022-06-07,600654,2.15244648,2.21223666,2.11258636,2.14248145,7180500.0,15501253.0,,
2022-06-08,600654,2.14248145,2.20227163,2.12255139,2.17237654,6701900.0,14519273.0,,
2022-06-09,600654,2.17237654,2.17237654,2.12255139,2.15244648,4768700.0,10254235.0,,
2022-06-10,600654,2.12255139,2.17237654,2.12255139,2.15244648,3578610.0,7737445.35,,
2022-06-13,600654,2.16241151,2.21223666,2.14248145,2.18234157,8536773.0,18720025.4,,
2022-06-14,600654,2.17237654,2.23216672,2.16241151,2.20227163,6724013.0,14854901.04,,
2022-06-15,600654,2.20227163,2.22220169,2.14248145,2.16241151,6358382.0,13841274.17,,
2022-06-16,600654,2.16241151,2.16241151,2.11258636,2.13251642,6435800.0,13761513.0,,
2022-06-17,600654,2.14248145,2.24213175,2.11258636,2.22220169,7483776.0,16372117.08,,
2022-06-20,600654,2.21223666,2.22220169,2.16241151,2.17237654,5017400.0,10986505.0,,
2022-06-21,600654,2.17237654,2.20227163,2.16241151,2.18234157,5038100.0,11026199.0,,
2022-06-22,600654,2.18234157,2.24213175,2.14248145,2.16241151,4857910.0,10674056.05,,
2022-06-23,600654,2.15244648,2.17237654,2.12255139,2.15244648,5558100.0,11923111.0,,
2022-06-24,600654,2.17237654,2.17237654,2.0926563,2.10262133,7804481.0,16619458.94,,
2022-06-27,600654,2.11258636,2.15244648,2.07272624,2.10262133,6482700.0,13693830.0,,
2022-06-28,600654,2.12255139,2.13251642,2.08269127,2.10262133,4182090.0,8837755.9,,
2022-06-29,600654,2.11258636,2.11258636,2.06276121,2.08269127,5104649.0,10700849.19,,
2022-06-30,600654,2.07272624,2.14248145,2.07272624,2.0926563,5955646.0,12619099.95,,
2022-07-01,600654,2.20227163,2.20227163,2.20227163,2.20227163,2463301.0,5443895.21,,
2022-07-04,600654,2.31188696,2.31188696,2.31188696,2.31188696,1757399.0,4077165.68,,
2022-07-05,600654,2.43146732,2.43146732,2.43146732,2.43146732,586276.0,1430513.44,,
2022-07-06,600654,2.55104768,2.55104768,2.48129247,2.55104768,27400237.0,69928883.84,,
2022-07-07,600654,2.62080289,2.64073295,2.52115259,2.58094277,28600880.0,74116200.11,,
2022-07-08,600654,2.61083786,2.71048816,2.50122253,2.70052313,24084915.0,62673201.69,,
2022-07-11,600654,2.65069798,2.78024337,2.63076792,2.64073295,16724622.0,45113372.84,,
2022-07-12,600654,2.61083786,2.73041822,2.52115259,2.65069798,16017636.0,42193832.32,,
2022-07-13,600654,2.63076792,2.65069798,2.54108265,2.58094277,10280521.0,26730561.49,,
2022-07-14,600654,2.58094277,2.71048816,2.55104768,2.71048816,13426929.0,35833723.13,,
2022-07-15,600654,2.65069798,2.74038325,2.63076792,2.70052313,13930900.0,37459049.0,,
2022-07-18,600654,2.67062804,2.77027834,2.64073295,2.71048816,8823686.0,23864482.48,,
2022-07-19,600654,2.68059307,2.74038325,2.67062804,2.70052313,8206300.0,22269766.0,,
2022-07-20,600654,2.67062804,2.73041822,2.67062804,2.70052313,7351481.0,19901569.89,,
2022-07-21,600654,2.67062804,2.6905581,2.57097774,2.58094277,13330400.0,35046386.0,,
2022-07-22,600654,2.58094277,2.61083786,2.57097774,2.58094277,5614100.0,14577865.0,,
2022-07-25,600654,2.56101271,2.65069798,2.53111762,2.5909078,7128895.0,18476324.0,,
2022-07-26,600654,2.58094277,2.62080289,2.57097774,2.61083786,4098800.0,10686359.0,,
2022-07-27,600654,2.65069798,2.73041822,2.63076792,2.64073295,8903941.0,23921395.06,,
2022-07-28,600654,2.62080289,2.66066301,2.5909078,2.61083786,6314841.0,16617678.42,,
2022-07-29,600654,2.5909078,2.67062804,2.57097774,2.65069798,6092041.0,16018376.83,,
2022-08-01,600654,2.64073295,2.67062804,2.60087283,2.60087283,4556100.0,11984227.0,,
2022-08-02,600654,2.57097774,2.58094277,2.47132744,2.47132744,11827500.0,29605189.0,,
2022-08-03,600654,2.48129247,2.56101271,2.36171211,2.43146732,7665101.0,19063133.46,,
2022-08-04,600654,2.50122253,2.50122253,2.44143235,2.48129247,5348801.0,13254895.0,,
2022-08-05,600654,2.60087283,2.60087283,2.60087283,2.60087283,2557800.0,6675858.0,,
2022-08-08,600654,2.73041822,2.73041822,2.73041822,2.73041822,1038200.0,2844668.0,,
2022-08-09,600654,2.86992864,2.86992864,2.84003355,2.86992864,13014497.0,37473732.0,,
2022-08-10,600654,2.85996361,2.93968385,2.81013846,2.87989367,22917346.0,66106241.0,,
2022-08-11,600654,2.86992864,2.87989367,2.78024337,2.81013846,13308469.0,37763254.0,,
2022-08-12,600654,2.7902084,2.94964888,2.7902084,2.93968385,18013685.0,52858053.0,,
2022-08-15,600654,2.87989367,3.03933415,2.87989367,2.92971882,17518981.0,51582268.59,,
2022-08-16,600654,2.86992864,2.90978876,2.80017343,2.84999858,12285071.0,35176544.35,,
2022-08-17,600654,2.85996361,2.93968385,2.81013846,2.85996361,10654300.0,30598491.0,,
2022-08-18,600654,2.84003355,2.86992864,2.74038325,2.76031331,12575000.0,35109638.0,,
2022-08-19,600654,2.75034828,2.81013846,2.73041822,2.78024337,8171354.0,22710450.12,,
2022-08-22,600654,2.76031331,2.86992864,2.76031331,2.85996361,9290595.0,26277914.95,,
2022-08-23,600654,2.85996361,2.89982373,2.84003355,2.86992864,5229818.0,15016584.53,,
2022-08-24,600654,2.85996361,2.8898587,2.76031331,2.78024337,7505200.0,21103648.0,,
2022-08-25,600654,2.80017343,2.85996361,2.76031331,2.82010349,5989810.0,16886993.9,,
2022-08-26,600654,2.84003355,2.86992864,2.78024337,2.78024337,5100010.0,14438757.6,,
2022-08-29,600654,2.76031331,2.82010349,2.73041822,2.81013846,4959900.0,13766116.0,,
2022-08-30,600654,2.80017343,2.87989367,2.7902084,2.83006852,6448571.0,18281112.51,,
2022-08-31,600654,2.81013846,2.83006852,2.74038325,2.75034828,6810481.0,18876798.18,,
2022-09-01,600654,2.70052313,2.7902084,2.70052313,2.77027834,4656617.0,12903773.09,,
2022-09-02,600654,2.75034828,2.90978876,2.74038325,2.87989367,13514774.0,38960814.66,,
2022-09-05,600654,2.84999858,2.90978876,2.83006852,2.8898587,6975608.0,20164802.88,,
2022-09-06,600654,2.90978876,3.02936912,2.87989367,2.89982373,11580324.0,34196117.04,,
2022-09-07,600654,2.86992864,2.96957894,2.86992864,2.95961391,7329824.0,21488246.6,,
2022-09-08,600654,2.989509,3.10908936,2.95961391,3.10908936,20920605.0,64464411.53,,
2022-09-09,600654,3.10908936,3.14894948,3.05926421,3.10908936,14774473.0,45957330.34,,
2022-09-13,600654,3.19877463,3.26852984,3.13898445,3.26852984,8517943.0,27750324.36,,
2022-09-14,600654,3.40804026,3.40804026,3.22866972,3.35821511,20666899.0,69062082.48,,
2022-09-15,600654,3.3881102,3.3881102,3.1888096,3.1888096,19376615.0,63643729.65,,
2022-09-16,600654,3.11905439,3.17884457,3.02936912,3.02936912,18352693.0,56860463.78,,
2022-09-19,600654,3.02936912,3.07919427,2.87989367,2.91975379,20199100.0,59727343.81,,
2022-09-20,600654,2.91975379,3.03933415,2.91975379,2.96957894,11496200.0,34167282.0,,
2022-09-21,600654,2.92971882,3.04929918,2.84003355,2.989509,12317710.0,36244403.6,,
2022-09-22,600654,2.84999858,3.10908936,2.84003355,2.84003355,16572700.0,47458634.0,,
2022-09-23,600654,2.70052313,2.70052313,2.70052313,2.70052313,5125800.0,13890918.0,价格异常,-13.141025641025639
2022-09-26,600654,2.56101271,2.56101271,2.56101271,2.56101271,1835800.0,4718006.0,,
2022-09-27,600654,2.43146732,2.43146732,2.43146732,2.43146732,2783400.0,6791496.0,,
2022-09-28,600654,2.44143235,2.55104768,2.44143235,2.55104768,13735269.0,34511176.64,,
2022-09-29,600654,2.5909078,2.62080289,2.42150229,2.43146732,24111069.0,60340676.99,,
2022-09-30,600654,2.38164217,2.47132744,2.38164217,2.43146732,7720988.0,18778878.22,,
2022-10-10,600654,2.40157223,2.55104768,2.40157223,2.42150229,8097700.0,20038687.0,,
2022-10-11,600654,2.47132744,2.48129247,2.42150229,2.46136241,6121084.0,15012859.96,,
2022-10-12,600654,2.45139738,2.50122253,2.34178205,2.44143235,10229800.0,24689782.0,,
2022-10-13,600654,2.42150229,2.4912575,2.3916072,2.4912575,8026200.0,19806744.0,,
2022-10-14,600654,2.4912575,2.54108265,2.47132744,2.52115259,8870439.0,22301365.06,,
2022-10-17,600654,2.53111762,2.53111762,2.45139738,2.50122253,6616000.0,16594645.96,,
2022-10-18,600654,2.4912575,2.51118756,2.46136241,2.48129247,5892707.0,14654132.43,,
2022-10-19,600654,2.47132744,2.50122253,2.41153726,2.45139738,6994900.0,17255794.0,,
2022-10-20,600654,2.44143235,2.47132744,2.40157223,2.43146732,4630200.0,11309942.0,,
2022-10-21,600654,2.45139738,2.48129247,2.43146732,2.46136241,4477839.0,11026344.55,,
2022-10-24,600654,2.46136241,2.52115259,2.43146732,2.43146732,8571800.0,21276360.0,,
2022-10-25,600654,2.41153726,2.4912575,2.33181702,2.46136241,9784310.0,23409155.9,,
2022-10-26,600654,2.44143235,2.47132744,2.43146732,2.44143235,4641900.0,11419602.0,,
2022-10-27,600654,2.44143235,2.48129247,2.43146732,2.45139738,3727552.0,9176625.97,,
2022-10-28,600654,2.43146732,2.46136241,2.41153726,2.42150229,5497105.0,13412686.1,,
2022-10-31,600654,2.35174708,2.43146732,2.33181702,2.3916072,4695384.0,11220589.92,,
2022-11-01,600654,2.3916072,2.47132744,2.36171211,2.46136241,6578819.0,16122797.55,,
2022-11-02,600654,2.46136241,2.55104768,2.43146732,2.50122253,8187668.0,20497981.0,,
2022-11-03,600654,2.50122253,2.50122253,2.46136241,2.50122253,4228063.0,10551845.87,,
2022-11-04,600654,2.4912575,2.63076792,2.4912575,2.63076792,6659455.0,17371058.13,,
2022-11-07,600654,2.76031331,2.76031331,2.60087283,2.62080289,27071654.0,73265706.58,,
2022-11-08,600654,2.62080289,2.68059307,2.58094277,2.63076792,12693668.0,33533027.84,,
2022-11-09,600654,2.61083786,2.66066301,2.60087283,2.64073295,6948962.0,18319915.07,,
2022-11-10,600654,2.62080289,2.63076792,2.51118756,2.56101271,12128200.0,31236392.0,,
2022-11-11,600654,2.57097774,2.63076792,2.55104768,2.57097774,8269156.0,21459446.48,,
2022-11-14,600654,2.56101271,2.60087283,2.54108265,2.58094277,5980543.0,15462778.38,,
2022-11-15,600654,2.57097774,2.58094277,2.53111762,2.57097774,5291300.0,13583985.0,,
2022-11-16,600654,2.57097774,2.58094277,2.54108265,2.55104768,3362600.0,8636429.0,,
2022-11-17,600654,2.55104768,2.68059307,2.52115259,2.64073295,13225373.0,34829658.45,,
2022-11-18,600654,2.63076792,2.67062804,2.5909078,2.60087283,7021100.0,18517595.0,,
2022-11-21,600654,2.62080289,2.67062804,2.61083786,2.63076792,8746256.0,23164757.5,,
2022-11-22,600654,2.61083786,2.63076792,2.58094277,2.5909078,4893501.0,12762375.61,,
2022-11-23,600654,2.57097774,2.5909078,2.46136241,2.51118756,8339169.0,21102152.52,,
2022-11-24,600654,2.50122253,2.55104768,2.4912575,2.52115259,3540100.0,9008415.0,,
2022-11-25,600654,2.52115259,2.55104768,2.52115259,2.53111762,3608702.0,9190261.08,,
2022-11-28,600654,2.54108265,2.66066301,2.51118756,2.66066301,10963876.0,28652299.95,,
2022-11-29,600654,2.67062804,2.71048816,2.61083786,2.64073295,10776258.0,28696610.29,,
2022-11-30,600654,2.63076792,2.77027834,2.63076792,2.77027834,16252437.0,44585703.21,,
2022-12-01,600654,2.77027834,2.84999858,2.73041822,2.84003355,14670400.0,41181719.0,,
2022-12-02,600654,2.82010349,2.89982373,2.80017343,2.80017343,9210100.0,26210513.0,,
2022-12-05,600654,2.80017343,2.87989367,2.7902084,2.85996361,8602400.0,24512880.0,,
2022-12-06,600654,2.85996361,2.989509,2.83006852,2.989509,13322223.0,39116134.26,,
2022-12-07,600654,2.94964888,3.01940409,2.84003355,2.84003355,22014506.0,63879977.0,,
2022-12-08,600654,2.83006852,2.89982373,2.83006852,2.84003355,10968878.0,31467723.68,,
2022-12-09,600654,2.84003355,2.84999858,2.77027834,2.77027834,8989572.0,25195739.16,,
2022-12-12,600654,2.77027834,2.84003355,2.76031331,2.77027834,5524172.0,15488733.03,,
2022-12-13,600654,2.78024337,2.80017343,2.73041822,2.74038325,4194300.0,11596104.0,,
2022-12-14,600654,2.74038325,2.85996361,2.72045319,2.82010349,6890978.0,19217842.62,,
2022-12-15,600654,2.80017343,2.83006852,2.7902084,2.82010349,3592300.0,10123560.0,,
2022-12-16,600654,2.80017343,2.84003355,2.80017343,2.84003355,3791700.0,10749137.0,,
2022-12-19,600654,2.90978876,2.90978876,2.80017343,2.83006852,6095078.0,17415399.74,,
2022-12-20,600654,2.83006852,2.83006852,2.6905581,2.77027834,4688000.0,12974570.0,,
2022-12-21,600654,2.77027834,2.84999858,2.77027834,2.84999858,6470200.0,18282342.0,,
2022-12-22,600654,2.84999858,2.84999858,2.84999858,2.84999858,,,停牌,
2022-12-23,600654,2.83,2.83,2.71,2.71,2774200.0,7583192.0,,
2022-12-26,600654,2.61,2.66,2.57,2.61,11065942.0,28758558.47,,
2022-12-27,600654,2.61,2.61,2.56,2.59,3367493.0,8714513.8,,
2022-12-28,600654,2.6,2.64,2.57,2.57,2850800.0,7382867.0,,
2022-12-29,600654,2.58,2.59,2.46,2.48,6062960.0,15183354.12,,
2022-12-30,600654,2.49,2.56,2.49,2.54,4277845.0,10844137.86,,
2023-01-03,600654,2.54,2.67,2.53,2.67,8120113.0,21469741.75,,
2023-01-04,600654,2.72,2.74,2.62,2.64,8514900.0,22869874.0,,
2023-01-05,600654,2.64,2.67,2.59,2.62,8686173.0,22792366.42,,
2023-01-06,600654,2.61,2.64,2.58,2.58,4686900.0,12194321.0,,
2023-01-09,600654,2.58,2.61,2.55,2.56,4370611.0,11234111.26,,
2023-01-10,600654,2.59,2.6,2.54,2.55,3413500.0,8744348.0,,
2023-01-11,600654,2.55,2.56,2.54,2.55,2252005.0,5744787.48,,
2023-01-12,600654,2.54,2.67,2.54,2.62,5437428.0,14069981.17,,
2023-01-13,600654,2.62,2.67,2.57,2.59,3674154.0,9586409.18,,
2023-01-16,600654,2.59,2.6,2.54,2.58,4182100.0,10738730.06,,
2023-01-17,600654,2.58,2.58,2.55,2.56,2924491.0,7483420.96,,
2023-01-18,600654,2.56,2.57,2.54,2.56,2477300.0,6312749.0,,
2023-01-19,600654,2.57,2.6,2.54,2.56,4655774.0,11942367.7,,
2023-01-20,600654,2.58,2.62,2.55,2.62,4385469.0,11378918.49,,
2023-01-30,600654,2.63,2.67,2.61,2.66,6427091.0,16966109.33,,
2023-01-31,600654,2.56,2.6,2.54,2.56,15107070.0,38717970.89,,
2023-02-01,600654,2.57,2.63,2.56,2.61,5336272.0,13849285.22,,
2023-02-02,600654,2.6,2.62,2.58,2.6,4941212.0,12844915.2,,
2023-02-03,600654,2.6,2.65,2.59,2.62,5723537.0,15012813.55,,
2023-02-06,600654,2.61,2.66,2.59,2.6,6335571.0,16607397.89,,
2023-02-07,600654,2.59,2.62,2.59,2.62,3775959.0,9856405.52,,
2023-02-08,600654,2.61,2.62,2.58,2.61,4521800.0,11781968.25,,
2023-02-09,600654,2.6,2.66,2.6,2.64,5017891.0,13174393.42,,
2023-02-10,600654,2.63,2.63,2.6,2.61,4003188.0,10461258.88,,
2023-02-13,600654,2.62,2.63,2.61,2.63,2463000.0,6458899.42,,
2023-02-14,600654,2.63,2.63,2.58,2.61,6390198.0,16632883.61,,
2023-02-15,600654,2.6,2.61,2.58,2.6,3662400.0,9505399.95,,
2023-02-16,600654,2.6,2.62,2.55,2.6,7840705.0,20337559.24,,
2023-02-17,600654,2.58,2.61,2.56,2.57,3985798.0,10297065.48,,
2023-02-20,600654,2.59,2.6,2.55,2.57,4836300.0,12447303.44,,
2023-02-21,600654,2.58,2.58,2.56,2.57,3661600.0,9397000.7,,
2023-02-22,600654,2.44,2.49,2.44,2.44,21870357.0,53606260.8,,
2023-02-23,600654,2.43,2.47,2.37,2.39,13025145.0,31474586.68,,
2023-02-24,600654,2.38,2.42,2.37,2.41,5406444.0,12960634.01,,
2023-02-27,600654,2.42,2.47,2.41,2.44,5575026.0,13616083.7,,
2023-02-28,600654,2.43,2.46,2.41,2.43,5632040.0,13708930.96,,
2023-03-01,600654,2.44,2.46,2.43,2.45,4199552.0,10276634.63,,
2023-03-02,600654,2.45,2.45,2.39,2.42,7277622.0,17574837.13,,
2023-03-03,600654,2.48,2.54,2.46,2.54,16928453.0,42685422.34,,
2023-03-06,600654,2.55,2.58,2.48,2.56,13670239.0,34562187.77,,
2023-03-07,600654,2.56,2.57,2.5,2.5,8144531.0,20643583.75,,
2023-03-08,600654,2.5,2.54,2.48,2.53,5600837.0,14120522.41,,
2023-03-09,600654,2.54,2.57,2.53,2.55,5984601.0,15282066.5,,
2023-03-10,600654,2.55,2.55,2.51,2.51,3492501.0,8845254.51,,
2023-03-13,600654,2.51,2.52,2.47,2.49,6085354.0,15185474.99,,
2023-03-14,600654,2.49,2.49,2.44,2.47,6681652.0,16442991.61,,
2023-03-15,600654,2.47,2.48,2.45,2.47,4303182.0,10623635.15,,
2023-03-16,600654,2.47,2.55,2.46,2.49,4510792.0,11297107.76,,
2023-03-17,600654,2.49,2.51,2.47,2.49,5155810.0,12833118.87,,
2023-03-20,600654,2.51,2.53,2.48,2.5,4955086.0,12406323.43,,
2023-03-21,600654,2.5,2.53,2.48,2.52,4273570.0,10719119.49,,
2023-03-22,600654,2.51,2.59,2.5,2.58,8330892.0,21179437.09,,
2023-03-23,600654,2.58,2.63,2.56,2.62,9294699.0,24106702.93,,
2023-03-24,600654,2.62,2.65,2.6,2.62,8048272.0,21115613.26,,
2023-03-27,600654,2.61,2.64,2.59,2.61,7306805.0,19083421.05,,
2023-03-28,600654,2.6,2.63,2.6,2.63,5843861.0,15300929.77,,
2023-03-29,600654,2.63,2.63,2.59,2.61,8775793.0,22872424.35,,
2023-03-30,600654,2.61,2.61,2.54,2.56,6880600.0,17684117.12,,
2023-03-31,600654,2.57,2.63,2.56,2.6,7124929.0,18537623.13,,
2023-04-03,600654,2.6,2.61,2.57,2.59,6042391.0,15663491.58,,
2023-04-04,600654,2.6,2.66,2.59,2.63,10080613.0,26544519.4,,
2023-04-06,600654,2.61,2.65,2.58,2.6,8329912.0,21757665.08,,
2023-04-07,600654,2.6,2.63,2.58,2.62,5626448.0,14634241.28,,
2023-04-10,600654,2.62,2.64,2.61,2.62,6037207.0,15816922.99,,
2023-04-11,600654,2.63,2.63,2.6,2.62,3547763.0,9269865.8,,
2023-04-12,600654,2.63,2.66,2.62,2.65,10248185.0,27089844.45,,
2023-04-13,600654,2.65,2.65,2.59,2.61,10917700.0,28623116.21,,
2023-04-14,600654,2.6,2.65,2.55,2.64,12301579.0,32108974.39,,
2023-04-17,600654,2.75,2.77,2.71,2.77,29252895.0,80710012.19,,
2023-04-18,600654,2.73,2.88,2.72,2.84,24911854.0,69915514.42,,
2023-04-19,600654,2.83,2.96,2.82,2.9,23183071.0,66929149.89,,
2023-04-20,600654,2.89,2.92,2.83,2.89,17171472.0,49367858.8,,
2023-04-21,600654,2.87,2.93,2.85,2.86,14561182.0,42065159.22,,
2023-04-24,600654,2.87,2.88,2.77,2.8,13175463.0,36983628.19,,
2023-04-25,600654,2.8,2.82,2.67,2.74,14075625.0,38641130.33,,
2023-04-26,600654,2.74,2.77,2.68,2.71,9998100.0,27179010.0,,
2023-04-27,600654,2.72,2.76,2.66,2.74,11384580.0,30799069.91,,
2023-04-28,600654,2.74,2.82,2.72,2.8,9401605.0,26104972.26,,
2023-05-04,600654,2.79,2.84,2.77,2.79,6613400.0,18497532.0,,
2023-05-05,600654,2.79,2.8,2.76,2.77,6342063.0,17585988.88,,
2023-05-08,600654,2.78,2.83,2.77,2.81,5703228.0,15978325.0,,
2023-05-09,600654,2.81,2.81,2.69,2.72,9746242.0,26841013.27,,
2023-05-10,600654,2.71,2.76,2.7,2.73,4226949.0,11548245.77,,
2023-05-11,600654,2.75,2.81,2.72,2.8,9078472.0,25278768.67,,
2023-05-12,600654,2.79,2.82,2.77,2.8,6091111.0,17039615.47,,
2023-05-15,600654,2.74,2.78,2.67,2.75,10994196.0,30013343.94,,
2023-05-16,600654,2.75,2.75,2.68,2.69,6503662.0,17586265.44,,
2023-05-17,600654,2.7,2.72,2.66,2.71,3629400.0,9766013.0,,
2023-05-18,600654,2.71,2.76,2.7,2.75,6111326.0,16707668.24,,
2023-05-19,600654,2.75,2.78,2.73,2.78,5104629.0,14074628.61,,
2023-05-22,600654,2.72,2.76,2.71,2.73,5603416.0,15301809.36,,
2023-05-23,600654,2.74,2.78,2.72,2.76,4219796.0,11629067.0,,
2023-05-24,600654,2.78,2.79,2.74,2.78,4614638.0,12745065.14,,
2023-05-25,600654,2.78,2.82,2.74,2.76,9768959.0,27136292.35,,
2023-05-26,600654,2.77,2.83,2.74,2.83,10339197.0,29003145.09,,
2023-05-29,600654,2.79,2.8,2.74,2.76,10385390.0,28694966.5,,
2023-05-30,600654,2.75,2.79,2.62,2.68,18720524.0,50635308.69,,
2023-05-31,600654,2.69,2.75,2.63,2.73,10510406.0,28359742.92,,
2023-06-01,600654,2.72,2.72,2.59,2.59,27204296.0,71445858.64,,
2023-06-02,600654,2.54,2.56,2.46,2.55,16675400.0,41914099.41,,
2023-06-05,600654,2.42,2.42,2.42,2.42,5018300.0,12144286.0,,
2023-06-06,600654,2.32,2.4,2.3,2.3,36071928.0,83499891.32,,
2023-06-07,600654,2.31,2.36,2.26,2.34,13086328.0,30405149.4,,
2023-06-08,600654,2.34,2.34,2.34,2.34,,,,
2023-06-09,600654,2.38,2.41,2.3,2.32,21574195.0,50888088.61,,
2023-06-12,600654,2.28,2.31,2.2,2.2,17675208.0,39181964.6,,
2023-06-13,600654,2.18,2.23,2.18,2.2,9126195.0,20038483.81,,
2023-06-14,600654,2.19,2.25,2.19,2.24,8290984.0,18459202.19,,
2023-06-15,600654,2.22,2.23,2.17,2.2,9026621.0,19774076.99,,
2023-06-16,600654,2.19,2.24,2.19,2.23,5715800.0,12696748.08,,
2023-06-19,600654,2.23,2.26,2.21,2.22,5154857.0,11487363.56,,
2023-06-20,600654,2.23,2.23,2.18,2.19,4616406.0,10134090.85,,
2023-06-21,600654,2.19,2.19,2.17,2.18,3767598.0,8213416.66,,
2023-06-26,600654,2.16,2.18,2.07,2.07,11702421.0,24537306.84,,
2023-06-27,600654,2.06,2.14,2.05,2.12,8137397.0,17051598.73,,
2023-06-28,600654,2.11,2.13,2.06,2.11,6887800.0,14417599.0,,
2023-06-29,600654,2.1,2.22,2.1,2.22,12877861.0,28274093.17,,
2023-06-30,600654,2.21,2.23,2.15,2.22,7184204.0,15781951.76,,
2023-07-03,600654,2.2,2.26,2.19,2.21,6675872.0,14823201.84,,
2023-07-04,600654,2.2,2.21,2.18,2.2,3515278.0,7706115.32,,
2023-07-05,600654,2.2,2.21,2.18,2.19,3313487.0,7259493.12,,
2023-07-06,600654,2.19,2.19,2.14,2.17,4086220.0,8839912.2,,
2023-07-07,600654,2.16,2.18,2.13,2.17,3864235.0,8318411.19,,
2023-07-10,600654,2.17,2.19,2.15,2.18,3354600.0,7280300.62,,
2023-07-11,600654,2.18,2.18,2.14,2.16,4233719.0,9109564.66,,
2023-07-12,600654,2.17,2.24,2.17,2.2,7586900.0,16755215.44,,
2023-07-13,600654,2.19,2.2,2.17,2.18,4203300.0,9187230.0,,
2023-07-14,600654,2.18,2.2,2.16,2.18,3608795.0,7860173.15,,
2023-07-17,600654,2.15,2.17,2.13,2.15,4233252.0,9086078.28,,
2023-07-18,600654,2.17,2.21,2.15,2.18,4943599.0,10784955.49,,
2023-07-19,600654,2.16,2.18,2.15,2.16,2804000.0,6059116.78,,
2023-07-20,600654,2.15,2.18,2.14,2.16,2754100.0,5940671.0,,
2023-07-21,600654,2.15,2.16,2.13,2.15,2390362.0,5130545.68,,
2023-07-24,600654,2.15,2.18,2.13,2.17,2667130.0,5760945.28,,
2023-07-25,600654,2.17,2.2,2.17,2.19,2971034.0,6484510.37,,
2023-07-26,600654,2.18,2.2,2.18,2.18,2369400.0,5181550.0,,
2023-07-27,600654,2.17,2.2,2.17,2.19,3076900.0,6730357.0,,
2023-07-28,600654,2.19,2.25,2.17,2.22,5930692.0,13093056.15,,
2023-07-31,600654,2.22,2.23,2.19,2.23,5308298.0,11741492.74,,
2023-08-01,600654,2.23,2.31,2.23,2.29,11322911.0,25747026.2,,
2023-08-02,600654,2.29,2.36,2.26,2.31,9767955.0,22604548.2,,
2023-08-03,600654,2.31,2.33,2.28,2.29,5875758.0,13520297.96,,
2023-08-04,600654,2.29,2.31,2.28,2.28,4119741.0,9447870.48,,
2023-08-07,600654,2.27,2.27,2.2,2.21,10013919.0,22283343.69,,
2023-08-08,600654,2.2,2.23,2.19,2.22,5880880.0,12998432.68,,
2023-08-09,600654,2.23,2.23,2.19,2.21,4358563.0,9618953.89,,
2023-08-10,600654,2.2,2.21,2.18,2.19,4818412.0,10560851.16,,
2023-08-11,600654,2.2,2.2,2.13,2.14,8711400.0,18847264.0,,
2023-08-14,600654,2.12,2.14,2.1,2.14,7196825.0,15268960.99,,
2023-08-15,600654,2.14,2.17,2.12,2.14,5950246.0,12731799.5,,
2023-08-16,600654,2.13,2.15,2.12,2.13,3083690.0,6579619.76,,
2023-08-17,600654,2.12,2.14,2.1,2.13,4090816.0,8679955.75,,
2023-08-18,600654,2.13,2.16,2.12,2.13,4313297.0,9240235.1,,
2023-08-21,600654,2.13,2.14,2.08,2.09,5671874.0,11985454.6,,
2023-08-22,600654,2.09,2.1,2.05,2.07,6241419.0,12928091.02,,
2023-08-23,600654,2.06,2.07,2.03,2.03,3993461.0,8184082.79,,
2023-08-24,600654,2.03,2.05,1.95,1.96,9617637.0,19084464.67,,
2023-08-25,600654,1.95,1.97,1.93,1.94,5186340.0,10070663.86,,
2023-08-28,600654,2.02,2.04,1.87,1.88,7957511.0,15476916.55,,
2023-08-29,600654,1.86,1.93,1.86,1.92,9725362.0,18454813.85,,
2023-08-30,600654,1.92,2.02,1.91,1.98,9482480.0,18704269.82,,
2023-08-31,600654,1.98,2.03,1.94,1.97,6180451.0,12244744.47,,
2023-09-01,600654,1.98,2.0,1.96,2.0,6586612.0,13040130.6,,
2023-09-04,600654,2.01,2.02,1.98,2.0,6596190.0,13175509.21,,
2023-09-05,600654,1.99,2.0,1.97,1.98,4210439.0,8341656.83,,
2023-09-06,600654,1.97,1.98,1.94,1.97,6064620.0,11895161.76,,
2023-09-07,600654,1.97,1.97,1.93,1.95,2702203.0,5268427.82,,
2023-09-08,600654,1.94,1.96,1.93,1.95,3292283.0,6421887.02,,
2023-09-11,600654,1.94,1.95,1.9,1.94,7603938.0,14593372.53,,
2023-09-12,600654,1.94,1.96,1.93,1.94,3981007.0,7746903.69,,
2023-09-13,600654,1.94,1.96,1.93,1.96,4552439.0,8866304.05,,
2023-09-14,600654,1.96,2.06,1.95,2.06,17023542.0,34717223.4,,
2023-09-15,600654,2.08,2.16,2.05,2.16,32654629.0,69395118.79,,
2023-09-18,600654,2.16,2.18,2.06,2.13,21609601.0,45890071.12,,
2023-09-19,600654,2.11,2.15,2.08,2.11,12431921.0,26241932.24,,
2023-09-20,600654,2.12,2.12,2.05,2.07,13711448.0,28494437.62,,
2023-09-21,600654,2.06,2.07,2.03,2.05,9501507.0,19457624.09,,
2023-09-22,600654,2.03,2.11,2.03,2.05,12707205.0,26296389.54,,
2023-09-25,600654,2.04,2.04,2.01,2.02,6586507.0,13324454.14,,
2023-09-26,600654,2.02,2.03,1.98,1.99,6608790.0,13205698.2,,
2023-09-27,600654,1.99,2.0,1.96,1.97,5382880.0,10679421.93,,
2023-09-28,600654,1.97,2.07,1.96,2.07,10786498.0,22049181.24,,
2023-10-09,600654,2.06,2.09,2.04,2.06,8732625.0,18020206.75,,
2023-10-10,600654,2.07,2.07,2.04,2.06,4918812.0,10101469.11,,
2023-10-11,600654,2.06,2.11,2.04,2.06,8074160.0,16740310.36,,
2023-10-12,600654,2.06,2.08,2.05,2.06,4231521.0,8729226.26,,
2023-10-13,600654,2.06,2.08,2.05,2.07,4069466.0,8395190.96,,
2023-10-16,600654,2.06,2.13,2.06,2.1,8094310.0,17028295.16,,
2023-10-17,600654,2.11,2.16,2.07,2.09,7688280.0,16233588.4,,
2023-10-18,600654,2.09,2.18,2.08,2.14,17169609.0,36731926.61,,
2023-10-19,600654,2.12,2.12,2.07,2.07,11535958.0,24117669.53,,
2023-10-20,600654,2.06,2.09,2.04,2.05,7063950.0,14575831.71,,
2023-10-23,600654,2.04,2.05,1.99,2.0,6292143.0,12697463.57,,
2023-10-24,600654,2.02,2.04,1.99,2.03,5124435.0,10337191.91,,
2023-10-25,600654,2.03,2.08,2.03,2.06,4702118.0,9676128.71,,
2023-10-26,600654,2.05,2.08,2.04,2.08,4228669.0,8715467.67,,
2023-10-27,600654,2.07,2.17,2.06,2.15,9684695.0,20630555.7,,
2023-10-30,600654,2.14,2.24,2.13,2.21,11851468.0,25974463.25,,
2023-10-31,600654,2.21,2.28,2.16,2.2,11785894.0,26130672.06,,
2023-11-01,600654,2.2,2.3,2.17,2.29,14721110.0,33173790.73,,
2023-11-02,600654,2.29,2.32,2.24,2.26,10868637.0,24701811.62,,
2023-11-03,600654,2.26,2.31,2.25,2.28,7896684.0,18079689.43,,
2023-11-06,600654,2.28,2.29,2.25,2.26,8374930.0,18968995.03,,
2023-11-07,600654,2.27,2.27,2.22,2.23,8445552.0,18899979.04,,
2023-11-08,600654,2.22,2.28,2.2,2.25,9790094.0,21868991.83,,
2023-11-09,600654,2.25,2.36,2.24,2.32,17327275.0,40212789.14,,
2023-11-10,600654,2.32,2.36,2.28,2.28,10581750.0,24507790.0,,
2023-11-13,600654,2.27,2.39,2.27,2.39,14158515.0,33245968.32,,
2023-11-14,600654,2.39,2.47,2.36,2.37,16125674.0,38909774.43,,
2023-11-15,600654,2.36,2.42,2.35,2.36,7976975.0,18948179.08,,
2023-11-16,600654,2.36,2.39,2.33,2.33,7454700.0,17546941.0,,
2023-11-17,600654,2.33,2.37,2.33,2.34,4326814.0,10177443.97,,
2023-11-20,600654,2.33,2.34,2.31,2.32,6482968.0,15084008.0,,
2023-11-21,600654,2.32,2.35,2.31,2.33,4628532.0,10784374.24,,
2023-11-22,600654,2.32,2.34,2.31,2.31,4117081.0,9560039.39,,
2023-11-23,600654,2.31,2.34,2.31,2.33,3904211.0,9065840.86,,
2023-11-24,600654,2.32,2.37,2.31,2.32,5886579.0,13734666.39,,
2023-11-27,600654,2.33,2.33,2.28,2.31,5041443.0,11614026.04,,
2023-11-28,600654,2.32,2.36,2.31,2.35,5465795.0,12760192.18,,
2023-11-29,600654,2.36,2.38,2.35,2.37,7139808.0,16882093.88,,
2023-11-30,600654,2.37,2.39,2.35,2.38,5320115.0,12609942.72,,
2023-12-01,600654,2.37,2.47,2.37,2.44,11492124.0,27991738.08,,
2023-12-04,600654,2.45,2.51,2.44,2.5,8767481.0,21751511.17,,
2023-12-05,600654,2.51,2.51,2.38,2.38,12423636.0,30262576.02,,
2023-12-06,600654,2.37,2.46,2.36,2.46,6701602.0,16252196.68,,
2023-12-07,600654,2.46,2.46,2.41,2.41,4335107.0,10575048.15,,
2023-12-08,600654,2.42,2.47,2.42,2.45,4769235.0,11685818.75,,
2023-12-11,600654,2.45,2.49,2.42,2.47,5215758.0,12825945.66,,
2023-12-12,600654,2.46,2.48,2.46,2.46,3459800.0,8533388.0,,
2023-12-13,600654,2.46,2.48,2.4,2.41,4681653.0,11409108.19,,
2023-12-14,600654,2.4,2.44,2.4,2.42,3348517.0,8095328.14,,
2023-12-15,600654,2.42,2.43,2.39,2.41,2978802.0,7178868.74,,
2023-12-18,600654,2.41,2.43,2.4,2.4,3967776.0,9580601.0,,
2023-12-19,600654,2.4,2.4,2.3,2.33,9740657.0,22687781.76,,
2023-12-20,600654,2.34,2.36,2.31,2.31,3693516.0,8617648.76,,
2023-12-21,600654,2.32,2.43,2.31,2.42,7879461.0,18694073.65,,
2023-12-22,600654,2.43,2.49,2.41,2.44,10830480.0,26628538.92,,
2023-12-25,600654,2.43,2.46,2.42,2.43,3063124.0,7468905.4,,
2023-12-26,600654,2.44,2.44,2.4,2.41,3223488.0,7783708.79,,
2023-12-27,600654,2.4,2.42,2.36,2.37,4433200.0,10573890.0,,
2023-12-28,600654,2.41,2.45,2.38,2.41,5082735.0,12283089.04,,
2023-12-29,600654,2.43,2.43,2.39,2.41,4554862.0,10947933.61,,
2024-01-02,600654,2.42,2.5,2.4,2.49,8752122.0,21529405.51,,
2024-01-03,600654,2.48,2.49,2.45,2.49,5099716.0,12590032.56,,
2024-01-04,600654,2.49,2.55,2.49,2.5,7734300.0,19499705.79,,
2024-01-05,600654,2.5,2.52,2.43,2.45,5924836.0,14628829.69,,
2024-01-08,600654,2.45,2.46,2.37,2.39,6354553.0,15300314.14,,
2024-01-09,600654,2.39,2.4,2.37,2.39,3506600.0,8376089.0,,
2024-01-10,600654,2.39,2.41,2.34,2.39,6816830.0,16128280.22,,
2024-01-11,600654,2.39,2.42,2.38,2.4,3693800.0,8883819.0,,
2024-01-12,600654,2.41,2.42,2.39,2.4,2369354.0,5692576.43,,
2024-01-15,600654,2.39,2.42,2.39,2.39,3362613.0,8066054.07,,
2024-01-16,600654,2.39,2.41,2.38,2.39,3990579.0,9536592.02,,
2024-01-17,600654,2.4,2.45,2.38,2.4,6900791.0,16683659.49,,
2024-01-18,600654,2.38,2.42,2.36,2.4,5627757.0,13429636.33,,
2024-01-19,600654,2.4,2.43,2.38,2.39,3207606.0,7705841.88,,
2024-01-22,600654,2.39,2.39,2.29,2.3,7382975.0,17220296.57,,
2024-01-23,600654,2.31,2.34,2.29,2.29,4460400.0,10290593.0,,
2024-01-24,600654,2.4,2.4,2.39,2.4,16542237.0,39698023.8,,
2024-01-25,600654,2.39,2.42,2.35,2.39,14160247.0,33717596.91,,
2024-01-26,600654,2.39,2.4,2.35,2.35,11239650.0,26622264.0,,
2024-01-29,600654,2.36,2.37,2.33,2.33,4953828.0,11610880.77,,
2024-01-30,600654,2.33,2.38,2.32,2.35,5235205.0,12282875.9,,
2024-01-31,600654,2.35,2.35,2.28,2.28,7454600.0,17218447.0,,
2024-02-01,600654,2.28,2.3,2.22,2.24,5795327.0,13071773.71,,
2024-02-02,600654,2.23,2.25,2.13,2.14,9357027.0,20287398.7,,
2024-02-05,600654,2.12,2.12,2.03,2.03,7143400.0,14535709.0,,
2024-02-06,600654,1.93,2.07,1.93,2.03,10843780.0,21550406.75,,
2024-02-07,600654,2.02,2.07,1.93,1.97,11686282.0,23559844.59,,
2024-02-08,600654,1.95,2.07,1.95,2.06,8686840.0,17681965.57,,
2024-02-19,600654,2.16,2.16,2.11,2.16,4592898.0,9891898.28,,
2024-02-20,600654,2.22,2.27,2.17,2.22,11356129.0,25336987.98,,
2024-02-21,600654,2.21,2.29,2.2,2.24,9430537.0,21146295.51,,
2024-02-22,600654,2.24,2.28,2.23,2.24,5943600.0,13371756.0,,
2024-02-23,600654,2.24,2.35,2.24,2.35,10501599.0,24198244.74,,
2024-02-26,600654,2.36,2.45,2.36,2.38,11604200.0,27900622.0,,
2024-02-27,600654,2.37,2.43,2.37,2.41,8123729.0,19576154.6,,
2024-02-28,600654,2.4,2.44,2.29,2.32,12367727.0,29362956.06,,
2024-02-29,600654,2.32,2.44,2.3,2.43,11014773.0,26121685.48,,
2024-03-01,600654,2.46,2.47,2.4,2.42,8383774.0,20417425.3,,
2024-03-04,600654,2.42,2.43,2.38,2.39,5629402.0,13512272.76,,
2024-03-05,600654,2.39,2.45,2.37,2.42,5212348.0,12606324.16,,
2024-03-06,600654,2.41,2.49,2.41,2.48,8452659.0,20871164.11,,
2024-03-07,600654,2.48,2.55,2.42,2.45,10596435.0,26219675.61,,
2024-03-08,600654,2.44,2.5,2.44,2.48,6299552.0,15556076.88,,
2024-03-11,600654,2.48,2.52,2.45,2.5,5789640.0,14428777.41,,
2024-03-12,600654,2.49,2.52,2.48,2.5,6393830.0,15965667.94,,
2024-03-13,600654,2.5,2.59,2.49,2.57,10098522.0,25620226.02,,
2024-03-14,600654,2.59,2.65,2.54,2.58,12053177.0,31320245.35,,
2024-03-15,600654,2.56,2.71,2.56,2.71,16631562.0,44440539.07,,
2024-03-18,600654,2.76,2.76,2.67,2.72,14307996.0,38782381.58,,
2024-03-19,600654,2.74,2.85,2.72,2.8,16818191.0,47063952.18,,
2024-03-20,600654,2.77,2.86,2.75,2.8,12515987.0,35233281.1,,
2024-03-21,600654,2.82,2.87,2.8,2.81,9702924.0,27404086.9,,
2024-03-22,600654,2.81,2.88,2.74,2.87,12822156.0,36100156.53,,
2024-03-25,600654,2.88,2.95,2.87,2.94,15276588.0,44607925.83,,
2024-03-26,600654,2.96,2.99,2.89,2.98,14809511.0,43482978.04,,
2024-03-27,600654,2.99,3.01,2.83,2.83,19204589.0,55668618.9,,
2024-03-28,600654,2.83,2.86,2.7,2.79,24829635.0,68493391.34,,
2024-03-29,600654,2.83,2.93,2.79,2.93,18838539.0,54080608.68,,
2024-04-01,600654,2.81,2.87,2.78,2.78,30329337.0,85173566.85,,
2024-04-02,600654,2.78,2.81,2.65,2.67,18838054.0,50983971.0,,
2024-04-03,600654,2.64,2.74,2.56,2.72,16217090.0,42870635.77,,
2024-04-08,600654,2.69,2.69,2.58,2.58,13192713.0,34466189.06,,
2024-04-09,600654,2.57,2.65,2.56,2.6,7819825.0,20446118.0,,
2024-04-10,600654,2.6,2.61,2.51,2.53,10040158.0,25479748.16,,
2024-04-11,600654,2.51,2.56,2.49,2.53,5791787.0,14645298.27,,
2024-04-12,600654,2.51,2.65,2.51,2.59,6986779.0,18040421.6,,
2024-04-15,600654,2.58,2.58,2.46,2.49,9609560.0,24062272.74,,
2024-04-16,600654,2.45,2.48,2.37,2.37,11912303.0,28482597.66,,
2024-04-17,600654,2.38,2.46,2.35,2.44,8964030.0,21566956.33,,
2024-04-18,600654,2.43,2.54,2.42,2.5,7227513.0,18018641.39,,
2024-04-19,600654,2.49,2.56,2.48,2.53,4826753.0,12227458.09,,
2024-04-22,600654,2.53,2.54,2.47,2.52,3593381.0,9020856.81,,
2024-04-23,600654,2.5,2.55,2.5,2.5,4050100.0,10204582.0,,
2024-04-24,600654,2.51,2.52,2.47,2.49,4434901.0,11038338.47,,
2024-04-25,600654,2.5,2.51,2.47,2.5,3829532.0,9532141.84,,
2024-04-26,600654,2.5,2.52,2.43,2.49,8039704.0,19888378.04,,
2024-04-29,600654,2.5,2.55,2.47,2.53,8472723.0,21351426.73,,
2024-04-30,600654,2.56,2.57,2.46,2.47,7921282.0,19807033.6,,
2024-05-06,600654,2.46,2.49,2.45,2.45,6578131.0,16213118.95,,
2024-05-07,600654,2.44,2.5,2.35,2.39,11827081.0,28715403.97,,
2024-05-08,600654,2.39,2.41,2.35,2.36,6280026.0,14925129.43,,
2024-05-09,600654,2.35,2.38,2.33,2.36,5730465.0,13510488.94,,
2024-05-10,600654,2.33,2.34,2.24,2.24,18988249.0,42977147.47,,
2024-05-13,600654,2.18,2.35,2.16,2.34,13092641.0,29775277.53,,
2024-05-14,600654,2.33,2.34,2.27,2.28,7173100.0,16463919.0,,
2024-05-15,600654,2.29,2.31,2.24,2.28,4863573.0,11135386.01,,
2024-05-16,600654,2.3,2.36,2.28,2.3,7792407.0,17958611.02,,
2024-05-17,600654,2.3,2.32,2.28,2.32,5300666.0,12198326.14,,
2024-05-20,600654,2.32,2.36,2.31,2.34,4479883.0,10444428.39,,
2024-05-21,600654,2.34,2.34,2.27,2.32,4620220.0,10674798.14,,
2024-05-22,600654,2.32,2.32,2.3,2.32,2521383.0,5823856.9,,
2024-05-23,600654,2.31,2.31,2.27,2.28,3233200.0,7397642.59,,
2024-05-24,600654,2.28,2.3,2.27,2.27,3282107.0,7496045.96,,
2024-05-27,600654,2.27,2.31,2.24,2.29,3982999.0,9050456.72,,
2024-05-28,600654,2.28,2.29,2.25,2.26,2969470.0,6740574.97,,
2024-05-29,600654,2.26,2.26,2.15,2.15,12266399.0,26619352.93,,
2024-05-30,600654,2.11,2.19,2.07,2.17,5853207.0,12544072.22,,
2024-05-31,600654,2.16,2.28,2.16,2.28,9710034.0,21968318.79,,
2024-06-03,600654,2.3,2.32,2.23,2.27,4524395.0,10249866.0,,
2024-06-04,600654,2.23,2.27,2.22,2.25,3631247.0,8130043.06,,
2024-06-05,600654,2.25,2.3,2.23,2.25,3125096.0,7085755.0,,
2024-06-06,600654,2.21,2.24,2.14,2.14,10454748.0,22584660.83,,
2024-06-07,600654,2.15,2.19,2.14,2.17,2987947.0,6470433.52,,
2024-06-11,600654,2.19,2.22,2.18,2.22,3721636.0,8182400.26,,
2024-06-12,600654,2.22,2.28,2.21,2.22,5179847.0,11557165.87,,
2024-06-13,600654,2.23,2.25,2.14,2.16,5479100.0,11945916.0,,
2024-06-14,600654,2.25,2.27,2.24,2.25,8378592.0,18951472.84,,
2024-06-17,600654,2.19,2.26,2.18,2.24,4413800.0,9835690.0,,
2024-06-18,600654,2.23,2.29,2.22,2.26,5024491.0,11357284.66,,
2024-06-19,600654,2.27,2.29,2.23,2.27,4133139.0,9365497.73,,
2024-06-20,600654,2.27,2.28,2.2,2.2,5139200.0,11496159.0,,
2024-06-21,600654,2.21,2.25,2.21,2.23,4074501.0,9103928.23,,
2024-06-24,600654,2.34,2.34,2.34,2.34,6521023.0,15259193.82,,
2024-06-25,600654,2.34,2.34,2.34,2.34,,,停牌,
2024-06-26,600654,2.43,2.52,2.34,2.38,52055129.0,126882199.53,,
2024-06-27,600654,2.38,2.49,2.28,2.38,22910938.0,54147066.49,,
2024-06-28,600654,2.33,2.35,2.28,2.28,18199500.0,42016622.0,,
2024-07-01,600654,2.28,2.3,2.17,2.23,12790400.0,28428302.0,,
2024-07-02,600654,2.21,2.27,2.2,2.24,8327000.0,18700960.0,,
2024-07-03,600654,2.25,2.28,2.21,2.26,7752033.0,17442660.25,,
2024-07-04,600654,2.25,2.26,2.16,2.16,10549503.0,23167452.4,,
2024-07-05,600654,2.18,2.28,2.17,2.23,11043303.0,24707518.78,,
2024-07-08,600654,2.22,2.23,2.17,2.2,6151779.0,13487461.88,,
2024-07-09,600654,2.2,2.21,2.15,2.2,6644200.0,14483109.0,,
2024-07-10,600654,2.2,2.28,2.2,2.24,10794395.0,24270640.8,,
2024-07-11,600654,2.27,2.34,2.26,2.3,9239966.0,21235860.28,,
2024-07-12,600654,2.29,2.36,2.28,2.35,10532893.0,24453832.63,,
2024-07-15,600654,2.4,2.4,2.31,2.35,7956496.0,18691331.72,,
2024-07-16,600654,2.35,2.41,2.33,2.39,9800748.0,23404075.72,,
2024-07-17,600654,2.38,2.41,2.36,2.39,7864131.0,18810945.89,,
2024-07-18,600654,2.38,2.38,2.3,2.31,9011150.0,20968659.0,,
2024-07-19,600654,2.31,2.37,2.31,2.34,5331985.0,12482210.26,,
2024-07-22,600654,2.35,2.57,2.35,2.54,51544109.0,129300924.88,,
2024-07-23,600654,2.44,2.47,2.4,2.4,37693803.0,91662270.29,,
2024-07-24,600654,2.37,2.39,2.27,2.3,21177132.0,49252747.8,,
2024-07-25,600654,2.27,2.3,2.25,2.27,14390601.0,32678369.28,,
2024-07-26,600654,2.31,2.32,2.26,2.28,12799900.0,29257747.0,,
2024-07-29,600654,2.29,2.34,2.26,2.33,14072113.0,32500584.23,,
2024-07-30,600654,2.33,2.45,2.32,2.44,20612849.0,49435110.56,,
2024-07-31,600654,2.44,2.45,2.38,2.43,23431830.0,56750409.54,,
2024-08-01,600654,2.43,2.48,2.41,2.44,18315400.0,44737678.0,,
2024-08-02,600654,2.43,2.45,2.38,2.41,13679150.0,33054151.0,,
2024-08-05,600654,2.38,2.41,2.31,2.32,15161200.0,35695218.0,,
2024-08-06,600654,2.33,2.38,2.32,2.34,11100064.0,26096425.12,,
2024-08-07,600654,2.34,2.35,2.32,2.34,6412900.0,14976630.0,,
2024-08-08,600654,2.32,2.33,2.29,2.31,7459673.0,17226558.63,,
2024-08-09,600654,2.32,2.35,2.3,2.32,6469230.0,15030027.3,,
2024-08-12,600654,2.32,2.36,2.3,2.34,7087700.0,16538274.75,,
2024-08-13,600654,2.34,2.35,2.31,2.34,6520374.0,15210447.91,,
2024-08-14,600654,2.33,2.36,2.32,2.33,8744125.0,20484166.26,,
2024-08-15,600654,2.31,2.35,2.3,2.32,9588053.0,22341426.43,,
2024-08-16,600654,2.32,2.35,2.31,2.31,8808838.0,20496901.57,,
2024-08-19,600654,2.3,2.32,2.28,2.29,8256301.0,18977085.31,,
2024-08-20,600654,2.3,2.31,2.24,2.25,8566298.0,19456171.46,,
2024-08-21,600654,2.24,2.26,2.21,2.22,7147809.0,15983041.07,,
2024-08-22,600654,2.22,2.24,2.16,2.17,8920627.0,19538268.85,,
2024-08-23,600654,2.16,2.19,2.16,2.17,6508035.0,14156578.44,,
2024-08-26,600654,2.16,2.21,2.15,2.2,6434445.0,14069393.13,,
2024-08-27,600654,2.19,2.24,2.18,2.2,5860694.0,12895719.42,,
2024-08-28,600654,2.19,2.2,2.17,2.18,4404001.0,9626245.18,,
2024-08-29,600654,2.18,2.18,2.14,2.18,8155881.0,17595429.96,,
2024-08-30,600654,2.19,2.26,2.18,2.25,11637913.0,25963932.87,,
2024-09-02,600654,2.24,2.25,2.2,2.21,8395412.0,18649314.12,,
2024-09-03,600654,2.2,2.21,2.17,2.19,7783308.0,17053737.44,,
2024-09-04,600654,2.17,2.19,2.15,2.16,6513800.0,14108481.0,,
2024-09-05,600654,2.16,2.2,2.15,2.19,7375201.0,16062081.18,,
2024-09-06,600654,2.18,2.22,2.16,2.17,6431852.0,14023889.38,,
2024-09-09,600654,2.15,2.18,2.13,2.16,3228900.0,6975173.0,,
2024-09-10,600654,2.16,2.17,2.13,2.16,5872849.0,12626158.79,,
2024-09-11,600654,2.16,2.16,2.12,2.13,5345100.0,11423698.0,,
2024-09-12,600654,2.13,2.16,2.13,2.16,5153500.0,11069759.0,,
2024-09-13,600654,2.15,2.15,2.12,2.13,4479100.0,9571581.0,,
2024-09-18,600654,2.13,2.14,2.05,2.08,7302043.0,15251376.44,,
2024-09-19,600654,2.09,2.14,2.08,2.13,6773287.0,14324141.83,,
2024-09-20,600654,2.15,2.15,2.11,2.15,6561501.0,14052839.14,,
2024-09-23,600654,2.14,2.25,2.13,2.22,15760187.0,34760227.92,,
2024-09-24,600654,2.22,2.26,2.21,2.26,15762853.0,35313855.19,,
2024-09-25,600654,2.26,2.33,2.24,2.25,19533862.0,44794501.09,,
2024-09-26,600654,2.25,2.29,2.24,2.27,21610771.0,48942233.17,,
2024-09-27,600654,2.33,2.37,2.3,2.36,21918524.0,51312338.33,,
2024-09-30,600654,2.43,2.6,2.35,2.57,109345461.0,274179015.99,,
2024-10-08,600654,2.82,2.83,2.54,2.68,145770930.0,392194533.38,,
2024-10-09,600654,2.61,2.61,2.41,2.41,80497915.0,199186169.81,,
2024-10-10,600654,2.39,2.47,2.3,2.37,59177884.0,140928417.7,,
2024-10-11,600654,2.35,2.4,2.3,2.32,41443636.0,97471697.12,,
2024-10-14,600654,2.36,2.41,2.32,2.39,40362544.0,95685529.2,,
2024-10-15,600654,2.37,2.4,2.29,2.29,46325613.0,108852822.19,,
2024-10-16,600654,2.28,2.31,2.23,2.3,35385018.0,80194445.81,,
2024-10-17,600654,2.3,2.38,2.28,2.28,32591817.0,75822373.12,,
2024-10-18,600654,2.28,2.41,2.25,2.37,54363046.0,127717510.05,,
2024-10-21,600654,2.4,2.43,2.36,2.38,44358118.0,106265891.95,,
2024-10-22,600654,2.38,2.46,2.35,2.43,47781119.0,114650950.15,,
2024-10-23,600654,2.41,2.47,2.4,2.42,44783994.0,109187706.53,,
2024-10-24,600654,2.43,2.49,2.42,2.46,51096757.0,125393541.69,,
2024-10-25,600654,2.46,2.51,2.46,2.49,48696628.0,120565782.18,,
2024-10-28,600654,2.49,2.66,2.49,2.61,75341445.0,195146472.66,,
2024-10-29,600654,2.61,2.64,2.51,2.51,58473955.0,149124239.23,,
2024-10-30,600654,2.51,2.76,2.48,2.76,103768829.0,276190832.52,,
2024-10-31,600654,2.8,2.94,2.72,2.73,240832358.0,676498588.81,,
2024-11-01,600654,2.72,2.82,2.58,2.62,139799138.0,376889039.87,,
2024-11-04,600654,2.58,2.69,2.55,2.65,82111686.0,215609320.24,,
2024-11-05,600654,2.63,2.73,2.61,2.7,94635816.0,254523605.38,,
2024-11-06,600654,2.7,2.79,2.67,2.75,92890463.0,254394482.44,,
2024-11-07,600654,2.73,3.03,2.69,3.03,55075919.0,161309518.57,,
2024-11-08,600654,3.33,3.33,3.33,3.33,30240863.0,100702073.79,,
2024-11-11,600654,3.66,3.66,3.66,3.66,10721983.0,39242457.78,,
2024-11-12,600654,4.03,4.03,3.45,3.54,466246901.0,1735063523.57,价格异常,10.10928961748634
2024-11-13,600654,3.65,3.89,3.64,3.89,243687584.0,935717169.9,,
2024-11-14,600654,4.25,4.28,4.03,4.28,214360942.0,903876985.68,价格异常,10.025706940874034
2024-11-15,600654,4.3,4.71,4.1,4.71,511810240.0,2291129475.75,价格异常,10.046728971962615
2024-11-18,600654,5.18,5.18,5.01,5.18,116244778.0,600321456.36,,
2024-11-19,600654,5.49,5.66,4.66,4.84,596274394.0,2931080061.91,,
2024-11-20,600654,4.66,5.12,4.36,4.78,462977357.0,2184178586.3,,
2024-11-21,600654,4.6,4.78,4.33,4.36,370159568.0,1670755706.49,,
2024-11-22,600654,4.21,4.35,3.99,4.0,299101906.0,1233028677.84,,
2024-11-25,600654,3.89,4.0,3.72,3.93,282238213.0,1081384606.69,,
2024-11-26,600654,3.86,3.93,3.62,3.66,243438494.0,917995449.76,,
2024-11-27,600654,3.7,3.73,3.56,3.7,192383051.0,699885496.79,,
2024-11-28,600654,3.7,4.06,3.7,3.89,308388080.0,1193144993.37,,
2024-11-29,600654,3.86,3.86,3.66,3.75,222606086.0,832473024.79,,
2024-12-02,600654,3.73,3.99,3.68,3.92,237554550.0,917540087.62,,
2024-12-03,600654,3.94,4.31,3.84,4.31,335269181.0,1376616158.17,,
2024-12-04,600654,4.34,4.65,4.1,4.17,371924958.0,1630559213.83,,
2024-12-05,600654,4.06,4.29,4.01,4.21,221911162.0,925639098.59,,
2024-12-06,600654,4.21,4.58,4.13,4.42,276133293.0,1207829930.41,,
2024-12-09,600654,4.4,4.51,4.21,4.37,209469704.0,909450209.27,,
2024-12-10,600654,4.51,4.55,4.25,4.28,183960515.0,800940558.3,,
2024-12-11,600654,4.24,4.24,4.13,4.18,139861892.0,584073392.07,,
2024-12-12,600654,4.18,4.18,4.01,4.12,154438127.0,630972944.79,,
2024-12-13,600654,4.08,4.12,3.97,3.99,114888560.0,463867708.81,,
2024-12-16,600654,3.99,4.08,3.93,4.03,89874089.0,360718496.06,,
2024-12-17,600654,4.03,4.03,3.74,3.75,111844566.0,429053298.26,,
2024-12-18,600654,3.74,3.88,3.73,3.8,80841484.0,307751389.26,,
2024-12-19,600654,3.74,3.82,3.68,3.78,77871250.0,291945286.27,,
2024-12-20,600654,3.74,3.88,3.73,3.84,77061878.0,294660611.7,,
2024-12-23,600654,3.84,3.86,3.58,3.6,93190025.0,342040929.24,,
2024-12-24,600654,3.59,3.63,3.45,3.54,89755276.0,314919579.9,,
2024-12-25,600654,3.55,3.56,3.33,3.35,81177940.0,274807790.42,,
2024-12-26,600654,3.36,3.45,3.34,3.37,51333609.0,174298926.33,,
2024-12-27,600654,3.38,3.49,3.36,3.4,57516246.0,197121259.39,,
2024-12-30,600654,3.4,3.42,3.28,3.31,55502924.0,184407892.5,,
2024-12-31,600654,3.33,3.36,3.21,3.23,57318750.0,186808374.94,,
2025-01-02,600654,3.19,3.32,3.18,3.22,65653582.0,213145053.35,,
2025-01-03,600654,3.2,3.23,3.02,3.04,75265079.0,233246094.27,,
2025-01-06,600654,3.03,3.04,2.92,2.98,54145973.0,161153184.65,,
2025-01-07,600654,2.98,3.1,2.94,3.09,65119279.0,197543902.15,,
2025-01-08,600654,3.06,3.13,2.99,3.11,69371161.0,213021954.0,,
2025-01-09,600654,3.09,3.19,3.07,3.15,62411286.0,196883431.89,,
2025-01-10,600654,3.14,3.16,3.01,3.01,52416491.0,162236674.28,,
2025-01-13,600654,2.98,3.07,2.93,3.03,45772783.0,137916440.87,,
2025-01-14,600654,3.03,3.22,3.03,3.22,74376797.0,234473439.29,,
2025-01-15,600654,3.22,3.23,3.14,3.18,49530000.0,157575388.7,,
2025-01-16,600654,3.21,3.28,3.18,3.22,58227956.0,187998095.2,,
2025-01-17,600654,3.21,3.21,3.15,3.18,37521246.0,119556259.85,,
2025-01-20,600654,3.22,3.24,3.14,3.19,40594222.0,129727040.12,,
2025-01-21,600654,3.19,3.23,3.1,3.12,38780413.0,121721355.64,,
2025-01-22,600654,3.13,3.14,3.04,3.06,31240500.0,96018197.0,,
2025-01-23,600654,3.1,3.22,3.05,3.05,60056553.0,188291633.36,,
2025-01-24,600654,3.06,3.11,3.0,3.1,41167472.0,126686156.7,,
2025-01-27,600654,3.13,3.16,3.03,3.04,38980639.0,120074195.71,,
2025-02-05,600654,3.08,3.25,3.08,3.17,89025200.0,282747663.0,,
2025-02-06,600654,3.17,3.3,3.13,3.29,86159080.0,279282517.0,,
2025-02-07,600654,3.3,3.38,3.25,3.31,91608295.0,304129003.53,,
2025-02-10,600654,3.33,3.64,3.33,3.64,93907856.0,330572035.21,,
2025-02-11,600654,3.7,3.83,3.64,3.65,256901189.0,955080393.68,,
2025-02-12,600654,3.6,3.76,3.56,3.74,141069992.0,522283796.61,,
2025-02-13,600654,3.72,3.72,3.55,3.58,132716059.0,479086494.06,,
2025-02-14,600654,3.58,3.63,3.5,3.56,97689812.0,348604105.84,,
2025-02-17,600654,3.59,3.7,3.58,3.64,102048832.0,372023129.63,,
2025-02-18,600654,3.65,3.65,3.43,3.45,90438714.0,318861941.84,,
2025-02-19,600654,3.44,3.55,3.41,3.54,66385468.0,232310550.35,,
2025-02-20,600654,3.54,3.6,3.51,3.56,62265018.0,221042589.1,,
2025-02-21,600654,3.58,3.6,3.47,3.58,76614534.0,271208602.31,,
2025-02-24,600654,3.58,3.71,3.58,3.63,113511305.0,413870972.49,,
2025-02-25,600654,3.6,3.74,3.55,3.68,120877127.0,444916289.16,,
2025-02-26,600654,3.68,3.72,3.62,3.67,84976491.0,310792146.88,,
2025-02-27,600654,3.68,3.96,3.66,3.76,148413233.0,562061175.84,,
2025-02-28,600654,3.71,3.72,3.47,3.49,105617595.0,378023249.88,,
2025-03-03,600654,3.48,3.55,3.4,3.41,63979105.0,221739266.05,,
2025-03-04,600654,3.37,3.48,3.35,3.47,48008131.0,164675643.35,,
2025-03-05,600654,3.48,3.5,3.42,3.49,47976192.0,166280639.24,,
2025-03-06,600654,3.52,3.66,3.51,3.63,92130186.0,332415963.02,,
2025-03-07,600654,3.62,3.69,3.54,3.58,80879200.0,292761186.37,,
2025-03-10,600654,3.65,3.75,3.56,3.69,103284209.0,376772795.93,,
2025-03-11,600654,3.63,3.82,3.61,3.71,114758996.0,427710623.4,,
2025-03-12,600654,3.72,3.81,3.67,3.74,104327898.0,390569164.48,,
2025-03-13,600654,3.72,3.72,3.51,3.55,95295487.0,341096263.06,,
2025-03-14,600654,3.53,3.63,3.49,3.6,64156652.0,228728988.6,,
2025-03-17,600654,3.6,3.66,3.57,3.6,56677237.0,204935042.83,,
2025-03-18,600654,3.6,3.6,3.53,3.56,43426546.0,154537973.38,,
2025-03-19,600654,3.53,3.55,3.48,3.5,42923201.0,150633854.52,,
2025-03-20,600654,3.5,3.54,3.46,3.49,34433898.0,120880022.06,,
2025-03-21,600654,3.48,3.49,3.4,3.42,43529503.0,149393078.2,,
2025-03-24,600654,3.42,3.42,3.23,3.31,54977021.0,182058785.56,,
2025-03-25,600654,3.32,3.32,3.26,3.28,24078500.0,79258780.8,,
2025-03-26,600654,3.29,3.36,3.28,3.35,35070473.0,116703129.09,,
2025-03-27,600654,3.34,3.34,3.27,3.29,27304610.0,89957177.7,,
2025-03-28,600654,3.27,3.29,3.22,3.22,27901137.0,90468126.76,,
2025-03-31,600654,3.2,3.24,3.13,3.23,34281867.0,108832276.08,,
2025-04-01,600654,3.22,3.26,3.2,3.21,19495820.0,62935602.32,,
2025-04-02,600654,3.21,3.23,3.17,3.18,16551366.0,52930052.54,,
2025-04-03,600654,3.15,3.22,3.15,3.2,18644305.0,59489624.64,,
2025-04-07,600654,3.04,3.04,2.88,2.88,37702000.0,109779036.42,,
2025-04-08,600654,2.76,2.88,2.71,2.79,51294360.0,142634087.97,,
2025-04-09,600654,2.75,2.87,2.53,2.83,60678510.0,165539004.67,,
2025-04-10,600654,2.87,2.97,2.87,2.9,48007700.0,140216277.0,,
2025-04-11,600654,2.87,2.94,2.84,2.92,39766505.0,116069722.86,,
2025-04-14,600654,2.94,3.01,2.94,3.0,37861467.0,113092259.34,,
2025-04-15,600654,3.0,3.01,2.92,2.95,27180166.0,80111461.04,,
2025-04-16,600654,2.94,2.95,2.83,2.88,25974500.0,75046628.0,,
2025-04-17,600654,2.86,2.93,2.85,2.88,25117501.0,72912254.9,,
2025-04-18,600654,2.88,2.91,2.83,2.9,21994300.0,63273450.0,,
2025-04-21,600654,2.87,2.97,2.86,2.95,27137139.0,79463189.46,,
2025-04-22,600654,2.95,3.23,2.95,3.03,85583270.0,263265550.64,,
2025-04-23,600654,3.0,3.08,2.99,3.0,42487271.0,128690444.36,,
2025-04-24,600654,3.01,3.03,2.94,2.94,35016130.0,104124780.3,,
2025-04-25,600654,2.94,2.98,2.93,2.96,25806717.0,76346235.98,,
2025-04-28,600654,2.96,2.96,2.89,2.91,19767272.0,57708413.24,,
2025-04-29,600654,2.89,2.97,2.88,2.95,23818511.0,69907151.21,,
2025-04-30,600654,2.95,3.02,2.95,3.0,28913051.0,86701928.99,,
2025-05-06,600654,3.01,3.11,3.01,3.11,36297009.0,111680662.63,,
2025-05-07,600654,3.15,3.18,3.08,3.12,37121488.0,115444473.8,,
2025-05-08,600654,3.11,3.16,3.08,3.16,32052454.0,100744146.56,,
2025-05-09,600654,3.16,3.16,3.06,3.07,31669609.0,97883201.72,,
2025-05-12,600654,3.08,3.11,3.08,3.1,22956611.0,70960619.89,,
2025-05-13,600654,3.14,3.17,3.07,3.08,30727010.0,95586557.7,,
2025-05-14,600654,3.07,3.12,3.06,3.1,31461813.0,97196433.28,,
2025-05-15,600654,3.09,3.1,3.01,3.02,27389900.0,83332746.0,,
2025-05-16,600654,3.02,3.05,3.01,3.03,19652807.0,59570956.21,,
2025-05-19,600654,3.04,3.14,3.04,3.12,41835831.0,129588319.11,,
2025-05-20,600654,3.11,3.13,3.08,3.13,25619588.0,79630079.68,,
2025-05-21,600654,3.13,3.13,3.05,3.07,28010800.0,86063763.0,,
2025-05-22,600654,3.06,3.1,3.01,3.02,26783300.0,81409177.0,,
2025-05-23,600654,3.02,3.03,2.93,2.93,35095600.0,104444289.0,,
2025-05-26,600654,2.92,2.97,2.92,2.97,22725115.0,67046093.4,,
2025-05-27,600654,2.97,2.97,2.93,2.96,18907289.0,55705850.54,,
2025-05-28,600654,2.95,2.98,2.91,2.92,18679300.0,54832198.0,,
2025-05-29,600654,2.92,3.04,2.92,3.04,40935215.0,123054743.88,,
2025-05-30,600654,3.03,3.04,2.94,2.95,30161601.0,89543424.95,,
2025-06-03,600654,2.9,2.94,2.84,2.92,31293800.0,91047924.0,,
2025-06-04,600654,2.92,2.96,2.91,2.95,21902731.0,64338006.14,,
2025-06-05,600654,2.93,2.99,2.93,2.97,27381900.0,81074846.0,,
2025-06-06,600654,2.96,2.99,2.94,2.97,20518293.0,60699610.42,,
2025-06-09,600654,2.97,3.02,2.96,3.0,26331399.0,78947270.01,,
2025-06-10,600654,3.0,3.01,2.89,2.92,39562421.0,116132804.74,,
2025-06-11,600654,2.92,3.04,2.92,2.96,37144900.0,110697550.0,,
2025-06-12,600654,2.95,2.98,2.93,2.94,19911700.0,58715050.0,,
2025-06-13,600654,2.94,2.95,2.86,2.88,38600142.0,111492528.16,,
2025-06-16,600654,2.88,2.89,2.86,2.89,20231500.0,58233846.0,,
2025-06-17,600654,2.89,2.91,2.86,2.87,19972383.0,57462887.43,,
2025-06-18,600654,2.87,2.89,2.85,2.86,17145428.0,49152056.3,,
2025-06-19,600654,2.86,2.87,2.78,2.79,24847394.0,70016524.76,,
2025-06-20,600654,2.78,2.82,2.76,2.77,19444214.0,54169261.92,,
2025-06-23,600654,2.78,2.84,2.74,2.83,22311900.0,62539271.0,,
2025-06-24,600654,2.83,2.9,2.83,2.9,23845467.0,68611446.64,,
2025-06-25,600654,2.88,2.93,2.86,2.92,33277701.0,96411086.3,,
2025-06-26,600654,2.93,3.0,2.91,2.95,48232102.0,142861828.94,,
2025-06-27,600654,2.93,3.0,2.93,2.95,33206729.0,98607117.41,,
2025-06-30,600654,2.95,2.98,2.94,2.97,31249801.0,92552657.94,,
2025-07-01,600654,2.97,2.98,2.92,2.96,23635201.0,69748131.96,,
2025-07-02,600654,2.96,2.96,2.9,2.93,24128700.0,70571257.0,,
2025-07-03,600654,2.93,2.97,2.92,2.95,23808201.0,70248844.94,,
2025-07-04,600654,2.95,2.97,2.91,2.92,24570900.0,72150729.0,,
2025-07-07,600654,2.92,2.94,2.9,2.93,16172398.0,47256932.07,,
2025-07-08,600654,2.92,2.99,2.92,2.99,34658400.0,102760056.0,,
2025-07-09,600654,2.99,3.01,2.96,3.0,30765793.0,91854129.07,,
2025-07-10,600654,2.99,3.04,2.98,3.02,32829609.0,99047034.78,,
2025-07-11,600654,3.02,3.03,2.98,3.01,27799800.0,83558574.0,,
2025-07-14,600654,3.01,3.03,2.97,2.99,27724650.0,82996216.0,,
2025-07-15,600654,2.99,3.0,2.92,2.95,28978077.0,85315542.61,,
2025-07-16,600654,2.97,3.03,2.96,2.99,37843304.0,113333966.1,,
2025-07-17,600654,3.0,3.0,2.96,2.99,22756111.0,67831889.67,,
2025-07-18,600654,3.0,3.04,2.97,3.0,29966559.0,89803612.27,,
2025-07-21,600654,2.99,3.04,2.98,3.03,35466061.0,107290145.42,,
2025-07-22,600654,3.03,3.06,3.0,3.04,39085435.0,118447943.78,,
2025-07-23,600654,3.04,3.05,3.01,3.02,34766900.0,105286078.0,,
2025-07-24,600654,3.0,3.09,3.0,3.09,52879001.0,162056382.08,,
2025-07-25,600654,3.09,3.1,3.06,3.08,29494463.0,90690717.4,,
2025-07-28,600654,3.1,3.1,3.03,3.05,36666300.0,111941362.0,,
2025-07-29,600654,3.05,3.06,3.0,3.03,26703413.0,80568926.26,,
2025-07-30,600654,3.02,3.06,3.0,3.03,32319324.0,97928665.99,,
2025-07-31,600654,3.02,3.07,2.97,2.99,35255616.0,106357085.84,,
2025-08-01,600654,2.99,3.02,2.96,3.0,29861500.0,89283196.0,,
2025-08-04,600654,2.98,3.01,2.97,3.01,22203592.0,66361496.0,,
2025-08-05,600654,3.01,3.05,3.0,3.05,29575210.0,89735947.83,,
2025-08-06,600654,3.03,3.36,3.01,3.36,149801726.0,484801504.39,价格异常,10.163934426229515
2025-08-07,600654,3.46,3.6,3.27,3.47,301786068.0,1027369179.25,,
2025-08-08,600654,3.37,3.44,3.31,3.33,137776223.0,462059423.83,,
2025-08-11,600654,3.31,3.41,3.29,3.37,99855252.0,335422309.89,,
2025-08-12,600654,3.36,3.55,3.32,3.49,155056791.0,537053438.29,,
2025-08-13,600654,3.52,3.53,3.37,3.4,119379359.0,408804694.95,,
2025-08-14,600654,3.41,3.42,3.27,3.31,85667280.0,285690625.28,,
2025-08-15,600654,3.29,3.34,3.27,3.34,59219261.0,196320396.26,,
2025-08-18,600654,3.36,3.67,3.36,3.67,144579467.0,514845133.0,,
2025-08-19,600654,3.71,3.98,3.68,3.73,289742487.0,1094797616.52,,
2025-08-20,600654,3.71,3.81,3.62,3.68,159760275.0,590037591.59,,
2025-08-21,600654,3.66,3.75,3.62,3.64,95127884.0,349092426.92,,
2025-08-22,600654,3.65,3.79,3.61,3.73,128395928.0,476519389.74,,
2025-08-25,600654,3.8,3.92,3.73,3.76,147975682.0,563412212.4,,
2025-08-26,600654,3.7,3.79,3.62,3.77,106086481.0,396181151.3,,
2025-08-27,600654,3.77,3.88,3.61,3.61,121776427.0,453927099.82,,
2025-08-28,600654,3.56,3.63,3.46,3.63,108886502.0,386907510.99,,
2025-08-29,600654,3.64,3.66,3.54,3.56,56687829.0,202492522.49,,
2025-09-01,600654,3.56,3.64,3.54,3.61,65275418.0,235293283.45,,
2025-09-02,600654,3.6,3.66,3.48,3.49,77124070.0,273248272.7,,
2025-09-03,600654,3.49,3.56,3.37,3.4,66461438.0,229970896.02,,
2025-09-04,600654,3.41,3.45,3.31,3.38,63799072.0,216409131.48,,
2025-09-05,600654,3.38,3.44,3.31,3.44,46973224.0,158827846.21,,
2025-09-08,600654,3.45,3.48,3.38,3.42,40564398.0,138829605.22,,
2025-09-09,600654,3.41,3.42,3.33,3.34,41259200.0,139242222.0,,
2025-09-10,600654,3.33,3.4,3.32,3.38,35139503.0,118551854.16,,
2025-09-11,600654,3.38,3.47,3.33,3.47,55772270.0,190307569.63,,
2025-09-12,600654,3.47,3.5,3.44,3.46,45662511.0,158398136.97,,
2025-09-15,600654,3.46,3.52,3.43,3.49,48026900.0,167031827.0,,
2025-09-16,600654,3.5,3.53,3.48,3.52,43650286.0,153267364.64,,
2025-09-17,600654,3.51,3.51,3.45,3.47,43776613.0,152241277.11,,
2025-09-18,600654,3.47,3.52,3.36,3.41,64856288.0,224215013.22,,
2025-09-19,600654,3.41,3.44,3.33,3.34,40578701.0,136461029.42,,
2025-09-22,600654,3.34,3.37,3.31,3.35,30949641.0,103334147.94,,
2025-09-23,600654,3.35,3.43,3.16,3.24,62156408.0,202069946.59,,
2025-09-24,600654,3.2,3.3,3.19,3.29,37716962.0,122849730.61,,
2025-09-25,600654,3.29,3.32,3.25,3.25,29817708.0,97730347.08,,
2025-09-26,600654,3.23,3.26,3.18,3.19,36388245.0,116953010.1,,
2025-09-29,600654,3.2,3.22,3.13,3.21,32063700.0,102118235.0,,
2025-09-30,600654,3.21,3.26,3.21,3.22,23426070.0,75537939.83,,
2025-10-09,600654,3.23,3.31,3.22,3.28,36718585.0,120182364.67,,
2025-10-10,600654,3.27,3.3,3.23,3.26,34371972.0,112226984.45,,
2025-10-13,600654,3.15,3.26,3.14,3.26,36928232.0,118819302.32,,
2025-10-14,600654,3.27,3.32,3.21,3.23,36641161.0,119613371.13,,
2025-10-15,600654,3.24,3.28,3.21,3.27,26332471.0,85732069.46,,
2025-10-16,600654,3.25,3.26,3.16,3.17,36697700.0,117138818.0,,
2025-10-17,600654,3.17,3.19,3.1,3.1,31161823.0,97705078.75,,
2025-10-20,600654,3.13,3.19,3.13,3.18,31295542.0,98955074.29,,
2025-10-21,600654,3.18,3.28,3.17,3.27,48078712.0,156007088.24,,
2025-10-22,600654,3.26,3.3,3.24,3.29,30888085.0,101318354.65,,
2025-10-23,600654,3.28,3.38,3.27,3.37,42946561.0,142251236.69,,
2025-10-24,600654,3.37,3.4,3.29,3.29,38998531.0,129892356.98,,
2025-10-27,600654,3.32,3.33,3.24,3.28,32576100.0,106741954.0,,
2025-10-28,600654,3.29,3.31,3.24,3.3,28001264.0,91982152.74,,
2025-10-29,600654,3.31,3.31,3.24,3.26,25829700.0,84036112.0,,
2025-10-30,600654,3.24,3.28,3.23,3.24,29553199.0,96178883.76,,
2025-10-31,600654,3.45,3.56,3.41,3.56,89429961.0,316484919.74,,
2025-11-03,600654,3.74,3.92,3.66,3.81,347589096.0,1321911813.98,价格异常,10.1123595505618
2025-11-04,600654,3.81,3.88,3.73,3.81,215516299.0,820532247.3,,
2025-11-05,600654,3.77,3.99,3.76,3.84,186796452.0,722495980.94,,
2025-11-06,600654,3.84,3.87,3.75,3.81,116966885.0,443452038.88,,
2025-11-07,600654,3.81,3.86,3.74,3.76,97027208.0,367716937.36,,
2025-11-10,600654,3.76,3.94,3.76,3.88,139629603.0,540519859.65,,
2025-11-11,600654,3.88,4.04,3.86,3.9,158082019.0,623849529.05,,
2025-11-12,600654,3.88,4.29,3.88,4.29,164297993.0,692374934.13,,
2025-11-13,600654,4.38,4.38,4.06,4.2,322373333.0,1350326652.58,,
2025-11-14,600654,4.22,4.41,4.21,4.23,244882655.0,1053497567.04,,
2025-11-17,600654,4.18,4.43,4.13,4.3,219743274.0,940854433.67,,
2025-11-18,600654,4.3,4.64,4.22,4.5,249729778.0,1116730927.23,,
2025-11-19,600654,4.46,4.46,4.11,4.11,220957466.0,926714823.4,,
2025-11-20,600654,4.13,4.19,3.95,4.0,215834777.0,872963407.19,,
2025-11-21,600654,3.91,4.02,3.82,3.82,136596248.0,531229101.53,,
2025-11-24,600654,3.82,3.87,3.73,3.83,99332263.0,378135374.1,,
2025-11-25,600654,3.83,4.02,3.82,3.96,127706605.0,505276025.73,,
2025-11-26,600654,3.93,3.98,3.87,3.88,84023419.0,328973823.75,,
2025-11-27,600654,4.04,4.27,4.04,4.27,134438509.0,570681983.33,,
2025-11-28,600654,4.21,4.21,3.98,4.15,266792477.0,1086820913.63,,
2025-12-01,600654,4.14,4.2,4.06,4.12,147918901.0,607161773.18,,
2025-12-02,600654,4.08,4.09,3.94,3.98,112993023.0,450632249.0,,
2025-12-03,600654,4.01,4.01,3.86,3.88,94524478.0,368564424.44,,
2025-12-04,600654,3.87,3.88,3.77,3.79,71363163.0,271415194.77,,
2025-12-05,600654,3.77,3.86,3.74,3.85,63178300.0,241002446.0,,
2025-12-08,600654,3.89,3.89,3.82,3.86,62938728.0,242504576.35,,
2025-12-09,600654,3.85,4.14,3.8,4.0,184510728.0,730171346.91,,
2025-12-10,600654,3.89,3.96,3.85,3.9,101039345.0,392729320.87,,
2025-12-11,600654,3.89,3.89,3.75,3.75,74176256.0,281556855.08,,
2025-12-12,600654,3.78,3.82,3.76,3.82,66866363.0,253690661.06,,
2025-12-15,600654,3.8,3.85,3.76,3.77,50156479.0,190461765.2,,
2025-12-16,600654,3.74,3.75,3.66,3.66,63565620.0,234063562.39,,
2025-12-17,600654,3.65,3.7,3.59,3.69,63605160.0,231581707.6,,
2025-12-18,600654,3.66,3.69,3.65,3.65,37705255.0,138417116.85,,
2025-12-19,600654,3.65,3.69,3.62,3.68,46939349.0,171957763.83,,
2025-12-22,600654,3.69,3.74,3.66,3.69,45701396.0,169235091.88,,
2025-12-23,600654,3.74,3.76,3.62,3.64,50707848.0,186099188.24,,
2025-12-24,600654,3.63,3.72,3.62,3.71,58231961.0,215390350.31,,
2025-12-25,600654,3.72,3.75,3.7,3.75,43217000.0,160853637.0,,
2025-12-26,600654,3.77,3.78,3.72,3.74,58187353.0,218221500.88,,
2025-12-29,600654,3.74,3.77,3.71,3.73,43671401.0,163272439.74,,
2025-12-30,600654,3.73,3.81,3.71,3.74,55828300.0,209603670.81,,
2025-12-31,600654,3.73,3.78,3.66,3.77,61077347.0,227680897.24,,
2026-01-05,600654,3.8,3.87,3.77,3.87,78044452.0,299053433.63,,
2026-01-06,600654,3.87,3.98,3.86,3.94,82799825.0,325156071.55,,
2026-01-07,600654,3.94,3.94,3.84,3.85,70728200.0,273613224.0,,
2026-01-08,600654,3.82,3.93,3.8,3.92,67675514.0,263402037.88,,
2026-01-09,600654,3.92,3.94,3.86,3.91,62471347.0,243581086.2,,
2026-01-12,600654,3.92,4.12,3.91,4.11,120448242.0,487401324.4,,
2026-01-13,600654,4.11,4.15,3.95,3.98,103112055.0,414720706.22,,
2026-01-14,600654,3.99,4.14,3.99,4.06,131024863.0,533586967.36,,
2026-01-15,600654,4.06,4.08,3.95,3.99,81288862.0,325801804.6,,
2026-01-16,600654,3.99,4.02,3.86,3.91,75001643.0,293882119.51,,
2026-01-19,600654,3.9,3.97,3.86,3.93,50503000.0,198317343.0,,
2026-01-20,600654,3.94,3.96,3.87,3.91,52167802.0,204074457.76,,
2026-01-21,600654,3.88,3.99,3.86,3.96,67960202.0,268057535.9,,
2026-01-22,600654,3.95,4.05,3.95,4.04,75281578.0,302764362.0,,
2026-01-23,600654,4.04,4.1,4.01,4.09,83958682.0,341523194.1,,
2026-01-26,600654,4.09,4.15,3.98,4.03,80164405.0,323304596.34,,
2026-01-27,600654,4.04,4.06,3.94,4.04,62362303.0,249159376.06,,
2026-01-28,600654,4.04,4.05,3.94,3.95,63356495.0,251444480.25,,
2026-01-29,600654,3.93,4.05,3.84,3.94,85548202.0,339822093.0,,
2026-01-30,600654,3.91,3.98,3.86,3.88,62932203.0,245501028.76,,
2026-02-02,600654,3.84,3.93,3.77,3.78,76695517.0,295586339.95,,
2026-02-03,600654,3.81,3.85,3.75,3.81,57576701.0,218564765.82,,
2026-02-04,600654,3.81,3.85,3.76,3.84,47801197.0,181789585.66,,
2026-02-05,600654,3.81,3.84,3.77,3.78,43313034.0,164682795.84,,
2026-02-06,600654,3.76,3.81,3.71,3.75,41762999.0,157347336.22,,
2026-02-09,600654,3.81,3.92,3.81,3.92,70177901.0,272337219.11,,
2026-02-10,600654,3.92,3.94,3.86,3.9,36814301.0,143627632.9,,
2026-02-11,600654,3.9,3.92,3.86,3.87,33464700.0,130034043.0,,
2026-02-12,600654,3.87,3.88,3.8,3.8,39683836.0,151723574.8,,
2026-02-13,600654,3.8,3.88,3.76,3.76,54525600.0,207648021.99,,
2026-02-24,600654,3.8,3.81,3.74,3.77,47073205.0,177558854.8,,
2026-02-25,600654,3.77,3.85,3.76,3.8,48493715.0,185106987.72,,
2026-02-26,600654,3.8,3.82,3.75,3.76,41892117.0,158207860.92,,
2026-02-27,600654,3.75,3.79,3.74,3.78,42527274.0,160154768.19,,
2026-03-02,600654,3.73,3.74,3.57,3.62,77183096.0,281020692.6,,
2026-03-03,600654,3.6,3.64,3.43,3.45,68810997.0,242034239.23,,
2026-03-04,600654,3.41,3.47,3.38,3.43,44795989.0,153388645.91,,
2026-03-05,600654,3.48,3.55,3.47,3.51,48081479.0,169059536.08,,
2026-03-06,600654,3.5,3.55,3.48,3.54,37439219.0,132041748.16,,
