日期,股票代码,开盘,最高,最低,收盘,成交量,成交额,异常情况,异常涨跌幅
2016-03-11,600648,14.0722172,14.21452052,13.82713926,14.0722172,5128107,90985306.0,,
2016-03-14,600648,14.23823774,14.76792232,14.17499182,14.38054106,7262634,133025936.0,,
2016-03-15,600648,14.3884468,14.625619,14.08012294,14.55446734,7542130,136993522.0,,
2016-03-16,600648,14.57027882,14.57818456,14.0722172,14.1117459,6294615,113507732.0,,
2016-03-17,600648,14.14336886,14.51493864,14.1117459,14.45959846,6745134,122437056.0,,
2016-03-18,600648,14.51493864,15.42409874,14.49912716,15.03671748,11917754,225058329.0,,
2016-03-21,600648,15.20273802,15.79566852,15.020906,15.50315614,12672814,247797044.0,,
2016-03-22,600648,15.42409874,15.55059058,15.22645524,15.31341838,8876605,172669019.0,,
2016-03-23,600648,15.18692654,15.78776278,15.0999634,15.55849632,9811308,192302022.0,,
2016-03-24,600648,15.34504134,15.43200448,15.020906,15.10786914,8630127,166180713.0,,
2016-03-25,600648,15.04462322,15.6533652,15.04462322,15.60593076,8185761,158657435.0,,
2016-03-28,600648,15.81938574,15.95378332,15.19483228,15.2580782,9252873,182325310.0,,
2016-03-29,600648,15.1790208,15.2976069,14.5465616,14.7442051,6852463,128720882.0,,
2016-03-30,600648,14.8232625,15.23436098,14.79163954,15.20273802,6009294,114279982.0,,
2016-03-31,600648,15.416193,15.55849632,15.2185495,15.32132412,9320184,181291425.0,,
2016-04-01,600648,15.2580782,15.27388968,14.79163954,15.04462322,7508102,142464974.0,,
2016-04-05,600648,15.17111506,15.4557217,14.96556582,15.40828726,7320848,141512697.0,,
2016-04-06,600648,15.32922986,15.60593076,15.2976069,15.51896762,9309586,181968175.0,,
2016-04-07,600648,15.50315614,15.71661112,15.19483228,15.2976069,8104846,157738331.0,,
2016-04-08,600648,15.1394921,15.2580782,14.92603712,15.0604347,5540430,105368593.0,,
2016-04-11,600648,15.14739784,15.44781596,15.14739784,15.36875856,7010984,135764424.0,,
2016-04-12,600648,15.28970116,15.43991022,14.93394286,15.19483228,5841195,111751775.0,,
2016-04-13,600648,15.28179542,15.58221354,15.22645524,15.51106188,11505894,224819957.0,,
2016-04-14,600648,15.55849632,15.63755372,15.40038152,15.6138365,8318370,163241786.0,,
2016-04-15,600648,15.6138365,15.95378332,15.5743078,15.70079964,11901923,237406346.0,,
2016-04-18,600648,15.63755372,15.6533652,15.1790208,15.2976069,6768450,131140379.0,,
2016-04-19,600648,15.36875856,15.76404556,15.1394921,15.56640206,8358568,162938322.0,,
2016-04-20,600648,15.47153318,15.5743078,14.4279755,14.71258214,11150999,211058967.0,,
2016-04-21,600648,14.71258214,14.8627912,14.51493864,14.69677066,4688067,87263027.0,,
2016-04-22,600648,14.56237308,14.7046764,14.4675042,14.68886492,3571804,65818460.0,,
2016-04-25,600648,14.59399604,14.68886492,14.26195496,14.52284438,3403830,62299567.0,,
2016-04-26,600648,14.51493864,14.6651477,14.37263532,14.625619,3030137,55613470.0,,
2016-04-27,600648,14.60980752,14.72839362,14.53075012,14.625619,3196178,59165106.0,,
2016-04-28,600648,14.53075012,14.53075012,14.13546312,14.26195496,5509341,99676681.0,,
2016-04-29,600648,14.29357792,14.34101236,14.0722172,14.08012294,3633053,65208091.0,,
2016-05-03,600648,14.08012294,14.5070329,14.0326885,14.49122142,3994754,72458188.0,,
2016-05-04,600648,14.4279755,14.84697972,14.39635254,14.63352474,5826659,108222260.0,,
2016-05-05,600648,14.59399604,14.67305344,14.44378698,14.65724196,3523869,64968546.0,,
2016-05-06,600648,14.76001658,15.55849632,14.39635254,14.57027882,12795013,242043440.0,,
2016-05-09,600648,14.3093894,15.16320932,14.1512746,15.13158636,17858147,334254880.0,,
2016-05-10,600648,14.9418486,15.00509452,14.0722172,14.40425828,11896895,219789702.0,,
2016-05-11,600648,14.32520088,14.60190178,14.13546312,14.3093894,7096511,129055450.0,,
2016-05-12,600648,14.10384016,14.10384016,13.5188154,13.81923352,7095065,123280745.0,,
2016-05-13,600648,13.81132778,14.11965164,13.62159002,13.92200814,6406150,112521999.0,,
2016-05-16,600648,13.81923352,13.9931598,13.69274168,13.98525406,4285833,75042934.0,,
2016-05-17,600648,14.0326885,14.4675042,13.9931598,14.14336886,7557566,136438420.0,,
2016-05-18,600648,14.19870904,15.16320932,14.12755738,14.48331568,16479966,305874320.0,,
2016-05-19,600648,14.56237308,14.64143048,14.0722172,14.2698607,10773347,195655149.0,,
2016-05-20,600648,14.00106554,15.28179542,13.85876222,15.10786914,20424801,379808864.0,,
2016-05-23,600648,15.08415192,15.55849632,14.9418486,15.20273802,14868102,286378176.0,,
2016-05-24,600648,15.0999634,15.10786914,14.45169272,14.625619,9967807,185093552.0,,
2016-05-25,600648,14.68886492,14.84697972,14.49912716,14.5465616,6117824,113347008.0,,
2016-05-26,600648,14.52284438,14.61771326,14.00106554,14.38054106,8099086,145518685.0,,
2016-05-27,600648,14.3093894,14.52284438,14.08012294,14.30148366,5415048,98031152.0,,
2016-05-30,600648,14.1117459,14.3093894,13.9536311,14.02478276,4980558,88996941.0,,
2016-05-31,600648,14.04059424,14.625619,14.04059424,14.59399604,7725321,141177652.0,,
2016-06-01,600648,14.5860903,14.77582806,14.55446734,14.64143048,8525512,157999137.0,,
2016-06-02,600648,14.57027882,15.2185495,14.56237308,14.96556582,13505315,255208713.0,,
2016-06-03,600648,14.93394286,15.14739784,14.79954528,14.89441416,9434532,178189318.0,,
2016-06-06,600648,14.96556582,15.28970116,14.79954528,14.91813138,8163152,155107129.0,,
2016-06-07,600648,14.98928304,14.98928304,14.7046764,14.76792232,5271563,98620968.0,,
2016-06-08,600648,14.85488546,15.4557217,14.75211084,15.32922986,18792579,361676080.0,,
2016-06-13,600648,15.02881174,15.32132412,14.31729514,14.49912716,13407968,253885639.0,,
2016-06-14,600648,14.5465616,14.57027882,14.17499182,14.49912716,6509977,118141649.0,,
2016-06-15,600648,14.230332,14.83116824,14.15918034,14.79954528,7898072,146346241.0,,
2016-06-16,600648,14.65724196,14.76792232,14.42006976,14.60980752,6759361,124537756.0,,
2016-06-17,600648,14.61771326,14.72839362,14.42006976,14.55446734,5628343,103802167.0,,
2016-06-20,600648,14.48331568,14.5465616,14.31729514,14.45959846,4204660,76627471.0,,
2016-06-21,600648,14.7837338,15.47943892,14.7837338,14.9023199,16541577,316010080.0,,
2016-06-22,600648,14.63352474,14.9023199,14.60980752,14.87860268,6695259,124770321.0,,
2016-06-23,600648,14.87069694,15.416193,14.76001658,15.23436098,14557073,279859696.0,,
2016-06-24,600648,15.17111506,15.3371356,14.4675042,14.9023199,12159498,229664332.0,,
2016-06-27,600648,14.87069694,15.6533652,14.72839362,15.4952504,18278966,356463936.0,,
2016-06-28,600648,15.43991022,15.9300661,15.23436098,15.62964798,17408041,344469696.0,,
2016-06-29,600648,15.77985704,15.9695948,15.54268484,15.7324226,11096201,220728139.0,,
2016-06-30,600648,15.75613982,15.94587758,15.46362744,15.58221354,9996888,198279179.0,,
2016-07-01,600648,15.6533652,15.68498816,15.43200448,15.59011928,7709739,151719721.0,,
2016-07-04,600648,15.44781596,15.84310296,15.42409874,15.76404556,9269967,184230580.0,,
2016-07-05,600648,15.7719513,16.13561534,15.72451686,15.80357426,13529350,272704608.0,,
2016-07-06,600648,15.85891444,15.90634888,15.51896762,15.8510087,11781062,233832743.0,,
2016-07-07,600648,15.77985704,15.80357426,15.48734466,15.62174224,9514709,187728527.0,,
2016-07-08,600648,15.60593076,15.68498816,15.4557217,15.5743078,5538109,109109302.0,,
2016-07-11,600648,15.67708242,15.67708242,15.416193,15.54268484,7523409,148149565.0,,
2016-07-12,600648,15.46362744,16.602054,15.46362744,16.5625253,21623596,438508352.0,,
2016-07-13,600648,16.602054,16.64948844,16.2462957,16.35697606,13507688,280168320.0,,
2016-07-14,600648,16.37278754,16.77598028,16.30163588,16.57833678,12276558,256938694.0,,
2016-07-15,600648,16.53090234,17.28194764,16.5229966,16.7996975,12977408,278397088.0,,
2016-07-18,600648,16.78388602,17.20289024,16.4834679,16.70482862,8805449,187168809.0,,
2016-07-19,600648,16.7601688,16.78388602,16.29373014,16.75226306,6718179,140549422.0,,
2016-07-20,600648,16.57043104,16.75226306,16.42022198,16.51509086,7258491,152005159.0,,
2016-07-21,600648,16.49137364,17.28194764,16.45975068,17.10011562,14817345,318809728.0,,
2016-07-22,600648,17.0763984,17.58236576,16.96571804,17.13173858,12148591,265151662.0,,
2016-07-25,600648,17.16336154,17.8669724,17.01315248,17.50330836,14252789,316342016.0,,
2016-07-26,600648,17.37681652,17.46377966,17.08430414,17.30566486,8200571,178948893.0,,
2016-07-27,600648,17.32147634,17.73257482,16.2858244,16.83132046,16648366,359410480.0,,
2016-07-28,600648,16.81540608,16.82336792,15.97941288,16.26603912,11554208,237112068.0,,
2016-07-29,600648,16.17845888,16.54470352,15.95552736,15.99533656,7953338,161723142.0,,
2016-08-01,600648,15.92368,15.92368,15.11953416,15.45393144,8805099,170165208.0,,
2016-08-02,600648,15.525588,15.79629056,15.39819856,15.7644432,5513435,108387530.0,,
2016-08-03,600648,15.82017608,16.33769568,15.74055768,16.0431076,8925729,180581512.0,,
2016-08-04,600648,16.06699312,16.1625352,15.81221424,16.06699312,4304556,86289107.0,,
2016-08-05,600648,16.0829168,16.2819628,15.89979448,15.93164184,5151915,103872273.0,,
2016-08-08,600648,15.8838708,16.2819628,15.724634,16.15457336,5499396,110837873.0,,
2016-08-09,600648,16.1625352,16.27400096,15.97941288,16.25807728,5576494,112969601.0,,
2016-08-10,600648,16.25807728,16.25807728,15.91571816,16.0431076,5593638,112809483.0,,
2016-08-11,600648,16.0032984,16.0829168,15.65297744,15.69278664,4815436,95693511.0,,
2016-08-12,600648,15.70871032,16.15457336,15.62113008,16.122726,5930357,118485329.0,,
2016-08-15,600648,16.0829168,17.50808616,16.03514576,17.01445208,17197791,366404016.0,,
2016-08-16,600648,17.0383376,17.8743308,16.71190216,17.4762388,19908683,430601760.0,,
2016-08-17,600648,17.2373836,17.46827696,17.12591784,17.21349808,10244521,221848393.0,,
2016-08-18,600648,17.26126912,17.8743308,17.14184152,17.42846776,14795133,325098848.0,,
2016-08-19,600648,17.45235328,17.45235328,16.88706264,17.32496384,8506024,183980653.0,,
2016-08-22,600648,17.4762388,17.82655976,17.2373836,17.25330728,8157063,178813979.0,,
2016-08-23,600648,17.2373836,17.48420064,16.88706264,17.10999416,5582222,120116415.0,,
2016-08-24,600648,17.13387968,17.22942176,16.8791008,16.91094816,4629593,99019434.0,,
2016-08-25,600648,16.82336792,16.82336792,16.4013904,16.60839824,5497771,114312555.0,,
2016-08-26,600648,16.70394032,16.72782584,16.47304696,16.60839824,3443052,71870107.0,,
2016-08-29,600648,16.63228376,16.86317712,16.520818,16.73578768,4367726,91807195.0,,
2016-08-30,600648,16.79152056,16.86317712,16.49693248,16.65616928,3592354,75516743.0,,
2016-08-31,600648,16.65616928,16.90298632,16.50489432,16.7994824,4689894,98781382.0,,
2016-09-01,600648,16.84725344,16.84725344,16.321772,16.38546672,4873249,101128827.0,,
2016-09-02,600648,16.44916144,16.44916144,16.0829168,16.19438256,4492493,91714602.0,,
2016-09-05,600648,16.06699312,16.38546672,16.06699312,16.30584832,3000659,61394540.0,,
2016-09-06,600648,16.32973384,16.53674168,16.06699312,16.43323776,3704182,75931532.0,,
2016-09-07,600648,16.47304696,16.79152056,16.39342856,16.5606272,4614000,96194661.0,,
2016-09-08,600648,16.54470352,16.7596732,16.4810088,16.67209296,5119322,106869558.0,,
2016-09-09,600648,16.719864,16.81540608,16.54470352,16.6004364,5335155,111689876.0,,
2016-09-12,600648,16.2421536,16.3615812,16.0032984,16.09884048,5254331,106690552.0,,
2016-09-13,600648,16.1625352,16.27400096,16.05106944,16.21826808,2766923,56213038.0,,
2016-09-14,600648,16.19438256,16.2023444,16.06699312,16.13068784,2073567,42002027.0,,
2016-09-19,600648,16.19438256,16.520818,16.14661152,16.2819628,3473680,71134268.0,,
2016-09-20,600648,16.2421536,16.29788648,16.02718392,16.09884048,2414192,48837330.0,,
2016-09-21,600648,16.09087864,16.1625352,16.03514576,16.14661152,2250130,45527989.0,,
2016-09-22,600648,16.22622992,16.4411996,16.17845888,16.25011544,4114376,84199360.0,,
2016-09-23,600648,16.29788648,16.31381016,15.94756552,16.02718392,3200064,64558342.0,,
2016-09-26,600648,15.92368,16.0032984,15.525588,15.55743536,3865619,76677556.0,,
2016-09-27,600648,15.51762616,15.70871032,15.4459696,15.65297744,2573821,50373179.0,,
2016-09-28,600648,15.7644432,15.78036688,15.58928272,15.62909192,1751179,34464644.0,,
2016-09-29,600648,15.65297744,15.81221424,15.62909192,15.79629056,3706417,73294040.0,,
2016-09-30,600648,15.8042524,16.0032984,15.75648136,15.94756552,3149291,62832056.0,,
2016-10-10,600648,15.91571816,16.0829168,15.7644432,16.0431076,3765861,75187015.0,,
2016-10-11,600648,16.07495496,16.42527592,15.9634892,16.30584832,5082538,103738378.0,,
2016-10-12,600648,16.31381016,16.39342856,16.122726,16.34565752,2587385,52934465.0,,
2016-10-13,600648,16.34565752,16.34565752,16.13068784,16.25011544,2207381,44984883.0,,
2016-10-14,600648,16.29788648,16.29788648,16.09884048,16.25011544,2534588,51570059.0,,
2016-10-17,600648,16.30584832,16.30584832,15.90775632,16.0431076,2084747,42103359.0,,
2016-10-18,600648,16.09087864,16.2421536,15.93960368,16.19438256,2746154,55597500.0,,
2016-10-19,600648,16.2023444,16.27400096,15.98737472,16.10680232,2278579,46175009.0,,
2016-10-20,600648,16.11476416,16.14661152,15.94756552,16.13068784,2354798,47460681.0,,
2016-10-21,600648,16.122726,16.13864968,15.9634892,16.05903128,2479863,49907794.0,,
2016-10-24,600648,16.09087864,16.2819628,15.98737472,16.13068784,3082285,62606183.0,,
2016-10-25,600648,16.09884048,16.30584832,16.09884048,16.23419176,2326625,47307643.0,,
2016-10-26,600648,16.19438256,16.23419176,16.0032984,16.11476416,2030316,41028527.0,,
2016-10-27,600648,16.0431076,16.1625352,16.01126024,16.10680232,2045219,41279742.0,,
2016-10-28,600648,16.15457336,16.2819628,16.05106944,16.09087864,2788787,56680458.0,,
2016-10-31,600648,16.0829168,16.0829168,15.93960368,16.01126024,1776295,35655808.0,,
2016-11-01,600648,16.01126024,16.15457336,15.94756552,16.10680232,3632488,73144418.0,,
2016-11-02,600648,16.03514576,16.09884048,15.94756552,15.97145104,3305068,66337872.0,,
2016-11-03,600648,15.98737472,16.05106944,15.87590896,16.01126024,3040381,61042980.0,,
2016-11-04,600648,16.01126024,16.22622992,15.98737472,16.01922208,2611570,52710175.0,,
2016-11-07,600648,16.01922208,16.11476416,15.8838708,16.02718392,2166148,43472131.0,,
2016-11-08,600648,16.01126024,16.07495496,15.97145104,16.05903128,2687612,54052083.0,,
2016-11-09,600648,16.0431076,16.05106944,15.63705376,15.9634892,3370106,67379608.0,,
2016-11-10,600648,15.97941288,16.09884048,15.9634892,16.06699312,2642655,53258506.0,,
2016-11-11,600648,16.0829168,16.28992464,16.0829168,16.2819628,5583450,113613179.0,,
2016-11-14,600648,16.2819628,16.43323776,16.18642072,16.26603912,4070590,83113349.0,,
2016-11-15,600648,16.30584832,16.48897064,16.17845888,16.46508512,5081813,104449878.0,,
2016-11-16,600648,16.47304696,16.57655088,16.30584832,16.48897064,5972372,123447074.0,,
2016-11-17,600648,16.48897064,16.48897064,16.17845888,16.28992464,3569453,72925737.0,,
2016-11-18,600648,16.30584832,16.51285616,16.21030624,16.32973384,4701428,96659188.0,,
2016-11-21,600648,16.32973384,16.76763504,16.26603912,16.71190216,8043195,167261885.0,,
2016-11-22,600648,16.6402456,17.3568112,16.55266536,16.96668104,11522240,245510984.0,,
2016-11-23,600648,16.93483368,17.04629944,16.64820744,16.69597848,7172725,151858722.0,,
2016-11-24,600648,16.73578768,16.9985284,16.6402456,16.75171136,6055856,127898799.0,,
2016-11-25,600648,16.73578768,16.73578768,16.321772,16.61636008,4361356,90372074.0,,
2016-11-28,600648,16.64820744,16.66413112,16.4013904,16.42527592,3691174,76517501.0,,
2016-11-29,600648,16.43323776,16.5606272,16.33769568,16.44916144,4858673,100516473.0,,
2016-11-30,600648,16.38546672,16.51285616,16.2421536,16.26603912,3677194,75562481.0,,
2016-12-01,600648,16.21826808,16.42527592,16.21826808,16.3615812,3152891,64687283.0,,
2016-12-02,600648,16.39342856,16.4810088,16.14661152,16.1625352,3174272,64924417.0,,
2016-12-05,600648,16.0829168,16.30584832,15.97145104,16.06699312,2605621,52842237.0,,
2016-12-06,600648,16.122726,16.1625352,16.01126024,16.10680232,1810042,36546884.0,,
2016-12-07,600648,16.122726,16.2023444,16.02718392,16.19438256,2178813,44133283.0,,
2016-12-08,600648,16.21826808,16.25807728,16.03514576,16.122726,2044230,41502216.0,,
2016-12-09,600648,16.0829168,16.21826808,16.05903128,16.10680232,2060486,41735113.0,,
2016-12-12,600648,16.10680232,16.10680232,15.39819856,15.49374064,4683949,92275811.0,,
2016-12-13,600648,15.50966432,15.50966432,15.31858016,15.47781696,1844270,35701545.0,,
2016-12-14,600648,15.4857788,15.63705376,15.326542,15.46189328,2445812,47533285.0,,
2016-12-15,600648,15.45393144,15.71667216,15.3663512,15.63705376,2586781,50584932.0,,
2016-12-16,600648,15.61316824,15.8440616,15.47781696,15.70074848,1906864,37573306.0,,
2016-12-19,600648,15.74055768,16.05106944,15.54151168,15.82017608,3264143,64903102.0,,
2016-12-20,600648,15.724634,15.724634,15.46985512,15.54947352,2428748,47466914.0,,
2016-12-21,600648,15.70871032,15.74851952,15.59724456,15.69278664,2379653,46852879.0,,
2016-12-22,600648,15.7644432,15.98737472,15.6450156,15.8042524,3346127,66656670.0,,
2016-12-23,600648,15.83609976,15.89979448,15.525588,15.63705376,2219087,43572463.0,,
2016-12-26,600648,15.65297744,15.73259584,15.4061604,15.71667216,1266531,24719366.0,,
2016-12-27,600648,15.71667216,16.321772,15.62113008,16.0032984,4696183,94721139.0,,
2016-12-28,600648,15.92368,16.17845888,15.82017608,15.90775632,3061127,61388269.0,,
2016-12-29,600648,15.91571816,15.9634892,15.70871032,15.86794712,1704357,33904203.0,,
2016-12-30,600648,15.8440616,15.93164184,15.5653972,15.71667216,2370180,46814221.0,,
2017-01-03,600648,15.8440616,15.89979448,15.7644432,15.89183264,2785951,55370106.0,,
2017-01-04,600648,15.92368,15.97941288,15.78832872,15.94756552,2770272,55300898.0,,
2017-01-05,600648,15.97941288,16.17845888,15.83609976,16.0829168,5715648,114933723.0,,
2017-01-06,600648,16.05903128,16.2819628,15.9634892,16.13864968,4918136,99728403.0,,
2017-01-09,600648,16.14661152,16.23419176,16.01922208,16.2023444,2620414,53112686.0,,
2017-01-10,600648,16.18642072,16.18642072,16.01922208,16.05903128,2464225,49765782.0,,
2017-01-11,600648,16.0829168,16.09087864,15.8042524,15.87590896,2177841,43503664.0,,
2017-01-12,600648,15.8440616,15.94756552,15.71667216,15.74055768,2277502,45186195.0,,
2017-01-13,600648,15.8440616,15.89183264,15.46985512,15.8440616,3668698,72257811.0,,
2017-01-16,600648,15.79629056,16.1625352,15.50966432,16.10680232,10802684,215959419.0,,
2017-01-17,600648,15.99533656,16.0829168,15.81221424,16.02718392,2920829,58595198.0,,
2017-01-18,600648,16.06699312,16.44916144,16.02718392,16.25807728,5199302,106091396.0,,
2017-01-19,600648,16.25011544,16.50489432,16.11476416,16.17049704,4281311,87707489.0,,
2017-01-20,600648,16.07495496,16.30584832,16.06699312,16.28992464,2773623,56353620.0,,
2017-01-23,600648,16.30584832,16.3615812,16.1625352,16.23419176,2302845,47013256.0,,
2017-01-24,600648,16.2421536,16.29788648,15.92368,16.01922208,2297932,46488369.0,,
2017-01-25,600648,15.98737472,16.22622992,15.92368,16.17049704,1897146,38393382.0,,
2017-01-26,600648,16.22622992,16.25807728,16.05903128,16.17049704,1886326,38301202.0,,
2017-02-03,600648,16.18642072,16.25011544,16.06699312,16.13068784,1273061,25797578.0,,
2017-02-06,600648,16.15457336,16.51285616,16.13068784,16.45712328,5130464,105755613.0,,
2017-02-07,600648,16.4013904,16.4810088,16.27400096,16.40935224,3596877,73975381.0,,
2017-02-08,600648,16.39342856,16.4013904,16.22622992,16.39342856,2629364,53864080.0,,
2017-02-09,600648,16.42527592,16.55266536,16.31381016,16.41731408,3685840,75998874.0,,
2017-02-10,600648,16.44916144,16.520818,16.30584832,16.39342856,3674226,75615728.0,,
2017-02-13,600648,16.39342856,16.520818,15.92368,16.40935224,4215791,86792617.0,,
2017-02-14,600648,16.41731408,16.719864,16.2819628,16.60839824,6468401,134595214.0,,
2017-02-15,600648,16.55266536,17.46031512,16.520818,16.87113896,13911394,296092944.0,,
2017-02-16,600648,16.87113896,17.06222312,16.7596732,16.91891,8297507,176148721.0,,
2017-02-17,600648,16.95075736,17.16572704,16.57655088,16.6402456,7250033,153888069.0,,
2017-02-20,600648,16.64820744,16.73578768,16.4810088,16.69597848,5870499,122525157.0,,
2017-02-21,600648,16.70394032,16.93483368,16.65616928,16.75171136,5023224,105800854.0,,
2017-02-22,600648,16.7596732,16.79152056,16.58451272,16.6402456,3758989,78602239.0,,
2017-02-23,600648,16.63228376,16.6800548,16.42527592,16.5606272,4401924,91460575.0,,
2017-02-24,600648,16.5606272,16.66413112,16.4810088,16.61636008,2769084,57645349.0,,
2017-02-27,600648,16.61636008,16.67209296,16.3615812,16.48897064,2691957,55708616.0,,
2017-02-28,600648,16.4810088,16.61636008,16.3615812,16.6004364,3981835,82518439.0,,
2017-03-01,600648,16.59247456,16.66413112,16.50489432,16.60839824,3512104,73222228.0,,
2017-03-02,600648,16.60839824,16.60839824,16.3615812,16.42527592,3300989,68434952.0,,
2017-03-03,600648,16.42527592,16.4810088,16.2421536,16.30584832,2515233,51523746.0,,
2017-03-06,600648,16.30584832,16.41731408,16.2819628,16.38546672,2080284,42745564.0,,
2017-03-07,600648,16.4411996,16.47304696,16.34565752,16.40935224,2411532,49697195.0,,
2017-03-08,600648,16.41731408,16.41731408,16.27400096,16.32973384,1873292,38398330.0,,
2017-03-09,600648,16.30584832,16.31381016,15.93960368,16.0431076,3580284,72345312.0,,
2017-03-10,600648,16.0032984,16.10680232,15.99533656,16.03514576,1633401,32938386.0,,
2017-03-13,600648,16.0032984,16.0829168,15.86794712,16.07495496,2126078,42723351.0,,
2017-03-14,600648,16.07495496,16.15457336,15.9634892,16.02718392,2690853,54289340.0,,
2017-03-15,600648,16.01126024,16.02718392,15.87590896,16.0032984,1809732,36244596.0,,
2017-03-16,600648,16.01922208,16.1625352,16.01126024,16.14661152,2556801,51756028.0,,
2017-03-17,600648,16.17845888,16.18642072,15.90775632,15.97145104,2644068,53289479.0,,
2017-03-20,600648,15.94756552,16.0829168,15.8042524,16.07495496,1694890,34055252.0,,
2017-03-21,600648,16.07495496,16.122726,15.99533656,16.10680232,1711961,34541899.0,,
2017-03-22,600648,16.07495496,16.07495496,15.85202344,15.90775632,2930847,58600245.0,,
2017-03-23,600648,15.93164184,16.01126024,15.79629056,15.86794712,2088411,41677201.0,,
2017-03-24,600648,15.86794712,15.97145104,15.86794712,15.9634892,1459715,29182862.0,,
2017-03-27,600648,16.05106944,16.36954304,16.05106944,16.15457336,4697175,95734447.0,,
2017-03-28,600648,16.13864968,16.30584832,16.03514576,16.19438256,3268520,66305589.0,,
2017-03-29,600648,16.29788648,16.36954304,16.1625352,16.23419176,4219702,86311293.0,,
2017-03-30,600648,16.2421536,16.321772,15.8042524,15.92368,5059386,101476557.0,,
2017-03-31,600648,15.97145104,16.05903128,15.50170248,15.62909192,6155783,121317239.0,,
2017-04-05,600648,15.79629056,16.03514576,15.6052064,15.99533656,5067912,101091347.0,,
2017-04-06,600648,16.03514576,16.03514576,15.89183264,15.97941288,3559119,71377904.0,,
2017-04-07,600648,15.97941288,16.02718392,15.78832872,15.94756552,4199362,83933168.0,,
2017-04-10,600648,15.91571816,15.91571816,15.6848248,15.724634,3319372,65921402.0,,
2017-04-11,600648,15.74055768,16.14661152,15.63705376,16.09087864,4287701,85542746.0,,
2017-04-12,600648,16.09087864,17.10203232,15.93164184,16.50489432,11738283,242720948.0,,
2017-04-13,600648,16.27400096,16.62432192,16.17845888,16.42527592,6306762,130192097.0,,
2017-04-14,600648,16.39342856,16.39342856,15.54151168,15.93164184,5746197,115579924.0,,
2017-04-17,600648,15.86794712,15.86794712,15.54947352,15.69278664,3887196,76561548.0,,
2017-04-18,600648,15.724634,16.13864968,15.4857788,15.81221424,4767959,94163904.0,,
2017-04-19,600648,15.6052064,15.62113008,15.25488544,15.4459696,3650137,70663691.0,,
2017-04-20,600648,15.46189328,15.62113008,15.3663512,15.53354984,2393324,46566957.0,,
2017-04-21,600648,15.525588,15.6052064,15.3663512,15.46189328,1520408,29505627.0,,
2017-04-24,600648,15.46189328,15.4857788,15.22303808,15.2867328,1956755,37567424.0,,
2017-04-25,600648,15.25488544,15.43800776,15.25488544,15.31858016,1342204,25862106.0,,
2017-04-26,600648,15.31858016,15.38227488,15.23099992,15.33450384,1636735,31454102.0,,
2017-04-27,600648,15.34246568,15.34246568,14.77717504,15.17526704,3203030,60366916.0,,
2017-04-28,600648,15.1673052,15.18322888,15.03195392,15.11157232,1249222,23673702.0,,
2017-05-02,600648,15.14341968,15.14341968,14.5701672,14.68163296,2626745,48721405.0,,
2017-05-03,600648,14.73736584,14.91252632,14.5701672,14.76125136,2167715,40064607.0,,
2017-05-04,600648,14.67367112,14.67367112,14.4507396,14.53831984,1941098,35425457.0,,
2017-05-05,600648,14.53831984,14.63386192,14.38704488,14.42685408,1487594,27055185.0,,
2017-05-08,600648,14.44277776,14.4507396,13.92525816,13.94118184,2419835,43149121.0,,
2017-05-09,600648,13.82175424,14.14022784,13.82175424,14.02080024,1538741,27068317.0,,
2017-05-10,600648,14.06060944,14.12430416,13.54308984,13.59086088,1748660,30531083.0,,
2017-05-11,600648,13.5749372,13.75009768,13.24850176,13.71825032,2755927,46639038.0,,
2017-05-12,600648,13.71825032,13.91729632,13.535128,13.75009768,1581672,27282848.0,,
2017-05-15,600648,13.8137924,13.90933448,13.6545556,13.70232664,1135654,19654542.0,,
2017-05-16,600648,13.6147464,13.91729632,13.51920432,13.90137264,1507304,25952722.0,,
2017-05-17,600648,13.82175424,13.96506736,13.82175424,13.90933448,1203112,21033272.0,,
2017-05-18,600648,13.8934108,13.9730292,13.75805952,13.90137264,1271831,22153679.0,,
2017-05-19,600648,13.93322,13.9730292,13.76602136,13.86156344,1272846,22121076.0,,
2017-05-22,600648,13.86156344,13.86156344,13.54308984,13.5749372,1503313,25876789.0,,
2017-05-23,600648,13.55105168,13.64659376,13.2564636,13.56697536,1977564,33396318.0,,
2017-05-24,600648,13.55105168,13.68640296,13.34404384,13.6545556,1336710,22676168.0,,
2017-05-25,600648,13.56697536,13.83767792,13.51124248,13.8137924,1259918,21659746.0,,
2017-05-26,600648,13.8137924,13.91729632,13.75009768,13.79786872,948183,16478527.0,,
2017-05-31,600648,13.92525816,13.98099104,13.75805952,13.8137924,1604691,27935210.0,,
2017-06-01,600648,13.82175424,13.8934108,13.6545556,13.74213584,1413911,24462540.0,,
2017-06-02,600648,13.6943648,13.78990688,13.55105168,13.7739832,1409647,24202892.0,,
2017-06-05,600648,13.83767792,13.87748712,13.75805952,13.84563976,1181079,20511060.0,,
2017-06-06,600648,13.84563976,13.84563976,13.84563976,13.84563976,0,0.0,,
2017-06-07,600648,13.84563976,13.84563976,13.84563976,13.84563976,0,0.0,停牌,
2017-06-08,600648,13.84563976,13.84563976,13.84563976,13.84563976,0,0.0,停牌,
2017-06-09,600648,13.84563976,13.84563976,13.84563976,13.84563976,0,0.0,停牌,
2017-06-12,600648,13.84563976,13.84563976,13.84563976,13.84563976,0,0.0,停牌,
2017-06-13,600648,13.84563976,13.84563976,13.84563976,13.84563976,0,0.0,停牌,
2017-06-14,600648,13.84563976,13.84563976,13.84563976,13.84563976,0,0.0,停牌,
2017-06-15,600648,13.84563976,13.84563976,13.84563976,13.84563976,0,0.0,停牌,
2017-06-16,600648,13.84563976,13.84563976,13.84563976,13.84563976,0,0.0,停牌,
2017-06-19,600648,13.84563976,13.84563976,13.84563976,13.84563976,0,0.0,停牌,
2017-06-20,600648,14.331312,14.95233552,14.331312,14.38704488,8322920,151846087.0,,
2017-06-21,600648,14.27557912,14.46666328,14.10838048,14.1720752,4712013,84251760.0,,
2017-06-22,600648,14.14022784,14.4109304,14.0924568,14.11634232,3928308,70185031.0,,
2017-06-23,600648,14.14818968,14.2516936,13.99691472,14.20392256,2312391,41015476.0,,
2017-06-26,600648,14.20392256,14.29946464,14.132266,14.2915028,2151450,38434175.0,,
2017-06-27,600648,14.19596072,14.331312,14.1720752,14.23576992,1681219,30088232.0,,
2017-06-28,600648,14.22780808,14.22780808,14.02080024,14.07653312,1512626,26773672.0,,
2017-06-29,600648,14.03672392,14.15615152,14.00487656,14.07653312,1223627,21660600.0,,
2017-06-30,600648,14.14022784,14.94437368,14.02876208,14.74532768,4129699,74633398.0,,
2017-07-03,600648,14.6497856,14.729404,14.48258696,14.54628168,2352073,43004892.0,,
2017-07-04,600648,14.54628168,14.58609088,14.43481592,14.4507396,1310193,23800616.0,,
2017-07-05,600648,14.4507396,14.6497856,14.4507396,14.59405272,2207603,40406200.0,,
2017-07-06,600648,14.62590008,14.6895948,14.4905488,14.63386192,1805740,33169109.0,,
2017-07-07,600648,14.64191317,14.74655576,14.57751773,14.65801203,1434071,26091001.0,,
2017-07-10,600648,14.65801203,14.71435804,14.61776488,14.66606146,1649861,30079602.0,,
2017-07-11,600648,14.61776488,14.69020975,14.55336944,14.63386374,1409016,25580909.0,,
2017-07-12,600648,14.61776488,14.61776488,14.3279854,14.44067742,1913237,34295529.0,,
2017-07-13,600648,14.36823255,14.56141887,14.36823255,14.52117172,1274233,22959090.0,,
2017-07-14,600648,14.51312229,14.60166602,14.4084797,14.47287514,737784,13249061.0,,
2017-07-17,600648,14.47287514,14.51312229,13.85306903,13.86916789,2346314,40949850.0,,
2017-07-18,600648,13.86916789,14.01405763,13.72427815,13.96576105,1333708,22974719.0,,
2017-07-19,600648,13.95771162,14.1669968,13.86111846,14.15894737,1310141,22849575.0,,
2017-07-20,600648,14.15089794,14.31188654,14.0865025,14.23139224,1338643,23628090.0,,
2017-07-21,600648,14.23139224,14.38433141,14.15089794,14.26358996,1132899,20073259.0,,
2017-07-24,600648,14.3279854,14.36823255,14.15894737,14.27163939,1036155,18301047.0,,
2017-07-25,600648,14.3279854,14.33603483,14.09455193,14.18309566,1214242,21420007.0,,
2017-07-26,600648,14.11870022,14.37628198,14.09455193,14.34408426,1583899,28027745.0,,
2017-07-27,600648,14.34408426,14.47287514,14.19114509,14.42457856,1736221,31069392.0,,
2017-07-28,600648,14.43262799,14.52922115,14.31993597,14.43262799,1096177,19658544.0,,
2017-07-31,600648,14.52922115,14.59361659,14.41652913,14.49702343,1778093,31985274.0,,
2017-08-01,600648,14.49702343,14.85119835,14.488974,14.63386374,2952906,53864624.0,,
2017-08-02,600648,14.59361659,14.61776488,14.37628198,14.46482571,1642706,29518685.0,,
2017-08-03,600648,14.31993597,14.52922115,14.31993597,14.44067742,1211699,21728497.0,,
2017-08-04,600648,14.46482571,14.60971545,14.36018312,14.4084797,1517188,27243393.0,,
2017-08-07,600648,14.34408426,14.53727058,14.28773825,14.46482571,942970,16899016.0,,
2017-08-08,600648,14.48092457,14.48092457,14.33603483,14.41652913,1156672,20664095.0,,
2017-08-09,600648,14.41652913,14.47287514,14.34408426,14.42457856,917322,16418998.0,,
2017-08-10,600648,14.42457856,14.47287514,14.13479908,14.4084797,1785658,31804991.0,,
2017-08-11,600648,14.38433141,14.39238084,14.12674965,14.34408426,1240411,21975300.0,,
2017-08-14,600648,14.34408426,14.4084797,14.28773825,14.37628198,1397407,24904140.0,,
2017-08-15,600648,14.37628198,14.43262799,14.29578768,14.36018312,1354064,24126947.0,,
2017-08-16,600648,14.36018312,14.37628198,14.2474911,14.3279854,1311406,23294313.0,,
2017-08-17,600648,14.30383711,14.48092457,14.27163939,14.47287514,1680736,29999951.0,,
2017-08-18,600648,14.45677628,14.60971545,14.41652913,14.52117172,2093908,37771252.0,,
2017-08-21,600648,14.48092457,14.6499626,14.46482571,14.51312229,1730184,31201558.0,,
2017-08-22,600648,14.57751773,14.68216032,14.488974,14.58556716,1946603,35270080.0,,
2017-08-23,600648,14.63386374,14.63386374,14.44067742,14.49702343,1415789,25537725.0,,
2017-08-24,600648,14.52922115,14.58556716,14.23944167,14.37628198,1393451,24946281.0,,
2017-08-25,600648,14.27968882,14.45677628,14.27968882,14.42457856,1498305,26786375.0,,
2017-08-28,600648,14.38433141,14.5694683,14.38433141,14.50507286,1702911,30702651.0,,
2017-08-29,600648,14.52922115,14.58556716,14.42457856,14.49702343,1246395,22430092.0,,
2017-08-30,600648,14.51312229,14.62581431,14.49702343,14.57751773,2206251,39952217.0,,
2017-08-31,600648,14.57751773,14.58556716,14.40043027,14.488974,1797200,32266918.0,,
2017-09-01,600648,14.488974,14.55336944,14.38433141,14.49702343,1876703,33688706.0,,
2017-09-04,600648,14.49702343,14.52117172,14.33603483,14.44872685,2268646,40609910.0,,
2017-09-05,600648,14.44067742,14.44067742,14.33603483,14.36823255,1806738,32255024.0,,
2017-09-06,600648,14.36018312,14.47287514,14.34408426,14.4084797,1809215,32329770.0,,
2017-09-07,600648,14.41652913,14.42457856,14.34408426,14.38433141,1444364,25817079.0,,
2017-09-08,600648,14.3279854,14.4084797,14.23139224,14.3279854,1503513,26752319.0,,
2017-09-11,600648,14.31993597,14.37628198,14.27968882,14.33603483,1059079,18864561.0,,
2017-09-12,600648,14.30383711,14.39238084,14.27968882,14.29578768,1055409,18763827.0,,
2017-09-13,600648,14.28773825,14.40043027,14.20724395,14.31188654,1475027,26150085.0,,
2017-09-14,600648,14.31188654,14.34408426,14.2474911,14.29578768,1263560,22440763.0,,
2017-09-15,600648,14.34408426,14.44872685,14.2474911,14.38433141,1749947,31243576.0,,
2017-09-18,600648,14.31993597,14.42457856,14.31993597,14.37628198,1282590,22898400.0,,
2017-09-19,600648,14.38433141,14.67411089,14.35213369,14.54532001,4291078,77551297.0,,
2017-09-20,600648,14.50507286,14.50507286,14.37628198,14.47287514,2228996,39948584.0,,
2017-09-21,600648,14.43262799,14.56141887,14.37628198,14.46482571,1849809,33212455.0,,
2017-09-22,600648,14.44872685,14.44872685,14.21529338,14.39238084,2053361,36529103.0,,
2017-09-25,600648,14.38433141,14.38433141,14.12674965,14.2474911,1465790,25909051.0,,
2017-09-26,600648,14.26358996,14.34408426,14.17504623,14.28773825,1194826,21133880.0,,
2017-09-27,600648,14.29578768,14.35213369,14.18309566,14.23139224,1072814,18974886.0,,
2017-09-28,600648,14.2474911,14.27163939,14.05430478,14.23944167,1538871,27052020.0,,
2017-09-29,600648,14.23139224,14.28773825,14.15089794,14.25554053,1463250,25829023.0,,
2017-10-09,600648,14.36823255,14.37628198,14.27968882,14.30383711,1377095,24498316.0,,
2017-10-10,600648,14.34408426,14.35213369,14.26358996,14.34408426,1132343,20138807.0,,
2017-10-11,600648,14.36823255,14.41652913,14.29578768,14.38433141,1432199,25547790.0,,
2017-10-12,600648,14.38433141,14.55336944,14.33603483,14.43262799,2041718,36583532.0,,
2017-10-13,600648,14.46482571,14.47287514,14.30383711,14.39238084,1686477,30056960.0,,
2017-10-16,600648,14.43262799,14.43262799,14.23944167,14.31993597,1456100,25902518.0,,
2017-10-17,600648,14.31188654,14.34408426,14.2474911,14.3279854,925534,16451998.0,,
2017-10-18,600648,14.26358996,14.38433141,14.15894737,14.25554053,1285110,22774248.0,,
2017-10-19,600648,14.25554053,14.30383711,14.11065079,14.23944167,1364069,24094017.0,,
2017-10-20,600648,15.293917,15.66419078,15.293917,15.66419078,12312065,239002045.0,,
2017-10-23,600648,16.79916041,17.12918704,16.02641513,16.29204632,36642056,756421634.0,,
2017-10-24,600648,15.8573771,16.14715658,15.293917,15.49515275,20804933,403087166.0,,
2017-10-25,600648,15.30196643,15.59174591,14.89949493,15.293917,14757231,279674559.0,,
2017-10-26,600648,15.1329284,15.5353999,15.06853296,15.34221358,10579918,202254875.0,,
2017-10-27,600648,15.18122498,15.55954819,15.04438467,15.1329284,8806622,167065617.0,,
2017-10-30,600648,15.1329284,15.1329284,14.51312229,14.65801203,9140956,167130920.0,,
2017-10-31,600648,14.6499626,15.92982197,14.54532001,15.60784477,16970748,322712597.0,,
2017-11-01,600648,15.31001586,15.33416415,14.9719398,15.18122498,9941496,187513538.0,,
2017-11-02,600648,15.1329284,15.35831244,14.85119835,15.14902726,6174870,115894173.0,,
2017-11-03,600648,15.06048353,15.2134227,14.75460519,15.02828581,4351362,80683435.0,,
2017-11-06,600648,14.99608809,14.99608809,14.64191317,14.91559379,2593796,47848721.0,,
2017-11-07,600648,15.18927441,15.26976871,14.81900063,14.95584094,4971630,92918668.0,,
2017-11-08,600648,14.85924778,15.1329284,14.78680291,14.96389037,4589267,85310775.0,,
2017-11-09,600648,14.8914455,14.89949493,14.66606146,14.84314892,4186166,76750652.0,,
2017-11-10,600648,14.84314892,14.85924778,14.62581431,14.69020975,3201657,58430842.0,,
2017-11-13,600648,15.0524341,15.33416415,14.90754436,14.97998923,7504204,141033391.0,,
2017-11-14,600648,14.88339607,15.42270788,14.7304569,15.33416415,10161134,191538342.0,,
2017-11-15,600648,15.23757099,15.23757099,15.03633524,15.19732384,4427159,83236509.0,,
2017-11-16,600648,15.18122498,15.43880674,15.0524341,15.35831244,6038234,114827565.0,,
2017-11-17,600648,15.293917,15.293917,14.8109512,15.03633524,5082178,94749450.0,,
2017-11-20,600648,14.8914455,14.8914455,14.40043027,14.76265462,3373981,61320910.0,,
2017-11-21,600648,14.77070405,14.77875348,14.40043027,14.53727058,3442240,62348242.0,,
2017-11-22,600648,14.53727058,14.7304569,14.40043027,14.70630861,3254216,58800997.0,,
2017-11-23,600648,14.6499626,14.69825918,14.21529338,14.49702343,2987742,53630711.0,,
2017-11-24,600648,14.44067742,14.54532001,14.36018312,14.52117172,1612438,28923928.0,,
2017-11-27,600648,14.50507286,14.52117172,14.36823255,14.45677628,1435956,25735687.0,,
2017-11-28,600648,14.45677628,14.56141887,14.38433141,14.52117172,1205543,21668586.0,,
2017-11-29,600648,14.44067742,14.59361659,14.40043027,14.56141887,1454109,26139226.0,,
2017-11-30,600648,14.56141887,14.64191317,14.43262799,14.46482571,1773699,32021216.0,,
2017-12-01,600648,14.45677628,14.52117172,14.23944167,14.49702343,1659438,29601751.0,,
2017-12-04,600648,14.48092457,14.48092457,14.1669968,14.36018312,1696540,30135107.0,,
2017-12-05,600648,14.37628198,14.37628198,14.19114509,14.28773825,1857047,32887130.0,,
2017-12-06,600648,14.27968882,14.46482571,14.11065079,14.37628198,1491756,26401227.0,,
2017-12-07,600648,14.37628198,14.42457856,14.27968882,14.40043027,1212192,21613172.0,,
2017-12-08,600648,14.41652913,14.48092457,14.3279854,14.45677628,1977672,35372690.0,,
2017-12-11,600648,14.44067742,14.51312229,14.3279854,14.50507286,1177206,21130625.0,,
2017-12-12,600648,14.50507286,14.52117172,14.41652913,14.46482571,1173526,21088172.0,,
2017-12-13,600648,14.488974,14.5694683,14.42457856,14.52117172,1469300,26487286.0,,
2017-12-14,600648,14.52922115,14.5694683,14.31993597,14.44067742,1013698,18142306.0,,
2017-12-15,600648,14.42457856,14.42457856,14.22334281,14.40043027,1617914,28764270.0,,
2017-12-18,600648,14.39238084,14.61776488,14.25554053,14.58556716,1785155,31903634.0,,
2017-12-19,600648,14.57751773,14.57751773,14.42457856,14.488974,1210601,21778754.0,,
2017-12-20,600648,14.488974,14.488974,14.3279854,14.4084797,810734,14485743.0,,
2017-12-21,600648,14.40043027,14.45677628,14.27968882,14.44067742,835726,14927743.0,,
2017-12-22,600648,14.44067742,14.44067742,14.27163939,14.3279854,1077561,19176642.0,,
2017-12-25,600648,14.31993597,14.34408426,14.03015649,14.17504623,1988086,34976640.0,,
2017-12-26,600648,14.25554053,14.43262799,14.1669968,14.27968882,1501676,26651954.0,,
2017-12-27,600648,14.26358996,14.26358996,14.04625535,14.15089794,1635200,28691669.0,,
2017-12-28,600648,14.14284851,14.20724395,14.06235421,14.14284851,1482839,26026491.0,,
2017-12-29,600648,14.14284851,14.9719398,14.14284851,14.8914455,6130720,110818501.0,,
2018-01-02,600648,14.84314892,14.95584094,14.71435804,14.83509949,1995401,36686881.0,,
2018-01-03,600648,14.85924778,14.92364322,14.68216032,14.78680291,1594748,29209554.0,,
2018-01-04,600648,14.79485234,16.05861285,14.72240747,15.80908052,4344710,82167778.0,,
2018-01-05,600648,15.51930104,15.6963885,15.2134227,15.3744113,5199912,99330153.0,,
2018-01-08,600648,15.4549056,15.4549056,15.06048353,15.27781814,2777446,52513673.0,,
2018-01-09,600648,15.28586757,15.28586757,15.03633524,15.15707669,2286802,42936933.0,,
2018-01-10,600648,15.23757099,15.24562042,14.98803866,15.15707669,1815927,34059800.0,,
2018-01-11,600648,15.1329284,15.1329284,14.94779151,15.04438467,1605409,29939269.0,,
2018-01-12,600648,14.95584094,15.44685617,14.95584094,15.10073068,2329417,44037982.0,,
2018-01-15,600648,15.02828581,15.09268125,14.65801203,15.06853296,2169725,40028399.0,,
2018-01-16,600648,15.06048353,15.4549056,15.01218695,15.31806529,3527045,66907189.0,,
2018-01-17,600648,15.31001586,15.31001586,14.9719398,15.16512612,2670547,50102980.0,,
2018-01-18,600648,15.0524341,15.14902726,14.97998923,15.09268125,1659394,31023046.0,,
2018-01-19,600648,15.08463182,15.19732384,15.02023638,15.1329284,2172962,40775391.0,,
2018-01-22,600648,15.09268125,15.28586757,15.06853296,15.22147213,1756247,33139097.0,,
2018-01-23,600648,15.25366985,15.28586757,15.10073068,15.15707669,1895578,35756181.0,,
2018-01-24,600648,15.293917,15.58369648,15.26171928,15.42270788,5165391,99090297.0,,
2018-01-25,600648,15.35831244,15.39855959,15.22952156,15.293917,3166387,60182444.0,,
2018-01-26,600648,15.30196643,15.31001586,15.03633524,15.20537327,2056789,38758405.0,,
2018-01-29,600648,15.19732384,15.19732384,14.85924778,15.03633524,1764649,32977752.0,,
2018-01-30,600648,15.293917,15.35026301,14.87534664,15.10878011,2407150,45178551.0,,
2018-01-31,600648,15.10073068,15.293917,14.69825918,14.88339607,3513200,65118727.0,,
2018-02-01,600648,14.85119835,14.8914455,14.25554053,14.68216032,3004381,54123149.0,,
2018-02-02,600648,14.59361659,14.84314892,14.44067742,14.80290177,1824950,33233210.0,,
2018-02-05,600648,14.69825918,14.87534664,14.65801203,14.77070405,846769,15474044.0,,
2018-02-06,600648,14.63386374,14.68216032,14.1669968,14.36823255,2412218,43231015.0,,
2018-02-07,600648,14.53727058,14.58556716,14.11065079,14.33603483,1431091,25494942.0,,
2018-02-08,600648,14.33603483,14.44067742,14.20724395,14.37628198,1460137,25972428.0,,
2018-02-09,600648,14.19114509,14.26358996,13.59548727,14.03015649,2309552,40123323.0,,
2018-02-12,600648,14.0865025,14.25554053,13.96576105,14.20724395,989792,17395220.0,,
2018-02-13,600648,14.15894737,14.25554053,14.15894737,14.19919452,996400,17583407.0,,
2018-02-14,600648,14.1669968,14.23139224,14.07040364,14.18309566,988000,17356131.0,,
2018-02-22,600648,14.3279854,14.40043027,14.19114509,14.37628198,1143457,20363640.0,,
2018-02-23,600648,14.50507286,14.55336944,14.37628198,14.488974,1241166,22301354.0,,
2018-02-26,600648,14.5694683,14.64191317,14.44872685,14.60971545,1527576,27632974.0,,
2018-02-27,600648,14.60971545,14.6499626,14.50507286,14.55336944,942700,17060806.0,,
2018-02-28,600648,14.54532001,14.54532001,14.35213369,14.43262799,936363,16759365.0,,
2018-03-01,600648,14.4084797,14.48092457,14.33603483,14.45677628,993424,17795808.0,,
2018-03-02,600648,14.4084797,14.59361659,14.35213369,14.53727058,1232869,22117549.0,,
2018-03-05,600648,14.55336944,14.62581431,14.488974,14.5694683,1209169,21862782.0,,
2018-03-06,600648,14.60971545,14.63386374,14.51312229,14.63386374,1511102,27361428.0,,
2018-03-07,600648,14.60971545,14.85119835,14.52922115,14.72240747,2153059,39383096.0,,
2018-03-08,600648,14.67411089,14.79485234,14.5694683,14.78680291,1516701,27689823.0,,
2018-03-09,600648,14.77875348,14.81900063,14.68216032,14.78680291,1989304,36470191.0,,
2018-03-12,600648,14.87534664,14.96389037,14.76265462,14.84314892,1440762,26517681.0,,
2018-03-13,600648,14.84314892,14.93169265,14.71435804,14.84314892,1782225,32748084.0,,
2018-03-14,600648,14.76265462,14.84314892,14.72240747,14.77070405,984350,18069680.0,,
2018-03-15,600648,14.73850633,14.8914455,14.61776488,14.73850633,1100059,20123735.0,,
2018-03-16,600648,14.72240747,14.9719398,14.65801203,14.85924778,2231009,41150333.0,,
2018-03-19,600648,14.85924778,15.16512612,14.79485234,15.07658239,3563821,66563094.0,,
2018-03-20,600648,14.90754436,15.03633524,14.85924778,14.94779151,1565179,29055369.0,,
2018-03-21,600648,14.9719398,15.17317555,14.90754436,14.98803866,2852122,53374856.0,,
2018-03-22,600648,14.98803866,15.01218695,14.72240747,14.93169265,1900131,35107095.0,,
2018-03-23,600648,14.7304569,14.7304569,13.8450196,14.3279854,3331952,59012088.0,,
2018-03-26,600648,14.1669968,14.33603483,13.86916789,14.30383711,1726940,30335653.0,,
2018-03-27,600648,14.36823255,14.69825918,14.3279854,14.56141887,2486701,44729939.0,,
2018-03-28,600648,14.43262799,14.43262799,14.09455193,14.23139224,1881044,33298007.0,,
2018-03-29,600648,14.2474911,14.35213369,14.18309566,14.30383711,1492113,26471808.0,,
2018-03-30,600648,14.29578768,14.52922115,14.23139224,14.46482571,1581799,28130573.0,,
2018-04-02,600648,14.40043027,14.52117172,14.3279854,14.47287514,1271928,22786372.0,,
2018-04-03,600648,14.3279854,14.50507286,14.28773825,14.44067742,1470163,26262891.0,,
2018-04-04,600648,14.42457856,14.53727058,14.31993597,14.48092457,1797926,32269581.0,,
2018-04-09,600648,14.45677628,14.5694683,14.35213369,14.51312229,2183075,39264175.0,,
2018-04-10,600648,14.52922115,14.5694683,14.38433141,14.46482571,1704300,30589271.0,,
2018-04-11,600648,14.60971545,15.35831244,14.60971545,15.07658239,7938518,149213854.0,,
2018-04-12,600648,14.95584094,14.9719398,14.75460519,14.86729721,2613430,48187639.0,,
2018-04-13,600648,14.86729721,14.86729721,14.71435804,14.76265462,1866627,34239751.0,,
2018-04-16,600648,14.69825918,15.51930104,14.33603483,15.39051016,2602929,47186647.0,,
2018-04-17,600648,15.0524341,15.06853296,14.77875348,14.83509949,2049966,37954883.0,,
2018-04-18,600648,14.89949493,14.89949493,14.44067742,14.74655576,3189738,57804973.0,,
2018-04-19,600648,14.72240747,14.76265462,14.59361659,14.72240747,1346000,24574485.0,,
2018-04-20,600648,14.72240747,14.72240747,14.44067742,14.52117172,1159099,20950236.0,,
2018-04-23,600648,14.54532001,14.5694683,14.27968882,14.44067742,1006488,18022185.0,,
2018-04-24,600648,14.44872685,14.6499626,14.40043027,14.59361659,1166502,21092462.0,,
2018-04-25,600648,14.59361659,14.65801203,14.49702343,14.58556716,829814,15011188.0,,
2018-04-26,600648,14.63386374,14.63386374,14.45677628,14.52117172,1069596,19295214.0,,
2018-04-27,600648,14.68216032,15.19732384,14.68216032,14.84314892,2156105,39701979.0,,
2018-05-02,600648,14.87534664,15.06048353,14.83509949,15.02023638,2511812,46654654.0,,
2018-05-03,600648,14.9719398,15.35026301,14.94779151,15.24562042,4797219,90561188.0,,
2018-05-04,600648,15.24562042,15.39051016,15.17317555,15.19732384,2370455,44921479.0,,
2018-05-07,600648,15.26171928,15.30196643,15.14097783,15.26171928,1797082,34040110.0,,
2018-05-08,600648,15.25366985,15.35831244,15.2134227,15.28586757,1647889,31293636.0,,
2018-05-09,600648,15.28586757,15.48710332,15.26976871,15.35831244,3127821,59758486.0,,
2018-05-10,600648,15.35026301,15.41465845,15.25366985,15.34221358,2064396,39301515.0,,
2018-05-11,600648,15.33416415,15.33416415,14.99608809,15.0524341,2018324,37914905.0,,
2018-05-14,600648,15.08463182,15.293917,15.07658239,15.16512612,1833390,34597037.0,,
2018-05-15,600648,15.18927441,15.23757099,15.01218695,15.18927441,1125633,21170305.0,,
2018-05-16,600648,15.18122498,15.36636187,15.10073068,15.31806529,2730600,51826135.0,,
2018-05-17,600648,15.293917,15.31806529,15.06853296,15.18122498,1942638,36582366.0,,
2018-05-18,600648,15.17317555,15.28586757,15.04438467,15.26976871,1577277,29710169.0,,
2018-05-21,600648,15.39855959,15.49515275,15.24562042,15.3744113,2512838,47898643.0,,
2018-05-22,600648,15.30196643,15.3744113,15.15707669,15.35026301,1760110,33395205.0,,
2018-05-23,600648,15.35026301,15.39855959,15.14902726,15.25366985,2484380,47154133.0,,
2018-05-24,600648,15.293917,15.39855959,15.19732384,15.24562042,1913399,36292356.0,,
2018-05-25,600648,15.24562042,15.25366985,14.85119835,14.97998923,2015100,37468265.0,,
2018-05-28,600648,14.91559379,15.17317555,14.85119835,15.08463182,1642360,30701220.0,,
2018-05-29,600648,15.16512612,15.17317555,14.96389037,15.02023638,1070737,19989534.0,,
2018-05-30,600648,15.00413752,15.39855959,14.52117172,15.03633524,2549205,46678664.0,,
2018-05-31,600648,15.18122498,15.18122498,14.89949493,15.10073068,1944248,36257016.0,,
2018-06-01,600648,15.12487897,15.12487897,14.77875348,14.94779151,2152379,39840238.0,,
2018-06-04,600648,14.94779151,15.03633524,14.84314892,15.01218695,1572887,29258793.0,,
2018-06-05,600648,15.03633524,15.293917,14.95584094,15.26976871,2979196,56109345.0,,
2018-06-06,600648,15.26976871,15.41465845,15.2134227,15.32611472,3495526,66553254.0,,
2018-06-07,600648,15.32611472,15.43880674,15.2134227,15.34221358,2889616,55039843.0,,
2018-06-08,600648,15.293917,15.32611472,14.85119835,15.07658239,3153938,58842771.0,,
2018-06-11,600648,15.02023638,15.06853296,14.72240747,14.90754436,1591953,29464254.0,,
2018-06-12,600648,14.90754436,15.02828581,14.74655576,15.01218695,1275577,23606702.0,,
2018-06-13,600648,15.01218695,15.01218695,14.76265462,14.81900063,1330182,24512730.0,,
2018-06-14,600648,14.8109512,14.89949493,14.69020975,14.78680291,1383413,25439909.0,,
2018-06-15,600648,14.7304569,16.0183657,14.37628198,15.26976871,2925508,53842035.0,,
2018-06-19,600648,15.01218695,15.01218695,14.27163939,14.53727058,2767104,50385930.0,,
2018-06-20,600648,14.52922115,14.66606146,14.37628198,14.62581431,1486182,26853785.0,,
2018-06-21,600648,14.60166602,14.67411089,14.29578768,14.43262799,1478540,26548252.0,,
2018-06-22,600648,14.4084797,14.63386374,14.2474911,14.60166602,1033376,18547661.0,,
2018-06-25,600648,14.60971545,14.63386374,14.41652913,14.49702343,1273407,22933623.0,,
2018-06-26,600648,14.41652913,14.56141887,14.26358996,14.51312229,1264087,22617451.0,,
2018-06-27,600648,14.47287514,14.55336944,14.37628198,14.44067742,791800,14186745.0,,
2018-06-28,600648,14.39238084,14.48092457,14.3279854,14.44872685,822249,14730489.0,,
2018-06-29,600648,14.44872685,14.76265462,14.43262799,14.71435804,1137813,20630138.0,,
2018-07-02,600648,14.7304569,14.7304569,14.488974,14.56141887,1300855,23574691.0,,
2018-07-03,600648,14.5694683,14.67411089,14.3279854,14.64191317,1426942,25707239.0,,
2018-07-04,600648,14.5694683,14.7304569,14.488974,14.70630861,1428046,25931221.0,,
2018-07-05,600648,14.60971545,14.75460519,14.52117172,14.60166602,1042304,18915832.0,,
2018-07-06,600648,14.59361659,14.70630861,14.3279854,14.58556716,1200646,21671359.0,,
2018-07-09,600648,14.57751773,14.77875348,14.50507286,14.76265462,1160663,21181834.0,,
2018-07-10,600648,14.76265462,15.06853296,14.7304569,15.03633524,1845863,34336578.0,,
2018-07-11,600648,14.99608809,14.99608809,14.56141887,14.73850633,1477380,26956669.0,,
2018-07-12,600648,14.73850633,15.04438467,14.7304569,15.03633524,1658687,30818028.0,,
2018-07-13,600648,15.06887208,15.19905672,14.95496052,15.19092018,1257109,23311998.0,,
2018-07-16,600648,15.2560125,15.2560125,14.99564322,15.19905672,997125,18524675.0,,
2018-07-17,600648,15.10141824,15.31296828,14.9712336,15.28042212,1435187,26679713.0,,
2018-07-18,600648,15.2153298,15.34551444,15.15837402,15.23160288,1248208,23361536.0,,
2018-07-19,600648,15.20719326,15.23160288,14.99564322,15.07700862,1291764,23983580.0,,
2018-07-20,600648,15.07700862,15.43501638,14.9712336,15.38619714,2423221,45567798.0,,
2018-07-23,600648,15.36992406,15.44315292,15.28042212,15.4187433,1972936,37272897.0,,
2018-07-24,600648,15.41060676,15.60588372,15.40247022,15.5814741,2798492,53449201.0,,
2018-07-25,600648,15.58961064,15.65470296,15.459426,15.56520102,1667597,31878744.0,,
2018-07-26,600648,15.56520102,15.63842988,15.45128946,15.55706448,1972355,37662690.0,,
2018-07-27,600648,15.50824524,15.61402026,15.36992406,15.50824524,2086930,39746511.0,,
2018-07-30,600648,15.45128946,15.71979528,15.39433368,15.5814741,2727623,52375160.0,,
2018-07-31,600648,15.60588372,15.60588372,15.19905672,15.35365098,3112920,58677156.0,,
2018-08-01,600648,15.53265486,15.7442049,15.49197216,15.5407914,4741474,91095267.0,,
2018-08-02,600648,15.53265486,15.53265486,14.8898682,15.06887208,4486562,83254419.0,,
2018-08-03,600648,15.03632592,15.22346634,14.75154702,15.14210094,2918879,53737198.0,,
2018-08-06,600648,15.07700862,15.07700862,14.66204508,14.83291242,2634471,47933828.0,,
2018-08-07,600648,14.85732204,14.95496052,14.58881622,14.90614128,2296043,41699851.0,,
2018-08-08,600648,14.88173166,14.9305509,14.61322584,14.71086432,1841499,33374171.0,,
2018-08-09,600648,14.67831816,14.92241436,14.4016758,14.88173166,2266294,40919580.0,,
2018-08-10,600648,14.83291242,14.9712336,14.74341048,14.9305509,1302094,23789968.0,,
2018-08-13,600648,14.8491855,14.90614128,14.645772,14.87359512,1239179,22463346.0,,
2018-08-14,600648,14.87359512,14.94682398,14.70272778,14.88173166,1036767,18863470.0,,
2018-08-15,600648,14.8085028,14.8898682,14.67831816,14.71086432,906193,16434889.0,,
2018-08-16,600648,14.67831816,14.8085028,14.53186044,14.69459124,1145111,20619350.0,,
2018-08-17,600648,14.75154702,14.75154702,14.62136238,14.70272778,809813,14612249.0,,
2018-08-20,600648,14.70272778,14.7678201,14.45049504,14.69459124,1369131,24545219.0,,
2018-08-21,600648,14.70272778,14.75968356,14.6050893,14.73527394,731743,13216176.0,,
2018-08-22,600648,14.65390854,14.75968356,14.61322584,14.7271374,731418,13194884.0,,
2018-08-23,600648,14.71900086,14.8491855,14.67018162,14.7678201,1065567,19342152.0,,
2018-08-24,600648,14.66204508,14.79222972,14.65390854,14.79222972,762834,13803388.0,,
2018-08-27,600648,14.77595664,14.91427782,14.77595664,14.8898682,1043110,19067549.0,,
2018-08-28,600648,14.88173166,14.99564322,14.8491855,14.99564322,970308,17826753.0,,
2018-08-29,600648,15.08514516,15.08514516,14.8491855,14.96309706,1221379,22393650.0,,
2018-08-30,600648,14.8898682,15.052599,14.80036626,14.88173166,1390970,25448766.0,,
2018-08-31,600648,14.8898682,14.8898682,14.69459124,14.7678201,1032819,18731887.0,,
2018-09-03,600648,14.7678201,14.78409318,14.38540272,14.5237239,1813126,32311738.0,,
2018-09-04,600648,14.46676812,14.49117774,14.12503344,14.30403732,3724180,65226807.0,,
2018-09-05,600648,14.19012576,14.21453538,14.00298534,14.01112188,2024260,35048293.0,,
2018-09-06,600648,14.01112188,14.63763546,13.65311412,14.63763546,2321628,39994852.0,,
2018-09-07,600648,14.1168969,14.19012576,13.97857572,14.12503344,2686998,46564935.0,,
2018-09-10,600648,14.12503344,14.14130652,13.7100699,13.84839108,1531522,26051714.0,,
2018-09-11,600648,13.84839108,13.88093724,13.57174872,13.63684104,1550702,26066967.0,,
2018-09-12,600648,13.63684104,13.6693872,13.52292948,13.57988526,904800,15112014.0,,
2018-09-13,600648,13.6287045,13.7100699,13.53106602,13.65311412,1348125,22532288.0,,
2018-09-14,600648,13.6693872,13.6693872,13.36833522,13.40901792,1759432,29164964.0,,
2018-09-17,600648,13.40901792,13.40901792,12.83132358,13.01032746,1899519,30307701.0,,
2018-09-18,600648,12.9370986,13.14864864,12.80691396,13.08355632,1064599,16962968.0,,
2018-09-19,600648,13.00219092,13.23815058,12.92082552,13.12423902,1433140,23052366.0,,
2018-09-20,600648,13.0998294,13.11610248,13.01032746,13.05101016,928329,14900828.0,,
2018-09-21,600648,13.11610248,13.20560442,13.0591467,13.16492172,1501770,24236328.0,,
2018-09-25,600648,13.06728324,13.10796594,12.8964159,12.96964476,1479682,23636210.0,,
2018-09-26,600648,12.98591784,13.08355632,12.9370986,13.04287362,1817287,29080999.0,,
2018-09-27,600648,13.05101016,13.08355632,12.8964159,12.98591784,1576505,25120696.0,,
2018-09-28,600648,12.9777813,13.12423902,12.91268898,13.08355632,1451228,23235001.0,,
2018-10-08,600648,12.9777813,12.9777813,12.78250434,12.79064088,1485015,23482555.0,,
2018-10-09,600648,12.83946012,12.92082552,12.74995818,12.8557332,685098,10804819.0,,
2018-10-10,600648,12.86386974,12.95337168,12.75809472,12.8964159,1121001,17735703.0,,
2018-10-11,600648,12.6930024,12.6930024,11.61084258,11.61084258,3331891,48972760.0,,
2018-10-12,600648,11.5132041,11.60270604,10.48800006,11.60270604,5851872,79447788.0,,
2018-10-15,600648,11.23656174,11.23656174,10.8622809,11.0250117,3374800,45760573.0,,
2018-10-16,600648,11.0250117,11.0250117,9.99167112,10.170675,4194944,53702059.0,,
2018-10-17,600648,10.2927231,10.31713272,9.83707686,10.18694808,4122062,51178362.0,,
2018-10-18,600648,10.22763078,10.22763078,9.82894032,10.03235382,3950860,48606020.0,,
2018-10-19,600648,9.91030572,10.1299923,9.8452134,10.1299923,4301017,52791946.0,,
2018-10-22,600648,10.170675,10.77277896,10.0893096,10.64259432,4373439,56113342.0,,
2018-10-23,600648,10.64259432,10.7402328,10.38222504,10.52054622,3207061,41555101.0,,
2018-10-24,600648,10.4554539,10.60191162,10.31713272,10.55309238,2631410,33799574.0,,
2018-10-25,600648,10.32526926,10.78905204,10.07303652,10.67514048,3677426,46995083.0,,
2018-10-26,600648,10.76464242,10.95991938,10.56122892,10.75650588,3837521,50674265.0,,
2018-10-29,600648,10.68327702,10.68327702,10.35781542,10.55309238,3195933,41138967.0,,
2018-10-30,600648,10.4961366,10.7809155,10.30085964,10.63445778,4103595,53168827.0,,
2018-10-31,600648,10.67514048,10.7402328,10.4961366,10.6995501,3259954,42684652.0,,
2018-11-01,600648,10.6995501,10.87041744,10.6995501,10.81346166,4383188,58174766.0,,
2018-11-02,600648,11.3097906,11.3097906,10.84600782,11.1063771,6712446,90824551.0,,
2018-11-05,600648,11.1063771,12.00953304,11.0656944,11.41556562,11951649,168867259.0,,
2018-11-06,600648,11.49693102,12.2861754,11.40742908,12.1641273,14795332,216214125.0,,
2018-11-07,600648,11.9200311,11.9200311,11.53761372,11.62711566,9697583,139179524.0,,
2018-11-08,600648,11.6759349,11.69220798,11.27724444,11.4318387,5858129,82643339.0,,
2018-11-09,600648,11.391156,11.4725214,11.16333288,11.26097136,3993152,55472757.0,,
2018-11-12,600648,11.26097136,11.5538868,11.26097136,11.38301946,3683569,51442472.0,,
2018-11-13,600648,11.23656174,11.50506756,11.19587904,11.4725214,5832416,81480317.0,,
2018-11-14,600648,11.4318387,11.8793484,11.30165406,11.65966182,8416769,120115398.0,,
2018-11-15,600648,11.56202334,12.2454927,11.56202334,12.0013965,11024647,161765499.0,,
2018-11-16,600648,12.0420792,13.01032746,11.92816764,12.91268898,20816031,322218724.0,,
2018-11-19,600648,13.41715446,14.05994112,13.0998294,13.24628712,19110694,316262678.0,,
2018-11-20,600648,13.018464,13.03473708,12.611637,12.75809472,11329786,177725105.0,,
2018-11-21,600648,12.8964159,13.11610248,12.60350046,12.9777813,9304821,147260763.0,,
2018-11-22,600648,12.99405438,12.99405438,12.5302716,12.8557332,7882823,123295930.0,,
2018-11-23,600648,12.99405438,12.99405438,12.10717152,12.46517928,8066092,123335847.0,,
2018-11-26,600648,12.43263312,12.48145236,12.06648882,12.20481,3584806,53859790.0,,
2018-11-27,600648,12.23735616,12.26990232,11.94444072,12.11530806,3172584,47076736.0,,
2018-11-28,600648,12.0827619,12.09089844,11.73289068,12.0013965,4148433,60702325.0,,
2018-11-29,600648,12.0013965,12.09089844,11.4318387,11.57829642,4921500,71325069.0,,
2018-11-30,600648,11.54575026,11.66779836,11.391156,11.62711566,3863432,54771142.0,,
2018-12-03,600648,11.797983,12.20481,11.797983,11.90375802,3927701,57550909.0,,
2018-12-04,600648,11.88748494,12.01766958,11.76543684,11.96885034,3027928,44376663.0,,
2018-12-05,600648,11.68407144,11.68407144,11.48065794,11.61084258,3696691,52580308.0,,
2018-12-06,600648,11.58643296,11.58643296,11.07383094,11.1877425,4374826,60660687.0,,
2018-12-07,600648,11.22028866,11.2691079,11.09824056,11.24469828,2239005,30795432.0,,
2018-12-10,600648,11.1470598,11.16333288,10.97619246,11.08196748,1561370,21235155.0,,
2018-12-11,600648,11.09010402,11.16333288,11.03314824,11.12265018,1507861,20567144.0,,
2018-12-12,600648,11.15519634,11.2691079,11.09010402,11.26097136,1724677,23767772.0,,
2018-12-13,600648,11.26097136,11.38301946,11.17146942,11.33420022,1917496,26648006.0,,
2018-12-14,600648,11.34233676,11.34233676,11.08196748,11.1877425,2334733,32178120.0,,
2018-12-17,600648,11.17146942,11.29351752,11.13892326,11.28538098,1471330,20309038.0,,
2018-12-18,600648,11.27724444,11.27724444,10.99246554,11.17960596,1955794,26740953.0,,
2018-12-19,600648,11.17146942,11.17146942,11.00060208,11.0656944,1319497,17907371.0,,
2018-12-20,600648,11.04128478,11.57015988,10.95991938,11.3097906,3584961,49856397.0,,
2018-12-21,600648,11.1063771,11.2691079,10.91110014,11.1063771,2511151,34099148.0,,
2018-12-24,600648,11.12265018,11.1470598,11.0250117,11.13078672,1123957,15315684.0,,
2018-12-25,600648,11.07383094,11.3097906,10.59377508,11.25283482,2960907,39642780.0,,
2018-12-26,600648,11.13078672,11.40742908,11.00060208,11.33420022,2842141,39125981.0,,
2018-12-27,600648,11.45624832,11.45624832,11.00873862,11.1470598,2935751,40475107.0,,
2018-12-28,600648,11.12265018,11.2284252,11.04942132,11.17960596,1936478,26501690.0,,
2019-01-02,600648,11.16333288,11.38301946,11.1063771,11.36674638,3063702,42339150.0,,
2019-01-03,600648,11.2284252,11.3504733,11.0656944,11.25283482,2901665,40020740.0,,
2019-01-04,600648,11.1470598,11.50506756,11.04942132,11.44811178,3631692,50469056.0,,
2019-01-07,600648,11.49693102,11.6352522,11.40742908,11.62711566,3404123,48274965.0,,
2019-01-08,600648,11.56202334,11.60270604,11.4725214,11.57829642,2082442,29482918.0,,
2019-01-09,600648,11.58643296,11.68407144,11.48879448,11.61084258,3060165,43677831.0,,
2019-01-10,600648,11.61897912,11.62711566,11.40742908,11.48879448,1795828,25396891.0,,
2019-01-11,600648,11.44811178,11.57015988,11.391156,11.48065794,1606802,22636610.0,,
2019-01-14,600648,11.49693102,11.52947718,11.3097906,11.391156,1640860,23015335.0,,
2019-01-15,600648,11.39929254,11.53761372,11.28538098,11.52134064,2229366,31361234.0,,
2019-01-16,600648,11.5132041,11.53761372,11.40742908,11.50506756,1259770,17802485.0,,
2019-01-17,600648,11.50506756,11.57829642,11.36674638,11.48879448,2219150,31274981.0,,
2019-01-18,600648,11.391156,11.54575026,11.32606368,11.4725214,2747296,38618127.0,,
2019-01-21,600648,11.4725214,11.5132041,11.4318387,11.4725214,1740508,24531309.0,,
2019-01-22,600648,11.4725214,11.4725214,11.17146942,11.32606368,2339752,32543410.0,,
2019-01-23,600648,11.26097136,11.29351752,11.20401558,11.2691079,1429079,19741039.0,,
2019-01-24,600648,11.33420022,11.33420022,11.17146942,11.25283482,1587802,21933093.0,,
2019-01-25,600648,11.24469828,11.2691079,11.13078672,11.2284252,1887321,25971726.0,,
2019-01-28,600648,11.25283482,11.29351752,11.09010402,11.15519634,1694814,23292510.0,,
2019-01-29,600648,11.13892326,11.15519634,10.4147712,10.96805592,2770667,36884147.0,,
2019-01-30,600648,10.92737322,10.92737322,10.67514048,10.83787128,1561771,20748690.0,,
2019-01-31,600648,10.85414436,10.93550976,10.74836934,10.74836934,1926800,25586750.0,,
2019-02-01,600648,10.76464242,11.2691079,10.76464242,11.1877425,2440521,32921395.0,,
2019-02-11,600648,11.1877425,11.26097136,11.08196748,11.25283482,1721491,23666408.0,,
2019-02-12,600648,11.2691079,11.34233676,11.17146942,11.33420022,2059408,28539596.0,,
2019-02-13,600648,11.36674638,11.5132041,11.30165406,11.5132041,3441805,48316044.0,,
2019-02-14,600648,11.53761372,11.73289068,11.48065794,11.62711566,3760690,53738521.0,,
2019-02-15,600648,11.58643296,11.58643296,11.48065794,11.50506756,2273799,32197309.0,,
2019-02-18,600648,11.57829642,11.74916376,11.52134064,11.7166176,4324101,61847042.0,,
2019-02-19,600648,11.74102722,12.1641273,11.70034452,11.98512342,6249001,91509264.0,,
2019-02-20,600648,11.97698688,11.97698688,11.64338874,11.76543684,3438850,49634544.0,,
2019-02-21,600648,11.78170992,11.94444072,11.66779836,11.80611954,4301572,62427842.0,,
2019-02-22,600648,11.80611954,12.10717152,11.68407144,12.0827619,4732609,69189904.0,,
2019-02-25,600648,12.20481,12.96964476,12.13971768,12.92082552,8994036,137928127.0,,
2019-02-26,600648,12.92082552,12.92082552,12.51399852,12.61977354,7892057,122575596.0,,
2019-02-27,600648,12.57909084,12.71741202,12.43263312,12.6523197,4963204,76888864.0,,
2019-02-28,600648,12.67672932,12.67672932,12.46517928,12.53840814,2833083,43727239.0,,
2019-03-01,600648,12.51399852,12.6523197,12.38381388,12.5709543,3614709,55511757.0,,
2019-03-04,600648,12.62791008,12.90455244,12.5709543,12.67672932,7002889,109783647.0,,
2019-03-05,600648,12.6523197,13.7100699,12.51399852,13.36833522,14387073,233058792.0,,
2019-03-06,600648,13.41715446,13.47411024,12.96150822,13.47411024,11940382,193768064.0,,
2019-03-07,600648,13.3032429,13.44156408,13.14864864,13.3846083,8043480,131431710.0,,
2019-03-08,600648,13.1811948,13.25442366,12.7743678,12.92082552,7276470,116819642.0,,
2019-03-11,600648,13.00219092,13.39274484,12.9370986,13.37647176,6993165,113567879.0,,
2019-03-12,600648,13.45783716,13.70193336,13.3032429,13.57988526,9904669,164347787.0,,
2019-03-13,600648,13.57988526,14.49931428,13.36019868,14.19012576,19465877,337877216.0,,
2019-03-14,600648,14.24708154,14.24708154,13.45783716,13.79957184,11554523,195161039.0,,
2019-03-15,600648,13.88093724,14.55627006,13.7914353,14.32844694,15791095,275769508.0,,
2019-03-18,600648,14.4016758,14.4016758,13.5880218,14.1982623,9749916,166401639.0,,
2019-03-19,600648,14.0762142,14.12503344,13.84025454,13.97857572,5219051,89399553.0,,
2019-03-20,600648,13.97857572,14.00298534,13.57174872,13.76702568,4698963,79527217.0,,
2019-03-21,600648,13.79957184,13.97043918,13.55547564,13.832118,5172004,87925279.0,,
2019-03-22,600648,15.11769132,15.2153298,15.052599,15.2153298,27686710,517548996.0,,
2019-03-25,600648,15.23973942,16.26494346,15.11769132,15.5407914,36320849,699333053.0,,
2019-03-26,600648,15.1339644,15.1339644,14.0762142,14.6050893,21429091,381239927.0,,
2019-03-27,600648,14.4830412,14.4830412,14.09248728,14.35285656,9141154,159837239.0,,
2019-03-28,600648,14.31217386,14.35285656,13.9948488,14.1168969,6676886,115904988.0,,
2019-03-29,600648,14.13316998,14.49931428,13.96230264,14.49117774,8180383,143338988.0,,
2019-04-01,600648,15.93948186,15.93948186,15.93948186,15.93948186,3014235,59048864.0,,
2019-04-02,600648,17.5342437,17.5342437,17.5342437,17.5342437,6022838,129792159.0,价格异常,10.005104645227147
2019-04-03,600648,18.52690158,19.29173634,17.90852454,19.29173634,90575268,2111728208.0,价格异常,10.02320185614849
2019-04-04,600648,21.22009632,21.22009632,21.22009632,21.22009632,28720700,749035856.0,,
2019-04-08,600648,21.155004,22.2127542,19.73924604,21.22009632,97717545,2491848781.0,,
2019-04-09,600648,20.34948654,20.5854462,19.09645938,19.58465178,65511474,1576821749.0,,
2019-04-10,600648,19.14527862,20.74004046,18.61640352,19.76365566,52444942,1253855441.0,,
2019-04-11,600648,19.2429171,20.22743844,19.04764014,19.84502106,41838572,1011219471.0,,
2019-04-12,600648,20.2599846,20.43898848,19.30800942,19.51955946,33443548,816738749.0,,
2019-04-15,600648,19.15341516,20.44712502,19.120869,19.47887676,33582012,811735922.0,,
2019-04-16,600648,19.2022344,19.934523,18.5513112,19.7717922,30722313,719892371.0,,
2019-04-17,600648,19.7717922,19.7717922,19.10459592,19.27546326,21039102,501242382.0,,
2019-04-18,600648,18.9581382,19.06391322,18.64081314,18.85236318,20895991,482793084.0,,
2019-04-19,600648,18.86863626,19.09645938,18.65708622,19.02323052,14706446,341035319.0,,
2019-04-22,600648,19.02323052,19.03136706,18.58385736,18.64081314,13022213,299716236.0,,
2019-04-23,600648,18.64081314,19.18596132,18.33162462,18.80354394,20080551,465133219.0,,
2019-04-24,600648,18.60013044,18.73845162,18.0631188,18.32348808,15038847,338656436.0,,
2019-04-25,600648,18.32348808,18.53503812,17.4528783,17.6156091,13172805,289871230.0,,
2019-04-26,600648,17.48542446,17.71324758,17.11928016,17.36337636,8425642,180102951.0,,
2019-04-29,600648,17.900388,18.50249196,17.55051678,17.7376572,20925510,466133655.0,,
2019-04-30,600648,17.6562918,18.50249196,17.5749264,18.35603424,15339943,342767166.0,,
2019-05-06,600648,17.36337636,17.36337636,16.5171762,16.679907,17720675,366188006.0,,
2019-05-07,600648,16.81009164,16.90773012,16.01271072,16.85891088,11384790,230924202.0,,
2019-05-08,600648,16.40326464,16.89959358,16.0289838,16.52531274,8903586,180366903.0,,
2019-05-09,600648,16.37071848,16.48463004,16.13475882,16.3137627,6951868,139409183.0,,
2019-05-10,600648,16.53344928,16.89145704,15.89066262,16.89145704,14632274,298876465.0,,
2019-05-13,600648,16.56599544,17.4528783,16.3137627,17.21691864,14447454,301636243.0,,
2019-05-14,600648,16.76940894,17.20064556,16.58226852,16.81009164,10845811,224712402.0,,
2019-05-15,600648,16.8833205,17.17623594,16.81009164,17.03791476,9037721,188842531.0,,
2019-05-16,600648,17.07859746,17.07859746,16.8019551,17.05418784,7497161,156083810.0,,
2019-05-17,600648,17.086734,17.10300708,16.41140118,16.50090312,9388815,192007270.0,,
2019-05-20,600648,17.0053686,17.0053686,16.1917146,16.78568202,5860081,120289414.0,,
2019-05-21,600648,16.75313586,17.20064556,16.53344928,17.06232438,8890953,186109876.0,,
2019-05-22,600648,17.09487054,17.1274167,16.5985416,16.90773012,6907170,142801579.0,,
2019-05-23,600648,16.8833205,17.22505518,16.49276658,16.95654936,7994497,166490337.0,,
2019-05-24,600648,16.8426378,17.07046092,16.52531274,16.69618008,4816491,99157673.0,,
2019-05-27,600648,16.7205897,17.0460513,16.5578589,16.97282244,5216251,107930421.0,,
2019-05-28,600648,17.0053686,17.80274952,16.98909552,17.46101484,15826861,341185368.0,,
2019-05-29,600648,17.5749264,17.72952066,17.28201096,17.62374564,9795682,210718144.0,,
2019-05-30,600648,17.5342437,17.5749264,17.18437248,17.5342437,7669500,163960383.0,,
2019-05-31,600648,17.50983408,17.59933602,17.27387442,17.47728792,5694714,122074643.0,,
2019-06-03,600648,17.67256488,17.70511104,17.0053686,17.15996286,7072805,150728924.0,,
2019-06-04,600648,17.13555324,17.13555324,16.09407612,16.67177046,11261540,228410804.0,,
2019-06-05,600648,16.7612724,16.9646859,16.10221266,16.37071848,9038133,181271899.0,,
2019-06-06,600648,16.3544454,16.5171762,15.39433368,16.5171762,7797881,150946630.0,,
2019-06-10,600648,15.866253,16.1103492,15.68724912,16.01271072,5539641,108262491.0,,
2019-06-11,600648,16.00457418,16.50903966,15.7035222,16.46835696,11956461,236496845.0,,
2019-06-12,600648,16.33817232,16.33817232,15.9069357,16.12662228,9346531,185064914.0,,
2019-06-13,600648,16.19985114,16.60667814,15.9476184,16.27308,9251470,185748580.0,,
2019-06-14,600648,16.1917146,16.1917146,15.7848876,15.866253,6939352,136183988.0,,
2019-06-17,600648,15.84997992,15.93948186,15.7035222,15.79302414,2777722,53946076.0,,
2019-06-18,600648,15.80929722,15.84997992,15.65470296,15.68724912,2626437,50793082.0,,
2019-06-19,600648,16.1103492,16.28121654,15.92320878,15.93134532,6526799,128987544.0,,
2019-06-20,600648,15.9476184,16.53344928,15.84184338,16.33817232,8575015,171082213.0,,
2019-06-21,600648,16.33817232,16.58226852,16.27308,16.45208388,8302596,167425199.0,,
2019-06-24,600648,16.4764935,16.5171762,16.1510319,16.28935308,6632865,133004510.0,,
2019-06-25,600648,16.28935308,17.31455712,15.83370684,17.03791476,14125769,290445030.0,,
2019-06-26,600648,16.679907,16.94027628,16.5171762,16.7205897,9413142,193269657.0,,
2019-06-27,600648,16.74499932,16.86704742,16.64736084,16.81009164,7223328,148933145.0,,
2019-06-28,600648,16.8019551,17.32269366,16.37885502,17.07046092,12783104,266448236.0,,
2019-07-01,600648,17.47728792,17.50983408,17.09487054,17.31455712,12892830,273692117.0,,
2019-07-02,600648,17.2494648,17.3715129,17.02977822,17.19250902,7591345,159715581.0,,
2019-07-03,600648,17.23319172,17.24132826,16.78568202,16.85891088,6529782,135988717.0,,
2019-07-04,600648,16.9240032,16.99723206,16.6392243,16.7612724,4423597,91421203.0,,
2019-07-05,600648,16.76940894,16.85891088,16.56599544,16.76940894,3639970,74783969.0,,
2019-07-08,600648,16.77754548,16.77754548,16.0289838,16.06152996,4955634,98866342.0,,
2019-07-09,600648,16.07780304,16.09407612,15.67911258,15.91507224,4337244,84452115.0,,
2019-07-10,600648,15.91507224,16.05339342,15.64656642,15.7848876,2829306,54950540.0,,
2019-07-11,600648,15.7848876,15.9883011,15.7035222,15.866253,2826686,55050720.0,,
2019-07-12,600648,15.89066262,15.97202802,15.69538566,15.97202802,2830967,55226925.0,,
2019-07-15,600648,15.9883011,16.25680692,15.7035222,16.25680692,4787023,94420897.0,,
2019-07-16,600648,16.24867038,16.30562616,16.11848574,16.27308,2445032,48703438.0,,
2019-07-17,600648,16.3137627,16.5985416,16.21612422,16.5171762,4954080,99757985.0,,
2019-07-18,600648,16.50090312,16.50090312,16.24053384,16.41140118,3487729,70115508.0,,
2019-07-19,600648,16.43608746,16.6170654,16.3702773,16.60061286,5357148,107635949.0,,
2019-07-22,600648,16.79804334,16.81449588,16.04945277,16.29624087,4641875,91797178.0,,
2019-07-23,600648,16.32914595,16.32914595,16.06590531,16.27156206,3520690,69208254.0,,
2019-07-24,600648,16.41140865,16.51835016,16.29624087,16.38672984,3503038,69819751.0,,
2019-07-25,600648,16.38672984,16.9461162,16.26333579,16.89675858,9593047,194819314.0,,
2019-07-26,600648,16.8638535,17.34097716,16.78981707,17.25048819,11881693,247470992.0,,
2019-07-29,600648,17.25871446,17.25871446,16.8638535,17.01192636,4612948,95329667.0,,
2019-07-30,600648,17.0283789,17.15177295,16.82272215,17.09418906,4692144,96947956.0,,
2019-07-31,600648,16.93788993,16.93788993,16.6170654,16.70755437,4435025,90156990.0,,
2019-08-01,600648,16.65819675,16.65819675,16.46899254,16.51012389,3720840,74773245.0,,
2019-08-02,600648,16.13171547,16.14816801,15.81089094,16.11526293,7166212,139195191.0,,
2019-08-05,600648,15.95073753,16.26333579,15.77798586,16.02477396,4307151,83601945.0,,
2019-08-06,600648,15.8767011,15.99186888,14.8895487,15.86024856,10242457,190877820.0,,
2019-08-07,600648,15.7944384,15.8767011,14.9718114,15.08697918,10168493,189546736.0,,
2019-08-08,600648,15.01294275,15.25973085,14.53581909,14.79905973,9086099,162377656.0,,
2019-08-09,600648,14.807286,14.8895487,14.54404536,14.75792838,4788116,85601369.0,,
2019-08-12,600648,14.807286,14.81551227,14.5604979,14.78260719,3684030,65850658.0,,
2019-08-13,600648,14.76615465,14.79083346,14.45355639,14.69211822,3525046,62491178.0,,
2019-08-14,600648,14.807286,14.83196481,14.66743941,14.77438092,3762150,67434305.0,,
2019-08-15,600648,14.50291401,14.69211822,14.33016234,14.68389195,4385137,77252727.0,,
2019-08-16,600648,14.61808179,14.69211822,14.48646147,14.62630806,3464778,61510182.0,,
2019-08-19,600648,14.70857076,15.19392069,14.67566568,15.16924188,5990775,108524260.0,,
2019-08-20,600648,15.25150458,15.45716133,15.06230037,15.26795712,6006841,111564638.0,,
2019-08-21,600648,15.29263593,15.77798586,15.16101561,15.49829268,8923582,168568692.0,,
2019-08-22,600648,15.48184014,15.48184014,15.16101561,15.32554101,4433508,82132816.0,,
2019-08-23,600648,15.25973085,15.3008622,15.06230037,15.11165799,3228051,59535419.0,,
2019-08-26,600648,14.74147584,14.84019108,14.54404536,14.77438092,4154453,74129497.0,,
2019-08-27,600648,14.82373854,15.03762156,14.75792838,14.92245378,3467587,62914287.0,,
2019-08-28,600648,14.94713259,15.00471648,14.81551227,14.92245378,2537732,45996240.0,,
2019-08-29,600648,14.96358513,14.96358513,14.60162925,14.78260719,4771691,85438450.0,,
2019-08-30,600648,14.79905973,14.96358513,14.48646147,14.58517671,4179507,74542988.0,,
2019-09-02,600648,14.57695044,14.79083346,14.51114028,14.74147584,3558581,63600722.0,,
2019-09-03,600648,14.66743941,14.74147584,14.60162925,14.65098687,3704316,66011771.0,,
2019-09-04,600648,14.54404536,14.78260719,14.54404536,14.78260719,3918412,69991954.0,,
2019-09-05,600648,14.93890632,15.19392069,14.8895487,15.08697918,7572853,138737382.0,,
2019-09-06,600648,15.12811053,15.12811053,14.94713259,15.01294275,4217935,76955362.0,,
2019-09-09,600648,15.1363368,15.18569442,14.98003767,15.16924188,5146785,94469367.0,,
2019-09-10,600648,15.26795712,15.26795712,14.98826394,15.10343172,3533294,64749661.0,,
2019-09-11,600648,15.40780371,15.66281808,15.29263593,15.34199355,8639577,162407266.0,,
2019-09-12,600648,15.26795712,15.3831249,15.14456307,15.30908847,4951025,91852151.0,,
2019-09-16,600648,15.35844609,15.47361387,15.15278934,15.36667236,4955351,92353282.0,,
2019-09-17,600648,15.32554101,15.32554101,14.99649021,15.02116902,4253464,78088667.0,,
2019-09-18,600648,15.03762156,15.24327831,15.02939529,15.16101561,4291452,79010289.0,,
2019-09-19,600648,15.25973085,15.25973085,14.98003767,15.20214696,4830999,88837665.0,,
2019-09-20,600648,15.18569442,15.25973085,15.0540741,15.1363368,3610328,66375101.0,,
2019-09-23,600648,15.07052664,15.07052664,14.75792838,14.83196481,3100604,55943967.0,,
2019-09-24,600648,14.83196481,15.00471648,14.74970211,14.8895487,2496559,45120374.0,,
2019-09-25,600648,14.89777497,15.1363368,14.54404536,14.807286,3655520,65799373.0,,
2019-09-26,600648,14.85664362,14.9718114,14.65921314,14.74147584,4493550,80726045.0,,
2019-09-27,600648,14.76615465,14.82373854,14.57695044,14.70034449,2545585,45522036.0,,
2019-09-30,600648,14.7250233,14.78260719,14.5604979,14.65921314,2127000,37955295.0,,
2019-10-08,600648,14.76615465,14.93068005,14.65098687,14.91422751,3265200,58651809.0,,
2019-10-09,600648,14.82373854,14.93890632,14.77438092,14.93890632,2590609,46842001.0,,
2019-10-10,600648,14.94713259,15.01294275,14.84841735,14.98826394,2470942,44832120.0,,
2019-10-11,600648,15.02939529,15.03762156,14.89777497,15.02939529,2661241,48476158.0,,
2019-10-14,600648,15.11165799,15.22682577,15.06230037,15.20214696,4808437,88539205.0,,
2019-10-15,600648,15.14456307,15.15278934,14.98003767,15.07875291,2647198,48456322.0,,
2019-10-16,600648,15.09520545,15.17746815,14.98003767,15.15278934,3809756,69918129.0,,
2019-10-17,600648,15.17746815,15.17746815,14.99649021,15.08697918,2166857,39673061.0,,
2019-10-18,600648,15.09520545,15.10343172,14.76615465,14.89777497,3842670,69745257.0,,
2019-10-21,600648,14.89777497,15.03762156,14.68389195,14.92245378,1876779,33890590.0,,
2019-10-22,600648,14.92245378,15.00471648,14.83196481,14.99649021,2111462,38311171.0,,
2019-10-23,600648,15.08697918,15.08697918,14.85664362,14.90600124,1675486,30422940.0,,
2019-10-24,600648,14.93068005,14.98003767,14.83196481,14.92245378,1409723,25530091.0,,
2019-10-25,600648,14.95535886,14.9718114,14.74147584,14.9718114,2096910,37976653.0,,
2019-10-28,600648,14.9718114,15.15278934,14.95535886,15.15278934,3541581,64921381.0,,
2019-10-29,600648,15.17746815,15.24327831,15.0540741,15.16924188,3033936,55857482.0,,
2019-10-30,600648,15.16101561,15.16101561,14.95535886,15.10343172,2772889,50742849.0,,
2019-10-31,600648,15.11165799,15.11988426,14.9718114,15.03762156,2432186,44455891.0,,
2019-11-01,600648,15.1363368,15.21037323,14.98826394,15.21037323,3854247,70812207.0,,
2019-11-04,600648,15.28440966,15.36667236,15.10343172,15.17746815,3974012,73405906.0,,
2019-11-05,600648,15.23505204,15.23505204,14.91422751,15.00471648,2893164,52818373.0,,
2019-11-06,600648,14.9718114,15.04584783,14.807286,14.93890632,3274437,59376155.0,,
2019-11-07,600648,14.95535886,14.95535886,14.84019108,14.90600124,1601823,29013587.0,,
2019-11-08,600648,14.95535886,15.16101561,14.91422751,15.04584783,3389478,62069736.0,,
2019-11-11,600648,15.03762156,15.21037323,14.41242504,14.95535886,5888230,105103757.0,,
2019-11-12,600648,14.81551227,14.81551227,14.57695044,14.67566568,2138900,38137809.0,,
2019-11-13,600648,14.62630806,14.65921314,14.54404536,14.58517671,1091211,19345637.0,,
2019-11-14,600648,14.61808179,14.6427606,14.52759282,14.58517671,1672015,29634744.0,,
2019-11-15,600648,14.60985552,14.60985552,14.2314471,14.43710385,2882077,50542473.0,,
2019-11-18,600648,14.41242504,14.6427606,14.28903099,14.54404536,1748254,30793189.0,,
2019-11-19,600648,14.51936655,14.60985552,14.42887758,14.60985552,1448130,25607923.0,,
2019-11-20,600648,14.60162925,14.60162925,14.50291401,14.50291401,1028300,18187433.0,,
2019-11-21,600648,14.44533012,14.47000893,14.20676829,14.33838861,2749408,47817955.0,,
2019-11-22,600648,14.36306742,14.57695044,14.2314471,14.33016234,3458134,60475739.0,,
2019-11-25,600648,14.36306742,14.36306742,14.21499456,14.36306742,1753294,30484955.0,,
2019-11-26,600648,14.38774623,14.42887758,13.984659,13.984659,4213137,72564441.0,,
2019-11-27,600648,14.19031575,14.19031575,13.7378709,13.7378709,4077985,68943821.0,,
2019-11-28,600648,13.75432344,13.77077598,13.28542605,13.51576161,4657248,76256053.0,,
2019-11-29,600648,13.4910828,13.69673955,13.38414129,13.61447685,2688220,44239731.0,,
2019-12-02,600648,13.58157177,13.81190733,13.58157177,13.68028701,1495539,24871388.0,,
2019-12-03,600648,13.6556082,13.77900225,13.58157177,13.77900225,1512205,25175437.0,,
2019-12-04,600648,13.71319209,13.80368106,13.6556082,13.80368106,1419328,23721156.0,,
2019-12-05,600648,13.8201336,13.86949122,13.71319209,13.86949122,1826400,30659740.0,,
2019-12-06,600648,13.86126495,13.95998019,13.77900225,13.93530138,1549750,26097570.0,,
2019-12-09,600648,13.88594376,13.984659,13.85303868,13.91884884,1419066,23974804.0,,
2019-12-10,600648,13.93530138,13.94352765,13.81190733,13.94352765,1391920,23478882.0,,
2019-12-11,600648,14.05869543,14.05869543,13.83658614,13.95998019,1680446,28434030.0,,
2019-12-12,600648,13.9023963,13.94352765,13.85303868,13.89417003,1531407,25867298.0,,
2019-12-13,600648,14.00933781,14.09160051,13.93530138,14.08337424,3296986,56078500.0,,
2019-12-16,600648,14.05046916,14.11627932,13.91884884,14.08337424,3127573,53289897.0,,
2019-12-17,600648,14.08337424,14.37951996,14.02579035,14.35484115,4564166,78965960.0,,
2019-12-18,600648,14.27257845,14.33016234,14.20676829,14.27257845,2278707,39487136.0,,
2019-12-19,600648,14.41242504,14.78260719,14.3959725,14.50291401,4480073,79197580.0,,
2019-12-20,600648,14.51114028,14.61808179,14.36306742,14.50291401,4158388,73124602.0,,
2019-12-23,600648,14.44533012,14.6427606,14.27257845,14.37951996,5247676,92065065.0,,
2019-12-24,600648,14.38774623,14.3959725,14.19854202,14.29725726,2968433,51444648.0,,
2019-12-25,600648,14.22322083,14.27257845,14.18208948,14.2314471,1967350,34018537.0,,
2019-12-26,600648,14.2314471,14.42065131,14.19854202,14.28080472,2239080,38810397.0,,
2019-12-27,600648,14.2314471,14.28903099,14.19031575,14.20676829,2960915,51212488.0,,
2019-12-30,600648,14.20676829,14.34661488,14.05046916,14.26435218,2674455,46264787.0,,
2019-12-31,600648,14.29725726,14.35484115,14.18208948,14.28903099,2358223,40895362.0,,
2020-01-02,600648,14.36306742,14.46178266,14.33016234,14.46178266,3312602,58055813.0,,
2020-01-03,600648,14.44533012,14.6427606,14.36306742,14.51114028,3592852,63158859.0,,
2020-01-06,600648,14.46178266,14.46178266,14.33016234,14.43710385,3635278,63634315.0,,
2020-01-07,600648,14.40419877,14.59340298,14.37951996,14.58517671,4528031,79704016.0,,
2020-01-08,600648,14.51114028,14.51936655,14.2314471,14.27257845,3790527,66232478.0,,
2020-01-09,600648,14.35484115,14.40419877,14.28903099,14.37951996,1940805,33857909.0,,
2020-01-10,600648,14.37129369,14.44533012,14.32193607,14.41242504,2258288,39503489.0,,
2020-01-13,600648,14.54404536,14.60985552,14.33838861,14.60985552,2836424,49990057.0,,
2020-01-14,600648,14.6427606,14.70857076,14.51936655,14.56872417,2729800,48407064.0,,
2020-01-15,600648,14.57695044,14.57695044,14.37951996,14.47000893,2183746,38381630.0,,
2020-01-16,600648,14.47000893,14.51936655,14.3137098,14.37129369,2052795,35896812.0,,
2020-01-17,600648,14.32193607,14.42887758,14.23967337,14.3959725,2070635,36112862.0,,
2020-01-20,600648,14.46178266,14.47000893,14.26435218,14.36306742,3250207,56573793.0,,
2020-01-21,600648,14.3959725,14.3959725,14.03401662,14.25612591,4966120,85695690.0,,
2020-01-22,600648,14.19031575,14.28080472,13.99288527,14.28080472,2835061,48786181.0,,
2020-01-23,600648,14.28080472,14.28080472,13.81190733,13.92707511,2920407,49706398.0,,
2020-02-03,600648,12.53683548,12.53683548,12.53683548,12.53683548,651300,9925812.0,价格异常,-12.211981566820274
2020-02-04,600648,11.29466871,12.16665333,11.29466871,11.9280915,4911658,70791804.0,,
2020-02-05,600648,11.91163896,12.15020079,11.78001864,11.93631777,3711760,54047290.0,,
2020-02-06,600648,12.0103542,12.15842706,11.7635661,12.0926169,3763487,54810279.0,,
2020-02-07,600648,12.07616436,12.29004738,11.93631777,12.2571423,3316334,48758610.0,,
2020-02-10,600648,12.16665333,12.41344143,12.07616436,12.39698889,2784893,41643453.0,,
2020-02-11,600648,12.39698889,12.60264564,12.34763127,12.47102532,3650905,55242489.0,,
2020-02-12,600648,12.45457278,12.70136088,12.32295246,12.55328802,3396614,51430478.0,,
2020-02-13,600648,12.45457278,12.62732445,12.34763127,12.40521516,3150913,47782116.0,,
2020-02-14,600648,12.40521516,12.44634651,12.26536857,12.38053635,2739702,41210081.0,,
2020-02-17,600648,12.38876262,12.8329812,12.38053635,12.81652866,4910152,75648694.0,,
2020-02-18,600648,12.81652866,12.95637525,12.73426596,12.93992271,3818173,59654550.0,,
2020-02-19,600648,12.85766001,12.9975066,12.80007612,12.89056509,3105497,48624730.0,,
2020-02-20,600648,12.89056509,13.15380573,12.75894477,13.12912692,3839895,60377452.0,,
2020-02-21,600648,13.13735319,13.31010486,13.00573287,13.23606843,5493420,87633488.0,,
2020-02-24,600648,13.13735319,13.14557946,12.92347017,13.01395914,5244442,82951350.0,,
2020-02-25,600648,12.80007612,12.8329812,12.43812024,12.71781342,5037666,77530179.0,,
2020-02-26,600648,12.52860921,13.0797693,12.42989397,12.96460152,7206174,112503434.0,,
2020-02-27,600648,12.89056509,12.9975066,12.69313461,12.7507185,3941102,61258542.0,,
2020-02-28,600648,12.49570413,12.61909818,11.9280915,12.07616436,5937527,88047629.0,,
2020-03-02,600648,12.15842706,12.47102532,12.08439063,12.41344143,4583723,68903049.0,,
2020-03-03,600648,12.5039304,12.62732445,12.41344143,12.62732445,6354018,96682258.0,,
2020-03-04,600648,12.6684558,12.81652866,12.47102532,12.81652866,5981069,91960956.0,,
2020-03-05,600648,12.79184985,13.04686422,12.75894477,13.02218541,7362631,115495692.0,,
2020-03-06,600648,13.06331676,13.14557946,12.84943374,13.08799557,9630743,152095080.0,,
2020-03-09,600648,12.94814898,13.18671081,12.52860921,12.62732445,7542203,116903050.0,,
2020-03-10,600648,12.5039304,13.0797693,12.43812024,12.85766001,6321797,97947491.0,,
2020-03-11,600648,12.85766001,12.89879136,12.61087191,12.73426596,5443195,84377749.0,,
2020-03-12,600648,12.64377699,12.64377699,12.29004738,12.61087191,4969570,75359616.0,,
2020-03-13,600648,12.56151429,12.56151429,12.12552198,12.45457278,5102164,76416715.0,,
2020-03-16,600648,12.7507185,13.29365232,12.56151429,12.61909818,11412238,178984488.0,,
2020-03-17,600648,12.7507185,12.79184985,12.06793809,12.45457278,8628088,129395449.0,,
2020-03-18,600648,12.4216677,12.52038294,12.12552198,12.16665333,6161171,91693377.0,,
2020-03-19,600648,12.13374825,12.20778468,11.66485086,11.96922285,5258040,76056684.0,,
2020-03-20,600648,11.96922285,12.20778468,11.86228134,12.18310587,4289216,62595984.0,,
2020-03-23,600648,11.8458288,11.90341269,11.66485086,11.78824491,3110832,44545504.0,,
2020-03-24,600648,11.9280915,11.96922285,11.71420848,11.87050761,2825513,40712797.0,,
2020-03-25,600648,12.0103542,12.1748796,11.85405507,12.14197452,5370973,78498017.0,,
2020-03-26,600648,11.99390166,12.32295246,11.9280915,12.15020079,6314489,92920220.0,,
2020-03-27,600648,12.14197452,12.19133214,12.05971182,12.15020079,3207112,47240351.0,,
2020-03-30,600648,12.04325928,12.04325928,11.75533983,11.93631777,3129582,45273318.0,,
2020-03-31,600648,12.0103542,12.1748796,11.94454404,12.04325928,3746052,54809666.0,,
2020-04-01,600648,12.05148555,12.08439063,11.82937626,11.87873388,3414889,49600285.0,,
2020-04-02,600648,11.85405507,11.96922285,11.72243475,11.96922285,2748518,39632808.0,,
2020-04-03,600648,12.05971182,12.05971182,11.64017205,11.96922285,3946209,56917990.0,,
2020-04-07,600648,12.0103542,12.13374825,11.96922285,12.12552198,4350191,63872467.0,,
2020-04-08,600648,12.0926169,12.19955841,11.99390166,12.10084317,4186640,61435173.0,,
2020-04-09,600648,12.13374825,12.15842706,12.06793809,12.15020079,3085689,45404955.0,,
2020-04-10,600648,12.16665333,12.23246349,12.05971182,12.14197452,3115864,45955564.0,,
2020-04-13,600648,12.11729571,12.11729571,11.98567539,12.01858047,2354264,34420713.0,,
2020-04-14,600648,12.02680674,12.20778468,11.96099658,12.1748796,4115667,60355484.0,,
2020-04-15,600648,12.19955841,12.19955841,12.08439063,12.13374825,2369896,34970704.0,,
2020-04-16,600648,12.10084317,12.14197452,12.05971182,12.10084317,2587100,38035846.0,,
2020-04-17,600648,12.0926169,12.19133214,12.01858047,12.04325928,2652701,39016649.0,,
2020-04-20,600648,12.07616436,12.07616436,11.88696015,11.93631777,3575156,51931408.0,,
2020-04-21,600648,11.91163896,11.91163896,11.68952967,11.7635661,2639909,37761085.0,,
2020-04-22,600648,11.75533983,11.75533983,11.66485086,11.73066102,2120420,30189914.0,,
2020-04-23,600648,11.73066102,11.80469745,11.72243475,11.78001864,1858101,26575998.0,,
2020-04-24,600648,11.7635661,11.83760253,11.64017205,11.69775594,2499652,35588737.0,,
2020-04-27,600648,11.72243475,11.78824491,11.54145681,11.72243475,1811352,25806452.0,,
2020-04-28,600648,11.79647118,12.05971182,11.60726697,11.69775594,3356508,48020910.0,,
2020-04-29,600648,11.5990407,11.61549324,11.41806276,11.45919411,2568063,35946784.0,,
2020-04-30,600648,11.45919411,11.88696015,11.45919411,11.80469745,4153342,59245120.0,,
2020-05-06,600648,11.8458288,11.87873388,11.69775594,11.80469745,4170728,59765241.0,,
2020-05-07,600648,11.77179237,12.0103542,11.70598221,11.75533983,3114802,44590329.0,,
2020-05-08,600648,11.83760253,11.83760253,11.73066102,11.78001864,2379805,34048548.0,,
2020-05-11,600648,11.82937626,11.82937626,11.6813034,11.73066102,2692285,38423531.0,,
2020-05-12,600648,11.73066102,11.73066102,11.62371951,11.66485086,2046300,29006224.0,,
2020-05-13,600648,11.64839832,11.64839832,11.55790935,11.62371951,1921400,27074342.0,,
2020-05-14,600648,11.57436189,11.9280915,11.54968308,11.8458288,6328229,90567673.0,,
2020-05-15,600648,11.85405507,12.31472619,11.8458288,12.27359484,12237071,180180639.0,,
2020-05-18,600648,12.339405,12.339405,12.08439063,12.19955841,4348142,64512220.0,,
2020-05-19,600648,12.23246349,12.23246349,12.06793809,12.11729571,4024339,59235661.0,,
2020-05-20,600648,12.10084317,12.10084317,11.82114999,11.91163896,3837100,55606304.0,,
2020-05-21,600648,11.93631777,12.35585754,11.87050761,12.12552198,7433268,109796282.0,,
2020-05-22,600648,12.05971182,12.07616436,11.68952967,11.78824491,4740299,68256665.0,,
2020-05-25,600648,11.71420848,11.81292372,11.63194578,11.66485086,2155208,30635175.0,,
2020-05-26,600648,11.66485086,11.72243475,11.5990407,11.64017205,3893498,55108373.0,,
2020-05-27,600648,11.64839832,11.74711356,11.50855173,11.71420848,5409048,76396788.0,,
2020-05-28,600648,11.6813034,11.74711356,11.52500427,11.57436189,3660650,51667413.0,,
2020-05-29,600648,11.56613562,11.62371951,11.22885855,11.22885855,9016894,125038583.0,,
2020-06-01,600648,11.31112125,11.54968308,11.28644244,11.53323054,5466580,76068836.0,,
2020-06-02,600648,11.61549324,11.73888729,11.54145681,11.73066102,5724671,81043078.0,,
2020-06-03,600648,11.7635661,11.77179237,11.54968308,11.64839832,4171067,59009931.0,,
2020-06-04,600648,11.6813034,11.70598221,11.54968308,11.56613562,3780484,53219595.0,,
2020-06-05,600648,11.56613562,11.66485086,11.4345153,11.66485086,4524419,63636366.0,,
2020-06-08,600648,11.67307713,11.72243475,11.5990407,11.6813034,2950136,41839403.0,,
2020-06-09,600648,11.70598221,11.70598221,11.61549324,11.67307713,2382787,33748047.0,,
2020-06-10,600648,11.67307713,11.6813034,11.58258816,11.64839832,2131674,30103518.0,,
2020-06-11,600648,11.66485086,11.69775594,11.52500427,11.59081443,2646710,37345112.0,,
2020-06-12,600648,11.45096784,11.68952967,11.36870514,11.68952967,4813178,67325662.0,,
2020-06-15,600648,11.61549324,11.66485086,11.54145681,11.60726697,2697273,38023747.0,,
2020-06-16,600648,11.64017205,11.68952967,11.58258816,11.6813034,3026140,42794665.0,,
2020-06-17,600648,11.73066102,11.73066102,11.57436189,11.62371951,2556654,36109011.0,,
2020-06-18,600648,11.62371951,11.6813034,11.54968308,11.60726697,3068579,43277398.0,,
2020-06-19,600648,11.64839832,11.72243475,11.61549324,11.72243475,5022570,71256245.0,,
2020-06-22,600648,11.72243475,11.74711356,11.64839832,11.71420848,4690806,66708415.0,,
2020-06-23,600648,11.70598221,11.70598221,11.516778,11.58258816,4833970,67949917.0,,
2020-06-24,600648,11.66485086,11.66485086,11.50032546,11.58258816,4540865,63763793.0,,
2020-06-29,600648,11.54968308,11.64017205,11.516778,11.54968308,3232695,45448581.0,,
2020-06-30,600648,11.56613562,11.63194578,11.54145681,11.63194578,3865209,54472082.0,,
2020-07-01,600648,11.63194578,11.73066102,11.56613562,11.71420848,5862972,83085718.0,,
2020-07-02,600648,11.68952967,12.15020079,11.67307713,12.15020079,13536087,197170176.0,,
2020-07-03,600648,12.0926169,12.4216677,11.95277031,12.4216677,12442161,183831467.0,,
2020-07-06,600648,12.8329812,13.36768875,12.67668207,13.36768875,24763567,390871296.0,,
2020-07-07,600648,13.71319209,13.77077598,13.04686422,13.53221415,21258166,346640451.0,,
2020-07-08,600648,13.47463026,13.86126495,13.28542605,13.83658614,14996902,246477839.0,,
2020-07-09,600648,13.984659,14.19031575,13.62270312,14.09160051,16824222,284437191.0,,
2020-07-10,600648,13.984659,14.37129369,13.80368106,14.28903099,13245338,227085686.0,,
2020-07-13,600648,14.3137098,14.49468774,14.09982678,14.44533012,13119438,227720651.0,,
2020-07-14,600648,14.4782352,14.4782352,13.86126495,14.28903099,15013418,258274582.0,,
2020-07-15,600648,14.3137098,14.3137098,13.77900225,13.86949122,9487798,161178028.0,,
2020-07-16,600648,13.77900225,13.84481241,12.97282779,13.11267438,10831698,176814307.0,,
2020-07-17,600648,13.22784216,13.29365232,12.80830239,13.03863795,6688900,105903554.0,,
2020-07-20,600648,13.23606843,13.4088201,13.0797693,13.39236756,6697258,108173126.0,,
2020-07-21,600648,13.4088201,13.68028701,13.21138962,13.48285653,6375421,103985280.89,,
2020-07-22,600648,13.48285653,13.53221415,13.34300994,13.49930907,5552997,90821494.33,,
2020-07-23,600648,13.87771749,13.87771749,13.162032,13.48285653,5218903,85208921.22,,
2020-07-24,600648,13.36596451,13.38266153,12.7732203,12.99863007,5432927,85095648.64,,
2020-07-27,600648,13.0236756,13.04037262,12.6897352,12.79826583,2562110,39319489.6,,
2020-07-28,600648,12.7732203,12.98193305,12.7732203,12.91514497,2970253,45826719.76,,
2020-07-29,600648,12.91514497,13.00697858,12.68138669,12.97358454,5110386,79084605.54,,
2020-07-30,600648,12.9401905,13.00697858,12.76487179,12.86505391,4415909,68128294.44,,
2020-07-31,600648,12.84835689,12.90679646,12.63129563,12.78156881,4968837,76105604.6,,
2020-08-03,600648,12.82331136,13.1071607,12.82331136,13.09046368,5879984,91401279.31,,
2020-08-04,600648,13.1071607,13.23238835,12.94853901,13.16560027,6745726,105822176.68,,
2020-08-05,600648,13.09881219,13.15725176,12.90679646,13.00697858,3137668,48855417.87,,
2020-08-06,600648,13.0236756,13.09881219,12.89844795,13.07376666,5089225,79338145.16,,
2020-08-07,600648,13.08211517,13.08211517,12.71478073,12.88175093,4587200,70756239.88,,
2020-08-10,600648,12.87340242,13.57467726,12.78991732,13.51623769,12055746,191698569.63,,
2020-08-11,600648,13.51623769,13.98375425,13.40770706,13.49954067,11099494,181741051.63,,
2020-08-12,600648,13.5245862,13.5245862,13.08211517,13.38266153,5404251,85722397.23,,
2020-08-13,600648,13.7750415,13.7750415,13.29082792,13.47449514,5729588,92487383.93,,
2020-08-14,600648,13.44944961,13.81678405,13.29917643,13.80843554,7930862,130134595.21,,
2020-08-17,600648,13.80843554,13.98375425,13.68320789,13.90026915,8325189,137810905.24,,
2020-08-18,600648,13.80008703,13.88357213,13.6080713,13.62476832,7315278,120238149.96,,
2020-08-19,600648,13.63311683,13.68320789,13.09046368,13.21569133,7802105,124442024.79,,
2020-08-20,600648,13.14055474,13.39935855,12.9401905,13.26578239,4859702,76809648.81,,
2020-08-21,600648,13.29917643,13.38266153,13.15725176,13.26578239,3204757,50879749.4,,
2020-08-24,600648,13.34926749,13.34926749,13.1906458,13.29082792,3085442,49060333.52,,
2020-08-25,600648,13.29917643,13.31587345,13.0236756,13.08211517,3426152,53926504.95,,
2020-08-26,600648,13.1071607,13.1071607,12.76487179,12.82331136,3375073,52233127.1,,
2020-08-27,600648,12.80661434,12.90679646,12.70643222,12.88175093,2384202,36627730.09,,
2020-08-28,600648,12.92349348,13.2741309,12.88175093,13.24908537,3782769,59332178.33,,
2020-08-31,600648,13.29082792,13.39935855,13.06541815,13.08211517,3181813,50361220.53,,
2020-09-01,600648,13.06541815,13.14055474,12.90679646,13.01532709,2738881,42709628.21,,
2020-09-02,600648,13.06541815,13.21569133,12.82331136,13.19899431,4721646,73744448.53,,
2020-09-03,600648,13.25743388,13.25743388,12.91514497,12.98193305,2754817,43070366.76,,
2020-09-04,600648,12.8567054,12.99028156,12.73982626,12.94853901,3377276,51942238.11,,
2020-09-07,600648,12.86505391,13.0236756,12.53111351,12.53111351,4012619,61384874.97,,
2020-09-08,600648,12.56450755,12.74817477,12.51441649,12.70643222,2752907,41641602.25,,
2020-09-09,600648,12.71478073,12.73147775,12.47267394,12.59790159,2885612,43580349.25,,
2020-09-10,600648,12.61459861,12.70643222,12.3557948,12.36414331,2856189,42798299.36,,
2020-09-11,600648,12.36414331,12.48102245,12.23056715,12.44762841,2268398,33668339.3,,
2020-09-14,600648,12.45597692,12.48102245,12.15543056,12.23056715,3274417,48307502.37,,
2020-09-15,600648,12.23056715,12.28065821,12.12203652,12.19717311,1816888,26475714.4,,
2020-09-16,600648,12.19717311,12.32240076,12.08029397,12.23056715,2467325,36048971.64,,
2020-09-17,600648,12.23891566,12.28065821,12.11368801,12.23891566,1683296,24599608.9,,
2020-09-18,600648,12.23891566,12.38084033,12.1888246,12.3557948,2948803,43411403.83,,
2020-09-21,600648,12.34744629,12.47267394,12.31405225,12.37249182,2711026,40141901.81,,
2020-09-22,600648,12.34744629,12.34744629,12.12203652,12.14708205,2321692,33963662.35,,
2020-09-23,600648,12.14708205,12.20552162,12.06359695,12.14708205,1906712,27731597.15,,
2020-09-24,600648,12.13873354,12.13873354,11.80479314,11.84653569,2763633,39493244.24,,
2020-09-25,600648,11.86323271,11.87992973,11.6044289,11.66286847,2919300,40931535.74,,
2020-09-28,600648,11.67956549,11.74635357,11.6044289,11.69626251,1533898,21482376.2,,
2020-09-29,600648,11.72965655,11.82983867,11.687914,11.76305059,1457912,20532067.06,,
2020-09-30,600648,11.76305059,11.79644463,11.62112592,11.62112592,1605104,22471594.5,,
2020-10-09,600648,11.72965655,11.88827824,11.687914,11.83818718,2558442,36219357.62,,
2020-10-12,600648,11.78809612,12.01350589,11.78809612,11.95506632,6502769,92826198.63,,
2020-10-13,600648,11.9383693,11.94671781,11.84653569,11.88827824,3255445,46348802.3,,
2020-10-14,600648,11.89662675,11.89662675,11.78809612,11.82983867,2065227,29250183.91,,
2020-10-15,600648,11.8548842,11.8548842,11.70461102,11.72965655,1701982,23948854.99,,
2020-10-16,600648,11.73800506,11.7713991,11.6044289,11.76305059,2274841,31908004.19,,
2020-10-19,600648,11.7713991,11.94671781,11.72965655,11.82149016,2527396,35809299.65,,
2020-10-20,600648,11.82149016,12.99863007,11.71295953,12.73147775,13580650,202277329.24,,
2020-10-21,600648,12.65634116,12.99028156,12.54781053,12.81496285,7856043,120124951.58,,
2020-10-22,600648,12.7732203,13.70825342,12.6062501,13.59972279,15376574,245267869.16,,
2020-10-23,600648,13.63311683,13.92531468,13.41605557,13.67485938,13189504,215959644.57,,
2020-10-26,600648,13.73329895,13.81678405,13.19899431,13.5245862,9461834,152030077.38,,
2020-10-27,600648,13.5245862,13.61641981,13.40770706,13.58302577,6091443,98665975.42,,
2020-10-28,600648,13.59137428,13.7750415,13.4411011,13.6080713,7249030,118252069.71,,
2020-10-29,600648,13.50788918,13.50788918,13.04872113,13.49954067,7595089,121463278.48,,
2020-10-30,600648,13.49119216,13.7750415,13.34926749,13.56632875,6612338,107268394.25,,
2020-11-02,600648,13.59972279,13.6915564,13.17394878,13.32422196,7617117,121878190.64,,
2020-11-03,600648,13.4411011,13.4411011,13.1906458,13.24073686,5546881,88115779.7,,
2020-11-04,600648,13.24073686,13.2741309,12.98193305,13.04872113,4617028,72334583.01,,
2020-11-05,600648,13.23238835,14.35108869,13.08211517,14.35108869,24864817,417888108.34,,
2020-11-06,600648,14.24255806,14.48466485,14.00879978,14.31769465,16280020,277833550.72,,
2020-11-09,600648,14.4429223,14.64328654,14.07558786,14.34274018,20830335,356469775.11,,
2020-11-10,600648,14.43457379,14.56814995,14.09228488,14.38448273,12854520,220469980.21,,
2020-11-11,600648,14.30099763,14.55145293,14.20916402,14.37613422,10748776,185006144.87,,
2020-11-12,600648,14.43457379,14.53475591,12.9401905,12.9401905,25435128,415703105.29,,
2020-11-13,600648,12.9401905,12.9401905,12.17212758,12.48937096,15929856,237898748.22,价格异常,-10.970706490522685
2020-11-16,600648,12.50606798,12.54781053,12.28065821,12.33909778,7514490,111328642.06,,
2020-11-17,600648,12.36414331,12.38084033,12.09699099,12.25561268,6069452,88857649.69,,
2020-11-18,600648,12.23891566,12.32240076,12.17212758,12.22221864,4503660,65908731.87,,
2020-11-19,600648,12.23056715,12.24726417,12.08864248,12.18047609,4150277,60393954.82,,
2020-11-20,600648,12.1888246,12.29735523,12.09699099,12.20552162,4674838,68135198.98,,
2020-11-23,600648,12.21387013,12.23056715,12.03855142,12.17212758,4531506,65909442.34,,
2020-11-24,600648,12.16377907,12.16377907,12.05524844,12.12203652,3192583,46309420.0,,
2020-11-25,600648,12.15543056,12.23056715,12.08864248,12.1053395,3852665,56027243.05,,
2020-11-26,600648,12.12203652,12.14708205,12.03020291,12.1053395,4569000,66021332.15,,
2020-11-27,600648,12.18047609,12.45597692,12.1053395,12.34744629,6939280,102405767.16,,
2020-11-30,600648,12.30570374,12.37249182,12.20552162,12.24726417,4706190,69273978.8,,
2020-12-01,600648,12.24726417,12.29735523,12.12203652,12.28900672,3905166,57160867.45,,
2020-12-02,600648,12.29735523,12.31405225,12.17212758,12.26396119,2933216,43010493.03,,
2020-12-03,600648,12.29735523,12.29735523,12.1888246,12.23056715,3000373,43943122.35,,
2020-12-04,600648,12.23056715,12.24726417,12.06359695,12.13873354,3474108,50423754.43,,
2020-12-07,600648,12.13873354,12.14708205,12.06359695,12.08864248,2070046,29975590.28,,
2020-12-08,600648,12.06359695,12.20552162,12.05524844,12.13873354,2520195,36608260.41,,
2020-12-09,600648,12.07194546,12.11368801,11.87158122,11.93002079,3934863,56421457.39,,
2020-12-10,600648,11.89662675,11.97176334,11.78809612,11.81314165,2914219,41318050.66,,
2020-12-11,600648,11.81314165,11.89662675,11.57938337,11.89662675,5720904,80053164.33,,
2020-12-14,600648,11.89662675,12.01350589,11.83818718,12.01350589,2743405,39289477.84,,
2020-12-15,600648,12.03020291,12.03855142,11.80479314,11.96341483,2113404,30080578.2,,
2020-12-16,600648,11.98846036,11.98846036,11.687914,11.89662675,2676214,37970740.27,,
2020-12-17,600648,11.88827824,11.98846036,11.83818718,11.97176334,2514358,35970264.52,,
2020-12-18,600648,11.97176334,12.05524844,11.92167228,12.01350589,2697581,38628692.51,,
2020-12-21,600648,11.99680887,12.0218544,11.87158122,12.00515738,1923476,27557506.92,,
2020-12-22,600648,11.98011185,11.98011185,11.62947443,11.89662675,4488324,63506426.74,,
2020-12-23,600648,11.86323271,11.86323271,11.687914,11.7713991,3304321,46516763.21,,
2020-12-24,600648,11.71295953,11.74635357,11.38736764,11.61277741,4964482,68635636.14,,
2020-12-25,600648,11.62947443,11.83818718,11.57103486,11.72965655,2801311,39276640.21,,
2020-12-28,600648,11.72965655,11.72965655,11.47920125,11.66286847,3291898,45624632.8,,
2020-12-29,600648,11.6044289,11.687914,11.57103486,11.62947443,1868611,26043944.33,,
2020-12-30,600648,11.64617145,11.67121698,11.51259529,11.59608039,2358297,32667837.25,,
2020-12-31,600648,11.58773188,11.69626251,11.5209438,11.66286847,2049724,28536326.85,,
2021-01-04,600648,11.66286847,11.66286847,11.50424678,11.54598933,2664686,36885112.61,,
2021-01-05,600648,11.54598933,11.54598933,11.37067062,11.5209438,3366326,46175481.22,,
2021-01-06,600648,11.5209438,11.53764082,11.41241317,11.4374587,2409870,33048311.46,,
2021-01-07,600648,11.42911019,11.58773188,11.1870034,11.57938337,4655205,63226372.31,,
2021-01-08,600648,11.8548842,11.8548842,11.61277741,11.72965655,3910734,54945548.25,,
2021-01-11,600648,11.72965655,11.72965655,11.39571615,11.46250423,3048463,41964170.54,,
2021-01-12,600648,11.40406466,11.5209438,11.39571615,11.47085274,1936604,26547782.8,,
2021-01-13,600648,11.48754976,11.63782294,11.14526085,11.39571615,3219657,43769022.13,,
2021-01-14,600648,11.3539736,11.47085274,11.23709446,11.42076168,1783784,24340957.46,,
2021-01-15,600648,11.36232211,11.55433784,11.36232211,11.44580721,1715645,23569120.7,,
2021-01-18,600648,11.44580721,11.51259529,11.39571615,11.48754976,1949580,26770072.99,,
2021-01-19,600648,11.47085274,11.84653569,11.38736764,11.80479314,4011506,56079606.76,,
2021-01-20,600648,11.76305059,11.82983867,11.62112592,11.67121698,2032960,28445365.42,,
2021-01-21,600648,11.66286847,11.72965655,11.62112592,11.62947443,1629229,22772456.22,,
2021-01-22,600648,11.61277741,11.61277741,11.3539736,11.40406466,2264160,30989231.28,,
2021-01-25,600648,11.39571615,11.42076168,11.17030638,11.23709446,2844763,38345602.7,,
2021-01-26,600648,11.24544297,11.30388254,11.13691234,11.1870034,1978683,26552013.86,,
2021-01-27,600648,11.1870034,11.23709446,11.04507873,11.17865489,2361007,31507684.79,,
2021-01-28,600648,11.22874595,11.57103486,11.1870034,11.34562509,2914718,39776839.09,,
2021-01-29,600648,11.32057956,11.39571615,11.14526085,11.23709446,2254251,30391988.59,,
2021-02-01,600648,11.23709446,11.37901913,11.05342724,11.28718552,2841681,38208650.27,,
2021-02-02,600648,11.27883701,11.28718552,11.14526085,11.15360936,1617851,21688021.82,,
2021-02-03,600648,11.15360936,11.51259529,10.79462343,11.42076168,4821323,63879614.03,,
2021-02-04,600648,11.46250423,11.63782294,11.02838171,11.3539736,4515414,61595216.86,,
2021-02-05,600648,11.34562509,11.40406466,11.2704885,11.3539736,1672338,22684938.4,,
2021-02-08,600648,11.31223105,11.42076168,11.31223105,11.37901913,1732384,23589444.43,,
2021-02-09,600648,11.38736764,11.4374587,11.12856383,11.42076168,4065571,55054792.56,,
2021-02-10,600648,11.42076168,11.56268635,11.31223105,11.55433784,3069014,41951437.32,,
2021-02-18,600648,11.78809612,11.78809612,11.55433784,11.62112592,2891062,40203563.6,,
2021-02-19,600648,11.58773188,11.95506632,11.5209438,11.9383693,5735242,81325993.19,,
2021-02-22,600648,11.89662675,11.9383693,11.74635357,11.8548842,4334656,61458667.4,,
2021-02-23,600648,11.95506632,11.96341483,11.79644463,11.82149016,2652960,37640640.96,,
2021-02-24,600648,11.82983867,11.8548842,11.69626251,11.73800506,2707864,38171108.76,,
2021-02-25,600648,11.73800506,11.94671781,11.687914,11.89662675,5303614,75519800.89,,
2021-02-26,600648,11.75470208,11.81314165,11.66286847,11.69626251,3474026,48756496.45,,
2021-03-01,600648,11.70461102,11.72965655,11.58773188,11.687914,1919049,26807831.1,,
2021-03-02,600648,11.67956549,11.72965655,11.47920125,11.54598933,2256778,31316579.63,,
2021-03-03,600648,11.54598933,11.63782294,11.48754976,11.63782294,1584182,21989126.67,,
2021-03-04,600648,11.6044289,11.69626251,11.55433784,11.62947443,1865617,25960959.32,,
2021-03-05,600648,11.6044289,11.72130804,11.57938337,11.69626251,1854942,25948086.12,,
2021-03-08,600648,11.72130804,11.75470208,11.65451996,11.687914,1846101,25860668.02,,
2021-03-09,600648,11.71295953,11.73800506,11.48754976,11.57103486,2296603,31886754.38,,
2021-03-10,600648,11.57938337,11.62947443,11.3539736,11.3539736,1486921,20422917.04,,
2021-03-11,600648,11.41241317,11.44580721,11.32892807,11.44580721,1808677,24659361.22,,
2021-03-12,600648,11.44580721,11.54598933,11.37067062,11.49589827,2499768,34226567.1,,
2021-03-15,600648,11.49589827,11.78809612,11.45415572,11.7713991,4174800,58319206.39,,
2021-03-16,600648,11.7713991,11.89662675,11.71295953,11.86323271,3253513,46050209.89,,
2021-03-17,600648,11.88827824,11.91332377,11.78809612,11.88827824,1756383,24928698.12,,
2021-03-18,600648,11.83818718,11.90497526,11.7713991,11.87158122,2433265,34506443.9,,
2021-03-19,600648,11.82149016,11.93002079,11.69626251,11.87158122,2807890,39814495.96,,
2021-03-22,600648,11.90497526,12.00515738,11.83818718,11.91332377,2452648,34983708.73,,
2021-03-23,600648,11.9383693,12.01350589,11.86323271,11.98011185,4080779,58381681.31,,
2021-03-24,600648,11.97176334,11.97176334,11.83818718,11.93002079,2298617,32790269.12,,
2021-03-25,600648,11.92167228,11.96341483,11.8548842,11.91332377,1934066,27557149.88,,
2021-03-26,600648,11.91332377,11.94671781,11.86323271,11.92167228,2002411,28571822.64,,
2021-03-29,600648,11.92167228,11.92167228,11.57103486,11.69626251,3480601,48682261.75,,
2021-03-30,600648,11.69626251,11.69626251,11.47085274,11.62112592,1873236,25999725.95,,
2021-03-31,600648,11.67956549,11.8548842,11.59608039,11.84653569,3317386,46577039.29,,
2021-04-01,600648,11.81314165,11.95506632,11.81314165,11.9383693,3200459,45655051.64,,
2021-04-02,600648,11.98846036,11.98846036,11.78809612,11.92167228,2434037,34558271.2,,
2021-04-06,600648,11.92167228,11.96341483,11.82983867,11.87158122,2773550,39452982.76,,
2021-04-07,600648,11.8548842,11.92167228,11.79644463,11.83818718,1804848,25602717.71,,
2021-04-08,600648,11.83818718,11.8548842,11.62112592,11.65451996,3304689,46275845.94,,
2021-04-09,600648,11.687914,11.71295953,11.58773188,11.65451996,2441852,34043504.07,,
2021-04-12,600648,11.65451996,11.72965655,11.57103486,11.72965655,2449487,34227973.24,,
2021-04-13,600648,11.64617145,11.70461102,11.51259529,11.56268635,2586019,35872601.14,,
2021-04-14,600648,11.57103486,11.62947443,11.46250423,11.61277741,2159415,29896536.15,,
2021-04-15,600648,11.67121698,11.73800506,11.57103486,11.72965655,2359626,32998963.39,,
2021-04-16,600648,11.72130804,11.98011185,11.687914,11.9383693,4425501,63004595.5,,
2021-04-19,600648,11.89662675,11.89662675,11.79644463,11.8548842,3517482,49882916.93,,
2021-04-20,600648,11.87158122,11.95506632,11.82149016,11.89662675,2962374,42211560.72,,
2021-04-21,600648,11.89662675,12.03020291,11.80479314,12.0218544,7872113,112765459.29,,
2021-04-22,600648,12.04689993,12.31405225,11.7713991,11.83818718,10139576,146263137.1,,
2021-04-23,600648,11.88827824,11.88827824,11.67121698,11.72130804,3346851,47039326.97,,
2021-04-26,600648,11.72130804,11.78809612,11.58773188,11.77974761,4168657,58380321.54,,
2021-04-27,600648,11.76305059,11.76305059,11.59608039,11.72130804,2726291,38059123.26,,
2021-04-28,600648,11.71295953,11.74635357,11.61277741,11.74635357,1819449,25460220.61,,
2021-04-29,600648,11.81314165,11.84653569,11.72130804,11.80479314,2700872,38138319.32,,
2021-04-30,600648,11.82149016,11.86323271,11.49589827,11.70461102,4799505,66949172.22,,
2021-05-06,600648,11.75470208,11.75470208,11.6044289,11.687914,2190919,30665855.04,,
2021-05-07,600648,11.687914,11.73800506,11.46250423,11.54598933,4510833,62728895.32,,
2021-05-10,600648,11.54598933,11.56268635,11.41241317,11.44580721,2879467,39581158.09,,
2021-05-11,600648,11.44580721,12.06359695,11.38736764,11.91332377,8422068,119039368.81,,
2021-05-12,600648,11.7713991,11.84653569,11.57938337,11.66286847,4157927,58146356.05,,
2021-05-13,600648,11.61277741,11.69626251,11.59608039,11.64617145,2305171,32127581.84,,
2021-05-14,600648,11.64617145,11.687914,11.53764082,11.687914,3837488,53374934.73,,
2021-05-17,600648,11.66286847,11.80479314,11.62112592,11.73800506,3600693,50530630.95,,
2021-05-18,600648,11.69626251,11.74635357,11.63782294,11.70461102,1836381,25692078.37,,
2021-05-19,600648,11.687914,11.687914,11.58773188,11.63782294,1548067,21550454.37,,
2021-05-20,600648,11.61277741,11.65451996,11.57103486,11.62112592,2120309,29451041.22,,
2021-05-21,600648,11.61277741,11.62947443,11.54598933,11.58773188,2001220,27758241.24,,
2021-05-24,600648,11.57938337,11.67121698,11.55433784,11.6044289,1513194,21037109.89,,
2021-05-25,600648,11.61277741,11.65451996,11.56268635,11.62947443,2949101,41043892.96,,
2021-05-26,600648,11.65451996,12.01350589,11.6044289,11.80479314,5057361,71430282.52,,
2021-05-27,600648,11.77974761,11.89662675,11.74635357,11.82983867,3765035,53264182.02,,
2021-05-28,600648,11.82149016,11.86323271,11.73800506,11.79644463,2348945,33150131.33,,
2021-05-31,600648,11.79644463,12.14708205,11.74635357,12.12203652,8611874,123911736.09,,
2021-06-01,600648,12.21387013,12.31405225,11.9383693,12.13038503,6701709,97017460.82,,
2021-06-02,600648,12.17212758,12.39753735,12.05524844,12.37249182,10683728,157103808.13,,
2021-06-03,600648,12.3557948,13.6080713,12.33909778,13.6080713,36625503,584208746.78,,
2021-06-04,600648,13.54128322,13.54963173,12.73147775,13.08211517,33250271,519865846.09,,
2021-06-07,600648,12.8567054,12.90679646,12.32240076,12.72312924,18905876,284109961.07,,
2021-06-08,600648,12.93184199,13.99210276,12.62294712,13.57467726,29341815,471209067.84,,
2021-06-09,600648,13.25743388,13.59137428,12.84835689,13.37431302,21882208,345151453.91,,
2021-06-10,600648,13.4411011,13.4411011,12.95688752,13.19899431,12567373,198073308.83,,
2021-06-11,600648,13.29917643,13.30752494,12.78991732,12.89844795,10516372,162832167.63,,
2021-06-15,600648,12.89844795,12.92349348,12.49771947,12.72312924,6924430,105030882.29,,
2021-06-16,600648,12.71478073,12.75652328,12.46432543,12.58120457,6057610,91299974.17,,
2021-06-17,600648,12.54781053,12.69808371,12.46432543,12.55615904,4598486,69147225.6,,
2021-06-18,600648,12.55615904,12.89009944,12.48937096,12.75652328,6394007,97532522.84,,
2021-06-21,600648,12.75652328,12.7732203,12.50606798,12.55615904,6685355,101003393.45,,
2021-06-22,600648,12.58120457,12.6062501,12.33909778,12.48102245,6301039,94058791.43,,
2021-06-23,600648,12.46432543,12.55615904,12.37249182,12.47267394,4621904,68999562.15,,
2021-06-24,600648,12.46432543,12.62294712,12.42258288,12.6062501,5107469,76836006.15,,
2021-06-25,600648,12.57285606,12.73147775,12.46432543,12.69808371,8222500,124235887.7,,
2021-06-28,600648,12.71478073,12.76487179,12.51441649,12.63129563,4409458,66534588.23,,
2021-06-29,600648,12.6062501,12.63129563,12.15543056,12.45597692,7453290,110410387.24,,
2021-06-30,600648,12.38084033,12.4392799,12.16377907,12.33909778,7662557,112456946.08,,
2021-07-01,600648,12.29735523,12.48937096,12.23891566,12.43093139,5346846,79414053.32,,
2021-07-02,600648,12.37249182,12.4392799,12.25561268,12.31405225,3318478,48962403.08,,
2021-07-05,600648,12.31405225,12.4392799,12.13038503,12.43093139,4638752,68437375.73,,
2021-07-06,600648,12.38084033,12.53946202,12.36414331,12.50606798,4441443,66282589.36,,
2021-07-07,600648,12.50606798,12.51441649,12.37249182,12.48102245,3362726,50150084.33,,
2021-07-08,600648,12.48102245,12.6062501,12.34744629,12.4392799,4586425,68556234.94,,
2021-07-09,600648,12.4308249,12.5154459,12.3462039,12.5154459,3674830,53959159.61,,
2021-07-12,600648,12.5746806,12.6339153,12.3631281,12.4985217,5033573,74367652.93,,
2021-07-13,600648,12.4815975,13.2939591,12.4477491,13.2262623,17848070,275377314.09,,
2021-07-14,600648,13.1585655,13.200876,12.7862331,12.9047025,7853181,120286857.83,,
2021-07-15,600648,12.9639372,13.2939591,12.9131646,13.1416413,11420997,176807015.95,,
2021-07-16,600648,13.53936,13.708602,12.7016121,12.9131646,22716715,353107223.81,,
2021-07-19,600648,12.6339153,12.6508395,12.1092651,12.2531208,9619331,138983309.5,,
2021-07-20,600648,12.2361966,12.2361966,11.9738715,12.0754167,6823089,97363971.49,,
2021-07-21,600648,12.0838788,12.1346514,11.9654094,12.0584925,4051776,57545934.26,,
2021-07-22,600648,12.0584925,12.1600377,11.9907957,12.1092651,3648479,52031506.27,,
2021-07-23,600648,12.0923409,12.0923409,11.8046295,12.0246441,5711695,80405324.58,,
2021-07-26,600648,11.9992578,11.9992578,11.7030843,11.8046295,3637644,50742872.01,,
2021-07-27,600648,11.7961674,11.8723263,11.6438496,11.6861601,2863844,39645707.49,,
2021-07-28,600648,11.6861601,11.7792432,11.6015391,11.6692359,3365011,46485381.46,,
2021-07-29,600648,11.762319,11.8046295,11.6100012,11.6692359,3376085,46504321.81,,
2021-07-30,600648,11.6692359,11.677698,11.4407592,11.4999939,3279216,44543547.32,,
2021-08-02,600648,11.423835,11.5338423,11.2461309,11.4576834,4444111,59949269.17,,
2021-08-03,600648,11.4661455,11.593077,11.3307519,11.5338423,4888826,65948441.71,,
2021-08-04,600648,11.4576834,11.593077,11.3561382,11.4576834,4128060,55833738.15,,
2021-08-05,600648,11.4492213,11.4915318,11.3307519,11.3730624,2895800,38972695.49,,
2021-08-06,600648,11.3730624,11.4069108,11.2122825,11.2630551,2284987,30456280.56,,
2021-08-09,600648,11.2630551,11.3899866,11.2376688,11.3646003,3185468,42728853.8,,
2021-08-10,600648,11.339214,11.4661455,11.3053656,11.4492213,3751713,50449500.33,,
2021-08-11,600648,11.5507665,11.6607738,11.4153729,11.5761528,5610405,76536418.4,,
2021-08-12,600648,11.5761528,11.5761528,11.3646003,11.4746076,3295165,44562460.27,,
2021-08-13,600648,11.423835,11.5253802,11.3561382,11.3984487,2720328,36688386.77,,
2021-08-16,600648,11.423835,11.4746076,11.3730624,11.3899866,2400427,32347537.41,,
2021-08-17,600648,11.3730624,11.3899866,11.2122825,11.254593,3245809,43297641.92,,
2021-08-18,600648,11.254593,11.3307519,11.1953583,11.3222898,2321002,30905019.95,,
2021-08-19,600648,11.3138277,11.3138277,11.1615099,11.2376688,3359588,44540193.73,,
2021-08-20,600648,11.2038204,11.2207446,11.1107373,11.1445857,2499445,32907116.78,,
2021-08-23,600648,11.1530478,11.2207446,11.1530478,11.1953583,1867490,24683334.37,,
2021-08-24,600648,11.2207446,11.2376688,11.1445857,11.2038204,2399116,31699021.49,,
2021-08-25,600648,11.1868962,11.2799793,11.1615099,11.2799793,2743416,36409355.99,,
2021-08-26,600648,11.254593,11.2630551,11.1530478,11.1615099,2544259,33635302.81,,
2021-08-27,600648,11.1615099,11.254593,11.0091921,11.2038204,3503318,46042624.47,,
2021-08-30,600648,11.2038204,11.2715172,11.1276615,11.2207446,2377451,31542085.87,,
2021-08-31,600648,11.2207446,11.3476761,11.1530478,11.3222898,3632863,48364302.82,,
2021-09-01,600648,11.3053656,11.423835,11.2122825,11.423835,4935779,66092079.72,,
2021-09-02,600648,11.423835,11.5507665,11.3476761,11.4661455,5037730,68038486.89,,
2021-09-03,600648,11.5423044,11.7284706,11.4661455,11.5253802,6384610,87388444.94,,
2021-09-06,600648,11.5253802,11.5253802,11.3899866,11.4661455,4094480,55389239.95,,
2021-09-07,600648,11.4407592,11.4746076,11.3984487,11.4576834,3696391,50003476.19,,
2021-09-08,600648,11.4661455,11.5423044,11.4322971,11.5423044,4354361,59127769.9,,
2021-09-09,600648,11.5338423,11.6353875,11.4830697,11.6269254,4088438,55836464.11,,
2021-09-10,600648,11.593077,11.6523117,11.508456,11.5761528,4124166,56389950.03,,
2021-09-13,600648,11.5338423,11.5676907,11.4915318,11.5338423,2774382,37795834.56,,
2021-09-14,600648,11.5338423,11.593077,11.2715172,11.3053656,4217200,56885874.0,,
2021-09-15,600648,11.2969035,11.3561382,11.2461309,11.3138277,2242288,29980365.92,,
2021-09-16,600648,11.3222898,11.3899866,11.2207446,11.254593,2524370,33705036.64,,
2021-09-17,600648,11.254593,11.2630551,11.1022752,11.2122825,3619443,47755672.98,,
2021-09-22,600648,11.1953583,11.2122825,11.0430405,11.1107373,3967894,52217052.43,,
2021-09-23,600648,11.1445857,11.3053656,11.1445857,11.2207446,3770268,49976514.41,,
2021-09-24,600648,11.2292067,11.2376688,11.1276615,11.1784341,2306371,30437961.81,,
2021-09-27,600648,11.1784341,11.1953583,11.0345784,11.0599647,3077019,40297922.91,,
2021-09-28,600648,11.0599647,11.1022752,11.0345784,11.0768889,2238223,29246550.3,,
2021-09-29,600648,11.0684268,11.0768889,10.9838058,11.0684268,2947649,38383445.57,,
2021-09-30,600648,11.0684268,11.1022752,11.0176542,11.0515026,2488005,32475513.67,,
2021-10-08,600648,11.0768889,11.1445857,11.0599647,11.1276615,2553263,33496949.92,,
2021-10-11,600648,11.1191994,11.2038204,11.1022752,11.1868962,2493168,32875131.56,,
2021-10-12,600648,11.1784341,11.2207446,11.0599647,11.1361236,2505337,32919933.3,,
2021-10-13,600648,11.1530478,11.1953583,11.0938131,11.1953583,2036002,26805328.37,,
2021-10-14,600648,11.1868962,11.1868962,11.0768889,11.1445857,1418304,18648248.71,,
2021-10-15,600648,11.1276615,11.1784341,11.085351,11.1615099,2321223,30517093.14,,
2021-10-18,600648,11.1530478,11.1868962,11.085351,11.1361236,2196349,28861804.55,,
2021-10-19,600648,11.085351,11.1530478,11.0430405,11.0768889,2049046,26819644.13,,
2021-10-20,600648,11.0599647,11.1530478,11.0345784,11.1276615,2201300,28878146.0,,
2021-10-21,600648,11.0938131,11.1445857,11.0599647,11.1107373,1990499,26121213.47,,
2021-10-22,600648,11.1022752,11.2038204,11.0768889,11.1530478,2571925,33869661.16,,
2021-10-25,600648,11.169972,11.169972,11.0176542,11.0515026,2340300,30569966.41,,
2021-10-26,600648,11.0599647,11.0599647,10.9922679,11.0261163,1947767,25350429.21,,
2021-10-27,600648,11.00073,11.0176542,10.6707081,10.8568743,3710948,47447447.59,,
2021-10-28,600648,10.8653364,10.8907227,10.6707081,10.8230259,2455606,31207353.72,,
2021-10-29,600648,10.831488,10.916109,10.746867,10.916109,2161983,27699287.27,,
2021-11-01,600648,10.8399501,10.916109,10.7214807,10.8653364,1519976,19470912.37,,
2021-11-02,600648,10.831488,10.8907227,10.577625,10.7722533,3138513,39736870.16,,
2021-11-03,600648,10.7384049,10.8230259,10.7130186,10.7807154,1621547,20633989.9,,
2021-11-04,600648,10.7637912,10.8568743,10.7299428,10.8568743,1939505,24740826.36,,
2021-11-05,600648,10.8568743,10.8568743,10.7722533,10.8145638,1643000,20978729.0,,
2021-11-08,600648,10.7891775,10.7891775,10.7130186,10.7299428,1304278,16557139.77,,
2021-11-09,600648,10.746867,10.7976396,10.662246,10.7553291,2396239,30349452.07,,
2021-11-10,600648,10.746867,10.7637912,10.6283976,10.7214807,2259467,28537172.53,,
2021-11-11,600648,10.7384049,10.9584195,10.6791702,10.916109,4194982,53901032.25,,
2021-11-12,600648,10.9076469,10.9584195,10.8230259,10.8822606,2241809,28796980.24,,
2021-11-15,600648,10.8907227,10.916109,10.7637912,10.8568743,1872555,23973785.64,,
2021-11-16,600648,10.831488,10.8822606,10.746867,10.7807154,2017536,25755966.94,,
2021-11-17,600648,10.7553291,10.7976396,10.7130186,10.746867,1805746,22921112.08,,
2021-11-18,600648,10.746867,10.7637912,10.6960944,10.7384049,2144790,27175385.79,,
2021-11-19,600648,10.7384049,10.8822606,10.6960944,10.831488,2533829,32272764.79,,
2021-11-22,600648,10.7976396,10.8991848,10.7722533,10.8061017,2703902,34542707.67,,
2021-11-23,600648,10.8061017,10.8653364,10.7384049,10.7807154,3188147,40579022.57,,
2021-11-24,600648,10.7891775,10.7976396,10.7045565,10.7214807,2460300,31185962.0,,
2021-11-25,600648,10.7384049,10.7807154,10.6791702,10.746867,2563337,32480980.25,,
2021-11-26,600648,10.7130186,10.746867,10.6707081,10.7214807,1716878,21708009.14,,
2021-11-29,600648,10.6453218,10.6537839,10.5860871,10.6453218,2001562,25127579.06,,
2021-11-30,600648,10.6876323,10.6960944,10.6283976,10.6876323,1698352,21422497.61,,
2021-12-01,600648,10.662246,10.7553291,10.6368597,10.7553291,2271378,28768707.62,,
2021-12-02,600648,10.7553291,10.8145638,10.7130186,10.7807154,2301116,29283939.52,,
2021-12-03,600648,10.7722533,10.9245711,10.7722533,10.8737985,2873007,36851524.12,,
2021-12-06,600648,10.8653364,10.9414953,10.7891775,10.8230259,1947055,24970034.32,,
2021-12-07,600648,10.8991848,10.916109,10.7807154,10.8737985,2067138,26487993.16,,
2021-12-08,600648,10.8737985,10.916109,10.7976396,10.8653364,2158965,27683402.43,,
2021-12-09,600648,10.831488,10.9499574,10.8230259,10.9414953,3117037,40213241.22,,
2021-12-10,600648,10.8822606,10.9838058,10.8737985,10.9838058,2697252,34863914.04,,
2021-12-13,600648,10.9838058,11.00073,10.916109,10.9838058,2903457,37574379.23,,
2021-12-14,600648,10.9584195,10.9668816,10.8484122,10.9076469,2992578,38507480.23,,
2021-12-15,600648,10.8737985,10.9330332,10.8653364,10.9330332,2665768,34371745.11,,
2021-12-16,600648,10.9245711,11.0176542,10.8822606,10.9922679,3651644,47200655.93,,
2021-12-17,600648,10.9668816,11.0768889,10.9414953,11.0515026,4622572,60240116.85,,
2021-12-20,600648,11.0515026,11.1276615,11.0091921,11.1107373,3344629,43835021.46,,
2021-12-21,600648,11.085351,11.3730624,11.0768889,11.3307519,7971997,106318365.87,,
2021-12-22,600648,11.3222898,11.3222898,11.1191994,11.1953583,5474726,72302849.55,,
2021-12-23,600648,11.169972,11.2207446,11.0938131,11.1445857,3012330,39592281.43,,
2021-12-24,600648,11.1445857,11.169972,11.0261163,11.1615099,2885350,37869683.51,,
2021-12-27,600648,11.1615099,11.2292067,11.0938131,11.1868962,2687305,35516422.9,,
2021-12-28,600648,11.1784341,11.1868962,11.0599647,11.1191994,2310721,30318472.53,,
2021-12-29,600648,11.1107373,11.1953583,11.0768889,11.1530478,2334089,30687859.52,,
2021-12-30,600648,11.1022752,11.1784341,11.1022752,11.1530478,2255063,29687995.06,,
2021-12-31,600648,11.1530478,11.2292067,11.1191994,11.1953583,2761942,36451054.78,,
2022-01-04,600648,11.2292067,11.254593,11.1530478,11.254593,3749621,49698642.63,,
2022-01-05,600648,11.2461309,11.3053656,11.2122825,11.2715172,3111638,41403929.09,,
2022-01-06,600648,11.2715172,11.2969035,11.2038204,11.2884414,2835107,37697503.38,,
2022-01-07,600648,11.2715172,11.3476761,11.2461309,11.2884414,3976470,53111628.34,,
2022-01-10,600648,11.2884414,11.3222898,11.169972,11.2884414,2798497,37202438.17,,
2022-01-11,600648,11.2376688,11.3646003,11.2207446,11.339214,4311482,57679711.36,,
2022-01-12,600648,11.3222898,11.3222898,11.1953583,11.2969035,2797951,37240446.49,,
2022-01-13,600648,11.2799793,11.3730624,11.2292067,11.2799793,3833564,51179436.46,,
2022-01-14,600648,11.2630551,11.2969035,11.1107373,11.1361236,4234844,55837829.98,,
2022-01-17,600648,11.1191994,11.2461309,11.085351,11.2292067,4409828,58379120.53,,
2022-01-18,600648,11.254593,11.2884414,11.1445857,11.2122825,2359111,31234135.05,,
2022-01-19,600648,11.169972,11.2715172,11.169972,11.2376688,2955081,39225385.56,,
2022-01-20,600648,11.2630551,11.3138277,11.1953583,11.2630551,3952388,52548858.01,,
2022-01-21,600648,11.2461309,11.2799793,11.1530478,11.254593,3209693,42517933.67,,
2022-01-24,600648,11.2038204,11.2799793,11.1445857,11.2461309,2840500,37711900.0,,
2022-01-25,600648,11.2207446,11.2292067,10.9668816,11.0091921,4411914,57629966.79,,
2022-01-26,600648,11.0261163,11.0261163,10.8399501,10.9499574,2738901,35356536.91,,
2022-01-27,600648,10.9753437,10.9838058,10.7553291,10.9076469,3679059,47226782.8,,
2022-01-28,600648,11.0176542,11.0176542,10.8145638,10.8568743,2897679,37182919.4,,
2022-02-07,600648,10.8991848,11.1107373,10.8568743,10.9838058,2723371,35260923.58,,
2022-02-08,600648,10.9584195,11.1530478,10.9584195,11.1191994,3850616,50420669.79,,
2022-02-09,600648,11.1276615,11.2630551,11.085351,11.2292067,3550401,47060565.17,,
2022-02-10,600648,11.1784341,11.2630551,11.1445857,11.254593,2861101,37968767.91,,
2022-02-11,600648,11.2715172,11.3138277,11.2122825,11.254593,2976893,39571127.17,,
2022-02-14,600648,11.2038204,11.254593,11.169972,11.254593,2855020,37839131.96,,
2022-02-15,600648,11.2376688,11.254593,11.1445857,11.2038204,2413072,31914799.06,,
2022-02-16,600648,11.2038204,11.2461309,11.169972,11.2292067,2433479,32240317.39,,
2022-02-17,600648,11.2207446,11.2461309,11.1107373,11.1868962,2471720,32676784.35,,
2022-02-18,600648,11.1868962,11.3053656,11.1276615,11.3053656,4932499,65475473.73,,
2022-02-21,600648,11.254593,11.3561382,11.2207446,11.3561382,4122503,55017804.98,,
2022-02-22,600648,11.3222898,11.3222898,11.1615099,11.2630551,3537913,47032810.7,,
2022-02-23,600648,11.2799793,11.2969035,11.169972,11.2376688,3037300,40256671.0,,
2022-02-24,600648,11.2376688,11.2376688,11.0176542,11.085351,5086204,66769088.32,,
2022-02-25,600648,11.1022752,11.1445857,11.0430405,11.1022752,2762914,36216234.44,,
2022-02-28,600648,11.1022752,11.1022752,10.9076469,11.00073,2545435,33072219.0,,
2022-03-01,600648,11.00073,11.1191994,10.9668816,11.0430405,2418404,31515056.0,,
2022-03-02,600648,11.0176542,11.339214,11.0176542,11.254593,6734355,89455719.0,,
2022-03-03,600648,11.2969035,11.339214,11.2122825,11.3307519,6958960,92826088.0,,
2022-03-04,600648,11.3307519,11.3730624,11.1868962,11.3646003,5297577,70767612.0,,
2022-03-07,600648,11.3646003,11.4576834,11.2122825,11.2884414,4864024,64914550.0,,
2022-03-08,600648,11.2799793,11.2799793,10.9245711,11.1107373,6026606,78899454.0,,
2022-03-09,600648,11.0768889,11.0768889,10.323762,10.6960944,6641634,83823297.0,,
2022-03-10,600648,10.662246,10.831488,10.577625,10.7976396,3570231,45236179.0,,
2022-03-11,600648,10.7299428,10.8399501,10.4591556,10.8399501,4766117,59871929.0,,
2022-03-14,600648,10.7637912,10.9076469,10.6876323,10.7807154,3119924,39781934.0,,
2022-03-15,600648,10.7553291,10.7637912,10.408383,10.4845419,5189975,64252908.0,,
2022-03-16,600648,10.5353145,10.5607008,10.069899,10.4760798,4325402,52856002.0,,
2022-03-17,600648,10.5099282,10.6791702,10.5014661,10.6199355,4421475,55353645.0,,
2022-03-18,600648,10.5945492,10.746867,10.4591556,10.662246,5170204,64837214.08,,
2022-03-21,600648,10.6283976,10.7130186,10.5860871,10.6537839,4019364,50535899.44,,
2022-03-22,600648,10.5099282,10.8230259,10.5099282,10.8230259,6879399,87025176.24,,
2022-03-23,600648,10.746867,10.9838058,10.6453218,10.9753437,7509166,95879565.82,,
2022-03-24,600648,10.916109,11.0768889,10.831488,11.0599647,7627190,99131497.42,,
2022-03-25,600648,11.0345784,11.0684268,10.8484122,11.0684268,7987446,103658317.5,,
2022-03-28,600648,11.00073,11.169972,10.5860871,11.1191994,8188461,106750839.42,,
2022-03-29,600648,11.0684268,11.2376688,10.9668816,11.0768889,5879839,76886266.64,,
2022-03-30,600648,11.0599647,11.4576834,11.0345784,11.3984487,13277870,176898862.21,,
2022-03-31,600648,11.339214,11.6946222,11.2969035,11.6184633,16822985,228870413.31,,
2022-04-01,600648,11.5253802,11.6946222,11.3815245,11.6692359,15084514,205734848.41,,
2022-04-06,600648,11.7030843,12.2277345,11.5676907,12.0331062,17950912,252807864.72,,
2022-04-07,600648,11.84694,12.0584925,11.6353875,11.7369327,11956701,166152473.87,,
2022-04-08,600648,11.677698,11.7877053,11.3984487,11.6946222,12677371,173920921.0,,
2022-04-11,600648,11.6353875,11.8130916,11.4407592,11.7369327,13717993,189237275.24,,
2022-04-12,600648,11.677698,11.762319,11.423835,11.6353875,16598323,227552467.46,,
2022-04-13,600648,11.6438496,11.762319,11.2630551,11.508456,10543592,143062204.25,,
2022-04-14,600648,11.4915318,11.762319,11.4661455,11.762319,11190786,154346946.81,,
2022-04-15,600648,11.7030843,11.8046295,11.5507665,11.6861601,9890964,136195259.66,,
2022-04-18,600648,11.6438496,11.6438496,11.2292067,11.4576834,10440161,140671949.76,,
2022-04-19,600648,11.4576834,11.5507665,11.2799793,11.508456,5481394,74107908.2,,
2022-04-20,600648,11.4915318,11.6692359,11.1784341,11.2969035,6185977,82952764.47,,
2022-04-21,600648,11.254593,11.3053656,10.7976396,11.0345784,7246431,94125376.87,,
2022-04-22,600648,11.0345784,11.0345784,10.7045565,10.8991848,5489713,70339945.83,,
2022-04-25,600648,10.6707081,10.7807154,10.408383,10.4422314,4976369,62176242.26,,
2022-04-26,600648,10.493004,10.6537839,10.1291337,10.6537839,6507663,79873367.45,,
2022-04-27,600648,10.5522387,10.5522387,10.2052926,10.5353145,5783011,71154892.79,,
2022-04-28,600648,10.4506935,10.5607008,10.2560652,10.4422314,4221886,51966706.99,,
2022-04-29,600648,11.4746076,11.4830697,11.2292067,11.4830697,11129584,150874987.33,,
2022-05-05,600648,12.185424,12.6339153,12.016182,12.523908,46465839,684479886.76,价格异常,10.022107590272666
2022-05-06,600648,11.6523117,12.0923409,11.5761528,11.9484852,24342039,340866112.12,,
2022-05-09,600648,11.9484852,12.1261893,11.8130916,12.0500304,12810099,181006493.82,,
2022-05-10,600648,11.84694,12.185424,11.593077,12.185424,13661101,192883369.78,,
2022-05-11,600648,12.1177272,12.2531208,11.8977126,12.0669546,12007160,171006691.54,,
2022-05-12,600648,12.1769619,12.2023482,11.9400231,12.1431135,8879061,126643187.71,,
2022-05-13,600648,12.1431135,12.4562112,12.016182,12.4223628,15788973,229311240.31,,
2022-05-16,600648,12.6846879,12.6846879,12.0923409,12.4985217,14110522,206394983.33,,
2022-05-17,600648,12.4308249,12.4308249,11.9484852,12.2785071,11459856,164447851.45,,
2022-05-18,600648,12.23363376,12.32338896,11.97334368,12.24260928,11372333,154347363.38,,
2022-05-19,600648,12.15285408,12.3862176,12.00924576,12.3862176,8506115,115134049.5,,
2022-05-20,600648,12.565728,12.565728,12.14387856,12.31441344,9183846,125449209.15,,
2022-05-23,600648,12.26056032,12.28748688,12.09900096,12.27851136,5893011,80080524.08,,
2022-05-24,600648,12.22465824,12.26056032,12.01822128,12.08104992,7148348,96363521.21,,
2022-05-25,600648,12.01822128,12.3862176,11.91949056,12.22465824,7403125,100268447.22,,
2022-05-26,600648,12.2515848,12.31441344,12.0720744,12.21568272,6382649,86763570.89,,
2022-05-27,600648,12.18875616,12.2964624,12.12592752,12.26953584,5737912,78242656.15,,
2022-05-30,600648,12.28748688,13.17606336,12.28748688,12.79909152,20438892,291470024.13,,
2022-05-31,600648,12.6106056,12.72728736,12.26056032,12.44007072,12662526,175271542.75,,
2022-06-01,600648,12.36826656,12.4310952,12.27851136,12.40416864,7886165,108459348.48,,
2022-06-02,600648,12.40416864,12.6106056,11.87461296,12.1618296,11945185,161161325.73,,
2022-06-06,600648,12.01822128,12.2515848,11.9823192,12.1618296,6616688,89265086.89,,
2022-06-07,600648,12.14387856,12.33236448,12.06309888,12.2964624,8133810,110691561.6,,
2022-06-08,600648,12.28748688,12.33236448,11.95539264,12.17978064,6698489,90368775.71,,
2022-06-09,600648,12.18875616,12.23363376,12.03617232,12.17080512,5782487,78141973.56,,
2022-06-10,600648,12.09002544,12.34134,11.99129472,12.21568272,7762750,104805146.47,,
2022-06-13,600648,12.116952,12.21568272,11.92846608,12.04514784,6266778,83955894.38,,
2022-06-14,600648,11.95539264,12.116952,11.8476864,12.10797648,5196146,69476246.41,,
2022-06-15,600648,12.08104992,12.4310952,12.0271968,12.35929104,11787154,161355165.33,,
2022-06-16,600648,12.36826656,12.44007072,12.18875616,12.23363376,7031952,96327992.22,,
2022-06-17,600648,12.12592752,12.18875616,11.96436816,12.17978064,5713966,77014475.57,,
2022-06-20,600648,12.17080512,12.35929104,12.08104992,12.28748688,6395222,87366645.26,,
2022-06-21,600648,12.27851136,12.41314416,12.10797648,12.2515848,7657907,104716879.89,,
2022-06-22,600648,12.21568272,12.24260928,11.9374416,12.04514784,6328239,84974244.18,,
2022-06-23,600648,12.00924576,12.19773168,11.91051504,12.17080512,6762481,91132632.02,,
2022-06-24,600648,12.1618296,12.2964624,12.01822128,12.17978064,6804400,91886911.36,,
2022-06-27,600648,12.2067072,12.28748688,12.0720744,12.12592752,6814844,92209281.24,,
2022-06-28,600648,12.05412336,12.17978064,11.9823192,12.06309888,6023487,81096639.99,,
2022-06-29,600648,12.08104992,12.2515848,12.0271968,12.1618296,9511689,128979092.07,,
2022-06-30,600648,12.26056032,12.26056032,12.06309888,12.2067072,7436574,100703697.24,,
2022-07-01,600648,12.2067072,12.2515848,12.116952,12.1618296,5872983,79705547.14,,
2022-07-04,600648,12.1618296,12.37724208,12.05412336,12.33236448,7373340,100587030.36,,
2022-07-05,600648,12.34134,12.60163008,12.2964624,12.48494832,10061697,139486895.18,,
2022-07-06,600648,12.57470352,12.63753216,11.94641712,12.01822128,11203483,151168557.29,,
2022-07-07,600648,12.03617232,12.2515848,11.892564,12.17978064,7855882,106370936.38,,
2022-07-08,600648,12.17080512,12.28748688,12.08104992,12.26953584,6580105,89637589.17,,
2022-07-11,600648,12.27851136,12.27851136,12.01822128,12.18875616,4422522,59739798.46,,
2022-07-12,600648,12.18875616,12.18875616,12.03617232,12.15285408,4494296,60691562.95,,
2022-07-13,600648,12.13490304,12.3862176,12.08104992,12.3862176,6726020,91574326.03,,
2022-07-14,600648,12.30543792,12.35031552,12.0720744,12.24260928,6053300,82096829.0,,
2022-07-15,600648,12.116952,12.15285408,11.33608176,11.41686144,17236047,220594236.52,,
2022-07-18,600648,11.3989104,11.64124944,11.2194,11.64124944,12409754,157337531.55,,
2022-07-19,600648,11.4886656,11.4886656,11.33608176,11.43481248,7358522,93382531.14,,
2022-07-20,600648,11.43481248,11.43481248,11.37198384,11.41686144,5041765,64044144.5,,
2022-07-21,600648,11.3989104,11.46173904,11.37198384,11.443788,4852915,61683619.53,,
2022-07-22,600648,11.45276352,11.45276352,11.25530208,11.38095936,5108845,64653204.34,,
2022-07-25,600648,11.37198384,11.47071456,11.30017968,11.38095936,4431086,56200208.91,,
2022-07-26,600648,11.36300832,11.51559216,11.30017968,11.4886656,4666483,59467250.6,,
2022-07-27,600648,11.45276352,11.4886656,11.3540328,11.46173904,3860207,49124173.3,,
2022-07-28,600648,11.5335432,11.56046976,11.40788592,11.52456768,5019211,64155892.67,,
2022-07-29,600648,11.49764112,11.49764112,11.37198384,11.443788,5154040,65631915.4,,
2022-08-01,600648,11.43481248,11.443788,11.2194,11.34505728,4491071,56666856.9,,
2022-08-02,600648,11.30017968,11.30017968,10.770624,11.10271824,7389176,90247297.13,,
2022-08-03,600648,11.09374272,11.1745224,10.97706096,11.0398896,5100177,62821851.76,,
2022-08-04,600648,11.0398896,11.0847672,10.8603792,11.05784064,3418895,41860827.0,,
2022-08-05,600648,11.0398896,11.16554688,10.9501344,11.16554688,3983159,49050656.0,,
2022-08-08,600648,11.16554688,11.22837552,11.0847672,11.16554688,3697508,45975032.0,,
2022-08-09,600648,11.14759584,11.19247344,11.03091408,11.14759584,3310894,41009164.0,,
2022-08-10,600648,11.10271824,11.11169376,11.03091408,11.07579168,2717199,33486591.0,,
2022-08-11,600648,11.11169376,11.2642776,11.10271824,11.24632656,4154493,51817095.0,,
2022-08-12,600648,11.22837552,11.38095936,11.18349792,11.33608176,4145187,52134995.0,,
2022-08-15,600648,11.3091552,11.33608176,11.19247344,11.28222864,3555200,44601962.5,,
2022-08-16,600648,11.27325312,11.36300832,11.25530208,11.34505728,3383073,42682048.96,,
2022-08-17,600648,11.25530208,11.3540328,11.10271824,11.28222864,7222162,90214222.07,,
2022-08-18,600648,11.2194,11.92846608,10.9501344,11.92846608,7435474,92403639.91,,
2022-08-19,600648,11.46173904,11.46173904,11.19247344,11.2642776,11581352,145526652.58,,
2022-08-22,600648,11.19247344,11.19247344,11.00398752,11.15657136,6522497,80530641.79,,
2022-08-23,600648,11.09374272,11.15657136,11.04886512,11.10271824,4096872,50616524.35,,
2022-08-24,600648,11.10271824,11.12066928,10.91423232,10.91423232,4513100,55273981.09,,
2022-08-25,600648,10.91423232,11.00398752,10.85140368,10.995012,5279754,64310492.17,,
2022-08-26,600648,10.995012,11.1745224,10.88730576,11.02193856,5015893,61377829.14,,
2022-08-29,600648,10.9052568,10.97706096,10.83345264,10.9501344,3543557,43120063.24,,
2022-08-30,600648,10.9501344,11.01296304,10.9052568,10.9501344,3782500,46113396.0,,
2022-08-31,600648,10.92320784,10.95910992,10.84242816,10.8603792,4150160,50351005.55,,
2022-09-01,600648,10.89628128,10.94115888,10.8155016,10.8603792,6429804,77813959.71,,
2022-09-02,600648,10.82447712,10.8603792,10.770624,10.83345264,3074354,37047694.4,,
2022-09-05,600648,10.84242816,10.88730576,10.770624,10.88730576,2722298,32914104.6,,
2022-09-06,600648,10.89628128,11.00398752,10.86935472,10.96808544,6872801,83759103.79,,
2022-09-07,600648,11.00398752,11.03091408,10.86935472,10.93218336,4046879,49228564.28,,
2022-09-08,600648,10.94115888,11.02193856,10.88730576,10.96808544,3058946,37297404.77,,
2022-09-09,600648,10.96808544,11.05784064,10.94115888,11.0398896,7017668,86186086.54,,
2022-09-13,600648,11.0398896,11.07579168,10.93218336,10.995012,4961720,60784197.64,,
2022-09-14,600648,10.94115888,10.98603648,10.9052568,10.96808544,3107772,37891419.53,,
2022-09-15,600648,10.95910992,11.07579168,10.87833024,11.01296304,6352462,77875594.43,,
2022-09-16,600648,10.96808544,10.98603648,10.53726048,10.8603792,8082598,96742022.09,,
2022-09-19,600648,10.770624,10.770624,10.6359912,10.75267296,3743136,44643547.14,,
2022-09-20,600648,10.69881984,10.83345264,10.62701568,10.66291776,3596770,42821579.63,,
2022-09-21,600648,10.60906464,10.80652608,10.44750528,10.73472192,2967001,35298311.87,,
2022-09-22,600648,10.66291776,10.7257464,10.60906464,10.6808688,2385432,28291694.1,,
2022-09-23,600648,10.6359912,10.7257464,10.546236,10.66291776,2214301,26257893.89,,
2022-09-26,600648,10.55521152,10.60008912,10.43852976,10.48340736,2932516,34260016.15,,
2022-09-27,600648,10.48340736,10.55521152,10.33082352,10.51930944,3375705,39285900.28,,
2022-09-28,600648,10.47443184,10.52828496,10.39365216,10.43852976,2152791,25050686.15,,
2022-09-29,600648,10.51033392,10.51033392,10.3667256,10.42955424,2303495,26755643.5,,
2022-09-30,600648,10.4564808,10.51033392,10.38467664,10.46545632,1667518,19433223.38,,
2022-10-10,600648,10.4564808,10.55521152,10.37570112,10.49238288,2000263,23367656.01,,
2022-10-11,600648,10.4564808,10.53726048,10.4116032,10.5013584,1458300,17034663.0,,
2022-10-12,600648,10.44750528,10.60008912,10.35775008,10.5911136,1945527,22767548.09,,
2022-10-13,600648,10.55521152,10.60008912,10.49238288,10.56418704,1621506,19063293.89,,
2022-10-14,600648,10.58213808,10.69881984,10.56418704,10.66291776,2453781,29144639.89,,
2022-10-17,600648,10.60906464,10.73472192,10.55521152,10.7257464,2923793,34653293.2,,
2022-10-18,600648,10.7257464,10.7257464,10.62701568,10.66291776,2050581,24352036.43,,
2022-10-19,600648,10.66291776,10.66291776,10.57316256,10.61804016,1634817,19343338.74,,
2022-10-20,600648,10.61804016,10.6359912,10.5013584,10.51033392,3160433,37126507.43,,
2022-10-21,600648,10.5013584,10.60008912,10.5013584,10.58213808,1912884,22492353.39,,
2022-10-24,600648,10.61804016,10.65394224,10.46545632,10.5013584,2834656,33274543.65,,
2022-10-25,600648,10.5013584,10.546236,10.24106832,10.26799488,2695169,31022562.26,,
2022-10-26,600648,10.2769704,10.37570112,10.24106832,10.28594592,1532115,17600775.38,,
2022-10-27,600648,10.29492144,10.51930944,10.2769704,10.47443184,2250864,26131708.93,,
2022-10-28,600648,10.42057872,10.49238288,10.1872152,10.25901936,2123826,24424791.74,,
2022-10-31,600648,10.19619072,10.34877456,10.16028864,10.30389696,1810699,20677467.77,,
2022-11-01,600648,10.30389696,10.51930944,10.2769704,10.51033392,2401325,27893387.96,,
2022-11-02,600648,10.5013584,10.55521152,10.48340736,10.546236,1750064,20527400.1,,
2022-11-03,600648,10.51033392,10.52828496,10.44750528,10.52828496,1345725,15739725.36,,
2022-11-04,600648,10.53726048,10.65394224,10.46545632,10.64496672,2613763,30850433.91,,
2022-11-07,600648,10.61804016,10.71677088,10.546236,10.70779536,2152517,25510651.27,,
2022-11-08,600648,10.66291776,10.70779536,10.57316256,10.62701568,1695895,20069881.31,,
2022-11-09,600648,10.64496672,10.74369744,10.5911136,10.62701568,2122634,25174165.14,,
2022-11-10,600648,10.55521152,10.62701568,10.46545632,10.60906464,2147785,25242897.01,,
2022-11-11,600648,10.7257464,10.98603648,10.68984432,10.93218336,6855489,82919951.07,,
2022-11-14,600648,10.995012,11.19247344,10.84242816,10.95910992,5997861,73237071.47,,
2022-11-15,600648,10.94115888,11.03091408,10.8603792,10.995012,4670023,56985011.63,,
2022-11-16,600648,10.9501344,10.95910992,10.8155016,10.92320784,3362782,40784482.19,,
2022-11-17,600648,10.95910992,10.95910992,10.83345264,10.89628128,2617240,31774375.36,,
2022-11-18,600648,10.91423232,10.94115888,10.83345264,10.89628128,3164126,38358974.59,,
2022-11-21,600648,10.87833024,10.87833024,10.69881984,10.77959952,2405455,28814117.35,,
2022-11-22,600648,10.75267296,10.89628128,10.73472192,10.80652608,2329778,28028438.32,,
2022-11-23,600648,10.79755056,10.84242816,10.74369744,10.8155016,2051687,24686637.22,,
2022-11-24,600648,10.92320784,10.95910992,10.83345264,10.89628128,2357540,28605795.81,,
2022-11-25,600648,11.1296448,11.16554688,10.98603648,11.06681616,5947584,73338424.81,,
2022-11-28,600648,10.9052568,11.04886512,10.83345264,11.0398896,3626402,44269576.99,,
2022-11-29,600648,11.3091552,11.58739632,11.15657136,11.5784208,16044233,204143637.83,,
2022-11-30,600648,11.46173904,11.56046976,11.2194,11.3989104,10754210,136328496.68,,
2022-12-01,600648,11.29120416,11.36300832,11.16554688,11.24632656,7185881,89938653.52,,
2022-12-02,600648,11.5335432,11.56944528,11.28222864,11.45276352,9016903,114603033.06,,
2022-12-05,600648,11.30017968,11.5335432,11.30017968,11.52456768,8488571,108097910.88,,
2022-12-06,600648,11.40788592,11.443788,11.29120416,11.34505728,5476995,69272415.07,,
2022-12-07,600648,11.31813072,11.3540328,11.1745224,11.32710624,3867711,48581668.1,,
2022-12-08,600648,11.3091552,11.42583696,11.2642776,11.40788592,5736474,72717354.98,,
2022-12-09,600648,11.3989104,11.65022496,11.3540328,11.50661664,7447423,95186192.55,,
2022-12-12,600648,11.3989104,11.47071456,11.29120416,11.37198384,4618590,58414914.53,,
2022-12-13,600648,11.33608176,11.49764112,11.32710624,11.47071456,4127017,52536357.57,,
2022-12-14,600648,11.46173904,11.46173904,11.36300832,11.443788,2429469,30916517.91,,
2022-12-15,600648,11.41686144,11.46173904,11.3091552,11.46173904,3123929,39638452.17,,
2022-12-16,600648,11.3989104,11.5784208,11.33608176,11.51559216,7200021,92183799.49,,
2022-12-19,600648,11.47969008,11.61432288,11.27325312,11.41686144,7004687,89100039.88,,
2022-12-20,600648,11.29120416,11.3091552,10.995012,11.0398896,6536418,80666604.98,,
2022-12-21,600648,11.0398896,11.12066928,10.98603648,11.02193856,2789885,34334092.92,,
2022-12-22,600648,11.07579168,11.14759584,11.00398752,11.02193856,2517853,31090548.16,,
2022-12-23,600648,11.01296304,11.04886512,10.9052568,10.97706096,2014597,24653841.14,,
2022-12-26,600648,11.03091408,11.03091408,10.83345264,10.87833024,2019500,24530083.42,,
2022-12-27,600648,10.87833024,10.98603648,10.83345264,10.86935472,1952333,23679996.44,,
2022-12-28,600648,10.83345264,10.88730576,10.74369744,10.84242816,1691518,20397615.44,,
2022-12-29,600648,10.77959952,10.83345264,10.64496672,10.67189328,1915968,22842268.82,,
2022-12-30,600648,10.67189328,10.7257464,10.65394224,10.7257464,1588731,18918476.12,,
2023-01-03,600648,10.73472192,10.78857504,10.64496672,10.770624,2264660,27121434.94,,
2023-01-04,600648,10.73472192,11.0398896,10.7257464,10.96808544,3701348,45031744.82,,
2023-01-05,600648,10.94115888,10.995012,10.83345264,10.89628128,2686567,32621352.72,,
2023-01-06,600648,10.9052568,10.92320784,10.82447712,10.84242816,1953386,23643121.48,,
2023-01-09,600648,10.84242816,10.91423232,10.73472192,10.76164848,2763360,33234313.39,,
2023-01-10,600648,10.7257464,10.78857504,10.56418704,10.60906464,3069010,36321073.41,,
2023-01-11,600648,10.60906464,10.67189328,10.57316256,10.5911136,1529252,18076868.56,,
2023-01-12,600648,10.5911136,10.67189328,10.43852976,10.5013584,2609500,30565991.0,,
2023-01-13,600648,10.47443184,10.58213808,10.47443184,10.58213808,1611680,18937876.29,,
2023-01-16,600648,10.58213808,10.69881984,10.39365216,10.6808688,5644102,66606886.52,,
2023-01-17,600648,10.6808688,10.6808688,10.56418704,10.61804016,3192674,37684042.61,,
2023-01-18,600648,10.6359912,10.6359912,10.51033392,10.60906464,3517287,41435449.91,,
2023-01-19,600648,10.5911136,10.74369744,10.55521152,10.7257464,4149001,49167694.63,,
2023-01-20,600648,10.71677088,10.92320784,10.68984432,10.86935472,5719218,68691751.14,,
2023-01-30,600648,10.86935472,10.9501344,10.8155016,10.8603792,5294795,64113881.71,,
2023-01-31,600648,10.84242816,10.9052568,10.80652608,10.9052568,2702107,32704559.58,,
2023-02-01,600648,10.92320784,10.93218336,10.84242816,10.92320784,4960771,60239141.05,,
2023-02-02,600648,10.92320784,10.95910992,10.88730576,10.9501344,4996128,60835889.04,,
2023-02-03,600648,10.92320784,10.94115888,10.84242816,10.92320784,3200336,38861582.93,,
2023-02-06,600648,10.9052568,10.91423232,10.83345264,10.9052568,2362440,28640003.93,,
2023-02-07,600648,10.93218336,11.1745224,10.88730576,10.97706096,5163158,63218246.52,,
2023-02-08,600648,10.98603648,10.98603648,10.87833024,10.9501344,3095031,37684332.29,,
2023-02-09,600648,10.94115888,11.02193856,10.87833024,11.01296304,4075956,49725386.66,,
2023-02-10,600648,10.995012,11.01296304,10.94115888,11.00398752,3683488,45060753.86,,
2023-02-13,600648,10.995012,11.00398752,10.9501344,10.995012,3341259,40895948.47,,
2023-02-14,600648,11.02193856,11.0398896,10.95910992,11.01296304,2825287,34611876.01,,
2023-02-15,600648,11.02193856,11.02193856,10.94115888,10.98603648,2100683,25697353.16,,
2023-02-16,600648,10.995012,11.04886512,10.8155016,10.95910992,5968346,72999339.16,,
2023-02-17,600648,10.88730576,10.9501344,10.8603792,10.93218336,3031770,36852839.87,,
2023-02-20,600648,10.93218336,11.02193856,10.89628128,11.02193856,2845351,34793908.02,,
2023-02-21,600648,11.0847672,11.10271824,10.995012,11.07579168,3608076,44442823.52,,
2023-02-22,600648,11.03091408,11.07579168,10.995012,11.07579168,2260721,27839999.02,,
2023-02-23,600648,11.09374272,11.11169376,11.00398752,11.05784064,2678402,33013755.64,,
2023-02-24,600648,11.06681616,11.11169376,11.01296304,11.09374272,2764731,34068653.49,,
2023-02-27,600648,11.09374272,11.12066928,11.03091408,11.06681616,2018042,24895441.12,,
2023-02-28,600648,11.09374272,11.12066928,11.0398896,11.10271824,2352157,29032528.31,,
2023-03-01,600648,11.09374272,11.16554688,11.06681616,11.16554688,2848230,35308062.31,,
2023-03-02,600648,11.16554688,11.22837552,11.12066928,11.19247344,3155664,39269775.48,,
2023-03-03,600648,11.2194,11.2194,11.1296448,11.16554688,5223862,64966373.52,,
2023-03-06,600648,11.19247344,11.28222864,11.19247344,11.24632656,4473267,55967736.7,,
2023-03-07,600648,11.24632656,11.25530208,11.09374272,11.1745224,4824749,60132836.64,,
2023-03-08,600648,11.1745224,11.1745224,11.01296304,11.09374272,3966629,48851976.34,,
2023-03-09,600648,11.09374272,11.19247344,11.02193856,11.16554688,3296243,40792742.13,,
2023-03-10,600648,11.1745224,11.1745224,10.995012,11.09374272,4370277,53948348.43,,
2023-03-13,600648,11.06681616,11.09374272,11.00398752,11.0398896,2324089,28591947.05,,
2023-03-14,600648,11.03091408,11.07579168,10.8603792,10.96808544,3057849,37350220.45,,
2023-03-15,600648,10.98603648,11.1296448,10.98603648,11.12066928,2391578,29502412.74,,
2023-03-16,600648,11.10271824,11.21042448,11.0398896,11.15657136,4440382,55090293.28,,
2023-03-17,600648,11.15657136,11.38993488,11.13862032,11.3091552,5811740,73124936.69,,
2023-03-20,600648,11.38095936,11.52456768,11.32710624,11.37198384,5511013,70074569.94,,
2023-03-21,600648,11.41686144,11.41686144,11.27325312,11.33608176,3144968,39674526.44,,
2023-03-22,600648,11.3540328,11.40788592,11.30017968,11.38993488,2768405,34999554.94,,
2023-03-23,600648,11.38095936,11.38993488,11.30017968,11.3540328,2856800,36083967.0,,
2023-03-24,600648,11.3540328,11.52456768,11.29120416,11.443788,6438030,81902157.92,,
2023-03-27,600648,11.38095936,11.3989104,11.11169376,11.2642776,4268217,53475164.82,,
2023-03-28,600648,11.2642776,11.3091552,11.20144896,11.22837552,2328446,29153894.0,,
2023-03-29,600648,11.22837552,11.24632656,11.09374272,11.12066928,2857843,35458786.51,,
2023-03-30,600648,11.1296448,11.14759584,11.01296304,11.07579168,2392800,29503837.0,,
2023-03-31,600648,11.0398896,11.12066928,11.0398896,11.10271824,2177512,26903786.94,,
2023-04-03,600648,11.12066928,11.19247344,11.07579168,11.15657136,3066227,38115134.68,,
2023-04-04,600648,11.15657136,11.29120416,11.13862032,11.2642776,3569156,44692335.17,,
2023-04-06,600648,11.2642776,11.3091552,11.15657136,11.18349792,2466331,30801568.94,,
2023-04-07,600648,11.20144896,11.36300832,11.1745224,11.3540328,4456480,56128046.62,,
2023-04-10,600648,11.38095936,11.40788592,11.23735104,11.3091552,2846301,35805282.56,,
2023-04-11,600648,11.34505728,11.36300832,11.24632656,11.3540328,4779674,60199746.65,,
2023-04-12,600648,11.3091552,11.37198384,11.29120416,11.3540328,3226661,40721546.12,,
2023-04-13,600648,11.32710624,11.38095936,11.30017968,11.36300832,3931799,49701418.15,,
2023-04-14,600648,11.33608176,11.3989104,11.22837552,11.27325312,4491435,56442399.57,,
2023-04-17,600648,11.2642776,11.3540328,11.14759584,11.33608176,3808640,47748898.33,,
2023-04-18,600648,11.33608176,11.33608176,11.24632656,11.27325312,2186666,27485700.63,,
2023-04-19,600648,11.2642776,11.29120416,11.0847672,11.0847672,3010283,37460188.43,,
2023-04-20,600648,11.09374272,11.10271824,10.9501344,10.98603648,2889883,35422940.42,,
2023-04-21,600648,11.01296304,11.06681616,10.82447712,10.85140368,3368048,41067238.09,,
2023-04-24,600648,10.87833024,10.88730576,10.6808688,10.68984432,3325876,39851931.3,,
2023-04-25,600648,10.71677088,10.770624,10.5013584,10.6359912,2785601,32962567.77,,
2023-04-26,600648,10.5911136,10.69881984,10.52828496,10.68984432,1952777,23181759.91,,
2023-04-27,600648,10.66291776,10.770624,10.6359912,10.76164848,2489784,29724458.91,,
2023-04-28,600648,10.60906464,10.64496672,10.3667256,10.5013584,7389393,86005599.97,,
2023-05-04,600648,10.51033392,10.68984432,10.49238288,10.65394224,4417916,52295236.41,,
2023-05-05,600648,10.62701568,10.86935472,10.5911136,10.82447712,4529735,54161522.6,,
2023-05-08,600648,10.78857504,10.8155016,10.69881984,10.8155016,3265109,39140345.0,,
2023-05-09,600648,10.80652608,10.94115888,10.75267296,10.88730576,4705470,57004407.13,,
2023-05-10,600648,10.84242816,10.88730576,10.7257464,10.78857504,2704119,32501492.56,,
2023-05-11,600648,10.78857504,10.95910992,10.73472192,10.92320784,3272658,39690023.29,,
2023-05-12,600648,10.93218336,10.96808544,10.86935472,10.88730576,1821923,22156266.11,,
2023-05-15,600648,10.94115888,10.9501344,10.73472192,10.94115888,2617563,31634243.2,,
2023-05-16,600648,10.93218336,10.93218336,10.82447712,10.87833024,2164553,26200361.32,,
2023-05-17,600648,10.82447712,10.9052568,10.8155016,10.88730576,1278186,15468818.1,,
2023-05-18,600648,10.9052568,10.9052568,10.77959952,10.83345264,1571217,18964359.02,,
2023-05-19,600648,10.80652608,10.83345264,10.70779536,10.78857504,1578688,18922598.25,,
2023-05-22,600648,10.74369744,10.770624,10.67189328,10.73472192,1291626,15438448.77,,
2023-05-23,600648,10.770624,10.770624,10.62701568,10.62701568,1335700,15917996.0,,
2023-05-24,600648,10.58213808,10.61804016,10.51033392,10.546236,1430698,16839570.52,,
2023-05-25,600648,10.51033392,10.57316256,10.33979904,10.43852976,2068070,24054496.57,,
2023-05-26,600648,10.4564808,10.49238288,10.3667256,10.48340736,1092824,12709506.18,,
2023-05-29,600648,10.48340736,10.546236,10.43852976,10.4564808,2049715,23939953.7,,
2023-05-30,600648,10.4116032,10.48340736,10.16926416,10.30389696,3234971,37008179.46,,
2023-05-31,600648,10.30389696,10.35775008,10.2320928,10.29492144,1926631,22081350.82,,
2023-06-01,600648,10.34877456,10.34877456,10.22311728,10.2769704,1525303,17462032.65,,
2023-06-02,600648,10.28594592,10.44750528,10.28594592,10.42955424,2893828,33433561.29,,
2023-06-05,600648,10.43852976,10.52828496,10.3667256,10.51033392,2359059,27495300.44,,
2023-06-06,600648,10.5013584,10.66291776,10.43852976,10.46545632,2335866,27434129.8,,
2023-06-07,600648,10.43852976,10.60008912,10.43852976,10.51930944,2703700,31680331.85,,
2023-06-08,600648,10.51033392,10.64496672,10.47443184,10.62701568,3847964,45380719.53,,
2023-06-09,600648,10.65394224,10.75267296,10.56418704,10.64496672,6684380,79557132.12,,
2023-06-12,600648,10.62701568,10.66291776,10.47443184,10.48340736,3366893,39518514.07,,
2023-06-13,600648,10.48340736,10.56418704,10.39365216,10.4116032,1717372,20021365.48,,
2023-06-14,600648,10.4116032,10.48340736,10.321848,10.321848,1984314,22954889.43,,
2023-06-15,600648,10.33082352,10.39365216,10.31287248,10.33979904,1765052,20335580.58,,
2023-06-16,600648,10.35775008,10.42955424,10.28594592,10.30389696,2644416,30495330.04,,
2023-06-19,600648,10.31287248,10.34877456,10.15131312,10.17823968,4965801,56403569.75,,
2023-06-20,600648,10.17823968,10.17823968,10.06155792,10.07053344,3002951,33759152.42,,
2023-06-21,600648,10.07053344,10.11541104,10.01668032,10.03463136,2143678,23997476.46,,
2023-06-26,600648,10.03463136,10.0525824,9.9628272,9.98975376,2096234,23361057.54,,
2023-06-27,600648,9.99872928,10.15131312,9.9628272,10.13336208,2255511,25356091.89,,
2023-06-28,600648,10.13336208,10.1423376,10.03463136,10.10643552,1689768,18972220.27,,
2023-06-29,600648,10.09746,10.13336208,10.0077048,10.03463136,1820347,20394739.07,,
2023-06-30,600648,10.0525824,10.16028864,10.04360688,10.15131312,1870055,21104137.33,,
2023-07-03,600648,10.16028864,10.20516624,10.12438656,10.19619072,1878291,21302273.06,,
2023-07-04,600648,10.21414176,10.21414176,10.10643552,10.16028864,1382986,15623525.23,,
2023-07-05,600648,10.13336208,10.2320928,10.11541104,10.15131312,1650971,18698493.33,,
2023-07-06,600648,10.16028864,10.17823968,10.12438656,10.16926416,1018972,11524590.44,,
2023-07-07,600648,10.16926416,10.22311728,10.13336208,10.19619072,1731814,19635632.17,,
2023-07-10,600648,10.20516624,10.2320928,10.16926416,10.2320928,1066297,12127533.25,,
2023-07-11,600648,10.2320928,10.28594592,10.21414176,10.26799488,1476115,16864604.22,,
2023-07-12,600648,10.2320928,10.26799488,10.17823968,10.20516624,1220200,13879922.69,,
2023-07-13,600648,10.20516624,10.29492144,10.19619072,10.26799488,1402475,16022381.23,,
2023-07-14,600648,10.2769704,10.2769704,10.21414176,10.24106832,1188101,13547040.87,,
2023-07-17,600648,10.24106832,10.24106832,10.15131312,10.24106832,1237811,14052341.39,,
2023-07-18,600648,10.26799488,10.31287248,10.19619072,10.31287248,2388860,27346391.6,,
2023-07-19,600648,10.26799488,10.3667256,10.26799488,10.3667256,1826254,21014051.97,,
2023-07-20,600648,10.37570112,10.40262768,10.321848,10.35775008,1920123,22179399.13,,
2023-07-21,600648,10.36698828,10.43166646,10.33002932,10.42242672,2737222,30802273.28,,
2023-07-24,600648,10.47786516,10.4871049,10.3485088,10.4409062,1780226,20070084.32,,
2023-07-25,600648,10.46862542,10.77353684,10.45014594,10.7642971,6278475,72449392.57,,
2023-07-26,600648,10.75505736,10.95833164,10.7180984,10.88441372,4674781,54913434.69,,
2023-07-27,600648,10.83821502,10.98605086,10.74581762,10.92137268,4716469,55720007.81,,
2023-07-28,600648,10.93985216,11.06920852,10.89365346,11.02300982,4510696,53637766.33,,
2023-07-31,600648,11.09692774,11.19856488,11.03224956,11.17084566,5897995,70998613.91,,
2023-08-01,600648,11.16160592,11.21704436,11.087688,11.16160592,3870045,46714624.13,,
2023-08-02,600648,11.15236618,11.38335968,11.14312644,11.24476358,5244821,63984401.22,,
2023-08-03,600648,11.24476358,11.34640072,11.087688,11.3186815,4796319,58484731.66,,
2023-08-04,600648,11.35564046,11.4110789,11.30944176,11.3648802,3754546,46110841.6,,
2023-08-07,600648,11.3186815,11.3186815,11.14312644,11.20780462,3276715,39706092.18,,
2023-08-08,600648,11.17084566,11.25400332,11.12464696,11.19856488,2426319,29354225.57,,
2023-08-09,600648,11.1338867,11.2262841,11.10616748,11.1800854,1736029,20965335.73,,
2023-08-10,600648,11.14312644,11.29096228,11.14312644,11.20780462,2104219,25521523.04,,
2023-08-11,600648,11.26324306,11.30020202,11.06920852,11.087688,3164411,38235518.5,,
2023-08-14,600648,10.96757138,11.1338867,10.96757138,11.12464696,2339914,28032624.0,,
2023-08-15,600648,11.1338867,11.15236618,11.01377008,11.10616748,1623100,19470395.09,,
2023-08-16,600648,11.10616748,11.29096228,11.02300982,11.19856488,2950209,35678847.41,,
2023-08-17,600648,11.17084566,11.2262841,11.05072904,11.15236618,2249788,27081386.36,,
2023-08-18,600648,11.17084566,11.20780462,10.98605086,10.9952906,2353237,28276251.23,,
2023-08-21,600648,10.96757138,11.0414893,10.8566945,10.89365346,2693091,31882462.73,,
2023-08-22,600648,10.91213294,10.98605086,10.74581762,10.84745476,2811169,32970441.99,,
2023-08-23,600648,10.88441372,10.88441372,10.68113944,10.70885866,1815500,21191403.62,,
2023-08-24,600648,10.72733814,10.78277658,10.5333036,10.5795023,3160913,36315802.51,,
2023-08-25,600648,10.5795023,10.7180984,10.50558438,10.60722152,2738335,31426288.43,,
2023-08-28,600648,11.087688,11.19856488,10.8104958,10.89365346,4276657,50941819.94,,
2023-08-29,600648,10.91213294,10.95833164,10.69961892,10.93061242,5137040,60244737.26,,
2023-08-30,600648,10.9028932,10.9490919,10.81973554,10.9490919,4202987,49579405.65,,
2023-08-31,600648,11.20780462,11.71599032,10.72733814,10.84745476,17584173,211986064.81,,
2023-09-01,600648,10.92137268,11.01377008,10.59798178,10.95833164,10500992,123509512.07,,
2023-09-04,600648,10.9952906,11.07844826,10.92137268,11.05996878,6871822,81949826.61,,
2023-09-05,600648,10.9952906,11.05996878,10.92137268,10.98605086,3366763,39976778.97,,
2023-09-06,600648,10.97681112,11.07844826,10.86593424,11.06920852,3292599,39136021.91,,
2023-09-07,600648,11.07844826,11.19856488,11.02300982,11.11540722,4319529,51996758.41,,
2023-09-08,600648,11.11540722,11.1338867,10.79201632,10.8566945,4616900,54380025.0,,
2023-09-11,600648,10.80125606,10.92137268,10.77353684,10.89365346,2637298,30990654.46,,
2023-09-12,600648,10.93061242,10.93061242,10.82897528,10.8566945,2895281,34076860.43,,
2023-09-13,600648,10.8104958,10.9028932,10.64418048,10.68113944,4705539,54647045.36,,
2023-09-14,600648,10.70885866,10.81973554,10.65342022,10.75505736,2446169,28499796.04,,
2023-09-15,600648,10.77353684,10.83821502,10.7642971,10.8104958,1994030,23305829.0,,
2023-09-18,600648,10.80125606,10.93061242,10.70885866,10.92137268,3025260,35509902.37,,
2023-09-19,600648,10.92137268,10.95833164,10.87517398,10.9490919,1615012,19081659.96,,
2023-09-20,600648,10.92137268,11.01377008,10.88441372,10.97681112,2167128,25715212.34,,
2023-09-21,600648,10.97681112,11.02300982,10.92137268,10.9952906,2522818,30007455.84,,
2023-09-22,600648,11.01377008,11.01377008,10.86593424,10.9490919,2607265,30835187.0,,
2023-09-25,600648,10.96757138,11.00453034,10.88441372,10.97681112,3034501,36030851.87,,
2023-09-26,600648,10.93061242,11.05072904,10.92137268,10.97681112,2373200,28207481.0,,
2023-09-27,600648,10.93061242,11.02300982,10.93061242,10.9952906,1901194,22591444.85,,
2023-09-28,600648,11.00453034,11.03224956,10.93985216,10.98605086,1970200,23410331.0,,
2023-10-09,600648,10.98605086,10.98605086,10.66265996,10.69037918,3490548,40595192.42,,
2023-10-10,600648,10.65342022,10.79201632,10.63494074,10.69037918,1666844,19301179.16,,
2023-10-11,600648,10.65342022,10.74581762,10.51482412,10.57026256,2671901,30636609.62,,
2023-10-12,600648,10.625701,10.70885866,10.59798178,10.69037918,2075623,23923785.39,,
2023-10-13,600648,10.65342022,10.7180984,10.50558438,10.52406386,1658313,19004543.15,,
2023-10-16,600648,10.5795023,10.5795023,10.42242672,10.49634464,2724915,30906827.77,,
2023-10-17,600648,10.45014594,10.55178308,10.41318698,10.4871049,1988604,22526728.34,,
2023-10-18,600648,10.45014594,10.51482412,10.31154984,10.33002932,2229274,25050443.51,,
2023-10-19,600648,10.32078958,10.33002932,10.2099127,10.22839218,2307264,25650955.76,,
2023-10-20,600648,10.27459088,10.33926906,10.163714,10.26535114,3514884,39009364.16,,
2023-10-23,600648,10.2099127,10.22839218,9.9789192,10.03435764,2482758,27096692.06,,
2023-10-24,600648,10.05283712,10.17295374,10.01587816,10.17295374,2754607,30152929.05,,
2023-10-25,600648,10.20067296,10.41318698,10.20067296,10.31154984,2818890,31484668.84,,
2023-10-26,600648,10.21915244,10.28383062,10.1175153,10.19143322,2569100,28271559.0,,
2023-10-27,600648,10.12675504,10.3485088,10.12675504,10.31154984,2070566,23051368.55,,
2023-10-30,600648,10.2099127,10.4871049,9.701727,10.4871049,12207593,130223802.92,,
2023-10-31,600648,9.89576154,9.96043972,9.75716544,9.90500128,12160753,129310625.67,,
2023-11-01,600648,9.81260388,9.86804232,9.73868596,9.77564492,6744227,71305265.66,,
2023-11-02,600648,9.76640518,9.7941244,9.72944622,9.76640518,5075178,53607788.06,,
2023-11-03,600648,9.76640518,9.7941244,9.73868596,9.78488466,4340600,45907705.76,,
2023-11-06,600648,9.81260388,9.8865218,9.7941244,9.8865218,6487608,69166740.04,,
2023-11-07,600648,9.87728206,9.9327205,9.82184362,9.8865218,4661970,49824029.87,,
2023-11-08,600648,9.87728206,9.92348076,9.82184362,9.87728206,3693117,39503560.98,,
2023-11-09,600648,9.87728206,9.90500128,9.83108336,9.86804232,2697754,28790893.51,,
2023-11-10,600648,9.8403231,9.85880258,9.71096674,9.7479257,4016714,42384882.52,,
2023-11-13,600648,9.76640518,9.77564492,9.68324752,9.77564492,3174114,33432070.44,,
2023-11-14,600648,9.76640518,9.84956284,9.76640518,9.84956284,3095197,32885752.18,,
2023-11-15,600648,9.85880258,9.94196024,9.84956284,9.8865218,2689800,28783300.0,,
2023-11-16,600648,9.85880258,9.87728206,9.7941244,9.8403231,2308454,24587621.16,,
2023-11-17,600648,9.80336414,9.82184362,9.7479257,9.81260388,1631862,17278719.62,,
2023-11-20,600648,9.82184362,9.84956284,9.75716544,9.84956284,2268892,24096684.82,,
2023-11-21,600648,9.84956284,10.00663842,9.84956284,9.94196024,4765728,51316451.4,,
2023-11-22,600648,9.9327205,10.09903582,9.89576154,9.96043972,4844338,52470189.55,,
2023-11-23,600648,9.9327205,10.06207686,9.8403231,10.06207686,4712080,50871543.07,,
2023-11-24,600648,10.05283712,10.1175153,9.99739868,10.05283712,3727537,40634774.67,,
2023-11-27,600648,10.05283712,10.0713166,9.86804232,9.9327205,3552050,38107015.16,,
2023-11-28,600648,9.94196024,9.96967946,9.85880258,9.9327205,2395885,25678482.17,,
2023-11-29,600648,9.87728206,9.9327205,9.76640518,9.81260388,2653433,28196647.7,,
2023-11-30,600648,9.81260388,9.81260388,9.73868596,9.76640518,2005398,21195447.9,,
2023-12-01,600648,9.73868596,9.83108336,9.72020648,9.7941244,2868286,30296552.13,,
2023-12-04,600648,9.75716544,9.83108336,9.75716544,9.80336414,2166900,22947251.51,,
2023-12-05,600648,9.77564492,9.82184362,9.68324752,9.69248726,2679300,28231614.0,,
2023-12-06,600648,9.68324752,9.69248726,9.54465142,9.63704882,3775955,39311705.84,,
2023-12-07,600648,9.62780908,9.62780908,9.53541168,9.6093296,2882528,29895471.38,,
2023-12-08,600648,9.72020648,9.84956284,9.6093296,9.6555283,6580696,69220820.18,,
2023-12-11,600648,9.6093296,9.6093296,9.3321374,9.55389116,4152052,42481951.26,,
2023-12-12,600648,9.48921298,9.64628856,9.4707335,9.64628856,3193234,33064165.48,,
2023-12-13,600648,9.59085012,9.6555283,9.48921298,9.53541168,2563552,26578781.8,,
2023-12-14,600648,9.5169322,9.66476804,9.5169322,9.61856934,2503535,26009085.93,,
2023-12-15,600648,9.61856934,9.73868596,9.6093296,9.6555283,2828568,29631802.12,,
2023-12-18,600648,9.6093296,9.66476804,9.4707335,9.49845272,2540800,26252812.19,,
2023-12-19,600648,9.49845272,9.5169322,9.30441818,9.36909636,2578400,26166926.0,,
2023-12-20,600648,9.35985662,9.38757584,9.23050026,9.25821948,2337196,23521971.88,,
2023-12-21,600648,9.23974,9.31365792,9.17506182,9.30441818,1806737,18087287.77,,
2023-12-22,600648,9.30441818,9.30441818,9.16582208,9.23974,2788405,27808689.72,,
2023-12-25,600648,9.16582208,9.22126052,9.02722598,9.04570546,3161172,31056694.88,,
2023-12-26,600648,9.02722598,9.04570546,8.92558884,8.97178754,2372443,23042533.81,,
2023-12-27,600648,8.95330806,9.02722598,8.90710936,9.0087465,1813702,17595615.43,,
2023-12-28,600648,8.99950676,9.16582208,8.8701504,9.1473426,2455508,24106316.76,,
2023-12-29,600648,9.15658234,9.16582208,9.06418494,9.11038364,2664801,26257218.85,,
2024-01-02,600648,9.12886312,9.12886312,9.02722598,9.07342468,2200709,21604692.46,,
2024-01-03,600648,9.06418494,9.1473426,9.0549452,9.1011439,2564047,25258284.89,,
2024-01-04,600648,9.09190416,9.09190416,8.98102728,9.0549452,1936720,18928808.8,,
2024-01-05,600648,9.0549452,9.11038364,8.99026702,9.02722598,2300472,22538995.72,,
2024-01-08,600648,9.0549452,9.0549452,8.75003378,8.777753,2636128,25308133.42,,
2024-01-09,600648,8.75927352,8.89786962,8.70383508,8.85167092,2205476,21051491.03,,
2024-01-10,600648,8.79623248,8.8701504,8.75927352,8.83319144,1559612,14889857.35,,
2024-01-11,600648,8.8239517,8.9163491,8.75927352,8.9163491,1436896,13789039.0,,
2024-01-12,600648,8.90710936,9.0549452,8.8701504,8.99950676,2229449,21685665.86,,
2024-01-15,600648,8.9625478,9.04570546,8.88862988,9.03646572,1757000,17098586.0,,
2024-01-16,600648,9.06418494,9.08266442,8.88862988,8.99950676,2202112,21406873.85,,
2024-01-17,600648,8.97178754,8.99950676,8.85167092,8.86091066,2102811,20329557.49,,
2024-01-18,600648,8.8239517,8.8239517,8.34348522,8.60219794,4363661,40309665.98,,
2024-01-19,600648,8.5929582,8.6853556,8.52828002,8.65763638,2719676,25427874.77,,
2024-01-22,600648,8.58371846,8.61143768,8.11249172,8.2233686,3366671,30402430.82,,
2024-01-23,600648,8.4543621,8.87939014,8.20488912,8.7315543,9274096,85834907.3,,
2024-01-24,600648,8.71307482,9.6093296,8.67611586,9.6093296,24891893,254107695.99,,
2024-01-25,600648,10.03435764,10.57026256,9.8403231,10.57026256,32357464,361082294.97,,
2024-01-26,600648,11.05996878,11.62359292,11.01377008,11.62359292,58604280,731197825.2,,
2024-01-29,600648,11.549675,11.549675,10.45938568,10.45938568,60377500,703874308.12,,
2024-01-30,600648,9.77564492,10.50558438,9.58161038,9.98815894,41476041,448823114.16,,
2024-01-31,600648,9.8403231,10.10827556,9.26745922,9.35985662,30337750,313884460.96,,
2024-02-01,600648,9.3321374,9.61856934,8.777753,8.83319144,27167561,266639942.75,,
2024-02-02,600648,8.83319144,9.3321374,8.64839664,9.18430156,29822015,292455008.53,,
2024-02-05,600648,8.85167092,8.85167092,8.2695673,8.2695673,22813026,206647989.93,,
2024-02-06,600648,7.8999777,8.5005608,7.4841894,8.34348522,19779964,171526848.8,,
2024-02-07,600648,8.315766,8.81471196,8.25108782,8.5467595,20333241,187804791.28,,
2024-02-08,600648,8.64839664,8.88862988,8.50980054,8.79623248,16362622,154988227.08,,
2024-02-19,600648,8.75003378,8.88862988,8.5467595,8.72231456,14109411,132692095.18,,
2024-02-20,600648,8.7315543,9.31365792,8.67611586,9.22126052,23013324,224894931.93,,
2024-02-21,600648,9.08266442,9.34137714,8.90710936,9.1473426,20526279,202645520.32,,
2024-02-22,600648,9.12886312,9.1935413,8.98102728,9.12886312,12163012,119503673.26,,
2024-02-23,600648,9.21202078,9.21202078,8.95330806,9.1011439,10930827,107305500.97,,
2024-02-26,600648,9.07342468,9.1473426,8.93482858,8.9625478,9231777,90076963.25,,
2024-02-27,600648,8.93482858,9.11038364,8.88862988,9.1011439,10481612,102605012.21,,
2024-02-28,600648,9.1011439,9.26745922,8.81471196,8.90710936,14399994,141721349.69,,
2024-02-29,600648,8.89786962,8.99950676,8.80547222,8.99026702,9781395,94500973.98,,
2024-03-01,600648,8.9625478,9.01798624,8.84243118,8.9163491,9192028,88774701.33,,
2024-03-04,600648,8.89786962,8.90710936,8.66687612,8.75927352,9002548,85280423.3,,
2024-03-05,600648,8.777753,8.84243118,8.6391569,8.6853556,5975600,56248949.11,,
2024-03-06,600648,8.6391569,8.7315543,8.53751976,8.67611586,4505581,42122717.54,,
2024-03-07,600648,8.67611586,8.75003378,8.57447872,8.62991716,4748295,44477885.74,,
2024-03-08,600648,8.61143768,8.64839664,8.51904028,8.64839664,3961215,36801486.1,,
2024-03-11,600648,8.62991716,8.75003378,8.62067742,8.74079404,6371272,59963101.83,,
2024-03-12,600648,8.71307482,8.98102728,8.64839664,8.92558884,10997769,105141367.89,,
2024-03-13,600648,8.87939014,8.89786962,8.62067742,8.7315543,7867575,74395573.82,,
2024-03-14,600648,8.69459534,8.79623248,8.62991716,8.69459534,4629489,43646191.54,,
2024-03-15,600648,8.67611586,8.8239517,8.64839664,8.81471196,6004634,56767504.31,,
2024-03-18,600648,8.81471196,8.86091066,8.78699274,8.85167092,6523321,62337501.98,,
2024-03-19,600648,8.80547222,8.88862988,8.79623248,8.8239517,4526500,43293633.0,,
2024-03-20,600648,8.76851326,8.84243118,8.76851326,8.84243118,3545039,33820048.03,,
2024-03-21,600648,8.85167092,8.9163491,8.81471196,8.86091066,5248720,50377410.14,,
2024-03-22,600648,8.86091066,8.8701504,8.61143768,8.70383508,5791591,54581081.96,,
2024-03-25,600648,8.67611586,8.86091066,8.61143768,8.69459534,5498501,52020367.77,,
2024-03-26,600648,8.69459534,8.75003378,8.58371846,8.74079404,5153600,48383169.85,,
2024-03-27,600648,8.70383508,8.72231456,8.5005608,8.5005608,4640392,43181959.08,,
2024-03-28,600648,8.5005608,8.62067742,8.46360184,8.56523898,3579038,33122422.65,,
2024-03-29,600648,8.49132106,8.56523898,8.47284158,8.52828002,3150096,29018177.19,,
2024-04-01,600648,8.50980054,8.6853556,8.50980054,8.67611586,4205671,39299685.98,,
2024-04-02,600648,8.66687612,8.75003378,8.60219794,8.74079404,5182375,48709113.94,,
2024-04-03,600648,8.6853556,8.74079404,8.6391569,8.72231456,3099391,29152111.54,,
2024-04-08,600648,8.71307482,8.72231456,8.57447872,8.61143768,3650397,34159347.89,,
2024-04-09,600648,8.56523898,8.64839664,8.56523898,8.6391569,2663132,24830904.83,,
2024-04-10,600648,8.6391569,8.6391569,8.38044418,8.4543621,4078945,37418352.32,,
2024-04-11,600648,8.42664288,8.5467595,8.3619647,8.5005608,2987707,27440488.34,,
2024-04-12,600648,8.47284158,8.52828002,8.30652626,8.33424548,4296092,38867426.77,,
2024-04-15,600648,8.33424548,8.4081634,8.09401224,8.26032756,5040603,44942349.49,,
2024-04-16,600648,8.21412886,8.27880704,8.01085458,8.0847725,5321544,46697244.01,,
2024-04-17,600648,8.0847725,8.28804678,8.06629302,8.28804678,3707673,32953034.18,,
2024-04-18,600648,8.2695673,8.315766,8.18640964,8.26032756,3413493,30498517.87,,
2024-04-19,600648,8.20488912,8.30652626,8.1771699,8.21412886,3151701,28064466.88,,
2024-04-22,600648,8.21412886,8.26032756,8.10325198,8.19564938,2802604,24792775.96,,
2024-04-23,600648,8.18640964,8.25108782,8.16793016,8.2233686,2204065,19597671.12,,
2024-04-24,600648,8.1771699,8.2695673,8.11249172,8.2695673,2908687,25809431.24,,
2024-04-25,600648,8.2233686,8.34348522,8.2233686,8.30652626,3427649,30755086.06,,
2024-04-26,600648,8.30652626,8.50980054,8.26032756,8.50980054,4782775,43520509.67,,
2024-04-29,600648,8.46360184,8.87939014,8.4543621,8.87939014,11855988,112366655.45,,
2024-04-30,600648,8.83319144,8.84243118,8.65763638,8.70383508,7250971,68342781.94,,
2024-05-06,600648,8.88862988,8.89786962,8.75927352,8.777753,7500468,71565169.48,,
2024-05-07,600648,8.74079404,8.84243118,8.70383508,8.81471196,4993657,47404936.8,,
2024-05-08,600648,8.777753,8.80547222,8.65763638,8.69459534,5044870,47502621.82,,
2024-05-09,600648,8.6391569,8.8701504,8.6391569,8.8239517,6678183,63668255.99,,
2024-05-10,600648,8.84243118,9.03646572,8.7315543,8.99026702,10026695,96718415.65,,
2024-05-13,600648,8.94406832,9.01798624,8.777753,8.9163491,6626972,63806924.38,,
2024-05-14,600648,8.9163491,9.02722598,8.85167092,8.90710936,9191462,88709034.68,,
2024-05-15,600648,8.86091066,9.0549452,8.85167092,8.94406832,6922167,67100875.78,,
2024-05-16,600648,8.95330806,9.26745922,8.9163491,9.1473426,13718412,135802004.59,,
2024-05-17,600648,9.12886312,9.5631309,9.07342468,9.55389116,20612777,207914490.27,,
2024-05-20,600648,9.4707335,9.4707335,9.16582208,9.30441818,13280919,133344005.75,,
2024-05-21,600648,9.2859387,9.39681558,9.22126052,9.29517844,7264788,73116365.88,,
2024-05-22,600648,9.3321374,9.5169322,9.23974,9.35985662,12791252,129748554.32,,
2024-05-23,600648,9.23974,9.29517844,9.06418494,9.09190416,8306835,82252448.89,,
2024-05-24,600648,9.04570546,9.1011439,8.89786962,8.92558884,5920202,57573389.46,,
2024-05-27,600648,8.87939014,9.01798624,8.76851326,8.99950676,6138226,58981854.48,,
2024-05-28,600648,9.13810286,9.35061688,8.76851326,8.777753,9020384,87401115.98,,
2024-05-29,600648,8.74079404,8.92558884,8.7315543,8.79623248,4619102,44078385.02,,
2024-05-30,600648,8.74079404,8.76851326,8.64839664,8.70383508,3926701,36966473.38,,
2024-05-31,600648,8.7315543,8.76851326,8.64839664,8.7315543,3230351,30483351.97,,
2024-06-03,600648,8.6853556,8.78699274,8.4543621,8.51904028,5059451,46802569.34,,
2024-06-04,600648,8.49132106,8.6853556,8.46360184,8.62067742,4343948,40379128.29,,
2024-06-05,600648,8.60219794,8.60219794,8.33424548,8.5005608,5368431,49360645.12,,
2024-06-06,600648,8.49132106,8.50980054,8.28804678,8.37120444,6755162,61056797.38,,
2024-06-07,600648,8.3619647,8.48208132,8.34348522,8.46360184,5343986,48715528.92,,
2024-06-11,600648,8.41740314,8.48208132,8.35272496,8.38968392,3201898,29060268.88,,
2024-06-12,600648,8.3619647,8.46360184,8.32500574,8.44512236,2854100,26009793.0,,
2024-06-13,600648,8.42664288,8.5005608,8.3619647,8.41740314,3418826,31118021.3,,
2024-06-14,600648,8.37120444,8.53751976,8.37120444,8.47284158,6561101,60027517.15,,
2024-06-17,600648,8.43588262,8.62991716,8.315766,8.4081634,3709009,33872278.9,,
2024-06-18,600648,8.38968392,8.51904028,8.38044418,8.50980054,3259094,29874492.84,,
2024-06-19,600648,8.56523898,8.62067742,8.49132106,8.51904028,3437829,31733554.93,,
2024-06-20,600648,8.55599924,8.55599924,8.25108782,8.315766,4531884,40954972.47,,
2024-06-21,600648,8.315766,8.4081634,8.26032756,8.30652626,2441600,22039256.0,,
2024-06-24,600648,8.2695673,8.28804678,8.0847725,8.1309712,4849230,42897684.58,,
2024-06-25,600648,8.06629302,8.24184808,8.06629302,8.15869042,2958600,26105889.0,,
2024-06-26,600648,8.14021094,8.30652626,8.07553276,8.30652626,2350800,20869469.0,,
2024-06-27,600648,8.27880704,8.34348522,8.14021094,8.1771699,2447800,21759796.0,,
2024-06-28,600648,8.14945068,8.28804678,8.1309712,8.18640964,3273998,29103222.36,,
2024-07-01,600648,8.18640964,8.4081634,8.14021094,8.38968392,3598494,32283584.18,,
2024-07-02,600648,8.3619647,8.51904028,8.35272496,8.4543621,4530388,41393151.8,,
2024-07-03,600648,8.4543621,8.55599924,8.41740314,8.48208132,3412100,31410269.0,,
2024-07-04,600648,8.46360184,8.47284158,8.25108782,8.30652626,3580300,32318594.0,,
2024-07-05,600648,8.30652626,8.38044418,8.20488912,8.3619647,2321371,20912999.13,,
2024-07-08,600648,8.35272496,8.35272496,8.19564938,8.26032756,3035900,27078227.0,,
2024-07-09,600648,8.2233686,8.4081634,8.07553276,8.3619647,4885689,43578702.45,,
2024-07-10,600648,8.27880704,8.27880704,8.09401224,8.18640964,3549998,31425116.05,,
2024-07-11,600648,8.34141966,8.3801719,8.24453906,8.37048384,3807990,32764109.4,,
2024-07-12,600648,8.3801719,8.5739331,8.36079578,8.45767638,3675151,32164780.97,,
2024-07-15,600648,8.44798832,8.49642862,8.25422712,8.36079578,2649999,22817276.42,,
2024-07-16,600648,8.36079578,8.4770525,8.29297936,8.39954802,2346100,20207130.0,,
2024-07-17,600648,8.41892414,8.59330922,8.40923608,8.54486892,4644027,40821561.95,,
2024-07-18,600648,8.49642862,8.60299728,8.40923608,8.60299728,3753400,33041301.0,,
2024-07-19,600648,8.55455698,8.56424504,8.37048384,8.45767638,3977716,34621991.56,,
2024-07-22,600648,8.44798832,8.4770525,8.3317316,8.40923608,2061700,17858814.0,,
2024-07-23,600648,8.38985996,8.50611668,8.36079578,8.38985996,2559676,22311156.96,,
2024-07-24,600648,8.31235548,8.40923608,8.27360324,8.37048384,2781900,23942436.0,,
2024-07-25,600648,8.37048384,8.4770525,8.30266742,8.4770525,2418300,21060085.0,,
2024-07-26,600648,8.45767638,8.53518086,8.40923608,8.50611668,3257100,28542868.0,,
2024-07-29,600648,8.55455698,8.55455698,8.41892414,8.4770525,3135201,27419863.75,,
2024-07-30,600648,8.44798832,8.6708137,8.43830026,8.63206146,4638001,41031404.89,,
2024-07-31,600648,8.6708137,8.9130152,8.63206146,8.9130152,5922800,54004062.0,,
2024-08-01,600648,8.9130152,9.0098958,8.73863012,8.80644654,4540000,41393796.0,,
2024-08-02,600648,8.7676943,8.8645749,8.72894206,8.80644654,3181700,28911823.0,,
2024-08-05,600648,8.7676943,8.84519878,8.63206146,8.69987788,4767778,42999126.12,,
2024-08-06,600648,8.7676943,8.80644654,8.64174952,8.79675848,3220526,29015261.52,,
2024-08-07,600648,8.72894206,8.75800624,8.66112564,8.719254,2144900,19267707.0,,
2024-08-08,600648,8.719254,8.84519878,8.6708137,8.79675848,3422800,30973078.0,,
2024-08-09,600648,8.8161346,8.92270326,8.73863012,8.74831818,3712916,33871277.12,,
2024-08-12,600648,8.73863012,8.77738236,8.63206146,8.6708137,2810100,25178235.0,,
2024-08-13,600648,8.6708137,8.75800624,8.61268534,8.75800624,2161520,19386036.0,,
2024-08-14,600648,8.69987788,8.79675848,8.68050176,8.73863012,2284100,20600138.0,,
2024-08-15,600648,8.70956594,8.82582266,8.6223734,8.8161346,3025801,27368157.02,,
2024-08-16,600648,8.80644654,8.82582266,8.719254,8.75800624,1912900,17297116.0,,
2024-08-19,600648,8.69018982,8.77738236,8.65143758,8.73863012,1535502,13821880.04,,
2024-08-20,600648,8.74831818,8.74831818,8.5739331,8.64174952,2114402,18859031.74,,
2024-08-21,600648,8.61268534,8.64174952,8.48674056,8.54486892,3003500,26448248.0,,
2024-08-22,600648,8.55455698,8.6223734,8.49642862,8.53518086,2307200,20322945.0,,
2024-08-23,600648,8.55455698,8.56424504,8.39954802,8.46736444,2594100,22634854.0,,
2024-08-26,600648,8.49642862,8.6223734,8.41892414,8.58362116,3478100,30675943.0,,
2024-08-27,600648,8.55455698,8.56424504,8.41892414,8.46736444,2013916,17594345.52,,
2024-08-28,600648,8.45767638,8.55455698,8.38985996,8.46736444,1979585,17289723.34,,
2024-08-29,600648,8.44798832,8.49642862,8.38985996,8.4770525,2240086,19523275.92,,
2024-08-30,600648,8.4770525,8.75800624,8.43830026,8.6708137,4903500,43711082.0,,
2024-09-02,600648,8.6223734,8.6223734,8.46736444,8.50611668,3314436,29207106.24,,
2024-09-03,600648,8.54486892,8.60299728,8.43830026,8.56424504,2744655,24108286.35,,
2024-09-04,600648,8.55455698,8.61268534,8.4286122,8.45767638,2926900,25677754.0,,
2024-09-05,600648,8.51580474,8.5739331,8.45767638,8.5254928,2801900,24631269.0,,
2024-09-06,600648,8.54486892,8.56424504,8.4286122,8.43830026,2956900,25916217.99,,
2024-09-09,600648,8.40923608,8.49642862,8.3317316,8.44798832,2284300,19883818.0,,
2024-09-10,600648,8.43830026,8.49642862,8.22516294,8.34141966,2753870,23675187.0,,
2024-09-11,600648,8.34141966,8.34141966,8.15734652,8.234851,3128379,26572748.74,,
2024-09-12,600648,8.22516294,8.34141966,8.22516294,8.32204354,2761396,23650092.42,,
2024-09-13,600648,8.34141966,8.41892414,8.32204354,8.38985996,2822101,24389595.63,,
2024-09-18,600648,8.3801719,8.49642862,8.27360324,8.44798832,2522660,21863892.6,,
2024-09-19,600648,8.4770525,8.6708137,8.46736444,8.59330922,3821161,33823341.64,,
2024-09-20,600648,8.60299728,8.68050176,8.53518086,8.68050176,4387450,39101777.0,,
2024-09-23,600648,8.6223734,8.70956594,8.58362116,8.70956594,2989100,26759148.0,,
2024-09-24,600648,8.77738236,8.90332714,8.69987788,8.89363908,5474600,49901017.0,,
2024-09-25,600648,8.97114356,9.38773014,8.94207938,9.01958386,6832233,64425328.05,,
2024-09-26,600648,8.9614555,9.7365003,8.9614555,9.58149134,14533365,141354504.49,,
2024-09-27,600648,9.70743612,9.8818212,9.5427391,9.76556448,12078910,120687123.4,,
2024-09-30,600648,10.40497644,10.73437048,10.06589434,10.67624212,18907506,203157400.14,,
2024-10-08,600648,11.73224066,11.74192872,10.67624212,11.20908542,19512973,227193875.84,,
2024-10-09,600648,11.4319108,11.4803511,10.71499436,10.76343466,16339157,187291317.22,,
2024-10-10,600648,10.9475078,10.95719586,10.4631048,10.7053063,12125058,134084394.57,,
2024-10-11,600648,10.63748988,10.79249884,10.38560032,10.53092122,7894504,86088400.86,,
2024-10-14,600648,10.71499436,10.84093914,10.50185704,10.72468242,7110237,78215471.32,,
2024-10-15,600648,10.67624212,10.68593018,10.44372868,10.4631048,5859741,63834743.75,,
2024-10-16,600648,10.43404062,10.83125108,10.3662242,10.7537466,7236135,79835696.73,,
2024-10-17,600648,10.8021869,10.8021869,10.39528838,10.47279286,7112298,77400365.14,,
2024-10-18,600648,10.43404062,10.72468242,10.24996748,10.62780182,9782012,105978550.79,,
2024-10-21,600648,10.656866,10.69561824,10.44372868,10.50185704,6284960,68132719.52,,
2024-10-22,600648,10.49216898,10.5599854,10.40497644,10.50185704,4856380,52509829.24,,
2024-10-23,600648,10.9475078,10.9475078,10.656866,10.7053063,11824238,131510567.43,,
2024-10-24,600648,10.6084257,10.76343466,10.58904958,10.7053063,5501313,60690654.13,,
2024-10-25,600648,10.74405854,10.90875556,10.7053063,10.81187496,6991241,78137167.79,,
2024-10-28,600648,10.84093914,11.07345258,10.76343466,11.01532422,7944507,90032097.44,,
2024-10-29,600648,11.01532422,11.0443884,10.72468242,10.77312272,7037400,78783046.0,,
2024-10-30,600648,10.78281078,11.06376452,10.73437048,10.88937944,7304869,82356212.71,,
2024-10-31,600648,11.00563616,11.25752572,10.8021869,11.0928287,10439350,119454183.1,,
2024-11-01,600648,11.10251676,11.24783766,10.87969138,11.0928287,9581608,109686421.84,,
2024-11-04,600648,11.08314064,11.25752572,10.97657198,11.25752572,7502312,86189168.2,,
2024-11-05,600648,11.22846154,11.54816752,11.22846154,11.50941528,9089921,107329503.61,,
2024-11-06,600648,11.51910334,11.6741123,11.25752572,11.56754364,9537995,112986406.6,,
2024-11-07,600648,11.51910334,11.88724962,11.4319108,11.87756156,10419232,126060974.2,,
2024-11-08,600648,12.0131944,12.03257052,11.4803511,11.625672,10277111,123671440.93,,
2024-11-11,600648,11.54816752,11.68380036,11.37378244,11.47066304,7037011,83388888.08,,
2024-11-12,600648,11.4319108,11.50941528,11.2865899,11.40284662,8372098,98436339.05,,
2024-11-13,600648,11.3834705,11.73224066,11.3834705,11.49003916,7724712,91931187.68,,
2024-11-14,600648,11.75161678,11.75161678,11.2381496,11.29627796,7650601,89878954.63,,
2024-11-15,600648,11.21877348,11.39315856,11.06376452,11.13158094,6435041,74550991.48,,
2024-11-18,600648,11.141269,11.4319108,11.141269,11.21877348,6411616,74823199.26,,
2024-11-19,600648,11.21877348,11.42222274,11.10251676,11.36409438,5845458,67870166.32,,
2024-11-20,600648,11.37378244,11.54816752,11.18002124,11.45128692,6182000,72507264.32,,
2024-11-21,600648,11.41253468,11.49003916,11.30596602,11.4803511,4616624,54325915.44,,
2024-11-22,600648,11.41253468,11.5287914,11.141269,11.19939736,5498200,64310595.0,,
2024-11-25,600648,11.141269,11.36409438,11.10251676,11.26721378,5891801,68403857.55,,
2024-11-26,600648,11.24783766,11.32534214,11.1897093,11.27690184,3465341,40346357.87,,
2024-11-27,600648,11.22846154,11.34471826,11.0443884,11.31565408,6051149,69952409.6,,
2024-11-28,600648,11.30596602,11.4319108,11.26721378,11.36409438,5141700,60292056.0,,
2024-11-29,600648,11.3350302,11.49972722,11.29627796,11.44159886,7039600,82876516.0,,
2024-12-02,600648,11.45128692,11.82912126,11.39315856,11.7225526,8752800,104767213.53,,
2024-12-03,600648,11.7225526,11.8678735,11.64504812,11.83880932,6786801,82499909.09,,
2024-12-04,600648,11.80974514,11.9163138,11.75161678,11.78068096,5940282,72543095.5,,
2024-12-05,600648,11.76130484,12.00350634,11.70317648,11.98413022,5820009,71274527.23,,
2024-12-06,600648,12.03257052,12.19726754,11.9647541,12.05194664,9105314,113636659.21,,
2024-12-09,600648,12.05194664,12.1585153,11.8678735,11.93568992,6716126,83181145.03,,
2024-12-10,600648,12.45884516,12.46853322,11.88724962,11.9647541,9354710,116442853.5,,
2024-12-11,600648,11.9163138,12.23601978,11.90662574,12.08101082,5781970,72235614.93,,
2024-12-12,600648,12.05194664,12.17789142,11.93568992,12.12945112,5867970,73370931.07,,
2024-12-13,600648,12.0616347,12.09069888,11.71286454,11.74192872,5620535,68514976.0,,
2024-12-16,600648,11.80974514,11.8678735,11.64504812,11.76130484,5683041,68766732.05,,
2024-12-17,600648,11.7225526,11.80974514,11.58691976,11.69348842,5801100,69976385.0,,
2024-12-18,600648,11.63536006,11.75161678,11.63536006,11.68380036,3214810,38793270.3,,
2024-12-19,600648,11.83880932,11.83880932,11.3350302,11.60629588,6071547,72215371.59,,
2024-12-20,600648,11.59660782,11.6741123,11.49972722,11.5772317,3523638,42138269.38,,
2024-12-23,600648,11.54816752,11.64504812,11.3834705,11.45128692,5090539,60395178.44,,
2024-12-24,600648,11.4803511,11.7709929,11.44159886,11.7709929,6458252,77800309.52,,
2024-12-25,600648,11.80974514,11.8678735,11.58691976,11.78068096,6460970,78098412.38,,
2024-12-26,600648,11.68380036,11.80005708,11.5287914,11.58691976,4250311,51116609.23,,
2024-12-27,600648,11.60629588,11.80005708,11.54816752,11.74192872,5519101,66811593.1,,
2024-12-30,600648,11.76130484,11.78068096,11.55785558,11.59660782,3219391,38641450.45,,
2024-12-31,600648,11.55785558,11.6741123,11.4803511,11.53847946,5023469,60013456.91,,
2025-01-02,600648,11.4803511,11.60629588,10.96688392,11.141269,6103307,71060361.62,,
2025-01-03,600648,11.11220482,11.2865899,10.95719586,11.05407646,4948328,56672147.73,,
2025-01-06,600648,10.96688392,11.13158094,10.86031526,11.00563616,4987335,56596818.5,,
2025-01-07,600648,11.02501228,11.06376452,10.77312272,10.93781974,4612255,51795050.1,,
2025-01-08,600648,10.8990675,10.97657198,10.63748988,10.91844362,5381263,59980149.6,,
2025-01-09,600648,10.8506272,10.8990675,10.77312272,10.81187496,2706937,30246584.27,,
2025-01-10,600648,10.81187496,10.8990675,10.67624212,10.73437048,3050700,33871091.0,,
2025-01-13,600648,10.72468242,10.79249884,10.61811376,10.69561824,3131330,34592065.38,,
2025-01-14,600648,10.69561824,10.8990675,10.64717794,10.87000332,4885080,54291901.75,,
2025-01-15,600648,10.81187496,11.05407646,10.7537466,10.95719586,4773300,53852878.0,,
2025-01-16,600648,10.96688392,11.16064512,10.8990675,11.01532422,6172900,70129895.0,,
2025-01-17,600648,10.9475078,11.0443884,10.84093914,10.9959481,3504259,39642330.06,,
2025-01-20,600648,11.00563616,11.05407646,10.87969138,11.02501228,3100700,35225023.0,,
2025-01-21,600648,11.07345258,11.20908542,11.00563616,11.08314064,3603401,41296619.44,,
2025-01-22,600648,11.06376452,11.08314064,10.82156302,10.95719586,3163600,35664638.0,,
2025-01-23,600648,11.05407646,11.17033318,10.98626004,11.0443884,3783656,43255663.05,,
2025-01-24,600648,10.9475078,11.11220482,10.9475078,11.0928287,4401900,50122511.0,,
2025-01-27,600648,11.13158094,11.32534214,11.06376452,11.27690184,4054900,47123969.0,,
2025-02-05,600648,11.29627796,11.42222274,10.88937944,10.97657198,6333601,72925385.41,,
2025-02-06,600648,10.9475078,11.0443884,10.71499436,11.02501228,4179117,47026705.49,,
2025-02-07,600648,10.97657198,11.16064512,10.9475078,11.11220482,4594001,52478126.37,,
2025-02-10,600648,11.12189288,11.30596602,11.02501228,11.25752572,5431500,62807960.0,,
2025-02-11,600648,11.25752572,11.32534214,11.0928287,11.20908542,3736306,43141699.8,,
2025-02-12,600648,11.141269,11.40284662,11.141269,11.3350302,2981400,34602898.99,,
2025-02-13,600648,11.36409438,11.45128692,11.26721378,11.40284662,4239830,49835882.85,,
2025-02-14,600648,11.4319108,11.44159886,11.29627796,11.41253468,3541492,41568805.92,,
2025-02-17,600648,11.45128692,11.47066304,11.27690184,11.39315856,3581518,42009955.89,,
2025-02-18,600648,11.4319108,11.44159886,11.26721378,11.3350302,3411133,40003198.8,,
2025-02-19,600648,11.3350302,11.35440632,11.13158094,11.30596602,6120623,70966936.15,,
2025-02-20,600648,11.30596602,11.31565408,11.13158094,11.25752572,4961992,57549612.71,,
2025-02-21,600648,11.2381496,11.34471826,11.15095706,11.31565408,3011441,35000187.22,,
2025-02-24,600648,11.26721378,11.4803511,11.26721378,11.42222274,4136144,48685181.52,,
2025-02-25,600648,11.42222274,11.42222274,11.2865899,11.31565408,3045935,35657396.55,,
2025-02-26,600648,11.31565408,11.4319108,11.30596602,11.4319108,2794051,32892639.92,,
2025-02-27,600648,11.46097498,11.53847946,11.40284662,11.49003916,3543181,41954784.26,,
2025-02-28,600648,11.42222274,11.5287914,11.35440632,11.41253468,3742076,44076171.24,,
2025-03-03,600648,11.40284662,11.51910334,11.34471826,11.4319108,4135511,48861109.57,,
2025-03-04,600648,11.3834705,11.4319108,11.31565408,11.35440632,2838201,33291587.52,,
2025-03-05,600648,11.40284662,11.40284662,11.13158094,11.36409438,4485376,52169339.29,,
2025-03-06,600648,11.36409438,11.3834705,11.27690184,11.30596602,4397281,51355445.78,,
2025-03-07,600648,11.26721378,11.30596602,11.18002124,11.27690184,3928484,45584955.67,,
2025-03-10,600648,11.2865899,11.36409438,11.19939736,11.35440632,3944956,45947375.96,,
2025-03-11,600648,11.25752572,11.53847946,11.25752572,11.5287914,4245423,49979755.23,,
2025-03-12,600648,11.4803511,11.7709929,11.44159886,11.7225526,8096874,97581714.16,,
2025-03-13,600648,11.8194332,11.89693768,11.68380036,11.76130484,10337218,125584553.22,,
2025-03-14,600648,11.76130484,11.8678735,11.45128692,11.625672,11891500,142145059.0,,
2025-03-17,600648,11.69348842,12.48790934,11.63536006,12.4007168,17636279,223585792.08,,
2025-03-18,600648,12.38134068,12.38134068,11.92600186,12.02288246,9354229,116497117.79,,
2025-03-19,600648,11.98413022,11.98413022,11.78068096,11.89693768,3864700,47327826.0,,
2025-03-20,600648,11.80005708,11.9163138,11.78068096,11.84849738,3775800,46119056.0,,
2025-03-21,600648,11.8194332,11.94537798,11.79036902,11.89693768,4126360,50532729.73,,
2025-03-24,600648,11.82912126,11.9163138,11.51910334,11.64504812,5504300,66348978.0,,
2025-03-25,600648,11.61598394,11.71286454,11.41253468,11.53847946,4100892,48769138.11,,
2025-03-26,600648,11.5287914,11.66442424,11.49003916,11.63536006,2261454,27111602.8,,
2025-03-27,600648,11.66442424,11.66442424,11.5287914,11.625672,2606721,31255417.0,,
2025-03-28,600648,11.5772317,11.64504812,11.4319108,11.5287914,3557400,42296086.0,,
2025-03-31,600648,11.55785558,11.55785558,11.2381496,11.35440632,5284593,62181845.1,,
2025-04-01,600648,11.35440632,11.63536006,11.3350302,11.47066304,5946102,70527284.9,,
2025-04-02,600648,11.41253468,11.79036902,11.3350302,11.64504812,5707087,68422110.35,,
2025-04-03,600648,11.51910334,11.74192872,11.51910334,11.63536006,4641352,55747038.17,,
2025-04-07,600648,11.32534214,11.32534214,10.47279286,10.47279286,9133691,101836479.64,,
2025-04-08,600648,10.5599854,11.141269,10.55029734,11.0443884,10555601,118125117.26,,
2025-04-09,600648,10.93781974,11.30596602,10.67624212,11.1897093,6351900,72007743.0,,
2025-04-10,600648,11.31565408,11.37378244,11.1897093,11.2865899,3949600,45969571.28,,
2025-04-11,600648,11.32534214,11.55785558,11.15095706,11.4803511,4677805,55095993.2,,
2025-04-14,600648,11.36409438,11.44159886,11.22846154,11.30596602,4509600,52616448.98,,
2025-04-15,600648,11.30596602,11.30596602,11.17033318,11.2865899,2542900,29478272.0,,
2025-04-16,600648,11.27690184,11.3834705,11.19939736,11.37378244,3006300,35080731.0,,
2025-04-17,600648,11.36409438,11.59660782,11.25752572,11.4319108,5259022,62275980.51,,
2025-04-18,600648,11.4319108,11.83880932,11.3834705,11.7709929,6603104,79229416.28,,
2025-04-21,600648,11.7709929,11.8678735,11.63536006,11.80005708,4698000,57024835.0,,
2025-04-22,600648,12.12945112,12.9820004,11.9163138,12.53634964,39233197,516791339.27,,
2025-04-23,600648,12.16820336,12.2069556,11.44159886,11.50941528,28938095,349554245.48,,
2025-04-24,600648,11.42222274,11.60629588,11.19939736,11.4803511,14317281,168662091.32,,
2025-04-25,600648,11.4319108,11.92600186,11.36409438,11.58691976,17296267,208207253.72,,
2025-04-28,600648,11.47066304,11.5287914,10.98626004,11.06376452,10771100,124117453.55,,
2025-04-29,600648,11.06376452,11.141269,10.93781974,11.01532422,4859511,55195925.84,,
2025-04-30,600648,10.96688392,11.05407646,10.8506272,10.88937944,5770910,65046065.4,,
2025-05-06,600648,10.8990675,10.92813168,10.84093914,10.92813168,6086488,68406525.52,,
2025-05-07,600648,11.0443884,11.19939736,10.92813168,11.00563616,6041264,68801311.08,,
2025-05-08,600648,10.97657198,11.00563616,10.87969138,10.96688392,4364900,49263045.0,,
2025-05-09,600648,10.9475078,10.98626004,10.73437048,10.78281078,7830860,87368744.34,,
2025-05-12,600648,10.83125108,10.90875556,10.78281078,10.87000332,5424022,60590131.52,,
2025-05-13,600648,10.91844362,10.96688392,10.7537466,10.84093914,7873417,88255539.16,,
2025-05-14,600648,10.82156302,10.9475078,10.7537466,10.9475078,5608622,62920462.62,,
2025-05-15,600648,10.9475078,10.9475078,10.83125108,10.84093914,2894599,32499760.77,,
2025-05-16,600648,10.8506272,10.87000332,10.72468242,10.84093914,4383700,48846573.0,,
2025-05-19,600648,10.8021869,10.88937944,10.77312272,10.87969138,3555800,39833159.0,,
2025-05-20,600648,10.8506272,10.87000332,10.79249884,10.8506272,2758284,30819892.76,,
2025-05-21,600648,10.87000332,10.87000332,10.79249884,10.82156302,2065000,23050445.0,,
2025-05-22,600648,10.8021869,10.82156302,10.72468242,10.76343466,2668200,29637889.0,,
2025-05-23,600648,10.76343466,10.76343466,10.63748988,10.74405854,4414100,48772599.0,,
2025-05-26,600648,10.72468242,10.74405854,10.656866,10.72468242,2236300,24689881.0,,
2025-05-27,600648,10.73437048,10.82156302,10.69561824,10.79249884,2810520,31233251.8,,
2025-05-28,600648,10.79249884,10.81187496,10.68593018,10.73437048,2062500,22846653.0,,
2025-05-29,600648,10.7053063,10.79249884,10.7053063,10.78281078,2213189,24584268.66,,
2025-05-30,600648,10.78281078,10.82156302,10.73437048,10.81187496,3261450,36314178.41,,
2025-06-03,600648,10.79249884,10.84093914,10.74405854,10.8021869,3173901,35354360.11,,
2025-06-04,600648,10.78281078,10.81187496,10.72468242,10.8021869,3185921,35415371.3,,
2025-06-05,600648,10.8021869,10.81187496,10.74405854,10.79249884,2230739,24814299.09,,
2025-06-06,600648,10.79249884,10.8506272,10.78281078,10.84093914,2734223,30542773.62,,
2025-06-09,600648,10.84093914,10.86031526,10.78281078,10.8506272,2608900,29160404.0,,
2025-06-10,600648,10.87000332,10.93781974,10.7537466,10.84093914,3964753,44456612.17,,
2025-06-11,600648,10.83125108,10.8990675,10.78281078,10.87000332,3665800,41124097.0,,
2025-06-12,600648,10.94,10.95,10.79,10.85,3324300,36048261.0,,
2025-06-13,600648,10.84,10.88,10.59,10.66,4869604,52182958.66,,
2025-06-16,600648,10.69,10.75,10.64,10.74,2995867,32034595.23,,
2025-06-17,600648,10.77,10.78,10.64,10.74,1814430,19434746.6,,
2025-06-18,600648,10.75,10.76,10.64,10.74,2006601,21462311.66,,
2025-06-19,600648,10.72,10.73,10.61,10.7,2116772,22590526.02,,
2025-06-20,600648,10.7,10.75,10.65,10.7,2149300,22979013.0,,
2025-06-23,600648,10.69,10.9,10.61,10.83,2924300,31409430.0,,
2025-06-24,600648,10.76,10.85,10.76,10.84,3444300,37250273.0,,
2025-06-25,600648,10.85,10.93,10.8,10.92,3596421,39093994.95,,
2025-06-26,600648,10.92,10.99,10.83,10.95,4407876,48095674.4,,
2025-06-27,600648,10.95,11.06,10.85,10.91,6786402,74081645.75,,
2025-06-30,600648,10.9,10.97,10.87,10.93,3262684,35629216.28,,
2025-07-01,600648,10.9,10.92,10.8,10.87,3246100,35203258.0,,
2025-07-02,600648,10.84,10.88,10.81,10.87,2528476,27439967.84,,
2025-07-03,600648,10.87,10.9,10.82,10.86,2157900,23426881.72,,
2025-07-04,600648,10.9,10.96,10.87,10.92,3783200,41297382.0,,
2025-07-07,600648,10.88,10.95,10.86,10.95,3259004,35611717.71,,
2025-07-08,600648,10.93,10.96,10.9,10.95,3866601,42278969.92,,
2025-07-09,600648,10.95,11.01,10.93,11.0,3921780,43072823.2,,
2025-07-10,600648,11.02,11.14,10.98,11.13,6889701,76261542.11,,
2025-07-11,600648,11.35,11.84,11.27,11.54,18670481,215905051.38,,
2025-07-14,600648,11.4,11.54,11.18,11.22,10878399,122641895.23,,
2025-07-15,600648,11.21,11.22,11.07,11.17,4028899,44869781.9,,
2025-07-16,600648,11.17,11.28,11.12,11.25,4143799,46408404.85,,
2025-07-17,600648,11.24,11.34,11.18,11.3,4133818,46543747.4,,
2025-07-18,600648,11.47,11.47,11.21,11.27,3970500,44698900.0,,
2025-07-21,600648,11.26,11.36,11.23,11.33,5226100,59001370.0,,
2025-07-22,600648,11.34,11.35,11.23,11.33,4067700,45929176.0,,
2025-07-23,600648,11.32,11.4,11.29,11.31,4996162,56639219.7,,
2025-07-24,600648,11.32,11.37,11.26,11.36,5177600,58708288.63,,
2025-07-25,600648,11.39,11.41,11.31,11.34,4937957,56022748.66,,
2025-07-28,600648,11.34,11.35,11.23,11.35,3446400,38935994.99,,
2025-07-29,600648,11.33,11.35,11.22,11.35,3788803,42754755.72,,
2025-07-30,600648,11.34,11.38,11.26,11.31,4430100,50179138.18,,
2025-07-31,600648,11.3,11.3,11.1,11.15,4722102,52709573.3,,
2025-08-01,600648,11.12,11.25,11.11,11.19,3272698,36568720.58,,
2025-08-04,600648,11.16,11.16,11.06,11.1,3085000,34236601.0,,
2025-08-05,600648,11.12,11.3,11.08,11.26,3901250,43801759.5,,
2025-08-06,600648,11.27,11.29,11.15,11.18,3014100,33714448.0,,
2025-08-07,600648,11.18,11.2,11.1,11.16,2735947,30506808.68,,
2025-08-08,600648,11.16,11.22,11.13,11.21,2316318,25912302.6,,
2025-08-11,600648,11.21,11.27,11.17,11.27,3533001,39607325.19,,
2025-08-12,600648,11.27,11.27,11.21,11.26,2435200,27366870.0,,
2025-08-13,600648,11.27,11.27,11.17,11.23,3671200,41213146.75,,
2025-08-14,600648,11.22,11.26,11.09,11.14,3659700,40887017.0,,
2025-08-15,600648,11.11,11.22,11.11,11.22,3592204,40156907.76,,
2025-08-18,600648,11.26,11.26,11.15,11.22,3960788,44394199.82,,
2025-08-19,600648,11.2,11.26,11.17,11.26,3728220,41785521.33,,
2025-08-20,600648,11.23,11.26,11.14,11.26,3491109,39101642.89,,
2025-08-21,600648,11.26,11.38,11.22,11.37,5484942,62044252.03,,
2025-08-22,600648,11.37,11.46,11.27,11.46,5095522,57907709.2,,
2025-08-25,600648,11.46,11.78,11.39,11.65,12603460,145970262.92,,
2025-08-26,600648,11.61,11.61,11.46,11.54,7334600,84444913.0,,
2025-08-27,600648,11.55,11.57,11.44,11.48,7238827,83166770.58,,
2025-08-28,600648,11.48,11.6,11.38,11.59,7651684,87874375.11,,
2025-08-29,600648,11.63,11.71,11.45,11.58,5531751,63937182.66,,
2025-09-01,600648,11.54,11.55,11.37,11.48,5420290,62039654.4,,
2025-09-02,600648,11.49,11.49,11.27,11.33,3923844,44491442.84,,
2025-09-03,600648,11.33,11.4,11.13,11.18,3465438,38868570.7,,
2025-09-04,600648,11.14,11.18,11.04,11.14,4309203,47869901.34,,
2025-09-05,600648,11.14,11.2,11.07,11.18,4070700,45296994.0,,
2025-09-08,600648,11.18,11.21,11.13,11.14,3239556,36188136.08,,
2025-09-09,600648,11.16,11.33,11.14,11.3,4475699,50379049.65,,
2025-09-10,600648,11.27,11.31,11.17,11.23,4420682,49612605.66,,
2025-09-11,600648,11.21,11.21,11.1,11.19,6089600,67871088.0,,
2025-09-12,600648,11.19,11.34,11.13,11.28,7505360,84446593.27,,
2025-09-15,600648,11.25,11.27,11.07,11.15,6681176,74359041.84,,
2025-09-16,600648,11.15,11.22,11.13,11.2,5178570,57859551.61,,
2025-09-17,600648,11.19,11.2,11.09,11.17,4710770,52472360.32,,
2025-09-18,600648,11.13,11.21,10.87,10.93,5619139,62152537.96,,
2025-09-19,600648,10.9,11.01,10.78,11.0,5151212,56096299.16,,
2025-09-22,600648,10.93,11.0,10.83,11.0,3902582,42634998.7,,
2025-09-23,600648,10.94,10.99,10.7,10.98,5166201,55982111.74,,
2025-09-24,600648,10.88,11.22,10.88,11.15,6174329,68678586.35,,
2025-09-25,600648,11.15,11.15,11.04,11.12,3498601,38794520.08,,
2025-09-26,600648,11.09,11.14,11.0,11.06,3234981,35794322.0,,
2025-09-29,600648,11.03,11.06,10.86,11.05,5128600,56159438.01,,
2025-09-30,600648,11.01,11.08,10.95,11.08,3216676,35509659.18,,
2025-10-09,600648,11.07,11.07,10.9,10.94,3349228,36669837.32,,
2025-10-10,600648,10.94,11.16,10.91,11.15,4974531,55066444.34,,
2025-10-13,600648,10.94,11.08,10.91,11.08,4185615,46000462.97,,
2025-10-14,600648,11.08,11.19,11.06,11.16,4836003,53906778.97,,
2025-10-15,600648,11.14,11.22,11.09,11.19,3614975,40324449.89,,
2025-10-16,600648,11.18,11.23,11.09,11.23,3713582,41477643.88,,
2025-10-17,600648,11.2,11.24,11.1,11.16,3841492,42850777.96,,
2025-10-20,600648,11.15,11.26,11.05,11.2,4399542,49119071.56,,
2025-10-21,600648,11.17,11.3,11.17,11.29,5390382,60722618.23,,
2025-10-22,600648,11.29,11.42,11.22,11.36,4942110,56047311.5,,
2025-10-23,600648,11.35,11.44,11.27,11.43,5625002,63908773.65,,
2025-10-24,600648,11.44,11.44,11.21,11.28,6126229,68961516.52,,
2025-10-27,600648,11.29,11.29,11.14,11.22,7074417,79160121.78,,
2025-10-28,600648,11.22,11.22,10.93,11.02,8214230,90795362.55,,
2025-10-29,600648,10.97,11.01,10.87,11.01,5277634,57717351.28,,
2025-10-30,600648,11.01,11.1,10.92,10.96,4646161,51092234.73,,
2025-10-31,600648,10.96,11.02,10.85,10.94,5284222,57778471.68,,
2025-11-03,600648,10.98,11.01,10.92,11.0,4082937,44798565.07,,
2025-11-04,600648,10.98,11.0,10.87,10.95,3301683,36119357.36,,
2025-11-05,600648,10.93,10.95,10.8,10.94,2992600,32657539.36,,
2025-11-06,600648,10.95,10.99,10.87,10.98,2396164,26240859.8,,
2025-11-07,600648,10.98,11.02,10.94,10.98,2595138,28497762.0,,
2025-11-10,600648,10.99,11.05,10.91,11.05,3137612,34482826.36,,
2025-11-11,600648,11.05,11.18,11.04,11.13,4685692,52023167.44,,
2025-11-12,600648,11.13,11.46,11.08,11.19,6921751,77794356.97,,
2025-11-13,600648,11.15,11.17,11.05,11.17,3891819,43313655.49,,
2025-11-14,600648,11.17,11.26,11.14,11.18,4877707,54655142.19,,
2025-11-17,600648,11.18,11.21,11.08,11.2,4046237,45126960.74,,
2025-11-18,600648,11.19,11.2,10.99,11.06,3791421,41911058.4,,
2025-11-19,600648,11.11,11.11,10.89,10.95,3122369,34198558.14,,
2025-11-20,600648,10.93,11.04,10.88,11.0,2958285,32416095.2,,
2025-11-21,600648,10.98,11.03,10.72,10.78,4837090,52414248.5,,
2025-11-24,600648,10.75,10.82,10.7,10.76,3470984,37366873.12,,
2025-11-25,600648,10.76,10.81,10.68,10.77,2984344,32096870.06,,
2025-11-26,600648,10.78,10.79,10.67,10.71,2816300,30195213.0,,
2025-11-27,600648,10.71,10.74,10.58,10.69,2900586,30914742.6,,
2025-11-28,600648,10.72,10.84,10.69,10.83,3327565,35899878.84,,
2025-12-01,600648,10.77,10.85,10.73,10.82,3365100,36333479.0,,
2025-12-02,600648,10.8,10.84,10.7,10.73,2891300,31032734.0,,
2025-12-03,600648,10.74,10.74,10.5,10.52,4529675,47921383.25,,
2025-12-04,600648,10.53,10.53,10.34,10.41,2559676,26649240.64,,
2025-12-05,600648,10.39,10.41,10.31,10.41,2814895,29137049.28,,
2025-12-08,600648,10.4,10.46,10.37,10.43,3111475,32389179.5,,
2025-12-09,600648,10.42,10.43,10.34,10.39,2107475,21863878.75,,
2025-12-10,600648,10.4,10.41,10.2,10.39,4913443,50650491.67,,
2025-12-11,600648,10.35,10.38,10.18,10.24,4651993,47594607.3,,
2025-12-12,600648,10.24,10.25,9.98,9.99,7720494,77744586.36,,
2025-12-15,600648,9.96,10.02,9.88,10.01,3245363,32318443.09,,
2025-12-16,600648,10.0,10.04,9.91,9.93,2037689,20290977.88,,
2025-12-17,600648,9.91,9.96,9.82,9.92,2523973,24945515.78,,
2025-12-18,600648,9.91,10.0,9.89,9.97,1744783,17369304.93,,
2025-12-19,600648,9.95,10.08,9.94,10.07,2850518,28570349.62,,
2025-12-22,600648,10.08,10.08,10.0,10.06,1918790,19254567.9,,
2025-12-23,600648,10.06,10.07,9.99,10.02,1494685,14976799.07,,
2025-12-24,600648,10.03,10.06,9.97,10.06,1505932,15088619.16,,
2025-12-25,600648,10.04,10.13,10.02,10.12,2444755,24618956.35,,
2025-12-26,600648,10.07,10.18,10.07,10.16,2146480,21775875.6,,
2025-12-29,600648,10.15,10.16,10.03,10.08,1984720,20023716.8,,
2025-12-30,600648,10.08,10.14,9.96,10.07,1884807,18900211.45,,
2025-12-31,600648,10.04,10.1,10.0,10.09,2344318,23580614.08,,
2026-01-05,600648,10.09,10.97,10.09,10.8,14134333,150379183.24,,
2026-01-06,600648,10.84,10.97,10.5,10.61,11483608,122929773.31,,
2026-01-07,600648,10.49,10.57,10.3,10.36,6849467,71401092.28,,
2026-01-08,600648,10.36,10.55,10.3,10.46,5399188,56372299.72,,
2026-01-09,600648,10.46,10.54,10.4,10.54,5228430,54815143.1,,
2026-01-12,600648,10.55,10.59,10.44,10.57,4322038,45456393.01,,
2026-01-13,600648,10.56,10.64,10.42,10.47,4525601,47651538.61,,
2026-01-14,600648,10.47,10.52,10.32,10.4,4540784,47312625.46,,
2026-01-15,600648,10.4,10.45,10.33,10.43,2607401,27125667.4,,
2026-01-16,600648,10.44,10.49,10.33,10.37,3189202,33151362.94,,
2026-01-19,600648,10.4,10.47,10.38,10.46,2845873,29692978.59,,
2026-01-20,600648,10.41,10.67,10.4,10.61,5851812,61805557.1,,
2026-01-21,600648,10.57,10.7,10.52,10.58,4077512,43226969.07,,
2026-01-22,600648,10.6,10.65,10.55,10.61,3070927,32564137.74,,
2026-01-23,600648,10.61,10.65,10.5,10.61,3594102,38057015.8,,
2026-01-26,600648,10.59,10.64,10.52,10.57,2652314,28003194.58,,
2026-01-27,600648,10.56,10.59,10.35,10.49,3360118,35154281.46,,
2026-01-28,600648,10.54,10.67,10.5,10.6,3796810,40198459.6,,
2026-01-29,600648,10.65,10.79,10.59,10.78,6734041,72269610.65,,
2026-01-30,600648,10.78,10.78,10.52,10.59,4546000,48359907.6,,
2026-02-02,600648,10.53,10.62,10.33,10.37,3777679,39461512.2,,
2026-02-03,600648,10.43,10.56,10.42,10.5,2390292,25089805.47,,
2026-02-04,600648,10.51,10.68,10.44,10.68,4604332,48827729.32,,
2026-02-05,600648,10.7,10.78,10.64,10.74,4465487,47925519.19,,
2026-02-06,600648,10.7,10.8,10.62,10.65,3973071,42512150.57,,
2026-02-09,600648,10.67,10.81,10.65,10.78,4248056,45637372.06,,
2026-02-10,600648,10.79,10.79,10.69,10.74,2631668,28192712.67,,
2026-02-11,600648,10.74,10.89,10.68,10.83,5124094,55410324.48,,
2026-02-12,600648,10.79,10.84,10.62,10.68,4438904,47426753.0,,
2026-02-13,600648,10.7,10.7,10.48,10.53,3401504,35907259.48,,
2026-02-24,600648,10.54,10.63,10.42,10.57,3005500,31681700.0,,
2026-02-25,600648,10.6,10.75,10.59,10.69,4437200,47381538.0,,
2026-02-26,600648,10.71,10.73,10.5,10.55,3842500,40638462.0,,
2026-02-27,600648,10.52,10.6,10.46,10.6,2892221,30458386.09,,
2026-03-02,600648,10.47,10.57,10.35,10.46,2887576,30197944.24,,
2026-03-03,600648,10.46,10.49,10.24,10.26,3266400,33792920.0,,
2026-03-04,600648,10.18,10.26,10.05,10.13,2918800,29584332.0,,
2026-03-05,600648,10.16,10.27,10.14,10.25,2594081,26504847.2,,
2026-03-06,600648,10.2,10.3,10.16,10.3,2618000,26825290.0,,
