日期,股票代码,开盘,最高,最低,收盘,成交量,成交额,异常情况,异常涨跌幅
2016-03-11,601988,1.91816658,1.96424866,1.91816658,1.9584884,132583922,448241024.0,,
2016-03-14,601988,1.95272814,1.97576918,1.94120762,1.9584884,175100228,596062400.0,,
2016-03-15,601988,1.9584884,1.9584884,1.92392684,1.94696788,130204978,439130208.0,,
2016-03-16,601988,1.94120762,1.98152944,1.94120762,1.98152944,315857152,1079023680.0,,
2016-03-17,601988,1.97000892,1.97576918,1.95272814,1.97576918,160344868,546712784.0,,
2016-03-18,601988,1.97000892,1.98152944,1.9584884,1.97576918,266933902,913420576.0,,
2016-03-21,601988,1.97576918,1.99304996,1.96424866,1.97576918,435841424,1494739104.0,,
2016-03-22,601988,1.97000892,1.98152944,1.9584884,1.9584884,166908967,570079600.0,,
2016-03-23,601988,1.95272814,1.96424866,1.94696788,1.95272814,110332809,374240096.0,,
2016-03-24,601988,1.94696788,1.95272814,1.9296871,1.9296871,133477716,448585680.0,,
2016-03-25,601988,1.9296871,1.94696788,1.92392684,1.93544736,79327082,266639309.0,,
2016-03-28,601988,1.93544736,1.94696788,1.91816658,1.9296871,99208623,332807536.0,,
2016-03-29,601988,1.9296871,1.94120762,1.91816658,1.92392684,98857811,330774192.0,,
2016-03-30,601988,1.93544736,1.96424866,1.9296871,1.9584884,166511147,563526304.0,,
2016-03-31,601988,1.9584884,1.97000892,1.94696788,1.9584884,104023481,353465760.0,,
2016-04-01,601988,1.95272814,1.96424866,1.93544736,1.96424866,144341615,489026080.0,,
2016-04-05,601988,1.95272814,1.98152944,1.95272814,1.97576918,178104393,608179872.0,,
2016-04-06,601988,1.97000892,1.98152944,1.96424866,1.97000892,110203716,376898752.0,,
2016-04-07,601988,1.97576918,1.97576918,1.94696788,1.94696788,91215317,309804960.0,,
2016-04-08,601988,1.94120762,1.9584884,1.9296871,1.93544736,87687338,295593360.0,,
2016-04-11,601988,1.94120762,1.96424866,1.93544736,1.95272814,116356857,395336736.0,,
2016-04-12,601988,1.9584884,1.9584884,1.94696788,1.95272814,65726015,222522296.0,,
2016-04-13,601988,1.9584884,1.97576918,1.95272814,1.97000892,166855147,570438960.0,,
2016-04-14,601988,1.97576918,1.98152944,1.9584884,1.97000892,91337531,312015024.0,,
2016-04-15,601988,1.97000892,1.97576918,1.9584884,1.97000892,96598535,329635936.0,,
2016-04-18,601988,1.9584884,1.96424866,1.94696788,1.95272814,74774745,253570926.0,,
2016-04-19,601988,1.95272814,1.9584884,1.94120762,1.94696788,58006430,196253869.0,,
2016-04-20,601988,1.95272814,1.95272814,1.89512554,1.93544736,193327120,645531392.0,,
2016-04-21,601988,1.92392684,1.94120762,1.91816658,1.92392684,91941723,307928848.0,,
2016-04-22,601988,1.92392684,1.94120762,1.91816658,1.9296871,93214064,312549104.0,,
2016-04-25,601988,1.9296871,1.93544736,1.91816658,1.9296871,79032204,264616810.0,,
2016-04-26,601988,1.93544736,1.94120762,1.92392684,1.93544736,63027975,211295621.0,,
2016-04-27,601988,1.94120762,1.94120762,1.9296871,1.9296871,38759778,130033104.0,,
2016-04-28,601988,1.93544736,1.94120762,1.92392684,1.94120762,73558220,246950718.0,,
2016-04-29,601988,1.93544736,1.94120762,1.92392684,1.9296871,75130058,251870388.0,,
2016-05-03,601988,1.9296871,1.94696788,1.92392684,1.94120762,119400727,401699696.0,,
2016-05-04,601988,1.93544736,1.94120762,1.9296871,1.94120762,77816400,261506051.0,,
2016-05-05,601988,1.93544736,1.94696788,1.9296871,1.94120762,75830569,255438139.0,,
2016-05-06,601988,1.94120762,1.94120762,1.91240632,1.91816658,108517264,362777424.0,,
2016-05-09,601988,1.91240632,1.92392684,1.87784476,1.88936528,119116126,393561584.0,,
2016-05-10,601988,1.88360502,1.89512554,1.88360502,1.88360502,79768220,261218691.0,,
2016-05-11,601988,1.88936528,1.88936528,1.8720845,1.88360502,73031421,238580266.0,,
2016-05-12,601988,1.87784476,1.88360502,1.85480372,1.8720845,85518620,277226384.0,,
2016-05-13,601988,1.8720845,1.87784476,1.86056398,1.8720845,63705564,206552340.0,,
2016-05-16,601988,1.86056398,1.8720845,1.86056398,1.8720845,58612499,190016738.0,,
2016-05-17,601988,1.8720845,1.8720845,1.86056398,1.86632424,54425737,176335735.0,,
2016-05-18,601988,1.86632424,1.8720845,1.83752294,1.86632424,139684698,450188000.0,,
2016-05-19,601988,1.86056398,1.86632424,1.85480372,1.86056398,49078879,158659244.0,,
2016-05-20,601988,1.86056398,1.86632424,1.85480372,1.86632424,39516869,127728743.0,,
2016-05-23,601988,1.86632424,1.87784476,1.86056398,1.87784476,81608524,265068722.0,,
2016-05-24,601988,1.8720845,1.87784476,1.86056398,1.86632424,60530884,196026946.0,,
2016-05-25,601988,1.86632424,1.8720845,1.86056398,1.86056398,42668949,138229078.0,,
2016-05-26,601988,1.86632424,1.86632424,1.84904346,1.86056398,75989756,245128963.0,,
2016-05-27,601988,1.86056398,1.86632424,1.85480372,1.86632424,60144459,194103929.0,,
2016-05-30,601988,1.86632424,1.88360502,1.85480372,1.88360502,115809068,376206992.0,,
2016-05-31,601988,1.88360502,1.94120762,1.87784476,1.93544736,222717054,742114544.0,,
2016-06-01,601988,1.93544736,1.93544736,1.91816658,1.92392684,98373392,329237376.0,,
2016-06-02,601988,1.92392684,1.9296871,1.91240632,1.91816658,73052550,243350734.0,,
2016-06-03,601988,1.92392684,1.9296871,1.90664606,1.92392684,74903787,249373830.0,,
2016-06-06,601988,1.92392684,1.9296871,1.91240632,1.92392684,55124837,183801399.0,,
2016-06-07,601988,1.91816658,1.94120762,1.91816658,1.9296871,87536385,293272464.0,,
2016-06-08,601988,1.93544736,1.93544736,1.91816658,1.93544736,68589470,229470489.0,,
2016-06-13,601988,1.92392684,1.93544736,1.9008858,1.9008858,93462926,312014016.0,,
2016-06-14,601988,1.9008858,1.91240632,1.89512554,1.91240632,53151265,175902918.0,,
2016-06-15,601988,1.9008858,1.92392684,1.9008858,1.91240632,89236599,295665168.0,,
2016-06-16,601988,1.90664606,1.91240632,1.88936528,1.9008858,122187487,402558928.0,,
2016-06-17,601988,1.9008858,1.91240632,1.89512554,1.90664606,93350277,308945904.0,,
2016-06-20,601988,1.90664606,1.91816658,1.90664606,1.91240632,85095913,282276224.0,,
2016-06-21,601988,1.91240632,1.9296871,1.91240632,1.92392684,90121989,300556176.0,,
2016-06-22,601988,1.92392684,1.94120762,1.91816658,1.93544736,100174033,335594208.0,,
2016-06-23,601988,1.93544736,1.94696788,1.9296871,1.94120762,161843228,544734144.0,,
2016-06-24,601988,1.9412064,1.94727267,1.90480878,1.91694132,178147513,566455456.0,,
2016-06-27,601988,1.91087505,1.92907386,1.89874251,1.92907386,130784387,412124144.0,,
2016-06-28,601988,1.91694132,1.92907386,1.91087505,1.92300759,79482123,251326746.0,,
2016-06-29,601988,1.92907386,1.93514013,1.92300759,1.93514013,78426911,249383675.0,,
2016-06-30,601988,1.93514013,1.95333894,1.92907386,1.94727267,108970405,348970240.0,,
2016-07-01,601988,1.94727267,1.95333894,1.9412064,1.95333894,67821852,218035562.0,,
2016-07-04,601988,1.94727267,1.98367029,1.94727267,1.97153775,139006290,451472992.0,,
2016-07-05,601988,1.97153775,1.98367029,1.95333894,1.97153775,136094520,441286576.0,,
2016-07-06,601988,1.97153775,1.98367029,1.96547148,1.97153775,97119831,316145520.0,,
2016-07-07,601988,1.97153775,1.97760402,1.96547148,1.97760402,89029448,289519136.0,,
2016-07-08,601988,1.97153775,1.97760402,1.95940521,1.95940521,63016603,204230925.0,,
2016-07-11,601988,1.95940521,1.98367029,1.95940521,1.97153775,97338635,316562096.0,,
2016-07-12,601988,1.97153775,2.00793537,1.96547148,2.0018691,185713817,608888112.0,,
2016-07-13,601988,2.0018691,2.03220045,1.99580283,2.02613418,208114917,690665696.0,,
2016-07-14,601988,2.02006791,2.02006791,2.0018691,2.01400164,121326955,401422096.0,,
2016-07-15,601988,2.01400164,2.02613418,2.00793537,2.02006791,85679887,284581008.0,,
2016-07-18,601988,2.01400164,2.03220045,2.01400164,2.02613418,153227540,512216064.0,,
2016-07-19,601988,2.02613418,2.03220045,2.00793537,2.01400164,102425799,340759328.0,,
2016-07-20,601988,2.01400164,2.01400164,1.99580283,2.0018691,72781836,240656407.0,,
2016-07-21,601988,2.0018691,2.00793537,1.99580283,2.0018691,88379910,291760096.0,,
2016-07-22,601988,2.0018691,2.00793537,1.99580283,2.0018691,118422285,390883744.0,,
2016-07-25,601988,2.0018691,2.02006791,2.0018691,2.02006791,75289451,249890896.0,,
2016-07-26,601988,2.01400164,2.03826672,2.01400164,2.03826672,91625644,306581632.0,,
2016-07-27,601988,2.03220045,2.04433299,2.0018691,2.02613418,148709522,495846736.0,,
2016-07-28,601988,2.02006791,2.02613418,2.00793537,2.02006791,79363565,263834434.0,,
2016-07-29,601988,2.02006791,2.02613418,2.01400164,2.02613418,65260149,217550780.0,,
2016-08-01,601988,2.02006791,2.03826672,2.02006791,2.03220045,106517801,356024800.0,,
2016-08-02,601988,2.03220045,2.03826672,2.02613418,2.03826672,59809628,200152043.0,,
2016-08-03,601988,2.03220045,2.03826672,2.02006791,2.02613418,82088364,274041488.0,,
2016-08-04,601988,2.02006791,2.02613418,2.00793537,2.01400164,83367777,276798592.0,,
2016-08-05,601988,2.01400164,2.02613418,2.00793537,2.02006791,67274045,223625238.0,,
2016-08-08,601988,2.02006791,2.03220045,2.01400164,2.02613418,63450167,211583062.0,,
2016-08-09,601988,2.02613418,2.03826672,2.02006791,2.03826672,82791502,277128352.0,,
2016-08-10,601988,2.03220045,2.03826672,2.03220045,2.03220045,72000872,241649494.0,,
2016-08-11,601988,2.03220045,2.06859807,2.03220045,2.0625318,191007581,647556656.0,,
2016-08-12,601988,2.05646553,2.12926077,2.05039926,2.1231945,238277368,822823232.0,,
2016-08-15,601988,2.1231945,2.1838572,2.11712823,2.15959212,280185136,998784560.0,,
2016-08-16,601988,2.15959212,2.16565839,2.06859807,2.09286315,634809648,2196885904.0,,
2016-08-17,601988,2.08073061,2.09286315,2.06859807,2.08679688,156219527,535954880.0,,
2016-08-18,601988,2.08073061,2.09286315,2.06859807,2.07466434,187489755,642468144.0,,
2016-08-19,601988,2.07466434,2.08073061,2.06859807,2.08073061,84757656,289675840.0,,
2016-08-22,601988,2.07466434,2.09892942,2.06859807,2.09286315,192889375,662293264.0,,
2016-08-23,601988,2.08679688,2.11712823,2.08073061,2.09892942,245270210,849367152.0,,
2016-08-24,601988,2.09892942,2.10499569,2.08073061,2.09892942,121491759,419551552.0,,
2016-08-25,601988,2.09286315,2.09892942,2.08073061,2.09892942,116728797,402156880.0,,
2016-08-26,601988,2.09286315,2.09892942,2.08679688,2.09286315,76890092,265215366.0,,
2016-08-29,601988,2.09286315,2.09286315,2.06859807,2.08073061,105898164,363265968.0,,
2016-08-30,601988,2.08073061,2.09286315,2.08073061,2.09286315,78974131,271945376.0,,
2016-08-31,601988,2.09286315,2.11106196,2.09286315,2.10499569,79468776,275335280.0,,
2016-09-01,601988,2.11106196,2.11712823,2.10499569,2.11106196,103471481,359780864.0,,
2016-09-02,601988,2.10499569,2.11106196,2.09286315,2.10499569,110955445,384803328.0,,
2016-09-05,601988,2.10499569,2.11106196,2.09286315,2.09892942,132554990,458684928.0,,
2016-09-06,601988,2.09892942,2.10499569,2.09286315,2.09892942,113823491,393870400.0,,
2016-09-07,601988,2.09286315,2.09892942,2.08679688,2.09286315,105895780,365501120.0,,
2016-09-08,601988,2.09286315,2.09892942,2.08679688,2.09286315,67921830,234187549.0,,
2016-09-09,601988,2.09286315,2.09892942,2.08679688,2.08679688,55510184,191510736.0,,
2016-09-12,601988,2.08073061,2.08073061,2.04433299,2.05039926,172223043,585984096.0,,
2016-09-13,601988,2.05039926,2.0625318,2.05039926,2.05039926,86821013,293824720.0,,
2016-09-14,601988,2.04433299,2.05039926,2.01400164,2.02613418,149828692,500585920.0,,
2016-09-19,601988,2.02006791,2.03220045,2.01400164,2.03220045,128230244,427761584.0,,
2016-09-20,601988,2.03220045,2.03220045,2.02006791,2.02613418,63965894,213745965.0,,
2016-09-21,601988,2.03220045,2.05646553,2.02006791,2.05039926,114937829,387267808.0,,
2016-09-22,601988,2.05039926,2.06859807,2.05039926,2.05646553,83197520,282478080.0,,
2016-09-23,601988,2.05646553,2.06859807,2.05039926,2.0625318,61434977,208659506.0,,
2016-09-26,601988,2.0625318,2.0625318,2.03826672,2.04433299,142734871,482593584.0,,
2016-09-27,601988,2.04433299,2.05646553,2.03220045,2.05039926,102691981,345414704.0,,
2016-09-28,601988,2.05039926,2.05039926,2.03220045,2.03826672,64707856,217790859.0,,
2016-09-29,601988,2.03826672,2.04433299,2.03826672,2.04433299,62930005,211757287.0,,
2016-09-30,601988,2.03826672,2.05039926,2.03826672,2.04433299,55808702,188108246.0,,
2016-10-10,601988,2.05039926,2.0625318,2.04433299,2.0625318,87888067,297599472.0,,
2016-10-11,601988,2.0625318,2.06859807,2.05646553,2.0625318,78714064,267804753.0,,
2016-10-12,601988,2.0625318,2.0625318,2.05039926,2.05646553,56734572,192251939.0,,
2016-10-13,601988,2.05646553,2.05646553,2.04433299,2.05039926,57375989,193823787.0,,
2016-10-14,601988,2.05039926,2.05039926,2.03826672,2.05039926,48251107,162778785.0,,
2016-10-17,601988,2.05039926,2.05039926,2.03826672,2.03826672,70559195,237927904.0,,
2016-10-18,601988,2.03826672,2.0625318,2.03826672,2.05646553,85802926,289796864.0,,
2016-10-19,601988,2.05646553,2.06859807,2.05039926,2.05039926,57284081,194468580.0,,
2016-10-20,601988,2.05646553,2.0625318,2.05039926,2.05646553,57419753,194524758.0,,
2016-10-21,601988,2.05646553,2.0625318,2.04433299,2.0625318,96250089,325960848.0,,
2016-10-24,601988,2.0625318,2.09892942,2.05646553,2.08073061,187042989,640311568.0,,
2016-10-25,601988,2.08073061,2.09286315,2.08073061,2.08679688,116338457,400302608.0,,
2016-10-26,601988,2.08679688,2.08679688,2.0625318,2.06859807,105884641,362211088.0,,
2016-10-27,601988,2.06859807,2.06859807,2.04433299,2.05646553,117396706,397648592.0,,
2016-10-28,601988,2.05646553,2.06859807,2.05039926,2.06859807,154364939,524644048.0,,
2016-10-31,601988,2.0625318,2.0625318,2.05039926,2.05646553,87677872,296709888.0,,
2016-11-01,601988,2.05039926,2.0625318,2.05039926,2.0625318,84476864,286129056.0,,
2016-11-02,601988,2.05646553,2.0625318,2.04433299,2.05039926,115949010,391645120.0,,
2016-11-03,601988,2.04433299,2.05039926,2.03220045,2.05039926,117705119,396395808.0,,
2016-11-04,601988,2.04433299,2.05039926,2.03220045,2.04433299,134174466,451323440.0,,
2016-11-07,601988,2.03826672,2.04433299,2.03220045,2.03826672,114261967,384009536.0,,
2016-11-08,601988,2.03826672,2.0625318,2.03826672,2.05039926,211555442,715247808.0,,
2016-11-09,601988,2.05039926,2.05646553,2.02613418,2.03826672,194920138,654987888.0,,
2016-11-10,601988,2.04433299,2.05646553,2.03826672,2.05039926,128824530,435261392.0,,
2016-11-11,601988,2.04433299,2.05039926,2.03826672,2.05039926,205116800,691201440.0,,
2016-11-14,601988,2.04433299,2.0625318,2.04433299,2.0625318,202190629,684181776.0,,
2016-11-15,601988,2.05646553,2.0625318,2.04433299,2.05646553,107993403,365579968.0,,
2016-11-16,601988,2.05646553,2.05646553,2.04433299,2.05646553,103118885,348868368.0,,
2016-11-17,601988,2.05039926,2.0625318,2.04433299,2.05646553,121406401,410616928.0,,
2016-11-18,601988,2.05646553,2.05646553,2.04433299,2.05039926,76621259,259175546.0,,
2016-11-21,601988,2.04433299,2.07466434,2.04433299,2.06859807,238077664,808790336.0,,
2016-11-22,601988,2.05646553,2.08073061,2.05646553,2.08073061,267546385,913003168.0,,
2016-11-23,601988,2.07466434,2.11106196,2.07466434,2.09286315,304202288,1052048400.0,,
2016-11-24,601988,2.09286315,2.09892942,2.08679688,2.09286315,184722134,637484448.0,,
2016-11-25,601988,2.09286315,2.11712823,2.09286315,2.11712823,213446229,740905136.0,,
2016-11-28,601988,2.1231945,2.16565839,2.11712823,2.14745958,359755312,1274123632.0,,
2016-11-29,601988,2.14745958,2.16565839,2.12926077,2.15959212,231871052,820052912.0,,
2016-11-30,601988,2.15352585,2.15352585,2.1231945,2.12926077,208226172,733271744.0,,
2016-12-01,601988,2.12926077,2.14745958,2.11712823,2.13532704,182947689,643547456.0,,
2016-12-02,601988,2.12926077,2.13532704,2.10499569,2.12926077,243699909,852755904.0,,
2016-12-05,601988,2.1231945,2.13532704,2.11106196,2.12926077,248924408,871184640.0,,
2016-12-06,601988,2.12926077,2.13532704,2.1231945,2.1231945,187971972,659640976.0,,
2016-12-07,601988,2.1231945,2.12926077,2.11712823,2.1231945,122543260,428445440.0,,
2016-12-08,601988,2.1231945,2.13532704,2.11712823,2.13532704,133088830,466457568.0,,
2016-12-09,601988,2.12926077,2.19598974,2.12926077,2.17779093,399733216,1431617712.0,,
2016-12-12,601988,2.1838572,2.26878498,2.17172466,2.20812228,516105584,1884088320.0,,
2016-12-13,601988,2.19598974,2.20205601,2.14745958,2.17172466,251428155,901224752.0,,
2016-12-14,601988,2.16565839,2.20812228,2.16565839,2.17779093,181670097,655858064.0,,
2016-12-15,601988,2.16565839,2.17172466,2.10499569,2.11106196,244847468,858366416.0,,
2016-12-16,601988,2.10499569,2.11106196,2.08679688,2.09892942,131471653,454437840.0,,
2016-12-19,601988,2.09286315,2.10499569,2.08073061,2.09892942,116683611,402691568.0,,
2016-12-20,601988,2.09286315,2.09892942,2.05646553,2.07466434,175350902,598468704.0,,
2016-12-21,601988,2.07466434,2.09892942,2.06859807,2.09892942,133534748,459194816.0,,
2016-12-22,601988,2.09286315,2.09892942,2.08073061,2.09286315,83909812,288636064.0,,
2016-12-23,601988,2.08679688,2.09286315,2.06859807,2.08073061,83983380,287547568.0,,
2016-12-26,601988,2.07466434,2.08679688,2.05646553,2.08679688,117991352,401998928.0,,
2016-12-27,601988,2.08073061,2.08679688,2.06859807,2.06859807,76204742,260620877.0,,
2016-12-28,601988,2.06859807,2.08073061,2.0625318,2.07466434,76590069,261629926.0,,
2016-12-29,601988,2.06859807,2.08679688,2.0625318,2.07466434,86288043,295211840.0,,
2016-12-30,601988,2.07466434,2.08679688,2.07466434,2.08679688,80739184,276936992.0,,
2017-01-03,601988,2.08679688,2.11106196,2.08073061,2.10499569,113687763,393101776.0,,
2017-01-04,601988,2.09892942,2.11106196,2.09286315,2.10499569,94002332,325874864.0,,
2017-01-05,601988,2.11106196,2.11106196,2.09286315,2.09892942,121066829,419460944.0,,
2017-01-06,601988,2.09892942,2.09892942,2.07466434,2.08679688,165438451,568322352.0,,
2017-01-09,601988,2.08073061,2.08679688,2.07466434,2.08679688,85815824,294854672.0,,
2017-01-10,601988,2.08679688,2.08679688,2.07466434,2.08073061,116026900,397931360.0,,
2017-01-11,601988,2.08073061,2.09286315,2.07466434,2.08073061,109660585,376764576.0,,
2017-01-12,601988,2.08073061,2.08679688,2.07466434,2.08073061,111484426,382888016.0,,
2017-01-13,601988,2.07466434,2.09892942,2.07466434,2.09892942,154088929,530285248.0,,
2017-01-16,601988,2.09286315,2.14139331,2.08073061,2.1231945,376921920,1310936112.0,,
2017-01-17,601988,2.11712823,2.12926077,2.11106196,2.1231945,102395858,357658592.0,,
2017-01-18,601988,2.1231945,2.13532704,2.11712823,2.12926077,108266531,379749648.0,,
2017-01-19,601988,2.12926077,2.15352585,2.1231945,2.13532704,143853940,507492448.0,,
2017-01-20,601988,2.12926077,2.13532704,2.1231945,2.13532704,76477073,268706128.0,,
2017-01-23,601988,2.13532704,2.13532704,2.1231945,2.12926077,100233539,351701616.0,,
2017-01-24,601988,2.12926077,2.14745958,2.1231945,2.14745958,183042760,643221408.0,,
2017-01-25,601988,2.14139331,2.14745958,2.13532704,2.14745958,82123520,290252480.0,,
2017-01-26,601988,2.14745958,2.17779093,2.14139331,2.17172466,154662324,551585072.0,,
2017-02-03,601988,2.17172466,2.17172466,2.14745958,2.15352585,70948131,252311555.0,,
2017-02-06,601988,2.15352585,2.16565839,2.14745958,2.15352585,111730798,397025168.0,,
2017-02-07,601988,2.15352585,2.15959212,2.13532704,2.14745958,109941968,388720096.0,,
2017-02-08,601988,2.14139331,2.15352585,2.12926077,2.15352585,78148421,276314688.0,,
2017-02-09,601988,2.14745958,2.17172466,2.14745958,2.16565839,103917629,370388704.0,,
2017-02-10,601988,2.16565839,2.1838572,2.16565839,2.1838572,138918124,498493920.0,,
2017-02-13,601988,2.1838572,2.20812228,2.17779093,2.20205601,164878163,596931232.0,,
2017-02-14,601988,2.20205601,2.20205601,2.1838572,2.19598974,112422480,406472128.0,,
2017-02-15,601988,2.19598974,2.23238736,2.18992347,2.22632109,263292729,963148144.0,,
2017-02-16,601988,2.23238736,2.2445199,2.22025482,2.23845363,169618720,624247072.0,,
2017-02-17,601988,2.23845363,2.23845363,2.20205601,2.20205601,140586052,514191680.0,,
2017-02-20,601988,2.20812228,2.25665244,2.20205601,2.23845363,326416112,1203698912.0,,
2017-02-21,601988,2.2445199,2.28091752,2.23845363,2.25058617,228405638,851560240.0,,
2017-02-22,601988,2.25058617,2.25665244,2.23238736,2.25665244,116528532,431352224.0,,
2017-02-23,601988,2.25058617,2.27485125,2.25058617,2.26271871,151276087,564079920.0,,
2017-02-24,601988,2.26271871,2.26878498,2.2445199,2.25665244,113659840,423163920.0,,
2017-02-27,601988,2.25058617,2.25665244,2.22632109,2.23845363,123488062,455766880.0,,
2017-02-28,601988,2.23238736,2.2445199,2.22632109,2.23238736,84489776,311598960.0,,
2017-03-01,601988,2.23845363,2.25058617,2.21418855,2.22632109,232019299,853745536.0,,
2017-03-02,601988,2.23238736,2.23845363,2.22025482,2.22632109,105515399,388407488.0,,
2017-03-03,601988,2.22025482,2.22025482,2.20812228,2.21418855,85394210,311802608.0,,
2017-03-06,601988,2.21418855,2.22025482,2.1838572,2.20205601,288361920,1047032480.0,,
2017-03-07,601988,2.19598974,2.20812228,2.18992347,2.20812228,128481570,466152912.0,,
2017-03-08,601988,2.20205601,2.20812228,2.19598974,2.20812228,72319218,262694123.0,,
2017-03-09,601988,2.20205601,2.21418855,2.19598974,2.20812228,129545077,470689712.0,,
2017-03-10,601988,2.20205601,2.21418855,2.19598974,2.20205601,73392456,266571667.0,,
2017-03-13,601988,2.20205601,2.22632109,2.19598974,2.22632109,112788560,411240560.0,,
2017-03-14,601988,2.22632109,2.23238736,2.21418855,2.22025482,82873980,304053760.0,,
2017-03-15,601988,2.21418855,2.22025482,2.20812228,2.22025482,78618515,287155376.0,,
2017-03-16,601988,2.22025482,2.23845363,2.21418855,2.23238736,138318657,508386400.0,,
2017-03-17,601988,2.23238736,2.23845363,2.20205601,2.21418855,135292170,494939008.0,,
2017-03-20,601988,2.20812228,2.22632109,2.20812228,2.22632109,108287885,395584912.0,,
2017-03-21,601988,2.22025482,2.22632109,2.20812228,2.21418855,137801129,503350128.0,,
2017-03-22,601988,2.20812228,2.21418855,2.17779093,2.1838572,130629085,471795344.0,,
2017-03-23,601988,2.18992347,2.20205601,2.1838572,2.1838572,95835965,346146144.0,,
2017-03-24,601988,2.18992347,2.20205601,2.1838572,2.20205601,92676368,334945984.0,,
2017-03-27,601988,2.19598974,2.22025482,2.18992347,2.21418855,128981463,469414848.0,,
2017-03-28,601988,2.22025482,2.22025482,2.20205601,2.20812228,78928272,287463472.0,,
2017-03-29,601988,2.20812228,2.22025482,2.20205601,2.21418855,137898008,503005248.0,,
2017-03-30,601988,2.20812228,2.22025482,2.18992347,2.22025482,202802717,737890528.0,,
2017-03-31,601988,2.21418855,2.25058617,2.20812228,2.2445199,198988036,732251152.0,,
2017-04-05,601988,2.22632109,2.23845363,2.22025482,2.23238736,282421936,1037457008.0,,
2017-04-06,601988,2.22632109,2.23238736,2.21418855,2.22025482,147080509,537950576.0,,
2017-04-07,601988,2.21418855,2.22025482,2.19598974,2.20812228,181420539,659954832.0,,
2017-04-10,601988,2.20812228,2.20812228,2.19598974,2.20205601,117511295,425878880.0,,
2017-04-11,601988,2.19598974,2.20205601,2.1838572,2.19598974,147514101,533087040.0,,
2017-04-12,601988,2.18992347,2.20205601,2.1838572,2.19598974,165290694,597235920.0,,
2017-04-13,601988,2.19598974,2.20812228,2.18992347,2.20205601,107417105,389214992.0,,
2017-04-14,601988,2.20205601,2.20205601,2.1838572,2.18992347,90792363,327617744.0,,
2017-04-17,601988,2.1838572,2.18992347,2.16565839,2.1838572,153346771,550936112.0,,
2017-04-18,601988,2.1838572,2.1838572,2.16565839,2.16565839,102586046,367447200.0,,
2017-04-19,601988,2.15959212,2.16565839,2.13532704,2.14139331,136008976,481740192.0,,
2017-04-20,601988,2.14139331,2.14745958,2.1231945,2.12926077,102850710,361807504.0,,
2017-04-21,601988,2.12926077,2.15959212,2.1231945,2.14745958,201033723,710345952.0,,
2017-04-24,601988,2.14745958,2.17172466,2.14139331,2.16565839,146861922,521679808.0,,
2017-04-25,601988,2.16565839,2.17172466,2.15959212,2.16565839,102720468,366599904.0,,
2017-04-26,601988,2.16565839,2.17779093,2.16565839,2.17172466,104094171,372553136.0,,
2017-04-27,601988,2.17172466,2.17779093,2.15352585,2.17779093,105424889,376308400.0,,
2017-04-28,601988,2.17172466,2.17779093,2.16565839,2.17779093,99584828,356451360.0,,
2017-05-02,601988,2.17172466,2.17172466,2.15352585,2.15959212,66093550,235471595.0,,
2017-05-03,601988,2.15352585,2.15959212,2.13532704,2.14139331,84611551,299184576.0,,
2017-05-04,601988,2.14139331,2.14745958,2.13532704,2.14139331,74607306,263116131.0,,
2017-05-05,601988,2.13532704,2.15959212,2.11712823,2.14745958,175567864,616871440.0,,
2017-05-08,601988,2.13532704,2.16565839,2.13532704,2.16565839,138086728,489265008.0,,
2017-05-09,601988,2.15352585,2.17172466,2.14745958,2.16565839,78176337,278482768.0,,
2017-05-10,601988,2.15959212,2.1838572,2.15959212,2.17172466,127337310,455494688.0,,
2017-05-11,601988,2.17172466,2.20812228,2.16565839,2.19598974,222668690,804582896.0,,
2017-05-12,601988,2.18992347,2.23845363,2.1838572,2.22632109,257271110,939843376.0,,
2017-05-15,601988,2.22632109,2.23845363,2.20812228,2.22025482,130856292,479712512.0,,
2017-05-16,601988,2.22025482,2.22632109,2.18992347,2.20205601,148719279,538853520.0,,
2017-05-17,601988,2.19598974,2.19598974,2.1838572,2.19598974,102154219,368484336.0,,
2017-05-18,601988,2.1838572,2.19598974,2.17779093,2.18992347,76757553,277075440.0,,
2017-05-19,601988,2.18992347,2.19598974,2.1838572,2.18992347,54783928,198104398.0,,
2017-05-22,601988,2.18992347,2.21418855,2.18992347,2.20205601,141949991,515419792.0,,
2017-05-23,601988,2.20205601,2.23845363,2.20205601,2.23238736,256955372,941923520.0,,
2017-05-24,601988,2.22632109,2.23845363,2.20205601,2.22025482,157409875,575072592.0,,
2017-05-25,601988,2.21418855,2.28698379,2.21418855,2.2445199,489749056,1815858816.0,,
2017-05-26,601988,2.23238736,2.25058617,2.22632109,2.2445199,184914287,682831488.0,,
2017-05-31,601988,2.2445199,2.26878498,2.23845363,2.26271871,237648223,884454944.0,,
2017-06-01,601988,2.25665244,2.27485125,2.25058617,2.26878498,175866621,655552880.0,,
2017-06-02,601988,2.26878498,2.29305006,2.25665244,2.25665244,198412434,743549248.0,,
2017-06-05,601988,2.25665244,2.26271871,2.18992347,2.20205601,434943296,1588851808.0,,
2017-06-06,601988,2.20205601,2.21418855,2.19598974,2.20812228,110228288,400733984.0,,
2017-06-07,601988,2.20812228,2.23238736,2.20205601,2.22632109,184834740,676255648.0,,
2017-06-08,601988,2.22025482,2.22632109,2.20812228,2.22632109,112180534,410061840.0,,
2017-06-09,601988,2.22632109,2.23845363,2.20812228,2.22025482,263945258,966918128.0,,
2017-06-12,601988,2.21418855,2.22632109,2.20205601,2.20812228,174816397,637843728.0,,
2017-06-13,601988,2.20205601,2.21418855,2.19598974,2.20812228,99952307,363302080.0,,
2017-06-14,601988,2.20812228,2.20812228,2.18992347,2.20205601,157823585,571579536.0,,
2017-06-15,601988,2.19598974,2.20205601,2.1838572,2.18992347,116671760,421205440.0,,
2017-06-16,601988,2.18992347,2.19598974,2.1838572,2.19598974,80820560,291866544.0,,
2017-06-19,601988,2.18992347,2.20205601,2.1838572,2.18992347,195473189,706430352.0,,
2017-06-20,601988,2.18992347,2.20205601,2.18992347,2.19598974,80857877,292765920.0,,
2017-06-21,601988,2.20205601,2.20812228,2.18992347,2.19598974,127165778,460986912.0,,
2017-06-22,601988,2.19598974,2.23845363,2.19598974,2.21418855,407381616,1491490384.0,,
2017-06-23,601988,2.20812228,2.22632109,2.20205601,2.22632109,188392287,687181568.0,,
2017-06-26,601988,2.22632109,2.2445199,2.21418855,2.22025482,284825104,1047969776.0,,
2017-06-27,601988,2.22025482,2.23238736,2.20812228,2.22025482,156561353,572464192.0,,
2017-06-28,601988,2.22025482,2.23238736,2.21418855,2.22632109,157437796,577416800.0,,
2017-06-29,601988,2.22632109,2.23238736,2.21418855,2.23238736,128547511,471580192.0,,
2017-06-30,601988,2.22632109,2.2445199,2.22025482,2.2445199,151555499,558508448.0,,
2017-07-03,601988,2.2445199,2.2445199,2.22632109,2.23845363,154076062,568024848.0,,
2017-07-04,601988,2.23238736,2.2445199,2.22025482,2.23238736,195847563,720922960.0,,
2017-07-05,601988,2.23238736,2.23845363,2.22632109,2.23238736,142756865,525016208.0,,
2017-07-06,601988,2.23238736,2.23845363,2.22025482,2.22632109,162070841,595292496.0,,
2017-07-07,601988,2.22632109,2.23845363,2.22025482,2.23845363,162584659,596907792.0,,
2017-07-10,601988,2.23238736,2.2445199,2.22632109,2.23845363,119288873,439611920.0,,
2017-07-11,601988,2.23845363,2.26878498,2.23238736,2.25665244,281043632,1044084928.0,,
2017-07-12,601988,2.26271871,2.28698379,2.25665244,2.27485125,326429872,1224830704.0,,
2017-07-13,601988,2.28091752,2.31731514,2.27485125,2.31124887,359893696,1362143696.0,,
2017-07-14,601988,2.33664912,2.34299871,2.31125076,2.33664912,280848464,1029361328.0,,
2017-07-17,601988,2.33664912,2.42554338,2.33029953,2.40649461,596596272,2241313680.0,,
2017-07-18,601988,2.38744584,2.41919379,2.36839707,2.38744584,275338096,1037453600.0,,
2017-07-19,601988,2.38109625,2.4128442,2.37474666,2.38744584,284181824,1073651744.0,,
2017-07-20,601988,2.39379543,2.40649461,2.37474666,2.40649461,194742503,734255264.0,,
2017-07-21,601988,2.40014502,2.4128442,2.38744584,2.40014502,156214601,590677264.0,,
2017-07-24,601988,2.39379543,2.43824256,2.38744584,2.4128442,292880976,1116820896.0,,
2017-07-25,601988,2.42554338,2.46999051,2.41919379,2.44459215,331421440,1277539424.0,,
2017-07-26,601988,2.44459215,2.50808805,2.44459215,2.4763401,301846672,1179594032.0,,
2017-07-27,601988,2.48268969,2.48268969,2.44459215,2.45729133,208029626,804503840.0,,
2017-07-28,601988,2.44459215,2.46999051,2.42554338,2.46364092,180694514,696544032.0,,
2017-07-31,601988,2.46364092,2.51443764,2.46364092,2.48903928,341770128,1342559264.0,,
2017-08-01,601988,2.48903928,2.52078723,2.48903928,2.51443764,309070208,1218908288.0,,
2017-08-02,601988,2.51443764,2.59063272,2.50808805,2.57158395,404800144,1629934096.0,,
2017-08-03,601988,2.57158395,2.63507985,2.54618559,2.57793354,328007760,1335880384.0,,
2017-08-04,601988,2.57158395,2.61603108,2.55253518,2.55888477,230807287,941242400.0,,
2017-08-07,601988,2.55253518,2.57793354,2.52078723,2.54618559,193215502,773657216.0,,
2017-08-08,601988,2.55253518,2.59063272,2.52713682,2.58428313,206219471,830761040.0,,
2017-08-09,601988,2.57158395,2.58428313,2.52713682,2.52713682,217001355,870478752.0,,
2017-08-10,601988,2.52713682,2.54618559,2.48903928,2.52713682,176710191,700633552.0,,
2017-08-11,601988,2.50173846,2.51443764,2.44459215,2.50808805,308436048,1204543456.0,,
2017-08-14,601988,2.48903928,2.50173846,2.46364092,2.48268969,182041717,711677168.0,,
2017-08-15,601988,2.48903928,2.59063272,2.48903928,2.56523436,377392864,1519772992.0,,
2017-08-16,601988,2.57158395,2.58428313,2.539836,2.55888477,178716391,721752720.0,,
2017-08-17,601988,2.55888477,2.55888477,2.52713682,2.55253518,120699399,483143408.0,,
2017-08-18,601988,2.539836,2.55888477,2.52713682,2.539836,80903151,323582144.0,,
2017-08-21,601988,2.539836,2.55253518,2.51443764,2.53348641,112253547,446651472.0,,
2017-08-22,601988,2.53348641,2.54618559,2.51443764,2.539836,111838235,446208336.0,,
2017-08-23,601988,2.539836,2.59063272,2.53348641,2.57793354,215501216,872645200.0,,
2017-08-24,601988,2.57793354,2.62238067,2.57158395,2.57793354,173796736,709817008.0,,
2017-08-25,601988,2.57793354,2.67952698,2.57793354,2.67317739,365476400,1518118240.0,,
2017-08-28,601988,2.68587657,2.76207165,2.6668278,2.68587657,306036176,1301830896.0,,
2017-08-29,601988,2.68587657,2.75572206,2.6668278,2.74302288,197269493,846061648.0,,
2017-08-30,601988,2.7303237,2.77477083,2.69222616,2.71127493,168920630,726666576.0,,
2017-08-31,601988,2.72397411,2.73667329,2.64777903,2.68587657,273107424,1154191136.0,,
2017-09-01,601988,2.67952698,2.70492534,2.64142944,2.6668278,206948893,872286176.0,,
2017-09-04,601988,2.6668278,2.68587657,2.62238067,2.67317739,175373002,735077056.0,,
2017-09-05,601988,2.67317739,2.72397411,2.6668278,2.71127493,172703771,735330080.0,,
2017-09-06,601988,2.69857575,2.71762452,2.67952698,2.70492534,105533915,448366960.0,,
2017-09-07,601988,2.70492534,2.71127493,2.67952698,2.67952698,95062136,403924560.0,,
2017-09-08,601988,2.67952698,2.68587657,2.65412862,2.6668278,106720538,448259600.0,,
2017-09-11,601988,2.67317739,2.70492534,2.66047821,2.6668278,99043180,417924016.0,,
2017-09-12,601988,2.6668278,2.67952698,2.63507985,2.6668278,126219547,528025790.0,,
2017-09-13,601988,2.6668278,2.67317739,2.64777903,2.65412862,81183034,340059080.0,,
2017-09-14,601988,2.66047821,2.6668278,2.6033319,2.61603108,177602304,735750536.0,,
2017-09-15,601988,2.6033319,2.60968149,2.55253518,2.57793354,193567036,786101762.0,,
2017-09-18,601988,2.58428313,2.6033319,2.57158395,2.57793354,145465029,592596231.0,,
2017-09-19,601988,2.59063272,2.59063272,2.55888477,2.59063272,105472115,428075937.0,,
2017-09-20,601988,2.58428313,2.62873026,2.57793354,2.62238067,119020278,488808831.0,,
2017-09-21,601988,2.61603108,2.64777903,2.59698231,2.64142944,114923930,475836057.0,,
2017-09-22,601988,2.62873026,2.6668278,2.62873026,2.66047821,113794881,475392176.0,,
2017-09-25,601988,2.66047821,2.69222616,2.64142944,2.68587657,177731675,746550297.0,,
2017-09-26,601988,2.67317739,2.67952698,2.6668278,2.6668278,101621585,427707896.0,,
2017-09-27,601988,2.6668278,2.67952698,2.62238067,2.63507985,119943858,499460665.0,,
2017-09-28,601988,2.63507985,2.64142944,2.6033319,2.62873026,135110415,557600507.0,,
2017-09-29,601988,2.62238067,2.64142944,2.60968149,2.61603108,96406554,397737170.0,,
2017-10-09,601988,2.69222616,2.71762452,2.59063272,2.61603108,364279968,1517043854.0,,
2017-10-10,601988,2.62238067,2.62873026,2.6033319,2.62873026,120385962,496661335.0,,
2017-10-11,601988,2.62873026,2.66047821,2.61603108,2.64777903,155579665,646721307.0,,
2017-10-12,601988,2.65412862,2.65412862,2.62873026,2.64142944,100297807,417282349.0,,
2017-10-13,601988,2.63507985,2.63507985,2.61603108,2.62873026,85285495,352679428.0,,
2017-10-16,601988,2.62873026,2.64142944,2.60968149,2.63507985,123038519,509555113.0,,
2017-10-17,601988,2.63507985,2.64142944,2.62238067,2.62873026,78840301,326576903.0,,
2017-10-18,601988,2.62873026,2.66047821,2.60968149,2.64777903,216926491,899993163.0,,
2017-10-19,601988,2.63507985,2.6668278,2.62873026,2.66047821,191371172,798971782.0,,
2017-10-20,601988,2.64777903,2.65412862,2.63507985,2.64777903,78301270,326404324.0,,
2017-10-23,601988,2.64142944,2.64777903,2.60968149,2.60968149,116656940,482548423.0,,
2017-10-24,601988,2.60968149,2.62873026,2.60968149,2.61603108,98371237,405586136.0,,
2017-10-25,601988,2.61603108,2.62238067,2.57158395,2.58428313,142433205,582807013.0,,
2017-10-26,601988,2.58428313,2.59063272,2.52078723,2.539836,328393008,1315258389.0,,
2017-10-27,601988,2.53348641,2.57793354,2.52713682,2.55888477,220048192,885326116.0,,
2017-10-30,601988,2.55888477,2.58428313,2.54618559,2.57158395,188781620,762817173.0,,
2017-10-31,601988,2.55253518,2.55253518,2.49538887,2.50173846,260204602,1033764068.0,,
2017-11-01,601988,2.50173846,2.50808805,2.46999051,2.48268969,285153072,1114170490.0,,
2017-11-02,601988,2.4763401,2.48268969,2.44459215,2.46999051,225153443,873644524.0,,
2017-11-03,601988,2.46364092,2.46999051,2.43824256,2.46364092,234837453,907732575.0,,
2017-11-06,601988,2.45094174,2.46364092,2.43824256,2.45729133,158281673,610201487.0,,
2017-11-07,601988,2.45729133,2.49538887,2.45094174,2.48268969,174326481,679990720.0,,
2017-11-08,601988,2.48903928,2.50808805,2.4763401,2.50808805,184329323,724440871.0,,
2017-11-09,601988,2.50173846,2.50808805,2.48268969,2.48903928,89770075,352379365.0,,
2017-11-10,601988,2.48903928,2.48903928,2.43824256,2.45729133,201625138,779390238.0,,
2017-11-13,601988,2.45094174,2.48268969,2.43824256,2.46999051,322815376,1249739870.0,,
2017-11-14,601988,2.45729133,2.46364092,2.44459215,2.46364092,139877827,541091268.0,,
2017-11-15,601988,2.45729133,2.46364092,2.44459215,2.45729133,111491385,431465817.0,,
2017-11-16,601988,2.45729133,2.45729133,2.43189297,2.43824256,108908226,419467272.0,,
2017-11-17,601988,2.44459215,2.50173846,2.43824256,2.48903928,330936176,1288300217.0,,
2017-11-20,601988,2.48268969,2.51443764,2.46999051,2.50173846,231886806,910722203.0,,
2017-11-21,601988,2.50173846,2.52713682,2.48268969,2.48903928,323580992,1278062021.0,,
2017-11-22,601988,2.50173846,2.56523436,2.49538887,2.55888477,404924416,1619053793.0,,
2017-11-23,601988,2.55253518,2.58428313,2.52078723,2.539836,328517392,1322386582.0,,
2017-11-24,601988,2.53348641,2.55888477,2.51443764,2.539836,182082353,726345947.0,,
2017-11-27,601988,2.53348641,2.53348641,2.4763401,2.50808805,303061904,1194590362.0,,
2017-11-28,601988,2.49538887,2.50173846,2.46999051,2.48903928,158778834,621184791.0,,
2017-11-29,601988,2.48903928,2.50808805,2.46364092,2.49538887,162378687,635142989.0,,
2017-11-30,601988,2.49538887,2.50808805,2.4763401,2.49538887,131279059,515510997.0,,
2017-12-01,601988,2.49538887,2.50808805,2.46999051,2.48903928,162834081,637302190.0,,
2017-12-04,601988,2.48903928,2.49538887,2.46999051,2.48903928,115384379,451271381.0,,
2017-12-05,601988,2.48903928,2.55253518,2.4763401,2.52713682,353241200,1400856517.0,,
2017-12-06,601988,2.52713682,2.539836,2.50173846,2.51443764,157911563,627063556.0,,
2017-12-07,601988,2.51443764,2.51443764,2.48268969,2.50173846,128137493,503892047.0,,
2017-12-08,601988,2.50173846,2.50173846,2.48268969,2.48903928,96399902,378011749.0,,
2017-12-11,601988,2.48903928,2.49538887,2.4763401,2.49538887,106676787,417403226.0,,
2017-12-12,601988,2.49538887,2.49538887,2.46364092,2.46364092,73759342,287948490.0,,
2017-12-13,601988,2.46364092,2.48268969,2.45729133,2.4763401,112343130,436717951.0,,
2017-12-14,601988,2.48268969,2.49538887,2.46364092,2.46999051,93644144,365450553.0,,
2017-12-15,601988,2.4763401,2.4763401,2.45094174,2.45094174,99984741,387113427.0,,
2017-12-18,601988,2.46364092,2.46999051,2.44459215,2.45094174,78621374,304298077.0,,
2017-12-19,601988,2.45729133,2.4763401,2.45094174,2.46999051,115783803,449421333.0,,
2017-12-20,601988,2.4763401,2.48903928,2.46364092,2.4763401,136958369,533882563.0,,
2017-12-21,601988,2.4763401,2.48903928,2.46999051,2.4763401,108653449,423868764.0,,
2017-12-22,601988,2.48268969,2.48268969,2.46999051,2.4763401,66592167,259854669.0,,
2017-12-25,601988,2.4763401,2.50173846,2.4763401,2.48903928,147146904,577416674.0,,
2017-12-26,601988,2.48903928,2.52078723,2.48268969,2.50808805,143002940,563804554.0,,
2017-12-27,601988,2.50808805,2.52713682,2.46999051,2.48903928,156134038,614249354.0,,
2017-12-28,601988,2.4763401,2.50808805,2.4763401,2.49538887,143919532,564753195.0,,
2017-12-29,601988,2.50173846,2.53348641,2.49538887,2.52078723,194608181,772256600.0,,
2018-01-02,601988,2.52713682,2.57158395,2.49538887,2.52713682,414507872,1652037087.0,,
2018-01-03,601988,2.52078723,2.55253518,2.51443764,2.539836,178528367,713286290.0,,
2018-01-04,601988,2.539836,2.55888477,2.52078723,2.539836,223487209,894052849.0,,
2018-01-05,601988,2.539836,2.54618559,2.51443764,2.52713682,222938096,888558694.0,,
2018-01-08,601988,2.52713682,2.55253518,2.52713682,2.54618559,226438632,905194019.0,,
2018-01-09,601988,2.54618559,2.54618559,2.50808805,2.51443764,201349420,801700787.0,,
2018-01-10,601988,2.52078723,2.56523436,2.51443764,2.55888477,346812528,1391848209.0,,
2018-01-11,601988,2.55888477,2.6033319,2.55888477,2.59698231,244796533,996213930.0,,
2018-01-12,601988,2.59698231,2.61603108,2.58428313,2.59698231,190736294,780531785.0,,
2018-01-15,601988,2.6033319,2.6668278,2.59698231,2.65412862,397763984,1654099803.0,,
2018-01-16,601988,2.64777903,2.68587657,2.64142944,2.67952698,260245139,1090671977.0,,
2018-01-17,601988,2.68587657,2.75572206,2.68587657,2.69222616,376880800,1612595573.0,,
2018-01-18,601988,2.71127493,2.76842124,2.69222616,2.76842124,636379664,2727463447.0,,
2018-01-19,601988,2.81286837,2.86366509,2.76842124,2.7938196,645322528,2858478521.0,,
2018-01-22,601988,2.77477083,2.87001468,2.76207165,2.7938196,507314896,2252906110.0,,
2018-01-23,601988,2.7938196,2.99065689,2.78112042,2.97160812,705910592,3197053264.0,,
2018-01-24,601988,2.99065689,3.04145361,2.93351058,2.97795771,544722864,2557672456.0,,
2018-01-25,601988,2.95890894,2.97795771,2.87001468,2.93986017,359508528,1654331811.0,,
2018-01-26,601988,2.92716099,3.00335607,2.89541304,2.95255935,430495872,2003687035.0,,
2018-01-29,601988,2.96525853,3.01605525,2.90176263,2.9208114,379823888,1771850040.0,,
2018-01-30,601988,2.90176263,2.92716099,2.83826673,2.84461632,277361632,1254640321.0,,
2018-01-31,601988,2.83191714,2.88906345,2.82556755,2.88271386,278851280,1257351281.0,,
2018-02-01,601988,2.87636427,2.95255935,2.87001468,2.93986017,410340912,1887008879.0,,
2018-02-02,601988,2.90811222,2.9208114,2.86366509,2.90811222,264277294,1206116909.0,,
2018-02-05,601988,2.86366509,3.03510402,2.86366509,3.02240484,468941568,2195948357.0,,
2018-02-06,601988,2.97795771,3.07955115,2.95255935,3.02240484,703750080,3336530148.0,,
2018-02-07,601988,3.06050238,3.09225033,2.87001468,2.91446181,658177136,3092010789.0,,
2018-02-08,601988,2.87001468,2.88271386,2.74937247,2.80651878,496423600,2195807857.0,,
2018-02-09,601988,2.7303237,2.75572206,2.61603108,2.72397411,563912944,2379711066.0,,
2018-02-12,601988,2.69857575,2.7303237,2.66047821,2.67317739,251989533,1065633910.0,,
2018-02-13,601988,2.69222616,2.76207165,2.68587657,2.71762452,260623025,1117441940.0,,
2018-02-14,601988,2.71127493,2.7303237,2.67952698,2.71762452,135004806,574960649.0,,
2018-02-22,601988,2.75572206,2.7938196,2.75572206,2.77477083,179012655,781265804.0,,
2018-02-23,601988,2.78747001,2.7938196,2.75572206,2.78747001,146326728,639912823.0,,
2018-02-26,601988,2.80651878,2.84461632,2.76842124,2.7938196,227218721,1000452762.0,,
2018-02-27,601988,2.7938196,2.7938196,2.7303237,2.74302288,249535786,1080786655.0,,
2018-02-28,601988,2.71127493,2.71762452,2.67317739,2.68587657,185142258,785233926.0,,
2018-03-01,601988,2.6668278,2.70492534,2.66047821,2.67952698,160800175,679437230.0,,
2018-03-02,601988,2.6668278,2.6668278,2.62873026,2.64777903,180303445,751898747.0,,
2018-03-05,601988,2.64142944,2.66047821,2.61603108,2.64142944,146334117,607329372.0,,
2018-03-06,601988,2.64777903,2.67317739,2.62238067,2.66047821,186832759,778647400.0,,
2018-03-07,601988,2.67317739,2.71127493,2.6668278,2.67952698,214924823,909904669.0,,
2018-03-08,601988,2.67952698,2.67952698,2.65412862,2.6668278,108062993,454086954.0,,
2018-03-09,601988,2.6668278,2.67952698,2.64142944,2.65412862,133135965,556996025.0,,
2018-03-12,601988,2.6668278,2.67317739,2.64142944,2.64777903,199125457,831712094.0,,
2018-03-13,601988,2.65412862,2.69222616,2.65412862,2.66047821,183275305,771540703.0,,
2018-03-14,601988,2.65412862,2.66047821,2.63507985,2.64777903,120185933,501175647.0,,
2018-03-15,601988,2.63507985,2.66047821,2.63507985,2.64777903,113539378,472986419.0,,
2018-03-16,601988,2.64777903,2.65412862,2.62238067,2.62238067,125189301,520059932.0,,
2018-03-19,601988,2.62238067,2.62873026,2.61603108,2.62238067,68412888,282600101.0,,
2018-03-20,601988,2.61603108,2.65412862,2.60968149,2.64777903,106648870,442658681.0,,
2018-03-21,601988,2.64777903,2.66047821,2.64142944,2.64777903,120687369,503986892.0,,
2018-03-22,601988,2.64142944,2.65412862,2.62238067,2.64777903,123067251,510790071.0,,
2018-03-23,601988,2.60968149,2.62238067,2.55888477,2.61603108,362184416,1476263636.0,,
2018-03-26,601988,2.59063272,2.59698231,2.51443764,2.53348641,221206459,887028628.0,,
2018-03-27,601988,2.55888477,2.56523436,2.49538887,2.52078723,296175456,1174878737.0,,
2018-03-28,601988,2.49538887,2.539836,2.49538887,2.51443764,190874635,755564402.0,,
2018-03-29,601988,2.51443764,2.55253518,2.48268969,2.53348641,264695806,1047743809.0,,
2018-03-30,601988,2.53348641,2.53348641,2.48268969,2.49538887,314510864,1238838004.0,,
2018-04-02,601988,2.49538887,2.50173846,2.45729133,2.46364092,240752595,939098888.0,,
2018-04-03,601988,2.44459215,2.46999051,2.43189297,2.46364092,166574532,641096814.0,,
2018-04-04,601988,2.45729133,2.46999051,2.44459215,2.44459215,135965337,526035783.0,,
2018-04-09,601988,2.43824256,2.45094174,2.42554338,2.44459215,141443796,542898521.0,,
2018-04-10,601988,2.44459215,2.50173846,2.43189297,2.49538887,206772753,804022154.0,,
2018-04-11,601988,2.49538887,2.54618559,2.4763401,2.52078723,364744080,1443532943.0,,
2018-04-12,601988,2.50808805,2.51443764,2.4763401,2.48268969,173853028,682424626.0,,
2018-04-13,601988,2.50808805,2.50808805,2.45094174,2.45729133,172782461,674696953.0,,
2018-04-16,601988,2.44459215,2.45094174,2.38744584,2.39379543,272866016,1037002960.0,,
2018-04-17,601988,2.39379543,2.4128442,2.38109625,2.38744584,123344293,465653376.0,,
2018-04-18,601988,2.41919379,2.41919379,2.38744584,2.40014502,149872065,567363655.0,,
2018-04-19,601988,2.40014502,2.41919379,2.39379543,2.40649461,114325808,433414384.0,,
2018-04-20,601988,2.40014502,2.40649461,2.37474666,2.40014502,135579573,510811321.0,,
2018-04-23,601988,2.38744584,2.4128442,2.38744584,2.40014502,88217840,333563807.0,,
2018-04-24,601988,2.40014502,2.45094174,2.40014502,2.43824256,175527902,672561762.0,,
2018-04-25,601988,2.42554338,2.43189297,2.40649461,2.4128442,91253971,347588036.0,,
2018-04-26,601988,2.41919379,2.41919379,2.38744584,2.40649461,124128902,469344136.0,,
2018-04-27,601988,2.4128442,2.42554338,2.39379543,2.42554338,84345288,320023250.0,,
2018-05-02,601988,2.43189297,2.44459215,2.40649461,2.41919379,151693256,578784874.0,,
2018-05-03,601988,2.4128442,2.43189297,2.40649461,2.42554338,110036798,419208861.0,,
2018-05-04,601988,2.41919379,2.42554338,2.4128442,2.4128442,72547354,276175241.0,,
2018-05-07,601988,2.41919379,2.43824256,2.40649461,2.43189297,93844253,358428752.0,,
2018-05-08,601988,2.43189297,2.46999051,2.42554338,2.45729133,171027142,660591822.0,,
2018-05-09,601988,2.45729133,2.46364092,2.44459215,2.46364092,70743583,273672990.0,,
2018-05-10,601988,2.46364092,2.4763401,2.45094174,2.46364092,60892345,236297028.0,,
2018-05-11,601988,2.46999051,2.48903928,2.45729133,2.4763401,110250120,429867643.0,,
2018-05-14,601988,2.4763401,2.49538887,2.46364092,2.4763401,147699296,577177185.0,,
2018-05-15,601988,2.48268969,2.48268969,2.45729133,2.46999051,79131370,307528065.0,,
2018-05-16,601988,2.46364092,2.46364092,2.44459215,2.44459215,80893512,312428670.0,,
2018-05-17,601988,2.44459215,2.45094174,2.43824256,2.44459215,60375250,232456905.0,,
2018-05-18,601988,2.44459215,2.4763401,2.43824256,2.4763401,96945477,374943379.0,,
2018-05-21,601988,2.48268969,2.49538887,2.46999051,2.48268969,91052401,356017083.0,,
2018-05-22,601988,2.48268969,2.48268969,2.44459215,2.46364092,110949472,429832413.0,,
2018-05-23,601988,2.45729133,2.45729133,2.43824256,2.43824256,90073432,346812824.0,,
2018-05-24,601988,2.43824256,2.44459215,2.4128442,2.41919379,85537506,326620567.0,,
2018-05-25,601988,2.41919379,2.43189297,2.4128442,2.42554338,85670361,326825470.0,,
2018-05-28,601988,2.41919379,2.43189297,2.40014502,2.42554338,73992574,281743783.0,,
2018-05-29,601988,2.4128442,2.43824256,2.38744584,2.43189297,123283925,467902808.0,,
2018-05-30,601988,2.4128442,2.4128442,2.38744584,2.38744584,91484486,345733403.0,,
2018-05-31,601988,2.40014502,2.40014502,2.38109625,2.39379543,150295775,565970072.0,,
2018-06-01,601988,2.38744584,2.40014502,2.37474666,2.38744584,113555575,426565977.0,,
2018-06-04,601988,2.39379543,2.4128442,2.38744584,2.40649461,92607275,350443543.0,,
2018-06-05,601988,2.40649461,2.4128442,2.39379543,2.40649461,65414183,247581764.0,,
2018-06-06,601988,2.40649461,2.40649461,2.38744584,2.39379543,71798631,270564550.0,,
2018-06-07,601988,2.40014502,2.4128442,2.39379543,2.40014502,84225860,318534766.0,,
2018-06-08,601988,2.39379543,2.40014502,2.36839707,2.37474666,112333062,420814955.0,,
2018-06-11,601988,2.36839707,2.37474666,2.35569789,2.37474666,60560749,225604840.0,,
2018-06-12,601988,2.36839707,2.38109625,2.36204748,2.37474666,51286075,191553908.0,,
2018-06-13,601988,2.37474666,2.37474666,2.3493483,2.36839707,73616349,273894698.0,,
2018-06-14,601988,2.35569789,2.37474666,2.3493483,2.36839707,96141111,357774100.0,,
2018-06-15,601988,2.36839707,2.38744584,2.36204748,2.38109625,129398517,484481620.0,,
2018-06-19,601988,2.36839707,2.40014502,2.35569789,2.38744584,335329328,1257476258.0,,
2018-06-20,601988,2.38109625,2.38109625,2.36204748,2.36839707,98579945,368448802.0,,
2018-06-21,601988,2.36839707,2.38744584,2.36204748,2.37474666,95451769,356735625.0,,
2018-06-22,601988,2.36204748,2.37474666,2.35569789,2.37474666,63539339,236969500.0,,
2018-06-25,601988,2.38109625,2.38744584,2.33664912,2.3493483,99775389,371426310.0,,
2018-06-26,601988,2.33664912,2.33664912,2.2858524,2.31760035,151873568,552435392.0,,
2018-06-27,601988,2.31125076,2.31760035,2.26045404,2.29855158,137303825,494805480.0,,
2018-06-28,601988,2.27950281,2.29220199,2.25410445,2.26045404,110412888,394548238.0,,
2018-06-29,601988,2.26680363,2.29855158,2.26045404,2.29220199,78389564,281476009.0,,
2018-07-02,601988,2.2858524,2.29220199,2.18425896,2.20330773,145803207,514094944.0,,
2018-07-03,601988,2.19695814,2.22870609,2.19695814,2.22870609,114461957,398470713.0,,
2018-07-04,601988,2.2223565,2.25410445,2.21600691,2.24140527,80555149,284700631.0,,
2018-07-05,601988,2.24140527,2.27950281,2.23505568,2.27315322,112429924,399589078.0,,
2018-07-06,601988,2.27315322,2.30490117,2.26045404,2.2858524,93056432,334260257.0,,
2018-07-09,601988,2.29220199,2.39379543,2.2858524,2.38109625,159554047,591496257.0,,
2018-07-10,601988,2.38744584,2.39379543,2.35569789,2.36839707,121670058,454540911.0,,
2018-07-11,601988,2.33029953,2.36839707,2.32394994,2.36204748,106748671,395391211.0,,
2018-07-12,601988,2.35569789,2.4128442,2.3493483,2.40649461,153194789,578327272.0,,
2018-07-13,601988,2.41316078,2.41316078,2.36649745,2.37316364,133183730,476224979.0,,
2018-07-16,601988,2.37316364,2.37316364,2.31983412,2.3331665,115951437,406754572.0,,
2018-07-17,601988,2.3331665,2.3331665,2.30650174,2.31983412,72455073,251812630.0,,
2018-07-18,601988,2.32650031,2.34649888,2.30650174,2.30650174,114395141,398656510.0,,
2018-07-19,601988,2.31316793,2.31316793,2.28650317,2.29983555,81732209,281698823.0,,
2018-07-20,601988,2.29983555,2.38649602,2.29316936,2.36649745,190067903,666274164.0,,
2018-07-23,601988,2.35316507,2.40649459,2.33983269,2.39316221,184749804,658706532.0,,
2018-07-24,601988,2.38649602,2.42649316,2.37982983,2.3998284,179271352,646501784.0,,
2018-07-25,601988,2.40649459,2.41316078,2.38649602,2.39316221,96287084,345851059.0,,
2018-07-26,601988,2.3998284,2.41316078,2.36649745,2.37982983,110668303,396098413.0,,
2018-07-27,601988,2.37316364,2.37982983,2.35983126,2.37316364,74406725,264635662.0,,
2018-07-30,601988,2.37316364,2.3998284,2.36649745,2.3998284,135535406,485778632.0,,
2018-07-31,601988,2.39316221,2.41982697,2.37316364,2.41316078,137729682,496223529.0,,
2018-08-01,601988,2.41316078,2.43982554,2.37316364,2.37316364,136788645,494873311.0,,
2018-08-02,601988,2.36649745,2.37316364,2.31316793,2.32650031,154285811,541295645.0,,
2018-08-03,601988,2.32650031,2.35316507,2.31316793,2.32650031,81158867,284429223.0,,
2018-08-06,601988,2.32650031,2.36649745,2.32650031,2.33983269,127335792,448460152.0,,
2018-08-07,601988,2.33983269,2.37316364,2.3331665,2.37316364,107787253,380733341.0,,
2018-08-08,601988,2.36649745,2.37316364,2.34649888,2.35316507,83709854,296446995.0,,
2018-08-09,601988,2.34649888,2.37982983,2.33983269,2.37316364,102750659,365327736.0,,
2018-08-10,601988,2.37316364,2.37982983,2.35316507,2.35983126,67591511,239740574.0,,
2018-08-13,601988,2.34649888,2.35316507,2.30650174,2.3331665,118773774,414505705.0,,
2018-08-14,601988,2.3331665,2.33983269,2.31316793,2.33983269,79333781,276735700.0,,
2018-08-15,601988,2.3331665,2.33983269,2.29983555,2.29983555,99712338,345718206.0,,
2018-08-16,601988,2.28650317,2.31983412,2.27983698,2.31316793,92831293,320171584.0,,
2018-08-17,601988,2.31983412,2.31983412,2.29316936,2.29983555,65935706,228420963.0,,
2018-08-20,601988,2.30650174,2.3331665,2.29983555,2.3331665,85970061,298902578.0,,
2018-08-21,601988,2.3331665,2.35983126,2.31983412,2.34649888,84802576,298358420.0,,
2018-08-22,601988,2.33983269,2.34649888,2.31983412,2.3331665,39755912,138974880.0,,
2018-08-23,601988,2.3331665,2.34649888,2.31983412,2.3331665,60185058,210801297.0,,
2018-08-24,601988,2.3331665,2.37982983,2.31983412,2.35316507,109416481,385979287.0,,
2018-08-27,601988,2.35983126,2.37316364,2.35316507,2.36649745,120249345,426447905.0,,
2018-08-28,601988,2.36649745,2.38649602,2.36649745,2.37316364,82308642,293023553.0,,
2018-08-29,601988,2.36649745,2.37316364,2.35983126,2.37316364,69168720,245679171.0,,
2018-08-30,601988,2.37316364,2.37982983,2.35316507,2.35316507,68599840,243617398.0,,
2018-08-31,601988,2.35983126,2.38649602,2.35316507,2.36649745,148487144,528290111.0,,
2018-09-03,601988,2.36649745,2.37316364,2.35316507,2.36649745,71575950,253800114.0,,
2018-09-04,601988,2.36649745,2.39316221,2.35316507,2.38649602,95791224,341405771.0,,
2018-09-05,601988,2.37982983,2.38649602,2.35316507,2.35316507,87115505,310068876.0,,
2018-09-06,601988,2.35316507,2.35983126,2.3331665,2.3331665,69714577,245558008.0,,
2018-09-07,601988,2.3331665,2.35316507,2.3331665,2.33983269,57669421,202569956.0,,
2018-09-10,601988,2.3331665,2.35316507,2.32650031,2.34649888,76078178,267036227.0,,
2018-09-11,601988,2.33983269,2.35316507,2.32650031,2.33983269,72634898,255049386.0,,
2018-09-12,601988,2.3331665,2.33983269,2.31316793,2.32650031,75600959,263641249.0,,
2018-09-13,601988,2.33983269,2.35983126,2.3331665,2.35983126,88918602,312830766.0,,
2018-09-14,601988,2.35983126,2.36649745,2.35316507,2.35983126,69449609,245841019.0,,
2018-09-17,601988,2.35316507,2.35983126,2.33983269,2.34649888,55208739,194403162.0,,
2018-09-18,601988,2.35316507,2.36649745,2.33983269,2.36649745,81880381,289213688.0,,
2018-09-19,601988,2.36649745,2.38649602,2.35983126,2.37316364,104385705,372372842.0,,
2018-09-20,601988,2.38649602,2.3998284,2.35983126,2.37982983,143555428,512565054.0,,
2018-09-21,601988,2.37982983,2.45982411,2.37316364,2.45315792,256087050,931095135.0,,
2018-09-25,601988,2.43315935,2.44649173,2.41982697,2.43315935,120282557,439265897.0,,
2018-09-26,601988,2.43315935,2.47315649,2.42649316,2.45315792,184827918,679700552.0,,
2018-09-27,601988,2.44649173,2.45315792,2.42649316,2.45315792,94309597,345413245.0,,
2018-09-28,601988,2.45315792,2.49982125,2.44649173,2.47982268,198535299,737552743.0,,
2018-10-08,601988,2.43982554,2.43982554,2.39316221,2.41316078,183874847,666850470.0,,
2018-10-09,601988,2.40649459,2.41316078,2.38649602,2.39316221,115433281,415013616.0,,
2018-10-10,601988,2.3998284,2.41316078,2.38649602,2.3998284,95679585,344361419.0,,
2018-10-11,601988,2.35983126,2.37316364,2.30650174,2.3331665,208608361,734706491.0,,
2018-10-12,601988,2.32650031,2.36649745,2.31983412,2.36649745,150389949,528619735.0,,
2018-10-15,601988,2.35983126,2.35983126,2.3331665,2.3331665,92730470,325759227.0,,
2018-10-16,601988,2.33983269,2.35983126,2.3331665,2.33983269,93122386,327751595.0,,
2018-10-17,601988,2.35983126,2.36649745,2.3331665,2.35983126,120474205,425929633.0,,
2018-10-18,601988,2.35316507,2.36649745,2.33983269,2.34649888,119812609,422328356.0,,
2018-10-19,601988,2.3331665,2.41316078,2.32650031,2.40649459,183244589,653312259.0,,
2018-10-22,601988,2.41316078,2.47982268,2.40649459,2.4664903,240687215,885486572.0,,
2018-10-23,601988,2.45315792,2.45982411,2.40649459,2.41316078,157134530,574517215.0,,
2018-10-24,601988,2.41316078,2.48648887,2.41316078,2.45315792,198592760,732076417.0,,
2018-10-25,601988,2.41982697,2.47315649,2.41316078,2.47315649,124111433,455801494.0,,
2018-10-26,601988,2.47315649,2.48648887,2.45315792,2.47315649,134101945,497119755.0,,
2018-10-29,601988,2.47315649,2.49982125,2.44649173,2.4664903,160352722,593388489.0,,
2018-10-30,601988,2.4664903,2.49982125,2.4664903,2.49315506,175224349,653368995.0,,
2018-10-31,601988,2.49315506,2.49982125,2.4664903,2.47982268,131228348,487594567.0,,
2018-11-01,601988,2.47982268,2.48648887,2.44649173,2.44649173,141777296,524049944.0,,
2018-11-02,601988,2.4664903,2.47982268,2.45315792,2.47315649,193124033,714692589.0,,
2018-11-05,601988,2.45982411,2.4664903,2.43982554,2.45315792,142746392,524176484.0,,
2018-11-06,601988,2.45315792,2.45315792,2.42649316,2.43982554,102952791,376605065.0,,
2018-11-07,601988,2.44649173,2.45982411,2.43315935,2.43982554,90057052,330430215.0,,
2018-11-08,601988,2.45315792,2.45982411,2.43982554,2.44649173,69605027,255935295.0,,
2018-11-09,601988,2.43982554,2.43982554,2.39316221,2.39316221,160733181,579555998.0,,
2018-11-12,601988,2.39316221,2.41316078,2.38649602,2.40649459,88761118,319835830.0,,
2018-11-13,601988,2.38649602,2.41982697,2.38649602,2.41316078,110553222,398465460.0,,
2018-11-14,601988,2.41316078,2.41316078,2.37316364,2.38649602,129822510,467003973.0,,
2018-11-15,601988,2.37982983,2.3998284,2.37982983,2.3998284,107738755,386009535.0,,
2018-11-16,601988,2.3998284,2.41316078,2.38649602,2.3998284,132210478,475848701.0,,
2018-11-19,601988,2.40649459,2.42649316,2.3998284,2.42649316,102766923,372695966.0,,
2018-11-20,601988,2.41982697,2.41982697,2.3998284,2.3998284,91952493,332015750.0,,
2018-11-21,601988,2.39316221,2.41316078,2.38649602,2.40649459,62489308,225295813.0,,
2018-11-22,601988,2.41316078,2.41316078,2.39316221,2.40649459,48039504,173197119.0,,
2018-11-23,601988,2.3998284,2.41316078,2.38649602,2.39316221,84850028,305391156.0,,
2018-11-26,601988,2.39316221,2.41316078,2.39316221,2.3998284,84541375,304972741.0,,
2018-11-27,601988,2.40649459,2.40649459,2.38649602,2.38649602,58508790,210396779.0,,
2018-11-28,601988,2.38649602,2.41316078,2.38649602,2.3998284,59010992,212522133.0,,
2018-11-29,601988,2.40649459,2.41316078,2.38649602,2.39316221,54474093,196095268.0,,
2018-11-30,601988,2.38649602,2.40649459,2.38649602,2.40649459,66155248,237923778.0,,
2018-12-03,601988,2.42649316,2.44649173,2.41982697,2.43315935,119871047,437470952.0,,
2018-12-04,601988,2.43315935,2.43982554,2.42649316,2.43982554,60339860,220235599.0,,
2018-12-05,601988,2.41982697,2.43315935,2.41982697,2.42649316,56800275,206780375.0,,
2018-12-06,601988,2.41982697,2.42649316,2.39316221,2.40649459,70206907,253166601.0,,
2018-12-07,601988,2.40649459,2.40649459,2.39316221,2.3998284,32524586,117159180.0,,
2018-12-10,601988,2.39316221,2.3998284,2.37316364,2.37982983,71477892,255226041.0,,
2018-12-11,601988,2.37982983,2.38649602,2.37316364,2.37982983,50892678,181807980.0,,
2018-12-12,601988,2.38649602,2.39316221,2.37982983,2.39316221,47860201,171300929.0,,
2018-12-13,601988,2.39316221,2.41316078,2.37982983,2.3998284,66510366,239486567.0,,
2018-12-14,601988,2.3998284,2.3998284,2.38649602,2.38649602,80859759,290191025.0,,
2018-12-17,601988,2.38649602,2.40649459,2.37982983,2.40649459,69953697,251602166.0,,
2018-12-18,601988,2.39316221,2.40649459,2.37982983,2.39316221,70663134,253775925.0,,
2018-12-19,601988,2.3998284,2.3998284,2.37982983,2.38649602,57165705,205127147.0,,
2018-12-20,601988,2.38649602,2.38649602,2.34649888,2.37316364,117437738,416148402.0,,
2018-12-21,601988,2.35983126,2.37982983,2.34649888,2.37982983,113530058,402016437.0,,
2018-12-24,601988,2.37316364,2.3998284,2.36649745,2.39316221,84948292,303204380.0,,
2018-12-25,601988,2.38649602,2.41982697,2.37316364,2.40649459,140661228,504802791.0,,
2018-12-26,601988,2.40649459,2.41982697,2.3998284,2.41982697,93084473,336418728.0,,
2018-12-27,601988,2.41982697,2.43982554,2.41982697,2.41982697,158587903,577381870.0,,
2018-12-28,601988,2.42649316,2.43982554,2.40649459,2.40649459,108887790,395914627.0,,
2019-01-02,601988,2.41316078,2.41982697,2.35316507,2.35983126,122878994,437066741.0,,
2019-01-03,601988,2.35983126,2.37982983,2.34649888,2.36649745,97030394,343657154.0,,
2019-01-04,601988,2.35316507,2.39316221,2.34649888,2.38649602,123496514,439656467.0,,
2019-01-07,601988,2.39316221,2.3998284,2.36649745,2.37982983,119228983,425674381.0,,
2019-01-08,601988,2.37982983,2.38649602,2.34649888,2.35983126,116524413,412528722.0,,
2019-01-09,601988,2.35983126,2.38649602,2.35983126,2.36649745,132123727,470856544.0,,
2019-01-10,601988,2.35983126,2.36649745,2.33983269,2.34649888,117058162,413483611.0,,
2019-01-11,601988,2.35316507,2.35983126,2.34649888,2.35316507,77248902,272580819.0,,
2019-01-14,601988,2.35316507,2.35983126,2.32650031,2.3331665,110368569,387488479.0,,
2019-01-15,601988,2.33983269,2.35316507,2.3331665,2.34649888,98282606,345672774.0,,
2019-01-16,601988,2.34649888,2.35316507,2.3331665,2.34649888,86618476,304400644.0,,
2019-01-17,601988,2.35316507,2.36649745,2.33983269,2.35316507,123676248,436851508.0,,
2019-01-18,601988,2.35983126,2.38649602,2.35316507,2.37316364,168732641,600119211.0,,
2019-01-21,601988,2.37982983,2.39316221,2.37316364,2.37982983,147846941,528482196.0,,
2019-01-22,601988,2.37982983,2.38649602,2.36649745,2.37316364,105596634,376696803.0,,
2019-01-23,601988,2.37316364,2.38649602,2.36649745,2.37982983,67818276,241944256.0,,
2019-01-24,601988,2.37982983,2.39316221,2.37316364,2.39316221,98673994,353131929.0,,
2019-01-25,601988,2.3998284,2.41982697,2.39316221,2.41316078,152447063,551671400.0,,
2019-01-28,601988,2.41982697,2.43982554,2.40649459,2.40649459,124104874,451196060.0,,
2019-01-29,601988,2.41316078,2.43315935,2.3998284,2.42649316,131001095,475376155.0,,
2019-01-30,601988,2.42649316,2.43315935,2.41316078,2.41982697,90165061,328025959.0,,
2019-01-31,601988,2.42649316,2.4664903,2.41982697,2.45315792,164124822,602245354.0,,
2019-02-01,601988,2.45982411,2.45982411,2.43315935,2.45315792,126516336,464025474.0,,
2019-02-11,601988,2.43982554,2.44649173,2.41982697,2.44649173,113443769,414749447.0,,
2019-02-12,601988,2.44649173,2.4664903,2.43982554,2.45315792,127368146,468728683.0,,
2019-02-13,601988,2.45982411,2.47982268,2.45315792,2.47982268,185743678,686751058.0,,
2019-02-14,601988,2.47982268,2.47982268,2.45982411,2.4664903,122324084,452779400.0,,
2019-02-15,601988,2.45982411,2.4664903,2.42649316,2.43315935,122834771,450353637.0,,
2019-02-18,601988,2.44649173,2.47315649,2.43315935,2.4664903,153724349,566185338.0,,
2019-02-19,601988,2.45982411,2.47982268,2.44649173,2.45315792,148027179,546496097.0,,
2019-02-20,601988,2.45982411,2.4664903,2.43982554,2.45315792,101399406,373022665.0,,
2019-02-21,601988,2.45315792,2.4664903,2.43982554,2.44649173,125340312,460267642.0,,
2019-02-22,601988,2.43982554,2.4664903,2.42649316,2.45982411,144160667,527758263.0,,
2019-02-25,601988,2.4664903,2.5998141,2.4664903,2.58648172,460836864,1743206000.0,,
2019-02-26,601988,2.57981553,2.5998141,2.54648458,2.55981696,354221872,1369263016.0,,
2019-02-27,601988,2.55981696,2.62647886,2.55315077,2.58648172,331536960,1284646675.0,,
2019-02-28,601988,2.58648172,2.58648172,2.55315077,2.55981696,182378553,703371274.0,,
2019-03-01,601988,2.56648315,2.60648029,2.54648458,2.5998141,215845872,832469889.0,,
2019-03-04,601988,2.61314648,2.666476,2.61314648,2.61314648,386545488,1525972760.0,,
2019-03-05,601988,2.5998141,2.61314648,2.58648172,2.5998141,225733760,879676271.0,,
2019-03-06,601988,2.59314791,2.61981267,2.58648172,2.61981267,219450431,857591071.0,,
2019-03-07,601988,2.61981267,2.61981267,2.58648172,2.59314791,251371617,980174833.0,,
2019-03-08,601988,2.57981553,2.57981553,2.49982125,2.49982125,302637264,1153163039.0,,
2019-03-11,601988,2.49315506,2.53981839,2.49315506,2.52648601,198105836,744957004.0,,
2019-03-12,601988,2.52648601,2.57981553,2.52648601,2.55315077,247338281,948537654.0,,
2019-03-13,601988,2.55315077,2.55981696,2.51981982,2.5331522,159160939,605404822.0,,
2019-03-14,601988,2.5331522,2.55315077,2.51315363,2.52648601,128965589,489603277.0,,
2019-03-15,601988,2.52648601,2.54648458,2.51981982,2.52648601,151803477,576286400.0,,
2019-03-18,601988,2.52648601,2.55981696,2.51315363,2.55981696,213022125,810252154.0,,
2019-03-19,601988,2.55981696,2.56648315,2.5331522,2.53981839,160159930,612210961.0,,
2019-03-20,601988,2.53981839,2.54648458,2.51315363,2.52648601,164894157,625758991.0,,
2019-03-21,601988,2.5331522,2.54648458,2.52648601,2.52648601,171372357,652278181.0,,
2019-03-22,601988,2.5331522,2.54648458,2.51981982,2.5331522,141956123,539230216.0,,
2019-03-25,601988,2.51981982,2.52648601,2.48648887,2.48648887,188080678,707667717.0,,
2019-03-26,601988,2.49982125,2.49982125,2.47315649,2.47982268,125003507,465737127.0,,
2019-03-27,601988,2.48648887,2.49982125,2.47982268,2.48648887,105866045,395100267.0,,
2019-03-28,601988,2.47982268,2.48648887,2.45982411,2.47315649,108703118,403060545.0,,
2019-03-29,601988,2.47315649,2.52648601,2.47315649,2.51315363,179117495,672570973.0,,
2019-04-01,601988,2.52648601,2.56648315,2.51981982,2.55315077,258230672,986889775.0,,
2019-04-02,601988,2.55981696,2.57314934,2.53981839,2.55315077,189184488,725560496.0,,
2019-04-03,601988,2.53981839,2.56648315,2.52648601,2.55981696,160388263,613302317.0,,
2019-04-04,601988,2.56648315,2.59314791,2.55981696,2.59314791,227900778,882506429.0,,
2019-04-08,601988,2.60648029,2.63981124,2.57981553,2.5998141,257090796,1007061584.0,,
2019-04-09,601988,2.59314791,2.5998141,2.57314934,2.57981553,144118101,559353954.0,,
2019-04-10,601988,2.57314934,2.58648172,2.55315077,2.57314934,153702132,591533308.0,,
2019-04-11,601988,2.57314934,2.58648172,2.55981696,2.57314934,167400036,646657100.0,,
2019-04-12,601988,2.57981553,2.59314791,2.56648315,2.57981553,120418218,465897677.0,,
2019-04-15,601988,2.60648029,2.64647743,2.59314791,2.59314791,252187409,990145793.0,,
2019-04-16,601988,2.58648172,2.67314219,2.57314934,2.666476,415015280,1644231191.0,,
2019-04-17,601988,2.666476,2.70647314,2.63981124,2.68647457,265886153,1066989839.0,,
2019-04-18,601988,2.67980838,2.69980695,2.65314362,2.666476,132160415,530287636.0,,
2019-04-19,601988,2.67314219,2.69314076,2.666476,2.68647457,140395222,564827148.0,,
2019-04-22,601988,2.69314076,2.69980695,2.61314648,2.61981267,196012726,779353764.0,,
2019-04-23,601988,2.61981267,2.64647743,2.61314648,2.63314505,179567175,709238465.0,,
2019-04-24,601988,2.63981124,2.63981124,2.58648172,2.60648029,158482961,620707184.0,,
2019-04-25,601988,2.5998141,2.60648029,2.57981553,2.59314791,180265999,701316761.0,,
2019-04-26,601988,2.57981553,2.59314791,2.55981696,2.57314934,188107819,726570843.0,,
2019-04-29,601988,2.57981553,2.60648029,2.57314934,2.59314791,130328141,506658302.0,,
2019-04-30,601988,2.59314791,2.5998141,2.56648315,2.59314791,120255837,466137513.0,,
2019-05-06,601988,2.56648315,2.56648315,2.49982125,2.51981982,279492784,1058062524.0,,
2019-05-07,601988,2.52648601,2.5331522,2.49982125,2.51981982,160177514,604993805.0,,
2019-05-08,601988,2.49315506,2.49982125,2.47315649,2.47982268,140695378,525019602.0,,
2019-05-09,601988,2.47315649,2.48648887,2.45982411,2.45982411,131393019,487255855.0,,
2019-05-10,601988,2.47315649,2.51315363,2.4664903,2.49982125,133876563,499529090.0,,
2019-05-13,601988,2.47982268,2.51981982,2.43315935,2.47315649,299116016,1110841993.0,,
2019-05-14,601988,2.45315792,2.47315649,2.45315792,2.45315792,124221343,458805012.0,,
2019-05-15,601988,2.4664903,2.5331522,2.45982411,2.49982125,238268485,886194012.0,,
2019-05-16,601988,2.48648887,2.53981839,2.47315649,2.51981982,270499184,1013945994.0,,
2019-05-17,601988,2.51315363,2.51981982,2.48648887,2.48648887,130094799,488238079.0,,
2019-05-20,601988,2.48648887,2.57981553,2.47315649,2.54648458,441253904,1659814454.0,,
2019-05-21,601988,2.51981982,2.55315077,2.51981982,2.5331522,139061949,529551885.0,,
2019-05-22,601988,2.5331522,2.55315077,2.52648601,2.53981839,105388637,401538528.0,,
2019-05-23,601988,2.5331522,2.55981696,2.49315506,2.52648601,328154096,1243524224.0,,
2019-05-24,601988,2.51981982,2.53981839,2.50648744,2.52648601,177698771,672974952.0,,
2019-05-27,601988,2.52648601,2.55315077,2.51981982,2.53981839,133006018,506237153.0,,
2019-05-28,601988,2.53981839,2.56648315,2.53981839,2.55981696,145516106,557803594.0,,
2019-05-29,601988,2.55315077,2.57981553,2.54648458,2.55981696,139384388,535619131.0,,
2019-05-30,601988,2.56648315,2.59314791,2.55981696,2.59314791,170193780,658237504.0,,
2019-05-31,601988,2.59314791,2.60648029,2.57314934,2.58648172,173862812,675624987.0,,
2019-06-03,601988,2.59347179,2.59347179,2.56550983,2.5864813,146338600,540206958.0,,
2019-06-04,601988,2.5864813,2.5864813,2.57250032,2.5864813,74396506,274667420.0,,
2019-06-05,601988,2.59347179,2.61444326,2.5864813,2.60046228,92962232,346255398.0,,
2019-06-06,601988,2.60745277,2.61444326,2.59347179,2.60046228,81681595,304225858.0,,
2019-06-10,601988,2.60046228,2.62842424,2.60046228,2.61444326,96124288,359938483.0,,
2019-06-11,601988,2.62143375,2.63541473,2.61444326,2.62842424,120278728,451083714.0,,
2019-06-12,601988,2.62143375,2.62143375,2.60046228,2.60745277,86914650,324603909.0,,
2019-06-13,601988,2.60745277,2.62143375,2.59347179,2.60745277,77923154,290467171.0,,
2019-06-14,601988,2.61444326,2.61444326,2.60046228,2.60745277,67299789,250916120.0,,
2019-06-17,601988,2.61444326,2.62143375,2.60046228,2.61444326,59317441,221605638.0,,
2019-06-18,601988,2.62143375,2.62842424,2.60745277,2.62842424,66274063,248235249.0,,
2019-06-19,601988,2.64939571,2.66337669,2.63541473,2.64240522,136494225,516165878.0,,
2019-06-20,601988,2.64240522,2.67036718,2.63541473,2.66337669,162854955,618685386.0,,
2019-06-21,601988,2.6563862,2.67036718,2.63541473,2.63541473,170551338,646228892.0,,
2019-06-24,601988,2.63541473,2.64240522,2.62143375,2.64240522,80072015,301566260.0,,
2019-06-25,601988,2.64240522,2.64939571,2.61444326,2.62143375,112023253,421526310.0,,
2019-06-26,601988,2.62143375,2.62143375,2.60745277,2.61444326,78718333,294276821.0,,
2019-06-27,601988,2.62143375,2.63541473,2.61444326,2.62143375,101014091,379289073.0,,
2019-06-28,601988,2.62143375,2.62143375,2.60046228,2.61444326,74833318,279232692.0,,
2019-07-01,601988,2.63541473,2.64240522,2.62143375,2.62842424,120910317,454538930.0,,
2019-07-02,601988,2.62143375,2.63541473,2.62143375,2.63541473,96159565,361435331.0,,
2019-07-03,601988,2.63541473,2.64240522,2.62143375,2.63541473,107708784,405580588.0,,
2019-07-04,601988,2.63541473,2.64240522,2.62143375,2.63541473,86753502,326466554.0,,
2019-07-05,601988,2.62842424,2.63541473,2.60046228,2.62143375,130696774,489629527.0,,
2019-07-08,601988,2.61444326,2.62143375,2.5864813,2.59347179,145783199,541461074.0,,
2019-07-09,601988,2.59347179,2.60046228,2.5864813,2.59347179,70448639,261166540.0,,
2019-07-10,601988,2.59347179,2.59347179,2.57949081,2.5864813,59344976,219782637.0,,
2019-07-11,601988,2.59347179,2.60046228,2.5864813,2.59347179,53431974,198059458.0,,
2019-07-12,601988,2.59347179,2.60046228,2.5864813,2.60046228,87635209,325359136.0,,
2019-07-15,601988,2.59347179,2.60046228,2.56550983,2.5864813,102349661,377968611.0,,
2019-07-16,601988,2.5864813,2.5864813,2.57250032,2.57949081,62744974,231357570.0,,
2019-07-17,601988,2.57250032,2.57949081,2.56550983,2.56550983,60406641,221891764.0,,
2019-07-18,601988,2.55851934,2.56550983,2.55152885,2.55152885,64286242,234972016.0,,
2019-07-19,601988,2.55851934,2.57250032,2.55152885,2.56550983,86278289,316421857.0,,
2019-07-22,601988,2.57250032,2.57949081,2.55851934,2.56550983,88148597,323996370.0,,
2019-07-23,601988,2.56550983,2.5864813,2.55851934,2.57949081,81869420,301393398.0,,
2019-07-24,601988,2.5864813,2.59347179,2.57949081,2.57949081,71884541,265849881.0,,
2019-07-25,601988,2.5864813,2.59347179,2.57949081,2.5864813,82325055,304358439.0,,
2019-07-26,601988,2.57949081,2.59347179,2.57949081,2.5864813,58545225,216612802.0,,
2019-07-29,601988,2.5864813,2.59347179,2.57949081,2.5864813,60386308,223206863.0,,
2019-07-30,601988,2.5864813,2.60046228,2.57949081,2.60046228,83479350,309724414.0,,
2019-07-31,601988,2.59347179,2.59347179,2.5864813,2.59347179,57045671,211437636.0,,
2019-08-01,601988,2.5864813,2.59347179,2.56550983,2.57250032,99103831,364828871.0,,
2019-08-02,601988,2.55152885,2.55152885,2.53754787,2.54453836,101216389,368348477.0,,
2019-08-05,601988,2.53754787,2.53754787,2.49560493,2.50259542,118093792,425784276.0,,
2019-08-06,601988,2.47463346,2.48162395,2.45366199,2.46764297,134882201,476033446.0,,
2019-08-07,601988,2.47463346,2.48162395,2.46065248,2.46065248,79794815,281463415.0,,
2019-08-08,601988,2.46764297,2.48162395,2.46065248,2.47463346,95153569,336786681.0,,
2019-08-09,601988,2.48162395,2.49560493,2.47463346,2.48861444,80175899,285519289.0,,
2019-08-12,601988,2.48861444,2.50958591,2.48162395,2.50259542,58497319,209015190.0,,
2019-08-13,601988,2.49560493,2.50259542,2.48861444,2.50259542,52308971,186651453.0,,
2019-08-14,601988,2.5165764,2.52356689,2.49560493,2.49560493,49395414,177384891.0,,
2019-08-15,601988,2.47463346,2.50259542,2.46764297,2.50259542,61462098,218591977.0,,
2019-08-16,601988,2.50259542,2.50259542,2.48162395,2.49560493,52767073,188287973.0,,
2019-08-19,601988,2.49560493,2.50259542,2.46065248,2.50259542,123136396,437466463.0,,
2019-08-20,601988,2.49560493,2.50259542,2.48162395,2.48861444,75211957,267942876.0,,
2019-08-21,601988,2.48861444,2.48861444,2.47463346,2.48162395,35047992,124582957.0,,
2019-08-22,601988,2.48861444,2.49560493,2.47463346,2.47463346,37705060,133810491.0,,
2019-08-23,601988,2.48162395,2.48162395,2.46764297,2.47463346,56802281,201309365.0,,
2019-08-26,601988,2.45366199,2.47463346,2.45366199,2.46065248,100693444,354272532.0,,
2019-08-27,601988,2.46764297,2.49560493,2.46065248,2.49560493,107435695,381671573.0,,
2019-08-28,601988,2.48861444,2.48861444,2.46764297,2.47463346,57789435,204865743.0,,
2019-08-29,601988,2.47463346,2.48162395,2.46065248,2.46764297,57765111,203976694.0,,
2019-08-30,601988,2.48162395,2.48162395,2.46065248,2.46764297,71807855,253773061.0,,
2019-09-02,601988,2.46764297,2.48162395,2.46764297,2.47463346,81675660,289343996.0,,
2019-09-03,601988,2.47463346,2.48861444,2.47463346,2.48162395,81668623,289541989.0,,
2019-09-04,601988,2.48162395,2.5165764,2.47463346,2.5165764,134434142,480610234.0,,
2019-09-05,601988,2.5165764,2.55152885,2.5165764,2.53055738,131523688,477791000.0,,
2019-09-06,601988,2.54453836,2.54453836,2.52356689,2.53754787,67689681,245419772.0,,
2019-09-09,601988,2.55152885,2.55851934,2.53055738,2.53754787,87435328,317878958.0,,
2019-09-10,601988,2.53754787,2.54453836,2.5165764,2.53055738,69503426,251350480.0,,
2019-09-11,601988,2.53754787,2.55851934,2.53055738,2.55851934,101453382,369690654.0,,
2019-09-12,601988,2.56550983,2.56550983,2.55152885,2.55851934,68494513,250622979.0,,
2019-09-16,601988,2.55851934,2.55851934,2.54453836,2.55851934,65908033,240656841.0,,
2019-09-17,601988,2.55152885,2.55851934,2.52356689,2.53055738,74391925,270427719.0,,
2019-09-18,601988,2.53754787,2.53754787,2.5165764,2.5165764,66258757,239721666.0,,
2019-09-19,601988,2.52356689,2.53055738,2.50958591,2.52356689,65529753,236133441.0,,
2019-09-20,601988,2.53055738,2.53754787,2.5165764,2.52356689,110878048,400696523.0,,
2019-09-23,601988,2.52356689,2.53055738,2.50958591,2.5165764,59755386,215044148.0,,
2019-09-24,601988,2.52356689,2.53055738,2.5165764,2.5165764,45802034,165301922.0,,
2019-09-25,601988,2.5165764,2.52356689,2.50259542,2.50958591,57636691,207230967.0,,
2019-09-26,601988,2.5165764,2.53754787,2.50958591,2.52356689,105534969,381409008.0,,
2019-09-27,601988,2.52356689,2.52356689,2.49560493,2.5165764,96375888,346171199.0,,
2019-09-30,601988,2.50958591,2.52356689,2.50259542,2.50259542,75877957,273088346.0,,
2019-10-08,601988,2.50259542,2.52356689,2.50259542,2.5165764,80046740,287623931.0,,
2019-10-09,601988,2.50259542,2.53754787,2.50259542,2.53055738,80175291,289425062.0,,
2019-10-10,601988,2.52356689,2.53055738,2.50958591,2.5165764,77403361,279001764.0,,
2019-10-11,601988,2.52356689,2.54453836,2.5165764,2.54453836,94323806,341766807.0,,
2019-10-14,601988,2.55152885,2.60046228,2.54453836,2.56550983,230123803,847590093.0,,
2019-10-15,601988,2.57250032,2.5864813,2.55851934,2.57250032,147314161,542061224.0,,
2019-10-16,601988,2.5864813,2.61444326,2.57250032,2.57949081,129162795,478617669.0,,
2019-10-17,601988,2.57949081,2.5864813,2.57250032,2.57250032,60614155,223513922.0,,
2019-10-18,601988,2.57949081,2.59347179,2.55152885,2.55851934,85352927,314127790.0,,
2019-10-21,601988,2.55152885,2.57949081,2.55152885,2.57949081,72708059,267264169.0,,
2019-10-22,601988,2.5864813,2.5864813,2.56550983,2.57949081,60662989,223356497.0,,
2019-10-23,601988,2.57949081,2.60046228,2.57250032,2.59347179,108846633,402986545.0,,
2019-10-24,601988,2.59347179,2.63541473,2.5864813,2.62143375,160378562,600169958.0,,
2019-10-25,601988,2.62143375,2.62143375,2.5864813,2.60745277,99577223,371135643.0,,
2019-10-28,601988,2.60745277,2.62143375,2.5864813,2.59347179,87077379,323847116.0,,
2019-10-29,601988,2.59347179,2.60046228,2.57250032,2.57949081,81634177,302055988.0,,
2019-10-30,601988,2.57949081,2.5864813,2.57250032,2.57949081,61038410,225266807.0,,
2019-10-31,601988,2.57949081,2.5864813,2.56550983,2.5864813,95024015,350261763.0,,
2019-11-01,601988,2.5864813,2.59347179,2.56550983,2.5864813,94679745,349807316.0,,
2019-11-04,601988,2.5864813,2.60046228,2.57250032,2.5864813,117974302,436007520.0,,
2019-11-05,601988,2.5864813,2.61444326,2.57250032,2.60046228,165559807,615510108.0,,
2019-11-06,601988,2.59347179,2.62143375,2.5864813,2.61444326,128984628,480832613.0,,
2019-11-07,601988,2.61444326,2.62143375,2.60046228,2.60745277,86378235,322104729.0,,
2019-11-08,601988,2.61444326,2.61444326,2.56550983,2.57250032,133310111,493540417.0,,
2019-11-11,601988,2.56550983,2.56550983,2.54453836,2.54453836,101767899,372190088.0,,
2019-11-12,601988,2.55152885,2.55851934,2.53754787,2.55851934,65733057,239806290.0,,
2019-11-13,601988,2.55152885,2.55851934,2.53754787,2.55152885,77263350,281570823.0,,
2019-11-14,601988,2.55152885,2.55152885,2.52356689,2.53055738,77996463,282858328.0,,
2019-11-15,601988,2.53055738,2.53754787,2.5165764,2.52356689,89514014,323618638.0,,
2019-11-18,601988,2.52356689,2.53754787,2.50958591,2.53055738,77563849,279805066.0,,
2019-11-19,601988,2.52356689,2.54453836,2.52356689,2.53754787,80867714,293128815.0,,
2019-11-20,601988,2.53055738,2.53754787,2.53055738,2.53055738,58736559,212968371.0,,
2019-11-21,601988,2.53055738,2.53754787,2.5165764,2.53754787,72167234,260921458.0,,
2019-11-22,601988,2.53754787,2.54453836,2.52356689,2.52356689,90147950,326745420.0,,
2019-11-25,601988,2.52356689,2.55851934,2.52356689,2.55152885,85133202,309921460.0,,
2019-11-26,601988,2.55851934,2.57250032,2.54453836,2.56550983,149997057,549720468.0,,
2019-11-27,601988,2.56550983,2.56550983,2.55152885,2.55851934,47606200,174163846.0,,
2019-11-28,601988,2.55851934,2.55851934,2.54453836,2.55152885,52741532,192389978.0,,
2019-11-29,601988,2.55152885,2.55152885,2.53055738,2.53754787,80189816,291818921.0,,
2019-12-02,601988,2.54453836,2.54453836,2.53055738,2.53055738,61565545,223345322.0,,
2019-12-03,601988,2.53055738,2.53055738,2.5165764,2.52356689,80111213,289097624.0,,
2019-12-04,601988,2.5165764,2.52356689,2.5165764,2.5165764,61316940,220916842.0,,
2019-12-05,601988,2.52356689,2.53055738,2.5165764,2.53055738,39001453,140991010.0,,
2019-12-06,601988,2.53055738,2.53754787,2.52356689,2.53055738,48199679,174489843.0,,
2019-12-09,601988,2.53754787,2.53754787,2.52356689,2.53055738,65100323,235338303.0,,
2019-12-10,601988,2.52356689,2.53055738,2.5165764,2.52356689,62571833,225871618.0,,
2019-12-11,601988,2.53055738,2.53055738,2.52356689,2.52356689,43595774,157518102.0,,
2019-12-12,601988,2.53055738,2.53055738,2.5165764,2.52356689,59741958,215437273.0,,
2019-12-13,601988,2.53055738,2.55851934,2.52356689,2.55152885,132599689,482460908.0,,
2019-12-16,601988,2.55152885,2.55851934,2.53754787,2.55152885,92863947,338378475.0,,
2019-12-17,601988,2.55152885,2.60046228,2.53754787,2.57250032,178951710,657814200.0,,
2019-12-18,601988,2.57949081,2.5864813,2.56550983,2.56550983,85297452,314018339.0,,
2019-12-19,601988,2.56550983,2.5864813,2.55851934,2.57949081,79690380,293715870.0,,
2019-12-20,601988,2.57250032,2.5864813,2.57250032,2.5864813,67926405,250627050.0,,
2019-12-23,601988,2.5864813,2.5864813,2.55851934,2.56550983,84147646,309601233.0,,
2019-12-24,601988,2.56550983,2.57250032,2.55851934,2.56550983,34121262,125205298.0,,
2019-12-25,601988,2.56550983,2.57250032,2.55152885,2.55851934,59704346,218750870.0,,
2019-12-26,601988,2.55851934,2.57250032,2.55152885,2.57250032,60351624,221297692.0,,
2019-12-27,601988,2.56550983,2.5864813,2.56550983,2.57949081,97404129,359291225.0,,
2019-12-30,601988,2.57250032,2.59347179,2.55851934,2.59347179,130539870,481953828.0,,
2019-12-31,601988,2.57949081,2.5864813,2.57250032,2.57949081,74262419,274306466.0,,
2020-01-02,601988,2.59347179,2.61444326,2.5864813,2.60046228,138990999,517677569.0,,
2020-01-03,601988,2.60745277,2.60745277,2.5864813,2.59347179,85738414,318451779.0,,
2020-01-06,601988,2.5864813,2.60046228,2.57250032,2.57949081,137108515,507089538.0,,
2020-01-07,601988,2.57949081,2.61444326,2.57949081,2.60046228,156523820,582835385.0,,
2020-01-08,601988,2.59347179,2.59347179,2.57250032,2.57949081,104278756,385355653.0,,
2020-01-09,601988,2.59347179,2.59347179,2.57250032,2.57949081,74971443,276988120.0,,
2020-01-10,601988,2.57949081,2.5864813,2.57250032,2.57949081,53833454,198636220.0,,
2020-01-13,601988,2.5864813,2.5864813,2.57250032,2.5864813,53730488,198075977.0,,
2020-01-14,601988,2.5864813,2.59347179,2.57949081,2.57949081,73315614,271401452.0,,
2020-01-15,601988,2.5864813,2.5864813,2.55851934,2.56550983,67766272,249199279.0,,
2020-01-16,601988,2.57250032,2.57250032,2.55152885,2.55152885,88394109,323356850.0,,
2020-01-17,601988,2.55152885,2.56550983,2.55152885,2.55152885,64248573,234889781.0,,
2020-01-20,601988,2.55152885,2.56550983,2.54453836,2.55851934,67632656,247328426.0,,
2020-01-21,601988,2.55152885,2.55851934,2.54453836,2.54453836,103256946,376391787.0,,
2020-01-22,601988,2.54453836,2.55152885,2.53055738,2.54453836,99882026,363233784.0,,
2020-01-23,601988,2.54453836,2.54453836,2.5165764,2.52356689,141334873,511803559.0,,
2020-02-03,601988,2.38375709,2.46065248,2.34880464,2.39773807,261517422,897228515.0,,
2020-02-04,601988,2.39074758,2.46764297,2.38375709,2.4466715,170584498,592455302.0,,
2020-02-05,601988,2.4466715,2.46065248,2.42570003,2.4466715,108677726,380227929.0,,
2020-02-06,601988,2.46065248,2.46065248,2.43269052,2.45366199,112348585,393076818.0,,
2020-02-07,601988,2.43968101,2.45366199,2.43269052,2.45366199,74715352,260941449.0,,
2020-02-10,601988,2.43968101,2.45366199,2.43269052,2.4466715,77310678,270223160.0,,
2020-02-11,601988,2.45366199,2.47463346,2.4466715,2.46764297,100772033,355240357.0,,
2020-02-12,601988,2.46764297,2.48162395,2.46065248,2.47463346,76960659,272355031.0,,
2020-02-13,601988,2.47463346,2.48162395,2.46764297,2.46764297,74629671,264202860.0,,
2020-02-14,601988,2.46065248,2.49560493,2.46065248,2.48861444,65554028,232856023.0,,
2020-02-17,601988,2.48861444,2.52356689,2.48162395,2.5165764,91339330,327517286.0,,
2020-02-18,601988,2.50958591,2.52356689,2.50259542,2.50259542,80301140,288669233.0,,
2020-02-19,601988,2.50958591,2.53754787,2.50259542,2.5165764,92675106,334672661.0,,
2020-02-20,601988,2.52356689,2.54453836,2.50958591,2.53754787,94257861,340278285.0,,
2020-02-21,601988,2.52356689,2.53754787,2.52356689,2.53055738,79939218,289239861.0,,
2020-02-24,601988,2.5165764,2.52356689,2.50958591,2.50958591,77909432,280284589.0,,
2020-02-25,601988,2.49560493,2.50259542,2.48861444,2.49560493,95682939,341616951.0,,
2020-02-26,601988,2.48162395,2.52356689,2.47463346,2.5165764,120176823,430565437.0,,
2020-02-27,601988,2.5165764,2.53055738,2.50958591,2.53055738,68080008,245597674.0,,
2020-02-28,601988,2.50958591,2.53055738,2.48162395,2.48162395,114983662,411873416.0,,
2020-03-02,601988,2.48861444,2.53055738,2.48861444,2.5165764,101095557,362974547.0,,
2020-03-03,601988,2.52356689,2.53754787,2.5165764,2.53055738,111473890,403229206.0,,
2020-03-04,601988,2.52356689,2.54453836,2.52356689,2.53754787,70154642,254464269.0,,
2020-03-05,601988,2.54453836,2.56550983,2.54453836,2.55851934,119456342,436961499.0,,
2020-03-06,601988,2.55152885,2.55851934,2.53754787,2.53754787,80870306,294871013.0,,
2020-03-09,601988,2.52356689,2.53055738,2.48861444,2.49560493,103516539,370610562.0,,
2020-03-10,601988,2.48861444,2.52356689,2.48861444,2.50958591,96838783,347366126.0,,
2020-03-11,601988,2.5165764,2.53055738,2.50259542,2.50958591,90647927,326330007.0,,
2020-03-12,601988,2.50259542,2.50958591,2.48861444,2.50259542,72289223,258457725.0,,
2020-03-13,601988,2.46065248,2.50259542,2.45366199,2.48861444,117275453,414841895.0,,
2020-03-16,601988,2.49560493,2.50259542,2.46065248,2.47463346,109570081,389582113.0,,
2020-03-17,601988,2.46764297,2.49560493,2.45366199,2.48861444,120205933,426049018.0,,
2020-03-18,601988,2.48162395,2.48861444,2.4466715,2.4466715,83510050,294794341.0,,
2020-03-19,601988,2.43269052,2.45366199,2.38375709,2.41870954,120518665,417111074.0,,
2020-03-20,601988,2.43269052,2.46764297,2.41171905,2.4466715,102147700,355948533.0,,
2020-03-23,601988,2.43269052,2.43269052,2.39773807,2.40472856,82294152,283847805.0,,
2020-03-24,601988,2.42570003,2.4466715,2.41870954,2.43269052,93739416,326506431.0,,
2020-03-25,601988,2.45366199,2.46764297,2.4466715,2.45366199,85786722,301256145.0,,
2020-03-26,601988,2.4466715,2.46764297,2.43968101,2.45366199,85418999,299788697.0,,
2020-03-27,601988,2.46764297,2.47463346,2.45366199,2.46065248,70252329,247524156.0,,
2020-03-30,601988,2.45366199,2.46065248,2.4466715,2.46065248,81439044,286059356.0,,
2020-03-31,601988,2.46764297,2.47463346,2.43269052,2.43269052,69618442,244044476.0,,
2020-04-01,601988,2.43968101,2.45366199,2.43269052,2.43269052,66160346,230970402.0,,
2020-04-02,601988,2.42570003,2.4466715,2.41870954,2.4466715,74938267,260638936.0,,
2020-04-03,601988,2.43968101,2.4466715,2.43269052,2.43968101,56193251,196240554.0,,
2020-04-07,601988,2.46065248,2.46764297,2.4466715,2.45366199,82141037,288363614.0,,
2020-04-08,601988,2.4466715,2.4466715,2.43269052,2.43968101,55274495,192930080.0,,
2020-04-09,601988,2.4466715,2.4466715,2.43968101,2.43968101,35858062,125252988.0,,
2020-04-10,601988,2.43968101,2.45366199,2.43269052,2.4466715,65451423,228922894.0,,
2020-04-13,601988,2.4466715,2.46764297,2.43968101,2.46065248,59815474,210108115.0,,
2020-04-14,601988,2.46065248,2.47463346,2.45366199,2.46764297,60784073,214302946.0,,
2020-04-15,601988,2.46764297,2.47463346,2.46065248,2.47463346,57569868,203104198.0,,
2020-04-16,601988,2.46065248,2.48861444,2.46065248,2.48162395,57943532,205154359.0,,
2020-04-17,601988,2.48861444,2.50958591,2.47463346,2.50259542,86726327,309640897.0,,
2020-04-20,601988,2.49560493,2.50259542,2.47463346,2.48162395,77429141,275753546.0,,
2020-04-21,601988,2.47463346,2.48861444,2.46764297,2.48861444,58982165,209258804.0,,
2020-04-22,601988,2.48162395,2.50259542,2.46065248,2.46764297,111362252,394996106.0,,
2020-04-23,601988,2.43968101,2.43968101,2.39074758,2.41870954,180405386,624015263.0,,
2020-04-24,601988,2.41171905,2.41171905,2.39773807,2.39773807,81085443,278912955.0,,
2020-04-27,601988,2.39773807,2.41870954,2.39773807,2.40472856,86038852,296373967.0,,
2020-04-28,601988,2.40472856,2.40472856,2.38375709,2.39773807,65041282,222862527.0,,
2020-04-29,601988,2.40472856,2.41870954,2.39773807,2.41870954,51577184,177781182.0,,
2020-04-30,601988,2.41870954,2.43968101,2.41870954,2.43269052,79563490,276617669.0,,
2020-05-06,601988,2.40472856,2.41870954,2.39773807,2.41171905,94794563,326087157.0,,
2020-05-07,601988,2.40472856,2.41171905,2.39773807,2.40472856,61224695,210658626.0,,
2020-05-08,601988,2.41171905,2.42570003,2.40472856,2.41870954,55756586,192821048.0,,
2020-05-11,601988,2.41870954,2.42570003,2.41171905,2.41870954,42554298,147453854.0,,
2020-05-12,601988,2.41870954,2.42570003,2.40472856,2.40472856,57850857,199936065.0,,
2020-05-13,601988,2.41171905,2.42570003,2.40472856,2.41870954,49438260,170638207.0,,
2020-05-14,601988,2.41870954,2.41870954,2.40472856,2.41171905,35151270,121161097.0,,
2020-05-15,601988,2.41870954,2.41870954,2.40472856,2.41171905,32432594,112018091.0,,
2020-05-18,601988,2.41171905,2.42570003,2.40472856,2.41171905,43838709,151565434.0,,
2020-05-19,601988,2.42570003,2.42570003,2.41171905,2.41870954,42277683,146351937.0,,
2020-05-20,601988,2.41870954,2.42570003,2.41171905,2.42570003,40840082,141241958.0,,
2020-05-21,601988,2.42570003,2.42570003,2.41171905,2.41171905,41472120,143521781.0,,
2020-05-22,601988,2.41171905,2.41870954,2.39074758,2.39074758,70889911,243999200.0,,
2020-05-25,601988,2.39773807,2.40472856,2.39074758,2.40472856,39081355,134024686.0,,
2020-05-26,601988,2.40472856,2.41171905,2.39773807,2.39773807,38100641,130947178.0,,
2020-05-27,601988,2.39773807,2.41171905,2.39773807,2.41171905,52754270,181684471.0,,
2020-05-28,601988,2.41171905,2.43269052,2.40472856,2.42570003,66290671,229805812.0,,
2020-05-29,601988,2.41870954,2.42570003,2.41171905,2.41171905,54873705,189694816.0,,
2020-06-01,601988,2.41870954,2.43269052,2.41171905,2.42570003,55659719,193263657.0,,
2020-06-02,601988,2.42570003,2.4466715,2.41870954,2.43269052,60918670,212231166.0,,
2020-06-03,601988,2.4466715,2.46065248,2.43968101,2.4466715,67851720,237976584.0,,
2020-06-04,601988,2.46065248,2.46065248,2.4466715,2.4466715,49464355,173462573.0,,
2020-06-05,601988,2.4466715,2.45366199,2.43968101,2.4466715,53564321,187390650.0,,
2020-06-08,601988,2.4466715,2.45366199,2.43968101,2.45366199,56278174,197075484.0,,
2020-06-09,601988,2.45366199,2.45366199,2.43968101,2.45366199,41745151,146286949.0,,
2020-06-10,601988,2.45366199,2.45366199,2.43968101,2.4466715,48180227,168810700.0,,
2020-06-11,601988,2.4466715,2.4466715,2.43269052,2.43269052,56823996,198109797.0,,
2020-06-12,601988,2.42570003,2.43269052,2.41171905,2.43269052,61006426,211543965.0,,
2020-06-15,601988,2.41870954,2.42570003,2.40472856,2.40472856,66882557,230958547.0,,
2020-06-16,601988,2.41870954,2.42570003,2.40472856,2.42570003,50479094,174556289.0,,
2020-06-17,601988,2.41870954,2.42570003,2.41171905,2.41870954,35250694,121989390.0,,
2020-06-18,601988,2.41171905,2.42570003,2.41171905,2.41870954,47671003,164869306.0,,
2020-06-19,601988,2.42570003,2.43269052,2.41171905,2.42570003,108288414,375205955.0,,
2020-06-22,601988,2.41870954,2.43269052,2.41171905,2.41870954,59935549,207691684.0,,
2020-06-23,601988,2.41171905,2.41870954,2.40472856,2.40472856,64958382,223942635.0,,
2020-06-24,601988,2.41171905,2.42570003,2.40472856,2.41870954,60827131,210145557.0,,
2020-06-29,601988,2.41870954,2.43269052,2.41870954,2.42570003,67279410,233236805.0,,
2020-06-30,601988,2.43269052,2.43968101,2.41870954,2.43269052,67655015,235147984.0,,
2020-07-01,601988,2.43269052,2.45366199,2.42570003,2.4466715,77164171,269208315.0,,
2020-07-02,601988,2.45366199,2.50259542,2.4466715,2.50259542,147455929,521362074.0,,
2020-07-03,601988,2.50259542,2.54453836,2.49560493,2.53754787,160693547,581025916.0,,
2020-07-06,601988,2.54453836,2.71930061,2.54453836,2.70531963,355984912,1348192002.0,,
2020-07-07,601988,2.7262911,2.76823404,2.66337669,2.67036718,274816784,1062190256.0,,
2020-07-08,601988,2.67036718,2.70531963,2.64939571,2.67036718,251922427,963344737.0,,
2020-07-09,601988,2.66337669,2.67036718,2.62143375,2.63541473,200180201,755771079.0,,
2020-07-10,601988,2.63541473,2.63541473,2.55152885,2.56550983,243875216,901824981.0,,
2020-07-13,601988,2.55851934,2.61444326,2.55152885,2.57949081,276432400,1021366901.0,,
2020-07-14,601988,2.57949081,2.59347179,2.55851934,2.56550983,215297409,792143253.0,,
2020-07-15,601988,2.580256,2.58762816,2.52127872,2.52865088,211630819,728534835.0,,
2020-07-16,601988,2.52865088,2.55076736,2.49916224,2.5065344,174466021,597954836.0,,
2020-07-17,601988,2.51390656,2.52127872,2.49916224,2.51390656,120005163,408117388.0,,
2020-07-20,601988,2.52127872,2.55813952,2.5065344,2.55076736,129333886,444795237.0,,
2020-07-21,601988,2.55076736,2.55813952,2.52865088,2.52865088,77379908,266174559.11,,
2020-07-22,601988,2.52865088,2.55813952,2.52865088,2.52865088,121308265,418148021.33,,
2020-07-23,601988,2.52865088,2.52865088,2.49916224,2.51390656,120013104,408803174.78,,
2020-07-24,601988,2.5065344,2.51390656,2.46230144,2.4696736,153250595,516649032.92,,
2020-07-27,601988,2.47704576,2.48441792,2.45492928,2.45492928,100620712,336790053.89,,
2020-07-28,601988,2.4696736,2.47704576,2.45492928,2.45492928,83658842,279663419.38,,
2020-07-29,601988,2.45492928,2.48441792,2.44755712,2.48441792,109951775,368477805.05,,
2020-07-30,601988,2.47704576,2.48441792,2.46230144,2.46230144,76850300,257650183.68,,
2020-07-31,601988,2.46230144,2.48441792,2.44755712,2.45492928,142703375,476633708.22,,
2020-08-03,601988,2.46230144,2.47704576,2.45492928,2.46230144,146513007,489198331.4,,
2020-08-04,601988,2.4696736,2.49916224,2.45492928,2.49179008,186109599,626250177.62,,
2020-08-05,601988,2.49179008,2.49179008,2.46230144,2.4696736,89857385,301366774.26,,
2020-08-06,601988,2.47704576,2.48441792,2.45492928,2.47704576,103473816,346518558.73,,
2020-08-07,601988,2.47704576,2.47704576,2.45492928,2.46230144,100998478,337628611.73,,
2020-08-10,601988,2.4696736,2.48441792,2.45492928,2.4696736,119202465,399449484.43,,
2020-08-11,601988,2.47704576,2.48441792,2.46230144,2.4696736,195479858,655842253.91,,
2020-08-12,601988,2.4696736,2.4696736,2.44755712,2.46230144,159124383,530477938.16,,
2020-08-13,601988,2.46230144,2.46230144,2.45492928,2.45492928,84830065,282733460.45,,
2020-08-14,601988,2.46230144,2.47704576,2.45492928,2.4696736,89299678,298427204.35,,
2020-08-17,601988,2.4696736,2.51390656,2.46230144,2.5065344,289881632,980343848.38,,
2020-08-18,601988,2.49916224,2.5065344,2.4696736,2.47704576,154734704,521323674.28,,
2020-08-19,601988,2.48441792,2.48441792,2.46230144,2.46230144,107304332,359872181.8,,
2020-08-20,601988,2.46230144,2.4696736,2.44755712,2.45492928,160997897,536221022.43,,
2020-08-21,601988,2.46230144,2.46230144,2.44755712,2.45492928,89542600,298409038.06,,
2020-08-24,601988,2.46230144,2.46230144,2.44755712,2.44755712,147133322,489435742.5,,
2020-08-25,601988,2.45492928,2.45492928,2.44018496,2.44755712,119539791,396642241.56,,
2020-08-26,601988,2.44018496,2.44755712,2.42544064,2.42544064,136767907,451301655.99,,
2020-08-27,601988,2.42544064,2.4328128,2.40332416,2.41806848,120898008,395854883.99,,
2020-08-28,601988,2.41069632,2.4328128,2.40332416,2.4328128,166296547,545248488.44,,
2020-08-31,601988,2.4328128,2.4328128,2.40332416,2.41806848,223749448,734805065.97,,
2020-09-01,601988,2.40332416,2.41069632,2.38857984,2.395952,186980766,608502042.98,,
2020-09-02,601988,2.395952,2.40332416,2.36646336,2.37383552,166473835,537366006.71,,
2020-09-03,601988,2.37383552,2.38120768,2.36646336,2.37383552,120957181,389088100.92,,
2020-09-04,601988,2.3590912,2.36646336,2.34434688,2.3590912,138006084,440747520.95,,
2020-09-07,601988,2.3590912,2.36646336,2.34434688,2.35171904,137981221,440745692.19,,
2020-09-08,601988,2.35171904,2.37383552,2.34434688,2.36646336,109557383,351072353.48,,
2020-09-09,601988,2.3590912,2.37383552,2.3590912,2.36646336,103586855,332548521.54,,
2020-09-10,601988,2.37383552,2.37383552,2.35171904,2.3590912,112616710,360213035.9,,
2020-09-11,601988,2.35171904,2.36646336,2.35171904,2.3590912,93280521,298539025.06,,
2020-09-14,601988,2.3590912,2.36646336,2.35171904,2.36646336,54172056,173406386.59,,
2020-09-15,601988,2.3590912,2.37383552,2.3590912,2.36646336,76982603,247088673.13,,
2020-09-16,601988,2.3590912,2.37383552,2.3590912,2.36646336,63813775,204916422.15,,
2020-09-17,601988,2.36646336,2.37383552,2.3590912,2.36646336,63005025,202104507.0,,
2020-09-18,601988,2.36646336,2.38857984,2.3590912,2.38857984,164056824,528428030.52,,
2020-09-21,601988,2.38120768,2.38857984,2.37383552,2.37383552,88551066,285806087.88,,
2020-09-22,601988,2.37383552,2.38120768,2.3590912,2.3590912,110676084,355498430.74,,
2020-09-23,601988,2.36646336,2.37383552,2.3590912,2.36646336,74147845,237819511.45,,
2020-09-24,601988,2.36646336,2.36646336,2.34434688,2.3590912,90728299,289673971.56,,
2020-09-25,601988,2.3590912,2.3590912,2.35171904,2.35171904,59145325,188929519.75,,
2020-09-28,601988,2.3590912,2.40332416,2.35171904,2.38857984,166977117,537441057.72,,
2020-09-29,601988,2.38857984,2.395952,2.3590912,2.3590912,95013773,306542625.72,,
2020-09-30,601988,2.36646336,2.36646336,2.35171904,2.3590912,97704238,312752563.34,,
2020-10-09,601988,2.36646336,2.37383552,2.3590912,2.36646336,87632941,281347380.59,,
2020-10-12,601988,2.36646336,2.395952,2.36646336,2.38120768,139367144,449919513.8,,
2020-10-13,601988,2.38120768,2.38857984,2.3590912,2.36646336,177298009,568493197.69,,
2020-10-14,601988,2.36646336,2.36646336,2.35171904,2.3590912,90442493,288982098.67,,
2020-10-15,601988,2.3590912,2.37383552,2.35171904,2.36646336,93539149,299927790.0,,
2020-10-16,601988,2.36646336,2.38857984,2.3590912,2.38120768,164966453,532225254.87,,
2020-10-19,601988,2.38857984,2.41806848,2.37383552,2.38857984,246212241,800966938.09,,
2020-10-20,601988,2.38857984,2.38857984,2.3590912,2.36646336,122163813,392897039.05,,
2020-10-21,601988,2.36646336,2.38857984,2.3590912,2.38857984,118911800,382900657.76,,
2020-10-22,601988,2.38120768,2.38857984,2.37383552,2.38120768,86357390,278590469.5,,
2020-10-23,601988,2.38120768,2.395952,2.36646336,2.38857984,119921494,388115184.11,,
2020-10-26,601988,2.38857984,2.38857984,2.37383552,2.38857984,111092135,358561509.97,,
2020-10-27,601988,2.38120768,2.38857984,2.37383552,2.38120768,102382986,330335923.91,,
2020-10-28,601988,2.37383552,2.38120768,2.3590912,2.36646336,93867763,301101449.6,,
2020-10-29,601988,2.3590912,2.3590912,2.35171904,2.35171904,106362978,339760274.82,,
2020-10-30,601988,2.3590912,2.36646336,2.34434688,2.34434688,97525022,311067349.38,,
2020-11-02,601988,2.34434688,2.3590912,2.34434688,2.35171904,80071998,255113295.55,,
2020-11-03,601988,2.35171904,2.36646336,2.35171904,2.3590912,76821176,245684116.01,,
2020-11-04,601988,2.36646336,2.36646336,2.35171904,2.3590912,77483051,248067710.2,,
2020-11-05,601988,2.36646336,2.37383552,2.3590912,2.3590912,83329171,267228905.7,,
2020-11-06,601988,2.36646336,2.37383552,2.3590912,2.36646336,87720100,281422538.3,,
2020-11-09,601988,2.37383552,2.38120768,2.36646336,2.37383552,112521171,362329840.08,,
2020-11-10,601988,2.37383552,2.38857984,2.37383552,2.37383552,119914573,387502328.56,,
2020-11-11,601988,2.37383552,2.395952,2.37383552,2.38857984,134703168,436012394.75,,
2020-11-12,601988,2.38857984,2.38857984,2.37383552,2.38120768,97048759,313542064.39,,
2020-11-13,601988,2.37383552,2.38120768,2.36646336,2.37383552,78547647,252558582.53,,
2020-11-16,601988,2.37383552,2.38120768,2.36646336,2.38120768,70930904,228679111.98,,
2020-11-17,601988,2.37383552,2.38857984,2.37383552,2.38120768,77142625,249098260.1,,
2020-11-18,601988,2.38120768,2.40332416,2.37383552,2.38857984,135110129,438407034.98,,
2020-11-19,601988,2.38857984,2.395952,2.38120768,2.38857984,75105495,243232051.56,,
2020-11-20,601988,2.38857984,2.38857984,2.37383552,2.38120768,80095486,258916184.17,,
2020-11-23,601988,2.38857984,2.40332416,2.38120768,2.395952,143927372,467296011.04,,
2020-11-24,601988,2.395952,2.41806848,2.395952,2.40332416,144481833,471837831.35,,
2020-11-25,601988,2.41069632,2.41806848,2.38857984,2.38857984,101306440,330327707.7,,
2020-11-26,601988,2.38857984,2.40332416,2.38120768,2.395952,70289461,228516549.25,,
2020-11-27,601988,2.40332416,2.45492928,2.395952,2.45492928,297578384,980762532.54,,
2020-11-30,601988,2.4696736,2.52127872,2.4328128,2.4328128,455861312,1534469080.99,,
2020-12-01,601988,2.42544064,2.49179008,2.41069632,2.47704576,244645416,814815221.34,,
2020-12-02,601988,2.47704576,2.48441792,2.45492928,2.45492928,144348702,482603719.93,,
2020-12-03,601988,2.46230144,2.46230144,2.4328128,2.44018496,168298923,557582056.56,,
2020-12-04,601988,2.44018496,2.44755712,2.41069632,2.41806848,134117685,440373786.26,,
2020-12-07,601988,2.41806848,2.41806848,2.395952,2.395952,148954035,485531273.34,,
2020-12-08,601988,2.395952,2.41069632,2.38120768,2.38857984,86521950,281122403.3,,
2020-12-09,601988,2.38857984,2.395952,2.38120768,2.38120768,117271862,379734420.46,,
2020-12-10,601988,2.38120768,2.38120768,2.36646336,2.37383552,123330010,397269948.7,,
2020-12-11,601988,2.37383552,2.37383552,2.3590912,2.36646336,224275151,719080113.03,,
2020-12-14,601988,2.36646336,2.38120768,2.35171904,2.3590912,168620917,540389733.59,,
2020-12-15,601988,2.3590912,2.36646336,2.33697472,2.34434688,217382257,692039100.01,,
2020-12-16,601988,2.34434688,2.35171904,2.33697472,2.34434688,105147788,334371425.62,,
2020-12-17,601988,2.34434688,2.3590912,2.32960256,2.35171904,116999219,372116128.05,,
2020-12-18,601988,2.35171904,2.35171904,2.34434688,2.34434688,77723116,247401407.88,,
2020-12-21,601988,2.34434688,2.35171904,2.33697472,2.35171904,67859333,215888047.44,,
2020-12-22,601988,2.34434688,2.35171904,2.32960256,2.32960256,104309522,330900190.31,,
2020-12-23,601988,2.33697472,2.33697472,2.32960256,2.32960256,68009161,215142557.76,,
2020-12-24,601988,2.32960256,2.34434688,2.32960256,2.33697472,67495763,213769488.28,,
2020-12-25,601988,2.33697472,2.34434688,2.32960256,2.34434688,65170900,206582441.5,,
2020-12-28,601988,2.33697472,2.34434688,2.32960256,2.33697472,74827941,236990162.56,,
2020-12-29,601988,2.33697472,2.33697472,2.32960256,2.33697472,81949632,259231933.12,,
2020-12-30,601988,2.33697472,2.33697472,2.32960256,2.33697472,79605410,251914189.6,,
2020-12-31,601988,2.32960256,2.35171904,2.32960256,2.34434688,110906068,352630266.84,,
2021-01-04,601988,2.34434688,2.34434688,2.32960256,2.33697472,121250317,384259279.14,,
2021-01-05,601988,2.32960256,2.34434688,2.3222304,2.33697472,130429477,413013708.28,,
2021-01-06,601988,2.33697472,2.34434688,2.32960256,2.34434688,84976926,269761216.42,,
2021-01-07,601988,2.34434688,2.35171904,2.33697472,2.35171904,113572806,360984169.63,,
2021-01-08,601988,2.35171904,2.35171904,2.33697472,2.35171904,113279286,360937780.48,,
2021-01-11,601988,2.34434688,2.3590912,2.33697472,2.33697472,115362023,367452684.07,,
2021-01-12,601988,2.33697472,2.34434688,2.32960256,2.34434688,98066774,311086166.77,,
2021-01-13,601988,2.34434688,2.36646336,2.33697472,2.3590912,174596159,557079501.89,,
2021-01-14,601988,2.3590912,2.38857984,2.35171904,2.36646336,180785101,580657155.32,,
2021-01-15,601988,2.36646336,2.40332416,2.3590912,2.38120768,275261488,891694099.64,,
2021-01-18,601988,2.37383552,2.38120768,2.35171904,2.3590912,167435900,536433188.2,,
2021-01-19,601988,2.36646336,2.38120768,2.35171904,2.37383552,141513725,454056854.0,,
2021-01-20,601988,2.36646336,2.38120768,2.35171904,2.3590912,110863665,355260112.0,,
2021-01-21,601988,2.3590912,2.36646336,2.35171904,2.35171904,72992353,233232868.67,,
2021-01-22,601988,2.35171904,2.3590912,2.33697472,2.33697472,108605977,345027510.31,,
2021-01-25,601988,2.33697472,2.34434688,2.32960256,2.33697472,97412577,308536955.57,,
2021-01-26,601988,2.33697472,2.34434688,2.32960256,2.33697472,76591229,242831991.68,,
2021-01-27,601988,2.33697472,2.3590912,2.32960256,2.33697472,101923440,324555194.0,,
2021-01-28,601988,2.33697472,2.34434688,2.32960256,2.33697472,73504403,232613518.48,,
2021-01-29,601988,2.32960256,2.35171904,2.32960256,2.33697472,112004847,355524175.66,,
2021-02-01,601988,2.33697472,2.35171904,2.32960256,2.34434688,105325433,334865475.5,,
2021-02-02,601988,2.34434688,2.3590912,2.33697472,2.34434688,110589000,351979497.9,,
2021-02-03,601988,2.34434688,2.34434688,2.33697472,2.33697472,74423344,236340139.48,,
2021-02-04,601988,2.33697472,2.35171904,2.32960256,2.34434688,104939995,333155391.19,,
2021-02-05,601988,2.33697472,2.37383552,2.33697472,2.37383552,209005072,668933315.09,,
2021-02-08,601988,2.3590912,2.36646336,2.34434688,2.35171904,159104590,507945964.21,,
2021-02-09,601988,2.34434688,2.35171904,2.33697472,2.34434688,133795157,425832586.26,,
2021-02-10,601988,2.35171904,2.37383552,2.34434688,2.3590912,147216472,471351498.63,,
2021-02-18,601988,2.37383552,2.38120768,2.3590912,2.36646336,190523981,613012700.49,,
2021-02-19,601988,2.36646336,2.38120768,2.3590912,2.38120768,131244056,422667385.77,,
2021-02-22,601988,2.38120768,2.40332416,2.37383552,2.395952,225420638,730386917.7,,
2021-02-23,601988,2.38857984,2.41069632,2.38120768,2.38120768,264323934,857884563.62,,
2021-02-24,601988,2.38857984,2.38857984,2.36646336,2.37383552,210559097,678497779.56,,
2021-02-25,601988,2.37383552,2.40332416,2.37383552,2.395952,208966113,676780348.63,,
2021-02-26,601988,2.38120768,2.395952,2.37383552,2.38857984,207010772,670591008.55,,
2021-03-01,601988,2.38857984,2.395952,2.38120768,2.38857984,150870240,488481536.5,,
2021-03-02,601988,2.38857984,2.395952,2.37383552,2.37383552,153052328,494946608.1,,
2021-03-03,601988,2.38120768,2.41069632,2.37383552,2.41069632,212660887,691841772.06,,
2021-03-04,601988,2.395952,2.42544064,2.395952,2.41069632,221399695,723948317.63,,
2021-03-05,601988,2.40332416,2.44018496,2.40332416,2.4328128,248686859,816937710.4,,
2021-03-08,601988,2.4328128,2.44755712,2.41806848,2.42544064,217530718,719795501.78,,
2021-03-09,601988,2.42544064,2.44018496,2.40332416,2.41069632,249871883,821775925.22,,
2021-03-10,601988,2.40332416,2.41806848,2.395952,2.41069632,177188039,578075390.37,,
2021-03-11,601988,2.41806848,2.4328128,2.41069632,2.41069632,172777555,567754527.96,,
2021-03-12,601988,2.41069632,2.4328128,2.40332416,2.42544064,157162396,515795650.6,,
2021-03-15,601988,2.42544064,2.45492928,2.41806848,2.44018496,209916297,694455912.2,,
2021-03-16,601988,2.44018496,2.45492928,2.4328128,2.44018496,121782580,403174547.9,,
2021-03-17,601988,2.44018496,2.44755712,2.41806848,2.42544064,135659542,446862828.85,,
2021-03-18,601988,2.42544064,2.4328128,2.41806848,2.41806848,94160094,309649215.9,,
2021-03-19,601988,2.42544064,2.4328128,2.395952,2.395952,161092887,526153055.05,,
2021-03-22,601988,2.395952,2.42544064,2.38857984,2.41806848,128455695,420433796.94,,
2021-03-23,601988,2.42544064,2.4328128,2.41069632,2.42544064,138836692,456097331.05,,
2021-03-24,601988,2.42544064,2.4328128,2.41069632,2.4328128,125596385,412490525.15,,
2021-03-25,601988,2.4328128,2.44018496,2.41806848,2.42544064,110875994,365281169.16,,
2021-03-26,601988,2.42544064,2.42544064,2.38857984,2.40332416,218971314,714452439.53,,
2021-03-29,601988,2.40332416,2.4328128,2.395952,2.42544064,198361589,649034214.19,,
2021-03-30,601988,2.42544064,2.4328128,2.41069632,2.4328128,145859229,479245539.62,,
2021-03-31,601988,2.44755712,2.4696736,2.44018496,2.4696736,335468096,1117813471.94,,
2021-04-01,601988,2.4696736,2.4696736,2.44755712,2.45492928,189036750,629578154.55,,
2021-04-02,601988,2.45492928,2.46230144,2.4328128,2.44018496,139731276,463080713.58,,
2021-04-06,601988,2.44018496,2.44755712,2.42544064,2.4328128,147873448,488745031.04,,
2021-04-07,601988,2.4328128,2.44755712,2.42544064,2.44018496,206277937,681261829.45,,
2021-04-08,601988,2.44018496,2.44018496,2.4328128,2.4328128,123930271,409547730.3,,
2021-04-09,601988,2.44018496,2.44018496,2.4328128,2.44018496,124820680,412533442.0,,
2021-04-12,601988,2.44018496,2.45492928,2.4328128,2.45492928,161663717,537019553.53,,
2021-04-13,601988,2.45492928,2.46230144,2.44018496,2.44755712,130593087,433759673.47,,
2021-04-14,601988,2.44755712,2.45492928,2.44018496,2.44755712,116039651,384819801.81,,
2021-04-15,601988,2.44018496,2.44755712,2.4328128,2.4328128,95382266,315368192.9,,
2021-04-16,601988,2.44018496,2.44755712,2.4328128,2.44755712,102446757,339557526.67,,
2021-04-19,601988,2.44755712,2.45492928,2.44018496,2.44755712,124394424,413283465.31,,
2021-04-20,601988,2.44755712,2.45492928,2.4328128,2.44018496,120658793,399852689.83,,
2021-04-21,601988,2.44018496,2.44755712,2.4328128,2.44018496,80885819,267955730.79,,
2021-04-22,601988,2.44755712,2.44755712,2.41806848,2.42544064,158010136,521019646.35,,
2021-04-23,601988,2.42544064,2.4328128,2.41069632,2.41069632,110111816,360904875.78,,
2021-04-26,601988,2.41806848,2.41806848,2.395952,2.395952,126055095,411754372.45,,
2021-04-27,601988,2.395952,2.40332416,2.38857984,2.395952,98125931,318573202.61,,
2021-04-28,601988,2.395952,2.40332416,2.38857984,2.395952,90935090,295108056.6,,
2021-04-29,601988,2.395952,2.42544064,2.38857984,2.41806848,147939574,483221502.52,,
2021-04-30,601988,2.41806848,2.42544064,2.38857984,2.395952,160365479,522515338.75,,
2021-05-06,601988,2.40332416,2.41806848,2.395952,2.40332416,140888325,459833063.95,,
2021-05-07,601988,2.395952,2.41806848,2.395952,2.41806848,174250286,569756707.97,,
2021-05-10,601988,2.41806848,2.41806848,2.395952,2.40332416,150713490,491393957.5,,
2021-05-11,601988,2.40332416,2.41069632,2.395952,2.41069632,100131811,326729321.06,,
2021-05-12,601988,2.40332416,2.42544064,2.40332416,2.41806848,160861042,527073537.22,,
2021-05-13,601988,2.41069632,2.41806848,2.40332416,2.41806848,133176211,435303938.45,,
2021-05-14,601988,2.41806848,2.42544064,2.41069632,2.42544064,138132181,453159083.07,,
2021-05-17,601988,2.41806848,2.4328128,2.41806848,2.41806848,167232648,550079175.05,,
2021-05-18,601988,2.42544064,2.42544064,2.41069632,2.41806848,104819090,343458847.9,,
2021-05-19,601988,2.41806848,2.41806848,2.41069632,2.41069632,96810734,316875282.18,,
2021-05-20,601988,2.41806848,2.41806848,2.41069632,2.41806848,121995906,399830605.62,,
2021-05-21,601988,2.41806848,2.42544064,2.41069632,2.41806848,148519553,487221475.23,,
2021-05-24,601988,2.41806848,2.42544064,2.41069632,2.42544064,135040376,443724397.98,,
2021-05-25,601988,2.42544064,2.44755712,2.41806848,2.44755712,217045237,717456160.25,,
2021-05-26,601988,2.44755712,2.44755712,2.4328128,2.44755712,141651320,469707250.2,,
2021-05-27,601988,2.44018496,2.45492928,2.44018496,2.44018496,164936573,547465960.99,,
2021-05-28,601988,2.44755712,2.46230144,2.44018496,2.46230144,239154512,796081147.38,,
2021-05-31,601988,2.46230144,2.4696736,2.4328128,2.45492928,248959524,827830369.33,,
2021-06-01,601988,2.44755712,2.4696736,2.44018496,2.46230144,204512207,681045983.43,,
2021-06-02,601988,2.46230144,2.47704576,2.44755712,2.47704576,290424960,970540882.84,,
2021-06-03,601988,2.47704576,2.49179008,2.46230144,2.4696736,382083056,1284586727.43,,
2021-06-04,601988,2.48535291,2.48535291,2.46967245,2.47751268,275362608,871172741.53,,
2021-06-07,601988,2.48535291,2.48535291,2.44615176,2.46183222,256421059,806100832.67,,
2021-06-08,601988,2.45399199,2.46183222,2.43831153,2.45399199,214891725,670912257.81,,
2021-06-09,601988,2.45399199,2.45399199,2.43831153,2.45399199,155937247,486981761.64,,
2021-06-10,601988,2.44615176,2.45399199,2.4304713,2.4304713,203143488,632392170.51,,
2021-06-11,601988,2.4304713,2.43831153,2.41479084,2.41479084,264152844,816423495.53,,
2021-06-15,601988,2.41479084,2.42263107,2.40695061,2.40695061,169435668,521533747.79,,
2021-06-16,601988,2.40695061,2.4304713,2.40695061,2.42263107,180382762,556470685.29,,
2021-06-17,601988,2.41479084,2.4304713,2.41479084,2.41479084,130983980,404524624.1,,
2021-06-18,601988,2.41479084,2.42263107,2.39911038,2.39911038,163990879,503875696.95,,
2021-06-21,601988,2.39911038,2.41479084,2.39911038,2.40695061,117256234,359751317.04,,
2021-06-22,601988,2.40695061,2.41479084,2.39911038,2.40695061,93062926,285873150.82,,
2021-06-23,601988,2.40695061,2.41479084,2.39911038,2.40695061,87540811,268733070.47,,
2021-06-24,601988,2.40695061,2.41479084,2.39911038,2.40695061,82324426,252945197.78,,
2021-06-25,601988,2.41479084,2.4304713,2.40695061,2.42263107,126541716,390793155.51,,
2021-06-28,601988,2.42263107,2.4304713,2.41479084,2.41479084,96721917,298261004.36,,
2021-06-29,601988,2.41479084,2.42263107,2.40695061,2.41479084,87575985,269346174.29,,
2021-06-30,601988,2.41479084,2.41479084,2.40695061,2.41479084,60703705,186600049.35,,
2021-07-01,601988,2.41479084,2.42263107,2.40695061,2.41479084,102163800,314562119.2,,
2021-07-02,601988,2.41479084,2.42263107,2.40695061,2.41479084,139673284,429750625.04,,
2021-07-05,601988,2.40695061,2.41479084,2.40695061,2.41479084,86942777,267361311.39,,
2021-07-06,601988,2.41479084,2.42263107,2.40695061,2.42263107,116196021,357905648.81,,
2021-07-07,601988,2.42263107,2.42263107,2.40695061,2.41479084,86328350,265731835.5,,
2021-07-08,601988,2.41479084,2.41479084,2.39911038,2.40695061,137362429,421512355.63,,
2021-07-09,601988,2.39911038,2.41479084,2.39911038,2.40695061,99791332,306334993.44,,
2021-07-12,601988,2.41479084,2.41479084,2.39911038,2.39911038,121971154,374188717.24,,
2021-07-13,601988,2.39911038,2.40695061,2.39127015,2.39127015,131405517,401885769.3,,
2021-07-14,601988,2.39911038,2.39911038,2.37558969,2.37558969,155713527,473491542.81,,
2021-07-15,601988,2.37558969,2.39127015,2.36774946,2.38342992,92270020,280588215.6,,
2021-07-16,601988,2.38342992,2.39127015,2.37558969,2.39127015,84780214,258181494.56,,
2021-07-19,601988,2.38342992,2.39127015,2.37558969,2.38342992,96518408,293295243.54,,
2021-07-20,601988,2.38342992,2.39127015,2.37558969,2.38342992,74929961,227542782.83,,
2021-07-21,601988,2.38342992,2.39127015,2.37558969,2.38342992,76970531,234191868.64,,
2021-07-22,601988,2.38342992,2.39127015,2.38342992,2.39127015,78963361,240469677.44,,
2021-07-23,601988,2.38342992,2.39127015,2.38342992,2.38342992,76945865,234257102.6,,
2021-07-26,601988,2.38342992,2.39127015,2.37558969,2.39127015,130272507,396224916.09,,
2021-07-27,601988,2.38342992,2.39127015,2.37558969,2.38342992,114298170,347168294.34,,
2021-07-28,601988,2.38342992,2.38342992,2.37558969,2.38342992,135743661,411885427.83,,
2021-07-29,601988,2.38342992,2.39127015,2.35990923,2.36774946,142259498,430206955.02,,
2021-07-30,601988,2.36774946,2.36774946,2.34422877,2.34422877,105662436,316650546.14,,
2021-08-02,601988,2.34422877,2.35990923,2.32070808,2.35990923,160136683,477766818.94,,
2021-08-03,601988,2.352069,2.35990923,2.33638854,2.34422877,87425946,261043305.08,,
2021-08-04,601988,2.33638854,2.34422877,2.33638854,2.33638854,78273948,233581550.04,,
2021-08-05,601988,2.33638854,2.34422877,2.33638854,2.34422877,71672331,214008715.38,,
2021-08-06,601988,2.33638854,2.352069,2.33638854,2.34422877,94891595,283439153.32,,
2021-08-09,601988,2.34422877,2.36774946,2.33638854,2.36774946,93611627,281472489.2,,
2021-08-10,601988,2.35990923,2.37558969,2.352069,2.36774946,81865335,246579808.0,,
2021-08-11,601988,2.36774946,2.38342992,2.35990923,2.38342992,86875390,263591554.91,,
2021-08-12,601988,2.37558969,2.38342992,2.36774946,2.36774946,66583780,201451276.6,,
2021-08-13,601988,2.36774946,2.37558969,2.35990923,2.37558969,59919131,181125692.91,,
2021-08-16,601988,2.37558969,2.38342992,2.36774946,2.37558969,94766247,286896910.19,,
2021-08-17,601988,2.36774946,2.37558969,2.35990923,2.35990923,113495497,342537588.61,,
2021-08-18,601988,2.352069,2.38342992,2.352069,2.38342992,127778347,386735027.72,,
2021-08-19,601988,2.38342992,2.38342992,2.35990923,2.36774946,98341016,297060935.85,,
2021-08-20,601988,2.36774946,2.37558969,2.35990923,2.36774946,94007177,283623653.07,,
2021-08-23,601988,2.35990923,2.37558969,2.35990923,2.37558969,104078650,314474246.64,,
2021-08-24,601988,2.37558969,2.37558969,2.36774946,2.36774946,92949307,280966153.14,,
2021-08-25,601988,2.37558969,2.37558969,2.35990923,2.36774946,69458850,209418832.5,,
2021-08-26,601988,2.35990923,2.36774946,2.35990923,2.35990923,60256741,181602422.41,,
2021-08-27,601988,2.35990923,2.36774946,2.352069,2.36774946,62519285,188503208.86,,
2021-08-30,601988,2.35990923,2.36774946,2.352069,2.352069,161277182,484718993.8,,
2021-08-31,601988,2.352069,2.37558969,2.352069,2.37558969,150082280,453000091.36,,
2021-09-01,601988,2.37558969,2.39911038,2.36774946,2.39911038,217708089,662741377.82,,
2021-09-02,601988,2.39127015,2.39911038,2.38342992,2.39127015,127946379,389972680.67,,
2021-09-03,601988,2.39127015,2.40695061,2.38342992,2.39911038,171108945,523454804.45,,
2021-09-06,601988,2.39911038,2.40695061,2.39127015,2.39911038,153559809,470336045.93,,
2021-09-07,601988,2.39911038,2.4304713,2.39911038,2.42263107,249020704,765821586.93,,
2021-09-08,601988,2.42263107,2.43831153,2.41479084,2.4304713,184844959,572265415.01,,
2021-09-09,601988,2.42263107,2.4304713,2.41479084,2.42263107,151901443,468652336.46,,
2021-09-10,601988,2.42263107,2.44615176,2.41479084,2.4304713,268167052,832083756.68,,
2021-09-13,601988,2.4304713,2.43831153,2.42263107,2.4304713,191478074,593308245.62,,
2021-09-14,601988,2.43831153,2.43831153,2.39127015,2.39911038,204273380,629035742.55,,
2021-09-15,601988,2.39911038,2.40695061,2.39127015,2.39911038,133583764,408645272.11,,
2021-09-16,601988,2.39911038,2.40695061,2.38342992,2.39127015,213224690,652049012.98,,
2021-09-17,601988,2.39127015,2.41479084,2.39127015,2.40695061,114302987,350102240.72,,
2021-09-22,601988,2.39127015,2.39911038,2.38342992,2.39127015,115075657,350693428.15,,
2021-09-23,601988,2.39911038,2.41479084,2.39127015,2.40695061,154760418,474843782.71,,
2021-09-24,601988,2.40695061,2.41479084,2.39127015,2.39127015,103465482,316945111.11,,
2021-09-27,601988,2.39127015,2.39911038,2.38342992,2.39127015,105119511,320358432.44,,
2021-09-28,601988,2.38342992,2.40695061,2.38342992,2.39911038,117480018,359100450.96,,
2021-09-29,601988,2.39911038,2.40695061,2.38342992,2.39911038,144978505,442774394.33,,
2021-09-30,601988,2.39911038,2.39911038,2.38342992,2.39127015,112813214,343871318.02,,
2021-10-08,601988,2.39127015,2.41479084,2.39127015,2.40695061,127072645,389989358.77,,
2021-10-11,601988,2.41479084,2.4304713,2.40695061,2.41479084,153061278,473293598.01,,
2021-10-12,601988,2.41479084,2.42263107,2.40695061,2.41479084,136669059,420872901.38,,
2021-10-13,601988,2.41479084,2.41479084,2.39911038,2.40695061,87628462,269167099.3,,
2021-10-14,601988,2.40695061,2.41479084,2.39911038,2.39911038,67086281,205677024.61,,
2021-10-15,601988,2.40695061,2.40695061,2.39127015,2.39127015,126854009,388025426.95,,
2021-10-18,601988,2.39127015,2.40695061,2.39127015,2.39911038,116407232,355814836.88,,
2021-10-19,601988,2.39911038,2.41479084,2.39127015,2.39911038,95828632,293674200.16,,
2021-10-20,601988,2.40695061,2.41479084,2.39911038,2.39911038,77055388,236143635.28,,
2021-10-21,601988,2.39911038,2.41479084,2.39911038,2.41479084,98973560,303912520.4,,
2021-10-22,601988,2.40695061,2.41479084,2.39911038,2.39911038,89351820,274347046.9,,
2021-10-25,601988,2.39911038,2.41479084,2.39911038,2.40695061,94829019,290900477.97,,
2021-10-26,601988,2.41479084,2.41479084,2.39911038,2.39911038,90072506,276095779.53,,
2021-10-27,601988,2.39911038,2.40695061,2.39127015,2.39911038,90618779,276994115.19,,
2021-10-28,601988,2.39911038,2.39911038,2.38342992,2.39127015,89734317,273664177.79,,
2021-10-29,601988,2.39127015,2.39911038,2.38342992,2.39127015,108279091,329894730.26,,
2021-11-01,601988,2.39127015,2.40695061,2.39127015,2.40695061,113980500,349167221.0,,
2021-11-02,601988,2.40695061,2.40695061,2.38342992,2.38342992,149424773,455932030.58,,
2021-11-03,601988,2.39127015,2.39127015,2.38342992,2.38342992,80615457,245418507.28,,
2021-11-04,601988,2.38342992,2.39127015,2.38342992,2.38342992,49139999,149534187.96,,
2021-11-05,601988,2.38342992,2.39127015,2.38342992,2.38342992,58406560,177715649.4,,
2021-11-08,601988,2.38342992,2.39127015,2.37558969,2.37558969,72938332,221421411.96,,
2021-11-09,601988,2.37558969,2.38342992,2.37558969,2.38342992,60731741,184297330.23,,
2021-11-10,601988,2.37558969,2.38342992,2.37558969,2.38342992,59729296,181151221.88,,
2021-11-11,601988,2.38342992,2.40695061,2.37558969,2.40695061,113565177,346466916.26,,
2021-11-12,601988,2.40695061,2.40695061,2.39127015,2.39911038,58156056,177766610.86,,
2021-11-15,601988,2.39127015,2.39911038,2.39127015,2.39911038,59525462,181924825.1,,
2021-11-16,601988,2.39911038,2.40695061,2.39127015,2.39911038,100142595,306553560.1,,
2021-11-17,601988,2.39911038,2.40695061,2.39127015,2.40695061,79461275,243255397.3,,
2021-11-18,601988,2.39911038,2.40695061,2.39127015,2.39911038,87171027,266551468.01,,
2021-11-19,601988,2.39911038,2.40695061,2.39127015,2.39911038,63789015,195327825.69,,
2021-11-22,601988,2.39911038,2.40695061,2.39911038,2.39911038,67459475,206640132.5,,
2021-11-23,601988,2.39911038,2.40695061,2.39911038,2.40695061,83470231,255892053.86,,
2021-11-24,601988,2.39911038,2.41479084,2.39911038,2.41479084,115740433,355170767.39,,
2021-11-25,601988,2.40695061,2.41479084,2.39911038,2.41479084,82415265,252992172.73,,
2021-11-26,601988,2.40695061,2.41479084,2.39911038,2.40695061,52959976,162295678.56,,
2021-11-29,601988,2.39911038,2.40695061,2.39127015,2.39911038,97359978,297908501.18,,
2021-11-30,601988,2.39911038,2.39911038,2.38342992,2.39127015,118947240,362709275.6,,
2021-12-01,601988,2.38342992,2.39911038,2.38342992,2.39911038,63929943,195195321.76,,
2021-12-02,601988,2.39911038,2.39911038,2.39127015,2.39127015,108444950,331087362.5,,
2021-12-03,601988,2.39911038,2.39911038,2.39127015,2.39911038,79474180,242852581.0,,
2021-12-06,601988,2.39911038,2.40695061,2.39127015,2.39911038,123987558,379534091.45,,
2021-12-07,601988,2.40695061,2.40695061,2.39127015,2.40695061,104494732,319958870.31,,
2021-12-08,601988,2.39911038,2.40695061,2.39127015,2.39911038,120463174,368167039.7,,
2021-12-09,601988,2.39911038,2.41479084,2.39127015,2.40695061,162429588,498293664.9,,
2021-12-10,601988,2.40695061,2.40695061,2.39911038,2.40695061,126272349,387051344.94,,
2021-12-13,601988,2.40695061,2.40695061,2.39911038,2.39911038,102284901,313561740.06,,
2021-12-14,601988,2.39911038,2.40695061,2.39127015,2.39127015,73139542,223621184.1,,
2021-12-15,601988,2.39127015,2.39911038,2.39127015,2.39127015,83770662,255807650.1,,
2021-12-16,601988,2.39127015,2.39911038,2.39127015,2.39127015,101356040,309489922.0,,
2021-12-17,601988,2.39127015,2.39911038,2.39127015,2.39911038,88226665,269437975.25,,
2021-12-20,601988,2.39127015,2.39911038,2.38342992,2.39127015,96278940,293724124.2,,
2021-12-21,601988,2.38342992,2.40695061,2.38342992,2.39911038,128798481,393913334.85,,
2021-12-22,601988,2.39911038,2.40695061,2.39127015,2.39911038,110247425,337503707.0,,
2021-12-23,601988,2.39911038,2.40695061,2.39127015,2.39911038,81038737,248147855.81,,
2021-12-24,601988,2.39911038,2.40695061,2.39127015,2.39127015,65111092,199146233.5,,
2021-12-27,601988,2.39127015,2.39911038,2.39127015,2.39911038,71592541,218716271.05,,
2021-12-28,601988,2.39911038,2.40695061,2.39127015,2.40695061,101425994,310746285.64,,
2021-12-29,601988,2.39911038,2.40695061,2.39127015,2.39127015,82813675,253264233.29,,
2021-12-30,601988,2.39911038,2.39911038,2.39127015,2.39127015,78992662,241339462.1,,
2021-12-31,601988,2.39127015,2.39911038,2.39127015,2.39127015,75290603,229935027.15,,
2022-01-04,601988,2.39911038,2.40695061,2.39127015,2.40695061,113893319,348526257.03,,
2022-01-05,601988,2.40695061,2.4304713,2.39911038,2.42263107,312987616,965536103.38,,
2022-01-06,601988,2.41479084,2.44615176,2.41479084,2.42263107,187797851,580596960.61,,
2022-01-07,601988,2.42263107,2.46183222,2.42263107,2.46183222,318936320,995648202.45,,
2022-01-10,601988,2.46183222,2.47751268,2.43831153,2.45399199,154642749,484417958.38,,
2022-01-11,601988,2.44615176,2.46967245,2.44615176,2.46183222,136150760,427509264.19,,
2022-01-12,601988,2.46183222,2.46183222,2.4304713,2.44615176,190643304,593872350.66,,
2022-01-13,601988,2.43831153,2.46967245,2.43831153,2.46183222,176183426,552599426.28,,
2022-01-14,601988,2.46183222,2.46183222,2.41479084,2.42263107,206659934,641366242.46,,
2022-01-17,601988,2.42263107,2.4304713,2.41479084,2.42263107,114250424,352678537.92,,
2022-01-18,601988,2.41479084,2.44615176,2.41479084,2.44615176,158865983,492383628.91,,
2022-01-19,601988,2.43831153,2.44615176,2.4304713,2.43831153,97900582,304238080.19,,
2022-01-20,601988,2.43831153,2.45399199,2.4304713,2.44615176,191778747,598884977.68,,
2022-01-21,601988,2.44615176,2.45399199,2.4304713,2.44615176,171887707,534736637.77,,
2022-01-24,601988,2.44615176,2.44615176,2.4304713,2.44615176,153008996,476090300.96,,
2022-01-25,601988,2.43831153,2.44615176,2.41479084,2.42263107,157682812,488789006.1,,
2022-01-26,601988,2.42263107,2.4304713,2.41479084,2.42263107,92393252,285604292.1,,
2022-01-27,601988,2.42263107,2.4304713,2.41479084,2.42263107,127655838,394455817.67,,
2022-01-28,601988,2.42263107,2.43831153,2.41479084,2.42263107,150392993,466098023.47,,
2022-02-07,601988,2.43831153,2.45399199,2.4304713,2.45399199,158877519,495359648.47,,
2022-02-08,601988,2.44615176,2.49319314,2.44615176,2.48535291,286303632,902429652.4,,
2022-02-09,601988,2.48535291,2.50103337,2.47751268,2.47751268,234779367,745320957.08,,
2022-02-10,601988,2.48535291,2.50103337,2.47751268,2.50103337,180983578,575521309.24,,
2022-02-11,601988,2.50103337,2.5088736,2.49319314,2.50103337,150563026,481039536.94,,
2022-02-14,601988,2.50103337,2.50103337,2.46967245,2.48535291,150686439,477536521.84,,
2022-02-15,601988,2.47751268,2.49319314,2.46183222,2.46967245,118272584,373307320.61,,
2022-02-16,601988,2.47751268,2.49319314,2.46967245,2.48535291,97288401,307966290.96,,
2022-02-17,601988,2.48535291,2.5088736,2.47751268,2.49319314,168577859,537253603.42,,
2022-02-18,601988,2.49319314,2.5088736,2.47751268,2.5088736,155036500,492883819.53,,
2022-02-21,601988,2.50103337,2.50103337,2.47751268,2.49319314,128248537,406962715.63,,
2022-02-22,601988,2.48535291,2.49319314,2.47751268,2.48535291,87527437,277310917.01,,
2022-02-23,601988,2.48535291,2.49319314,2.46967245,2.47751268,100542597,317779930.54,,
2022-02-24,601988,2.46967245,2.47751268,2.4304713,2.43831153,207717201,649737942.09,,
2022-02-25,601988,2.44615176,2.46183222,2.4304713,2.43831153,141574624,440864428.58,,
2022-02-28,601988,2.43831153,2.44615176,2.42263107,2.4304713,160003390,495851152.0,,
2022-03-01,601988,2.43831153,2.45399199,2.4304713,2.44615176,135258879,421047648.0,,
2022-03-02,601988,2.44615176,2.46967245,2.43831153,2.45399199,140013892,438180704.0,,
2022-03-03,601988,2.45399199,2.47751268,2.45399199,2.46967245,137415776,432082368.0,,
2022-03-04,601988,2.46967245,2.47751268,2.46183222,2.46967245,156024083,490908224.0,,
2022-03-07,601988,2.46183222,2.46967245,2.44615176,2.45399199,136041516,426283664.0,,
2022-03-08,601988,2.44615176,2.46183222,2.4304713,2.4304713,150037744,467690816.0,,
2022-03-09,601988,2.4304713,2.43831153,2.38342992,2.41479084,266049155,820162512.0,,
2022-03-10,601988,2.42263107,2.4304713,2.41479084,2.41479084,110101225,339963856.0,,
2022-03-11,601988,2.41479084,2.43831153,2.39911038,2.4304713,178942650,550569536.0,,
2022-03-14,601988,2.41479084,2.44615176,2.40695061,2.42263107,157658515,489277440.0,,
2022-03-15,601988,2.42263107,2.42263107,2.36774946,2.37558969,290229984,886628896.0,,
2022-03-16,601988,2.38342992,2.41479084,2.36774946,2.40695061,219409553,668104912.0,,
2022-03-17,601988,2.41479084,2.42263107,2.39127015,2.39911038,198768146,609118288.0,,
2022-03-18,601988,2.39911038,2.43831153,2.39127015,2.4304713,251242558,774921756.25,,
2022-03-21,601988,2.42263107,2.43831153,2.41479084,2.42263107,124568353,385459330.92,,
2022-03-22,601988,2.4304713,2.48535291,2.42263107,2.46967245,253281571,793545979.89,,
2022-03-23,601988,2.46967245,2.46967245,2.43831153,2.46183222,136338669,426729724.28,,
2022-03-24,601988,2.45399199,2.46967245,2.44615176,2.46183222,78366636,245783194.13,,
2022-03-25,601988,2.46183222,2.48535291,2.44615176,2.47751268,155189228,488504987.02,,
2022-03-28,601988,2.46183222,2.48535291,2.45399199,2.48535291,111454863,351775698.87,,
2022-03-29,601988,2.47751268,2.50103337,2.47751268,2.50103337,164742120,523856326.02,,
2022-03-30,601988,2.5088736,2.52455406,2.50103337,2.52455406,235224962,753942705.27,,
2022-03-31,601988,2.52455406,2.57159544,2.51671383,2.56375521,352674208,1149498482.52,,
2022-04-01,601988,2.55591498,2.57943567,2.54023452,2.57943567,243342012,794861404.68,,
2022-04-06,601988,2.57159544,2.59511613,2.55591498,2.5872759,237666989,781954554.54,,
2022-04-07,601988,2.5872759,2.60295636,2.55591498,2.57159544,235107954,774553383.8,,
2022-04-08,601988,2.57159544,2.5872759,2.56375521,2.57943567,162098159,533237824.27,,
2022-04-11,601988,2.5872759,2.59511613,2.57159544,2.57159544,187424293,616933300.14,,
2022-04-12,601988,2.57159544,2.5872759,2.55591498,2.5872759,193563250,635588475.2,,
2022-04-13,601988,2.57943567,2.61079659,2.57159544,2.57943567,166778612,551324181.17,,
2022-04-14,601988,2.5872759,2.60295636,2.57159544,2.57159544,117684503,387262673.09,,
2022-04-15,601988,2.57159544,2.57943567,2.56375521,2.57159544,105508451,346450141.28,,
2022-04-18,601988,2.56375521,2.57159544,2.51671383,2.53239429,180316114,583829349.7,,
2022-04-19,601988,2.52455406,2.55591498,2.52455406,2.55591498,123575331,400006557.33,,
2022-04-20,601988,2.55591498,2.57159544,2.54807475,2.56375521,126055526,412264385.36,,
2022-04-21,601988,2.56375521,2.5872759,2.55591498,2.56375521,162730743,534212907.22,,
2022-04-22,601988,2.55591498,2.60295636,2.54807475,2.5872759,195626086,645425514.44,,
2022-04-25,601988,2.57943567,2.61079659,2.56375521,2.56375521,290849536,960324343.43,,
2022-04-26,601988,2.57159544,2.5872759,2.55591498,2.57159544,215532530,706699835.2,,
2022-04-27,601988,2.57159544,2.57943567,2.51671383,2.53239429,217741745,706174669.7,,
2022-04-28,601988,2.53239429,2.57159544,2.52455406,2.55591498,221052868,717916914.36,,
2022-04-29,601988,2.55591498,2.56375521,2.51671383,2.53239429,371435024,1203757345.54,,
2022-05-05,601988,2.54023452,2.54807475,2.5088736,2.53239429,237357024,764311269.02,,
2022-05-06,601988,2.51671383,2.52455406,2.49319314,2.50103337,143763630,459558539.6,,
2022-05-09,601988,2.50103337,2.5088736,2.49319314,2.50103337,109137292,347904015.41,,
2022-05-10,601988,2.49319314,2.5088736,2.47751268,2.5088736,175808992,559570539.45,,
2022-05-11,601988,2.5088736,2.51671383,2.50103337,2.5088736,131996763,422028476.84,,
2022-05-12,601988,2.50103337,2.5088736,2.50103337,2.5088736,90458459,288956418.21,,
2022-05-13,601988,2.5088736,2.51671383,2.50103337,2.51671383,98605611,315575352.4,,
2022-05-16,601988,2.51671383,2.51671383,2.49319314,2.50103337,107213450,342379053.7,,
2022-05-17,601988,2.5088736,2.51671383,2.50103337,2.5088736,102444983,327874679.57,,
2022-05-18,601988,2.5088736,2.5088736,2.49319314,2.50103337,90701576,289519898.42,,
2022-05-19,601988,2.49319314,2.50103337,2.48535291,2.49319314,105301293,334949033.77,,
2022-05-20,601988,2.50103337,2.51671383,2.49319314,2.50103337,138656349,442944822.31,,
2022-05-23,601988,2.5088736,2.51671383,2.50103337,2.5088736,102728278,328278839.82,,
2022-05-24,601988,2.50103337,2.5088736,2.50103337,2.5088736,91224891,291493144.29,,
2022-05-25,601988,2.50103337,2.51671383,2.50103337,2.5088736,127520925,408139545.9,,
2022-05-26,601988,2.5088736,2.51671383,2.5088736,2.51671383,104946665,336514653.0,,
2022-05-27,601988,2.51671383,2.52455406,2.5088736,2.52455406,107585002,345609076.92,,
2022-05-30,601988,2.51671383,2.52455406,2.50103337,2.5088736,176262701,565134449.21,,
2022-05-31,601988,2.50103337,2.5088736,2.50103337,2.50103337,115257848,368073957.12,,
2022-06-01,601988,2.50103337,2.5088736,2.49319314,2.50103337,105838863,337705262.25,,
2022-06-02,601988,2.50103337,2.5088736,2.49319314,2.50103337,67585431,215798066.89,,
2022-06-06,601988,2.50103337,2.5088736,2.49319314,2.49319314,132391671,421408996.28,,
2022-06-07,601988,2.50103337,2.50103337,2.48535291,2.50103337,96658859,307508563.52,,
2022-06-08,601988,2.50103337,2.5088736,2.49319314,2.50103337,98539232,313912553.76,,
2022-06-09,601988,2.50103337,2.51671383,2.49319314,2.51671383,133747091,427103862.07,,
2022-06-10,601988,2.5088736,2.53239429,2.50103337,2.53239429,197281367,632422609.14,,
2022-06-13,601988,2.51671383,2.53239429,2.50103337,2.51671383,129062879,413956268.79,,
2022-06-14,601988,2.51671383,2.53239429,2.50103337,2.53239429,146281059,469614097.8,,
2022-06-15,601988,2.53239429,2.55591498,2.52455406,2.53239429,196740444,637934362.18,,
2022-06-16,601988,2.54023452,2.54807475,2.52455406,2.53239429,148140347,478499500.13,,
2022-06-17,601988,2.53239429,2.54023452,2.52455406,2.53239429,139422182,449990895.04,,
2022-06-20,601988,2.53239429,2.53239429,2.51671383,2.52455406,102064084,328846688.46,,
2022-06-21,601988,2.52455406,2.55591498,2.51671383,2.54807475,141733787,458131564.95,,
2022-06-22,601988,2.54807475,2.55591498,2.53239429,2.53239429,124648156,404662820.76,,
2022-06-23,601988,2.54023452,2.54807475,2.53239429,2.54807475,111815207,362774365.02,,
2022-06-24,601988,2.54807475,2.55591498,2.54023452,2.54807475,130305041,422822230.84,,
2022-06-27,601988,2.54807475,2.55591498,2.54023452,2.54807475,142387828,463310374.8,,
2022-06-28,601988,2.54807475,2.55591498,2.54023452,2.54807475,124881605,405223710.2,,
2022-06-29,601988,2.54023452,2.55591498,2.54023452,2.55591498,145262952,472691017.1,,
2022-06-30,601988,2.54807475,2.56375521,2.54807475,2.55591498,132741063,432402840.65,,
2022-07-01,601988,2.55591498,2.56375521,2.55591498,2.55591498,107827360,351953577.6,,
2022-07-04,601988,2.56375521,2.5872759,2.55591498,2.57943567,158278952,518535270.27,,
2022-07-05,601988,2.57943567,2.59511613,2.57159544,2.5872759,109701716,361547073.0,,
2022-07-06,601988,2.59511613,2.59511613,2.57943567,2.57943567,155208120,512435675.82,,
2022-07-07,601988,2.5872759,2.5872759,2.57943567,2.57943567,96617787,318371741.23,,
2022-07-08,601988,2.5872759,2.59511613,2.57943567,2.5872759,130241201,430204399.0,,
2022-07-11,601988,2.59511613,2.61863682,2.5872759,2.60295636,192268722,638698371.6,,
2022-07-12,601988,2.61079659,2.62647705,2.60295636,2.61079659,223921378,747128335.52,,
2022-07-13,601988,2.61079659,2.61863682,2.57159544,2.57943567,225351639,744480797.43,,
2022-07-14,601988,2.56375521,2.57159544,2.51671383,2.53239429,225707808,729058646.75,,
2022-07-15,601988,2.54922081,2.55763408,2.523981,2.523981,273232104,825123172.28,,
2022-07-18,601988,2.53239427,2.54922081,2.523981,2.54080754,134613640,406519027.45,,
2022-07-19,601988,2.54922081,2.56604735,2.54080754,2.55763408,102681408,312021625.32,,
2022-07-20,601988,2.57446062,2.59128716,2.56604735,2.59128716,98414346,301960621.41,,
2022-07-21,601988,2.59970043,2.6081137,2.57446062,2.57446062,113297249,348151716.94,,
2022-07-22,601988,2.57446062,2.59128716,2.57446062,2.59128716,73960909,227453482.33,,
2022-07-25,601988,2.59128716,2.59970043,2.58287389,2.59970043,54227394,167336228.52,,
2022-07-26,601988,2.59970043,2.62494024,2.59970043,2.61652697,121188561,376155690.1,,
2022-07-27,601988,2.61652697,2.61652697,2.59970043,2.59970043,91483843,283170970.18,,
2022-07-28,601988,2.59970043,2.59970043,2.57446062,2.58287389,99149343,305334183.41,,
2022-07-29,601988,2.58287389,2.58287389,2.56604735,2.57446062,123286311,377401100.62,,
2022-08-01,601988,2.56604735,2.57446062,2.55763408,2.55763408,126754495,386510455.19,,
2022-08-02,601988,2.55763408,2.55763408,2.54080754,2.54080754,118161970,357467022.4,,
2022-08-03,601988,2.54922081,2.55763408,2.53239427,2.53239427,141579051,428109905.62,,
2022-08-04,601988,2.54080754,2.55763408,2.53239427,2.54922081,72169836,218484721.0,,
2022-08-05,601988,2.55763408,2.56604735,2.54922081,2.55763408,80123699,243529732.0,,
2022-08-08,601988,2.56604735,2.56604735,2.54922081,2.54922081,62631923,190169653.0,,
2022-08-09,601988,2.54922081,2.55763408,2.54080754,2.54080754,51354312,155540306.0,,
2022-08-10,601988,2.54922081,2.55763408,2.54080754,2.54080754,52157206,157976499.0,,
2022-08-11,601988,2.54922081,2.56604735,2.54080754,2.56604735,74187883,225465715.0,,
2022-08-12,601988,2.56604735,2.56604735,2.54922081,2.55763408,90434370,274960977.0,,
2022-08-15,601988,2.55763408,2.56604735,2.54922081,2.54922081,74872124,227312468.72,,
2022-08-16,601988,2.54922081,2.56604735,2.54922081,2.54922081,67607430,205351361.9,,
2022-08-17,601988,2.55763408,2.55763408,2.54922081,2.55763408,78567086,238454816.58,,
2022-08-18,601988,2.55763408,2.55763408,2.54080754,2.54080754,80063491,242708545.84,,
2022-08-19,601988,2.54080754,2.55763408,2.54080754,2.54922081,90415101,273882082.03,,
2022-08-22,601988,2.54080754,2.54922081,2.54080754,2.54080754,86923624,262865548.48,,
2022-08-23,601988,2.54080754,2.54922081,2.53239427,2.53239427,75429339,227874557.95,,
2022-08-24,601988,2.53239427,2.54922081,2.53239427,2.53239427,106814759,322362911.12,,
2022-08-25,601988,2.54080754,2.54922081,2.53239427,2.54922081,81020311,244483139.24,,
2022-08-26,601988,2.54922081,2.54922081,2.53239427,2.54080754,69877582,211248860.64,,
2022-08-29,601988,2.54080754,2.54922081,2.53239427,2.54080754,98104781,296512995.31,,
2022-08-30,601988,2.54080754,2.55763408,2.54080754,2.54922081,91508323,277467942.61,,
2022-08-31,601988,2.55763408,2.56604735,2.54922081,2.55763408,124951539,380269453.36,,
2022-09-01,601988,2.56604735,2.57446062,2.55763408,2.56604735,96042898,292907491.9,,
2022-09-02,601988,2.57446062,2.57446062,2.55763408,2.55763408,83102686,253579683.74,,
2022-09-05,601988,2.55763408,2.57446062,2.55763408,2.56604735,82660879,252306889.4,,
2022-09-06,601988,2.57446062,2.58287389,2.56604735,2.58287389,91630101,280799091.76,,
2022-09-07,601988,2.58287389,2.58287389,2.57446062,2.57446062,61096711,187187229.66,,
2022-09-08,601988,2.58287389,2.58287389,2.57446062,2.57446062,44417093,136127394.58,,
2022-09-09,601988,2.58287389,2.59970043,2.57446062,2.59128716,93780393,288736230.62,,
2022-09-13,601988,2.59970043,2.59970043,2.58287389,2.59128716,109715783,338050953.02,,
2022-09-14,601988,2.58287389,2.59128716,2.58287389,2.58287389,61667247,189627883.29,,
2022-09-15,601988,2.58287389,2.6081137,2.58287389,2.59970043,138372957,426858512.09,,
2022-09-16,601988,2.6081137,2.6081137,2.56604735,2.56604735,130119163,400150685.75,,
2022-09-19,601988,2.57446062,2.59128716,2.56604735,2.59128716,96413485,296058336.19,,
2022-09-20,601988,2.59970043,2.59970043,2.57446062,2.58287389,124474985,382517843.31,,
2022-09-21,601988,2.58287389,2.59128716,2.56604735,2.58287389,83992047,257642242.02,,
2022-09-22,601988,2.58287389,2.59128716,2.57446062,2.58287389,92222319,283070100.92,,
2022-09-23,601988,2.59128716,2.6081137,2.58287389,2.6081137,169034302,522901705.18,,
2022-09-26,601988,2.6081137,2.61652697,2.57446062,2.57446062,140392825,433971960.01,,
2022-09-27,601988,2.58287389,2.59128716,2.56604735,2.56604735,86579287,264597456.35,,
2022-09-28,601988,2.57446062,2.59128716,2.55763408,2.58287389,114531908,351053234.42,,
2022-09-29,601988,2.59128716,2.59970043,2.56604735,2.56604735,96899780,296788549.41,,
2022-09-30,601988,2.57446062,2.59970043,2.56604735,2.59970043,127961507,394036953.26,,
2022-10-10,601988,2.59128716,2.59970043,2.57446062,2.58287389,120890375,372302257.74,,
2022-10-11,601988,2.58287389,2.59128716,2.57446062,2.57446062,107772247,330481244.02,,
2022-10-12,601988,2.57446062,2.59128716,2.56604735,2.58287389,118989573,364716529.39,,
2022-10-13,601988,2.57446062,2.58287389,2.56604735,2.56604735,86955664,266008827.71,,
2022-10-14,601988,2.57446062,2.59128716,2.57446062,2.57446062,94382812,289406938.63,,
2022-10-17,601988,2.57446062,2.57446062,2.56604735,2.56604735,77051347,235298328.35,,
2022-10-18,601988,2.57446062,2.58287389,2.56604735,2.56604735,90180936,275590427.8,,
2022-10-19,601988,2.56604735,2.57446062,2.56604735,2.56604735,65183649,198988763.45,,
2022-10-20,601988,2.56604735,2.57446062,2.55763408,2.56604735,95315241,290990533.95,,
2022-10-21,601988,2.56604735,2.59128716,2.56604735,2.58287389,143775202,441230265.03,,
2022-10-24,601988,2.58287389,2.59128716,2.57446062,2.57446062,179927707,552010129.66,,
2022-10-25,601988,2.57446062,2.58287389,2.56604735,2.56604735,140010265,428123213.85,,
2022-10-26,601988,2.57446062,2.57446062,2.55763408,2.55763408,133635973,407834473.02,,
2022-10-27,601988,2.56604735,2.56604735,2.54922081,2.54922081,139886596,424853117.88,,
2022-10-28,601988,2.55763408,2.57446062,2.54922081,2.57446062,162996080,497094821.15,,
2022-10-31,601988,2.56604735,2.57446062,2.53239427,2.53239427,181116217,549176008.12,,
2022-11-01,601988,2.53239427,2.54922081,2.523981,2.54080754,191792262,577606782.16,,
2022-11-02,601988,2.53239427,2.53239427,2.51556773,2.523981,136796843,410541041.7,,
2022-11-03,601988,2.523981,2.54080754,2.51556773,2.53239427,87394641,262593189.0,,
2022-11-04,601988,2.53239427,2.55763408,2.53239427,2.55763408,110639095,334853620.73,,
2022-11-07,601988,2.55763408,2.55763408,2.54922081,2.55763408,73108247,222023590.69,,
2022-11-08,601988,2.55763408,2.55763408,2.54080754,2.55763408,106204710,322191141.42,,
2022-11-09,601988,2.54922081,2.55763408,2.54922081,2.55763408,54728787,166042190.61,,
2022-11-10,601988,2.54922081,2.56604735,2.53239427,2.56604735,145383127,440130614.24,,
2022-11-11,601988,2.56604735,2.58287389,2.55763408,2.57446062,155885389,476258069.43,,
2022-11-14,601988,2.57446062,2.59128716,2.56604735,2.57446062,151006789,462985856.52,,
2022-11-15,601988,2.57446062,2.58287389,2.56604735,2.57446062,79451328,243276077.48,,
2022-11-16,601988,2.57446062,2.58287389,2.56604735,2.56604735,97887858,298952278.9,,
2022-11-17,601988,2.56604735,2.57446062,2.55763408,2.56604735,72887304,222152296.83,,
2022-11-18,601988,2.57446062,2.57446062,2.55763408,2.55763408,87791024,267779202.2,,
2022-11-21,601988,2.55763408,2.57446062,2.55763408,2.56604735,78549383,239604172.46,,
2022-11-22,601988,2.57446062,2.59128716,2.56604735,2.59128716,193927650,595660160.06,,
2022-11-23,601988,2.59128716,2.61652697,2.57446062,2.6081137,251560552,777759287.94,,
2022-11-24,601988,2.61652697,2.61652697,2.59970043,2.59970043,77907198,241183416.82,,
2022-11-25,601988,2.6081137,2.64176678,2.59970043,2.63335351,212121618,662401342.96,,
2022-11-28,601988,2.61652697,2.62494024,2.59128716,2.61652697,173296277,536711804.73,,
2022-11-29,601988,2.61652697,2.65018005,2.61652697,2.64176678,191444499,599958254.37,,
2022-11-30,601988,2.64176678,2.65859332,2.62494024,2.65018005,228597084,718036954.98,,
2022-12-01,601988,2.65018005,2.65859332,2.6081137,2.6081137,178381657,557677466.96,,
2022-12-02,601988,2.61652697,2.62494024,2.6081137,2.6081137,111891861,347639874.21,,
2022-12-05,601988,2.62494024,2.65018005,2.61652697,2.65018005,172724263,541253816.19,,
2022-12-06,601988,2.64176678,2.65859332,2.63335351,2.65018005,137966224,434937357.6,,
2022-12-07,601988,2.65859332,2.66700659,2.64176678,2.64176678,151704730,479096532.6,,
2022-12-08,601988,2.65018005,2.67541986,2.64176678,2.65859332,149180876,471756596.67,,
2022-12-09,601988,2.66700659,2.66700659,2.65018005,2.65859332,110735837,350398847.04,,
2022-12-12,601988,2.65018005,2.65859332,2.63335351,2.63335351,94153702,296213510.43,,
2022-12-13,601988,2.63335351,2.66700659,2.63335351,2.65859332,103497967,326991262.72,,
2022-12-14,601988,2.66700659,2.66700659,2.65018005,2.65859332,112826837,356749564.68,,
2022-12-15,601988,2.66700659,2.66700659,2.64176678,2.64176678,75309560,237349325.68,,
2022-12-16,601988,2.64176678,2.67541986,2.63335351,2.67541986,95367357,301482947.41,,
2022-12-19,601988,2.66700659,2.68383313,2.65018005,2.65018005,98533646,311767824.33,,
2022-12-20,601988,2.65018005,2.65859332,2.63335351,2.63335351,105749613,332377237.01,,
2022-12-21,601988,2.63335351,2.64176678,2.62494024,2.62494024,64708549,202430414.3,,
2022-12-22,601988,2.64176678,2.65859332,2.62494024,2.64176678,88405874,277527070.62,,
2022-12-23,601988,2.63335351,2.64176678,2.62494024,2.63335351,67185650,210587930.0,,
2022-12-26,601988,2.63335351,2.63335351,2.61652697,2.61652697,74086766,231389459.92,,
2022-12-27,601988,2.63335351,2.65018005,2.62494024,2.65018005,68385310,214558738.4,,
2022-12-28,601988,2.65018005,2.66700659,2.64176678,2.65859332,78330948,247678764.9,,
2022-12-29,601988,2.66700659,2.66700659,2.64176678,2.65018005,124477033,392806530.59,,
2022-12-30,601988,2.66700659,2.66700659,2.65018005,2.65859332,122020486,386011423.76,,
2023-01-03,601988,2.66700659,2.66700659,2.65018005,2.65859332,131110342,413906538.15,,
2023-01-04,601988,2.65859332,2.70065967,2.65859332,2.6922464,200733667,640825710.5,,
2023-01-05,601988,2.70065967,2.71748621,2.6922464,2.6922464,118047136,379146671.29,,
2023-01-06,601988,2.70065967,2.70907294,2.67541986,2.70065967,125852654,402754304.1,,
2023-01-09,601988,2.70065967,2.70907294,2.68383313,2.68383313,83515552,267453283.17,,
2023-01-10,601988,2.6922464,2.6922464,2.67541986,2.67541986,66547032,211969669.76,,
2023-01-11,601988,2.67541986,2.6922464,2.67541986,2.68383313,79022772,252398090.98,,
2023-01-12,601988,2.6922464,2.6922464,2.67541986,2.68383313,85189631,271935627.09,,
2023-01-13,601988,2.6922464,2.71748621,2.68383313,2.71748621,121654168,392007104.01,,
2023-01-16,601988,2.71748621,2.73431275,2.70065967,2.70065967,150522392,485319563.44,,
2023-01-17,601988,2.70065967,2.70907294,2.6922464,2.70907294,96610670,310436878.5,,
2023-01-18,601988,2.71748621,2.71748621,2.70065967,2.70065967,77946966,250814905.66,,
2023-01-19,601988,2.70907294,2.70907294,2.6922464,2.70907294,60890365,195517211.18,,
2023-01-20,601988,2.70907294,2.71748621,2.70065967,2.70907294,75151339,241712862.19,,
2023-01-30,601988,2.72589948,2.73431275,2.70065967,2.71748621,149912574,484302795.74,,
2023-01-31,601988,2.71748621,2.72589948,2.70907294,2.70907294,88604596,285709655.12,,
2023-02-01,601988,2.70907294,2.71748621,2.6922464,2.70907294,108913528,349685066.26,,
2023-02-02,601988,2.70907294,2.70907294,2.6922464,2.70065967,95902999,307753627.35,,
2023-02-03,601988,2.70065967,2.70907294,2.6922464,2.70065967,100975924,323874423.13,,
2023-02-06,601988,2.6922464,2.70065967,2.68383313,2.6922464,111525091,356937013.59,,
2023-02-07,601988,2.6922464,2.70065967,2.68383313,2.68383313,65696219,210030183.02,,
2023-02-08,601988,2.6922464,2.70065967,2.68383313,2.6922464,48409900,155065326.0,,
2023-02-09,601988,2.70065967,2.70065967,2.6922464,2.70065967,51333890,164587913.0,,
2023-02-10,601988,2.70065967,2.71748621,2.6922464,2.71748621,74722050,240295875.48,,
2023-02-13,601988,2.71748621,2.71748621,2.70065967,2.70065967,80093585,257456048.85,,
2023-02-14,601988,2.70065967,2.70907294,2.6922464,2.6922464,69687157,223563795.37,,
2023-02-15,601988,2.70065967,2.70065967,2.6922464,2.6922464,36648820,117398550.0,,
2023-02-16,601988,2.6922464,2.71748621,2.6922464,2.70065967,123648447,397946661.33,,
2023-02-17,601988,2.70907294,2.71748621,2.70065967,2.70907294,79385789,255695434.68,,
2023-02-20,601988,2.70907294,2.72589948,2.70907294,2.72589948,77084385,249036143.4,,
2023-02-21,601988,2.72589948,2.72589948,2.71748621,2.72589948,60852608,196828001.84,,
2023-02-22,601988,2.72589948,2.72589948,2.71748621,2.71748621,52939766,171242563.18,,
2023-02-23,601988,2.72589948,2.72589948,2.70907294,2.71748621,98125190,317326190.7,,
2023-02-24,601988,2.72589948,2.72589948,2.70907294,2.70907294,51398186,165786940.92,,
2023-02-27,601988,2.70907294,2.70907294,2.70065967,2.70065967,57616339,185263775.19,,
2023-02-28,601988,2.70907294,2.71748621,2.70065967,2.71748621,85384832,274898437.09,,
2023-03-01,601988,2.71748621,2.72589948,2.70907294,2.72589948,74150580,239855792.2,,
2023-03-02,601988,2.72589948,2.75113929,2.71748621,2.74272602,131111406,426732764.43,,
2023-03-03,601988,2.75113929,2.79320564,2.74272602,2.78479237,188952449,621160020.99,,
2023-03-06,601988,2.78479237,2.80161891,2.7763791,2.78479237,159190598,526818529.18,,
2023-03-07,601988,2.78479237,2.86892507,2.7763791,2.81003218,330385225,1110272008.12,,
2023-03-08,601988,2.79320564,2.82685872,2.7763791,2.80161891,187085097,620548521.26,,
2023-03-09,601988,2.81003218,2.84368526,2.80161891,2.81844545,224044140,753664305.18,,
2023-03-10,601988,2.80161891,2.82685872,2.7763791,2.7763791,132462634,439828402.33,,
2023-03-13,601988,2.76796583,2.80161891,2.75955256,2.79320564,124682895,413339728.45,,
2023-03-14,601988,2.78479237,2.81003218,2.7763791,2.80161891,146560260,486971331.95,,
2023-03-15,601988,2.81844545,2.8605118,2.81003218,2.85209853,237150206,800677019.78,,
2023-03-16,601988,2.85209853,2.98671085,2.84368526,2.93623123,580690527,2024098209.2,,
2023-03-17,601988,2.95305777,2.96147104,2.89416488,2.92781796,421627133,1467270279.37,,
2023-03-20,601988,2.91940469,3.01195066,2.91940469,2.95305777,412149934,1454729717.85,,
2023-03-21,601988,2.9446445,2.96988431,2.86892507,2.88575161,304180208,1050289377.83,,
2023-03-22,601988,2.88575161,2.91940469,2.86892507,2.89416488,221591441,762586279.63,,
2023-03-23,601988,2.89416488,2.93623123,2.88575161,2.91940469,186147346,644100375.42,,
2023-03-24,601988,2.92781796,2.92781796,2.8605118,2.8605118,246398006,842952080.88,,
2023-03-27,601988,2.8605118,2.8605118,2.80161891,2.82685872,228519248,766936084.52,,
2023-03-28,601988,2.83527199,2.84368526,2.81003218,2.84368526,151853505,510408109.05,,
2023-03-29,601988,2.84368526,2.88575161,2.81844545,2.85209853,226228868,768049624.12,,
2023-03-30,601988,2.8605118,2.90257815,2.82685872,2.8605118,191528971,650020068.65,,
2023-03-31,601988,2.85209853,2.87733834,2.83527199,2.84368526,154458817,523461861.23,,
2023-04-03,601988,2.84368526,2.85209853,2.81844545,2.82685872,174610298,587196840.8,,
2023-04-04,601988,2.83527199,2.88575161,2.81844545,2.88575161,237369205,806629277.42,,
2023-04-06,601988,2.87733834,2.91099142,2.86892507,2.89416488,145282636,499347925.53,,
2023-04-07,601988,2.89416488,2.90257815,2.86892507,2.88575161,118461830,405827064.6,,
2023-04-10,601988,2.88575161,2.90257815,2.86892507,2.88575161,150665699,517364659.08,,
2023-04-11,601988,2.89416488,2.91099142,2.87733834,2.91099142,191372454,658610512.53,,
2023-04-12,601988,2.91099142,2.96988431,2.90257815,2.93623123,277212370,970973343.57,,
2023-04-13,601988,2.93623123,2.98671085,2.92781796,2.97829758,217472683,765046048.41,,
2023-04-14,601988,2.97829758,2.98671085,2.9446445,2.95305777,157922606,555030997.48,,
2023-04-17,601988,2.95305777,3.01195066,2.9446445,3.01195066,282708720,1003303320.34,,
2023-04-18,601988,3.01195066,3.06243028,3.00353739,3.0287772,275066262,990258799.38,,
2023-04-19,601988,3.0287772,3.06243028,3.01195066,3.03719047,217108696,784313399.73,,
2023-04-20,601988,3.0287772,3.06243028,3.00353739,3.0287772,229313181,824103069.01,,
2023-04-21,601988,3.02036393,3.07084355,3.00353739,3.01195066,284943173,1027665986.46,,
2023-04-24,601988,3.01195066,3.07925682,3.00353739,3.04560374,311925242,1129540003.25,,
2023-04-25,601988,3.06243028,3.12132317,3.05401701,3.08767009,335322299,1232648753.93,,
2023-04-26,601988,3.08767009,3.10449663,3.01195066,3.07925682,306562428,1112093926.72,,
2023-04-27,601988,3.07925682,3.09608336,3.03719047,3.08767009,186113552,679827759.02,,
2023-04-28,601988,3.07925682,3.10449663,3.05401701,3.08767009,226704779,829750349.01,,
2023-05-04,601988,3.07084355,3.34006819,3.07084355,3.31482838,631070023,2427606078.41,,
2023-05-05,601988,3.30641511,3.51674686,3.30641511,3.43261416,665262112,2711914065.62,,
2023-05-08,601988,3.44102743,3.77755823,3.43261416,3.77755823,941382675,4109075170.0,,
2023-05-09,601988,3.91217055,4.01312979,3.72707861,3.83645112,1310416599,5986730011.08,,
2023-05-10,601988,3.74390515,3.7859715,3.56722648,3.62611937,1078241969,4670414767.69,,
2023-05-11,601988,3.58405302,3.62611937,3.47468051,3.49992032,784238054,3295854042.05,,
2023-05-12,601988,3.49150705,3.5335734,3.4494407,3.49992032,531245828,2208027496.07,,
2023-05-15,601988,3.4494407,3.5335734,3.35689473,3.51674686,706461545,2886385622.63,,
2023-05-16,601988,3.49150705,3.63453264,3.47468051,3.52516013,670751951,2839012820.33,,
2023-05-17,601988,3.49992032,3.55039994,3.43261416,3.49150705,354923904,1470182808.21,,
2023-05-18,601988,3.49992032,3.59246629,3.49992032,3.54198667,442986511,1865666851.88,,
2023-05-19,601988,3.52516013,3.5335734,3.45785397,3.49992032,275512633,1146749592.44,,
2023-05-22,601988,3.51674686,3.56722648,3.48309378,3.50833359,277860661,1161156077.78,,
2023-05-23,601988,3.49150705,3.51674686,3.39054781,3.39896108,337049586,1376125088.8,,
2023-05-24,601988,3.38213454,3.38213454,3.26434876,3.27276203,491028400,1928988992.41,,
2023-05-25,601988,3.24752222,3.27276203,3.22228241,3.27276203,280922299,1084872044.09,,
2023-05-26,601988,3.26434876,3.29800184,3.23069568,3.27276203,238655912,926560577.85,,
2023-05-29,601988,3.27276203,3.38213454,3.26434876,3.34848146,297568246,1177643162.43,,
2023-05-30,601988,3.33165492,3.35689473,3.2811753,3.30641511,261902967,1030834024.46,,
2023-05-31,601988,3.30641511,3.31482838,3.26434876,3.2811753,205519842,803105090.4,,
2023-06-01,601988,3.2811753,3.31482838,3.23910895,3.28958857,239958427,934332450.35,,
2023-06-02,601988,3.28958857,3.31482838,3.24752222,3.27276203,248662637,967912105.62,,
2023-06-05,601988,3.26434876,3.34848146,3.24752222,3.34848146,303274910,1195835782.95,,
2023-06-06,601988,3.33165492,3.42420089,3.32324165,3.35689473,287616913,1156839636.96,,
2023-06-07,601988,3.365308,3.43261416,3.35689473,3.39896108,246819846,998043406.69,,
2023-06-08,601988,3.41578762,3.54198667,3.365308,3.49150705,378819309,1561889100.65,,
2023-06-09,601988,3.49150705,3.51674686,3.44102743,3.47468051,273257633,1129285444.73,,
2023-06-12,601988,3.45785397,3.46626724,3.38213454,3.39896108,269742028,1094269334.35,,
2023-06-13,601988,3.39054781,3.43261416,3.38213454,3.41578762,144130792,584670266.75,,
2023-06-14,601988,3.41578762,3.4494407,3.35689473,3.365308,285583339,1152052776.03,,
2023-06-15,601988,3.37372127,3.40737435,3.34006819,3.37372127,181084355,726053166.87,,
2023-06-16,601988,3.37372127,3.39054781,3.32324165,3.33165492,255840522,1017981631.43,,
2023-06-19,601988,3.33165492,3.34006819,3.27276203,3.2811753,279652432,1093232252.15,,
2023-06-20,601988,3.28958857,3.30641511,3.24752222,3.25593549,175346924,682305277.62,,
2023-06-21,601988,3.25593549,3.31482838,3.23069568,3.26434876,230816583,899187081.25,,
2023-06-26,601988,3.25593549,3.25593549,3.16338952,3.18021606,252428043,960372049.27,,
2023-06-27,601988,3.18021606,3.25593549,3.16338952,3.24752222,182924388,700184813.37,,
2023-06-28,601988,3.24752222,3.2811753,3.22228241,3.25593549,156523776,604547861.14,,
2023-06-29,601988,3.25593549,3.26434876,3.21386914,3.24752222,151302217,582652766.47,,
2023-06-30,601988,3.25593549,3.30641511,3.23910895,3.28958857,179058522,698934298.52,,
2023-07-03,601988,3.29800184,3.365308,3.2811753,3.34848146,181310274,717805578.04,,
2023-07-04,601988,3.34848146,3.34848146,3.2811753,3.29800184,185500410,727980259.9,,
2023-07-05,601988,3.28958857,3.31482838,3.26434876,3.29800184,151022394,589883046.52,,
2023-07-06,601988,3.2811753,3.29800184,3.25593549,3.27276203,159507269,620689598.62,,
2023-07-07,601988,3.25593549,3.28958857,3.24752222,3.26434876,122138130,474983750.55,,
2023-07-10,601988,3.27276203,3.28958857,3.26434876,3.27276203,89067481,346552059.38,,
2023-07-11,601988,3.27276203,3.30641511,3.27276203,3.30641511,113642540,445413317.78,,
2023-07-12,601988,3.31482838,3.32324165,3.29800184,3.30641511,139650474,549982128.04,,
2023-07-13,601988,3.31482838,3.365308,3.31482838,3.35689473,169345874,672181340.6,,
2023-07-14,601988,3.35689473,3.38213454,3.32324165,3.35689473,220776521,880973316.62,,
2023-07-17,601988,3.37474998,3.38367789,3.33903834,3.36582207,166940098,627878076.0,,
2023-07-18,601988,3.37474998,3.37474998,3.3033267,3.31225461,204961536,764897228.36,,
2023-07-19,601988,3.3033267,3.32118252,3.28547088,3.32118252,122485185,453243949.33,,
2023-07-20,601988,3.32118252,3.35689416,3.32118252,3.33011043,110058315,411501518.05,,
2023-07-21,601988,3.32118252,3.34796625,3.31225461,3.33903834,93900950,350285276.09,,
2023-07-24,601988,3.33011043,3.33903834,3.29439879,3.31225461,116608026,433115361.54,,
2023-07-25,601988,3.33011043,3.40153371,3.32118252,3.40153371,202199310,763041566.29,,
2023-07-26,601988,3.40153371,3.43724535,3.36582207,3.38367789,119371892,452829304.09,,
2023-07-27,601988,3.38367789,3.46402908,3.37474998,3.41046162,185360929,712107884.28,,
2023-07-28,601988,3.41046162,3.49974072,3.3926058,3.49081281,252603774,981451018.72,,
2023-07-31,601988,3.52652445,3.55330818,3.45510117,3.49081281,233086780,913576141.26,,
2023-08-01,601988,3.49081281,3.52652445,3.47295699,3.50866863,149887268,587524083.24,,
2023-08-02,601988,3.4818849,3.49081281,3.40153371,3.41046162,281130848,1080172841.35,,
2023-08-03,601988,3.41938953,3.45510117,3.3926058,3.45510117,134064164,515030934.12,,
2023-08-04,601988,3.46402908,3.49081281,3.43724535,3.47295699,189218721,734171813.24,,
2023-08-07,601988,3.45510117,3.46402908,3.40153371,3.44617326,132388633,509443330.62,,
2023-08-08,601988,3.43724535,3.44617326,3.41046162,3.41938953,102765479,394139561.58,,
2023-08-09,601988,3.41938953,3.43724535,3.41046162,3.42831744,83260303,319526155.12,,
2023-08-10,601988,3.41938953,3.42831744,3.40153371,3.41938953,79211633,303129876.06,,
2023-08-11,601988,3.41938953,3.44617326,3.37474998,3.37474998,169439118,646243769.2,,
2023-08-14,601988,3.34796625,3.35689416,3.29439879,3.32118252,158907541,590288723.22,,
2023-08-15,601988,3.33011043,3.42831744,3.32118252,3.41046162,222225544,841215950.36,,
2023-08-16,601988,3.3926058,3.41046162,3.35689416,3.40153371,129332445,491264490.65,,
2023-08-17,601988,3.3926058,3.41046162,3.33903834,3.36582207,137760644,520447601.37,,
2023-08-18,601988,3.36582207,3.41046162,3.36582207,3.37474998,132725785,503632557.7,,
2023-08-21,601988,3.38367789,3.3926058,3.33011043,3.33011043,114630961,430308069.63,,
2023-08-22,601988,3.33011043,3.38367789,3.33011043,3.38367789,136113786,512302740.46,,
2023-08-23,601988,3.38367789,3.43724535,3.36582207,3.41938953,179745303,687459407.4,,
2023-08-24,601988,3.41938953,3.42831744,3.36582207,3.37474998,139880001,531143684.82,,
2023-08-25,601988,3.36582207,3.40153371,3.36582207,3.38367789,161917100,613041424.1,,
2023-08-28,601988,3.51759654,3.52652445,3.3926058,3.42831744,271252607,1042937598.3,,
2023-08-29,601988,3.41938953,3.43724535,3.37474998,3.3926058,189578514,721675999.27,,
2023-08-30,601988,3.3926058,3.3926058,3.34796625,3.35689416,175412159,660019458.35,,
2023-08-31,601988,3.34796625,3.38367789,3.33903834,3.34796625,136168414,511103103.86,,
2023-09-01,601988,3.34796625,3.35689416,3.3033267,3.31225461,224250710,834063944.7,,
2023-09-04,601988,3.32118252,3.34796625,3.31225461,3.33011043,215340957,802556135.53,,
2023-09-05,601988,3.33011043,3.33011043,3.31225461,3.31225461,90534871,336307635.41,,
2023-09-06,601988,3.31225461,3.32118252,3.3033267,3.31225461,93932714,348390636.74,,
2023-09-07,601988,3.32118252,3.33011043,3.3033267,3.31225461,148846160,552593319.0,,
2023-09-08,601988,3.31225461,3.31225461,3.27654297,3.28547088,111351052,410245115.86,,
2023-09-11,601988,3.29439879,3.3033267,3.26761506,3.29439879,130594845,480227375.3,,
2023-09-12,601988,3.28547088,3.29439879,3.26761506,3.27654297,92124082,338226780.89,,
2023-09-13,601988,3.27654297,3.29439879,3.26761506,3.29439879,91951313,338269853.21,,
2023-09-14,601988,3.29439879,3.33903834,3.28547088,3.33011043,204197939,759686883.38,,
2023-09-15,601988,3.33011043,3.34796625,3.29439879,3.3033267,218638759,812912935.89,,
2023-09-18,601988,3.3033267,3.31225461,3.27654297,3.3033267,135263872,499367390.21,,
2023-09-19,601988,3.3033267,3.33903834,3.29439879,3.33011043,194447703,724916016.23,,
2023-09-20,601988,3.33903834,3.38367789,3.32118252,3.37474998,231722104,872175578.81,,
2023-09-21,601988,3.37474998,3.3926058,3.33903834,3.35689416,206833265,778875786.48,,
2023-09-22,601988,3.35689416,3.38367789,3.33903834,3.38367789,192013842,723505916.43,,
2023-09-25,601988,3.38367789,3.40153371,3.35689416,3.3926058,192074062,728895284.69,,
2023-09-26,601988,3.40153371,3.41046162,3.36582207,3.37474998,143694862,544403484.74,,
2023-09-27,601988,3.37474998,3.38367789,3.33903834,3.33903834,154195169,579168822.52,,
2023-09-28,601988,3.33903834,3.37474998,3.33903834,3.36582207,122602431,461298209.15,,
2023-10-09,601988,3.33903834,3.36582207,3.29439879,3.35689416,182671107,681351742.99,,
2023-10-10,601988,3.35689416,3.38367789,3.33011043,3.33903834,139469384,524060828.64,,
2023-10-11,601988,3.33903834,3.37474998,3.33011043,3.36582207,166005986,624459882.19,,
2023-10-12,601988,3.42831744,3.4818849,3.40153371,3.47295699,470914668,1814281824.32,,
2023-10-13,601988,3.45510117,3.58901982,3.44617326,3.54438027,465273453,1843298979.33,,
2023-10-16,601988,3.53545236,3.571164,3.49974072,3.56223609,262981563,1041801836.79,,
2023-10-17,601988,3.55330818,3.571164,3.53545236,3.55330818,161438645,643140398.08,,
2023-10-18,601988,3.54438027,3.59794773,3.53545236,3.58901982,234041941,939252899.7,,
2023-10-19,601988,3.571164,3.58009191,3.49974072,3.54438027,301912121,1195581332.15,,
2023-10-20,601988,3.51759654,3.55330818,3.49081281,3.51759654,201033376,792268580.1,,
2023-10-23,601988,3.50866863,3.53545236,3.46402908,3.49974072,218221870,853974232.71,,
2023-10-24,601988,3.49974072,3.50866863,3.41938953,3.42831744,237866870,917043488.98,,
2023-10-25,601988,3.44617326,3.45510117,3.3926058,3.41046162,172927871,661761761.52,,
2023-10-26,601988,3.41046162,3.47295699,3.3926058,3.46402908,171107258,661155506.31,,
2023-10-27,601988,3.46402908,3.52652445,3.43724535,3.47295699,252554238,981956952.96,,
2023-10-30,601988,3.44617326,3.47295699,3.38367789,3.42831744,330306624,1265665098.6,,
2023-10-31,601988,3.42831744,3.49974072,3.41046162,3.4818849,228710522,887710176.79,,
2023-11-01,601988,3.49081281,3.51759654,3.46402908,3.49974072,143484020,561469436.71,,
2023-11-02,601988,3.51759654,3.55330818,3.50866863,3.52652445,134366335,532220689.34,,
2023-11-03,601988,3.52652445,3.53545236,3.47295699,3.47295699,172724411,674608314.1,,
2023-11-06,601988,3.4818849,3.49081281,3.41938953,3.42831744,256610910,989262443.5,,
2023-11-07,601988,3.42831744,3.4818849,3.41938953,3.47295699,176048068,681830596.22,,
2023-11-08,601988,3.45510117,3.49974072,3.45510117,3.46402908,175100720,681804018.6,,
2023-11-09,601988,3.46402908,3.53545236,3.46402908,3.52652445,240132476,945446907.62,,
2023-11-10,601988,3.51759654,3.56223609,3.49081281,3.52652445,191965005,757110673.75,,
2023-11-13,601988,3.53545236,3.53545236,3.4818849,3.51759654,100246844,393367672.98,,
2023-11-14,601988,3.51759654,3.55330818,3.50866863,3.53545236,132129569,523113642.43,,
2023-11-15,601988,3.55330818,3.56223609,3.50866863,3.52652445,145447760,574735517.18,,
2023-11-16,601988,3.54438027,3.56223609,3.50866863,3.54438027,172051545,682558679.9,,
2023-11-17,601988,3.53545236,3.55330818,3.50866863,3.52652445,111892876,442267898.2,,
2023-11-20,601988,3.52652445,3.55330818,3.51759654,3.54438027,107044853,424669730.83,,
2023-11-21,601988,3.55330818,3.56223609,3.53545236,3.54438027,129114146,513032574.33,,
2023-11-22,601988,3.53545236,3.56223609,3.51759654,3.54438027,139509274,553786251.28,,
2023-11-23,601988,3.55330818,3.56223609,3.53545236,3.53545236,94855250,376928773.7,,
2023-11-24,601988,3.53545236,3.56223609,3.52652445,3.55330818,144039759,572769366.03,,
2023-11-27,601988,3.55330818,3.56223609,3.51759654,3.55330818,175017593,694348293.02,,
2023-11-28,601988,3.54438027,3.55330818,3.53545236,3.54438027,134163227,532581767.86,,
2023-11-29,601988,3.54438027,3.571164,3.53545236,3.55330818,165165082,657883095.43,,
2023-11-30,601988,3.55330818,3.571164,3.53545236,3.56223609,159897206,636417005.04,,
2023-12-01,601988,3.56223609,3.62473146,3.55330818,3.60687564,241289808,972205670.75,,
2023-12-04,601988,3.59794773,3.61580355,3.58901982,3.59794773,118609900,478037092.7,,
2023-12-05,601988,3.60687564,3.61580355,3.58009191,3.58009191,170890412,689347579.35,,
2023-12-06,601988,3.571164,3.58009191,3.50866863,3.53545236,219287961,867343441.46,,
2023-12-07,601988,3.53545236,3.58009191,3.50866863,3.56223609,233086785,925744983.05,,
2023-12-08,601988,3.56223609,3.571164,3.49081281,3.51759654,444899798,1758775499.51,,
2023-12-11,601988,3.49974072,3.51759654,3.41046162,3.49974072,322524275,1254210249.69,,
2023-12-12,601988,3.49974072,3.55330818,3.47295699,3.55330818,212756105,841552347.82,,
2023-12-13,601988,3.55330818,3.571164,3.53545236,3.55330818,153605158,611955801.24,,
2023-12-14,601988,3.56223609,3.571164,3.52652445,3.55330818,133399783,529779738.36,,
2023-12-15,601988,3.54438027,3.55330818,3.49081281,3.49081281,203309474,800942617.62,,
2023-12-18,601988,3.4818849,3.56223609,3.4818849,3.56223609,264559689,1049689558.5,,
2023-12-19,601988,3.56223609,3.571164,3.53545236,3.54438027,118244244,470905285.13,,
2023-12-20,601988,3.55330818,3.59794773,3.54438027,3.56223609,162518270,650833839.06,,
2023-12-21,601988,3.55330818,3.571164,3.52652445,3.55330818,168090273,667407104.04,,
2023-12-22,601988,3.56223609,3.58009191,3.54438027,3.56223609,172164040,687986116.0,,
2023-12-25,601988,3.56223609,3.59794773,3.55330818,3.58901982,112311710,450456444.5,,
2023-12-26,601988,3.58901982,3.62473146,3.58009191,3.59794773,174125016,703969389.29,,
2023-12-27,601988,3.59794773,3.61580355,3.571164,3.61580355,133353000,536773669.1,,
2023-12-28,601988,3.61580355,3.63365937,3.56223609,3.56223609,267378672,1074328869.46,,
2023-12-29,601988,3.56223609,3.58009191,3.54438027,3.56223609,131607896,524996242.47,,
2024-01-02,601988,3.56223609,3.60687564,3.55330818,3.58009191,167052841,671748518.67,,
2024-01-03,601988,3.58009191,3.62473146,3.58009191,3.61580355,183377660,741172790.82,,
2024-01-04,601988,3.61580355,3.70508265,3.60687564,3.69615474,256306363,1049333406.26,,
2024-01-05,601988,3.69615474,3.74079429,3.6604431,3.67829892,214880085,890404786.16,,
2024-01-08,601988,3.67829892,3.70508265,3.64258728,3.6604431,186333583,766636712.63,,
2024-01-09,601988,3.65151519,3.67829892,3.61580355,3.6604431,166919951,681450195.51,,
2024-01-10,601988,3.6604431,3.68722683,3.60687564,3.60687564,203708518,828319237.04,,
2024-01-11,601988,3.59794773,3.60687564,3.55330818,3.55330818,203953985,816986618.68,,
2024-01-12,601988,3.54438027,3.60687564,3.54438027,3.59794773,156383098,628058047.64,,
2024-01-15,601988,3.59794773,3.61580355,3.58009191,3.61580355,129558959,522949766.72,,
2024-01-16,601988,3.60687564,3.63365937,3.58901982,3.63365937,186165023,754347879.75,,
2024-01-17,601988,3.62473146,3.6604431,3.59794773,3.59794773,217728928,884998530.78,,
2024-01-18,601988,3.59794773,3.60687564,3.47295699,3.58009191,398524417,1575766405.25,,
2024-01-19,601988,3.571164,3.571164,3.52652445,3.54438027,243185844,967239939.71,,
2024-01-22,601988,3.54438027,3.59794773,3.52652445,3.571164,289722201,1159945302.62,,
2024-01-23,601988,3.55330818,3.571164,3.52652445,3.55330818,220844247,877659536.66,,
2024-01-24,601988,3.56223609,3.6604431,3.55330818,3.6604431,270184731,1091798262.49,,
2024-01-25,601988,3.66937101,3.72293847,3.6604431,3.70508265,240280996,993808138.93,,
2024-01-26,601988,3.69615474,3.83007339,3.69615474,3.82114548,338161640,1430158410.1,,
2024-01-29,601988,3.83007339,3.88364085,3.78543384,3.8390013,274380378,1180774764.85,,
2024-01-30,601988,3.82114548,3.87471294,3.77650593,3.81221757,208305689,892534691.68,,
2024-01-31,601988,3.79436175,3.88364085,3.78543384,3.85685712,250145132,1077385710.62,,
2024-02-01,601988,3.84792921,3.86578503,3.81221757,3.81221757,207757060,891443487.17,,
2024-02-02,601988,3.82114548,3.86578503,3.79436175,3.85685712,282839382,1216690135.19,,
2024-02-05,601988,3.8390013,3.97291995,3.82114548,3.96399204,398751528,1749168820.53,,
2024-02-06,601988,3.96399204,4.02648741,3.9282804,3.98184786,362253486,1619218539.64,,
2024-02-07,601988,3.95506413,3.97291995,3.78543384,3.88364085,474552707,2053680792.66,,
2024-02-08,601988,3.85685712,3.87471294,3.74079429,3.84792921,349456882,1488538044.04,,
2024-02-19,601988,3.8390013,4.03541532,3.81221757,4.02648741,358566170,1578816708.89,,
2024-02-20,601988,4.0175595,4.06219905,3.98184786,4.04434323,188611547,851920729.81,,
2024-02-21,601988,4.03541532,4.14255024,4.02648741,4.07112696,218315737,1000515490.48,,
2024-02-22,601988,4.07112696,4.08898278,4.03541532,4.07112696,152926631,695281649.05,,
2024-02-23,601988,4.08005487,4.16933397,4.07112696,4.1068386,192314923,889355969.33,,
2024-02-26,601988,4.1068386,4.1068386,3.97291995,3.98184786,231359421,1045296522.58,,
2024-02-27,601988,3.97291995,4.02648741,3.95506413,3.98184786,156993738,701135884.35,,
2024-02-28,601988,3.98184786,4.0175595,3.91042458,3.98184786,231075058,1025807766.58,,
2024-02-29,601988,3.97291995,3.99970368,3.95506413,3.99077577,177942425,793297584.02,,
2024-03-01,601988,3.99077577,4.0175595,3.96399204,3.99970368,188682830,844177165.7,,
2024-03-04,601988,3.99077577,4.05327114,3.97291995,4.02648741,192842250,867836835.36,,
2024-03-05,601988,4.02648741,4.11576651,4.02648741,4.1068386,207707420,951681160.89,,
2024-03-06,601988,4.1068386,4.13362233,4.05327114,4.06219905,170246452,781574342.59,,
2024-03-07,601988,4.06219905,4.08898278,4.04434323,4.08005487,141901702,647278349.7,,
2024-03-08,601988,4.07112696,4.08898278,4.04434323,4.06219905,117178156,533872494.77,,
2024-03-11,601988,4.06219905,4.07112696,4.0175595,4.02648741,171416127,774598916.7,,
2024-03-12,601988,4.02648741,4.02648741,3.91935249,3.91935249,257246315,1140780132.65,,
2024-03-13,601988,3.91935249,3.9282804,3.88364085,3.89256876,195789334,857070586.94,,
2024-03-14,601988,3.88364085,3.93720831,3.87471294,3.90149667,162453962,709448122.13,,
2024-03-15,601988,3.90149667,3.9282804,3.88364085,3.88364085,129543243,566682086.18,,
2024-03-18,601988,3.88364085,3.89256876,3.8390013,3.88364085,176963572,766052510.44,,
2024-03-19,601988,3.87471294,3.87471294,3.83007339,3.83007339,166392738,716268013.32,,
2024-03-20,601988,3.82114548,3.91042458,3.81221757,3.88364085,158331753,686206024.53,,
2024-03-21,601988,3.89256876,3.94613622,3.88364085,3.90149667,173950282,763517524.51,,
2024-03-22,601988,3.91042458,3.93720831,3.88364085,3.91935249,155670272,681867075.48,,
2024-03-25,601988,3.91935249,3.94613622,3.89256876,3.9282804,141982701,623936710.92,,
2024-03-26,601988,3.93720831,3.96399204,3.90149667,3.96399204,158314805,698027004.48,,
2024-03-27,601988,3.96399204,4.04434323,3.95506413,4.00863159,166417009,745266933.53,,
2024-03-28,601988,3.99970368,4.00863159,3.90149667,3.91042458,219075156,963876028.34,,
2024-03-29,601988,3.90149667,3.97291995,3.89256876,3.9282804,168797456,745651755.68,,
2024-04-01,601988,3.93720831,3.99077577,3.91935249,3.98184786,180010859,799116435.79,,
2024-04-02,601988,3.99077577,4.02648741,3.97291995,4.0175595,130503433,585789357.76,,
2024-04-03,601988,4.00863159,4.03541532,3.98184786,3.99970368,131281585,588985057.0,,
2024-04-08,601988,3.99077577,4.06219905,3.96399204,4.04434323,180091455,812507854.91,,
2024-04-09,601988,4.04434323,4.08005487,3.99077577,4.00863159,164582852,741802592.32,,
2024-04-10,601988,3.99970368,4.04434323,3.99970368,4.0175595,138645132,625491520.28,,
2024-04-11,601988,4.0175595,4.02648741,3.98184786,3.99970368,117529510,527257556.66,,
2024-04-12,601988,3.99970368,4.02648741,3.97291995,4.00863159,157180391,705033112.5,,
2024-04-15,601988,4.00863159,4.09791069,3.99970368,4.09791069,225622080,1028801099.09,,
2024-04-16,601988,4.08898278,4.15147815,4.06219905,4.14255024,243578220,1122795161.13,,
2024-04-17,601988,4.12469442,4.18718979,4.06219905,4.16040606,243918366,1126031840.56,,
2024-04-18,601988,4.15147815,4.22290143,4.14255024,4.18718979,260096872,1221936694.58,,
2024-04-19,601988,4.18718979,4.23182934,4.17826188,4.21397352,150963300,711421795.36,,
2024-04-22,601988,4.23182934,4.26754098,4.15147815,4.16040606,201102713,945086043.87,,
2024-04-23,601988,4.16040606,4.21397352,4.12469442,4.16040606,202561503,946982094.25,,
2024-04-24,601988,4.16040606,4.17826188,4.12469442,4.13362233,132581646,615147065.26,,
2024-04-25,601988,4.13362233,4.16040606,4.1068386,4.15147815,164718824,762346699.84,,
2024-04-26,601988,4.15147815,4.17826188,4.06219905,4.07112696,257369376,1182496491.49,,
2024-04-29,601988,4.06219905,4.1068386,4.04434323,4.08005487,211116619,964370987.94,,
2024-04-30,601988,4.07112696,4.11576651,4.05327114,4.09791069,192288273,880615768.94,,
2024-05-06,601988,4.11576651,4.12469442,3.99077577,3.99970368,394654586,1779665411.91,,
2024-05-07,601988,3.99970368,4.00863159,3.94613622,3.99970368,242697714,1080614970.49,,
2024-05-08,601988,3.99970368,4.04434323,3.99970368,4.02648741,181812721,819962092.67,,
2024-05-09,601988,4.04434323,4.04434323,3.98184786,3.99077577,168154498,752648095.1,,
2024-05-10,601988,3.99077577,4.0175595,3.97291995,3.99077577,164434931,736861023.57,,
2024-05-13,601988,3.99077577,3.99970368,3.95506413,3.98184786,166800111,743214129.9,,
2024-05-14,601988,3.98184786,3.99077577,3.94613622,3.94613622,168048987,745130790.34,,
2024-05-15,601988,3.94613622,3.98184786,3.94613622,3.96399204,126861111,563383850.64,,
2024-05-16,601988,3.96399204,3.99970368,3.94613622,3.99077577,159200943,710360645.3,,
2024-05-17,601988,3.99077577,4.00863159,3.97291995,4.00863159,154369929,690430208.83,,
2024-05-20,601988,4.00863159,4.05327114,3.99077577,3.99077577,203389961,914526432.97,,
2024-05-21,601988,3.99077577,4.02648741,3.97291995,4.02648741,168482143,756206681.88,,
2024-05-22,601988,4.02648741,4.05327114,4.00863159,4.04434323,141491366,639975036.52,,
2024-05-23,601988,4.04434323,4.05327114,4.00863159,4.03541532,154854933,699481828.63,,
2024-05-24,601988,4.02648741,4.04434323,3.99970368,3.99970368,136877247,616665847.2,,
2024-05-27,601988,4.00863159,4.03541532,3.99970368,4.02648741,137485256,619450261.66,,
2024-05-28,601988,4.02648741,4.03541532,3.99077577,3.99970368,163078102,731134772.31,,
2024-05-29,601988,3.99077577,3.99970368,3.95506413,3.97291995,187756598,836535070.92,,
2024-05-30,601988,3.96399204,3.99077577,3.9282804,3.93720831,179812217,796672628.61,,
2024-05-31,601988,3.93720831,3.97291995,3.93720831,3.96399204,134737239,597365759.21,,
2024-06-03,601988,3.96399204,3.98184786,3.93720831,3.96399204,141784758,628763237.81,,
2024-06-04,601988,3.96399204,3.97291995,3.95506413,3.96399204,92280860,409662778.6,,
2024-06-05,601988,3.96399204,3.98184786,3.94613622,3.97291995,109343236,485849833.74,,
2024-06-06,601988,3.96399204,3.99077577,3.96399204,3.97291995,147063016,654841311.99,,
2024-06-07,601988,3.97291995,4.04434323,3.96399204,4.04434323,249526464,1121336641.33,,
2024-06-11,601988,4.04434323,4.07112696,3.98184786,3.98184786,209145139,939990554.72,,
2024-06-12,601988,3.98184786,3.98184786,3.91042458,3.93720831,198311460,874341310.0,,
2024-06-13,601988,3.93720831,3.97291995,3.9282804,3.97291995,124257637,551171604.66,,
2024-06-14,601988,3.97291995,4.00863159,3.95506413,3.99970368,170373186,762017957.16,,
2024-06-17,601988,3.99970368,3.99970368,3.94613622,3.95506413,138062959,613146904.37,,
2024-06-18,601988,3.95506413,3.97291995,3.9282804,3.96399204,108895102,482315933.66,,
2024-06-19,601988,3.96399204,4.00863159,3.95506413,3.99970368,158838448,710212718.69,,
2024-06-20,601988,3.99970368,4.0175595,3.98184786,4.00863159,108144373,485227573.27,,
2024-06-21,601988,4.00863159,4.02648741,3.98184786,3.99077577,130423465,584487716.2,,
2024-06-24,601988,3.99970368,4.0175595,3.98184786,4.00863159,148737176,666867807.23,,
2024-06-25,601988,4.00863159,4.04434323,3.99970368,4.03541532,202776979,914009334.68,,
2024-06-26,601988,4.02648741,4.08898278,4.02648741,4.06219905,184573342,840327361.48,,
2024-06-27,601988,4.06219905,4.13362233,4.05327114,4.11576651,226128197,1039116455.39,,
2024-06-28,601988,4.11576651,4.13362233,4.09791069,4.12469442,162223187,748106385.04,,
2024-07-01,601988,4.12469442,4.1961177,4.1068386,4.16933397,195508252,911075613.3,,
2024-07-02,601988,4.16933397,4.24968516,4.16040606,4.24968516,224677163,1062085419.22,,
2024-07-03,601988,4.24968516,4.27646889,4.16933397,4.20504561,215707951,1016695100.91,,
2024-07-04,601988,4.20504561,4.24075725,4.1961177,4.23182934,146257032,692390855.89,,
2024-07-05,601988,4.23182934,4.24075725,4.12469442,4.13362233,224365975,1045754965.15,,
2024-07-08,601988,4.14255024,4.20504561,4.12469442,4.18718979,194208720,910261318.8,,
2024-07-09,601988,4.18718979,4.24075725,4.16040606,4.23182934,175552680,828292409.76,,
2024-07-10,601988,4.23182934,4.26754098,4.22290143,4.24075725,137590833,653951386.25,,
2024-07-11,601988,4.24075725,4.24968516,4.16933397,4.1961177,215789636,1014178092.91,,
2024-07-12,601988,4.18718979,4.27646889,4.17826188,4.25861307,207327456,986445438.05,,
2024-07-15,601988,4.25861307,4.34789217,4.24968516,4.33003635,219146122,1058268743.79,,
2024-07-16,601988,4.34789217,4.43717127,4.32110844,4.35682008,333215812,1629637396.01,,
2024-07-17,601988,4.3662105,4.3943796,4.3286517,4.3756002,282409959,1313780784.01,,
2024-07-18,601988,4.3756002,4.3849899,4.3286517,4.3756002,190394576,883954184.64,,
2024-07-19,601988,4.3756002,4.3943796,4.319262,4.3849899,213419778,990459066.05,,
2024-07-22,601988,4.3662105,4.3849899,4.319262,4.3662105,180067070,833981508.09,,
2024-07-23,601988,4.3568208,4.5164457,4.3474311,4.4694972,280630309,1330973361.41,,
2024-07-24,601988,4.4507178,4.507056,4.4413281,4.4694972,200928699,957652950.55,,
2024-07-25,601988,4.4601075,4.4882766,4.3756002,4.4413281,200097004,943779066.05,,
2024-07-26,601988,4.4413281,4.4413281,4.3004826,4.3474311,240079585,1113123100.21,,
2024-07-29,601988,4.3662105,4.4694972,4.2910929,4.4507178,226429707,1064746258.07,,
2024-07-30,601988,4.4601075,4.4882766,4.4319384,4.4788869,158416497,753444752.84,,
2024-07-31,601988,4.4882766,4.4882766,4.3756002,4.3756002,239307440,1122438710.4,,
2024-08-01,601988,4.3756002,4.4507178,4.319262,4.4037693,174642792,818156048.08,,
2024-08-02,601988,4.4037693,4.4507178,4.3756002,4.413159,138897781,653410841.8,,
2024-08-05,601988,4.413159,4.4319384,4.3568208,4.3849899,167968404,785372223.13,,
2024-08-06,601988,4.3756002,4.3943796,4.3004826,4.3286517,178945901,825638637.36,,
2024-08-07,601988,4.3286517,4.3756002,4.3098723,4.3380414,141953511,657984136.35,,
2024-08-08,601988,4.3474311,4.3662105,4.3286517,4.3380414,73465905,339718301.48,,
2024-08-09,601988,4.3380414,4.3662105,4.319262,4.3474311,96115932,445225593.37,,
2024-08-12,601988,4.3474311,4.3943796,4.3380414,4.3756002,102727927,477962757.72,,
2024-08-13,601988,4.3662105,4.4319384,4.3568208,4.413159,149191970,699882040.12,,
2024-08-14,601988,4.413159,4.4413281,4.4037693,4.4319384,94814228,446765144.36,,
2024-08-15,601988,4.4319384,4.4694972,4.4225487,4.4601075,129166405,612385435.44,,
2024-08-16,601988,4.4601075,4.5258354,4.4507178,4.5164457,153312967,734592748.36,,
2024-08-19,601988,4.5164457,4.6291221,4.4976663,4.6197324,192969469,941034591.86,,
2024-08-20,601988,4.6291221,4.6666809,4.5821736,4.6572912,182475890,901550788.18,,
2024-08-21,601988,4.6479015,4.6666809,4.5727839,4.6479015,140557753,693522141.0,,
2024-08-22,601988,4.6479015,4.7793573,4.6385118,4.7605779,214650766,1082783330.68,,
2024-08-23,601988,4.7605779,4.7793573,4.69485,4.7699676,152449886,770603454.7,,
2024-08-26,601988,4.7511882,4.7699676,4.69485,4.7699676,137483202,694633942.43,,
2024-08-27,601988,4.7605779,4.8544749,4.7511882,4.8544749,187745937,964774434.88,,
2024-08-28,601988,4.8450852,4.882644,4.7699676,4.8075264,206616031,1060282573.28,,
2024-08-29,601988,4.7981367,4.8075264,4.5915633,4.6103427,297435772,1476152641.51,,
2024-08-30,601988,4.6103427,4.6572912,4.4976663,4.4976663,378075167,1831684845.09,,
2024-09-02,601988,4.4788869,4.6291221,4.4413281,4.600953,264042411,1286335118.87,,
2024-09-03,601988,4.5821736,4.600953,4.4225487,4.4694972,243637889,1160518110.67,,
2024-09-04,601988,4.4507178,4.507056,4.4225487,4.4507178,153994793,730750281.68,,
2024-09-05,601988,4.4507178,4.4788869,4.3662105,4.4225487,170267229,800742116.3,,
2024-09-06,601988,4.4225487,4.507056,4.4225487,4.4319384,110378260,525397282.7,,
2024-09-09,601988,4.4507178,4.4507178,4.3380414,4.3943796,132881462,622262891.46,,
2024-09-10,601988,4.413159,4.5164457,4.4037693,4.507056,194804893,928993173.92,,
2024-09-11,601988,4.4882766,4.4976663,4.3380414,4.3474311,196461878,918883834.56,,
2024-09-12,601988,4.3380414,4.3756002,4.3004826,4.3474311,135614509,626996316.87,,
2024-09-13,601988,4.3662105,4.3849899,4.2723135,4.3004826,147627671,679234437.29,,
2024-09-18,601988,4.319262,4.3756002,4.3098723,4.3662105,119022612,551285091.88,,
2024-09-19,601988,4.3756002,4.3943796,4.3004826,4.3286517,151005209,695058453.07,,
2024-09-20,601988,4.319262,4.3662105,4.2910929,4.3568208,163674263,756507757.03,,
2024-09-23,601988,4.3474311,4.4225487,4.319262,4.4037693,129778378,605436434.23,,
2024-09-24,601988,4.4319384,4.600953,4.413159,4.600953,266090547,1280548834.14,,
2024-09-25,601988,4.6760706,4.7793573,4.5258354,4.600953,304060722,1504516517.53,,
2024-09-26,601988,4.600953,4.69485,4.5727839,4.6854603,294366626,1450168150.6,,
2024-09-27,601988,4.7230191,4.7417985,4.5352251,4.5727839,306440305,1494576291.07,,
2024-09-30,601988,4.5633942,4.7793573,4.4601075,4.69485,802777316,3934501055.56,,
2024-10-08,601988,4.976541,5.070438,4.6197324,4.6666809,832929630,4243143413.38,,
2024-10-09,601988,4.6479015,4.6760706,4.507056,4.5164457,575567867,2811300614.13,,
2024-10-10,601988,4.5446148,4.788747,4.5352251,4.7042397,563798117,2807123076.15,,
2024-10-11,601988,4.7230191,4.8263058,4.6479015,4.7136294,334033665,1689847563.54,,
2024-10-14,601988,4.7605779,4.8638646,4.7511882,4.8263058,401207274,2058772544.51,,
2024-10-15,601988,4.8075264,4.8169161,4.7042397,4.7136294,270654116,1370686345.26,,
2024-10-16,601988,4.7230191,4.8263058,4.6854603,4.788747,288884026,1470243967.24,,
2024-10-17,601988,4.788747,4.8263058,4.7417985,4.7417985,188988781,961257369.75,,
2024-10-18,601988,4.7511882,4.7793573,4.6385118,4.7417985,289552972,1454106838.6,,
2024-10-21,601988,4.7417985,4.7417985,4.6291221,4.6479015,282232187,1399016851.12,,
2024-10-22,601988,4.6479015,4.69485,4.6197324,4.6385118,202407869,999505436.14,,
2024-10-23,601988,4.6479015,4.6572912,4.6197324,4.6572912,170825071,843401375.32,,
2024-10-24,601988,4.6385118,4.6854603,4.6197324,4.6479015,134299060,665785561.66,,
2024-10-25,601988,4.6385118,4.6479015,4.600953,4.6103427,168068154,826288021.44,,
2024-10-28,601988,4.6103427,4.6103427,4.5540045,4.5821736,163470330,795257040.58,,
2024-10-29,601988,4.5821736,4.6197324,4.5633942,4.600953,161951359,792257313.53,,
2024-10-30,601988,4.5915633,4.6103427,4.5352251,4.5352251,156696795,760283129.8,,
2024-10-31,601988,4.5446148,4.5633942,4.5164457,4.5258354,166940804,806367335.3,,
2024-11-01,601988,4.5352251,4.600953,4.5258354,4.5821736,189850017,925097751.52,,
2024-11-04,601988,4.5915633,4.600953,4.5164457,4.5915633,144145567,699641841.1,,
2024-11-05,601988,4.5821736,4.6103427,4.5633942,4.6103427,179576987,878819862.35,,
2024-11-06,601988,4.6103427,4.6103427,4.5727839,4.5915633,149623782,731510067.06,,
2024-11-07,601988,4.5821736,4.6291221,4.5727839,4.6197324,196967798,964964427.6,,
2024-11-08,601988,4.6291221,4.6385118,4.5540045,4.5633942,247878143,1210504849.67,,
2024-11-11,601988,4.5446148,4.5446148,4.507056,4.5164457,226469237,1090190563.0,,
2024-11-12,601988,4.5164457,4.5540045,4.4976663,4.4976663,176540327,849353303.72,,
2024-11-13,601988,4.4976663,4.5352251,4.4882766,4.5258354,139841111,672646397.31,,
2024-11-14,601988,4.507056,4.5633942,4.4882766,4.5446148,222994987,1076933146.66,,
2024-11-15,601988,4.5352251,4.600953,4.4976663,4.5633942,269925729,1311011436.08,,
2024-11-18,601988,4.5821736,4.7230191,4.5821736,4.69485,437119030,2181676738.85,,
2024-11-19,601988,4.7042397,4.7417985,4.6103427,4.6760706,254357724,1268152727.61,,
2024-11-20,601988,4.6760706,4.69485,4.6385118,4.6572912,169515945,842721892.23,,
2024-11-21,601988,4.6479015,4.6760706,4.6385118,4.6572912,105766610,523785910.41,,
2024-11-22,601988,4.6572912,4.6760706,4.6103427,4.6103427,158013531,780729305.29,,
2024-11-25,601988,4.6197324,4.6666809,4.600953,4.6103427,171404001,846260241.71,,
2024-11-26,601988,4.6103427,4.69485,4.5821736,4.6854603,197268844,977059179.37,,
2024-11-27,601988,4.6760706,4.7417985,4.6760706,4.7324088,230333881,1156796649.74,,
2024-11-28,601988,4.7136294,4.7511882,4.69485,4.7230191,140185864,705571047.44,,
2024-11-29,601988,4.7324088,4.788747,4.7042397,4.7042397,200863223,1014880321.49,,
2024-12-02,601988,4.7042397,4.7136294,4.6572912,4.7042397,168268882,838891968.66,,
2024-12-03,601988,4.7042397,4.788747,4.6854603,4.7793573,230857576,1166148175.86,,
2024-12-04,601988,4.7699676,4.8075264,4.7511882,4.7981367,165667032,844457664.45,,
2024-12-05,601988,4.7793573,4.8356955,4.7699676,4.7699676,141108448,719955876.16,,
2024-12-06,601988,4.7699676,4.8263058,4.7605779,4.788747,224396113,1145783233.19,,
2024-12-09,601988,4.788747,4.8544749,4.7605779,4.8356955,209392732,1076056485.34,,
2024-12-10,601988,4.8732543,4.9202028,4.8169161,4.8920337,222780831,1156082703.25,,
2024-12-11,601988,4.8920337,4.9295925,4.8169161,4.8169161,191518646,989982531.45,,
2024-12-12,601988,4.8263058,4.8920337,4.8075264,4.882644,184378062,955408133.9,,
2024-12-13,601988,4.8732543,4.9014234,4.8263058,4.8638646,223783449,1160504590.02,,
2024-12-16,601988,4.8732543,4.976541,4.8732543,4.9389822,234519846,1232994985.5,,
2024-12-17,601988,4.9483719,4.9953204,4.9295925,4.9577616,182663784,963670205.76,,
2024-12-18,601988,4.9577616,5.0140998,4.9295925,4.9577616,202979922,1073794132.83,,
2024-12-19,601988,4.9483719,4.976541,4.882644,4.9108131,200749652,1056014313.86,,
2024-12-20,601988,4.9202028,4.9859307,4.9202028,4.9389822,167005976,880002410.19,,
2024-12-23,601988,4.9389822,5.070438,4.9295925,5.0328792,259772763,1391033124.94,,
2024-12-24,601988,5.0516586,5.1079968,5.0140998,5.0986071,210874090,1139130773.01,,
2024-12-25,601988,5.0986071,5.2488423,5.0892174,5.1737247,265533328,1463543892.95,,
2024-12-26,601988,5.1737247,5.1925041,5.0610483,5.164335,236688016,1293578858.73,,
2024-12-27,601988,5.1549453,5.2018938,5.0328792,5.1455556,210912165,1148479336.44,,
2024-12-30,601988,5.1267762,5.2018938,5.1173865,5.1925041,199378103,1097072743.81,,
2024-12-31,601988,5.1831144,5.2488423,5.164335,5.1737247,243872790,1351634188.85,,
2025-01-02,601988,5.1737247,5.2206732,5.0047101,5.0422689,267809557,1454224688.73,,
2025-01-03,601988,5.0422689,5.070438,4.9389822,5.0234895,230171636,1226436845.39,,
2025-01-06,601988,5.0234895,5.0798277,4.8920337,5.0610483,228566588,1217417471.34,,
2025-01-07,601988,5.0610483,5.1455556,5.0140998,5.1267762,185805202,1007224910.69,,
2025-01-08,601988,5.1267762,5.2206732,5.0986071,5.1831144,225653497,1243339696.08,,
2025-01-09,601988,5.1737247,5.1831144,5.0798277,5.1267762,164478106,898201884.04,,
2025-01-10,601988,5.1361659,5.1455556,5.0422689,5.1173865,164200862,893317931.3,,
2025-01-13,601988,5.0798277,5.1173865,4.976541,5.0234895,185774136,997327650.61,,
2025-01-14,601988,5.0328792,5.1079968,5.0234895,5.0986071,157752823,852334666.93,,
2025-01-15,601988,5.0986071,5.2112835,5.0798277,5.1173865,196107779,1073577864.75,,
2025-01-16,601988,5.1361659,5.164335,5.0892174,5.1455556,129091334,706275803.14,,
2025-01-17,601988,5.1455556,5.1737247,5.1079968,5.1173865,126339765,690984848.9,,
2025-01-20,601988,5.1267762,5.1361659,5.070438,5.0798277,131338078,712777936.72,,
2025-01-21,601988,5.0892174,5.1079968,5.0328792,5.0798277,121086315,655336682.79,,
2025-01-22,601988,5.0892174,5.0892174,4.976541,4.9859307,174116676,930656687.13,,
2025-01-23,601988,5.0339632,5.139638,5.0147496,5.1300312,245875728,1303707307.25,,
2025-01-24,601988,5.1300312,5.1492448,5.0531768,5.1012108,139969769,745252154.58,,
2025-01-27,601988,5.1108176,5.2741332,5.1108176,5.235706,231212281,1256335258.53,,
2025-02-05,601988,5.2453128,5.2549196,5.1012108,5.1108176,215563787,1154361663.37,,
2025-02-06,601988,5.1204244,5.1492448,5.0627836,5.091604,163336514,865776149.52,,
2025-02-07,601988,5.091604,5.091604,5.0339632,5.0723904,201406010,1061023059.61,,
2025-02-10,601988,5.0627836,5.1012108,5.04357,5.0627836,153186638,809848898.5,,
2025-02-11,601988,5.0723904,5.1684584,5.0627836,5.1684584,207721547,1111412192.7,,
2025-02-12,601988,5.1684584,5.2068856,5.1204244,5.187672,150845246,811151573.94,,
2025-02-13,601988,5.1684584,5.2260992,5.1588516,5.1972788,148043097,801689858.98,,
2025-02-14,601988,5.1972788,5.2164924,5.1492448,5.1972788,150428836,811801729.37,,
2025-02-17,601988,5.2068856,5.235706,5.1492448,5.2260992,151483442,819627890.81,,
2025-02-18,601988,5.2068856,5.3605944,5.2068856,5.3413808,249119083,1377286413.89,,
2025-02-19,601988,5.3125604,5.379808,5.2933468,5.3125604,173347644,961684209.5,,
2025-02-20,601988,5.3029536,5.3605944,5.2933468,5.331774,145796170,808603895.32,,
2025-02-21,601988,5.331774,5.3413808,5.235706,5.2453128,245166766,1345156203.28,,
2025-02-24,601988,5.2453128,5.28374,5.1780652,5.1972788,237696873,1289430564.04,,
2025-02-25,601988,5.2068856,5.2260992,5.1204244,5.1492448,252435870,1357824105.94,,
2025-02-26,601988,5.139638,5.2068856,5.1300312,5.1972788,176546311,951466564.46,,
2025-02-27,601988,5.187672,5.235706,5.1300312,5.2164924,218928330,1182443823.92,,
2025-02-28,601988,5.2068856,5.2549196,5.187672,5.187672,204479024,1109711950.9,,
2025-03-03,601988,5.1972788,5.2260992,5.1108176,5.2068856,242406622,1306017885.84,,
2025-03-04,601988,5.1972788,5.2260992,5.1588516,5.1684584,149783096,810212873.22,,
2025-03-05,601988,5.1684584,5.2741332,5.1492448,5.2549196,251576463,1370959629.17,,
2025-03-06,601988,5.2453128,5.2549196,5.187672,5.2260992,168412612,915264011.38,,
2025-03-07,601988,5.2260992,5.2453128,5.1972788,5.1972788,135260626,734243711.86,,
2025-03-10,601988,5.1972788,5.2068856,5.139638,5.1588516,158931477,854012144.29,,
2025-03-11,601988,5.1492448,5.1780652,5.1300312,5.1780652,163293737,875604693.6,,
2025-03-12,601988,5.1588516,5.1684584,5.1204244,5.1204244,145097499,775174726.71,,
2025-03-13,601988,5.1204244,5.1492448,5.1108176,5.1204244,146099309,779833853.09,,
2025-03-14,601988,5.1300312,5.1684584,5.1108176,5.1492448,190656542,1021937162.03,,
2025-03-17,601988,5.1492448,5.1780652,5.1300312,5.1588516,150743956,809770631.13,,
2025-03-18,601988,5.1684584,5.1780652,5.1300312,5.1588516,145667303,782036212.82,,
2025-03-19,601988,5.1684584,5.2260992,5.1492448,5.2164924,198275317,1072223042.52,,
2025-03-20,601988,5.2164924,5.2453128,5.1684584,5.2068856,130824618,708161431.35,,
2025-03-21,601988,5.1972788,5.2260992,5.139638,5.1492448,159260550,857626316.75,,
2025-03-24,601988,5.1492448,5.2164924,5.1492448,5.187672,166988160,901449294.5,,
2025-03-25,601988,5.187672,5.2645264,5.1780652,5.2645264,180797800,984713614.42,,
2025-03-26,601988,5.2549196,5.28374,5.2164924,5.2645264,128176226,700890880.03,,
2025-03-27,601988,5.2549196,5.3125604,5.2260992,5.3125604,169445477,933672075.7,,
2025-03-28,601988,5.3125604,5.3125604,5.2741332,5.28374,126474061,696698320.1,,
2025-03-31,601988,5.3221672,5.4182352,5.2453128,5.379808,303957309,1696069360.71,,
2025-04-01,601988,5.379808,5.4086284,5.28374,5.3029536,212101278,1177210537.57,,
2025-04-02,601988,5.28374,5.3894148,5.28374,5.3702012,160078866,891741965.44,,
2025-04-03,601988,5.331774,5.4374488,5.331774,5.4374488,168446174,947149945.36,,
2025-04-07,601988,5.3605944,5.4086284,5.0819972,5.2260992,458647782,2506689603.12,,
2025-04-08,601988,5.187672,5.2741332,5.1684584,5.2549196,383322869,2086605854.91,,
2025-04-09,601988,5.235706,5.2741332,5.1684584,5.1972788,330911112,1789959689.14,,
2025-04-10,601988,5.2164924,5.2164924,5.1492448,5.1684584,298046130,1601787432.4,,
2025-04-11,601988,5.1780652,5.2068856,5.1492448,5.2068856,216407770,1166103127.63,,
2025-04-14,601988,5.2068856,5.28374,5.187672,5.2645264,233699989,1275660397.04,,
2025-04-15,601988,5.2549196,5.379808,5.2549196,5.3605944,243186757,1349566248.2,,
2025-04-16,601988,5.3605944,5.4374488,5.331774,5.4374488,296744007,1665131643.13,,
2025-04-17,601988,5.427842,5.4374488,5.3509876,5.4374488,174213725,979931971.78,,
2025-04-18,601988,5.4182352,5.4950896,5.4182352,5.4566624,174302581,990920018.2,,
2025-04-21,601988,5.4566624,5.5911576,5.3990216,5.4086284,242958231,1386530898.54,,
2025-04-22,601988,5.427842,5.5335168,5.4182352,5.5046964,227208582,1297373694.07,,
2025-04-23,601988,5.5143032,5.5431236,5.4566624,5.4854828,167061618,955895798.52,,
2025-04-24,601988,5.4854828,5.6103712,5.4854828,5.6007644,248785040,1440954198.59,,
2025-04-25,601988,5.6400025,5.6498112,5.5222981,5.5517242,276692793,1569609892.51,,
2025-04-28,601988,5.5615329,5.6301938,5.5517242,5.6007677,213439000,1218575681.57,,
2025-04-29,601988,5.6105764,5.6301938,5.5615329,5.590959,147505971,841170034.46,,
2025-04-30,601988,5.5713416,5.590959,5.4045937,5.4242111,311040633,1724906032.19,,
2025-05-06,601988,5.4438285,5.4438285,5.3457415,5.3849763,249548738,1367661560.56,,
2025-05-07,601988,5.4144024,5.5222981,5.3653589,5.5124894,320530177,1785517937.56,,
2025-05-08,601988,5.492872,5.5517242,5.4830633,5.492872,176393322,990586841.12,,
2025-05-09,601988,5.492872,5.5811503,5.4830633,5.5419155,207561737,1174574393.63,,
2025-05-12,601988,5.5419155,5.5615329,5.4634459,5.5222981,244170300,1372758468.24,,
2025-05-13,601988,5.5222981,5.5811503,5.4732546,5.5615329,217997893,1231977785.04,,
2025-05-14,601988,5.5419155,5.6105764,5.5222981,5.5713416,223524206,1268937971.82,,
2025-05-15,601988,5.5811503,5.6203851,5.5517242,5.5615329,186326214,1060183355.58,,
2025-05-16,601988,5.5615329,5.5811503,5.4830633,5.5222981,247433118,1391039113.1,,
2025-05-19,601988,5.5222981,5.5517242,5.5026807,5.5026807,152971400,861211949.3,,
2025-05-20,601988,5.5124894,5.5419155,5.4732546,5.5026807,153014691,858524495.13,,
2025-05-21,601988,5.5026807,5.5419155,5.4732546,5.5124894,162050690,911122369.8,,
2025-05-22,601988,5.5124894,5.5419155,5.4830633,5.5222981,140499886,789761471.89,,
2025-05-23,601988,5.5222981,5.5419155,5.4634459,5.4634459,184644033,1034401401.81,,
2025-05-26,601988,5.4634459,5.4732546,5.394785,5.4045937,194368669,1075934138.53,,
2025-05-27,601988,5.4144024,5.4732546,5.4144024,5.4536372,158193716,879746711.75,,
2025-05-28,601988,5.4634459,5.4732546,5.4144024,5.4242111,123481251,684089524.43,,
2025-05-29,601988,5.4242111,5.4340198,5.3849763,5.4045937,150073548,826968263.0,,
2025-05-30,601988,5.4045937,5.4438285,5.3849763,5.4144024,200600668,1108124972.66,,
2025-06-03,601988,5.3849763,5.4340198,5.3457415,5.4144024,329020980,1807538710.65,,
2025-06-04,601988,5.4045937,5.4144024,5.3849763,5.394785,165346701,909604517.02,,
2025-06-05,601988,5.394785,5.4045937,5.3555502,5.3653589,260660423,1426854476.89,,
2025-06-06,601988,5.3653589,5.3849763,5.3261241,5.3457415,264957838,1443638857.05,,
2025-06-09,601988,5.3359328,5.3555502,5.3065067,5.3261241,251250343,1361861754.43,,
2025-06-10,601988,5.3163154,5.3849763,5.3065067,5.3457415,365049947,1990996540.95,,
2025-06-11,601988,5.3359328,5.3457415,5.3065067,5.3261241,250389273,1359095345.46,,
2025-06-12,601988,5.3261241,5.3359328,5.296698,5.3261241,271815121,1473069549.02,,
2025-06-13,601988,5.3163154,5.3261241,5.2280371,5.2378458,754649769,4047043782.98,,
2025-06-16,601988,5.2182284,5.2770806,5.1691849,5.2770806,493267087,2627030474.88,,
2025-06-17,601988,5.2574632,5.296698,5.2574632,5.2672719,258076622,1386847097.86,,
2025-06-18,601988,5.2672719,5.394785,5.2476545,5.394785,536191732,2920986170.95,,
2025-06-19,601988,5.3849763,5.4536372,5.3653589,5.4340198,400249737,2210779341.32,,
2025-06-20,601988,5.4340198,5.492872,5.4144024,5.4830633,364407001,2029043744.31,,
2025-06-23,601988,5.4732546,5.5811503,5.4438285,5.5517242,466957263,2631135246.83,,
2025-06-24,601988,5.5419155,5.6007677,5.492872,5.6007677,491050567,2786514154.42,,
2025-06-25,601988,5.5713416,5.6988547,5.5517242,5.6596199,460033118,2646559566.75,,
2025-06-26,601988,5.6596199,5.7086634,5.6301938,5.689046,319389308,1848446724.39,,
2025-06-27,601988,5.6792373,5.689046,5.492872,5.492872,495485241,2815455680.81,,
2025-06-30,601988,5.4830633,5.5222981,5.4438285,5.5124894,250450904,1401079469.24,,
2025-07-01,601988,5.5124894,5.6007677,5.492872,5.5419155,289554367,1641409361.55,,
2025-07-02,601988,5.5517242,5.5811503,5.5321068,5.5419155,188164494,1065823345.78,,
2025-07-03,601988,5.5321068,5.5615329,5.492872,5.5124894,232805790,1309581322.2,,
2025-07-04,601988,5.5026807,5.6105764,5.5026807,5.590959,296586243,1685441771.89,,
2025-07-07,601988,5.590959,5.6301938,5.5615329,5.6203851,187733270,1072274822.29,,
2025-07-08,601988,5.6105764,5.6400025,5.5811503,5.6007677,180105836,1029121013.6,,
2025-07-09,601988,5.6105764,5.7086634,5.590959,5.6694286,349282652,2018853299.65,,
2025-07-10,601988,5.6792373,5.7675156,5.6694286,5.7086634,280153969,1636781875.37,,
2025-07-11,601988,5.7184721,5.787133,5.5811503,5.5811503,504311475,2922940530.33,,
2025-07-14,601988,5.590959,5.7282808,5.590959,5.6400025,346442959,2001520131.35,,
2025-07-15,601988,5.6596199,5.6792373,5.590959,5.590959,210816761,1210607330.26,,
2025-07-16,601988,5.590959,5.6203851,5.5517242,5.6007677,221504972,1260792018.5,,
2025-07-17,601988,5.6007677,5.6203851,5.5517242,5.5615329,176157307,1001183589.39,,
2025-07-18,601988,5.5615329,5.6105764,5.5321068,5.5811503,182781300,1040368068.3,,
2025-07-21,601988,5.5811503,5.6007677,5.5222981,5.5419155,245163731,1386029903.64,,
2025-07-22,601988,5.5321068,5.5419155,5.4438285,5.4732546,391331218,2182999162.87,,
2025-07-23,601988,5.4536372,5.5713416,5.4536372,5.5222981,382041039,2153377536.51,,
2025-07-24,601988,5.5321068,5.5517242,5.4536372,5.4536372,346870297,1941424781.26,,
2025-07-25,601988,5.4536372,5.4830633,5.4144024,5.4242111,251028330,1393596968.5,,
2025-07-28,601988,5.4340198,5.4634459,5.4144024,5.4242111,212506390,1177941753.4,,
2025-07-29,601988,5.4438285,5.4634459,5.3849763,5.3849763,245627577,1355992557.5,,
2025-07-30,601988,5.3849763,5.4634459,5.3653589,5.4242111,304303859,1682104357.93,,
2025-07-31,601988,5.4242111,5.4634459,5.3457415,5.4438285,372210578,2050079187.9,,
2025-08-01,601988,5.4340198,5.4634459,5.394785,5.4438285,281524660,1559597273.49,,
2025-08-04,601988,5.4340198,5.5222981,5.4242111,5.4732546,328229275,1834910400.53,,
2025-08-05,601988,5.4634459,5.5517242,5.4438285,5.5419155,320884233,1802682588.54,,
2025-08-06,601988,5.5419155,5.5713416,5.5124894,5.5517242,242262223,1370569225.53,,
2025-08-07,601988,5.5517242,5.6105764,5.5124894,5.6105764,303145272,1725625624.93,,
2025-08-08,601988,5.6007677,5.6301938,5.5615329,5.5615329,232362471,1323692634.16,,
2025-08-11,601988,5.5615329,5.5713416,5.4830633,5.5124894,258600591,1453056415.59,,
2025-08-12,601988,5.5124894,5.5713416,5.5026807,5.5517242,246479482,1393801470.54,,
2025-08-13,601988,5.5517242,5.5811503,5.4732546,5.4732546,346875028,1948540057.89,,
2025-08-14,601988,5.4732546,5.5124894,5.4536372,5.4634459,229218033,1281571423.71,,
2025-08-15,601988,5.4732546,5.4732546,5.3163154,5.3457415,640922934,3499329742.51,,
2025-08-18,601988,5.3359328,5.3555502,5.296698,5.3457415,350600992,1907307304.06,,
2025-08-19,601988,5.3457415,5.4830633,5.3359328,5.4536372,440087113,2430443192.33,,
2025-08-20,601988,5.4634459,5.6203851,5.4536372,5.5615329,584579983,3309866722.55,,
2025-08-21,601988,5.5713416,5.6203851,5.5124894,5.6007677,397331141,2263421583.61,,
2025-08-22,601988,5.6007677,5.6105764,5.5321068,5.590959,329347195,1871201843.73,,
2025-08-25,601988,5.5811503,5.590959,5.5321068,5.5713416,316309791,1793266507.45,,
2025-08-26,601988,5.5615329,5.590959,5.5419155,5.5517242,221798355,1258560251.52,,
2025-08-27,601988,5.5419155,5.5517242,5.4438285,5.4438285,286151287,1601354358.32,,
2025-08-28,601988,5.4438285,5.4732546,5.394785,5.4242111,298504312,1651514188.02,,
2025-08-29,601988,5.4340198,5.5222981,5.4045937,5.4144024,339758294,1891118032.06,,
2025-09-01,601988,5.4242111,5.4732546,5.3849763,5.4144024,340603008,1883895130.38,,
2025-09-02,601988,5.4144024,5.5222981,5.394785,5.5222981,450040823,2514316869.97,,
2025-09-03,601988,5.5222981,5.5222981,5.4144024,5.4438285,332681361,1852988832.59,,
2025-09-04,601988,5.4144024,5.5419155,5.3065067,5.5124894,652994405,3605212941.76,,
2025-09-05,601988,5.4830633,5.4830633,5.394785,5.4144024,367034920,2029841862.27,,
2025-09-08,601988,5.394785,5.4242111,5.3555502,5.3653589,326458380,1792239405.97,,
2025-09-09,601988,5.3653589,5.4045937,5.3555502,5.3751676,200436850,1098727194.9,,
2025-09-10,601988,5.3751676,5.394785,5.3457415,5.3849763,222658547,1219577874.53,,
2025-09-11,601988,5.3751676,5.4340198,5.3359328,5.394785,410841315,2248226545.87,,
2025-09-12,601988,5.3849763,5.4242111,5.3751676,5.3751676,282750254,1555441038.85,,
2025-09-15,601988,5.3751676,5.394785,5.3457415,5.3555502,233596095,1276079489.88,,
2025-09-16,601988,5.3555502,5.3653589,5.296698,5.3065067,319359139,1731385450.99,,
2025-09-17,601988,5.3163154,5.3261241,5.2574632,5.296698,242599692,1308223172.29,,
2025-09-18,601988,5.3065067,5.3065067,5.1888023,5.198611,338132545,1805614529.7,,
2025-09-19,601988,5.1888023,5.198611,5.100524,5.1888023,320561590,1683744848.2,,
2025-09-22,601988,5.1691849,5.198611,5.1103327,5.1103327,196640163,1029995115.9,,
2025-09-23,601988,5.0907153,5.2476545,5.0612892,5.198611,454593090,2403683928.93,,
2025-09-24,601988,5.1888023,5.2672719,5.1691849,5.1789936,326623672,1733861439.67,,
2025-09-25,601988,5.1691849,5.1789936,5.1103327,5.1397588,244371841,1278506179.64,,
2025-09-26,601988,5.1299501,5.1691849,5.100524,5.1397588,179661578,941038598.46,,
2025-09-29,601988,5.1397588,5.1397588,5.0612892,5.100524,291778846,1516930591.28,,
2025-09-30,601988,5.0907153,5.1103327,5.0612892,5.0809066,192134770,995407457.02,,
2025-10-09,601988,5.0809066,5.1299501,5.0318631,5.1299501,268985454,1393383720.29,,
2025-10-10,601988,5.1201414,5.1789936,5.1103327,5.1299501,240980260,1263371302.88,,
2025-10-13,601988,5.1103327,5.1495675,5.0514805,5.100524,302141116,1570451123.0,,
2025-10-14,601988,5.0907153,5.1888023,5.0612892,5.1789936,386101133,2026534447.88,,
2025-10-15,601988,5.1789936,5.2084197,5.1397588,5.1789936,292244320,1540688791.18,,
2025-10-16,601988,5.1789936,5.296698,5.1691849,5.2770806,407723467,2176680820.32,,
2025-10-17,601988,5.2770806,5.3261241,5.2280371,5.2378458,309618125,1667212880.24,,
2025-10-20,601988,5.2182284,5.2868893,5.1397588,5.2574632,333580272,1771036686.43,,
2025-10-21,601988,5.2476545,5.296698,5.2280371,5.2868893,261947823,1407715231.31,,
2025-10-22,601988,5.2868893,5.3653589,5.2770806,5.3555502,336587708,1827788249.39,,
2025-10-23,601988,5.3555502,5.4144024,5.3261241,5.3849763,377882229,2072372182.48,,
2025-10-24,601988,5.3653589,5.4634459,5.3359328,5.4242111,431725622,2382064081.63,,
2025-10-27,601988,5.4045937,5.5321068,5.3555502,5.4830633,441059535,2454817703.89,,
2025-10-28,601988,5.4830633,5.5222981,5.4340198,5.492872,299608198,1675010077.25,,
2025-10-29,601988,5.492872,5.5615329,5.4536372,5.492872,395088198,2220593983.9,,
2025-10-30,601988,5.492872,5.6105764,5.4830633,5.5419155,462552172,2618922183.15,,
2025-10-31,601988,5.5517242,5.5615329,5.3849763,5.5026807,488445593,2717254585.83,,
2025-11-03,601988,5.4830633,5.6007677,5.4830633,5.5713416,407451801,2311333090.99,,
2025-11-04,601988,5.5713416,5.6400025,5.5615329,5.6203851,408813179,2338329001.48,,
2025-11-05,601988,5.6105764,5.6400025,5.5517242,5.5811503,248713659,1418073967.59,,
2025-11-06,601988,5.5615329,5.590959,5.5321068,5.5517242,211273435,1197058934.64,,
2025-11-07,601988,5.5517242,5.6105764,5.5222981,5.5321068,223737787,1266404442.01,,
2025-11-10,601988,5.5222981,5.5615329,5.492872,5.5517242,174406315,984727095.56,,
2025-11-11,601988,5.5419155,5.5811503,5.5222981,5.5713416,162552677,921543769.74,,
2025-11-12,601988,5.5811503,5.7086634,5.5713416,5.6498112,400963641,2312614500.65,,
2025-11-13,601988,5.6596199,5.6988547,5.5517242,5.6301938,304440399,1743572793.56,,
2025-11-14,601988,5.6301938,5.7675156,5.6203851,5.7086634,383146386,2231298175.02,,
2025-11-17,601988,5.7086634,5.7184721,5.5811503,5.6596199,293560745,1688174986.33,,
2025-11-18,601988,5.6301938,5.7086634,5.6007677,5.6694286,232418530,1340338290.31,,
2025-11-19,601988,5.6792373,5.88522,5.6694286,5.88522,568942724,3371096360.76,,
2025-11-20,601988,5.8754113,6.2089071,5.8459852,6.1206288,723204709,4501080155.68,,
2025-11-21,601988,6.1108201,6.2677593,6.1108201,6.1696723,680700731,4294459516.23,,
2025-11-24,601988,6.1696723,6.2089071,6.0225418,6.0519679,619916667,3852085962.9,,
2025-11-25,601988,6.0323505,6.1696723,5.9734983,6.1402462,435450435,2694640038.36,,
2025-11-26,601988,6.1402462,6.1892897,5.9931157,6.0323505,414893159,2562937491.41,,
2025-11-27,601988,6.0127331,6.0519679,5.9440722,6.0519679,342024226,2092863574.28,,
2025-11-28,601988,6.0323505,6.0323505,5.9244548,5.9538809,360117873,2189779215.93,,
2025-12-01,601988,5.9440722,5.983307,5.9146461,5.9538809,306503056,1858296010.11,,
2025-12-02,601988,5.9538809,5.983307,5.8656026,5.9440722,253389110,1530042693.36,,
2025-12-03,601988,5.9244548,5.9636896,5.8067504,5.8263678,322553176,1930305208.34,,
2025-12-04,601988,5.8361765,5.8459852,5.7478982,5.7675156,249983311,1474123941.89,,
2025-12-05,601988,5.7675156,5.787133,5.6596199,5.6988547,320717371,1865401733.32,,
2025-12-08,601988,5.6988547,5.7577069,5.6596199,5.7184721,306472964,1784673003.99,,
2025-12-09,601988,5.6988547,5.7577069,5.6792373,5.7282808,250922698,1463990692.45,,
2025-12-10,601988,5.7184721,5.7380895,5.6203851,5.6400025,283999891,1639088793.05,,
2025-12-11,601988,5.66,5.71,5.64,5.71,252725841,1433449522.56,,
2025-12-12,601988,5.7,5.71,5.58,5.59,356392585,1999025484.71,,
2025-12-15,601988,5.59,5.64,5.58,5.61,201936140,1133325032.2,,
2025-12-16,601988,5.6,5.62,5.55,5.59,221626997,1238134798.39,,
2025-12-17,601988,5.58,5.66,5.56,5.61,251701089,1412535014.05,,
2025-12-18,601988,5.61,5.71,5.58,5.7,287964556,1630967672.56,,
2025-12-19,601988,5.69,5.69,5.63,5.66,239860297,1358087145.95,,
2025-12-22,601988,5.65,5.67,5.61,5.67,166517602,940397556.3,,
2025-12-23,601988,5.66,5.71,5.63,5.7,260633092,1480489708.6,,
2025-12-24,601988,5.7,5.73,5.66,5.67,184149763,1046784272.66,,
2025-12-25,601988,5.66,5.71,5.63,5.65,226869010,1285967451.9,,
2025-12-26,601988,5.65,5.65,5.6,5.61,154495518,868355133.88,,
2025-12-29,601988,5.61,5.68,5.59,5.68,252761075,1425343422.06,,
2025-12-30,601988,5.66,5.7,5.61,5.67,236688700,1339549015.41,,
2025-12-31,601988,5.66,5.76,5.66,5.73,302369271,1728942716.38,,
2026-01-05,601988,5.73,5.76,5.64,5.67,346197426,1964034946.46,,
2026-01-06,601988,5.67,5.67,5.55,5.59,560642836,3133843906.65,,
2026-01-07,601988,5.58,5.6,5.55,5.56,274475697,1528918705.6,,
2026-01-08,601988,5.56,5.56,5.48,5.52,316687204,1742625352.76,,
2026-01-09,601988,5.51,5.52,5.46,5.49,227623324,1248627642.66,,
2026-01-12,601988,5.47,5.54,5.44,5.53,261567452,1436981079.18,,
2026-01-13,601988,5.52,5.61,5.52,5.55,353767323,1969724042.42,,
2026-01-14,601988,5.53,5.54,5.46,5.47,362334858,1986896749.78,,
2026-01-15,601988,5.46,5.49,5.42,5.43,227658533,1240839851.69,,
2026-01-16,601988,5.43,5.44,5.38,5.4,286266015,1548257786.15,,
2026-01-19,601988,5.38,5.42,5.35,5.36,253682627,1363336280.53,,
2026-01-20,601988,5.36,5.45,5.34,5.44,317440678,1716541503.94,,
2026-01-21,601988,5.44,5.48,5.33,5.33,364120330,1959298227.23,,
2026-01-22,601988,5.33,5.36,5.3,5.3,249659484,1328510248.06,,
2026-01-23,601988,5.32,5.32,5.26,5.27,247374052,1306482698.08,,
2026-01-26,601988,5.26,5.36,5.23,5.31,379622885,2018339669.75,,
2026-01-27,601988,5.31,5.42,5.3,5.33,430591172,2314067266.68,,
2026-01-28,601988,5.32,5.4,5.3,5.34,331404075,1774217581.4,,
2026-01-29,601988,5.34,5.4,5.3,5.37,323012120,1728023012.8,,
2026-01-30,601988,5.38,5.43,5.35,5.37,324854861,1752185733.2,,
2026-02-02,601988,5.37,5.45,5.36,5.42,338563858,1834399008.52,,
2026-02-03,601988,5.4,5.4,5.27,5.28,448757315,2382313835.28,,
2026-02-04,601988,5.29,5.36,5.28,5.35,272475935,1455002370.21,,
2026-02-05,601988,5.37,5.43,5.35,5.4,266343156,1436793857.45,,
2026-02-06,601988,5.42,5.43,5.33,5.35,271598355,1454130585.45,,
2026-02-09,601988,5.33,5.38,5.31,5.38,172065954,920817687.03,,
2026-02-10,601988,5.38,5.42,5.36,5.41,209240437,1131231526.73,,
2026-02-11,601988,5.41,5.43,5.36,5.41,170686804,921920080.18,,
2026-02-12,601988,5.41,5.41,5.33,5.34,235306383,1259628812.34,,
2026-02-13,601988,5.35,5.36,5.3,5.31,211973073,1127854486.31,,
2026-02-24,601988,5.32,5.32,5.28,5.29,157530558,834519545.93,,
2026-02-25,601988,5.29,5.31,5.27,5.29,187928206,993983380.5,,
2026-02-26,601988,5.29,5.31,5.25,5.27,156390840,824811744.95,,
2026-02-27,601988,5.28,5.3,5.26,5.28,141987166,749568722.86,,
2026-03-02,601988,5.28,5.33,5.25,5.31,227969156,1208227862.94,,
2026-03-03,601988,5.3,5.44,5.28,5.42,495574107,2669491489.45,,
2026-03-04,601988,5.41,5.42,5.28,5.35,423813553,2254636213.97,,
2026-03-05,601988,5.31,5.4,5.29,5.39,249638030,1338643193.26,,
2026-03-06,601988,5.37,5.42,5.35,5.39,194947276,1049580787.1,,
