日期,股票代码,开盘,最高,最低,收盘,成交量,成交额,异常情况,异常涨跌幅
2016-03-11,601216,2.20960665,2.2907229,2.20960665,2.26801035,11046502,76724431.0,,
2016-03-14,601216,2.2842336,2.37832845,2.2777443,2.32641405,24745356,178702526.0,,
2016-03-15,601216,2.32641405,2.336148,2.2842336,2.3037015,13114969,93332717.0,,
2016-03-16,601216,2.3037015,2.3296587,2.2972122,2.31343545,17862036,127527384.0,,
2016-03-17,601216,2.3231694,2.5438056,2.3037015,2.45620005,63836071,485134720.0,,
2016-03-18,601216,2.4334875,2.5762521,2.4140196,2.5113591,80088984,617080992.0,,
2016-03-21,601216,2.5632735,2.7125274,2.50162515,2.61194325,74963871,599432512.0,,
2016-03-22,601216,2.56651815,2.5892307,2.5243377,2.5567842,45581878,358641488.0,,
2016-03-23,601216,2.54705025,2.60545395,2.53407165,2.57300745,33726382,267064235.0,,
2016-03-24,601216,2.54056095,2.59247535,2.4918912,2.49513585,36125306,281128880.0,,
2016-03-25,601216,2.4983805,2.5438056,2.46917865,2.5243377,22232892,171962168.0,,
2016-03-28,601216,2.5243377,2.55353955,2.46268935,2.4724233,24235831,188184163.0,,
2016-03-29,601216,2.46917865,2.48864655,2.37832845,2.401041,22761519,170121916.0,,
2016-03-30,601216,2.42375355,2.48864655,2.4205089,2.48215725,23616636,178537312.0,,
2016-03-31,601216,2.4983805,2.5438056,2.48215725,2.51460375,28497094,220829636.0,,
2016-04-01,601216,2.50811445,2.5113591,2.4205089,2.47566795,22093853,167592970.0,,
2016-04-05,601216,2.47566795,2.5567842,2.4529554,2.54056095,29365412,228062469.0,,
2016-04-06,601216,2.4983805,2.5632735,2.49513585,2.54056095,24482809,191249151.0,,
2016-04-07,601216,2.5567842,2.56651815,2.4724233,2.4789126,23106770,178622872.0,,
2016-04-08,601216,2.4594447,2.46268935,2.41077495,2.4464661,18660825,140089114.0,,
2016-04-11,601216,2.47566795,2.5113591,2.4724233,2.4983805,16587159,127630284.0,,
2016-04-12,601216,2.65736835,2.6865702,2.59572,2.61194325,66243383,537372432.0,,
2016-04-13,601216,2.6216772,2.81960085,2.60545395,2.7319953,70946675,589005072.0,,
2016-04-14,601216,2.7384846,2.8358241,2.7319953,2.7709311,62663750,538894960.0,,
2016-04-15,601216,2.7709311,2.7709311,2.70279345,2.7319953,29413347,247554865.0,,
2016-04-18,601216,2.7319953,2.77417575,2.67683625,2.72875065,32830223,276000800.0,,
2016-04-19,601216,2.725506,2.7839097,2.70279345,2.7644418,31671693,267969754.0,,
2016-04-20,601216,2.76768645,2.7709311,2.54705025,2.6216772,45295862,369386976.0,,
2016-04-21,601216,2.6216772,2.6411451,2.5438056,2.55353955,23969166,191867982.0,,
2016-04-22,601216,2.5502949,2.60545395,2.50162515,2.59572,18564227,147117346.0,,
2016-04-25,601216,2.5827414,2.5827414,2.52109305,2.5567842,13410390,105436793.0,,
2016-04-26,601216,2.56002885,2.59896465,2.55353955,2.59572,13504578,107193072.0,,
2016-04-27,601216,2.60545395,2.6411451,2.57949675,2.59572,18244894,147009137.0,,
2016-04-28,601216,2.59572,2.6086986,2.5438056,2.59247535,16330185,129552434.0,,
2016-04-29,601216,2.59247535,2.59247535,2.56002885,2.5632735,10728262,85055943.0,,
2016-05-03,601216,2.57300745,2.6411451,2.55353955,2.62492185,24357036,196213111.0,,
2016-05-04,601216,2.6216772,2.63790045,2.60545395,2.6151879,19688828,159185267.0,,
2016-05-05,601216,2.6022093,2.6671023,2.59572,2.6476344,19542629,157965564.0,,
2016-05-06,601216,2.6476344,2.65736835,2.51460375,2.5178484,25828314,205912678.0,,
2016-05-09,601216,2.49513585,2.49513585,2.38481775,2.4075303,18533019,139082848.0,,
2016-05-10,601216,2.41726425,2.4334875,2.39130705,2.4075303,9895147,73533170.0,,
2016-05-11,601216,2.42375355,2.43024285,2.3750838,2.37832845,9215827,68300491.0,,
2016-05-12,601216,2.35237125,2.35237125,2.28747825,2.3491266,12453449,89102603.0,,
2016-05-13,601216,2.34588195,2.3685945,2.31992475,2.336148,8471411,61205734.0,,
2016-05-16,601216,2.3426373,2.3750838,2.3037015,2.37183915,8896161,64323074.0,,
2016-05-17,601216,2.3621052,2.4205089,2.3426373,2.3815731,12211449,89480654.0,,
2016-05-18,601216,2.35237125,2.35237125,2.27449965,2.3037015,13860849,98600094.0,,
2016-05-19,601216,2.30045685,2.33939265,2.29396755,2.30045685,7792971,55699098.0,,
2016-05-20,601216,2.2777443,2.3231694,2.26152105,2.31992475,10496341,74282749.0,,
2016-05-23,601216,2.3231694,2.3556159,2.3166801,2.3491266,9211272,66489496.0,,
2016-05-24,601216,2.3491266,2.3815731,2.31992475,2.3491266,13444427,97087390.0,,
2016-05-25,601216,2.35886055,2.37832845,2.30694615,2.31343545,11938713,86169028.0,,
2016-05-26,601216,2.3166801,2.3231694,2.2647657,2.3166801,10728398,75707886.0,,
2016-05-27,601216,2.3166801,2.33290335,2.30694615,2.31992475,7767550,55521144.0,,
2016-05-30,601216,2.30694615,2.31992475,2.2842336,2.2972122,6573887,46653581.0,,
2016-05-31,601216,2.30045685,2.4075303,2.30045685,2.401041,23335709,170948773.0,,
2016-06-01,601216,2.401041,2.41077495,2.3815731,2.3945517,18131869,134001891.0,,
2016-06-02,601216,2.3945517,2.45620005,2.38481775,2.4464661,23355304,174684194.0,,
2016-06-03,601216,2.43024285,2.49513585,2.4075303,2.45620005,25207428,190165374.0,,
2016-06-06,601216,2.4464661,2.465934,2.41726425,2.43673215,14242097,107027330.0,,
2016-06-07,601216,2.4334875,2.4334875,2.401041,2.4205089,10085319,75090497.0,,
2016-06-08,601216,2.4269982,2.43024285,2.3945517,2.4075303,12237035,90884971.0,,
2016-06-13,601216,2.3815731,2.38481775,2.27449965,2.2777443,15214089,109723916.0,,
2016-06-14,601216,2.2972122,2.30045685,2.27449965,2.28747825,8871510,62558354.0,,
2016-06-15,601216,2.27449965,2.3621052,2.2647657,2.336148,13843182,99274884.0,,
2016-06-16,601216,2.336148,2.33939265,2.3037015,2.3166801,10622050,76036364.0,,
2016-06-17,601216,2.33290335,2.3621052,2.31992475,2.336148,10822874,78234910.0,,
2016-06-20,601216,2.34588195,2.3556159,2.3166801,2.33939265,7169450,51525731.0,,
2016-06-21,601216,2.3556159,2.37832845,2.3426373,2.3491266,14339821,104180263.0,,
2016-06-22,601216,2.3426373,2.3750838,2.33290335,2.3685945,10315671,74825471.0,,
2016-06-23,601216,2.3685945,2.3685945,2.33939265,2.3491266,8489406,61589326.0,,
2016-06-24,601216,2.3491266,2.37183915,2.271255,2.3166801,15143369,108361874.0,,
2016-06-27,601216,2.3037015,2.3621052,2.29396755,2.3621052,9439362,68201814.0,,
2016-06-28,601216,2.3491266,2.44322145,2.3491266,2.4269982,20191854,150117593.0,,
2016-06-29,601216,2.4269982,2.4399768,2.401041,2.4075303,12749008,94968001.0,,
2016-06-30,601216,2.4140196,2.4269982,2.3945517,2.42375355,11473812,85304230.0,,
2016-07-01,601216,2.42375355,2.4789126,2.41077495,2.44322145,17739474,133778278.0,,
2016-07-04,601216,2.4205089,2.5373163,2.4075303,2.50811445,27139093,207903237.0,,
2016-07-05,601216,2.51460375,2.51460375,2.48215725,2.50162515,17374545,133661877.0,,
2016-07-06,601216,2.48864655,2.52758235,2.4854019,2.51460375,18271328,141124903.0,,
2016-07-07,601216,2.5113591,2.54705025,2.4918912,2.50811445,15137294,117309686.0,,
2016-07-08,601216,2.4918912,2.5178484,2.4918912,2.50162515,11650176,89970225.0,,
2016-07-11,601216,2.50811445,2.5178484,2.4724233,2.4789126,16905196,130199143.0,,
2016-07-12,601216,2.4789126,2.5113591,2.4399768,2.5113591,17608934,134573578.0,,
2016-07-13,601216,2.51460375,2.5567842,2.50162515,2.54705025,23485999,183090128.0,,
2016-07-14,601216,2.53407165,2.6086986,2.52109305,2.59572,27884835,220847531.0,,
2016-07-15,601216,2.58598605,2.59896465,2.55353955,2.5632735,15558575,123169023.0,,
2016-07-18,601216,2.54056095,2.5567842,2.52109305,2.53407165,11165434,87240270.0,,
2016-07-19,601216,2.530827,2.54705025,2.5178484,2.54705025,10154997,79210263.0,,
2016-07-20,601216,2.5373163,2.5502949,2.5178484,2.52109305,8468854,66091001.0,,
2016-07-21,601216,2.5178484,2.5502949,2.5178484,2.530827,9450380,73790305.0,,
2016-07-22,601216,2.5373163,2.5373163,2.5048698,2.5113591,12894392,99993434.0,,
2016-07-25,601216,2.5048698,2.5243377,2.50162515,2.51460375,9159508,70944475.0,,
2016-07-26,601216,2.50811445,2.57949675,2.50811445,2.57300745,20468172,160994507.0,,
2016-07-27,601216,2.57300745,2.5762521,2.4205089,2.48215725,29341238,225398700.0,,
2016-07-28,601216,2.4854019,2.63141115,2.4724233,2.6281665,43576220,344004944.0,,
2016-07-29,601216,2.6086986,2.62492185,2.53407165,2.5373163,31557097,250926077.0,,
2016-08-01,601216,2.5178484,2.5243377,2.4464661,2.4724233,16864570,128431359.0,,
2016-08-02,601216,2.48215725,2.50811445,2.465934,2.5048698,8483035,65030725.0,,
2016-08-03,601216,2.4918912,2.58598605,2.4854019,2.5632735,19351616,151979900.0,,
2016-08-04,601216,2.59247535,2.6151879,2.5502949,2.56651815,26170998,208489984.0,,
2016-08-05,601216,2.5632735,2.59896465,2.54705025,2.57300745,16856159,133757999.0,,
2016-08-08,601216,2.5827414,2.61843255,2.55353955,2.6086986,25295488,201822528.0,,
2016-08-09,601216,2.60545395,2.6086986,2.5697628,2.58598605,23986314,191175588.0,,
2016-08-10,601216,2.59248255,2.65745705,2.5599953,2.57948765,31255114,125484418.0,,
2016-08-11,601216,2.5210106,2.5470004,2.4820259,2.4950208,48263279,187113880.0,,
2016-08-12,601216,2.4820259,2.5210106,2.47552845,2.5210106,30417176,116735950.0,,
2016-08-15,601216,2.5210106,2.63146725,2.50151825,2.60547745,73196875,290690336.0,,
2016-08-16,601216,2.59248255,2.6119749,2.56649275,2.59898,53014323,211199506.0,,
2016-08-17,601216,2.59248255,2.6249698,2.57948765,2.59248255,39651637,158465517.0,,
2016-08-18,601216,2.59898,2.6119749,2.56649275,2.60547745,45994080,183737883.0,,
2016-08-19,601216,2.60547745,2.78740605,2.5729902,2.7419239,95966680,393172656.0,,
2016-08-22,601216,3.0148168,3.0148168,3.0148168,3.0148168,43949734,203926766.0,,
2016-08-23,601216,3.0148168,3.0148168,3.0148168,3.0148168,0,0.0,停牌,
2016-08-24,601216,3.0148168,3.0148168,3.0148168,3.0148168,0,0.0,停牌,
2016-08-25,601216,3.0148168,3.0148168,3.0148168,3.0148168,0,0.0,停牌,
2016-08-26,601216,3.00831935,3.08628875,2.86537545,2.8718729,231698288,1056272880.0,,
2016-08-29,601216,2.81339585,2.83938565,2.72243155,2.7419239,121926803,519659152.0,,
2016-08-30,601216,2.7549188,2.7679137,2.72243155,2.73542645,69585894,293645168.0,,
2016-08-31,601216,2.728929,2.7679137,2.6769494,2.73542645,70083103,294163664.0,,
2016-09-01,601216,2.72243155,2.7809086,2.7029392,2.7159341,72667084,306570352.0,,
2016-09-02,601216,2.7029392,2.988827,2.6899443,2.988827,162042936,708546656.0,,
2016-09-05,601216,3.07329385,3.2877097,3.0538015,3.25522245,432607856,2138333040.0,价格异常,10.000000000000009
2016-09-06,601216,3.1707556,3.3526842,3.1447658,3.3396893,333211712,1656029856.0,,
2016-09-07,601216,3.2617199,3.29420715,3.1837505,3.20324285,223843835,1114822704.0,,
2016-09-08,601216,3.1707556,3.2097403,3.09928365,3.1837505,143387366,696113536.0,,
2016-09-09,601216,3.17725305,3.43715105,3.12527345,3.2877097,272771808,1384157952.0,,
2016-09-12,601216,3.1707556,3.39816635,3.08628875,3.37217655,229651842,1149493120.0,,
2016-09-13,601216,3.32019695,3.508623,3.3136995,3.38517145,242487707,1271442096.0,,
2016-09-14,601216,3.3136995,3.7165414,3.25522245,3.5865924,317798336,1708615472.0,,
2016-09-19,601216,3.63207455,3.6645618,3.508623,3.58009495,198450880,1095191648.0,,
2016-09-20,601216,3.5606026,3.59308985,3.41116125,3.50212555,183403078,985977360.0,,
2016-09-21,601216,3.4826332,3.55410515,3.4306536,3.46314085,132966363,713449872.0,,
2016-09-22,601216,3.4956281,3.5606026,3.45014595,3.508623,138198275,745669536.0,,
2016-09-23,601216,3.4826332,3.50212555,3.29420715,3.3007046,183038933,952666848.0,,
2016-09-26,601216,3.2617199,3.33319185,3.2227352,3.2357301,99775960,501655808.0,,
2016-09-27,601216,3.2357301,3.2617199,3.13826835,3.25522245,103941496,511866144.0,,
2016-09-28,601216,3.2357301,3.28121225,3.1837505,3.2097403,66293105,329029072.0,,
2016-09-29,601216,3.2097403,3.2617199,3.19024795,3.2097403,66025056,327293840.0,,
2016-09-30,601216,3.1967454,3.2227352,3.1707556,3.1707556,52791950,259278412.0,,
2016-10-10,601216,3.24222755,3.48913065,3.22923265,3.48913065,197755206,1037306016.0,,
2016-10-11,601216,3.50212555,3.5865924,3.4176587,3.55410515,202305981,1092339664.0,,
2016-10-12,601216,3.50212555,3.63207455,3.4436485,3.54111025,158948661,860280400.0,,
2016-10-13,601216,3.51512045,3.61907965,3.4826332,3.4956281,124714662,678894048.0,,
2016-10-14,601216,3.4956281,3.61907965,3.4696383,3.52811535,127969971,697491568.0,,
2016-10-17,601216,3.52811535,3.52811535,3.378674,3.39816635,123881555,656642032.0,,
2016-10-18,601216,3.4176587,3.48913065,3.3526842,3.4696383,101905307,537460640.0,,
2016-10-19,601216,3.4566434,3.4956281,3.39816635,3.45014595,92268975,489081888.0,,
2016-10-20,601216,3.45014595,3.4566434,3.39816635,3.41116125,67438241,354744112.0,,
2016-10-21,601216,3.4176587,3.4176587,3.3007046,3.3526842,78633819,406019744.0,,
2016-10-24,601216,3.3396893,3.39816635,3.3266944,3.37217655,52376390,271726128.0,,
2016-10-25,601216,3.3526842,3.65806435,3.3526842,3.5216179,185143476,1005650848.0,,
2016-10-26,601216,3.508623,3.508623,3.39816635,3.46314085,107014712,568036048.0,,
2016-10-27,601216,3.45014595,3.4696383,3.38517145,3.4176587,60700065,319162992.0,,
2016-10-28,601216,3.43715105,3.45014595,3.34618675,3.35918165,67241038,350885920.0,,
2016-10-31,601216,3.3266944,3.3916689,3.3136995,3.3656791,46921394,242795045.0,,
2016-11-01,601216,3.38517145,3.48913065,3.34618675,3.4436485,91225499,479896960.0,,
2016-11-02,601216,3.38517145,3.4306536,3.3526842,3.3656791,63662285,331758832.0,,
2016-11-03,601216,3.378674,3.6125822,3.378674,3.4566434,173790387,934937856.0,,
2016-11-04,601216,3.4046638,3.47613575,3.39816635,3.4306536,82923982,437561264.0,,
2016-11-07,601216,3.42415615,3.45014595,3.3656791,3.3916689,56177890,293409056.0,,
2016-11-08,601216,3.4436485,3.4696383,3.39816635,3.4176587,70648401,373713536.0,,
2016-11-09,601216,3.41116125,3.41116125,3.3007046,3.3396893,103110269,532087008.0,,
2016-11-10,601216,3.37217655,3.3916689,3.34618675,3.35918165,52404357,271401344.0,,
2016-11-11,601216,3.4696383,3.5735975,3.4046638,3.4176587,119174044,634187072.0,,
2016-11-14,601216,3.35918165,3.46314085,3.3396893,3.42415615,92061801,481266368.0,,
2016-11-15,601216,3.4306536,3.4306536,3.38517145,3.4046638,45242394,236661525.0,,
2016-11-16,601216,3.39816635,3.50212555,3.38517145,3.4306536,97800291,518865360.0,,
2016-11-17,601216,3.3916689,3.4046638,3.35918165,3.3916689,60098930,313071680.0,,
2016-11-18,601216,3.3916689,3.3916689,3.3526842,3.35918165,46432856,240697231.0,,
2016-11-21,601216,3.3526842,3.3916689,3.34618675,3.3656791,38385527,199071556.0,,
2016-11-22,601216,3.378674,3.4436485,3.35918165,3.39816635,68553672,359147040.0,,
2016-11-23,601216,3.3916689,3.4436485,3.3656791,3.43715105,96498299,506287264.0,,
2016-11-24,601216,3.4176587,3.48913065,3.3916689,3.4176587,82957856,439125312.0,,
2016-11-25,601216,3.41116125,3.42415615,3.3526842,3.39816635,57876111,301389984.0,,
2016-11-28,601216,3.41116125,3.4436485,3.378674,3.4046638,50797991,266533438.0,,
2016-11-29,601216,3.38517145,3.39816635,3.3526842,3.3656791,54333260,282420080.0,,
2016-11-30,601216,3.35918165,3.4046638,3.3396893,3.38517145,47333199,245086896.0,,
2016-12-01,601216,3.3656791,3.3916689,3.35918165,3.37217655,29519620,153279737.0,,
2016-12-02,601216,3.3916689,3.3916689,3.248725,3.25522245,77384144,394352080.0,,
2016-12-05,601216,3.21623775,3.2357301,3.17725305,3.1967454,41638325,205249071.0,,
2016-12-06,601216,3.1967454,3.2227352,3.1837505,3.19024795,29730385,146587926.0,,
2016-12-07,601216,3.1837505,3.248725,3.15126325,3.21623775,37196768,182881753.0,,
2016-12-08,601216,3.22923265,3.2357301,3.1967454,3.20324285,23449148,116054701.0,,
2016-12-09,601216,3.20324285,3.21623775,3.1577607,3.16425815,31950853,156331465.0,,
2016-12-12,601216,3.16425815,3.1837505,2.96933465,3.00831935,66766002,312748832.0,,
2016-12-13,601216,2.95633975,2.99532445,2.8718729,2.96933465,39368341,178463664.0,,
2016-12-14,601216,2.98232955,3.04730405,2.94334485,2.98232955,37463521,173595042.0,,
2016-12-15,601216,2.98232955,3.0278117,2.9498423,2.99532445,24477870,112857105.0,,
2016-12-16,601216,3.0148168,3.21623775,2.98232955,3.118776,62229995,298302064.0,,
2016-12-19,601216,3.0408066,3.08628875,3.0278117,3.06029895,28422688,133753615.0,,
2016-12-20,601216,3.0667964,3.118776,3.0408066,3.08628875,28576073,135380751.0,,
2016-12-21,601216,3.08628875,3.11227855,3.07329385,3.0927862,22374246,106430327.0,,
2016-12-22,601216,3.0797913,3.0927862,3.0408066,3.06029895,19279927,90845444.0,,
2016-12-23,601216,3.04730405,3.07329385,2.98232955,3.0538015,33005201,153825454.0,,
2016-12-26,601216,3.0278117,3.0667964,2.99532445,3.0408066,19601068,91031141.0,,
2016-12-27,601216,3.0278117,3.1057811,3.02131425,3.07329385,27614171,130225908.0,,
2016-12-28,601216,3.07329385,3.07329385,3.0278117,3.03430915,15921237,74700930.0,,
2016-12-29,601216,3.02131425,3.04730405,3.0018219,3.0018219,14129385,65783493.0,,
2016-12-30,601216,3.0018219,3.03430915,2.988827,3.02131425,18357516,84965808.0,,
2017-01-03,601216,2.988827,3.02131425,2.988827,3.0148168,17773504,82319623.0,,
2017-01-04,601216,3.0408066,3.06029895,3.0278117,3.0408066,24531504,114821148.0,,
2017-01-05,601216,3.0408066,3.04730405,3.00831935,3.0148168,19286486,89717859.0,,
2017-01-06,601216,3.00831935,3.0148168,2.9628372,2.9758321,26846249,123401863.0,,
2017-01-09,601216,2.9368474,2.98232955,2.9108576,2.94334485,37122162,168166054.0,,
2017-01-10,601216,2.9368474,2.96933465,2.9238525,2.9368474,23931346,108278017.0,,
2017-01-11,601216,2.93034995,2.9368474,2.8848678,2.8848678,21017940,93968614.0,,
2017-01-12,601216,2.8848678,2.8978627,2.8458831,2.85238055,16564784,73290085.0,,
2017-01-13,601216,2.8458831,2.858878,2.7939035,2.8458831,23785304,103363409.0,,
2017-01-16,601216,2.8458831,2.9108576,2.7809086,2.8978627,45240389,197680526.0,,
2017-01-17,601216,2.8848678,2.89136525,2.85238055,2.87837035,14928759,65981712.0,,
2017-01-18,601216,2.87837035,2.9238525,2.8718729,2.87837035,15347338,68342980.0,,
2017-01-19,601216,2.86537545,2.8848678,2.83938565,2.85238055,11064387,48684784.0,,
2017-01-20,601216,2.8458831,2.8848678,2.83938565,2.87837035,14743190,65062728.0,,
2017-01-23,601216,2.87837035,2.90436015,2.87837035,2.8978627,12746109,56789161.0,,
2017-01-24,601216,2.9108576,2.9108576,2.87837035,2.89136525,12965439,57767383.0,,
2017-01-25,601216,2.89136525,2.9368474,2.8718729,2.9108576,17777835,79450605.0,,
2017-01-26,601216,2.8978627,2.9368474,2.89136525,2.9238525,13526720,60752756.0,,
2017-02-03,601216,2.93034995,2.93034995,2.90436015,2.90436015,8909632,39961237.0,,
2017-02-06,601216,2.90436015,2.9238525,2.8978627,2.91735505,11911502,53334112.0,,
2017-02-07,601216,2.91735505,2.91735505,2.89136525,2.9108576,11640970,52051435.0,,
2017-02-08,601216,2.90436015,2.9108576,2.8718729,2.9108576,15783462,70198208.0,,
2017-02-09,601216,2.90436015,3.0018219,2.8978627,2.98232955,44819059,204786714.0,,
2017-02-10,601216,2.988827,2.988827,2.94334485,2.9758321,26061387,118881435.0,,
2017-02-13,601216,2.9628372,3.0927862,2.95633975,3.03430915,46133730,214290369.0,,
2017-02-14,601216,3.0148168,3.0278117,2.988827,2.99532445,29707570,137204696.0,,
2017-02-15,601216,2.99532445,3.0148168,2.94334485,2.94334485,24238220,111272563.0,,
2017-02-16,601216,2.9498423,2.988827,2.94334485,2.96933465,19889191,90766552.0,,
2017-02-17,601216,2.95633975,3.0148168,2.95633975,2.9758321,29712211,136384767.0,,
2017-02-20,601216,2.9628372,3.0538015,2.9498423,3.03430915,52549952,244423445.0,,
2017-02-21,601216,3.03430915,3.0797913,3.02131425,3.04730405,47321815,222033195.0,,
2017-02-22,601216,3.04730405,3.0538015,3.02131425,3.0408066,24274276,113396964.0,,
2017-02-23,601216,3.0408066,3.04730405,2.99532445,3.0018219,29051434,134784901.0,,
2017-02-24,601216,3.0018219,3.0278117,2.9758321,3.0148168,21967538,101633635.0,,
2017-02-27,601216,3.3136995,3.3136995,3.1577607,3.3136995,418252144,2113351824.0,,
2017-02-28,601216,3.3007046,3.3266944,3.1967454,3.30720205,304063120,1525906224.0,,
2017-03-01,601216,3.26821735,3.638572,3.24222755,3.638572,714325616,3915871200.0,,
2017-03-02,601216,3.5735975,3.65806435,3.5216179,3.5865924,388645792,2142169664.0,,
2017-03-03,601216,3.55410515,3.6645618,3.50212555,3.508623,239784875,1317642528.0,,
2017-03-06,601216,3.47613575,3.5735975,3.4306536,3.50212555,182471592,981674784.0,,
2017-03-07,601216,3.51512045,3.54111025,3.41116125,3.43715105,165966778,886991504.0,,
2017-03-08,601216,3.43715105,3.4436485,3.3656791,3.3916689,117495133,614529008.0,,
2017-03-09,601216,3.39816635,3.39816635,3.3136995,3.38517145,143369451,739464896.0,,
2017-03-10,601216,3.38517145,3.39816635,3.3396893,3.378674,94518654,491011616.0,,
2017-03-13,601216,3.3656791,3.47613575,3.3136995,3.4436485,168832248,887112240.0,,
2017-03-14,601216,3.4176587,3.4176587,3.3526842,3.35918165,100084324,520235632.0,,
2017-03-15,601216,3.34618675,3.37217655,3.3136995,3.33319185,77072794,395582528.0,,
2017-03-16,601216,3.34618675,3.4176587,3.33319185,3.378674,106274978,553370992.0,,
2017-03-17,601216,3.3656791,3.4696383,3.34618675,3.38517145,133943375,702299632.0,,
2017-03-20,601216,3.38517145,3.4306536,3.34618675,3.378674,71771103,373037376.0,,
2017-03-21,601216,3.38517145,3.39816635,3.35918165,3.37217655,44268501,229870888.0,,
2017-03-22,601216,3.33319185,3.3526842,3.248725,3.29420715,111938410,567205744.0,,
2017-03-23,601216,3.3136995,3.35918165,3.2617199,3.3007046,80018966,408098608.0,,
2017-03-24,601216,3.3266944,3.38517145,3.28121225,3.33319185,84927804,436529808.0,,
2017-03-27,601216,3.30720205,3.3266944,3.2877097,3.32019695,53014633,269710928.0,,
2017-03-28,601216,3.30720205,3.3916689,3.3007046,3.32019695,93731046,483688528.0,,
2017-03-29,601216,3.32019695,3.32019695,3.22923265,3.2357301,100124783,502799696.0,,
2017-03-30,601216,3.20324285,3.2227352,3.12527345,3.15126325,84658934,412397568.0,,
2017-03-31,601216,3.1577607,3.17725305,3.1317709,3.1577607,38765160,188089286.0,,
2017-04-05,601216,3.1577607,3.20324285,3.1577607,3.1837505,49333313,241916179.0,,
2017-04-06,601216,3.1967454,3.22923265,3.17725305,3.20324285,42226927,208645722.0,,
2017-04-07,601216,3.19024795,3.24222755,3.1707556,3.20324285,49680480,244813529.0,,
2017-04-10,601216,3.22923265,3.2747148,3.20324285,3.2097403,53909129,268152510.0,,
2017-04-11,601216,3.1837505,3.2227352,3.118776,3.2097403,67006802,327094080.0,,
2017-04-12,601216,3.1837505,3.2877097,3.13826835,3.2357301,75215776,372786912.0,,
2017-04-13,601216,3.24222755,3.2617199,3.2097403,3.2357301,49848887,248605000.0,,
2017-04-14,601216,3.248725,3.3656791,3.21623775,3.29420715,143418707,730869328.0,,
2017-04-17,601216,3.25522245,3.33319185,3.248725,3.3136995,82733172,418168224.0,,
2017-04-18,601216,3.3136995,3.33319185,3.2747148,3.2747148,59316706,301401472.0,,
2017-04-19,601216,3.24222755,3.24222755,3.0538015,3.0797913,104000124,501149264.0,,
2017-04-20,601216,3.06029895,3.09928365,3.0408066,3.0927862,50042662,236382388.0,,
2017-04-21,601216,3.0927862,3.118776,3.04730405,3.11227855,40594691,192591318.0,,
2017-04-24,601216,3.1057811,3.1057811,2.99532445,3.0667964,48079067,225165979.0,,
2017-04-25,601216,3.0667964,3.1057811,3.03430915,3.0667964,32163996,151986991.0,,
2017-04-26,601216,3.06029895,3.118776,3.04730405,3.0797913,29081299,138183613.0,,
2017-04-27,601216,3.07329385,3.0797913,2.96933465,3.0408066,54480878,253485805.0,,
2017-04-28,601216,3.0538015,3.06029895,3.0278117,3.04730405,23501027,110089485.0,,
2017-05-02,601216,3.0408066,3.0408066,3.0018219,3.00831935,25969447,120531124.0,,
2017-05-03,601216,2.988827,3.08628875,2.96933465,3.0538015,52185325,242946120.0,,
2017-05-04,601216,3.0148168,3.03430915,2.988827,3.02131425,34443490,159807986.0,,
2017-05-05,601216,3.00831935,3.0278117,2.98232955,3.02131425,33595839,155549520.0,,
2017-05-08,601216,3.0018219,3.0797913,2.98232955,3.0667964,54296365,253528790.0,,
2017-05-09,601216,3.04730405,3.0667964,3.0148168,3.0538015,26950310,126180764.0,,
2017-05-10,601216,3.0538015,3.2747148,3.0408066,3.13826835,116283899,567517264.0,,
2017-05-11,601216,3.1057811,3.20324285,3.0538015,3.1707556,79582708,386012080.0,,
2017-05-12,601216,3.15126325,3.28121225,3.1447658,3.1967454,73536711,364287616.0,,
2017-05-15,601216,3.17725305,3.24222755,3.12527345,3.13826835,47980938,233777654.0,,
2017-05-16,601216,3.118776,3.1707556,3.11227855,3.16425815,39062324,188988986.0,,
2017-05-17,601216,3.16425815,3.21623775,3.1317709,3.16425815,47274488,230855728.0,,
2017-05-18,601216,3.12527345,3.16425815,3.09928365,3.09928365,37629100,181128251.0,,
2017-05-19,601216,3.1057811,3.118776,3.0408066,3.0538015,30270932,142958478.0,,
2017-05-22,601216,3.0408066,3.0797913,2.99532445,3.0667964,31583579,147481440.0,,
2017-05-23,601216,3.0538015,3.12527345,3.03430915,3.1057811,52382380,249029122.0,,
2017-05-24,601216,3.0797913,3.11227855,3.0408066,3.1057811,27940795,132178387.0,,
2017-05-25,601216,3.08628875,3.16425815,3.0797913,3.1447658,54583126,263417842.0,,
2017-05-26,601216,3.13826835,3.1577607,3.118776,3.15126325,29908357,144546184.0,,
2017-05-31,601216,3.1577607,3.1837505,3.0927862,3.1707556,68186526,330804080.0,,
2017-06-01,601216,3.15126325,3.1967454,3.1317709,3.17725305,60971199,297483280.0,,
2017-06-02,601216,3.1577607,3.17725305,3.11227855,3.1577607,33407771,162052295.0,,
2017-06-05,601216,3.1577607,3.1707556,3.1317709,3.16425815,17224969,83737947.0,,
2017-06-06,601216,3.16425815,3.19024795,3.1447658,3.17725305,25110834,122404817.0,,
2017-06-07,601216,3.17725305,3.2097403,3.1577607,3.19024795,44977016,220650041.0,,
2017-06-08,601216,3.19024795,3.1967454,3.13826835,3.1447658,32023922,156047665.0,,
2017-06-09,601216,3.16425815,3.19024795,3.13826835,3.17725305,39668287,193393294.0,,
2017-06-12,601216,3.16425815,3.1707556,3.12527345,3.12527345,25349614,122756653.0,,
2017-06-13,601216,3.118776,3.13826835,3.0927862,3.1317709,22006594,105586758.0,,
2017-06-14,601216,3.118776,3.15126325,3.09928365,3.118776,20295390,97473410.0,,
2017-06-15,601216,3.12527345,3.13826835,3.1057811,3.118776,23660464,113681352.0,,
2017-06-16,601216,3.12527345,3.1317709,3.09928365,3.09928365,18193708,87064319.0,,
2017-06-19,601216,3.1057811,3.1317709,3.0927862,3.1317709,17501627,84057549.0,,
2017-06-20,601216,3.1317709,3.1447658,3.118776,3.13826835,21347706,102847483.0,,
2017-06-21,601216,3.1447658,3.1577607,3.118776,3.13826835,33975264,163940744.0,,
2017-06-22,601216,3.13826835,3.24222755,3.13826835,3.1707556,120532729,591964096.0,,
2017-06-23,601216,3.16425815,3.1967454,3.12527345,3.15126325,57963771,281749248.0,,
2017-06-26,601216,3.15126325,3.19024795,3.13826835,3.17725305,55480564,269902832.0,,
2017-06-27,601216,3.17725305,3.1837505,3.1447658,3.16425815,33727841,164121143.0,,
2017-06-28,601216,3.15126325,3.1967454,3.1447658,3.17725305,53722458,262565362.0,,
2017-06-29,601216,3.17725305,3.1967454,3.1577607,3.1837505,40577646,198298437.0,,
2017-06-30,601216,3.1707556,3.1967454,3.1447658,3.17725305,40796615,198857729.0,,
2017-07-03,601216,3.17725305,3.34618675,3.17725305,3.29420715,126939094,641989584.0,,
2017-07-04,601216,3.3007046,3.3136995,3.248725,3.2617199,61468389,309669216.0,,
2017-07-05,601216,3.25522245,3.3136995,3.248725,3.3007046,82067713,415257120.0,,
2017-07-06,601216,3.2877097,3.29420715,3.25522245,3.2747148,51908725,261788506.0,,
2017-07-07,601216,3.2747148,3.2877097,3.22923265,3.248725,48284296,241623292.0,,
2017-07-10,601216,3.248725,3.28121225,3.22923265,3.24222755,51667860,258613891.0,,
2017-07-11,601216,3.24222755,3.3136995,3.2357301,3.24222755,72294522,363903552.0,,
2017-07-12,601216,3.20324285,3.2357301,3.1577607,3.2097403,64185437,316718128.0,,
2017-07-13,601216,3.2097403,3.28121225,3.1967454,3.2617199,54726997,274257824.0,,
2017-07-14,601216,3.25522245,3.2617199,3.2097403,3.21623775,48246292,239539577.0,,
2017-07-17,601216,3.21623775,3.248725,2.988827,3.0927862,102933186,497137136.0,,
2017-07-18,601216,3.06029895,3.1447658,3.04730405,3.09928365,49073840,233881930.0,,
2017-07-19,601216,3.0927862,3.1447658,3.08628875,3.13826835,84494063,405690480.0,,
2017-07-20,601216,3.1447658,3.3526842,3.1447658,3.30720205,174142806,872254496.0,,
2017-07-21,601216,3.2747148,3.43715105,3.25522245,3.378674,190700030,978802304.0,,
2017-07-24,601216,3.43715105,3.7165414,3.3916689,3.5995873,493424256,2755202000.0,,
2017-07-25,601216,3.5476077,3.55410515,3.41116125,3.4696383,285616864,1529057984.0,,
2017-07-26,601216,3.47613575,3.52811535,3.41116125,3.47613575,167276485,894019616.0,,
2017-07-27,601216,3.4566434,3.5216179,3.37217655,3.39816635,157602474,832884672.0,,
2017-07-28,601216,3.3916689,3.4956281,3.37217655,3.4436485,114975690,608557328.0,,
2017-07-31,601216,3.4306536,3.4826332,3.3916689,3.4696383,130683470,693402208.0,,
2017-08-01,601216,3.4956281,3.59308985,3.4436485,3.45014595,143940503,777696944.0,,
2017-08-02,601216,3.42415615,3.4696383,3.3526842,3.41116125,117073004,612494944.0,,
2017-08-03,601216,3.39816635,3.46314085,3.3916689,3.4176587,68374344,360259344.0,,
2017-08-04,601216,3.43715105,3.5735975,3.4176587,3.5216179,156601116,842727440.0,,
2017-08-07,601216,3.48913065,3.51512045,3.4436485,3.4566434,109905906,588035824.0,,
2017-08-08,601216,3.4306536,3.4566434,3.38517145,3.39816635,93762599,492984816.0,,
2017-08-09,601216,3.42415615,3.4696383,3.38517145,3.4306536,82533176,435411904.0,,
2017-08-10,601216,3.4306509,3.6132711,3.39804015,3.54152745,176366516,948194896.0,,
2017-08-11,601216,3.4828281,3.6263154,3.4697838,3.4958724,165187125,893688048.0,,
2017-08-14,601216,3.4958724,3.56761605,3.43717305,3.5350053,128976742,695278976.0,,
2017-08-15,601216,3.54152745,3.8480685,3.52848315,3.7567584,324373984,1847470224.0,,
2017-08-16,601216,3.72414765,3.7698027,3.64588185,3.71110335,171209540,969310624.0,,
2017-08-17,601216,3.7306698,3.7567584,3.60674895,3.72414765,179382048,1011698608.0,,
2017-08-18,601216,3.67197045,3.7306698,3.61979325,3.6393597,127507411,716941424.0,,
2017-08-21,601216,3.6654483,3.82850205,3.652404,3.7437141,179552891,1029725344.0,,
2017-08-22,601216,3.7176255,3.76328055,3.65892615,3.6784926,124711852,708527936.0,,
2017-08-23,601216,3.63283755,3.652404,3.5089167,3.521961,129818276,710760128.0,,
2017-08-24,601216,3.521961,3.54152745,3.46326165,3.51543885,58503839,314309584.0,,
2017-08-25,601216,3.5480496,3.5741382,3.50239455,3.55457175,80909436,439911568.0,,
2017-08-28,601216,3.5610939,3.5871825,3.4958724,3.52848315,115581121,627822192.0,,
2017-08-29,601216,3.52848315,3.5350053,3.4567395,3.47630595,82163659,438950176.0,,
2017-08-30,601216,3.47630595,3.5350053,3.46326165,3.4958724,78496172,421250048.0,,
2017-08-31,601216,3.50239455,3.52848315,3.48935025,3.51543885,47269043,254431612.0,,
2017-09-01,601216,3.51543885,3.6002268,3.48935025,3.52848315,138382740,752057632.0,,
2017-09-04,601216,3.4958724,3.521961,3.4306509,3.4567395,114398634,607601600.0,,
2017-09-05,601216,3.47630595,3.4958724,3.4306509,3.47630595,53388402,283645872.0,,
2017-09-06,601216,3.4828281,3.5350053,3.4567395,3.50239455,74400618,399424912.0,,
2017-09-07,601216,3.4828281,3.48935025,3.41108445,3.4176066,78229484,413556144.0,,
2017-09-08,601216,3.41108445,3.4306509,3.3784737,3.4045623,58068713,303205296.0,,
2017-09-11,601216,3.37195155,3.3784737,3.3132522,3.3654294,73107312,375076000.0,,
2017-09-12,601216,3.3523851,3.3784737,3.33281865,3.34586295,55291564,284223468.0,,
2017-09-13,601216,3.34586295,3.37195155,3.33281865,3.3523851,40089969,206063236.0,,
2017-09-14,601216,3.35890725,3.3654294,3.29368575,3.31977435,56125006,285566450.0,,
2017-09-15,601216,3.3132522,3.34586295,3.2871636,3.3132522,41896342,212905836.0,,
2017-09-18,601216,3.3132522,3.34586295,3.3002079,3.33281865,40215315,204853721.0,,
2017-09-19,601216,3.33281865,3.3523851,3.3262965,3.34586295,33486999,171463309.0,,
2017-09-20,601216,3.3523851,3.3523851,3.30673005,3.33281865,33774969,172132905.0,,
2017-09-21,601216,3.33281865,3.33281865,3.26759715,3.2741193,39664273,200761154.0,,
2017-09-22,601216,3.2741193,3.3132522,3.24150855,3.30673005,45941926,230284143.0,,
2017-09-25,601216,3.3002079,3.3523851,3.26759715,3.34586295,46607620,237242172.0,,
2017-09-26,601216,3.3393408,3.38499585,3.3262965,3.3654294,38351673,197457706.0,,
2017-09-27,601216,3.34586295,3.3654294,3.31977435,3.3262965,27622718,141486287.0,,
2017-09-28,601216,3.31977435,3.34586295,3.2871636,3.3002079,25426136,129026423.0,,
2017-09-29,601216,3.3132522,3.3262965,3.2871636,3.29368575,22534806,114143715.0,,
2017-10-09,601216,3.3262965,3.34586295,3.3132522,3.3262965,27101598,138257802.0,,
2017-10-10,601216,3.31977435,3.34586295,3.30673005,3.3393408,29226634,149027454.0,,
2017-10-11,601216,3.3523851,3.35890725,3.3132522,3.31977435,31925341,163181838.0,,
2017-10-12,601216,3.31977435,3.31977435,3.2741193,3.29368575,31732250,160441323.0,,
2017-10-13,601216,3.2871636,3.3132522,3.28064145,3.3002079,21027865,106296114.0,,
2017-10-16,601216,3.30673005,3.30673005,3.25455285,3.261075,35702558,179331201.0,,
2017-10-17,601216,3.261075,3.26759715,3.2088978,3.22846425,28568247,141666375.0,,
2017-10-18,601216,3.22846425,3.28064145,3.22846425,3.2741193,35385417,176886394.0,,
2017-10-19,601216,3.2741193,3.3002079,3.24150855,3.29368575,30790941,154524608.0,,
2017-10-20,601216,3.3002079,3.3002079,3.26759715,3.2871636,15685781,79004557.0,,
2017-10-23,601216,3.28064145,3.33281865,3.2741193,3.31977435,29101310,147360205.0,,
2017-10-24,601216,3.3132522,3.37195155,3.30673005,3.3654294,58942724,302913756.0,,
2017-10-25,601216,3.35890725,3.39804015,3.3393408,3.3654294,39317448,202944197.0,,
2017-10-26,601216,3.3654294,3.39804015,3.34586295,3.391518,49109045,254148559.0,,
2017-10-27,601216,3.4176066,3.4306509,3.35890725,3.3654294,44833308,233468791.0,,
2017-10-30,601216,3.3523851,3.35890725,3.261075,3.3523851,56109983,284760589.0,,
2017-10-31,601216,3.33281865,3.3654294,3.31977435,3.3393408,21049840,107886840.0,,
2017-11-01,601216,3.35890725,3.41108445,3.3393408,3.3784737,55224236,286511761.0,,
2017-11-02,601216,3.3784737,3.391518,3.33281865,3.38499585,34586702,178716193.0,,
2017-11-03,601216,3.48935025,3.5089167,3.30673005,3.37195155,96641423,501314588.0,,
2017-11-06,601216,3.3393408,3.3393408,3.261075,3.28064145,54450134,274697510.0,,
2017-11-07,601216,3.28064145,3.3262965,3.2741193,3.31977435,37150923,187833551.0,,
2017-11-08,601216,3.31977435,3.46326165,3.3002079,3.4045623,91738425,477768222.0,,
2017-11-09,601216,3.3784737,3.5741382,3.3523851,3.52848315,162407677,871429677.0,,
2017-11-10,601216,3.51543885,3.5350053,3.4697838,3.51543885,103042314,553442057.0,,
2017-11-13,601216,3.521961,3.521961,3.43717305,3.45021735,72045637,383225094.0,,
2017-11-14,601216,3.46326165,3.46326165,3.3654294,3.3784737,69857062,364396189.0,,
2017-11-15,601216,3.35890725,3.42412875,3.3523851,3.391518,39225046,204070005.0,,
2017-11-16,601216,3.391518,3.391518,3.29368575,3.3002079,55949831,285612628.0,,
2017-11-17,601216,3.3002079,3.391518,3.2480307,3.37195155,86808343,441453548.0,,
2017-11-20,601216,3.34586295,3.3654294,3.3002079,3.3523851,30513926,156021946.0,,
2017-11-21,601216,3.3393408,3.4697838,3.33281865,3.4567395,75831754,397074159.0,,
2017-11-22,601216,3.4436952,3.47630595,3.3784737,3.42412875,61159173,320816849.0,,
2017-11-23,601216,3.41108445,3.521961,3.3523851,3.3784737,99332152,525322620.0,,
2017-11-24,601216,3.34586295,3.3654294,3.28064145,3.3393408,62141062,316774935.0,,
2017-11-27,601216,3.31977435,3.3393408,3.29368575,3.3262965,57384059,291760593.0,,
2017-11-28,601216,3.30673005,3.34586295,3.29368575,3.3262965,30840812,156783593.0,,
2017-11-29,601216,3.31977435,3.3262965,3.25455285,3.28064145,51808322,260419174.0,,
2017-11-30,601216,3.26759715,3.29368575,3.21541995,3.25455285,46798266,233375494.0,,
2017-12-01,601216,3.2349864,3.2741193,3.2349864,3.2480307,26899980,134212612.0,,
2017-12-04,601216,3.2741193,3.28064145,3.2349864,3.2480307,23702886,118280560.0,,
2017-12-05,601216,3.2741193,3.30673005,3.2480307,3.261075,56444774,283989060.0,,
2017-12-06,601216,3.21541995,3.2219421,3.07193265,3.13715415,75391575,362199672.0,,
2017-12-07,601216,3.1045434,3.13715415,3.08497695,3.1045434,28902470,137879514.0,,
2017-12-08,601216,3.08497695,3.13715415,3.07193265,3.130632,22908285,109325823.0,,
2017-12-11,601216,3.130632,3.13715415,3.1045434,3.130632,19081594,91410067.0,,
2017-12-12,601216,3.15019845,3.15019845,3.0914991,3.1045434,20630340,98691109.0,,
2017-12-13,601216,3.1045434,3.11106555,3.08497695,3.11106555,13061983,62053444.0,,
2017-12-14,601216,3.09802125,3.1045434,3.05888835,3.07193265,25617766,120715059.0,,
2017-12-15,601216,3.07193265,3.07193265,3.07193265,3.07193265,0,0.0,,
2017-12-18,601216,3.07193265,3.07193265,3.07193265,3.07193265,0,0.0,停牌,
2017-12-19,601216,3.07193265,3.07193265,3.07193265,3.07193265,0,0.0,停牌,
2017-12-20,601216,3.07193265,3.07193265,3.07193265,3.07193265,0,0.0,停牌,
2017-12-21,601216,3.07193265,3.07193265,3.07193265,3.07193265,0,0.0,停牌,
2017-12-22,601216,3.07193265,3.07193265,3.07193265,3.07193265,0,0.0,停牌,
2017-12-25,601216,3.07193265,3.07193265,3.07193265,3.07193265,0,0.0,停牌,
2017-12-26,601216,3.07193265,3.07193265,3.07193265,3.07193265,0,0.0,停牌,
2017-12-27,601216,3.07193265,3.07193265,3.07193265,3.07193265,0,0.0,停牌,
2017-12-28,601216,3.07193265,3.07193265,3.07193265,3.07193265,0,0.0,停牌,
2017-12-29,601216,3.07193265,3.07193265,3.07193265,3.07193265,0,0.0,停牌,
2018-01-02,601216,3.07193265,3.07193265,3.07193265,3.07193265,0,0.0,停牌,
2018-01-03,601216,3.07193265,3.07193265,3.07193265,3.07193265,0,0.0,停牌,
2018-01-04,601216,3.07193265,3.07193265,3.07193265,3.07193265,0,0.0,停牌,
2018-01-05,601216,3.07193265,3.07193265,3.07193265,3.07193265,0,0.0,停牌,
2018-01-08,601216,3.07193265,3.07193265,3.07193265,3.07193265,0,0.0,停牌,
2018-01-09,601216,3.07193265,3.07193265,3.07193265,3.07193265,0,0.0,停牌,
2018-01-10,601216,3.07193265,3.07193265,3.07193265,3.07193265,0,0.0,停牌,
2018-01-11,601216,3.07193265,3.07193265,3.07193265,3.07193265,0,0.0,停牌,
2018-01-12,601216,3.07193265,3.07193265,3.07193265,3.07193265,0,0.0,停牌,
2018-01-15,601216,3.07193265,3.07193265,3.07193265,3.07193265,0,0.0,停牌,
2018-01-16,601216,3.07193265,3.07193265,3.07193265,3.07193265,0,0.0,停牌,
2018-01-17,601216,3.07193265,3.07193265,3.07193265,3.07193265,0,0.0,停牌,
2018-01-18,601216,3.07193265,3.07193265,3.07193265,3.07193265,0,0.0,停牌,
2018-01-19,601216,3.07193265,3.07193265,3.07193265,3.07193265,0,0.0,停牌,
2018-01-22,601216,3.07193265,3.07193265,3.07193265,3.07193265,0,0.0,停牌,
2018-01-23,601216,3.07193265,3.07193265,3.07193265,3.07193265,0,0.0,停牌,
2018-01-24,601216,3.07193265,3.07193265,3.07193265,3.07193265,0,0.0,停牌,
2018-01-25,601216,3.07193265,3.07193265,3.07193265,3.07193265,0,0.0,停牌,
2018-01-26,601216,3.07193265,3.07193265,3.07193265,3.07193265,0,0.0,停牌,
2018-01-29,601216,3.07193265,3.07193265,3.07193265,3.07193265,0,0.0,停牌,
2018-01-30,601216,3.07193265,3.07193265,3.07193265,3.07193265,0,0.0,停牌,
2018-01-31,601216,3.07193265,3.07193265,3.07193265,3.07193265,0,0.0,停牌,
2018-02-01,601216,3.07193265,3.07193265,3.07193265,3.07193265,0,0.0,停牌,
2018-02-02,601216,3.07193265,3.07193265,3.07193265,3.07193265,0,0.0,停牌,
2018-02-05,601216,3.07193265,3.07193265,3.07193265,3.07193265,0,0.0,停牌,
2018-02-06,601216,3.07193265,3.07193265,3.07193265,3.07193265,0,0.0,停牌,
2018-02-07,601216,3.07193265,3.07193265,3.07193265,3.07193265,0,0.0,停牌,
2018-02-08,601216,3.07193265,3.07193265,3.07193265,3.07193265,0,0.0,停牌,
2018-02-09,601216,3.07193265,3.07193265,3.07193265,3.07193265,0,0.0,停牌,
2018-02-12,601216,3.07193265,3.07193265,3.07193265,3.07193265,0,0.0,停牌,
2018-02-13,601216,3.07193265,3.07193265,3.07193265,3.07193265,0,0.0,停牌,
2018-02-14,601216,3.07193265,3.07193265,3.07193265,3.07193265,0,0.0,停牌,
2018-02-22,601216,3.07193265,3.07193265,3.07193265,3.07193265,0,0.0,停牌,
2018-02-23,601216,3.07193265,3.07193265,3.07193265,3.07193265,0,0.0,停牌,
2018-02-26,601216,3.07193265,3.07193265,3.07193265,3.07193265,0,0.0,停牌,
2018-02-27,601216,3.07193265,3.07193265,3.07193265,3.07193265,0,0.0,停牌,
2018-02-28,601216,3.07193265,3.07193265,3.07193265,3.07193265,0,0.0,停牌,
2018-03-01,601216,3.07193265,3.07193265,3.07193265,3.07193265,0,0.0,停牌,
2018-03-02,601216,3.07193265,3.07193265,3.07193265,3.07193265,0,0.0,停牌,
2018-03-05,601216,3.07193265,3.07193265,3.07193265,3.07193265,0,0.0,停牌,
2018-03-06,601216,3.07193265,3.07193265,3.07193265,3.07193265,0,0.0,停牌,
2018-03-07,601216,3.07193265,3.07193265,3.07193265,3.07193265,0,0.0,停牌,
2018-03-08,601216,3.07193265,3.07193265,3.07193265,3.07193265,0,0.0,停牌,
2018-03-09,601216,3.07193265,3.07193265,3.07193265,3.07193265,0,0.0,停牌,
2018-03-12,601216,3.07193265,3.07193265,3.07193265,3.07193265,0,0.0,停牌,
2018-03-13,601216,3.07193265,3.07193265,3.07193265,3.07193265,0,0.0,停牌,
2018-03-14,601216,3.07193265,3.07193265,3.07193265,3.07193265,0,0.0,停牌,
2018-03-15,601216,3.07193265,3.07193265,3.07193265,3.07193265,0,0.0,停牌,
2018-03-16,601216,3.07193265,3.07193265,3.07193265,3.07193265,0,0.0,停牌,
2018-03-19,601216,3.07193265,3.07193265,3.07193265,3.07193265,0,0.0,停牌,
2018-03-20,601216,3.07193265,3.07193265,3.07193265,3.07193265,0,0.0,停牌,
2018-03-21,601216,3.07193265,3.07193265,3.07193265,3.07193265,0,0.0,停牌,
2018-03-22,601216,3.07193265,3.07193265,3.07193265,3.07193265,0,0.0,停牌,
2018-03-23,601216,3.07193265,3.07193265,3.07193265,3.07193265,0,0.0,停牌,
2018-03-26,601216,3.07193265,3.07193265,3.07193265,3.07193265,0,0.0,停牌,
2018-03-27,601216,3.07193265,3.07193265,3.07193265,3.07193265,0,0.0,停牌,
2018-03-28,601216,3.07193265,3.07193265,3.07193265,3.07193265,0,0.0,停牌,
2018-03-29,601216,3.07193265,3.07193265,3.07193265,3.07193265,0,0.0,停牌,
2018-03-30,601216,3.07193265,3.07193265,3.07193265,3.07193265,0,0.0,停牌,
2018-04-02,601216,3.07193265,3.07193265,3.07193265,3.07193265,0,0.0,停牌,
2018-04-03,601216,3.07193265,3.07193265,3.07193265,3.07193265,0,0.0,停牌,
2018-04-04,601216,3.07193265,3.07193265,3.07193265,3.07193265,0,0.0,停牌,
2018-04-09,601216,3.07193265,3.07193265,3.07193265,3.07193265,0,0.0,停牌,
2018-04-10,601216,3.07193265,3.07193265,3.07193265,3.07193265,0,0.0,停牌,
2018-04-11,601216,3.07193265,3.07193265,3.07193265,3.07193265,0,0.0,停牌,
2018-04-12,601216,3.07193265,3.07193265,3.07193265,3.07193265,0,0.0,停牌,
2018-04-13,601216,3.07193265,3.07193265,3.07193265,3.07193265,0,0.0,停牌,
2018-04-16,601216,3.07193265,3.07193265,3.07193265,3.07193265,0,0.0,停牌,
2018-04-17,601216,3.07193265,3.07193265,3.07193265,3.07193265,0,0.0,停牌,
2018-04-18,601216,3.07193265,3.07193265,3.07193265,3.07193265,0,0.0,停牌,
2018-04-19,601216,3.07193265,3.3654294,2.95453395,3.13715415,144359088,710973750.0,,
2018-04-20,601216,3.0654105,3.15019845,2.9480118,2.95453395,73535953,342493260.0,,
2018-04-23,601216,2.9480118,2.9480118,2.79800235,2.82409095,46819414,204956048.0,,
2018-04-24,601216,2.85017955,2.9088789,2.83713525,2.869746,34638453,153209249.0,,
2018-04-25,601216,2.85017955,2.98062255,2.83713525,2.90235675,39801769,177798677.0,,
2018-04-26,601216,2.87626815,2.8958346,2.83713525,2.83713525,25951301,113781504.0,,
2018-04-27,601216,2.85017955,2.88931245,2.85017955,2.86322385,21247761,93519332.0,,
2018-05-02,601216,2.87626815,2.90235675,2.79800235,2.8175688,31805974,138410174.0,,
2018-05-03,601216,2.8175688,2.82409095,2.7262587,2.81104665,36960151,157187321.0,,
2018-05-04,601216,2.81104665,2.8567017,2.7523473,2.81104665,34473912,147830627.0,,
2018-05-07,601216,2.82409095,2.86322385,2.79800235,2.85017955,30981207,134947045.0,,
2018-05-08,601216,2.85017955,2.90235675,2.83713525,2.87626815,35191974,154804080.0,,
2018-05-09,601216,2.869746,2.8827903,2.82409095,2.8436574,26345380,115169609.0,,
2018-05-10,601216,2.8436574,2.8567017,2.82409095,2.8436574,17646878,76755439.0,,
2018-05-11,601216,2.85017955,2.9219232,2.8436574,2.869746,39948606,176401180.0,,
2018-05-14,601216,2.869746,2.90235675,2.8436574,2.87626815,33252777,146323053.0,,
2018-05-15,601216,2.86322385,2.87626815,2.85017955,2.869746,19724300,86539528.0,,
2018-05-16,601216,2.87626815,2.8827903,2.8567017,2.86322385,23026845,101308773.0,,
2018-05-17,601216,2.85017955,2.9219232,2.8306131,2.8827903,41480470,182922255.0,,
2018-05-18,601216,2.8827903,2.9480118,2.869746,2.91540105,49775700,222684269.0,,
2018-05-21,601216,2.94148965,2.9610561,2.9088789,2.9219232,37115889,166119601.0,,
2018-05-22,601216,2.92844535,2.92844535,2.8567017,2.8827903,37006706,163822665.0,,
2018-05-23,601216,2.869746,2.88931245,2.83713525,2.83713525,27332839,119794143.0,,
2018-05-24,601216,2.8436574,2.8436574,2.7914802,2.79800235,22589551,97721856.0,,
2018-05-25,601216,2.7914802,2.8175688,2.77191375,2.7784359,21432100,91612228.0,,
2018-05-28,601216,2.7784359,2.78495805,2.6740815,2.7001701,36326900,151424009.0,,
2018-05-29,601216,2.68060365,2.7132144,2.60886,2.6219043,38719223,157497123.0,,
2018-05-30,601216,2.58929355,2.6219043,2.5566828,2.56320495,33103460,131628454.0,,
2018-05-31,601216,2.58929355,2.60233785,2.5697271,2.5827714,26598955,105398771.0,,
2018-06-01,601216,2.57624925,2.60233785,2.56320495,2.57624925,23896694,94590915.0,,
2018-06-04,601216,2.58929355,2.60886,2.56320495,2.5958157,30154699,119585581.0,,
2018-06-05,601216,2.58929355,2.61538215,2.57624925,2.60886,24478196,97387309.0,,
2018-06-06,601216,2.60886,2.60886,2.57624925,2.5827714,19776239,78511996.0,,
2018-06-07,601216,2.58929355,2.6610372,2.57624925,2.6219043,39646682,159872799.0,,
2018-06-08,601216,2.60233785,2.61538215,2.5697271,2.58929355,26025125,103142623.0,,
2018-06-11,601216,2.58929355,2.62842645,2.56320495,2.61538215,26936887,107642304.0,,
2018-06-12,601216,2.61538215,2.61538215,2.57624925,2.60233785,20477744,81517880.0,,
2018-06-13,601216,2.58929355,2.5958157,2.48493915,2.49798345,37577533,146271321.0,,
2018-06-14,601216,2.49798345,2.52407205,2.48493915,2.49798345,19042582,73118847.0,,
2018-06-15,601216,2.4914613,2.5045056,2.3871069,2.43276195,30779037,115296803.0,,
2018-06-19,601216,2.39362905,2.39362905,2.1914424,2.1914424,62109092,214729136.0,,
2018-06-20,601216,2.1523095,2.1914424,2.09361015,2.1653538,40471334,133894912.0,,
2018-06-21,601216,2.17187595,2.2305753,2.11969875,2.1262209,37796807,126405636.0,,
2018-06-22,601216,2.1001323,2.17187595,2.08056585,2.1653538,24675609,81076935.0,,
2018-06-25,601216,2.1653538,2.2044867,2.14578735,2.1523095,17039234,56718648.0,,
2018-06-26,601216,2.10665445,2.1783981,2.08056585,2.17187595,19899215,65406002.0,,
2018-06-27,601216,2.17187595,2.2044867,2.1523095,2.17187595,18641509,62071105.0,,
2018-06-28,601216,2.1653538,2.1783981,2.1392652,2.14578735,16282162,53963492.0,,
2018-06-29,601216,2.14578735,2.21100885,2.14578735,2.19796455,24697576,82808661.0,,
2018-07-02,601216,2.19796455,2.2044867,2.13274305,2.1523095,21973714,73295019.0,,
2018-07-03,601216,2.1523095,2.1783981,2.1131766,2.1783981,17185787,56838444.0,,
2018-07-04,601216,2.17187595,2.1783981,2.1262209,2.1392652,15850368,52358669.0,,
2018-07-05,601216,2.1392652,2.1523095,2.08056585,2.087088,21037736,68350450.0,,
2018-07-06,601216,2.087088,2.1131766,1.956645,2.04143295,41658668,130217325.0,,
2018-07-09,601216,2.0479551,2.09361015,2.0349108,2.09361015,20572823,65520502.0,,
2018-07-10,601216,2.09361015,2.13274305,2.087088,2.11969875,20243238,65551344.0,,
2018-07-11,601216,2.10665445,2.10665445,2.0479551,2.0740437,21766522,69114347.0,,
2018-07-12,601216,2.087088,2.1523095,2.06752155,2.13274305,27708873,90061176.0,,
2018-07-13,601216,2.1392652,2.1523095,2.11969875,2.13274305,18268547,59804563.0,,
2018-07-16,601216,2.1653538,2.1783981,2.1262209,2.1392652,21715196,71596172.0,,
2018-07-17,601216,2.14578735,2.14578735,2.10665445,2.13274305,15390240,50070842.0,,
2018-07-18,601216,2.1523095,2.1523095,2.10665445,2.10665445,20583866,67030113.0,,
2018-07-19,601216,2.11969875,2.11969875,2.087088,2.1001323,17109059,55138132.0,,
2018-07-20,601216,2.1131766,2.13274305,2.06752155,2.1262209,26295688,84984826.0,,
2018-07-23,601216,2.11969875,2.1653538,2.1001323,2.1523095,40277182,132153377.0,,
2018-07-24,601216,2.1523095,2.3349297,2.14578735,2.25014175,70398184,241770731.0,,
2018-07-25,601216,2.2436196,2.25014175,2.2044867,2.22405315,34789864,118438478.0,,
2018-07-26,601216,2.217531,2.36754045,2.21100885,2.2697082,58040833,202379543.0,,
2018-07-27,601216,2.24997354,2.25655241,2.22365806,2.23023693,30575838,104011395.0,,
2018-07-30,601216,2.2368158,2.24339467,2.16444823,2.17760597,26605752,88807765.0,,
2018-07-31,601216,2.1710271,2.21050032,2.1710271,2.19734258,15538679,51831357.0,,
2018-08-01,601216,2.19734258,2.23023693,2.17760597,2.18418484,23878932,79948638.0,,
2018-08-02,601216,2.1710271,2.17760597,2.0394497,2.09865953,30645929,98008093.0,,
2018-08-03,601216,2.09865953,2.17760597,2.07892292,2.09865953,27941757,90365209.0,,
2018-08-06,601216,2.06576518,2.11839614,2.0394497,2.08550179,20429655,64493160.0,,
2018-08-07,601216,2.08550179,2.15129049,2.07892292,2.14471162,31376471,101561388.0,,
2018-08-08,601216,2.13813275,2.20392145,2.13813275,2.15129049,33504627,110288703.0,,
2018-08-09,601216,2.13813275,2.20392145,2.11839614,2.18418484,32619397,107406620.0,,
2018-08-10,601216,2.18418484,2.21050032,2.15786936,2.19076371,25358671,84152629.0,,
2018-08-13,601216,2.15129049,2.18418484,2.13155388,2.18418484,21288641,69780785.0,,
2018-08-14,601216,2.17760597,2.20392145,2.15786936,2.18418484,19764647,65583763.0,,
2018-08-15,601216,2.19076371,2.19734258,2.12497501,2.12497501,21249896,69539527.0,,
2018-08-16,601216,2.09208066,2.14471162,2.05918631,2.11839614,16140856,51849238.0,,
2018-08-17,601216,2.13813275,2.14471162,2.06576518,2.07892292,16724621,53536938.0,,
2018-08-20,601216,2.05918631,2.11181727,2.05918631,2.11181727,14592746,46304975.0,,
2018-08-21,601216,2.11839614,2.14471162,2.09208066,2.13813275,16890089,54567857.0,,
2018-08-22,601216,2.19076371,2.23023693,2.12497501,2.12497501,39815187,130903183.0,,
2018-08-23,601216,2.12497501,2.15129049,2.11839614,2.13155388,18095218,58701832.0,,
2018-08-24,601216,2.13155388,2.13813275,2.09208066,2.1052384,19643208,63044285.0,,
2018-08-27,601216,2.11839614,2.15129049,2.1052384,2.14471162,31765922,103285946.0,,
2018-08-28,601216,2.15786936,2.15786936,2.12497501,2.13813275,20302650,65907757.0,,
2018-08-29,601216,2.13155388,2.13813275,2.11839614,2.12497501,12493376,40340368.0,,
2018-08-30,601216,2.12497501,2.13155388,2.08550179,2.09208066,17024916,54527834.0,,
2018-08-31,601216,2.08550179,2.09865953,2.05918631,2.06576518,16588387,52305866.0,,
2018-09-03,601216,2.05260744,2.06576518,2.01971309,2.04602857,16897417,52424068.0,,
2018-09-04,601216,2.05260744,2.07234405,2.0394497,2.05918631,15906103,49735534.0,,
2018-09-05,601216,2.05260744,2.07892292,2.03287083,2.03287083,13217400,41247731.0,,
2018-09-06,601216,2.01971309,2.04602857,2.01313422,2.01971309,13183021,40618527.0,,
2018-09-07,601216,2.01971309,2.04602857,2.01313422,2.02629196,12110268,37348278.0,,
2018-09-10,601216,2.01313422,2.03287083,1.99997648,2.00655535,10081581,30880676.0,,
2018-09-11,601216,2.00655535,2.01313422,1.98023987,1.99997648,12814389,38850814.0,,
2018-09-12,601216,1.99997648,2.1052384,1.99997648,2.0394497,29470457,92281620.0,,
2018-09-13,601216,2.04602857,2.07234405,2.03287083,2.05260744,12033935,37559853.0,,
2018-09-14,601216,2.05918631,2.06576518,2.0394497,2.04602857,10237386,31882299.0,,
2018-09-17,601216,2.03287083,2.0394497,2.01313422,2.01313422,10328113,31706318.0,,
2018-09-18,601216,2.01313422,2.04602857,2.00655535,2.04602857,12451326,38413296.0,,
2018-09-19,601216,2.0394497,2.06576518,2.03287083,2.05918631,22771462,71061119.0,,
2018-09-20,601216,2.05260744,2.06576518,2.04602857,2.05260744,12366264,38708420.0,,
2018-09-21,601216,2.05918631,2.09865953,2.05260744,2.09208066,22387977,70844841.0,,
2018-09-25,601216,2.09208066,2.09208066,2.06576518,2.07892292,15053028,47521481.0,,
2018-09-26,601216,2.07892292,2.09865953,2.07234405,2.08550179,16472415,52265927.0,,
2018-09-27,601216,2.09208066,2.09208066,2.05918631,2.05918631,14004163,44166244.0,,
2018-09-28,601216,2.05918631,2.08550179,2.05260744,2.08550179,14527875,45884438.0,,
2018-10-08,601216,2.05918631,2.07234405,2.01971309,2.02629196,19152137,59643001.0,,
2018-10-09,601216,2.03287083,2.04602857,2.00655535,2.01971309,13878460,42741045.0,,
2018-10-10,601216,2.03287083,2.04602857,2.01313422,2.01971309,12524360,38560928.0,,
2018-10-11,601216,1.95392439,1.973661,1.81576812,1.8420836,44138788,126896017.0,,
2018-10-12,601216,1.82892586,1.83550473,1.71708507,1.7762949,34455819,93399273.0,,
2018-10-15,601216,1.8420836,1.86182021,1.80918925,1.80918925,28762556,80305030.0,,
2018-10-16,601216,1.82892586,1.83550473,1.7762949,1.78945264,18294061,50375134.0,,
2018-10-17,601216,1.81576812,1.83550473,1.78945264,1.82234699,16096248,44270214.0,,
2018-10-18,601216,1.80918925,1.81576812,1.7762949,1.79603151,14035427,38428309.0,,
2018-10-19,601216,1.7762949,1.84866247,1.75655829,1.84866247,31511652,86920703.0,,
2018-10-22,601216,1.87656552,1.9533024,1.85563728,1.918422,38660715,105606732.0,,
2018-10-23,601216,1.918422,1.92539808,1.86958944,1.8835416,20262051,55165237.0,,
2018-10-24,601216,1.8835416,1.92539808,1.8835416,1.90446984,14811636,40445869.0,,
2018-10-25,601216,1.86261336,1.89749376,1.84168512,1.8835416,16464613,43972068.0,,
2018-10-26,601216,1.89749376,1.918422,1.8835416,1.89051768,13814970,37647758.0,,
2018-10-29,601216,1.8835416,1.89749376,1.86261336,1.87656552,13011325,34932697.0,,
2018-10-30,601216,1.86958944,1.90446984,1.85563728,1.89051768,16758747,45189257.0,,
2018-10-31,601216,1.89051768,1.93237416,1.8835416,1.92539808,23906211,65493846.0,,
2018-11-01,601216,1.93237416,1.9533024,1.91144592,1.91144592,27809276,76966272.0,,
2018-11-02,601216,1.93237416,1.9533024,1.92539808,1.9533024,31050817,86364873.0,,
2018-11-05,601216,1.94632632,1.97423064,1.93237416,1.96027848,27417174,76670471.0,,
2018-11-06,601216,1.9533024,2.15560872,1.90446984,2.092824,92895922,271814859.0,,
2018-11-07,601216,2.05096752,2.06491968,2.01608712,2.01608712,56312134,164887628.0,,
2018-11-08,601216,2.03701536,2.06491968,2.01608712,2.01608712,23531533,68723494.0,,
2018-11-09,601216,2.00911104,2.00911104,1.97423064,1.98120672,18757702,53481585.0,,
2018-11-12,601216,1.97423064,2.03003928,1.96725456,2.03003928,23321805,67189262.0,,
2018-11-13,601216,2.00213496,2.11375224,1.99515888,2.07189576,66404421,196764197.0,,
2018-11-14,601216,2.0579436,2.1277044,2.05096752,2.08584792,52977538,158671984.0,,
2018-11-15,601216,2.08584792,2.17653696,2.07887184,2.1625848,62116400,190999280.0,,
2018-11-16,601216,2.1625848,2.1974652,2.1277044,2.16956088,56343110,174573997.0,,
2018-11-19,601216,2.15560872,2.16956088,2.1277044,2.14863264,35215406,108241337.0,,
2018-11-20,601216,2.1277044,2.14165656,2.07189576,2.07887184,32749764,98828273.0,,
2018-11-21,601216,2.0579436,2.07887184,2.03701536,2.07887184,24252598,71614950.0,,
2018-11-22,601216,2.07887184,2.1974652,2.07189576,2.1277044,55561243,169628210.0,,
2018-11-23,601216,2.10677616,2.10677616,2.0230632,2.03003928,44197919,130587299.0,,
2018-11-26,601216,2.0230632,2.0579436,2.00911104,2.0230632,16017200,46760718.0,,
2018-11-27,601216,2.04399144,2.05096752,2.00911104,2.03003928,17324402,50470529.0,,
2018-11-28,601216,2.03003928,2.05096752,1.99515888,2.03701536,14871826,43249260.0,,
2018-11-29,601216,2.04399144,2.05096752,1.97423064,1.98120672,18937000,54880304.0,,
2018-11-30,601216,1.98120672,1.99515888,1.93935024,1.98120672,17866567,50442766.0,,
2018-12-03,601216,2.0230632,2.0579436,2.00911104,2.03701536,32759202,95635795.0,,
2018-12-04,601216,2.03003928,2.04399144,2.01608712,2.04399144,18208146,53083967.0,,
2018-12-05,601216,2.00911104,2.0230632,1.9881828,2.00213496,23753446,68218850.0,,
2018-12-06,601216,1.9881828,2.01608712,1.96725456,1.96725456,17075366,48655576.0,,
2018-12-07,601216,1.96725456,1.99515888,1.96027848,1.98120672,16193410,45798743.0,,
2018-12-10,601216,1.96027848,1.97423064,1.94632632,1.94632632,10217800,28641437.0,,
2018-12-11,601216,1.94632632,1.96027848,1.93237416,1.94632632,12977171,36168648.0,,
2018-12-12,601216,1.9533024,1.96027848,1.93237416,1.9533024,15306123,42713114.0,,
2018-12-13,601216,1.9533024,1.9881828,1.93237416,1.96027848,25662112,72179244.0,,
2018-12-14,601216,1.9533024,1.96027848,1.8835416,1.89051768,29675040,81506248.0,,
2018-12-17,601216,1.87656552,1.89051768,1.86958944,1.8835416,14244183,38359623.0,,
2018-12-18,601216,1.87656552,1.8835416,1.85563728,1.86958944,12193731,32684259.0,,
2018-12-19,601216,1.86958944,1.8835416,1.85563728,1.86261336,10541797,28239469.0,,
2018-12-20,601216,1.8486612,1.87656552,1.83470904,1.86958944,11360419,30294390.0,,
2018-12-21,601216,1.86261336,1.86958944,1.8486612,1.86958944,10192702,27158518.0,,
2018-12-24,601216,1.86958944,1.8835416,1.8486612,1.8835416,10109324,27142278.0,,
2018-12-25,601216,1.86261336,1.86261336,1.79285256,1.83470904,20114286,52669858.0,,
2018-12-26,601216,1.82773296,1.85563728,1.82075688,1.82773296,9360700,24622296.0,,
2018-12-27,601216,1.86261336,1.86958944,1.80680472,1.8137808,11898860,31391424.0,,
2018-12-28,601216,1.8137808,1.83470904,1.8137808,1.82773296,9913548,25960754.0,,
2019-01-02,601216,1.82773296,1.83470904,1.79982864,1.82075688,11359049,29578190.0,,
2019-01-03,601216,1.8137808,1.84168512,1.8137808,1.82075688,8730758,22858248.0,,
2019-01-04,601216,1.79982864,1.86261336,1.78587648,1.86261336,19097108,50411692.0,,
2019-01-07,601216,1.8835416,1.8835416,1.85563728,1.87656552,19390680,52088752.0,,
2019-01-08,601216,1.87656552,1.92539808,1.86261336,1.89051768,19296841,52259270.0,,
2019-01-09,601216,1.89051768,1.918422,1.8835416,1.89051768,21655396,59137575.0,,
2019-01-10,601216,1.89051768,1.89749376,1.87656552,1.87656552,13271729,35940245.0,,
2019-01-11,601216,1.8835416,1.90446984,1.87656552,1.90446984,12814037,34791478.0,,
2019-01-14,601216,1.89051768,1.918422,1.89051768,1.89749376,13920920,37952373.0,,
2019-01-15,601216,1.8835416,1.91144592,1.8835416,1.90446984,11589522,31587179.0,,
2019-01-16,601216,1.91144592,1.92539808,1.89051768,1.89749376,14505775,39651603.0,,
2019-01-17,601216,1.89051768,1.918422,1.87656552,1.89749376,18042975,49127048.0,,
2019-01-18,601216,1.89749376,1.94632632,1.89051768,1.92539808,32814167,90397464.0,,
2019-01-21,601216,1.93935024,1.93935024,1.90446984,1.91144592,22310842,61410596.0,,
2019-01-22,601216,1.89749376,1.90446984,1.86958944,1.87656552,16476665,44611178.0,,
2019-01-23,601216,1.87656552,1.89749376,1.86261336,1.8835416,13674155,36848891.0,,
2019-01-24,601216,1.8835416,1.91144592,1.87656552,1.89749376,18624873,50563116.0,,
2019-01-25,601216,1.89051768,1.89749376,1.85563728,1.86958944,17458824,47007521.0,,
2019-01-28,601216,1.8835416,1.89051768,1.85563728,1.86261336,14162779,38025661.0,,
2019-01-29,601216,1.8486612,1.86261336,1.78587648,1.82773296,22207098,57924627.0,,
2019-01-30,601216,1.82075688,1.84168512,1.80680472,1.82773296,10273207,26934921.0,,
2019-01-31,601216,1.82075688,1.84168512,1.79982864,1.8137808,21081020,55019217.0,,
2019-02-01,601216,1.82773296,1.8486612,1.8137808,1.84168512,14886166,39111315.0,,
2019-02-11,601216,1.84168512,1.8835416,1.84168512,1.8835416,21831866,58240581.0,,
2019-02-12,601216,1.87656552,1.92539808,1.86958944,1.92539808,23424339,64102758.0,,
2019-02-13,601216,1.918422,2.00911104,1.91144592,1.96725456,39982550,112346291.0,,
2019-02-14,601216,1.96027848,1.99515888,1.96027848,1.97423064,29693443,84102510.0,,
2019-02-15,601216,1.98120672,1.99515888,1.9533024,1.9533024,32328560,91687269.0,,
2019-02-18,601216,1.96725456,2.01608712,1.96725456,2.00911104,36207713,103647607.0,,
2019-02-19,601216,2.01608712,2.11375224,2.00911104,2.0579436,78841481,234125038.0,,
2019-02-20,601216,2.04399144,2.07887184,2.0230632,2.04399144,34641020,101606919.0,,
2019-02-21,601216,2.03003928,2.14863264,2.01608712,2.06491968,74105778,222586832.0,,
2019-02-22,601216,2.07189576,2.19048912,2.03003928,2.18351304,116780891,357283753.0,,
2019-02-25,601216,2.35093896,2.39977152,2.23932168,2.39977152,284235168,953125305.0,,
2019-02-26,601216,2.4067476,2.5462692,2.35791504,2.36489112,268158732,936145762.0,,
2019-02-27,601216,2.33001072,2.60207784,2.29513032,2.60207784,205498116,708289457.0,,
2019-02-28,601216,2.8601928,2.8601928,2.6857908,2.8601928,286883584,1166030912.0,,
2019-03-01,601216,2.70671904,2.86716888,2.6509104,2.80438416,361549616,1425925939.0,,
2019-03-04,601216,2.74159944,3.04854696,2.6857908,2.85321672,399263504,1626205018.0,,
2019-03-05,601216,2.7555516,2.84624064,2.71369512,2.83926456,217360138,870035539.0,,
2019-03-06,601216,2.84624064,2.964834,2.790432,2.90902536,289843504,1194950052.0,,
2019-03-07,601216,2.87414496,2.8950732,2.78345592,2.8253124,248740109,1012843403.0,,
2019-03-08,601216,2.70671904,2.76252768,2.5462692,2.56022136,212198991,809842807.0,,
2019-03-11,601216,2.56022136,2.81833632,2.56022136,2.81833632,149142823,578969876.0,,
2019-03-12,601216,2.87414496,3.0345948,2.81833632,2.8601928,303628224,1266949028.0,,
2019-03-13,601216,2.81136024,3.09040344,2.76950376,2.91600144,292109760,1232489540.0,,
2019-03-14,601216,2.87414496,2.9997144,2.7206712,2.78345592,186379408,757518784.0,,
2019-03-15,601216,2.8601928,3.00669048,2.77647984,2.92297752,270102832,1127926035.0,,
2019-03-18,601216,2.88112104,2.90204928,2.77647984,2.87414496,181243010,736707714.0,,
2019-03-19,601216,2.84624064,2.90902536,2.81833632,2.8950732,125842186,517212796.0,,
2019-03-20,601216,2.87414496,2.9997144,2.83926456,2.94390576,166591322,697733871.0,,
2019-03-21,601216,2.98576224,3.13225992,2.90204928,3.04157088,300416384,1303785920.0,,
2019-03-22,601216,2.98576224,3.0345948,2.92297752,2.97878616,167436498,713362703.0,,
2019-03-25,601216,2.90204928,2.9299536,2.83228848,2.85321672,136714185,563768854.0,,
2019-03-26,601216,2.8601928,2.88112104,2.70671904,2.71369512,120038402,479457522.0,,
2019-03-27,601216,2.74159944,2.7555516,2.67183864,2.7206712,58820271,229211294.0,,
2019-03-28,601216,2.7206712,2.74857552,2.65788648,2.66486256,59766393,231599523.0,,
2019-03-29,601216,2.67881472,2.80438416,2.62998216,2.77647984,98144771,383482051.0,,
2019-04-01,601216,2.79740808,2.8601928,2.77647984,2.8601928,107610466,437771202.0,,
2019-04-02,601216,2.87414496,2.95785792,2.84624064,2.86716888,142347407,590651376.0,,
2019-04-03,601216,2.85321672,2.90902536,2.8253124,2.88809712,93510889,383221890.0,,
2019-04-04,601216,3.09737952,3.15318816,2.9299536,2.93692968,179553067,773570517.0,,
2019-04-08,601216,3.01366656,3.139236,2.964834,3.04854696,221726963,967721418.0,,
2019-04-09,601216,2.9997144,2.9997144,2.90902536,2.93692968,118263632,499579500.0,,
2019-04-10,601216,2.97878616,2.9997144,2.91600144,2.94390576,82969790,351476238.0,,
2019-04-11,601216,2.90204928,2.9299536,2.84624064,2.8601928,87053537,359651387.0,,
2019-04-12,601216,2.86716888,2.90204928,2.85321672,2.88112104,45249564,186481744.0,,
2019-04-15,601216,2.92297752,2.93692968,2.81833632,2.83228848,57101555,237309697.0,,
2019-04-16,601216,2.80438416,2.88809712,2.76252768,2.88809712,67182032,271978049.0,,
2019-04-17,601216,2.87414496,2.8950732,2.85321672,2.88112104,50432144,207809708.0,,
2019-04-18,601216,2.87414496,2.87414496,2.83926456,2.84624064,41171888,168279686.0,,
2019-04-19,601216,2.84624064,2.85321672,2.790432,2.83228848,50021030,201907297.0,,
2019-04-22,601216,2.84624064,2.84624064,2.74159944,2.7555516,63032743,251948032.0,,
2019-04-23,601216,2.74857552,2.84624064,2.73462336,2.790432,62573694,250801752.0,,
2019-04-24,601216,2.79740808,2.8253124,2.76252768,2.80438416,28874691,115435797.0,,
2019-04-25,601216,2.8253124,2.8253124,2.69276688,2.69974296,51959156,205570210.0,,
2019-04-26,601216,2.69974296,2.72764728,2.65788648,2.66486256,38064409,146509466.0,,
2019-04-29,601216,2.64393432,2.6509104,2.4067476,2.49046056,75350832,272448971.0,,
2019-04-30,601216,2.49743664,2.57417352,2.49743664,2.53231704,32685932,118444767.0,,
2019-05-06,601216,2.41372368,2.46255624,2.28815424,2.30908248,61969151,210484636.0,,
2019-05-07,601216,2.3369868,2.39279544,2.33001072,2.36489112,42097764,142492414.0,,
2019-05-08,601216,2.3369868,2.4067476,2.30908248,2.3718672,33904115,115260303.0,,
2019-05-09,601216,2.35093896,2.39279544,2.33001072,2.34396288,28010405,94863901.0,,
2019-05-10,601216,2.37884328,2.42767584,2.31605856,2.41372368,40271805,138153601.0,,
2019-05-13,601216,2.38581936,2.39977152,2.33001072,2.35093896,33914267,115085210.0,,
2019-05-14,601216,2.31605856,2.38581936,2.31605856,2.36489112,30134783,102003349.0,,
2019-05-15,601216,2.4067476,2.42069976,2.37884328,2.39977152,35831086,123134836.0,,
2019-05-16,601216,2.4067476,2.43465192,2.37884328,2.42069976,36397850,125756912.0,,
2019-05-17,601216,2.42069976,2.42069976,2.3021064,2.31605856,38536443,130232760.0,,
2019-05-20,601216,2.31605856,2.34396288,2.25327384,2.30908248,30614739,100823947.0,,
2019-05-21,601216,2.30908248,2.37884328,2.30908248,2.36489112,30384898,102443034.0,,
2019-05-22,601216,2.35791504,2.3718672,2.32303464,2.3369868,21159489,71086812.0,,
2019-05-23,601216,2.34396288,2.35093896,2.28117816,2.29513032,23636634,78304025.0,,
2019-05-24,601216,2.29513032,2.30908248,2.267226,2.28117816,17682881,57968223.0,,
2019-05-27,601216,2.3021064,2.35093896,2.267226,2.34396288,31629448,104856963.0,,
2019-05-28,601216,2.35791504,2.35791504,2.28815424,2.35093896,48513979,162191638.0,,
2019-05-29,601216,2.33001072,2.36489112,2.30908248,2.3369868,35720451,119770253.0,,
2019-05-30,601216,2.31605856,2.31605856,2.26024992,2.28815424,35557401,116233812.0,,
2019-05-31,601216,2.29513032,2.3021064,2.267226,2.267226,22263451,72866640.0,,
2019-06-03,601216,2.28117816,2.28815424,2.24629776,2.26024992,24217068,78580246.0,,
2019-06-04,601216,2.25327384,2.26024992,2.18351304,2.1974652,27445996,87207631.0,,
2019-06-05,601216,2.22536952,2.2323456,2.1974652,2.20444128,17426452,55332234.0,,
2019-06-06,601216,2.1974652,2.20444128,2.14863264,2.15560872,21208108,65812575.0,,
2019-06-10,601216,2.15560872,2.17653696,2.13468048,2.15560872,18419256,57048371.0,,
2019-06-11,601216,2.17653696,2.267226,2.16956088,2.26024992,41775896,133423296.0,,
2019-06-12,601216,2.26024992,2.267226,2.22536952,2.2323456,22169870,71215678.0,,
2019-06-13,601216,2.22536952,2.45558016,2.21141736,2.42767584,144010241,499252518.0,,
2019-06-14,601216,2.3369868,2.37884328,2.28117816,2.28815424,109721692,366067801.0,,
2019-06-17,601216,2.28117816,2.3021064,2.24629776,2.24629776,34934897,113478670.0,,
2019-06-18,601216,2.267226,2.28117816,2.25327384,2.26024992,21646855,70262185.0,,
2019-06-19,601216,2.35093896,2.35093896,2.267226,2.28117816,37268705,123001758.0,,
2019-06-20,601216,2.267226,2.38581936,2.25327384,2.33001072,63917033,212998973.0,,
2019-06-21,601216,2.33001072,2.39977152,2.32303464,2.35791504,75432000,255405893.0,,
2019-06-24,601216,2.35093896,2.38581936,2.31605856,2.3369868,36021400,120867185.0,,
2019-06-25,601216,2.3369868,2.34396288,2.27420208,2.31605856,27424087,90621464.0,,
2019-06-26,601216,2.28815424,2.33001072,2.28815424,2.30908248,16587612,54941512.0,,
2019-06-27,601216,2.32303464,2.34396288,2.30908248,2.32303464,30069639,100305575.0,,
2019-06-28,601216,2.32303464,2.32303464,2.28117816,2.29513032,22631630,74450571.0,,
2019-07-01,601216,2.3369868,2.35791504,2.31605856,2.35093896,40030883,134415759.0,,
2019-07-02,601216,2.34396288,2.37884328,2.3369868,2.35791504,31802701,107557366.0,,
2019-07-03,601216,2.35093896,2.35093896,2.3021064,2.31605856,28730455,95609221.0,,
2019-07-04,601216,2.31605856,2.3369868,2.29513032,2.31605856,17187385,57029295.0,,
2019-07-05,601216,2.31605856,2.32303464,2.28815424,2.30908248,16676037,55076873.0,,
2019-07-08,601216,2.30908248,2.30908248,2.20444128,2.21141736,32937976,105731880.0,,
2019-07-09,601216,2.21141736,2.24629776,2.19048912,2.22536952,17203321,54531730.0,,
2019-07-10,601216,2.21839344,2.22536952,2.19048912,2.20444128,11595420,36742589.0,,
2019-07-11,601216,2.21839344,2.24629776,2.1974652,2.21141736,13597379,43235732.0,,
2019-07-12,601216,2.21839344,2.34396288,2.20444128,2.28117816,49711556,163052913.0,,
2019-07-15,601216,2.267226,2.33001072,2.23932168,2.30908248,34906791,114677571.0,,
2019-07-16,601216,2.29513032,2.34396288,2.29513032,2.32303464,32278017,107049104.0,,
2019-07-17,601216,2.30908248,2.35791504,2.30908248,2.32303464,25975938,86846160.0,,
2019-07-18,601216,2.31605856,2.3369868,2.28117816,2.3021064,25697238,84952390.0,,
2019-07-19,601216,2.30908248,2.3369868,2.29513032,2.3021064,17167700,56990344.0,,
2019-07-22,601216,2.3021064,2.3021064,2.22536952,2.2323456,26170837,84318131.0,,
2019-07-23,601216,2.24629776,2.267226,2.22536952,2.25327384,13498271,43570738.0,,
2019-07-24,601216,2.267226,2.31605856,2.26024992,2.28815424,20146280,66175736.0,,
2019-07-25,601216,2.29513032,2.30908248,2.267226,2.27420208,14968408,48893360.0,,
2019-07-26,601216,2.267226,2.27420208,2.24629776,2.26024992,14245240,46064982.0,,
2019-07-29,601216,2.26024992,2.267226,2.2323456,2.23932168,12990200,41779802.0,,
2019-07-30,601216,2.2323456,2.35791504,2.2323456,2.28815424,39951823,131578403.0,,
2019-07-31,601216,2.267226,2.27420208,2.24629776,2.25327384,23073240,74666918.0,,
2019-08-01,601216,2.25327384,2.26024992,2.2323456,2.24629776,21229559,68313200.0,,
2019-08-02,601216,2.21141736,2.22536952,2.18351304,2.1974652,27318522,86299709.0,,
2019-08-05,601216,2.1974652,2.1974652,2.14863264,2.1625848,19747715,61476098.0,,
2019-08-06,601216,2.12072832,2.1277044,2.00911104,2.07887184,38960319,115970108.0,,
2019-08-07,601216,2.08584792,2.10677616,2.0579436,2.0579436,16511580,49200195.0,,
2019-08-08,601216,2.07887184,2.08584792,2.0579436,2.0579436,13737302,40762226.0,,
2019-08-09,601216,2.06491968,2.07887184,2.03003928,2.04399144,14659095,43111719.0,,
2019-08-12,601216,2.05096752,2.07189576,2.03701536,2.06491968,13501252,39735766.0,,
2019-08-13,601216,2.04399144,2.06491968,2.03701536,2.05096752,12054000,35375650.0,,
2019-08-14,601216,2.07189576,2.08584792,2.05096752,2.0579436,21018538,62270276.0,,
2019-08-15,601216,2.01608712,2.06491968,1.9881828,2.03701536,19867489,57608672.0,,
2019-08-16,601216,2.03701536,2.0579436,2.03003928,2.03701536,16292126,47692204.0,,
2019-08-19,601216,2.05096752,2.09980008,2.03701536,2.092824,34015278,101268338.0,,
2019-08-20,601216,2.09980008,2.11375224,2.08584792,2.092824,20796376,62481265.0,,
2019-08-21,601216,2.08584792,2.1277044,2.07887184,2.09980008,17941092,54167603.0,,
2019-08-22,601216,2.11375224,2.12072832,2.08584792,2.092824,11703340,35127698.0,,
2019-08-23,601216,2.092824,2.11375224,2.07189576,2.07887184,18259866,54683321.0,,
2019-08-26,601216,2.0230632,2.05096752,2.01608712,2.04399144,23745765,69442138.0,,
2019-08-27,601216,2.0579436,2.09980008,2.05096752,2.06491968,23909603,71128544.0,,
2019-08-28,601216,2.07189576,2.09980008,2.07189576,2.07887184,20068788,59925887.0,,
2019-08-29,601216,2.07887184,2.092824,2.06491968,2.08584792,17629019,52565965.0,,
2019-08-30,601216,2.092824,2.11375224,2.04399144,2.0579436,21968762,65428291.0,,
2019-09-02,601216,2.05096752,2.12072832,2.04399144,2.092824,27372333,81960392.0,,
2019-09-03,601216,2.10677616,2.1277044,2.07887184,2.10677616,28915796,87336143.0,,
2019-09-04,601216,2.09980008,2.14863264,2.092824,2.14165656,38806289,117807206.0,,
2019-09-05,601216,2.14165656,2.2323456,2.14165656,2.17653696,68905578,216564957.0,,
2019-09-06,601216,2.18351304,2.26024992,2.1625848,2.2323456,70553588,223340360.0,,
2019-09-09,601216,2.23932168,2.25327384,2.21141736,2.24629776,59987998,191944678.0,,
2019-09-10,601216,2.23932168,2.36489112,2.21141736,2.267226,78729631,256306744.0,,
2019-09-11,601216,2.27420208,2.31605856,2.23932168,2.25327384,65635157,213159749.0,,
2019-09-12,601216,2.26024992,2.3021064,2.24629776,2.27420208,41974928,137019560.0,,
2019-09-16,601216,2.27420208,2.31605856,2.26024992,2.27420208,44419873,145890173.0,,
2019-09-17,601216,2.267226,2.27420208,2.17653696,2.19048912,44566710,141581668.0,,
2019-09-18,601216,2.20444128,2.21141736,2.16956088,2.17653696,29979549,93973668.0,,
2019-09-19,601216,2.18351304,2.1974652,2.14863264,2.19048912,22026974,68688529.0,,
2019-09-20,601216,2.1974652,2.1974652,2.1625848,2.16956088,21225264,66329948.0,,
2019-09-23,601216,2.1625848,2.16956088,2.10677616,2.13468048,26680365,81436874.0,,
2019-09-24,601216,2.13468048,2.2323456,2.1277044,2.1974652,61750978,193484759.0,,
2019-09-25,601216,2.16956088,2.18351304,2.12072832,2.1277044,35160974,108173445.0,,
2019-09-26,601216,2.1277044,2.14165656,2.092824,2.092824,23861279,72265549.0,,
2019-09-27,601216,2.09980008,2.1277044,2.092824,2.11375224,14607825,44173879.0,,
2019-09-30,601216,2.11375224,2.12072832,2.092824,2.09980008,12077582,36416631.0,,
2019-10-08,601216,2.092824,2.14165656,2.08584792,2.10677616,19686857,59367582.0,,
2019-10-09,601216,2.10677616,2.12072832,2.08584792,2.11375224,13371530,40335907.0,,
2019-10-10,601216,2.11375224,2.1277044,2.09980008,2.12072832,13763382,41802595.0,,
2019-10-11,601216,2.12072832,2.14165656,2.092824,2.1277044,22527373,68456316.0,,
2019-10-14,601216,2.14165656,2.18351304,2.13468048,2.15560872,30138855,93469065.0,,
2019-10-15,601216,2.16956088,2.17653696,2.14863264,2.15560872,22944190,71180424.0,,
2019-10-16,601216,2.15560872,2.19048912,2.13468048,2.14165656,22776100,70524840.0,,
2019-10-17,601216,2.14165656,2.15560872,2.1277044,2.1277044,14129248,43380309.0,,
2019-10-18,601216,2.13468048,2.14165656,2.07887184,2.08584792,24286680,73216954.0,,
2019-10-21,601216,2.08584792,2.092824,2.0579436,2.07189576,14042560,41640943.0,,
2019-10-22,601216,2.07887184,2.08584792,2.0579436,2.08584792,10436107,31021817.0,,
2019-10-23,601216,2.08584792,2.09980008,2.07189576,2.08584792,10107790,30176036.0,,
2019-10-24,601216,2.07887184,2.08584792,2.0579436,2.07189576,13524176,40078548.0,,
2019-10-25,601216,2.07189576,2.092824,2.0579436,2.08584792,12172237,36228737.0,,
2019-10-28,601216,2.09980008,2.1625848,2.092824,2.1625848,39319943,120183201.0,,
2019-10-29,601216,2.15560872,2.1625848,2.08584792,2.092824,31327340,95160394.0,,
2019-10-30,601216,2.08584792,2.08584792,2.06491968,2.07887184,18587340,55277374.0,,
2019-10-31,601216,2.092824,2.092824,2.0579436,2.06491968,15935092,47306703.0,,
2019-11-01,601216,2.06491968,2.11375224,2.05096752,2.09980008,21404037,63742620.0,,
2019-11-04,601216,2.092824,2.10677616,2.07887184,2.08584792,15547700,46582117.0,,
2019-11-05,601216,2.08584792,2.12072832,2.06491968,2.12072832,30708918,92325615.0,,
2019-11-06,601216,2.10677616,2.1625848,2.07887184,2.1277044,45315654,137572710.0,,
2019-11-07,601216,2.11375224,2.1277044,2.09980008,2.12072832,23690500,71853020.0,,
2019-11-08,601216,2.13468048,2.17653696,2.12072832,2.14863264,46656624,143896977.0,,
2019-11-11,601216,2.1277044,2.13468048,2.07189576,2.07887184,31722340,95355718.0,,
2019-11-12,601216,2.07887184,2.11375224,2.07887184,2.092824,17196217,51610027.0,,
2019-11-13,601216,2.10677616,2.10677616,2.07189576,2.08584792,15608559,46666740.0,,
2019-11-14,601216,2.08584792,2.12072832,2.07887184,2.10677616,23003888,69271629.0,,
2019-11-15,601216,2.09980008,2.09980008,2.07189576,2.07189576,14831284,44349677.0,,
2019-11-18,601216,2.07189576,2.09980008,2.0579436,2.08584792,14816760,44207390.0,,
2019-11-19,601216,2.08584792,2.10677616,2.07887184,2.09980008,17561669,52735200.0,,
2019-11-20,601216,2.092824,2.092824,2.06491968,2.06491968,19617717,58448271.0,,
2019-11-21,601216,2.0579436,2.08584792,2.05096752,2.07189576,13841060,41053431.0,,
2019-11-22,601216,2.07189576,2.092824,2.0579436,2.06491968,16407606,48713744.0,,
2019-11-25,601216,2.07887184,2.09980008,2.0579436,2.09980008,23130082,69132966.0,,
2019-11-26,601216,2.1974652,2.20444128,2.12072832,2.1277044,72111900,222486765.0,,
2019-11-27,601216,2.11375224,2.14165656,2.09980008,2.10677616,23743676,71977539.0,,
2019-11-28,601216,2.10677616,2.12072832,2.09980008,2.09980008,18073688,54621352.0,,
2019-11-29,601216,2.09980008,2.11375224,2.09980008,2.10677616,14203424,42892042.0,,
2019-12-02,601216,2.10677616,2.11375224,2.07887184,2.08584792,17368188,52172239.0,,
2019-12-03,601216,2.07887184,2.09980008,2.07189576,2.09980008,16228856,48596196.0,,
2019-12-04,601216,2.08584792,2.09980008,2.07887184,2.092824,12682077,37992430.0,,
2019-12-05,601216,2.092824,2.10677616,2.08584792,2.09980008,16738195,50300565.0,,
2019-12-06,601216,2.09980008,2.10677616,2.08584792,2.09980008,14877600,44732252.0,,
2019-12-09,601216,2.09980008,2.11375224,2.092824,2.09980008,18790062,56628270.0,,
2019-12-10,601216,2.09980008,2.10677616,2.092824,2.09980008,16772302,50447376.0,,
2019-12-11,601216,2.09980008,2.10677616,2.07887184,2.08584792,17221904,51595251.0,,
2019-12-12,601216,2.08584792,2.092824,2.06491968,2.07189576,17794833,52948342.0,,
2019-12-13,601216,2.08584792,2.10677616,2.07887184,2.09980008,28360245,85137402.0,,
2019-12-16,601216,2.09980008,2.1277044,2.08584792,2.1277044,34103540,103284580.0,,
2019-12-17,601216,2.12072832,2.20444128,2.11375224,2.16956088,72496360,225039145.0,,
2019-12-18,601216,2.1625848,2.1974652,2.15560872,2.16956088,47486509,148259297.0,,
2019-12-19,601216,2.1625848,2.18351304,2.1625848,2.16956088,24546055,76333186.0,,
2019-12-20,601216,2.17653696,2.21141736,2.1625848,2.16956088,44877452,140286671.0,,
2019-12-23,601216,2.1625848,2.16956088,2.11375224,2.12072832,33051900,101698315.0,,
2019-12-24,601216,2.1277044,2.14863264,2.12072832,2.13468048,20382488,62317313.0,,
2019-12-25,601216,2.13468048,2.13468048,2.11375224,2.1277044,18100396,55121781.0,,
2019-12-26,601216,2.12072832,2.14165656,2.11375224,2.14165656,26472175,80766375.0,,
2019-12-27,601216,2.13468048,2.16956088,2.1277044,2.13468048,44862624,138399954.0,,
2019-12-30,601216,2.1277044,2.1974652,2.10677616,2.17653696,67120401,207599827.0,,
2019-12-31,601216,2.1625848,2.1974652,2.15560872,2.18351304,39384631,122988045.0,,
2020-01-02,601216,2.1974652,2.2323456,2.19048912,2.21839344,62505422,198221865.0,,
2020-01-03,601216,2.21141736,2.21141736,2.19048912,2.1974652,39973853,126106099.0,,
2020-01-06,601216,2.1625848,2.21839344,2.14863264,2.19048912,53176845,166769794.0,,
2020-01-07,601216,2.19048912,2.25327384,2.17653696,2.22536952,58885538,187017593.0,,
2020-01-08,601216,2.20444128,2.21839344,2.1625848,2.17653696,49821987,156720626.0,,
2020-01-09,601216,2.19048912,2.21141736,2.18351304,2.19048912,30747091,96728930.0,,
2020-01-10,601216,2.20444128,2.20444128,2.1625848,2.16956088,28384079,88591256.0,,
2020-01-13,601216,2.1625848,2.17653696,2.14165656,2.16956088,36630689,113275721.0,,
2020-01-14,601216,2.1625848,2.1974652,2.1625848,2.16956088,38548992,120343206.0,,
2020-01-15,601216,2.19048912,2.24629776,2.16956088,2.16956088,67679612,213202141.0,,
2020-01-16,601216,2.1625848,2.1625848,2.11375224,2.1277044,56245932,172153232.0,,
2020-01-17,601216,2.14165656,2.14863264,2.11375224,2.12072832,27567623,84226799.0,,
2020-01-20,601216,2.12072832,2.1277044,2.09980008,2.1277044,25603769,77795100.0,,
2020-01-21,601216,2.12072832,2.1277044,2.09980008,2.09980008,25611220,77546535.0,,
2020-01-22,601216,2.092824,2.11375224,2.06491968,2.09980008,29680647,88765475.0,,
2020-01-23,601216,2.092824,2.092824,2.01608712,2.03701536,47074301,138687386.0,,
2020-02-03,601216,1.83470904,1.83470904,1.83470904,1.83470904,19472100,51211623.0,价格异常,-12.333333333333329
2020-02-04,601216,1.66728312,1.8137808,1.66728312,1.75797216,72171579,182260893.0,,
2020-02-05,601216,1.77192432,1.82773296,1.75797216,1.79982864,43735575,112526684.0,,
2020-02-06,601216,1.79982864,1.84168512,1.7789004,1.82773296,38586312,100210696.0,,
2020-02-07,601216,1.82075688,1.83470904,1.79982864,1.82773296,33078267,86102441.0,,
2020-02-10,601216,1.8137808,1.92539808,1.80680472,1.918422,58228372,157234151.0,,
2020-02-11,601216,1.90446984,1.918422,1.87656552,1.8835416,30556279,83024301.0,,
2020-02-12,601216,1.89051768,1.94632632,1.8835416,1.94632632,37921188,104722025.0,,
2020-02-13,601216,1.93935024,1.98120672,1.92539808,1.94632632,40383201,113169282.0,,
2020-02-14,601216,1.93237416,1.96725456,1.918422,1.93935024,25161797,70065724.0,,
2020-02-17,601216,1.94632632,2.00911104,1.93935024,2.00213496,40093517,114375091.0,,
2020-02-18,601216,2.10677616,2.14165656,2.00911104,2.03701536,85084561,251537339.0,,
2020-02-19,601216,2.03003928,2.1277044,2.00911104,2.08584792,73442105,217927929.0,,
2020-02-20,601216,2.06491968,2.09980008,2.03701536,2.08584792,55333745,164254164.0,,
2020-02-21,601216,2.08584792,2.08584792,2.05096752,2.06491968,51692737,153116247.0,,
2020-02-24,601216,2.05096752,2.0579436,2.0230632,2.03003928,50832027,148302426.0,,
2020-02-25,601216,2.00213496,2.0230632,1.918422,2.00213496,63324757,179522683.0,,
2020-02-26,601216,1.96725456,2.03701536,1.96027848,1.99515888,51958831,149585810.0,,
2020-02-27,601216,2.00213496,2.01608712,1.97423064,2.00213496,31888188,91335851.0,,
2020-02-28,601216,1.94632632,1.96725456,1.8835416,1.8835416,51486064,142077502.0,,
2020-03-02,601216,1.89749376,1.97423064,1.89749376,1.9533024,36719117,102093350.0,,
2020-03-03,601216,1.97423064,2.00213496,1.9533024,1.96725456,36726201,104116873.0,,
2020-03-04,601216,1.9533024,1.9881828,1.93237416,1.97423064,33928997,95413731.0,,
2020-03-05,601216,2.00213496,2.04399144,1.98120672,2.03003928,59407962,171645784.0,,
2020-03-06,601216,1.99515888,2.01608712,1.9881828,2.00213496,36546474,104879311.0,,
2020-03-09,601216,1.96725456,1.97423064,1.91144592,1.918422,61575597,170725772.0,,
2020-03-10,601216,1.8835416,1.96725456,1.85563728,1.93935024,52548951,143834883.0,,
2020-03-11,601216,1.93935024,1.96027848,1.91144592,1.91144592,32611074,90470614.0,,
2020-03-12,601216,1.89051768,1.91144592,1.85563728,1.87656552,41844449,112740166.0,,
2020-03-13,601216,1.79982864,1.86958944,1.7789004,1.8486612,42147544,109989193.0,,
2020-03-16,601216,1.8835416,1.8835416,1.79285256,1.79982864,32476200,85514928.0,,
2020-03-17,601216,1.8137808,1.84168512,1.75797216,1.79982864,28110783,72288683.0,,
2020-03-18,601216,1.8137808,1.83470904,1.77192432,1.7789004,25811503,66803656.0,,
2020-03-19,601216,1.76494824,1.79285256,1.73704392,1.75797216,35824733,90504718.0,,
2020-03-20,601216,1.77192432,1.78587648,1.74402,1.7789004,24589031,62328965.0,,
2020-03-23,601216,1.74402,1.75797216,1.70216352,1.7091396,28871458,71659690.0,,
2020-03-24,601216,1.73704392,1.7789004,1.70216352,1.74402,63095860,157298600.0,,
2020-03-25,601216,1.77192432,1.78587648,1.74402,1.75797216,53001469,133708188.0,,
2020-03-26,601216,1.75099608,1.75797216,1.73704392,1.74402,23303158,58364158.0,,
2020-03-27,601216,1.75797216,1.77192432,1.74402,1.74402,22417642,56430513.0,,
2020-03-30,601216,1.73006784,1.73704392,1.70216352,1.7091396,23757711,58319560.0,,
2020-03-31,601216,1.72309176,1.72309176,1.70216352,1.71611568,19387418,47596592.0,,
2020-04-01,601216,1.7091396,1.72309176,1.69518744,1.69518744,17536527,42978587.0,,
2020-04-02,601216,1.68123528,1.73006784,1.68123528,1.72309176,20608753,50373830.0,,
2020-04-03,601216,1.71611568,1.72309176,1.69518744,1.70216352,16053959,39233955.0,,
2020-04-07,601216,1.73704392,1.75797216,1.71611568,1.74402,33288860,83081557.0,,
2020-04-08,601216,1.73704392,1.77192432,1.73006784,1.75797216,26790927,67266581.0,,
2020-04-09,601216,1.76494824,1.92539808,1.75797216,1.86261336,87982839,234202339.0,,
2020-04-10,601216,1.8486612,1.85563728,1.79285256,1.79982864,38612917,100472707.0,,
2020-04-13,601216,1.78587648,1.8486612,1.76494824,1.79982864,20752404,53765312.0,,
2020-04-14,601216,1.8137808,1.82075688,1.78587648,1.8137808,21246472,54940058.0,,
2020-04-15,601216,1.80680472,1.82075688,1.77192432,1.77192432,24409302,62808163.0,,
2020-04-16,601216,1.77192432,1.8137808,1.76494824,1.79982864,25922065,66785242.0,,
2020-04-17,601216,1.80680472,1.80680472,1.7789004,1.79285256,21934560,56380674.0,,
2020-04-20,601216,1.78587648,1.80680472,1.77192432,1.79982864,17910116,45851043.0,,
2020-04-21,601216,1.79285256,1.79982864,1.76494824,1.78587648,16146313,41181931.0,,
2020-04-22,601216,1.89749376,1.96725456,1.89051768,1.96725456,61757579,172732776.0,,
2020-04-23,601216,2.1277044,2.1277044,2.03003928,2.03701536,226988576,674345091.0,,
2020-04-24,601216,2.0230632,2.0579436,1.96725456,1.97423064,91392634,262171730.0,,
2020-04-27,601216,1.96027848,1.99515888,1.918422,1.9533024,48769715,136770003.0,,
2020-04-28,601216,1.93237416,1.9533024,1.86958944,1.918422,47326244,130365300.0,,
2020-04-29,601216,1.93237416,1.99515888,1.918422,1.96027848,40805925,114781721.0,,
2020-04-30,601216,1.99515888,2.01608712,1.97423064,2.00213496,49737936,142156450.0,,
2020-05-06,601216,1.9881828,2.03003928,1.96725456,2.01608712,41379162,118927525.0,,
2020-05-07,601216,2.01608712,2.0230632,1.9881828,1.99515888,29762070,85397540.0,,
2020-05-08,601216,2.00213496,2.0230632,1.99515888,2.00213496,28355787,81628268.0,,
2020-05-11,601216,2.00911104,2.01608712,1.99515888,2.00213496,23293712,67018114.0,,
2020-05-12,601216,2.00213496,2.01608712,1.99515888,2.00213496,19887894,57102364.0,,
2020-05-13,601216,2.00213496,2.00213496,1.9881828,2.00213496,19220766,55000641.0,,
2020-05-14,601216,1.99515888,2.00213496,1.97423064,1.97423064,27414002,77926095.0,,
2020-05-15,601216,1.98120672,1.9881828,1.9533024,1.96027848,17712921,50068358.0,,
2020-05-18,601216,1.97423064,2.00213496,1.96027848,1.97423064,24515376,69596575.0,,
2020-05-19,601216,1.98120672,1.99515888,1.96725456,1.97423064,15435646,43741310.0,,
2020-05-20,601216,2.00911104,2.092824,2.00911104,2.06491968,93234492,275826699.0,,
2020-05-21,601216,2.07887184,2.092824,2.05096752,2.06491968,49795754,147682845.0,,
2020-05-22,601216,2.06491968,2.07189576,2.03003928,2.06491968,46242076,135820903.0,,
2020-05-25,601216,2.08584792,2.09980008,2.05096752,2.08584792,71138355,211735750.0,,
2020-05-26,601216,2.07794722,2.07794722,1.98313594,2.0147397,80402465,205576429.0,,
2020-05-27,601216,1.99893782,2.00683876,1.95943312,1.96733406,38057112,95043668.0,,
2020-05-28,601216,1.95153218,1.99103688,1.95153218,1.96733406,21264260,52994503.0,,
2020-05-29,601216,1.96733406,1.96733406,1.94363124,1.95943312,22057361,54568598.0,,
2020-06-01,601216,1.96733406,2.00683876,1.95943312,1.99893782,28091710,70600825.0,,
2020-06-02,601216,2.0147397,2.0147397,1.975235,1.99893782,23823118,60163812.0,,
2020-06-03,601216,1.99893782,2.03054158,1.99893782,1.99893782,26374101,67127542.0,,
2020-06-04,601216,1.99893782,2.00683876,1.98313594,1.99103688,17998960,45331461.0,,
2020-06-05,601216,1.99893782,1.99893782,1.975235,1.99103688,17636241,44256313.0,,
2020-06-08,601216,1.99103688,2.00683876,1.98313594,1.99893782,19058552,48119376.0,,
2020-06-09,601216,1.99893782,2.00683876,1.98313594,1.99893782,17052227,43057039.0,,
2020-06-10,601216,1.99893782,1.99893782,1.975235,1.98313594,13044420,32774405.0,,
2020-06-11,601216,1.98313594,1.99103688,1.96733406,1.96733406,17140055,42932843.0,,
2020-06-12,601216,1.94363124,1.96733406,1.9357303,1.95943312,20600915,50949839.0,,
2020-06-15,601216,1.99103688,2.07004628,1.99103688,1.99893782,44204471,112895001.0,,
2020-06-16,601216,2.00683876,2.02264064,1.99103688,2.0147397,23872334,60681271.0,,
2020-06-17,601216,2.0147397,2.03054158,1.99103688,2.0147397,25803437,65620642.0,,
2020-06-18,601216,2.0147397,2.03054158,1.99893782,2.03054158,24639365,63049539.0,,
2020-06-19,601216,2.03054158,2.03054158,2.00683876,2.02264064,21442373,54844664.0,,
2020-06-22,601216,2.02264064,2.07004628,2.00683876,2.06214534,48055160,124533221.0,,
2020-06-23,601216,2.0937491,2.0937491,2.04634346,2.04634346,37366443,97880298.0,,
2020-06-24,601216,2.04634346,2.06214534,2.03054158,2.03844252,15912219,41121473.0,,
2020-06-29,601216,2.03054158,2.03054158,1.99893782,1.99893782,22969353,58576604.0,,
2020-06-30,601216,2.00683876,2.0147397,1.99893782,2.00683876,18804935,47764414.0,,
2020-07-01,601216,2.00683876,2.03844252,1.99893782,2.03054158,28142531,72051726.0,,
2020-07-02,601216,2.03054158,2.15695662,2.00683876,2.12535286,100429300,266820738.0,,
2020-07-03,601216,2.11745192,2.20436226,2.10955098,2.18856038,103503546,283831320.0,,
2020-07-06,601216,2.2517679,2.35448012,2.2122632,2.33867824,141727193,409918107.0,,
2020-07-07,601216,2.370282,2.41768764,2.29917354,2.29917354,134183307,398902855.0,,
2020-07-08,601216,2.28337166,2.4492914,2.28337166,2.41768764,139732880,418727586.0,,
2020-07-09,601216,2.49669704,2.5283008,2.41768764,2.45719234,134171154,419299273.0,,
2020-07-10,601216,2.43348952,2.4887961,2.39398482,2.41768764,107062941,329252705.0,,
2020-07-13,601216,2.41768764,2.5283008,2.41768764,2.49669704,107961823,338096729.0,,
2020-07-14,601216,2.48089516,2.50459798,2.39398482,2.43348952,99881008,309389508.0,,
2020-07-15,601216,2.46509328,2.67841866,2.46509328,2.67841866,272838832,908581488.0,,
2020-07-16,601216,2.74162618,2.74952712,2.4097867,2.44139046,328028976,1091354096.0,,
2020-07-17,601216,2.4097867,2.5283008,2.37818294,2.43348952,172686973,536242642.0,,
2020-07-20,601216,2.45719234,2.66261678,2.45719234,2.62311208,169720932,556126187.0,,
2020-07-21,601216,2.8838431,2.8838431,2.8838431,2.8838431,26560424,96945547.6,,
2020-07-22,601216,3.17617788,3.17617788,3.17617788,3.17617788,14774903,59395110.06,价格异常,10.136986301369856
2020-07-23,601216,3.49221548,3.49221548,3.4369089,3.49221548,385035472,1700819530.41,,
2020-07-24,601216,3.52381924,3.83985684,3.49221548,3.83985684,873602912,4057513544.65,,
2020-07-27,601216,3.62653146,4.20330008,3.48431454,4.0294794,689140144,3345516451.83,,
2020-07-28,601216,3.95047,4.43242734,3.9109653,4.43242734,740400336,4080229436.88,,
2020-07-29,601216,4.345517,4.87487998,4.21120102,4.87487998,682766400,3996326673.35,,
2020-07-30,601216,5.135611,5.36473826,5.0170969,5.36473826,505684752,3370357397.28,价格异常,10.048622366288495
2020-07-31,601216,5.6096674,5.90200218,5.57806364,5.90200218,514446432,3797418119.53,价格异常,10.014727540500745
2020-08-03,601216,6.48667174,6.49457268,6.2022379,6.49457268,249021685,2035608901.26,价格异常,10.040160642570273
2020-08-04,601216,7.110846,7.14244976,5.9652097,6.17853508,1116639824,9432636883.37,,
2020-08-05,601216,5.8071909,6.7948084,5.8071909,6.7948084,743646032,6005538375.06,,
2020-08-06,601216,7.16615258,7.47428924,6.65259148,7.47428924,959111568,8714352821.19,价格异常,10.000000000000009
2020-08-07,601216,7.57700146,8.22487854,7.110846,8.22487854,852231120,8581553847.27,价格异常,10.042283298097265
2020-08-10,601216,8.03525598,8.97546784,7.90094,8.35919452,949619840,10288243791.79,,
2020-08-11,601216,8.18537384,8.56461896,7.52169488,7.57700146,848156000,8442942701.06,,
2020-08-12,601216,7.52959582,8.3354917,7.07924224,7.90094,976726512,9576660229.72,,
2020-08-13,601216,7.5849024,8.09056256,7.11874694,7.1898554,825827472,7913142680.2,,
2020-08-14,601216,7.10294506,7.1898554,6.5577802,6.61308678,706894208,6073839414.85,价格异常,-11.13281250000001
2020-08-17,601216,6.85801592,7.27676574,6.6762943,7.27676574,601550096,5311493338.17,,
2020-08-18,601216,7.7429212,8.00365222,7.64020898,8.00365222,493071792,4939575411.24,,
2020-08-19,601216,8.36709546,8.80164716,7.91674188,8.20117572,1126628592,12029035054.65,,
2020-08-20,601216,7.505893,7.6639118,7.37947796,7.37947796,490316560,4636869953.46,价格异常,-12.926391382405743
2020-08-21,601216,6.86591686,7.5849024,6.86591686,7.21355822,615545584,5621595338.67,,
2020-08-24,601216,7.33207232,7.33207232,6.50247362,6.64469054,534226400,4538288520.59,,
2020-08-25,601216,6.46296892,7.2293601,6.37605858,7.03973754,634446016,5451220115.17,,
2020-08-26,601216,6.9528272,7.7429212,6.715799,7.7429212,843184736,8000548998.68,,
2020-08-27,601216,7.9404447,8.04315692,7.22145916,7.35577514,776677504,7501946587.13,,
2020-08-28,601216,7.1503507,7.49799206,6.81061028,7.1503507,549988752,4912565748.55,,
2020-08-31,601216,7.15825164,7.77452496,6.96072814,7.39527984,585123552,5547118825.02,,
2020-09-01,601216,7.18195446,7.30046856,7.01603472,7.1898554,402250816,3625257418.33,,
2020-09-02,601216,7.08714318,7.49799206,6.96862908,7.18195446,402779696,3698249891.17,,
2020-09-03,601216,7.110846,7.505893,7.06344036,7.33997326,521629680,4824699593.96,,
2020-09-04,601216,7.15825164,7.3083695,7.0713413,7.12664788,320754400,2892429369.12,,
2020-09-07,601216,7.0318366,7.06344036,6.54987926,6.61308678,438648240,3774018359.4,,
2020-09-08,601216,6.5577802,6.68419524,6.13112944,6.37605858,393811392,3160991790.18,,
2020-09-09,601216,6.24964354,6.24964354,5.74398338,5.78348808,373485712,2828476037.72,,
2020-09-10,601216,6.06002098,6.23384166,5.79138902,5.83879466,334895552,2541847214.28,,
2020-09-11,601216,5.60176646,5.8862003,5.4516486,5.78348808,276601584,1978568514.44,,
2020-09-14,601216,5.78348808,5.86249748,5.61756834,5.66497398,220945830,1594279999.88,,
2020-09-15,601216,5.62546928,6.23384166,5.56226176,6.23384166,394126624,2963042168.75,,
2020-09-16,601216,6.31285106,6.66839336,6.0047144,6.32865294,512030272,4044884874.42,,
2020-09-17,601216,6.1627332,6.5577802,6.09952568,6.320752,348580880,2805614375.55,,
2020-09-18,601216,6.2812473,6.3997614,6.17853508,6.35235576,275982720,2200393416.21,,
2020-09-21,601216,6.37605858,6.4392661,6.17853508,6.26544542,220498491,1762738087.3,,
2020-09-22,601216,6.1232285,6.2417426,5.97311064,5.99681346,229211867,1768457012.53,,
2020-09-23,601216,5.98891252,6.36815764,5.93360594,6.17853508,262698357,2061803442.67,,
2020-09-24,601216,6.06002098,6.42346422,6.01261534,6.2812473,307985008,2431788875.83,,
2020-09-25,601216,6.23384166,6.35235576,6.13112944,6.1627332,216358746,1703549214.28,,
2020-09-28,601216,6.09952568,6.10742662,5.75978526,5.79928996,225946016,1693118125.38,,
2020-09-29,601216,5.94150688,5.97311064,5.7281815,5.74398338,154897866,1139526399.88,,
2020-09-30,601216,5.75978526,5.79138902,5.6096674,5.70447868,152329915,1094826959.38,,
2020-10-09,601216,5.8071909,6.0442191,5.78348808,5.97311064,205675650,1544902677.27,,
2020-10-12,601216,5.9652097,6.22594072,5.85459654,6.13903038,246286619,1887218660.23,,
2020-10-13,601216,6.2022379,6.6367896,6.0837238,6.40766234,329869664,2651482329.22,,
2020-10-14,601216,6.18643602,6.25754448,6.10742662,6.15483226,245990391,1921008537.73,,
2020-10-15,601216,6.0837238,6.09162474,5.86249748,5.8862003,186002899,1397592383.67,,
2020-10-16,601216,5.81509184,6.13112944,5.81509184,6.03631816,161853695,1223761311.61,,
2020-10-19,601216,6.0837238,6.27334636,6.02841722,6.17063414,184557069,1440611468.66,,
2020-10-20,601216,6.13903038,6.15483226,5.99681346,6.11532756,125847565,967007140.1,,
2020-10-21,601216,6.13903038,6.2022379,6.05212004,6.0837238,100283065,774348865.33,,
2020-10-22,601216,6.17853508,6.5577802,6.15483226,6.22594072,303476032,2433612978.93,,
2020-10-23,601216,6.22594072,6.25754448,6.0837238,6.11532756,144200528,1119086247.28,,
2020-10-26,601216,6.1627332,6.18643602,6.0047144,6.07582286,97500565,748674275.89,,
2020-10-27,601216,6.0047144,6.18643602,5.93360594,6.09162474,110021998,849055166.4,,
2020-10-28,601216,6.1232285,6.1232285,5.8862003,5.93360594,167681846,1263287804.91,,
2020-10-29,601216,5.83089372,5.83089372,5.67287492,5.72028056,194828728,1414128125.7,,
2020-10-30,601216,5.72028056,5.79138902,5.51485612,5.55436082,155596442,1105503996.14,,
2020-11-02,601216,5.55436082,5.59386552,5.22252134,5.28572886,179038042,1208846078.65,,
2020-11-03,601216,5.20671946,5.42794578,5.0566016,5.36473826,186188321,1240617193.63,,
2020-11-04,601216,4.90648374,5.16721476,4.83537528,4.86697904,336336672,2097153065.18,,
2020-11-05,601216,4.86697904,4.9775922,4.74846494,4.94598844,213282688,1324125195.27,,
2020-11-06,601216,4.8985828,4.92228562,4.66945554,4.74846494,248113382,1498671106.38,,
2020-11-09,601216,4.79587058,5.08820536,4.75636588,5.02499784,290285328,1824539904.17,,
2020-11-10,601216,5.02499784,5.12771006,4.8195734,4.85117716,208940307,1300935231.28,,
2020-11-11,601216,4.8195734,4.87487998,4.74846494,4.76426682,126090566,765492622.28,,
2020-11-12,601216,4.78796964,4.81167246,4.63785178,4.7010593,142712386,847052650.81,,
2020-11-13,601216,4.7010593,4.7010593,4.51933768,4.65365366,144998041,845053877.45,,
2020-11-16,601216,4.7010593,4.77216776,4.61414896,4.66945554,136336504,809199672.21,,
2020-11-17,601216,4.68525742,4.68525742,4.45613016,4.52723862,148802328,853014407.98,,
2020-11-18,601216,4.51933768,4.63785178,4.48773392,4.52723862,122695522,708715182.24,,
2020-11-19,601216,4.52723862,4.5825452,4.4245264,4.52723862,134668204,767341616.95,,
2020-11-20,601216,4.51933768,4.57464426,4.5035358,4.51933768,93622719,536388302.27,,
2020-11-23,601216,4.55094144,4.60624802,4.47193204,4.51933768,162639665,934090069.65,,
2020-11-24,601216,4.49563486,4.51143674,4.40872452,4.44822922,144483775,813440996.95,,
2020-11-25,601216,4.47193204,4.47983298,4.25860666,4.2665076,172786241,947736265.6,,
2020-11-26,601216,4.25070572,4.29021042,4.16379538,4.19539914,127057159,676908849.87,,
2020-11-27,601216,4.21120102,4.21910196,4.08478598,4.16379538,109481416,574710765.15,,
2020-11-30,601216,4.17959726,4.32971512,4.1479935,4.17169632,162799466,869236180.99,,
2020-12-01,601216,4.1479935,4.24280478,4.1084888,4.2270029,135299026,718443789.9,,
2020-12-02,601216,4.25070572,4.29811136,4.21120102,4.2270029,96983688,521015960.16,,
2020-12-03,601216,4.25860666,4.44032828,4.1874982,4.32971512,207112961,1130526482.09,,
2020-12-04,601216,4.28230948,4.29021042,4.1479935,4.17959726,150759782,799790733.54,,
2020-12-07,601216,4.1479935,4.21120102,4.11638974,4.16379538,90171011,473916077.25,,
2020-12-08,601216,4.1479935,4.16379538,4.07688504,4.08478598,86504421,450385629.59,,
2020-12-09,601216,4.07688504,4.09268692,3.95047,3.95837094,119896957,606014486.54,,
2020-12-10,601216,3.93466812,4.01367752,3.8714606,3.94256906,104288940,519711321.45,,
2020-12-11,601216,3.96627188,4.04528128,3.84775778,3.89516342,121171180,604877668.24,,
2020-12-14,601216,3.88726248,3.9899747,3.7924512,3.97417282,135781731,674212149.56,,
2020-12-15,601216,3.95047,4.00577658,3.93466812,3.95837094,71855562,360288788.85,,
2020-12-16,601216,3.97417282,3.97417282,3.87936154,3.93466812,71132761,353372185.66,,
2020-12-17,601216,3.91886624,4.12429068,3.89516342,4.01367752,154497504,785211063.45,,
2020-12-18,601216,3.97417282,3.99787564,3.92676718,3.93466812,89608044,448074120.96,,
2020-12-21,601216,3.9109653,3.95837094,3.8714606,3.91886624,75766066,375778941.61,,
2020-12-22,601216,3.9109653,4.01367752,3.83985684,3.83985684,139451296,690286395.07,,
2020-12-23,601216,3.8319559,3.83985684,3.72924368,3.7924512,120766428,578884863.91,,
2020-12-24,601216,3.7529465,3.78455026,3.6344324,3.64233334,110047663,515156657.17,,
2020-12-25,601216,3.61863052,3.68973898,3.53172018,3.6739371,116866437,534136054.0,,
2020-12-28,601216,3.66603616,4.04528128,3.65023428,4.04528128,196077898,967914658.18,,
2020-12-29,601216,4.1874982,4.32181418,3.94256906,4.00577658,468199648,2461223899.64,,
2020-12-30,601216,3.90306436,3.97417282,3.76874838,3.88726248,241286881,1178273961.05,,
2020-12-31,601216,3.84775778,3.9899747,3.80035214,3.9109653,188378698,929410430.24,,
2021-01-04,601216,3.84775778,3.88726248,3.76084744,3.8319559,175946856,851978329.59,,
2021-01-05,601216,3.80035214,3.8714606,3.76874838,3.7924512,132894783,639132364.42,,
2021-01-06,601216,3.76874838,3.78455026,3.68183804,3.70554086,132545498,624436694.17,,
2021-01-07,601216,3.72134274,3.85565872,3.5949277,3.6344324,152135359,716105622.95,,
2021-01-08,601216,3.61072958,3.77664932,3.52381924,3.74504556,154207934,717680415.46,,
2021-01-11,601216,3.7529465,3.78455026,3.555423,3.57122488,128958546,596379658.38,,
2021-01-12,601216,3.57122488,3.61072958,3.49221548,3.53172018,100783526,450764243.91,,
2021-01-13,601216,3.50011642,3.57912582,3.46061172,3.4764136,98240323,436153435.67,,
2021-01-14,601216,3.44480984,3.57122488,3.3578995,3.50801736,143430204,627302116.63,,
2021-01-15,601216,3.4764136,3.53962112,3.4369089,3.44480984,92035801,404762996.94,,
2021-01-18,601216,3.4764136,3.66603616,3.45271078,3.57912582,140328312,632532269.55,,
2021-01-19,601216,3.54752206,3.89516342,3.53962112,3.7924512,287991968,1354190507.38,,
2021-01-20,601216,3.69763992,3.74504556,3.5949277,3.64233334,218056770,1007422289.17,,
2021-01-21,601216,3.5949277,3.73714462,3.53962112,3.6739371,183958989,847173736.93,,
2021-01-22,601216,3.62653146,3.68973898,3.56332394,3.57122488,116938419,534885093.66,,
2021-01-25,601216,3.53962112,3.555423,3.46061172,3.46851266,93303051,412434503.94,,
2021-01-26,601216,3.46851266,3.555423,3.42900796,3.48431454,76411463,338560948.02,,
2021-01-27,601216,3.61863052,3.8319559,3.57122488,3.8319559,313509888,1499192111.86,,
2021-01-28,601216,3.95047,4.21910196,3.7924512,4.21910196,576385152,2934823868.14,价格异常,10.10309278350514
2021-01-29,601216,4.29811136,4.63785178,4.2270029,4.63785178,698679152,4005909097.01,,
2021-02-01,601216,4.6615546,4.96179032,4.2665076,4.5035358,687757232,3990069886.92,,
2021-02-02,601216,4.40082358,4.95388938,4.40082358,4.95388938,404677056,2443254479.02,,
2021-02-03,601216,4.9775922,5.39634202,4.740564,5.00129502,732824960,4689762046.76,,
2021-02-04,601216,5.00919596,5.0961063,4.56674332,4.69315836,479192416,2904622767.7,,
2021-02-05,601216,4.69315836,4.85117716,4.31391324,4.32971512,430950016,2475581295.31,,
2021-02-08,601216,4.32181418,4.65365366,4.13219162,4.48773392,396991248,2215681831.16,,
2021-02-09,601216,4.45613016,4.56674332,4.36921982,4.4245264,301464064,1700525021.27,,
2021-02-10,601216,4.4640311,4.5035358,4.25860666,4.29021042,256559842,1411936112.84,,
2021-02-18,601216,4.39292264,4.6615546,4.36131888,4.4640311,309656832,1762296259.72,,
2021-02-19,601216,4.45613016,4.91438468,4.40082358,4.91438468,353088544,2138657268.39,,
2021-02-22,601216,5.0961063,5.39634202,5.0170969,5.27782792,643171456,4252391825.48,,
2021-02-23,601216,5.135611,5.20671946,4.92228562,4.96179032,426070064,2708362061.5,,
2021-02-24,601216,4.91438468,5.3726392,4.90648374,5.135611,411269904,2671411113.53,,
2021-02-25,601216,5.11980912,5.20671946,4.91438468,5.0170969,260623854,1659708541.58,,
2021-02-26,601216,4.86697904,4.91438468,4.62995084,4.7010593,287801600,1735345500.51,,
2021-03-01,601216,4.740564,5.0170969,4.6615546,4.96969126,265121826,1635776326.95,,
2021-03-02,601216,4.95388938,4.95388938,4.740564,4.8195734,211522949,1288800653.89,,
2021-03-03,601216,4.7800687,5.08030442,4.7010593,4.8985828,256557244,1599822048.73,,
2021-03-04,601216,4.82747434,4.88278092,4.740564,4.75636588,194532246,1177081589.35,,
2021-03-05,601216,4.69315836,4.69315836,4.47983298,4.56674332,191524868,1109643204.6,,
2021-03-08,601216,4.59834708,4.7010593,4.48773392,4.48773392,156941446,910836301.69,,
2021-03-09,601216,4.44822922,4.44822922,4.13219162,4.25070572,185141655,1002196743.92,,
2021-03-10,601216,4.25860666,4.32971512,4.17959726,4.25860666,105366093,566864553.3,,
2021-03-11,601216,4.25860666,4.4640311,4.25860666,4.40872452,152626432,848019841.19,,
2021-03-12,601216,4.40872452,4.5430405,4.29811136,4.45613016,162030616,905729252.7,,
2021-03-15,601216,4.37712076,4.51933768,4.31391324,4.4245264,113926630,637195571.87,,
2021-03-16,601216,4.40872452,4.45613016,4.31391324,4.32181418,111692020,615583795.12,,
2021-03-17,601216,4.31391324,4.37712076,4.2270029,4.345517,90986286,495942362.38,,
2021-03-18,601216,4.345517,4.73266306,4.29021042,4.62995084,294129328,1698469519.87,,
2021-03-19,601216,4.47193204,4.53513956,4.4245264,4.4640311,171391817,969641272.99,,
2021-03-22,601216,4.37712076,4.49563486,4.37712076,4.44032828,99021408,556191851.66,,
2021-03-23,601216,4.43242734,4.44822922,4.27440854,4.29021042,119189011,652396576.25,,
2021-03-24,601216,4.2270029,4.2665076,4.07688504,4.08478598,129443355,680573603.74,,
2021-03-25,601216,4.0294794,4.17959726,3.9899747,4.08478598,83714022,434385575.15,,
2021-03-26,601216,4.10058786,4.12429068,4.04528128,4.1084888,72870506,377841694.92,,
2021-03-29,601216,4.1084888,4.21120102,4.0689841,4.14009256,71370416,374492587.48,,
2021-03-30,601216,4.11638974,4.13219162,4.03738034,4.06108316,69506519,357748220.43,,
2021-03-31,601216,4.06108316,4.25070572,3.9899747,4.17169632,128667129,674748415.64,,
2021-04-01,601216,4.13219162,4.20330008,4.09268692,4.14009256,76013628,398145737.68,,
2021-04-02,601216,4.15589444,4.29811136,4.11638974,4.21120102,109847983,586329621.69,,
2021-04-06,601216,4.17169632,4.40872452,4.1479935,4.29021042,128727837,695082231.56,,
2021-04-07,601216,4.2665076,4.71686118,4.25070572,4.71686118,225119382,1306321698.32,,
2021-04-08,601216,4.75636588,4.81167246,4.51143674,4.55884238,310696000,1819718223.99,,
2021-04-09,601216,4.51143674,4.64575272,4.47983298,4.49563486,172049233,989898087.25,,
2021-04-12,601216,4.5430405,4.73266306,4.48773392,4.51933768,206220855,1202572273.08,,
2021-04-13,601216,4.5430405,4.78796964,4.51933768,4.64575272,216328735,1274697864.59,,
2021-04-14,601216,4.48773392,4.56674332,4.35341794,4.53513956,180495793,1019190898.64,,
2021-04-15,601216,4.49563486,4.5035358,4.3850217,4.39292264,111106175,621633071.73,,
2021-04-16,601216,4.4640311,4.56674332,4.40082358,4.5035358,128896724,734300223.4,,
2021-04-19,601216,4.44822922,4.61414896,4.39292264,4.55094144,143556939,822594108.4,,
2021-04-20,601216,4.51933768,4.56674332,4.45613016,4.47193204,113747851,649572820.43,,
2021-04-21,601216,4.43242734,4.51143674,4.35341794,4.44032828,99337987,556817296.27,,
2021-04-22,601216,4.44822922,4.56674332,4.43242734,4.4640311,90478232,513393792.12,,
2021-04-23,601216,4.47193204,4.48773392,4.40082358,4.43242734,71949443,403043098.94,,
2021-04-26,601216,4.48773392,4.72476212,4.45613016,4.59834708,207885853,1210072100.23,,
2021-04-27,601216,4.56674332,4.6220499,4.44032828,4.47193204,134845702,768184565.32,,
2021-04-28,601216,4.44032828,4.69315836,4.37712076,4.5825452,167854278,963194026.65,,
2021-04-29,601216,4.57464426,4.80377152,4.53513956,4.72476212,234158893,1391238497.27,,
2021-04-30,601216,4.66945554,4.67735648,4.5430405,4.57464426,160209322,931933667.97,,
2021-05-06,601216,4.51143674,4.6220499,4.47193204,4.5825452,125042488,716776189.34,,
2021-05-07,601216,4.73266306,5.03289878,4.68525742,4.7010593,284565120,1738863901.06,,
2021-05-10,601216,4.7010593,4.96969126,4.7010593,4.86697904,236466082,1453607201.07,,
2021-05-11,601216,4.7800687,4.79587058,4.6220499,4.71686118,188338414,1118206506.44,,
2021-05-12,601216,4.6615546,4.79587058,4.63785178,4.76426682,127782337,766026592.98,,
2021-05-13,601216,4.7010593,4.740564,4.60624802,4.63785178,130240638,767834322.23,,
2021-05-14,601216,4.62995084,4.67735648,4.52723862,4.63785178,114012073,665249443.75,,
2021-05-17,601216,4.64575272,4.66945554,4.55884238,4.60624802,89199333,520121649.2,,
2021-05-18,601216,4.57464426,4.6615546,4.55884238,4.61414896,69237286,403928488.7,,
2021-05-19,601216,4.59834708,4.60624802,4.47983298,4.49563486,117763890,675647410.28,,
2021-05-20,601216,4.45613016,4.48773392,4.36131888,4.40872452,103551951,577241996.68,,
2021-05-21,601216,4.41662546,4.48773392,4.40872452,4.43242734,57065767,320886547.99,,
2021-05-24,601216,4.4245264,4.45613016,4.3850217,4.41662546,55205697,308282784.99,,
2021-05-25,601216,4.43242734,4.52723862,4.40872452,4.5035358,91135978,517122862.08,,
2021-05-26,601216,4.55094144,4.68525742,4.5430405,4.61414896,156412093,914054318.03,,
2021-05-27,601216,4.56674332,4.6615546,4.55884238,4.60624802,106687435,621337069.61,,
2021-05-28,601216,4.62995084,4.64575272,4.47983298,4.49563486,100710893,579546471.16,,
2021-05-31,601216,4.49563486,4.51143674,4.41662546,4.4640311,90482203,509379239.64,,
2021-06-01,601216,4.44822922,4.51143674,4.40872452,4.49563486,75565848,426502832.09,,
2021-06-02,601216,4.49563486,4.49563486,4.40082358,4.40872452,81508598,457206399.22,,
2021-06-03,601216,4.41662546,4.4640311,4.40082358,4.40872452,56865512,318364420.28,,
2021-06-04,601216,4.55884238,4.77216776,4.51143674,4.63785178,251448360,1478315763.4,,
2021-06-07,601216,4.55094144,4.68525742,4.51933768,4.6615546,150976292,879073274.84,,
2021-06-08,601216,4.6220499,4.70896024,4.59834708,4.6220499,103480673,607773867.76,,
2021-06-09,601216,4.62995084,4.78796964,4.59834708,4.78796964,207902700,1243129582.99,,
2021-06-10,601216,4.76426682,4.7800687,4.64575272,4.76426682,163021623,975825906.76,,
2021-06-11,601216,4.7559512,4.7559512,4.5813446,4.5896592,150243674,839498033.24,,
2021-06-15,601216,4.5896592,4.5896592,4.4150526,4.4233672,103175572,554629506.82,,
2021-06-16,601216,4.406738,4.5148278,4.365165,4.4732548,75189820,402837202.24,,
2021-06-17,601216,4.448311,4.5148278,4.4316818,4.448311,54735300,293821622.38,,
2021-06-18,601216,4.4566256,4.4649402,4.3485358,4.4399964,59490098,314822576.73,,
2021-06-21,601216,4.3901088,4.448311,4.3734796,4.4233672,50796056,269474163.96,,
2021-06-22,601216,4.4233672,4.4815694,4.406738,4.4566256,56538937,302323119.78,,
2021-06-23,601216,4.4649402,4.4981986,4.406738,4.4649402,74168582,396527188.75,,
2021-06-24,601216,4.4566256,4.4649402,4.406738,4.4150526,53062966,281962070.3,,
2021-06-25,601216,4.4150526,4.4649402,4.3901088,4.4399964,53951089,287727805.4,,
2021-06-28,601216,4.4233672,4.4566256,4.406738,4.4233672,50036405,266364714.05,,
2021-06-29,601216,4.4233672,4.4316818,4.282019,4.2903336,89989502,469658425.85,,
2021-06-30,601216,4.2737044,4.2737044,4.2071876,4.2321314,70238658,357276083.32,,
2021-07-01,601216,4.2570752,4.3984234,4.240446,4.2903336,79970894,416425683.27,,
2021-07-02,601216,4.2903336,4.2986482,4.2071876,4.2155022,53206435,270203182.81,,
2021-07-05,601216,4.2071876,4.240446,4.1656146,4.2071876,44470412,224513139.72,,
2021-07-06,601216,4.2155022,4.2986482,4.2155022,4.2570752,51793422,265463028.02,,
2021-07-07,601216,4.2321314,4.2487606,4.198873,4.2321314,44586538,226442975.28,,
2021-07-08,601216,4.2487606,4.2737044,4.1739292,4.1905584,62085165,314080358.38,,
2021-07-09,601216,4.1656146,4.282019,4.1240416,4.2570752,78561091,398446490.43,,
2021-07-12,601216,4.2570752,4.3734796,4.2487606,4.323592,89045363,461282722.39,,
2021-07-13,601216,4.2903336,4.3568504,4.2737044,4.2986482,55352309,286598986.02,,
2021-07-14,601216,4.2986482,4.4566256,4.2653898,4.3817942,121085628,637077488.51,,
2021-07-15,601216,4.3485358,4.3901088,4.2737044,4.3319066,65979997,343057284.97,,
2021-07-16,601216,4.323592,4.448311,4.2986482,4.3568504,81446250,428834564.76,,
2021-07-19,601216,4.365165,4.3817942,4.282019,4.2986482,58343663,302560621.85,,
2021-07-20,601216,4.2570752,4.2986482,4.1905584,4.2487606,51165198,260362656.44,,
2021-07-21,601216,4.2570752,4.3152774,4.240446,4.2487606,51089388,262092108.77,,
2021-07-22,601216,4.2487606,4.406738,4.2155022,4.3568504,115222422,599292854.0,,
2021-07-23,601216,4.3568504,4.4566256,4.2986482,4.3152774,96716024,509134754.14,,
2021-07-26,601216,4.3152774,4.3152774,4.1573,4.2071876,91508469,464641014.39,,
2021-07-27,601216,4.1822438,4.2570752,4.1240416,4.1240416,73067059,366903139.83,,
2021-07-28,601216,4.115727,4.1240416,3.7914576,3.9577496,90430932,428387926.13,,
2021-07-29,601216,3.9743788,4.0658394,3.9743788,4.0076372,56756812,273727192.11,,
2021-07-30,601216,4.0076372,4.0824686,3.9660642,4.032581,52690739,255238741.62,,
2021-08-02,601216,4.032581,4.0907832,3.949435,4.074154,63621403,308404623.28,,
2021-08-03,601216,4.0408956,4.0990978,4.0242664,4.0492102,52198653,254974195.36,,
2021-08-04,601216,4.0824686,4.0990978,4.0408956,4.074154,44346632,216912052.77,,
2021-08-05,601216,4.0575248,4.0658394,3.9743788,3.9743788,57202740,275560094.2,,
2021-08-06,601216,3.991008,4.0242664,3.9411204,3.9826934,39464570,189015214.64,,
2021-08-09,601216,3.9660642,4.0408956,3.9411204,4.0159518,51711240,249089718.86,,
2021-08-10,601216,4.0159518,4.0658394,3.991008,4.032581,49715942,240847111.95,,
2021-08-11,601216,4.032581,4.282019,4.032581,4.2238168,146777332,738868653.53,,
2021-08-12,601216,4.1739292,4.2155022,4.1240416,4.1905584,84707973,425280415.16,,
2021-08-13,601216,4.1822438,4.2737044,4.1656146,4.2570752,98552618,501399749.83,,
2021-08-16,601216,4.282019,4.3069628,4.2071876,4.2155022,65617181,334351917.25,,
2021-08-17,601216,4.198873,4.2487606,4.115727,4.1240416,69350393,348581932.58,,
2021-08-18,601216,4.115727,4.240446,4.0907832,4.2321314,76368813,385887420.25,,
2021-08-19,601216,4.2487606,4.2570752,4.1406708,4.1573,65387725,328328215.65,,
2021-08-20,601216,4.1489854,4.1489854,4.032581,4.0824686,66551489,325768745.57,,
2021-08-23,601216,4.0824686,4.3817942,4.0824686,4.2570752,147909706,759711899.74,,
2021-08-24,601216,4.2570752,4.323592,4.2155022,4.2737044,103738114,534406129.62,,
2021-08-25,601216,4.2903336,4.697749,4.2321314,4.697749,369518784,2017263432.89,,
2021-08-26,601216,4.697749,4.7226928,4.531457,4.6229176,333853008,1858841065.11,,
2021-08-27,601216,4.57303,4.5979738,4.4649402,4.4981986,197568051,1072690646.44,,
2021-08-30,601216,4.5564008,4.7226928,4.5564008,4.6229176,256614561,1429944851.46,,
2021-08-31,601216,4.5896592,4.98876,4.5148278,4.8307826,307009856,1774014422.89,,
2021-09-01,601216,4.8390972,4.947187,4.6811198,4.7226928,238042966,1372190710.31,,
2021-09-02,601216,4.7226928,4.9638162,4.6395468,4.9139286,256707531,1493371957.62,,
2021-09-03,601216,4.8889848,4.9804454,4.739322,4.7725804,204144865,1188497525.48,,
2021-09-06,601216,4.7559512,4.8058388,4.614603,4.7226928,145250127,821919771.44,,
2021-09-07,601216,4.7642658,4.9388724,4.7226928,4.8806702,199308591,1162803679.58,,
2021-09-08,601216,4.864041,5.362917,4.8557264,5.2298834,447643248,2804692962.13,,
2021-09-09,601216,5.3047148,5.7537032,5.279771,5.7537032,604866416,4062886302.19,,
2021-09-10,601216,5.737074,5.8035908,5.4793214,5.5874112,452088016,3069788061.88,,
2021-09-13,601216,5.5541528,5.5874112,5.2132542,5.4211192,376978000,2440667293.92,,
2021-09-14,601216,5.4294338,5.4543776,5.155052,5.1883104,261002915,1656564496.74,,
2021-09-15,601216,5.155052,5.3878608,5.1217936,5.3130294,245143445,1555830323.67,,
2021-09-16,601216,5.487636,5.612355,5.2132542,5.2298834,319366576,2090434786.86,,
2021-09-17,601216,5.1384228,5.3462878,4.9638162,5.0802206,234817642,1452391053.42,,
2021-09-22,601216,5.1384228,5.4543776,5.071906,5.4211192,267080074,1696258294.66,,
2021-09-23,601216,5.6622426,5.9532536,5.362917,5.7453886,467930896,3178601071.52,,
2021-09-24,601216,5.5541528,5.612355,5.1799958,5.2298834,331940048,2149541178.13,,
2021-09-27,601216,5.3546024,5.362917,4.8390972,4.905614,224402474,1354270277.67,,
2021-09-28,601216,4.905614,5.1051644,4.8972994,5.0220184,138531580,835083538.07,,
2021-09-29,601216,4.98876,5.071906,4.656176,4.6811198,179310349,1035862778.68,,
2021-09-30,601216,4.6811198,4.8141534,4.6728052,4.7559512,93178653,531932586.59,,
2021-10-08,601216,4.8474118,4.8972994,4.697749,4.7476366,87167975,500055563.32,,
2021-10-11,601216,4.822468,4.864041,4.7143782,4.8058388,101683476,586706152.05,,
2021-10-12,601216,4.780895,4.8972994,4.5813446,4.6811198,116942363,663295347.45,,
2021-10-13,601216,4.6644906,4.6811198,4.3734796,4.4981986,129594696,697441837.45,,
2021-10-14,601216,4.406738,4.5564008,4.3901088,4.4732548,68505890,369078946.26,,
2021-10-15,601216,4.4649402,4.5397716,4.406738,4.448311,63706620,341687720.75,,
2021-10-18,601216,4.448311,4.6062884,4.4150526,4.5979738,90081001,491861854.31,,
2021-10-19,601216,4.6062884,4.6644906,4.5564008,4.614603,72357127,401614478.7,,
2021-10-20,601216,4.4732548,4.5647154,4.4399964,4.5148278,73198673,396857465.88,,
2021-10-21,601216,4.5065132,4.6395468,4.5065132,4.5813446,84625243,466669469.55,,
2021-10-22,601216,4.5480862,4.5813446,4.3984234,4.4316818,90420033,486516397.77,,
2021-10-25,601216,4.3568504,4.4732548,4.2986482,4.4150526,56122707,296977879.35,,
2021-10-26,601216,4.3984234,4.531457,4.3901088,4.4316818,57806636,309124983.38,,
2021-10-27,601216,4.4150526,4.4233672,4.2570752,4.3069628,78281424,407323718.12,,
2021-10-28,601216,4.2737044,4.3568504,4.2071876,4.2321314,68120941,348277949.8,,
2021-10-29,601216,4.240446,4.2737044,4.1739292,4.2653898,60536191,308090239.93,,
2021-11-01,601216,4.2321314,4.2986482,4.2238168,4.282019,55603603,285083775.51,,
2021-11-02,601216,4.2737044,4.2737044,4.074154,4.1406708,95086752,476526405.35,,
2021-11-03,601216,4.1240416,4.1905584,4.0658394,4.1573,52107084,258848410.76,,
2021-11-04,601216,4.1656146,4.1739292,4.115727,4.1406708,46165995,229529312.03,,
2021-11-05,601216,4.1323562,4.1323562,4.0159518,4.032581,74246097,362183194.48,,
2021-11-08,601216,4.032581,4.0658394,3.9743788,4.0408956,41210443,199705422.98,,
2021-11-09,601216,4.032581,4.0907832,4.0242664,4.074154,41750442,204097307.12,,
2021-11-10,601216,4.0575248,4.0658394,3.9743788,4.0408956,54434850,262456340.42,,
2021-11-11,601216,4.0408956,4.1489854,4.032581,4.1406708,73130544,361561423.77,,
2021-11-12,601216,4.1406708,4.1905584,4.1074124,4.1573,57973959,289497469.6,,
2021-11-15,601216,4.1656146,4.1822438,4.115727,4.1739292,43537178,217247820.21,,
2021-11-16,601216,4.1739292,4.1905584,4.115727,4.1323562,50216174,250465203.73,,
2021-11-17,601216,4.1406708,4.1573,4.0907832,4.1406708,32384748,160934551.6,,
2021-11-18,601216,4.1406708,4.1822438,4.1406708,4.1489854,44222188,221109008.42,,
2021-11-19,601216,4.1406708,4.240446,4.0907832,4.2238168,78550108,394991817.27,,
2021-11-22,601216,4.198873,4.2653898,4.1905584,4.2155022,52564264,267097028.26,,
2021-11-23,601216,4.2238168,4.3069628,4.198873,4.2653898,66899335,342883209.86,,
2021-11-24,601216,4.2570752,4.2653898,4.2071876,4.2238168,42687886,217065476.21,,
2021-11-25,601216,4.2238168,4.240446,4.198873,4.198873,35754508,180980998.17,,
2021-11-26,601216,4.1822438,4.2155022,4.1489854,4.1905584,35003966,176131362.32,,
2021-11-29,601216,4.1323562,4.57303,4.0990978,4.4981986,188766665,990947661.75,,
2021-11-30,601216,4.5065132,4.531457,4.3901088,4.406738,107730688,575315319.13,,
2021-12-01,601216,4.406738,4.6478614,4.3901088,4.5896592,169974854,935249466.38,,
2021-12-02,601216,4.614603,4.739322,4.5480862,4.6728052,152717341,853453441.74,,
2021-12-03,601216,4.7143782,4.7642658,4.6478614,4.7143782,120403027,682714203.27,,
2021-12-06,601216,4.739322,4.780895,4.6728052,4.7143782,103272075,587782258.81,,
2021-12-07,601216,4.7559512,4.9139286,4.697749,4.8972994,149933294,874934143.15,,
2021-12-08,601216,4.8889848,4.9804454,4.7725804,4.8972994,123653313,724794933.18,,
2021-12-09,601216,4.905614,4.9222432,4.7559512,4.780895,117046040,676991441.07,,
2021-12-10,601216,4.7476366,4.7975242,4.5979738,4.5979738,114094480,645629298.22,,
2021-12-13,601216,4.6811198,4.8058388,4.656176,4.6811198,105251742,598351633.88,,
2021-12-14,601216,4.6644906,4.7226928,4.5647154,4.5896592,89324276,495355659.03,,
2021-12-15,601216,4.5813446,4.6229176,4.531457,4.5397716,65064307,356799183.03,,
2021-12-16,601216,4.5397716,4.614603,4.5397716,4.614603,66893579,368459607.83,,
2021-12-17,601216,4.614603,4.6312322,4.531457,4.531457,61790635,338750521.93,,
2021-12-20,601216,4.4981986,4.5065132,4.3901088,4.3984234,83266720,445203123.17,,
2021-12-21,601216,4.3901088,4.448311,4.3485358,4.4233672,50747681,269073020.0,,
2021-12-22,601216,4.4233672,4.4732548,4.3901088,4.4150526,52518401,279157406.9,,
2021-12-23,601216,4.4150526,4.4150526,4.3485358,4.3734796,52415021,276017649.07,,
2021-12-24,601216,4.3734796,4.3984234,4.282019,4.2986482,50865482,264130179.86,,
2021-12-27,601216,4.3734796,4.4981986,4.3568504,4.4233672,73558167,391908098.39,,
2021-12-28,601216,4.3734796,4.4233672,4.3152774,4.365165,57748396,302052212.24,,
2021-12-29,601216,4.3402212,4.3984234,4.3152774,4.3485358,38306727,200365849.94,,
2021-12-30,601216,4.3485358,4.3734796,4.3152774,4.3402212,43929040,229586493.8,,
2021-12-31,601216,4.3319066,4.3568504,4.323592,4.3485358,33599297,175553426.94,,
2022-01-04,601216,4.3734796,4.4399964,4.3568504,4.406738,62660556,331746004.1,,
2022-01-05,601216,4.3984234,4.3984234,4.323592,4.3568504,49100296,257278981.08,,
2022-01-06,601216,4.3319066,4.365165,4.323592,4.3568504,34887112,182350768.71,,
2022-01-07,601216,4.3568504,4.3984234,4.3319066,4.3402212,44472024,233443800.24,,
2022-01-10,601216,4.3402212,4.3901088,4.3319066,4.3734796,30195492,158428251.2,,
2022-01-11,601216,4.3568504,4.4399964,4.3568504,4.3984234,54727754,289939290.12,,
2022-01-12,601216,4.3984234,4.4732548,4.3817942,4.4649402,58792864,313598698.8,,
2022-01-13,601216,4.4815694,4.5231424,4.406738,4.4233672,60044771,322343150.45,,
2022-01-14,601216,4.406738,4.4150526,4.2903336,4.2986482,59647100,311191598.87,,
2022-01-17,601216,4.282019,4.323592,4.2653898,4.3069628,29597448,153163405.67,,
2022-01-18,601216,4.323592,4.3319066,4.282019,4.3069628,31297746,161863132.2,,
2022-01-19,601216,4.2903336,4.3069628,4.2321314,4.2487606,36735280,188523716.8,,
2022-01-20,601216,4.2487606,4.2737044,4.1905584,4.198873,33017672,167622576.89,,
2022-01-21,601216,4.198873,4.2238168,4.1656146,4.1739292,28041900,141070689.4,,
2022-01-24,601216,4.1739292,4.1739292,4.1240416,4.1573,20908926,104243776.22,,
2022-01-25,601216,4.1489854,4.1573,4.0408956,4.0408956,40318044,197999112.66,,
2022-01-26,601216,4.0575248,4.1240416,4.0575248,4.0824686,25640710,126055162.9,,
2022-01-27,601216,4.0907832,4.0990978,4.0159518,4.0159518,29657595,144555518.34,,
2022-01-28,601216,4.0242664,4.1074124,4.0159518,4.0990978,26307546,128645243.14,,
2022-02-07,601216,4.1489854,4.198873,4.1489854,4.1822438,28415168,142845769.64,,
2022-02-08,601216,4.1573,4.240446,4.1573,4.240446,27758410,140755608.41,,
2022-02-09,601216,4.2570752,4.2737044,4.2238168,4.240446,32129284,163851865.42,,
2022-02-10,601216,4.2570752,4.2986482,4.2321314,4.2737044,32551451,167219946.47,,
2022-02-11,601216,4.2653898,4.2903336,4.198873,4.2071876,31304830,159691746.92,,
2022-02-14,601216,4.2071876,4.2155022,4.1656146,4.1739292,24353024,122569052.0,,
2022-02-15,601216,4.1656146,4.198873,4.1323562,4.1573,28044505,140391716.58,,
2022-02-16,601216,4.1822438,4.240446,4.1739292,4.198873,25249764,127805085.2,,
2022-02-17,601216,4.2155022,4.2238168,4.1656146,4.1739292,23997214,120899106.05,,
2022-02-18,601216,4.1573,4.198873,4.1406708,4.1905584,20331421,102171334.84,,
2022-02-21,601216,4.198873,4.2321314,4.1822438,4.2238168,22369062,113141179.41,,
2022-02-22,601216,4.198873,4.240446,4.1656146,4.198873,27335376,137772898.1,,
2022-02-23,601216,4.1822438,4.2155022,4.1656146,4.2155022,31107133,156869147.05,,
2022-02-24,601216,4.2238168,4.2653898,4.0990978,4.1240416,64013281,322138075.09,,
2022-02-25,601216,4.1406708,4.1822438,4.1240416,4.1406708,29128697,145511283.43,,
2022-02-28,601216,4.1406708,4.1489854,4.0575248,4.115727,31114585,153306135.0,,
2022-03-01,601216,4.1240416,4.1573,4.0990978,4.1240416,24744473,122805431.0,,
2022-03-02,601216,4.0990978,4.1822438,4.0990978,4.1739292,36226942,181081741.0,,
2022-03-03,601216,4.2071876,4.2903336,4.1656146,4.2570752,65017828,331703824.0,,
2022-03-04,601216,4.2155022,4.2321314,4.1739292,4.198873,41964662,211846577.0,,
2022-03-07,601216,4.1905584,4.2071876,4.0990978,4.1240416,36996193,184643412.0,,
2022-03-08,601216,4.1074124,4.115727,4.0076372,4.032581,38745167,189105831.0,,
2022-03-09,601216,4.0408956,4.074154,3.7166262,3.8995474,54492143,257500153.0,,
2022-03-10,601216,4.0076372,4.0076372,3.9161766,3.9328058,30915633,147045002.0,,
2022-03-11,601216,3.8912328,3.9660642,3.7997722,3.9577496,34003664,158782858.0,,
2022-03-14,601216,3.9244912,4.0159518,3.907862,3.907862,28957383,137962051.0,,
2022-03-15,601216,3.8829182,3.8912328,3.658424,3.6667386,51951256,235806633.0,,
2022-03-16,601216,3.7249408,3.7997722,3.616851,3.7748284,45206267,201628960.0,,
2022-03-17,601216,3.7997722,3.866289,3.783143,3.8080868,36405924,167558823.0,,
2022-03-18,601216,3.7748284,3.866289,3.7665138,3.8413452,32666817,150511351.14,,
2022-03-21,601216,3.8413452,3.866289,3.7914576,3.8413452,29232073,134857203.72,,
2022-03-22,601216,3.8164014,3.8579744,3.7914576,3.8330306,25885479,119035489.19,,
2022-03-23,601216,3.8413452,3.8746036,3.824716,3.8413452,23047634,106688410.2,,
2022-03-24,601216,3.824716,3.8330306,3.7665138,3.7748284,27754342,126546869.34,,
2022-03-25,601216,3.7665138,3.8330306,3.7581992,3.7665138,26911463,122746359.43,,
2022-03-28,601216,3.74157,3.7997722,3.6833678,3.7748284,28074791,126420350.73,,
2022-03-29,601216,3.783143,3.7914576,3.7249408,3.74157,20748200,93712430.04,,
2022-03-30,601216,3.7665138,3.8330306,3.7581992,3.8164014,30899766,141108460.48,,
2022-03-31,601216,3.824716,3.866289,3.7997722,3.8164014,31593200,145803296.91,,
2022-04-01,601216,3.7914576,3.8330306,3.7748284,3.824716,22086906,101226482.5,,
2022-04-06,601216,3.8080868,3.9328058,3.7914576,3.9161766,39261670,182942918.81,,
2022-04-07,601216,3.8995474,3.949435,3.8746036,3.907862,34952435,164628132.77,,
2022-04-08,601216,3.8912328,3.9244912,3.8496598,3.9244912,32435493,152123176.73,,
2022-04-11,601216,3.8995474,4.0408956,3.8912328,3.9411204,63358072,302972000.89,,
2022-04-12,601216,3.9244912,3.9577496,3.8579744,3.9411204,40802588,191934840.03,,
2022-04-13,601216,3.9244912,4.0076372,3.8912328,3.9411204,43043165,205259282.51,,
2022-04-14,601216,3.9577496,4.0242664,3.9411204,4.0076372,39740447,190732158.6,,
2022-04-15,601216,3.9743788,4.3319066,3.9743788,4.0990978,106475006,532842200.11,,
2022-04-18,601216,4.0907832,4.0907832,4.0076372,4.0408956,43983515,214112536.6,,
2022-04-19,601216,4.0824686,4.1074124,4.032581,4.0824686,38122092,186591824.62,,
2022-04-20,601216,4.0408956,4.0492102,3.8829182,3.8829182,61257276,290013022.92,,
2022-04-21,601216,3.866289,3.866289,3.7166262,3.74157,47884735,217318677.91,,
2022-04-22,601216,3.7249408,3.7914576,3.658424,3.7498846,32165609,143807463.96,,
2022-04-25,601216,3.7083116,3.7166262,3.5253904,3.5253904,49829409,217583269.7,,
2022-04-26,601216,3.492132,3.5420196,3.3424692,3.3424692,45396205,187170109.59,,
2022-04-27,601216,3.3175254,3.4671882,3.2593232,3.4588736,39877035,161455756.31,,
2022-04-28,601216,3.4339298,3.4838174,3.3923568,3.4256152,28368237,117368904.63,,
2022-04-29,601216,3.4588736,3.6417948,3.450559,3.6334802,45736871,196143257.63,,
2022-05-05,601216,3.5586488,3.658424,3.5503342,3.5919072,39285281,170616148.78,,
2022-05-06,601216,3.5170758,3.5253904,3.4339298,3.450559,35989117,150627002.08,,
2022-05-09,601216,3.450559,3.492132,3.4256152,3.4588736,18256780,76035667.35,,
2022-05-10,601216,3.4256152,3.5004466,3.3757276,3.492132,31131996,129126942.46,,
2022-05-11,601216,3.4838174,3.5586488,3.4671882,3.4838174,36253171,153316903.17,,
2022-05-12,601216,3.4838174,3.5087612,3.4339298,3.4838174,24445600,102108472.0,,
2022-05-13,601216,3.492132,3.5669634,3.4755028,3.5087612,25260879,107037551.28,,
2022-05-16,601216,3.5503342,3.5586488,3.492132,3.5087612,19799169,83681008.18,,
2022-05-17,601216,3.5170758,3.5253904,3.4588736,3.5087612,16012158,67216395.72,,
2022-05-18,601216,3.5253904,3.5253904,3.4838174,3.5087612,19136058,80611621.18,,
2022-05-19,601216,3.4588736,3.5004466,3.4256152,3.492132,24536605,102173479.1,,
2022-05-20,601216,3.5087612,3.5420196,3.5004466,3.5420196,33031043,140139204.82,,
2022-05-23,601216,3.5420196,3.6417948,3.533705,3.616851,36670083,159034562.94,,
2022-05-24,601216,3.616851,3.6417948,3.4755028,3.4755028,34120269,146196981.74,,
2022-05-25,601216,3.4755028,3.5253904,3.4671882,3.5087612,18298038,77076581.87,,
2022-05-26,601216,3.5170758,3.5503342,3.4671882,3.533705,25304533,106947810.4,,
2022-05-27,601216,3.5503342,3.6085364,3.5420196,3.5669634,33857781,145345178.24,,
2022-05-30,601216,3.575278,3.5919072,3.533705,3.5835926,23350804,100192027.76,,
2022-05-31,601216,3.6251656,3.6334802,3.5835926,3.6002218,27283365,118308350.45,,
2022-06-01,601216,3.6002218,3.6251656,3.5586488,3.5919072,25658935,110911835.33,,
2022-06-02,601216,3.5919072,3.616851,3.5503342,3.616851,27422176,118436675.47,,
2022-06-06,601216,3.616851,3.6750532,3.6002218,3.6750532,47311459,207122663.09,,
2022-06-07,601216,3.74407026,4.04601141,3.68368203,4.04601141,157184776,720120104.43,价格异常,10.09395483036819
2022-06-08,601216,4.04601141,4.2271761,3.89935428,3.97699629,205757922,968104689.51,,
2022-06-09,601216,4.1409072,4.29619122,3.97699629,4.13228031,228502234,1103527464.4,,
2022-06-10,601216,3.90798117,4.19266854,3.80445849,4.13228031,188273200,877399831.87,,
2022-06-13,601216,4.02013074,4.06326519,3.90798117,3.95974251,116127618,535818456.26,,
2022-06-14,601216,3.89935428,3.99425007,3.8821005,3.99425007,77509993,353974916.76,,
2022-06-15,601216,4.01150385,4.38246012,3.95111562,4.1409072,179311944,862973567.53,,
2022-06-16,601216,4.13228031,4.13228031,3.99425007,4.01150385,92816450,435332234.59,,
2022-06-17,601216,3.9683694,4.03738452,3.89935428,4.00287696,66409193,305221369.76,,
2022-06-20,601216,4.0546383,4.38246012,3.95974251,4.19266854,183036461,884589163.85,,
2022-06-21,601216,4.19266854,4.5722517,4.16678787,4.44284835,301253072,1540942970.1,,
2022-06-22,601216,4.38246012,4.3997139,4.25305677,4.29619122,161469224,810011769.31,,
2022-06-23,601216,4.27031055,4.55499792,4.27031055,4.46010213,180532392,925161255.57,,
2022-06-24,601216,4.41696768,4.73616261,4.36520634,4.63263993,257020382,1348472696.0,,
2022-06-27,601216,4.50323658,4.56362481,4.39108701,4.42559457,192661739,998212819.47,,
2022-06-28,601216,4.38246012,4.38246012,4.30481811,4.34795256,113850749,571668231.77,,
2022-06-29,601216,4.32207189,4.38246012,4.12365342,4.1409072,137621918,672544765.95,,
2022-06-30,601216,4.1409072,4.27031055,4.09777275,4.20992232,88498253,429170244.32,,
2022-07-01,601216,4.15816098,4.19266854,4.10639964,4.1409072,58291286,279259986.63,,
2022-07-04,601216,4.09777275,4.11502653,4.0546383,4.09777275,55533502,262629528.31,,
2022-07-05,601216,4.12365342,4.15816098,4.0546383,4.10639964,65844178,313516890.02,,
2022-07-06,601216,4.09777275,4.09777275,3.95111562,3.98562318,65411234,303577485.38,,
2022-07-07,601216,3.97699629,4.02013074,3.95111562,3.97699629,34608266,160031515.9,,
2022-07-08,601216,3.98562318,4.02013074,3.9683694,3.97699629,27978121,129304279.01,,
2022-07-11,601216,3.97699629,3.98562318,3.89935428,3.95974251,31020276,141369331.21,,
2022-07-12,601216,3.95111562,4.01150385,3.92523495,3.9683694,25776513,118816810.96,,
2022-07-13,601216,3.9683694,3.98562318,3.92523495,3.9683694,25178941,115530998.71,,
2022-07-14,601216,3.97699629,4.01150385,3.94248873,3.99425007,27654363,127590170.48,,
2022-07-15,601216,3.97699629,3.99425007,3.82171227,3.83896605,46531031,210985326.47,,
2022-07-18,601216,3.83896605,3.92523495,3.83896605,3.91660806,27598733,124420808.88,,
2022-07-19,601216,3.90798117,3.95111562,3.89072739,3.93386184,26079945,118750226.27,,
2022-07-20,601216,3.95111562,4.04601141,3.93386184,4.00287696,39230283,181600873.72,,
2022-07-21,601216,3.99425007,4.19266854,3.95111562,4.16678787,119334117,570598544.7,,
2022-07-22,601216,4.08051897,4.13228031,4.04601141,4.10639964,62308602,295172109.84,,
2022-07-25,601216,4.08051897,4.09777275,3.92523495,3.95111562,57283294,265220319.28,,
2022-07-26,601216,4.02875763,4.06326519,3.97699629,4.00287696,27791174,129152879.04,,
2022-07-27,601216,3.97699629,3.99425007,3.95111562,3.95974251,23941149,110049864.95,,
2022-07-28,601216,3.97699629,4.02875763,3.94248873,3.97699629,34465839,159092970.27,,
2022-07-29,601216,3.99425007,4.01150385,3.90798117,3.92523495,35529302,162631707.19,,
2022-08-01,601216,3.8821005,3.91660806,3.87347361,3.89935428,24820150,111894228.9,,
2022-08-02,601216,3.86484672,3.86484672,3.69230892,3.71818959,55598146,241165301.06,,
2022-08-03,601216,3.7095627,3.77857782,3.67505514,3.68368203,28562068,123496596.98,,
2022-08-04,601216,3.7095627,3.74407026,3.69230892,3.72681648,16912351,72899567.0,,
2022-08-05,601216,3.74407026,3.78720471,3.71818959,3.77857782,21093638,91654930.0,,
2022-08-08,601216,3.76995093,3.80445849,3.76132404,3.78720471,16839036,73834074.0,,
2022-08-09,601216,3.76995093,3.78720471,3.75269715,3.76132404,22442323,98059598.0,,
2022-08-10,601216,3.74407026,3.76132404,3.71818959,3.73544337,19515661,84570414.0,,
2022-08-11,601216,3.76132404,3.8821005,3.74407026,3.83896605,49624667,219957192.0,,
2022-08-12,601216,3.83896605,3.87347361,3.82171227,3.83896605,23749102,106125048.0,,
2022-08-15,601216,3.83896605,3.86484672,3.82171227,3.84759294,22344878,99503434.74,,
2022-08-16,601216,3.83033916,3.85621983,3.82171227,3.83033916,20131030,89505596.42,,
2022-08-17,601216,3.83033916,3.87347361,3.80445849,3.85621983,24692631,109903211.78,,
2022-08-18,601216,3.83896605,3.84759294,3.77857782,3.78720471,30935701,136135389.11,,
2022-08-19,601216,3.78720471,3.81308538,3.76132404,3.76995093,24043902,105461533.91,,
2022-08-22,601216,3.76995093,3.80445849,3.72681648,3.80445849,28943170,126643761.24,,
2022-08-23,601216,3.77857782,3.81308538,3.76132404,3.7958316,22829359,100096397.65,,
2022-08-24,601216,3.81308538,3.83033916,3.70093581,3.7095627,35944081,156272819.84,,
2022-08-25,601216,3.71818959,3.77857782,3.64917447,3.75269715,32621384,140604622.32,,
2022-08-26,601216,3.76132404,3.76995093,3.71818959,3.72681648,22548018,97769615.21,,
2022-08-29,601216,3.69230892,3.81308538,3.66642825,3.7958316,38709889,169029008.91,,
2022-08-30,601216,3.77857782,3.82171227,3.74407026,3.78720471,25298079,110672955.97,,
2022-08-31,601216,3.76995093,3.77857782,3.72681648,3.75269715,30163447,131176554.87,,
2022-09-01,601216,3.75269715,3.77857782,3.72681648,3.72681648,23394609,101822198.35,,
2022-09-02,601216,3.72681648,3.74407026,3.7095627,3.72681648,21872948,94442357.58,,
2022-09-05,601216,3.72681648,3.76995093,3.71818959,3.76132404,23382052,101598979.96,,
2022-09-06,601216,3.77857782,3.86484672,3.76132404,3.85621983,51706581,229605424.18,,
2022-09-07,601216,3.83896605,3.83896605,3.7958316,3.82171227,31261183,138227412.47,,
2022-09-08,601216,3.82171227,3.83033916,3.77857782,3.78720471,21331138,93867501.36,,
2022-09-09,601216,3.7958316,3.83033916,3.77857782,3.82171227,21466893,94784680.15,,
2022-09-13,601216,3.83033916,3.83896605,3.77857782,3.78720471,22794800,100601810.0,,
2022-09-14,601216,3.72681648,3.76132404,3.71818959,3.73544337,26939972,116703553.9,,
2022-09-15,601216,3.75269715,3.76132404,3.65780136,3.69230892,33790296,144961186.85,,
2022-09-16,601216,3.67505514,3.72681648,3.6232938,3.63192069,39768173,168420990.48,,
2022-09-19,601216,3.61466691,3.61466691,3.50251734,3.52839801,36897428,151005235.73,,
2022-09-20,601216,3.52839801,3.58878624,3.52839801,3.55427868,21011507,86641610.93,,
2022-09-21,601216,3.52839801,3.57153246,3.49389045,3.55427868,20967656,85990962.11,,
2022-09-22,601216,3.51977112,3.58015935,3.51977112,3.54565179,15045044,61934757.42,,
2022-09-23,601216,3.54565179,3.56290557,3.49389045,3.5370249,16790191,68616178.96,,
2022-09-26,601216,3.51114423,3.51114423,3.44212911,3.44212911,27170624,109322123.82,,
2022-09-27,601216,3.44212911,3.48526356,3.42487533,3.48526356,15673526,62771070.16,,
2022-09-28,601216,3.45938289,3.47663667,3.38174088,3.38174088,22166038,88020823.52,,
2022-09-29,601216,3.41624844,3.42487533,3.32997954,3.34723332,20591672,80642291.64,,
2022-09-30,601216,3.35586021,3.41624844,3.32997954,3.39036777,15989337,62741179.66,,
2022-10-10,601216,3.39036777,3.44212911,3.37311399,3.39899466,21041454,83283147.27,,
2022-10-11,601216,3.39899466,3.41624844,3.35586021,3.40762155,14001124,55063540.14,,
2022-10-12,601216,3.40762155,3.44212911,3.34723332,3.44212911,24222593,95369327.97,,
2022-10-13,601216,3.41624844,3.46800978,3.40762155,3.44212911,15713668,62644475.89,,
2022-10-14,601216,3.45938289,3.50251734,3.450756,3.48526356,21641956,87503257.16,,
2022-10-17,601216,3.49389045,3.52839801,3.47663667,3.51977112,17200101,69925413.16,,
2022-10-18,601216,3.52839801,3.5370249,3.46800978,3.47663667,19416493,78563920.43,,
2022-10-19,601216,3.48526356,3.49389045,3.43350222,3.44212911,14938798,59887583.02,,
2022-10-20,601216,3.44212911,3.48526356,3.41624844,3.450756,16139047,64502900.09,,
2022-10-21,601216,3.45938289,3.46800978,3.41624844,3.42487533,12249190,48841080.3,,
2022-10-24,601216,3.45938289,3.47663667,3.37311399,3.38174088,18818687,74615910.1,,
2022-10-25,601216,3.3644871,3.39899466,3.32135265,3.38174088,16728737,65100029.83,,
2022-10-26,601216,3.38174088,3.44212911,3.37311399,3.42487533,20187727,79941839.35,,
2022-10-27,601216,3.42487533,3.44212911,3.41624844,3.43350222,16142843,64112279.28,,
2022-10-28,601216,3.41624844,3.42487533,3.32997954,3.34723332,21853685,85273118.79,,
2022-10-31,601216,3.32997954,3.38174088,3.32135265,3.34723332,14299395,55525569.65,,
2022-11-01,601216,3.34723332,3.44212911,3.32997954,3.44212911,22690962,89529902.54,,
2022-11-02,601216,3.44212911,3.65780136,3.42487533,3.56290557,51412142,210734829.05,,
2022-11-03,601216,3.51977112,3.54565179,3.47663667,3.48526356,28493773,115639628.33,,
2022-11-04,601216,3.49389045,3.57153246,3.48526356,3.5370249,36258710,148600397.7,,
2022-11-07,601216,3.51977112,3.65780136,3.51114423,3.65780136,71397168,298989269.66,,
2022-11-08,601216,3.64054758,3.66642825,3.60604002,3.64054758,26740049,112404034.14,,
2022-11-09,601216,3.64054758,3.69230892,3.61466691,3.64054758,23458678,99344535.57,,
2022-11-10,601216,3.6232938,3.64054758,3.58015935,3.61466691,19820153,83094525.07,,
2022-11-11,601216,3.66642825,3.75269715,3.6232938,3.7095627,60201750,257680048.19,,
2022-11-14,601216,3.69230892,3.70093581,3.63192069,3.64054758,47395714,200905590.81,,
2022-11-15,601216,3.75269715,3.83896605,3.67505514,3.71818959,110063310,479105017.66,,
2022-11-16,601216,3.68368203,3.7095627,3.63192069,3.64054758,54106146,229980184.75,,
2022-11-17,601216,3.63192069,3.64917447,3.59741313,3.63192069,33405412,139927485.0,,
2022-11-18,601216,3.64054758,3.65780136,3.59741313,3.59741313,25654183,107609096.7,,
2022-11-21,601216,3.58878624,3.61466691,3.56290557,3.61466691,18198966,75684706.88,,
2022-11-22,601216,3.60604002,3.63192069,3.58878624,3.59741313,17043404,71219304.42,,
2022-11-23,601216,3.60604002,3.61466691,3.58015935,3.59741313,16512214,68783791.47,,
2022-11-24,601216,3.60604002,3.69230892,3.59741313,3.65780136,36673086,154794216.96,,
2022-11-25,601216,3.63192069,3.64054758,3.59741313,3.61466691,22222553,93276315.41,,
2022-11-28,601216,3.57153246,3.58878624,3.5370249,3.56290557,28145934,116140848.23,,
2022-11-29,601216,3.57153246,3.63192069,3.56290557,3.6232938,26059036,109018783.59,,
2022-11-30,601216,3.63192069,3.66642825,3.61466691,3.6232938,24030270,101283691.7,,
2022-12-01,601216,3.64917447,3.66642825,3.63192069,3.64054758,22994896,97169391.23,,
2022-12-02,601216,3.63192069,3.64917447,3.61466691,3.64054758,18396314,77497493.91,,
2022-12-05,601216,3.66642825,3.7095627,3.64917447,3.70093581,41717821,178199568.18,,
2022-12-06,601216,3.70093581,3.7095627,3.67505514,3.68368203,23485198,100379771.97,,
2022-12-07,601216,3.69230892,3.71818959,3.64917447,3.66642825,21962229,93561558.06,,
2022-12-08,601216,3.66642825,3.7095627,3.64054758,3.69230892,25592993,109326803.96,,
2022-12-09,601216,3.68368203,3.7095627,3.64917447,3.69230892,32753791,139791627.41,,
2022-12-12,601216,3.68368203,3.68368203,3.61466691,3.6232938,26321576,111298493.98,,
2022-12-13,601216,3.63192069,3.64917447,3.58878624,3.59741313,20089083,84003183.64,,
2022-12-14,601216,3.60604002,3.61466691,3.56290557,3.57153246,16503118,68460910.34,,
2022-12-15,601216,3.58015935,3.58015935,3.54565179,3.55427868,14588226,60099529.26,,
2022-12-16,601216,3.51977112,3.57153246,3.50251734,3.56290557,19478625,79898576.7,,
2022-12-19,601216,3.60604002,3.64054758,3.47663667,3.48526356,30492515,125477741.81,,
2022-12-20,601216,3.45938289,3.49389045,3.450756,3.45938289,16435333,66027932.26,,
2022-12-21,601216,3.45938289,3.47663667,3.43350222,3.450756,11932773,47793354.27,,
2022-12-22,601216,3.47663667,3.48526356,3.39899466,3.41624844,17966824,71630079.56,,
2022-12-23,601216,3.39899466,3.450756,3.39036777,3.43350222,16166251,64007901.13,,
2022-12-26,601216,3.44212911,3.450756,3.41624844,3.43350222,10770963,42876976.23,,
2022-12-27,601216,3.42487533,3.45938289,3.41624844,3.45938289,12140692,48492116.04,,
2022-12-28,601216,3.450756,3.450756,3.40762155,3.43350222,10587805,42129159.9,,
2022-12-29,601216,3.42487533,3.42487533,3.39036777,3.39899466,13895481,54868722.98,,
2022-12-30,601216,3.41624844,3.450756,3.40762155,3.44212911,13682708,54320924.68,,
2023-01-03,601216,3.44212911,3.51977112,3.41624844,3.50251734,25194070,101394695.2,,
2023-01-04,601216,3.51114423,3.68368203,3.46800978,3.56290557,63034582,261673782.3,,
2023-01-05,601216,3.58878624,3.77857782,3.56290557,3.66642825,81658196,348749194.49,,
2023-01-06,601216,3.64917447,3.66642825,3.60604002,3.64917447,43038632,181216289.86,,
2023-01-09,601216,3.8821005,4.01150385,3.81308538,4.01150385,297978641,1371702064.92,,
2023-01-10,601216,3.89935428,3.90798117,3.75269715,3.77857782,208753867,923607253.82,,
2023-01-11,601216,3.7958316,3.83896605,3.72681648,3.73544337,86198955,376547335.11,,
2023-01-12,601216,3.71818959,3.76132404,3.68368203,3.72681648,62460893,268998730.98,,
2023-01-13,601216,3.72681648,3.76132404,3.68368203,3.76132404,51845049,223455698.96,,
2023-01-16,601216,3.74407026,3.85621983,3.72681648,3.78720471,82495017,363297383.82,,
2023-01-17,601216,3.7958316,3.82171227,3.76132404,3.81308538,44499688,195182256.86,,
2023-01-18,601216,3.7958316,3.80445849,3.75269715,3.75269715,40473904,176945665.32,,
2023-01-19,601216,3.73544337,3.80445849,3.7095627,3.77857782,43408568,189153282.16,,
2023-01-20,601216,3.77857782,3.83033916,3.75269715,3.82171227,44012780,194230722.0,,
2023-01-30,601216,3.83896605,3.87347361,3.7958316,3.80445849,47204555,209118177.16,,
2023-01-31,601216,3.7958316,3.83033916,3.77857782,3.82171227,33849715,149490231.61,,
2023-02-01,601216,3.82171227,3.87347361,3.80445849,3.86484672,45950475,204759642.15,,
2023-02-02,601216,3.89935428,3.91660806,3.84759294,3.85621983,40039634,179717651.91,,
2023-02-03,601216,3.84759294,3.85621983,3.7958316,3.83896605,40652267,180185395.25,,
2023-02-06,601216,3.81308538,3.82171227,3.77857782,3.7958316,26318381,115887803.21,,
2023-02-07,601216,3.80445849,3.82171227,3.78720471,3.80445849,23674860,104330189.92,,
2023-02-08,601216,3.80445849,3.81308538,3.77857782,3.77857782,19482986,85692964.96,,
2023-02-09,601216,3.76132404,3.81308538,3.75269715,3.80445849,25398276,111534418.4,,
2023-02-10,601216,3.78720471,3.81308538,3.77857782,3.80445849,21144002,93059354.8,,
2023-02-13,601216,3.80445849,3.82171227,3.78720471,3.82171227,24810147,109481031.48,,
2023-02-14,601216,3.82171227,3.86484672,3.81308538,3.85621983,42617775,189986968.83,,
2023-02-15,601216,3.86484672,3.87347361,3.82171227,3.83896605,28818261,128380180.78,,
2023-02-16,601216,3.83896605,3.84759294,3.74407026,3.76995093,39381782,173813998.81,,
2023-02-17,601216,3.76995093,3.7958316,3.74407026,3.74407026,25256660,110377324.18,,
2023-02-20,601216,3.76132404,3.81308538,3.73544337,3.81308538,29295861,128084021.35,,
2023-02-21,601216,3.81308538,3.86484672,3.80445849,3.85621983,42850503,191200902.45,,
2023-02-22,601216,3.84759294,3.85621983,3.81308538,3.83033916,29537751,131332233.4,,
2023-02-23,601216,3.83896605,3.84759294,3.80445849,3.81308538,22488971,99690679.95,,
2023-02-24,601216,3.82171227,3.83033916,3.78720471,3.80445849,17686865,78039268.05,,
2023-02-27,601216,3.7958316,3.82171227,3.77857782,3.78720471,15669072,68996897.0,,
2023-02-28,601216,3.7958316,3.81308538,3.76995093,3.81308538,17458376,76825622.24,,
2023-03-01,601216,3.81308538,3.83896605,3.80445849,3.83896605,25485564,113122705.34,,
2023-03-02,601216,3.83896605,3.85621983,3.82171227,3.83896605,24356726,108503647.9,,
2023-03-03,601216,3.83896605,3.85621983,3.83033916,3.84759294,21157534,94269310.49,,
2023-03-06,601216,3.84759294,3.91660806,3.83896605,3.8821005,54638093,246238295.29,,
2023-03-07,601216,3.8821005,3.95111562,3.83033916,3.83896605,43828935,197974084.91,,
2023-03-08,601216,3.82171227,3.86484672,3.7958316,3.84759294,26001747,115466003.15,,
2023-03-09,601216,3.85621983,3.87347361,3.83033916,3.83033916,20361437,90912263.88,,
2023-03-10,601216,3.82171227,3.83033916,3.75269715,3.76132404,27016400,118533573.0,,
2023-03-13,601216,3.75269715,3.78720471,3.73544337,3.76995093,24950478,108712554.08,,
2023-03-14,601216,3.75269715,3.76995093,3.65780136,3.69230892,35203810,151188730.64,,
2023-03-15,601216,3.7095627,3.76995093,3.7095627,3.75269715,21853732,94682231.21,,
2023-03-16,601216,3.73544337,3.76132404,3.70093581,3.70093581,21431854,92725239.65,,
2023-03-17,601216,3.71818959,3.78720471,3.71818959,3.75269715,25601711,111255707.21,,
2023-03-20,601216,3.75269715,3.77857782,3.73544337,3.74407026,25674926,111687558.74,,
2023-03-21,601216,3.76132404,3.77857782,3.74407026,3.77857782,15932026,69525335.16,,
2023-03-22,601216,3.77857782,3.78720471,3.73544337,3.76132404,18472421,80459867.94,,
2023-03-23,601216,3.73544337,3.81308538,3.73544337,3.81308538,30589799,134242223.52,,
2023-03-24,601216,3.81308538,3.82171227,3.78720471,3.80445849,16183023,71358463.18,,
2023-03-27,601216,3.80445849,3.93386184,3.76132404,3.89935428,90057400,403420838.15,,
2023-03-28,601216,3.85621983,3.86484672,3.77857782,3.78720471,52002827,230106577.0,,
2023-03-29,601216,4.01150385,4.16678787,4.01150385,4.08051897,358958452,1719650692.91,,
2023-03-30,601216,3.93386184,4.02013074,3.84759294,3.86484672,231977028,1053396538.06,,
2023-03-31,601216,3.84759294,3.91660806,3.81308538,3.89935428,88577075,397435095.52,,
2023-04-03,601216,3.8821005,3.89935428,3.83896605,3.87347361,82739623,370577209.56,,
2023-04-04,601216,3.86484672,3.86484672,3.80445849,3.82171227,61762584,273653312.28,,
2023-04-06,601216,3.82171227,3.82171227,3.76132404,3.76995093,44820302,196310116.48,,
2023-04-07,601216,3.77857782,3.80445849,3.76132404,3.78720471,27861019,122259943.09,,
2023-04-10,601216,3.77857782,3.78720471,3.73544337,3.73544337,34913976,151951495.0,,
2023-04-11,601216,3.74407026,3.76995093,3.73544337,3.76132404,24739929,107780917.75,,
2023-04-12,601216,3.76132404,3.77857782,3.75269715,3.76995093,24092573,105137416.28,,
2023-04-13,601216,3.76132404,3.77857782,3.74407026,3.75269715,30582241,133243643.14,,
2023-04-14,601216,3.75269715,3.77857782,3.75269715,3.76995093,21542768,94000618.66,,
2023-04-17,601216,3.76995093,3.78720471,3.74407026,3.77857782,27915095,121919152.12,,
2023-04-18,601216,3.78720471,3.89072739,3.76132404,3.85621983,60373905,269063292.81,,
2023-04-19,601216,3.83896605,3.89935428,3.80445849,3.87347361,48652763,217202042.85,,
2023-04-20,601216,3.86484672,3.89072739,3.82171227,3.83033916,27212100,121086479.0,,
2023-04-21,601216,3.80445849,3.83896605,3.74407026,3.74407026,39800465,174729967.0,,
2023-04-24,601216,3.75269715,3.76132404,3.69230892,3.7095627,32876880,141635555.53,,
2023-04-25,601216,3.71818959,3.72681648,3.64054758,3.67505514,29950019,127533644.74,,
2023-04-26,601216,3.66642825,3.69230892,3.64917447,3.68368203,18527920,78938815.36,,
2023-04-27,601216,3.67505514,3.70093581,3.65780136,3.68368203,20657896,88137377.48,,
2023-04-28,601216,3.70093581,3.75269715,3.70093581,3.74407026,27564280,119282764.78,,
2023-05-04,601216,3.72681648,3.78720471,3.72681648,3.77857782,24871369,108725301.57,,
2023-05-05,601216,3.78720471,3.83033916,3.76995093,3.77857782,24545984,107907775.78,,
2023-05-08,601216,3.77857782,3.82171227,3.76995093,3.81308538,29446022,129797244.0,,
2023-05-09,601216,3.81308538,3.85621983,3.80445849,3.81308538,35220983,156453780.59,,
2023-05-10,601216,3.81308538,3.83896605,3.77857782,3.78720471,26422088,116446754.44,,
2023-05-11,601216,3.7958316,3.80445849,3.77857782,3.7958316,15676361,68953700.2,,
2023-05-12,601216,3.7958316,3.80445849,3.76132404,3.76995093,14704142,64452487.03,,
2023-05-15,601216,3.76132404,3.80445849,3.74407026,3.80445849,16829701,73594929.48,,
2023-05-16,601216,3.81308538,3.82171227,3.76995093,3.77857782,15661598,68798251.2,,
2023-05-17,601216,3.78720471,3.80445849,3.76995093,3.78720471,15910780,69842942.36,,
2023-05-18,601216,3.7958316,3.7958316,3.75269715,3.76995093,19957656,87310709.41,,
2023-05-19,601216,3.76995093,3.76995093,3.71818959,3.72681648,20016820,86708358.6,,
2023-05-22,601216,3.72681648,3.73544337,3.70093581,3.72681648,12465775,53833369.21,,
2023-05-23,601216,3.73544337,3.78720471,3.7095627,3.73544337,21415471,93149389.81,,
2023-05-24,601216,3.73544337,3.75269715,3.7095627,3.71818959,15068400,65051362.2,,
2023-05-25,601216,3.7095627,3.71818959,3.64917447,3.67505514,21124219,90142176.15,,
2023-05-26,601216,3.68368203,3.7095627,3.64054758,3.70093581,12863663,54812494.2,,
2023-05-29,601216,3.7095627,3.77857782,3.70093581,3.75269715,24697678,107423524.56,,
2023-05-30,601216,3.75269715,3.76995093,3.72681648,3.75269715,18700712,81310867.96,,
2023-05-31,601216,3.76132404,3.78720471,3.73544337,3.78720471,20412696,88899048.48,,
2023-06-01,601216,3.76995093,3.77857782,3.72681648,3.73544337,25970100,112634243.0,,
2023-06-02,601216,3.79845154,3.81645368,3.74444512,3.77144833,44052188,185210686.84,,
2023-06-05,601216,3.76244726,3.77144833,3.74444512,3.76244726,16750968,69959925.16,,
2023-06-06,601216,3.76244726,3.77144833,3.72644298,3.73544405,14798200,61703137.63,,
2023-06-07,601216,3.72644298,3.73544405,3.6904387,3.69943977,15840770,65181910.0,,
2023-06-08,601216,3.6904387,3.72644298,3.68143763,3.69943977,13366527,54932190.97,,
2023-06-09,601216,3.69943977,3.70844084,3.68143763,3.69943977,13146500,53983943.97,,
2023-06-12,601216,3.69943977,3.72644298,3.67243656,3.70844084,16635400,68249543.42,,
2023-06-13,601216,3.6904387,3.72644298,3.6904387,3.71744191,10287385,42380672.5,,
2023-06-14,601216,3.70844084,3.72644298,3.69943977,3.69943977,11837241,48760590.02,,
2023-06-15,601216,3.6904387,3.70844084,3.67243656,3.69943977,13411300,54992792.0,,
2023-06-16,601216,3.70844084,3.73544405,3.69943977,3.72644298,15315443,63269644.16,,
2023-06-19,601216,3.72644298,3.72644298,3.6904387,3.6904387,13699564,56389486.16,,
2023-06-20,601216,3.6904387,3.69943977,3.67243656,3.67243656,12634826,51667468.34,,
2023-06-21,601216,3.67243656,3.85245796,3.65443442,3.75344619,55528751,232936589.02,,
2023-06-26,601216,3.6904387,3.71744191,3.67243656,3.68143763,27063657,110869102.25,,
2023-06-27,601216,3.68143763,3.70844084,3.67243656,3.69943977,13994634,57463393.58,,
2023-06-28,601216,3.70844084,3.70844084,3.66343549,3.6904387,16382690,67030405.1,,
2023-06-29,601216,3.68143763,3.6904387,3.67243656,3.68143763,11387136,46590590.24,,
2023-06-30,601216,3.68143763,3.70844084,3.67243656,3.6904387,11978966,49223435.6,,
2023-07-03,601216,3.70844084,3.75344619,3.69943977,3.73544405,29817458,123273790.54,,
2023-07-04,601216,3.71744191,3.72644298,3.69943977,3.71744191,15273764,63020673.68,,
2023-07-05,601216,3.71744191,3.71744191,3.69943977,3.70844084,10961408,45132868.35,,
2023-07-06,601216,3.70844084,3.91546545,3.69943977,3.8704601,102365266,435922724.0,,
2023-07-07,601216,3.84345689,4.0504815,3.82545475,3.88846224,116222094,507472291.2,,
2023-07-10,601216,3.89746331,3.91546545,3.75344619,3.91546545,91406878,389867691.43,,
2023-07-11,601216,3.8704601,3.89746331,3.81645368,3.83445582,47351432,202203569.26,,
2023-07-12,601216,3.83445582,3.85245796,3.79845154,3.80745261,27950948,118726777.76,,
2023-07-13,601216,3.80745261,3.84345689,3.80745261,3.81645368,24831700,105389132.0,,
2023-07-14,601216,3.81645368,3.85245796,3.79845154,3.82545475,19623537,83447606.42,,
2023-07-17,601216,3.80745261,3.81645368,3.77144833,3.7804494,20126286,84660880.2,,
2023-07-18,601216,3.7804494,3.84345689,3.77144833,3.82545475,21514252,91146522.92,,
2023-07-19,601216,3.81645368,3.82545475,3.79845154,3.82545475,14039712,59438578.76,,
2023-07-20,601216,3.85245796,3.91546545,3.82545475,3.85245796,38296043,164531884.19,,
2023-07-21,601216,3.83445582,3.85245796,3.81645368,3.83445582,18947798,80662196.4,,
2023-07-24,601216,3.83445582,3.84345689,3.79845154,3.80745261,15806589,67062641.18,,
2023-07-25,601216,3.83445582,3.85245796,3.81645368,3.85245796,27274804,116375220.14,,
2023-07-26,601216,3.84345689,3.9604708,3.83445582,3.92446652,55855753,242617271.16,,
2023-07-27,601216,3.8704601,3.98747401,3.85245796,3.90646438,50839213,221654561.44,,
2023-07-28,601216,3.91546545,4.03247936,3.89746331,4.01447722,85867232,380398168.51,,
2023-07-31,601216,4.04148043,4.05948257,3.9604708,4.02347829,61478311,274451374.09,,
2023-08-01,601216,4.01447722,4.08648578,4.00547615,4.03247936,49556943,222360497.04,,
2023-08-02,601216,4.01447722,4.0504815,3.99647508,4.01447722,34383656,153515011.76,,
2023-08-03,601216,3.99647508,4.08648578,3.96947187,4.05948257,54619497,244774648.96,,
2023-08-04,601216,4.06848364,4.18549755,4.02347829,4.07748471,98958423,450182208.34,,
2023-08-07,601216,4.02347829,4.04148043,3.98747401,4.00547615,58416651,259874621.65,,
2023-08-08,601216,4.01447722,4.01447722,3.94246866,3.96947187,31853672,140671271.11,,
2023-08-09,601216,3.96947187,3.98747401,3.95146973,3.9604708,22338900,98505995.0,,
2023-08-10,601216,3.9604708,3.99647508,3.95146973,3.97847294,18954646,83744595.02,,
2023-08-11,601216,3.98747401,3.98747401,3.89746331,3.90646438,29481408,128814985.8,,
2023-08-14,601216,3.8704601,3.92446652,3.83445582,3.91546545,25196494,108933999.9,,
2023-08-15,601216,3.90646438,3.94246866,3.88846224,3.92446652,18629158,81149163.72,,
2023-08-16,601216,3.92446652,3.93346759,3.87946117,3.87946117,17289476,74944264.82,,
2023-08-17,601216,3.8704601,3.92446652,3.85245796,3.91546545,20675300,89418373.0,,
2023-08-18,601216,3.90646438,3.93346759,3.8704601,3.8704601,16402859,71185337.24,,
2023-08-21,601216,3.8704601,3.94246866,3.85245796,3.8704601,25399738,110091740.28,,
2023-08-22,601216,3.88846224,3.90646438,3.82545475,3.86145903,24363758,104373587.53,,
2023-08-23,601216,3.86145903,3.89746331,3.84345689,3.85245796,18714708,80424310.4,,
2023-08-24,601216,3.8704601,3.88846224,3.83445582,3.85245796,18978116,81352703.74,,
2023-08-25,601216,3.84345689,3.90646438,3.83445582,3.8704601,23716900,101985213.97,,
2023-08-28,601216,4.0504815,4.0504815,3.89746331,3.90646438,47871638,210639735.19,,
2023-08-29,601216,3.89746331,3.94246866,3.88846224,3.91546545,32655888,142107806.04,,
2023-08-30,601216,3.91546545,3.93346759,3.88846224,3.88846224,22165706,96135537.8,,
2023-08-31,601216,3.86145903,3.87946117,3.74444512,3.76244726,50212720,211799026.28,,
2023-09-01,601216,3.77144833,3.78945047,3.72644298,3.74444512,26478298,110397440.01,,
2023-09-04,601216,3.77144833,3.83445582,3.75344619,3.82545475,31485288,133114376.15,,
2023-09-05,601216,3.80745261,3.81645368,3.78945047,3.80745261,18538649,78294066.78,,
2023-09-06,601216,3.79845154,3.82545475,3.7804494,3.80745261,15913445,67269015.33,,
2023-09-07,601216,3.81645368,3.81645368,3.76244726,3.77144833,17243121,72525965.34,,
2023-09-08,601216,3.76244726,3.82545475,3.74444512,3.81645368,21226289,89594590.38,,
2023-09-11,601216,3.81645368,3.84345689,3.79845154,3.82545475,25073896,106499401.5,,
2023-09-12,601216,3.82545475,3.83445582,3.80745261,3.81645368,11709209,49702063.97,,
2023-09-13,601216,3.81645368,3.84345689,3.7804494,3.79845154,16868400,71391284.0,,
2023-09-14,601216,3.79845154,3.80745261,3.77144833,3.79845154,15002300,63160911.0,,
2023-09-15,601216,3.81645368,3.81645368,3.77144833,3.7804494,18359831,77373753.2,,
2023-09-18,601216,3.78945047,3.79845154,3.76244726,3.7804494,16188700,68009626.0,,
2023-09-19,601216,3.7804494,3.80745261,3.77144833,3.78945047,17942700,75505083.0,,
2023-09-20,601216,3.78945047,3.79845154,3.77144833,3.7804494,11927196,50134564.24,,
2023-09-21,601216,3.77144833,3.7804494,3.73544405,3.74444512,18058422,75361931.74,,
2023-09-22,601216,3.74444512,3.77144833,3.72644298,3.76244726,18802400,78350684.35,,
2023-09-25,601216,3.76244726,3.76244726,3.72644298,3.72644298,20201356,83852418.84,,
2023-09-26,601216,3.72644298,3.73544405,3.67243656,3.68143763,19184100,78750929.0,,
2023-09-27,601216,3.67243656,3.70844084,3.67243656,3.67243656,15141632,62006554.88,,
2023-09-28,601216,3.67243656,3.69943977,3.67243656,3.68143763,13336229,54550389.61,,
2023-10-09,601216,3.67243656,3.6904387,3.64543335,3.67243656,20041358,81665601.66,,
2023-10-10,601216,3.65443442,3.68143763,3.62743121,3.62743121,19357800,78532777.61,,
2023-10-11,601216,3.64543335,3.64543335,3.61843014,3.62743121,17566100,70915344.0,,
2023-10-12,601216,3.64543335,3.67243656,3.63643228,3.67243656,17038239,69209190.73,,
2023-10-13,601216,3.64543335,3.66343549,3.63643228,3.65443442,16823210,68189674.3,,
2023-10-16,601216,3.65443442,3.66343549,3.61843014,3.62743121,15396400,62186076.12,,
2023-10-17,601216,3.64543335,3.64543335,3.61843014,3.62743121,14144131,57052304.93,,
2023-10-18,601216,3.61843014,3.62743121,3.56442372,3.56442372,22302790,88730077.2,,
2023-10-19,601216,3.55542265,3.58242586,3.52841944,3.52841944,17073920,67343982.4,,
2023-10-20,601216,3.53742051,3.55542265,3.50141623,3.5104173,19186808,75173905.28,,
2023-10-23,601216,3.51941837,3.51941837,3.42940767,3.44740981,20191661,77832705.98,,
2023-10-24,601216,3.46541195,3.52841944,3.46541195,3.52841944,17135919,66676789.34,,
2023-10-25,601216,3.5104173,3.56442372,3.5104173,3.55542265,16450599,64862847.8,,
2023-10-26,601216,3.53742051,3.58242586,3.51941837,3.56442372,12886491,50792367.92,,
2023-10-27,601216,3.55542265,3.62743121,3.54642158,3.600428,16192421,64703653.89,,
2023-10-30,601216,3.59142693,3.61843014,3.58242586,3.600428,15401545,61675207.55,,
2023-10-31,601216,3.600428,3.61843014,3.57342479,3.600428,14550919,58151563.0,,
2023-11-01,601216,3.600428,3.60942907,3.57342479,3.59142693,13149984,52440645.32,,
2023-11-02,601216,3.600428,3.60942907,3.57342479,3.58242586,14766142,58854796.83,,
2023-11-03,601216,3.58242586,3.60942907,3.57342479,3.59142693,14037728,56068220.72,,
2023-11-06,601216,3.59142693,3.61843014,3.59142693,3.60942907,19046500,76286119.0,,
2023-11-07,601216,3.61843014,3.61843014,3.59142693,3.60942907,15643301,62694117.01,,
2023-11-08,601216,3.60942907,3.60942907,3.57342479,3.58242586,17242900,68812705.0,,
2023-11-09,601216,3.58242586,3.600428,3.57342479,3.58242586,14917362,59406015.76,,
2023-11-10,601216,3.57342479,3.58242586,3.55542265,3.57342479,14319100,56791598.0,,
2023-11-13,601216,3.59142693,3.59142693,3.55542265,3.58242586,12615154,50036762.38,,
2023-11-14,601216,3.58242586,3.60942907,3.57342479,3.59142693,18554100,74040257.0,,
2023-11-15,601216,3.600428,3.62743121,3.600428,3.61843014,19272750,77337909.5,,
2023-11-16,601216,3.60942907,3.61843014,3.59142693,3.59142693,14129431,56555744.0,,
2023-11-17,601216,3.58242586,3.61843014,3.57342479,3.60942907,16238797,64867441.9,,
2023-11-20,601216,3.60942907,3.61843014,3.58242586,3.60942907,20083060,80363661.2,,
2023-11-21,601216,3.60942907,3.64543335,3.600428,3.60942907,22610803,91072965.4,,
2023-11-22,601216,3.60942907,3.61843014,3.58242586,3.58242586,15131500,60534488.0,,
2023-11-23,601216,3.58242586,3.600428,3.56442372,3.59142693,15051140,59944207.6,,
2023-11-24,601216,3.59142693,3.600428,3.58242586,3.59142693,15004450,59874932.0,,
2023-11-27,601216,3.58242586,3.59142693,3.52841944,3.54642158,22630490,89208434.0,,
2023-11-28,601216,3.53742051,3.55542265,3.5104173,3.53742051,15544890,61031411.26,,
2023-11-29,601216,3.53742051,3.53742051,3.49241516,3.49241516,18085557,70484534.67,,
2023-11-30,601216,3.49241516,3.51941837,3.46541195,3.49241516,17457602,67677722.42,,
2023-12-01,601216,3.49241516,3.5104173,3.46541195,3.50141623,15330100,59350536.0,,
2023-12-04,601216,3.49241516,3.5104173,3.46541195,3.47441302,23600908,91431472.12,,
2023-12-05,601216,3.47441302,3.47441302,3.42940767,3.42940767,24448612,93745637.05,,
2023-12-06,601216,3.42940767,3.48341409,3.41140553,3.44740981,35407777,135781589.82,,
2023-12-07,601216,3.43840874,3.44740981,3.35739911,3.37540125,52471614,197281133.06,,
2023-12-08,601216,3.37540125,3.4204066,3.32139483,3.36640018,94806111,355523275.58,,
2023-12-11,601216,3.35739911,3.4204066,3.29439162,3.41140553,68928927,257038846.51,,
2023-12-12,601216,3.39340339,3.45641088,3.36640018,3.45641088,34635956,131649187.7,,
2023-12-13,601216,3.43840874,3.44740981,3.41140553,3.42940767,19859793,75627928.2,,
2023-12-14,601216,3.42940767,3.47441302,3.42940767,3.43840874,19027237,72993477.08,,
2023-12-15,601216,3.43840874,3.46541195,3.4204066,3.42940767,19950700,76256902.0,,
2023-12-18,601216,3.4204066,3.42940767,3.37540125,3.38440232,19133864,72346039.92,,
2023-12-19,601216,3.38440232,3.39340339,3.34839804,3.37540125,16710800,62546851.0,,
2023-12-20,601216,3.36640018,3.41140553,3.34839804,3.36640018,17312192,65043398.84,,
2023-12-21,601216,3.36640018,3.36640018,3.30339269,3.34839804,20269310,75262962.2,,
2023-12-22,601216,3.35739911,3.35739911,3.28539055,3.34839804,25276193,93424592.57,,
2023-12-25,601216,3.34839804,3.35739911,3.31239376,3.32139483,13683308,50645066.52,,
2023-12-26,601216,3.32139483,3.34839804,3.30339269,3.31239376,13805149,51003242.86,,
2023-12-27,601216,3.30339269,3.32139483,3.27638948,3.32139483,17481027,64167751.04,,
2023-12-28,601216,3.31239376,3.39340339,3.31239376,3.37540125,22112428,82718881.68,,
2023-12-29,601216,3.37540125,3.39340339,3.34839804,3.36640018,21939734,82114482.96,,
2024-01-02,601216,3.51941837,3.54642158,3.36640018,3.38440232,59652314,227152461.64,,
2024-01-03,601216,3.36640018,3.42940767,3.34839804,3.40240446,37522965,141392690.05,,
2024-01-04,601216,3.40240446,3.4204066,3.35739911,3.37540125,24497906,92172009.53,,
2024-01-05,601216,3.37540125,3.4204066,3.35739911,3.37540125,26562674,100029651.32,,
2024-01-08,601216,3.35739911,3.36640018,3.30339269,3.30339269,25878443,95630156.04,,
2024-01-09,601216,3.30339269,3.3303959,3.27638948,3.30339269,19758928,72533248.06,,
2024-01-10,601216,3.29439162,3.33939697,3.27638948,3.32139483,17629340,64918400.64,,
2024-01-11,601216,3.31239376,3.35739911,3.30339269,3.34839804,14726336,54550550.4,,
2024-01-12,601216,3.33939697,3.37540125,3.3303959,3.33939697,12733187,47421372.77,,
2024-01-15,601216,3.3303959,3.35739911,3.32139483,3.33939697,11828800,43966859.02,,
2024-01-16,601216,3.3303959,3.34839804,3.29439162,3.3303959,18196976,67152129.2,,
2024-01-17,601216,3.32139483,3.3303959,3.24938627,3.25838734,16115810,58953515.26,,
2024-01-18,601216,3.24938627,3.24938627,3.11437022,3.20438092,34761853,122527699.48,,
2024-01-19,601216,3.20438092,3.24938627,3.17737771,3.21338199,18620582,66673301.5,,
2024-01-22,601216,3.21338199,3.22238306,3.03336059,3.06936487,29687100,103519970.0,,
2024-01-23,601216,3.0603638,3.1503745,3.02435952,3.14137343,23040765,79266730.58,,
2024-01-24,601216,3.1503745,3.18637878,3.06936487,3.17737771,21921703,76502177.51,,
2024-01-25,601216,3.20438092,3.31239376,3.19537985,3.30339269,34039669,123540819.49,,
2024-01-26,601216,3.30339269,3.3303959,3.27638948,3.31239376,27678719,101655606.22,,
2024-01-29,601216,3.32139483,3.34839804,3.30339269,3.31239376,27960883,103279459.99,,
2024-01-30,601216,3.30339269,3.3303959,3.2403852,3.24938627,21087661,77225833.13,,
2024-01-31,601216,3.24938627,3.26738841,3.18637878,3.20438092,27629877,99003967.35,,
2024-02-01,601216,3.16837664,3.2403852,3.1503745,3.16837664,22144293,78515857.4,,
2024-02-02,601216,3.17737771,3.22238306,3.03336059,3.10536915,31523849,109924132.3,,
2024-02-05,601216,3.06936487,3.1503745,2.93434882,3.08736701,46313716,157114703.91,,
2024-02-06,601216,3.05136273,3.37540125,3.02435952,3.34839804,53414716,192663986.58,,
2024-02-07,601216,3.34839804,3.52841944,3.32139483,3.52841944,84462832,324944944.27,,
2024-02-08,601216,3.53742051,3.72644298,3.51941837,3.52841944,94216944,380809431.16,,
2024-02-19,601216,3.600428,3.600428,3.46541195,3.47441302,59293504,230304679.91,,
2024-02-20,601216,3.49241516,3.50141623,3.45641088,3.48341409,28849502,111679980.59,,
2024-02-21,601216,3.48341409,3.54642158,3.45641088,3.45641088,44165213,171471536.48,,
2024-02-22,601216,3.45641088,3.47441302,3.4204066,3.44740981,33517880,128380347.63,,
2024-02-23,601216,3.45641088,3.46541195,3.4204066,3.46541195,36379166,139128111.64,,
2024-02-26,601216,3.46541195,3.52841944,3.4204066,3.44740981,42891252,164936336.25,,
2024-02-27,601216,3.41140553,3.46541195,3.40240446,3.46541195,35619156,135805830.8,,
2024-02-28,601216,3.46541195,3.51941837,3.43840874,3.43840874,48461138,187585612.68,,
2024-02-29,601216,3.42940767,3.50141623,3.4204066,3.50141623,37078197,143161652.31,,
2024-03-01,601216,3.49241516,3.52841944,3.48341409,3.50141623,28723000,111919132.0,,
2024-03-04,601216,3.49241516,3.50141623,3.44740981,3.48341409,27293386,105490697.84,,
2024-03-05,601216,3.46541195,3.49241516,3.44740981,3.46541195,27768323,106949266.82,,
2024-03-06,601216,3.46541195,3.49241516,3.43840874,3.45641088,23485405,90272557.18,,
2024-03-07,601216,3.45641088,3.5104173,3.44740981,3.46541195,31290639,121226436.75,,
2024-03-08,601216,3.47441302,3.52841944,3.47441302,3.51941837,36292282,141129158.74,,
2024-03-11,601216,3.52841944,3.52841944,3.46541195,3.52841944,30652191,118968572.47,,
2024-03-12,601216,3.51941837,3.52841944,3.48341409,3.50141623,24185712,94072871.56,,
2024-03-13,601216,3.49241516,3.49241516,3.43840874,3.45641088,32962248,126972402.78,,
2024-03-14,601216,3.45641088,3.48341409,3.43840874,3.45641088,24241869,93181784.96,,
2024-03-15,601216,3.44740981,3.47441302,3.42940767,3.46541195,23015635,88230099.7,,
2024-03-18,601216,3.46541195,3.48341409,3.44740981,3.48341409,23102260,89053328.4,,
2024-03-19,601216,3.47441302,3.50141623,3.45641088,3.45641088,24100766,93099890.1,,
2024-03-20,601216,3.46541195,3.47441302,3.44740981,3.46541195,16763095,64389919.8,,
2024-03-21,601216,3.46541195,3.46541195,3.4204066,3.42940767,24128330,92170245.3,,
2024-03-22,601216,3.4204066,3.42940767,3.34839804,3.34839804,31844200,119395493.0,,
2024-03-25,601216,3.34839804,3.36640018,3.31239376,3.31239376,25668292,95105154.56,,
2024-03-26,601216,3.31239376,3.33939697,3.29439162,3.32139483,22624105,83386798.33,,
2024-03-27,601216,3.32139483,3.3303959,3.25838734,3.26738841,20558898,75244659.62,,
2024-03-28,601216,3.25838734,3.31239376,3.25838734,3.28539055,21245460,77609720.6,,
2024-03-29,601216,3.27638948,3.32139483,3.27638948,3.32139483,17141858,62821918.7,,
2024-04-01,601216,3.32139483,3.36640018,3.31239376,3.35739911,23406292,86979677.04,,
2024-04-02,601216,3.35739911,3.4204066,3.34839804,3.41140553,31228490,117958272.25,,
2024-04-03,601216,3.41140553,3.44740981,3.40240446,3.43840874,26148285,99553124.85,,
2024-04-08,601216,3.44740981,3.46541195,3.41140553,3.41140553,31694156,121158799.24,,
2024-04-09,601216,3.41140553,3.46541195,3.40240446,3.45641088,25936012,99251824.96,,
2024-04-10,601216,3.46541195,3.46541195,3.42940767,3.44740981,25365915,97243217.26,,
2024-04-11,601216,3.44740981,3.50141623,3.4204066,3.47441302,34201284,132089120.54,,
2024-04-12,601216,3.47441302,3.5104173,3.45641088,3.47441302,26962310,104410772.68,,
2024-04-15,601216,3.49241516,3.54642158,3.45641088,3.51941837,38223603,149278432.49,,
2024-04-16,601216,3.51941837,3.55542265,3.49241516,3.50141623,44940192,176079842.72,,
2024-04-17,601216,3.50141623,3.53742051,3.47441302,3.5104173,39810663,155139426.26,,
2024-04-18,601216,3.5104173,3.57342479,3.50141623,3.54642158,36974729,145484629.55,,
2024-04-19,601216,3.53742051,3.67243656,3.53742051,3.62743121,49896055,200860728.45,,
2024-04-22,601216,3.61843014,3.65443442,3.55542265,3.56442372,37656963,150471716.44,,
2024-04-23,601216,3.55542265,3.58242586,3.50141623,3.53742051,39111726,153869632.33,,
2024-04-24,601216,3.54642158,3.56442372,3.49241516,3.55542265,23798029,93454472.97,,
2024-04-25,601216,3.53742051,3.58242586,3.52841944,3.54642158,21866800,86399361.0,,
2024-04-26,601216,3.63643228,3.70844084,3.62743121,3.69943977,77943925,317906544.75,,
2024-04-29,601216,3.6904387,3.76244726,3.67243656,3.74444512,50149860,207530019.0,,
2024-04-30,601216,3.74444512,3.83445582,3.73544405,3.78945047,45586542,192377316.71,,
2024-05-06,601216,3.79845154,3.86145903,3.76244726,3.84345689,48363706,205204641.62,,
2024-05-07,601216,3.84345689,3.92446652,3.81645368,3.87946117,55449799,238493708.06,,
2024-05-08,601216,3.87946117,3.89746331,3.82545475,3.8704601,39061380,167817187.0,,
2024-05-09,601216,3.8704601,3.93346759,3.86145903,3.92446652,38307819,166334876.85,,
2024-05-10,601216,3.91546545,3.99647508,3.90646438,3.97847294,38619970,169711945.72,,
2024-05-13,601216,3.98747401,4.08648578,3.94246866,3.9604708,64328542,285513105.55,,
2024-05-14,601216,3.95146973,3.96947187,3.8704601,3.87946117,51861564,225310962.82,,
2024-05-15,601216,3.86145903,3.93346759,3.85245796,3.88846224,31490804,136283562.28,,
2024-05-16,601216,3.8704601,3.90646438,3.82545475,3.84345689,32798602,140782746.62,,
2024-05-17,601216,3.86145903,3.92446652,3.85245796,3.92446652,33486389,144537857.75,,
2024-05-20,601216,3.93346759,4.00547615,3.92446652,3.9604708,40362484,178189529.32,,
2024-05-21,601216,3.9604708,3.96947187,3.91546545,3.93346759,26407209,115545848.33,,
2024-05-22,601216,3.92446652,3.9604708,3.89746331,3.90646438,26209283,114350103.24,,
2024-05-23,601216,3.88846224,3.89746331,3.83445582,3.85245796,27743669,119152043.23,,
2024-05-24,601216,3.86145903,3.91546545,3.85245796,3.8704601,26830807,115818385.01,,
2024-05-27,601216,3.88846224,3.91546545,3.85245796,3.90646438,31324298,135159324.44,,
2024-05-28,601216,3.91546545,3.91546545,3.84345689,3.85245796,23832242,102512405.1,,
2024-05-29,601216,3.85245796,3.89746331,3.83445582,3.86145903,24476297,105189252.58,,
2024-05-30,601216,3.8704601,3.99647508,3.86145903,3.87946117,62433618,272637056.13,,
2024-05-31,601216,3.90646438,3.98747401,3.88846224,3.93346759,62874992,275768293.55,,
2024-06-03,601216,3.92446652,3.94246866,3.83445582,3.87946117,50316683,216634883.65,,
2024-06-04,601216,3.83445582,3.92446652,3.83445582,3.90646438,35579630,153840728.93,,
2024-06-05,601216,3.91546545,3.92446652,3.8704601,3.8704601,36932189,159349372.3,,
2024-06-06,601216,3.88018323,3.94825662,3.84128415,3.85100892,59871600,238250632.43,,
2024-06-07,601216,3.86073369,3.91908231,3.85100892,3.88018323,35356767,141158233.23,,
2024-06-11,601216,3.889908,3.889908,3.81210984,3.83155938,33367282,131835538.71,,
2024-06-12,601216,3.84128415,3.88018323,3.7926603,3.81210984,28029376,110263240.06,,
2024-06-13,601216,3.81210984,3.81210984,3.71486214,3.73431168,41178800,158885383.0,,
2024-06-14,601216,3.71486214,3.78293553,3.68568783,3.76348599,27524948,105693582.88,,
2024-06-17,601216,3.77321076,3.7926603,3.70513737,3.71486214,22498500,86451521.0,,
2024-06-18,601216,3.70513737,3.76348599,3.68568783,3.72458691,22845653,87438881.08,,
2024-06-19,601216,3.73431168,3.73431168,3.66623829,3.67596306,19108260,72639661.8,,
2024-06-20,601216,3.67596306,3.70513737,3.62733921,3.64678875,22042988,82972659.12,,
2024-06-21,601216,3.62733921,3.6954126,3.62733921,3.63706398,21806369,82049116.06,,
2024-06-24,601216,3.62733921,3.63706398,3.56899059,3.60788967,27130257,100736284.28,,
2024-06-25,601216,3.61761444,3.67596306,3.60788967,3.62733921,23238553,86896289.97,,
2024-06-26,601216,3.60788967,3.65651352,3.5981649,3.64678875,20766348,77517931.08,,
2024-06-27,601216,3.64678875,3.65651352,3.58844013,3.5981649,20388900,75741156.0,,
2024-06-28,601216,3.5981649,3.63706398,3.57871536,3.58844013,21569475,80034581.94,,
2024-07-01,601216,3.55926582,3.6954126,3.55926582,3.67596306,32991289,123831749.42,,
2024-07-02,601216,3.68568783,3.70513737,3.63706398,3.64678875,23359400,88028263.0,,
2024-07-03,601216,3.65651352,3.67596306,3.62733921,3.63706398,16956600,63559546.0,,
2024-07-04,601216,3.62733921,3.64678875,3.5981649,3.61761444,21966375,81669221.0,,
2024-07-05,601216,3.60788967,3.63706398,3.5981649,3.63706398,20057790,74732450.7,,
2024-07-08,601216,3.60788967,3.62733921,3.53981628,3.55926582,27254300,100408981.0,,
2024-07-09,601216,3.53981628,3.61761444,3.52036674,3.60788967,29675662,109178735.54,,
2024-07-10,601216,3.58844013,3.65651352,3.57871536,3.61761444,21069113,78490517.23,,
2024-07-11,601216,3.65651352,3.66623829,3.60788967,3.65651352,30193653,113214783.92,,
2024-07-12,601216,3.65651352,3.6954126,3.63706398,3.66623829,22926631,86413452.47,,
2024-07-15,601216,3.65651352,3.68568783,3.62733921,3.66623829,22655132,85225577.92,,
2024-07-16,601216,3.65651352,3.66623829,3.61761444,3.62733921,26847291,100374086.81,,
2024-07-17,601216,3.63706398,3.65651352,3.60788967,3.62733921,20379546,76017710.58,,
2024-07-18,601216,3.61761444,3.64678875,3.57871536,3.62733921,21881691,81337995.97,,
2024-07-19,601216,3.61761444,3.61761444,3.54954105,3.56899059,26696325,98291092.12,,
2024-07-22,601216,3.55926582,3.57871536,3.48146766,3.52036674,33147075,120087376.64,,
2024-07-23,601216,3.53009151,3.53009151,3.43284381,3.44256858,23022081,82438677.55,,
2024-07-24,601216,3.43284381,3.47174289,3.41339427,3.42311904,20523884,72631366.68,,
2024-07-25,601216,3.41339427,3.49119243,3.41339427,3.47174289,22746091,81024851.56,,
2024-07-26,601216,3.48146766,3.57871536,3.47174289,3.56899059,29097855,106139255.85,,
2024-07-29,601216,3.56899059,3.56899059,3.48146766,3.49119243,30598070,110619548.3,,
2024-07-30,601216,3.5009172,3.53981628,3.47174289,3.49119243,22923237,82491317.63,,
2024-07-31,601216,3.5009172,3.65651352,3.49119243,3.64678875,44697163,165550428.16,,
2024-08-01,601216,3.64678875,3.67596306,3.58844013,3.61761444,31964859,119067253.48,,
2024-08-02,601216,3.61761444,3.63706398,3.58844013,3.5981649,17749115,65964911.53,,
2024-08-05,601216,3.58844013,3.64678875,3.54954105,3.57871536,24286683,89868495.76,,
2024-08-06,601216,3.57871536,3.61761444,3.55926582,3.57871536,21212094,78103990.69,,
2024-08-07,601216,3.58844013,3.5981649,3.53981628,3.57871536,17844402,65533576.67,,
2024-08-08,601216,3.57871536,3.63706398,3.55926582,3.62733921,23021636,85521616.96,,
2024-08-09,601216,3.62733921,3.66623829,3.61761444,3.63706398,19248875,72214105.0,,
2024-08-12,601216,3.62733921,3.66623829,3.61761444,3.65651352,15930200,59735486.0,,
2024-08-13,601216,3.65651352,3.67596306,3.62733921,3.67596306,16557698,62325959.06,,
2024-08-14,601216,3.66623829,3.68568783,3.61761444,3.61761444,15819664,59256068.08,,
2024-08-15,601216,3.5981649,3.68568783,3.57871536,3.63706398,22543156,84360173.44,,
2024-08-16,601216,3.64678875,3.65651352,3.57871536,3.58844013,21154361,78465945.48,,
2024-08-19,601216,3.5981649,3.64678875,3.58844013,3.61761444,17708700,66019920.2,,
2024-08-20,601216,3.62733921,3.64678875,3.56899059,3.5981649,19265700,71242186.0,,
2024-08-21,601216,3.58844013,3.60788967,3.55926582,3.57871536,13351459,49176511.54,,
2024-08-22,601216,3.57871536,3.58844013,3.53009151,3.53981628,19099277,69760936.93,,
2024-08-23,601216,3.54954105,3.57871536,3.53009151,3.55926582,17706843,64691261.23,,
2024-08-26,601216,3.54954105,3.55926582,3.49119243,3.52036674,18791458,68025448.8,,
2024-08-27,601216,3.51064197,3.53009151,3.48146766,3.49119243,18411062,66271870.14,,
2024-08-28,601216,3.48146766,3.54954105,3.48146766,3.5009172,18066391,65292050.6,,
2024-08-29,601216,3.5009172,3.54954105,3.48146766,3.53009151,20167308,73116284.96,,
2024-08-30,601216,3.57871536,3.7926603,3.56899059,3.74403645,76082600,289967609.2,,
2024-09-02,601216,3.73431168,3.81210984,3.70513737,3.73431168,61809847,238562187.37,,
2024-09-03,601216,3.73431168,3.81210984,3.72458691,3.7926603,41725300,162485827.0,,
2024-09-04,601216,3.78293553,3.80238507,3.6954126,3.72458691,36334200,140349019.0,,
2024-09-05,601216,3.72458691,3.75376122,3.54954105,3.54954105,63030216,234290206.4,,
2024-09-06,601216,3.54954105,3.57871536,3.52036674,3.53009151,33229100,121225550.0,,
2024-09-09,601216,3.51064197,3.56899059,3.5009172,3.5009172,31955400,115912311.0,,
2024-09-10,601216,3.52036674,3.53009151,3.42311904,3.46201812,31805142,113349310.94,,
2024-09-11,601216,3.47174289,3.48146766,3.42311904,3.44256858,26881842,95218737.26,,
2024-09-12,601216,3.44256858,3.49119243,3.43284381,3.45229335,29855000,106218803.94,,
2024-09-13,601216,3.45229335,3.51064197,3.43284381,3.43284381,29566500,105329563.0,,
2024-09-18,601216,3.44256858,3.45229335,3.36477042,3.43284381,23627400,82856617.0,,
2024-09-19,601216,3.45229335,3.54954105,3.42311904,3.51064197,32820424,117797699.6,,
2024-09-20,601216,3.52036674,3.52036674,3.47174289,3.5009172,20993200,75431829.0,,
2024-09-23,601216,3.47174289,3.51064197,3.47174289,3.48146766,22382417,80269607.86,,
2024-09-24,601216,3.5009172,3.72458691,3.5009172,3.72458691,67541629,252365756.96,,
2024-09-25,601216,3.77321076,3.90935754,3.75376122,3.85100892,80856577,321395796.51,,
2024-09-26,601216,3.86073369,3.9871557,3.83155938,3.97743093,74017049,297996429.91,,
2024-09-27,601216,4.03577955,4.07467863,3.9871557,4.06495386,56674751,235170557.87,,
2024-09-30,601216,4.25944926,4.4733942,4.15247679,4.46366943,174436397,781831282.07,,
2024-10-08,601216,4.91100885,4.91100885,4.38587127,4.52201805,233397158,1107578986.19,,
2024-10-09,601216,4.39559604,4.40532081,4.07467863,4.07467863,141797805,613020716.26,价格异常,-10.297029702970296
2024-10-10,601216,4.0844034,4.23027495,3.99688047,4.10385294,101005892,427823889.27,,
2024-10-11,601216,4.10385294,4.13302725,3.94825662,3.99688047,66608525,276106733.43,,
2024-10-14,601216,4.01633001,4.06495386,3.94825662,4.04550432,61115088,252061305.72,,
2024-10-15,601216,4.02605478,4.07467863,3.94825662,3.94825662,58461495,241094896.9,,
2024-10-16,601216,3.90935754,3.99688047,3.89963277,3.95798139,50331191,204544574.37,,
2024-10-17,601216,4.00660524,4.03577955,3.88018323,3.889908,53012133,214980543.47,,
2024-10-18,601216,3.889908,4.05522909,3.85100892,3.9871557,76974943,311968967.39,,
2024-10-21,601216,3.97743093,4.00660524,3.89963277,3.91908231,76027346,307582825.51,,
2024-10-22,601216,3.92880708,3.97743093,3.89963277,3.97743093,54509810,220598580.3,,
2024-10-23,601216,3.9871557,4.02605478,3.95798139,4.00660524,64500997,264500527.11,,
2024-10-24,601216,3.9871557,4.02605478,3.95798139,3.9871557,45788795,187457931.47,,
2024-10-25,601216,3.9871557,4.11357771,3.97743093,4.07467863,77624565,323692722.0,,
2024-10-28,601216,4.0844034,4.13302725,4.03577955,4.13302725,62615412,263610663.48,,
2024-10-29,601216,4.12330248,4.13302725,4.01633001,4.02605478,65481185,273180863.18,,
2024-10-30,601216,4.01633001,4.11357771,4.00660524,4.07467863,65882999,274799208.73,,
2024-10-31,601216,4.06495386,4.15247679,4.02605478,4.13302725,82793157,349156233.97,,
2024-11-01,601216,4.13302725,4.22055018,4.06495386,4.13302725,99193824,422508852.2,,
2024-11-04,601216,4.16220156,4.20110064,4.10385294,4.1816511,66732029,285464731.47,,
2024-11-05,601216,4.17192633,4.3761465,4.16220156,4.36642173,111354077,490706673.58,,
2024-11-06,601216,4.39559604,4.80403638,4.35669696,4.80403638,332920964,1612748606.32,,
2024-11-07,601216,4.80403638,4.82348592,4.61926575,4.69706391,332397816,1600898772.14,,
2024-11-08,601216,4.79431161,4.99853178,4.70678868,4.81376115,270483086,1337934353.28,,
2024-11-11,601216,4.68733914,5.29999965,4.5706419,5.29999965,381575177,1939826245.9,,
2024-11-12,601216,5.834862,5.834862,5.7376143,5.834862,290479360,1742167508.16,价格异常,10.091743119266061
2024-11-13,601216,6.09743079,6.4183482,5.75706384,5.76678861,800183568,4954857797.06,,
2024-11-14,601216,5.56256844,5.88348585,5.19302718,5.20275195,500648227,2797836601.08,,
2024-11-15,601216,5.0568804,5.27082534,4.97908224,4.97908224,302685867,1588294696.52,价格异常,-10.413223140495864
2024-11-18,601216,4.97908224,5.1541281,4.79431161,4.88183454,276155855,1402316155.23,,
2024-11-19,601216,4.88183454,4.96935747,4.82348592,4.96935747,170110930,858015123.91,,
2024-11-20,601216,4.9596327,5.06660517,4.92073362,5.01798132,177662645,912325678.61,,
2024-11-21,601216,4.78458684,4.94990793,4.7651373,4.89155931,216250862,1080210070.35,,
2024-11-22,601216,4.88183454,4.89155931,4.59009144,4.60954098,203084722,989800104.64,,
2024-11-25,601216,4.58036667,4.63871529,4.4733942,4.52201805,124435190,581343172.96,,
2024-11-26,601216,4.51229328,4.54146759,4.44421989,4.45394466,91640946,422731340.2,,
2024-11-27,601216,4.43449512,4.52201805,4.38587127,4.52201805,109125055,500204515.39,,
2024-11-28,601216,4.52201805,4.61926575,4.50256851,4.5706419,126855702,596917869.88,,
2024-11-29,601216,4.55119236,4.67761437,4.49284374,4.61926575,121651176,574187098.3,,
2024-12-02,601216,4.6678896,4.87210977,4.64844006,4.79431161,182443597,898922318.08,,
2024-12-03,601216,4.77486207,5.26110057,4.72623822,5.11522902,328214354,1704878773.5,,
2024-12-04,601216,4.99853178,5.03743086,4.85266023,4.88183454,198973193,1009647594.8,,
2024-12-05,601216,4.90128408,5.03743086,4.87210977,4.97908224,141994900,724836989.03,,
2024-12-06,601216,4.99853178,5.47504551,4.98880701,5.47504551,362987240,1981079084.55,,
2024-12-09,601216,5.4458712,5.99045832,5.37779781,5.62091706,492438693,2868816448.61,,
2024-12-10,601216,5.7376143,5.834862,5.42642166,5.45559597,385838777,2218806566.55,,
2024-12-11,601216,5.39724735,5.48477028,5.35834827,5.39724735,190863631,1061800994.97,,
2024-12-12,601216,5.37779781,5.94183447,5.19302718,5.94183447,262078003,1491026660.13,,
2024-12-13,601216,6.11688033,6.1266051,5.72788953,5.80568769,491945437,2989812185.3,,
2024-12-16,601216,5.79596292,6.36972435,5.69871522,6.03908217,414262811,2557718848.43,,
2024-12-17,601216,5.90293539,6.64201791,5.86403631,6.39889866,631621607,4204890359.46,,
2024-12-18,601216,6.5155959,7.04073348,6.44752251,7.04073348,615018693,4367785760.81,,
2024-12-19,601216,6.91431147,6.91431147,6.34055004,6.34055004,432587437,2925513012.35,,
2024-12-20,601216,5.79596292,6.08770602,5.70843999,5.70843999,674629612,4001005849.75,价格异常,-11.9549929676512
2024-12-23,601216,5.59174275,5.63064183,5.36807304,5.36807304,338733080,1906413871.01,,
2024-12-24,601216,5.4458712,5.46532074,5.29027488,5.35834827,182241021,1004294833.9,,
2024-12-25,601216,5.35834827,5.45559597,5.24165103,5.36807304,189818929,1044761937.3,,
2024-12-26,601216,5.3486235,5.41669689,5.29999965,5.30972442,136945800,753114289.27,,
2024-12-27,601216,5.28055011,5.43614643,5.28055011,5.3486235,147898634,817166514.94,,
2024-12-30,601216,5.3486235,5.36807304,5.2513758,5.28055011,99133900,539483961.0,,
2024-12-31,601216,5.26110057,5.29027488,5.10550425,5.11522902,123840185,660231528.23,,
2025-01-02,601216,5.10550425,5.26110057,5.02770609,5.08605471,129464000,683050534.0,,
2025-01-03,601216,5.11522902,5.14440333,4.862385,4.89155931,126141924,646731688.57,,
2025-01-06,601216,4.87210977,4.93045839,4.80403638,4.90128408,94778259,475648457.8,,
2025-01-07,601216,4.91100885,5.06660517,4.89155931,5.0568804,108738543,558881671.99,,
2025-01-08,601216,5.0568804,5.0568804,4.81376115,4.93045839,119220415,602337369.5,,
2025-01-09,601216,4.91100885,5.00825655,4.88183454,4.94990793,76628041,391165737.74,,
2025-01-10,601216,4.92073362,5.00825655,4.84293546,4.84293546,77909981,395202717.99,,
2025-01-13,601216,4.78458684,4.862385,4.75541253,4.78458684,68184902,336673457.4,,
2025-01-14,601216,4.81376115,5.03743086,4.79431161,5.02770609,102291734,520133838.16,,
2025-01-15,601216,5.00825655,5.03743086,4.93045839,4.98880701,75903835,389462899.55,,
2025-01-16,601216,5.02770609,5.13467856,4.96935747,5.03743086,85025676,441481413.53,,
2025-01-17,601216,5.0568804,5.27082534,4.99853178,5.16385287,169703725,900878148.24,,
2025-01-20,601216,5.21247672,5.21247672,5.11522902,5.13467856,92386959,489716440.34,,
2025-01-21,601216,5.18330241,5.23192626,4.99853178,5.08605471,92027073,480288500.29,,
2025-01-22,601216,5.03743086,5.09577948,5.00825655,5.04715563,55745660,289129657.0,,
2025-01-23,601216,5.14440333,5.36807304,5.09577948,5.09577948,133968041,718142121.47,,
2025-01-24,601216,5.0568804,5.18330241,5.03743086,5.1541281,96699627,509367942.48,,
2025-01-27,601216,5.21247672,5.22220149,5.06660517,5.08605471,65844323,346951126.08,,
2025-02-05,601216,5.12495379,5.17357764,5.0568804,5.08605471,71994414,378816921.32,,
2025-02-06,601216,5.06660517,5.14440333,5.02770609,5.12495379,93859439,491480855.02,,
2025-02-07,601216,5.11522902,5.22220149,5.07632994,5.17357764,143428026,760288818.43,,
2025-02-10,601216,5.18330241,5.38752258,5.10550425,5.31944919,224126816,1209348071.67,,
2025-02-11,601216,5.28055011,5.67926568,5.1541281,5.47504551,271038231,1501606928.39,,
2025-02-12,601216,5.40697212,6.01963263,5.37779781,5.80568769,349221272,2089293576.73,,
2025-02-13,601216,5.74733907,6.38917389,5.74733907,6.24330234,553178882,3497960795.48,,
2025-02-14,601216,6.15577941,6.3211005,5.80568769,6.08770602,495877862,3067130181.24,,
2025-02-17,601216,6.00990786,6.16550418,5.87376108,5.89321062,341569039,2091345739.73,,
2025-02-18,601216,5.88348585,5.96128401,5.60146752,5.62091706,265065609,1563890774.58,,
2025-02-19,601216,5.58201798,6.18495372,5.51394459,6.08770602,461225056,2808941457.35,,
2025-02-20,601216,6.00018309,6.19467849,5.9321097,6.03908217,265856576,1660502286.38,,
2025-02-21,601216,6.14605464,6.26275188,5.98073355,5.99045832,298575428,1876673292.37,,
2025-02-24,601216,5.94183447,6.00990786,5.78623815,5.85431154,200836334,1211996214.4,,
2025-02-25,601216,5.76678861,5.95155924,5.70843999,5.78623815,173561358,1035448322.07,,
2025-02-26,601216,5.81541246,5.86403631,5.7376143,5.77651338,109787533,654143233.05,,
2025-02-27,601216,5.74733907,5.85431154,5.6403666,5.71816476,115900370,682429879.48,,
2025-02-28,601216,5.66954091,5.76678861,5.55284367,5.57229321,121881046,710486894.06,,
2025-03-03,601216,5.55284367,5.6403666,5.5431189,5.57229321,91510088,524957043.64,,
2025-03-04,601216,5.5431189,5.62091706,5.51394459,5.60146752,71281168,408922855.72,,
2025-03-05,601216,5.56256844,5.61119229,5.51394459,5.59174275,73400851,418899710.05,,
2025-03-06,601216,5.65009137,5.79596292,5.62091706,5.79596292,150365770,884472429.84,,
2025-03-07,601216,5.84458677,5.9321097,5.7376143,5.74733907,151201486,906960857.91,,
2025-03-10,601216,5.70843999,5.70843999,5.61119229,5.63064183,83714300,484936721.0,,
2025-03-11,601216,5.56256844,5.62091706,5.53339413,5.61119229,63891399,366478058.23,,
2025-03-12,601216,5.62091706,5.81541246,5.60146752,5.69871522,103526053,606564555.47,,
2025-03-13,601216,5.7376143,5.76678861,5.59174275,5.65009137,73197794,426193886.26,,
2025-03-14,601216,5.65009137,5.95155924,5.57229321,5.79596292,134945029,800073374.39,,
2025-03-17,601216,5.74733907,5.77651338,5.69871522,5.70843999,92923023,547090986.89,,
2025-03-18,601216,5.71816476,5.76678861,5.67926568,5.69871522,59169520,347946647.8,,
2025-03-19,601216,5.67926568,5.68899045,5.60146752,5.62091706,60536184,350712101.08,,
2025-03-20,601216,5.61119229,5.66954091,5.59174275,5.62091706,52033323,301203253.4,,
2025-03-21,601216,5.61119229,5.6403666,5.42642166,5.45559597,102038390,578903436.84,,
2025-03-24,601216,5.47504551,5.52366936,5.28055011,5.48477028,93648160,518487719.77,,
2025-03-25,601216,5.40697212,5.47504551,5.36807304,5.41669689,50739158,282203813.18,,
2025-03-26,601216,5.45559597,5.55284367,5.4458712,5.45559597,55579433,313481614.13,,
2025-03-27,601216,5.50421982,5.61119229,5.42642166,5.52366936,86912942,493938768.37,,
2025-03-28,601216,5.51394459,5.52366936,5.39724735,5.39724735,59386644,331962108.16,,
2025-03-31,601216,5.35834827,5.37779781,5.2513758,5.33889873,52650160,287582321.99,,
2025-04-01,601216,5.3486235,5.43614643,5.33889873,5.36807304,42626253,235871947.35,,
2025-04-02,601216,5.3486235,5.39724735,5.3486235,5.36807304,28907832,159601741.64,,
2025-04-03,601216,5.31944919,5.39724735,5.29999965,5.35834827,35141746,193353428.04,,
2025-04-07,601216,5.0568804,5.07632994,4.82348592,4.82348592,84735119,426835198.5,,
2025-04-08,601216,4.74568776,4.85266023,4.67761437,4.78458684,93853184,459618789.98,,
2025-04-09,601216,4.6678896,4.91100885,4.50256851,4.87210977,91646434,446055920.59,,
2025-04-10,601216,4.92073362,5.03743086,4.91100885,4.96935747,71501561,366810896.71,,
2025-04-11,601216,4.92073362,5.03743086,4.91100885,4.99853178,51583332,264851036.86,,
2025-04-14,601216,5.03743086,5.23192626,5.01798132,5.16385287,79856880,422838391.83,,
2025-04-15,601216,5.19302718,5.19302718,5.11522902,5.17357764,42630844,225993080.64,,
2025-04-16,601216,5.16385287,5.16385287,5.01798132,5.06660517,46589945,243402943.98,,
2025-04-17,601216,5.06660517,5.13467856,5.0568804,5.08605471,33031770,173462255.6,,
2025-04-18,601216,5.07632994,5.1541281,5.03743086,5.11522902,33261700,174284981.0,,
2025-04-21,601216,5.11522902,5.2513758,5.08605471,5.22220149,47228960,252560086.0,,
2025-04-22,601216,5.20275195,5.2513758,5.16385287,5.16385287,43338504,231892007.24,,
2025-04-23,601216,5.19302718,5.22220149,5.1541281,5.18330241,30804912,164177215.66,,
2025-04-24,601216,5.18330241,5.24165103,5.1541281,5.16385287,34237687,182723003.03,,
2025-04-25,601216,5.17357764,5.33889873,5.16385287,5.23192626,53701708,289599122.08,,
2025-04-28,601216,5.23192626,5.2513758,5.11522902,5.13467856,46383433,245661215.29,,
2025-04-29,601216,5.23192626,5.31944919,5.18330241,5.26110057,64081065,347159708.63,,
2025-04-30,601216,5.28055011,5.29999965,5.2513758,5.27082534,44052002,238870656.82,,
2025-05-06,601216,5.4458712,5.5431189,5.39724735,5.52366936,116359655,655726521.36,,
2025-05-07,601216,5.53339413,5.61119229,5.47504551,5.53339413,87680624,499441162.88,,
2025-05-08,601216,5.49449505,5.53339413,5.4458712,5.45559597,60428252,340567325.72,,
2025-05-09,601216,5.4458712,5.45559597,5.36807304,5.40697212,39926768,221796255.68,,
2025-05-12,601216,5.4458712,5.4458712,5.37779781,5.40697212,44329775,246699011.43,,
2025-05-13,601216,5.4458712,5.45559597,5.3486235,5.39724735,50088259,278037571.71,,
2025-05-14,601216,5.37779781,5.50421982,5.36807304,5.45559597,57206003,319559443.8,,
2025-05-15,601216,5.45559597,5.45559597,5.31944919,5.31944919,50971755,280989868.72,,
2025-05-16,601216,5.29027488,5.40697212,5.28055011,5.36807304,43542500,239550469.02,,
2025-05-19,601216,5.35834827,5.36807304,5.27082534,5.31944919,34625700,189186899.0,,
2025-05-20,601216,5.31944919,5.42642166,5.29027488,5.37779781,48150980,264694120.6,,
2025-05-21,601216,5.3486235,5.35834827,5.28055011,5.29999965,39839464,217505140.9,,
2025-05-22,601216,5.29999965,5.32917396,5.22220149,5.23192626,36079500,195474479.0,,
2025-05-23,601216,5.2513758,5.29999965,5.20275195,5.21247672,33436041,180802846.73,,
2025-05-26,601216,5.21247672,5.24165103,5.17357764,5.21247672,27656312,148151445.2,,
2025-05-27,601216,5.21247672,5.21247672,5.13467856,5.16385287,31225170,165755251.98,,
2025-05-28,601216,5.16385287,5.18330241,5.11522902,5.12495379,27209444,143706081.88,,
2025-05-29,601216,5.11522902,5.46532074,5.10550425,5.29999965,88297771,479293442.04,,
2025-05-30,601216,5.23192626,5.29027488,5.17357764,5.17357764,55790725,298676825.41,,
2025-06-03,601216,5.14440333,5.2513758,5.13467856,5.19302718,38662486,206280105.93,,
2025-06-04,601216,5.19302718,5.29999965,5.16385287,5.28055011,47235276,255265257.16,,
2025-06-05,601216,5.28055011,5.33889873,5.24165103,5.29999965,38896692,211630853.4,,
2025-06-06,601216,5.33,5.35,5.28,5.31,37317882,198031095.42,,
2025-06-09,601216,5.33,5.36,5.3,5.33,34252395,182525184.91,,
2025-06-10,601216,5.33,5.34,5.23,5.28,35903102,189794098.76,,
2025-06-11,601216,5.3,5.33,5.28,5.29,26075543,138480712.87,,
2025-06-12,601216,5.29,5.58,5.24,5.48,128528486,695173404.11,,
2025-06-13,601216,5.55,5.75,5.46,5.48,226491174,1267956021.76,,
2025-06-16,601216,5.45,5.72,5.41,5.68,185932451,1042266009.46,,
2025-06-17,601216,5.66,5.66,5.51,5.53,132132404,733221251.98,,
2025-06-18,601216,5.54,5.55,5.37,5.39,91127551,496086330.12,,
2025-06-19,601216,5.38,5.43,5.24,5.28,73045072,388852439.6,,
2025-06-20,601216,5.27,5.28,5.18,5.19,52625693,274963385.44,,
2025-06-23,601216,5.16,5.27,5.15,5.25,53737818,280728645.09,,
2025-06-24,601216,5.25,5.37,5.24,5.3,67677300,359089749.76,,
2025-06-25,601216,5.3,5.5,5.28,5.46,114646721,618513226.12,,
2025-06-26,601216,5.41,5.57,5.37,5.46,106370928,582568997.7,,
2025-06-27,601216,5.43,5.72,5.43,5.53,148256961,827700660.08,,
2025-06-30,601216,5.52,5.57,5.46,5.52,91455991,504312178.19,,
2025-07-01,601216,5.51,5.53,5.42,5.46,63689540,348040804.8,,
2025-07-02,601216,5.48,5.5,5.42,5.46,46877771,255895783.83,,
2025-07-03,601216,5.47,5.48,5.43,5.46,40004911,218062389.98,,
2025-07-04,601216,5.47,5.5,5.43,5.44,58377356,318926476.84,,
2025-07-07,601216,5.45,5.49,5.43,5.45,41626001,227106649.43,,
2025-07-08,601216,5.44,5.51,5.43,5.51,67877145,372613527.31,,
2025-07-09,601216,5.5,5.52,5.46,5.47,49911800,274320990.0,,
2025-07-10,601216,5.47,5.51,5.45,5.48,44246268,242510643.48,,
2025-07-11,601216,5.48,5.56,5.47,5.53,90312786,498069867.88,,
2025-07-14,601216,5.53,5.54,5.48,5.48,53891165,296402017.14,,
2025-07-15,601216,5.48,5.49,5.37,5.39,73751416,399848204.68,,
2025-07-16,601216,5.4,5.42,5.35,5.37,44024511,236874009.67,,
2025-07-17,601216,5.37,5.41,5.36,5.41,42023356,226381708.8,,
2025-07-18,601216,5.41,5.49,5.4,5.46,54453502,297010729.69,,
2025-07-21,601216,5.49,5.61,5.48,5.58,107638258,598668648.44,,
2025-07-22,601216,5.58,5.62,5.52,5.62,92360130,515530092.71,,
2025-07-23,601216,5.62,5.67,5.53,5.55,68403347,383034853.38,,
2025-07-24,601216,5.54,5.63,5.53,5.62,74307500,415771554.0,,
2025-07-25,601216,5.63,5.66,5.59,5.61,52125600,292697094.6,,
2025-07-28,601216,5.57,5.61,5.53,5.54,62650160,348284607.8,,
2025-07-29,601216,5.55,5.56,5.46,5.55,55190052,303530826.24,,
2025-07-30,601216,5.55,5.61,5.46,5.51,61981304,343492277.36,,
2025-07-31,601216,5.49,5.5,5.33,5.34,88296012,477994236.08,,
2025-08-01,601216,5.37,5.55,5.36,5.39,127704671,697524926.46,,
2025-08-04,601216,5.36,5.37,5.3,5.37,60568100,322919436.68,,
2025-08-05,601216,5.37,5.42,5.36,5.38,61541724,331208775.04,,
2025-08-06,601216,5.38,5.4,5.34,5.39,43300626,232730376.52,,
2025-08-07,601216,5.39,5.44,5.35,5.37,50034418,269527487.36,,
2025-08-08,601216,5.36,5.37,5.31,5.33,45760460,244055661.2,,
2025-08-11,601216,5.33,5.41,5.32,5.37,52170119,279580477.43,,
2025-08-12,601216,5.36,5.38,5.34,5.38,43835087,235014651.32,,
2025-08-13,601216,5.39,5.63,5.36,5.51,158810939,871717609.04,,
2025-08-14,601216,5.47,5.55,5.38,5.4,89876233,490693465.3,,
2025-08-15,601216,5.37,5.52,5.37,5.5,95168064,520684989.98,,
2025-08-18,601216,5.52,5.56,5.47,5.51,94731176,522408202.8,,
2025-08-19,601216,5.49,5.5,5.46,5.47,73599540,402982565.13,,
2025-08-20,601216,5.47,5.56,5.43,5.56,103487070,570055997.85,,
2025-08-21,601216,5.56,5.59,5.52,5.57,82699601,460112396.37,,
2025-08-22,601216,5.56,5.64,5.54,5.62,95294478,532362599.03,,
2025-08-25,601216,5.66,5.67,5.58,5.62,121197193,681458164.08,,
2025-08-26,601216,5.62,5.95,5.58,5.9,208126765,1205080320.44,,
2025-08-27,601216,5.86,5.91,5.67,5.69,150294124,871850986.72,,
2025-08-28,601216,5.77,5.8,5.54,5.7,130501966,738850225.53,,
2025-08-29,601216,5.78,5.78,5.57,5.59,159377717,900332953.89,,
2025-09-01,601216,5.69,5.74,5.51,5.54,210050785,1177730430.07,,
2025-09-02,601216,5.6,5.6,5.33,5.41,162798848,884173042.04,,
2025-09-03,601216,5.45,5.54,5.29,5.33,154447487,832448104.05,,
2025-09-04,601216,5.35,5.39,5.2,5.28,124297657,657721784.4,,
2025-09-05,601216,5.29,5.39,5.25,5.38,113961039,607493202.8,,
2025-09-08,601216,5.43,5.44,5.21,5.23,237325460,1249940112.24,,
2025-09-09,601216,5.23,5.75,5.21,5.6,653542717,3667252840.67,,
2025-09-10,601216,5.4,5.44,5.28,5.35,413251674,2206420581.21,,
2025-09-11,601216,5.31,5.36,5.26,5.36,197504555,1049382531.79,,
2025-09-12,601216,5.36,5.39,5.32,5.33,148232387,793055571.73,,
2025-09-15,601216,5.32,5.33,5.26,5.28,114298924,604277847.12,,
2025-09-16,601216,5.29,5.3,5.25,5.29,85630949,451631392.99,,
2025-09-17,601216,5.3,5.45,5.27,5.37,157126745,837867179.62,,
2025-09-18,601216,5.35,5.36,5.25,5.28,124331561,660640859.99,,
2025-09-19,601216,5.28,5.33,5.25,5.3,74376410,392780489.53,,
2025-09-22,601216,5.28,5.29,5.23,5.26,60463400,317557484.0,,
2025-09-23,601216,5.26,5.26,5.08,5.16,121054565,622072591.1,,
2025-09-24,601216,5.19,5.28,5.13,5.27,100363982,523056617.7,,
2025-09-25,601216,5.29,5.31,5.16,5.21,78542193,409314249.81,,
2025-09-26,601216,5.19,5.32,5.15,5.26,108106704,567927153.32,,
2025-09-29,601216,5.26,5.31,5.22,5.27,84004425,441918185.75,,
2025-09-30,601216,5.27,5.27,5.23,5.23,67711245,355239030.07,,
2025-10-09,601216,5.25,5.29,5.22,5.29,84525620,444300792.33,,
2025-10-10,601216,5.27,5.32,5.25,5.3,81880946,433961962.96,,
2025-10-13,601216,5.18,5.26,5.15,5.24,86005696,447760549.87,,
2025-10-14,601216,5.27,5.37,5.23,5.25,87771270,463823822.48,,
2025-10-15,601216,5.24,5.27,5.21,5.25,60051057,314551244.94,,
2025-10-16,601216,5.25,5.26,5.18,5.2,54133383,282155719.12,,
2025-10-17,601216,5.19,5.23,5.11,5.12,67896558,350847207.49,,
2025-10-20,601216,5.15,5.17,5.11,5.13,46165999,236753009.33,,
2025-10-21,601216,5.15,5.18,5.12,5.16,40912373,211024063.58,,
2025-10-22,601216,5.15,5.18,5.14,5.15,34587893,178433456.75,,
2025-10-23,601216,5.15,5.18,5.1,5.17,44951196,230577251.6,,
2025-10-24,601216,5.17,5.19,5.15,5.18,42912744,221828986.59,,
2025-10-27,601216,5.18,5.2,5.16,5.19,49919835,258509899.74,,
2025-10-28,601216,5.18,5.19,5.15,5.16,43032857,222385120.12,,
2025-10-29,601216,5.15,5.2,5.12,5.2,57001583,294339120.37,,
2025-10-30,601216,5.23,5.23,5.16,5.17,72436242,376216763.74,,
2025-10-31,601216,5.17,5.19,5.16,5.17,49758668,257403357.14,,
2025-11-03,601216,5.18,5.26,5.16,5.24,83051895,433216573.47,,
2025-11-04,601216,5.23,5.25,5.18,5.2,52899348,275557621.14,,
2025-11-05,601216,5.15,5.23,5.14,5.21,46284203,240616024.8,,
2025-11-06,601216,5.21,5.26,5.19,5.24,63520334,332938333.07,,
2025-11-07,601216,5.24,5.34,5.22,5.31,107225828,568337675.03,,
2025-11-10,601216,5.34,5.39,5.32,5.35,96630835,517049631.83,,
2025-11-11,601216,5.33,5.37,5.32,5.36,64951442,347263295.7,,
2025-11-12,601216,5.35,5.36,5.29,5.31,56720730,301765707.87,,
2025-11-13,601216,5.32,5.38,5.31,5.38,80446303,430560328.12,,
2025-11-14,601216,5.35,5.38,5.32,5.32,59980822,320729457.68,,
2025-11-17,601216,5.31,5.32,5.26,5.29,58106658,307034492.7,,
2025-11-18,601216,5.27,5.29,5.18,5.2,64733391,337788966.92,,
2025-11-19,601216,5.19,5.24,5.15,5.18,53277069,276518335.64,,
2025-11-20,601216,5.2,5.22,5.12,5.12,58560859,302021723.16,,
2025-11-21,601216,5.08,5.11,4.87,4.94,110425255,549282383.61,,
2025-11-24,601216,4.95,4.97,4.88,4.92,57424078,282169856.76,,
2025-11-25,601216,4.93,4.98,4.93,4.93,39853655,197260416.21,,
2025-11-26,601216,4.94,4.95,4.88,4.89,48893682,240108716.16,,
2025-11-27,601216,4.88,4.91,4.86,4.86,38075796,186010715.12,,
2025-11-28,601216,4.87,4.9,4.84,4.88,45502990,221736111.24,,
2025-12-01,601216,4.87,4.92,4.86,4.92,50781613,248649107.42,,
2025-12-02,601216,4.91,4.91,4.86,4.87,38132200,185854797.0,,
2025-12-03,601216,4.87,4.88,4.82,4.83,39860451,193028964.22,,
2025-12-04,601216,4.82,4.84,4.76,4.78,47433203,226996212.37,,
2025-12-05,601216,4.78,4.84,4.75,4.83,45447263,217774929.95,,
2025-12-08,601216,4.83,4.86,4.81,4.83,43219538,208846513.47,,
2025-12-09,601216,4.83,4.83,4.75,4.75,45196796,215883042.08,,
2025-12-10,601216,4.75,4.75,4.67,4.71,59548388,279971893.92,,
2025-12-11,601216,4.72,4.74,4.67,4.67,50584227,237915819.69,,
2025-12-12,601216,4.67,4.74,4.66,4.74,83627684,392611803.14,,
2025-12-15,601216,4.69,4.78,4.69,4.73,49233603,233378307.53,,
2025-12-16,601216,4.74,4.75,4.66,4.75,59794625,281998876.81,,
2025-12-17,601216,4.73,4.76,4.67,4.75,56038328,264387306.36,,
2025-12-18,601216,4.74,4.82,4.73,4.76,51222446,244698738.44,,
2025-12-19,601216,4.76,4.83,4.75,4.82,58648669,281740149.18,,
2025-12-22,601216,4.82,4.85,4.8,4.81,44708900,215829901.0,,
2025-12-23,601216,4.81,4.81,4.77,4.78,37573495,179952494.95,,
2025-12-24,601216,4.77,4.86,4.77,4.82,49788977,240042128.4,,
2025-12-25,601216,4.82,4.84,4.81,4.83,31055604,150064303.15,,
2025-12-26,601216,4.83,4.88,4.82,4.86,51472999,249864658.14,,
2025-12-29,601216,4.85,4.88,4.82,4.83,40928757,198575028.01,,
2025-12-30,601216,4.82,4.89,4.8,4.87,41210766,200154148.6,,
2025-12-31,601216,4.86,4.87,4.8,4.82,41365083,199631074.09,,
2026-01-05,601216,4.82,4.86,4.81,4.85,62078574,300034019.96,,
2026-01-06,601216,4.85,5.34,4.84,5.31,412632452,2156412602.66,,
2026-01-07,601216,5.25,5.4,5.21,5.3,272679507,1452556401.83,,
2026-01-08,601216,5.34,5.38,5.21,5.24,162745339,863501551.9,,
2026-01-09,601216,5.25,5.29,5.18,5.19,140426705,733528579.68,,
2026-01-12,601216,5.2,5.2,5.13,5.17,120511981,621844598.93,,
2026-01-13,601216,5.21,5.28,5.13,5.15,119301696,618472665.28,,
2026-01-14,601216,5.14,5.67,5.13,5.67,594302410,3316634615.42,,
2026-01-15,601216,5.5,5.66,5.39,5.46,390750676,2143757506.83,,
2026-01-16,601216,5.48,5.49,5.28,5.3,188245846,1007308454.26,,
2026-01-19,601216,5.3,5.83,5.25,5.76,422961383,2373057626.98,,
2026-01-20,601216,5.73,6.04,5.7,5.91,360246975,2105445988.09,,
2026-01-21,601216,5.87,5.94,5.75,5.83,215529417,1257977607.49,,
2026-01-22,601216,5.83,5.9,5.76,5.81,147580756,858816442.58,,
2026-01-23,601216,5.8,5.9,5.79,5.83,147120037,858069456.4,,
2026-01-26,601216,5.86,5.91,5.76,5.81,153611172,894159800.0,,
2026-01-27,601216,5.78,6.01,5.76,5.88,216314274,1270340927.25,,
2026-01-28,601216,5.85,6.03,5.8,5.93,195682674,1161056171.54,,
2026-01-29,601216,5.89,6.17,5.89,6.05,222665865,1348571477.29,,
2026-01-30,601216,6.07,6.07,5.71,5.91,221456959,1298929767.85,,
2026-02-02,601216,5.81,5.9,5.52,5.53,201852945,1146358855.25,,
2026-02-03,601216,5.65,5.66,5.51,5.64,114306145,640770777.51,,
2026-02-04,601216,5.65,5.73,5.57,5.71,102536463,581849483.89,,
2026-02-05,601216,5.7,5.79,5.58,5.61,84229053,476095701.89,,
2026-02-06,601216,5.5,5.8,5.45,5.7,118625790,674392078.14,,
2026-02-09,601216,5.75,5.77,5.67,5.72,90913218,519585915.52,,
2026-02-10,601216,5.72,5.72,5.58,5.68,82623026,466359245.69,,
2026-02-11,601216,5.68,6.07,5.63,5.9,190526949,1127184621.19,,
2026-02-12,601216,5.9,5.93,5.81,5.87,90209412,529661404.4,,
2026-02-13,601216,5.84,5.86,5.68,5.69,87168502,501316674.06,,
2026-02-24,601216,5.78,5.94,5.72,5.88,113015252,661360472.36,,
2026-02-25,601216,5.88,6.14,5.87,5.99,164999293,994842977.86,,
2026-02-26,601216,6.0,6.03,5.92,5.93,97212783,579085222.31,,
2026-02-27,601216,5.91,6.03,5.9,6.01,89007484,532286984.4,,
2026-03-02,601216,6.16,6.21,5.94,6.04,131448577,793049005.95,,
2026-03-03,601216,6.06,6.15,5.87,5.96,171539861,1030411190.07,,
2026-03-04,601216,5.91,6.33,5.86,6.07,259989594,1604965895.92,,
2026-03-05,601216,6.08,6.25,5.98,6.09,134914346,817985099.55,,
2026-03-06,601216,6.1,6.39,6.01,6.33,224631685,1396928269.49,,
