日期,股票代码,股票名称,开盘,收盘,最高,最低,成交量,成交额,振幅,涨跌幅,涨跌额,换手率,异常情况,异常涨跌幅
2016-03-11,600038,中直股份,35.77,36.21,36.77,35.27,31133,120460431.0,4.16,0.42,0.15,0.79,,
2016-03-14,600038,中直股份,36.69,37.6,38.26,36.37,63108,253007399.0,5.22,3.84,1.39,1.61,,
2016-03-15,600038,中直股份,37.47,36.89,37.67,36.67,30589,121540706.0,2.66,-1.89,-0.71,0.78,,
2016-03-16,600038,中直股份,37.07,36.39,37.17,35.97,36750,144851837.0,3.25,-1.36,-0.5,0.94,,
2016-03-17,600038,中直股份,36.57,37.73,38.52,36.42,59237,238425684.0,5.77,3.68,1.34,1.51,,
2016-03-18,600038,中直股份,37.82,39.12,39.47,37.64,59896,249419861.0,4.85,3.68,1.39,1.53,,
2016-03-21,600038,中直股份,39.8,40.21,40.45,39.18,67852,288848288.0,3.25,2.79,1.09,1.73,,
2016-03-22,600038,中直股份,40.07,40.39,41.77,39.54,86370,376137648.0,5.55,0.45,0.18,2.2,,
2016-03-23,600038,中直股份,40.27,40.29,40.76,39.77,53210,228587913.0,2.45,-0.25,-0.1,1.36,,
2016-03-24,600038,中直股份,40.22,40.25,41.03,39.79,77003,332923584.0,3.08,-0.1,-0.04,1.96,,
2016-03-25,600038,中直股份,40.07,41.03,42.42,39.87,104570,462582640.0,6.34,1.94,0.78,2.66,,
2016-03-28,600038,中直股份,41.77,40.13,42.13,39.93,66865,292065552.0,5.36,-2.19,-0.9,1.7,,
2016-03-29,600038,中直股份,39.82,38.97,40.23,38.37,33723,141226259.0,4.63,-2.89,-1.16,0.86,,
2016-03-30,600038,中直股份,39.39,40.6,40.77,39.39,52736,226720328.0,3.54,4.18,1.63,1.34,,
2016-03-31,600038,中直股份,40.77,40.79,41.53,40.17,64684,281399968.0,3.35,0.47,0.19,1.65,,
2016-04-01,600038,中直股份,40.4,40.13,40.88,39.78,38914,167389121.0,2.7,-1.62,-0.66,0.99,,
2016-04-05,600038,中直股份,40.13,41.27,41.67,39.67,43959,191583925.0,4.98,2.84,1.14,1.12,,
2016-04-06,600038,中直股份,41.07,41.25,41.64,40.57,48273,212001558.0,2.59,-0.05,-0.02,1.23,,
2016-04-07,600038,中直股份,41.17,39.87,41.37,39.75,62427,268715744.0,3.93,-3.35,-1.38,1.59,,
2016-04-08,600038,中直股份,39.42,38.96,40.07,37.77,50552,211315098.0,5.77,-2.28,-0.91,1.29,,
2016-04-11,600038,中直股份,39.3,39.64,40.28,39.3,53276,226493575.0,2.52,1.75,0.68,1.36,,
2016-04-12,600038,中直股份,39.57,39.32,40.01,38.98,32291,136034294.0,2.6,-0.81,-0.32,0.82,,
2016-04-13,600038,中直股份,39.62,41.51,42.03,39.3,121891,532091456.0,6.94,5.57,2.19,3.1,,
2016-04-14,600038,中直股份,41.47,42.32,42.49,41.27,93215,416599360.0,2.94,1.95,0.81,2.37,,
2016-04-15,600038,中直股份,42.17,41.45,42.79,41.29,61968,277337552.0,3.54,-2.06,-0.87,1.58,,
2016-04-18,600038,中直股份,41.17,40.56,41.17,40.25,35989,155760968.0,2.22,-2.15,-0.89,0.92,,
2016-04-19,600038,中直股份,40.99,40.64,41.22,40.15,32033,138802008.0,2.64,0.2,0.08,0.82,,
2016-04-20,600038,中直股份,40.67,38.83,41.38,37.77,74788,315407200.0,8.88,-4.45,-1.81,1.9,,
2016-04-21,600038,中直股份,38.62,38.15,38.92,38.07,31767,130976774.0,2.19,-1.75,-0.68,0.81,,
2016-04-22,600038,中直股份,37.67,38.22,38.75,37.57,25960,105835154.0,3.09,0.18,0.07,0.66,,
2016-04-25,600038,中直股份,37.92,38.05,38.44,37.49,25242,103136407.0,2.49,-0.44,-0.17,0.64,,
2016-04-26,600038,中直股份,37.8,38.26,38.42,37.69,20132,82010592.0,1.92,0.55,0.21,0.51,,
2016-04-27,600038,中直股份,38.47,37.68,38.63,37.56,24736,100864103.0,2.8,-1.52,-0.58,0.63,,
2016-04-28,600038,中直股份,37.67,36.99,37.95,36.42,53089,210750756.0,4.06,-1.83,-0.69,1.35,,
2016-04-29,600038,中直股份,36.77,36.82,37.2,36.19,69381,274256400.0,2.73,-0.46,-0.17,1.77,,
2016-05-03,600038,中直股份,36.86,38.48,38.56,36.5,59928,241794379.0,5.59,4.51,1.66,1.53,,
2016-05-04,600038,中直股份,38.19,38.08,38.42,37.69,35707,145657886.0,1.9,-1.04,-0.4,0.91,,
2016-05-05,600038,中直股份,38.57,38.06,38.75,37.87,50747,208609068.0,2.31,-0.05,-0.02,1.29,,
2016-05-06,600038,中直股份,37.99,35.85,38.12,35.77,61827,245244021.0,6.17,-5.81,-2.21,1.57,,
2016-05-09,600038,中直股份,35.85,34.9,35.85,34.48,57684,217822397.0,3.82,-2.65,-0.95,1.47,,
2016-05-10,600038,中直股份,35.12,35.05,35.47,34.77,24920,94340520.0,2.01,0.43,0.15,0.63,,
2016-05-11,600038,中直股份,35.39,34.94,35.56,34.77,27012,102529275.0,2.25,-0.31,-0.11,0.69,,
2016-05-12,600038,中直股份,34.45,35.49,35.84,34.28,44009,167664835.0,4.46,1.57,0.55,1.12,,
2016-05-13,600038,中直股份,35.27,35.18,36.02,34.78,27350,104382749.0,3.49,-0.87,-0.31,0.7,,
2016-05-16,600038,中直股份,34.95,35.45,35.47,34.77,25822,97745791.0,1.99,0.77,0.27,0.66,,
2016-05-17,600038,中直股份,35.52,35.89,36.47,35.0,49537,190375873.0,4.15,1.24,0.44,1.26,,
2016-05-18,600038,中直股份,36.17,35.9,36.52,35.0,51925,200925007.0,4.24,0.03,0.01,1.32,,
2016-05-19,600038,中直股份,35.58,35.5,36.11,35.25,41130,157703474.0,2.4,-1.11,-0.4,1.05,,
2016-05-20,600038,中直股份,35.23,35.67,36.26,34.92,47351,181031504.0,3.77,0.48,0.17,1.21,,
2016-05-23,600038,中直股份,35.7,35.78,36.07,35.28,40039,153649090.0,2.21,0.31,0.11,1.02,,
2016-05-24,600038,中直股份,35.88,35.11,35.88,34.96,29722,112900645.0,2.57,-1.87,-0.67,0.76,,
2016-05-25,600038,中直股份,35.25,34.85,35.44,34.78,20902,79017748.0,1.88,-0.74,-0.26,0.53,,
2016-05-26,600038,中直股份,34.83,35.12,35.26,34.25,34462,128602556.0,2.9,0.77,0.27,0.88,,
2016-05-27,600038,中直股份,34.87,35.14,35.75,34.69,39836,151365730.0,3.02,0.06,0.02,1.01,,
2016-05-30,600038,中直股份,34.9,35.18,35.57,34.47,23644,89289581.0,3.13,0.11,0.04,0.6,,
2016-05-31,600038,中直股份,35.17,36.71,36.76,35.17,67930,264045885.0,4.52,4.35,1.53,1.73,,
2016-06-01,600038,中直股份,36.67,36.85,37.53,36.27,69852,277995328.0,3.43,0.38,0.14,1.78,,
2016-06-02,600038,中直股份,36.77,37.42,37.67,36.57,53123,211495983.0,2.99,1.55,0.57,1.35,,
2016-06-03,600038,中直股份,37.45,37.09,37.57,36.9,47485,189506126.0,1.79,-0.88,-0.33,1.21,,
2016-06-06,600038,中直股份,37.27,36.67,37.54,36.38,44459,176026864.0,3.13,-1.13,-0.42,1.13,,
2016-06-07,600038,中直股份,36.67,36.87,36.96,36.38,27327,107634291.0,1.58,0.55,0.2,0.7,,
2016-06-08,600038,中直股份,36.72,36.82,37.22,36.47,46090,182301128.0,2.03,-0.14,-0.05,1.17,,
2016-06-13,600038,中直股份,36.26,35.16,36.84,35.12,46271,179680303.0,4.67,-4.51,-1.66,1.18,,
2016-06-14,600038,中直股份,35.07,34.88,35.45,34.62,32305,121505737.0,2.36,-0.8,-0.28,0.82,,
2016-06-15,600038,中直股份,34.44,35.58,35.77,34.29,42158,160618295.0,4.24,2.01,0.7,1.07,,
2016-06-16,600038,中直股份,35.54,35.73,36.24,35.06,46811,179661743.0,3.32,0.42,0.15,1.19,,
2016-06-17,600038,中直股份,36.05,36.11,36.67,35.73,56259,218673638.0,2.63,1.06,0.38,1.43,,
2016-06-20,600038,中直股份,36.77,36.32,36.84,35.81,53172,207647177.0,2.85,0.58,0.21,1.35,,
2016-06-21,600038,中直股份,36.38,36.48,37.07,36.03,56401,221737017.0,2.86,0.44,0.16,1.44,,
2016-06-22,600038,中直股份,36.59,36.37,36.59,35.85,46493,180800217.0,2.03,-0.3,-0.11,1.18,,
2016-06-23,600038,中直股份,36.37,36.66,36.99,35.85,58013,227177668.0,3.13,0.8,0.29,1.48,,
2016-06-24,600038,中直股份,36.41,35.79,36.75,34.87,45700,176775754.0,5.13,-2.37,-0.87,1.16,,
2016-06-27,600038,中直股份,35.82,38.11,38.37,35.82,125482,501967952.0,7.12,6.48,2.32,3.2,,
2016-06-28,600038,中直股份,37.57,37.92,38.77,37.52,70317,286853408.0,3.28,-0.5,-0.19,1.79,,
2016-06-29,600038,中直股份,38.24,38.57,39.6,38.24,86774,361861856.0,3.59,1.71,0.65,2.21,,
2016-06-30,600038,中直股份,38.66,38.75,38.97,38.15,44266,182816085.0,2.13,0.47,0.18,1.13,,
2016-07-01,600038,中直股份,38.93,39.47,40.47,38.55,79313,337089584.0,4.95,1.86,0.72,2.02,,
2016-07-04,600038,中直股份,38.79,42.41,43.47,38.77,166519,733141824.0,11.91,7.45,2.94,4.24,,
2016-07-05,600038,中直股份,42.67,44.27,46.92,42.67,249594,1190093808.0,10.02,4.39,1.86,6.36,,
2016-07-06,600038,中直股份,43.73,43.93,44.43,43.32,111227,517669312.0,2.51,-0.77,-0.34,2.83,,
2016-07-07,600038,中直股份,43.91,43.39,43.91,42.42,85616,392176416.0,3.39,-1.23,-0.54,2.18,,
2016-07-08,600038,中直股份,43.25,43.02,44.28,42.57,74609,344565248.0,3.94,-0.85,-0.37,1.9,,
2016-07-11,600038,中直股份,44.03,43.09,45.27,42.72,120691,566268912.0,5.93,0.16,0.07,3.07,,
2016-07-12,600038,中直股份,43.06,43.97,44.11,42.42,86996,399391120.0,3.92,2.04,0.88,2.22,,
2016-07-13,600038,中直股份,45.22,43.42,45.87,42.87,120770,565588720.0,6.82,-1.25,-0.55,3.08,,
2016-07-14,600038,中直股份,43.27,43.22,43.74,42.22,94536,431341008.0,3.5,-0.46,-0.2,2.41,,
2016-07-15,600038,中直股份,42.86,41.86,42.95,41.71,72359,324737968.0,2.87,-3.15,-1.36,1.84,,
2016-07-18,600038,中直股份,41.97,41.26,42.26,41.11,64555,285594944.0,2.75,-1.43,-0.6,1.64,,
2016-07-19,600038,中直股份,41.58,41.71,41.76,41.12,40821,180273914.0,1.55,1.09,0.45,1.04,,
2016-07-20,600038,中直股份,41.8,41.72,41.98,41.39,36774,162286440.0,1.41,0.02,0.01,0.94,,
2016-07-21,600038,中直股份,41.72,41.9,42.22,41.42,40817,181127181.0,1.92,0.43,0.18,1.04,,
2016-07-22,600038,中直股份,42.3,42.16,42.82,41.97,64902,291277808.0,2.03,0.62,0.26,1.65,,
2016-07-25,600038,中直股份,42.02,41.72,42.46,41.4,36048,160226570.0,2.51,-1.04,-0.44,0.92,,
2016-07-26,600038,中直股份,41.57,41.94,42.08,41.43,42494,187920891.0,1.56,0.53,0.22,1.08,,
2016-07-27,600038,中直股份,42.1,40.45,42.46,39.54,67800,294890208.0,6.96,-3.55,-1.49,1.73,,
2016-07-28,600038,中直股份,40.43,39.65,41.03,38.89,60039,253562775.0,5.29,-1.98,-0.8,1.53,,
2016-07-29,600038,中直股份,39.53,39.66,39.85,39.02,30550,127861675.0,2.09,0.03,0.01,0.78,,
2016-08-01,600038,中直股份,39.52,37.76,39.52,37.53,47179,192366087.0,5.02,-4.79,-1.9,1.2,,
2016-08-02,600038,中直股份,37.77,38.55,38.67,37.77,28747,117142258.0,2.38,2.09,0.79,0.73,,
2016-08-03,600038,中直股份,38.38,38.68,38.85,38.15,23728,97401071.0,1.82,0.34,0.13,0.6,,
2016-08-04,600038,中直股份,38.77,38.67,38.91,38.43,31545,129885304.0,1.24,-0.03,-0.01,0.8,,
2016-08-05,600038,中直股份,38.72,38.34,38.93,38.17,25718,105479903.0,1.97,-0.85,-0.33,0.65,,
2016-08-08,600038,中直股份,38.34,40.05,40.22,37.8,52871,220778023.0,6.31,4.46,1.71,1.35,,
2016-08-09,600038,中直股份,39.82,39.96,40.0,39.34,35268,148640501.0,1.65,-0.22,-0.09,0.9,,
2016-08-10,600038,中直股份,40.0,39.53,40.11,39.52,20042,84628990.0,1.48,-1.08,-0.43,0.51,,
2016-08-11,600038,中直股份,39.5,38.57,39.62,38.53,22088,91619176.0,2.76,-2.43,-0.96,0.56,,
2016-08-12,600038,中直股份,38.62,39.41,39.96,38.58,22722,94621847.0,3.58,2.18,0.84,0.58,,
2016-08-15,600038,中直股份,39.22,40.54,40.98,39.22,43126,184262094.0,4.47,2.87,1.13,1.1,,
2016-08-16,600038,中直股份,40.97,40.68,41.67,40.58,48759,212728031.0,2.69,0.35,0.14,1.24,,
2016-08-17,600038,中直股份,40.52,41.5,41.99,40.35,50506,222181704.0,4.03,2.02,0.82,1.29,,
2016-08-18,600038,中直股份,41.17,41.04,41.5,40.74,23417,102085247.0,1.83,-1.11,-0.46,0.6,,
2016-08-19,600038,中直股份,41.02,41.02,41.34,40.23,23758,102901123.0,2.7,-0.05,-0.02,0.61,,
2016-08-22,600038,中直股份,41.02,40.42,41.2,40.35,18476,79880280.0,2.07,-1.46,-0.6,0.47,,
2016-08-23,600038,中直股份,40.52,40.27,40.76,40.02,19072,81837475.0,1.83,-0.37,-0.15,0.49,,
2016-08-24,600038,中直股份,40.28,40.69,40.89,40.04,29581,127314326.0,2.11,1.04,0.42,0.75,,
2016-08-25,600038,中直股份,40.42,40.19,40.42,39.82,23447,99740223.0,1.47,-1.23,-0.5,0.6,,
2016-08-26,600038,中直股份,40.19,40.22,40.38,39.82,39517,168044577.0,1.39,0.07,0.03,1.01,,
2016-08-29,600038,中直股份,40.57,40.1,40.97,40.02,28586,122549594.0,2.36,-0.3,-0.12,0.73,,
2016-08-30,600038,中直股份,39.92,41.03,41.48,39.91,74973,325091200.0,3.92,2.32,0.93,1.91,,
2016-08-31,600038,中直股份,40.72,41.96,42.16,40.67,74731,330067824.0,3.63,2.27,0.93,1.9,,
2016-09-01,600038,中直股份,41.81,41.2,42.92,41.16,58286,259661111.0,4.19,-1.81,-0.76,1.48,,
2016-09-02,600038,中直股份,41.2,40.81,41.66,40.48,29853,129624115.0,2.86,-0.95,-0.39,0.76,,
2016-09-05,600038,中直股份,41.12,40.99,41.4,40.52,31077,134894884.0,2.16,0.44,0.18,0.79,,
2016-09-06,600038,中直股份,40.92,41.57,41.62,40.27,33558,146046614.0,3.29,1.41,0.58,0.85,,
2016-09-07,600038,中直股份,41.62,41.61,42.47,41.33,45912,204019152.0,2.74,0.1,0.04,1.17,,
2016-09-08,600038,中直股份,41.4,41.61,41.97,41.4,22907,101143411.0,1.37,0.0,0.0,0.58,,
2016-09-09,600038,中直股份,41.52,40.87,41.77,40.82,29018,127338345.0,2.28,-1.78,-0.74,0.74,,
2016-09-12,600038,中直股份,40.32,39.94,40.42,39.54,32247,136975151.0,2.15,-2.28,-0.93,0.82,,
2016-09-13,600038,中直股份,40.03,39.75,40.22,39.62,14501,61386523.0,1.5,-0.48,-0.19,0.37,,
2016-09-14,600038,中直股份,39.54,40.05,40.37,39.41,22537,95511401.0,2.42,0.75,0.3,0.57,,
2016-09-19,600038,中直股份,40.06,39.73,40.31,39.3,24342,102710188.0,2.52,-0.8,-0.32,0.62,,
2016-09-20,600038,中直股份,39.81,39.2,39.91,39.12,18001,75295691.0,1.99,-1.33,-0.53,0.46,,
2016-09-21,600038,中直股份,39.2,39.25,39.7,39.17,16331,68314743.0,1.35,0.13,0.05,0.42,,
2016-09-22,600038,中直股份,39.37,39.77,39.92,39.33,19535,82446988.0,1.5,1.32,0.52,0.5,,
2016-09-23,600038,中直股份,39.77,39.55,39.83,39.45,10263,43152626.0,0.96,-0.55,-0.22,0.26,,
2016-09-26,600038,中直股份,39.43,38.55,39.44,38.09,22369,92002084.0,3.41,-2.53,-1.0,0.57,,
2016-09-27,600038,中直股份,38.52,38.01,38.52,37.43,28512,114900426.0,2.83,-1.4,-0.54,0.73,,
2016-09-28,600038,中直股份,38.06,38.3,38.52,37.47,24835,100653472.0,2.76,0.76,0.29,0.63,,
2016-09-29,600038,中直股份,38.18,37.99,38.44,37.92,13125,53355486.0,1.36,-0.81,-0.31,0.33,,
2016-09-30,600038,中直股份,37.97,38.17,38.38,37.83,11460,46655149.0,1.45,0.47,0.18,0.29,,
2016-10-10,600038,中直股份,38.22,39.47,39.51,37.92,31886,132648153.0,4.17,3.41,1.3,0.81,,
2016-10-11,600038,中直股份,39.48,39.69,40.2,39.24,28752,121506170.0,2.43,0.56,0.22,0.73,,
2016-10-12,600038,中直股份,39.52,39.8,40.06,39.35,26381,111768793.0,1.79,0.28,0.11,0.67,,
2016-10-13,600038,中直股份,39.81,39.55,39.91,39.45,14527,61190528.0,1.16,-0.63,-0.25,0.37,,
2016-10-14,600038,中直股份,39.38,39.38,39.6,38.8,20542,85590368.0,2.02,-0.43,-0.17,0.52,,
2016-10-17,600038,中直股份,39.39,38.61,39.92,38.52,30004,124995287.0,3.56,-1.96,-0.77,0.76,,
2016-10-18,600038,中直股份,38.61,39.49,39.7,38.61,24604,102636800.0,2.82,2.28,0.88,0.63,,
2016-10-19,600038,中直股份,39.86,39.95,40.31,39.41,39169,166203998.0,2.28,1.16,0.46,1.0,,
2016-10-20,600038,中直股份,39.95,39.63,40.07,39.61,16462,69594693.0,1.15,-0.8,-0.32,0.42,,
2016-10-21,600038,中直股份,39.62,39.44,40.12,39.35,13985,58868732.0,1.94,-0.48,-0.19,0.36,,
2016-10-24,600038,中直股份,39.42,40.99,41.14,39.42,67561,291386688.0,4.36,3.93,1.55,1.72,,
2016-10-25,600038,中直股份,40.87,40.71,40.93,40.48,21885,94355651.0,1.1,-0.68,-0.28,0.56,,
2016-10-26,600038,中直股份,40.72,40.41,40.72,40.09,22183,94896002.0,1.55,-0.74,-0.3,0.56,,
2016-10-27,600038,中直股份,40.24,41.19,41.63,40.24,43999,191821984.0,3.44,1.93,0.78,1.12,,
2016-10-28,600038,中直股份,41.51,40.86,42.06,40.82,44280,195218864.0,3.01,-0.8,-0.33,1.13,,
2016-10-31,600038,中直股份,40.63,40.71,40.88,40.3,18188,78327354.0,1.42,-0.37,-0.15,0.46,,
2016-11-01,600038,中直股份,40.86,40.61,41.08,40.29,22354,96130025.0,1.94,-0.25,-0.1,0.57,,
2016-11-02,600038,中直股份,40.52,40.24,40.7,39.8,22532,96089191.0,2.22,-0.91,-0.37,0.57,,
2016-11-03,600038,中直股份,40.22,40.63,41.02,39.8,46253,198229945.0,3.03,0.97,0.39,1.18,,
2016-11-04,600038,中直股份,40.67,39.68,40.67,39.02,53747,226648516.0,4.06,-2.34,-0.95,0.91,,
2016-11-07,600038,中直股份,39.48,39.52,39.88,39.27,22946,96378224.0,1.54,-0.4,-0.16,0.39,,
2016-11-08,600038,中直股份,39.72,40.31,40.47,39.54,36082,153411710.0,2.35,2.0,0.79,0.61,,
2016-11-09,600038,中直股份,40.14,39.68,40.35,39.14,26587,112324042.0,3.0,-1.56,-0.63,0.45,,
2016-11-10,600038,中直股份,40.14,40.4,40.7,39.9,25956,111069878.0,2.02,1.81,0.72,0.44,,
2016-11-11,600038,中直股份,40.37,40.91,41.38,40.22,31788,137962618.0,2.87,1.26,0.51,0.54,,
2016-11-14,600038,中直股份,40.74,41.02,41.29,40.5,27172,117818481.0,1.93,0.27,0.11,0.46,,
2016-11-15,600038,中直股份,40.94,41.19,41.22,40.7,28424,123744621.0,1.27,0.41,0.17,0.48,,
2016-11-16,600038,中直股份,41.19,40.9,41.34,40.86,17673,77005654.0,1.17,-0.7,-0.29,0.3,,
2016-11-17,600038,中直股份,41.17,41.77,42.4,41.17,67400,298806640.0,3.01,2.13,0.87,1.14,,
2016-11-18,600038,中直股份,41.55,41.93,42.52,41.42,47639,212766603.0,2.63,0.38,0.16,0.81,,
2016-11-21,600038,中直股份,41.84,42.51,42.72,41.46,53943,240485959.0,3.01,1.38,0.58,0.92,,
2016-11-22,600038,中直股份,42.48,43.06,43.21,42.19,71825,323946032.0,2.4,1.29,0.55,1.22,,
2016-11-23,600038,中直股份,43.1,43.18,43.7,42.42,59694,272296688.0,2.97,0.28,0.12,1.01,,
2016-11-24,600038,中直股份,43.13,42.25,43.5,42.12,38902,175539624.0,3.2,-2.15,-0.93,0.66,,
2016-11-25,600038,中直股份,42.24,42.14,42.62,41.5,30239,134337351.0,2.65,-0.26,-0.11,0.51,,
2016-11-28,600038,中直股份,42.43,43.05,43.4,42.43,52325,237808476.0,2.3,2.16,0.91,0.89,,
2016-11-29,600038,中直股份,43.22,42.66,45.19,42.58,102729,477500768.0,6.06,-0.91,-0.39,1.74,,
2016-11-30,600038,中直股份,42.82,43.94,43.98,41.52,62637,284222576.0,5.77,3.0,1.28,1.06,,
2016-12-01,600038,中直股份,43.54,43.64,44.0,43.35,26774,123379868.0,1.48,-0.68,-0.3,0.45,,
2016-12-02,600038,中直股份,43.69,42.45,44.71,42.38,43740,200268129.0,5.34,-2.73,-1.19,0.74,,
2016-12-05,600038,中直股份,42.22,43.65,44.51,41.92,72233,334448912.0,6.1,2.83,1.2,1.23,,
2016-12-06,600038,中直股份,43.67,43.29,44.0,42.82,33634,153664207.0,2.7,-0.82,-0.36,0.57,,
2016-12-07,600038,中直股份,43.26,43.51,43.62,42.75,43030,196597006.0,2.01,0.51,0.22,0.73,,
2016-12-08,600038,中直股份,43.66,42.6,43.73,42.47,31782,144278355.0,2.9,-2.09,-0.91,0.54,,
2016-12-09,600038,中直股份,42.52,41.32,42.57,41.27,50846,225353119.0,3.05,-3.0,-1.28,0.86,,
2016-12-12,600038,中直股份,41.62,40.96,42.59,40.9,61175,271303696.0,4.09,-0.87,-0.36,1.04,,
2016-12-13,600038,中直股份,40.52,42.19,42.62,40.52,65712,292003552.0,5.13,3.0,1.23,1.11,,
2016-12-14,600038,中直股份,42.1,43.28,44.01,41.99,65599,299342368.0,4.79,2.58,1.09,1.11,,
2016-12-15,600038,中直股份,43.52,44.31,44.89,42.53,103352,481257792.0,5.45,2.38,1.03,1.75,,
2016-12-16,600038,中直股份,43.85,44.1,44.21,43.49,34002,157568687.0,1.62,-0.47,-0.21,0.58,,
2016-12-19,600038,中直股份,44.12,44.18,45.0,43.58,44518,208154355.0,3.22,0.18,0.08,0.76,,
2016-12-20,600038,中直股份,44.47,43.57,44.9,43.36,39290,183166400.0,3.49,-1.38,-0.61,0.67,,
2016-12-21,600038,中直股份,43.82,45.11,45.25,43.36,77279,363007280.0,4.34,3.53,1.54,1.31,,
2016-12-22,600038,中直股份,45.12,44.77,45.12,44.52,36604,172875410.0,1.33,-0.75,-0.34,0.62,,
2016-12-23,600038,中直股份,44.52,44.26,45.64,44.17,45052,214182233.0,3.28,-1.14,-0.51,0.76,,
2016-12-26,600038,中直股份,44.12,44.13,44.26,42.92,45941,211087513.0,3.03,-0.29,-0.13,0.78,,
2016-12-27,600038,中直股份,43.87,43.78,44.08,43.34,30536,141097229.0,1.68,-0.79,-0.35,0.52,,
2016-12-28,600038,中直股份,43.72,44.14,45.26,43.55,52302,245913871.0,3.91,0.82,0.36,0.89,,
2016-12-29,600038,中直股份,44.13,45.13,45.49,43.89,59179,280658064.0,3.62,2.24,0.99,1.0,,
2016-12-30,600038,中直股份,45.19,45.94,46.12,44.72,60976,291920592.0,3.1,1.79,0.81,1.03,,
2017-01-03,600038,中直股份,45.68,47.84,49.24,45.52,131251,657772336.0,8.1,4.14,1.9,2.23,,
2017-01-04,600038,中直股份,47.52,48.09,48.79,47.37,75925,383485760.0,2.97,0.52,0.25,1.29,,
2017-01-05,600038,中直股份,47.99,50.3,51.27,47.6,128745,676158464.0,7.63,4.6,2.21,2.18,,
2017-01-06,600038,中直股份,49.74,48.74,51.38,48.64,117698,615472544.0,5.45,-3.1,-1.56,2.0,,
2017-01-09,600038,中直股份,48.65,49.7,50.44,48.07,109625,568578224.0,4.86,1.97,0.96,1.86,,
2017-01-10,600038,中直股份,49.51,48.35,51.28,48.05,102312,533984144.0,6.5,-2.72,-1.35,1.74,,
2017-01-11,600038,中直股份,48.03,48.4,49.41,47.62,67651,344569584.0,3.7,0.1,0.05,1.15,,
2017-01-12,600038,中直股份,48.02,46.99,48.46,46.62,76237,379104112.0,3.8,-2.91,-1.41,1.29,,
2017-01-13,600038,中直股份,47.02,47.18,48.02,46.62,70243,350308704.0,2.98,0.4,0.19,1.19,,
2017-01-16,600038,中直股份,46.82,46.88,48.38,44.52,98171,486265808.0,8.18,-0.64,-0.3,1.67,,
2017-01-17,600038,中直股份,46.67,49.63,50.02,46.52,96053,489129392.0,7.47,5.87,2.75,1.63,,
2017-01-18,600038,中直股份,49.32,50.11,50.32,48.83,70200,365473056.0,3.0,0.97,0.48,1.19,,
2017-01-19,600038,中直股份,49.82,49.15,49.92,48.7,49636,256732847.0,2.43,-1.92,-0.96,0.84,,
2017-01-20,600038,中直股份,49.01,49.24,49.81,48.32,51041,262355245.0,3.03,0.18,0.09,0.87,,
2017-01-23,600038,中直股份,49.52,48.38,50.26,48.12,64226,331157600.0,4.35,-1.75,-0.86,1.09,,
2017-01-24,600038,中直股份,48.04,48.47,48.83,47.91,41865,212668563.0,1.9,0.19,0.09,0.71,,
2017-01-25,600038,中直股份,48.07,47.71,48.7,46.82,65690,328450448.0,3.88,-1.57,-0.76,1.11,,
2017-01-26,600038,中直股份,47.65,49.49,49.51,47.42,56131,286285552.0,4.38,3.73,1.78,0.95,,
2017-02-03,600038,中直股份,49.42,49.7,50.64,48.94,54968,288162848.0,3.44,0.42,0.21,0.93,,
2017-02-06,600038,中直股份,49.52,51.54,51.67,49.45,77455,412245200.0,4.47,3.7,1.84,1.31,,
2017-02-07,600038,中直股份,51.4,51.18,51.67,50.43,53072,283331072.0,2.41,-0.7,-0.36,0.9,,
2017-02-08,600038,中直股份,50.95,52.54,53.08,50.67,84985,464843184.0,4.71,2.66,1.36,1.44,,
2017-02-09,600038,中直股份,52.03,52.63,52.68,51.74,52860,288663968.0,1.79,0.17,0.09,0.9,,
2017-02-10,600038,中直股份,52.55,50.9,52.6,50.83,81994,441765120.0,3.36,-3.29,-1.73,1.39,,
2017-02-13,600038,中直股份,51.12,51.18,51.4,50.63,41013,219336229.0,1.51,0.55,0.28,0.7,,
2017-02-14,600038,中直股份,50.94,50.43,51.78,50.32,45218,242038478.0,2.85,-1.47,-0.75,0.77,,
2017-02-15,600038,中直股份,50.16,50.9,51.32,50.05,42046,223464571.0,2.52,0.93,0.47,0.71,,
2017-02-16,600038,中直股份,50.63,51.21,52.21,50.34,59669,321741040.0,3.67,0.61,0.31,1.01,,
2017-02-17,600038,中直股份,50.87,50.12,51.4,50.08,64374,341143360.0,2.58,-2.13,-1.09,1.09,,
2017-02-20,600038,中直股份,50.12,49.81,50.64,49.22,84353,439906112.0,2.83,-0.62,-0.31,1.43,,
2017-02-21,600038,中直股份,49.88,51.17,51.21,49.5,68483,360694192.0,3.43,2.73,1.36,1.16,,
2017-02-22,600038,中直股份,51.12,50.08,51.12,49.92,52917,279711280.0,2.35,-2.13,-1.09,0.9,,
2017-02-23,600038,中直股份,49.73,47.95,50.12,47.34,132906,675954400.0,5.55,-4.25,-2.13,2.25,,
2017-02-24,600038,中直股份,47.57,48.45,48.68,47.57,58663,297183680.0,2.31,1.04,0.5,1.0,,
2017-02-27,600038,中直股份,48.36,48.14,48.85,48.0,37562,190967528.0,1.75,-0.64,-0.31,0.64,,
2017-02-28,600038,中直股份,48.19,48.59,49.03,48.17,36634,187190376.0,1.79,0.93,0.45,0.62,,
2017-03-01,600038,中直股份,48.63,48.81,49.48,48.62,61211,315928816.0,1.77,0.45,0.22,1.04,,
2017-03-02,600038,中直股份,48.54,48.49,48.8,48.09,33738,171663978.0,1.45,-0.66,-0.32,0.57,,
2017-03-03,600038,中直股份,48.3,48.43,49.34,48.15,45566,233464562.0,2.45,-0.12,-0.06,0.77,,
2017-03-06,600038,中直股份,48.43,50.51,51.02,47.95,97371,507121760.0,6.34,4.29,2.08,1.65,,
2017-03-07,600038,中直股份,49.52,50.16,50.42,49.23,67067,350040816.0,2.36,-0.69,-0.35,1.14,,
2017-03-08,600038,中直股份,50.22,50.86,51.77,49.94,95168,510080320.0,3.65,1.4,0.7,1.61,,
2017-03-09,600038,中直股份,50.52,50.64,50.86,50.13,42756,226076603.0,1.44,-0.43,-0.22,0.73,,
2017-03-10,600038,中直股份,50.52,49.96,51.19,49.83,43214,228535836.0,2.69,-1.34,-0.68,0.73,,
2017-03-13,600038,中直股份,49.92,50.2,50.27,49.74,33043,173703445.0,1.06,0.48,0.24,0.56,,
2017-03-14,600038,中直股份,50.4,51.07,51.32,50.11,57703,307067296.0,2.41,1.73,0.87,0.98,,
2017-03-15,600038,中直股份,51.11,49.48,51.12,49.18,73822,387378480.0,3.8,-3.11,-1.59,1.25,,
2017-03-16,600038,中直股份,49.18,49.57,49.59,48.59,86445,444978704.0,2.02,0.18,0.09,1.47,,
2017-03-17,600038,中直股份,49.48,48.45,49.6,48.19,53424,275154896.0,2.84,-2.26,-1.12,0.91,,
2017-03-20,600038,中直股份,48.37,48.19,48.99,47.65,51266,260742799.0,2.77,-0.54,-0.26,0.87,,
2017-03-21,600038,中直股份,48.07,48.06,48.57,47.87,38598,195412998.0,1.45,-0.27,-0.13,0.65,,
2017-03-22,600038,中直股份,47.91,46.76,47.91,46.53,78900,390342672.0,2.87,-2.7,-1.3,1.34,,
2017-03-23,600038,中直股份,46.72,47.27,47.47,46.72,45605,226439309.0,1.6,1.09,0.51,0.77,,
2017-03-24,600038,中直股份,47.32,47.17,47.4,46.73,34637,171323167.0,1.42,-0.21,-0.1,0.59,,
2017-03-27,600038,中直股份,47.15,48.01,48.18,47.11,50121,252345759.0,2.27,1.78,0.84,0.85,,
2017-03-28,600038,中直股份,48.02,47.85,48.62,47.79,29970,151770545.0,1.73,-0.33,-0.16,0.51,,
2017-03-29,600038,中直股份,47.86,47.15,48.36,47.09,53228,267477737.0,2.65,-1.46,-0.7,0.9,,
2017-03-30,600038,中直股份,47.0,46.51,47.63,46.23,46432,229268026.0,2.97,-1.36,-0.64,0.79,,
2017-03-31,600038,中直股份,46.69,47.52,47.89,46.62,58351,291154176.0,2.73,2.17,1.01,0.99,,
2017-04-05,600038,中直股份,47.52,48.06,48.27,46.02,45005,226886530.0,4.73,1.14,0.54,0.76,,
2017-04-06,600038,中直股份,48.09,47.71,48.48,47.62,40648,205545882.0,1.79,-0.73,-0.35,0.69,,
2017-04-07,600038,中直股份,47.64,48.96,49.19,47.64,72010,369236592.0,3.25,2.62,1.25,1.22,,
2017-04-10,600038,中直股份,49.32,49.23,49.72,48.55,69288,357504720.0,2.39,0.55,0.27,1.18,,
2017-04-11,600038,中直股份,49.51,51.12,51.51,48.86,132697,701832992.0,5.38,3.84,1.89,2.25,,
2017-04-12,600038,中直股份,50.72,50.34,52.22,50.21,85417,458533776.0,3.93,-1.53,-0.78,1.45,,
2017-04-13,600038,中直股份,50.52,49.07,50.99,48.72,66801,346185344.0,4.51,-2.52,-1.27,1.13,,
2017-04-14,600038,中直股份,49.07,48.61,49.6,48.53,43433,223401548.0,2.18,-0.94,-0.46,0.74,,
2017-04-17,600038,中直股份,48.51,47.47,48.51,47.02,37410,187120673.0,3.07,-2.35,-1.14,0.63,,
2017-04-18,600038,中直股份,47.57,47.49,47.95,47.26,21727,108655298.0,1.45,0.04,0.02,0.37,,
2017-04-19,600038,中直股份,47.25,46.42,47.7,46.02,42575,209235270.0,3.54,-2.25,-1.07,0.72,,
2017-04-20,600038,中直股份,46.39,45.48,46.9,44.69,51407,247974662.0,4.76,-2.02,-0.94,0.87,,
2017-04-21,600038,中直股份,45.52,45.01,45.77,44.72,29443,140259434.0,2.31,-1.03,-0.47,0.5,,
2017-04-24,600038,中直股份,45.11,44.03,45.23,44.01,28261,132782815.0,2.71,-2.18,-0.98,0.48,,
2017-04-25,600038,中直股份,44.34,44.24,44.46,43.47,33876,157387132.0,2.25,0.48,0.21,0.57,,
2017-04-26,600038,中直股份,44.31,44.37,44.65,44.13,28956,135733587.0,1.18,0.29,0.13,0.49,,
2017-04-27,600038,中直股份,44.29,44.85,45.18,42.9,46498,216153880.0,5.14,1.08,0.48,0.79,,
2017-04-28,600038,中直股份,44.55,45.14,45.2,44.52,24079,114156821.0,1.52,0.65,0.29,0.41,,
2017-05-02,600038,中直股份,45.06,44.59,45.06,44.02,30925,145227876.0,2.3,-1.22,-0.55,0.52,,
2017-05-03,600038,中直股份,44.12,45.15,45.18,44.04,33286,157358116.0,2.56,1.26,0.56,0.56,,
2017-05-04,600038,中直股份,45.02,43.54,45.02,43.52,46859,217479832.0,3.32,-3.57,-1.61,0.79,,
2017-05-05,600038,中直股份,43.64,40.5,43.81,40.47,83976,370163072.0,7.67,-6.98,-3.04,1.42,,
2017-05-08,600038,中直股份,40.02,39.7,41.12,39.14,46640,198548017.0,4.89,-1.98,-0.8,0.79,,
2017-05-09,600038,中直股份,39.53,41.32,41.66,39.37,71154,308372656.0,5.77,4.08,1.62,1.21,,
2017-05-10,600038,中直股份,41.42,40.89,42.11,40.87,44668,196076887.0,3.0,-1.04,-0.43,0.76,,
2017-05-11,600038,中直股份,40.55,41.37,41.64,39.87,32155,139760074.0,4.33,1.17,0.48,0.55,,
2017-05-12,600038,中直股份,41.51,40.87,41.87,40.72,20796,90861193.0,2.78,-1.21,-0.5,0.35,,
2017-05-15,600038,中直股份,40.87,42.01,42.82,40.87,40372,180282422.0,4.77,2.79,1.14,0.68,,
2017-05-16,600038,中直股份,42.01,42.23,42.32,41.35,24591,108934467.0,2.31,0.52,0.22,0.42,,
2017-05-17,600038,中直股份,41.77,43.15,43.51,41.77,41315,188372907.0,4.12,2.18,0.92,0.7,,
2017-05-18,600038,中直股份,43.12,42.39,43.69,42.32,31338,142320262.0,3.17,-1.76,-0.76,0.53,,
2017-05-19,600038,中直股份,42.38,42.18,42.87,41.56,19107,85034333.0,3.09,-0.5,-0.21,0.32,,
2017-05-22,600038,中直股份,41.68,41.69,42.45,41.53,23561,104648324.0,2.18,-1.16,-0.49,0.4,,
2017-05-23,600038,中直股份,41.75,39.05,42.02,38.82,32971,140972559.0,7.68,-6.33,-2.64,0.56,,
2017-05-24,600038,中直股份,39.04,39.49,39.77,37.55,40183,165301406.0,5.69,1.13,0.44,0.68,,
2017-05-25,600038,中直股份,39.67,39.69,39.95,38.04,47769,197419832.0,4.84,0.51,0.2,0.81,,
2017-05-26,600038,中直股份,39.33,38.57,40.0,38.51,37151,154806785.0,3.75,-2.82,-1.12,0.63,,
2017-05-31,600038,中直股份,39.07,38.61,39.87,38.52,22063,91556251.0,3.5,0.1,0.04,0.37,,
2017-06-01,600038,中直股份,38.53,37.07,38.91,37.02,28916,117093895.0,4.9,-3.99,-1.54,0.49,,
2017-06-02,600038,中直股份,37.07,37.56,37.62,35.62,66240,258621669.0,5.4,1.32,0.49,1.12,,
2017-06-05,600038,中直股份,37.56,38.52,39.52,37.56,51949,213645206.0,5.22,2.56,0.96,0.88,,
2017-06-06,600038,中直股份,38.81,39.47,40.16,38.58,44350,186241223.0,4.1,2.47,0.95,0.75,,
2017-06-07,600038,中直股份,39.51,40.18,40.32,39.51,53741,228110569.0,2.05,1.8,0.71,0.91,,
2017-06-08,600038,中直股份,40.1,39.78,40.1,39.39,39966,168551689.0,1.77,-1.0,-0.4,0.68,,
2017-06-09,600038,中直股份,39.78,39.87,39.93,39.46,28989,122274519.0,1.18,0.23,0.09,0.49,,
2017-06-12,600038,中直股份,39.77,38.59,39.77,38.14,49225,202997309.0,4.09,-3.21,-1.28,0.84,,
2017-06-13,600038,中直股份,38.32,39.71,39.87,38.22,47553,198106333.0,4.28,2.9,1.12,0.81,,
2017-06-14,600038,中直股份,39.52,40.34,40.75,39.13,71682,306253888.0,4.08,1.59,0.63,1.22,,
2017-06-15,600038,中直股份,40.2,41.19,41.79,39.98,71712,313829136.0,4.49,2.11,0.85,1.22,,
2017-06-16,600038,中直股份,41.19,41.55,41.85,40.63,37188,162840545.0,2.96,0.87,0.36,0.63,,
2017-06-19,600038,中直股份,41.42,42.57,43.22,41.42,60174,272338544.0,4.33,2.45,1.02,1.02,,
2017-06-20,600038,中直股份,42.64,42.47,42.98,42.22,30752,138379106.0,1.79,-0.23,-0.1,0.52,,
2017-06-21,600038,中直股份,42.78,42.1,43.4,41.73,42400,190212478.0,3.93,-0.87,-0.37,0.72,,
2017-06-22,600038,中直股份,42.02,40.86,42.12,40.82,51833,227052535.0,3.09,-2.95,-1.24,0.88,,
2017-06-23,600038,中直股份,41.22,41.57,41.9,40.56,51901,226828790.0,3.28,1.74,0.71,0.88,,
2017-06-26,600038,中直股份,41.75,42.76,42.77,40.95,61329,272082512.0,4.38,2.86,1.19,1.04,,
2017-06-27,600038,中直股份,43.03,42.53,43.15,42.46,48381,217840779.0,1.61,-0.54,-0.23,0.82,,
2017-06-28,600038,中直股份,42.58,41.86,42.71,41.51,39206,172954915.0,2.82,-1.58,-0.67,0.67,,
2017-06-29,600038,中直股份,41.81,43.34,43.4,41.69,60322,271428352.0,4.09,3.54,1.48,1.02,,
2017-06-30,600038,中直股份,43.36,43.52,43.82,42.85,47824,218419791.0,2.24,0.42,0.18,0.81,,
2017-07-03,600038,中直股份,43.75,43.67,43.79,43.05,31117,141816101.0,1.7,0.34,0.15,0.53,,
2017-07-04,600038,中直股份,43.6,43.47,43.64,43.08,33575,152998810.0,1.28,-0.46,-0.2,0.57,,
2017-07-05,600038,中直股份,43.47,43.39,43.62,42.8,38276,173697614.0,1.89,-0.18,-0.08,0.65,,
2017-07-06,600038,中直股份,43.38,43.2,43.71,42.53,47372,214774602.0,2.72,-0.44,-0.19,0.8,,
2017-07-07,600038,中直股份,43.05,43.18,43.54,42.55,44442,201127611.0,2.29,-0.05,-0.02,0.75,,
2017-07-10,600038,中直股份,43.28,42.55,44.65,42.48,71377,325147968.0,5.03,-1.46,-0.63,1.21,,
2017-07-11,600038,中直股份,42.25,40.91,42.26,40.82,65985,289144784.0,3.38,-3.85,-1.64,1.12,,
2017-07-12,600038,中直股份,40.95,40.64,41.25,40.08,41421,177443730.0,2.86,-0.66,-0.27,0.7,,
2017-07-13,600038,中直股份,40.72,41.9,42.01,40.63,47192,206198225.0,3.4,3.1,1.26,0.8,,
2017-07-14,600038,中直股份,41.75,41.65,42.01,41.33,27906,122637258.0,1.62,-0.6,-0.25,0.47,,
2017-07-17,600038,中直股份,41.63,39.14,41.63,38.95,58372,245968672.0,6.43,-6.03,-2.51,0.99,,
2017-07-18,600038,中直股份,39.25,38.95,39.73,38.27,43227,177680950.0,3.73,-0.49,-0.19,0.73,,
2017-07-19,600038,中直股份,38.8,39.87,39.92,38.46,48419,200020819.0,3.75,2.36,0.92,0.82,,
2017-07-20,600038,中直股份,39.85,39.59,40.49,39.45,57180,241564495.0,2.61,-0.7,-0.28,0.97,,
2017-07-21,600038,中直股份,39.67,39.57,40.17,39.0,44512,186237424.0,2.96,-0.05,-0.02,0.76,,
2017-07-24,600038,中直股份,39.55,42.34,42.39,39.2,99157,429664000.0,8.06,7.0,2.77,1.68,,
2017-07-25,600038,中直股份,42.32,41.53,42.55,41.5,64221,283262496.0,2.48,-1.91,-0.81,1.09,,
2017-07-26,600038,中直股份,41.51,42.14,42.44,41.18,56704,250410888.0,3.03,1.47,0.61,0.96,,
2017-07-27,600038,中直股份,42.14,43.24,43.35,41.75,78931,354708528.0,3.8,2.61,1.1,1.34,,
2017-07-28,600038,中直股份,42.99,42.61,43.4,42.56,45253,204086043.0,1.94,-1.46,-0.63,0.77,,
2017-07-31,600038,中直股份,42.93,41.56,43.05,41.07,86933,380477456.0,4.65,-2.46,-1.05,1.47,,
2017-08-01,600038,中直股份,41.67,40.87,41.96,40.7,77159,335824784.0,3.03,-1.66,-0.69,1.31,,
2017-08-02,600038,中直股份,40.95,39.65,41.25,39.34,87628,370785808.0,4.67,-2.99,-1.22,1.49,,
2017-08-03,600038,中直股份,39.55,39.73,40.14,39.47,35888,151053054.0,1.69,0.2,0.08,0.61,,
2017-08-04,600038,中直股份,40.18,43.93,43.93,40.18,256274,1161782688.0,9.44,10.57,4.2,4.35,价格异常,10.571356657437715
2017-08-07,600038,中直股份,43.39,43.33,43.84,42.64,138303,628683168.0,2.73,-1.37,-0.6,2.35,,
2017-08-08,600038,中直股份,43.04,44.15,44.95,42.66,170628,788332448.0,5.29,1.89,0.82,2.89,,
2017-08-09,600038,中直股份,43.72,43.67,44.34,43.33,66272,304805648.0,2.29,-1.09,-0.48,1.12,,
2017-08-10,600038,中直股份,43.92,44.05,45.4,43.92,104687,490848544.0,3.39,0.87,0.38,1.78,,
2017-08-11,600038,中直股份,43.91,43.67,46.05,43.18,142542,671451536.0,6.52,-0.86,-0.38,2.42,,
2017-08-14,600038,中直股份,43.38,44.89,44.93,42.65,88673,408677520.0,5.22,2.79,1.22,1.5,,
2017-08-15,600038,中直股份,44.65,44.46,45.17,44.18,73211,342689920.0,2.21,-0.96,-0.43,1.24,,
2017-08-16,600038,中直股份,44.24,45.12,45.2,43.75,83215,390244192.0,3.26,1.48,0.66,1.41,,
2017-08-17,600038,中直股份,44.8,45.1,46.19,44.63,103051,491459344.0,3.46,-0.04,-0.02,1.75,,
2017-08-18,600038,中直股份,44.72,43.81,44.72,43.76,73622,341435408.0,2.13,-2.86,-1.29,1.25,,
2017-08-21,600038,中直股份,44.05,43.66,44.22,43.25,63138,288969680.0,2.21,-0.34,-0.15,1.07,,
2017-08-22,600038,中直股份,43.66,42.93,43.94,42.58,64840,294988048.0,3.11,-1.67,-0.73,1.1,,
2017-08-23,600038,中直股份,42.97,43.29,43.5,42.46,42992,194686227.0,2.42,0.84,0.36,0.73,,
2017-08-24,600038,中直股份,43.3,42.45,43.43,42.43,44314,199492044.0,2.31,-1.94,-0.84,0.75,,
2017-08-25,600038,中直股份,42.35,43.01,43.03,42.31,36866,165786208.0,1.7,1.32,0.56,0.63,,
2017-08-28,600038,中直股份,41.08,40.84,41.23,39.25,211664,901350688.0,4.6,-5.05,-2.17,3.59,,
2017-08-29,600038,中直股份,40.29,39.86,40.43,39.84,98342,416208768.0,1.44,-2.4,-0.98,1.67,,
2017-08-30,600038,中直股份,39.8,40.11,40.18,39.67,52617,222356241.0,1.28,0.63,0.25,0.89,,
2017-08-31,600038,中直股份,40.09,39.74,40.09,39.45,64496,270382096.0,1.6,-0.92,-0.37,1.09,,
2017-09-01,600038,中直股份,39.74,39.82,39.94,39.41,57253,239806045.0,1.33,0.2,0.08,0.97,,
2017-09-04,600038,中直股份,40.33,40.52,40.72,40.1,87451,373211248.0,1.56,1.76,0.7,1.48,,
2017-09-05,600038,中直股份,40.53,40.58,40.61,40.13,42739,181975244.0,1.18,0.15,0.06,0.73,,
2017-09-06,600038,中直股份,40.65,41.24,41.3,40.35,83639,362034096.0,2.34,1.63,0.66,1.42,,
2017-09-07,600038,中直股份,41.07,40.72,41.22,40.65,46314,199508091.0,1.38,-1.26,-0.52,0.79,,
2017-09-08,600038,中直股份,40.55,40.32,40.94,40.16,40764,174428465.0,1.92,-0.98,-0.4,0.69,,
2017-09-11,600038,中直股份,40.49,40.77,40.88,40.05,42697,182970799.0,2.06,1.12,0.45,0.72,,
2017-09-12,600038,中直股份,40.75,40.31,40.78,40.26,40734,174162356.0,1.28,-1.13,-0.46,0.69,,
2017-09-13,600038,中直股份,40.35,40.83,41.03,40.35,41964,180688398.0,1.69,1.29,0.52,0.71,,
2017-09-14,600038,中直股份,40.85,40.75,40.93,40.3,30193,129365649.0,1.54,-0.2,-0.08,0.51,,
2017-09-15,600038,中直股份,40.9,41.47,41.91,40.85,89522,391781856.0,2.6,1.77,0.72,1.52,,
2017-09-18,600038,中直股份,41.47,41.65,42.0,41.15,41482,181275143.0,2.05,0.43,0.18,0.7,,
2017-09-19,600038,中直股份,41.7,40.59,41.73,40.35,55605,239242703.0,3.31,-2.55,-1.06,0.94,,
2017-09-20,600038,中直股份,40.45,40.48,41.01,40.21,40273,171964898.0,1.97,-0.27,-0.11,0.68,,
2017-09-21,600038,中直股份,40.4,39.66,40.45,39.65,61344,258776139.0,1.98,-2.03,-0.82,1.04,,
2017-09-22,600038,中直股份,39.65,39.75,39.9,39.46,37693,158265263.0,1.11,0.23,0.09,0.64,,
2017-09-25,600038,中直股份,40.04,39.85,40.39,39.82,51166,216955182.0,1.43,0.25,0.1,0.87,,
2017-09-26,600038,中直股份,40.05,39.79,40.25,39.66,34822,146768344.0,1.48,-0.15,-0.06,0.59,,
2017-09-27,600038,中直股份,39.97,39.84,40.05,39.7,29453,124065491.0,0.88,0.13,0.05,0.5,,
2017-09-28,600038,中直股份,39.79,41.37,41.7,39.79,111189,480692912.0,4.79,3.84,1.53,1.89,,
2017-09-29,600038,中直股份,41.3,41.46,41.95,41.29,65037,285424416.0,1.6,0.22,0.09,1.1,,
2017-10-09,600038,中直股份,41.83,42.3,42.38,41.61,66729,295760800.0,1.86,2.03,0.84,1.13,,
2017-10-10,600038,中直股份,42.3,42.5,42.74,41.88,44616,199125012.0,2.03,0.47,0.2,0.76,,
2017-10-11,600038,中直股份,42.37,42.86,43.05,41.89,65578,294328656.0,2.73,0.85,0.36,1.11,,
2017-10-12,600038,中直股份,42.75,45.15,47.35,42.63,178383,847482048.0,11.01,5.34,2.29,3.03,,
2017-10-13,600038,中直股份,44.65,45.1,45.13,44.26,76121,357149024.0,1.93,-0.11,-0.05,1.29,,
2017-10-16,600038,中直股份,44.76,46.53,48.71,44.37,181166,895352000.0,9.62,3.17,1.43,3.07,,
2017-10-17,600038,中直股份,46.23,47.22,47.73,45.8,85755,421457184.0,4.15,1.48,0.69,1.45,,
2017-10-18,600038,中直股份,47.03,46.21,48.23,46.12,84796,418266720.0,4.47,-2.14,-1.01,1.44,,
2017-10-19,600038,中直股份,46.05,45.8,46.4,44.61,69370,331282752.0,3.87,-0.89,-0.41,1.18,,
2017-10-20,600038,中直股份,45.69,45.87,46.05,44.95,52398,250648970.0,2.4,0.15,0.07,0.89,,
2017-10-23,600038,中直股份,45.84,45.82,46.81,45.35,46319,223586024.0,3.18,-0.11,-0.05,0.79,,
2017-10-24,600038,中直股份,45.4,44.37,45.88,43.53,79610,372624976.0,5.13,-3.16,-1.45,1.35,,
2017-10-25,600038,中直股份,44.47,44.65,45.04,44.4,45585,214247033.0,1.44,0.63,0.28,0.77,,
2017-10-26,600038,中直股份,44.74,44.59,45.03,43.75,65600,306105888.0,2.87,-0.13,-0.06,1.11,,
2017-10-27,600038,中直股份,44.44,43.59,44.63,43.49,66022,304893984.0,2.56,-2.24,-1.0,1.12,,
2017-10-30,600038,中直股份,43.62,42.36,43.99,41.85,59343,266418815.0,4.91,-2.82,-1.23,1.01,,
2017-10-31,600038,中直股份,42.74,42.72,42.74,42.1,37332,166978942.0,1.51,0.85,0.36,0.63,,
2017-11-01,600038,中直股份,42.65,43.17,43.44,42.29,48487,219267731.0,2.69,1.05,0.45,0.82,,
2017-11-02,600038,中直股份,43.04,42.15,43.04,42.06,43346,193508048.0,2.27,-2.36,-1.02,0.74,,
2017-11-03,600038,中直股份,42.04,41.92,42.2,41.44,44442,195083630.0,1.8,-0.55,-0.23,0.75,,
2017-11-06,600038,中直股份,41.78,43.33,43.47,41.78,74941,340011008.0,4.03,3.36,1.41,1.27,,
2017-11-07,600038,中直股份,43.35,43.78,43.85,42.7,44810,203866550.0,2.65,1.04,0.45,0.76,,
2017-11-08,600038,中直股份,43.65,45.12,45.85,43.46,73208,345005696.0,5.46,3.06,1.34,1.24,,
2017-11-09,600038,中直股份,45.05,44.78,45.33,44.3,34963,164110613.0,2.28,-0.75,-0.34,0.59,,
2017-11-10,600038,中直股份,44.01,42.85,44.03,42.75,87979,399098944.0,2.86,-4.31,-1.93,1.49,,
2017-11-13,600038,中直股份,42.73,42.94,43.21,42.36,40079,180395447.0,1.98,0.21,0.09,0.68,,
2017-11-14,600038,中直股份,42.94,43.68,44.01,42.75,71790,329321184.0,2.93,1.72,0.74,1.22,,
2017-11-15,600038,中直股份,43.55,42.58,44.25,42.47,45640,207807951.0,4.08,-2.52,-1.1,0.77,,
2017-11-16,600038,中直股份,42.76,43.77,44.02,42.46,51715,235185241.0,3.66,2.79,1.19,0.88,,
2017-11-17,600038,中直股份,43.8,42.73,43.81,40.55,68105,305290848.0,7.45,-2.38,-1.04,1.16,,
2017-11-20,600038,中直股份,42.31,42.37,42.52,40.75,46823,205450554.0,4.14,-0.84,-0.36,0.79,,
2017-11-21,600038,中直股份,42.22,41.45,42.7,40.88,48049,210961936.0,4.3,-2.17,-0.92,0.82,,
2017-11-22,600038,中直股份,41.27,43.03,44.24,40.85,99618,448286384.0,8.18,3.81,1.58,1.69,,
2017-11-23,600038,中直股份,42.9,41.65,43.11,41.6,44553,198215366.0,3.51,-3.21,-1.38,0.76,,
2017-11-24,600038,中直股份,41.25,42.21,42.55,41.15,31227,138174716.0,3.36,1.34,0.56,0.53,,
2017-11-27,600038,中直股份,42.07,41.6,43.55,41.55,52103,233581590.0,4.74,-1.45,-0.61,0.88,,
2017-11-28,600038,中直股份,41.48,42.22,42.27,41.48,32439,143046302.0,1.9,1.49,0.62,0.55,,
2017-11-29,600038,中直股份,42.05,41.93,42.18,41.42,38949,171197655.0,1.8,-0.69,-0.29,0.66,,
2017-11-30,600038,中直股份,42.17,42.36,43.5,41.88,60733,273374432.0,3.86,1.03,0.43,1.03,,
2017-12-01,600038,中直股份,42.17,42.84,43.27,41.9,41796,187658634.0,3.23,1.13,0.48,0.71,,
2017-12-04,600038,中直股份,42.7,43.16,43.75,42.55,49563,225966125.0,2.8,0.75,0.32,0.84,,
2017-12-05,600038,中直股份,43.96,42.72,45.23,41.93,98818,454637120.0,7.65,-1.02,-0.44,1.68,,
2017-12-06,600038,中直股份,41.75,43.17,43.42,41.71,83904,376326864.0,4.0,1.05,0.45,1.42,,
2017-12-07,600038,中直股份,43.15,43.92,44.35,43.05,128038,591494576.0,3.01,1.74,0.75,2.17,,
2017-12-08,600038,中直股份,43.91,43.95,44.2,43.25,61475,283049904.0,2.16,0.07,0.03,1.04,,
2017-12-11,600038,中直股份,44.05,44.49,44.54,43.5,50831,235461891.0,2.37,1.23,0.54,0.86,,
2017-12-12,600038,中直股份,44.49,43.64,44.49,43.55,47747,220638910.0,2.11,-1.91,-0.85,0.81,,
2017-12-13,600038,中直股份,43.54,44.65,44.67,43.35,56061,259760548.0,3.02,2.31,1.01,0.95,,
2017-12-14,600038,中直股份,44.65,45.11,45.31,44.25,54271,255761306.0,2.37,1.03,0.46,0.92,,
2017-12-15,600038,中直股份,45.05,44.95,45.69,44.41,65125,308136032.0,2.84,-0.35,-0.16,1.1,,
2017-12-18,600038,中直股份,44.9,45.07,45.68,44.63,55983,265165616.0,2.34,0.27,0.12,0.95,,
2017-12-19,600038,中直股份,45.06,44.69,45.22,44.44,57846,272178528.0,1.73,-0.84,-0.38,0.98,,
2017-12-20,600038,中直股份,44.69,43.87,44.89,43.85,62624,292176672.0,2.33,-1.83,-0.82,1.06,,
2017-12-21,600038,中直股份,43.94,45.08,45.44,43.72,84245,396409856.0,3.92,2.76,1.21,1.43,,
2017-12-22,600038,中直股份,44.97,44.64,45.38,44.32,45988,216291289.0,2.35,-0.98,-0.44,0.78,,
2017-12-25,600038,中直股份,44.63,42.72,44.9,42.48,74968,342664784.0,5.42,-4.3,-1.92,1.27,,
2017-12-26,600038,中直股份,42.45,43.55,43.71,42.44,38805,176470499.0,2.97,1.94,0.83,0.66,,
2017-12-27,600038,中直股份,43.55,43.29,43.98,43.11,41221,188416963.0,2.0,-0.6,-0.26,0.7,,
2017-12-28,600038,中直股份,42.91,43.23,43.7,42.91,38892,177117899.0,1.82,-0.14,-0.06,0.66,,
2017-12-29,600038,中直股份,43.24,44.28,44.45,43.23,65840,305200096.0,2.82,2.43,1.05,1.12,,
2018-01-02,600038,中直股份,44.47,44.71,44.81,43.98,34213,160012299.0,1.87,0.97,0.43,0.58,,
2018-01-03,600038,中直股份,44.85,45.25,45.78,44.26,57731,273469728.0,3.4,1.21,0.54,0.98,,
2018-01-04,600038,中直股份,45.28,46.03,46.5,45.05,70872,341747264.0,3.2,1.72,0.78,1.2,,
2018-01-05,600038,中直股份,46.38,44.89,46.38,44.45,89029,420797184.0,4.19,-2.48,-1.14,1.51,,
2018-01-08,600038,中直股份,44.95,44.08,45.09,43.61,82167,380509408.0,3.3,-1.8,-0.81,1.39,,
2018-01-09,600038,中直股份,44.09,43.78,44.73,43.51,58622,270855856.0,2.77,-0.68,-0.3,0.99,,
2018-01-10,600038,中直股份,43.85,43.51,43.95,42.89,59088,269638976.0,2.42,-0.62,-0.27,1.0,,
2018-01-11,600038,中直股份,43.35,43.66,43.9,42.96,41058,187340446.0,2.16,0.34,0.15,0.7,,
2018-01-12,600038,中直股份,43.64,41.59,43.65,41.45,102391,459044640.0,5.04,-4.74,-2.07,1.74,,
2018-01-15,600038,中直股份,41.3,39.14,42.05,38.44,167014,705059424.0,8.68,-5.89,-2.45,2.83,,
2018-01-16,600038,中直股份,39.25,38.14,39.39,37.7,102222,414886800.0,4.32,-2.55,-1.0,1.73,,
2018-01-17,600038,中直股份,38.35,38.21,38.35,37.16,79035,316127792.0,3.12,0.18,0.07,1.34,,
2018-01-18,600038,中直股份,37.91,38.56,38.9,37.85,56724,230912336.0,2.75,0.92,0.35,0.96,,
2018-01-19,600038,中直股份,38.7,39.43,40.25,38.67,94398,394426272.0,4.1,2.26,0.87,1.6,,
2018-01-22,600038,中直股份,39.48,39.41,39.7,38.45,57501,237768350.0,3.17,-0.05,-0.02,0.98,,
2018-01-23,600038,中直股份,39.31,39.19,39.55,38.75,51093,211130098.0,2.03,-0.56,-0.22,0.87,,
2018-01-24,600038,中直股份,39.21,39.88,39.94,38.94,60423,252053241.0,2.55,1.76,0.69,1.03,,
2018-01-25,600038,中直股份,39.75,40.76,42.03,39.65,122275,531084112.0,5.97,2.21,0.88,2.07,,
2018-01-26,600038,中直股份,40.55,41.04,41.2,40.43,38099,164400200.0,1.89,0.69,0.28,0.65,,
2018-01-29,600038,中直股份,41.01,39.7,41.42,39.24,53353,225827332.0,5.31,-3.27,-1.34,0.91,,
2018-01-30,600038,中直股份,39.72,39.84,39.99,39.25,28634,119857665.0,1.86,0.35,0.14,0.49,,
2018-01-31,600038,中直股份,39.7,38.61,39.82,38.05,38782,159121606.0,4.44,-3.09,-1.23,0.66,,
2018-02-01,600038,中直股份,38.75,36.32,39.12,36.27,85255,336349136.0,7.38,-5.93,-2.29,1.45,,
2018-02-02,600038,中直股份,36.24,37.46,37.69,34.75,82439,319219024.0,8.09,3.14,1.14,1.4,,
2018-02-05,600038,中直股份,36.63,36.67,37.21,36.63,26755,104555573.0,1.55,-2.11,-0.79,0.45,,
2018-02-06,600038,中直股份,35.74,32.78,36.0,32.78,103873,375981696.0,8.78,-10.61,-3.89,1.76,价格异常,-10.608126533951456
2018-02-07,600038,中直股份,33.7,31.74,33.7,30.42,130105,443593536.0,10.01,-3.17,-1.04,2.21,,
2018-02-08,600038,中直股份,31.65,32.82,33.12,31.4,68381,239257990.0,5.42,3.4,1.08,1.16,,
2018-02-09,600038,中直股份,31.7,31.4,33.2,30.44,82661,280839200.0,8.41,-4.33,-1.42,1.4,,
2018-02-12,600038,中直股份,31.55,32.17,32.55,31.55,40513,139226502.0,3.18,2.45,0.77,0.69,,
2018-02-13,600038,中直股份,32.44,32.56,33.68,32.17,56695,200624097.0,4.69,1.21,0.39,0.96,,
2018-02-14,600038,中直股份,32.59,32.99,33.3,32.47,36505,128482022.0,2.55,1.32,0.43,0.62,,
2018-02-22,600038,中直股份,33.12,33.49,33.97,33.12,37305,133687835.0,2.58,1.52,0.5,0.63,,
2018-02-23,600038,中直股份,33.63,33.81,34.25,33.26,35521,128130573.0,2.96,0.96,0.32,0.6,,
2018-02-26,600038,中直股份,34.3,35.96,36.25,34.3,82992,312940192.0,5.77,6.36,2.15,1.41,,
2018-02-27,600038,中直股份,35.95,37.15,37.95,35.58,100498,394259616.0,6.59,3.31,1.19,1.7,,
2018-02-28,600038,中直股份,36.61,37.1,38.24,36.4,83618,332337824.0,4.95,-0.13,-0.05,1.42,,
2018-03-01,600038,中直股份,36.75,38.05,38.25,36.65,64014,256540961.0,4.31,2.56,0.95,1.09,,
2018-03-02,600038,中直股份,37.67,37.74,38.04,37.18,61122,244044081.0,2.26,-0.81,-0.31,1.04,,
2018-03-05,600038,中直股份,38.74,38.32,38.95,37.75,106588,432954688.0,3.18,1.54,0.58,1.81,,
2018-03-06,600038,中直股份,38.55,39.4,39.81,37.95,89955,372047856.0,4.85,2.82,1.08,1.53,,
2018-03-07,600038,中直股份,39.08,38.65,39.34,38.44,51504,211689226.0,2.28,-1.9,-0.75,0.87,,
2018-03-08,600038,中直股份,38.55,38.68,39.16,37.56,56214,227929333.0,4.14,0.08,0.03,0.95,,
2018-03-09,600038,中直股份,38.6,39.21,39.55,38.25,66364,274388928.0,3.36,1.37,0.53,1.13,,
2018-03-12,600038,中直股份,39.14,39.66,40.63,38.93,58609,245687909.0,4.34,1.15,0.45,0.99,,
2018-03-13,600038,中直股份,39.74,39.11,39.98,38.95,48976,203452530.0,2.6,-1.39,-0.55,0.83,,
2018-03-14,600038,中直股份,39.09,37.69,39.09,37.33,61046,245038038.0,4.5,-3.63,-1.42,1.04,,
2018-03-15,600038,中直股份,37.72,37.36,38.21,37.03,55950,222786193.0,3.13,-0.88,-0.33,0.95,,
2018-03-16,600038,中直股份,37.61,37.06,38.1,37.03,38661,153878526.0,2.86,-0.8,-0.3,0.66,,
2018-03-19,600038,中直股份,37.73,38.99,39.83,37.36,99376,409533344.0,6.66,5.21,1.93,1.69,,
2018-03-20,600038,中直股份,38.75,39.43,40.04,38.43,51948,215818314.0,4.13,1.13,0.44,0.88,,
2018-03-21,600038,中直股份,39.45,40.36,41.5,39.27,126161,541388224.0,5.66,2.36,0.93,2.14,,
2018-03-22,600038,中直股份,40.15,40.96,41.4,39.92,86464,372385808.0,3.67,1.49,0.6,1.47,,
2018-03-23,600038,中直股份,39.77,40.67,42.19,38.05,122500,527048960.0,10.11,-0.71,-0.29,2.08,,
2018-03-26,600038,中直股份,40.74,43.25,43.37,39.75,160679,719994656.0,8.9,6.34,2.58,2.73,,
2018-03-27,600038,中直股份,43.35,44.63,45.0,42.46,152747,704634944.0,5.87,3.19,1.38,2.59,,
2018-03-28,600038,中直股份,43.83,43.41,45.69,43.26,94105,439887120.0,5.44,-2.73,-1.22,1.6,,
2018-03-29,600038,中直股份,43.55,43.02,44.22,41.99,69434,312668480.0,5.14,-0.9,-0.39,1.18,,
2018-03-30,600038,中直股份,43.01,46.1,47.11,42.95,126685,603438928.0,9.67,7.16,3.08,2.15,,
2018-04-02,600038,中直股份,46.1,48.02,49.11,45.73,128911,649573184.0,7.33,4.16,1.92,2.19,,
2018-04-03,600038,中直股份,46.87,47.51,48.55,45.65,125029,611668864.0,6.04,-1.06,-0.51,2.12,,
2018-04-04,600038,中直股份,47.15,45.64,49.29,45.5,123077,612277024.0,7.98,-3.94,-1.87,2.09,,
2018-04-09,600038,中直股份,45.63,46.15,47.25,44.95,84139,407655600.0,5.04,1.12,0.51,1.43,,
2018-04-10,600038,中直股份,45.85,45.9,46.23,43.8,99562,470777136.0,5.27,-0.54,-0.25,1.69,,
2018-04-11,600038,中直股份,45.68,45.2,45.68,44.4,86553,407876416.0,2.79,-1.53,-0.7,1.47,,
2018-04-12,600038,中直股份,45.17,45.03,45.98,44.53,60320,287309488.0,3.21,-0.38,-0.17,1.02,,
2018-04-13,600038,中直股份,45.45,45.02,46.51,44.83,71251,341323152.0,3.73,-0.02,-0.01,1.21,,
2018-04-16,600038,中直股份,45.3,46.73,46.99,44.47,91120,437278000.0,5.6,3.8,1.71,1.55,,
2018-04-17,600038,中直股份,46.55,45.03,48.25,44.93,97479,476137072.0,7.1,-3.64,-1.7,1.65,,
2018-04-18,600038,中直股份,45.15,47.64,47.76,44.45,102782,496431424.0,7.35,5.8,2.61,1.74,,
2018-04-19,600038,中直股份,47.01,49.05,50.75,47.01,146829,756617136.0,7.85,2.96,1.41,2.49,,
2018-04-20,600038,中直股份,48.55,49.25,50.15,47.75,69318,355784400.0,4.89,0.41,0.2,1.18,,
2018-04-23,600038,中直股份,48.75,44.88,49.45,44.1,131525,633085936.0,10.86,-8.87,-4.37,2.23,,
2018-04-24,600038,中直股份,44.88,46.12,46.23,44.28,61543,293173904.0,4.34,2.76,1.24,1.04,,
2018-04-25,600038,中直股份,45.74,46.8,47.87,45.4,65925,323557792.0,5.36,1.47,0.68,1.12,,
2018-04-26,600038,中直股份,45.75,46.57,48.05,45.75,50576,249837741.0,4.91,-0.49,-0.23,0.86,,
2018-04-27,600038,中直股份,46.28,45.19,47.11,44.15,91622,432346368.0,6.36,-2.96,-1.38,1.55,,
2018-05-02,600038,中直股份,44.75,44.24,45.93,43.93,57202,268006431.0,4.43,-2.1,-0.95,0.97,,
2018-05-03,600038,中直股份,44.16,44.0,44.36,42.6,79450,361611776.0,3.98,-0.54,-0.24,1.35,,
2018-05-04,600038,中直股份,43.92,44.0,45.03,43.45,66067,308612672.0,3.59,0.0,0.0,1.12,,
2018-05-07,600038,中直股份,44.4,43.83,44.69,42.8,151135,689729728.0,4.3,-0.39,-0.17,2.56,,
2018-05-08,600038,中直股份,44.34,43.67,44.88,43.28,114465,531361152.0,3.65,-0.37,-0.16,1.94,,
2018-05-09,600038,中直股份,43.54,42.27,43.65,42.13,101201,452553344.0,3.48,-3.21,-1.4,1.72,,
2018-05-10,600038,中直股份,42.44,42.66,42.74,41.59,73303,325578000.0,2.72,0.92,0.39,1.24,,
2018-05-11,600038,中直股份,42.62,42.17,42.93,42.08,52172,233111908.0,1.99,-1.15,-0.49,0.89,,
2018-05-14,600038,中直股份,42.05,41.43,42.48,41.26,56600,248660954.0,2.89,-1.75,-0.74,0.96,,
2018-05-15,600038,中直股份,41.57,42.47,42.52,41.35,66124,292006384.0,2.82,2.51,1.04,1.12,,
2018-05-16,600038,中直股份,42.85,43.0,43.38,42.4,97463,440431280.0,2.31,1.25,0.53,1.65,,
2018-05-17,600038,中直股份,42.99,41.78,42.99,41.64,55980,247949052.0,3.14,-2.84,-1.22,0.95,,
2018-05-18,600038,中直股份,41.74,41.31,41.8,40.55,62105,269060864.0,2.99,-1.12,-0.47,1.05,,
2018-05-21,600038,中直股份,41.43,41.99,42.01,41.22,39407,173051566.0,1.91,1.65,0.68,0.67,,
2018-05-22,600038,中直股份,41.88,41.93,42.23,41.01,44646,195435223.0,2.91,-0.14,-0.06,0.76,,
2018-05-23,600038,中直股份,41.75,40.78,41.75,40.75,63668,276498960.0,2.38,-2.74,-1.15,1.08,,
2018-05-24,600038,中直股份,40.73,39.86,40.89,39.6,60796,257046465.0,3.16,-2.26,-0.92,1.03,,
2018-05-25,600038,中直股份,39.86,40.86,41.25,39.86,62204,267164084.0,3.49,2.51,1.0,1.06,,
2018-05-28,600038,中直股份,40.49,39.53,40.71,39.45,53859,226196301.0,3.08,-3.26,-1.33,0.91,,
2018-05-29,600038,中直股份,39.78,39.72,40.22,39.45,29441,123985072.0,1.95,0.48,0.19,0.5,,
2018-05-30,600038,中直股份,39.36,39.2,40.3,39.03,39579,166625588.0,3.2,-1.31,-0.52,0.67,,
2018-05-31,600038,中直股份,39.25,39.16,39.7,38.14,58540,239995374.0,3.98,-0.1,-0.04,0.99,,
2018-06-01,600038,中直股份,38.77,38.86,39.64,38.1,56287,231008280.0,3.93,-0.77,-0.3,0.95,,
2018-06-04,600038,中直股份,38.95,38.55,39.78,38.28,41010,168731074.0,3.86,-0.8,-0.31,0.7,,
2018-06-05,600038,中直股份,38.65,39.4,39.47,38.33,48423,199419119.0,2.96,2.2,0.85,0.82,,
2018-06-06,600038,中直股份,39.38,40.17,40.42,38.92,79891,336734208.0,3.81,1.95,0.77,1.36,,
2018-06-07,600038,中直股份,40.09,39.69,40.55,39.63,37206,157019846.0,2.29,-1.19,-0.48,0.63,,
2018-06-08,600038,中直股份,39.28,39.09,39.39,38.3,35949,148141248.0,2.75,-1.51,-0.6,0.61,,
2018-06-11,600038,中直股份,38.9,39.17,39.87,38.75,24338,101184308.0,2.87,0.2,0.08,0.41,,
2018-06-12,600038,中直股份,39.43,39.93,40.14,38.98,34512,144543250.0,2.96,1.94,0.76,0.59,,
2018-06-13,600038,中直股份,39.93,39.69,40.15,39.45,26021,109528838.0,1.75,-0.6,-0.24,0.44,,
2018-06-14,600038,中直股份,39.41,37.91,39.73,37.78,43337,177332170.0,4.91,-4.48,-1.78,0.74,,
2018-06-15,600038,中直股份,37.94,36.79,38.4,35.92,70651,280796688.0,6.54,-2.95,-1.12,1.2,,
2018-06-19,600038,中直股份,36.79,34.61,37.22,33.83,66261,251133257.0,9.21,-5.93,-2.18,1.12,,
2018-06-20,600038,中直股份,34.32,35.45,36.13,34.32,78112,292677200.0,5.23,2.43,0.84,1.33,,
2018-06-21,600038,中直股份,35.55,34.29,35.91,34.18,67505,252122381.0,4.88,-3.27,-1.16,1.15,,
2018-06-22,600038,中直股份,34.12,34.94,35.35,34.05,56083,208157288.0,3.79,1.9,0.65,0.95,,
2018-06-25,600038,中直股份,34.94,35.04,35.94,34.9,44825,168226421.0,2.98,0.29,0.1,0.76,,
2018-06-26,600038,中直股份,34.81,36.92,36.94,34.81,71667,274992720.0,6.08,5.37,1.88,1.22,,
2018-06-27,600038,中直股份,36.91,36.64,37.25,36.2,43983,171605863.0,2.84,-0.76,-0.28,0.75,,
2018-06-28,600038,中直股份,36.61,36.27,37.24,35.99,33544,130362878.0,3.41,-1.01,-0.37,0.57,,
2018-06-29,600038,中直股份,36.27,37.74,37.85,35.75,61121,240912743.0,5.79,4.05,1.47,1.04,,
2018-07-02,600038,中直股份,38.05,37.52,38.3,37.03,47827,190867209.0,3.37,-0.58,-0.22,0.81,,
2018-07-03,600038,中直股份,37.55,38.5,38.57,37.29,82926,333760432.0,3.41,2.61,0.98,1.41,,
2018-07-04,600038,中直股份,38.43,37.75,38.47,37.56,35768,143910554.0,2.36,-1.95,-0.75,0.61,,
2018-07-05,600038,中直股份,37.35,35.94,37.65,35.93,43183,168474789.0,4.56,-4.79,-1.81,0.73,,
2018-07-06,600038,中直股份,36.2,36.64,37.29,35.96,41915,163732756.0,3.7,1.95,0.7,0.71,,
2018-07-09,600038,中直股份,36.63,38.12,38.16,36.63,43683,174324988.0,4.18,4.04,1.48,0.74,,
2018-07-10,600038,中直股份,38.11,38.33,38.45,37.68,36920,148988724.0,2.02,0.55,0.21,0.63,,
2018-07-11,600038,中直股份,37.76,36.76,37.96,36.17,53090,207067184.0,4.67,-4.1,-1.57,0.9,,
2018-07-12,600038,中直股份,36.76,37.97,38.34,36.48,49716,197207212.0,5.06,3.29,1.21,0.84,,
2018-07-13,600038,中直股份,38.06,38.92,39.23,37.43,66460,269215072.0,4.74,2.5,0.95,1.13,,
2018-07-16,600038,中直股份,38.88,38.95,39.55,38.6,46267,190141268.0,2.44,0.08,0.03,0.78,,
2018-07-17,600038,中直股份,38.95,37.98,38.99,37.31,67160,267991382.0,4.31,-2.49,-0.97,1.14,,
2018-07-18,600038,中直股份,38.13,37.08,38.43,37.07,55686,220380858.0,3.58,-2.37,-0.9,0.94,,
2018-07-19,600038,中直股份,37.17,35.38,37.34,35.06,96649,366487888.0,6.15,-4.58,-1.7,1.64,,
2018-07-20,600038,中直股份,35.32,35.61,35.87,34.98,87578,327890304.0,2.52,0.65,0.23,1.49,,
2018-07-23,600038,中直股份,35.71,38.6,38.69,35.6,163610,650692304.0,8.68,8.4,2.99,2.78,,
2018-07-24,600038,中直股份,38.59,38.9,39.24,37.79,103590,422182976.0,3.76,0.78,0.3,1.76,,
2018-07-25,600038,中直股份,39.17,38.89,39.37,38.37,61385,251127169.0,2.57,-0.03,-0.01,1.04,,
2018-07-26,600038,中直股份,39.18,37.92,39.46,37.58,71913,289599280.0,4.83,-2.49,-0.97,1.22,,
2018-07-27,600038,中直股份,37.89,37.61,38.13,37.09,47250,186971506.0,2.74,-0.82,-0.31,0.8,,
2018-07-30,600038,中直股份,37.87,36.8,37.89,36.45,57516,223939234.0,3.83,-2.15,-0.81,0.98,,
2018-07-31,600038,中直股份,36.96,37.14,37.25,36.57,33453,130351506.0,1.85,0.92,0.34,0.57,,
2018-08-01,600038,中直股份,37.27,35.62,37.58,35.44,67382,259332463.0,5.76,-4.09,-1.52,1.14,,
2018-08-02,600038,中直股份,35.39,33.4,35.49,32.33,122642,435278672.0,8.87,-6.23,-2.22,2.08,,
2018-08-03,600038,中直股份,33.19,33.4,34.3,33.1,60882,217028010.0,3.59,0.0,0.0,1.03,,
2018-08-06,600038,中直股份,33.49,31.92,33.69,31.59,60534,207632058.0,6.29,-4.43,-1.48,1.03,,
2018-08-07,600038,中直股份,32.08,32.77,32.8,31.49,44247,151701200.0,4.1,2.66,0.85,0.75,,
2018-08-08,600038,中直股份,32.67,30.97,32.67,30.62,76109,255137237.0,6.26,-5.49,-1.8,1.29,,
2018-08-09,600038,中直股份,30.88,32.85,33.28,30.81,76636,264002837.0,7.98,6.07,1.88,1.3,,
2018-08-10,600038,中直股份,32.72,33.06,33.62,32.62,47169,165073745.0,3.04,0.64,0.21,0.8,,
2018-08-13,600038,中直股份,32.78,33.78,34.21,32.49,42281,149235456.0,5.2,2.18,0.72,0.72,,
2018-08-14,600038,中直股份,33.53,33.54,33.78,33.15,23098,81918750.0,1.87,-0.71,-0.24,0.39,,
2018-08-15,600038,中直股份,33.55,32.88,33.97,32.37,45687,160643012.0,4.77,-1.97,-0.66,0.78,,
2018-08-16,600038,中直股份,32.35,32.45,32.98,31.99,23821,82381323.0,3.01,-1.31,-0.43,0.4,,
2018-08-17,600038,中直股份,32.71,32.11,33.04,31.9,26331,90756593.0,3.51,-1.05,-0.34,0.45,,
2018-08-20,600038,中直股份,32.22,32.34,32.47,30.89,39923,134459856.0,4.92,0.72,0.23,0.68,,
2018-08-21,600038,中直股份,32.23,33.17,33.72,32.1,45865,160841919.0,5.01,2.57,0.83,0.78,,
2018-08-22,600038,中直股份,33.27,33.17,33.67,33.02,32842,116083776.0,1.96,0.0,0.0,0.56,,
2018-08-23,600038,中直股份,32.99,33.61,33.81,32.99,34324,122167532.0,2.47,1.33,0.44,0.58,,
2018-08-24,600038,中直股份,33.41,33.31,33.77,33.14,20902,74040030.0,1.87,-0.89,-0.3,0.35,,
2018-08-27,600038,中直股份,33.47,35.49,35.85,33.47,86913,323177648.0,7.15,6.54,2.18,1.47,,
2018-08-28,600038,中直股份,35.44,35.97,36.58,35.17,72498,276362464.0,3.97,1.35,0.48,1.23,,
2018-08-29,600038,中直股份,36.0,36.16,36.44,35.63,43051,163505525.0,2.25,0.53,0.19,0.73,,
2018-08-30,600038,中直股份,35.9,35.59,36.16,35.0,35891,134771391.0,3.21,-1.58,-0.57,0.61,,
2018-08-31,600038,中直股份,35.39,35.72,36.14,35.39,34356,130203223.0,2.11,0.37,0.13,0.58,,
2018-09-03,600038,中直股份,35.84,36.41,36.59,34.79,51331,194752566.0,5.04,1.93,0.69,0.87,,
2018-09-04,600038,中直股份,36.55,38.34,38.49,36.24,111460,444867248.0,6.18,5.3,1.93,1.89,,
2018-09-05,600038,中直股份,38.05,37.54,38.87,37.48,56614,226766315.0,3.63,-2.09,-0.8,0.96,,
2018-09-06,600038,中直股份,37.77,37.49,38.61,37.21,51603,206181245.0,3.73,-0.13,-0.05,0.88,,
2018-09-07,600038,中直股份,37.63,37.34,38.54,36.95,46574,185532672.0,4.24,-0.4,-0.15,0.79,,
2018-09-10,600038,中直股份,37.69,36.32,38.39,36.3,47970,188150299.0,5.6,-2.73,-1.02,0.81,,
2018-09-11,600038,中直股份,36.69,37.25,37.69,36.54,47367,185563507.0,3.17,2.56,0.93,0.8,,
2018-09-12,600038,中直股份,37.68,38.2,39.09,37.35,77004,311154192.0,4.67,2.55,0.95,1.31,,
2018-09-13,600038,中直股份,38.2,38.79,39.15,37.51,59579,241184005.0,4.29,1.54,0.59,1.01,,
2018-09-14,600038,中直股份,38.89,37.38,39.17,37.05,53702,215146820.0,5.47,-3.63,-1.41,0.91,,
2018-09-17,600038,中直股份,37.28,37.49,38.37,36.59,43593,172328133.0,4.76,0.29,0.11,0.74,,
2018-09-18,600038,中直股份,36.89,37.79,38.05,36.89,34944,138061910.0,3.09,0.8,0.3,0.59,,
2018-09-19,600038,中直股份,37.89,38.59,38.9,37.0,56131,225655152.0,5.03,2.12,0.8,0.95,,
2018-09-20,600038,中直股份,38.42,37.89,38.47,37.4,30727,122504776.0,2.77,-1.81,-0.7,0.52,,
2018-09-21,600038,中直股份,37.85,37.27,37.85,36.39,62533,243679609.0,3.85,-1.64,-0.62,1.06,,
2018-09-25,600038,中直股份,37.07,37.29,38.41,36.89,53607,213237550.0,4.08,0.05,0.02,0.91,,
2018-09-26,600038,中直股份,37.28,37.46,37.94,37.26,43029,170585452.0,1.82,0.46,0.17,0.73,,
2018-09-27,600038,中直股份,37.53,37.64,37.89,37.18,41104,162844758.0,1.9,0.48,0.18,0.7,,
2018-09-28,600038,中直股份,37.79,37.85,37.87,36.79,49353,193564462.0,2.87,0.56,0.21,0.84,,
2018-10-08,600038,中直股份,37.45,36.99,38.39,36.89,44357,176410675.0,3.96,-2.27,-0.86,0.75,,
2018-10-09,600038,中直股份,37.03,35.8,37.49,35.17,47952,182589844.0,6.27,-3.22,-1.19,0.81,,
2018-10-10,600038,中直股份,35.87,35.75,36.19,35.51,29630,112045929.0,1.9,-0.14,-0.05,0.5,,
2018-10-11,600038,中直股份,34.54,33.79,35.66,33.34,46758,170321696.0,6.49,-5.48,-1.96,0.79,,
2018-10-12,600038,中直股份,33.79,35.36,35.39,32.57,46878,169708177.0,8.35,4.65,1.57,0.8,,
2018-10-15,600038,中直股份,35.39,35.53,36.69,35.26,53551,202956862.0,4.04,0.48,0.17,0.91,,
2018-10-16,600038,中直股份,35.53,34.36,36.46,33.86,55710,207370145.0,7.32,-3.29,-1.17,0.95,,
2018-10-17,600038,中直股份,34.95,33.57,35.04,32.79,51811,185310465.0,6.55,-2.3,-0.79,0.88,,
2018-10-18,600038,中直股份,33.49,33.1,33.92,32.77,32273,114354040.0,3.43,-1.4,-0.47,0.55,,
2018-10-19,600038,中直股份,32.57,34.06,34.31,32.11,50046,175940176.0,6.65,2.9,0.96,0.85,,
2018-10-22,600038,中直股份,34.37,36.04,36.79,34.36,52075,196218559.0,7.13,5.81,1.98,0.88,,
2018-10-23,600038,中直股份,36.64,36.37,36.87,36.0,60100,231695126.0,2.41,0.92,0.33,1.02,,
2018-10-24,600038,中直股份,36.29,36.11,36.99,36.04,32554,125171264.0,2.61,-0.71,-0.26,0.55,,
2018-10-25,600038,中直股份,35.2,35.74,35.97,35.09,28128,105583868.0,2.44,-1.02,-0.37,0.48,,
2018-10-26,600038,中直股份,36.01,34.14,36.34,33.87,57413,210765680.0,6.91,-4.48,-1.6,0.97,,
2018-10-29,600038,中直股份,33.99,33.6,34.55,33.47,34649,124377748.0,3.16,-1.58,-0.54,0.59,,
2018-10-30,600038,中直股份,33.74,34.14,34.35,32.97,32511,116270725.0,4.11,1.61,0.54,0.55,,
2018-10-31,600038,中直股份,34.17,34.38,34.97,33.87,25244,92081466.0,3.22,0.7,0.24,0.43,,
2018-11-01,600038,中直股份,34.56,34.94,35.47,34.47,41632,153977244.0,2.91,1.63,0.56,0.71,,
2018-11-02,600038,中直股份,35.15,35.69,36.14,34.76,49851,185954861.0,3.95,2.15,0.75,0.85,,
2018-11-05,600038,中直股份,35.57,36.17,36.49,35.35,55514,210447262.0,3.19,1.34,0.48,0.94,,
2018-11-06,600038,中直股份,36.17,35.73,36.17,35.23,34094,128600415.0,2.6,-1.22,-0.44,0.58,,
2018-11-07,600038,中直股份,35.59,35.12,36.32,34.79,56128,209429435.0,4.28,-1.71,-0.61,0.95,,
2018-11-08,600038,中直股份,35.13,34.05,35.35,33.98,57168,207600598.0,3.9,-3.05,-1.07,0.97,,
2018-11-09,600038,中直股份,33.85,33.98,34.29,33.62,28341,102071941.0,1.97,-0.21,-0.07,0.48,,
2018-11-12,600038,中直股份,33.89,34.57,34.61,33.7,34083,124041699.0,2.68,1.74,0.59,0.58,,
2018-11-13,600038,中直股份,34.2,34.92,35.06,33.78,51311,187442529.0,3.7,1.01,0.35,0.87,,
2018-11-14,600038,中直股份,34.65,34.24,34.73,33.87,63710,229959244.0,2.46,-1.95,-0.68,1.08,,
2018-11-15,600038,中直股份,34.15,35.04,35.06,34.1,63299,233358439.0,2.8,2.34,0.8,1.07,,
2018-11-16,600038,中直股份,35.16,35.62,36.04,35.16,74388,280557584.0,2.51,1.66,0.58,1.26,,
2018-11-19,600038,中直股份,35.57,35.72,36.23,35.16,51822,195147862.0,3.0,0.28,0.1,0.88,,
2018-11-20,600038,中直股份,35.42,35.5,36.4,35.34,51029,193664697.0,2.97,-0.62,-0.22,0.87,,
2018-11-21,600038,中直股份,35.06,35.55,35.74,34.74,34642,128851379.0,2.82,0.14,0.05,0.59,,
2018-11-22,600038,中直股份,35.57,36.34,36.39,35.38,52958,201649340.0,2.84,2.22,0.79,0.9,,
2018-11-23,600038,中直股份,36.34,35.87,36.8,35.72,61165,234072919.0,2.97,-1.29,-0.47,1.04,,
2018-11-26,600038,中直股份,35.99,37.09,37.86,35.94,77287,303063456.0,5.35,3.4,1.22,1.31,,
2018-11-27,600038,中直股份,36.99,37.1,37.62,36.63,52677,206199544.0,2.67,0.03,0.01,0.89,,
2018-11-28,600038,中直股份,36.99,38.31,38.43,36.76,69609,277111056.0,4.5,3.26,1.21,1.18,,
2018-11-29,600038,中直股份,38.39,38.0,39.53,37.55,59869,243029992.0,5.17,-0.81,-0.31,1.02,,
2018-11-30,600038,中直股份,37.79,37.69,38.35,36.79,47303,186583146.0,4.11,-0.82,-0.31,0.8,,
2018-12-03,600038,中直股份,37.98,38.49,38.97,37.89,66988,270420896.0,2.87,2.12,0.8,1.14,,
2018-12-04,600038,中直股份,38.47,37.94,38.47,37.34,44176,175518726.0,2.94,-1.43,-0.55,0.75,,
2018-12-05,600038,中直股份,37.21,37.62,37.81,37.03,36483,144007728.0,2.06,-0.84,-0.32,0.62,,
2018-12-06,600038,中直股份,37.29,38.12,39.09,37.29,68300,276608064.0,4.78,1.33,0.5,1.16,,
2018-12-07,600038,中直股份,38.59,37.36,38.59,36.88,43315,170749209.0,4.49,-1.99,-0.76,0.73,,
2018-12-10,600038,中直股份,37.37,37.74,38.24,36.74,38219,152157046.0,4.01,1.02,0.38,0.65,,
2018-12-11,600038,中直股份,37.99,37.52,38.19,37.14,34028,134479111.0,2.78,-0.58,-0.22,0.58,,
2018-12-12,600038,中直股份,37.71,38.38,38.64,37.39,38527,155253424.0,3.33,2.29,0.86,0.65,,
2018-12-13,600038,中直股份,38.38,39.42,39.78,38.38,58775,242582226.0,3.65,2.71,1.04,1.0,,
2018-12-14,600038,中直股份,39.19,39.34,39.95,39.06,41240,170985600.0,2.26,-0.2,-0.08,0.7,,
2018-12-17,600038,中直股份,39.34,39.03,39.59,38.18,36327,148941164.0,3.58,-0.79,-0.31,0.62,,
2018-12-18,600038,中直股份,38.92,37.82,39.37,37.45,37072,148860377.0,4.92,-3.1,-1.21,0.63,,
2018-12-19,600038,中直股份,38.02,37.62,38.54,37.32,25268,100600355.0,3.23,-0.53,-0.2,0.43,,
2018-12-20,600038,中直股份,37.09,37.51,37.78,36.89,26891,105836706.0,2.37,-0.29,-0.11,0.46,,
2018-12-21,600038,中直股份,37.49,36.39,37.49,35.9,47530,182666653.0,4.24,-2.99,-1.12,0.81,,
2018-12-24,600038,中直股份,36.39,37.13,37.15,36.04,26224,101499901.0,3.05,2.03,0.74,0.44,,
2018-12-25,600038,中直股份,36.61,37.03,37.17,36.29,23091,89632097.0,2.37,-0.27,-0.1,0.39,,
2018-12-26,600038,中直股份,36.99,36.14,37.31,36.0,26742,102512448.0,3.54,-2.4,-0.89,0.45,,
2018-12-27,600038,中直股份,36.54,36.23,36.79,36.02,25609,98153108.0,2.13,0.25,0.09,0.43,,
2018-12-28,600038,中直股份,36.12,35.35,36.49,35.01,52767,197837350.0,4.09,-2.43,-0.88,0.9,,
2019-01-02,600038,中直股份,35.5,35.49,36.34,35.31,34945,131950011.0,2.91,0.4,0.14,0.59,,
2019-01-03,600038,中直股份,35.3,36.9,37.44,35.3,61666,239968273.0,6.03,3.97,1.41,1.05,,
2019-01-04,600038,中直股份,36.57,37.59,37.74,36.09,40422,158709288.0,4.47,1.87,0.69,0.69,,
2019-01-07,600038,中直股份,37.99,38.69,39.16,37.59,67485,273371616.0,4.18,2.93,1.1,1.14,,
2019-01-08,600038,中直股份,38.51,38.81,39.19,37.89,42358,172416599.0,3.36,0.31,0.12,0.72,,
2019-01-09,600038,中直股份,38.69,38.51,39.44,38.39,44118,180209195.0,2.71,-0.77,-0.3,0.75,,
2019-01-10,600038,中直股份,38.49,38.09,38.89,37.97,33870,136514843.0,2.39,-1.09,-0.42,0.57,,
2019-01-11,600038,中直股份,38.27,38.89,39.05,38.02,42186,171227646.0,2.7,2.1,0.8,0.72,,
2019-01-14,600038,中直股份,38.69,38.61,39.35,38.4,27944,114326102.0,2.44,-0.72,-0.28,0.47,,
2019-01-15,600038,中直股份,38.89,39.29,39.45,38.45,29409,120866107.0,2.59,1.76,0.68,0.5,,
2019-01-16,600038,中直股份,39.06,38.69,39.54,38.42,37055,151212130.0,2.85,-1.53,-0.6,0.63,,
2019-01-17,600038,中直股份,38.62,38.49,38.79,37.9,25621,103583907.0,2.3,-0.52,-0.2,0.43,,
2019-01-18,600038,中直股份,38.49,38.57,38.69,37.95,27414,110441682.0,1.92,0.21,0.08,0.47,,
2019-01-21,600038,中直股份,38.57,39.61,39.68,38.17,52648,217266769.0,3.91,2.7,1.04,0.89,,
2019-01-22,600038,中直股份,39.49,39.14,39.59,39.01,23057,95089186.0,1.46,-1.19,-0.47,0.39,,
2019-01-23,600038,中直股份,39.19,39.5,39.56,38.5,31686,129858666.0,2.71,0.92,0.36,0.54,,
2019-01-24,600038,中直股份,39.59,40.36,40.43,39.11,43954,184744963.0,3.34,2.18,0.86,0.75,,
2019-01-25,600038,中直股份,40.45,39.97,40.47,39.86,17371,73187406.0,1.51,-0.97,-0.39,0.29,,
2019-01-28,600038,中直股份,40.16,39.62,40.38,39.39,26433,110500052.0,2.48,-0.88,-0.35,0.45,,
2019-01-29,600038,中直股份,39.63,38.75,39.68,38.04,46070,187239081.0,4.14,-2.2,-0.87,0.78,,
2019-01-30,600038,中直股份,38.61,38.81,39.49,38.36,31102,127559267.0,2.92,0.15,0.06,0.53,,
2019-01-31,600038,中直股份,38.79,38.25,39.09,38.17,35011,141899039.0,2.37,-1.44,-0.56,0.59,,
2019-02-01,600038,中直股份,38.43,39.42,39.84,38.42,31926,131778440.0,3.71,3.06,1.17,0.54,,
2019-02-11,600038,中直股份,39.77,40.16,40.21,39.54,39263,164654149.0,1.7,1.88,0.74,0.67,,
2019-02-12,600038,中直股份,40.16,40.98,41.29,39.69,45144,193007013.0,3.98,2.04,0.82,0.77,,
2019-02-13,600038,中直股份,40.97,41.38,41.66,40.64,39037,168884451.0,2.49,0.98,0.4,0.66,,
2019-02-14,600038,中直股份,41.38,41.56,42.1,41.06,37219,162758084.0,2.51,0.43,0.18,0.63,,
2019-02-15,600038,中直股份,41.68,40.67,41.89,40.59,42183,181676406.0,3.13,-2.14,-0.89,0.72,,
2019-02-18,600038,中直股份,40.98,42.89,43.11,40.98,63330,281139040.0,5.24,5.46,2.22,1.07,,
2019-02-19,600038,中直股份,42.98,42.69,43.47,41.9,44823,199905490.0,3.66,-0.47,-0.2,0.76,,
2019-02-20,600038,中直股份,42.67,42.34,43.17,41.86,29306,130330335.0,3.07,-0.82,-0.35,0.5,,
2019-02-21,600038,中直股份,42.97,42.56,44.45,42.26,97474,439638240.0,5.17,0.52,0.22,1.65,,
2019-02-22,600038,中直股份,42.49,42.89,43.19,41.62,52500,232391151.0,3.69,0.78,0.33,0.89,,
2019-02-25,600038,中直股份,42.98,46.66,47.27,42.98,126616,595348112.0,10.0,8.79,3.77,2.15,,
2019-02-26,600038,中直股份,46.22,45.24,46.49,45.15,73040,348898608.0,2.87,-3.04,-1.42,1.24,,
2019-02-27,600038,中直股份,44.75,45.69,47.19,44.75,77164,370433440.0,5.39,0.99,0.45,1.31,,
2019-02-28,600038,中直股份,46.58,44.63,46.99,43.9,82315,386285440.0,6.76,-2.32,-1.06,1.4,,
2019-03-01,600038,中直股份,44.68,44.94,45.18,43.67,48696,226157620.0,3.38,0.69,0.31,0.83,,
2019-03-04,600038,中直股份,45.12,45.18,46.49,45.02,85091,406247456.0,3.27,0.53,0.24,1.44,,
2019-03-05,600038,中直股份,45.18,45.53,45.56,44.44,91090,427643184.0,2.48,0.77,0.35,1.55,,
2019-03-06,600038,中直股份,45.99,46.07,46.67,45.22,93479,447471024.0,3.18,1.19,0.54,1.59,,
2019-03-07,600038,中直股份,46.08,45.63,46.53,45.39,65094,310416528.0,2.47,-0.96,-0.44,1.1,,
2019-03-08,600038,中直股份,44.84,42.89,44.84,42.49,99244,456117008.0,5.15,-6.0,-2.74,1.68,,
2019-03-11,600038,中直股份,43.11,44.28,44.39,42.99,68309,312708080.0,3.26,3.24,1.39,1.16,,
2019-03-12,600038,中直股份,44.49,45.15,45.66,43.79,112294,524018064.0,4.22,1.96,0.87,1.9,,
2019-03-13,600038,中直股份,45.28,44.59,46.67,44.49,93955,447974912.0,4.83,-1.24,-0.56,1.59,,
2019-03-14,600038,中直股份,44.59,43.26,44.96,42.79,94633,429085536.0,4.87,-2.98,-1.33,1.61,,
2019-03-15,600038,中直股份,43.49,42.84,43.63,42.61,60365,271867520.0,2.36,-0.97,-0.42,1.02,,
2019-03-18,600038,中直股份,42.9,43.68,43.68,42.79,55266,250509750.0,2.08,1.96,0.84,0.94,,
2019-03-19,600038,中直股份,43.65,44.37,44.44,43.56,76515,353119488.0,2.01,1.58,0.69,1.3,,
2019-03-20,600038,中直股份,44.11,43.74,44.13,42.96,62714,285301824.0,2.64,-1.42,-0.63,1.06,,
2019-03-21,600038,中直股份,43.83,44.41,45.32,43.83,83668,390924928.0,3.41,1.53,0.67,1.42,,
2019-03-22,600038,中直股份,44.71,45.97,45.99,44.52,95987,455376624.0,3.31,3.51,1.56,1.63,,
2019-03-25,600038,中直股份,45.84,47.26,48.95,45.51,150947,747066400.0,7.48,2.81,1.29,2.56,,
2019-03-26,600038,中直股份,47.29,44.93,47.35,44.83,103920,496957824.0,5.33,-4.93,-2.33,1.76,,
2019-03-27,600038,中直股份,45.42,43.89,45.73,42.99,82521,379710896.0,6.1,-2.31,-1.04,1.4,,
2019-03-28,600038,中直股份,43.9,43.47,44.92,43.37,58964,271883616.0,3.53,-0.96,-0.42,1.0,,
2019-03-29,600038,中直股份,43.99,44.74,44.75,43.79,96528,447654992.0,2.21,2.92,1.27,1.64,,
2019-04-01,600038,中直股份,45.01,45.9,46.47,45.01,95017,456125568.0,3.26,2.59,1.16,1.61,,
2019-04-02,600038,中直股份,46.23,45.88,47.14,45.49,114767,553257568.0,3.59,-0.04,-0.02,1.95,,
2019-04-03,600038,中直股份,45.74,46.79,46.83,45.31,90990,436756352.0,3.31,1.98,0.91,1.54,,
2019-04-04,600038,中直股份,47.31,46.18,47.61,46.04,83386,404387552.0,3.36,-1.3,-0.61,1.41,,
2019-04-08,600038,中直股份,46.94,45.13,46.96,44.77,86094,408782752.0,4.74,-2.27,-1.05,1.46,,
2019-04-09,600038,中直股份,45.19,44.87,45.54,44.65,64922,305210016.0,1.97,-0.58,-0.26,1.1,,
2019-04-10,600038,中直股份,44.87,45.05,45.49,44.63,47648,223967368.0,1.92,0.4,0.18,0.81,,
2019-04-11,600038,中直股份,45.15,43.83,45.67,43.79,75844,353685968.0,4.17,-2.71,-1.22,1.29,,
2019-04-12,600038,中直股份,43.67,43.65,44.18,43.5,46394,212199895.0,1.55,-0.41,-0.18,0.79,,
2019-04-15,600038,中直股份,43.98,43.34,44.65,43.26,67503,310407664.0,3.18,-0.71,-0.31,1.15,,
2019-04-16,600038,中直股份,43.36,44.12,44.18,43.22,51852,237306654.0,2.22,1.8,0.78,0.88,,
2019-04-17,600038,中直股份,44.12,44.34,44.65,43.89,48276,223742965.0,1.72,0.5,0.22,0.82,,
2019-04-18,600038,中直股份,44.49,43.97,44.94,43.77,71184,329539312.0,2.64,-0.83,-0.37,1.21,,
2019-04-19,600038,中直股份,43.87,43.34,43.87,42.86,85092,384771216.0,2.3,-1.43,-0.63,1.44,,
2019-04-22,600038,中直股份,43.63,43.29,43.82,42.95,43735,197851623.0,2.01,-0.12,-0.05,0.74,,
2019-04-23,600038,中直股份,43.19,41.18,43.24,41.09,89154,391114672.0,4.97,-4.87,-2.11,1.51,,
2019-04-24,600038,中直股份,41.17,41.48,41.67,40.67,57617,248800535.0,2.43,0.73,0.3,0.98,,
2019-04-25,600038,中直股份,41.49,40.73,41.81,40.69,47294,204264425.0,2.7,-1.81,-0.75,0.8,,
2019-04-26,600038,中直股份,40.6,40.01,40.91,39.79,57516,243110404.0,2.75,-1.77,-0.72,0.98,,
2019-04-29,600038,中直股份,40.02,39.96,40.65,39.89,50486,213611281.0,1.9,-0.12,-0.05,0.86,,
2019-04-30,600038,中直股份,39.99,40.52,40.94,39.99,42685,181621802.0,2.38,1.4,0.56,0.72,,
2019-05-06,600038,中直股份,39.39,37.49,40.04,37.01,74374,301515840.0,7.48,-7.48,-3.03,1.26,,
2019-05-07,600038,中直股份,37.95,37.91,38.22,37.45,44144,176105671.0,2.05,1.12,0.42,0.75,,
2019-05-08,600038,中直股份,37.58,38.34,38.74,37.1,52613,211381145.0,4.33,1.13,0.43,0.89,,
2019-05-09,600038,中直股份,38.49,38.39,38.99,38.05,42882,174161228.0,2.45,0.13,0.05,0.73,,
2019-05-10,600038,中直股份,38.59,39.71,40.13,38.21,69619,287250448.0,5.0,3.44,1.32,1.18,,
2019-05-13,600038,中直股份,39.96,39.54,40.25,39.23,43081,179775903.0,2.57,-0.43,-0.17,0.73,,
2019-05-14,600038,中直股份,39.01,39.28,39.95,39.01,39119,162534607.0,2.38,-0.66,-0.26,0.66,,
2019-05-15,600038,中直股份,39.55,39.81,39.84,39.11,40958,170427038.0,1.86,1.35,0.53,0.69,,
2019-05-16,600038,中直股份,39.79,40.3,40.66,39.51,44680,188542401.0,2.89,1.23,0.49,0.76,,
2019-05-17,600038,中直股份,40.39,39.2,40.53,38.96,44970,187907551.0,3.9,-2.73,-1.1,0.76,,
2019-05-20,600038,中直股份,39.25,40.03,40.08,38.99,42722,178535642.0,2.78,2.12,0.83,0.72,,
2019-05-21,600038,中直股份,40.09,40.36,40.61,39.49,37086,156485223.0,2.8,0.82,0.33,0.63,,
2019-05-22,600038,中直股份,40.07,40.04,40.54,39.81,23851,100393053.0,1.81,-0.79,-0.32,0.4,,
2019-05-23,600038,中直股份,40.06,39.42,40.27,39.22,34170,142723631.0,2.62,-1.55,-0.62,0.58,,
2019-05-24,600038,中直股份,39.32,38.62,39.66,38.54,25007,102331532.0,2.84,-2.03,-0.8,0.42,,
2019-05-27,600038,中直股份,38.63,39.42,39.53,38.11,29421,120891238.0,3.68,2.07,0.8,0.5,,
2019-05-28,600038,中直股份,39.39,39.25,39.81,39.09,23407,97167574.0,1.83,-0.43,-0.17,0.4,,
2019-05-29,600038,中直股份,39.43,39.45,39.72,38.95,26418,109633822.0,1.96,0.51,0.2,0.45,,
2019-05-30,600038,中直股份,39.24,39.03,39.43,38.51,27339,111952742.0,2.33,-1.06,-0.42,0.46,,
2019-05-31,600038,中直股份,39.19,39.69,39.76,38.95,30952,127920889.0,2.08,1.69,0.66,0.53,,
2019-06-03,600038,中直股份,39.69,38.06,39.94,37.99,64004,260299160.0,4.91,-4.11,-1.63,1.09,,
2019-06-04,600038,中直股份,38.05,37.47,38.29,37.25,36290,143608716.0,2.73,-1.55,-0.59,0.62,,
2019-06-05,600038,中直股份,37.78,37.17,37.88,37.17,27122,106984850.0,1.89,-0.8,-0.3,0.46,,
2019-06-06,600038,中直股份,37.37,36.54,37.37,36.5,25940,100998289.0,2.34,-1.69,-0.63,0.44,,
2019-06-10,600038,中直股份,36.74,36.86,37.14,36.56,21430,83289846.0,1.59,0.88,0.32,0.36,,
2019-06-11,600038,中直股份,36.89,37.94,38.04,36.59,41536,164806303.0,3.93,2.93,1.08,0.7,,
2019-06-12,600038,中直股份,37.95,37.7,38.04,37.54,24832,98795663.0,1.32,-0.63,-0.24,0.42,,
2019-06-13,600038,中直股份,37.66,37.59,37.89,37.41,19034,75397448.0,1.27,-0.29,-0.11,0.32,,
2019-06-14,600038,中直股份,37.74,36.99,38.39,36.95,34988,138541813.0,3.83,-1.6,-0.6,0.59,,
2019-06-17,600038,中直股份,36.89,36.86,37.19,36.69,17689,68842051.0,1.35,-0.35,-0.13,0.3,,
2019-06-18,600038,中直股份,36.99,36.95,37.15,36.41,23055,89562138.0,2.01,0.24,0.09,0.39,,
2019-06-19,600038,中直股份,37.39,37.38,38.22,37.29,33505,132953991.0,2.52,1.16,0.43,0.57,,
2019-06-20,600038,中直股份,37.44,37.97,38.15,37.12,41682,166082952.0,2.76,1.58,0.59,0.71,,
2019-06-21,600038,中直股份,38.39,38.67,38.84,38.11,50245,203448655.0,1.92,1.84,0.7,0.85,,
2019-06-24,600038,中直股份,38.66,38.68,38.84,38.25,30949,125818316.0,1.53,0.03,0.01,0.53,,
2019-06-25,600038,中直股份,38.51,39.1,39.17,38.03,42818,174397971.0,2.95,1.09,0.42,0.73,,
2019-06-26,600038,中直股份,39.09,39.51,39.54,38.6,34355,141465309.0,2.4,1.05,0.41,0.58,,
2019-06-27,600038,中直股份,39.57,39.75,40.18,39.37,46926,196209178.0,2.05,0.61,0.24,0.8,,
2019-06-28,600038,中直股份,39.49,39.01,39.91,38.67,34215,140578523.0,3.12,-1.86,-0.74,0.58,,
2019-07-01,600038,中直股份,39.75,39.84,39.97,39.17,48226,200934554.0,2.05,2.13,0.83,0.82,,
2019-07-02,600038,中直股份,40.16,40.01,40.61,39.87,43701,184714782.0,1.86,0.43,0.17,0.74,,
2019-07-03,600038,中直股份,40.07,40.09,40.67,39.78,49293,208207467.0,2.22,0.2,0.08,0.84,,
2019-07-04,600038,中直股份,40.02,40.88,41.54,39.92,84486,362479744.0,4.04,1.97,0.79,1.43,,
2019-07-05,600038,中直股份,40.5,40.43,41.12,40.19,48134,204735772.0,2.27,-1.1,-0.45,0.82,,
2019-07-08,600038,中直股份,40.43,38.87,40.43,38.79,56154,231996084.0,4.06,-3.86,-1.56,0.95,,
2019-07-09,600038,中直股份,38.79,39.42,39.59,38.79,32399,133566447.0,2.06,1.41,0.55,0.55,,
2019-07-10,600038,中直股份,39.38,38.74,40.65,38.61,61454,254131899.0,5.18,-1.73,-0.68,1.04,,
2019-07-11,600038,中直股份,38.85,39.07,39.29,38.55,31913,130611246.0,1.91,0.85,0.33,0.54,,
2019-07-12,600038,中直股份,38.93,38.94,39.2,38.7,23974,98223032.0,1.28,-0.33,-0.13,0.41,,
2019-07-15,600038,中直股份,38.74,40.12,40.26,38.74,48614,202678362.0,3.9,3.03,1.18,0.82,,
2019-07-16,600038,中直股份,40.22,40.11,40.55,39.92,23757,99587164.0,1.57,-0.02,-0.01,0.4,,
2019-07-17,600038,中直股份,39.95,40.31,40.43,39.9,26301,110460983.0,1.32,0.5,0.2,0.45,,
2019-07-18,600038,中直股份,40.18,39.89,40.37,39.66,22697,94852031.0,1.76,-1.04,-0.42,0.39,,
2019-07-19,600038,中直股份,39.94,39.86,40.31,39.76,22562,94080540.0,1.38,-0.08,-0.03,0.38,,
2019-07-22,600038,中直股份,39.96,39.86,40.45,38.95,35951,149292921.0,3.76,0.0,0.0,0.61,,
2019-07-23,600038,中直股份,39.91,40.48,40.67,39.45,33539,140682185.0,3.06,1.56,0.62,0.57,,
2019-07-24,600038,中直股份,40.85,41.37,41.72,40.7,66385,286111152.0,2.52,2.2,0.89,1.13,,
2019-07-25,600038,中直股份,41.37,41.71,41.88,41.24,54505,236456937.0,1.55,0.82,0.34,0.92,,
2019-07-26,600038,中直股份,41.43,41.52,42.34,41.41,69192,300972272.0,2.23,-0.46,-0.19,1.17,,
2019-07-29,600038,中直股份,41.78,41.34,41.78,40.96,59102,254175316.0,1.97,-0.43,-0.18,1.0,,
2019-07-30,600038,中直股份,41.54,41.48,41.72,41.13,50787,219245075.0,1.43,0.34,0.14,0.86,,
2019-07-31,600038,中直股份,41.58,42.11,42.44,41.13,67294,293590336.0,3.16,1.52,0.63,1.14,,
2019-08-01,600038,中直股份,42.96,41.44,43.03,41.33,90921,398344720.0,4.04,-1.59,-0.67,1.54,,
2019-08-02,600038,中直股份,40.65,41.86,42.1,40.45,70062,303208128.0,3.98,1.01,0.42,1.19,,
2019-08-05,600038,中直股份,41.74,42.31,43.26,41.48,91007,404238832.0,4.25,1.08,0.45,1.54,,
2019-08-06,600038,中直股份,41.69,41.75,42.75,41.16,77326,337140272.0,3.76,-1.32,-0.56,1.31,,
2019-08-07,600038,中直股份,42.0,42.7,43.25,41.75,88254,392358720.0,3.59,2.28,0.95,1.5,,
2019-08-08,600038,中直股份,42.57,42.99,43.62,42.57,68767,308417120.0,2.46,0.68,0.29,1.17,,
2019-08-09,600038,中直股份,43.19,42.23,43.55,41.65,58012,256693215.0,4.42,-1.77,-0.76,0.98,,
2019-08-12,600038,中直股份,42.34,42.3,42.42,41.75,47148,206569627.0,1.59,0.17,0.07,0.8,,
2019-08-13,600038,中直股份,42.0,42.49,43.23,41.73,55852,247854632.0,3.55,0.45,0.19,0.95,,
2019-08-14,600038,中直股份,42.83,42.06,42.88,41.77,58227,255720887.0,2.61,-1.01,-0.43,0.99,,
2019-08-15,600038,中直股份,41.25,42.0,42.14,40.73,41299,179542097.0,3.35,-0.14,-0.06,0.7,,
2019-08-16,600038,中直股份,42.25,41.97,42.55,41.91,43242,190203528.0,1.52,-0.07,-0.03,0.73,,
2019-08-19,600038,中直股份,42.21,43.7,43.81,41.95,80113,360014208.0,4.43,4.12,1.73,1.36,,
2019-08-20,600038,中直股份,43.65,43.37,43.89,43.04,54852,247554083.0,1.95,-0.76,-0.33,0.93,,
2019-08-21,600038,中直股份,43.55,44.3,45.0,43.47,105220,485164928.0,3.53,2.14,0.93,1.78,,
2019-08-22,600038,中直股份,44.15,44.46,45.01,44.05,65259,301280000.0,2.17,0.36,0.16,1.11,,
2019-08-23,600038,中直股份,44.41,45.25,45.25,44.15,66227,307701552.0,2.47,1.78,0.79,1.12,,
2019-08-26,600038,中直股份,45.23,45.48,46.5,44.91,111561,528105152.0,3.51,0.51,0.23,1.89,,
2019-08-27,600038,中直股份,45.48,45.96,46.31,44.98,78936,373673728.0,2.92,1.06,0.48,1.34,,
2019-08-28,600038,中直股份,45.93,46.13,47.1,45.85,102780,495989664.0,2.72,0.37,0.17,1.74,,
2019-08-29,600038,中直股份,46.13,46.08,47.08,45.66,91983,441048960.0,3.08,-0.11,-0.05,1.56,,
2019-08-30,600038,中直股份,46.07,46.35,46.71,45.4,100826,483093104.0,2.84,0.59,0.27,1.71,,
2019-09-02,600038,中直股份,46.8,49.21,49.57,46.43,182337,908043856.0,6.77,6.17,2.86,3.09,,
2019-09-03,600038,中直股份,49.02,48.89,49.74,48.05,142878,720540912.0,3.43,-0.65,-0.32,2.42,,
2019-09-04,600038,中直股份,48.57,48.36,48.95,47.73,124260,620367200.0,2.5,-1.08,-0.53,2.11,,
2019-09-05,600038,中直股份,48.5,48.39,49.15,48.03,99022,497758944.0,2.32,0.06,0.03,1.68,,
2019-09-06,600038,中直股份,48.37,48.09,48.64,47.51,118519,589612544.0,2.34,-0.62,-0.3,2.01,,
2019-09-09,600038,中直股份,48.25,48.45,48.76,47.86,86392,431732304.0,1.87,0.75,0.36,1.47,,
2019-09-10,600038,中直股份,48.65,46.98,49.58,46.81,141478,700801552.0,5.72,-3.03,-1.47,2.4,,
2019-09-11,600038,中直股份,47.19,46.93,47.39,45.8,105954,512844768.0,3.38,-0.11,-0.05,1.8,,
2019-09-12,600038,中直股份,46.85,46.7,46.98,46.1,60481,291451760.0,1.88,-0.49,-0.23,1.03,,
2019-09-16,600038,中直股份,46.73,46.86,47.44,46.28,68811,333706848.0,2.48,0.34,0.16,1.17,,
2019-09-17,600038,中直股份,47.04,45.38,47.04,45.33,92450,440239504.0,3.65,-3.16,-1.48,1.57,,
2019-09-18,600038,中直股份,45.61,45.43,45.64,44.13,80532,376149408.0,3.33,0.11,0.05,1.37,,
2019-09-19,600038,中直股份,45.34,45.71,45.84,44.86,54819,258409377.0,2.16,0.62,0.28,0.93,,
2019-09-20,600038,中直股份,45.75,45.05,45.83,44.25,90054,419724704.0,3.46,-1.44,-0.66,1.53,,
2019-09-23,600038,中直股份,44.75,44.88,45.51,44.25,68903,321322016.0,2.8,-0.38,-0.17,1.17,,
2019-09-24,600038,中直股份,45.0,45.1,45.7,44.64,65571,308253056.0,2.36,0.49,0.22,1.11,,
2019-09-25,600038,中直股份,45.2,45.42,45.93,44.81,86329,408113232.0,2.48,0.71,0.32,1.46,,
2019-09-26,600038,中直股份,45.46,43.27,45.71,42.93,123426,562878064.0,6.12,-4.73,-2.15,2.09,,
2019-09-27,600038,中直股份,43.63,43.31,44.31,43.22,54811,248918260.0,2.52,0.09,0.04,0.93,,
2019-09-30,600038,中直股份,43.33,43.17,43.75,42.31,50642,227383717.0,3.32,-0.32,-0.14,0.86,,
2019-10-08,600038,中直股份,42.91,42.14,43.19,42.08,69108,305632656.0,2.57,-2.39,-1.03,1.17,,
2019-10-09,600038,中直股份,42.21,42.51,42.7,42.02,37346,164937947.0,1.61,0.88,0.37,0.63,,
2019-10-10,600038,中直股份,42.6,43.17,43.33,42.55,40952,183386238.0,1.83,1.55,0.66,0.69,,
2019-10-11,600038,中直股份,43.27,42.67,43.36,42.43,42267,188369618.0,2.15,-1.16,-0.5,0.72,,
2019-10-14,600038,中直股份,43.02,43.0,43.7,42.85,60692,272784192.0,1.99,0.77,0.33,1.03,,
2019-10-15,600038,中直股份,43.05,42.0,43.05,41.85,53208,233721005.0,2.79,-2.33,-1.0,0.9,,
2019-10-16,600038,中直股份,42.0,41.65,42.32,41.62,45555,199191539.0,1.67,-0.83,-0.35,0.77,,
2019-10-17,600038,中直股份,41.9,41.79,42.2,41.48,30258,131859361.0,1.73,0.34,0.14,0.51,,
2019-10-18,600038,中直股份,41.75,41.26,41.99,41.26,58088,251488546.0,1.75,-1.27,-0.53,0.99,,
2019-10-21,600038,中直股份,41.21,41.24,41.62,40.71,37382,160417157.0,2.21,-0.05,-0.02,0.63,,
2019-10-22,600038,中直股份,41.27,41.93,42.06,41.1,40642,176067983.0,2.33,1.67,0.69,0.69,,
2019-10-23,600038,中直股份,41.97,41.73,42.1,41.53,28771,125286249.0,1.36,-0.48,-0.2,0.49,,
2019-10-24,600038,中直股份,41.8,41.09,41.85,40.43,42070,180090402.0,3.4,-1.53,-0.64,0.71,,
2019-10-25,600038,中直股份,41.65,43.02,43.2,41.65,88590,392371840.0,3.77,4.7,1.93,1.5,,
2019-10-28,600038,中直股份,43.02,43.65,44.14,42.93,76172,345708400.0,2.81,1.46,0.63,1.29,,
2019-10-29,600038,中直股份,43.81,43.2,43.81,43.0,37266,167851780.0,1.86,-1.03,-0.45,0.63,,
2019-10-30,600038,中直股份,42.85,43.25,43.51,42.41,38927,174248170.0,2.55,0.12,0.05,0.66,,
2019-10-31,600038,中直股份,43.06,43.46,43.87,42.86,40591,183164701.0,2.34,0.49,0.21,0.69,,
2019-11-01,600038,中直股份,43.46,43.33,43.96,42.9,44266,199882664.0,2.44,-0.3,-0.13,0.75,,
2019-11-04,600038,中直股份,43.16,43.55,43.77,42.98,43647,197144139.0,1.82,0.51,0.22,0.74,,
2019-11-05,600038,中直股份,43.55,43.12,43.55,42.9,39042,175520829.0,1.49,-0.99,-0.43,0.66,,
2019-11-06,600038,中直股份,43.75,43.95,45.0,43.75,89347,411910096.0,2.9,1.92,0.83,1.52,,
2019-11-07,600038,中直股份,43.77,43.23,43.98,43.05,50203,227007983.0,2.12,-1.64,-0.72,0.85,,
2019-11-08,600038,中直股份,43.58,42.87,43.83,42.81,41072,184630071.0,2.36,-0.83,-0.36,0.7,,
2019-11-11,600038,中直股份,43.1,42.2,43.13,41.97,36790,162432534.0,2.71,-1.56,-0.67,0.62,,
2019-11-12,600038,中直股份,41.94,41.86,42.19,41.05,36814,159341986.0,2.7,-0.81,-0.34,0.62,,
2019-11-13,600038,中直股份,42.0,41.84,42.32,41.55,24992,109012526.0,1.84,-0.05,-0.02,0.42,,
2019-11-14,600038,中直股份,41.7,41.55,41.96,41.23,33963,147356803.0,1.74,-0.69,-0.29,0.58,,
2019-11-15,600038,中直股份,41.56,41.47,41.92,41.13,28082,121599585.0,1.9,-0.19,-0.08,0.48,,
2019-11-18,600038,中直股份,41.47,41.71,41.74,41.06,24953,107757532.0,1.64,0.58,0.24,0.42,,
2019-11-19,600038,中直股份,41.71,42.41,42.47,41.65,31976,140452722.0,1.97,1.68,0.7,0.54,,
2019-11-20,600038,中直股份,42.26,42.01,42.63,41.93,32480,142557791.0,1.65,-0.94,-0.4,0.55,,
2019-11-21,600038,中直股份,41.85,42.85,43.21,41.77,45043,200136698.0,3.43,2.0,0.84,0.76,,
2019-11-22,600038,中直股份,42.65,43.07,43.37,42.47,48510,217343793.0,2.1,0.51,0.22,0.82,,
2019-11-25,600038,中直股份,43.05,42.69,43.05,42.25,27013,119890279.0,1.86,-0.88,-0.38,0.46,,
2019-11-26,600038,中直股份,42.69,43.25,43.25,42.35,50780,227064242.0,2.11,1.31,0.56,0.86,,
2019-11-27,600038,中直股份,43.05,42.46,43.11,42.4,23690,105297817.0,1.64,-1.83,-0.79,0.4,,
2019-11-28,600038,中直股份,42.75,42.32,42.85,42.02,23306,102941276.0,1.95,-0.33,-0.14,0.4,,
2019-11-29,600038,中直股份,42.54,43.75,43.8,42.34,59480,267543632.0,3.45,3.38,1.43,1.01,,
2019-12-02,600038,中直股份,43.7,43.15,43.7,42.9,37105,167120303.0,1.83,-1.37,-0.6,0.63,,
2019-12-03,600038,中直股份,43.25,44.31,44.42,42.99,51045,233505817.0,3.31,2.69,1.16,0.87,,
2019-12-04,600038,中直股份,44.12,44.51,44.64,44.05,34704,160157209.0,1.33,0.45,0.2,0.59,,
2019-12-05,600038,中直股份,44.5,44.93,45.23,44.43,49097,228767301.0,1.8,0.94,0.42,0.83,,
2019-12-06,600038,中直股份,45.23,44.91,45.23,44.45,25963,120842224.0,1.74,-0.04,-0.02,0.44,,
2019-12-09,600038,中直股份,44.91,44.45,45.13,44.18,33137,153038688.0,2.12,-1.02,-0.46,0.56,,
2019-12-10,600038,中直股份,44.58,44.61,44.77,44.21,25849,119722917.0,1.26,0.36,0.16,0.44,,
2019-12-11,600038,中直股份,44.66,45.62,45.68,44.45,50692,238932159.0,2.76,2.26,1.01,0.86,,
2019-12-12,600038,中直股份,45.62,44.95,45.65,44.59,48587,226868477.0,2.32,-1.47,-0.67,0.82,,
2019-12-13,600038,中直股份,44.91,45.37,45.6,44.65,49299,230869152.0,2.11,0.93,0.42,0.84,,
2019-12-16,600038,中直股份,45.33,46.57,46.87,45.13,72574,348779632.0,3.84,2.64,1.2,1.23,,
2019-12-17,600038,中直股份,46.41,46.92,47.09,46.27,52744,256292612.0,1.76,0.75,0.35,0.89,,
2019-12-18,600038,中直股份,47.05,46.38,47.2,46.15,34368,165732934.0,2.24,-1.15,-0.54,0.58,,
2019-12-19,600038,中直股份,46.38,46.24,46.55,46.05,27733,133069132.0,1.08,-0.3,-0.14,0.47,,
2019-12-20,600038,中直股份,46.16,45.75,46.25,45.64,33114,157575334.0,1.32,-1.06,-0.49,0.56,,
2019-12-23,600038,中直股份,45.65,45.18,46.05,45.13,28541,134879655.0,2.01,-1.25,-0.57,0.48,,
2019-12-24,600038,中直股份,45.22,46.23,46.46,45.19,39910,190870443.0,2.81,2.32,1.05,0.68,,
2019-12-25,600038,中直股份,46.41,46.05,46.43,45.7,37256,177843368.0,1.58,-0.39,-0.18,0.63,,
2019-12-26,600038,中直股份,46.13,46.01,46.37,45.41,36228,172527289.0,2.08,-0.09,-0.04,0.61,,
2019-12-27,600038,中直股份,46.0,45.88,46.31,45.75,36109,172485217.0,1.22,-0.28,-0.13,0.61,,
2019-12-30,600038,中直股份,46.05,45.5,46.24,45.3,53659,254534154.0,2.05,-0.83,-0.38,0.91,,
2019-12-31,600038,中直股份,45.43,45.96,46.18,45.43,32723,155644703.0,1.65,1.01,0.46,0.56,,
2020-01-02,600038,中直股份,46.24,46.06,46.73,45.92,51742,248521583.0,1.76,0.22,0.1,0.88,,
2020-01-03,600038,中直股份,46.24,46.9,47.7,46.15,78072,380277328.0,3.37,1.82,0.84,1.32,,
2020-01-06,600038,中直股份,47.7,47.1,48.05,46.65,66986,328558944.0,2.99,0.43,0.2,1.14,,
2020-01-07,600038,中直股份,46.7,47.04,47.5,46.7,47898,234309206.0,1.7,-0.13,-0.06,0.81,,
2020-01-08,600038,中直股份,47.7,46.5,48.01,45.65,85408,415493280.0,5.02,-1.15,-0.54,1.45,,
2020-01-09,600038,中直股份,45.75,45.9,46.35,45.16,55417,263403141.0,2.56,-1.29,-0.6,0.94,,
2020-01-10,600038,中直股份,45.9,44.8,46.25,44.61,79670,373768320.0,3.57,-2.4,-1.1,1.35,,
2020-01-13,600038,中直股份,44.95,45.21,45.47,44.83,50090,234854054.0,1.43,0.92,0.41,0.85,,
2020-01-14,600038,中直股份,45.37,44.8,45.57,44.75,47327,221849327.0,1.81,-0.91,-0.41,0.8,,
2020-01-15,600038,中直股份,44.89,44.8,45.09,44.31,46614,216384599.0,1.74,0.0,0.0,0.79,,
2020-01-16,600038,中直股份,44.64,44.61,45.2,44.4,40708,189336825.0,1.79,-0.42,-0.19,0.69,,
2020-01-17,600038,中直股份,44.65,44.75,45.02,44.29,42536,197053904.0,1.64,0.31,0.14,0.72,,
2020-01-20,600038,中直股份,44.8,45.1,45.23,44.42,46125,215196635.0,1.81,0.78,0.35,0.78,,
2020-01-21,600038,中直股份,44.99,43.7,45.0,43.61,48905,224482627.0,3.08,-3.1,-1.4,0.83,,
2020-01-22,600038,中直股份,43.55,43.85,44.09,42.64,51116,230342420.0,3.32,0.34,0.15,0.87,,
2020-01-23,600038,中直股份,43.52,42.68,44.35,42.51,47189,213210302.0,4.2,-2.67,-1.17,0.8,,
2020-02-03,600038,中直股份,38.24,38.24,38.75,38.24,89266,357509120.0,1.19,-10.4,-4.44,1.51,价格异常,-10.402999062792873
2020-02-04,600038,中直股份,37.75,39.97,40.09,37.75,73355,301766048.0,6.12,4.52,1.73,1.24,,
2020-02-05,600038,中直股份,40.04,39.68,40.42,39.55,61876,257925120.0,2.18,-0.73,-0.29,1.05,,
2020-02-06,600038,中直股份,39.65,40.3,40.3,39.3,63161,263258837.0,2.52,1.56,0.62,1.07,,
2020-02-07,600038,中直股份,40.25,41.13,41.39,39.6,64543,270440624.0,4.44,2.06,0.83,1.09,,
2020-02-10,600038,中直股份,40.89,41.02,41.18,40.22,65136,276131312.0,2.33,-0.27,-0.11,1.1,,
2020-02-11,600038,中直股份,41.12,40.54,41.53,40.45,59369,252395228.0,2.63,-1.17,-0.48,1.01,,
2020-02-12,600038,中直股份,40.54,40.7,40.96,40.27,52093,220494625.0,1.7,0.39,0.16,0.88,,
2020-02-13,600038,中直股份,40.56,40.05,40.91,39.88,53096,223550972.0,2.53,-1.6,-0.65,0.9,,
2020-02-14,600038,中直股份,40.0,40.15,40.53,39.85,49495,207443368.0,1.7,0.25,0.1,0.84,,
2020-02-17,600038,中直股份,40.47,42.85,43.44,40.47,130595,573039344.0,7.4,6.72,2.7,2.22,,
2020-02-18,600038,中直股份,42.95,43.05,43.24,41.75,129280,573827024.0,3.48,0.47,0.2,2.19,,
2020-02-19,600038,中直股份,42.45,43.12,43.71,42.06,113491,508531120.0,3.83,0.16,0.07,1.93,,
2020-02-20,600038,中直股份,43.25,42.82,43.53,42.05,90742,402027696.0,3.43,-0.7,-0.3,1.54,,
2020-02-21,600038,中直股份,42.49,42.99,43.19,42.31,107962,479975328.0,2.06,0.4,0.17,1.83,,
2020-02-24,600038,中直股份,42.75,42.41,42.95,41.96,97362,429789328.0,2.3,-1.35,-0.58,1.65,,
2020-02-25,600038,中直股份,41.72,41.23,42.09,39.86,110936,475857456.0,5.26,-2.78,-1.18,1.88,,
2020-02-26,600038,中直股份,40.55,42.03,43.24,40.34,166738,729834000.0,7.03,1.94,0.8,2.83,,
2020-02-27,600038,中直股份,42.05,41.58,42.34,41.34,82266,358308976.0,2.38,-1.07,-0.45,1.4,,
2020-02-28,600038,中直股份,40.53,38.57,40.97,38.46,135694,558749024.0,6.04,-7.24,-3.01,2.3,,
2020-03-02,600038,中直股份,38.85,39.85,40.32,38.67,79113,326743520.0,4.28,3.32,1.28,1.34,,
2020-03-03,600038,中直股份,40.33,41.35,41.77,40.33,117095,503505136.0,3.61,3.76,1.5,1.99,,
2020-03-04,600038,中直股份,41.04,41.37,41.91,40.75,68002,292839888.0,2.81,0.05,0.02,1.15,,
2020-03-05,600038,中直股份,41.85,41.63,41.97,41.0,69546,301089904.0,2.34,0.63,0.26,1.18,,
2020-03-06,600038,中直股份,41.14,41.85,42.01,41.12,69592,302119136.0,2.14,0.53,0.22,1.18,,
2020-03-09,600038,中直股份,41.3,40.35,41.69,40.27,74146,315613216.0,3.39,-3.58,-1.5,1.26,,
2020-03-10,600038,中直股份,40.14,41.71,41.81,40.14,65517,280141920.0,4.14,3.37,1.36,1.11,,
2020-03-11,600038,中直股份,41.84,42.83,44.1,41.82,171529,770729600.0,5.47,2.69,1.12,2.91,,
2020-03-12,600038,中直股份,42.25,41.4,42.75,40.8,83045,359755360.0,4.55,-3.34,-1.43,1.41,,
2020-03-13,600038,中直股份,39.7,40.85,41.64,38.75,88329,371665392.0,6.98,-1.33,-0.55,1.5,,
2020-03-16,600038,中直股份,40.6,39.53,41.48,39.25,80066,339041264.0,5.46,-3.23,-1.32,1.36,,
2020-03-17,600038,中直股份,39.95,39.01,40.24,38.63,54246,222009484.0,4.07,-1.32,-0.52,0.92,,
2020-03-18,600038,中直股份,39.42,38.48,39.81,38.41,58927,240894479.0,3.59,-1.36,-0.53,1.0,,
2020-03-19,600038,中直股份,38.45,38.94,39.1,38.05,60831,244924196.0,2.73,1.2,0.46,1.03,,
2020-03-20,600038,中直股份,39.2,40.05,40.05,38.92,50502,208037247.0,2.9,2.85,1.11,0.86,,
2020-03-23,600038,中直股份,38.91,38.5,39.1,38.24,38904,157359121.0,2.15,-3.87,-1.55,0.66,,
2020-03-24,600038,中直股份,39.17,39.34,39.35,38.54,35623,145550720.0,2.1,2.18,0.84,0.6,,
2020-03-25,600038,中直股份,39.93,39.8,40.05,39.4,35028,145481718.0,1.65,1.17,0.46,0.59,,
2020-03-26,600038,中直股份,39.55,39.18,39.91,39.08,24004,98922734.0,2.09,-1.56,-0.62,0.41,,
2020-03-27,600038,中直股份,39.6,39.26,39.85,39.23,27501,113720205.0,1.58,0.2,0.08,0.47,,
2020-03-30,600038,中直股份,38.67,41.25,41.43,38.67,81174,342152176.0,7.03,5.07,1.99,1.38,,
2020-03-31,600038,中直股份,40.45,39.84,40.45,38.95,104951,433345136.0,3.64,-3.42,-1.41,1.78,,
2020-04-01,600038,中直股份,39.4,39.0,39.59,38.95,40024,164104788.0,1.61,-2.11,-0.84,0.68,,
2020-04-02,600038,中直股份,38.95,39.69,39.7,38.78,33168,136156444.0,2.36,1.77,0.69,0.56,,
2020-04-03,600038,中直股份,39.64,39.74,39.89,39.27,33686,139514980.0,1.56,0.13,0.05,0.57,,
2020-04-07,600038,中直股份,40.5,41.25,41.3,40.05,79531,340096976.0,3.15,3.8,1.51,1.35,,
2020-04-08,600038,中直股份,41.11,41.55,41.83,40.9,60449,261294333.0,2.25,0.73,0.3,1.03,,
2020-04-09,600038,中直股份,41.75,41.85,42.22,41.26,55861,243330306.0,2.31,0.72,0.3,0.95,,
2020-04-10,600038,中直股份,41.68,41.74,42.23,41.52,56166,245427342.0,1.7,-0.26,-0.11,0.95,,
2020-04-13,600038,中直股份,41.64,41.79,41.95,40.75,41420,178873906.0,2.87,0.12,0.05,0.7,,
2020-04-14,600038,中直股份,41.76,42.04,42.24,41.46,40371,176375847.0,1.87,0.6,0.25,0.68,,
2020-04-15,600038,中直股份,41.85,42.39,42.66,41.7,57388,253039950.0,2.28,0.83,0.35,0.97,,
2020-04-16,600038,中直股份,42.2,43.01,43.65,41.75,74256,331654656.0,4.48,1.46,0.62,1.26,,
2020-04-17,600038,中直股份,43.11,42.41,43.45,42.4,47841,212744797.0,2.44,-1.4,-0.6,0.81,,
2020-04-20,600038,中直股份,42.4,42.32,42.65,41.98,36047,158759168.0,1.58,-0.21,-0.09,0.61,,
2020-04-21,600038,中直股份,42.13,42.32,43.0,42.07,46724,206287417.0,2.2,0.0,0.0,0.79,,
2020-04-22,600038,中直股份,42.06,41.93,42.24,41.58,33461,145999573.0,1.56,-0.92,-0.39,0.57,,
2020-04-23,600038,中直股份,41.95,42.02,42.73,41.8,41372,182295917.0,2.22,0.21,0.09,0.7,,
2020-04-24,600038,中直股份,41.96,41.5,42.29,41.35,38689,168088293.0,2.24,-1.24,-0.52,0.66,,
2020-04-27,600038,中直股份,41.53,41.28,42.05,41.28,34066,147771433.0,1.86,-0.53,-0.22,0.58,,
2020-04-28,600038,中直股份,41.2,41.75,42.09,40.12,45918,197613688.0,4.77,1.14,0.47,0.78,,
2020-04-29,600038,中直股份,41.4,43.07,43.53,41.38,68463,303866848.0,5.15,3.16,1.32,1.16,,
2020-04-30,600038,中直股份,42.55,42.46,42.81,42.17,85859,379904784.0,1.49,-1.42,-0.61,1.46,,
2020-05-06,600038,中直股份,42.2,42.66,42.69,41.69,49865,219734504.0,2.36,0.47,0.2,0.85,,
2020-05-07,600038,中直股份,42.66,42.13,42.68,41.87,55403,243282088.0,1.9,-1.24,-0.53,0.94,,
2020-05-08,600038,中直股份,42.25,42.19,42.5,41.9,42811,188282617.0,1.42,0.14,0.06,0.73,,
2020-05-11,600038,中直股份,42.25,42.37,43.05,41.91,61824,273637792.0,2.7,0.43,0.18,1.05,,
2020-05-12,600038,中直股份,42.49,42.88,43.2,41.83,66514,296060976.0,3.23,1.2,0.51,1.13,,
2020-05-13,600038,中直股份,42.95,43.78,43.88,42.8,81588,370325632.0,2.52,2.1,0.9,1.38,,
2020-05-14,600038,中直股份,43.6,43.15,43.77,42.87,50921,229297611.0,2.06,-1.44,-0.63,0.86,,
2020-05-15,600038,中直股份,43.24,42.61,43.38,42.46,44340,198016390.0,2.13,-1.25,-0.54,0.75,,
2020-05-18,600038,中直股份,42.77,43.21,43.92,42.64,65194,294272384.0,3.0,1.41,0.6,1.11,,
2020-05-19,600038,中直股份,43.21,43.08,43.49,42.77,51129,229378144.0,1.67,-0.3,-0.13,0.87,,
2020-05-20,600038,中直股份,43.25,41.37,43.49,41.27,76832,336642256.0,5.15,-3.97,-1.71,1.3,,
2020-05-21,600038,中直股份,41.46,41.2,41.91,41.1,39005,168141998.0,1.96,-0.41,-0.17,0.66,,
2020-05-22,600038,中直股份,41.02,40.37,41.5,40.2,42691,180853169.0,3.16,-2.01,-0.83,0.72,,
2020-05-25,600038,中直股份,40.23,39.75,40.57,39.47,32697,136460185.0,2.72,-1.54,-0.62,0.55,,
2020-05-26,600038,中直股份,39.92,40.02,40.33,39.53,38549,160339030.0,2.01,0.68,0.27,0.65,,
2020-05-27,600038,中直股份,39.95,39.52,40.13,39.33,33792,140002830.0,2.0,-1.25,-0.5,0.57,,
2020-05-28,600038,中直股份,39.52,39.38,39.7,39.05,28308,116252476.0,1.64,-0.35,-0.14,0.48,,
2020-05-29,600038,中直股份,39.25,39.79,40.08,39.22,33178,137668931.0,2.18,1.04,0.41,0.56,,
2020-06-01,600038,中直股份,39.94,40.27,40.5,39.73,45533,190957058.0,1.94,1.21,0.48,0.77,,
2020-06-02,600038,中直股份,40.28,40.29,40.61,39.9,38959,163641045.0,1.76,0.05,0.02,0.66,,
2020-06-03,600038,中直股份,40.35,39.75,40.65,39.7,54139,225864532.0,2.36,-1.34,-0.54,0.92,,
2020-06-04,600038,中直股份,39.75,39.47,40.01,39.26,39704,163741366.0,1.89,-0.7,-0.28,0.67,,
2020-06-05,600038,中直股份,39.53,39.5,39.75,39.25,25775,106226477.0,1.27,0.08,0.03,0.44,,
2020-06-08,600038,中直股份,39.75,39.37,39.8,39.32,36320,149752666.0,1.22,-0.33,-0.13,0.62,,
2020-06-09,600038,中直股份,39.44,39.54,39.57,39.26,21809,89937243.0,0.79,0.43,0.17,0.37,,
2020-06-10,600038,中直股份,39.55,39.18,39.7,39.08,41981,172375045.0,1.57,-0.91,-0.36,0.71,,
2020-06-11,600038,中直股份,39.21,39.08,39.39,38.96,46434,189800426.0,1.1,-0.26,-0.1,0.79,,
2020-06-12,600038,中直股份,38.72,38.75,38.83,38.46,59437,239979084.0,0.95,-0.84,-0.33,1.01,,
2020-06-15,600038,中直股份,38.47,38.59,38.87,38.47,44992,181592713.0,1.03,-0.41,-0.16,0.76,,
2020-06-16,600038,中直股份,38.61,38.91,38.95,38.47,61119,247376460.0,1.24,0.83,0.32,1.04,,
2020-06-17,600038,中直股份,39.45,39.7,39.9,39.45,86318,357650448.0,1.16,2.03,0.79,1.46,,
2020-06-18,600038,中直股份,39.37,39.13,39.43,38.82,55186,225079907.0,1.54,-1.44,-0.57,0.94,,
2020-06-19,600038,中直股份,38.98,39.08,39.14,38.87,39730,161945785.0,0.69,-0.13,-0.05,0.67,,
2020-06-22,600038,中直股份,39.11,39.4,39.42,39.11,44015,180486191.0,0.79,0.82,0.32,0.75,,
2020-06-23,600038,中直股份,39.34,39.46,39.46,39.15,34398,141214539.0,0.79,0.15,0.06,0.58,,
2020-06-24,600038,中直股份,39.37,38.93,39.37,38.84,49362,201525195.0,1.34,-1.34,-0.53,0.84,,
2020-06-29,600038,中直股份,38.85,39.12,39.33,38.81,38638,157810516.0,1.34,0.49,0.19,0.66,,
2020-06-30,600038,中直股份,39.2,39.32,39.32,39.0,39459,161410268.0,0.82,0.51,0.2,0.67,,
2020-07-01,600038,中直股份,39.34,39.73,39.73,39.15,52922,217525887.0,1.48,1.04,0.41,0.9,,
2020-07-02,600038,中直股份,39.53,39.98,40.05,39.47,72674,302317152.0,1.46,0.63,0.25,1.23,,
2020-07-03,600038,中直股份,40.05,40.25,40.53,39.85,75332,315892720.0,1.7,0.68,0.27,1.28,,
2020-07-06,600038,中直股份,40.32,42.46,43.23,40.31,167301,731668368.0,7.25,5.49,2.21,2.84,,
2020-07-07,600038,中直股份,42.39,42.76,43.83,41.61,174991,784114640.0,5.23,0.71,0.3,2.97,,
2020-07-08,600038,中直股份,43.25,47.21,47.21,42.9,269766,1272478416.0,10.08,10.41,4.45,4.58,价格异常,10.40692235734333
2020-07-09,600038,中直股份,52.11,52.11,52.11,50.15,377645,2023301760.0,4.15,10.38,4.9,6.41,价格异常,10.37915695827154
2020-07-10,600038,中直股份,54.25,50.25,56.25,50.2,380604,2074455616.0,11.61,-3.57,-1.86,6.46,,
2020-07-13,600038,中直股份,49.55,49.26,50.48,48.01,301198,1530654464.0,4.92,-1.97,-0.99,5.11,,
2020-07-14,600038,中直股份,48.73,50.04,52.11,48.25,261588,1356861888.0,7.84,1.58,0.78,4.44,,
2020-07-15,600038,中直股份,50.24,48.18,50.75,47.55,159463,807974976.0,6.39,-3.72,-1.86,2.71,,
2020-07-16,600038,中直股份,48.25,46.04,49.12,45.85,127408,630919904.0,6.79,-4.44,-2.14,2.16,,
2020-07-17,600038,中直股份,46.2,47.23,48.65,46.15,117161,574547488.0,5.43,2.58,1.19,1.99,,
2020-07-20,600038,中直股份,48.85,50.86,51.15,48.45,190462,987147344.0,5.72,7.69,3.63,3.23,,
2020-07-21,600038,中直股份,51.35,48.76,51.55,48.02,190134,968573696.0,6.94,-4.13,-2.1,3.23,,
2020-07-22,600038,中直股份,48.26,51.0,52.15,48.26,226031,1185685648.0,7.98,4.59,2.24,3.83,,
2020-07-23,600038,中直股份,51.59,53.52,53.75,50.86,264859,1436895120.0,5.67,4.94,2.52,4.49,,
2020-07-24,600038,中直股份,53.52,52.55,55.45,51.45,225700,1244987152.0,7.47,-1.81,-0.97,3.83,,
2020-07-27,600038,中直股份,52.15,51.28,52.79,49.27,120888,639112544.0,6.7,-2.42,-1.27,2.05,,
2020-07-28,600038,中直股份,51.15,51.47,52.45,50.25,104917,556110560.0,4.29,0.37,0.19,1.78,,
2020-07-29,600038,中直股份,51.25,51.45,51.7,50.33,115030,607162112.0,2.66,-0.04,-0.02,1.95,,
2020-07-30,600038,中直股份,51.36,50.06,52.13,49.55,136900,715533904.0,5.01,-2.7,-1.39,2.32,,
2020-07-31,600038,中直股份,49.84,49.71,50.05,48.85,91071,466118720.0,2.4,-0.7,-0.35,1.54,,
2020-08-03,600038,中直股份,50.25,52.85,53.97,49.76,223315,1200337888.0,8.47,6.32,3.14,3.79,,
2020-08-04,600038,中直股份,52.25,50.65,52.6,50.33,140531,742637696.0,4.3,-4.16,-2.2,2.38,,
2020-08-05,600038,中直股份,50.35,53.53,54.76,50.12,168461,919332368.0,9.16,5.69,2.88,2.86,,
2020-08-06,600038,中直股份,53.35,59.06,59.06,53.25,204049,1188577952.0,10.85,10.33,5.53,3.46,价格异常,10.330655707080139
2020-08-07,600038,中直股份,59.25,63.95,65.14,57.55,328907,2130271536.0,12.85,8.28,4.89,5.58,,
2020-08-10,600038,中直股份,63.05,63.05,69.32,60.85,330908,2225331696.0,13.24,-1.41,-0.9,5.61,,
2020-08-11,600038,中直股份,63.26,61.8,66.37,61.43,196362,1283320400.0,7.84,-1.98,-1.25,3.33,,
2020-08-12,600038,中直股份,61.78,57.6,62.24,56.83,204517,1232628352.0,8.75,-6.8,-4.2,3.47,,
2020-08-13,600038,中直股份,59.67,58.05,59.71,57.63,124349,746968832.0,3.61,0.78,0.45,2.11,,
2020-08-14,600038,中直股份,58.16,62.04,62.92,58.16,164367,1034610880.0,8.2,6.87,3.99,2.79,,
2020-08-17,600038,中直股份,62.66,63.55,64.2,61.16,136938,882085376.0,4.9,2.43,1.51,2.32,,
2020-08-18,600038,中直股份,62.65,62.7,64.95,62.46,108270,703440064.0,3.92,-1.34,-0.85,1.84,,
2020-08-19,600038,中直股份,62.85,60.05,63.25,59.66,93815,585649568.0,5.73,-4.23,-2.65,1.59,,
2020-08-20,600038,中直股份,60.05,58.31,61.03,58.03,79833,483016064.0,5.0,-2.9,-1.74,1.35,,
2020-08-21,600038,中直股份,59.28,58.42,60.42,57.63,75866,457430336.0,4.78,0.19,0.11,1.29,,
2020-08-24,600038,中直股份,60.55,59.96,62.74,59.05,121144,748889520.0,6.32,2.64,1.54,2.06,,
2020-08-25,600038,中直股份,60.57,57.41,60.57,56.5,120923,718164000.0,6.79,-4.25,-2.55,2.05,,
2020-08-26,600038,中直股份,57.43,54.27,58.45,53.98,139505,792645200.0,7.79,-5.47,-3.14,2.37,,
2020-08-27,600038,中直股份,54.7,54.33,55.23,53.62,82907,463206400.0,2.97,0.11,0.06,1.41,,
2020-08-28,600038,中直股份,54.45,55.0,55.67,53.75,96245,539801216.0,3.53,1.23,0.67,1.63,,
2020-08-31,600038,中直股份,55.0,55.75,57.55,54.96,128860,742726064.0,4.71,1.36,0.75,2.19,,
2020-09-01,600038,中直股份,56.23,57.29,58.14,56.09,101697,596404144.0,3.68,2.76,1.54,1.73,,
2020-09-02,600038,中直股份,57.55,56.94,57.55,55.95,58946,340924496.0,2.79,-0.61,-0.35,1.0,,
2020-09-03,600038,中直股份,56.55,56.15,56.85,54.95,71074,405685840.0,3.34,-1.39,-0.79,1.21,,
2020-09-04,600038,中直股份,55.37,54.86,56.51,54.29,59586,336623872.0,3.95,-2.3,-1.29,1.01,,
2020-09-07,600038,中直股份,54.76,52.67,55.34,52.35,84949,468037376.0,5.45,-3.99,-2.19,1.44,,
2020-09-08,600038,中直股份,53.05,52.55,53.43,51.55,60773,327955952.0,3.57,-0.23,-0.12,1.03,,
2020-09-09,600038,中直股份,52.28,53.2,54.05,51.74,84059,458060528.0,4.4,1.24,0.65,1.43,,
2020-09-10,600038,中直股份,53.04,51.68,53.65,51.63,55238,299465152.0,3.8,-2.86,-1.52,0.94,,
2020-09-11,600038,中直股份,51.56,51.55,51.96,50.36,50030,263820754.0,3.1,-0.25,-0.13,0.85,,
2020-09-14,600038,中直股份,51.86,51.35,52.24,50.88,43159,227888301.0,2.64,-0.39,-0.2,0.73,,
2020-09-15,600038,中直股份,51.35,52.18,54.33,51.21,66631,360054944.0,6.08,1.62,0.83,1.13,,
2020-09-16,600038,中直股份,52.07,51.59,52.54,51.2,31931,169665379.0,2.57,-1.13,-0.59,0.54,,
2020-09-17,600038,中直股份,51.44,51.25,51.84,50.43,38875,204288785.0,2.73,-0.66,-0.34,0.66,,
2020-09-18,600038,中直股份,51.41,53.05,53.13,51.41,67720,366449808.0,3.36,3.51,1.8,1.15,,
2020-09-21,600038,中直股份,53.83,54.78,56.7,53.5,112384,637631568.0,6.03,3.26,1.73,1.91,,
2020-09-22,600038,中直股份,54.15,53.82,54.97,53.4,42620,236600597.0,2.87,-1.75,-0.96,0.72,,
2020-09-23,600038,中直股份,53.82,54.3,54.75,53.37,29768,165281132.0,2.56,0.89,0.48,0.5,,
2020-09-24,600038,中直股份,53.45,52.49,53.83,52.4,33872,183982677.0,2.63,-3.33,-1.81,0.57,,
2020-09-25,600038,中直股份,52.88,52.53,53.13,51.93,30401,163893280.0,2.29,0.08,0.04,0.52,,
2020-09-28,600038,中直股份,52.7,52.54,53.14,51.9,38481,208140769.0,2.36,0.02,0.01,0.65,,
2020-09-29,600038,中直股份,52.55,55.01,55.38,52.55,79085,443747824.0,5.39,4.7,2.47,1.34,,
2020-09-30,600038,中直股份,54.91,54.56,55.14,53.85,43350,243063788.0,2.35,-0.82,-0.45,0.74,,
2020-10-09,600038,中直股份,55.57,55.17,55.75,54.55,54782,308802320.0,2.2,1.12,0.61,0.93,,
2020-10-12,600038,中直股份,55.55,57.26,58.53,55.34,104631,611512464.0,5.78,3.79,2.09,1.77,,
2020-10-13,600038,中直股份,57.24,56.72,57.24,55.86,62708,362745600.0,2.41,-0.94,-0.54,1.06,,
2020-10-14,600038,中直股份,56.46,55.54,57.82,54.91,68676,395451280.0,5.13,-2.08,-1.18,1.17,,
2020-10-15,600038,中直股份,55.3,54.97,56.39,54.83,55573,315232368.0,2.81,-1.03,-0.57,0.94,,
2020-10-16,600038,中直股份,54.82,54.1,55.15,53.51,53862,299240784.0,2.98,-1.58,-0.87,0.91,,
2020-10-19,600038,中直股份,54.15,53.74,54.72,53.61,48482,269672912.0,2.05,-0.67,-0.36,0.82,,
2020-10-20,600038,中直股份,53.61,54.15,54.24,52.66,28352,155755629.0,2.94,0.76,0.41,0.48,,
2020-10-21,600038,中直股份,53.71,52.34,54.21,52.31,41740,227087511.0,3.51,-3.34,-1.81,0.71,,
2020-10-22,600038,中直股份,52.32,52.38,52.76,51.26,36388,194546601.0,2.87,0.08,0.04,0.62,,
2020-10-23,600038,中直股份,52.52,51.4,52.84,51.1,30182,161425436.0,3.32,-1.87,-0.98,0.51,,
2020-10-26,600038,中直股份,51.17,51.58,51.81,50.69,25326,133633647.0,2.18,0.35,0.18,0.43,,
2020-10-27,600038,中直股份,51.41,52.06,52.4,51.22,24790,132258078.0,2.29,0.93,0.48,0.42,,
2020-10-28,600038,中直股份,52.05,51.66,52.2,50.93,23618,124860078.0,2.44,-0.77,-0.4,0.4,,
2020-10-29,600038,中直股份,51.25,48.07,51.35,46.55,153738,769138192.0,9.29,-6.95,-3.59,2.61,,
2020-10-30,600038,中直股份,48.95,48.62,51.49,48.45,121390,625215232.0,6.32,1.14,0.55,2.06,,
2020-11-02,600038,中直股份,48.7,49.46,50.26,47.63,92958,470020384.0,5.41,1.73,0.84,1.58,,
2020-11-03,600038,中直股份,49.81,50.45,50.79,48.96,55706,287574048.0,3.7,2.0,0.99,0.95,,
2020-11-04,600038,中直股份,50.49,50.97,51.55,49.99,51155,267448863.0,3.09,1.03,0.52,0.87,,
2020-11-05,600038,中直股份,51.15,50.99,51.25,50.42,38804,202960300.0,1.63,0.04,0.02,0.66,,
2020-11-06,600038,中直股份,50.57,50.25,50.9,49.71,52078,269084208.0,2.33,-1.45,-0.74,0.88,,
2020-11-09,600038,中直股份,50.25,50.61,50.73,48.56,74551,382092672.0,4.32,0.72,0.36,1.26,,
2020-11-10,600038,中直股份,50.64,50.02,50.97,49.66,39634,204358180.0,2.59,-1.17,-0.59,0.67,,
2020-11-11,600038,中直股份,49.65,48.58,50.35,48.54,40911,207608657.0,3.62,-2.88,-1.44,0.69,,
2020-11-12,600038,中直股份,48.57,47.65,49.0,47.35,69378,343277472.0,3.4,-1.91,-0.93,1.18,,
2020-11-13,600038,中直股份,47.55,48.56,49.24,47.09,63622,316787712.0,4.51,1.91,0.91,1.08,,
2020-11-16,600038,中直股份,48.56,48.24,49.55,47.95,46850,232863427.0,3.29,-0.66,-0.32,0.79,,
2020-11-17,600038,中直股份,47.85,47.41,48.15,46.96,39627,193844813.0,2.47,-1.72,-0.83,0.67,,
2020-11-18,600038,中直股份,47.43,47.62,48.27,47.17,31851,156478501.0,2.32,0.44,0.21,0.54,,
2020-11-19,600038,中直股份,47.53,51.24,51.92,46.92,134905,694980544.0,10.5,7.6,3.62,2.29,,
2020-11-20,600038,中直股份,51.4,51.87,52.48,50.89,119957,636539600.0,3.1,1.23,0.63,2.03,,
2020-11-23,600038,中直股份,51.72,50.85,51.99,50.55,84044,442932416.0,2.78,-1.97,-1.02,1.43,,
2020-11-24,600038,中直股份,50.62,51.45,52.13,50.58,66878,353708608.0,3.05,1.18,0.6,1.13,,
2020-11-25,600038,中直股份,51.32,49.77,51.44,49.71,44238,229708867.0,3.36,-3.27,-1.68,0.75,,
2020-11-26,600038,中直股份,49.85,51.44,51.58,49.38,70637,368233216.0,4.42,3.36,1.67,1.2,,
2020-11-27,600038,中直股份,51.45,52.74,54.53,50.75,158042,858991920.0,7.35,2.53,1.3,2.68,,
2020-11-30,600038,中直股份,52.81,52.27,53.83,52.27,95727,521203200.0,2.96,-0.89,-0.47,1.62,,
2020-12-01,600038,中直股份,52.48,53.61,53.91,52.37,101614,556585760.0,2.95,2.56,1.34,1.72,,
2020-12-02,600038,中直股份,53.57,53.31,54.25,53.15,79182,435782432.0,2.05,-0.56,-0.3,1.34,,
2020-12-03,600038,中直股份,53.15,52.19,53.15,51.86,76126,408946176.0,2.42,-2.1,-1.12,1.29,,
2020-12-04,600038,中直股份,52.15,52.75,53.15,51.57,64329,345523696.0,3.03,1.07,0.56,1.09,,
2020-12-07,600038,中直股份,52.79,52.55,53.13,51.95,60992,329895264.0,2.24,-0.38,-0.2,1.03,,
2020-12-08,600038,中直股份,52.13,52.32,53.15,52.1,47754,258010424.0,2.0,-0.44,-0.23,0.81,,
2020-12-09,600038,中直股份,52.27,50.82,52.56,50.82,59171,314233664.0,3.33,-2.87,-1.5,1.0,,
2020-12-10,600038,中直股份,50.65,50.1,51.25,49.78,81446,422708304.0,2.89,-1.42,-0.72,1.38,,
2020-12-11,600038,中直股份,50.48,49.49,50.48,48.4,109734,554744688.0,4.15,-1.22,-0.61,1.86,,
2020-12-14,600038,中直股份,48.85,49.51,50.75,48.67,72596,371188512.0,4.2,0.04,0.02,1.23,,
2020-12-15,600038,中直股份,49.46,50.6,51.05,49.19,66227,343321456.0,3.76,2.2,1.09,1.12,,
2020-12-16,600038,中直股份,50.34,51.02,51.51,50.21,49416,258494953.0,2.57,0.83,0.42,0.84,,
2020-12-17,600038,中直股份,50.6,50.93,51.31,50.07,53937,281210992.0,2.43,-0.18,-0.09,0.91,,
2020-12-18,600038,中直股份,50.72,54.85,55.51,50.58,169802,942908960.0,9.68,7.7,3.92,2.88,,
2020-12-21,600038,中直股份,54.6,55.73,56.26,54.25,143204,813759056.0,3.66,1.6,0.88,2.43,,
2020-12-22,600038,中直股份,55.23,54.52,56.2,54.52,98819,561257072.0,3.01,-2.17,-1.21,1.68,,
2020-12-23,600038,中直股份,54.74,57.25,57.35,54.48,153250,884966048.0,5.26,5.01,2.73,2.6,,
2020-12-24,600038,中直股份,58.55,55.87,59.83,55.34,176429,1044229376.0,7.84,-2.41,-1.38,2.99,,
2020-12-25,600038,中直股份,55.55,56.55,56.94,54.13,122208,696897776.0,5.03,1.22,0.68,2.07,,
2020-12-28,600038,中直股份,56.61,57.35,58.2,55.77,106274,621576912.0,4.3,1.41,0.8,1.8,,
2020-12-29,600038,中直股份,56.75,56.56,58.55,56.08,98045,576424080.0,4.31,-1.38,-0.79,1.66,,
2020-12-30,600038,中直股份,56.03,58.8,59.66,55.69,113723,677668528.0,7.02,3.96,2.24,1.93,,
2020-12-31,600038,中直股份,58.8,61.26,61.55,58.25,146097,897764576.0,5.61,4.18,2.46,2.48,,
2021-01-04,600038,中直股份,63.05,65.21,65.73,61.59,196306,1286449248.0,6.76,6.45,3.95,3.33,,
2021-01-05,600038,中直股份,64.55,65.05,67.78,63.56,158312,1056551456.0,6.47,-0.25,-0.16,2.69,,
2021-01-06,600038,中直股份,64.55,65.59,67.75,63.95,139524,942261280.0,5.84,0.83,0.54,2.37,,
2021-01-07,600038,中直股份,65.05,68.97,69.71,64.8,161871,1124289664.0,7.49,5.15,3.38,2.75,,
2021-01-08,600038,中直股份,68.4,66.03,69.59,65.21,154548,1050599680.0,6.35,-4.26,-2.94,2.62,,
2021-01-11,600038,中直股份,66.45,64.57,68.03,63.78,156153,1051717920.0,6.44,-2.21,-1.46,2.65,,
2021-01-12,600038,中直股份,64.35,66.4,67.13,64.24,144808,976858944.0,4.48,2.83,1.83,2.46,,
2021-01-13,600038,中直股份,66.55,63.38,67.08,62.75,156486,1037040576.0,6.52,-4.55,-3.02,2.65,,
2021-01-14,600038,中直股份,62.45,60.94,62.85,59.79,144342,906731440.0,4.83,-3.85,-2.44,2.45,,
2021-01-15,600038,中直股份,60.95,59.67,62.0,58.58,113329,699701776.0,5.61,-2.08,-1.27,1.92,,
2021-01-18,600038,中直股份,60.26,60.93,62.39,60.26,96568,605975696.0,3.57,2.11,1.26,1.64,,
2021-01-19,600038,中直股份,60.4,61.36,62.14,60.08,84793,532818736.0,3.38,0.71,0.43,1.44,,
2021-01-20,600038,中直股份,61.35,61.48,62.08,60.45,70152,440226704.0,2.66,0.2,0.12,1.19,,
2021-01-21,600038,中直股份,61.15,61.28,62.19,60.78,80700,508054512.0,2.29,-0.33,-0.2,1.37,,
2021-01-22,600038,中直股份,61.0,61.25,61.53,59.43,71875,445479856.0,3.43,-0.05,-0.03,1.22,,
2021-01-25,600038,中直股份,61.2,60.42,62.9,60.13,116479,734292288.0,4.52,-1.36,-0.83,1.98,,
2021-01-26,600038,中直股份,58.63,56.87,58.68,55.68,138881,809101344.0,4.97,-5.88,-3.55,2.36,,
2021-01-27,600038,中直股份,56.55,56.85,57.36,55.73,62124,360472064.0,2.87,-0.04,-0.02,1.05,,
2021-01-28,600038,中直股份,55.95,57.1,59.38,55.83,77551,459371488.0,6.24,0.44,0.25,1.32,,
2021-01-29,600038,中直股份,57.05,54.56,57.84,53.92,69691,396538784.0,6.87,-4.45,-2.54,1.18,,
2021-02-01,600038,中直股份,55.15,56.35,56.51,54.86,58757,336024128.0,3.02,3.28,1.79,1.0,,
2021-02-02,600038,中直股份,56.15,55.84,56.55,54.65,54884,312811808.0,3.37,-0.91,-0.51,0.93,,
2021-02-03,600038,中直股份,55.6,54.3,56.35,54.3,56092,318787296.0,3.67,-2.76,-1.54,0.95,,
2021-02-04,600038,中直股份,54.3,53.08,54.99,52.23,55454,304089616.0,5.08,-2.25,-1.22,0.94,,
2021-02-05,600038,中直股份,53.44,51.45,53.91,51.39,47977,257470666.0,4.75,-3.07,-1.63,0.81,,
2021-02-08,600038,中直股份,51.46,52.27,52.65,50.6,54396,288871424.0,3.98,1.59,0.82,0.92,,
2021-02-09,600038,中直股份,52.25,54.55,55.05,51.82,55782,308970848.0,6.18,4.36,2.28,0.95,,
2021-02-10,600038,中直股份,54.36,54.02,54.43,53.22,40820,225313607.0,2.22,-0.97,-0.53,0.69,,
2021-02-18,600038,中直股份,53.6,53.8,54.84,53.6,48580,269967904.0,2.3,-0.41,-0.22,0.82,,
2021-02-19,600038,中直股份,53.55,54.13,54.35,52.71,45199,249024873.0,3.05,0.61,0.33,0.77,,
2021-02-22,600038,中直股份,54.01,52.4,54.44,52.28,64689,354839936.0,3.99,-3.2,-1.73,1.1,,
2021-02-23,600038,中直股份,52.05,53.68,54.1,51.13,77975,424075472.0,5.67,2.44,1.28,1.32,,
2021-02-24,600038,中直股份,53.65,52.86,54.28,52.13,62438,339984688.0,4.01,-1.53,-0.82,1.06,,
2021-02-25,600038,中直股份,53.05,53.92,54.9,52.75,97304,540237696.0,4.07,2.01,1.06,1.65,,
2021-02-26,600038,中直股份,53.05,51.47,53.8,51.46,77994,418931664.0,4.34,-4.54,-2.45,1.32,,
2021-03-01,600038,中直股份,51.84,51.62,52.11,50.66,58550,309804352.0,2.82,0.29,0.15,0.99,,
2021-03-02,600038,中直股份,52.08,51.33,52.55,50.23,85137,448512144.0,4.49,-0.56,-0.29,1.44,,
2021-03-03,600038,中直股份,51.13,50.58,51.28,50.15,75672,393523408.0,2.2,-1.46,-0.75,1.28,,
2021-03-04,600038,中直股份,50.63,50.3,51.54,50.01,83690,437061952.0,3.02,-0.55,-0.28,1.42,,
2021-03-05,600038,中直股份,49.59,49.91,50.5,48.95,60680,310049664.0,3.08,-0.78,-0.39,1.03,,
2021-03-08,600038,中直股份,50.17,46.05,50.33,45.96,131845,648193344.0,8.76,-7.73,-3.86,2.24,,
2021-03-09,600038,中直股份,45.58,45.05,46.03,44.57,76555,357282448.0,3.17,-2.17,-1.0,1.3,,
2021-03-10,600038,中直股份,45.49,44.19,45.68,44.01,49764,229512082.0,3.71,-1.91,-0.86,0.84,,
2021-03-11,600038,中直股份,44.15,44.5,44.77,43.71,49837,228316425.0,2.4,0.7,0.31,0.85,,
2021-03-12,600038,中直股份,44.5,43.74,44.54,43.27,49883,225360348.0,2.85,-1.71,-0.76,0.85,,
2021-03-15,600038,中直股份,43.62,43.43,44.05,42.96,42291,190176617.0,2.49,-0.71,-0.31,0.72,,
2021-03-16,600038,中直股份,43.54,43.66,43.93,42.56,32818,147822090.0,3.15,0.53,0.23,0.56,,
2021-03-17,600038,中直股份,43.66,44.33,44.54,43.38,47921,218232185.0,2.66,1.53,0.67,0.81,,
2021-03-18,600038,中直股份,44.1,45.32,46.02,44.1,77560,362629488.0,4.33,2.23,0.99,1.32,,
2021-03-19,600038,中直股份,44.77,45.82,46.46,44.61,75060,354252000.0,4.08,1.1,0.5,1.27,,
2021-03-22,600038,中直股份,45.58,46.02,46.35,45.01,37889,178991191.0,2.92,0.44,0.2,0.64,,
2021-03-23,600038,中直股份,45.73,46.47,46.96,45.72,43886,210076197.0,2.69,0.98,0.45,0.74,,
2021-03-24,600038,中直股份,46.44,45.27,46.84,45.11,44872,211684594.0,3.72,-2.58,-1.2,0.76,,
2021-03-25,600038,中直股份,45.25,46.1,46.51,45.15,33290,158064343.0,3.0,1.83,0.83,0.56,,
2021-03-26,600038,中直股份,46.12,46.42,46.9,46.12,32714,156668144.0,1.69,0.69,0.32,0.55,,
2021-03-29,600038,中直股份,46.55,47.41,48.32,46.34,60167,294528032.0,4.27,2.13,0.99,1.02,,
2021-03-30,600038,中直股份,47.43,48.98,49.5,47.43,72367,364424688.0,4.37,3.31,1.57,1.23,,
2021-03-31,600038,中直股份,50.85,49.11,50.95,48.04,87431,442589600.0,5.94,0.27,0.13,1.48,,
2021-04-01,600038,中直股份,49.55,49.47,50.23,49.08,57231,292459840.0,2.34,0.73,0.36,0.97,,
2021-04-02,600038,中直股份,49.56,49.43,50.04,48.98,39638,201330538.0,2.14,-0.08,-0.04,0.67,,
2021-04-06,600038,中直股份,49.5,49.42,49.95,48.54,42770,216960727.0,2.85,-0.02,-0.01,0.73,,
2021-04-07,600038,中直股份,49.54,49.8,50.04,49.11,43260,220680797.0,1.88,0.77,0.38,0.73,,
2021-04-08,600038,中直股份,49.54,49.46,49.93,48.63,40106,203831067.0,2.61,-0.68,-0.34,0.68,,
2021-04-09,600038,中直股份,49.45,50.1,52.15,49.41,85654,449161680.0,5.54,1.29,0.64,1.45,,
2021-04-12,600038,中直股份,49.86,48.95,50.87,48.8,39640,202826880.0,4.13,-2.3,-1.15,0.67,,
2021-04-13,600038,中直股份,48.96,49.16,49.55,48.55,27720,140017590.0,2.04,0.43,0.21,0.47,,
2021-04-14,600038,中直股份,48.67,49.45,49.73,48.58,22989,116847803.0,2.34,0.59,0.29,0.39,,
2021-04-15,600038,中直股份,49.4,50.35,50.46,48.75,31551,161232962.0,3.46,1.82,0.9,0.54,,
2021-04-16,600038,中直股份,50.11,49.93,50.4,49.46,27601,141649771.0,1.87,-0.83,-0.42,0.47,,
2021-04-19,600038,中直股份,49.61,49.93,50.22,49.05,33055,169222480.0,2.34,0.0,0.0,0.56,,
2021-04-20,600038,中直股份,49.52,49.23,49.99,49.1,35606,181342729.0,1.78,-1.4,-0.7,0.6,,
2021-04-21,600038,中直股份,49.07,48.84,49.55,48.73,40289,203534793.0,1.67,-0.79,-0.39,0.68,,
2021-04-22,600038,中直股份,48.83,49.42,50.0,48.83,55097,280315840.0,2.4,1.19,0.58,0.93,,
2021-04-23,600038,中直股份,49.43,49.3,49.74,48.86,22531,114242848.0,1.78,-0.24,-0.12,0.38,,
2021-04-26,600038,中直股份,49.3,50.45,51.1,49.25,64880,336996576.0,3.75,2.33,1.15,1.1,,
2021-04-27,600038,中直股份,50.41,49.49,50.43,48.85,51255,260557785.0,3.13,-1.9,-0.96,0.87,,
2021-04-28,600038,中直股份,49.31,49.54,49.71,48.96,31571,160386279.0,1.52,0.1,0.05,0.54,,
2021-04-29,600038,中直股份,49.55,50.84,51.01,49.15,44706,231919907.0,3.75,2.62,1.3,0.76,,
2021-04-30,600038,中直股份,51.05,49.45,51.38,48.4,83147,422354416.0,5.86,-2.73,-1.39,1.41,,
2021-05-06,600038,中直股份,49.14,48.23,49.45,48.23,57604,289029392.0,2.47,-2.47,-1.22,0.98,,
2021-05-07,600038,中直股份,48.42,46.6,48.44,46.35,44882,218267107.0,4.33,-3.38,-1.63,0.76,,
2021-05-10,600038,中直股份,46.6,45.8,46.83,45.63,33183,157656711.0,2.58,-1.72,-0.8,0.56,,
2021-05-11,600038,中直股份,45.59,47.05,47.44,45.59,46139,221349797.0,4.04,2.73,1.25,0.78,,
2021-05-12,600038,中直股份,46.74,48.9,49.08,46.55,53953,267231307.0,5.38,3.93,1.85,0.92,,
2021-05-13,600038,中直股份,48.58,48.52,49.46,48.32,29593,148844236.0,2.33,-0.78,-0.38,0.5,,
2021-05-14,600038,中直股份,48.66,50.13,50.3,48.56,56326,288399392.0,3.59,3.32,1.61,0.96,,
2021-05-17,600038,中直股份,50.4,50.42,51.15,49.85,38848,201768775.0,2.59,0.58,0.29,0.66,,
2021-05-18,600038,中直股份,49.88,51.4,51.55,49.76,56398,296304528.0,3.55,1.94,0.98,0.96,,
2021-05-19,600038,中直股份,51.27,50.74,51.53,50.58,27573,144539916.0,1.85,-1.28,-0.66,0.47,,
2021-05-20,600038,中直股份,50.93,51.2,52.05,50.62,45285,238993623.0,2.82,0.91,0.46,0.77,,
2021-05-21,600038,中直股份,51.71,50.08,51.83,49.98,32263,167506901.0,3.61,-2.19,-1.12,0.55,,
2021-05-24,600038,中直股份,50.12,50.14,50.95,49.85,35588,184452539.0,2.2,0.12,0.06,0.6,,
2021-05-25,600038,中直股份,50.15,52.7,53.05,49.83,70827,378593120.0,6.42,5.11,2.56,1.2,,
2021-05-26,600038,中直股份,52.99,52.12,53.45,52.01,44525,240834256.0,2.73,-1.1,-0.58,0.76,,
2021-05-27,600038,中直股份,52.39,51.73,52.53,51.68,34114,182384370.0,1.63,-0.75,-0.39,0.58,,
2021-05-28,600038,中直股份,51.88,51.83,52.5,51.46,29321,156415895.0,2.01,0.19,0.1,0.5,,
2021-05-31,600038,中直股份,52.05,52.56,52.92,51.92,59858,322614400.0,1.93,1.41,0.73,1.02,,
2021-06-01,600038,中直股份,52.55,51.75,52.95,51.28,74541,398981840.0,3.18,-1.54,-0.81,1.26,,
2021-06-02,600038,中直股份,51.74,50.86,52.64,50.79,45411,241079154.0,3.57,-1.72,-0.89,0.77,,
2021-06-03,600038,中直股份,51.08,51.97,53.09,51.08,74591,401339456.0,3.95,2.18,1.11,1.27,,
2021-06-04,600038,中直股份,51.98,51.77,52.48,51.56,40000,213803191.0,1.77,-0.38,-0.2,0.68,,
2021-06-07,600038,中直股份,52.36,52.27,53.35,51.95,54782,295842784.0,2.7,0.97,0.5,0.93,,
2021-06-08,600038,中直股份,52.37,52.3,52.4,51.46,46757,249685390.0,1.8,0.06,0.03,0.79,,
2021-06-09,600038,中直股份,52.76,53.84,54.93,52.76,113862,627464336.0,4.15,2.94,1.54,1.93,,
2021-06-10,600038,中直股份,53.43,52.7,53.43,52.4,71419,387492080.0,1.91,-2.12,-1.14,1.21,,
2021-06-11,600038,中直股份,52.57,50.08,52.59,49.45,88789,462980656.0,5.96,-4.97,-2.62,1.51,,
2021-06-15,600038,中直股份,49.81,49.92,50.31,48.9,48927,250084089.0,2.82,-0.32,-0.16,0.83,,
2021-06-16,600038,中直股份,50.0,49.63,51.09,49.41,52495,271447504.0,3.37,-0.58,-0.29,0.89,,
2021-06-17,600038,中直股份,49.63,50.02,50.72,49.43,34885,179334430.0,2.6,0.79,0.39,0.59,,
2021-06-18,600038,中直股份,50.06,50.87,51.33,49.86,42164,220194059.0,2.94,1.7,0.85,0.72,,
2021-06-21,600038,中直股份,50.87,53.07,53.18,50.83,75430,405117856.0,4.62,4.32,2.2,1.28,,
2021-06-22,600038,中直股份,53.22,53.44,53.84,52.73,67036,367184368.0,2.09,0.7,0.37,1.14,,
2021-06-23,600038,中直股份,53.43,53.43,53.85,53.01,49149,269842320.0,1.57,-0.02,-0.01,0.83,,
2021-06-24,600038,中直股份,53.73,53.37,54.52,52.77,42199,232241260.0,3.28,-0.11,-0.06,0.72,,
2021-06-25,600038,中直股份,53.36,53.24,53.52,52.17,40916,222264302.0,2.53,-0.24,-0.13,0.69,,
2021-06-28,600038,中直股份,53.58,53.25,53.69,52.7,38553,210367747.0,1.86,0.02,0.01,0.65,,
2021-06-29,600038,中直股份,53.06,51.65,53.55,51.37,59762,320702704.0,4.09,-3.0,-1.6,1.01,,
2021-06-30,600038,中直股份,51.99,51.67,52.12,51.28,50045,263915931.0,1.63,0.04,0.02,0.85,,
2021-07-01,600038,中直股份,52.41,49.89,52.9,49.79,66714,347718544.0,6.02,-3.44,-1.78,1.13,,
2021-07-02,600038,中直股份,49.89,47.93,49.89,47.56,75714,374283456.0,4.67,-3.93,-1.96,1.28,,
2021-07-05,600038,中直股份,48.01,48.24,49.02,47.6,54955,271859888.0,2.96,0.65,0.31,0.93,,
2021-07-06,600038,中直股份,48.04,47.83,48.16,47.2,53571,260698381.0,1.99,-0.85,-0.41,0.91,,
2021-07-07,600038,中直股份,47.7,48.92,49.43,47.53,57897,288004416.0,3.97,2.28,1.09,0.98,,
2021-07-08,600038,中直股份,48.87,50.34,50.78,48.63,76916,393711152.0,4.39,2.9,1.42,1.3,,
2021-07-09,600038,中直股份,50.23,49.88,50.48,49.43,48167,245379221.0,2.09,-0.91,-0.46,0.82,,
2021-07-12,600038,中直股份,49.87,50.22,50.62,49.18,45099,230393044.0,2.89,0.68,0.34,0.77,,
2021-07-13,600038,中直股份,50.43,49.48,50.93,48.95,50800,257910686.0,3.94,-1.47,-0.74,0.86,,
2021-07-14,600038,中直股份,49.17,49.11,49.82,48.04,56682,283102640.0,3.6,-0.75,-0.37,0.96,,
2021-07-15,600038,中直股份,49.29,48.61,49.63,48.13,38984,193730899.0,3.05,-1.02,-0.5,0.66,,
2021-07-16,600038,中直股份,48.72,50.48,51.38,48.59,100939,519338976.0,5.74,3.85,1.87,1.71,,
2021-07-19,600038,中直股份,50.53,50.33,51.31,49.75,74174,382230288.0,3.09,-0.3,-0.15,1.26,,
2021-07-20,600038,中直股份,49.97,50.91,51.43,49.83,70400,364678656.0,3.18,1.15,0.58,1.19,,
2021-07-21,600038,中直股份,50.65,51.23,51.5,50.53,60681,316465952.0,1.91,0.63,0.32,1.03,,
2021-07-22,600038,中直股份,51.28,50.81,51.31,50.12,62092,320891776.0,2.32,-0.82,-0.42,1.05,,
2021-07-23,600038,中直股份,50.71,52.05,52.98,50.21,108196,570771328.0,5.45,2.44,1.24,1.84,,
2021-07-26,600038,中直股份,52.42,52.46,54.84,51.93,199463,1081867200.0,5.59,0.79,0.41,3.38,,
2021-07-27,600038,中直股份,53.03,52.48,53.71,51.34,166667,899403856.0,4.52,0.04,0.02,2.83,,
2021-07-28,600038,中直股份,51.81,48.88,51.81,48.53,115014,582231296.0,6.25,-6.86,-3.6,1.95,,
2021-07-29,600038,中直股份,49.46,50.28,50.78,49.09,64157,328587840.0,3.46,2.86,1.4,1.09,,
2021-07-30,600038,中直股份,50.22,49.98,51.08,49.17,58371,298445200.0,3.8,-0.6,-0.3,0.99,,
2021-08-02,600038,中直股份,50.31,53.19,54.01,50.19,168182,907004752.0,7.64,6.42,3.21,2.85,,
2021-08-03,600038,中直股份,53.23,51.95,53.78,51.49,111274,599060688.0,4.31,-2.33,-1.24,1.89,,
2021-08-04,600038,中直股份,52.04,54.83,56.43,52.04,190769,1060624832.0,8.45,5.54,2.88,3.24,,
2021-08-05,600038,中直股份,55.1,56.22,57.58,54.73,215260,1235176304.0,5.2,2.54,1.39,3.65,,
2021-08-06,600038,中直股份,56.83,56.31,57.7,55.53,150246,862826592.0,3.86,0.16,0.09,2.55,,
2021-08-09,600038,中直股份,57.43,57.06,58.46,55.93,175505,1023701424.0,4.49,1.33,0.75,2.98,,
2021-08-10,600038,中直股份,57.32,57.97,59.93,57.13,204799,1218342496.0,4.91,1.59,0.91,3.47,,
2021-08-11,600038,中直股份,57.43,56.64,58.23,56.39,150103,872575984.0,3.17,-2.29,-1.33,2.55,,
2021-08-12,600038,中直股份,56.55,55.43,57.18,55.01,99986,569839952.0,3.83,-2.14,-1.21,1.7,,
2021-08-13,600038,中直股份,55.59,55.98,57.08,55.27,94406,540062048.0,3.27,0.99,0.55,1.6,,
2021-08-16,600038,中直股份,55.73,56.08,56.83,55.25,71160,406388640.0,2.82,0.18,0.1,1.21,,
2021-08-17,600038,中直股份,56.48,54.75,56.92,54.73,104473,592973568.0,3.91,-2.37,-1.33,1.77,,
2021-08-18,600038,中直股份,54.63,60.0,60.33,54.5,241043,1442550000.0,10.65,9.59,5.25,4.09,,
2021-08-19,600038,中直股份,59.99,66.11,66.11,58.46,341643,2223375136.0,12.75,10.18,6.11,5.8,价格异常,10.183333333333323
2021-08-20,600038,中直股份,65.8,66.2,67.18,64.03,236874,1582496544.0,4.76,0.14,0.09,4.02,,
2021-08-23,600038,中直股份,68.52,67.14,69.09,66.34,195777,1341881184.0,4.15,1.42,0.94,3.32,,
2021-08-24,600038,中直股份,64.93,66.59,67.12,62.81,186893,1230823552.0,6.42,-0.82,-0.55,3.17,,
2021-08-25,600038,中直股份,65.93,65.43,67.1,64.38,105535,701353760.0,4.08,-1.74,-1.16,1.79,,
2021-08-26,600038,中直股份,65.13,66.93,67.51,64.93,157254,1061835008.0,3.94,2.29,1.5,2.67,,
2021-08-27,600038,中直股份,66.18,64.96,66.43,63.72,128134,844192400.0,4.05,-2.94,-1.97,2.17,,
2021-08-30,600038,中直股份,64.83,61.99,67.0,61.53,281686,1823301696.0,8.42,-4.57,-2.97,4.78,,
2021-08-31,600038,中直股份,62.98,61.66,63.74,59.93,193681,1212385696.0,6.15,-0.53,-0.33,3.29,,
2021-09-01,600038,中直股份,61.09,59.03,61.73,57.89,158433,955299840.0,6.23,-4.27,-2.63,2.69,,
2021-09-02,600038,中直股份,58.93,58.93,59.59,58.24,104785,628291072.0,2.29,-0.17,-0.1,1.78,,
2021-09-03,600038,中直股份,58.79,55.84,58.79,55.43,148627,858202976.0,5.7,-5.24,-3.09,2.52,,
2021-09-06,600038,中直股份,55.93,56.63,57.27,55.35,99956,573741696.0,3.44,1.41,0.79,1.7,,
2021-09-07,600038,中直股份,56.68,56.8,57.66,56.47,98064,568789248.0,2.1,0.3,0.17,1.66,,
2021-09-08,600038,中直股份,56.96,56.8,57.11,55.99,78990,454738432.0,1.97,0.0,0.0,1.34,,
2021-09-09,600038,中直股份,56.67,58.0,58.51,55.74,143802,834911504.0,4.88,2.11,1.2,2.44,,
2021-09-10,600038,中直股份,57.73,57.6,58.33,57.33,114559,674227664.0,1.72,-0.69,-0.4,1.94,,
2021-09-13,600038,中直股份,57.63,57.02,58.7,56.43,94984,555821648.0,3.94,-1.01,-0.58,1.61,,
2021-09-14,600038,中直股份,56.93,56.13,57.78,55.94,66884,386979120.0,3.23,-1.56,-0.89,1.13,,
2021-09-15,600038,中直股份,55.95,57.72,57.92,55.38,85533,496047760.0,4.53,2.83,1.59,1.45,,
2021-09-16,600038,中直股份,57.27,55.73,57.95,55.73,68327,395835488.0,3.85,-3.45,-1.99,1.16,,
2021-09-17,600038,中直股份,55.96,53.81,56.31,52.73,123723,679521760.0,6.42,-3.45,-1.92,2.1,,
2021-09-22,600038,中直股份,52.98,56.07,56.59,52.96,87912,496192816.0,6.75,4.2,2.26,1.49,,
2021-09-23,600038,中直股份,56.08,57.76,58.58,55.43,100103,584193456.0,5.62,3.01,1.69,1.7,,
2021-09-24,600038,中直股份,57.51,57.9,58.61,56.96,79426,467380320.0,2.86,0.24,0.14,1.35,,
2021-09-27,600038,中直股份,57.25,55.31,58.1,53.48,103871,586107120.0,7.98,-4.47,-2.59,1.76,,
2021-09-28,600038,中直股份,55.33,56.09,57.33,54.94,56418,323706560.0,4.32,1.41,0.78,0.96,,
2021-09-29,600038,中直股份,55.64,54.21,56.13,53.81,44246,246007487.0,4.14,-3.35,-1.88,0.75,,
2021-09-30,600038,中直股份,54.23,54.53,55.13,54.01,44927,250225638.0,2.07,0.59,0.32,0.76,,
2021-10-08,600038,中直股份,55.08,54.19,55.73,53.61,44561,247005018.0,3.89,-0.62,-0.34,0.76,,
2021-10-11,600038,中直股份,54.19,57.93,59.42,53.96,139843,823548864.0,10.08,6.9,3.74,2.37,,
2021-10-12,600038,中直股份,57.43,55.23,57.48,54.78,77733,443177872.0,4.66,-4.66,-2.7,1.32,,
2021-10-13,600038,中直股份,53.92,52.93,53.92,50.56,92340,493271040.0,6.08,-4.16,-2.3,1.57,,
2021-10-14,600038,中直股份,52.44,55.51,56.36,52.16,86271,483677904.0,7.94,4.87,2.58,1.46,,
2021-10-15,600038,中直股份,55.23,55.03,56.01,54.4,43008,241322225.0,2.9,-0.86,-0.48,0.73,,
2021-10-18,600038,中直股份,54.89,56.33,56.97,54.64,58303,332336960.0,4.23,2.36,1.3,0.99,,
2021-10-19,600038,中直股份,56.23,56.98,57.51,55.46,51732,298343120.0,3.64,1.15,0.65,0.88,,
2021-10-20,600038,中直股份,56.93,57.63,60.03,56.53,108064,641477088.0,6.14,1.14,0.65,1.83,,
2021-10-21,600038,中直股份,58.36,57.55,58.43,56.53,71000,414001120.0,3.3,-0.14,-0.08,1.2,,
2021-10-22,600038,中直股份,57.33,57.48,58.02,56.83,48242,281420368.0,2.07,-0.12,-0.07,0.82,,
2021-10-25,600038,中直股份,57.14,57.56,57.58,55.51,71934,414891312.0,3.6,0.14,0.08,1.22,,
2021-10-26,600038,中直股份,57.03,58.49,59.17,56.84,76766,454614480.0,4.05,1.62,0.93,1.3,,
2021-10-27,600038,中直股份,59.23,58.55,60.09,57.89,64275,385578304.0,3.76,0.1,0.06,1.09,,
2021-10-28,600038,中直股份,57.71,58.15,59.75,57.23,76848,458614960.0,4.3,-0.68,-0.4,1.3,,
2021-10-29,600038,中直股份,58.0,61.75,61.79,57.51,126524,779553808.0,7.36,6.19,3.6,2.15,,
2021-11-01,600038,中直股份,61.17,62.34,63.7,60.87,133291,850384608.0,4.58,0.96,0.59,2.26,,
2021-11-02,600038,中直股份,62.98,63.43,65.48,62.98,117744,766574576.0,4.01,1.75,1.09,2.0,,
2021-11-03,600038,中直股份,63.39,62.62,64.29,61.59,111432,708535520.0,4.26,-1.28,-0.81,1.89,,
2021-11-04,600038,中直股份,62.54,62.89,63.33,61.39,100742,638674576.0,3.1,0.43,0.27,1.71,,
2021-11-05,600038,中直股份,62.9,61.84,63.48,61.5,57063,362040880.0,3.15,-1.67,-1.05,0.97,,
2021-11-08,600038,中直股份,60.98,62.85,63.01,60.31,88357,553597392.0,4.37,1.63,1.01,1.5,,
2021-11-09,600038,中直股份,63.33,67.88,69.24,62.38,222224,1517204352.0,10.91,8.0,5.03,3.77,,
2021-11-10,600038,中直股份,67.88,66.7,68.81,66.21,93425,637732864.0,3.83,-1.74,-1.18,1.58,,
2021-11-11,600038,中直股份,66.9,66.43,67.06,65.35,76897,517430304.0,2.56,-0.4,-0.27,1.3,,
2021-11-12,600038,中直股份,66.59,71.73,72.93,66.22,152154,1079598736.0,10.1,7.98,5.3,2.58,,
2021-11-15,600038,中直股份,71.58,69.93,72.43,69.55,91066,653478064.0,4.02,-2.51,-1.8,1.54,,
2021-11-16,600038,中直股份,69.91,67.86,72.93,66.93,134237,946755712.0,8.58,-2.96,-2.07,2.28,,
2021-11-17,600038,中直股份,68.01,68.23,69.22,66.43,110787,765543488.0,4.11,0.55,0.37,1.88,,
2021-11-18,600038,中直股份,68.22,70.23,70.42,66.43,110887,772110592.0,5.85,2.93,2.0,1.88,,
2021-11-19,600038,中直股份,69.73,73.23,74.83,69.32,163271,1200716400.0,7.85,4.27,3.0,2.77,,
2021-11-22,600038,中直股份,72.76,74.23,76.04,71.51,86378,643993840.0,6.19,1.37,1.0,1.47,,
2021-11-23,600038,中直股份,73.9,72.99,75.53,72.54,71484,533978144.0,4.03,-1.67,-1.24,1.21,,
2021-11-24,600038,中直股份,72.93,71.94,73.73,69.93,100506,727949168.0,5.21,-1.44,-1.05,1.71,,
2021-11-25,600038,中直股份,70.74,70.76,72.35,70.26,46635,336573696.0,2.91,-1.64,-1.18,0.79,,
2021-11-26,600038,中直股份,70.81,69.76,72.11,69.43,64745,463507632.0,3.79,-1.41,-1.0,1.1,,
2021-11-29,600038,中直股份,68.98,70.92,72.52,68.98,80221,578054400.0,5.07,1.66,1.16,1.36,,
2021-11-30,600038,中直股份,70.78,71.73,73.92,70.38,102047,749855120.0,4.99,1.14,0.81,1.73,,
2021-12-01,600038,中直股份,71.71,70.66,72.38,69.41,54650,392167472.0,4.14,-1.49,-1.07,0.93,,
2021-12-02,600038,中直股份,70.63,71.45,72.73,70.11,61046,443653232.0,3.71,1.12,0.79,1.04,,
2021-12-03,600038,中直股份,71.44,76.23,76.23,71.23,115427,876633936.0,7.0,6.69,4.78,1.96,,
2021-12-06,600038,中直股份,75.28,76.81,77.73,74.13,87781,677994512.0,4.72,0.76,0.58,1.49,,
2021-12-07,600038,中直股份,76.96,71.42,77.32,70.03,144269,1064457488.0,9.49,-7.02,-5.39,2.45,,
2021-12-08,600038,中直股份,71.28,72.49,73.13,70.64,80887,590868768.0,3.49,1.5,1.07,1.37,,
2021-12-09,600038,中直股份,72.21,70.29,72.81,68.93,121770,865049728.0,5.35,-3.03,-2.2,2.07,,
2021-12-10,600038,中直股份,70.18,70.04,70.18,68.33,81544,574098688.0,2.63,-0.36,-0.25,1.38,,
2021-12-13,600038,中直股份,69.91,68.84,70.04,67.4,82730,575569792.0,3.77,-1.71,-1.2,1.4,,
2021-12-14,600038,中直股份,68.85,72.78,74.82,68.45,121928,895828512.0,9.25,5.72,3.94,2.07,,
2021-12-15,600038,中直股份,72.13,72.01,73.72,71.61,51001,374147472.0,2.9,-1.06,-0.77,0.87,,
2021-12-16,600038,中直股份,72.22,72.91,73.43,71.52,51274,377700512.0,2.65,1.25,0.9,0.87,,
2021-12-17,600038,中直股份,72.78,70.52,73.32,70.23,51548,373619648.0,4.24,-3.28,-2.39,0.87,,
2021-12-20,600038,中直股份,70.23,69.43,72.51,69.43,66476,476748096.0,4.37,-1.55,-1.09,1.13,,
2021-12-21,600038,中直股份,69.46,70.33,71.92,68.96,39503,281180208.0,4.26,1.3,0.9,0.67,,
2021-12-22,600038,中直股份,70.04,70.95,71.68,68.88,54618,390246160.0,3.98,0.88,0.62,0.93,,
2021-12-23,600038,中直股份,71.03,72.56,74.37,70.54,74588,553396272.0,5.4,2.27,1.61,1.27,,
2021-12-24,600038,中直股份,72.13,76.83,78.05,72.13,117307,905009200.0,8.16,5.88,4.27,1.99,,
2021-12-27,600038,中直股份,76.23,76.03,77.33,75.13,52338,404317856.0,2.86,-1.04,-0.8,0.89,,
2021-12-28,600038,中直股份,76.03,76.26,77.13,74.24,54101,414135232.0,3.8,0.3,0.23,0.92,,
2021-12-29,600038,中直股份,76.72,77.93,79.28,75.78,94678,747274544.0,4.59,2.19,1.67,1.61,,
2021-12-30,600038,中直股份,77.56,80.69,81.73,77.46,92476,750990288.0,5.48,3.54,2.76,1.57,,
2021-12-31,600038,中直股份,81.02,79.23,83.21,78.41,89850,730725328.0,5.95,-1.81,-1.46,1.52,,
2022-01-04,600038,中直股份,79.19,78.88,80.08,77.13,69156,549882960.0,3.72,-0.44,-0.35,1.17,,
2022-01-05,600038,中直股份,78.84,74.34,80.09,73.28,124592,947418480.0,8.63,-5.76,-4.54,2.11,,
2022-01-06,600038,中直股份,73.9,71.81,74.21,70.48,147659,1078265648.0,5.02,-3.4,-2.53,2.5,,
2022-01-07,600038,中直股份,72.83,71.65,73.53,71.15,74445,546797904.0,3.31,-0.22,-0.16,1.26,,
2022-01-10,600038,中直股份,71.62,70.73,72.88,69.94,68456,496718272.0,4.1,-1.28,-0.92,1.16,,
2022-01-11,600038,中直股份,71.11,67.33,71.5,66.5,99946,693322416.0,7.07,-4.81,-3.4,1.7,,
2022-01-12,600038,中直股份,67.43,68.15,68.8,66.77,100502,690567088.0,3.02,1.22,0.82,1.7,,
2022-01-13,600038,中直股份,67.84,65.72,68.46,65.24,75187,506453872.0,4.72,-3.57,-2.43,1.28,,
2022-01-14,600038,中直股份,65.8,66.74,68.13,65.08,78699,533489360.0,4.64,1.55,1.02,1.34,,
2022-01-17,600038,中直股份,66.5,68.03,68.91,66.5,73245,506344224.0,3.61,1.93,1.29,1.24,,
2022-01-18,600038,中直股份,68.51,67.47,68.63,66.18,66816,455374576.0,3.6,-0.82,-0.56,1.13,,
2022-01-19,600038,中直股份,66.44,63.58,66.93,62.93,147938,967316048.0,5.93,-5.77,-3.89,2.51,,
2022-01-20,600038,中直股份,63.94,60.75,64.22,60.04,158751,990809776.0,6.57,-4.45,-2.83,2.69,,
2022-01-21,600038,中直股份,58.93,57.39,59.43,56.7,227460,1335716880.0,4.49,-5.53,-3.36,3.86,,
2022-01-24,600038,中直股份,57.33,56.19,57.7,55.49,186880,1068699744.0,3.85,-2.09,-1.2,3.17,,
2022-01-25,600038,中直股份,56.91,54.63,57.23,54.61,132223,751500752.0,4.66,-2.78,-1.56,2.24,,
2022-01-26,600038,中直股份,54.74,55.46,55.73,54.33,106016,597578320.0,2.56,1.52,0.83,1.8,,
2022-01-27,600038,中直股份,55.54,54.11,55.83,53.95,69853,389397584.0,3.39,-2.43,-1.35,1.18,,
2022-01-28,600038,中直股份,54.88,54.2,54.98,53.39,94906,526965120.0,2.94,0.17,0.09,1.61,,
2022-02-07,600038,中直股份,55.03,54.39,55.21,53.74,77770,430404560.0,2.71,0.35,0.19,1.32,,
2022-02-08,600038,中直股份,54.53,54.43,54.77,53.22,95332,524498816.0,2.85,0.07,0.04,1.62,,
2022-02-09,600038,中直股份,54.17,55.89,55.98,53.94,97602,551104640.0,3.75,2.68,1.46,1.66,,
2022-02-10,600038,中直股份,55.9,55.81,56.58,55.43,63258,360735680.0,2.06,-0.14,-0.08,1.07,,
2022-02-11,600038,中直股份,55.51,54.53,55.78,54.21,60834,340075744.0,2.81,-2.29,-1.28,1.03,,
2022-02-14,600038,中直股份,54.43,54.84,56.38,54.03,82243,463700848.0,4.31,0.57,0.31,1.4,,
2022-02-15,600038,中直股份,54.83,55.7,55.95,54.53,76040,429367728.0,2.59,1.57,0.86,1.29,,
2022-02-16,600038,中直股份,55.41,54.93,55.51,54.63,58940,330691808.0,1.58,-1.38,-0.77,1.0,,
2022-02-17,600038,中直股份,54.82,55.11,56.14,54.24,76822,431265584.0,3.46,0.33,0.18,1.3,,
2022-02-18,600038,中直股份,54.78,55.02,55.37,54.25,45567,254888092.0,2.03,-0.16,-0.09,0.77,,
2022-02-21,600038,中直股份,55.17,54.73,56.1,54.4,47138,263808305.0,3.09,-0.53,-0.29,0.8,,
2022-02-22,600038,中直股份,55.93,54.29,56.48,53.63,86800,481609168.0,5.21,-0.8,-0.44,1.47,,
2022-02-23,600038,中直股份,53.63,56.11,56.51,53.54,120227,680989632.0,5.47,3.35,1.82,2.04,,
2022-02-24,600038,中直股份,55.73,56.68,58.01,55.23,182010,1049257968.0,4.95,1.02,0.57,3.09,,
2022-02-25,600038,中直股份,55.73,57.3,57.33,55.19,99100,570838944.0,3.78,1.09,0.62,1.68,,
2022-02-28,600038,中直股份,57.78,57.42,58.01,56.83,79555,465908368.0,2.06,0.21,0.12,1.35,,
2022-03-01,600038,中直股份,57.51,59.31,59.43,57.14,132786,793007664.0,3.99,3.29,1.89,2.25,,
2022-03-02,600038,中直股份,59.03,58.09,59.52,57.95,82644,492136768.0,2.65,-2.06,-1.22,1.4,,
2022-03-03,600038,中直股份,58.06,56.02,58.07,55.83,113955,654510432.0,3.86,-3.56,-2.07,1.93,,
2022-03-04,600038,中直股份,55.67,54.55,56.37,54.18,80135,451184368.0,3.91,-2.62,-1.47,1.36,,
2022-03-07,600038,中直股份,54.79,53.3,55.31,52.93,79707,438910640.0,4.36,-2.29,-1.25,1.35,,
2022-03-08,600038,中直股份,53.56,51.24,53.9,51.2,86398,461982768.0,5.07,-3.86,-2.06,1.47,,
2022-03-09,600038,中直股份,51.43,50.26,51.74,47.64,109873,559021296.0,8.0,-1.91,-0.98,1.86,,
2022-03-10,600038,中直股份,51.19,50.81,52.15,50.53,83363,436820112.0,3.22,1.09,0.55,1.41,,
2022-03-11,600038,中直股份,50.21,50.81,51.03,49.11,70648,361570720.0,3.78,0.0,0.0,1.2,,
2022-03-14,600038,中直股份,50.74,50.47,52.23,49.96,91623,479160544.0,4.47,-0.67,-0.34,1.55,,
2022-03-15,600038,中直股份,49.96,48.01,50.87,47.93,81399,410581136.0,5.83,-4.87,-2.46,1.38,,
2022-03-16,600038,中直股份,48.92,49.46,49.59,46.62,80840,399684160.0,6.19,3.02,1.45,1.37,,
2022-03-17,600038,中直股份,50.13,50.05,51.41,49.86,82099,423563312.0,3.13,1.19,0.59,1.39,,
2022-03-18,600038,中直股份,49.83,50.13,50.81,49.2,70909,362105328.0,3.22,0.16,0.08,1.2,,
2022-03-21,600038,中直股份,50.18,51.0,51.33,49.91,66023,341899744.0,2.83,1.74,0.87,1.12,,
2022-03-22,600038,中直股份,50.93,50.33,51.41,49.97,54712,281341200.0,2.82,-1.31,-0.67,0.93,,
2022-03-23,600038,中直股份,50.07,52.13,52.78,50.07,115136,608126448.0,5.38,3.58,1.8,1.95,,
2022-03-24,600038,中直股份,51.48,51.7,52.3,50.93,66124,349250112.0,2.63,-0.82,-0.43,1.12,,
2022-03-25,600038,中直股份,51.7,51.72,52.99,51.31,69261,368437776.0,3.25,0.04,0.02,1.17,,
2022-03-28,600038,中直股份,50.95,50.29,51.23,49.94,46932,242093438.0,2.49,-2.76,-1.43,0.8,,
2022-03-29,600038,中直股份,50.72,50.46,52.31,50.23,71529,374017856.0,4.14,0.34,0.17,1.21,,
2022-03-30,600038,中直股份,50.33,51.21,51.33,50.16,52928,275006736.0,2.32,1.49,0.75,0.9,,
2022-03-31,600038,中直股份,51.21,49.83,51.53,49.51,77557,397870816.0,3.94,-2.69,-1.38,1.32,,
2022-04-01,600038,中直股份,49.23,48.54,49.8,48.33,117993,590945584.0,2.95,-2.59,-1.29,2.0,,
2022-04-06,600038,中直股份,48.54,48.02,48.88,47.67,80148,394234400.0,2.49,-1.07,-0.52,1.36,,
2022-04-07,600038,中直股份,47.99,46.91,49.01,46.85,73145,357502256.0,4.5,-2.31,-1.11,1.24,,
2022-04-08,600038,中直股份,46.91,45.9,47.03,45.29,91529,429594464.0,3.71,-2.15,-1.01,1.55,,
2022-04-11,600038,中直股份,45.59,44.07,45.72,43.83,87034,395815744.0,4.12,-3.99,-1.83,1.48,,
2022-04-12,600038,中直股份,43.96,44.89,44.96,43.38,60709,274883168.0,3.59,1.86,0.82,1.03,,
2022-04-13,600038,中直股份,44.42,44.06,45.03,44.01,40117,182740490.0,2.27,-1.85,-0.83,0.68,,
2022-04-14,600038,中直股份,44.23,44.36,44.73,43.93,39828,180764218.0,1.82,0.68,0.3,0.68,,
2022-04-15,600038,中直股份,44.44,44.48,45.09,43.52,64695,293739568.0,3.54,0.27,0.12,1.1,,
2022-04-18,600038,中直股份,44.03,44.99,45.02,43.58,48453,221257537.0,3.24,1.15,0.51,0.82,,
2022-04-19,600038,中直股份,44.73,44.51,45.25,44.32,53368,244118436.0,2.07,-1.07,-0.48,0.91,,
2022-04-20,600038,中直股份,44.43,43.85,44.85,43.6,47742,216670461.0,2.81,-1.48,-0.66,0.81,,
2022-04-21,600038,中直股份,43.68,41.95,44.38,41.83,67907,298275248.0,5.82,-4.33,-1.9,1.15,,
2022-04-22,600038,中直股份,41.51,41.65,42.18,40.68,66081,280795680.0,3.58,-0.72,-0.3,1.12,,
2022-04-25,600038,中直股份,40.83,38.09,40.9,37.99,107026,431659968.0,6.99,-8.55,-3.56,1.82,,
2022-04-26,600038,中直股份,38.09,36.4,38.53,36.29,84093,324125232.0,5.88,-4.44,-1.69,1.43,,
2022-04-27,600038,中直股份,35.93,39.12,39.39,35.93,100264,392135040.0,9.51,7.47,2.72,1.7,,
2022-04-28,600038,中直股份,38.73,39.19,39.9,38.4,66905,268308575.0,3.83,0.18,0.07,1.13,,
2022-04-29,600038,中直股份,39.58,41.63,41.8,39.03,104714,438373728.0,7.07,6.23,2.44,1.78,,
2022-05-05,600038,中直股份,38.92,37.72,38.95,37.41,276501,1082155792.0,3.7,-9.39,-3.91,4.69,,
2022-05-06,600038,中直股份,36.77,37.7,38.19,36.66,113386,438347920.0,4.06,-0.05,-0.02,1.92,,
2022-05-09,600038,中直股份,37.53,38.62,39.02,37.39,97670,386295280.0,4.32,2.44,0.92,1.66,,
2022-05-10,600038,中直股份,37.98,38.83,39.73,37.74,119320,478203808.0,5.15,0.54,0.21,2.02,,
2022-05-11,600038,中直股份,39.16,39.14,40.86,38.93,133844,548617168.0,4.97,0.8,0.31,2.27,,
2022-05-12,600038,中直股份,38.81,39.15,39.79,38.63,83265,335147232.0,2.96,0.03,0.01,1.41,,
2022-05-13,600038,中直股份,39.31,39.13,40.24,38.97,74369,301378752.0,3.24,-0.05,-0.02,1.26,,
2022-05-16,600038,中直股份,39.73,39.33,40.13,38.86,67989,275302096.0,3.25,0.51,0.2,1.15,,
2022-05-17,600038,中直股份,39.32,39.17,39.87,38.73,97974,394463952.0,2.9,-0.41,-0.16,1.66,,
2022-05-18,600038,中直股份,39.15,40.64,41.03,38.93,109444,449750096.0,5.36,3.75,1.47,1.86,,
2022-05-19,600038,中直股份,40.28,40.42,40.59,39.63,77955,321240800.0,2.36,-0.54,-0.22,1.32,,
2022-05-20,600038,中直股份,40.47,39.82,40.96,39.75,105914,436392640.0,2.99,-1.48,-0.6,1.8,,
2022-05-23,600038,中直股份,37.29,35.73,37.93,35.73,294904,1092885648.0,5.52,-10.27,-4.09,5.0,价格异常,-10.271220492214972
2022-05-24,600038,中直股份,35.73,33.52,35.73,33.52,335279,1195212496.0,6.19,-6.19,-2.21,5.69,,
2022-05-25,600038,中直股份,33.49,33.65,33.73,32.69,193412,663332240.0,3.1,0.39,0.13,3.28,,
2022-05-26,600038,中直股份,33.44,34.71,34.81,33.28,246778,872081088.0,4.55,3.15,1.06,4.19,,
2022-05-27,600038,中直股份,35.32,35.55,36.27,34.96,218406,800256384.0,3.77,2.42,0.84,3.71,,
2022-05-30,600038,中直股份,35.54,37.23,37.59,35.24,213128,802991168.0,6.61,4.73,1.68,3.62,,
2022-05-31,600038,中直股份,37.16,37.52,37.59,36.58,121012,462300688.0,2.71,0.78,0.29,2.05,,
2022-06-01,600038,中直股份,37.48,38.43,38.59,37.39,135059,529637680.0,3.2,2.43,0.91,2.29,,
2022-06-02,600038,中直股份,38.07,40.43,40.74,37.94,167657,683861152.0,7.29,5.2,2.0,2.84,,
2022-06-06,600038,中直股份,40.43,39.84,40.43,39.41,146107,596239488.0,2.52,-1.46,-0.59,2.48,,
2022-06-07,600038,中直股份,39.73,39.94,40.31,39.43,104299,426946960.0,2.21,0.25,0.1,1.77,,
2022-06-08,600038,中直股份,39.76,40.34,41.06,39.32,131092,541717712.0,4.36,1.0,0.4,2.22,,
2022-06-09,600038,中直股份,40.23,39.48,40.43,39.03,84274,342749264.0,3.47,-2.13,-0.86,1.43,,
2022-06-10,600038,中直股份,39.4,40.96,41.08,38.98,133443,555836064.0,5.32,3.75,1.48,2.26,,
2022-06-13,600038,中直股份,40.93,40.75,41.51,39.93,104209,433592480.0,3.86,-0.51,-0.21,1.77,,
2022-06-14,600038,中直股份,39.81,39.19,40.43,38.41,159209,637777600.0,4.96,-3.83,-1.56,2.7,,
2022-06-15,600038,中直股份,39.29,40.08,41.02,38.85,181872,743934816.0,5.54,2.27,0.89,3.09,,
2022-06-16,600038,中直股份,39.98,41.08,42.02,39.93,165892,701270320.0,5.21,2.5,1.0,2.81,,
2022-06-17,600038,中直股份,40.99,42.23,42.37,40.74,182653,783322528.0,3.97,2.8,1.15,3.1,,
2022-06-20,600038,中直股份,42.26,41.81,42.39,41.13,171555,731755616.0,2.98,-0.99,-0.42,2.91,,
2022-06-21,600038,中直股份,41.6,41.23,41.9,40.75,112925,477997328.0,2.75,-1.39,-0.58,1.92,,
2022-06-22,600038,中直股份,41.3,39.95,41.69,39.85,110398,459365520.0,4.46,-3.1,-1.28,1.87,,
2022-06-23,600038,中直股份,39.95,43.78,43.83,39.77,246030,1067992464.0,10.16,9.59,3.83,4.17,,
2022-06-24,600038,中直股份,44.51,45.84,46.63,43.94,330253,1541527328.0,6.14,4.71,2.06,5.6,,
2022-06-27,600038,中直股份,45.65,45.13,45.87,44.58,144365,667225968.0,2.81,-1.55,-0.71,2.45,,
2022-06-28,600038,中直股份,45.13,45.93,46.02,45.03,145774,681444832.0,2.19,1.77,0.8,2.47,,
2022-06-29,600038,中直股份,45.68,44.7,45.86,44.31,106208,491410368.0,3.37,-2.68,-1.23,1.8,,
2022-06-30,600038,中直股份,44.63,44.13,44.93,43.61,126218,570192800.0,2.95,-1.28,-0.57,2.14,,
2022-07-01,600038,中直股份,44.03,43.13,44.7,42.99,92146,412822336.0,3.87,-2.27,-1.0,1.56,,
2022-07-04,600038,中直股份,43.7,45.13,45.82,43.02,150543,690566224.0,6.49,4.64,2.0,2.55,,
2022-07-05,600038,中直股份,45.03,45.72,46.03,44.6,124205,578491200.0,3.17,1.31,0.59,2.11,,
2022-07-06,600038,中直股份,45.38,44.08,45.91,43.43,106919,488229472.0,5.42,-3.59,-1.64,1.81,,
2022-07-07,600038,中直股份,44.08,45.5,45.68,43.93,115907,536870976.0,3.97,3.22,1.42,1.97,,
2022-07-08,600038,中直股份,45.5,44.44,45.87,44.35,94462,435670496.0,3.34,-2.33,-1.06,1.6,,
2022-07-11,600038,中直股份,44.28,42.76,44.28,42.21,119822,523703376.0,4.66,-3.78,-1.68,2.03,,
2022-07-12,600038,中直股份,42.75,41.93,43.07,41.88,76904,334197944.0,2.78,-1.94,-0.83,1.3,,
2022-07-13,600038,中直股份,41.83,41.99,42.25,40.91,69673,297536631.0,3.2,0.14,0.06,1.18,,
2022-07-14,600038,中直股份,41.88,42.51,43.09,41.81,77913,340144195.0,3.05,1.24,0.52,1.32,,
2022-07-15,600038,中直股份,41.54,43.33,44.77,41.37,166772,744296336.0,8.0,1.93,0.82,2.83,,
2022-07-18,600038,中直股份,43.01,42.89,43.24,41.7,106081,462518096.0,3.55,-1.02,-0.44,1.8,,
2022-07-19,600038,中直股份,43.03,43.54,44.43,42.69,98069,437524391.0,4.06,1.52,0.65,1.66,,
2022-07-20,600038,中直股份,43.54,44.64,44.71,43.33,117116,530471892.0,3.17,2.53,1.1,1.99,,
2022-07-21,600038,中直股份,44.4,43.91,44.5,43.63,82270,368175524.0,1.95,-1.64,-0.73,1.4,,
2022-07-22,600038,中直股份,43.88,43.01,44.47,42.42,80471,352130645.0,4.67,-2.05,-0.9,1.37,,
2022-07-25,600038,中直股份,43.4,42.16,44.66,41.91,77431,338265029.0,6.39,-1.98,-0.85,1.31,,
2022-07-26,600038,中直股份,42.09,43.64,44.54,42.05,100490,443425344.0,5.91,3.51,1.48,1.7,,
2022-07-27,600038,中直股份,43.81,43.7,44.53,43.1,65716,292591107.0,3.28,0.14,0.06,1.11,,
2022-07-28,600038,中直股份,43.8,44.15,44.31,43.27,80211,356402892.0,2.38,1.03,0.45,1.36,,
2022-07-29,600038,中直股份,44.18,43.25,44.49,42.87,78300,344380652.0,3.67,-2.04,-0.9,1.33,,
2022-08-01,600038,中直股份,43.26,42.4,43.68,42.25,66596,287396520.0,3.31,-1.97,-0.85,1.13,,
2022-08-02,600038,中直股份,42.79,41.2,43.08,40.9,97593,412974645.0,5.14,-2.83,-1.2,1.66,,
2022-08-03,600038,中直股份,41.45,43.32,44.95,40.52,205129,904974238.0,10.75,5.15,2.12,3.48,,
2022-08-04,600038,中直股份,43.32,42.02,43.76,41.62,109676,468762300.0,4.94,-3.0,-1.3,1.86,,
2022-08-05,600038,中直股份,41.9,42.04,42.37,41.16,76362,323208450.0,2.88,0.05,0.02,1.3,,
2022-08-08,600038,中直股份,42.04,42.55,42.7,41.42,97910,418695494.0,3.04,1.21,0.51,1.66,,
2022-08-09,600038,中直股份,42.45,43.98,44.57,41.51,153430,667959811.0,7.19,3.36,1.43,2.6,,
2022-08-10,600038,中直股份,44.39,45.3,46.37,44.18,233626,1073620033.0,4.98,3.0,1.32,3.96,,
2022-08-11,600038,中直股份,45.09,48.05,48.06,44.7,249230,1174841172.0,7.42,6.07,2.75,4.23,,
2022-08-12,600038,中直股份,48.15,51.16,52.13,48.1,377185,1907530768.0,8.39,6.47,3.11,6.4,,
2022-08-15,600038,中直股份,48.4,49.76,50.03,48.05,256067,1270269795.0,3.87,-2.74,-1.4,4.34,,
2022-08-16,600038,中直股份,49.2,49.27,50.59,48.65,127894,639539842.0,3.9,-0.98,-0.49,2.17,,
2022-08-17,600038,中直股份,49.28,48.56,49.58,48.25,114031,561380044.0,2.7,-1.44,-0.71,1.93,,
2022-08-18,600038,中直股份,48.48,49.49,50.7,48.48,120235,603166339.0,4.57,1.92,0.93,2.04,,
2022-08-19,600038,中直股份,49.49,47.82,49.95,47.78,90432,445217672.0,4.38,-3.37,-1.67,1.53,,
2022-08-22,600038,中直股份,47.54,47.18,48.72,47.13,87950,424006858.0,3.32,-1.34,-0.64,1.49,,
2022-08-23,600038,中直股份,47.26,46.4,47.57,46.12,93556,441304020.0,3.07,-1.65,-0.78,1.59,,
2022-08-24,600038,中直股份,46.22,43.0,46.41,42.76,183970,823360212.0,7.87,-7.33,-3.4,3.12,,
2022-08-25,600038,中直股份,43.3,43.49,43.95,42.88,81246,357482922.0,2.49,1.14,0.49,1.38,,
2022-08-26,600038,中直股份,43.9,43.65,45.08,43.4,74625,334384828.0,3.86,0.37,0.16,1.27,,
2022-08-29,600038,中直股份,43.01,43.4,44.46,42.21,70232,310868827.0,5.15,-0.57,-0.25,1.19,,
2022-08-30,600038,中直股份,43.2,42.53,43.33,42.28,52448,227093714.0,2.42,-2.0,-0.87,0.89,,
2022-08-31,600038,中直股份,42.4,41.56,43.1,41.31,72180,307004962.0,4.21,-2.28,-0.97,1.22,,
2022-09-01,600038,中直股份,41.79,41.65,42.29,41.49,45400,192822405.0,1.92,0.22,0.09,0.77,,
2022-09-02,600038,中直股份,41.64,42.81,42.82,41.46,61311,263120735.0,3.27,2.79,1.16,1.04,,
2022-09-05,600038,中直股份,42.67,42.23,43.1,41.84,48968,209968447.0,2.94,-1.35,-0.58,0.83,,
2022-09-06,600038,中直股份,42.39,44.15,44.8,42.24,100324,446368552.0,6.06,4.55,1.92,1.7,,
2022-09-07,600038,中直股份,43.81,45.2,46.0,43.58,81999,374209806.0,5.48,2.38,1.05,1.39,,
2022-09-08,600038,中直股份,45.09,45.24,45.9,44.85,54831,252217575.0,2.32,0.09,0.04,0.93,,
2022-09-09,600038,中直股份,45.05,45.66,45.86,44.5,65766,302149010.0,3.01,0.93,0.42,1.12,,
2022-09-13,600038,中直股份,45.86,46.96,47.53,45.66,111594,527191783.0,4.1,2.85,1.3,1.89,,
2022-09-14,600038,中直股份,46.26,46.94,47.36,45.98,66939,317264529.0,2.94,-0.04,-0.02,1.14,,
2022-09-15,600038,中直股份,46.94,45.93,47.14,45.42,88714,414847877.0,3.66,-2.15,-1.01,1.5,,
2022-09-16,600038,中直股份,45.91,45.56,47.13,45.36,91319,427390132.0,3.85,-0.81,-0.37,1.55,,
2022-09-19,600038,中直股份,45.43,43.85,45.55,43.5,76998,344814004.0,4.5,-3.75,-1.71,1.31,,
2022-09-20,600038,中直股份,44.4,43.38,44.4,43.12,52492,231804675.0,2.92,-1.07,-0.47,0.89,,
2022-09-21,600038,中直股份,43.39,43.51,43.83,42.14,57105,248717226.0,3.9,0.3,0.13,0.97,,
2022-09-22,600038,中直股份,43.31,44.83,45.45,43.1,74906,339298869.0,5.4,3.03,1.32,1.27,,
2022-09-23,600038,中直股份,45.37,43.2,46.06,43.09,72940,326782267.0,6.63,-3.64,-1.63,1.24,,
2022-09-26,600038,中直股份,42.51,40.96,42.88,40.58,80163,338408391.0,5.32,-5.19,-2.24,1.36,,
2022-09-27,600038,中直股份,40.97,41.24,41.37,40.52,70045,291040536.0,2.08,0.68,0.28,1.19,,
2022-09-28,600038,中直股份,40.97,39.31,41.51,39.03,80883,326553703.0,6.01,-4.68,-1.93,1.37,,
2022-09-29,600038,中直股份,39.66,39.88,41.19,39.66,67287,275694756.0,3.89,1.45,0.57,1.14,,
2022-09-30,600038,中直股份,40.15,39.09,40.3,38.94,56516,225768454.0,3.41,-1.98,-0.79,0.96,,
2022-10-10,600038,中直股份,39.15,37.9,39.3,37.56,42509,165503430.0,4.45,-3.04,-1.19,0.72,,
2022-10-11,600038,中直股份,38.0,37.65,38.22,37.14,40288,154297729.0,2.85,-0.66,-0.25,0.68,,
2022-10-12,600038,中直股份,37.41,38.41,38.44,36.88,51631,197533014.0,4.14,2.02,0.76,0.88,,
2022-10-13,600038,中直股份,38.39,38.29,38.91,38.0,49972,195000458.0,2.37,-0.31,-0.12,0.85,,
2022-10-14,600038,中直股份,38.4,39.55,39.63,38.35,52922,210093864.0,3.34,3.29,1.26,0.9,,
2022-10-17,600038,中直股份,39.26,40.9,41.34,39.02,80217,331806869.0,5.87,3.41,1.35,1.36,,
2022-10-18,600038,中直股份,40.92,40.63,40.98,40.2,45800,188630727.0,1.91,-0.66,-0.27,0.78,,
2022-10-19,600038,中直股份,40.6,40.2,41.13,40.03,54907,225925431.0,2.71,-1.06,-0.43,0.93,,
2022-10-20,600038,中直股份,40.15,39.41,40.59,38.9,84772,340020848.0,4.2,-1.97,-0.79,1.44,,
2022-10-21,600038,中直股份,39.42,40.24,40.74,38.7,76427,308413969.0,5.18,2.11,0.83,1.3,,
2022-10-24,600038,中直股份,40.32,40.65,41.96,40.32,100037,417817955.0,4.08,1.02,0.41,1.7,,
2022-10-25,600038,中直股份,40.44,39.7,41.03,39.4,78156,317524059.0,4.01,-2.34,-0.95,1.33,,
2022-10-26,600038,中直股份,39.8,42.05,42.76,39.08,114065,478593530.0,9.27,5.92,2.35,1.94,,
2022-10-27,600038,中直股份,42.05,42.32,42.68,41.6,71980,307853322.0,2.57,0.64,0.27,1.22,,
2022-10-28,600038,中直股份,42.15,40.51,42.58,40.08,65326,273701325.0,5.91,-4.28,-1.81,1.11,,
2022-10-31,600038,中直股份,40.3,43.3,43.55,39.26,120094,512647127.0,10.59,6.89,2.79,2.04,,
2022-11-01,600038,中直股份,43.41,43.39,44.15,42.6,85903,377767666.0,3.58,0.21,0.09,1.46,,
2022-11-02,600038,中直股份,43.2,42.7,43.76,42.31,84154,367402494.0,3.34,-1.59,-0.69,1.43,,
2022-11-03,600038,中直股份,42.2,42.59,42.99,42.1,53636,231557615.0,2.08,-0.26,-0.11,0.91,,
2022-11-04,600038,中直股份,42.37,42.67,42.83,42.23,71873,309765702.0,1.41,0.19,0.08,1.22,,
2022-11-07,600038,中直股份,42.6,42.11,42.99,41.76,81237,349057361.0,2.88,-1.31,-0.56,1.38,,
2022-11-08,600038,中直股份,42.15,43.9,44.25,41.7,139403,610259418.0,6.06,4.25,1.79,2.36,,
2022-11-09,600038,中直股份,44.3,42.62,44.34,42.48,84456,368925383.0,4.24,-2.92,-1.28,1.43,,
2022-11-10,600038,中直股份,42.3,41.32,42.32,41.25,58146,245783613.0,2.51,-3.05,-1.3,0.99,,
2022-11-11,600038,中直股份,41.9,41.71,42.29,41.43,53197,226060330.0,2.08,0.94,0.39,0.9,,
2022-11-14,600038,中直股份,41.6,41.2,41.85,40.92,44738,187485685.0,2.23,-1.22,-0.51,0.76,,
2022-11-15,600038,中直股份,40.96,41.62,41.67,40.71,43035,180887706.0,2.33,1.02,0.42,0.73,,
2022-11-16,600038,中直股份,41.44,41.93,42.7,41.44,59765,255511167.0,3.03,0.74,0.31,1.01,,
2022-11-17,600038,中直股份,41.73,42.39,42.42,40.4,51463,217395912.0,4.82,1.1,0.46,0.87,,
2022-11-18,600038,中直股份,42.39,41.45,42.85,41.37,49355,209852252.0,3.49,-2.22,-0.94,0.84,,
2022-11-21,600038,中直股份,41.06,42.71,43.16,40.92,87728,378912765.0,5.4,3.04,1.26,1.49,,
2022-11-22,600038,中直股份,42.49,43.29,44.25,42.49,107339,473524290.0,4.12,1.36,0.58,1.82,,
2022-11-23,600038,中直股份,43.09,42.89,43.4,42.47,41580,180877152.0,2.15,-0.92,-0.4,0.71,,
2022-11-24,600038,中直股份,42.95,43.45,44.24,42.95,63079,278406756.0,3.01,1.31,0.56,1.07,,
2022-11-25,600038,中直股份,43.38,44.74,45.0,43.1,125687,566187013.0,4.37,2.97,1.29,2.13,,
2022-11-28,600038,中直股份,43.96,46.55,47.9,43.96,202283,954447297.0,8.81,4.05,1.81,3.43,,
2022-11-29,600038,中直股份,46.68,46.55,47.38,46.08,99344,469033159.0,2.79,0.0,0.0,1.69,,
2022-11-30,600038,中直股份,47.4,47.38,47.85,46.69,100589,482617337.0,2.49,1.78,0.83,1.71,,
2022-12-01,600038,中直股份,47.42,48.62,49.28,46.93,125814,616739057.0,4.96,2.62,1.24,2.13,,
2022-12-02,600038,中直股份,48.6,47.38,49.15,47.3,80516,391145681.0,3.81,-2.55,-1.24,1.37,,
2022-12-05,600038,中直股份,46.71,46.95,47.79,46.71,68737,328268243.0,2.28,-0.91,-0.43,1.17,,
2022-12-06,600038,中直股份,46.97,48.24,48.45,46.31,73723,354573261.0,4.56,2.75,1.29,1.25,,
2022-12-07,600038,中直股份,48.2,47.25,48.4,46.8,65951,316385666.0,3.32,-2.05,-0.99,1.12,,
2022-12-08,600038,中直股份,46.97,46.12,47.2,45.88,53552,251139533.0,2.79,-2.39,-1.13,0.91,,
2022-12-09,600038,中直股份,46.19,45.77,46.95,45.55,60455,282534966.0,3.04,-0.76,-0.35,1.03,,
2022-12-12,600038,中直股份,45.77,47.15,47.52,45.1,67745,320194218.0,5.29,3.02,1.38,1.15,,
2022-12-13,600038,中直股份,47.15,46.26,47.15,46.07,30294,142473968.0,2.29,-1.89,-0.89,0.51,,
2022-12-14,600038,中直股份,46.08,45.6,46.52,45.33,37162,172263073.0,2.57,-1.43,-0.66,0.63,,
2022-12-15,600038,中直股份,47.4,47.01,48.06,45.92,113546,539371657.0,4.69,3.09,1.41,1.93,,
2022-12-16,600038,中直股份,47.0,46.86,47.67,46.5,48710,232239170.0,2.49,-0.32,-0.15,0.83,,
2022-12-19,600038,中直股份,46.62,46.0,47.2,45.8,36479,171494620.0,2.99,-1.84,-0.86,0.62,,
2022-12-20,600038,中直股份,45.99,46.07,46.4,45.1,44326,205781829.0,2.83,0.15,0.07,0.75,,
2022-12-21,600038,中直股份,45.96,45.19,46.35,44.55,37443,171920692.0,3.91,-1.91,-0.88,0.64,,
2022-12-22,600038,中直股份,45.17,45.63,46.03,44.3,49632,227894781.0,3.83,0.97,0.44,0.84,,
2022-12-23,600038,中直股份,45.5,45.81,46.1,45.16,29551,136757058.0,2.06,0.39,0.18,0.5,,
2022-12-26,600038,,,45.81,,,0,,,,,,停牌,0.0
2022-12-27,600038,,,45.81,,,0,,,,,,停牌,0.0
2022-12-28,600038,,,45.81,,,0,,,,,,停牌,0.0
2022-12-29,600038,,,45.81,,,0,,,,,,停牌,0.0
2022-12-30,600038,,,45.81,,,0,,,,,,停牌,0.0
2023-01-03,600038,,,45.81,,,0,,,,,,停牌,0.0
2023-01-04,600038,,,45.81,,,0,,,,,,停牌,0.0
2023-01-05,600038,,,45.81,,,0,,,,,,停牌,0.0
2023-01-06,600038,,,45.81,,,0,,,,,,停牌,0.0
2023-01-09,600038,,,45.81,,,0,,,,,,停牌,0.0
2023-01-10,600038,中直股份,50.45,45.3,50.45,45.2,389684,1865676160.0,11.46,-1.11,-0.51,6.61,,
2023-01-11,600038,中直股份,44.79,43.29,44.79,43.28,193285,861387944.0,3.33,-4.44,-2.01,3.28,,
2023-01-12,600038,中直股份,44.6,42.96,44.84,42.45,138352,606429974.0,5.52,-0.76,-0.33,2.35,,
2023-01-13,600038,中直股份,42.77,43.4,43.75,42.41,122142,536491776.0,3.12,1.02,0.44,2.07,,
2023-01-16,600038,中直股份,43.03,43.93,44.09,43.0,121475,537861416.0,2.51,1.22,0.53,2.06,,
2023-01-17,600038,中直股份,43.89,44.57,45.4,43.64,104262,470333855.0,4.01,1.46,0.64,1.77,,
2023-01-18,600038,中直股份,44.47,44.56,44.69,44.23,49538,223269233.0,1.03,-0.02,-0.01,0.84,,
2023-01-19,600038,中直股份,44.43,45.03,45.28,44.31,54569,248180990.0,2.18,1.05,0.47,0.93,,
2023-01-20,600038,中直股份,44.93,44.95,45.82,44.75,72000,328987941.0,2.38,-0.18,-0.08,1.22,,
2023-01-30,600038,中直股份,45.46,46.52,47.25,45.25,144735,680006654.0,4.45,3.49,1.57,2.46,,
2023-01-31,600038,中直股份,46.36,47.63,47.75,46.21,125886,601707337.0,3.31,2.39,1.11,2.14,,
2023-02-01,600038,中直股份,47.41,47.6,47.73,47.01,69762,334854990.0,1.51,-0.06,-0.03,1.18,,
2023-02-02,600038,中直股份,47.59,45.96,47.6,45.7,126805,593159035.0,3.99,-3.45,-1.64,2.15,,
2023-02-03,600038,中直股份,45.82,46.35,46.5,45.82,70362,329166686.0,1.48,0.85,0.39,1.19,,
2023-02-06,600038,中直股份,46.07,45.64,46.6,45.56,63575,296126258.0,2.24,-1.53,-0.71,1.08,,
2023-02-07,600038,中直股份,45.7,45.47,45.9,44.66,69946,320798740.0,2.72,-0.37,-0.17,1.19,,
2023-02-08,600038,中直股份,45.24,44.97,45.76,44.95,41773,191381937.0,1.78,-1.1,-0.5,0.71,,
2023-02-09,600038,中直股份,44.9,45.74,45.89,44.79,60156,277396812.0,2.45,1.71,0.77,1.02,,
2023-02-10,600038,中直股份,45.6,45.11,46.1,44.92,57888,265989896.0,2.58,-1.38,-0.63,0.98,,
2023-02-13,600038,中直股份,45.11,45.7,46.2,45.1,67501,312948710.0,2.44,1.31,0.59,1.15,,
2023-02-14,600038,中直股份,45.73,45.44,46.05,45.1,57440,264314879.0,2.08,-0.57,-0.26,0.97,,
2023-02-15,600038,中直股份,45.42,45.06,45.54,44.78,62623,286034712.0,1.67,-0.84,-0.38,1.06,,
2023-02-16,600038,中直股份,45.13,44.21,45.28,43.8,61512,278744687.0,3.28,-1.89,-0.85,1.04,,
2023-02-17,600038,中直股份,44.22,43.63,44.36,43.15,78266,345892523.0,2.74,-1.31,-0.58,1.33,,
2023-02-20,600038,中直股份,43.48,43.9,43.96,43.1,60486,266871575.0,1.97,0.62,0.27,1.03,,
2023-02-21,600038,中直股份,43.89,44.24,44.5,43.85,52786,236486506.0,1.48,0.77,0.34,0.9,,
2023-02-22,600038,中直股份,44.18,44.35,44.55,43.97,42845,192437336.0,1.31,0.25,0.11,0.73,,
2023-02-23,600038,中直股份,44.33,44.02,44.47,43.9,39982,178854942.0,1.29,-0.74,-0.33,0.68,,
2023-02-24,600038,中直股份,44.02,44.74,45.2,44.0,58841,267011405.0,2.73,1.64,0.72,1.0,,
2023-02-27,600038,中直股份,44.74,44.48,45.21,44.22,50091,226801895.0,2.21,-0.58,-0.26,0.85,,
2023-02-28,600038,中直股份,44.48,44.79,45.1,44.18,47217,213621684.0,2.07,0.7,0.31,0.8,,
2023-03-01,600038,中直股份,44.82,45.16,45.23,44.55,43344,197410813.0,1.52,0.83,0.37,0.74,,
2023-03-02,600038,中直股份,45.04,46.0,46.01,44.99,79454,367111259.0,2.26,1.86,0.84,1.35,,
2023-03-03,600038,中直股份,45.99,46.72,47.58,45.49,123857,587028558.0,4.54,1.57,0.72,2.1,,
2023-03-06,600038,中直股份,47.25,46.55,47.28,45.97,107828,507768078.0,2.8,-0.36,-0.17,1.83,,
2023-03-07,600038,中直股份,46.54,45.7,46.57,45.55,67727,316154740.0,2.19,-1.83,-0.85,1.15,,
2023-03-08,600038,中直股份,45.46,46.08,46.77,45.43,71814,335785832.0,2.93,0.83,0.38,1.22,,
2023-03-09,600038,中直股份,46.24,45.81,46.55,45.7,43721,203641934.0,1.84,-0.59,-0.27,0.74,,
2023-03-10,600038,中直股份,45.6,45.55,46.17,45.51,43394,201140047.0,1.44,-0.57,-0.26,0.74,,
2023-03-13,600038,中直股份,45.3,45.66,45.96,44.83,44984,206863435.0,2.48,0.24,0.11,0.76,,
2023-03-14,600038,中直股份,45.5,45.87,46.13,45.23,48890,226560089.0,1.97,0.46,0.21,0.83,,
2023-03-15,600038,中直股份,45.88,45.27,46.0,44.95,51614,237199725.0,2.29,-1.31,-0.6,0.88,,
2023-03-16,600038,中直股份,45.1,44.43,46.15,44.17,92704,424476371.0,4.37,-1.86,-0.84,1.57,,
2023-03-17,600038,中直股份,44.83,44.17,44.85,43.85,73482,329003840.0,2.25,-0.59,-0.26,1.25,,
2023-03-20,600038,中直股份,44.25,43.86,44.87,43.5,67065,300795153.0,3.1,-0.7,-0.31,1.14,,
2023-03-21,600038,中直股份,44.74,45.57,46.15,44.5,126067,581314677.0,3.76,3.9,1.71,2.14,,
2023-03-22,600038,中直股份,45.45,45.98,46.28,45.35,84853,394878179.0,2.04,0.9,0.41,1.44,,
2023-03-23,600038,中直股份,45.75,46.08,46.2,45.56,60592,281401169.0,1.39,0.22,0.1,1.03,,
2023-03-24,600038,中直股份,45.78,45.49,45.98,45.29,52134,240380779.0,1.5,-1.28,-0.59,0.88,,
2023-03-27,600038,中直股份,45.61,43.98,45.7,43.92,94106,423951934.0,3.91,-3.32,-1.51,1.6,,
2023-03-28,600038,中直股份,43.98,42.69,44.09,42.51,113042,493251701.0,3.59,-2.93,-1.29,1.92,,
2023-03-29,600038,中直股份,42.68,41.82,42.68,41.43,90871,384937654.0,2.93,-2.04,-0.87,1.54,,
2023-03-30,600038,中直股份,41.69,41.78,41.94,41.4,56346,238260131.0,1.29,-0.1,-0.04,0.96,,
2023-03-31,600038,中直股份,41.69,41.71,42.03,41.3,58810,248614094.0,1.75,-0.17,-0.07,1.0,,
2023-04-03,600038,中直股份,41.66,41.96,42.08,41.45,63268,268504696.0,1.51,0.6,0.25,1.07,,
2023-04-04,600038,中直股份,42.05,41.51,42.06,41.37,66998,282396278.0,1.64,-1.07,-0.45,1.14,,
2023-04-06,600038,中直股份,41.4,41.58,41.74,40.98,59417,249651163.0,1.83,0.17,0.07,1.01,,
2023-04-07,600038,中直股份,41.65,42.29,42.29,41.6,61918,263176711.0,1.66,1.71,0.71,1.05,,
2023-04-10,600038,中直股份,42.8,41.71,42.93,41.48,79162,337747740.0,3.43,-1.37,-0.58,1.34,,
2023-04-11,600038,中直股份,41.49,41.75,41.94,41.48,42225,178628630.0,1.1,0.1,0.04,0.72,,
2023-04-12,600038,中直股份,41.73,41.51,41.9,41.49,43177,182235581.0,0.98,-0.57,-0.24,0.73,,
2023-04-13,600038,中直股份,41.52,41.62,41.8,41.15,42092,176971337.0,1.57,0.26,0.11,0.71,,
2023-04-14,600038,中直股份,42.39,41.73,42.45,41.7,69795,297142854.0,1.8,0.26,0.11,1.18,,
2023-04-17,600038,中直股份,41.74,41.89,42.05,41.28,54713,231799805.0,1.85,0.38,0.16,0.93,,
2023-04-18,600038,中直股份,41.97,42.06,42.3,41.7,52776,224987725.0,1.43,0.41,0.17,0.9,,
2023-04-19,600038,中直股份,41.96,41.63,42.06,41.47,42302,178868660.0,1.4,-1.02,-0.43,0.72,,
2023-04-20,600038,中直股份,41.53,40.95,41.93,40.7,63992,266753034.0,2.95,-1.63,-0.68,1.09,,
2023-04-21,600038,中直股份,40.72,40.59,41.6,40.52,66534,277280882.0,2.64,-0.88,-0.36,1.13,,
2023-04-24,600038,中直股份,40.62,40.68,41.02,40.0,45964,189208621.0,2.51,0.22,0.09,0.78,,
2023-04-25,600038,中直股份,40.51,39.84,40.86,39.51,54409,221458179.0,3.32,-2.06,-0.84,0.92,,
2023-04-26,600038,中直股份,39.78,40.53,40.83,39.78,41851,172109329.0,2.64,1.73,0.69,0.71,,
2023-04-27,600038,中直股份,40.48,41.41,41.64,40.3,52014,217595511.0,3.31,2.17,0.88,0.88,,
2023-04-28,600038,中直股份,41.4,41.92,42.04,41.25,46145,195463167.0,1.91,1.23,0.51,0.78,,
2023-05-04,600038,中直股份,41.62,41.5,42.16,41.19,65553,276558475.0,2.31,-1.0,-0.42,1.11,,
2023-05-05,600038,中直股份,41.49,40.85,41.51,40.73,39031,162549609.0,1.88,-1.57,-0.65,0.66,,
2023-05-08,600038,中直股份,40.87,41.88,42.02,40.87,58821,248447198.0,2.82,2.52,1.03,1.0,,
2023-05-09,600038,中直股份,42.19,42.26,42.83,41.82,94383,406849852.0,2.41,0.91,0.38,1.6,,
2023-05-10,600038,中直股份,42.2,41.74,42.24,41.28,56095,236595341.0,2.27,-1.23,-0.52,0.95,,
2023-05-11,600038,中直股份,41.71,40.9,41.71,40.79,55580,231858806.0,2.2,-2.01,-0.84,0.94,,
2023-05-12,600038,中直股份,40.8,40.33,41.08,40.27,33689,138558141.0,1.98,-1.39,-0.57,0.57,,
2023-05-15,600038,中直股份,40.11,40.65,40.7,39.7,42555,173537945.0,2.48,0.79,0.32,0.72,,
2023-05-16,600038,中直股份,40.68,40.23,40.7,40.07,35005,143234419.0,1.55,-1.03,-0.42,0.59,,
2023-05-17,600038,中直股份,40.23,40.81,41.22,40.13,50970,210660356.0,2.71,1.44,0.58,0.86,,
2023-05-18,600038,中直股份,40.82,40.58,40.9,40.33,36884,151926007.0,1.4,-0.56,-0.23,0.63,,
2023-05-19,600038,中直股份,40.46,40.56,41.01,40.15,36241,149343072.0,2.12,-0.05,-0.02,0.61,,
2023-05-22,600038,中直股份,40.3,40.2,40.6,40.15,33739,137840224.0,1.11,-0.89,-0.36,0.57,,
2023-05-23,600038,中直股份,40.13,39.5,40.26,39.48,50520,203671275.0,1.94,-1.74,-0.7,0.86,,
2023-05-24,600038,中直股份,39.41,38.52,39.41,38.46,62234,245847691.0,2.41,-2.48,-0.98,1.06,,
2023-05-25,600038,中直股份,38.55,38.75,39.02,38.42,39388,154760452.0,1.56,0.6,0.23,0.67,,
2023-05-26,600038,中直股份,38.79,38.79,38.84,38.38,22550,88387319.0,1.19,0.1,0.04,0.38,,
2023-05-29,600038,中直股份,39.29,38.48,39.55,38.41,44709,176226318.0,2.94,-0.8,-0.31,0.76,,
2023-05-30,600038,中直股份,38.4,38.36,38.6,37.61,44988,173935036.0,2.57,-0.31,-0.12,0.76,,
2023-05-31,600038,中直股份,38.15,38.48,38.65,38.02,34625,135015414.0,1.64,0.31,0.12,0.59,,
2023-06-01,600038,中直股份,38.41,38.47,38.73,38.1,38951,152177854.0,1.64,-0.03,-0.01,0.66,,
2023-06-02,600038,中直股份,38.52,38.49,38.69,38.37,36584,143102447.0,0.83,0.05,0.02,0.62,,
2023-06-05,600038,中直股份,38.5,38.35,38.59,38.21,28485,111039243.0,0.99,-0.36,-0.14,0.48,,
2023-06-06,600038,中直股份,38.24,37.18,38.49,37.08,54033,206463179.0,3.68,-3.05,-1.17,0.92,,
2023-06-07,600038,中直股份,37.16,37.29,37.45,37.0,31933,120697995.0,1.21,0.3,0.11,0.54,,
2023-06-08,600038,中直股份,37.23,37.18,37.26,36.64,35387,132931703.0,1.66,-0.29,-0.11,0.6,,
2023-06-09,600038,中直股份,37.16,38.4,38.45,37.0,64786,248561185.0,3.9,3.28,1.22,1.1,,
2023-06-12,600038,中直股份,38.2,37.61,38.37,37.5,61722,236682289.0,2.27,-2.06,-0.79,1.05,,
2023-06-13,600038,中直股份,37.49,37.31,37.54,37.2,39779,150777216.0,0.9,-0.8,-0.3,0.67,,
2023-06-14,600038,中直股份,37.32,37.35,37.54,37.2,30185,114552422.0,0.91,0.11,0.04,0.51,,
2023-06-15,600038,中直股份,37.35,37.7,37.77,37.23,37189,141895720.0,1.45,0.94,0.35,0.63,,
2023-06-16,600038,中直股份,37.84,38.27,38.49,37.78,49769,193435471.0,1.88,1.51,0.57,0.84,,
2023-06-19,600038,中直股份,38.29,38.29,38.98,38.2,50575,197932716.0,2.04,0.05,0.02,0.86,,
2023-06-20,600038,中直股份,38.25,38.78,38.98,38.22,62396,245545753.0,1.98,1.28,0.49,1.06,,
2023-06-21,600038,中直股份,38.61,38.43,38.85,38.39,35579,139324731.0,1.19,-0.9,-0.35,0.6,,
2023-06-26,600038,中直股份,38.3,38.08,38.55,37.92,37220,144354254.0,1.64,-0.91,-0.35,0.63,,
2023-06-27,600038,中直股份,38.2,38.6,38.65,37.96,32130,125496666.0,1.81,1.37,0.52,0.55,,
2023-06-28,600038,中直股份,38.66,38.78,38.99,38.07,47788,186128801.0,2.38,0.47,0.18,0.81,,
2023-06-29,600038,中直股份,38.7,39.17,39.34,38.6,49194,194499171.0,1.91,1.01,0.39,0.83,,
2023-06-30,600038,中直股份,39.28,39.42,39.66,39.06,47938,191046205.0,1.53,0.64,0.25,0.81,,
2023-07-03,600038,中直股份,39.56,39.65,39.78,39.3,50931,203653654.0,1.22,0.58,0.23,0.86,,
2023-07-04,600038,中直股份,39.47,39.93,39.98,39.46,43866,176298969.0,1.31,0.71,0.28,0.74,,
2023-07-05,600038,中直股份,39.85,39.36,39.85,39.29,36188,144502892.0,1.4,-1.43,-0.57,0.61,,
2023-07-06,600038,中直股份,39.3,39.11,39.49,39.03,26479,104881320.0,1.17,-0.64,-0.25,0.45,,
2023-07-07,600038,中直股份,39.15,38.91,39.25,38.77,29218,115064708.0,1.23,-0.51,-0.2,0.5,,
2023-07-10,600038,中直股份,39.1,39.23,39.45,38.99,25879,102522104.0,1.18,0.82,0.32,0.44,,
2023-07-11,600038,中直股份,39.32,40.11,40.25,39.17,54094,218022412.0,2.75,2.24,0.88,0.92,,
2023-07-12,600038,中直股份,40.11,39.53,40.11,39.5,40572,162835639.0,1.52,-1.45,-0.58,0.69,,
2023-07-13,600038,中直股份,39.58,39.93,40.25,39.4,47587,191290255.0,2.15,1.01,0.4,0.81,,
2023-07-14,600038,中直股份,40.6,40.02,40.7,39.95,73205,297633665.0,1.88,0.23,0.09,1.24,,
2023-07-17,600038,中直股份,39.87,39.98,39.98,39.48,47062,188821137.0,1.25,-0.1,-0.04,0.8,,
2023-07-18,600038,中直股份,39.89,40.3,40.56,39.74,48234,196234389.0,2.05,0.8,0.32,0.82,,
2023-07-19,600038,中直股份,41.1,41.31,42.2,40.3,146113,609575703.0,4.71,2.51,1.01,2.48,,
2023-07-20,600038,中直股份,41.9,41.01,42.5,40.79,126169,531051267.0,4.14,-0.73,-0.3,2.14,,
2023-07-21,600038,中直股份,41.0,40.58,41.49,40.32,70310,289234755.0,2.85,-1.05,-0.43,1.19,,
2023-07-24,600038,中直股份,40.32,40.06,40.69,39.9,65463,265999086.0,1.95,-1.28,-0.52,1.11,,
2023-07-25,600038,中直股份,40.23,40.33,40.43,40.03,56661,230206498.0,1.0,0.67,0.27,0.96,,
2023-07-26,600038,中直股份,40.33,39.93,40.34,39.85,40259,162444846.0,1.21,-0.99,-0.4,0.68,,
2023-07-27,600038,中直股份,40.29,40.62,41.22,40.15,89904,369392896.0,2.68,1.73,0.69,1.53,,
2023-07-28,600038,中直股份,40.3,40.27,40.41,39.58,73525,296901513.0,2.04,-0.86,-0.35,1.25,,
2023-07-31,600038,中直股份,40.4,40.27,40.49,40.08,57398,233388850.0,1.02,0.0,0.0,0.97,,
2023-08-01,600038,中直股份,40.33,39.81,40.42,39.76,43639,176189092.0,1.64,-1.14,-0.46,0.74,,
2023-08-02,600038,中直股份,39.66,39.4,39.86,39.26,48691,194239758.0,1.51,-1.03,-0.41,0.83,,
2023-08-03,600038,中直股份,39.4,39.47,39.52,39.11,32195,127885060.0,1.04,0.18,0.07,0.55,,
2023-08-04,600038,中直股份,39.41,39.48,39.71,39.3,36312,144940836.0,1.04,0.03,0.01,0.62,,
2023-08-07,600038,中直股份,39.49,39.21,39.49,38.99,41324,163540763.0,1.27,-0.68,-0.27,0.7,,
2023-08-08,600038,中直股份,39.21,39.45,39.48,38.62,40050,158065605.0,2.19,0.61,0.24,0.68,,
2023-08-09,600038,中直股份,39.3,39.51,39.66,39.2,29170,116417864.0,1.17,0.15,0.06,0.49,,
2023-08-10,600038,中直股份,39.6,39.35,39.68,39.26,26332,104963575.0,1.06,-0.4,-0.16,0.45,,
2023-08-11,600038,中直股份,39.23,38.84,39.4,38.8,32618,128569734.0,1.52,-1.3,-0.51,0.55,,
2023-08-14,600038,中直股份,38.56,39.06,39.1,38.28,32386,126554310.0,2.11,0.57,0.22,0.55,,
2023-08-15,600038,中直股份,39.03,38.71,39.06,38.37,31142,121540512.0,1.77,-0.9,-0.35,0.53,,
2023-08-16,600038,中直股份,38.67,38.2,38.83,38.14,23856,92652670.0,1.78,-1.32,-0.51,0.4,,
2023-08-17,600038,中直股份,38.18,39.45,39.65,37.96,59944,236371555.0,4.42,3.27,1.25,1.02,,
2023-08-18,600038,中直股份,39.4,39.02,39.67,38.95,37306,148399267.0,1.83,-1.09,-0.43,0.63,,
2023-08-21,600038,中直股份,39.3,38.28,39.48,38.25,38138,149267237.0,3.15,-1.9,-0.74,0.65,,
2023-08-22,600038,中直股份,38.28,38.61,38.82,38.02,37004,143904327.0,2.09,0.86,0.33,0.63,,
2023-08-23,600038,中直股份,38.57,37.43,38.65,37.31,59275,226529345.0,3.47,-3.06,-1.18,1.01,,
2023-08-24,600038,中直股份,37.7,37.27,37.78,37.05,33184,125424128.0,1.95,-0.43,-0.16,0.56,,
2023-08-25,600038,中直股份,37.12,36.79,37.45,36.7,35059,131104069.0,2.01,-1.29,-0.48,0.59,,
2023-08-28,600038,中直股份,38.29,36.79,38.57,36.71,47322,179162147.0,5.06,0.0,0.0,0.8,,
2023-08-29,600038,中直股份,36.8,37.88,38.2,36.65,50566,192349063.0,4.21,2.96,1.09,0.86,,
2023-08-30,600038,中直股份,37.83,38.05,38.33,37.78,36171,139148296.0,1.45,0.45,0.17,0.61,,
2023-08-31,600038,中直股份,37.97,37.74,38.1,37.64,22816,87153639.0,1.21,-0.81,-0.31,0.39,,
2023-09-01,600038,中直股份,37.9,37.66,37.98,37.43,20648,78613574.0,1.46,-0.21,-0.08,0.35,,
2023-09-04,600038,中直股份,37.83,38.07,38.14,37.67,29749,114152990.0,1.25,1.09,0.41,0.5,,
2023-09-05,600038,中直股份,38.08,37.82,38.18,37.77,18744,71890914.0,1.08,-0.66,-0.25,0.32,,
2023-09-06,600038,中直股份,37.7,38.44,38.55,37.58,44486,171514599.0,2.56,1.64,0.62,0.75,,
2023-09-07,600038,中直股份,38.39,37.96,38.58,37.96,27247,105329541.0,1.61,-1.25,-0.48,0.46,,
2023-09-08,600038,中直股份,38.09,38.3,38.49,37.85,25178,97395960.0,1.69,0.9,0.34,0.43,,
2023-09-11,600038,中直股份,38.5,38.32,38.5,37.96,36843,142241574.0,1.41,0.05,0.02,0.63,,
2023-09-12,600038,中直股份,38.3,38.3,38.54,38.2,21597,83731656.0,0.89,-0.05,-0.02,0.37,,
2023-09-13,600038,中直股份,38.3,37.75,38.3,37.41,33348,127240197.0,2.32,-1.44,-0.55,0.57,,
2023-09-14,600038,中直股份,37.79,37.66,37.87,37.5,19835,75418709.0,0.98,-0.24,-0.09,0.34,,
2023-09-15,600038,中直股份,37.68,37.58,37.79,37.42,24592,93426222.0,0.98,-0.21,-0.08,0.42,,
2023-09-18,600038,中直股份,37.58,37.71,37.76,37.22,23888,90581102.0,1.44,0.35,0.13,0.41,,
2023-09-19,600038,中直股份,37.61,37.47,37.61,37.28,23147,87588729.0,0.88,-0.64,-0.24,0.39,,
2023-09-20,600038,中直股份,37.3,37.06,37.45,36.96,20113,75563943.0,1.31,-1.09,-0.41,0.34,,
2023-09-21,600038,中直股份,37.61,38.22,38.7,37.55,77644,299509246.0,3.1,3.13,1.16,1.32,,
2023-09-22,600038,中直股份,37.91,38.25,38.29,37.75,45373,174421641.0,1.41,0.08,0.03,0.77,,
2023-09-25,600038,中直股份,37.96,37.56,38.1,37.55,35928,137035370.0,1.44,-1.8,-0.69,0.61,,
2023-09-26,600038,中直股份,37.54,37.18,37.55,37.15,25836,97311072.0,1.06,-1.01,-0.38,0.44,,
2023-09-27,600038,中直股份,37.21,37.3,37.7,37.18,20930,79091393.0,1.4,0.32,0.12,0.36,,
2023-09-28,600038,中直股份,37.65,37.45,37.8,37.3,23429,88838957.0,1.34,0.4,0.15,0.4,,
2023-10-09,600038,中直股份,37.45,37.94,38.26,37.43,45317,173046661.0,2.22,1.31,0.49,0.77,,
2023-10-10,600038,中直股份,38.11,38.05,38.38,37.99,30801,118675177.0,1.03,0.29,0.11,0.52,,
2023-10-11,600038,中直股份,38.23,37.75,38.35,37.65,31433,120809176.0,1.84,-0.79,-0.3,0.53,,
2023-10-12,600038,中直股份,37.94,37.93,38.1,37.53,30266,115471719.0,1.51,0.48,0.18,0.51,,
2023-10-13,600038,中直股份,37.9,37.46,37.9,37.32,25797,97739549.0,1.53,-1.24,-0.47,0.44,,
2023-10-16,600038,中直股份,37.5,37.71,38.25,37.48,32140,122728498.0,2.06,0.67,0.25,0.55,,
2023-10-17,600038,中直股份,37.76,37.39,37.92,36.97,32138,121005449.0,2.52,-0.85,-0.32,0.55,,
2023-10-18,600038,中直股份,37.25,36.77,37.25,36.65,28249,105162523.0,1.6,-1.66,-0.62,0.48,,
2023-10-19,600038,中直股份,36.55,36.27,36.91,36.27,28274,104380407.0,1.74,-1.36,-0.5,0.48,,
2023-10-20,600038,中直股份,36.1,35.54,36.27,35.38,31624,114326421.0,2.45,-2.01,-0.73,0.54,,
2023-10-23,600038,中直股份,35.3,35.39,35.98,35.14,28709,103391821.0,2.36,-0.42,-0.15,0.49,,
2023-10-24,600038,中直股份,35.5,36.1,36.12,35.21,30608,110692825.0,2.57,2.01,0.71,0.52,,
2023-10-25,600038,中直股份,36.53,36.46,36.74,36.3,30791,113773244.0,1.22,1.0,0.36,0.52,,
2023-10-26,600038,中直股份,36.22,36.72,36.75,36.17,24182,89149405.0,1.59,0.71,0.26,0.41,,
2023-10-27,600038,中直股份,36.75,37.11,37.18,36.63,30608,114275956.0,1.5,1.06,0.39,0.52,,
2023-10-30,600038,中直股份,37.08,37.5,37.73,36.88,36322,137177285.0,2.29,1.05,0.39,0.62,,
2023-10-31,600038,中直股份,37.5,37.56,37.89,37.4,32918,125207735.0,1.31,0.16,0.06,0.56,,
2023-11-01,600038,中直股份,37.61,37.53,37.78,37.37,28287,107404149.0,1.09,-0.08,-0.03,0.48,,
2023-11-02,600038,中直股份,37.61,36.96,37.77,36.94,29773,112129910.0,2.21,-1.52,-0.57,0.51,,
2023-11-03,600038,中直股份,37.03,37.31,37.56,37.0,23907,90244529.0,1.52,0.95,0.35,0.41,,
2023-11-06,600038,中直股份,37.55,37.67,37.8,37.4,27644,105225211.0,1.07,0.96,0.36,0.47,,
2023-11-07,600038,中直股份,37.67,37.48,37.67,37.36,17719,67175849.0,0.82,-0.5,-0.19,0.3,,
2023-11-08,600038,中直股份,37.48,37.27,37.55,37.13,24651,93028950.0,1.12,-0.56,-0.21,0.42,,
2023-11-09,600038,中直股份,37.12,36.9,37.33,36.82,25150,94156108.0,1.37,-0.99,-0.37,0.43,,
2023-11-10,600038,中直股份,36.8,37.06,37.16,36.58,19412,72363224.0,1.57,0.43,0.16,0.33,,
2023-11-13,600038,中直股份,37.12,37.96,37.98,37.0,47588,180766478.0,2.64,2.43,0.9,0.81,,
2023-11-14,600038,中直股份,37.83,38.29,38.45,37.82,43565,168171263.0,1.66,0.87,0.33,0.74,,
2023-11-15,600038,中直股份,38.35,38.08,38.42,37.93,25862,99513357.0,1.28,-0.55,-0.21,0.44,,
2023-11-16,600038,中直股份,38.08,37.72,38.14,37.69,18187,69644973.0,1.18,-0.95,-0.36,0.31,,
2023-11-17,600038,中直股份,37.72,37.76,37.89,37.53,17234,65660153.0,0.95,0.11,0.04,0.29,,
2023-11-20,600038,中直股份,37.76,38.15,38.28,37.68,24159,92791359.0,1.59,1.03,0.39,0.41,,
2023-11-21,600038,中直股份,38.2,37.79,38.26,37.76,22347,85716331.0,1.31,-0.94,-0.36,0.38,,
2023-11-22,600038,中直股份,37.61,37.53,37.96,37.53,18294,69711143.0,1.14,-0.69,-0.26,0.31,,
2023-11-23,600038,中直股份,37.4,37.66,37.77,37.25,18232,69093995.0,1.39,0.35,0.13,0.31,,
2023-11-24,600038,中直股份,37.74,37.14,37.76,36.98,21764,81872485.0,2.07,-1.38,-0.52,0.37,,
2023-11-27,600038,中直股份,36.95,38.27,38.46,36.94,58340,223803751.0,4.09,3.04,1.13,0.99,,
2023-11-28,600038,中直股份,38.27,37.82,38.27,37.73,30689,117557325.0,1.41,-1.18,-0.45,0.52,,
2023-11-29,600038,中直股份,37.76,37.51,37.86,37.41,19610,74540354.0,1.19,-0.82,-0.31,0.33,,
2023-11-30,600038,中直股份,37.4,37.02,37.59,36.83,25188,94555494.0,2.03,-1.31,-0.49,0.43,,
2023-12-01,600038,中直股份,37.04,37.08,37.16,36.61,23537,87717099.0,1.49,0.16,0.06,0.4,,
2023-12-04,600038,中直股份,37.27,37.4,37.8,37.24,39448,149505469.0,1.51,0.86,0.32,0.67,,
2023-12-05,600038,中直股份,37.2,36.62,37.31,36.61,28443,105980840.0,1.87,-2.09,-0.78,0.48,,
2023-12-06,600038,中直股份,36.57,36.61,36.88,36.39,23596,87394698.0,1.34,-0.03,-0.01,0.4,,
2023-12-07,600038,中直股份,36.43,36.47,36.65,36.0,24645,90472493.0,1.78,-0.38,-0.14,0.42,,
2023-12-08,600038,中直股份,36.56,36.55,36.96,36.47,31383,116469644.0,1.34,0.22,0.08,0.53,,
2023-12-11,600038,中直股份,36.36,37.33,37.35,36.0,41305,153443998.0,3.69,2.13,0.78,0.7,,
2023-12-12,600038,中直股份,37.6,38.49,40.52,37.6,100095,393288753.0,7.82,3.11,1.16,1.7,,
2023-12-13,600038,中直股份,39.39,38.6,39.4,38.56,48982,192100443.0,2.18,0.29,0.11,0.83,,
2023-12-14,600038,中直股份,38.7,38.18,38.8,38.03,36910,142848993.0,1.99,-1.09,-0.42,0.63,,
2023-12-15,600038,中直股份,38.11,37.79,38.24,37.68,28711,110049279.0,1.47,-1.02,-0.39,0.49,,
2023-12-18,600038,中直股份,37.71,37.15,37.8,37.03,30598,115584192.0,2.04,-1.69,-0.64,0.52,,
2023-12-19,600038,中直股份,37.63,37.2,37.69,36.95,33246,125039087.0,1.99,0.13,0.05,0.56,,
2023-12-20,600038,中直股份,37.04,36.48,37.38,36.46,29051,108291525.0,2.47,-1.94,-0.72,0.49,,
2023-12-21,600038,中直股份,36.15,36.73,36.76,35.95,34967,128599517.0,2.22,0.69,0.25,0.59,,
2023-12-22,600038,中直股份,36.65,37.74,38.04,36.57,65386,247735265.0,4.0,2.75,1.01,1.11,,
2023-12-25,600038,中直股份,37.74,37.92,38.43,37.61,51275,196971376.0,2.17,0.48,0.18,0.87,,
2023-12-26,600038,中直股份,37.6,38.2,38.57,37.23,59652,228258596.0,3.53,0.74,0.28,1.01,,
2023-12-27,600038,中直股份,38.17,37.55,38.17,37.4,32061,122088521.0,2.02,-1.7,-0.65,0.54,,
2023-12-28,600038,中直股份,37.6,37.9,38.05,37.52,42165,161196693.0,1.41,0.93,0.35,0.72,,
2023-12-29,600038,中直股份,37.75,38.13,38.23,37.75,35873,137999241.0,1.27,0.61,0.23,0.61,,
2024-01-02,600038,中直股份,38.16,38.3,38.73,37.85,53458,207814687.0,2.31,0.45,0.17,0.91,,
2024-01-03,600038,中直股份,38.27,38.07,38.27,37.8,35276,135489051.0,1.23,-0.6,-0.23,0.6,,
2024-01-04,600038,中直股份,37.9,37.63,38.3,37.52,30277,115799514.0,2.05,-1.16,-0.44,0.51,,
2024-01-05,600038,中直股份,37.63,37.1,38.04,36.88,39932,151091163.0,3.08,-1.41,-0.53,0.68,,
2024-01-08,600038,中直股份,37.0,36.1,37.0,36.1,35279,130033970.0,2.43,-2.7,-1.0,0.6,,
2024-01-09,600038,中直股份,36.11,36.15,36.26,35.6,37046,134710910.0,1.83,0.14,0.05,0.63,,
2024-01-10,600038,中直股份,36.1,36.4,36.47,35.47,28160,102672896.0,2.77,0.69,0.25,0.48,,
2024-01-11,600038,中直股份,36.5,37.6,37.6,36.2,55550,208532640.0,3.85,3.3,1.2,0.94,,
2024-01-12,600038,中直股份,37.41,37.12,37.75,36.92,36637,137771272.0,2.21,-1.28,-0.48,0.62,,
2024-01-15,600038,中直股份,37.0,35.99,37.0,35.96,39723,145993012.0,2.8,-3.04,-1.13,0.67,,
2024-01-16,600038,中直股份,35.97,36.36,36.69,35.59,38283,139682259.0,3.06,1.03,0.37,0.65,,
2024-01-17,600038,中直股份,36.28,35.31,36.28,35.26,33218,119757109.0,2.81,-2.89,-1.05,0.56,,
2024-01-18,600038,中直股份,35.2,35.6,35.6,33.56,64928,226250670.0,5.78,0.82,0.29,1.1,,
2024-01-19,600038,中直股份,35.1,34.71,35.2,34.5,30603,107928555.0,1.97,-2.5,-0.89,0.52,,
2024-01-22,600038,中直股份,34.54,33.6,34.54,33.23,42639,146140132.0,3.77,-3.2,-1.11,0.72,,
2024-01-23,600038,中直股份,33.49,33.34,33.75,32.96,43171,145413349.0,2.35,-0.77,-0.26,0.73,,
2024-01-24,600038,中直股份,33.33,33.71,33.83,32.5,39271,131707402.0,3.99,1.11,0.37,0.67,,
2024-01-25,600038,中直股份,33.69,35.19,35.29,33.52,52933,185514714.0,5.25,4.39,1.48,0.9,,
2024-01-26,600038,中直股份,35.07,35.15,35.8,34.91,38722,138027742.0,2.53,-0.11,-0.04,0.66,,
2024-01-29,600038,中直股份,35.3,34.96,35.43,34.9,31215,110905796.0,1.51,-0.54,-0.19,0.53,,
2024-01-30,600038,中直股份,34.7,34.08,35.01,33.93,28366,99170851.0,3.09,-2.52,-0.88,0.48,,
2024-01-31,600038,中直股份,33.71,32.58,33.9,32.55,48945,164061769.0,3.96,-4.4,-1.5,0.83,,
2024-02-01,600038,中直股份,32.38,32.36,32.96,31.65,41814,136862448.0,4.02,-0.68,-0.22,0.71,,
2024-02-02,600038,中直股份,32.75,31.94,33.43,30.83,59868,195999820.0,8.03,-1.3,-0.42,1.02,,
2024-02-05,600038,中直股份,31.59,31.46,32.02,29.84,66713,209261434.0,6.83,-1.5,-0.48,1.13,,
2024-02-06,600038,中直股份,30.9,33.66,33.75,30.71,59765,196488648.0,9.66,6.99,2.2,1.01,,
2024-02-07,600038,中直股份,33.72,35.3,35.4,33.69,95347,337114702.0,5.08,4.87,1.64,1.62,,
2024-02-08,600038,中直股份,35.32,35.45,36.66,35.32,94353,344646190.0,3.8,0.42,0.15,1.6,,
2024-02-19,600038,中直股份,35.5,34.95,35.98,34.68,62190,220180592.0,3.67,-1.41,-0.5,1.06,,
2024-02-20,600038,中直股份,34.9,34.69,34.9,34.33,39128,136843739.0,1.63,-0.74,-0.26,0.66,,
2024-02-21,600038,中直股份,34.52,34.8,35.59,34.26,50583,179460692.0,3.83,0.32,0.11,0.86,,
2024-02-22,600038,中直股份,34.78,34.94,35.12,34.69,35249,124251082.0,1.24,0.4,0.14,0.6,,
2024-02-23,600038,中直股份,34.95,35.09,35.19,34.49,43823,154622407.0,2.0,0.43,0.15,0.74,,
2024-02-26,600038,中直股份,35.12,35.41,35.66,35.0,47344,169309218.0,1.88,0.91,0.32,0.8,,
2024-02-27,600038,中直股份,35.2,35.8,35.85,35.15,43725,157007824.0,1.98,1.1,0.39,0.74,,
2024-02-28,600038,中直股份,35.93,35.1,36.26,35.08,67676,244533077.0,3.3,-1.96,-0.7,1.15,,
2024-02-29,600038,中直股份,35.08,36.0,36.0,34.95,60274,217344526.0,2.99,2.56,0.9,1.02,,
2024-03-01,600038,中直股份,36.1,36.25,36.38,35.92,39892,145773120.0,1.28,0.69,0.25,0.68,,
2024-03-04,600038,中直股份,36.25,35.93,36.36,35.6,35614,129320750.0,2.1,-0.88,-0.32,0.6,,
2024-03-05,600038,中直股份,35.95,36.68,36.92,35.8,75666,279994473.0,3.12,2.09,0.75,1.28,,
2024-03-06,600038,中直股份,36.5,36.81,37.1,36.18,59331,220494070.0,2.51,0.35,0.13,1.01,,
2024-03-07,600038,中直股份,36.9,35.9,37.04,35.8,50322,185092025.0,3.37,-2.47,-0.91,0.85,,
2024-03-08,600038,中直股份,36.03,36.47,36.58,35.88,37040,135654543.0,1.95,1.59,0.57,0.63,,
2024-03-11,600038,中直股份,36.59,37.4,37.4,36.59,64705,242584822.0,2.22,2.55,0.93,1.1,,
2024-03-12,600038,中直股份,37.36,39.29,39.93,37.36,160226,625909146.0,6.87,5.05,1.89,2.72,,
2024-03-13,600038,中直股份,39.55,39.76,40.9,39.12,215143,871194449.0,4.53,1.2,0.47,3.65,,
2024-03-14,600038,中直股份,39.4,39.01,40.76,38.5,127142,506201050.0,5.68,-1.89,-0.75,2.16,,
2024-03-15,600038,中直股份,38.79,38.92,39.33,38.25,79190,309243046.0,2.77,-0.23,-0.09,1.34,,
2024-03-18,600038,中直股份,39.05,42.08,42.31,39.05,259715,1083301657.0,8.38,8.12,3.16,4.41,,
2024-03-19,600038,中直股份,42.0,40.84,42.05,40.75,148902,619007048.0,3.09,-2.95,-1.24,2.53,,
2024-03-20,600038,中直股份,40.8,40.72,41.41,40.5,99958,412775507.0,2.23,-0.29,-0.12,1.7,,
2024-03-21,600038,中直股份,41.09,41.17,41.79,40.53,127607,530273771.0,3.09,1.11,0.45,2.16,,
2024-03-22,600038,中直股份,40.93,39.57,40.93,39.57,114762,464034602.0,3.3,-3.89,-1.6,1.95,,
2024-03-25,600038,中直股份,39.53,38.51,39.85,38.49,74892,296411016.0,3.44,-2.68,-1.06,1.27,,
2024-03-26,600038,中直股份,38.51,38.72,39.36,38.32,68611,268962402.0,2.7,0.55,0.21,1.16,,
2024-03-27,600038,中直股份,38.72,38.14,39.48,37.61,101118,393476987.0,4.83,-1.5,-0.58,1.72,,
2024-03-28,600038,中直股份,39.16,41.08,41.15,39.16,198641,810311680.0,5.22,7.71,2.94,3.37,,
2024-03-29,600038,中直股份,40.9,40.71,41.47,40.03,124673,511404986.0,3.51,-0.9,-0.37,2.11,,
2024-04-01,600038,中直股份,40.48,40.2,40.94,39.81,110304,447690042.0,2.78,-1.25,-0.51,1.87,,
2024-04-02,600038,中直股份,40.06,39.34,40.18,39.1,113868,454754714.0,2.69,-2.14,-0.86,1.93,,
2024-04-03,600038,中直股份,38.86,38.87,38.98,38.18,102003,397004154.0,2.03,-1.19,-0.47,1.73,,
2024-04-08,600038,中直股份,38.78,38.98,39.4,38.2,92569,364489609.0,3.09,0.28,0.11,1.57,,
2024-04-09,600038,中直股份,38.88,38.74,39.77,38.43,62456,245244735.0,3.44,-0.62,-0.24,1.06,,
2024-04-10,600038,中直股份,38.55,38.91,39.28,37.75,92749,359561989.0,3.95,0.44,0.17,1.57,,
2024-04-11,600038,中直股份,38.35,37.34,38.42,37.32,92100,351860333.0,2.83,-4.03,-1.57,1.56,,
2024-04-12,600038,中直股份,37.18,37.52,38.08,37.14,56709,215992045.0,2.52,0.48,0.18,0.96,,
2024-04-15,600038,中直股份,37.65,39.08,39.34,37.55,115088,450497021.0,4.77,4.16,1.56,1.95,,
2024-04-16,600038,中直股份,38.78,37.48,39.32,37.4,97818,379599732.0,4.91,-4.09,-1.6,1.66,,
2024-04-17,600038,中直股份,37.88,39.95,39.99,37.67,133779,528817015.0,6.19,6.59,2.47,2.27,,
2024-04-18,600038,中直股份,40.44,40.56,41.34,39.76,202805,832285708.0,3.95,1.53,0.61,3.44,,
2024-04-19,600038,中直股份,40.01,42.39,43.46,39.94,244640,1025421979.0,8.68,4.51,1.83,4.15,,
2024-04-22,600038,中直股份,42.77,43.4,44.38,41.08,275280,1180961932.0,7.78,2.38,1.01,4.67,,
2024-04-23,600038,中直股份,42.59,41.37,43.13,41.3,173242,736150191.0,4.22,-4.68,-2.03,2.94,,
2024-04-24,600038,中直股份,40.68,43.2,43.25,40.61,188124,803986161.0,6.38,4.42,1.83,3.19,,
2024-04-25,600038,中直股份,43.1,42.31,43.14,42.19,131310,561791796.0,2.2,-2.06,-0.89,2.23,,
2024-04-26,600038,中直股份,42.2,43.08,43.64,42.14,194203,837368477.0,3.55,1.82,0.77,3.29,,
2024-04-29,600038,中直股份,43.41,43.74,44.98,43.41,180865,798793800.0,3.64,1.53,0.66,3.07,,
2024-04-30,600038,中直股份,43.8,41.49,43.92,41.1,195940,826147485.0,6.45,-5.14,-2.25,3.32,,
2024-05-06,600038,中直股份,41.8,42.35,42.6,41.77,104165,441352441.0,2.0,2.07,0.86,1.77,,
2024-05-07,600038,中直股份,42.08,44.06,44.38,41.95,204356,895049545.0,5.74,4.04,1.71,3.47,,
2024-05-08,600038,中直股份,43.83,44.38,44.92,43.3,192841,860834534.0,3.68,0.73,0.32,3.27,,
2024-05-09,600038,中直股份,44.0,45.13,45.9,43.2,182921,824800105.0,6.08,1.69,0.75,3.1,,
2024-05-10,600038,中直股份,45.13,44.55,45.55,44.16,104356,468637145.0,3.08,-1.29,-0.58,1.77,,
2024-05-13,600038,中直股份,43.9,43.67,44.24,43.4,95139,418103200.0,1.89,-1.98,-0.88,1.61,,
2024-05-14,600038,中直股份,43.65,43.14,43.88,42.9,70659,306725496.0,2.24,-1.21,-0.53,1.2,,
2024-05-15,600038,中直股份,43.17,43.47,44.45,42.97,102619,452454759.0,3.43,0.76,0.33,1.74,,
2024-05-16,600038,中直股份,43.47,42.77,44.2,42.6,101141,437846092.0,3.68,-1.61,-0.7,1.72,,
2024-05-17,600038,中直股份,43.46,43.84,44.04,42.84,96237,420214558.0,2.81,2.5,1.07,1.63,,
2024-05-20,600038,中直股份,43.8,44.05,44.45,43.37,107097,472829804.0,2.46,0.48,0.21,1.82,,
2024-05-21,600038,中直股份,43.51,43.6,44.24,43.21,71508,313981850.0,2.34,-1.02,-0.45,1.21,,
2024-05-22,600038,中直股份,43.31,42.85,43.91,42.68,70238,304102816.0,2.82,-1.72,-0.75,1.19,,
2024-05-23,600038,中直股份,43.36,42.37,43.66,42.33,67501,290726796.0,3.1,-1.12,-0.48,1.15,,
2024-05-24,600038,中直股份,42.23,41.58,42.23,41.49,59682,250425898.0,1.75,-1.86,-0.79,1.01,,
2024-05-27,600038,中直股份,41.55,41.97,42.12,41.33,46261,194105706.0,1.9,0.94,0.39,0.78,,
2024-05-28,600038,中直股份,41.98,41.5,42.1,41.3,61288,256304855.0,1.91,-1.12,-0.47,1.04,,
2024-05-29,600038,中直股份,41.5,41.09,41.78,40.83,50026,206971847.0,2.29,-0.99,-0.41,0.85,,
2024-05-30,600038,中直股份,41.1,41.71,42.16,40.78,60460,252727792.0,3.36,1.51,0.62,1.03,,
2024-05-31,600038,中直股份,41.82,41.44,42.02,41.27,53271,222437395.0,1.8,-0.65,-0.27,0.9,,
2024-06-03,600038,中直股份,41.46,41.46,41.91,41.15,49853,207839878.0,1.83,0.05,0.02,0.85,,
2024-06-04,600038,中直股份,41.33,42.36,42.38,41.21,65302,275396820.0,2.82,2.17,0.9,1.11,,
2024-06-05,600038,中直股份,42.21,42.1,43.1,42.1,62943,269419850.0,2.36,-0.61,-0.26,1.07,,
2024-06-06,600038,中直股份,42.08,41.5,42.23,41.41,46493,194893853.0,1.95,-1.43,-0.6,0.79,,
2024-06-07,600038,中直股份,41.65,41.25,42.0,40.83,49989,207696609.0,2.82,-0.6,-0.25,0.85,,
2024-06-11,600038,中直股份,41.2,41.47,41.65,40.8,41882,173662523.0,2.06,0.53,0.22,0.71,,
2024-06-12,600038,中直股份,41.3,40.97,41.68,40.85,39982,165436349.0,2.0,-1.21,-0.5,0.68,,
2024-06-13,600038,中直股份,40.9,40.51,41.0,40.22,73401,299107311.0,1.9,-1.12,-0.46,1.25,,
2024-06-14,600038,中直股份,40.42,40.58,40.7,40.07,57480,233236312.0,1.56,0.17,0.07,0.98,,
2024-06-17,600038,中直股份,40.31,40.73,41.1,40.3,49678,203981053.0,1.97,0.37,0.15,0.84,,
2024-06-18,600038,中直股份,40.79,41.63,41.76,40.64,59061,245548091.0,2.75,2.21,0.9,1.0,,
2024-06-19,600038,中直股份,41.7,40.77,41.78,40.7,36470,150184151.0,2.59,-2.07,-0.86,0.62,,
2024-06-20,600038,中直股份,40.75,39.99,40.75,39.89,39538,159806362.0,2.11,-1.91,-0.78,0.67,,
2024-06-21,600038,中直股份,39.96,40.29,40.58,39.9,31723,128638331.0,1.7,0.75,0.3,0.54,,
2024-06-24,600038,中直股份,40.29,40.48,41.38,39.98,66405,272274141.0,3.47,0.47,0.19,1.13,,
2024-06-25,600038,中直股份,40.69,39.9,40.95,39.58,49302,199515704.0,3.38,-1.43,-0.58,0.84,,
2024-06-26,600038,中直股份,39.82,40.27,40.4,39.25,46894,187181326.0,2.88,0.93,0.37,0.8,,
2024-06-27,600038,中直股份,40.06,39.8,40.28,39.8,34940,140315946.0,1.19,-1.17,-0.47,0.59,,
2024-06-28,600038,中直股份,39.8,40.91,41.23,39.75,67804,278013525.0,3.72,2.79,1.11,1.15,,
2024-07-01,600038,中直股份,41.01,41.32,41.56,40.36,43851,180692292.0,2.93,1.0,0.41,0.74,,
2024-07-02,600038,中直股份,41.22,40.48,41.49,40.43,38590,158004732.0,2.57,-2.03,-0.84,0.65,,
2024-07-03,600038,中直股份,40.48,39.69,40.54,39.65,31637,126778972.0,2.2,-1.95,-0.79,0.54,,
2024-07-04,600038,中直股份,39.73,39.27,40.2,39.15,35604,141618990.0,2.65,-1.06,-0.42,0.6,,
2024-07-05,600038,中直股份,39.2,39.36,39.39,38.65,32980,129560849.0,1.88,0.23,0.09,0.56,,
2024-07-08,600038,中直股份,39.36,38.99,39.67,38.73,45590,179534162.0,2.39,-0.94,-0.37,0.77,,
2024-07-09,600038,中直股份,38.79,38.39,38.96,37.69,87453,336255672.0,3.26,-1.54,-0.6,1.48,,
2024-07-10,600038,中直股份,38.27,38.2,39.06,38.16,59343,229968905.0,2.34,-0.49,-0.19,1.01,,
2024-07-11,600038,中直股份,38.7,38.8,39.02,38.39,58447,227591355.0,1.65,1.57,0.6,0.99,,
2024-07-12,600038,中直股份,38.83,39.05,39.35,38.61,48856,191548440.0,1.91,0.64,0.25,0.83,,
2024-07-15,600038,中直股份,39.17,38.75,39.5,38.62,34513,135382045.0,2.25,-0.77,-0.3,0.59,,
2024-07-16,600038,中直股份,38.61,39.01,39.04,38.47,27876,108676377.0,1.47,0.67,0.26,0.47,,
2024-07-17,600038,中直股份,38.98,38.92,39.13,38.53,25973,101304474.0,1.54,-0.23,-0.09,0.44,,
2024-07-18,600038,中直股份,38.56,40.33,40.51,38.44,62916,250670795.0,5.32,3.62,1.41,1.07,,
2024-07-19,600038,中直股份,40.16,40.37,40.7,40.06,39392,159769518.0,1.59,0.1,0.04,0.67,,
2024-07-22,600038,中直股份,40.35,40.36,40.92,39.99,37181,151452019.0,2.3,-0.02,-0.01,0.63,,
2024-07-23,600038,中直股份,40.26,38.95,40.3,38.9,37905,150234747.0,3.47,-3.49,-1.41,0.64,,
2024-07-24,600038,中直股份,38.83,39.86,40.4,38.82,67134,268815651.0,4.06,2.34,0.91,1.14,,
2024-07-25,600038,中直股份,39.7,39.33,39.8,38.91,42821,169159930.0,2.23,-1.33,-0.53,0.73,,
2024-07-26,600038,中直股份,39.33,40.57,40.98,39.14,57425,232092058.0,4.68,3.15,1.24,0.97,,
2024-07-29,600038,中直股份,40.88,41.45,41.7,40.44,73203,303438854.0,3.11,2.17,0.88,1.24,,
2024-07-30,600038,中直股份,41.3,40.97,41.36,40.15,62286,255209727.0,2.92,-1.16,-0.48,1.06,,
2024-07-31,600038,中直股份,40.79,41.95,42.0,40.58,93028,386900778.0,3.47,2.39,0.98,1.58,,
2024-08-01,600038,中直股份,41.79,41.79,42.12,41.4,73157,306887620.0,1.72,-0.38,-0.16,1.24,,
2024-08-02,600038,中直股份,41.2,41.75,42.55,41.15,69353,291925163.0,3.35,-0.1,-0.04,1.18,,
2024-08-05,600038,中直股份,42.1,40.6,42.15,40.6,56826,235763022.0,3.71,-2.75,-1.15,0.96,,
2024-08-06,600038,中直股份,40.8,41.54,42.08,40.77,58045,242341159.0,3.23,2.32,0.94,0.98,,
2024-08-07,600038,中直股份,41.66,41.39,41.85,41.1,32782,136524343.0,1.81,-0.36,-0.15,0.56,,
2024-08-08,600038,中直股份,41.23,40.22,41.23,39.89,47352,192372599.0,3.24,-2.83,-1.17,0.8,,
2024-08-09,600038,中直股份,40.7,40.0,40.75,39.87,27083,109244050.0,2.19,-0.55,-0.22,0.46,,
2024-08-12,600038,中直股份,40.01,40.1,40.36,39.32,28807,115656910.0,2.6,0.25,0.1,0.49,,
2024-08-13,600038,中直股份,40.1,40.58,40.75,40.08,29647,120622481.0,1.67,1.2,0.48,0.5,,
2024-08-14,600038,中直股份,40.4,39.55,40.6,39.42,28169,113020568.0,2.91,-2.54,-1.03,0.48,,
2024-08-15,600038,中直股份,39.55,39.67,40.09,39.0,22832,91090610.0,2.76,0.3,0.12,0.39,,
2024-08-16,600038,中直股份,39.67,38.83,39.92,38.78,36219,142376635.0,2.87,-2.12,-0.84,0.61,,
2024-08-19,600038,中直股份,38.83,39.0,39.52,38.8,24751,97569920.0,1.85,0.44,0.17,0.42,,
2024-08-20,600038,中直股份,38.91,38.36,39.38,38.19,30807,119093707.0,3.05,-1.64,-0.64,0.52,,
2024-08-21,600038,中直股份,38.37,38.48,38.58,38.11,22650,87417612.0,1.23,0.31,0.12,0.38,,
2024-08-22,600038,中直股份,38.38,38.55,38.93,38.18,29273,113314073.0,1.95,0.18,0.07,0.5,,
2024-08-23,600038,中直股份,38.56,38.43,38.68,38.15,25027,96619377.0,1.37,-0.31,-0.12,0.42,,
2024-08-26,600038,中直股份,38.4,38.18,38.43,37.82,28552,109305090.0,1.59,-0.65,-0.25,0.48,,
2024-08-27,600038,中直股份,38.0,37.34,38.15,37.08,31757,119508124.0,2.8,-2.2,-0.84,0.54,,
2024-08-28,600038,中直股份,37.1,36.75,37.58,36.61,31793,118610016.0,2.6,-1.58,-0.59,0.54,,
2024-08-29,600038,中直股份,36.7,37.32,37.75,36.55,31508,118455959.0,3.27,1.55,0.57,0.53,,
2024-08-30,600038,中直股份,37.24,38.5,38.5,37.17,53893,205469675.0,3.56,3.16,1.18,0.91,,
2024-09-02,600038,中直股份,37.92,36.67,37.93,36.5,67122,249443115.0,3.71,-4.75,-1.83,1.14,,
2024-09-03,600038,中直股份,36.67,36.95,37.24,36.66,26914,100133954.0,1.58,0.76,0.28,0.46,,
2024-09-04,600038,中直股份,36.8,36.7,37.0,36.56,19931,73712333.0,1.19,-0.68,-0.25,0.34,,
2024-09-05,600038,中直股份,36.86,36.58,36.89,36.4,29899,110020674.0,1.34,-0.33,-0.12,0.51,,
2024-09-06,600038,中直股份,36.47,36.1,36.8,36.0,28912,105665274.0,2.19,-1.31,-0.48,0.49,,
2024-09-09,600038,中直股份,36.05,36.15,36.6,35.9,23264,84874481.0,1.94,0.14,0.05,0.39,,
2024-09-10,600038,中直股份,36.32,35.73,36.35,35.22,30434,108885349.0,3.13,-1.16,-0.42,0.52,,
2024-09-11,600038,中直股份,35.6,35.7,35.8,35.31,20324,72753157.0,1.37,-0.08,-0.03,0.34,,
2024-09-12,600038,中直股份,35.8,35.38,36.24,35.35,16192,58082405.0,2.49,-0.9,-0.32,0.27,,
2024-09-13,600038,中直股份,35.4,35.31,35.6,35.18,15010,53427154.0,1.19,-0.2,-0.07,0.25,,
2024-09-18,600038,中直股份,35.23,34.83,35.45,34.38,25749,89994800.0,3.03,-1.36,-0.48,0.44,,
2024-09-19,600038,中直股份,34.95,35.07,35.33,34.28,27074,95005216.0,3.01,0.69,0.24,0.46,,
2024-09-20,600038,中直股份,35.0,34.67,35.15,34.3,26054,90642785.0,2.42,-1.14,-0.4,0.44,,
2024-09-23,600038,中直股份,34.37,34.53,34.88,34.36,21308,74299945.0,1.5,-0.4,-0.14,0.36,,
2024-09-24,600038,中直股份,34.69,35.76,35.78,34.5,42521,150598557.0,3.71,3.56,1.23,0.72,,
2024-09-25,600038,中直股份,36.0,36.14,36.82,35.95,45644,167109147.0,2.43,1.06,0.38,0.77,,
2024-09-26,600038,中直股份,36.14,37.39,37.39,35.99,47219,174594654.0,3.87,3.46,1.25,0.8,,
2024-09-27,600038,中直股份,37.78,38.74,39.19,37.78,50652,195786599.0,3.77,3.61,1.35,0.86,,
2024-09-30,600038,中直股份,39.93,41.52,41.8,39.6,142238,585270683.0,5.68,7.18,2.78,2.41,,
2024-10-08,600038,中直股份,45.67,43.8,45.68,41.68,197782,867991821.0,9.63,5.49,2.28,3.36,,
2024-10-09,600038,中直股份,42.8,41.05,42.98,40.91,148683,627837418.0,4.73,-6.28,-2.75,2.52,,
2024-10-10,600038,中直股份,41.05,41.6,43.3,40.32,111223,466189689.0,7.26,1.34,0.55,1.89,,
2024-10-11,600038,中直股份,41.58,39.4,41.58,39.0,83073,334188736.0,6.2,-5.29,-2.2,1.41,,
2024-10-14,600038,中直股份,39.86,40.78,41.0,39.6,81642,331636434.0,3.55,3.5,1.38,1.38,,
2024-10-15,600038,中直股份,40.3,40.22,41.28,40.0,63926,260687969.0,3.14,-1.37,-0.56,1.08,,
2024-10-16,600038,中直股份,39.76,39.77,40.29,39.48,42816,171305494.0,2.01,-1.12,-0.45,0.73,,
2024-10-17,600038,中直股份,39.76,39.18,40.29,39.09,67943,271646367.0,3.02,-1.48,-0.59,1.15,,
2024-10-18,600038,中直股份,38.88,40.68,41.45,38.69,123223,498972924.0,7.04,3.83,1.5,2.09,,
2024-10-21,600038,中直股份,41.28,42.63,43.23,41.13,159348,676572058.0,5.16,4.79,1.95,2.7,,
2024-10-22,600038,中直股份,43.3,41.97,43.46,41.4,127532,540383696.0,4.83,-1.55,-0.66,2.16,,
2024-10-23,600038,中直股份,41.79,42.76,44.0,41.79,141857,614023908.0,5.27,1.88,0.79,2.41,,
2024-10-24,600038,中直股份,42.75,41.94,42.9,41.62,67292,283997878.0,2.99,-1.92,-0.82,1.14,,
2024-10-25,600038,中直股份,41.78,42.45,42.77,41.74,76447,325928865.0,2.46,1.22,0.51,1.3,,
2024-10-28,600038,中直股份,42.53,42.88,43.68,42.53,86523,374002336.0,2.71,1.01,0.43,1.47,,
2024-10-29,600038,中直股份,42.57,41.9,43.06,41.81,81669,346405387.0,2.92,-2.29,-0.98,1.39,,
2024-10-30,600038,中直股份,41.32,42.02,42.9,41.28,107427,455645540.0,3.87,0.29,0.12,1.82,,
2024-10-31,600038,中直股份,41.83,41.81,42.25,41.27,108904,456063686.0,2.33,-0.5,-0.21,1.85,,
2024-11-01,600038,中直股份,41.6,40.39,42.66,40.36,102444,421445833.0,5.5,-3.4,-1.42,1.74,,
2024-11-04,600038,中直股份,40.4,41.4,41.66,40.39,66741,276567740.0,3.14,2.5,1.01,1.13,,
2024-11-05,600038,中直股份,41.79,43.4,43.8,41.7,191668,828836399.0,5.07,4.83,2.0,3.25,,
2024-11-06,600038,中直股份,45.3,44.14,45.65,43.66,220207,984974943.0,4.59,1.71,0.74,3.74,,
2024-11-07,600038,中直股份,43.21,43.1,43.96,42.51,194771,840865660.0,3.29,-2.36,-1.04,3.3,,
2024-11-08,600038,中直股份,43.4,43.6,44.18,43.07,226786,993347249.0,2.58,1.16,0.5,3.85,,
2024-11-11,600038,中直股份,44.08,44.8,44.89,43.13,233882,1040271537.0,4.04,2.75,1.2,3.97,,
2024-11-12,600038,中直股份,45.2,43.48,45.46,43.17,173947,770562629.0,5.11,-2.95,-1.32,2.95,,
2024-11-13,600038,中直股份,43.21,42.98,43.6,42.3,110805,476397891.0,2.99,-1.15,-0.5,1.88,,
2024-11-14,600038,中直股份,42.73,41.56,42.8,41.5,99603,421101135.0,3.02,-3.3,-1.42,1.69,,
2024-11-15,600038,中直股份,41.41,40.29,41.78,40.29,100374,413032496.0,3.59,-3.06,-1.27,1.7,,
2024-11-18,600038,中直股份,40.6,40.46,41.0,39.9,100041,406790973.0,2.73,0.42,0.17,1.7,,
2024-11-19,600038,中直股份,40.76,40.68,41.19,39.8,89658,364518380.0,3.44,0.54,0.22,1.52,,
2024-11-20,600038,中直股份,40.61,40.81,40.97,40.11,78222,319020220.0,2.11,0.32,0.13,1.33,,
2024-11-21,600038,中直股份,40.82,40.59,40.92,40.3,60009,245065035.0,1.52,-0.54,-0.22,1.02,,
2024-11-22,600038,中直股份,40.5,39.28,40.57,39.27,80864,324435346.0,3.2,-3.23,-1.31,1.37,,
2024-11-25,600038,中直股份,38.98,39.74,39.74,38.69,75122,295143069.0,2.67,1.17,0.46,1.27,,
2024-11-26,600038,中直股份,39.6,38.95,39.63,38.93,53017,209077256.0,1.76,-1.99,-0.79,0.9,,
2024-11-27,600038,中直股份,38.9,40.39,40.4,38.7,81491,323969650.0,4.36,3.7,1.44,1.38,,
2024-11-28,600038,中直股份,40.45,40.29,40.9,40.16,62656,254933073.0,1.83,-0.25,-0.1,1.06,,
2024-11-29,600038,中直股份,40.07,40.88,41.15,39.97,66600,272682562.0,2.93,1.46,0.59,1.13,,
2024-12-02,600038,中直股份,40.96,40.71,41.03,40.3,75862,309164322.0,1.79,-0.42,-0.17,1.29,,
2024-12-03,600038,中直股份,40.65,39.98,40.68,39.6,65813,264248071.0,2.65,-1.79,-0.73,1.12,,
2024-12-04,600038,中直股份,39.8,39.35,40.07,39.21,48491,192813561.0,2.15,-1.58,-0.63,0.82,,
2024-12-05,600038,中直股份,39.21,39.6,39.79,39.2,34417,136748211.0,1.5,0.64,0.25,0.58,,
2024-12-06,600038,中直股份,39.5,39.86,40.0,39.32,42911,171072910.0,1.72,0.66,0.26,0.73,,
2024-12-09,600038,中直股份,39.8,39.43,39.8,39.22,45626,180959501.0,1.46,-1.08,-0.43,0.77,,
2024-12-10,600038,中直股份,40.4,39.63,40.42,39.51,63217,253985826.0,2.31,0.51,0.2,1.07,,
2024-12-11,600038,中直股份,39.44,39.63,39.86,39.43,44481,177348970.0,1.09,0.0,0.0,0.75,,
2024-12-12,600038,中直股份,39.55,40.03,40.23,39.55,60006,241216464.0,1.72,1.01,0.4,1.02,,
2024-12-13,600038,中直股份,39.82,38.9,39.82,38.83,80447,316961595.0,2.47,-2.82,-1.13,1.36,,
2024-12-16,600038,中直股份,38.97,38.39,38.98,38.19,49285,191110835.0,2.03,-1.31,-0.51,0.84,,
2024-12-17,600038,中直股份,38.21,38.18,38.62,38.03,37704,145158158.0,1.54,-0.55,-0.21,0.64,,
2024-12-18,600038,中直股份,38.35,38.27,38.46,38.06,31862,122550046.0,1.05,0.24,0.09,0.54,,
2024-12-19,600038,中直股份,37.98,37.86,38.01,37.37,60570,229352032.0,1.67,-1.07,-0.41,1.03,,
2024-12-20,600038,中直股份,37.8,38.25,38.39,37.68,39375,150834388.0,1.88,1.03,0.39,0.67,,
2024-12-23,600038,中直股份,38.25,37.58,38.26,37.56,34493,131320029.0,1.83,-1.75,-0.67,0.59,,
2024-12-24,600038,中直股份,37.68,37.98,38.08,37.68,28384,108255917.0,1.06,1.06,0.4,0.48,,
2024-12-25,600038,中直股份,38.01,38.47,38.91,37.66,52909,203667767.0,3.29,1.29,0.49,0.9,,
2024-12-26,600038,中直股份,38.87,38.76,39.3,38.5,64405,252529224.0,2.08,0.75,0.29,1.09,,
2024-12-27,600038,中直股份,39.3,38.82,39.5,38.68,58067,228257868.0,2.12,0.15,0.06,0.99,,
2024-12-30,600038,中直股份,38.95,39.12,39.47,38.71,45473,179003931.0,1.96,0.77,0.3,0.77,,
2024-12-31,600038,中直股份,39.12,38.36,39.19,38.31,46706,181538818.0,2.25,-1.94,-0.76,0.79,,
2025-01-02,600038,中直股份,38.31,36.91,38.35,36.6,60874,228693696.0,4.56,-3.78,-1.45,1.03,,
2025-01-03,600038,中直股份,36.91,36.52,37.24,36.41,38110,141056387.0,2.25,-1.06,-0.39,0.65,,
2025-01-06,600038,中直股份,36.32,36.74,36.87,36.3,29418,108195934.0,1.56,0.6,0.22,0.5,,
2025-01-07,600038,中直股份,36.61,36.99,37.04,36.61,24781,91794159.0,1.17,0.68,0.25,0.42,,
2025-01-08,600038,中直股份,36.79,36.63,36.98,36.11,38238,140721789.0,2.35,-0.97,-0.36,0.65,,
2025-01-09,600038,中直股份,36.51,37.06,37.32,36.41,43971,162946354.0,2.48,1.17,0.43,0.75,,
2025-01-10,600038,中直股份,36.8,36.54,37.3,36.54,29758,110255856.0,2.05,-1.4,-0.52,0.5,,
2025-01-13,600038,中直股份,36.25,36.8,36.94,36.11,26592,97935589.0,2.27,0.71,0.26,0.45,,
2025-01-14,600038,中直股份,36.82,37.65,37.68,36.55,53140,198681939.0,3.07,2.31,0.85,0.9,,
2025-01-15,600038,中直股份,37.47,37.15,37.59,37.02,34716,129794768.0,1.51,-1.33,-0.5,0.59,,
2025-01-16,600038,中直股份,37.22,36.93,37.58,36.81,29151,108900311.0,2.07,-0.59,-0.22,0.49,,
2025-01-17,600038,中直股份,36.93,36.99,37.2,36.67,31048,115180960.0,1.44,0.16,0.06,0.53,,
2025-01-20,600038,中直股份,37.04,36.83,37.26,36.75,34559,128503637.0,1.38,-0.43,-0.16,0.59,,
2025-01-21,600038,中直股份,36.85,36.57,36.97,36.3,31354,115200976.0,1.82,-0.71,-0.26,0.53,,
2025-01-22,600038,中直股份,36.34,36.19,36.52,35.61,57056,206370914.0,2.49,-1.04,-0.38,0.97,,
2025-01-23,600038,中直股份,36.3,36.68,36.83,36.2,52816,194564296.0,1.74,1.35,0.49,0.9,,
2025-01-24,600038,中直股份,36.6,36.7,37.03,36.5,33731,124739739.0,1.44,0.05,0.02,0.57,,
2025-01-27,600038,中直股份,36.73,35.86,36.73,35.62,94411,341342180.0,3.02,-2.29,-0.84,1.41,,
2025-02-05,600038,中直股份,35.95,35.78,36.1,35.64,68321,246333070.0,1.28,-0.22,-0.08,1.02,,
2025-02-06,600038,中直股份,35.78,36.8,36.8,35.61,88927,326455763.0,3.33,2.85,1.02,1.33,,
2025-02-07,600038,中直股份,36.77,37.08,37.26,36.63,68888,256311583.0,1.71,0.76,0.28,1.03,,
2025-02-10,600038,中直股份,37.1,37.3,37.75,37.09,66788,250898370.0,1.78,0.59,0.22,1.0,,
2025-02-11,600038,中直股份,37.2,36.9,37.24,36.65,56751,210426317.0,1.58,-1.07,-0.4,0.85,,
2025-02-12,600038,中直股份,36.72,37.18,37.34,36.71,65074,242456557.0,1.71,0.76,0.28,0.97,,
2025-02-13,600038,中直股份,37.58,37.73,38.75,37.58,135450,518112810.0,3.15,1.48,0.55,2.02,,
2025-02-14,600038,中直股份,37.6,37.88,38.05,37.2,91233,344584485.0,2.25,0.4,0.15,1.36,,
2025-02-17,600038,中直股份,38.0,37.91,38.19,37.62,89383,340957140.0,1.5,0.08,0.03,1.34,,
2025-02-18,600038,中直股份,37.8,36.93,37.8,36.8,70657,265166349.0,2.64,-2.59,-0.98,1.06,,
2025-02-19,600038,中直股份,36.81,37.02,37.18,36.75,66191,245981966.0,1.16,0.24,0.09,0.99,,
2025-02-20,600038,中直股份,36.99,37.14,37.42,36.55,74407,277556758.0,2.35,0.32,0.12,1.11,,
2025-02-21,600038,中直股份,36.95,37.28,37.37,36.9,74694,279182764.0,1.27,0.38,0.14,1.12,,
2025-02-24,600038,中直股份,37.49,37.77,38.36,37.21,130941,498497269.0,3.08,1.31,0.49,1.96,,
2025-02-25,600038,中直股份,37.41,37.22,37.77,37.05,94942,356713568.0,1.91,-1.46,-0.55,1.42,,
2025-02-26,600038,中直股份,37.18,37.02,37.25,36.79,93183,346376286.0,1.24,-0.54,-0.2,1.39,,
2025-02-27,600038,中直股份,37.05,36.58,37.1,36.23,99675,366396082.0,2.35,-1.19,-0.44,1.49,,
2025-02-28,600038,中直股份,36.34,35.98,36.7,35.93,69884,254823497.0,2.1,-1.64,-0.6,1.04,,
2025-03-03,600038,中直股份,36.01,36.12,36.48,36.01,57941,211147261.0,1.31,0.39,0.14,0.87,,
2025-03-04,600038,中直股份,36.12,36.75,37.01,35.9,83266,307201157.0,3.07,1.74,0.63,1.24,,
2025-03-05,600038,中直股份,36.63,36.76,37.08,36.49,75000,277659370.0,1.61,0.03,0.01,1.12,,
2025-03-06,600038,中直股份,36.77,36.82,37.04,36.66,81241,301189753.0,1.03,0.16,0.06,1.21,,
2025-03-07,600038,中直股份,36.84,37.0,37.73,36.51,148188,554397859.0,3.31,0.49,0.18,2.22,,
2025-03-10,600038,中直股份,37.04,36.95,37.49,36.8,74929,279198561.0,1.86,-0.14,-0.05,1.12,,
2025-03-11,600038,中直股份,36.51,37.69,37.75,36.45,120686,453284244.0,3.52,2.0,0.74,1.8,,
2025-03-12,600038,中直股份,37.89,37.36,38.08,37.34,94107,355582546.0,1.96,-0.88,-0.33,1.41,,
2025-03-13,600038,中直股份,37.39,37.22,37.62,36.89,84881,317147199.0,1.95,-0.37,-0.14,1.27,,
2025-03-14,600038,中直股份,37.25,37.59,37.69,36.81,94301,353369962.0,2.36,0.99,0.37,1.41,,
2025-03-17,600038,中直股份,37.58,37.44,37.85,37.4,76458,288983110.0,1.2,-0.4,-0.15,1.14,,
2025-03-18,600038,中直股份,37.43,37.31,37.55,37.2,56701,212741243.0,0.93,-0.35,-0.13,0.85,,
2025-03-19,600038,中直股份,37.21,37.08,37.29,37.02,48757,181972884.0,0.72,-0.62,-0.23,0.73,,
2025-03-20,600038,中直股份,37.08,37.17,37.64,36.83,77936,291593010.0,2.18,0.24,0.09,1.17,,
2025-03-21,600038,中直股份,37.06,36.81,37.49,36.66,73584,274282133.0,2.23,-0.97,-0.36,1.1,,
2025-03-24,600038,中直股份,36.72,36.47,36.88,36.07,67991,249188080.0,2.2,-0.92,-0.34,1.02,,
2025-03-25,600038,中直股份,36.48,36.56,36.84,36.4,47886,176564360.0,1.21,0.25,0.09,0.72,,
2025-03-26,600038,中直股份,36.56,36.45,36.78,36.25,49578,181822777.0,1.45,-0.3,-0.11,0.74,,
2025-03-27,600038,中直股份,36.3,36.24,36.45,35.63,70558,255764424.0,2.25,-0.58,-0.21,1.05,,
2025-03-28,600038,中直股份,36.16,36.02,36.37,35.93,36909,134040522.0,1.21,-0.61,-0.22,0.55,,
2025-03-31,600038,中直股份,36.02,36.38,36.52,35.81,98570,358556427.0,1.97,1.0,0.36,1.47,,
2025-04-01,600038,中直股份,36.43,36.74,37.11,36.43,85125,314539970.0,1.87,0.99,0.36,1.27,,
2025-04-02,600038,中直股份,36.68,36.64,36.83,36.2,61591,226546343.0,1.71,-0.27,-0.1,0.92,,
2025-04-03,600038,中直股份,36.39,36.9,37.04,36.32,52032,192598554.0,1.97,0.71,0.26,0.78,,
2025-04-07,600038,中直股份,35.55,33.66,36.17,33.19,139721,485583481.0,8.08,-8.78,-3.24,2.09,,
2025-04-08,600038,中直股份,33.68,34.64,34.69,33.68,83326,287466009.0,3.0,2.91,0.98,1.25,,
2025-04-09,600038,中直股份,34.31,36.36,36.5,34.1,133320,478443985.0,6.93,4.97,1.72,1.99,,
2025-04-10,600038,中直股份,36.39,36.37,36.69,35.76,100420,367391879.0,2.56,0.03,0.01,1.5,,
2025-04-11,600038,中直股份,36.28,36.53,36.74,36.16,64298,235996688.0,1.59,0.44,0.16,0.96,,
2025-04-14,600038,中直股份,36.6,36.63,36.84,36.35,57751,212872255.0,1.34,0.27,0.1,0.86,,
2025-04-15,600038,中直股份,36.64,36.09,36.67,35.96,51735,188121924.0,1.94,-1.47,-0.54,0.77,,
2025-04-16,600038,中直股份,36.3,36.15,36.45,35.61,51361,186100195.0,2.33,0.17,0.06,0.77,,
2025-04-17,600038,中直股份,35.78,36.15,36.44,35.78,35524,129489793.0,1.83,0.0,0.0,0.53,,
2025-04-18,600038,中直股份,36.15,35.92,36.16,35.8,29088,105073694.0,1.0,-0.64,-0.23,0.43,,
2025-04-21,600038,中直股份,35.86,36.2,36.29,35.86,31548,114724211.0,1.2,0.78,0.28,0.47,,
2025-04-22,600038,中直股份,36.09,36.0,36.26,35.95,26523,96210770.0,0.86,-0.55,-0.2,0.4,,
2025-04-23,600038,中直股份,36.15,35.88,36.24,35.72,46103,166245284.0,1.44,-0.33,-0.12,0.69,,
2025-04-24,600038,中直股份,35.88,35.7,35.88,35.4,44872,160738273.0,1.34,-0.5,-0.18,0.67,,
2025-04-25,600038,中直股份,35.7,35.64,35.84,35.58,30676,110109008.0,0.73,-0.17,-0.06,0.46,,
2025-04-28,600038,中直股份,35.65,35.36,35.75,35.3,30923,110129499.0,1.26,-0.79,-0.28,0.46,,
2025-04-29,600038,中直股份,35.58,35.37,35.85,35.37,53018,189998750.0,1.36,0.03,0.01,0.79,,
2025-04-30,600038,中直股份,35.45,35.24,35.67,35.18,61937,220185750.0,1.39,-0.37,-0.13,0.93,,
2025-05-06,600038,中直股份,35.35,35.63,35.71,35.35,51548,184548368.0,1.02,1.11,0.39,0.77,,
2025-05-07,600038,中直股份,35.97,36.79,37.2,35.93,146935,540377335.0,3.56,3.26,1.16,2.2,,
2025-05-08,600038,中直股份,36.68,37.32,37.36,36.33,148959,554029340.0,2.8,1.44,0.53,2.23,,
2025-05-09,600038,中直股份,37.35,36.83,37.35,36.64,87408,324318621.0,1.9,-1.31,-0.49,1.31,,
2025-05-12,600038,中直股份,36.54,37.77,38.31,36.54,191176,725716294.0,4.81,2.55,0.94,2.86,,
2025-05-13,600038,中直股份,37.76,37.02,37.85,36.89,105930,396539739.0,2.54,-1.99,-0.75,1.58,,
2025-05-14,600038,中直股份,37.8,37.95,38.98,37.33,291756,1115841684.0,4.46,2.51,0.93,4.36,,
2025-05-15,600038,中直股份,38.6,37.54,38.92,37.54,232729,891541584.0,3.64,-1.08,-0.41,3.48,,
2025-05-16,600038,中直股份,37.62,37.85,38.3,37.62,150307,573761333.0,1.81,0.83,0.31,2.25,,
2025-05-19,600038,中直股份,37.89,37.06,37.95,36.91,119951,448248560.0,2.75,-2.09,-0.79,1.79,,
2025-05-20,600038,中直股份,37.05,37.01,37.13,36.6,97926,362767045.0,1.43,-0.13,-0.05,1.46,,
2025-05-21,600038,中直股份,36.91,36.96,37.39,36.75,74417,276886142.0,1.73,-0.14,-0.05,1.11,,
2025-05-22,600038,中直股份,36.85,36.68,37.23,36.67,72565,269398189.0,1.52,-0.76,-0.28,1.08,,
2025-05-23,600038,中直股份,36.65,36.5,36.84,36.49,58734,216462890.0,0.95,-0.49,-0.18,0.88,,
2025-05-26,600038,中直股份,36.4,36.57,36.68,36.3,38826,142570498.0,1.04,0.19,0.07,0.58,,
2025-05-27,600038,中直股份,36.6,36.6,36.65,36.23,43514,159428300.0,1.15,0.08,0.03,0.65,,
2025-05-28,600038,中直股份,36.66,36.39,36.66,36.17,50386,183450634.0,1.34,-0.57,-0.21,0.75,,
2025-05-29,600038,中直股份,36.32,36.76,36.82,36.21,52942,193634887.0,1.68,1.02,0.37,0.79,,
2025-05-30,600038,中直股份,36.64,36.81,36.98,36.43,62692,230767816.0,1.5,0.14,0.05,0.94,,
2025-06-03,600038,中直股份,36.99,37.29,37.41,36.71,69756,259310417.0,1.9,1.3,0.48,1.04,,
2025-06-04,600038,中直股份,37.17,37.19,37.35,37.03,43383,161102907.0,0.86,-0.27,-0.1,0.65,,
2025-06-05,600038,中直股份,37.16,36.95,37.16,36.85,49950,184631342.0,0.83,-0.65,-0.24,0.75,,
2025-06-06,600038,中直股份,36.98,36.98,37.26,36.94,41579,154173818.0,0.87,0.08,0.03,0.62,,
2025-06-09,600038,中直股份,36.98,37.29,37.66,36.98,75317,281532805.0,1.84,0.84,0.31,1.13,,
2025-06-10,600038,中直股份,37.28,36.82,37.29,36.62,67041,247359944.0,1.8,-1.26,-0.47,1.0,,
2025-06-11,600038,中直股份,36.88,36.86,37.0,36.7,40401,149240890.0,0.81,0.11,0.04,0.6,,
2025-06-12,600038,中直股份,36.78,36.65,36.85,36.61,38156,140108583.0,0.65,-0.57,-0.21,0.57,,
2025-06-13,600038,中直股份,36.82,37.31,37.49,36.71,149058,554471564.0,2.13,1.8,0.66,2.23,,
2025-06-16,600038,中直股份,37.32,37.41,37.69,37.04,77934,291800516.0,1.74,0.27,0.1,1.17,,
2025-06-17,600038,中直股份,37.35,37.17,37.45,37.06,55872,207732400.0,1.04,-0.64,-0.24,0.84,,
2025-06-18,600038,中直股份,37.18,37.12,37.48,37.09,77273,287850123.0,1.05,-0.13,-0.05,1.16,,
2025-06-19,600038,中直股份,36.93,36.81,37.01,36.54,64392,236569621.0,1.27,-0.84,-0.31,0.96,,
2025-06-20,600038,中直股份,36.74,36.43,36.85,36.39,44671,163519999.0,1.25,-1.03,-0.38,0.67,,
2025-06-23,600038,中直股份,36.5,36.81,36.84,36.44,41152,150981038.0,1.1,1.04,0.38,0.62,,
2025-06-24,600038,中直股份,36.45,37.06,37.08,36.24,72087,265534932.0,2.28,0.68,0.25,1.08,,
2025-06-25,600038,中直股份,37.06,37.81,38.08,37.0,166841,628516194.0,2.91,2.02,0.75,2.49,,
2025-06-26,600038,中直股份,37.8,37.76,38.28,37.68,142976,543685241.0,1.59,-0.13,-0.05,2.14,,
2025-06-27,600038,中直股份,37.8,38.01,38.26,37.79,115896,440766296.0,1.24,0.66,0.25,1.73,,
2025-06-30,600038,中直股份,38.1,38.81,38.97,38.1,177925,688545649.0,2.29,2.1,0.8,2.66,,
2025-07-01,600038,中直股份,38.9,38.74,38.97,38.52,139794,541990225.0,1.16,-0.18,-0.07,2.09,,
2025-07-02,600038,中直股份,38.67,38.52,38.98,38.41,102771,397362596.0,1.47,-0.57,-0.22,1.54,,
2025-07-03,600038,中直股份,38.61,38.52,38.88,38.45,76021,293441605.0,1.12,0.0,0.0,1.14,,
2025-07-04,600038,中直股份,38.44,38.33,38.65,38.17,75275,288867934.0,1.25,-0.49,-0.19,1.13,,
2025-07-07,600038,中直股份,38.13,38.28,38.44,38.1,55567,212893057.0,0.89,-0.13,-0.05,0.83,,
2025-07-08,600038,中直股份,38.25,38.39,38.46,38.19,60413,231687184.0,0.71,0.29,0.11,0.9,,
2025-07-09,600038,中直股份,38.41,38.21,38.82,38.18,64478,248280965.0,1.67,-0.47,-0.18,0.96,,
2025-07-10,600038,中直股份,38.1,38.38,38.42,37.9,58709,223836831.0,1.36,0.44,0.17,0.88,,
2025-07-11,600038,中直股份,38.32,38.67,38.77,38.28,70174,271043997.0,1.28,0.76,0.29,1.05,,
2025-07-14,600038,中直股份,38.78,38.55,38.82,38.47,52878,204128702.0,0.91,-0.31,-0.12,0.79,,
2025-07-15,600038,中直股份,38.45,38.39,38.67,38.25,53909,207062616.0,1.09,-0.42,-0.16,0.81,,
2025-07-16,600038,中直股份,38.35,38.37,38.59,38.25,32524,124911070.0,0.89,-0.05,-0.02,0.49,,
2025-07-17,600038,中直股份,38.44,39.19,39.36,38.37,102674,399960478.0,2.58,2.14,0.82,1.53,,
2025-07-18,600038,中直股份,39.1,39.44,39.5,38.98,91162,357831779.0,1.33,0.64,0.25,1.36,,
2025-07-21,600038,中直股份,39.44,39.45,39.59,39.13,87445,344541086.0,1.17,0.03,0.01,1.31,,
2025-07-22,600038,中直股份,39.44,39.3,39.89,39.14,93470,368643484.0,1.9,-0.38,-0.15,1.4,,
2025-07-23,600038,中直股份,39.15,38.9,39.29,38.82,79928,312302569.0,1.2,-1.02,-0.4,1.19,,
2025-07-24,600038,中直股份,38.91,39.48,39.55,38.82,91070,358052157.0,1.88,1.49,0.58,1.36,,
2025-07-25,600038,中直股份,39.49,39.43,39.65,39.33,66451,262347548.0,0.81,-0.13,-0.05,0.99,,
2025-07-28,600038,中直股份,39.43,39.48,39.69,39.23,79272,313275186.0,1.17,0.13,0.05,1.19,,
2025-07-29,600038,中直股份,39.36,39.99,40.03,39.28,127758,507417028.0,1.9,1.29,0.51,1.91,,
2025-07-30,600038,中直股份,40.1,39.66,40.68,39.42,143734,575149936.0,3.15,-0.83,-0.33,2.15,,
2025-07-31,600038,中直股份,39.55,39.58,39.92,39.41,89661,355327688.0,1.29,-0.2,-0.08,1.34,,
2025-08-01,600038,中直股份,39.48,39.27,39.69,39.03,98619,386896726.0,1.67,-0.78,-0.31,1.47,,
2025-08-04,600038,中直股份,40.11,40.79,41.5,39.82,257069,1041271747.0,4.28,3.87,1.52,3.84,,
2025-08-05,600038,中直股份,40.77,40.27,40.77,40.11,158772,640649213.0,1.62,-1.27,-0.52,2.37,,
2025-08-06,600038,中直股份,40.12,40.56,41.0,40.12,166462,676556212.0,2.19,0.72,0.29,2.49,,
2025-08-07,600038,中直股份,40.57,39.95,40.58,39.8,143712,576328135.0,1.92,-1.5,-0.61,2.15,,
2025-08-08,600038,中直股份,39.9,39.83,40.2,39.74,90399,361181709.0,1.15,-0.3,-0.12,1.35,,
2025-08-11,600038,中直股份,39.91,40.01,40.28,39.5,104718,419134135.0,1.96,0.45,0.18,1.57,,
2025-08-12,600038,中直股份,40.01,39.63,40.15,39.44,101993,404914955.0,1.77,-0.95,-0.38,1.52,,
2025-08-13,600038,中直股份,39.65,39.72,39.95,39.53,99072,393643038.0,1.06,0.23,0.09,1.48,,
2025-08-14,600038,中直股份,39.74,38.9,39.84,38.9,129533,508568807.0,2.37,-2.06,-0.82,1.94,,
2025-08-15,600038,中直股份,38.9,39.15,39.17,38.82,79299,309610146.0,0.9,0.64,0.25,1.19,,
2025-08-18,600038,中直股份,39.18,39.7,39.8,39.18,110816,438255737.0,1.58,1.4,0.55,1.66,,
2025-08-19,600038,中直股份,39.58,39.1,39.65,39.04,107048,420143359.0,1.54,-1.51,-0.6,1.6,,
2025-08-20,600038,中直股份,39.02,39.33,39.48,38.98,95851,375861111.0,1.28,0.59,0.23,1.43,,
2025-08-21,600038,中直股份,39.2,39.52,39.85,39.2,114683,453846464.0,1.65,0.48,0.19,1.71,,
2025-08-22,600038,中直股份,39.6,40.3,40.3,39.34,155839,622086276.0,2.43,1.97,0.78,2.33,,
2025-08-25,600038,中直股份,40.39,40.64,40.88,40.2,173952,705663639.0,1.69,0.84,0.34,2.6,,
2025-08-26,600038,中直股份,40.42,40.67,40.88,40.29,109983,446350760.0,1.45,0.07,0.03,1.64,,
2025-08-27,600038,中直股份,40.68,39.72,40.76,39.66,128856,519412071.0,2.7,-2.34,-0.95,1.93,,
2025-08-28,600038,中直股份,39.4,40.04,40.07,38.96,130010,513149498.0,2.79,0.81,0.32,1.94,,
2025-08-29,600038,中直股份,40.0,40.43,40.44,39.77,120792,485021991.0,1.67,0.97,0.39,1.81,,
2025-09-01,600038,中直股份,40.02,39.85,40.06,39.21,167039,661250922.0,2.1,-1.43,-0.58,2.5,,
2025-09-02,600038,中直股份,39.85,39.19,39.85,38.83,128473,503282260.0,2.56,-1.66,-0.66,1.92,,
2025-09-03,600038,中直股份,39.45,37.07,39.48,37.01,201507,761993825.0,6.3,-5.41,-2.12,3.01,,
2025-09-04,600038,中直股份,37.02,36.39,37.06,36.12,123273,450606207.0,2.54,-1.83,-0.68,1.84,,
2025-09-05,600038,中直股份,36.52,36.54,36.66,36.13,95967,349397810.0,1.46,0.41,0.15,1.43,,
2025-09-08,600038,中直股份,36.54,36.68,36.72,36.3,80296,293242282.0,1.15,0.38,0.14,1.2,,
2025-09-09,600038,中直股份,36.72,36.12,36.72,35.97,114520,415413431.0,2.04,-1.53,-0.56,1.71,,
2025-09-10,600038,中直股份,36.11,36.15,36.4,36.09,60338,218558935.0,0.86,0.08,0.03,0.9,,
2025-09-11,600038,中直股份,36.08,36.48,36.49,35.99,74153,268791204.0,1.38,0.91,0.33,1.11,,
2025-09-12,600038,中直股份,36.47,36.35,36.59,36.34,64443,234846390.0,0.69,-0.36,-0.13,0.96,,
2025-09-15,600038,中直股份,36.53,36.26,36.57,36.21,59155,214804273.0,0.99,-0.25,-0.09,0.88,,
2025-09-16,600038,中直股份,36.27,36.07,36.31,35.84,87809,316248225.0,1.3,-0.52,-0.19,1.31,,
2025-09-17,600038,中直股份,36.05,36.06,36.15,35.79,84359,303214694.0,1.0,-0.03,-0.01,1.26,,
2025-09-18,600038,中直股份,36.0,35.78,36.25,35.66,105226,378392779.0,1.64,-0.78,-0.28,1.57,,
2025-09-19,600038,中直股份,35.76,36.08,36.24,35.76,74951,269947153.0,1.34,0.84,0.3,1.12,,
2025-09-22,600038,中直股份,36.14,35.93,36.15,35.78,56645,203329414.0,1.03,-0.42,-0.15,0.85,,
2025-09-23,600038,中直股份,35.93,35.25,35.97,34.93,116286,409512654.0,2.89,-1.89,-0.68,1.74,,
2025-09-24,600038,中直股份,35.08,35.66,35.67,35.02,71318,252578076.0,1.84,1.16,0.41,1.07,,
2025-09-25,600038,中直股份,35.51,35.37,35.57,35.31,56749,201010716.0,0.73,-0.81,-0.29,0.85,,
2025-09-26,600038,中直股份,35.25,35.58,35.91,35.19,67591,240696401.0,2.04,0.59,0.21,1.01,,
2025-09-29,600038,中直股份,35.56,35.75,35.84,35.15,59732,212268937.0,1.94,0.48,0.17,0.89,,
2025-09-30,600038,中直股份,35.69,36.24,36.3,35.65,97036,350044958.0,1.82,1.37,0.49,1.45,,
2025-10-09,600038,中直股份,36.24,36.17,36.24,35.82,93000,335469032.0,1.16,-0.19,-0.07,1.39,,
2025-10-10,600038,中直股份,36.1,36.31,36.43,36.08,79874,289829306.0,0.97,0.39,0.14,1.19,,
2025-10-13,600038,中直股份,36.31,36.36,36.45,35.71,89242,322918559.0,2.04,0.14,0.05,1.33,,
2025-10-14,600038,中直股份,36.5,37.65,38.14,36.15,267441,999799054.0,5.47,3.55,1.29,4.0,,
2025-10-15,600038,中直股份,37.29,38.0,38.1,36.86,182748,688251603.0,3.29,0.93,0.35,2.73,,
2025-10-16,600038,中直股份,38.22,36.61,38.22,36.47,191513,711942395.0,4.61,-3.66,-1.39,2.86,,
2025-10-17,600038,中直股份,36.61,36.35,37.5,36.27,139310,513287531.0,3.36,-0.71,-0.26,2.08,,
2025-10-20,600038,中直股份,36.5,36.1,36.69,35.88,106747,386037209.0,2.23,-0.69,-0.25,1.6,,
2025-10-21,600038,中直股份,35.95,36.08,36.2,35.93,79699,287118638.0,0.75,-0.06,-0.02,1.19,,
2025-10-22,600038,中直股份,36.01,35.75,36.05,35.59,78097,279132715.0,1.27,-0.91,-0.33,1.17,,
2025-10-23,600038,中直股份,35.74,35.77,35.8,35.37,49950,177685240.0,1.2,0.06,0.02,0.75,,
2025-10-24,600038,中直股份,35.89,36.04,36.34,35.87,75227,271506780.0,1.31,0.75,0.27,1.12,,
2025-10-27,600038,中直股份,36.1,36.12,36.25,35.97,65196,235410863.0,0.78,0.22,0.08,0.97,,
2025-10-28,600038,中直股份,36.16,36.43,36.6,35.88,94406,342769530.0,1.99,0.86,0.31,1.41,,
2025-10-29,600038,中直股份,36.23,36.38,36.39,36.09,57864,209798903.0,0.82,-0.14,-0.05,0.87,,
2025-10-30,600038,中直股份,36.37,36.03,36.38,36.01,66681,241029481.0,1.02,-0.96,-0.35,1.0,,
2025-10-31,600038,中直股份,36.05,36.04,36.16,35.89,50275,181240919.0,0.75,0.03,0.01,0.75,,
2025-11-03,600038,中直股份,36.1,36.16,36.16,35.61,82849,297044719.0,1.53,0.33,0.12,1.24,,
2025-11-04,600038,中直股份,36.0,35.96,36.41,35.83,53014,191393314.0,1.6,-0.55,-0.2,0.79,,
2025-11-05,600038,中直股份,35.71,35.89,36.04,35.63,44861,161025369.0,1.14,-0.19,-0.07,0.67,,
2025-11-06,600038,中直股份,35.79,36.2,36.45,35.78,75076,272072193.0,1.87,0.86,0.31,1.12,,
2025-11-07,600038,中直股份,36.0,35.97,36.16,35.94,55706,200613470.0,0.61,-0.64,-0.23,0.83,,
2025-11-10,600038,中直股份,36.15,36.26,36.34,35.88,66848,241228609.0,1.28,0.81,0.29,1.0,,
2025-11-11,600038,中直股份,36.27,36.23,36.36,36.17,52819,191506519.0,0.52,-0.08,-0.03,0.79,,
2025-11-12,600038,中直股份,36.21,35.93,36.28,35.76,58895,212129246.0,1.44,-0.83,-0.3,0.88,,
2025-11-13,600038,中直股份,35.92,35.97,36.08,35.89,43867,157802857.0,0.53,0.11,0.04,0.66,,
2025-11-14,600038,中直股份,35.9,36.45,37.28,35.85,127702,468503341.0,3.98,1.33,0.48,1.91,,
2025-11-17,600038,中直股份,36.93,36.53,37.21,36.47,97272,357679898.0,2.03,0.22,0.08,1.45,,
2025-11-18,600038,中直股份,36.29,36.15,36.48,36.1,59353,214886869.0,1.04,-1.04,-0.38,0.89,,
2025-11-19,600038,中直股份,36.05,36.42,36.59,36.05,76380,277744032.0,1.49,0.75,0.27,1.14,,
2025-11-20,600038,中直股份,36.35,36.16,36.4,36.1,53818,194893649.0,0.82,-0.71,-0.26,0.8,,
2025-11-21,600038,中直股份,36.0,35.55,36.2,35.36,90864,324469802.0,2.32,-1.69,-0.61,1.36,,
2025-11-24,600038,中直股份,35.61,35.82,36.09,35.57,146016,523936679.0,1.46,0.76,0.27,2.18,,
2025-11-25,600038,中直股份,36.13,36.1,36.35,35.7,91884,331233048.0,1.81,0.78,0.28,1.37,,
2025-11-26,600038,中直股份,36.25,35.65,36.25,35.6,100879,361465754.0,1.8,-1.25,-0.45,1.51,,
2025-11-27,600038,中直股份,35.68,35.21,35.76,35.13,68372,242343196.0,1.77,-1.23,-0.44,1.02,,
2025-11-28,600038,中直股份,35.29,35.42,35.45,35.12,51131,180292235.0,0.94,0.6,0.21,0.76,,
2025-12-01,600038,中直股份,35.41,35.47,35.55,35.35,58250,206533370.0,0.56,0.14,0.05,0.87,,
2025-12-02,600038,中直股份,35.45,35.11,35.45,35.1,48945,172219866.0,0.99,-1.01,-0.36,0.73,,
2025-12-03,600038,中直股份,35.1,35.12,35.3,34.98,45969,161512348.0,0.91,0.03,0.01,0.69,,
2025-12-04,600038,中直股份,35.11,35.18,35.25,35.03,37211,130798099.0,0.63,0.17,0.06,0.56,,
2025-12-05,600038,中直股份,35.15,35.35,35.38,34.91,48923,171954760.0,1.34,0.48,0.17,0.73,,
2025-12-08,600038,中直股份,35.49,35.33,35.7,35.33,72602,257781397.0,1.05,-0.06,-0.02,1.09,,
2025-12-09,600038,中直股份,35.2,34.88,35.29,34.85,71161,249132505.0,1.25,-1.27,-0.45,1.06,,
2025-12-10,600038,中直股份,34.82,34.85,34.93,34.55,47182,163926585.0,1.09,-0.09,-0.03,0.71,,
2025-12-11,600038,中直股份,34.96,34.61,35.17,34.61,45341,158023724.0,1.61,-0.69,-0.24,0.68,,
2025-12-12,600038,中直股份,34.63,34.88,34.99,34.55,52542,183023686.0,1.27,0.78,0.27,0.79,,
2025-12-15,600038,中直股份,34.81,35.1,35.41,34.76,75145,264473422.0,1.86,0.63,0.22,1.12,,
2025-12-16,600038,中直股份,35.3,35.14,35.31,34.43,84708,295016274.0,2.51,0.11,0.04,1.27,,
2025-12-17,600038,中直股份,34.94,35.01,35.21,34.59,56595,197290025.0,1.76,-0.37,-0.13,0.85,,
2025-12-18,600038,中直股份,34.86,35.22,35.5,34.8,67513,237447471.0,2.0,0.6,0.21,1.01,,
2025-12-19,600038,中直股份,35.22,35.46,35.63,35.2,73185,259575546.0,1.22,0.68,0.24,1.09,,
2025-12-22,600038,中直股份,35.55,35.26,35.58,35.22,64719,229093009.0,1.02,-0.56,-0.2,0.97,,
2025-12-23,600038,中直股份,35.26,35.12,35.5,35.05,50837,178913144.0,1.28,-0.4,-0.14,0.76,,
2025-12-24,600038,中直股份,35.12,35.37,35.48,35.03,64478,227977412.0,1.28,0.71,0.25,0.96,,
2025-12-25,600038,中直股份,35.36,35.85,35.95,35.28,103069,368774502.0,1.89,1.36,0.48,1.54,,
2025-12-26,600038,中直股份,35.79,35.64,35.85,35.41,82621,294472574.0,1.23,-0.59,-0.21,1.24,,
2025-12-29,600038,中直股份,35.6,35.95,36.08,35.48,81193,291152441.0,1.68,0.87,0.31,1.21,,
2025-12-30,600038,中直股份,35.98,35.75,36.15,35.65,76827,275766545.0,1.39,-0.56,-0.2,1.15,,
2025-12-31,600038,中直股份,35.75,36.13,36.33,35.65,112120,404949766.0,1.9,1.06,0.38,1.68,,
2026-01-05,600038,中直股份,36.68,36.36,36.77,35.96,130704,474466451.0,2.24,0.64,0.23,1.95,,
2026-01-06,600038,中直股份,36.29,37.07,37.17,36.18,165511,608093117.0,2.72,1.95,0.71,2.47,,
2026-01-07,600038,中直股份,37.06,36.83,37.17,36.62,120455,444283401.0,1.48,-0.65,-0.24,1.8,,
2026-01-08,600038,中直股份,36.7,38.13,38.21,36.67,260909,984148602.0,4.18,3.53,1.3,3.9,,
2026-01-09,600038,中直股份,38.22,38.16,38.88,37.81,263544,1009979587.0,2.81,0.08,0.03,3.94,,
2026-01-12,600038,中直股份,38.88,39.05,39.16,38.33,275703,1072207267.0,2.18,2.33,0.89,4.12,,
2026-01-13,600038,中直股份,38.61,37.68,38.79,37.55,231434,877233855.0,3.18,-3.51,-1.37,3.46,,
2026-01-14,600038,中直股份,37.59,37.13,37.99,36.88,210053,788908197.0,2.95,-1.46,-0.55,3.14,,
2026-01-15,600038,中直股份,36.96,37.2,37.4,36.78,109200,406018853.0,1.67,0.19,0.07,1.63,,
2026-01-16,600038,中直股份,37.23,36.66,37.3,36.55,108841,400229002.0,2.02,-1.45,-0.54,1.63,,
2026-01-19,600038,中直股份,36.64,37.85,38.15,36.38,193816,726663905.0,4.83,3.25,1.19,2.9,,
2026-01-20,600038,中直股份,37.64,37.69,38.97,37.4,150696,573946040.0,4.15,-0.42,-0.16,2.25,,
2026-01-21,600038,中直股份,37.58,37.74,38.08,37.48,100314,378829423.0,1.59,0.13,0.05,1.5,,
2026-01-22,600038,中直股份,37.69,38.7,38.95,37.6,167282,644372486.0,3.58,2.54,0.96,2.5,,
2026-01-23,600038,中直股份,38.7,38.35,38.73,38.21,116227,446161519.0,1.34,-0.9,-0.35,1.74,,
2026-01-26,600038,中直股份,38.33,37.77,38.45,37.54,118455,450196403.0,2.37,-1.51,-0.58,1.77,,
2026-01-27,600038,中直股份,37.8,38.55,38.63,37.25,134784,513201863.0,3.65,2.07,0.78,2.01,,
2026-01-28,600038,中直股份,38.5,38.05,38.66,37.89,91614,349340633.0,2.0,-1.3,-0.5,1.37,,
2026-01-29,600038,中直股份,37.96,37.67,38.23,37.57,86408,327344312.0,1.73,-1.0,-0.38,1.29,,
2026-01-30,600038,中直股份,37.54,36.6,37.83,36.3,111104,408408419.0,4.06,-2.84,-1.07,1.66,,
2026-02-02,600038,中直股份,36.47,35.85,36.83,35.82,98540,358266681.0,2.76,-2.05,-0.75,1.47,,
2026-02-03,600038,中直股份,36.12,36.95,37.2,36.1,99730,367000115.0,3.07,3.07,1.1,1.49,,
2026-02-04,600038,中直股份,36.82,37.91,38.64,36.77,150950,571013875.0,5.06,2.6,0.96,2.26,,
2026-02-05,600038,中直股份,37.88,37.69,38.33,37.56,78415,296424323.0,2.03,-0.58,-0.22,1.17,,
2026-02-06,600038,中直股份,37.45,36.9,37.7,36.9,96896,360131700.0,2.12,-2.1,-0.79,1.45,,
2026-02-09,600038,中直股份,37.24,37.1,37.36,36.89,58533,217251360.0,1.27,0.54,0.2,0.88,,
2026-02-10,600038,中直股份,37.15,37.55,37.94,36.72,89166,333768523.0,3.29,1.21,0.45,1.33,,
2026-02-11,600038,中直股份,37.55,37.61,38.07,37.54,76844,290339957.0,1.41,0.16,0.06,1.15,,
2026-02-12,600038,中直股份,37.39,37.58,37.8,37.13,60117,225560983.0,1.78,-0.08,-0.03,0.9,,
2026-02-13,600038,中直股份,37.44,37.97,38.37,37.41,115722,439355846.0,2.55,1.04,0.39,1.73,,
2026-02-24,600038,中直股份,37.99,38.54,38.75,37.98,136782,525806726.0,2.03,1.5,0.57,2.04,,
2026-02-25,600038,中直股份,38.45,38.39,38.74,38.25,80317,308986979.0,1.27,-0.39,-0.15,1.2,,
2026-02-26,600038,中直股份,38.47,39.02,39.26,38.27,137874,536249801.0,2.58,1.64,0.63,2.06,,
2026-02-27,600038,中直股份,38.89,38.75,39.08,38.38,100376,388836419.0,1.79,-0.69,-0.27,1.5,,
2026-03-02,600038,中直股份,39.17,38.94,39.3,38.4,165235,642114724.0,2.32,0.49,0.19,2.47,,
2026-03-03,600038,中直股份,38.69,37.07,38.75,36.95,182065,684485724.0,4.62,-4.8,-1.87,2.72,,
2026-03-04,600038,中直股份,36.72,37.52,37.74,36.72,116066,433459125.0,2.75,1.21,0.45,1.74,,
2026-03-05,600038,中直股份,37.51,37.05,37.83,36.86,98528,366986356.0,2.59,-1.25,-0.47,1.47,,
2026-03-06,600038,中直股份,37.07,37.81,38.44,36.88,146024,552934250.0,4.21,2.05,0.76,2.18,,
