日期,股票代码,开盘,最高,最低,收盘,成交量,成交额
2016-03-11,601169,4.201398,4.2762744,4.1639598,4.2596352,41459028,420656672.0
2016-03-14,601169,4.2596352,4.3345116,4.1140422,4.1556402,120216613,1215283632.0
2016-03-15,601169,4.1556402,4.3303518,4.1223618,4.2970734,104515271,1064251408.0
2016-03-16,601169,4.242996,4.430187,4.2263568,4.36779,184087075,1934586272.0
2016-03-17,601169,4.3178724,4.3844292,4.201398,4.2721146,95022391,977660000.0
2016-03-18,601169,4.2721146,4.3012332,4.222197,4.263795,164722975,1687728096.0
2016-03-21,601169,4.263795,4.3428312,4.242996,4.2929136,124827337,1289130000.0
2016-03-22,601169,4.2804342,4.3553106,4.242996,4.2596352,70011516,721730464.0
2016-03-23,601169,4.2388362,4.2929136,4.222197,4.2471558,41390618,422863664.0
2016-03-24,601169,4.2346764,4.2346764,4.1847588,4.1972382,44883072,453625040.0
2016-03-25,601169,4.1972382,4.2180372,4.180599,4.1930784,27236821,274767136.0
2016-03-28,601169,4.1972382,4.222197,4.1223618,4.1473206,43972937,440937472.0
2016-03-29,601169,4.1598,4.1889186,4.1473206,4.1598,44515621,445811232.0
2016-03-30,601169,4.1764392,4.2263568,4.1639598,4.2180372,57824363,585236944.0
2016-03-31,601169,4.2305166,4.2305166,4.1556402,4.1930784,50227584,505221984.0
2016-04-01,601169,4.1639598,4.1847588,4.1015628,4.1722794,75613504,753830256.0
2016-04-05,601169,4.1265216,4.180599,4.1140422,4.1722794,42211326,421325008.0
2016-04-06,601169,4.139001,4.1639598,4.1306814,4.1473206,28999715,289003168.0
2016-04-07,601169,4.1598,4.1598,4.0807638,4.1098824,38726489,383643520.0
2016-04-08,601169,4.0807638,4.1639598,4.076604,4.139001,45861505,455184608.0
2016-04-11,601169,4.1306814,4.1847588,4.1306814,4.1639598,34572272,346084912.0
2016-04-12,601169,4.1598,4.180599,4.1473206,4.1639598,27290372,273064256.0
2016-04-13,601169,4.1764392,4.2554754,4.1556402,4.1847588,124080829,1256937904.0
2016-04-14,601169,4.2055578,4.2471558,4.1930784,4.2471558,56525559,575920720.0
2016-04-15,601169,4.2762744,4.2804342,4.2346764,4.263795,34230838,350224384.0
2016-04-18,601169,4.2263568,4.242996,4.2055578,4.2097176,33163749,336465872.0
2016-04-19,601169,4.242996,4.2513156,4.2055578,4.2388362,26270930,266979191.0
2016-04-20,601169,4.2346764,4.2929136,4.1514804,4.284594,91239137,928422496.0
2016-04-21,601169,4.2762744,4.284594,4.2263568,4.2388362,34263802,350235136.0
2016-04-22,601169,4.2388362,4.284594,4.2346764,4.2554754,27032070,276668976.0
2016-04-25,601169,4.2554754,4.36779,4.2388362,4.3594704,74461818,770380352.0
2016-04-26,601169,4.3303518,4.3927488,4.326192,4.3511508,47230939,494208160.0
2016-04-27,601169,4.3386714,4.36779,4.326192,4.3636302,42921357,449057968.0
2016-04-28,601169,4.3553106,4.3969086,4.3137126,4.3553106,53839029,562968224.0
2016-04-29,601169,4.3345116,4.3428312,4.2721146,4.284594,38184927,394378496.0
2016-05-03,601169,4.2721146,4.3428312,4.263795,4.284594,37161387,384384960.0
2016-05-04,601169,4.2887538,4.3137126,4.2762744,4.2929136,28442342,293121520.0
2016-05-05,601169,4.284594,4.2970734,4.2762744,4.2929136,16897321,174012582.0
2016-05-06,601169,4.2887538,4.3220322,4.263795,4.2679548,32019476,330022400.0
2016-05-09,601169,4.2762744,4.2887538,4.2388362,4.284594,51351891,526845408.0
2016-05-10,601169,4.263795,4.2887538,4.242996,4.263795,30114831,308831200.0
2016-05-11,601169,4.263795,4.305393,4.242996,4.2721146,30018300,308303616.0
2016-05-12,601169,4.2554754,4.305393,4.242996,4.2970734,25831750,266019351.0
2016-05-13,601169,4.2929136,4.2929136,4.2679548,4.284594,19803553,203772048.0
2016-05-16,601169,4.2929136,4.3137126,4.2762744,4.2929136,12427569,128116682.0
2016-05-17,601169,4.2970734,4.305393,4.2804342,4.2970734,14882896,153501768.0
2016-05-18,601169,4.284594,4.3511508,4.2721146,4.3345116,50155862,519687472.0
2016-05-19,601169,4.3178724,4.3761096,4.2929136,4.3012332,26171499,273311936.0
2016-05-20,601169,4.3095528,4.3303518,4.2887538,4.2970734,12008939,124218650.0
2016-05-23,601169,4.3012332,4.3137126,4.2804342,4.2887538,19675080,202872259.0
2016-05-24,601169,4.2887538,4.2970734,4.2721146,4.284594,15361780,158125219.0
2016-05-25,601169,4.305393,4.305393,4.2679548,4.2887538,14955987,154069324.0
2016-05-26,601169,4.2804342,4.2970734,4.2596352,4.2929136,21523306,221545486.0
2016-05-27,601169,4.2887538,4.2929136,4.2721146,4.284594,16018794,164915144.0
2016-05-30,601169,4.2929136,4.4260272,4.2721146,4.3802694,41855507,438145920.0
2016-05-31,601169,4.3802694,4.4884242,4.36779,4.4759448,44823370,480256368.0
2016-06-01,601169,4.450986,4.4884242,4.4052282,4.4260272,22851763,243905359.0
2016-06-02,601169,4.4218674,4.4634654,4.4052282,4.4260272,13326630,142103217.0
2016-06-03,601169,4.4468262,4.4759448,4.430187,4.450986,20863665,223392354.0
2016-06-06,601169,4.4676252,4.4842644,4.4010684,4.4135478,16645861,177286412.0
2016-06-07,601169,4.4426664,4.4426664,4.3969086,4.4135478,12034528,127691407.0
2016-06-08,601169,4.4135478,4.4759448,4.4010684,4.4260272,16513316,176217996.0
2016-06-13,601169,4.4010684,4.4177076,4.2887538,4.2970734,26243701,275128224.0
2016-06-14,601169,4.2929136,4.326192,4.2804342,4.3178724,19845776,205139314.0
2016-06-15,601169,4.2596352,4.3428312,4.2554754,4.3137126,30927979,319898016.0
2016-06-16,601169,4.284594,4.3095528,4.2804342,4.2887538,23702450,244385046.0
2016-06-17,601169,4.284594,4.326192,4.284594,4.2887538,22973101,237794525.0
2016-06-20,601169,4.3095528,4.3178724,4.2762744,4.2929136,18528434,190932988.0
2016-06-21,601169,4.2970734,4.3095528,4.2804342,4.3012332,23881297,246416161.0
2016-06-22,601169,4.284594,4.305393,4.284594,4.305393,18070454,186400881.0
2016-06-23,601169,4.305393,4.3137126,4.2762744,4.305393,26166488,270252256.0
2016-06-24,601169,4.2929136,4.3095528,4.118202,4.3095528,45191626,464629952.0
2016-06-27,601169,4.2804342,4.3178724,4.2762744,4.305393,26563682,274010944.0
2016-06-28,601169,4.2929136,4.3178724,4.2679548,4.3137126,35101006,362087072.0
2016-06-29,601169,4.305393,4.3220322,4.2804342,4.3178724,36353120,375383216.0
2016-06-30,601169,4.305393,4.3178724,4.2929136,4.3137126,25014544,258985697.0
2016-07-01,601169,4.3095528,4.3636302,4.3012332,4.3511508,37840523,394074736.0
2016-07-04,601169,4.326192,4.4676252,4.326192,4.4135478,47505023,503592560.0
2016-07-05,601169,4.4426664,4.4551458,4.4010684,4.4052282,27043413,287265296.0
2016-07-06,601169,4.3969086,4.409388,4.3719498,4.3844292,21159972,222862955.0
2016-07-07,601169,4.3844292,4.4842644,4.3802694,4.430187,48004854,512587776.0
2016-07-08,601169,4.4385066,4.450986,4.3969086,4.3969086,24946588,264451771.0
2016-07-11,601169,4.39180071,4.43270223,4.36112457,4.37646264,25346515,217716055.0
2016-07-12,601169,4.37646264,4.41736416,4.35089919,4.40713878,40385740,346317312.0
2016-07-13,601169,4.40713878,4.48894182,4.3969134,4.43270223,49223044,428666656.0
2016-07-14,601169,4.41225147,4.45826568,4.40202609,4.40713878,26943451,232721738.0
2016-07-15,601169,4.40713878,4.42758954,4.38668802,4.3969134,26242567,225922348.0
2016-07-18,601169,4.3969134,4.45826568,4.3969134,4.42247685,47310909,409229344.0
2016-07-19,601169,4.42247685,4.43270223,4.37134995,4.38668802,34354810,294915200.0
2016-07-20,601169,4.38668802,4.39180071,4.34067381,4.35089919,33865147,288731504.0
2016-07-21,601169,4.35601188,4.36623726,4.33556112,4.35601188,36542641,311248496.0
2016-07-22,601169,4.35601188,4.35601188,4.2946596,4.30488498,42118804,355906480.0
2016-07-25,601169,4.31511036,4.33044843,4.28443422,4.2946596,27333800,230206505.0
2016-07-26,601169,4.2946596,4.32533574,4.2946596,4.31511036,37287120,314391920.0
2016-07-27,601169,4.32022305,4.34067381,4.26909615,4.33044843,80960961,682766624.0
2016-07-28,601169,4.29977229,4.32533574,4.28443422,4.2946596,45973138,387378624.0
2016-07-29,601169,4.2946596,4.30999767,4.28954691,4.2946596,49064954,412056576.0
2016-08-01,601169,4.2946596,4.31511036,4.28443422,4.29977229,52526759,441559152.0
2016-08-02,601169,4.29977229,4.30488498,4.26909615,4.28443422,28707450,240418228.0
2016-08-03,601169,4.26909615,4.27932153,4.25375808,4.26909615,38674426,322716768.0
2016-08-04,601169,4.27932153,4.2946596,4.26398346,4.28443422,36695211,307004304.0
2016-08-05,601169,4.28443422,4.33556112,4.27420884,4.33044843,63001709,531781136.0
2016-08-08,601169,4.32022305,4.3457865,4.30999767,4.33044843,45051764,381268080.0
2016-08-09,601169,4.33556112,4.36112457,4.31511036,4.33556112,50006613,423891760.0
2016-08-10,601169,4.33556112,4.35089919,4.32533574,4.34067381,36586248,310324768.0
2016-08-11,601169,4.3457865,4.47360375,4.33556112,4.41736416,123117148,1067191808.0
2016-08-12,601169,4.41736416,4.4991672,4.40713878,4.49405451,88838348,775112928.0
2016-08-15,601169,4.4991672,4.64743521,4.4991672,4.59630831,125486782,1127729360.0
2016-08-16,601169,4.601421,4.63209714,4.52473065,4.54518141,81626378,729540800.0
2016-08-17,601169,4.55540679,4.62187176,4.51450527,4.54006872,45128571,402665328.0
2016-08-18,601169,4.51450527,4.58097024,4.51450527,4.54518141,30642710,272727632.0
2016-08-19,601169,4.54006872,4.56051948,4.50427989,4.52984334,25400609,225273048.0
2016-08-22,601169,4.52984334,4.54518141,4.48382913,4.50427989,25313643,222969491.0
2016-08-23,601169,4.50427989,4.53495603,4.4991672,4.51450527,23928366,211505860.0
2016-08-24,601169,4.50427989,4.52984334,4.48382913,4.4991672,16321750,143901118.0
2016-08-25,601169,4.4991672,4.54006872,4.46337837,4.52984334,23119000,203637142.0
2016-08-26,601169,4.53495603,4.58097024,4.51450527,4.54518141,24151364,214884724.0
2016-08-29,601169,4.52984334,4.54006872,4.48382913,4.50939258,13269170,117078777.0
2016-08-30,601169,4.51450527,4.5502941,4.50939258,4.53495603,29177423,258544424.0
2016-08-31,601169,4.54518141,4.62187176,4.52984334,4.59119562,40526879,363967952.0
2016-09-01,601169,4.58608293,4.63720983,4.57074486,4.59630831,44707769,403295104.0
2016-09-02,601169,4.57585755,4.64232252,4.56563217,4.63720983,47916992,433149248.0
2016-09-05,601169,4.63720983,4.64743521,4.62187176,4.64232252,48525207,439512928.0
2016-09-06,601169,4.63720983,4.66277328,4.62698445,4.65766059,36948703,336299072.0
2016-09-07,601169,4.65766059,4.67811135,4.62698445,4.66788597,36248479,330325296.0
2016-09-08,601169,4.66788597,4.68833673,4.64743521,4.68833673,35301400,322992816.0
2016-09-09,601169,4.68322404,4.69856211,4.66788597,4.68833673,26949776,247179085.0
2016-09-12,601169,4.6525479,4.66788597,4.54006872,4.62698445,76283750,690432352.0
2016-09-13,601169,4.63209714,4.66277328,4.62698445,4.64232252,49996626,454386976.0
2016-09-14,601169,4.63209714,4.65766059,4.60653369,4.64232252,46922932,426192864.0
2016-09-19,601169,4.64232252,4.7036748,4.64232252,4.67299866,22522021,206052516.0
2016-09-20,601169,4.68833673,4.69856211,4.62698445,4.64743521,39738595,361490176.0
2016-09-21,601169,4.6525479,4.66788597,4.62187176,4.6525479,22587198,205513096.0
2016-09-22,601169,4.66277328,4.68322404,4.6525479,4.66788597,17435286,159309196.0
2016-09-23,601169,4.67811135,4.68322404,4.62698445,4.66277328,44255402,402516160.0
2016-09-26,601169,4.6525479,4.66277328,4.62698445,4.64232252,35979154,327288608.0
2016-09-27,601169,4.62698445,4.66277328,4.61675907,4.65766059,29757003,270838048.0
2016-09-28,601169,4.6525479,4.66788597,4.63720983,4.65766059,18144480,165245409.0
2016-09-29,601169,4.65766059,4.67299866,4.64743521,4.65766059,13767588,125425936.0
2016-09-30,601169,4.65766059,4.67299866,4.6525479,4.6525479,16899781,153873970.0
2016-10-10,601169,4.65766059,4.67811135,4.64743521,4.66277328,19833234,180732249.0
2016-10-11,601169,4.66788597,4.67811135,4.64232252,4.6525479,29878491,272018944.0
2016-10-12,601169,4.64743521,4.65766059,4.63209714,4.6525479,17206525,156464241.0
2016-10-13,601169,4.72923825,4.82637936,4.69344942,4.7036748,62283242,578148480.0
2016-10-14,601169,4.72412556,4.72412556,4.66788597,4.69344942,18481302,169714450.0
2016-10-17,601169,4.68833673,4.69856211,4.66788597,4.68322404,29417830,269419808.0
2016-10-18,601169,4.66277328,4.72412556,4.65766059,4.7036748,21338115,196037103.0
2016-10-19,601169,4.69856211,4.71390018,4.68322404,4.68833673,16227391,148975386.0
2016-10-20,601169,4.69344942,4.72412556,4.68833673,4.70878749,19691500,181413239.0
2016-10-21,601169,4.69856211,4.77013977,4.69856211,4.76502708,39705133,368092896.0
2016-10-24,601169,4.77525246,4.85194281,4.75991439,4.8059286,43525087,410097088.0
2016-10-25,601169,4.8059286,4.84171743,4.75991439,4.77525246,20575424,192967826.0
2016-10-26,601169,4.75991439,4.78547784,4.72923825,4.76502708,15333666,142776445.0
2016-10-27,601169,4.76502708,4.78036515,4.74457632,4.77013977,29274824,272479568.0
2016-10-28,601169,4.75991439,4.83149205,4.74968901,4.79059053,27270110,255110879.0
2016-10-31,601169,4.77525246,4.78547784,4.69856211,4.76502708,43412166,403156224.0
2016-11-01,601169,4.75991439,4.79059053,4.74968901,4.77525246,26526174,247531172.0
2016-11-02,601169,4.77013977,4.78547784,4.74457632,4.76502708,29499174,275238832.0
2016-11-03,601169,4.7548017,4.82126667,4.74968901,4.81104129,38847071,363967328.0
2016-11-04,601169,4.79570322,4.91840778,4.79570322,4.84171743,39248760,371219728.0
2016-11-07,601169,4.88261895,4.88261895,4.82126667,4.84683012,36472161,345374432.0
2016-11-08,601169,4.84683012,4.88261895,4.83149205,4.87750626,29051152,276552704.0
2016-11-09,601169,4.86728088,4.88773164,4.77525246,4.84171743,40094707,379320320.0
2016-11-10,601169,4.87750626,4.93374585,4.87239357,4.89795702,26768436,256900322.0
2016-11-11,601169,4.88261895,4.93374585,4.8570555,4.87750626,31703452,304534160.0
2016-11-14,601169,4.87750626,4.94397123,4.8570555,4.90306971,36609322,350745584.0
2016-11-15,601169,4.88773164,4.91840778,4.88261895,4.9081824,19177867,183939746.0
2016-11-16,601169,4.92352047,4.94397123,4.89284433,4.92863316,21832059,210308199.0
2016-11-17,601169,4.92352047,4.93885854,4.90306971,4.93374585,22137360,213406635.0
2016-11-18,601169,4.93374585,4.94397123,4.91329509,4.92863316,17270584,166642841.0
2016-11-21,601169,4.92352047,4.98998544,4.91329509,4.97976006,32021808,311000816.0
2016-11-22,601169,4.98487275,5.04111234,4.97464737,5.03599965,46485330,456256448.0
2016-11-23,601169,5.03599965,5.16892959,5.02066158,5.11780269,72427132,725803568.0
2016-11-24,601169,5.12291538,5.12802807,5.07690117,5.10246462,39971168,399691360.0
2016-11-25,601169,5.10757731,5.29163415,5.10757731,5.2660707,67712673,690653888.0
2016-11-28,601169,5.2660707,5.3683245,5.2149438,5.23539456,56696063,585554352.0
2016-11-29,601169,5.23539456,5.2660707,5.13314076,5.20983111,47644318,485057312.0
2016-11-30,601169,5.2149438,5.23028187,5.10246462,5.17404228,47825275,485480336.0
2016-12-01,601169,5.18426766,5.26095801,5.17404228,5.23539456,50058466,511669776.0
2016-12-02,601169,5.19960573,5.32742298,5.15870421,5.30185953,50394413,517427264.0
2016-12-05,601169,5.1638169,5.30697222,5.12802807,5.25584532,59638116,609211056.0
2016-12-06,601169,5.2149438,5.24050725,5.10757731,5.12291538,63050721,633786656.0
2016-12-07,601169,5.10246462,5.14847883,5.09735193,5.13314076,31925243,320173088.0
2016-12-08,601169,5.14336614,5.19449304,5.13314076,5.16892959,27059353,273673600.0
2016-12-09,601169,5.16892959,5.29163415,5.14336614,5.1638169,51875659,529404560.0
2016-12-12,601169,5.16892959,5.28652146,5.14336614,5.2660707,76345525,777037968.0
2016-12-13,601169,5.24050725,5.26095801,5.16892959,5.20983111,29360122,299091808.0
2016-12-14,601169,5.22005649,5.26095801,5.18938035,5.19960573,19659767,201066420.0
2016-12-15,601169,5.1638169,5.19960573,4.97464737,5.07178848,63633327,630432864.0
2016-12-16,601169,5.05645041,5.11269,5.02577427,5.08712655,42253186,419399520.0
2016-12-19,601169,5.07178848,5.11780269,5.05645041,5.08712655,15570234,154980992.0
2016-12-20,601169,5.08712655,5.09735193,4.9593093,5.08201386,43860055,430263920.0
2016-12-21,601169,5.0615631,5.10246462,5.05133772,5.07178848,35099392,348580864.0
2016-12-22,601169,5.06667579,5.08712655,4.93374585,4.97976006,46348113,450252608.0
2016-12-23,601169,4.9593093,4.96953468,4.9081824,4.9593093,26990266,260621823.0
2016-12-26,601169,4.92863316,4.98487275,4.92352047,4.97976006,23803604,230359517.0
2016-12-27,601169,4.98487275,5.00021082,4.96442199,4.98487275,15896186,154891203.0
2016-12-28,601169,4.98487275,4.99509813,4.92352047,4.95419661,18455621,178485738.0
2016-12-29,601169,4.94397123,4.96442199,4.92352047,4.94397123,15364411,148651723.0
2016-12-30,601169,4.93374585,5.00021082,4.93374585,4.98998544,18423910,179110865.0
2017-01-03,601169,4.99509813,5.08201386,4.98487275,5.05133772,19048727,188196613.0
2017-01-04,601169,5.04111234,5.08712655,5.02577427,5.04622503,18403976,181748249.0
2017-01-05,601169,5.0615631,5.08201386,5.04111234,5.05133772,18552723,183642066.0
2017-01-06,601169,5.05645041,5.0615631,5.02577427,5.02577427,10475063,103173111.0
2017-01-09,601169,5.05645041,5.0615631,5.00021082,5.04111234,15003847,147626549.0
2017-01-10,601169,5.03088696,5.05133772,5.01554889,5.04111234,12004703,118186471.0
2017-01-11,601169,5.0615631,5.0615631,4.98998544,5.0104362,16154346,158563993.0
2017-01-12,601169,5.01554889,5.03599965,4.97464737,5.0104362,10222687,100298990.0
2017-01-13,601169,4.99509813,5.06667579,4.99509813,5.05645041,27708600,273627696.0
2017-01-16,601169,5.05645041,5.15870421,5.03599965,5.14336614,63885135,640006656.0
2017-01-17,601169,5.14336614,5.15359152,5.08201386,5.09223924,25268648,252748292.0
2017-01-18,601169,5.09735193,5.14336614,5.08712655,5.12802807,12968847,129931204.0
2017-01-19,601169,5.10757731,5.17404228,5.10757731,5.11780269,14996698,150792864.0
2017-01-20,601169,5.12291538,5.15870421,5.10757731,5.12802807,23054885,231418839.0
2017-01-23,601169,5.15359152,5.15870421,5.12291538,5.15359152,12761234,128437421.0
2017-01-24,601169,5.15870421,5.16892959,5.12291538,5.15870421,14550464,146440212.0
2017-01-25,601169,5.14336614,5.15870421,5.12291538,5.14847883,9481754,95282866.0
2017-01-26,601169,5.14847883,5.17915497,5.13314076,5.15870421,12642179,127667693.0
2017-02-03,601169,5.16892959,5.17404228,5.11780269,5.12291538,11321827,113609153.0
2017-02-06,601169,5.13825345,5.14336614,5.11269,5.12802807,13505795,135607205.0
2017-02-07,601169,5.12291538,5.14336614,5.11780269,5.12802807,11969415,120038628.0
2017-02-08,601169,5.11780269,5.13314076,5.06667579,5.12291538,16114398,160627963.0
2017-02-09,601169,5.11269,5.12291538,5.08712655,5.08712655,15198893,151694550.0
2017-02-10,601169,5.10757731,5.10757731,5.07690117,5.09223924,21266779,211767743.0
2017-02-13,601169,5.09735193,5.14336614,5.09223924,5.13825345,26839555,268887296.0
2017-02-14,601169,5.13825345,5.14336614,5.08201386,5.09735193,20902122,208693297.0
2017-02-15,601169,5.11269,5.18426766,5.09735193,5.15359152,34931966,351426480.0
2017-02-16,601169,5.13825345,5.19449304,5.13825345,5.18938035,26877856,272084128.0
2017-02-17,601169,5.18426766,5.18938035,5.14847883,5.15359152,20870030,211049586.0
2017-02-20,601169,5.15870421,5.23539456,5.15359152,5.20983111,65987676,672279488.0
2017-02-21,601169,5.19960573,5.23539456,5.18938035,5.19960573,36182091,369040176.0
2017-02-22,601169,5.19960573,5.2149438,5.1638169,5.17915497,22605115,229345811.0
2017-02-23,601169,5.17404228,5.2149438,5.1638169,5.18426766,18114753,183921760.0
2017-02-24,601169,5.17915497,5.18938035,5.15359152,5.17915497,12610991,127524718.0
2017-02-27,601169,5.15359152,5.16892959,5.10757731,5.15359152,27336593,274772656.0
2017-02-28,601169,5.14336614,5.18938035,5.13314076,5.14336614,12515257,126469889.0
2017-03-01,601169,5.15359152,5.1638169,5.10246462,5.11269,29658981,297098688.0
2017-03-02,601169,5.11269,5.13314076,5.02577427,5.04111234,28013077,278315504.0
2017-03-03,601169,5.03599965,5.08201386,5.0104362,5.05133772,17594493,173741761.0
2017-03-06,601169,5.0615631,5.07178848,5.03088696,5.03599965,16707292,164832930.0
2017-03-07,601169,5.04111234,5.05645041,5.0104362,5.04111234,22348483,219757295.0
2017-03-08,601169,5.03088696,5.04622503,5.01554889,5.03088696,11928084,117257088.0
2017-03-09,601169,5.02577427,5.03599965,4.98998544,5.02577427,23966725,235329268.0
2017-03-10,601169,5.02577427,5.03599965,5.00532351,5.03088696,14276467,140163178.0
2017-03-13,601169,5.02577427,5.08201386,5.01554889,5.06667579,15581832,153973059.0
2017-03-14,601169,5.07178848,5.08201386,5.03599965,5.04111234,20064162,198229544.0
2017-03-15,601169,5.03088696,5.04111234,5.00532351,5.02066158,17294553,169652917.0
2017-03-16,601169,5.02577427,5.0615631,5.02577427,5.0615631,18600451,183677118.0
2017-03-17,601169,5.06667579,5.07178848,4.99509813,5.01554889,31628454,310216176.0
2017-03-20,601169,5.00021082,5.0104362,4.89795702,4.95419661,43724947,423563648.0
2017-03-21,601169,4.94397123,4.98487275,4.93374585,4.97976006,24933029,241690949.0
2017-03-22,601169,4.9593093,4.9593093,4.85194281,4.87239357,36232315,348059104.0
2017-03-23,601169,4.87750626,4.91840778,4.86216819,4.89284433,14805620,141763046.0
2017-03-24,601169,4.9081824,4.92352047,4.86216819,4.90306971,17275680,165244689.0
2017-03-27,601169,4.9081824,4.94908392,4.87750626,4.91840778,28484098,273344912.0
2017-03-28,601169,4.93374585,4.93374585,4.87750626,4.9081824,15857004,152158273.0
2017-03-29,601169,4.91329509,4.93374585,4.85194281,4.87239357,23035481,220083052.0
2017-03-30,601169,4.88261895,4.90306971,4.85194281,4.88261895,19371609,184893808.0
2017-03-31,601169,4.89795702,4.92863316,4.86728088,4.91329509,16814912,161379946.0
2017-04-05,601169,5.05133772,5.11269,4.97464737,5.06667579,58933585,580658608.0
2017-04-06,601169,5.0104362,5.0615631,4.97976006,5.0104362,34796475,341422480.0
2017-04-07,601169,5.00021082,5.0104362,4.92863316,4.97976006,41889210,407112112.0
2017-04-10,601169,4.97976006,5.03599965,4.93885854,4.9593093,40118019,391248272.0
2017-04-11,601169,4.9593093,5.00021082,4.86728088,4.92352047,36121415,347712128.0
2017-04-12,601169,4.91329509,4.92352047,4.86728088,4.88773164,21706652,207300141.0
2017-04-13,601169,4.88773164,4.89795702,4.85194281,4.86728088,20190191,192223800.0
2017-04-14,601169,4.86728088,4.86728088,4.86728088,4.86728088,0,0.0
2017-04-17,601169,4.86728088,4.86728088,4.86728088,4.86728088,0,0.0
2017-04-18,601169,4.86728088,4.86728088,4.86728088,4.86728088,0,0.0
2017-04-19,601169,4.86728088,4.86728088,4.86728088,4.86728088,0,0.0
2017-04-20,601169,4.86728088,4.86728088,4.86728088,4.86728088,0,0.0
2017-04-21,601169,4.86728088,4.86728088,4.86728088,4.86728088,0,0.0
2017-04-24,601169,4.86728088,4.86728088,4.86728088,4.86728088,0,0.0
2017-04-25,601169,4.86728088,4.86728088,4.86728088,4.86728088,0,0.0
2017-04-26,601169,4.86728088,4.88261895,4.52984334,4.601421,114959561,1042821248.0
2017-04-27,601169,4.5502941,4.62698445,4.48382913,4.59630831,55207095,491736176.0
2017-04-28,601169,4.601421,4.601421,4.51961796,4.59630831,42700863,381571392.0
2017-05-02,601169,4.55540679,4.59119562,4.54518141,4.56051948,27394302,244335027.0
2017-05-03,601169,4.55540679,4.55540679,4.47360375,4.48894182,36052443,317636752.0
2017-05-04,601169,4.46337837,4.48894182,4.3969134,4.4480403,45172615,391228112.0
2017-05-05,601169,4.41225147,4.4480403,4.33044843,4.43781492,46260904,395887600.0
2017-05-08,601169,4.38668802,4.40202609,4.26909615,4.39180071,64826780,548300288.0
2017-05-09,601169,4.32533574,4.40202609,4.30488498,4.39180071,40511743,345686128.0
2017-05-10,601169,4.37646264,4.47871644,4.37134995,4.41225147,43831063,380526352.0
2017-05-11,601169,4.3969134,4.48382913,4.38668802,4.46337837,39358855,342679280.0
2017-05-12,601169,4.45826568,4.55540679,4.44292761,4.5502941,49714626,439366688.0
2017-05-15,601169,4.56051948,4.59119562,4.50427989,4.51450527,23870634,211920793.0
2017-05-16,601169,4.50939258,4.53495603,4.47360375,4.51961796,26796707,236378575.0
2017-05-17,601169,4.51961796,4.53495603,4.45826568,4.48382913,29224999,256297142.0
2017-05-18,601169,4.47360375,4.48382913,4.3969134,4.43781492,34990487,303250272.0
2017-05-19,601169,4.42758954,4.44292761,4.40713878,4.42247685,21892862,189257725.0
2017-05-22,601169,4.41736416,4.42758954,4.35089919,4.3969134,28331816,243169720.0
2017-05-23,601169,4.38668802,4.46337837,4.3457865,4.43781492,61379147,530079376.0
2017-05-24,601169,4.41736416,4.43270223,4.38157533,4.42247685,26520539,228289910.0
2017-05-25,601169,4.40713878,4.62187176,4.3969134,4.58608293,98136280,869677152.0
2017-05-26,601169,4.56563217,4.64232252,4.52984334,4.56051948,56313895,504347376.0
2017-05-31,601169,4.57074486,4.63209714,4.5502941,4.57074486,42634488,383073328.0
2017-06-01,601169,4.58097024,4.62187176,4.55540679,4.59119562,39179324,351463632.0
2017-06-02,601169,4.59630831,4.61164638,4.51961796,4.54518141,57565610,514092432.0
2017-06-05,601169,4.52473065,4.5502941,4.47360375,4.49405451,36320939,319620448.0
2017-06-06,601169,4.49405451,4.53495603,4.48382913,4.51961796,26118796,230234686.0
2017-06-07,601169,4.52473065,4.56051948,4.51450527,4.5502941,27782021,247005490.0
2017-06-08,601169,4.5502941,4.55540679,4.50939258,4.54518141,27658085,244847082.0
2017-06-09,601169,4.56051948,4.61675907,4.54518141,4.56563217,55499297,496802304.0
2017-06-12,601169,4.5502941,4.61164638,4.54518141,4.56563217,43665434,391097056.0
2017-06-13,601169,4.55540679,4.56563217,4.51450527,4.54518141,31517109,279374960.0
2017-06-14,601169,4.54518141,4.5502941,4.48894182,4.50939258,31188550,275349680.0
2017-06-15,601169,4.4991672,4.51450527,4.48382913,4.50939258,27870595,245208639.0
2017-06-16,601169,4.51450527,4.56563217,4.50427989,4.5502941,39626282,352528720.0
2017-06-19,601169,4.56563217,4.59119562,4.5502941,4.58097024,24981477,223747118.0
2017-06-20,601169,4.58097024,4.58097024,4.53495603,4.54518141,26395899,234824504.0
2017-06-21,601169,4.56563217,4.57074486,4.52984334,4.54518141,26318003,233906098.0
2017-06-22,601169,4.54006872,4.6525479,4.53495603,4.59630831,82818030,745820176.0
2017-06-23,601169,4.58097024,4.61164638,4.5502941,4.601421,44987737,402453792.0
2017-06-26,601169,4.59119562,4.68322404,4.59119562,4.64232252,60640298,550690896.0
2017-06-27,601169,4.63720983,4.66788597,4.601421,4.64232252,40632272,368013952.0
2017-06-28,601169,4.63209714,4.73435094,4.62698445,4.71390018,54743972,502613952.0
2017-06-29,601169,4.71901287,4.72923825,4.68833673,4.71390018,33315054,306730016.0
2017-06-30,601169,4.69344942,4.71390018,4.67811135,4.68833673,21966470,201726648.0
2017-07-03,601169,4.68322404,4.68833673,4.64743521,4.67811135,21564574,196769332.0
2017-07-04,601169,4.67811135,4.68322404,4.61675907,4.62698445,28321328,257120140.0
2017-07-05,601169,4.62698445,4.67299866,4.62187176,4.66788597,26169244,237804890.0
2017-07-06,601169,4.67299866,4.71901287,4.67299866,4.68833673,30070906,276088672.0
2017-07-07,601169,4.69344942,4.69856211,4.66788597,4.68833673,20240808,185386358.0
2017-07-10,601169,4.69344942,4.69856211,4.66277328,4.67811135,28778095,262892150.0
2017-07-11,601169,4.67811135,4.81104129,4.66277328,4.78547784,89050024,825766736.0
2017-07-12,601169,4.7917772,4.96201139,4.76655732,4.82330205,74785921,578836720.0
2017-07-13,601169,4.79808217,4.92418157,4.7917772,4.9178766,63569966,490204208.0
2017-07-14,601169,4.9178766,5.00614618,4.88635175,4.94940145,74492632,581732144.0
2017-07-17,601169,4.97462133,5.14485552,4.89265672,4.99353624,164789735,1312530768.0
2017-07-18,601169,4.99353624,5.00614618,4.86743684,4.93048654,70015714,548583184.0
2017-07-19,601169,4.92418157,5.09441576,4.91157163,5.07550085,96925525,770928992.0
2017-07-20,601169,5.043976,5.10072073,5.02506109,5.07550085,43463181,348583328.0
2017-07-21,601169,5.05658594,5.08180582,4.97462133,5.00614618,53909849,428758224.0
2017-07-24,601169,4.99353624,5.06289091,4.97462133,5.03136606,41663935,332428912.0
2017-07-25,601169,5.03767103,5.10072073,5.01875612,5.05658594,78555608,630761696.0
2017-07-26,601169,5.05658594,5.11963564,4.97462133,5.01245115,64982497,519808736.0
2017-07-27,601169,5.00614618,5.00614618,4.89265672,4.9178766,81499968,636236768.0
2017-07-28,601169,4.90526666,4.93679151,4.89265672,4.93048654,40338926,314627520.0
2017-07-31,601169,4.93048654,4.97462133,4.89896169,4.9178766,43398937,338934256.0
2017-08-01,601169,4.93048654,4.9809263,4.89896169,4.97462133,63496797,498738672.0
2017-08-02,601169,4.96201139,5.043976,4.96201139,4.99984121,72323019,573676560.0
2017-08-03,601169,5.00614618,5.01875612,4.93679151,4.94309648,47157707,371239168.0
2017-08-04,601169,4.95570642,4.96831636,4.88004678,4.88635175,45193862,352463712.0
2017-08-07,601169,4.88635175,4.9178766,4.86743684,4.89265672,42124568,326034752.0
2017-08-08,601169,4.88635175,4.89265672,4.81069211,4.82960702,57966440,444498160.0
2017-08-09,601169,4.82330205,4.82960702,4.76025235,4.76655732,50960373,386374096.0
2017-08-10,601169,4.76655732,4.80438714,4.74133744,4.76025235,49999663,378240976.0
2017-08-11,601169,4.74133744,4.75394738,4.63415295,4.64045792,78276144,581354992.0
2017-08-14,601169,4.65306786,4.65937283,4.62154301,4.64676289,41615538,306255712.0
2017-08-15,601169,4.64676289,4.71611756,4.64676289,4.68459271,52060733,387356976.0
2017-08-16,601169,4.67198277,4.68459271,4.62784798,4.65937283,38704116,285570208.0
2017-08-17,601169,4.65937283,4.69089768,4.65306786,4.69089768,25412628,188341515.0
2017-08-18,601169,4.6656778,4.71611756,4.64676289,4.70350762,33208122,247078192.0
2017-08-21,601169,4.68459271,4.71611756,4.6656778,4.69089768,29790829,221472095.0
2017-08-22,601169,4.69089768,4.70981259,4.67198277,4.69089768,22732725,169006769.0
2017-08-23,601169,4.69089768,4.75394738,4.67828774,4.7287275,47410211,355384800.0
2017-08-24,601169,4.71611756,4.76025235,4.70350762,4.71611756,30805229,230930114.0
2017-08-25,601169,4.71611756,4.83591199,4.70350762,4.82330205,92722475,705619520.0
2017-08-28,601169,4.82960702,4.91157163,4.82960702,4.8548269,77154455,596493024.0
2017-08-29,601169,4.86743684,4.88635175,4.83591199,4.86743684,36428753,280756048.0
2017-08-30,601169,4.88004678,4.90526666,4.84221696,4.86743684,46432048,358890400.0
2017-08-31,601169,4.89265672,4.89896169,4.7917772,4.81699708,44770841,342288400.0
2017-09-01,601169,4.82330205,4.84221696,4.77286229,4.80438714,47585008,362619136.0
2017-09-04,601169,4.80438714,4.82960702,4.77916726,4.82330205,26587315,202979735.0
2017-09-05,601169,4.81699708,4.86743684,4.7917772,4.84221696,39434272,302828016.0
2017-09-06,601169,4.83591199,4.83591199,4.78547223,4.81069211,30561174,232844034.0
2017-09-07,601169,4.82330205,4.82330205,4.7917772,4.79808217,22247755,169550201.0
2017-09-08,601169,4.81069211,4.81069211,4.77916726,4.78547223,28094143,213511780.0
2017-09-11,601169,4.79808217,4.81069211,4.77916726,4.7917772,37797614,287203072.0
2017-09-12,601169,4.79808217,4.79808217,4.76655732,4.79808217,38359780,290962919.0
2017-09-13,601169,4.7917772,4.79808217,4.76655732,4.77286229,28207050,213779424.0
2017-09-14,601169,4.77286229,4.77916726,4.74133744,4.74764241,35887099,271116343.0
2017-09-15,601169,4.74764241,4.76025235,4.73503247,4.74764241,24643499,185423652.0
2017-09-18,601169,4.76025235,4.77916726,4.74764241,4.77286229,22486187,170051875.0
2017-09-19,601169,4.77286229,4.77286229,4.7287275,4.73503247,28619657,215611364.0
2017-09-20,601169,4.73503247,4.76025235,4.7287275,4.76025235,26222592,197419849.0
2017-09-21,601169,4.75394738,4.7917772,4.74764241,4.77286229,20699751,156711669.0
2017-09-22,601169,4.76655732,4.77916726,4.70981259,4.7287275,30217601,226992262.0
2017-09-25,601169,4.70350762,4.71611756,4.6656778,4.6656778,28921172,214842351.0
2017-09-26,601169,4.65306786,4.68459271,4.65306786,4.67828774,14636773,108485407.0
2017-09-27,601169,4.6656778,4.69089768,4.65937283,4.6656778,18936968,140469617.0
2017-09-28,601169,4.67198277,4.68459271,4.65306786,4.65306786,17958083,132928748.0
2017-09-29,601169,4.65937283,4.70981259,4.65937283,4.70350762,21489507,160242074.0
2017-10-09,601169,4.82330205,4.83591199,4.69720265,4.73503247,60457286,457602664.0
2017-10-10,601169,4.73503247,4.76025235,4.71611756,4.75394738,36142670,271808646.0
2017-10-11,601169,4.75394738,4.76655732,4.7287275,4.74764241,21932774,165360157.0
2017-10-12,601169,4.74764241,4.76025235,4.70981259,4.7287275,23893212,179274655.0
2017-10-13,601169,4.72242253,4.74133744,4.70350762,4.73503247,21658063,162252536.0
2017-10-16,601169,4.73503247,4.74133744,4.70350762,4.71611756,32356864,242539458.0
2017-10-17,601169,4.72242253,4.73503247,4.69720265,4.72242253,20942408,156561004.0
2017-10-18,601169,4.72242253,4.7287275,4.69720265,4.69720265,24848423,185530606.0
2017-10-19,601169,4.69720265,4.70350762,4.64045792,4.64676289,38456373,284700524.0
2017-10-20,601169,4.65306786,4.67198277,4.64045792,4.67198277,23112722,170766054.0
2017-10-23,601169,4.67198277,4.67198277,4.64676289,4.65937283,25987416,191884336.0
2017-10-24,601169,4.65306786,4.67828774,4.64676289,4.65937283,33149563,245189606.0
2017-10-25,601169,4.6656778,4.68459271,4.65306786,4.67198277,22624955,167503409.0
2017-10-26,601169,4.67198277,4.67828774,4.64676289,4.65937283,33720887,248993391.0
2017-10-27,601169,4.6656778,4.70350762,4.65306786,4.67198277,46962215,348240023.0
2017-10-30,601169,4.67198277,4.67828774,4.62784798,4.6656778,44694908,329808589.0
2017-10-31,601169,4.65937283,4.65937283,4.62784798,4.62784798,32495095,239069065.0
2017-11-01,601169,4.63415295,4.64676289,4.62154301,4.63415295,35709302,262312005.0
2017-11-02,601169,4.63415295,4.65306786,4.57740822,4.64045792,56766229,414901071.0
2017-11-03,601169,4.62784798,4.6656778,4.6026281,4.65306786,46669055,343019033.0
2017-11-06,601169,4.65306786,4.65306786,4.59632313,4.6026281,31618332,231267534.0
2017-11-07,601169,4.61523804,4.64045792,4.57740822,4.60893307,53172125,388594953.0
2017-11-08,601169,4.6026281,4.64045792,4.59632313,4.62784798,39148244,287168069.0
2017-11-09,601169,4.63415295,4.64676289,4.59632313,4.60893307,35274965,258364865.0
2017-11-10,601169,4.6026281,4.62784798,4.57740822,4.59001816,41791089,304327663.0
2017-11-13,601169,4.59001816,4.67198277,4.59001816,4.63415295,65402116,480617628.0
2017-11-14,601169,4.62784798,4.64045792,4.59632313,4.62154301,35477227,259896838.0
2017-11-15,601169,4.60893307,4.63415295,4.60893307,4.61523804,42666000,312895826.0
2017-11-16,601169,4.60893307,4.62154301,4.57110325,4.57740822,34954208,254728806.0
2017-11-17,601169,4.57740822,4.70350762,4.55218834,4.69720265,155905618,1144388055.0
2017-11-20,601169,4.64045792,4.70981259,4.62784798,4.68459271,78199903,578733224.0
2017-11-21,601169,4.6656778,4.75394738,4.65937283,4.72242253,90267450,675389167.0
2017-11-22,601169,4.74133744,4.83591199,4.72242253,4.77916726,114333396,866688855.0
2017-11-23,601169,4.76655732,4.81699708,4.69720265,4.76655732,94550100,715486576.0
2017-11-24,601169,4.76655732,4.80438714,4.74133744,4.77286229,52159129,394793943.0
2017-11-27,601169,4.76655732,4.78547223,4.70981259,4.77916726,64238608,483940390.0
2017-11-28,601169,4.76025235,4.77286229,4.72242253,4.73503247,32629142,245457867.0
2017-11-29,601169,4.7287275,4.74764241,4.64676289,4.67828774,53758518,399440169.0
2017-11-30,601169,4.67198277,4.70350762,4.65937283,4.67828774,33003948,244882969.0
2017-12-01,601169,4.69089768,4.69720265,4.61523804,4.65937283,65277339,480624751.0
2017-12-04,601169,4.63415295,4.67198277,4.60893307,4.6656778,57136264,420491590.0
2017-12-05,601169,4.65937283,4.77916726,4.64676289,4.72242253,121700405,911695480.0
2017-12-06,601169,4.72242253,4.72242253,4.67198277,4.68459271,35748238,266344272.0
2017-12-07,601169,4.69720265,4.70981259,4.64045792,4.65306786,25425376,188382204.0
2017-12-08,601169,4.65937283,4.6656778,4.63415295,4.65306786,29116964,214819191.0
2017-12-11,601169,4.65306786,4.6656778,4.62154301,4.63415295,44038330,323651878.0
2017-12-12,601169,4.63415295,4.64045792,4.6026281,4.60893307,27491870,201407148.0
2017-12-13,601169,4.60893307,4.62154301,4.59632313,4.59632313,31912252,233160704.0
2017-12-14,601169,4.60893307,4.61523804,4.55849331,4.57740822,36812090,267731481.0
2017-12-15,601169,4.58371319,4.58371319,4.52066349,4.52066349,46342610,334065947.0
2017-12-18,601169,4.53327343,4.54588337,4.50805355,4.51435852,28281358,202862043.0
2017-12-19,601169,4.52696846,4.54588337,4.51435852,4.52696846,36398250,261378526.0
2017-12-20,601169,4.53327343,4.55218834,4.52066349,4.53327343,26972154,194025135.0
2017-12-21,601169,4.52696846,4.62154301,4.52066349,4.6026281,57237720,416273288.0
2017-12-22,601169,4.59632313,4.61523804,4.55218834,4.55849331,27085410,196425091.0
2017-12-25,601169,4.55849331,4.58371319,4.53327343,4.53327343,20007417,144654586.0
2017-12-26,601169,4.53327343,4.57740822,4.52696846,4.55849331,20515267,148068761.0
2017-12-27,601169,4.55218834,4.56479828,4.45130882,4.45761379,75447999,539377587.0
2017-12-28,601169,4.46391876,4.4765287,4.43239391,4.44500385,56670539,399835424.0
2017-12-29,601169,4.44500385,4.5395784,4.43869888,4.50805355,32664375,231451516.0
2018-01-02,601169,4.49544361,4.55849331,4.48913864,4.52696846,49500856,355910811.0
2018-01-03,601169,4.53327343,4.59632313,4.52066349,4.57740822,55527469,402313643.0
2018-01-04,601169,4.59001816,4.60893307,4.56479828,4.6026281,42924645,312761841.0
2018-01-05,601169,4.6026281,4.62154301,4.57740822,4.59632313,39693044,289792574.0
2018-01-08,601169,4.59632313,4.60893307,4.5395784,4.55849331,70728082,511908359.0
2018-01-09,601169,4.55849331,4.58371319,4.55218834,4.56479828,39354221,284759997.0
2018-01-10,601169,4.57740822,4.62154301,4.55218834,4.6026281,58626264,427192708.0
2018-01-11,601169,4.59632313,4.64045792,4.59001816,4.6026281,43032764,314852968.0
2018-01-12,601169,4.61523804,4.63415295,4.59001816,4.59632313,30936859,226168115.0
2018-01-15,601169,4.6026281,4.65306786,4.58371319,4.63415295,76277165,559879051.0
2018-01-16,601169,4.61523804,4.63415295,4.59001816,4.63415295,46748893,341708515.0
2018-01-17,601169,4.62784798,4.74133744,4.61523804,4.67828774,109441414,815399285.0
2018-01-18,601169,4.69089768,4.73503247,4.67198277,4.72242253,67974014,506680441.0
2018-01-19,601169,4.76025235,4.84221696,4.76025235,4.80438714,132260260,1009357287.0
2018-01-22,601169,4.77916726,4.7917772,4.71611756,4.73503247,97380316,733693159.0
2018-01-23,601169,4.7287275,4.83591199,4.71611756,4.82330205,118666717,898769244.0
2018-01-24,601169,4.83591199,4.90526666,4.77916726,4.86743684,148859926,1143966996.0
2018-01-25,601169,4.84852193,4.84852193,4.76655732,4.80438714,79458185,605752410.0
2018-01-26,601169,4.7917772,4.89265672,4.7917772,4.8548269,85956641,660298956.0
2018-01-29,601169,4.8548269,4.88004678,4.77916726,4.79808217,91533019,702054858.0
2018-01-30,601169,4.79808217,4.81069211,4.70350762,4.70981259,68342136,514690813.0
2018-01-31,601169,4.69720265,4.74133744,4.68459271,4.73503247,84584594,631801110.0
2018-02-01,601169,4.72242253,4.81069211,4.70350762,4.79808217,124819105,940838499.0
2018-02-02,601169,4.76025235,4.7917772,4.71611756,4.77286229,62354936,469894893.0
2018-02-05,601169,4.7287275,4.93048654,4.70981259,4.9178766,157635660,1215821652.0
2018-02-06,601169,4.8548269,4.92418157,4.81069211,4.82960702,201354610,1557932163.0
2018-02-07,601169,4.89265672,4.9809263,4.76025235,4.76025235,160803229,1243054887.0
2018-02-08,601169,4.75394738,4.76655732,4.58371319,4.62154301,98494873,731761197.0
2018-02-09,601169,4.54588337,4.57740822,4.44500385,4.54588337,129082227,922541676.0
2018-02-12,601169,4.52696846,4.59632313,4.50805355,4.56479828,55113084,398866544.0
2018-02-13,601169,4.57740822,4.65306786,4.57740822,4.61523804,41155277,301633947.0
2018-02-14,601169,4.62154301,4.63415295,4.59632313,4.61523804,26351961,192583187.0
2018-02-22,601169,4.65937283,4.69720265,4.63415295,4.69089768,40352233,298887114.0
2018-02-23,601169,4.69089768,4.71611756,4.67198277,4.70350762,29974961,223389341.0
2018-02-26,601169,4.70350762,4.74133744,4.68459271,4.72242253,34545619,258150984.0
2018-02-27,601169,4.74133744,4.74133744,4.62784798,4.62784798,36881977,273343797.0
2018-02-28,601169,4.61523804,4.64045792,4.57740822,4.60893307,48044847,351689537.0
2018-03-01,601169,4.58371319,4.6656778,4.57110325,4.64045792,62790814,461513892.0
2018-03-02,601169,4.61523804,4.65306786,4.59001816,4.62154301,34179750,250652969.0
2018-03-05,601169,4.60893307,4.65937283,4.6026281,4.61523804,31432790,230471160.0
2018-03-06,601169,4.64045792,4.64676289,4.6026281,4.64045792,21289939,156175934.0
2018-03-07,601169,4.65306786,4.69089768,4.60893307,4.60893307,29062017,214699061.0
2018-03-08,601169,4.64045792,4.64045792,4.6026281,4.62154301,17396520,127453310.0
2018-03-09,601169,4.63415295,4.63415295,4.6026281,4.62154301,20399374,149311150.0
2018-03-12,601169,4.62154301,4.63415295,4.60893307,4.62154301,24556201,180013329.0
2018-03-13,601169,4.62784798,4.65306786,4.59001816,4.59632313,26123170,191493452.0
2018-03-14,601169,4.59001816,4.6026281,4.55849331,4.56479828,17660761,128099174.0
2018-03-15,601169,4.5395784,4.56479828,4.5395784,4.55218834,14511587,104752080.0
2018-03-16,601169,4.5395784,4.56479828,4.51435852,4.52696846,24805034,178586911.0
2018-03-19,601169,4.52066349,4.5395784,4.51435852,4.51435852,15273793,109589971.0
2018-03-20,601169,4.50805355,4.5395784,4.50805355,4.52696846,16601097,119113574.0
2018-03-21,601169,4.5395784,4.55218834,4.50805355,4.50805355,21694843,155818337.0
2018-03-22,601169,4.51435852,4.52696846,4.48283367,4.48283367,19351151,138067527.0
2018-03-23,601169,4.44500385,4.45130882,4.2873796,4.33151439,59395065,413207491.0
2018-03-26,601169,4.32520942,4.33151439,4.24324481,4.29998954,38664139,262851698.0
2018-03-27,601169,4.32520942,4.36303924,4.29368457,4.30629451,25705564,176574201.0
2018-03-28,601169,4.27476966,4.36303924,4.27476966,4.31890445,22781103,156449628.0
2018-03-29,601169,4.31890445,4.37564918,4.30629451,4.36934421,23625388,162586533.0
2018-03-30,601169,4.36934421,4.38825912,4.33151439,4.33781936,19860592,137012643.0
2018-04-02,601169,4.3504293,4.37564918,4.33151439,4.33151439,24152840,166780952.0
2018-04-03,601169,4.32520942,4.33781936,4.2873796,4.30629451,16200017,110574910.0
2018-04-04,601169,4.30629451,4.31890445,4.2873796,4.29368457,18396218,125570596.0
2018-04-09,601169,4.29368457,4.30629451,4.28107463,4.29998954,18262044,124343506.0
2018-04-10,601169,4.29998954,4.38825912,4.2873796,4.37564918,24476200,168483728.0
2018-04-11,601169,4.38195415,4.44500385,4.36303924,4.40086906,26217027,183058392.0
2018-04-12,601169,4.413479,4.413479,4.35673427,4.37564918,18109392,125828080.0
2018-04-13,601169,4.38825912,4.39456409,4.33781936,4.33781936,12837318,88852141.0
2018-04-16,601169,4.36303924,4.36303924,4.28107463,4.29998954,25108476,171504501.0
2018-04-17,601169,4.29998954,4.32520942,4.26215972,4.29368457,25886186,176423586.0
2018-04-18,601169,4.33781936,4.3504293,4.29998954,4.31259948,25554512,175206698.0
2018-04-19,601169,4.33781936,4.33781936,4.29998954,4.31259948,17890330,122606786.0
2018-04-20,601169,4.29368457,4.31259948,4.20541499,4.23693984,27249762,183586981.0
2018-04-23,601169,4.21171996,4.26846469,4.21171996,4.24954978,15449258,104006556.0
2018-04-24,601169,4.2243299,4.31259948,4.2243299,4.31259948,22659010,154427721.0
2018-04-25,601169,4.29368457,4.31890445,4.26215972,4.26846469,18125603,123330963.0
2018-04-26,601169,4.29998954,4.30629451,4.24324481,4.24954978,17484809,118573108.0
2018-04-27,601169,4.28107463,4.30629451,4.26215972,4.2873796,25484920,173138408.0
2018-05-02,601169,4.31890445,4.32520942,4.26215972,4.29368457,24175050,164569353.0
2018-05-03,601169,4.2873796,4.30629451,4.26215972,4.29368457,21377739,145383124.0
2018-05-04,601169,4.29998954,4.30629451,4.25585475,4.27476966,19732790,133975865.0
2018-05-07,601169,4.27476966,4.29368457,4.26846469,4.2873796,25350972,172173848.0
2018-05-08,601169,4.28107463,4.32520942,4.28107463,4.31259948,26390011,180291693.0
2018-05-09,601169,4.31259948,4.31259948,4.2873796,4.30629451,17699333,120712034.0
2018-05-10,601169,4.31259948,4.3504293,4.30629451,4.34412433,28178051,193340024.0
2018-05-11,601169,4.3504293,4.35673427,4.31890445,4.33781936,16186298,111375250.0
2018-05-14,601169,4.3504293,4.37564918,4.33151439,4.3504293,21888363,151087140.0
2018-05-15,601169,4.3504293,4.3504293,4.31890445,4.34412433,16939597,116339764.0
2018-05-16,601169,4.33781936,4.33781936,4.2873796,4.29368457,24526212,167412440.0
2018-05-17,601169,4.29998954,4.31890445,4.28107463,4.29368457,15838641,108081948.0
2018-05-18,601169,4.29368457,4.33781936,4.28107463,4.33781936,20367510,139301880.0
2018-05-21,601169,4.3504293,4.36303924,4.33151439,4.3504293,23846814,164463708.0
2018-05-22,601169,4.3504293,4.35673427,4.31890445,4.34412433,19173259,131786928.0
2018-05-23,601169,4.33781936,4.33781936,4.29368457,4.29998954,18842718,128959082.0
2018-05-24,601169,4.31259948,4.31259948,4.27476966,4.2873796,18353804,124951038.0
2018-05-25,601169,4.29998954,4.30629451,4.26215972,4.2873796,22528220,153173811.0
2018-05-28,601169,4.2873796,4.29998954,4.24954978,4.28107463,23952419,162432122.0
2018-05-29,601169,4.25585475,4.27476966,4.2243299,4.23693984,23501340,158256788.0
2018-05-30,601169,4.21802493,4.2243299,4.14236529,4.15497523,30303512,200767807.0
2018-05-31,601169,4.19280505,4.21171996,4.14236529,4.17389014,49904635,330458443.0
2018-06-01,601169,4.18019511,4.19911002,4.1612802,4.19280505,16765434,111153398.0
2018-06-04,601169,4.19280505,4.20541499,4.1612802,4.17389014,29023743,192475017.0
2018-06-05,601169,4.17389014,4.17389014,4.06040068,4.09192553,61876150,401683935.0
2018-06-06,601169,4.08562056,4.08562056,4.02887583,4.07931559,49247469,316415025.0
2018-06-07,601169,4.07301062,4.08562056,4.02257086,4.07301062,81001346,520096570.0
2018-06-08,601169,4.04779074,4.04779074,3.94060625,3.97843607,64773960,409341464.0
2018-06-11,601169,3.95952116,3.95952116,3.91538637,3.94691122,51703765,323166992.0
2018-06-12,601169,3.93430128,3.94060625,3.88386152,3.92169134,56944531,352872033.0
2018-06-13,601169,3.90277643,3.90277643,3.85864164,3.86494661,37408822,230531136.0
2018-06-14,601169,3.8460317,3.89016649,3.83342176,3.87755655,32389708,198651042.0
2018-06-15,601169,3.87125158,3.92799631,3.86494661,3.9090814,37046692,229558090.0
2018-06-19,601169,3.89016649,3.89016649,3.75145715,3.782982,60318395,365906157.0
2018-06-20,601169,3.782982,3.82081182,3.782982,3.80189691,33595052,202744892.0
2018-06-21,601169,3.80189691,3.83342176,3.77037206,3.79559194,32223155,194512528.0
2018-06-22,601169,3.79559194,3.82081182,3.76406709,3.81450685,23482702,141120853.0
2018-06-25,601169,3.83342176,3.83972673,3.75145715,3.782982,34035651,204561503.0
2018-06-26,601169,3.77667703,3.782982,3.68210248,3.76406709,40693265,240708169.0
2018-06-27,601169,3.73254224,3.76406709,3.70732236,3.72623727,25023943,148065771.0
2018-06-28,601169,3.68840745,3.77667703,3.68840745,3.77037206,33469660,198587848.0
2018-06-29,601169,3.77667703,3.80820188,3.75776212,3.80189691,20357575,122188435.0
2018-07-02,601169,3.78928697,3.79559194,3.70101739,3.74515218,28254197,168156551.0
2018-07-03,601169,3.73254224,3.78928697,3.72623727,3.782982,28788384,171704222.0
2018-07-04,601169,3.782982,3.82711679,3.77037206,3.79559194,23241603,139811616.0
2018-07-05,601169,3.77037206,3.782982,3.64427266,3.69471242,88027649,516572873.0
2018-07-06,601169,3.68210248,3.70101739,3.62535775,3.69471242,72603832,422224682.0
2018-07-09,601169,3.68210248,3.80820188,3.67579751,3.79559194,52231047,311147102.0
2018-07-10,601169,3.79559194,3.83342176,3.782982,3.82711679,36511937,220435392.0
2018-07-11,601169,3.77667703,3.83972673,3.7199323,3.82081182,50850674,305833950.0
2018-07-12,601169,3.80101824,3.86700814,3.77462228,3.85381016,52269840,303213268.0
2018-07-13,601169,3.85381016,3.85381016,3.80761723,3.80761723,29217243,169185685.0
2018-07-16,601169,3.82081521,3.82081521,3.7614243,3.76802329,22888698,131148642.0
2018-07-17,601169,3.77462228,3.78122127,3.72842935,3.74162733,23225624,131877737.0
2018-07-18,601169,3.74162733,3.78122127,3.70863238,3.72183036,29057060,164914188.0
2018-07-19,601169,3.72842935,3.73502834,3.6954344,3.72842935,22751706,128069655.0
2018-07-20,601169,3.72183036,3.86700814,3.68883541,3.8274142,65313076,376213215.0
2018-07-23,601169,3.80761723,3.90000309,3.78122127,3.88680511,56703242,330055077.0
2018-07-24,601169,3.87360713,3.93959703,3.86700814,3.93299804,61627268,364476993.0
2018-07-25,601169,3.92639905,3.93299804,3.88680511,3.92639905,30464941,180497552.0
2018-07-26,601169,3.92639905,3.93299804,3.90000309,3.91980006,27951370,165886761.0
2018-07-27,601169,3.91980006,3.92639905,3.88020612,3.91980006,20750780,122880547.0
2018-07-30,601169,3.90660208,3.95279501,3.8934041,3.92639905,30397007,180614891.0
2018-07-31,601169,3.92639905,3.94619602,3.8934041,3.92639905,24298643,144210812.0
2018-08-01,601169,3.93299804,3.95279501,3.85381016,3.88680511,37828954,223810790.0
2018-08-02,601169,3.86700814,3.8934041,3.74822632,3.82081521,39319980,227395016.0
2018-08-03,601169,3.80101824,3.83401319,3.78122127,3.79441925,18168689,104837196.0
2018-08-06,601169,3.80761723,3.84721117,3.77462228,3.78122127,23199842,133680419.0
2018-08-07,601169,3.79441925,3.84061218,3.75482531,3.83401319,31870479,183578070.0
2018-08-08,601169,3.83401319,3.84721117,3.80761723,3.82081521,20522759,118923457.0
2018-08-09,601169,3.79441925,3.87360713,3.79441925,3.85381016,27834849,162216336.0
2018-08-10,601169,3.86040915,3.86040915,3.8274142,3.84061218,26844695,156362866.0
2018-08-13,601169,3.82081521,3.83401319,3.77462228,3.81421622,24276518,139724196.0
2018-08-14,601169,3.80761723,3.83401319,3.79441925,3.8274142,14436124,83527968.0
2018-08-15,601169,3.8274142,3.83401319,3.76802329,3.76802329,27524977,158346895.0
2018-08-16,601169,3.75482531,3.79441925,3.71523137,3.76802329,28917846,164782465.0
2018-08-17,601169,3.79441925,3.79441925,3.73502834,3.74162733,16244924,92861875.0
2018-08-20,601169,3.76802329,3.81421622,3.75482531,3.80761723,25021460,143404437.0
2018-08-21,601169,3.8274142,3.84061218,3.79441925,3.80101824,19650991,113742813.0
2018-08-22,601169,3.80101824,3.80761723,3.74162733,3.75482531,24636611,140616575.0
2018-08-23,601169,3.76802329,3.78782026,3.74162733,3.76802329,24335146,138866319.0
2018-08-24,601169,3.7614243,3.8934041,3.74162733,3.8274142,45603871,263209847.0
2018-08-27,601169,3.8274142,3.84061218,3.78782026,3.83401319,50820431,294228449.0
2018-08-28,601169,3.83401319,3.85381016,3.82081521,3.83401319,23558250,137036165.0
2018-08-29,601169,3.83401319,3.84061218,3.79441925,3.80761723,19023417,109988231.0
2018-08-30,601169,3.82081521,3.84061218,3.77462228,3.77462228,23191491,133800959.0
2018-08-31,601169,3.78782026,3.86040915,3.77462228,3.84721117,58956255,342005706.0
2018-09-03,601169,3.83401319,3.85381016,3.79441925,3.82081521,30000176,173649070.0
2018-09-04,601169,3.8274142,3.87360713,3.80761723,3.85381016,36542382,212646631.0
2018-09-05,601169,3.83401319,3.86040915,3.78122127,3.78122127,33894767,196311476.0
2018-09-06,601169,3.78782026,3.81421622,3.77462228,3.78122127,19243603,110711402.0
2018-09-07,601169,3.78782026,3.81421622,3.7614243,3.78782026,19176302,110141158.0
2018-09-10,601169,3.76802329,3.78782026,3.74822632,3.76802329,16748983,95613016.0
2018-09-11,601169,3.76802329,3.78122127,3.72842935,3.73502834,20392897,116105517.0
2018-09-12,601169,3.72842935,3.7614243,3.71523137,3.73502834,15753922,89167369.0
2018-09-13,601169,3.77462228,3.79441925,3.75482531,3.79441925,26520876,151715156.0
2018-09-14,601169,3.80101824,3.8274142,3.78122127,3.80101824,15354385,88317609.0
2018-09-17,601169,3.78122127,3.78782026,3.75482531,3.7614243,15087951,86105705.0
2018-09-18,601169,3.75482531,3.81421622,3.74822632,3.80761723,24138312,138337443.0
2018-09-19,601169,3.80761723,3.8274142,3.79441925,3.81421622,29899941,172709029.0
2018-09-20,601169,3.82081521,3.84061218,3.80761723,3.8274142,27704956,160537120.0
2018-09-21,601169,3.83401319,3.92639905,3.81421622,3.92639905,51542984,302511334.0
2018-09-25,601169,3.88680511,3.91980006,3.88020612,3.90660208,27675753,163714488.0
2018-09-26,601169,3.91980006,3.99898794,3.90660208,3.95279501,59522536,357478625.0
2018-09-27,601169,3.959394,3.97919097,3.94619602,3.97259198,32148838,193014578.0
2018-09-28,601169,3.97919097,4.05837885,3.96599299,4.03198289,49044695,298771926.0
2018-10-08,601169,3.95279501,3.95279501,3.84721117,3.88020612,55606704,329422587.0
2018-10-09,601169,3.86700814,3.91320107,3.84721117,3.86700814,30343007,178090113.0
2018-10-10,601169,3.88020612,3.90660208,3.86040915,3.90660208,22437653,132276083.0
2018-10-11,601169,3.82081521,3.86700814,3.72183036,3.7614243,50466325,290419683.0
2018-10-12,601169,3.76802329,3.81421622,3.74162733,3.79441925,31025748,177790302.0
2018-10-15,601169,3.79441925,3.81421622,3.68883541,3.72842935,53959580,305928708.0
2018-10-16,601169,3.72183036,3.78122127,3.71523137,3.74162733,27654991,157087080.0
2018-10-17,601169,3.76802329,3.81421622,3.74162733,3.78782026,35503386,203801540.0
2018-10-18,601169,3.79441925,3.80761723,3.72183036,3.73502834,34750417,198610887.0
2018-10-19,601169,3.7614243,3.84721117,3.72183036,3.84721117,53374685,307359905.0
2018-10-22,601169,3.85381016,3.98578996,3.84721117,3.93299804,68351138,406937048.0
2018-10-23,601169,3.90660208,3.94619602,3.87360713,3.87360713,48315386,286152226.0
2018-10-24,601169,3.8934041,4.05177986,3.87360713,3.95279501,70956136,427590683.0
2018-10-25,601169,3.8934041,4.00558693,3.88680511,3.98578996,37816947,225613638.0
2018-10-26,601169,3.99898794,4.01218592,3.959394,3.99238895,43014070,260233213.0
2018-10-29,601169,4.0253839,4.04518087,3.94619602,3.98578996,49399568,299742707.0
2018-10-30,601169,4.0253839,4.07817582,3.98578996,4.07157683,62858851,385285662.0
2018-10-31,601169,4.07157683,4.07817582,3.99238895,4.01218592,41174119,251228401.0
2018-11-01,601169,4.03858188,4.06497784,4.01218592,4.01878491,45857662,280334017.0
2018-11-02,601169,4.06497784,4.10457178,4.01878491,4.06497784,58989167,363345076.0
2018-11-05,601169,4.05837885,4.0913738,4.03198289,4.05177986,24256294,149100492.0
2018-11-06,601169,4.05177986,4.05837885,4.01218592,4.01878491,30081745,183587679.0
2018-11-07,601169,4.03858188,4.08477481,4.01218592,4.03198289,30314429,185838528.0
2018-11-08,601169,4.05837885,4.07157683,4.01218592,4.0253839,22703966,138769899.0
2018-11-09,601169,3.99898794,4.0253839,3.95279501,3.959394,32411554,195327826.0
2018-11-12,601169,3.96599299,4.00558693,3.96599299,3.98578996,19715095,119053181.0
2018-11-13,601169,3.96599299,4.0253839,3.93959703,3.99898794,24675168,148851092.0
2018-11-14,601169,4.01218592,4.01878491,3.94619602,3.95279501,23182273,139936045.0
2018-11-15,601169,3.959394,3.99898794,3.94619602,3.97919097,18917757,113962628.0
2018-11-16,601169,3.98578996,4.0253839,3.97259198,3.99238895,27599109,167351049.0
2018-11-19,601169,4.01878491,4.06497784,4.00558693,4.04518087,29191683,178842273.0
2018-11-20,601169,4.03858188,4.05837885,3.98578996,3.99238895,24577540,149305094.0
2018-11-21,601169,3.97259198,3.99898794,3.96599299,3.97259198,23678221,142824484.0
2018-11-22,601169,3.99238895,3.99238895,3.94619602,3.96599299,14430607,86638310.0
2018-11-23,601169,3.959394,3.97919097,3.90000309,3.90000309,21357241,127562511.0
2018-11-26,601169,3.92639905,3.94619602,3.90000309,3.90000309,16050739,95461112.0
2018-11-27,601169,3.91320107,3.93959703,3.87360713,3.88020612,15256766,90223510.0
2018-11-28,601169,3.88680511,3.93299804,3.88020612,3.90660208,16725231,99117028.0
2018-11-29,601169,3.93299804,3.93299804,3.88020612,3.88020612,15008802,88967184.0
2018-11-30,601169,3.8934041,3.92639905,3.88680511,3.91320107,25513528,151275124.0
2018-12-03,601169,3.99238895,4.01218592,3.97259198,3.98578996,38207174,231468317.0
2018-12-04,601169,4.00558693,4.03198289,3.98578996,4.0253839,25047673,152195053.0
2018-12-05,601169,3.99898794,4.03858188,3.99238895,4.0253839,19575253,119197632.0
2018-12-06,601169,3.96599299,3.98578996,3.93959703,3.96599299,26653728,159991926.0
2018-12-07,601169,3.96599299,3.98578996,3.95279501,3.959394,11238065,67575049.0
2018-12-10,601169,3.93299804,3.959394,3.90660208,3.92639905,17379516,103332587.0
2018-12-11,601169,3.91320107,3.93959703,3.90660208,3.90660208,14793943,87791698.0
2018-12-12,601169,3.93959703,3.93959703,3.90000309,3.91320107,12919761,76720815.0
2018-12-13,601169,3.91980006,3.95279501,3.90000309,3.93299804,19066220,113746077.0
2018-12-14,601169,3.92639905,3.93959703,3.88680511,3.91320107,25112586,148742593.0
2018-12-17,601169,3.90660208,3.94619602,3.90000309,3.94619602,25569326,152308759.0
2018-12-18,601169,3.91320107,3.959394,3.90660208,3.91320107,19341000,115292587.0
2018-12-19,601169,3.92639905,3.95279501,3.90660208,3.91320107,18607482,110931844.0
2018-12-20,601169,3.90660208,3.93299804,3.78122127,3.82081521,31320641,182053887.0
2018-12-21,601169,3.81421622,3.82081521,3.7614243,3.78782026,22431361,128617511.0
2018-12-24,601169,3.74822632,3.79441925,3.74162733,3.7614243,20435061,116367058.0
2018-12-25,601169,3.72842935,3.74162733,3.64924147,3.71523137,41460940,231584933.0
2018-12-26,601169,3.6954344,3.71523137,3.64924147,3.68883541,29395233,164258099.0
2018-12-27,601169,3.70863238,3.73502834,3.66903844,3.68883541,37274221,209413821.0
2018-12-28,601169,3.70863238,3.7614243,3.70203339,3.70203339,32751021,185151924.0
2019-01-02,601169,3.70863238,3.72183036,3.62284551,3.66243945,40146019,222384231.0
2019-01-03,601169,3.64924147,3.6954344,3.64264248,3.6954344,28559214,159016402.0
2019-01-04,601169,3.66243945,3.7614243,3.66243945,3.75482531,32642652,184186433.0
2019-01-07,601169,3.78782026,3.78782026,3.72842935,3.74162733,29158792,165711903.0
2019-01-08,601169,3.75482531,3.75482531,3.72842935,3.74822632,26005388,147410868.0
2019-01-09,601169,3.76802329,3.80761723,3.74822632,3.74822632,28589983,163973296.0
2019-01-10,601169,3.73502834,3.77462228,3.72183036,3.75482531,30468017,173057522.0
2019-01-11,601169,3.7614243,3.80101824,3.74822632,3.78122127,24208044,138706409.0
2019-01-14,601169,3.77462228,3.79441925,3.74162733,3.74822632,13991032,79680628.0
2019-01-15,601169,3.7614243,3.78782026,3.74162733,3.77462228,19612079,112126040.0
2019-01-16,601169,3.77462228,3.78782026,3.76802329,3.78122127,15852063,90735604.0
2019-01-17,601169,3.79441925,3.80101824,3.74822632,3.76802329,23906300,136982659.0
2019-01-18,601169,3.79441925,3.83401319,3.78122127,3.82081521,29249853,168942729.0
2019-01-21,601169,3.82081521,3.84061218,3.80761723,3.8274142,19474718,112935456.0
2019-01-22,601169,3.83401319,3.83401319,3.80101824,3.80761723,13014949,75289435.0
2019-01-23,601169,3.80761723,3.84061218,3.80101824,3.82081521,15926385,92336600.0
2019-01-24,601169,3.84061218,3.85381016,3.80761723,3.84061218,13412907,78069485.0
2019-01-25,601169,3.86040915,3.92639905,3.85381016,3.87360713,25676799,151649275.0
2019-01-28,601169,3.8934041,3.93959703,3.88020612,3.90000309,23035097,136653437.0
2019-01-29,601169,3.87360713,3.8934041,3.8274142,3.87360713,34855105,203973507.0
2019-01-30,601169,3.87360713,3.90660208,3.85381016,3.86700814,19091416,112217389.0
2019-01-31,601169,3.8934041,3.959394,3.88020612,3.93959703,31680814,188685795.0
2019-02-01,601169,3.99238895,3.99238895,3.92639905,3.96599299,18061090,108076118.0
2019-02-11,601169,3.92639905,3.96599299,3.90660208,3.93959703,31270592,186494021.0
2019-02-12,601169,3.94619602,3.96599299,3.91980006,3.94619602,38988634,232621096.0
2019-02-13,601169,3.94619602,4.00558693,3.91980006,3.99238895,52851490,316670992.0
2019-02-14,601169,3.98578996,3.99898794,3.94619602,3.96599299,34273115,206199338.0
2019-02-15,601169,3.95279501,3.97259198,3.93299804,3.93299804,33572874,201128212.0
2019-02-18,601169,3.95279501,3.99238895,3.93959703,3.97919097,34673365,208989389.0
2019-02-19,601169,3.98578996,4.0253839,3.959394,3.97259198,35378854,213890058.0
2019-02-20,601169,3.97919097,3.99898794,3.95279501,3.959394,28441988,171154364.0
2019-02-21,601169,3.959394,3.98578996,3.93299804,3.93959703,33153071,198887167.0
2019-02-22,601169,3.93959703,4.01218592,3.91980006,4.01218592,38697267,232138509.0
2019-02-25,601169,4.0253839,4.32233845,4.0253839,4.27614552,143788272,903381711.0
2019-02-26,601169,4.26954653,4.31573946,4.19035865,4.19695764,101837134,656035429.0
2019-02-27,601169,4.22995259,4.38172936,4.21015562,4.2893435,108198991,704558289.0
2019-02-28,601169,4.28274451,4.30254148,4.22995259,4.23655158,52403478,338408070.0
2019-03-01,601169,4.26294754,4.33553643,4.20355663,4.32893744,72451072,467860331.0
2019-03-04,601169,4.36193239,4.48071421,4.32893744,4.37513037,111328328,740860587.0
2019-03-05,601169,4.34873441,4.39492734,4.33553643,4.37513037,49356342,326573796.0
2019-03-06,601169,4.36193239,4.43452128,4.3553334,4.38832835,63376243,421220678.0
2019-03-07,601169,4.38172936,4.38832835,4.32233845,4.32893744,86434296,569573852.0
2019-03-08,601169,4.29594249,4.30254148,4.14416572,4.1573637,79045888,504603523.0
2019-03-11,601169,4.14416572,4.19035865,4.13096774,4.16396269,59684801,375649744.0
2019-03-12,601169,4.19035865,4.23655158,4.1573637,4.17056168,67738455,430805231.0
2019-03-13,601169,4.19035865,4.19695764,4.13096774,4.17056168,60902304,384270598.0
2019-03-14,601169,4.1573637,4.20355663,4.13756673,4.14416572,42542448,268670094.0
2019-03-15,601169,4.14416572,4.19035865,4.11776976,4.13096774,58366962,367012267.0
2019-03-18,601169,4.13756673,4.20355663,4.11776976,4.19695764,67159137,423221517.0
2019-03-19,601169,4.17716067,4.19695764,4.1573637,4.17056168,55286137,349836460.0
2019-03-20,601169,4.1573637,4.19695764,4.13756673,4.17056168,45352635,286263347.0
2019-03-21,601169,4.16396269,4.17716067,4.14416572,4.14416572,50632385,319118260.0
2019-03-22,601169,4.17056168,4.17716067,4.12436875,4.13756673,47911368,301372830.0
2019-03-25,601169,4.10457178,4.11117077,4.0253839,4.03198289,70925891,437304626.0
2019-03-26,601169,4.05837885,4.05837885,4.00558693,4.01218592,34864553,212753258.0
2019-03-27,601169,4.03198289,4.04518087,4.00558693,4.01878491,36709092,223963402.0
2019-03-28,601169,4.00558693,4.01878491,3.97259198,3.99238895,36400371,219867548.0
2019-03-29,601169,3.98578996,4.11117077,3.98578996,4.0913738,72638024,447312924.0
2019-04-01,601169,4.09797279,4.17056168,4.0913738,4.14416572,86662425,544448952.0
2019-04-02,601169,4.16396269,4.17056168,4.11776976,4.13096774,71069826,446370448.0
2019-04-03,601169,4.11117077,4.1573637,4.0913738,4.15076471,76212649,477152167.0
2019-04-04,601169,4.16396269,4.21675461,4.1573637,4.19035865,97123222,616118898.0
2019-04-08,601169,4.21015562,4.30914047,4.19695764,4.22995259,137370776,884756144.0
2019-04-09,601169,4.22995259,4.25634855,4.21015562,4.22995259,83774867,537295316.0
2019-04-10,601169,4.21675461,4.23655158,4.19035865,4.21015562,69933729,445771206.0
2019-04-11,601169,4.21675461,4.24315057,4.16396269,4.16396269,68198103,433402267.0
2019-04-12,601169,4.17716067,4.19695764,4.16396269,4.17716067,48246989,305340513.0
2019-04-15,601169,4.23655158,4.26294754,4.1573637,4.1573637,96824185,620265017.0
2019-04-16,601169,4.15076471,4.29594249,4.14416572,4.2893435,137691435,885288769.0
2019-04-17,601169,4.27614552,4.32233845,4.24315057,4.27614552,93635564,607388141.0
2019-04-18,601169,4.27614552,4.28274451,4.2233536,4.22995259,58004719,373315676.0
2019-04-19,601169,4.2233536,4.26294754,4.17716067,4.2233536,74281387,474818669.0
2019-04-22,601169,4.2233536,4.23655158,4.13096774,4.1573637,74990455,474301048.0
2019-04-23,601169,4.15076471,4.18375966,4.13096774,4.15076471,57817583,364468392.0
2019-04-24,601169,4.17056168,4.18375966,4.11776976,4.15076471,45367631,285562700.0
2019-04-25,601169,4.17056168,4.20355663,4.14416572,4.1573637,74408402,470518265.0
2019-04-26,601169,4.14416572,4.17056168,4.11117077,4.12436875,74724583,468694282.0
2019-04-29,601169,4.15076471,4.20355663,4.12436875,4.17056168,94439278,598160476.0
2019-04-30,601169,4.18375966,4.22995259,4.16396269,4.20355663,73886965,470078969.0
2019-05-06,601169,4.11117077,4.17716067,4.04518087,4.09797279,117051555,727968946.0
2019-05-07,601169,4.11776976,4.1573637,4.08477481,4.12436875,69050451,431062402.0
2019-05-08,601169,4.07817582,4.13756673,4.05837885,4.07157683,64261894,397761680.0
2019-05-09,601169,4.03858188,4.07157683,3.96599299,4.00558693,69976563,425818699.0
2019-05-10,601169,4.01878491,4.05837885,3.96599299,4.04518087,66386816,404951747.0
2019-05-13,601169,3.97259198,3.98578996,3.94619602,3.94619602,54007052,324057202.0
2019-05-14,601169,3.91320107,3.97259198,3.90660208,3.90660208,51807970,308755066.0
2019-05-15,601169,3.92639905,3.95279501,3.90660208,3.92639905,50429540,300179538.0
2019-05-16,601169,3.91320107,3.93299804,3.8934041,3.92639905,46242888,274278229.0
2019-05-17,601169,3.91980006,3.93299804,3.86700814,3.88020612,46409617,274030771.0
2019-05-20,601169,3.8934041,3.92639905,3.88020612,3.90000309,36460394,215933922.0
2019-05-21,601169,3.8934041,3.93299804,3.88680511,3.90000309,34834206,206613688.0
2019-05-22,601169,3.90000309,3.90660208,3.86700814,3.87360713,39533749,232743863.0
2019-05-23,601169,3.87360713,3.87360713,3.82081521,3.84721117,39301970,228957844.0
2019-05-24,601169,3.85381016,3.88020612,3.84721117,3.86700814,32789870,192042961.0
2019-05-27,601169,3.85381016,3.90660208,3.8274142,3.8934041,37920986,222616306.0
2019-05-28,601169,3.90000309,3.92639905,3.86040915,3.90000309,54753508,323357501.0
2019-05-29,601169,3.88020612,3.90660208,3.86040915,3.86040915,35659451,209375807.0
2019-05-30,601169,3.87360713,3.88020612,3.83401319,3.86040915,28987531,169112875.0
2019-05-31,601169,3.84061218,3.88020612,3.8274142,3.8274142,41847808,243964679.0
2019-06-03,601169,3.8274142,3.86700814,3.80101824,3.84721117,61339217,355981861.0
2019-06-04,601169,3.8274142,3.84721117,3.81421622,3.84061218,41914886,242999766.0
2019-06-05,601169,3.86040915,3.88020612,3.84721117,3.84721117,40044665,234282466.0
2019-06-06,601169,3.84721117,3.86040915,3.8274142,3.84721117,45245247,263572313.0
2019-06-10,601169,3.85381016,3.8934041,3.84061218,3.87360713,50303737,295238976.0
2019-06-11,601169,3.87360713,3.91980006,3.86040915,3.90660208,73530667,434137608.0
2019-06-12,601169,3.90000309,3.90660208,3.86700814,3.87360713,57925686,340726643.0
2019-06-13,601169,3.86700814,3.87360713,3.83401319,3.85381016,64913761,378568523.0
2019-06-14,601169,3.86040915,3.86700814,3.8274142,3.8274142,102277514,595577019.0
2019-06-17,601169,3.84061218,3.84721117,3.8274142,3.84061218,51442634,299183983.0
2019-06-18,601169,3.84061218,3.85381016,3.83401319,3.85381016,29853417,173941333.0
2019-06-19,601169,3.91320107,3.91980006,3.86700814,3.87360713,69257584,408211499.0
2019-06-20,601169,3.88020612,3.96599299,3.87360713,3.93299804,92626049,551246521.0
2019-06-21,601169,3.94619602,3.96599299,3.91980006,3.93299804,70055696,418430972.0
2019-06-24,601169,3.92639905,3.93959703,3.90000309,3.91980006,59353743,352415373.0
2019-06-25,601169,3.91980006,3.91980006,3.85381016,3.87360713,55094097,324107851.0
2019-06-26,601169,3.87360713,3.8934041,3.86040915,3.88020612,24130316,141928400.0
2019-06-27,601169,3.88680511,3.91320107,3.87360713,3.88680511,38315124,226200772.0
2019-06-28,601169,3.88680511,3.90660208,3.86040915,3.90000309,35758763,210571418.0
2019-07-01,601169,3.93299804,3.93959703,3.91980006,3.93299804,55517365,330508207.0
2019-07-02,601169,3.92639905,3.93959703,3.91980006,3.93959703,48545047,289148208.0
2019-07-03,601169,3.93959703,3.95279501,3.92639905,3.95279501,49557454,295685471.0
2019-07-04,601169,3.94619602,3.97919097,3.94619602,3.959394,42718041,256517689.0
2019-07-05,601169,3.96599299,3.96599299,3.92639905,3.95279501,44199006,264236497.0
2019-07-08,601169,3.94619602,3.94619602,3.88680511,3.90660208,47390000,280555938.0
2019-07-09,601169,3.90660208,3.91320107,3.88020612,3.8934041,33964999,200384452.0
2019-07-10,601169,3.90000309,3.90660208,3.87360713,3.88020612,39478487,232578059.0
2019-07-11,601169,3.89408613,3.90796879,3.87326214,3.87326214,37055809,207531461.0
2019-07-12,601169,3.88020347,3.92185145,3.87326214,3.90102746,30645902,172201539.0
2019-07-15,601169,3.89408613,3.92185145,3.83855549,3.89408613,34016124,190424968.0
2019-07-16,601169,3.8871448,3.91491012,3.8871448,3.90796879,18003197,101250816.0
2019-07-17,601169,3.89408613,3.91491012,3.89408613,3.90796879,20081664,113048007.0
2019-07-18,601169,3.90796879,3.90796879,3.88020347,3.8871448,18489983,103714268.0
2019-07-19,601169,3.90102746,3.92879278,3.89408613,3.91491012,24425011,137728567.0
2019-07-22,601169,3.88020347,3.90796879,3.86632081,3.87326214,36658503,205110280.0
2019-07-23,601169,3.88020347,3.89408613,3.87326214,3.88020347,23193091,129775050.0
2019-07-24,601169,3.89408613,3.91491012,3.88020347,3.8871448,23639014,132808038.0
2019-07-25,601169,3.8871448,3.91491012,3.88020347,3.91491012,27214939,153041260.0
2019-07-26,601169,3.90102746,3.92185145,3.89408613,3.91491012,23951453,134947811.0
2019-07-29,601169,3.91491012,3.92879278,3.90796879,3.92185145,24585131,138711668.0
2019-07-30,601169,3.92185145,3.94961677,3.91491012,3.93573411,36463598,206776975.0
2019-07-31,601169,3.92879278,3.93573411,3.89408613,3.90796879,38941735,219291228.0
2019-08-01,601169,3.89408613,3.90796879,3.86632081,3.87326214,36745010,205592827.0
2019-08-02,601169,3.84549682,3.84549682,3.82467283,3.83855549,48858259,269840392.0
2019-08-05,601169,3.82467283,3.83161416,3.77608352,3.77608352,50776320,278020898.0
2019-08-06,601169,3.73443554,3.7483182,3.6789049,3.69972889,57956952,309681278.0
2019-08-07,601169,3.71361155,3.72055288,3.6789049,3.6789049,31338119,166864729.0
2019-08-08,601169,3.69278756,3.71361155,3.6789049,3.70667022,36130110,192544707.0
2019-08-09,601169,3.71361155,3.72055288,3.6789049,3.68584623,27831350,148275815.0
2019-08-12,601169,3.68584623,3.71361155,3.6789049,3.70667022,27017600,143902614.0
2019-08-13,601169,3.69278756,3.69972889,3.65808091,3.67196357,33117436,175309432.0
2019-08-14,601169,3.69278756,3.69972889,3.65808091,3.66502224,30277666,160423675.0
2019-08-15,601169,3.62337426,3.65808091,3.61643293,3.64419825,37126471,194273170.0
2019-08-16,601169,3.63725692,3.65808091,3.61643293,3.63031559,45268437,236831557.0
2019-08-19,601169,3.63725692,3.67196357,3.59560894,3.67196357,64599819,338302986.0
2019-08-20,601169,3.65808091,3.6789049,3.65113958,3.65808091,36226109,191292993.0
2019-08-21,601169,3.65113958,3.67196357,3.63725692,3.65113958,30471068,160183815.0
2019-08-22,601169,3.65113958,3.65808091,3.63031559,3.64419825,27464347,144183318.0
2019-08-23,601169,3.64419825,3.6789049,3.63725692,3.66502224,35753115,188461527.0
2019-08-26,601169,3.61643293,3.64419825,3.6094916,3.63031559,37313773,195008343.0
2019-08-27,601169,3.64419825,3.68584623,3.62337426,3.62337426,62009777,326915021.0
2019-08-28,601169,3.65808091,3.66502224,3.65113958,3.65113958,36885245,194421678.0
2019-08-29,601169,3.65808091,3.66502224,3.62337426,3.63031559,40844971,214178782.0
2019-08-30,601169,3.65113958,3.67196357,3.63031559,3.64419825,39085154,205393174.0
2019-09-02,601169,3.65113958,3.6789049,3.63725692,3.66502224,49710429,262280190.0
2019-09-03,601169,3.67196357,3.6789049,3.65808091,3.6789049,36553152,193162950.0
2019-09-04,601169,3.6789049,3.73443554,3.67196357,3.73443554,65774400,352124420.0
2019-09-05,601169,3.74137687,3.81079017,3.74137687,3.76914219,84592893,460668628.0
2019-09-06,601169,3.78996618,3.79690751,3.75525953,3.77608352,40816298,221697381.0
2019-09-09,601169,3.81079017,3.8177315,3.76914219,3.77608352,60458421,329734276.0
2019-09-10,601169,3.78302485,3.78996618,3.75525953,3.77608352,30476008,165391780.0
2019-09-11,601169,3.79690751,3.85937948,3.78996618,3.83161416,80391571,443152141.0
2019-09-12,601169,3.83855549,3.85243815,3.82467283,3.83855549,47675177,263464282.0
2019-09-16,601169,3.83855549,3.84549682,3.80384884,3.82467283,50835749,279768641.0
2019-09-17,601169,3.81079017,3.8177315,3.7483182,3.75525953,51502550,280481828.0
2019-09-18,601169,3.76914219,3.77608352,3.75525953,3.75525953,45530853,246810576.0
2019-09-19,601169,3.76914219,3.78302485,3.75525953,3.76220086,31832223,172778852.0
2019-09-20,601169,3.76914219,3.78302485,3.70667022,3.76220086,151999112,820583932.0
2019-09-23,601169,3.74137687,3.7483182,3.70667022,3.71361155,43786367,234589114.0
2019-09-24,601169,3.71361155,3.73443554,3.70667022,3.71361155,28496217,152610949.0
2019-09-25,601169,3.71361155,3.73443554,3.69972889,3.71361155,31481220,168545595.0
2019-09-26,601169,3.72055288,3.78302485,3.71361155,3.74137687,68941817,372588202.0
2019-09-27,601169,3.74137687,3.76220086,3.72055288,3.74137687,31368949,168862834.0
2019-09-30,601169,3.74137687,3.76914219,3.72055288,3.72055288,31253639,168438122.0
2019-10-08,601169,3.71361155,3.76914219,3.70667022,3.74137687,44269051,238424839.0
2019-10-09,601169,3.72055288,3.82467283,3.72055288,3.78302485,67844488,369726152.0
2019-10-10,601169,3.79690751,3.81079017,3.77608352,3.79690751,40174061,219400204.0
2019-10-11,601169,3.79690751,3.84549682,3.78996618,3.84549682,82061275,452349486.0
2019-10-14,601169,3.86632081,3.99126475,3.85937948,3.91491012,157050530,889452758.0
2019-10-15,601169,3.91491012,3.94961677,3.90102746,3.93573411,70126642,396575617.0
2019-10-16,601169,3.9565581,3.99126475,3.89408613,3.90102746,79829983,452236255.0
2019-10-17,601169,3.90796879,3.91491012,3.87326214,3.88020347,43434498,243355822.0
2019-10-18,601169,3.89408613,3.93573411,3.83855549,3.83855549,63946519,356824265.0
2019-10-21,601169,3.83855549,3.8871448,3.8177315,3.87326214,44817354,249263986.0
2019-10-22,601169,3.88020347,3.88020347,3.83855549,3.85937948,40662319,225963075.0
2019-10-23,601169,3.86632081,3.88020347,3.83855549,3.84549682,41818415,232416909.0
2019-10-24,601169,3.85243815,3.91491012,3.84549682,3.8871448,43817761,245282493.0
2019-10-25,601169,3.8871448,3.8871448,3.82467283,3.83855549,84640333,469466670.0
2019-10-28,601169,3.83855549,3.85937948,3.8177315,3.84549682,60893917,337282558.0
2019-10-29,601169,3.83855549,3.85243815,3.82467283,3.82467283,37900372,209661715.0
2019-10-30,601169,3.83855549,3.85937948,3.83161416,3.84549682,45275254,250886030.0
2019-10-31,601169,3.85243815,3.85937948,3.82467283,3.84549682,47776492,264257512.0
2019-11-01,601169,3.84549682,3.91491012,3.82467283,3.90796879,77878061,435610887.0
2019-11-04,601169,3.90796879,3.93573411,3.90796879,3.92879278,60337471,341336240.0
2019-11-05,601169,3.92185145,4.01208874,3.91491012,3.98432342,100690049,576912238.0
2019-11-06,601169,3.97738209,4.01208874,3.96349943,3.98432342,65635349,377330955.0
2019-11-07,601169,3.99126475,4.00514741,3.94961677,3.96349943,52233335,299129868.0
2019-11-08,601169,3.98432342,3.99126475,3.91491012,3.91491012,53656993,304697216.0
2019-11-11,601169,3.90796879,3.90796879,3.85243815,3.85937948,45853234,256046285.0
2019-11-12,601169,3.85937948,3.8871448,3.85937948,3.88020347,42681615,238155150.0
2019-11-13,601169,3.87326214,3.88020347,3.85243815,3.86632081,31862151,177430960.0
2019-11-14,601169,3.88020347,3.8871448,3.85937948,3.87326214,37893884,211514125.0
2019-11-15,601169,3.88020347,3.90796879,3.86632081,3.87326214,29185624,163334802.0
2019-11-18,601169,3.86632081,3.90102746,3.85243815,3.89408613,33093496,184966356.0
2019-11-19,601169,3.8871448,3.90102746,3.87326214,3.89408613,33882074,189786404.0
2019-11-20,601169,3.8871448,3.89408613,3.84549682,3.84549682,30491100,169756283.0
2019-11-21,601169,3.83855549,3.85937948,3.83161416,3.85243815,22787258,126363290.0
2019-11-22,601169,3.85243815,3.87326214,3.83855549,3.85243815,23954364,132970311.0
2019-11-25,601169,3.85243815,3.90796879,3.84549682,3.89408613,38704636,216710040.0
2019-11-26,601169,3.90796879,3.91491012,3.88020347,3.88020347,59943216,336315749.0
2019-11-27,601169,3.88020347,3.89408613,3.85937948,3.86632081,23568773,131667648.0
2019-11-28,601169,3.86632081,3.88020347,3.83855549,3.85937948,29328721,162872312.0
2019-11-29,601169,3.85937948,3.86632081,3.83855549,3.85937948,31119353,172755613.0
2019-12-02,601169,3.85937948,3.86632081,3.84549682,3.85243815,24375999,135406088.0
2019-12-03,601169,3.84549682,3.85243815,3.82467283,3.83855549,29670850,163898638.0
2019-12-04,601169,3.83855549,3.84549682,3.82467283,3.82467283,27417491,151481193.0
2019-12-05,601169,3.83855549,3.85243815,3.83161416,3.84549682,24936773,138112474.0
2019-12-06,601169,3.84549682,3.85937948,3.83855549,3.85243815,25795863,143083326.0
2019-12-09,601169,3.85243815,3.86632081,3.85243815,3.86632081,26767570,148803271.0
2019-12-10,601169,3.85937948,3.87326214,3.84549682,3.85937948,25101850,139471530.0
2019-12-11,601169,3.85937948,3.88020347,3.85937948,3.86632081,29348828,163618159.0
2019-12-12,601169,3.87326214,3.88020347,3.85243815,3.85243815,28363123,158009557.0
2019-12-13,601169,3.87326214,3.90796879,3.86632081,3.90796879,63448240,355550907.0
2019-12-16,601169,3.91491012,3.91491012,3.88020347,3.89408613,51405783,288436932.0
2019-12-17,601169,3.89408613,3.99126475,3.8871448,3.9565581,101024339,573796851.0
2019-12-18,601169,3.94267544,3.97738209,3.93573411,3.94961677,54080075,307902371.0
2019-12-19,601169,3.94267544,3.97044076,3.94267544,3.94961677,39316341,224074668.0
2019-12-20,601169,3.94961677,3.97738209,3.94267544,3.96349943,46661579,265983568.0
2019-12-23,601169,3.9565581,3.97738209,3.89408613,3.90102746,63894787,361543915.0
2019-12-24,601169,3.90102746,3.90796879,3.8871448,3.90796879,30970734,173995807.0
2019-12-25,601169,3.90102746,3.90796879,3.8871448,3.89408613,27006133,151643275.0
2019-12-26,601169,3.89408613,3.91491012,3.8871448,3.91491012,32412133,182144589.0
2019-12-27,601169,3.91491012,3.94267544,3.90102746,3.90796879,49976676,282422661.0
2019-12-30,601169,3.89408613,3.93573411,3.87326214,3.92879278,60983484,343452586.0
2019-12-31,601169,3.92185145,3.94961677,3.91491012,3.94267544,52045482,294829061.0
2020-01-02,601169,3.97044076,4.00514741,3.97044076,3.97738209,114338725,656795030.0
2020-01-03,601169,3.99126475,3.99820608,3.97044076,3.98432342,46631763,267675158.0
2020-01-06,601169,3.96349943,3.99126475,3.94267544,3.9565581,62521601,357607352.0
2020-01-07,601169,3.96349943,3.99126475,3.9565581,3.98432342,41157279,235638737.0
2020-01-08,601169,3.9565581,3.97044076,3.90102746,3.91491012,76864713,435350472.0
2020-01-09,601169,3.93573411,3.94961677,3.91491012,3.93573411,46703900,264398577.0
2020-01-10,601169,3.93573411,3.94267544,3.90796879,3.92185145,44557462,251589694.0
2020-01-13,601169,3.92185145,3.93573411,3.90102746,3.92879278,36309109,204934214.0
2020-01-14,601169,3.93573411,3.9565581,3.92879278,3.94267544,54959116,312296320.0
2020-01-15,601169,3.94267544,3.94961677,3.90102746,3.92185145,37111210,209507838.0
2020-01-16,601169,3.92185145,3.92879278,3.8871448,3.89408613,36468446,205258457.0
2020-01-17,601169,3.90102746,3.92185145,3.8871448,3.90102746,33933351,190686581.0
2020-01-20,601169,3.90102746,3.91491012,3.8871448,3.90796879,34533002,194167346.0
2020-01-21,601169,3.90102746,3.90102746,3.85243815,3.85937948,52298019,291629545.0
2020-01-22,601169,3.85243815,3.86632081,3.82467283,3.85243815,52551291,290796291.0
2020-01-23,601169,3.83855549,3.84549682,3.7483182,3.76220086,93182630,508404916.0
2020-02-03,601169,3.470665,3.55396096,3.44984101,3.54701963,137191055,692811455.0
2020-02-04,601169,3.53313697,3.61643293,3.52619564,3.60255027,77303075,399048695.0
2020-02-05,601169,3.61643293,3.63725692,3.57478495,3.6094916,49287138,256145180.0
2020-02-06,601169,3.61643293,3.63725692,3.58866761,3.63031559,51953612,270185597.0
2020-02-07,601169,3.61643293,3.66502224,3.59560894,3.64419825,42062395,218950574.0
2020-02-10,601169,3.62337426,3.64419825,3.61643293,3.63725692,35861602,187495068.0
2020-02-11,601169,3.64419825,3.67196357,3.63031559,3.64419825,44005332,231478361.0
2020-02-12,601169,3.63725692,3.65808091,3.63031559,3.65113958,35380023,185582438.0
2020-02-13,601169,3.63725692,3.65113958,3.61643293,3.62337426,36642862,191775737.0
2020-02-14,601169,3.62337426,3.64419825,3.61643293,3.64419825,27254631,142601530.0
2020-02-17,601169,3.63725692,3.69972889,3.63031559,3.69972889,49727677,262731448.0
2020-02-18,601169,3.68584623,3.69972889,3.66502224,3.67196357,38150515,202144031.0
2020-02-19,601169,3.67196357,3.68584623,3.65113958,3.65808091,41546440,219608420.0
2020-02-20,601169,3.65808091,3.69972889,3.63031559,3.69278756,59873913,316057972.0
2020-02-21,601169,3.68584623,3.69972889,3.66502224,3.67196357,52965355,280600197.0
2020-02-24,601169,3.66502224,3.67196357,3.64419825,3.65113958,57088171,300577253.0
2020-02-25,601169,3.61643293,3.63031559,3.59560894,3.60255027,66302292,345029653.0
2020-02-26,601169,3.58866761,3.65113958,3.58172628,3.61643293,66610608,346973591.0
2020-02-27,601169,3.61643293,3.63031559,3.59560894,3.61643293,50932520,264908375.0
2020-02-28,601169,3.58866761,3.61643293,3.54701963,3.54701963,78711661,405515130.0
2020-03-02,601169,3.56090229,3.62337426,3.55396096,3.61643293,53873580,279121715.0
2020-03-03,601169,3.63725692,3.65113958,3.61643293,3.63725692,58541431,306750276.0
2020-03-04,601169,3.63031559,3.65113958,3.62337426,3.64419825,32631975,170940470.0
2020-03-05,601169,3.65113958,3.70667022,3.64419825,3.70667022,89456402,475203907.0
2020-03-06,601169,3.67196357,3.68584623,3.65113958,3.65808091,52043961,274794828.0
2020-03-09,601169,3.62337426,3.63031559,3.58866761,3.59560894,64908224,336833268.0
2020-03-10,601169,3.56090229,3.63725692,3.56090229,3.6094916,72775857,378155903.0
2020-03-11,601169,3.6094916,3.61643293,3.57478495,3.57478495,53013626,274744285.0
2020-03-12,601169,3.57478495,3.58172628,3.54701963,3.56784362,51313479,263325012.0
2020-03-13,601169,3.50537165,3.54701963,3.47760633,3.53313697,93207101,470381001.0
2020-03-16,601169,3.5400783,3.54701963,3.45678234,3.45678234,117652868,591690528.0
2020-03-17,601169,3.44984101,3.48454766,3.40819303,3.42901702,98829801,489605703.0
2020-03-18,601169,3.44289968,3.45678234,3.38736904,3.38736904,58133253,286717183.0
2020-03-19,601169,3.38042771,3.39431037,3.31101441,3.33877973,71345754,344616768.0
2020-03-20,601169,3.35266239,3.38042771,3.3318384,3.35266239,54956219,265514480.0
2020-03-23,601169,3.32489707,3.32489707,3.2624251,3.26936643,63593843,301253508.0
2020-03-24,601169,3.29713175,3.32489707,3.2624251,3.31101441,72047057,342343649.0
2020-03-25,601169,3.35960372,3.38042771,3.33877973,3.35960372,53292160,257790015.0
2020-03-26,601169,3.35266239,3.43595835,3.3318384,3.36654505,57912124,282101756.0
2020-03-27,601169,3.38736904,3.42207569,3.37348638,3.38736904,39124466,191359132.0
2020-03-30,601169,3.35266239,3.39431037,3.34572106,3.38042771,31896607,154967070.0
2020-03-31,601169,3.4012517,3.40819303,3.34572106,3.35266239,43736911,212416676.0
2020-04-01,601169,3.35266239,3.38042771,3.34572106,3.35266239,28568330,138426899.0
2020-04-02,601169,3.33877973,3.37348638,3.32489707,3.37348638,31518331,152035916.0
2020-04-03,601169,3.35960372,3.36654505,3.34572106,3.35960372,26972040,130462800.0
2020-04-07,601169,3.38736904,3.4012517,3.36654505,3.38042771,48790818,237708878.0
2020-04-08,601169,3.36654505,3.38042771,3.35960372,3.37348638,25142059,122070143.0
2020-04-09,601169,3.38042771,3.38736904,3.35960372,3.36654505,34212517,166085515.0
2020-04-10,601169,3.37348638,3.37348638,3.3318384,3.34572106,35887831,173276832.0
2020-04-13,601169,3.33877973,3.33877973,3.30407308,3.31101441,33277002,159122432.0
2020-04-14,601169,3.31795574,3.34572106,3.31101441,3.33877973,46165256,221087106.0
2020-04-15,601169,3.33877973,3.33877973,3.31795574,3.31795574,33416753,160085803.0
2020-04-16,601169,3.31101441,3.3318384,3.30407308,3.31795574,35051321,167521070.0
2020-04-17,601169,3.3318384,3.33877973,3.30407308,3.31795574,56415527,269927890.0
2020-04-20,601169,3.31795574,3.32489707,3.29019042,3.29713175,53298204,253524521.0
2020-04-21,601169,3.29019042,3.29713175,3.26936643,3.27630776,38757950,183180988.0
2020-04-22,601169,3.26936643,3.28324909,3.25548377,3.27630776,37668890,177484123.0
2020-04-23,601169,3.28324909,3.30407308,3.26936643,3.29019042,53848756,254907530.0
2020-04-24,601169,3.28324909,3.29713175,3.2624251,3.28324909,38065322,179738389.0
2020-04-27,601169,3.28324909,3.32489707,3.27630776,3.31101441,51593720,245789775.0
2020-04-28,601169,3.35266239,3.37348638,3.31101441,3.35960372,86661339,417716166.0
2020-04-29,601169,3.35960372,3.44984101,3.35266239,3.44289968,90609188,445594959.0
2020-04-30,601169,3.44984101,3.49843032,3.44289968,3.45678234,73059416,365062193.0
2020-05-06,601169,3.42207569,3.44289968,3.41513436,3.42901702,60269148,297567906.0
2020-05-07,601169,3.43595835,3.44984101,3.41513436,3.42901702,45853689,226645918.0
2020-05-08,601169,3.44289968,3.46372367,3.43595835,3.45678234,42018027,209016452.0
2020-05-11,601169,3.45678234,3.48454766,3.42901702,3.43595835,48435004,241070887.0
2020-05-12,601169,3.44289968,3.44289968,3.4012517,3.40819303,44400028,218610134.0
2020-05-13,601169,3.40819303,3.41513436,3.38736904,3.41513436,35728381,174994579.0
2020-05-14,601169,3.4012517,3.40819303,3.38736904,3.39431037,27234514,133234880.0
2020-05-15,601169,3.4012517,3.40819303,3.38042771,3.38736904,30584814,149532165.0
2020-05-18,601169,3.39431037,3.40819303,3.38042771,3.38736904,33086055,161774950.0
2020-05-19,601169,3.41513436,3.41513436,3.39431037,3.4012517,32982522,161877246.0
2020-05-20,601169,3.4012517,3.42207569,3.38736904,3.4012517,39444493,193413363.0
2020-05-21,601169,3.40819303,3.41513436,3.38736904,3.39431037,24485860,120014912.0
2020-05-22,601169,3.39431037,3.39431037,3.35266239,3.35266239,40143360,194876982.0
2020-05-25,601169,3.35266239,3.35960372,3.3318384,3.35960372,23764893,114595143.0
2020-05-26,601169,3.35960372,3.36654505,3.35266239,3.35960372,27689053,134002153.0
2020-05-27,601169,3.35960372,3.39431037,3.35266239,3.37348638,36878788,179383329.0
2020-05-28,601169,3.38042771,3.42207569,3.37348638,3.4012517,39887618,195390372.0
2020-05-29,601169,3.39431037,3.4012517,3.37348638,3.38736904,37427638,182558855.0
2020-06-01,601169,3.39431037,3.42207569,3.38736904,3.42207569,47707144,234375706.0
2020-06-02,601169,3.41513436,3.43595835,3.4012517,3.42207569,44022972,216807978.0
2020-06-03,601169,3.42901702,3.46372367,3.42207569,3.42207569,47630588,235980859.0
2020-06-04,601169,3.43595835,3.43595835,3.4012517,3.40819303,33731275,165754860.0
2020-06-05,601169,3.41513436,3.42207569,3.39431037,3.41513436,32461212,159427304.0
2020-06-08,601169,3.42207569,3.42901702,3.40819303,3.41513436,43395107,213607362.0
2020-06-09,601169,3.42207569,3.44289968,3.41513436,3.43595835,34896862,172524899.0
2020-06-10,601169,3.43595835,3.43595835,3.41513436,3.42207569,33697945,166112258.0
2020-06-11,601169,3.42207569,3.42207569,3.4012517,3.4012517,43132637,211956171.0
2020-06-12,601169,3.38042771,3.40819303,3.37348638,3.40819303,39224667,191754607.0
2020-06-15,601169,3.39431037,3.4012517,3.36654505,3.36654505,43421875,211559341.0
2020-06-16,601169,3.38042771,3.39431037,3.37348638,3.39431037,33602668,163700857.0
2020-06-17,601169,3.38736904,3.4012517,3.37348638,3.39431037,32554719,158733199.0
2020-06-18,601169,3.37348638,3.4012517,3.36654505,3.38736904,42401233,206715354.0
2020-06-19,601169,3.38736904,3.41513436,3.38042771,3.4012517,52024969,254616584.0
2020-06-22,601169,3.39431037,3.42207569,3.38736904,3.39431037,45291779,222223626.0
2020-06-23,601169,3.4012517,3.40819303,3.38042771,3.38042771,28917990,141133791.0
2020-06-24,601169,3.39431037,3.41513436,3.38736904,3.4012517,37085324,181842662.0
2020-06-29,601169,3.41513436,3.42207569,3.38736904,3.38736904,33120492,162182885.0
2020-06-30,601169,3.4012517,3.40819303,3.38736904,3.4012517,30955340,151608677.0
2020-07-01,601169,3.4012517,3.470665,3.39431037,3.45678234,85986376,424910674.0
2020-07-02,601169,3.44289968,3.52619564,3.43595835,3.52619564,113132480,567796866.0
2020-07-03,601169,3.53313697,3.58866761,3.51925431,3.56784362,140749352,721140461.0
2020-07-06,601169,3.59560894,3.91491012,3.59560894,3.89408613,409549840,2220914510.0
2020-07-07,601169,3.94961677,3.98432342,3.76220086,3.80384884,433578448,2399014461.0
2020-07-08,601169,3.78996618,3.86632081,3.76914219,3.84549682,208462425,1147897028.0
2020-07-09,601169,3.83161416,3.83855549,3.78302485,3.83161416,168319087,925356247.0
2020-07-10,601169,3.8177315,3.8177315,3.74137687,3.7483182,148133959,805653683.0
2020-07-13,601169,3.73443554,3.80384884,3.73443554,3.77608352,132949007,721394223.0
2020-07-14,601169,3.77608352,3.79690751,3.72055288,3.73443554,139644669,754627770.0
2020-07-15,601169,3.734435,3.75648875,3.66827375,3.66827375,116306215,586157946.0
2020-07-16,601169,3.66827375,3.69767875,3.6021125,3.6021125,106461590,529623326.0
2020-07-17,601169,3.60946375,3.6315175,3.5727075,3.58005875,71934261,351253419.0
2020-07-20,601169,3.58741,3.675625,3.5727075,3.66827375,98907783,488396545.0
2020-07-21,601169,3.66827375,3.66827375,3.60946375,3.62416625,73287955,362034752.85
2020-07-22,601169,3.62416625,3.66827375,3.6021125,3.616815,83008668,409964086.23
2020-07-23,601169,3.6021125,3.616815,3.55065375,3.58741,71950901,350680610.59
2020-07-24,601169,3.58005875,3.58741,3.5138975,3.52124875,71675358,345959419.23
2020-07-27,601169,3.5286,3.5433025,3.49184375,3.50654625,39607088,189211439.98
2020-07-28,601169,3.52124875,3.53595125,3.50654625,3.52124875,29882016,143091121.59
2020-07-29,601169,3.5138975,3.58005875,3.50654625,3.5727075,49260222,238180991.38
2020-07-30,601169,3.5727075,3.59476125,3.55065375,3.558005,47326015,229661093.33
2020-07-31,601169,3.558005,3.59476125,3.5286,3.55065375,54415257,263347533.41
2020-08-03,601169,3.558005,3.58005875,3.558005,3.58005875,57270005,277821365.63
2020-08-04,601169,3.58005875,3.63886875,3.558005,3.62416625,103502714,507836456.73
2020-08-05,601169,3.616815,3.616815,3.558005,3.58005875,56834467,276828545.85
2020-08-06,601169,3.58005875,3.6021125,3.56535625,3.58741,41716087,202992971.93
2020-08-07,601169,3.58741,3.59476125,3.5433025,3.558005,46250708,224397273.45
2020-08-10,601169,3.55065375,3.58741,3.5433025,3.58005875,48839212,237269530.79
2020-08-11,601169,3.58005875,3.62416625,3.56535625,3.56535625,81997614,401720620.04
2020-08-12,601169,3.5727075,3.58005875,3.55065375,3.5727075,55921167,271242612.11
2020-08-13,601169,3.58005875,3.59476125,3.56535625,3.5727075,42891559,208722883.49
2020-08-14,601169,3.5727075,3.60946375,3.56535625,3.6021125,55175727,269316438.16
2020-08-17,601169,3.616815,3.72708375,3.60946375,3.6903275,154107858,771255261.43
2020-08-18,601169,3.6903275,3.69767875,3.65357125,3.66827375,74095178,370375769.87
2020-08-19,601169,3.66827375,3.675625,3.63886875,3.63886875,57752483,287446410.88
2020-08-20,601169,3.63886875,3.64622,3.59476125,3.6021125,46613446,229191351.1
2020-08-21,601169,3.616815,3.62416625,3.6021125,3.6021125,38729191,190295704.34
2020-08-24,601169,3.60946375,3.62416625,3.59476125,3.59476125,44872846,220058274.97
2020-08-25,601169,3.60946375,3.62416625,3.59476125,3.6021125,31345610,153673403.7
2020-08-26,601169,3.6021125,3.60946375,3.5727075,3.58005875,42352927,206547092.08
2020-08-27,601169,3.58005875,3.58741,3.56535625,3.5727075,29189045,141932802.71
2020-08-28,601169,3.558005,3.59476125,3.5433025,3.58741,67596178,328541961.77
2020-08-31,601169,3.59476125,3.6315175,3.56535625,3.58005875,79494383,389615266.78
2020-09-01,601169,3.5727075,3.58005875,3.558005,3.5727075,44323903,215025824.45
2020-09-02,601169,3.58005875,3.58005875,3.5286,3.55065375,50338222,243142319.52
2020-09-03,601169,3.55065375,3.56535625,3.53595125,3.5433025,32580473,157251818.47
2020-09-04,601169,3.5286,3.53595125,3.52124875,3.53595125,36180974,173597888.36
2020-09-07,601169,3.53595125,3.55065375,3.5138975,3.52124875,37646478,180893104.64
2020-09-08,601169,3.5286,3.558005,3.52124875,3.55065375,45095286,217254645.22
2020-09-09,601169,3.5286,3.558005,3.5138975,3.5286,46940337,225675138.3
2020-09-10,601169,3.53595125,3.5433025,3.49184375,3.499195,50901040,243373529.96
2020-09-11,601169,3.499195,3.50654625,3.4844925,3.499195,47585871,226143913.06
2020-09-14,601169,3.499195,3.5286,3.49184375,3.52124875,45076765,215184133.03
2020-09-15,601169,3.5138975,3.5286,3.50654625,3.5138975,30779452,147194617.23
2020-09-16,601169,3.5138975,3.55065375,3.50654625,3.5286,49672904,238288729.48
2020-09-17,601169,3.52124875,3.5433025,3.5138975,3.52124875,32909067,157806053.75
2020-09-18,601169,3.5286,3.56535625,3.5138975,3.56535625,53779878,259511599.55
2020-09-21,601169,3.56535625,3.58005875,3.53595125,3.5433025,28779882,139027981.72
2020-09-22,601169,3.5286,3.558005,3.50654625,3.5138975,55424586,266271949.23
2020-09-23,601169,3.52124875,3.52124875,3.499195,3.499195,24195167,115415056.77
2020-09-24,601169,3.499195,3.499195,3.46243875,3.46979,43664876,206553819.9
2020-09-25,601169,3.46979,3.4844925,3.44773625,3.46243875,34514420,162737063.39
2020-09-28,601169,3.46243875,3.47714125,3.4550875,3.46979,20954869,98879566.28
2020-09-29,601169,3.4844925,3.4844925,3.46243875,3.46243875,21014393,99269919.77
2020-09-30,601169,3.46243875,3.47714125,3.43303375,3.440385,35833659,168275551.09
2020-10-09,601169,3.4550875,3.46243875,3.440385,3.4550875,34821533,163590917.02
2020-10-12,601169,3.4550875,3.52124875,3.4550875,3.50654625,59002219,280524578.49
2020-10-13,601169,3.50654625,3.5138975,3.4844925,3.49184375,26343709,125238288.94
2020-10-14,601169,3.499195,3.50654625,3.47714125,3.4844925,31502469,149522606.35
2020-10-15,601169,3.49184375,3.5433025,3.47714125,3.499195,49247675,235120677.94
2020-10-16,601169,3.50654625,3.558005,3.499195,3.5286,62326760,299536865.96
2020-10-19,601169,3.5433025,3.616815,3.53595125,3.5433025,84875617,413033400.26
2020-10-20,601169,3.53595125,3.55065375,3.50654625,3.52124875,42693503,204428277.18
2020-10-21,601169,3.5138975,3.56535625,3.50654625,3.558005,55112782,265116623.87
2020-10-22,601169,3.558005,3.58741,3.5286,3.5433025,42461215,204828355.99
2020-10-23,601169,3.5433025,3.58005875,3.5286,3.558005,61518392,297893325.62
2020-10-26,601169,3.558005,3.56535625,3.49184375,3.499195,59464307,284676643.95
2020-10-27,601169,3.49184375,3.499195,3.4550875,3.46979,40975226,193797686.51
2020-10-28,601169,3.46979,3.47714125,3.44773625,3.46979,32371397,152345543.27
2020-10-29,601169,3.44773625,3.46979,3.440385,3.4550875,32498241,152682421.55
2020-10-30,601169,3.46243875,3.47714125,3.4256825,3.43303375,38864468,182465124.4
2020-11-02,601169,3.440385,3.4550875,3.43303375,3.440385,45210034,211663669.5
2020-11-03,601169,3.4550875,3.49184375,3.4550875,3.46979,45005749,212763500.1
2020-11-04,601169,3.4844925,3.49184375,3.4550875,3.47714125,32158826,152069358.07
2020-11-05,601169,3.49184375,3.50654625,3.47714125,3.49184375,38945999,184957237.96
2020-11-06,601169,3.49184375,3.50654625,3.47714125,3.499195,42536395,202187435.35
2020-11-09,601169,3.50654625,3.5433025,3.499195,3.5286,53126511,254878577.76
2020-11-10,601169,3.5433025,3.56535625,3.50654625,3.52124875,54423461,262093784.47
2020-11-11,601169,3.52124875,3.55065375,3.50654625,3.5286,43723322,209952029.75
2020-11-12,601169,3.5286,3.53595125,3.50654625,3.50654625,30515993,146026635.59
2020-11-13,601169,3.499195,3.50654625,3.46243875,3.46979,44187234,208810958.3
2020-11-16,601169,3.46979,3.49184375,3.46979,3.47714125,28908274,136837580.56
2020-11-17,601169,3.47714125,3.499195,3.46979,3.49184375,53575566,253888202.26
2020-11-18,601169,3.49184375,3.55065375,3.4844925,3.5286,78363387,375710128.32
2020-11-19,601169,3.5286,3.5433025,3.50654625,3.5286,74032658,354579866.96
2020-11-20,601169,3.52124875,3.5286,3.50654625,3.52124875,38393721,183610096.05
2020-11-23,601169,3.52124875,3.56535625,3.5138975,3.558005,67794888,327128717.65
2020-11-24,601169,3.558005,3.58005875,3.5433025,3.55065375,53609223,259614506.54
2020-11-25,601169,3.56535625,3.58741,3.53595125,3.53595125,56742108,275036133.36
2020-11-26,601169,3.53595125,3.56535625,3.5286,3.55065375,37595800,181576301.99
2020-11-27,601169,3.558005,3.616815,3.55065375,3.616815,102235734,499611647.11
2020-11-30,601169,3.64622,3.734435,3.58741,3.58741,184319929,917751044.31
2020-12-01,601169,3.58005875,3.69767875,3.56535625,3.68297625,156677904,778220384.69
2020-12-02,601169,3.69767875,3.74178625,3.6609225,3.6903275,121457335,610740411.45
2020-12-03,601169,3.68297625,3.734435,3.6609225,3.7197325,118273035,595831641.41
2020-12-04,601169,3.71238125,3.71238125,3.63886875,3.6903275,81963507,409385721.58
2020-12-07,601169,3.675625,3.6903275,3.6315175,3.64622,64670562,321154081.6
2020-12-08,601169,3.65357125,3.68297625,3.62416625,3.6315175,85372925,424442743.73
2020-12-09,601169,3.64622,3.71238125,3.63886875,3.66827375,120868187,605469940.33
2020-12-10,601169,3.675625,3.6903275,3.62416625,3.63886875,61065276,303836880.4
2020-12-11,601169,3.64622,3.65357125,3.52124875,3.52124875,78616905,384360339.17
2020-12-14,601169,3.5727075,3.63886875,3.56535625,3.58741,62024423,302938569.19
2020-12-15,601169,3.58005875,3.58741,3.53595125,3.55065375,46997780,226997312.08
2020-12-16,601169,3.55065375,3.5727075,3.53595125,3.5433025,34617618,167362721.33
2020-12-17,601169,3.53595125,3.56535625,3.52124875,3.56535625,46625770,224958044.84
2020-12-18,601169,3.558005,3.56535625,3.5286,3.5433025,45573745,219667063.38
2020-12-21,601169,3.5433025,3.55065375,3.50654625,3.55065375,48310171,232327601.18
2020-12-22,601169,3.5433025,3.5433025,3.49184375,3.499195,55292684,264455219.92
2020-12-23,601169,3.499195,3.50654625,3.47714125,3.499195,33499976,159144707.43
2020-12-24,601169,3.499195,3.52124875,3.4844925,3.49184375,26829429,127682232.48
2020-12-25,601169,3.49184375,3.5138975,3.47714125,3.50654625,22802730,108551743.8
2020-12-28,601169,3.499195,3.52124875,3.4844925,3.499195,35197691,167604052.74
2020-12-29,601169,3.499195,3.5138975,3.49184375,3.50654625,34643050,165204745.07
2020-12-30,601169,3.50654625,3.52124875,3.49184375,3.5138975,33533912,159762510.41
2020-12-31,601169,3.50654625,3.56535625,3.50654625,3.558005,47663762,229876952.33
2021-01-04,601169,3.558005,3.56535625,3.50654625,3.558005,65391015,314494190.08
2021-01-05,601169,3.5433025,3.558005,3.52124875,3.558005,57230072,275479936.5
2021-01-06,601169,3.55065375,3.58741,3.53595125,3.56535625,51945722,251744663.4
2021-01-07,601169,3.5727075,3.58741,3.52124875,3.558005,56997550,275332344.48
2021-01-08,601169,3.55065375,3.58005875,3.53595125,3.56535625,55243180,267439259.92
2021-01-11,601169,3.56535625,3.58741,3.5138975,3.5138975,88739180,428171083.76
2021-01-12,601169,3.5138975,3.5286,3.49184375,3.52124875,55272282,263548412.17
2021-01-13,601169,3.52124875,3.558005,3.50654625,3.5433025,61039933,293479604.56
2021-01-14,601169,3.55065375,3.59476125,3.53595125,3.558005,63179221,306673928.03
2021-01-15,601169,3.5727075,3.6609225,3.5727075,3.58741,120589264,594841690.86
2021-01-18,601169,3.58741,3.616815,3.56535625,3.58741,77093403,376637077.16
2021-01-19,601169,3.59476125,3.64622,3.56535625,3.616815,92786298,456060255.98
2021-01-20,601169,3.616815,3.63886875,3.56535625,3.56535625,79312832,387778894.43
2021-01-21,601169,3.56535625,3.58005875,3.5433025,3.558005,60666317,293830778.76
2021-01-22,601169,3.558005,3.558005,3.50654625,3.52124875,53301173,255491649.01
2021-01-25,601169,3.52124875,3.52124875,3.49184375,3.50654625,44453215,211829730.15
2021-01-26,601169,3.499195,3.5286,3.49184375,3.50654625,45558553,217488970.43
2021-01-27,601169,3.499195,3.55065375,3.499195,3.5138975,58205520,279079694.58
2021-01-28,601169,3.499195,3.50654625,3.46979,3.4844925,49168457,233149197.31
2021-01-29,601169,3.49184375,3.50654625,3.46979,3.47714125,53232948,252380560.44
2021-02-01,601169,3.46979,3.5138975,3.44773625,3.499195,71105029,335934864.75
2021-02-02,601169,3.499195,3.5138975,3.4550875,3.46243875,49339072,233609733.01
2021-02-03,601169,3.46243875,3.499195,3.44773625,3.4844925,60410139,285675964.61
2021-02-04,601169,3.47714125,3.50654625,3.46243875,3.46979,57840587,273704420.16
2021-02-05,601169,3.46979,3.5433025,3.46243875,3.53595125,135080715,646337061.76
2021-02-08,601169,3.5286,3.53595125,3.49184375,3.50654625,88884471,424856555.81
2021-02-09,601169,3.49184375,3.5138975,3.46979,3.5138975,78859837,374116149.25
2021-02-10,601169,3.50654625,3.5433025,3.50654625,3.5138975,109057846,522340145.44
2021-02-18,601169,3.53595125,3.5727075,3.5286,3.5286,152948254,737580753.35
2021-02-19,601169,3.5286,3.56535625,3.5138975,3.55065375,131983714,636750271.81
2021-02-22,601169,3.55065375,3.58741,3.53595125,3.558005,162480689,786768601.28
2021-02-23,601169,3.55065375,3.58005875,3.5433025,3.55065375,124174554,601941518.13
2021-02-24,601169,3.55065375,3.56535625,3.52124875,3.5286,102925385,496011755.13
2021-02-25,601169,3.53595125,3.5727075,3.5286,3.558005,159590783,771710202.22
2021-02-26,601169,3.53595125,3.55065375,3.499195,3.50654625,131790675,631551830.62
2021-03-01,601169,3.5138975,3.52124875,3.4844925,3.499195,89017041,423874688.77
2021-03-02,601169,3.499195,3.50654625,3.46243875,3.46979,81224951,384937580.3
2021-03-03,601169,3.47714125,3.55065375,3.46979,3.53595125,151027998,723549072.6
2021-03-04,601169,3.52124875,3.56535625,3.5138975,3.52124875,148012638,712633213.45
2021-03-05,601169,3.52124875,3.5433025,3.499195,3.53595125,86939432,416714761.45
2021-03-08,601169,3.55065375,3.58005875,3.5286,3.5286,151151243,730539649.6
2021-03-09,601169,3.53595125,3.55065375,3.499195,3.52124875,126175472,604899044.74
2021-03-10,601169,3.5286,3.55065375,3.50654625,3.52124875,103123175,495624297.6
2021-03-11,601169,3.53595125,3.56535625,3.5286,3.558005,114257976,551551472.81
2021-03-12,601169,3.55065375,3.58741,3.5286,3.58741,173989275,843970784.42
2021-03-15,601169,3.58741,3.6315175,3.5727075,3.6021125,160997178,789816866.6
2021-03-16,601169,3.6021125,3.62416625,3.58005875,3.6021125,116172165,569127411.6
2021-03-17,601169,3.6021125,3.6021125,3.558005,3.56535625,96625572,469678591.28
2021-03-18,601169,3.56535625,3.58741,3.558005,3.5727075,80458804,391030370.97
2021-03-19,601169,3.56535625,3.58005875,3.52124875,3.53595125,111238190,536125080.52
2021-03-22,601169,3.5286,3.55065375,3.52124875,3.5433025,85816235,413392194.23
2021-03-23,601169,3.53595125,3.558005,3.5138975,3.5286,91313382,438893127.81
2021-03-24,601169,3.5286,3.5286,3.49184375,3.499195,123640274,589857032.06
2021-03-25,601169,3.499195,3.50654625,3.4844925,3.4844925,79828729,379612713.94
2021-03-26,601169,3.49184375,3.50654625,3.4844925,3.499195,136706883,650055378.03
2021-03-29,601169,3.50654625,3.5286,3.49184375,3.52124875,105047426,502312179.73
2021-03-30,601169,3.52124875,3.5433025,3.50654625,3.53595125,88989047,426518565.77
2021-03-31,601169,3.5286,3.53595125,3.50654625,3.5286,74725836,357830620.46
2021-04-01,601169,3.5286,3.5286,3.50654625,3.5138975,60048254,287298489.03
2021-04-02,601169,3.52124875,3.52124875,3.499195,3.5138975,52499684,250664991.76
2021-04-06,601169,3.5138975,3.52124875,3.49184375,3.499195,48843950,232779916.82
2021-04-07,601169,3.499195,3.50654625,3.4844925,3.50654625,66485702,316100817.88
2021-04-08,601169,3.499195,3.50654625,3.49184375,3.499195,54693638,260277310.35
2021-04-09,601169,3.499195,3.50654625,3.49184375,3.499195,51014751,242827586.32
2021-04-12,601169,3.499195,3.5138975,3.49184375,3.50654625,61822080,294681731.38
2021-04-13,601169,3.50654625,3.5138975,3.47714125,3.49184375,69096365,328258189.2
2021-04-14,601169,3.4844925,3.499195,3.47714125,3.4844925,45447966,215577636.7
2021-04-15,601169,3.49184375,3.49184375,3.46979,3.47714125,51999084,245782802.04
2021-04-16,601169,3.47714125,3.49184375,3.46979,3.4844925,45663324,215945446.25
2021-04-19,601169,3.4844925,3.499195,3.46979,3.49184375,49493104,234678648.91
2021-04-20,601169,3.49184375,3.499195,3.47714125,3.4844925,40717653,193240691.35
2021-04-21,601169,3.4844925,3.49184375,3.47714125,3.4844925,37435842,177531018.28
2021-04-22,601169,3.49184375,3.49184375,3.47714125,3.4844925,41005112,194478665.96
2021-04-23,601169,3.4844925,3.49184375,3.47714125,3.47714125,31696877,150129640.4
2021-04-26,601169,3.47714125,3.49184375,3.46979,3.46979,47564128,225064314.29
2021-04-27,601169,3.46979,3.4844925,3.46243875,3.46979,37953949,179336205.3
2021-04-28,601169,3.46979,3.47714125,3.46243875,3.47714125,29536757,139378052.54
2021-04-29,601169,3.47714125,3.50654625,3.46979,3.499195,49837809,236654991.79
2021-04-30,601169,3.52124875,3.5286,3.4844925,3.499195,103786792,495093066.74
2021-05-06,601169,3.50654625,3.53595125,3.499195,3.5286,83066378,398103205.19
2021-05-07,601169,3.53595125,3.5727075,3.5286,3.558005,123733872,598698882.99
2021-05-10,601169,3.56535625,3.5727075,3.5433025,3.5727075,112699280,545935894.43
2021-05-11,601169,3.5727075,3.59476125,3.56535625,3.58741,116863198,569433120.79
2021-05-12,601169,3.59476125,3.64622,3.58005875,3.63886875,171479768,844618423.6
2021-05-13,601169,3.6315175,3.64622,3.58741,3.616815,117809818,579006693.05
2021-05-14,601169,3.60946375,3.64622,3.6021125,3.63886875,99426170,490120643.94
2021-05-17,601169,3.6315175,3.64622,3.59476125,3.60946375,96206325,474171464.56
2021-05-18,601169,3.60946375,3.616815,3.58741,3.60946375,53509141,262287235.3
2021-05-19,601169,3.60946375,3.60946375,3.558005,3.5727075,80279919,390310097.72
2021-05-20,601169,3.5727075,3.60946375,3.558005,3.6021125,79524500,387363082.91
2021-05-21,601169,3.59476125,3.6021125,3.5727075,3.59476125,50774811,247806073.57
2021-05-24,601169,3.58005875,3.6021125,3.58005875,3.58741,50643116,247164955.39
2021-05-25,601169,3.58741,3.6315175,3.58005875,3.62416625,91221589,448449013.86
2021-05-26,601169,3.6315175,3.63886875,3.616815,3.62416625,76880048,379311752.81
2021-05-27,601169,3.616815,3.63886875,3.60946375,3.6315175,86524905,426332582.56
2021-05-28,601169,3.6315175,3.63886875,3.60946375,3.616815,63262601,311393721.2
2021-05-31,601169,3.62416625,3.62416625,3.59476125,3.60946375,59644173,292800306.45
2021-06-01,601169,3.6021125,3.60946375,3.58741,3.6021125,55742095,272988028.86
2021-06-02,601169,3.59476125,3.60946375,3.5727075,3.60946375,90009499,439591265.45
2021-06-03,601169,3.60946375,3.6315175,3.6021125,3.6021125,64303610,316065919.54
2021-06-04,601169,3.6021125,3.6315175,3.58741,3.62416625,70976466,348794645.38
2021-06-07,601169,3.62416625,3.6315175,3.60946375,3.62416625,49253742,242816041.3
2021-06-08,601169,3.62416625,3.6315175,3.60946375,3.62416625,46210973,227749468.82
2021-06-09,601169,3.62416625,3.63886875,3.616815,3.6315175,55206600,272568863.33
2021-06-10,601169,3.6315175,3.64622,3.60946375,3.616815,70460460,347878310.98
2021-06-11,601169,3.616815,3.66827375,3.60946375,3.64622,133560673,661845280.54
2021-06-15,601169,3.64622,3.64622,3.58741,3.59476125,88982828,436194545.75
2021-06-16,601169,3.59476125,3.616815,3.58741,3.6021125,54199687,265539078.87
2021-06-17,601169,3.6021125,3.616815,3.58005875,3.59476125,50643035,248316022.84
2021-06-18,601169,3.6021125,3.6021125,3.5727075,3.58005875,53593477,261157169.88
2021-06-21,601169,3.58005875,3.58741,3.558005,3.58005875,50478729,245186053.61
2021-06-22,601169,3.58741,3.6021125,3.58005875,3.59476125,51885197,253607735.29
2021-06-23,601169,3.59476125,3.6021125,3.5727075,3.58005875,42401607,206714821.89
2021-06-24,601169,3.58741,3.6021125,3.5727075,3.59476125,37114669,181297417.23
2021-06-25,601169,3.59476125,3.616815,3.58741,3.616815,67031077,329026926.62
2021-06-28,601169,3.616815,3.62416625,3.59476125,3.6021125,50565999,248074160.64
2021-06-29,601169,3.6021125,3.60946375,3.58741,3.6021125,46514279,227516180.7
2021-06-30,601169,3.59476125,3.6021125,3.58005875,3.58005875,37447474,182912979.23
2021-07-01,601169,3.58741,3.6021125,3.58005875,3.59476125,48533766,237093988.73
2021-07-02,601169,3.58741,3.6021125,3.58005875,3.58741,54516293,266340964.23
2021-07-05,601169,3.58741,3.59476125,3.5727075,3.58741,48950022,238384500.69
2021-07-06,601169,3.58741,3.60946375,3.58005875,3.6021125,62916595,307575163.74
2021-07-07,601169,3.6021125,3.60946375,3.58741,3.59476125,41714506,204189756.49
2021-07-08,601169,3.60946375,3.60946375,3.58005875,3.59476125,51488330,251550592.77
2021-07-09,601169,3.58005875,3.59476125,3.56535625,3.56535625,66507729,323844931.58
2021-07-12,601169,3.58005875,3.58741,3.55065375,3.55065375,76487580,371087594.02
2021-07-13,601169,3.558005,3.56535625,3.5433025,3.558005,58495346,283026827.07
2021-07-14,601169,3.558005,3.56535625,3.52124875,3.53595125,76526753,368130554.66
2021-07-15,601169,3.53595125,3.558005,3.52124875,3.55065375,69314810,334472621.0
2021-07-16,601169,3.55849286,3.57416904,3.54281668,3.56633095,75885868,344539435.4
2021-07-19,601169,3.56633095,3.56633095,3.5271405,3.53497859,51482758,232325463.87
2021-07-20,601169,3.51930241,3.5271405,3.50362623,3.51930241,41128073,184399032.67
2021-07-21,601169,3.5271405,3.53497859,3.50362623,3.51930241,35141145,157702163.63
2021-07-22,601169,3.51930241,3.53497859,3.51146432,3.51930241,54116445,243168507.62
2021-07-23,601169,3.51930241,3.5271405,3.50362623,3.50362623,35194103,157568973.19
2021-07-26,601169,3.50362623,3.51146432,3.4487596,3.45659769,71269390,315968118.8
2021-07-27,601169,3.45659769,3.47227387,3.39389297,3.39389297,85363723,373264629.35
2021-07-28,601169,3.40173106,3.40956915,3.3703787,3.3703787,79094956,341957459.16
2021-07-29,601169,3.38605488,3.38605488,3.34686443,3.35470252,59303694,254440185.8
2021-07-30,601169,3.35470252,3.36254061,3.33118825,3.36254061,49201585,210012744.98
2021-08-02,601169,3.35470252,3.40956915,3.33902634,3.40173106,67199716,289589484.89
2021-08-03,601169,3.39389297,3.39389297,3.36254061,3.3703787,43945810,189210779.56
2021-08-04,601169,3.3703787,3.37821679,3.35470252,3.35470252,38411754,164684849.12
2021-08-05,601169,3.35470252,3.37821679,3.34686443,3.36254061,47553888,204030720.14
2021-08-06,601169,3.35470252,3.3703787,3.33902634,3.3703787,45388431,194100846.68
2021-08-09,601169,3.36254061,3.40956915,3.36254061,3.38605488,67494947,292128856.13
2021-08-10,601169,3.39389297,3.40173106,3.3703787,3.39389297,54222733,233958026.97
2021-08-11,601169,3.39389297,3.42524533,3.38605488,3.40173106,65066628,283152784.78
2021-08-12,601169,3.40173106,3.40956915,3.39389297,3.39389297,36422348,157971397.64
2021-08-13,601169,3.38605488,3.39389297,3.37821679,3.37821679,43692875,188668727.59
2021-08-16,601169,3.38605488,3.43308342,3.37821679,3.41740724,63800119,277817800.13
2021-08-17,601169,3.41740724,3.44092151,3.39389297,3.40173106,52136092,227229850.3
2021-08-18,601169,3.39389297,3.46443578,3.39389297,3.45659769,67528250,295874931.02
2021-08-19,601169,3.4487596,3.4487596,3.40956915,3.41740724,50018794,218338403.81
2021-08-20,601169,3.40956915,3.43308342,3.39389297,3.40956915,54311267,236204906.31
2021-08-23,601169,3.40956915,3.42524533,3.40956915,3.40956915,33116054,144347122.7
2021-08-24,601169,3.41740724,3.42524533,3.39389297,3.40173106,59302384,257621431.75
2021-08-25,601169,3.40173106,3.41740724,3.38605488,3.38605488,59584696,258184064.48
2021-08-26,601169,3.38605488,3.40173106,3.3703787,3.3703787,60646900,261977096.19
2021-08-27,601169,3.37821679,3.39389297,3.3703787,3.38605488,48242229,208384288.09
2021-08-30,601169,3.39389297,3.40173106,3.36254061,3.3703787,68739280,296309020.28
2021-08-31,601169,3.3703787,3.40956915,3.3703787,3.40173106,70285092,304011526.33
2021-09-01,601169,3.40173106,3.47227387,3.39389297,3.44092151,115402000,505614260.56
2021-09-02,601169,3.44092151,3.45659769,3.42524533,3.45659769,73350971,322335995.96
2021-09-03,601169,3.49578814,3.51930241,3.47227387,3.49578814,112975089,504145833.44
2021-09-06,601169,3.48795005,3.51930241,3.48795005,3.50362623,91689783,410089283.29
2021-09-07,601169,3.51146432,3.55849286,3.48795005,3.54281668,97979619,439790750.66
2021-09-08,601169,3.54281668,3.57416904,3.5271405,3.55065477,112385797,508319813.26
2021-09-09,601169,3.53497859,3.55065477,3.51930241,3.54281668,83180213,375487297.78
2021-09-10,601169,3.54281668,3.6055214,3.54281668,3.55849286,140123420,638031443.63
2021-09-13,601169,3.55849286,3.57416904,3.53497859,3.55065477,103195311,467473057.64
2021-09-14,601169,3.55065477,3.55849286,3.48011196,3.48795005,138723183,621962205.39
2021-09-15,601169,3.48011196,3.50362623,3.46443578,3.47227387,73315288,325842489.6
2021-09-16,601169,3.48011196,3.50362623,3.46443578,3.48011196,97471351,433229218.87
2021-09-17,601169,3.47227387,3.47227387,3.4487596,3.47227387,83467091,368737155.87
2021-09-22,601169,3.43308342,3.4487596,3.40956915,3.43308342,81025976,353907219.76
2021-09-23,601169,3.44092151,3.48011196,3.43308342,3.45659769,85232691,376002962.63
2021-09-24,601169,3.4487596,3.46443578,3.42524533,3.43308342,67111014,294825018.79
2021-09-27,601169,3.44092151,3.45659769,3.40956915,3.41740724,74143949,324202361.21
2021-09-28,601169,3.42524533,3.4487596,3.41740724,3.44092151,52100362,228411646.48
2021-09-29,601169,3.43308342,3.45659769,3.41740724,3.44092151,74246541,324955117.46
2021-09-30,601169,3.44092151,3.44092151,3.41740724,3.41740724,62167925,271720584.11
2021-10-08,601169,3.43308342,3.49578814,3.43308342,3.49578814,108062275,478387757.88
2021-10-11,601169,3.49578814,3.55065477,3.48795005,3.51146432,81113002,364305268.26
2021-10-12,601169,3.50362623,3.5271405,3.48011196,3.49578814,67093303,299841785.93
2021-10-13,601169,3.48795005,3.50362623,3.46443578,3.48011196,50388735,223860803.14
2021-10-14,601169,3.48795005,3.48795005,3.45659769,3.45659769,38114680,168668590.08
2021-10-15,601169,3.46443578,3.47227387,3.4487596,3.45659769,48214440,212970887.83
2021-10-18,601169,3.46443578,3.48011196,3.4487596,3.45659769,54508695,240786650.83
2021-10-19,601169,3.45659769,3.48011196,3.45659769,3.48011196,58572152,259401326.12
2021-10-20,601169,3.48011196,3.49578814,3.46443578,3.47227387,46634126,206711315.67
2021-10-21,601169,3.48011196,3.51146432,3.47227387,3.50362623,68103912,303530211.42
2021-10-22,601169,3.50362623,3.51930241,3.48795005,3.50362623,56386661,252064719.1
2021-10-25,601169,3.50362623,3.51146432,3.48795005,3.51146432,41341528,184741206.71
2021-10-26,601169,3.51146432,3.5271405,3.49578814,3.50362623,48901375,219101351.45
2021-10-27,601169,3.49578814,3.50362623,3.45659769,3.48011196,62291426,276146902.88
2021-10-28,601169,3.47227387,3.48011196,3.45659769,3.45659769,45304075,200189737.95
2021-10-29,601169,3.46443578,3.48011196,3.44092151,3.47227387,56860199,251108359.43
2021-11-01,601169,3.47227387,3.51146432,3.46443578,3.50362623,67704684,301910404.02
2021-11-02,601169,3.51146432,3.51930241,3.43308342,3.4487596,86454290,382492290.3
2021-11-03,601169,3.4487596,3.48011196,3.44092151,3.47227387,56247608,248075351.99
2021-11-04,601169,3.47227387,3.48795005,3.45659769,3.45659769,46609116,206077618.83
2021-11-05,601169,3.45659769,3.46443578,3.44092151,3.4487596,45676923,201112300.34
2021-11-08,601169,3.4487596,3.46443578,3.44092151,3.4487596,30858103,135903073.12
2021-11-09,601169,3.4487596,3.46443578,3.44092151,3.4487596,29477441,129856949.38
2021-11-10,601169,3.4487596,3.45659769,3.42524533,3.4487596,42583846,186929022.74
2021-11-11,601169,3.44092151,3.48011196,3.44092151,3.48011196,48235685,213404137.18
2021-11-12,601169,3.48011196,3.49578814,3.46443578,3.47227387,33110168,146731385.94
2021-11-15,601169,3.47227387,3.48795005,3.47227387,3.48011196,28906652,128285110.08
2021-11-16,601169,3.48011196,3.48795005,3.46443578,3.47227387,35583902,157755201.11
2021-11-17,601169,3.47227387,3.48011196,3.45659769,3.45659769,34364072,152013226.53
2021-11-18,601169,3.45659769,3.48011196,3.45659769,3.46443578,37729602,166903689.96
2021-11-19,601169,3.46443578,3.48795005,3.46443578,3.48011196,29735228,131810300.38
2021-11-22,601169,3.48011196,3.48795005,3.46443578,3.46443578,27912585,123690885.14
2021-11-23,601169,3.47227387,3.48011196,3.46443578,3.47227387,27148694,120276139.77
2021-11-24,601169,3.48011196,3.48011196,3.46443578,3.48011196,24113681,106838135.29
2021-11-25,601169,3.47227387,3.48011196,3.46443578,3.47227387,25363022,112236024.24
2021-11-26,601169,3.47227387,3.47227387,3.45659769,3.45659769,24708298,109207439.22
2021-11-29,601169,3.44092151,3.46443578,3.44092151,3.4487596,38696888,170357320.03
2021-11-30,601169,3.4487596,3.46443578,3.43308342,3.43308342,51778704,227461276.05
2021-12-01,601169,3.44092151,3.46443578,3.43308342,3.45659769,39059495,172080300.19
2021-12-02,601169,3.45659769,3.47227387,3.4487596,3.46443578,38563033,170333988.12
2021-12-03,601169,3.46443578,3.47227387,3.4487596,3.46443578,35035709,154690026.06
2021-12-06,601169,3.47227387,3.48795005,3.46443578,3.46443578,59469519,263766936.97
2021-12-07,601169,3.48011196,3.48795005,3.46443578,3.48795005,48831327,216758662.63
2021-12-08,601169,3.48795005,3.48795005,3.47227387,3.48011196,40543456,180005394.87
2021-12-09,601169,3.48011196,3.51146432,3.47227387,3.50362623,74375154,331955013.26
2021-12-10,601169,3.49578814,3.50362623,3.47227387,3.48011196,70462050,313422051.39
2021-12-13,601169,3.48795005,3.51146432,3.48011196,3.48011196,51233491,228375692.73
2021-12-14,601169,3.48795005,3.48795005,3.47227387,3.47227387,41390823,183687742.16
2021-12-15,601169,3.47227387,3.48011196,3.46443578,3.47227387,34164725,151320729.55
2021-12-16,601169,3.47227387,3.48795005,3.46443578,3.48011196,28355276,125724704.11
2021-12-17,601169,3.47227387,3.48795005,3.46443578,3.46443578,32087808,142150046.67
2021-12-20,601169,3.46443578,3.48011196,3.45659769,3.46443578,37502360,165960456.74
2021-12-21,601169,3.46443578,3.49578814,3.46443578,3.48795005,50837564,225970929.47
2021-12-22,601169,3.48795005,3.49578814,3.47227387,3.47227387,34932217,155125842.01
2021-12-23,601169,3.48011196,3.48011196,3.46443578,3.47227387,25830811,114491649.21
2021-12-24,601169,3.47227387,3.48011196,3.46443578,3.46443578,29109358,128788859.16
2021-12-27,601169,3.47227387,3.47227387,3.45659769,3.46443578,31603363,139763182.24
2021-12-28,601169,3.47227387,3.48795005,3.46443578,3.48795005,43441476,192757676.35
2021-12-29,601169,3.48011196,3.49578814,3.47227387,3.49578814,47822646,212865982.88
2021-12-30,601169,3.48795005,3.49578814,3.48011196,3.48795005,34798190,154949197.18
2021-12-31,601169,3.49578814,3.49578814,3.47227387,3.48011196,33663057,149576384.24
2022-01-04,601169,3.48011196,3.50362623,3.47227387,3.49578814,62417158,278200256.93
2022-01-05,601169,3.50362623,3.5271405,3.49578814,3.51930241,87334997,391289101.01
2022-01-06,601169,3.51146432,3.51930241,3.49578814,3.50362623,52306813,233993540.48
2022-01-07,601169,3.50362623,3.55849286,3.50362623,3.55065477,104063623,469770917.35
2022-01-10,601169,3.56633095,3.58200713,3.53497859,3.55849286,76134781,345744733.19
2022-01-11,601169,3.55849286,3.6055214,3.55849286,3.59768331,92957109,425450981.95
2022-01-12,601169,3.59768331,3.6055214,3.55849286,3.58200713,67250634,307159129.06
2022-01-13,601169,3.57416904,3.62119758,3.57416904,3.59768331,69939672,321065353.6
2022-01-14,601169,3.58984522,3.59768331,3.53497859,3.53497859,75039975,340472127.03
2022-01-17,601169,3.53497859,3.57416904,3.5271405,3.54281668,37437057,169492426.91
2022-01-18,601169,3.54281668,3.58984522,3.54281668,3.58984522,67531027,307544787.32
2022-01-19,601169,3.57416904,3.59768331,3.57416904,3.58984522,52115023,238596545.07
2022-01-20,601169,3.59768331,3.62903567,3.58984522,3.6055214,85118886,392183355.0
2022-01-21,601169,3.6055214,3.6055214,3.56633095,3.58984522,52423778,239989953.2
2022-01-24,601169,3.58200713,3.59768331,3.55849286,3.57416904,54287305,247658520.28
2022-01-25,601169,3.56633095,3.56633095,3.51146432,3.51146432,67725326,306159629.45
2022-01-26,601169,3.51930241,3.56633095,3.51930241,3.54281668,63007820,284821495.06
2022-01-27,601169,3.54281668,3.56633095,3.53497859,3.53497859,45665402,206419601.55
2022-01-28,601169,3.54281668,3.55849286,3.51930241,3.51930241,61209664,276166338.49
2022-02-07,601169,3.55065477,3.58984522,3.53497859,3.58200713,70391476,320519138.75
2022-02-08,601169,3.58200713,3.64471185,3.57416904,3.64471185,113283572,523077438.16
2022-02-09,601169,3.64471185,3.66822612,3.62903567,3.62903567,82063097,381456498.5
2022-02-10,601169,3.62903567,3.65254994,3.61335949,3.65254994,71863195,333529521.17
2022-02-11,601169,3.64471185,3.69174039,3.63687376,3.66822612,91016968,426198308.08
2022-02-14,601169,3.66822612,3.66822612,3.6055214,3.62119758,71486808,331229381.15
2022-02-15,601169,3.61335949,3.63687376,3.59768331,3.61335949,47690983,220059152.14
2022-02-16,601169,3.62903567,3.65254994,3.61335949,3.62119758,43620530,202159045.29
2022-02-17,601169,3.62903567,3.64471185,3.61335949,3.62119758,34468733,159578905.46
2022-02-18,601169,3.61335949,3.64471185,3.6055214,3.64471185,51139558,236582972.87
2022-02-21,601169,3.63687376,3.63687376,3.6055214,3.62119758,54535422,251806087.72
2022-02-22,601169,3.61335949,3.62119758,3.59768331,3.6055214,54058925,248857312.51
2022-02-23,601169,3.6055214,3.61335949,3.57416904,3.58200713,72452612,331629612.36
2022-02-24,601169,3.58200713,3.58984522,3.5271405,3.54281668,89288539,405276144.35
2022-02-25,601169,3.55065477,3.56633095,3.53497859,3.54281668,45122209,204241090.89
2022-02-28,601169,3.54281668,3.55065477,3.51930241,3.53497859,46883381,211296052.0
2022-03-01,601169,3.54281668,3.57416904,3.53497859,3.55849286,42527761,192590905.0
2022-03-02,601169,3.55065477,3.57416904,3.54281668,3.55065477,34268343,155480790.0
2022-03-03,601169,3.56633095,3.58984522,3.55849286,3.58200713,48057174,219335639.0
2022-03-04,601169,3.57416904,3.58200713,3.54281668,3.55849286,45941932,208493731.0
2022-03-07,601169,3.55065477,3.56633095,3.5271405,3.53497859,65333388,295449168.0
2022-03-08,601169,3.53497859,3.53497859,3.48795005,3.48795005,83481872,373753312.0
2022-03-09,601169,3.49578814,3.50362623,3.40173106,3.4487596,106369622,469026192.0
2022-03-10,601169,3.47227387,3.49578814,3.46443578,3.47227387,54232610,240672130.0
2022-03-11,601169,3.46443578,3.51146432,3.43308342,3.50362623,69499805,306946752.0
2022-03-14,601169,3.48011196,3.51930241,3.46443578,3.46443578,59313711,264140060.0
2022-03-15,601169,3.46443578,3.47227387,3.35470252,3.3703787,123570126,537666144.0
2022-03-16,601169,3.39389297,3.44092151,3.33902634,3.42524533,92888912,402126224.0
2022-03-17,601169,3.44092151,3.45659769,3.40956915,3.41740724,90767895,397238640.0
2022-03-18,601169,3.41740724,3.47227387,3.40956915,3.46443578,82414839,362052516.59
2022-03-21,601169,3.45659769,3.45659769,3.42524533,3.43308342,48012263,210819955.39
2022-03-22,601169,3.43308342,3.48011196,3.42524533,3.47227387,64837906,286290492.6
2022-03-23,601169,3.46443578,3.47227387,3.44092151,3.46443578,55729831,245753955.57
2022-03-24,601169,3.4487596,3.47227387,3.4487596,3.45659769,34971814,154458759.89
2022-03-25,601169,3.45659769,3.48011196,3.43308342,3.46443578,49195795,217058973.42
2022-03-28,601169,3.45659769,3.49578814,3.43308342,3.48795005,60494755,267778138.04
2022-03-29,601169,3.48011196,3.51146432,3.47227387,3.49578814,55429232,247094300.26
2022-03-30,601169,3.49578814,3.53497859,3.48795005,3.53497859,62726683,281366808.4
2022-03-31,601169,3.51930241,3.6055214,3.51930241,3.58984522,114139476,521390904.22
2022-04-01,601169,3.57416904,3.62903567,3.57416904,3.62119758,84438016,388119516.58
2022-04-06,601169,3.61335949,3.73876893,3.6055214,3.71525466,215896652,1017367833.55
2022-04-07,601169,3.69957848,3.71525466,3.64471185,3.66038803,113954704,534704296.78
2022-04-08,601169,3.65254994,3.6839023,3.62903567,3.67606421,85031827,396709127.18
2022-04-11,601169,3.66822612,3.66822612,3.61335949,3.62903567,92771861,431384640.31
2022-04-12,601169,3.62119758,3.66822612,3.6055214,3.65254994,71285555,330490969.68
2022-04-13,601169,3.64471185,3.67606421,3.63687376,3.63687376,55428284,258346064.8
2022-04-14,601169,3.65254994,3.66822612,3.63687376,3.63687376,41573333,193685478.78
2022-04-15,601169,3.63687376,3.66038803,3.62903567,3.64471185,47160946,219373425.15
2022-04-18,601169,3.63687376,3.63687376,3.58984522,3.59768331,54030462,248833396.09
2022-04-19,601169,3.58984522,3.63687376,3.58200713,3.63687376,50461343,232523258.88
2022-04-20,601169,3.62903567,3.63687376,3.58984522,3.59768331,51285568,236400581.93
2022-04-21,601169,3.59768331,3.62119758,3.55849286,3.58200713,56930417,261086047.0
2022-04-22,601169,3.57416904,3.63687376,3.55849286,3.62903567,65608182,302312342.06
2022-04-25,601169,3.59768331,3.61335949,3.5271405,3.5271405,92242009,421283361.56
2022-04-26,601169,3.53497859,3.55849286,3.50362623,3.50362623,83759816,377169790.67
2022-04-27,601169,3.49578814,3.5271405,3.48011196,3.51930241,69348249,309838749.51
2022-04-28,601169,3.51146432,3.56633095,3.51146432,3.55065477,55921139,252428304.1
2022-04-29,601169,3.54281668,3.59768331,3.51930241,3.58200713,70754896,321425691.81
2022-05-05,601169,3.57416904,3.57416904,3.5271405,3.54281668,93317831,422708538.17
2022-05-06,601169,3.51930241,3.5271405,3.48795005,3.49578814,53708781,240271817.55
2022-05-09,601169,3.49578814,3.51146432,3.48011196,3.49578814,35647157,158974765.74
2022-05-10,601169,3.48011196,3.50362623,3.45659769,3.49578814,69655812,309222949.85
2022-05-11,601169,3.48795005,3.51146432,3.48795005,3.48795005,64557470,288148770.38
2022-05-12,601169,3.47227387,3.49578814,3.47227387,3.48011196,40406960,179433893.0
2022-05-13,601169,3.48795005,3.50362623,3.48011196,3.50362623,53045301,236449426.94
2022-05-16,601169,3.50362623,3.51146432,3.48011196,3.48795005,43107593,191939603.23
2022-05-17,601169,3.48795005,3.49578814,3.47227387,3.48011196,41001523,182163858.6
2022-05-18,601169,3.48795005,3.48795005,3.47227387,3.47227387,40933456,181521976.08
2022-05-19,601169,3.45659769,3.47227387,3.4487596,3.46443578,39045900,172476240.02
2022-05-20,601169,3.46443578,3.49578814,3.46443578,3.48011196,48430025,215055073.49
2022-05-23,601169,3.48795005,3.48795005,3.47227387,3.47227387,39725241,176412323.29
2022-05-24,601169,3.48011196,3.48795005,3.4487596,3.45659769,42226565,186876737.57
2022-05-25,601169,3.45659769,3.47227387,3.45659769,3.46443578,32977190,145764249.97
2022-05-26,601169,3.47227387,3.48795005,3.46443578,3.48011196,39870310,176747063.89
2022-05-27,601169,3.48011196,3.49578814,3.47227387,3.48795005,34920335,155204416.21
2022-05-30,601169,3.48795005,3.49578814,3.46443578,3.46443578,45390209,201267355.96
2022-05-31,601169,3.46443578,3.48011196,3.46443578,3.46443578,49321812,218344143.17
2022-06-01,601169,3.46443578,3.48011196,3.46443578,3.47227387,45122675,199871594.82
2022-06-02,601169,3.47227387,3.48011196,3.46443578,3.47227387,31386396,139049467.36
2022-06-06,601169,3.47227387,3.48011196,3.45659769,3.47227387,55143361,243818237.64
2022-06-07,601169,3.47227387,3.49578814,3.46443578,3.48011196,59026850,262222032.93
2022-06-08,601169,3.48795005,3.49578814,3.47227387,3.48795005,55051656,244740271.78
2022-06-09,601169,3.48795005,3.51146432,3.48011196,3.51146432,71028371,317239543.67
2022-06-10,601169,3.50362623,3.5271405,3.48795005,3.5271405,75730586,338780533.59
2022-06-13,601169,3.51146432,3.51930241,3.48795005,3.50362623,52645890,235216821.3
2022-06-14,601169,3.48795005,3.53497859,3.48011196,3.5271405,63609442,284267986.35
2022-06-15,601169,3.5271405,3.58984522,3.51930241,3.55065477,132664895,602617422.06
2022-06-16,601169,3.54281668,3.55849286,3.51146432,3.51146432,71131317,320608132.8
2022-06-17,601169,3.51146432,3.53497859,3.50362623,3.5271405,60401757,271126025.77
2022-06-20,601169,3.53497859,3.54281668,3.51930241,3.5271405,47740542,215070573.53
2022-06-21,601169,3.53497859,3.55849286,3.5271405,3.55065477,51901225,234802348.96
2022-06-22,601169,3.55849286,3.55849286,3.5271405,3.53497859,38012481,171848035.27
2022-06-23,601169,3.53497859,3.55849286,3.5271405,3.55849286,41199434,186335785.7
2022-06-24,601169,3.55065477,3.55849286,3.54281668,3.55065477,31556871,142843074.81
2022-06-27,601169,3.55065477,3.55849286,3.54281668,3.55065477,31344726,142020495.01
2022-06-28,601169,3.55065477,3.55849286,3.54281668,3.55065477,39907337,180745954.89
2022-06-29,601169,3.55849286,3.57416904,3.55065477,3.55849286,54216084,246585134.46
2022-06-30,601169,3.55849286,3.57416904,3.55849286,3.55849286,39878677,181412984.89
2022-07-01,601169,3.55849286,3.56633095,3.54281668,3.55849286,33576753,152230700.63
2022-07-04,601169,3.55065477,3.55849286,3.54281668,3.55065477,32063834,145206313.04
2022-07-05,601169,3.55065477,3.55849286,3.54281668,3.55065477,36119372,163595331.91
2022-07-06,601169,3.55849286,3.55849286,3.5271405,3.54281668,44270802,199719361.0
2022-07-07,601169,3.54281668,3.54281668,3.5271405,3.53497859,29848639,134673763.25
2022-07-08,601169,3.53497859,3.54281668,3.5271405,3.53497859,24838043,112125131.66
2022-07-11,601169,3.54281668,3.56633095,3.53497859,3.55849286,57852026,262292894.72
2022-07-12,601169,3.55849286,3.58984522,3.55849286,3.58200713,68260710,311427910.18
2022-07-13,601169,3.58200713,3.58200713,3.53497859,3.54281668,77717206,352375818.83
2022-07-14,601169,3.53497859,3.53497859,3.48795005,3.49578814,88593778,395889257.33
2022-07-15,601169,3.50419278,3.53780614,3.46217608,3.47898276,101075238,421594437.05
2022-07-18,601169,3.4873861,3.5294028,3.47898276,3.51259612,49390358,206604717.19
2022-07-19,601169,3.52099946,3.54620948,3.51259612,3.53780614,31301446,131677386.66
2022-07-20,601169,3.54620948,3.55461282,3.53780614,3.55461282,20800628,87849007.16
2022-07-21,601169,3.54620948,3.55461282,3.51259612,3.51259612,30252627,126904654.05
2022-07-22,601169,3.52099946,3.53780614,3.51259612,3.52099946,23551448,98771815.61
2022-07-25,601169,3.5294028,3.54620948,3.51259612,3.53780614,27776325,116773587.92
2022-07-26,601169,3.53780614,3.56301616,3.5294028,3.54620948,37618611,159013965.43
2022-07-27,601169,3.55461282,3.55461282,3.5294028,3.5294028,19279600,81213522.52
2022-07-28,601169,3.53780614,3.54620948,3.52099946,3.52099946,22340373,93876078.62
2022-07-29,601169,3.52099946,3.53780614,3.50419278,3.50419278,29608411,123923124.59
2022-08-01,601169,3.49578944,3.51259612,3.4873861,3.49578944,25297145,105362511.51
2022-08-02,601169,3.49578944,3.49578944,3.45377274,3.46217608,61867510,255240981.89
2022-08-03,601169,3.47057942,3.47898276,3.4453694,3.4453694,30396916,125333232.91
2022-08-04,601169,3.46217608,3.47057942,3.45377274,3.46217608,26697036,109923487.0
2022-08-05,601169,3.46217608,3.4873861,3.45377274,3.47057942,31743798,130953214.0
2022-08-08,601169,3.47057942,3.47898276,3.46217608,3.47057942,20377654,84203374.0
2022-08-09,601169,3.47057942,3.47898276,3.46217608,3.47057942,15837110,65424786.0
2022-08-10,601169,3.47057942,3.47898276,3.45377274,3.46217608,20270119,83604305.0
2022-08-11,601169,3.47057942,3.49578944,3.46217608,3.49578944,33509254,138857278.0
2022-08-12,601169,3.49578944,3.49578944,3.47898276,3.4873861,23097061,95907301.0
2022-08-15,601169,3.4873861,3.4873861,3.45377274,3.46217608,44408988,183347270.11
2022-08-16,601169,3.47057942,3.47898276,3.46217608,3.46217608,24713833,102024370.49
2022-08-17,601169,3.47057942,3.4873861,3.45377274,3.47898276,29217406,120699471.16
2022-08-18,601169,3.47898276,3.47898276,3.46217608,3.46217608,21503912,88693865.74
2022-08-19,601169,3.46217608,3.47898276,3.46217608,3.46217608,21743686,89799991.32
2022-08-22,601169,3.46217608,3.47057942,3.45377274,3.46217608,22428981,92444136.04
2022-08-23,601169,3.46217608,3.47057942,3.45377274,3.45377274,28847987,118646537.55
2022-08-24,601169,3.46217608,3.47057942,3.43696606,3.4453694,41856144,171958469.36
2022-08-25,601169,3.4453694,3.46217608,3.43696606,3.45377274,29401534,120616215.93
2022-08-26,601169,3.45377274,3.46217608,3.4453694,3.45377274,25369568,104356810.17
2022-08-29,601169,3.4453694,3.46217608,3.43696606,3.4453694,43998039,180549924.78
2022-08-30,601169,3.4453694,3.47057942,3.4453694,3.47057942,42847559,176430375.27
2022-08-31,601169,3.45377274,3.4873861,3.45377274,3.47057942,64356284,265779942.4
2022-09-01,601169,3.47057942,3.4873861,3.46217608,3.47898276,36093049,149440480.98
2022-09-02,601169,3.4873861,3.49578944,3.47057942,3.47898276,40165231,166589652.43
2022-09-05,601169,3.47898276,3.50419278,3.47057942,3.50419278,49504217,205490356.19
2022-09-06,601169,3.50419278,3.5294028,3.49578944,3.50419278,40809938,170643234.35
2022-09-07,601169,3.50419278,3.51259612,3.49578944,3.49578944,20347987,84754155.92
2022-09-08,601169,3.49578944,3.51259612,3.4873861,3.50419278,27873524,116240302.46
2022-09-09,601169,3.51259612,3.5294028,3.50419278,3.52099946,35535254,148958164.59
2022-09-13,601169,3.52099946,3.54620948,3.51259612,3.5294028,40466756,170004828.69
2022-09-14,601169,3.51259612,3.5294028,3.50419278,3.51259612,31176677,130528361.79
2022-09-15,601169,3.52099946,3.54620948,3.50419278,3.51259612,63585213,266846761.12
2022-09-16,601169,3.52099946,3.5294028,3.47898276,3.47898276,55349898,230303374.62
2022-09-19,601169,3.47898276,3.49578944,3.47057942,3.47898276,33879628,140267066.26
2022-09-20,601169,3.47898276,3.49578944,3.47057942,3.47057942,21349183,88443184.75
2022-09-21,601169,3.47057942,3.49578944,3.45377274,3.4873861,30206758,124986408.77
2022-09-22,601169,3.47898276,3.4873861,3.47057942,3.4873861,19186414,79421530.36
2022-09-23,601169,3.47898276,3.50419278,3.47898276,3.50419278,32275945,134349414.36
2022-09-26,601169,3.49578944,3.51259612,3.47057942,3.47057942,46703328,194037151.65
2022-09-27,601169,3.47057942,3.47898276,3.45377274,3.47057942,30893398,127410475.98
2022-09-28,601169,3.47057942,3.49578944,3.45377274,3.47057942,47189616,195250776.76
2022-09-29,601169,3.47898276,3.4873861,3.43696606,3.4453694,55805201,229452178.09
2022-09-30,601169,3.45377274,3.46217608,3.4453694,3.45377274,28011217,115188541.91
2022-10-10,601169,3.45377274,3.47898276,3.4453694,3.46217608,43599762,179814581.32
2022-10-11,601169,3.47057942,3.47057942,3.45377274,3.46217608,26114344,107620751.02
2022-10-12,601169,3.46217608,3.47898276,3.45377274,3.47898276,33571045,138590467.96
2022-10-13,601169,3.47898276,3.4873861,3.46217608,3.46217608,30881345,127449120.4
2022-10-14,601169,3.47057942,3.4873861,3.47057942,3.47057942,38764649,160439268.7
2022-10-17,601169,3.47057942,3.47898276,3.45377274,3.46217608,28303495,116674724.84
2022-10-18,601169,3.47057942,3.47898276,3.45377274,3.45377274,30605373,126099073.79
2022-10-19,601169,3.45377274,3.46217608,3.4453694,3.4453694,29015000,119239285.11
2022-10-20,601169,3.45377274,3.45377274,3.43696606,3.4453694,36179063,148412836.3
2022-10-21,601169,3.4453694,3.46217608,3.4453694,3.4453694,31036139,127460605.34
2022-10-24,601169,3.45377274,3.45377274,3.4033527,3.41175604,64394621,262884906.05
2022-10-25,601169,3.41175604,3.42015938,3.39494936,3.41175604,44728086,181306004.16
2022-10-26,601169,3.41175604,3.42856272,3.4033527,3.4033527,30966958,125752697.2
2022-10-27,601169,3.4033527,3.42015938,3.4033527,3.41175604,23721941,96256024.05
2022-10-28,601169,3.41175604,3.41175604,3.39494936,3.39494936,31581024,127905427.95
2022-10-31,601169,3.4033527,3.41175604,3.38654602,3.39494936,49158052,198730461.25
2022-11-01,601169,3.39494936,3.41175604,3.38654602,3.41175604,51968210,210559932.43
2022-11-02,601169,3.41175604,3.42015938,3.39494936,3.41175604,27953814,113428601.33
2022-11-03,601169,3.4033527,3.41175604,3.39494936,3.4033527,21976629,88990585.16
2022-11-04,601169,3.4033527,3.43696606,3.39494936,3.42856272,42793758,174291542.32
2022-11-07,601169,3.42856272,3.43696606,3.41175604,3.42856272,31703157,129300012.01
2022-11-08,601169,3.42856272,3.43696606,3.42015938,3.43696606,25593373,104385528.96
2022-11-09,601169,3.42856272,3.4453694,3.42015938,3.42015938,23286629,95152806.03
2022-11-10,601169,3.42015938,3.43696606,3.41175604,3.42856272,26553459,108162932.87
2022-11-11,601169,3.4453694,3.4873861,3.43696606,3.46217608,71268254,293565613.72
2022-11-14,601169,3.47898276,3.52099946,3.47057942,3.50419278,82528096,343835361.26
2022-11-15,601169,3.49578944,3.52099946,3.4873861,3.51259612,50221586,209646798.29
2022-11-16,601169,3.51259612,3.51259612,3.4873861,3.49578944,35077112,146160258.56
2022-11-17,601169,3.4873861,3.51259612,3.4873861,3.51259612,31959867,133182935.69
2022-11-18,601169,3.51259612,3.52099946,3.49578944,3.49578944,37136685,154962212.64
2022-11-21,601169,3.49578944,3.50419278,3.47898276,3.4873861,25261016,104748926.09
2022-11-22,601169,3.4873861,3.5294028,3.47898276,3.51259612,50710171,212003843.62
2022-11-23,601169,3.52099946,3.56301616,3.51259612,3.54620948,63936683,269519667.45
2022-11-24,601169,3.54620948,3.55461282,3.52099946,3.5294028,36138865,152053525.41
2022-11-25,601169,3.5294028,3.59662952,3.5294028,3.58822618,89137891,379168910.39
2022-11-28,601169,3.5714195,3.57982284,3.53780614,3.56301616,53589908,226518430.35
2022-11-29,601169,3.56301616,3.63864622,3.55461282,3.62183954,93903077,403225823.52
2022-11-30,601169,3.62183954,3.63864622,3.60503286,3.60503286,62176156,267534963.98
2022-12-01,601169,3.63024288,3.63864622,3.59662952,3.60503286,51500979,221614279.94
2022-12-02,601169,3.59662952,3.6134362,3.5714195,3.60503286,45302776,193784142.75
2022-12-05,601169,3.60503286,3.64704956,3.60503286,3.64704956,65679759,284120940.77
2022-12-06,601169,3.63864622,3.67225958,3.63024288,3.66385624,55213110,240244573.0
2022-12-07,601169,3.66385624,3.68066292,3.63864622,3.64704956,58975132,256859819.45
2022-12-08,601169,3.6554529,3.68906626,3.64704956,3.68906626,56470411,247105867.86
2022-12-09,601169,3.68906626,3.6974696,3.66385624,3.67225958,65112819,284808572.1
2022-12-12,601169,3.66385624,3.67225958,3.63864622,3.63864622,52383175,227437211.89
2022-12-13,601169,3.63024288,3.67225958,3.63024288,3.67225958,41403808,180458009.32
2022-12-14,601169,3.67225958,3.67225958,3.64704956,3.66385624,32245978,140337204.16
2022-12-15,601169,3.6554529,3.66385624,3.63024288,3.63864622,35521228,153879913.06
2022-12-16,601169,3.62183954,3.68066292,3.62183954,3.68066292,49481948,215614546.08
2022-12-19,601169,3.66385624,3.68066292,3.59662952,3.6134362,42035938,181931519.78
2022-12-20,601169,3.6134362,3.63864622,3.57982284,3.58822618,35650944,153066750.55
2022-12-21,601169,3.58822618,3.62183954,3.57982284,3.59662952,24744717,105947698.38
2022-12-22,601169,3.60503286,3.62183954,3.57982284,3.59662952,27086738,116095060.69
2022-12-23,601169,3.58822618,3.6134362,3.5714195,3.5714195,21952017,93723965.14
2022-12-26,601169,3.57982284,3.58822618,3.56301616,3.56301616,20214445,85956873.8
2022-12-27,601169,3.5714195,3.6134362,3.56301616,3.60503286,24792187,106157275.34
2022-12-28,601169,3.60503286,3.63024288,3.58822618,3.60503286,42682745,183299806.18
2022-12-29,601169,3.60503286,3.60503286,3.55461282,3.60503286,37418343,159478071.52
2022-12-30,601169,3.60503286,3.63864622,3.59662952,3.62183954,37202982,160437462.73
2023-01-03,601169,3.63024288,3.63024288,3.58822618,3.60503286,44022612,188844171.07
2023-01-04,601169,3.60503286,3.63864622,3.59662952,3.63864622,60710414,261785735.5
2023-01-05,601169,3.63024288,3.64704956,3.60503286,3.6134362,72891609,313768291.27
2023-01-06,601169,3.6134362,3.6134362,3.58822618,3.59662952,49736236,212844823.68
2023-01-09,601169,3.59662952,3.60503286,3.57982284,3.57982284,47400776,202462492.04
2023-01-10,601169,3.58822618,3.58822618,3.55461282,3.55461282,49363560,209562550.66
2023-01-11,601169,3.55461282,3.57982284,3.55461282,3.56301616,39706839,168524700.75
2023-01-12,601169,3.56301616,3.5714195,3.54620948,3.54620948,35563581,150266932.32
2023-01-13,601169,3.55461282,3.5714195,3.54620948,3.5714195,48765613,206611377.03
2023-01-16,601169,3.5714195,3.58822618,3.56301616,3.5714195,69655134,296554672.68
2023-01-17,601169,3.57982284,3.57982284,3.54620948,3.55461282,64373129,272481283.38
2023-01-18,601169,3.55461282,3.5714195,3.55461282,3.56301616,37251381,157870375.63
2023-01-19,601169,3.56301616,3.57982284,3.54620948,3.57982284,33017491,140093884.21
2023-01-20,601169,3.57982284,3.59662952,3.5714195,3.58822618,36417575,155348679.9
2023-01-30,601169,3.60503286,3.6134362,3.57982284,3.57982284,47320555,202374703.88
2023-01-31,601169,3.57982284,3.58822618,3.56301616,3.5714195,46694980,198798312.13
2023-02-01,601169,3.5714195,3.58822618,3.5714195,3.57982284,56665170,241171608.51
2023-02-02,601169,3.58822618,3.58822618,3.5714195,3.5714195,48534902,206613633.82
2023-02-03,601169,3.57982284,3.57982284,3.55461282,3.56301616,45363921,192380377.94
2023-02-06,601169,3.56301616,3.56301616,3.54620948,3.55461282,32001350,135428555.18
2023-02-07,601169,3.56301616,3.57982284,3.55461282,3.5714195,43900631,186334561.02
2023-02-08,601169,3.5714195,3.57982284,3.56301616,3.56301616,20761665,88197293.61
2023-02-09,601169,3.56301616,3.58822618,3.56301616,3.57982284,36399961,154947399.27
2023-02-10,601169,3.57982284,3.59662952,3.5714195,3.58822618,32725096,139553073.12
2023-02-13,601169,3.58822618,3.59662952,3.5714195,3.57982284,51111586,217438456.9
2023-02-14,601169,3.57982284,3.59662952,3.5714195,3.58822618,39134026,167003190.3
2023-02-15,601169,3.59662952,3.59662952,3.57982284,3.57982284,28112396,119988244.96
2023-02-16,601169,3.57982284,3.59662952,3.56301616,3.5714195,53208715,226991731.55
2023-02-17,601169,3.5714195,3.58822618,3.56301616,3.5714195,36802811,156714684.82
2023-02-20,601169,3.57982284,3.6134362,3.5714195,3.6134362,54522236,233448751.27
2023-02-21,601169,3.6134362,3.62183954,3.60503286,3.6134362,42578704,183001496.84
2023-02-22,601169,3.6134362,3.62183954,3.60503286,3.6134362,34501953,148430954.3
2023-02-23,601169,3.6134362,3.63024288,3.6134362,3.62183954,35052182,150990768.63
2023-02-24,601169,3.63024288,3.63024288,3.60503286,3.6134362,32650452,140527126.88
2023-02-27,601169,3.6134362,3.62183954,3.59662952,3.60503286,28971098,124472892.44
2023-02-28,601169,3.60503286,3.6554529,3.60503286,3.63864622,63754512,275373832.99
2023-03-01,601169,3.64704956,3.66385624,3.63864622,3.6554529,45519185,197893752.89
2023-03-02,601169,3.6554529,3.67225958,3.64704956,3.66385624,34623867,150888457.82
2023-03-03,601169,3.66385624,3.6974696,3.66385624,3.68906626,45771074,200490303.93
2023-03-06,601169,3.6974696,3.70587294,3.67225958,3.67225958,46781636,205238008.04
2023-03-07,601169,3.68066292,3.7394863,3.67225958,3.68906626,94821033,418776248.48
2023-03-08,601169,3.67225958,3.68906626,3.6554529,3.68066292,55613218,242776067.16
2023-03-09,601169,3.68906626,3.71427628,3.68066292,3.68906626,43711703,192306547.78
2023-03-10,601169,3.67225958,3.68066292,3.63024288,3.63864622,58323775,253640659.17
2023-03-13,601169,3.63024288,3.68066292,3.62183954,3.67225958,56215829,244701321.75
2023-03-14,601169,3.6554529,3.67225958,3.63024288,3.63864622,44111291,191718518.89
2023-03-15,601169,3.6554529,3.67225958,3.64704956,3.66385624,31225779,136158905.94
2023-03-16,601169,3.66385624,3.72267962,3.6554529,3.68906626,98526720,433868624.78
2023-03-17,601169,3.70587294,3.72267962,3.68066292,3.68066292,60599999,266925417.49
2023-03-20,601169,3.68906626,3.72267962,3.68906626,3.6974696,69176958,305360170.57
2023-03-21,601169,3.6974696,3.71427628,3.66385624,3.67225958,57782704,253162237.44
2023-03-22,601169,3.68906626,3.72267962,3.67225958,3.71427628,51215545,225622471.95
2023-03-23,601169,3.70587294,3.72267962,3.6974696,3.72267962,32472662,143386902.06
2023-03-24,601169,3.71427628,3.72267962,3.6974696,3.70587294,42230887,186412504.78
2023-03-27,601169,3.70587294,3.70587294,3.66385624,3.66385624,48735508,213325078.87
2023-03-28,601169,3.68066292,3.70587294,3.66385624,3.6974696,43943386,192857178.68
2023-03-29,601169,3.6974696,3.70587294,3.67225958,3.68066292,31175372,136705639.38
2023-03-30,601169,3.68906626,3.6974696,3.67225958,3.6974696,32309188,141734523.87
2023-03-31,601169,3.6974696,3.71427628,3.68906626,3.6974696,38151435,168059235.12
2023-04-03,601169,3.70587294,3.72267962,3.6974696,3.71427628,39413013,173994322.09
2023-04-04,601169,3.72267962,3.7394863,3.70587294,3.7394863,54185659,240432860.6
2023-04-06,601169,3.7394863,3.74788964,3.72267962,3.73108296,27174474,120686002.12
2023-04-07,601169,3.73108296,3.7394863,3.72267962,3.73108296,28527974,126570106.82
2023-04-10,601169,3.71427628,3.72267962,3.70587294,3.70587294,56000877,247458966.09
2023-04-11,601169,3.71427628,3.75629298,3.70587294,3.74788964,83470699,370959297.6
2023-04-12,601169,3.75629298,3.79830968,3.7394863,3.781503,80553993,362400563.23
2023-04-13,601169,3.781503,3.84872972,3.77309966,3.83192304,103224086,469299545.94
2023-04-14,601169,3.84032638,3.84032638,3.80671302,3.8235197,50320510,229016301.42
2023-04-17,601169,3.83192304,3.9075531,3.81511636,3.89914976,80914942,372853473.78
2023-04-18,601169,3.89914976,3.94116646,3.89074642,3.91595644,94709165,441083715.2
2023-04-19,601169,3.91595644,3.99998984,3.9075531,3.95797314,109567221,515341738.18
2023-04-20,601169,3.97477982,3.9915865,3.9075531,3.96637648,118659472,558168324.94
2023-04-21,601169,3.98318316,3.99998984,3.92435978,3.94116646,78280640,369663986.0
2023-04-24,601169,3.94116646,3.9915865,3.93276312,3.96637648,80429817,379736613.43
2023-04-25,601169,3.95797314,4.01679652,3.95797314,4.00839318,101413280,482211986.03
2023-04-26,601169,3.9915865,3.99998984,3.93276312,3.97477982,95414524,450393456.22
2023-04-27,601169,3.95797314,3.98318316,3.94116646,3.97477982,60744936,286183867.87
2023-04-28,601169,3.97477982,3.99998984,3.9495698,3.98318316,66126418,313026960.71
2023-05-04,601169,3.95797314,4.09242658,3.91595644,4.0756199,162429432,779335067.02
2023-05-05,601169,4.0756199,4.15124996,4.0336032,4.05881322,147717443,718367123.27
2023-05-08,601169,4.0756199,4.27730006,4.06721656,4.23528336,256372635,1281361197.0
2023-05-09,601169,4.25209004,4.31931676,4.13444328,4.1596533,209430188,1050249351.64
2023-05-10,601169,4.15124996,4.1596533,3.99998984,4.01679652,176182515,851552619.43
2023-05-11,601169,4.02519986,4.10082992,4.01679652,4.02519986,109218287,526026873.22
2023-05-12,601169,4.02519986,4.08402324,3.9915865,4.0756199,127348608,614029393.32
2023-05-15,601169,4.06721656,4.15124996,3.9915865,4.14284662,138586466,671124507.18
2023-05-16,601169,4.14284662,4.20167,4.12603994,4.1596533,116501865,578235352.16
2023-05-17,601169,4.14284662,4.15124996,4.08402324,4.1176366,67403861,330320496.18
2023-05-18,601169,4.12603994,4.20167,4.12603994,4.17645998,99878760,495484603.97
2023-05-19,601169,4.17645998,4.19326666,4.10082992,4.10923326,72888167,358350266.03
2023-05-22,601169,4.08402324,4.12603994,4.06721656,4.08402324,67839548,330734497.8
2023-05-23,601169,4.08402324,4.13444328,4.01679652,4.01679652,76529717,369749700.47
2023-05-24,601169,4.00839318,4.01679652,3.92435978,3.92435978,106973865,503023702.03
2023-05-25,601169,3.91595644,3.95797314,3.89914976,3.94116646,61060000,285262044.82
2023-05-26,601169,3.94116646,3.99998984,3.91595644,3.98318316,44316771,209036884.39
2023-05-29,601169,3.98318316,4.08402324,3.98318316,4.05040988,75020642,360335551.7
2023-05-30,601169,4.05040988,4.05040988,3.9915865,4.00839318,40190295,192144135.42
2023-05-31,601169,4.00839318,4.00839318,3.96637648,3.97477982,55531206,263340096.35
2023-06-01,601169,3.97477982,4.00839318,3.94116646,3.9495698,51047913,240769455.09
2023-06-02,601169,3.95797314,3.99998984,3.95797314,3.9915865,45752570,216966419.26
2023-06-05,601169,3.9915865,4.05881322,3.97477982,4.0336032,52581031,251446401.39
2023-06-06,601169,4.0336032,4.08402324,3.99998984,4.00839318,54662455,263398091.72
2023-06-07,601169,4.01679652,4.0756199,4.00839318,4.06721656,40869289,197253565.92
2023-06-08,601169,4.0756199,4.12603994,4.0336032,4.1176366,70231222,341543465.81
2023-06-09,601169,4.10923326,4.14284662,4.10082992,4.10923326,46189165,226289205.13
2023-06-12,601169,4.10923326,4.10923326,4.0336032,4.0336032,53459829,258412289.65
2023-06-13,601169,4.0336032,4.06721656,4.0336032,4.06721656,36210328,174478996.23
2023-06-14,601169,4.05881322,4.06721656,3.94116646,3.94116646,66081980,314004623.0
2023-06-15,601169,3.95797314,3.9915865,3.94116646,3.96637648,37274076,175815623.99
2023-06-16,601169,3.97477982,3.98318316,3.94116646,3.95797314,46013227,216701928.37
2023-06-19,601169,3.9495698,3.95797314,3.88234308,3.89074642,73677184,342475816.42
2023-06-20,601169,3.89074642,3.9075531,3.87393974,3.87393974,33680079,155804857.02
2023-06-21,601169,3.88234308,3.92435978,3.8655364,3.8655364,38569633,178565763.59
2023-06-26,601169,3.85713306,3.8655364,3.78990634,3.80671302,65237717,296026377.42
2023-06-27,601169,3.81511636,3.84872972,3.79830968,3.83192304,41880361,190868087.44
2023-06-28,601169,3.8655364,3.93276312,3.84872972,3.8655364,73439169,339414412.93
2023-06-29,601169,3.8655364,3.88234308,3.83192304,3.8655364,32568189,149652260.4
2023-06-30,601169,3.87393974,3.9075531,3.8655364,3.89074642,31197422,144565801.42
2023-07-03,601169,3.89914976,3.9495698,3.89074642,3.94116646,41297329,192882840.19
2023-07-04,601169,3.94116646,3.94116646,3.88234308,3.89914976,56948238,264289938.56
2023-07-05,601169,3.89914976,3.91595644,3.88234308,3.9075531,49916904,231792062.95
2023-07-06,601169,3.91655295,3.93456009,3.8715351,3.8715351,79393811,344074349.16
2023-07-07,601169,3.8715351,3.9615708,3.8715351,3.94356366,59387063,258827793.93
2023-07-10,601169,3.94356366,3.97957794,3.93456009,3.9615708,38969127,171330358.81
2023-07-11,601169,3.97057437,4.06061007,3.97057437,4.0516065,66070247,295464066.45
2023-07-12,601169,4.0516065,4.09662435,4.04260293,4.08762078,50788282,230261447.67
2023-07-13,601169,4.08762078,4.1416422,4.08762078,4.13263863,58236120,266391467.34
2023-07-14,601169,4.1416422,4.16865291,4.11463149,4.15964934,57419102,264312197.51
2023-07-17,601169,4.15964934,4.16865291,4.13263863,4.16865291,49104636,226068510.08
2023-07-18,601169,4.16865291,4.17765648,4.09662435,4.13263863,61882700,283442253.05
2023-07-19,601169,4.12363506,4.16865291,4.11463149,4.16865291,66412404,306085514.06
2023-07-20,601169,4.16865291,4.18666005,4.1416422,4.16865291,59956976,277286237.18
2023-07-21,601169,4.15964934,4.18666005,4.13263863,4.16865291,47440459,219164593.55
2023-07-24,601169,4.15064577,4.16865291,4.10562792,4.11463149,41384546,189919562.81
2023-07-25,601169,4.13263863,4.15064577,4.10562792,4.11463149,62520793,286133087.05
2023-07-26,601169,4.12363506,4.13263863,4.08762078,4.10562792,48426759,220821695.37
2023-07-27,601169,4.10562792,4.15064577,4.09662435,4.11463149,54286896,248948659.9
2023-07-28,601169,4.12363506,4.20466719,4.11463149,4.19566362,62873191,291427265.13
2023-07-31,601169,4.20466719,4.24068147,4.16865291,4.20466719,77610954,361887208.53
2023-08-01,601169,4.19566362,4.21367076,4.15964934,4.19566362,51840307,240913484.13
2023-08-02,601169,4.17765648,4.17765648,4.11463149,4.13263863,65241781,300011212.03
2023-08-03,601169,4.13263863,4.18666005,4.12363506,4.17765648,48538686,223974400.39
2023-08-04,601169,4.18666005,4.22267433,4.16865291,4.18666005,59595710,277738907.61
2023-08-07,601169,4.18666005,4.18666005,4.11463149,4.1416422,51653443,237220319.79
2023-08-08,601169,4.12363506,4.1416422,4.10562792,4.11463149,48828344,223576665.35
2023-08-09,601169,4.11463149,4.1416422,4.11463149,4.13263863,41362675,189617620.17
2023-08-10,601169,4.12363506,4.15064577,4.10562792,4.13263863,43305355,198523960.76
2023-08-11,601169,4.13263863,4.1416422,4.04260293,4.04260293,63610380,287989855.61
2023-08-14,601169,4.02459579,4.03359936,3.97957794,4.00658865,43545951,193772994.0
2023-08-15,601169,4.00658865,4.09662435,4.00658865,4.08762078,54758081,246798944.08
2023-08-16,601169,4.07861721,4.09662435,4.0516065,4.06961364,29428159,133062466.93
2023-08-17,601169,4.06961364,4.06961364,3.98858151,4.02459579,60044494,268239782.77
2023-08-18,601169,4.01559222,4.09662435,4.00658865,4.06961364,67897784,307030978.44
2023-08-21,601169,4.07861721,4.08762078,4.01559222,4.01559222,46538546,209036963.28
2023-08-22,601169,4.02459579,4.07861721,4.02459579,4.06961364,49748733,224184876.83
2023-08-23,601169,4.06061007,4.12363506,4.0516065,4.08762078,46595548,211765352.1
2023-08-24,601169,4.08762078,4.10562792,4.03359936,4.04260293,42774434,192757148.12
2023-08-25,601169,4.03359936,4.10562792,4.02459579,4.08762078,39705430,179854955.82
2023-08-28,601169,4.21367076,4.24068147,4.10562792,4.13263863,80512722,372266416.88
2023-08-29,601169,4.13263863,4.13263863,4.03359936,4.0516065,91341629,412347131.74
2023-08-30,601169,4.0516065,4.06061007,4.01559222,4.01559222,43747963,195990124.31
2023-08-31,601169,4.03359936,4.08762078,4.02459579,4.02459579,53177218,239136138.1
2023-09-01,601169,4.03359936,4.08762078,4.02459579,4.07861721,51671814,233338074.66
2023-09-04,601169,4.07861721,4.15964934,4.07861721,4.1416422,78425035,360163246.13
2023-09-05,601169,4.1416422,4.1416422,4.09662435,4.11463149,39168357,178935714.35
2023-09-06,601169,4.12363506,4.13263863,4.09662435,4.11463149,26633057,121846936.8
2023-09-07,601169,4.12363506,4.15964934,4.11463149,4.13263863,47277789,217505435.87
2023-09-08,601169,4.13263863,4.1416422,4.10562792,4.11463149,23178899,106044556.4
2023-09-11,601169,4.12363506,4.15064577,4.11463149,4.12363506,43729952,200807459.45
2023-09-12,601169,4.12363506,4.1416422,4.11463149,4.11463149,30197982,138362746.21
2023-09-13,601169,4.13263863,4.15064577,4.11463149,4.1416422,40441116,185600917.48
2023-09-14,601169,4.13263863,4.17765648,4.12363506,4.15964934,71573703,330717009.37
2023-09-15,601169,4.17765648,4.17765648,4.11463149,4.12363506,87247210,401282629.12
2023-09-18,601169,4.12363506,4.1416422,4.09662435,4.1416422,45519546,208403137.85
2023-09-19,601169,4.12363506,4.16865291,4.12363506,4.16865291,47349335,218451719.94
2023-09-20,601169,4.16865291,4.18666005,4.15064577,4.17765648,50641936,234811953.93
2023-09-21,601169,4.17765648,4.18666005,4.1416422,4.16865291,55960258,258831877.37
2023-09-22,601169,4.15964934,4.18666005,4.13263863,4.17765648,68683481,317001268.63
2023-09-25,601169,4.17765648,4.21367076,4.15964934,4.19566362,74876937,348545240.22
2023-09-26,601169,4.20466719,4.20466719,4.17765648,4.18666005,38162721,177507846.07
2023-09-27,601169,4.18666005,4.19566362,4.15064577,4.15964934,50810235,235308404.54
2023-09-28,601169,4.16865291,4.18666005,4.15064577,4.16865291,38940156,180396211.38
2023-10-09,601169,4.15964934,4.16865291,4.11463149,4.15964934,56833004,261548992.21
2023-10-10,601169,4.15964934,4.16865291,4.12363506,4.13263863,55358215,254805072.41
2023-10-11,601169,4.1416422,4.15064577,4.10562792,4.11463149,50509083,231497738.77
2023-10-12,601169,4.1416422,4.17765648,4.13263863,4.17765648,74264531,343120082.8
2023-10-13,601169,4.15964934,4.22267433,4.15064577,4.19566362,79466315,369841185.03
2023-10-16,601169,4.18666005,4.19566362,4.16865291,4.18666005,47343182,219897609.85
2023-10-17,601169,4.19566362,4.22267433,4.16865291,4.20466719,54775273,255390502.89
2023-10-18,601169,4.21367076,4.2316779,4.18666005,4.18666005,54647671,255565376.32
2023-10-19,601169,4.19566362,4.19566362,4.07861721,4.07861721,90966352,416153034.64
2023-10-20,601169,4.07861721,4.10562792,4.04260293,4.07861721,63156740,285809644.4
2023-10-23,601169,4.06961364,4.11463149,4.06061007,4.08762078,60148662,273456844.06
2023-10-24,601169,4.07861721,4.09662435,4.03359936,4.04260293,73720770,331692872.36
2023-10-25,601169,4.06061007,4.06961364,4.03359936,4.0516065,45456094,204548451.12
2023-10-26,601169,4.0516065,4.13263863,4.04260293,4.12363506,74318161,338412636.18
2023-10-27,601169,4.12363506,4.16865291,4.11463149,4.13263863,61007632,280840307.77
2023-10-30,601169,4.13263863,4.1416422,4.06061007,4.06961364,70342960,319207224.9
2023-10-31,601169,4.08762078,4.11463149,4.06961364,4.10562792,64490277,293065375.64
2023-11-01,601169,4.11463149,4.12363506,4.06061007,4.06961364,68432535,310349236.22
2023-11-02,601169,4.06961364,4.11463149,4.06961364,4.09662435,52329753,238124067.64
2023-11-03,601169,4.09662435,4.10562792,4.06961364,4.07861721,56462374,256026224.85
2023-11-06,601169,4.07861721,4.08762078,4.04260293,4.0516065,86804504,391071649.43
2023-11-07,601169,4.0516065,4.06061007,4.04260293,4.0516065,33419359,150404260.05
2023-11-08,601169,4.0516065,4.0516065,4.02459579,4.03359936,67273452,301664086.09
2023-11-09,601169,4.03359936,4.06061007,4.02459579,4.04260293,37213015,167311467.28
2023-11-10,601169,4.04260293,4.0516065,4.01559222,4.02459579,46530083,208304150.84
2023-11-13,601169,4.03359936,4.04260293,3.99758508,4.01559222,46268912,206157837.99
2023-11-14,601169,4.01559222,4.04260293,4.00658865,4.03359936,34034196,152366855.92
2023-11-15,601169,4.04260293,4.06061007,4.03359936,4.03359936,33363528,149895350.0
2023-11-16,601169,4.04260293,4.06061007,4.02459579,4.04260293,35427861,159196859.75
2023-11-17,601169,4.04260293,4.0516065,4.01559222,4.02459579,39123968,175182492.62
2023-11-20,601169,4.03359936,4.0516065,4.02459579,4.04260293,36927565,165735676.28
2023-11-21,601169,4.0516065,4.08762078,4.04260293,4.06961364,56718560,256562417.48
2023-11-22,601169,4.06961364,4.09662435,4.06061007,4.06961364,43656495,197943417.22
2023-11-23,601169,4.07861721,4.08762078,4.06961364,4.07861721,31202652,141375234.55
2023-11-24,601169,4.07861721,4.10562792,4.06961364,4.09662435,52656306,239425488.08
2023-11-27,601169,4.09662435,4.10562792,4.06961364,4.08762078,44362023,201318014.55
2023-11-28,601169,4.09662435,4.09662435,4.06061007,4.06961364,38121271,172588948.12
2023-11-29,601169,4.06961364,4.07861721,4.04260293,4.0516065,41930036,188946130.38
2023-11-30,601169,4.0516065,4.09662435,4.04260293,4.07861721,49619220,224678379.22
2023-12-01,601169,4.08762078,4.11463149,4.07861721,4.09662435,47357988,215570152.2
2023-12-04,601169,4.09662435,4.13263863,4.09662435,4.13263863,56135146,257048824.62
2023-12-05,601169,4.12363506,4.13263863,4.06961364,4.07861721,50056794,228305310.45
2023-12-06,601169,4.07861721,4.07861721,4.01559222,4.03359936,64718981,290955277.44
2023-12-07,601169,4.04260293,4.08762078,4.02459579,4.06961364,60880800,274570914.36
2023-12-08,601169,4.07861721,4.11463149,4.06061007,4.08762078,75709966,343899373.04
2023-12-11,601169,4.07861721,4.08762078,4.00658865,4.06961364,80518029,361818495.31
2023-12-12,601169,4.06061007,4.11463149,4.0516065,4.11463149,60285963,274317279.64
2023-12-13,601169,4.10562792,4.12363506,4.07861721,4.07861721,33334978,151778412.47
2023-12-14,601169,4.08762078,4.09662435,4.06061007,4.06061007,32066481,145051926.91
2023-12-15,601169,4.06061007,4.07861721,4.03359936,4.03359936,50461706,227309308.25
2023-12-18,601169,4.04260293,4.06061007,4.02459579,4.03359936,45193317,202883266.5
2023-12-19,601169,4.03359936,4.0516065,4.01559222,4.02459579,43027153,192767651.23
2023-12-20,601169,4.02459579,4.0516065,4.01559222,4.01559222,47380873,212469350.24
2023-12-21,601169,4.01559222,4.02459579,3.94356366,3.9615708,127133597,560350799.52
2023-12-22,601169,3.9615708,3.99758508,3.93456009,3.97957794,80507411,354753523.28
2023-12-25,601169,3.97957794,3.98858151,3.9615708,3.97057437,46998135,207385606.35
2023-12-26,601169,3.97057437,4.00658865,3.9615708,3.98858151,43740433,193737507.2
2023-12-27,601169,3.98858151,4.02459579,3.97057437,4.02459579,51102913,226882814.49
2023-12-28,601169,4.02459579,4.07861721,4.01559222,4.06961364,81454912,367144762.91
2023-12-29,601169,4.06961364,4.08762078,4.06061007,4.07861721,47937981,217169970.95
2024-01-02,601169,4.07861721,4.11463149,4.06961364,4.09662435,57304628,261072920.13
2024-01-03,601169,4.09662435,4.13263863,4.08762078,4.12363506,52071630,238115626.76
2024-01-04,601169,4.11463149,4.15964934,4.11463149,4.15064577,67140894,308858292.47
2024-01-05,601169,4.15964934,4.22267433,4.1416422,4.18666005,115671295,538842429.06
2024-01-08,601169,4.18666005,4.21367076,4.15964934,4.18666005,81258970,378042952.14
2024-01-09,601169,4.17765648,4.22267433,4.15064577,4.20466719,84070095,390907415.12
2024-01-10,601169,4.20466719,4.2316779,4.18666005,4.20466719,63296506,295878441.55
2024-01-11,601169,4.20466719,4.21367076,4.15964934,4.16865291,63281014,294418048.47
2024-01-12,601169,4.15964934,4.22267433,4.15964934,4.21367076,51889806,242467024.04
2024-01-15,601169,4.21367076,4.26769218,4.19566362,4.24968504,67912053,320077656.74
2024-01-16,601169,4.24968504,4.31271003,4.24068147,4.30370646,83462715,397653971.0
2024-01-17,601169,4.31271003,4.40274573,4.31271003,4.34872431,130971078,635397390.4
2024-01-18,601169,4.35772788,4.36673145,4.20466719,4.33071717,147632603,701552683.71
2024-01-19,601169,4.3217136,4.35772788,4.28569932,4.33972074,80366534,385942285.65
2024-01-22,601169,4.33071717,4.36673145,4.25868861,4.28569932,121225168,582388785.29
2024-01-23,601169,4.27669575,4.31271003,4.24068147,4.28569932,71701635,340283060.64
2024-01-24,601169,4.30370646,4.39374216,4.29470289,4.38473859,96829846,467905868.43
2024-01-25,601169,4.38473859,4.42075287,4.37573502,4.4117493,83613929,408824950.71
2024-01-26,601169,4.4117493,4.48377786,4.39374216,4.46577072,98867684,488035875.1
2024-01-29,601169,4.46577072,4.60982784,4.45676715,4.57381356,167381939,846657716.83
2024-01-30,601169,4.54680285,4.60982784,4.501785,4.54680285,109389060,554789760.25
2024-01-31,601169,4.52879571,4.61883141,4.52879571,4.5918207,116956313,595636953.27
2024-02-01,601169,4.58281713,4.60082427,4.51979214,4.54680285,84685883,428995328.66
2024-02-02,601169,4.54680285,4.63683855,4.501785,4.57381356,141719065,722945218.59
2024-02-05,601169,4.5918207,4.62783498,4.52879571,4.61883141,155283464,791420082.89
2024-02-06,601169,4.60982784,4.63683855,4.52879571,4.5918207,140030793,712053781.09
2024-02-07,601169,4.5918207,4.5918207,4.44776358,4.51979214,204264760,1021349213.3
2024-02-08,601169,4.51078857,4.51078857,4.37573502,4.49278143,189154197,931763462.18
2024-02-19,601169,4.47477429,4.60082427,4.42075287,4.5918207,139767844,701030082.95
2024-02-20,601169,4.58281713,4.65484569,4.55580642,4.64584212,93547978,479878862.62
2024-02-21,601169,4.62783498,4.78089567,4.61883141,4.72687425,105327673,551854742.7
2024-02-22,601169,4.72687425,4.75388496,4.69085997,4.73587782,61948023,325322435.01
2024-02-23,601169,4.73587782,4.84392066,4.73587782,4.79890281,76955657,410501360.35
2024-02-26,601169,4.78989924,4.79890281,4.63683855,4.65484569,97110599,506622380.86
2024-02-27,601169,4.65484569,4.71787068,4.61883141,4.63683855,74109269,383404710.02
2024-02-28,601169,4.64584212,4.70886711,4.5918207,4.66384926,101204982,523543958.51
2024-02-29,601169,4.65484569,4.69085997,4.63683855,4.66384926,83985850,434546031.37
2024-03-01,601169,4.67285283,4.74488139,4.65484569,4.6818564,81789229,426253643.1
2024-03-04,601169,4.66384926,4.69986354,4.64584212,4.67285283,56178385,291537905.28
2024-03-05,601169,4.66384926,4.7718921,4.65484569,4.75388496,84998106,447022597.98
2024-03-06,601169,4.76288853,4.83491709,4.75388496,4.76288853,78212146,416862753.96
2024-03-07,601169,4.74488139,4.84392066,4.74488139,4.82591352,72736477,388559475.87
2024-03-08,601169,4.82591352,4.90694565,4.82591352,4.90694565,87813202,475127081.75
2024-03-11,601169,4.88893851,4.94295993,4.83491709,4.84392066,75209149,406960507.9
2024-03-12,601169,4.83491709,4.8619278,4.72687425,4.73587782,89983708,478398954.34
2024-03-13,601169,4.72687425,4.83491709,4.70886711,4.79890281,68265415,361528437.42
2024-03-14,601169,4.7718921,4.83491709,4.75388496,4.79890281,67942782,362931680.29
2024-03-15,601169,4.81690995,4.93395636,4.79890281,4.91594922,103331740,562261019.35
2024-03-18,601169,4.89794208,4.93395636,4.87093137,4.91594922,62577056,341482943.57
2024-03-19,601169,4.89794208,4.94295993,4.85292423,4.87993494,60759208,330630505.86
2024-03-20,601169,4.8619278,4.96096707,4.82591352,4.94295993,62205272,339373595.38
2024-03-21,601169,4.93395636,5.08701705,4.93395636,5.06900991,88837717,496796829.73
2024-03-22,601169,5.06000634,5.10502419,5.02399206,5.08701705,69526375,391327604.53
2024-03-25,601169,5.07801348,5.1320349,5.06900991,5.10502419,59494999,337563125.49
2024-03-26,601169,5.12303133,5.15004204,5.09602062,5.1320349,58399049,332538872.03
2024-03-27,601169,5.11402776,5.16804918,5.10502419,5.1320349,53655934,306322781.67
2024-03-28,601169,5.12303133,5.1320349,5.05100277,5.08701705,83271600,470053697.71
2024-03-29,601169,5.06900991,5.1320349,5.05100277,5.09602062,52484597,298076529.29
2024-04-01,601169,5.12303133,5.16804918,5.07801348,5.14103847,59646449,339084210.42
2024-04-02,601169,5.14103847,5.20406346,5.09602062,5.1320349,59449354,340033322.58
2024-04-03,601169,5.1320349,5.15904561,5.07801348,5.12303133,41546527,236342040.18
2024-04-08,601169,5.12303133,5.20406346,5.09602062,5.16804918,54189501,311059998.1
2024-04-09,601169,5.16804918,5.20406346,5.11402776,5.14103847,60502256,345915002.77
2024-04-10,601169,5.15904561,5.19505989,5.10502419,5.1320349,53608278,306930283.91
2024-04-11,601169,5.11402776,5.14103847,5.06900991,5.09602062,46792479,265199380.99
2024-04-12,601169,5.07801348,5.14103847,5.02399206,5.0419992,89233867,502023674.15
2024-04-15,601169,5.0419992,5.1320349,4.99698135,5.09602062,86802022,489696097.94
2024-04-16,601169,5.09602062,5.12303133,5.03299563,5.08701705,76393289,431085589.18
2024-04-17,601169,5.08701705,5.18605632,5.0419992,5.17705275,71168947,404099115.21
2024-04-18,601169,5.19505989,5.29409916,5.16804918,5.2220706,80566587,468532119.47
2024-04-19,601169,5.2220706,5.27609202,5.20406346,5.2220706,51306069,298557445.69
2024-04-22,601169,5.24007774,5.29409916,5.1320349,5.17705275,58456978,337920610.23
2024-04-23,601169,5.17705275,5.18605632,5.10502419,5.11402776,68968217,393604914.27
2024-04-24,601169,5.11402776,5.1320349,5.06000634,5.07801348,63338898,357587497.27
2024-04-25,601169,5.07801348,5.12303133,5.05100277,5.11402776,52624242,297544954.99
2024-04-26,601169,5.10502419,5.12303133,4.94295993,4.9519635,130695589,723888077.33
2024-04-29,601169,4.93395636,4.98797778,4.87993494,4.97897421,93196034,513168445.83
2024-04-30,601169,5.00598492,5.07801348,4.99698135,5.02399206,74160619,415141106.06
2024-05-06,601169,5.06000634,5.08701705,4.99698135,5.01498849,90463538,505249214.59
2024-05-07,601169,5.03299563,5.03299563,4.9519635,5.00598492,57110988,316273688.64
2024-05-08,601169,4.99698135,5.06900991,4.99698135,5.02399206,54390323,304549214.06
2024-05-09,601169,5.02399206,5.0419992,4.98797778,5.01498849,56997585,317565968.76
2024-05-10,601169,5.03299563,5.05100277,5.01498849,5.03299563,55003899,307626416.21
2024-05-13,601169,5.02399206,5.1320349,5.00598492,5.11402776,98327695,555048545.28
2024-05-14,601169,5.11402776,5.16804918,5.09602062,5.10502419,81065828,462042322.42
2024-05-15,601169,5.10502419,5.15004204,5.07801348,5.12303133,43170901,245390236.84
2024-05-16,601169,5.11402776,5.21306703,5.10502419,5.17705275,70373604,404704929.35
2024-05-17,601169,5.18605632,5.24007774,5.15004204,5.2220706,61988586,357042791.73
2024-05-20,601169,5.21306703,5.26708845,5.1320349,5.15904561,85961489,495564231.03
2024-05-21,601169,5.15904561,5.2220706,5.14103847,5.21306703,52095492,300524004.96
2024-05-22,601169,5.2220706,5.33011344,5.20406346,5.30310273,90091819,528779370.15
2024-05-23,601169,5.30310273,5.33911701,5.26708845,5.30310273,57851760,340716383.32
2024-05-24,601169,5.28509559,5.33911701,5.24908131,5.26708845,52916254,311572592.58
2024-05-27,601169,5.27609202,5.32110987,5.26708845,5.28509559,60232950,354038030.2
2024-05-28,601169,5.30310273,5.33911701,5.26708845,5.29409916,54679416,321737970.34
2024-05-29,601169,5.29409916,5.3121063,5.2220706,5.24007774,54085228,316135437.87
2024-05-30,601169,5.24007774,5.30310273,5.18605632,5.21306703,59295943,345669461.04
2024-05-31,601169,5.2220706,5.27609202,5.21306703,5.24007774,53178209,309849119.93
2024-06-03,601169,5.25808488,5.26708845,5.14103847,5.19505989,66483672,382671601.92
2024-06-04,601169,5.19505989,5.21306703,5.15004204,5.16804918,42590075,245053006.85
2024-06-05,601169,5.18605632,5.19505989,5.09602062,5.11402776,45830515,261143374.52
2024-06-06,601169,5.11402776,5.15904561,5.10502419,5.1320349,43105546,245691149.96
2024-06-07,601169,5.15004204,5.20406346,5.14103847,5.19505989,48933833,281080100.84
2024-06-11,601169,5.19505989,5.21306703,5.08701705,5.08701705,73208825,416673386.56
2024-06-12,601169,5.08701705,5.1320349,4.99698135,5.10502419,76645095,430960019.81
2024-06-13,601169,5.10502419,5.1320349,5.07801348,5.09602062,53831699,305195982.93
2024-06-14,601169,5.09602062,5.11402776,5.03299563,5.07801348,54892669,309383122.36
2024-06-17,601169,5.06900991,5.10502419,4.98797778,4.99698135,64220667,358591758.98
2024-06-18,601169,5.00598492,5.0419992,4.93395636,5.02399206,51787020,287485098.09
2024-06-19,601169,5.00598492,5.09602062,5.00598492,5.05100277,39283002,220598403.04
2024-06-20,601169,5.06900991,5.07801348,5.01498849,5.06900991,41683663,233953666.07
2024-06-21,601169,5.06900991,5.08701705,5.03299563,5.07801348,44258783,249026433.75
2024-06-24,601169,5.06900991,5.08701705,5.00598492,5.05100277,56295024,315958880.93
2024-06-25,601169,5.06900991,5.12303133,5.05100277,5.09602062,62803598,355549072.86
2024-06-26,601169,5.09602062,5.15004204,5.08701705,5.11402776,44662270,254124638.33
2024-06-27,601169,5.12303133,5.24908131,5.09602062,5.21306703,76654104,441942054.4
2024-06-28,601169,5.23107417,5.26708845,5.18605632,5.25808488,60033228,349090931.53
2024-07-01,601169,5.25808488,5.3121063,5.24007774,5.28509559,66091693,388639352.76
2024-07-02,601169,5.29409916,5.38413486,5.29409916,5.36612772,103842189,616908104.61
2024-07-03,601169,5.38413486,5.41114557,5.29409916,5.34812058,59859115,355110751.48
2024-07-04,601169,5.33911701,5.37513129,5.3121063,5.33011344,60941276,361754368.11
2024-07-05,601169,5.34812058,5.38413486,5.20406346,5.21306703,81759583,477937602.35
2024-07-08,601169,5.2220706,5.27609202,5.18605632,5.21306703,70133555,407323964.53
2024-07-09,601169,5.21306703,5.24908131,5.16804918,5.2220706,74270801,429622645.89
2024-07-10,601169,5.25066083,5.31736614,5.2411315,5.28877815,95839967,530777745.08
2024-07-11,601169,5.29830748,5.34595413,5.23160217,5.2411315,86058773,476088518.55
2024-07-12,601169,5.26019016,5.36501279,5.25066083,5.36501279,78441725,438100242.34
2024-07-15,601169,5.35548346,5.46983542,5.3364248,5.45077676,63920594,364285001.1
2024-07-16,601169,5.46983542,5.53654073,5.38407145,5.4317181,77743820,445141406.51
2024-07-17,601169,5.45077676,5.47936475,5.39360078,5.46030609,66639194,380437684.97
2024-07-18,601169,5.46030609,5.46983542,5.35548346,5.41265944,75130451,425352505.38
2024-07-19,601169,5.41265944,5.41265944,5.31736614,5.36501279,80220550,450481722.24
2024-07-22,601169,5.35548346,5.36501279,5.23160217,5.25066083,108881109,602736926.98
2024-07-23,601169,5.25066083,5.34595413,5.2411315,5.26019016,85372378,474514105.49
2024-07-24,601169,5.25066083,5.30783681,5.21254351,5.22207284,97609213,536744693.27
2024-07-25,601169,5.22207284,5.23160217,5.06007423,5.10772088,135933791,728779859.42
2024-07-26,601169,5.11725021,5.12677954,5.00289825,5.04101557,98942323,523868206.26
2024-07-29,601169,5.04101557,5.16489686,5.02195691,5.15536753,99002282,532481554.31
2024-07-30,601169,5.15536753,5.18395552,5.07913289,5.07913289,82651200,442732575.02
2024-07-31,601169,5.09819155,5.10772088,5.04101557,5.07913289,89671806,477019953.34
2024-08-01,601169,5.06960356,5.17442619,5.04101557,5.11725021,106606242,572471596.04
2024-08-02,601169,5.09819155,5.11725021,5.0505449,5.06007423,67668611,360574155.55
2024-08-05,601169,5.06007423,5.09819155,5.01242758,5.02195691,97422244,516182775.56
2024-08-06,601169,5.04101557,5.07913289,4.96478093,5.01242758,111687466,586127615.96
2024-08-07,601169,5.00289825,5.13630887,4.99336892,5.10772088,105133771,561721181.41
2024-08-08,601169,5.10772088,5.11725021,5.06007423,5.11725021,49198642,263127418.33
2024-08-09,601169,5.10772088,5.16489686,5.08866222,5.11725021,47997469,258445172.11
2024-08-12,601169,5.11725021,5.13630887,5.07913289,5.08866222,41576088,222571478.59
2024-08-13,601169,5.09819155,5.17442619,5.08866222,5.15536753,65226051,351964396.82
2024-08-14,601169,5.15536753,5.20301418,5.1458382,5.16489686,53727867,291778457.8
2024-08-15,601169,5.15536753,5.23160217,5.1458382,5.21254351,61327889,334687719.83
2024-08-16,601169,5.21254351,5.27924882,5.21254351,5.26971949,63094527,348073209.07
2024-08-19,601169,5.28877815,5.36501279,5.25066083,5.35548346,80048996,447217080.76
2024-08-20,601169,5.37454212,5.39360078,5.32689547,5.36501279,87345651,490399375.53
2024-08-21,601169,5.34595413,5.35548346,5.23160217,5.26019016,86636232,479337414.87
2024-08-22,601169,5.26971949,5.35548346,5.25066083,5.34595413,89400785,500120562.57
2024-08-23,601169,5.34595413,5.35548346,5.26019016,5.32689547,64254837,358038211.34
2024-08-26,601169,5.31736614,5.34595413,5.26971949,5.32689547,56117336,312977905.99
2024-08-27,601169,5.3364248,5.38407145,5.27924882,5.36501279,86309468,484448613.14
2024-08-28,601169,5.36501279,5.37454212,5.26971949,5.31736614,82278269,458816596.3
2024-08-29,601169,5.31736614,5.32689547,5.09819155,5.11725021,106672521,580261160.52
2024-08-30,601169,5.09819155,5.16489686,4.99336892,5.00289825,152884916,811276733.03
2024-09-02,601169,4.99336892,5.1458382,4.9552516,5.10772088,157710159,842625712.27
2024-09-03,601169,5.11725021,5.1458382,4.9552516,4.98383959,107481415,564438746.29
2024-09-04,601169,4.98383959,5.00289825,4.92666361,4.96478093,69013250,359840576.22
2024-09-05,601169,4.96478093,4.99336892,4.90760495,4.96478093,66867880,347408926.79
2024-09-06,601169,4.97431026,5.06960356,4.96478093,4.97431026,67520055,356129029.07
2024-09-09,601169,4.98383959,4.98383959,4.79325299,4.80278232,107332879,546941192.98
2024-09-10,601169,4.80278232,4.88854629,4.79325299,4.8599583,72507411,368145376.1
2024-09-11,601169,4.8599583,4.8599583,4.65984237,4.68843036,101093006,502031059.82
2024-09-12,601169,4.68843036,4.74560634,4.63125438,4.71701835,55352501,273234835.5
2024-09-13,601169,4.72654768,4.764665,4.6693717,4.6693717,57252425,283201783.14
2024-09-18,601169,4.6693717,4.69795969,4.61219572,4.67890103,54113236,264699224.4
2024-09-19,601169,4.69795969,4.71701835,4.63125438,4.70748902,74226152,364508702.01
2024-09-20,601169,4.70748902,4.77419433,4.69795969,4.74560634,93957553,467384643.4
2024-09-23,601169,4.75513567,4.87901696,4.71701835,4.86948763,73996570,374728418.84
2024-09-24,601169,4.88854629,5.08866222,4.8599583,5.07913289,112592921,589670026.74
2024-09-25,601169,5.11725021,5.26019016,5.10772088,5.2411315,162380731,887495946.6
2024-09-26,601169,5.22207284,5.42218877,5.21254351,5.41265944,136907693,762970056.13
2024-09-27,601169,5.46983542,5.5270114,5.2411315,5.32689547,108886387,609572427.81
2024-09-30,601169,5.37454212,5.64136336,5.26019016,5.56512872,321618569,1836274008.58
2024-10-08,601169,5.95583125,6.04159522,5.58418738,5.74618599,339044947,2062399928.06
2024-10-09,601169,5.66995135,5.67948068,5.29830748,5.31736614,226479309,1301904422.08
2024-10-10,601169,5.35548346,5.69853934,5.34595413,5.57465805,202700111,1176417029.26
2024-10-11,601169,5.56512872,5.63183403,5.41265944,5.45077676,112686787,653217511.7
2024-10-14,601169,5.50795274,5.70806867,5.50795274,5.65089269,171442355,1011611799.21
2024-10-15,601169,5.64136336,5.73665666,5.54607006,5.55559939,111043066,655946788.42
2024-10-16,601169,5.5270114,5.68901001,5.50795274,5.64136336,110690992,653867747.36
2024-10-17,601169,5.64136336,5.75571532,5.57465805,5.58418738,120020883,712003848.38
2024-10-18,601169,5.58418738,5.65089269,5.46030609,5.58418738,129991768,759379424.52
2024-10-21,601169,5.60324604,5.60324604,5.45077676,5.53654073,123044456,711866907.46
2024-10-22,601169,5.5270114,5.59371671,5.50795274,5.5270114,83492979,485261518.75
2024-10-23,601169,5.5270114,5.55559939,5.50795274,5.51748207,68691308,398336473.16
2024-10-24,601169,5.51748207,5.56512872,5.48889408,5.50795274,66098049,382715954.53
2024-10-25,601169,5.49842341,5.51748207,5.45077676,5.46983542,66348233,381272317.29
2024-10-28,601169,5.45077676,5.46030609,5.36501279,5.42218877,83003993,471031764.44
2024-10-29,601169,5.42218877,5.49842341,5.38407145,5.42218877,83434692,475977374.92
2024-10-30,601169,5.42218877,5.44124743,5.31736614,5.35548346,77259584,435474098.16
2024-10-31,601169,5.38407145,5.41265944,5.31736614,5.38407145,93287168,525874607.17
2024-11-01,601169,5.38407145,5.47936475,5.36501279,5.4317181,111230019,633364354.25
2024-11-04,601169,5.44124743,5.46030609,5.35548346,5.46030609,103344341,585650371.87
2024-11-05,601169,5.44124743,5.50795274,5.41265944,5.48889408,111743607,640014435.55
2024-11-06,601169,5.48889408,5.48889408,5.40313011,5.42218877,108895497,622160238.57
2024-11-07,601169,5.40313011,5.5270114,5.38407145,5.51748207,120581409,690635127.19
2024-11-08,601169,5.5270114,5.56512872,5.39360078,5.42218877,148101174,848220847.66
2024-11-11,601169,5.40313011,5.40313011,5.29830748,5.31736614,125857160,704019371.17
2024-11-12,601169,5.31736614,5.39360078,5.28877815,5.30783681,117241293,656814405.15
2024-11-13,601169,5.30783681,5.34595413,5.27924882,5.30783681,78757110,439146384.53
2024-11-14,601169,5.31736614,5.35548346,5.27924882,5.29830748,109480123,611826421.66
2024-11-15,601169,5.28877815,5.38407145,5.26019016,5.32689547,147492273,826063507.0
2024-11-18,601169,5.38407145,5.58418738,5.37454212,5.47936475,266469043,1537788033.17
2024-11-19,601169,5.46983542,5.57465805,5.39360078,5.46983542,178433795,1026719194.19
2024-11-20,601169,5.44124743,5.50795274,5.4317181,5.44124743,105532574,604433456.28
2024-11-21,601169,5.4317181,5.45077676,5.39360078,5.41265944,94272410,535468894.35
2024-11-22,601169,5.41265944,5.44124743,5.28877815,5.28877815,120797248,679642772.67
2024-11-25,601169,5.27924882,5.3364248,5.26019016,5.29830748,119816134,665562405.81
2024-11-26,601169,5.28877815,5.34595413,5.25066083,5.3364248,99591868,554902785.08
2024-11-27,601169,5.32689547,5.4317181,5.29830748,5.42218877,108436369,611015255.14
2024-11-28,601169,5.41265944,5.44124743,5.38407145,5.42218877,81540629,463508412.18
2024-11-29,601169,5.42218877,5.49842341,5.41265944,5.45077676,99294606,569281630.94
2024-12-02,601169,5.45077676,5.46030609,5.35548346,5.36501279,142339325,805445888.42
2024-12-03,601169,5.37454212,5.44124743,5.36501279,5.44124743,126677437,718007203.56
2024-12-04,601169,5.42218877,5.47936475,5.39360078,5.45077676,119245260,680662588.85
2024-12-05,601169,5.44124743,5.47936475,5.4317181,5.44124743,69336844,396671715.35
2024-12-06,601169,5.44124743,5.54607006,5.44124743,5.5270114,134951428,779571864.27
2024-12-09,601169,5.5270114,5.64136336,5.49842341,5.59371671,127705056,748733578.13
2024-12-10,601169,5.66995135,5.68901001,5.57465805,5.63183403,127779982,754537204.94
2024-12-11,601169,5.61277537,5.66042202,5.53654073,5.54607006,117279535,686605763.65
2024-12-12,601169,5.53654073,5.6223047,5.53654073,5.61277537,106226769,623566411.39
2024-12-13,601169,5.60324604,5.63183403,5.55559939,5.59371671,145249676,853107361.94
2024-12-16,601169,5.59371671,5.70806867,5.58418738,5.65089269,114914759,681545426.31
2024-12-17,601169,5.65089269,5.68901001,5.58418738,5.58418738,92799744,548108520.55
2024-12-18,601169,5.61277537,5.70806867,5.61277537,5.67948068,112304266,668316050.41
2024-12-19,601169,5.66995135,5.717598,5.59371671,5.6223047,109803233,650008008.65
2024-12-20,601169,5.61277537,5.66042202,5.56512872,5.58418738,93051583,546937056.47
2024-12-23,601169,5.58418738,5.69853934,5.58418738,5.65089269,118691802,704715559.79
2024-12-24,601169,5.66042202,5.77477398,5.63183403,5.76524465,148190693,890829434.21
2024-12-25,601169,5.77477398,5.91771393,5.77477398,5.9081846,148618008,915301441.04
2024-12-26,601169,5.89865527,5.91771393,5.83194996,5.9081846,87209268,538488687.88
2024-12-27,601169,5.89865527,5.94630192,5.74618599,5.86053795,112697027,690061443.31
2024-12-30,601169,5.85100862,5.98441924,5.84147929,5.96536058,113305535,704295369.56
2024-12-31,601169,5.95583125,5.99394857,5.85100862,5.86053795,112793013,700532142.92
2025-01-02,601169,5.87006728,5.91771393,5.70806867,5.73665666,146241949,889270901.44
2025-01-03,601169,5.73665666,5.79383264,5.6223047,5.63183403,127039708,756993878.49
2025-01-06,601169,5.63183403,5.69853934,5.51748207,5.68901001,133695805,788687693.0
2025-01-07,601169,5.66995135,5.78430331,5.63183403,5.76524465,91927028,550175516.0
2025-01-08,601169,5.76524465,5.84147929,5.72712733,5.77477398,100498170,609981092.69
2025-01-09,601169,5.77477398,5.78430331,5.66042202,5.70806867,88304503,530661749.67
2025-01-10,601169,5.72712733,5.74618599,5.58418738,5.66995135,96296387,573052918.15
2025-01-13,601169,5.63183403,5.66042202,5.53654073,5.58418738,105597072,619779604.27
2025-01-14,601169,5.59371671,5.72712733,5.58418738,5.717598,103316572,615971490.53
2025-01-15,601169,5.717598,5.82242063,5.70806867,5.72712733,90716670,547832592.77
2025-01-16,601169,5.76524465,5.77477398,5.69853934,5.75571532,74632187,449918560.83
2025-01-17,601169,5.74618599,5.76524465,5.67948068,5.70806867,85235130,512474997.91
2025-01-20,601169,5.74696674,5.77613916,5.70807018,5.71779432,65059813,384049598.21
2025-01-21,601169,5.74696674,5.7858633,5.70807018,5.72751846,49945923,294881312.73
2025-01-22,601169,5.7372426,5.7372426,5.61082878,5.62055292,73290711,425780354.33
2025-01-23,601169,5.64972534,5.7858633,5.64972534,5.74696674,91420395,539250547.76
2025-01-24,601169,5.74696674,5.76641502,5.65944948,5.74696674,67773382,398669087.87
2025-01-27,601169,5.74696674,5.84420814,5.74696674,5.82475986,86561408,518461706.11
2025-02-05,601169,5.82475986,5.85393228,5.74696674,5.75669088,76955792,457891143.66
2025-02-06,601169,5.75669088,5.80531158,5.6886219,5.74696674,81391211,479836708.63
2025-02-07,601169,5.72751846,5.75669088,5.69834604,5.70807018,83936303,493564104.18
2025-02-10,601169,5.71779432,5.79558744,5.6886219,5.70807018,94263978,556384893.51
2025-02-11,601169,5.71779432,5.7858633,5.71779432,5.7858633,74858933,443435547.81
2025-02-12,601169,5.7858633,5.81503572,5.74696674,5.80531158,54328229,323155877.09
2025-02-13,601169,5.79558744,5.82475986,5.7858633,5.79558744,51085643,305216050.12
2025-02-14,601169,5.79558744,5.80531158,5.74696674,5.7858633,60725127,360362105.94
2025-02-17,601169,5.79558744,5.81503572,5.7372426,5.79558744,66726838,395677653.82
2025-02-18,601169,5.7858633,5.8831047,5.77613916,5.85393228,117189775,704223079.64
2025-02-19,601169,5.834484,5.89282884,5.82475986,5.834484,77451222,466472492.09
2025-02-20,601169,5.834484,5.86365642,5.81503572,5.84420814,51528141,309373919.17
2025-02-21,601169,5.834484,5.84420814,5.69834604,5.72751846,155144635,917021872.71
2025-02-24,601169,5.71779432,5.7372426,5.66917362,5.66917362,84204308,492664691.35
2025-02-25,601169,5.66917362,5.6886219,5.63027706,5.6400012,65781756,382834575.45
2025-02-26,601169,5.6400012,5.70807018,5.63027706,5.65944948,68277581,398312909.71
2025-02-27,601169,5.66917362,5.71779432,5.63027706,5.70807018,74295135,434069580.72
2025-02-28,601169,5.69834604,5.7372426,5.66917362,5.67889776,73736903,432128371.55
2025-03-03,601169,5.6886219,5.70807018,5.63027706,5.6886219,76474651,445374292.39
2025-03-04,601169,5.67889776,5.70807018,5.65944948,5.67889776,46497915,272020929.12
2025-03-05,601169,5.66917362,5.82475986,5.66917362,5.81503572,139622569,828810296.74
2025-03-06,601169,5.82475986,5.834484,5.71779432,5.71779432,112890976,667485785.49
2025-03-07,601169,5.72751846,5.75669088,5.69834604,5.70807018,56502003,332420162.93
2025-03-10,601169,5.6886219,5.69834604,5.64972534,5.65944948,71538374,416763016.69
2025-03-11,601169,5.64972534,5.66917362,5.62055292,5.66917362,76343172,443147701.14
2025-03-12,601169,5.65944948,5.6886219,5.63027706,5.66917362,58158884,339093502.28
2025-03-13,601169,5.66917362,5.70807018,5.65944948,5.6886219,55967040,327534877.28
2025-03-14,601169,5.6886219,5.76641502,5.6886219,5.7372426,102530543,605346078.33
2025-03-17,601169,5.72751846,5.85393228,5.71779432,5.834484,138789039,828343498.51
2025-03-18,601169,5.834484,5.85393228,5.80531158,5.82475986,52423567,314110522.51
2025-03-19,601169,5.834484,5.89282884,5.82475986,5.89282884,75315397,454194684.9
2025-03-20,601169,5.89282884,5.92200126,5.85393228,5.87338056,52530460,317516712.37
2025-03-21,601169,5.85393228,5.8831047,5.80531158,5.82475986,69368574,416197399.64
2025-03-24,601169,5.82475986,5.85393228,5.81503572,5.834484,61037539,366291332.18
2025-03-25,601169,5.84420814,5.9317254,5.834484,5.92200126,85839499,520334772.8
2025-03-26,601169,5.92200126,5.9317254,5.8831047,5.90255298,56569367,343262603.07
2025-03-27,601169,5.90255298,5.9317254,5.86365642,5.87338056,45843316,277811503.82
2025-03-28,601169,5.87338056,5.89282884,5.834484,5.85393228,50879019,306398226.57
2025-03-31,601169,5.87338056,5.91227712,5.834484,5.87338056,76958797,465432124.66
2025-04-01,601169,5.87338056,5.94144954,5.80531158,5.87338056,101390482,611848673.94
2025-04-02,601169,5.87338056,6.04841508,5.87338056,6.03869094,154220310,950729234.6
2025-04-03,601169,6.01924266,6.09703578,6.01924266,6.09703578,73351629,457684140.1
2025-04-07,601169,5.94144954,5.99007024,5.63027706,5.7372426,226975078,1356073253.33
2025-04-08,601169,5.7372426,5.86365642,5.72751846,5.85393228,154253809,920627901.96
2025-04-09,601169,5.82475986,5.834484,5.71779432,5.80531158,112360688,667978640.1
2025-04-10,601169,5.82475986,5.89282884,5.77613916,5.85393228,83085760,499746933.59
2025-04-11,601169,5.84420814,5.86365642,5.79558744,5.834484,57122609,342506539.91
2025-04-14,601169,5.84420814,5.92200126,5.84420814,5.89282884,69345125,420083944.3
2025-04-15,601169,5.87338056,5.9317254,5.86365642,5.91227712,93727476,568402840.94
2025-04-16,601169,5.91227712,6.00951852,5.90255298,5.9803461,113484423,695609320.21
2025-04-17,601169,6.01924266,6.0289668,5.92200126,6.01924266,72127931,443678180.45
2025-04-18,601169,6.00951852,6.08731164,5.99007024,6.05813922,65682738,409036088.51
2025-04-21,601169,6.05813922,6.13593234,5.95117368,5.96089782,87929300,545322909.2
2025-04-22,601169,5.97062196,6.0289668,5.96089782,6.00951852,60447453,373031471.58
2025-04-23,601169,6.00951852,6.04841508,5.97062196,5.9803461,58762865,362714068.96
2025-04-24,601169,5.99007024,6.06786336,5.99007024,6.05813922,61802483,384129118.81
2025-04-25,601169,6.06786336,6.09703578,5.99007024,6.0289668,59736092,370431480.16
2025-04-28,601169,6.03869094,6.13593234,6.03869094,6.1262082,79017775,496029922.77
2025-04-29,601169,6.1262082,6.14565648,6.0775875,6.08731164,49787059,312448210.1
2025-04-30,601169,6.03869094,6.04841508,5.82475986,5.834484,206692540,1249687218.57
2025-05-06,601169,5.85393228,5.86365642,5.77613916,5.7858633,115666707,690343326.67
2025-05-07,601169,5.80531158,5.89282884,5.79558744,5.8831047,101354904,610619136.52
2025-05-08,601169,5.87338056,5.95117368,5.86365642,5.92200126,83727442,508856486.77
2025-05-09,601169,5.9317254,6.01924266,5.92200126,6.01924266,84338345,519575744.54
2025-05-12,601169,6.01924266,6.06786336,5.99007024,6.01924266,77171782,478674814.84
2025-05-13,601169,6.0289668,6.14565648,5.97062196,6.11648406,124095775,777484609.92
2025-05-14,601169,6.11648406,6.18455304,6.0775875,6.15538062,89577145,565308125.78
2025-05-15,601169,6.13593234,6.18455304,6.09703578,6.09703578,73900787,466522800.51
2025-05-16,601169,6.09703578,6.13593234,5.99007024,6.00951852,90315807,560206542.19
2025-05-19,601169,6.01924266,6.11648406,6.00951852,6.0289668,77345742,482451697.15
2025-05-20,601169,6.05813922,6.10675992,6.01924266,6.04841508,60654805,378236307.97
2025-05-21,601169,6.05813922,6.1262082,6.04841508,6.08731164,59577336,373260024.14
2025-05-22,601169,6.09703578,6.16510476,6.06786336,6.15538062,73949767,466566204.54
2025-05-23,601169,6.1748289,6.20400132,6.09703578,6.10675992,77703877,491201876.97
2025-05-26,601169,6.09703578,6.13593234,6.04841508,6.05813922,70461826,440893743.58
2025-05-27,601169,6.06786336,6.1262082,6.05813922,6.09703578,56141115,352058390.78
2025-05-28,601169,6.09703578,6.14565648,6.0289668,6.0775875,68376786,427414371.27
2025-05-29,601169,6.06786336,6.09703578,6.03869094,6.05813922,57839329,360802649.24
2025-05-30,601169,6.06786336,6.15538062,6.06786336,6.1262082,90964964,572326239.29
2025-06-03,601169,6.1262082,6.30124272,6.11648406,6.2720703,119328608,763592669.14
2025-06-04,601169,6.2720703,6.33041514,6.21372546,6.30124272,82620371,533684892.92
2025-06-05,601169,6.30124272,6.34013928,6.1748289,6.18455304,97054911,620218311.52
2025-06-06,601169,6.20400132,6.28179444,6.20400132,6.23317374,80537107,516871151.5
2025-06-09,601169,6.25262202,6.28179444,6.18455304,6.26234616,74315388,477071998.39
2025-06-10,601169,6.26234616,6.3693117,6.25262202,6.30124272,92643670,602456505.41
2025-06-11,601169,6.31096686,6.34013928,6.23317374,6.29151858,61527568,397883883.75
2025-06-12,601169,6.29151858,6.35958756,6.2720703,6.34986342,59700418,388469815.95
2025-06-13,601169,6.34986342,6.3693117,6.25262202,6.29151858,84763977,549315673.3
2025-06-16,601169,6.2720703,6.4665531,6.24289788,6.4665531,140593269,921207347.48
2025-06-17,601169,6.45682896,6.52489794,6.43738068,6.47627724,85698192,571391515.81
2025-06-18,601169,6.49572552,6.64158762,6.4665531,6.63186348,108179613,730445064.01
2025-06-19,601169,6.62213934,6.67076004,6.52489794,6.60269106,104880126,710773830.4
2025-06-20,601169,6.60269106,6.69020832,6.54434622,6.65131176,91101045,622365961.52
2025-06-23,601169,6.64158762,6.78744972,6.57351864,6.74855316,94621345,651885634.16
2025-06-24,601169,6.71938074,6.7582773,6.65131176,6.72910488,112265153,775244285.35
2025-06-25,601169,6.71938074,6.78744972,6.60269106,6.7582773,104039699,717101750.5
2025-06-26,601169,6.74855316,6.86524284,6.69020832,6.83607042,93074556,649658297.86
2025-06-27,601169,6.82634628,6.89441526,6.6610359,6.72910488,142140279,991164304.25
2025-06-30,601169,6.68048418,6.71938074,6.59296692,6.64158762,100231434,684931054.48
2025-07-01,601169,6.65131176,6.82634628,6.65131176,6.76800144,95605486,663532074.51
2025-07-02,601169,6.78744972,6.87496698,6.77772558,6.84579456,77260575,543334432.35
2025-07-03,601169,6.8555187,6.9041394,6.79717386,6.82634628,63525399,446807116.41
2025-07-04,601169,6.82634628,7.03055322,6.81662214,7.0013808,100718955,720023401.52
2025-07-07,601169,7.02082908,7.05972564,6.9527601,7.04027736,80240009,579157541.35
2025-07-08,601169,7.04027736,7.07917392,6.9527601,7.0013808,84750029,609764348.42
2025-07-09,601169,6.99165666,7.0986222,6.96248424,7.0500015,96590051,699940309.83
2025-07-10,601169,7.08,7.24,7.05,7.08,161808448,1155967934.29
2025-07-11,601169,7.1,7.21,6.95,6.95,199920109,1409636257.71
2025-07-14,601169,6.95,7.12,6.95,7.02,135365146,954612084.88
2025-07-15,601169,7.05,7.09,6.96,6.98,75803882,531477587.84
2025-07-16,601169,6.98,7.01,6.86,6.88,116407235,802793895.43
2025-07-17,601169,6.88,6.93,6.83,6.84,72477031,497302343.32
2025-07-18,601169,6.84,6.92,6.82,6.86,78490081,539475804.32
2025-07-21,601169,6.85,6.86,6.74,6.79,120990240,820002538.21
2025-07-22,601169,6.78,6.8,6.66,6.69,112011089,751475646.08
2025-07-23,601169,6.69,6.77,6.68,6.7,104935134,706124138.59
2025-07-24,601169,6.7,6.71,6.58,6.6,140436548,929512000.8
2025-07-25,601169,6.6,6.63,6.55,6.56,102089836,672474828.32
2025-07-28,601169,6.56,6.67,6.55,6.59,117499768,777318184.87
2025-07-29,601169,6.61,6.64,6.45,6.46,110981271,724421859.97
2025-07-30,601169,6.49,6.58,6.47,6.51,121651534,793455614.17
2025-07-31,601169,6.51,6.53,6.38,6.45,114246680,735829099.78
2025-08-01,601169,6.47,6.51,6.38,6.48,94189249,608328139.39
2025-08-04,601169,6.46,6.54,6.45,6.47,85356020,554169071.95
2025-08-05,601169,6.49,6.58,6.47,6.55,134449885,879058212.54
2025-08-06,601169,6.56,6.59,6.5,6.52,103711193,677039603.46
2025-08-07,601169,6.52,6.56,6.47,6.54,90446941,590678763.23
2025-08-08,601169,6.55,6.58,6.52,6.53,75814382,496226698.74
2025-08-11,601169,6.54,6.55,6.44,6.45,110962986,717739143.89
2025-08-12,601169,6.45,6.49,6.44,6.44,83254624,538250118.83
2025-08-13,601169,6.45,6.46,6.39,6.39,107876178,692202989.32
2025-08-14,601169,6.4,6.42,6.33,6.33,123449437,785977047.08
2025-08-15,601169,6.34,6.35,6.21,6.25,155446118,971721935.83
2025-08-18,601169,6.24,6.29,6.21,6.24,114879348,717816827.76
2025-08-19,601169,6.25,6.28,6.23,6.24,87251527,545750616.73
2025-08-20,601169,6.25,6.31,6.23,6.25,110292496,691505654.78
2025-08-21,601169,6.26,6.3,6.23,6.29,110375640,692612063.07
2025-08-22,601169,6.29,6.29,6.18,6.22,166140539,1032744358.37
2025-08-25,601169,6.21,6.32,6.2,6.3,165975115,1040810922.16
2025-08-26,601169,6.3,6.31,6.23,6.23,98982763,619157845.57
2025-08-27,601169,6.23,6.24,6.08,6.08,216034432,1329145910.27
2025-08-28,601169,6.09,6.16,6.08,6.12,132330609,809477202.91
2025-08-29,601169,6.13,6.22,5.99,6.0,391156425,2383685811.29
2025-09-01,601169,6.09,6.27,6.05,6.07,524927415,3229980817.38
2025-09-02,601169,6.08,6.17,6.05,6.16,209654854,1283188858.58
2025-09-03,601169,6.15,6.18,6.07,6.09,148955124,911393707.57
2025-09-04,601169,6.09,6.15,5.98,6.13,208569967,1263166717.58
2025-09-05,601169,6.11,6.11,6.03,6.06,135063558,818001315.17
2025-09-08,601169,6.05,6.08,5.97,5.98,236187652,1420020574.59
2025-09-09,601169,5.99,6.03,5.98,6.01,133193040,799140467.25
2025-09-10,601169,6.01,6.07,5.98,6.03,157577579,950319286.82
2025-09-11,601169,6.03,6.07,5.99,6.07,126902290,764634992.24
2025-09-12,601169,6.06,6.09,5.94,5.95,321485270,1926519164.06
2025-09-15,601169,5.95,5.97,5.83,5.88,272909027,1609417087.08
2025-09-16,601169,5.88,5.95,5.76,5.77,484846812,2826204849.03
2025-09-17,601169,5.78,5.79,5.71,5.72,254836230,1465106280.88
2025-09-18,601169,5.74,5.75,5.62,5.63,276076817,1567934360.43
2025-09-19,601169,5.62,5.67,5.56,5.63,227293535,1277071311.43
2025-09-22,601169,5.63,5.65,5.57,5.58,130445000,730641226.44
2025-09-23,601169,5.58,5.68,5.55,5.64,224106833,1262132280.97
2025-09-24,601169,5.63,5.7,5.6,5.63,176901155,997958981.7
2025-09-25,601169,5.62,5.63,5.56,5.59,138182346,772115332.59
2025-09-26,601169,5.58,5.62,5.53,5.6,152115142,848578632.16
2025-09-29,601169,5.59,5.61,5.54,5.55,230256769,1281770553.22
2025-09-30,601169,5.54,5.55,5.48,5.51,231157991,1271713580.43
2025-10-09,601169,5.49,5.51,5.45,5.46,307225111,1681415155.39
2025-10-10,601169,5.46,5.57,5.45,5.5,495069735,2726383232.44
2025-10-13,601169,5.46,5.57,5.42,5.55,346055525,1902906875.3
2025-10-14,601169,5.52,5.68,5.5,5.65,423211327,2375120042.93
2025-10-15,601169,5.63,5.7,5.62,5.7,289374531,1640039157.54
2025-10-16,601169,5.69,5.77,5.69,5.76,269977653,1546798161.35
2025-10-17,601169,5.75,5.8,5.72,5.73,244901368,1411136995.31
2025-10-20,601169,5.72,5.76,5.63,5.74,233815049,1331784678.12
2025-10-21,601169,5.73,5.75,5.68,5.7,225714648,1290195094.14
2025-10-22,601169,5.69,5.78,5.69,5.75,243997530,1400641780.5
2025-10-23,601169,5.75,5.83,5.73,5.81,252102029,1457522562.74
2025-10-24,601169,5.79,5.86,5.77,5.78,251505975,1462477599.59
2025-10-27,601169,5.77,5.85,5.71,5.79,270326665,1562972128.61
2025-10-28,601169,5.8,5.82,5.72,5.76,205573085,1183860663.87
2025-10-29,601169,5.75,5.76,5.65,5.65,224084387,1273838564.76
2025-10-30,601169,5.66,5.72,5.65,5.67,166842226,948742731.9
2025-10-31,601169,5.64,5.64,5.58,5.59,237781346,1332343933.98
2025-11-03,601169,5.59,5.67,5.58,5.66,220696987,1244125761.16
2025-11-04,601169,5.67,5.77,5.66,5.75,244053320,1399179382.61
2025-11-05,601169,5.76,5.77,5.69,5.71,219829009,1257525395.79
2025-11-06,601169,5.7,5.72,5.67,5.69,189905168,1080620302.25
2025-11-07,601169,5.69,5.73,5.66,5.67,175543303,997959764.78
2025-11-10,601169,5.67,5.73,5.66,5.73,178739157,1018671441.94
2025-11-11,601169,5.73,5.75,5.7,5.72,125109890,715464322.87
2025-11-12,601169,5.72,5.77,5.72,5.73,205199948,1178359793.53
2025-11-13,601169,5.73,5.75,5.68,5.71,180227113,1027969648.67
2025-11-14,601169,5.71,5.78,5.7,5.73,252319932,1452412740.9
2025-11-17,601169,5.73,5.75,5.68,5.71,203737010,1162395522.29
2025-11-18,601169,5.7,5.72,5.65,5.66,161633445,918570607.43
2025-11-19,601169,5.67,5.75,5.66,5.74,228108895,1303671461.82
2025-11-20,601169,5.75,5.9,5.74,5.82,353547275,2060745312.18
2025-11-21,601169,5.9,5.9,5.74,5.74,295607757,1716899896.62
2025-11-24,601169,5.75,5.78,5.68,5.68,228820911,1308488520.2
2025-11-25,601169,5.7,5.78,5.67,5.78,251044185,1439983171.69
2025-11-26,601169,5.78,5.8,5.71,5.73,173984528,999683399.41
2025-11-27,601169,5.73,5.76,5.7,5.73,144804609,828886970.35
2025-11-28,601169,5.73,5.73,5.67,5.68,175518552,999692899.98
2025-12-01,601169,5.68,5.75,5.67,5.74,221838587,1268866191.68
2025-12-02,601169,5.73,5.76,5.7,5.73,124778240,714298621.63
2025-12-03,601169,5.72,5.75,5.68,5.69,185821464,1062458017.58
2025-12-04,601169,5.7,5.7,5.63,5.64,207235551,1171743243.26
2025-12-05,601169,5.63,5.65,5.56,5.59,203283728,1136755302.2
2025-12-08,601169,5.59,5.65,5.57,5.63,148866961,836149130.05
2025-12-09,601169,5.63,5.63,5.56,5.58,131034604,732231622.57
2025-12-10,601169,5.58,5.59,5.51,5.53,119308350,660784971.28
2025-12-11,601169,5.53,5.56,5.52,5.53,98895373,547483609.05
2025-12-12,601169,5.53,5.54,5.5,5.52,122047286,674089231.59
2025-12-15,601169,5.52,5.57,5.51,5.54,106771785,592346583.75
2025-12-16,601169,5.54,5.56,5.5,5.51,128400352,708240673.24
2025-12-17,601169,5.5,5.53,5.47,5.51,143845567,790645853.29
2025-12-18,601169,5.5,5.57,5.48,5.56,182228710,1008902826.39
2025-12-19,601169,5.55,5.57,5.53,5.55,157234932,872694000.86
2025-12-22,601169,5.54,5.55,5.5,5.51,112002448,618632156.56
2025-12-23,601169,5.51,5.54,5.5,5.51,95403921,526298192.38
2025-12-24,601169,5.51,5.52,5.48,5.5,100313856,551238348.89
2025-12-25,601169,5.5,5.54,5.5,5.51,90136172,497663181.62
2025-12-26,601169,5.52,5.53,5.49,5.49,74976578,412823561.8
2025-12-29,601169,5.5,5.52,5.49,5.52,89648704,493367401.98
2025-12-30,601169,5.51,5.51,5.48,5.48,121955248,669578770.57
2025-12-31,601169,5.48,5.5,5.48,5.48,67974169,372947968.0
2026-01-05,601169,5.49,5.53,5.48,5.52,142882251,786738833.45
2026-01-06,601169,5.53,5.59,5.52,5.59,172967475,961107225.76
2026-01-07,601169,5.58,5.6,5.55,5.55,109477770,609277215.13
2026-01-08,601169,5.55,5.57,5.52,5.53,86832353,480789101.83
2026-01-09,601169,5.53,5.54,5.5,5.51,101237080,558420093.33
2026-01-12,601169,5.5,5.53,5.5,5.52,108333547,597866026.93
2026-01-13,601169,5.52,5.57,5.52,5.53,125573946,696137868.72
2026-01-14,601169,5.53,5.54,5.36,5.38,460892179,2513751267.6
2026-01-15,601169,5.38,5.4,5.32,5.33,217991024,1166638874.71
2026-01-16,601169,5.34,5.35,5.23,5.24,256099362,1351465318.63
2026-01-19,601169,5.24,5.25,5.21,5.22,126437499,660804068.2
2026-01-20,601169,5.22,5.33,5.22,5.32,189082612,997494932.49
2026-01-21,601169,5.32,5.34,5.25,5.26,162522510,860534413.31
2026-01-22,601169,5.26,5.34,5.25,5.3,138073942,732034273.73
2026-01-23,601169,5.3,5.32,5.25,5.26,154086968,814081868.42
2026-01-26,601169,5.26,5.31,5.24,5.27,164196804,866767535.68
2026-01-27,601169,5.27,5.3,5.24,5.24,158904493,837988114.06
2026-01-28,601169,5.25,5.34,5.24,5.27,253818600,1343744656.75
2026-01-29,601169,5.28,5.36,5.25,5.36,226457046,1202662101.43
2026-01-30,601169,5.35,5.39,5.3,5.3,174906645,935100153.47
2026-02-02,601169,5.31,5.42,5.3,5.35,242690607,1304283923.84
2026-02-03,601169,5.37,5.37,5.26,5.28,196280988,1038740656.04
2026-02-04,601169,5.29,5.35,5.28,5.34,148677139,792084755.07
2026-02-05,601169,5.34,5.42,5.33,5.4,199038694,1072762913.0
2026-02-06,601169,5.41,5.42,5.36,5.4,141420938,762024605.66
2026-02-09,601169,5.4,5.44,5.37,5.43,108227863,585791296.01
2026-02-10,601169,5.43,5.46,5.41,5.45,103594185,563592824.34
2026-02-11,601169,5.46,5.48,5.43,5.47,89090546,486693201.38
2026-02-12,601169,5.48,5.48,5.4,5.41,122213738,663092468.02
2026-02-13,601169,5.42,5.47,5.41,5.41,112065988,609071891.28
2026-02-24,601169,5.43,5.45,5.39,5.39,98135358,531295078.88
2026-02-25,601169,5.4,5.43,5.35,5.36,137374079,740374278.92
2026-02-26,601169,5.36,5.41,5.35,5.37,90963286,488977188.47
2026-02-27,601169,5.37,5.42,5.37,5.39,93564684,505201896.38
2026-03-02,601169,5.37,5.46,5.36,5.43,164961187,894263727.4
2026-03-03,601169,5.42,5.47,5.4,5.41,173750735,944233219.34
2026-03-04,601169,5.41,5.42,5.32,5.35,187279461,1002814328.86
2026-03-05,601169,5.36,5.41,5.34,5.4,119801279,645009200.51
2026-03-06,601169,5.39,5.42,5.37,5.41,92270002,497666356.29
