日期,股票代码,开盘,最高,最低,收盘,成交量,成交额
2016-03-11,600827,11.02471136,11.15679656,10.8750148,11.02471136,6028857,75384497.0
2016-03-14,600827,11.13037952,11.4914124,11.13037952,11.33291016,8976809,115602641.0
2016-03-15,600827,11.33291016,11.52663512,11.20963064,11.4914124,10249982,132415459.0
2016-03-16,600827,11.50021808,11.5794692,11.4033556,11.46499536,13768136,179703034.0
2016-03-17,600827,11.52663512,11.76438848,11.45618968,11.68513736,12784868,168909042.0
2016-03-18,600827,11.67633168,12.1518384,11.67633168,12.01094752,18422919,250235787.0
2016-03-21,600827,12.33675768,12.75062464,12.2398952,12.4160088,22560017,319188880.0
2016-03-22,600827,12.4160088,13.0324064,12.29272928,12.78584736,26111527,379099600.0
2016-03-23,600827,12.68898488,12.8562928,12.53928832,12.79465304,15494251,223567584.0
2016-03-24,600827,12.68898488,13.0324064,12.52167696,12.61853944,18155990,264090811.0
2016-03-25,600827,12.768236,13.45507904,12.5921224,13.36702224,26985049,396838192.0
2016-03-28,600827,13.7368608,13.75447216,12.7242076,12.91793256,33186094,497802576.0
2016-03-29,600827,12.75943032,12.8562928,12.16064408,12.33675768,18833918,266450609.0
2016-03-30,600827,12.4160088,12.6361508,12.35436904,12.60973376,14839645,210468745.0
2016-03-31,600827,12.61853944,12.66256784,12.40720312,12.4600372,13131329,186698689.0
2016-04-01,600827,12.45123152,12.52167696,12.16944976,12.46884288,11173745,156767922.0
2016-04-05,600827,12.43362016,12.61853944,12.327952,12.5921224,17387985,247363498.0
2016-04-06,600827,12.548094,12.69779056,12.38959176,12.52167696,12285198,174916265.0
2016-04-07,600827,12.53048264,12.5921224,12.25750656,12.26631224,11112624,156463373.0
2016-04-08,600827,12.1958668,12.27511792,11.99333616,12.16064408,8966382,123725660.0
2016-04-11,600827,12.23108952,12.4160088,12.23108952,12.327952,8327741,116833591.0
2016-04-12,600827,12.35436904,12.39839744,12.09019864,12.2398952,7044995,97733493.0
2016-04-13,600827,12.27511792,12.548094,12.26631224,12.38959176,15682136,221478133.0
2016-04-14,600827,12.44242584,12.56570536,12.39839744,12.53048264,11650503,165184626.0
2016-04-15,600827,12.52167696,12.69779056,12.42481448,12.548094,12791440,182274253.0
2016-04-18,600827,12.46884288,12.46884288,12.11661568,12.1518384,10807620,150101564.0
2016-04-19,600827,12.26631224,12.2839236,12.07258728,12.21347816,6623789,91570286.0
2016-04-20,600827,12.22228384,12.25750656,11.3152988,11.6234976,17729409,235100071.0
2016-04-21,600827,11.5794692,11.7555828,11.45618968,11.63230328,10299914,135780662.0
2016-04-22,600827,11.70274872,11.87005664,11.58827488,11.83483392,8598084,114912433.0
2016-04-25,600827,11.7555828,12.0197532,11.52663512,11.79080552,8175745,109270521.0
2016-04-26,600827,11.72036008,11.8436396,11.59708056,11.81722256,4706527,62680224.0
2016-04-27,600827,11.7555828,11.85244528,11.63230328,11.67633168,5507721,73614223.0
2016-04-28,600827,11.73797144,11.89647368,11.58827488,11.77319416,8103115,108195602.0
2016-04-29,600827,11.64991464,11.77319416,11.55305216,11.59708056,6523743,86242566.0
2016-05-03,600827,11.60588624,11.8436396,11.5354408,11.78199984,11098218,148098869.0
2016-05-04,600827,11.77319416,12.12542136,11.72916576,11.96691912,18896030,257477097.0
2016-05-05,600827,11.89647368,12.07258728,11.82602824,12.04617024,10751861,146113932.0
2016-05-06,600827,12.1518384,12.16944976,11.447384,11.54424648,14874365,199628771.0
2016-05-09,600827,11.447384,11.52663512,11.14799088,11.23604768,10724882,138070323.0
2016-05-10,600827,11.28007608,11.32410448,11.10396248,11.19201928,5126233,65289190.0
2016-05-11,600827,11.2712704,11.447384,11.1391852,11.16560224,7396825,94685201.0
2016-05-12,600827,11.0951568,11.0951568,10.89262616,11.08635112,6689789,83690125.0
2016-05-13,600827,11.04232272,11.16560224,10.98948864,11.0511284,5281664,66472708.0
2016-05-16,600827,11.0511284,11.11276816,10.84859776,11.10396248,4874157,60926849.0
2016-05-17,600827,11.0951568,11.11276816,10.92784888,10.98948864,6376605,79701178.0
2016-05-18,600827,10.91023752,10.93665456,10.50517624,10.66367848,9606313,116895369.0
2016-05-19,600827,10.67248416,10.82218072,10.57562168,10.61965008,6753847,82269228.0
2016-05-20,600827,10.63726144,10.7429296,10.566816,10.73412392,6023876,72936330.0
2016-05-23,600827,10.76934664,10.8750148,10.72531824,10.79576368,6485384,79451800.0
2016-05-24,600827,10.786958,10.786958,10.51398192,10.58442736,6489499,78103221.0
2016-05-25,600827,10.6548728,10.6989012,10.53159328,10.55801032,4114652,49658511.0
2016-05-26,600827,10.60203872,10.62845576,10.38189672,10.54920464,6306140,74944965.0
2016-05-27,600827,10.51398192,10.69009552,10.46995352,10.61965008,5600644,67446654.0
2016-05-30,600827,10.566816,10.6989012,10.4787592,10.61965008,4583332,55290492.0
2016-05-31,600827,10.61965008,10.98948864,10.61965008,10.98068296,11505595,142089897.0
2016-06-01,600827,11.02471136,11.0511284,10.91023752,10.97187728,9735733,121384249.0
2016-06-02,600827,10.97187728,11.0511284,10.9190432,11.03351704,7219089,90017073.0
2016-06-03,600827,11.04232272,11.08635112,10.95426592,11.04232272,7227478,90565438.0
2016-06-06,600827,11.1391852,11.3152988,11.11276816,11.1391852,12161030,154803963.0
2016-06-07,600827,11.12157384,11.13037952,10.94546024,10.97187728,7403775,92425816.0
2016-06-08,600827,10.95426592,11.0951568,10.95426592,11.01590568,8049500,100884943.0
2016-06-13,600827,10.9190432,11.25365904,10.6108444,10.63726144,12956019,162276911.0
2016-06-14,600827,10.67248416,10.84859776,10.61965008,10.81337504,7183636,87787170.0
2016-06-15,600827,10.67248416,11.14799088,10.67248416,11.13037952,9564370,119265176.0
2016-06-16,600827,11.04232272,11.15679656,10.79576368,10.88382048,11790671,146134757.0
2016-06-17,600827,10.8750148,10.97187728,10.75173528,10.786958,7987779,98550398.0
2016-06-20,600827,10.77815232,10.82218072,10.58442736,10.66367848,6774713,81966628.0
2016-06-21,600827,10.7429296,10.77815232,10.59323304,10.63726144,6248309,75833963.0
2016-06-22,600827,10.6548728,10.6989012,10.57562168,10.69009552,4697491,56738463.0
2016-06-23,600827,10.70770688,10.73412392,10.61965008,10.6548728,5217127,63222251.0
2016-06-24,600827,10.60203872,10.72531824,10.3907024,10.4787592,11031475,131904757.0
2016-06-27,600827,10.39950808,10.61965008,10.39950808,10.6108444,6779439,81092676.0
2016-06-28,600827,10.53159328,10.67248416,10.53159328,10.63726144,7382716,88920026.0
2016-06-29,600827,10.6548728,10.76054096,10.62845576,10.6989012,8671497,105229486.0
2016-06-30,600827,10.6989012,10.73412392,10.6108444,10.63726144,5426867,65717430.0
2016-07-01,600827,10.69009552,10.6989012,10.58442736,10.61965008,5230880,63239639.0
2016-07-04,600827,10.59323304,10.88382048,10.57562168,10.83979208,13338624,163083161.0
2016-07-05,600827,10.8750148,10.8750148,10.77815232,10.84859776,8299065,102032222.0
2016-07-06,600827,10.8309864,10.89262616,10.786958,10.88382048,9173494,113054078.0
2016-07-07,600827,10.8750148,10.95426592,10.83979208,10.8750148,9048006,111926076.0
2016-07-08,600827,10.88382048,10.90143184,10.82218072,10.84859776,7181514,88540505.0
2016-07-11,600827,10.83979208,10.92784888,10.81337504,10.84859776,8990724,111073276.0
2016-07-12,600827,10.8750148,11.02471136,10.80456936,11.0071,12105059,150012701.0
2016-07-13,600827,11.0511284,11.1391852,11.03351704,11.06873976,13992427,176114131.0
2016-07-14,600827,11.08635112,11.0951568,11.0071,11.0511284,6466020,81076540.0
2016-07-15,600827,11.08635112,11.15679656,11.04232272,11.14799088,8726188,109999029.0
2016-07-18,600827,11.0951568,11.1391852,10.90143184,10.92784888,9688400,121093336.0
2016-07-19,600827,10.92784888,10.9630716,10.84859776,10.94546024,6652324,82332114.0
2016-07-20,600827,10.95426592,10.99829432,10.90143184,10.93665456,5909021,73474184.0
2016-07-21,600827,10.98068296,11.227242,10.93665456,11.0511284,13593943,171047158.0
2016-07-22,600827,11.02471136,11.0951568,10.9190432,10.93665456,7117037,88820887.0
2016-07-25,600827,10.9190432,11.08635112,10.9190432,11.07754544,8959700,112282737.0
2016-07-26,600827,11.06873976,11.36813288,11.04232272,11.3593272,19795340,253257060.0
2016-07-27,600827,11.39454992,11.41216128,10.83979208,11.28888176,23533277,299366384.0
2016-07-28,600827,11.19201928,11.34171584,11.03351704,11.28888176,14973530,190323916.0
2016-07-29,600827,11.32410448,11.52663512,11.16560224,11.30649312,21574991,278979728.0
2016-08-01,600827,11.23604768,11.24485336,10.83979208,10.93665456,13450561,167834736.0
2016-08-02,600827,10.93665456,11.29768744,10.91023752,11.26246472,12565301,158623113.0
2016-08-03,600827,11.21843632,11.7555828,11.20963064,11.64110896,35496466,466127952.0
2016-08-04,600827,11.5794692,11.70274872,11.47380104,11.58827488,18947028,248973336.0
2016-08-05,600827,11.54424648,12.09900432,11.52663512,11.59708056,23113023,308704224.0
2016-08-08,600827,11.59708056,11.85244528,11.58827488,11.81722256,17565112,234470700.0
2016-08-09,600827,11.7996112,11.9316964,11.65872032,11.86125096,17302255,231366840.0
2016-08-10,600827,11.8436396,11.87886232,11.56185784,11.57066352,13811674,183421297.0
2016-08-11,600827,11.60588624,11.7555828,11.51782944,11.5354408,10474633,138432900.0
2016-08-12,600827,11.54424648,11.70274872,11.42096696,11.667526,11361353,149056789.0
2016-08-15,600827,11.65872032,11.9757248,11.64110896,11.92289072,20159843,271486864.0
2016-08-16,600827,11.95811344,12.21347816,11.887668,11.94050208,25431539,347890624.0
2016-08-17,600827,11.92289072,12.1518384,11.8436396,12.04617024,15528106,212087460.0
2016-08-18,600827,11.98453048,12.26631224,11.9316964,12.14303272,20619062,283165408.0
2016-08-19,600827,12.08139296,12.26631224,12.08139296,12.18706112,16410359,227161838.0
2016-08-22,600827,12.1958668,12.4160088,12.17825544,12.21347816,18459029,257595936.0
2016-08-23,600827,12.1958668,12.30153496,11.85244528,12.01094752,20000667,274922112.0
2016-08-24,600827,12.01094752,12.09019864,11.87886232,11.90527936,9412071,128086647.0
2016-08-25,600827,11.85244528,11.95811344,11.72916576,11.94930776,8674107,116818508.0
2016-08-26,600827,11.96691912,11.99333616,11.82602824,11.86125096,5824490,78641354.0
2016-08-29,600827,11.8436396,11.86125096,11.65872032,11.7115544,7334641,97927317.0
2016-08-30,600827,11.7555828,11.78199984,11.65872032,11.67633168,5660726,75279475.0
2016-08-31,600827,11.68513736,11.76438848,11.65872032,11.72916576,5095168,67733515.0
2016-09-01,600827,11.7115544,11.74677712,11.447384,11.47380104,9780853,128606113.0
2016-09-02,600827,11.47380104,11.5794692,11.45618968,11.52663512,6243222,81535936.0
2016-09-05,600827,11.55305216,11.6234976,11.4914124,11.54424648,4745529,62283923.0
2016-09-06,600827,11.56185784,11.61469192,11.37693856,11.60588624,7265316,94907236.0
2016-09-07,600827,11.6234976,11.65872032,11.51782944,11.55305216,5882302,77440216.0
2016-09-08,600827,11.54424648,11.56185784,11.43857832,11.4914124,5372573,70152438.0
2016-09-09,600827,11.50902376,11.5354408,11.41216128,11.42096696,5465594,71235622.0
2016-09-12,600827,11.29768744,11.3152988,10.9190432,11.08635112,14255635,179294516.0
2016-09-13,600827,11.12157384,11.13037952,10.94546024,10.97187728,5658697,70652294.0
2016-09-14,600827,10.92784888,11.01590568,10.91023752,10.93665456,3661791,45562166.0
2016-09-19,600827,10.95426592,11.01590568,10.93665456,10.9630716,3600762,44826163.0
2016-09-20,600827,10.98068296,10.98068296,10.94546024,10.97187728,3093727,38529726.0
2016-09-21,600827,10.97187728,10.98948864,10.85740344,10.93665456,10497555,130226930.0
2016-09-22,600827,10.98948864,11.02471136,10.9630716,10.98068296,5833189,72826718.0
2016-09-23,600827,10.98948864,10.99829432,10.90143184,10.92784888,5461632,67965985.0
2016-09-26,600827,10.90143184,10.95426592,10.81337504,10.8309864,6848256,84748399.0
2016-09-27,600827,10.80456936,11.0071,10.77815232,10.97187728,4680953,57822519.0
2016-09-28,600827,11.02471136,11.02471136,10.93665456,10.98068296,3381553,42188667.0
2016-09-29,600827,10.98068296,11.03351704,10.95426592,10.98068296,3083776,38483984.0
2016-09-30,600827,10.98068296,11.02471136,10.93665456,10.97187728,3776507,47123882.0
2016-10-10,600827,10.99829432,11.10396248,10.94546024,11.0951568,6117666,76656927.0
2016-10-11,600827,11.08635112,11.23604768,11.0511284,11.227242,6491075,82261281.0
2016-10-12,600827,11.15679656,11.19201928,11.12157384,11.14799088,4284137,54240108.0
2016-10-13,600827,11.1391852,11.21843632,11.10396248,11.14799088,4877634,61723723.0
2016-10-14,600827,11.12157384,11.1391852,10.98948864,11.0951568,5288416,66492133.0
2016-10-17,600827,11.0951568,11.12157384,10.99829432,11.0071,4306622,54133307.0
2016-10-18,600827,10.99829432,11.1832136,10.95426592,11.15679656,5956938,74995656.0
2016-10-19,600827,11.15679656,11.48260672,11.15679656,11.32410448,11722392,150840591.0
2016-10-20,600827,11.28007608,11.33291016,11.17440792,11.19201928,6561358,83948343.0
2016-10-21,600827,11.24485336,11.3152988,11.16560224,11.2712704,5864918,74865224.0
2016-10-24,600827,11.2712704,11.38574424,11.24485336,11.35052152,6611987,85065819.0
2016-10-25,600827,11.37693856,11.42096696,11.30649312,11.38574424,4737571,61165842.0
2016-10-26,600827,11.41216128,11.41216128,11.30649312,11.32410448,5505141,70932631.0
2016-10-27,600827,11.36813288,11.37693856,11.29768744,11.34171584,4274143,55033762.0
2016-10-28,600827,11.35052152,11.51782944,11.32410448,11.37693856,9338809,121175511.0
2016-10-31,600827,11.37693856,11.4033556,11.29768744,11.36813288,6933259,89319634.0
2016-11-01,600827,11.37693856,11.41216128,11.34171584,11.4033556,7114222,91902676.0
2016-11-02,600827,11.37693856,11.56185784,11.34171584,11.37693856,7466094,96980206.0
2016-11-03,600827,11.34171584,11.48260672,11.32410448,11.35052152,8645904,111928128.0
2016-11-04,600827,11.37693856,11.46499536,11.32410448,11.3593272,5153143,66649470.0
2016-11-07,600827,11.33291016,11.4033556,11.2712704,11.32410448,6903263,88837948.0
2016-11-08,600827,11.3593272,11.42096696,11.34171584,11.38574424,5291618,68382928.0
2016-11-09,600827,11.39454992,11.56185784,11.2712704,11.48260672,12296032,159951862.0
2016-11-10,600827,11.48260672,11.58827488,11.45618968,11.5794692,8641699,113181222.0
2016-11-11,600827,11.58827488,11.60588624,11.50902376,11.57066352,8667772,113842054.0
2016-11-14,600827,11.5794692,11.64110896,11.55305216,11.60588624,9352738,123134332.0
2016-11-15,600827,11.68513736,11.78199984,11.54424648,11.59708056,8117648,107311498.0
2016-11-16,600827,11.5794692,11.64991464,11.55305216,11.58827488,6013487,79154207.0
2016-11-17,600827,11.56185784,11.61469192,11.48260672,11.51782944,4255003,55687417.0
2016-11-18,600827,11.54424648,11.56185784,11.4033556,11.45618968,4617158,60288794.0
2016-11-21,600827,11.45618968,11.56185784,11.447384,11.50902376,5315339,69432770.0
2016-11-22,600827,11.51782944,11.85244528,11.48260672,11.81722256,23536421,313205824.0
2016-11-23,600827,11.77319416,11.83483392,11.58827488,11.63230328,11504699,152606576.0
2016-11-24,600827,11.60588624,11.67633168,11.55305216,11.6234976,7148731,94355719.0
2016-11-25,600827,11.64110896,11.73797144,11.4914124,11.70274872,8359900,110268384.0
2016-11-28,600827,11.7115544,11.72916576,11.63230328,11.65872032,9071385,120348025.0
2016-11-29,600827,11.64991464,11.76438848,11.60588624,11.67633168,10514002,139634137.0
2016-11-30,600827,11.6234976,11.68513736,11.54424648,11.56185784,6374542,83870388.0
2016-12-01,600827,11.57066352,11.68513736,11.5354408,11.65872032,6779175,89335226.0
2016-12-02,600827,11.63230328,11.74677712,11.42977264,11.45618968,8620204,113175527.0
2016-12-05,600827,11.36813288,11.46499536,11.29768744,11.45618968,8006615,103419133.0
2016-12-06,600827,11.42096696,11.42977264,11.26246472,11.28888176,4004042,51644219.0
2016-12-07,600827,11.28007608,11.78199984,11.20963064,11.61469192,15263817,199624890.0
2016-12-08,600827,11.68513736,11.68513736,11.35052152,11.39454992,9422957,122770939.0
2016-12-09,600827,11.36813288,11.87005664,11.33291016,11.7996112,32208042,428396304.0
2016-12-12,600827,11.7115544,11.74677712,11.36813288,11.57066352,23867233,312979984.0
2016-12-13,600827,11.46499536,11.72036008,11.34171584,11.69394304,16731379,219079423.0
2016-12-14,600827,11.7115544,12.21347816,11.67633168,11.9757248,42049359,572587904.0
2016-12-15,600827,11.887668,12.39839744,11.80841688,12.26631224,49652109,683252336.0
2016-12-16,600827,12.13422704,12.29272928,11.95811344,12.03736456,28961912,397946272.0
2016-12-19,600827,12.13422704,12.29272928,11.94050208,12.16064408,30067378,414117696.0
2016-12-20,600827,12.10781,12.10781,11.67633168,11.72916576,24758443,332466656.0
2016-12-21,600827,11.7555828,11.81722256,11.5354408,11.667526,20690574,273759936.0
2016-12-22,600827,11.64991464,11.8436396,11.56185784,11.74677712,18337428,244499884.0
2016-12-23,600827,11.74677712,12.0637816,11.5354408,11.92289072,27754765,372434432.0
2016-12-26,600827,12.31914632,12.74181896,12.11661568,12.4160088,49822106,699576352.0
2016-12-27,600827,12.49525992,12.7242076,12.22228384,12.67137352,48052946,684144656.0
2016-12-28,600827,12.68898488,12.7242076,12.2839236,12.42481448,35875234,509621808.0
2016-12-29,600827,12.34556336,13.05882344,12.30153496,12.8562928,45923305,663859264.0
2016-12-30,600827,12.78584736,12.92673824,12.5921224,12.64495648,23842196,345374464.0
2017-01-03,600827,12.66256784,12.73301328,12.45123152,12.58331672,22241240,316973360.0
2017-01-04,600827,12.57451104,12.70659624,12.48645424,12.6801792,24597561,351719104.0
2017-01-05,600827,12.70659624,13.00598936,12.64495648,12.93554392,34591719,505162672.0
2017-01-06,600827,12.9443496,13.6047756,12.9443496,13.19090864,47224401,715715280.0
2017-01-09,600827,13.12926888,13.40224496,13.0764348,13.28777112,21084049,317018240.0
2017-01-10,600827,13.28777112,13.81611192,13.22613136,13.32299384,37011433,570175184.0
2017-01-11,600827,13.35821656,13.5167188,13.04121208,13.27896544,24182703,364204848.0
2017-01-12,600827,13.23493704,13.3406052,13.04121208,13.05882344,13867642,207411000.0
2017-01-13,600827,13.05882344,13.17329728,12.77704168,12.82107008,15628532,229605979.0
2017-01-16,600827,12.7242076,13.06762912,12.52167696,12.83868144,19865617,289387328.0
2017-01-17,600827,12.768236,13.27015976,12.768236,13.23493704,17106556,255010282.0
2017-01-18,600827,13.20852,13.28777112,13.04121208,13.11165752,8816636,131877389.0
2017-01-19,600827,13.20852,13.71044376,13.0324064,13.0764348,22197999,337494384.0
2017-01-20,600827,12.9443496,13.44627336,12.87390416,13.35821656,13118048,197886829.0
2017-01-23,600827,13.45507904,13.63119264,13.33179952,13.35821656,15697919,240429789.0
2017-01-24,600827,13.37582792,13.45507904,13.17329728,13.28777112,10704510,161673097.0
2017-01-25,600827,13.23493704,13.37582792,13.14688024,13.28777112,8090481,122063494.0
2017-01-26,600827,13.2965768,13.49030176,13.2525484,13.3406052,9186055,139490239.0
2017-02-03,600827,13.3846336,13.44627336,13.28777112,13.34941088,5748337,87235842.0
2017-02-06,600827,13.34941088,13.648804,13.34941088,13.58716424,10472406,161095686.0
2017-02-07,600827,13.50791312,13.79850056,13.49030176,13.67522104,14842180,230809181.0
2017-02-08,600827,13.6928324,13.77208352,13.52552448,13.63999832,11328779,175797827.0
2017-02-09,600827,13.63999832,13.7368608,13.44627336,13.49030176,13202110,203844093.0
2017-02-10,600827,13.48149608,13.5607472,13.35821656,13.43746768,13914268,212634687.0
2017-02-13,600827,13.41985632,13.6928324,13.41985632,13.50791312,13424605,206501005.0
2017-02-14,600827,13.4726904,13.72805512,13.32299384,13.66641536,14558910,224182167.0
2017-02-15,600827,13.71924944,14.3532584,13.648804,14.1771448,33850509,539844416.0
2017-02-16,600827,14.31803568,14.49414928,14.06267096,14.15072776,22266542,359937808.0
2017-02-17,600827,14.1331164,14.4853436,14.11550504,14.2652016,17064198,276686448.0
2017-02-20,600827,15.51560816,15.69172176,14.55578904,15.69172176,61397283,1072385408.0
2017-02-21,600827,17.00376808,17.2591328,16.730792,17.2591328,58392170,1136479456.0
2017-02-22,600827,18.491928,18.94101768,17.3471896,17.64658272,189253828,3873708560.0
2017-02-23,600827,17.0389908,17.171076,16.26409096,16.3785648,122447508,2308127008.0
2017-02-24,600827,16.30811936,16.61631816,16.08797736,16.14961712,62146638,1150470272.0
2017-02-27,600827,15.99992056,16.51945568,15.94708648,16.36095344,60057486,1110909296.0
2017-02-28,600827,16.28170232,16.41378752,16.00872624,16.2024512,41624694,763845488.0
2017-03-01,600827,16.18483984,16.50184432,16.08797736,16.22886824,44384371,820145376.0
2017-03-02,600827,16.17603416,16.18483984,15.30427184,15.42755136,69259386,1231940496.0
2017-03-03,600827,15.4539684,15.55963656,15.189798,15.34830024,28749996,502634496.0
2017-03-06,600827,15.44516272,15.48038544,15.26024344,15.40994,23178249,404499904.0
2017-03-07,600827,15.39232864,15.64769336,15.30427184,15.55083088,31781009,559763536.0
2017-03-08,600827,15.48919112,15.52441384,15.02249008,15.15457528,40395088,696716720.0
2017-03-09,600827,15.1457696,15.2338264,15.04890712,15.189798,18661597,321031536.0
2017-03-10,600827,15.18099232,15.46277408,15.11054688,15.13696392,25987002,451720400.0
2017-03-13,600827,14.969656,15.04010144,14.68787424,14.96085032,30506966,514052384.0
2017-03-14,600827,14.969656,15.02249008,14.59981744,14.64384584,25487886,427979216.0
2017-03-15,600827,14.59981744,14.91682192,14.59101176,14.749514,20634110,346473168.0
2017-03-16,600827,14.73190264,15.03129576,14.73190264,14.99607304,22736248,386072480.0
2017-03-17,600827,14.99607304,15.08412984,14.7054856,14.75831968,24046875,406844816.0
2017-03-20,600827,14.7935424,15.00487872,14.73190264,14.96085032,18519745,313278176.0
2017-03-21,600827,14.9256276,15.04890712,14.89040488,15.04890712,17752910,302136080.0
2017-03-22,600827,14.969656,14.969656,14.49414928,14.53817768,31733748,529196640.0
2017-03-23,600827,14.54698336,14.67906856,14.30042432,14.45012088,19126843,314546400.0
2017-03-24,600827,14.46773224,14.75831968,14.41489816,14.71429128,20783452,344077264.0
2017-03-27,600827,14.74070832,14.9256276,14.62623448,14.87279352,24030532,403215824.0
2017-03-28,600827,14.80234808,15.04890712,14.7054856,14.86398784,22038785,372743056.0
2017-03-29,600827,14.87279352,15.04010144,14.7935424,14.89921056,22643809,384398016.0
2017-03-30,600827,14.81995944,14.9256276,14.2211732,14.25639592,28005710,461364080.0
2017-03-31,600827,14.2652016,14.41489816,14.12431072,14.22997888,13547329,219201553.0
2017-04-05,600827,14.12431072,14.4853436,14.12431072,14.46773224,15220877,247533819.0
2017-04-06,600827,14.4413152,14.4853436,14.28281296,14.30042432,14985741,244737743.0
2017-04-07,600827,14.2652016,14.56459472,14.14192208,14.37086976,22233739,362390496.0
2017-04-10,600827,14.30923,14.36206408,14.14192208,14.15953344,14266548,230755699.0
2017-04-11,600827,14.15072776,14.15072776,13.6047756,13.88655736,25767897,404646928.0
2017-04-12,600827,13.80730624,14.15953344,13.68402672,14.01864256,18604647,294308480.0
2017-04-13,600827,13.90416872,14.30923,13.90416872,14.06267096,15622737,250872673.0
2017-04-14,600827,13.99222552,14.40609248,13.99222552,14.18595048,17592389,284737824.0
2017-04-17,600827,14.20356184,14.41489816,14.09789368,14.2652016,17146294,278214016.0
2017-04-18,600827,14.25639592,14.34445272,14.14192208,14.31803568,12073565,195419459.0
2017-04-19,600827,14.19475616,14.31803568,13.79850056,13.81611192,14529115,230461219.0
2017-04-20,600827,13.85133464,13.99222552,13.3406052,13.41985632,13740679,212994268.0
2017-04-21,600827,13.41985632,13.67522104,13.33179952,13.61358128,8766767,134730639.0
2017-04-24,600827,13.55194152,13.7368608,13.14688024,13.53433016,10774072,164911955.0
2017-04-25,600827,13.41985632,13.7368608,13.41985632,13.45507904,7175427,110946926.0
2017-04-26,600827,13.49030176,13.71044376,13.49030176,13.63999832,6677876,103428196.0
2017-04-27,600827,13.5607472,13.63999832,13.22613136,13.55194152,10522358,160578848.0
2017-04-28,600827,13.46388472,13.63999832,13.3846336,13.53433016,7164073,109973043.0
2017-05-02,600827,13.4726904,13.868946,13.41985632,13.648804,9585007,148817976.0
2017-05-03,600827,13.6047756,14.28281296,13.6047756,14.27400728,22547666,361274576.0
2017-05-04,600827,14.22997888,14.40609248,14.11550504,14.21236752,15332715,248652083.0
2017-05-05,600827,14.15953344,14.3972868,14.15953344,14.19475616,13630599,221596613.0
2017-05-08,600827,14.21236752,14.60862312,14.21236752,14.25639592,18368740,301205040.0
2017-05-09,600827,14.25639592,14.40609248,13.648804,14.24759024,13784532,219656964.0
2017-05-10,600827,14.14192208,14.31803568,13.648804,13.7808892,10094508,160345603.0
2017-05-11,600827,13.65760968,13.78969488,13.2965768,13.49030176,11900828,183670903.0
2017-05-12,600827,13.57835856,13.62238696,13.32299384,13.3406052,7124613,108796705.0
2017-05-15,600827,13.3846336,13.46388472,12.80345872,12.8122644,14354547,212787861.0
2017-05-16,600827,12.80345872,12.95315528,12.42481448,12.9443496,11613696,167403027.0
2017-05-17,600827,12.9003212,13.01479504,12.87390416,12.91793256,6017820,88486831.0
2017-05-18,600827,12.7242076,12.89151552,12.60973376,12.62734512,7098142,102826789.0
2017-05-19,600827,12.6361508,12.9003212,12.6361508,12.74181896,5689403,82549776.0
2017-05-22,600827,12.73301328,12.8122644,12.67137352,12.7242076,4857374,70312191.0
2017-05-23,600827,12.75062464,12.75062464,12.05497592,12.0637816,11453293,160561407.0
2017-05-24,600827,12.05497592,12.05497592,11.68513736,11.87886232,12210619,163678097.0
2017-05-25,600827,11.90527936,12.1958668,11.72036008,12.16064408,8870678,120359128.0
2017-05-26,600827,12.12542136,12.4600372,12.07258728,12.25750656,7072061,98222288.0
2017-05-31,600827,13.48149608,13.48149608,13.48149608,13.48149608,6047735,92590823.0
2017-06-01,600827,14.089088,14.45012088,13.54313584,13.72805512,72517455,1150456736.0
2017-06-02,600827,13.0764348,13.43746768,12.8122644,13.33179952,36704952,545733536.0
2017-06-05,600827,13.20852,13.54313584,13.05882344,13.23493704,23673175,358492976.0
2017-06-06,600827,13.1204632,13.19090864,12.77704168,12.90912688,19627115,288954192.0
2017-06-07,600827,12.86509848,13.23493704,12.78584736,13.15568592,19667075,291551600.0
2017-06-08,600827,13.10285184,13.52552448,12.95315528,13.48149608,25578973,384002272.0
2017-06-09,600827,13.80730624,13.98341984,13.3406052,13.41985632,29054019,449979760.0
2017-06-12,600827,13.1644916,13.2525484,12.97076664,13.04121208,15317917,227997600.0
2017-06-13,600827,13.0324064,13.14688024,12.988378,13.06762912,8220207,122040971.0
2017-06-14,600827,13.04121208,13.6047756,12.9443496,13.32299384,22277441,336453584.0
2017-06-15,600827,13.22613136,13.3406052,13.10285184,13.2525484,13341649,200158614.0
2017-06-16,600827,13.21732568,13.41985632,13.19090864,13.20852,9642401,145473450.0
2017-06-19,600827,13.32299384,13.44627336,13.27896544,13.37582792,10006780,151962371.0
2017-06-20,600827,13.35821656,13.4726904,13.24374272,13.26135408,9555932,144913263.0
2017-06-21,600827,13.35821656,13.55194152,13.27015976,13.49910744,16218306,247863603.0
2017-06-22,600827,13.50791312,13.93939144,13.4726904,13.5167188,24637157,383638576.0
2017-06-23,600827,13.4726904,13.63999832,13.3406052,13.54313584,12666056,193523351.0
2017-06-26,600827,13.61358128,13.85133464,13.5607472,13.7368608,17873843,278532128.0
2017-06-27,600827,13.68402672,14.37086976,13.68402672,14.36206408,34640071,556751568.0
2017-06-28,600827,14.28281296,14.29161864,14.0010312,14.05386528,19758932,317175024.0
2017-06-29,600827,14.01864256,14.16833912,13.96580848,14.15072776,12428410,198638654.0
2017-06-30,600827,14.15953344,14.55578904,14.09789368,14.30923,21259976,347555984.0
2017-07-03,600827,14.34445272,14.51176064,14.19475616,14.3532584,15333493,249624462.0
2017-07-04,600827,14.3532584,14.36206408,13.9570028,14.18595048,19934297,319130272.0
2017-07-05,600827,14.08028232,14.20356184,14.0450596,14.16833912,10841010,173946544.0
2017-07-06,600827,14.1771448,14.2211732,13.71044376,13.85133464,19195699,303367360.0
2017-07-07,600827,13.7808892,13.93939144,13.68402672,13.868946,11451627,179618182.0
2017-07-10,600827,13.9570028,14.38848112,13.9129744,14.27400728,23869682,383886496.0
2017-07-11,600827,14.2211732,14.67906856,14.02744824,14.51176064,36835581,605840112.0
2017-07-12,600827,14.41489816,14.4853436,13.9570028,14.2211732,22512938,363061184.0
2017-07-13,600827,14.23878456,14.33564704,14.0450596,14.25639592,11578681,186802954.0
2017-07-14,600827,14.25639592,14.30923,13.9129744,13.92178008,14103877,225449336.0
2017-07-17,600827,13.8249176,13.8249176,12.53048264,13.05882344,22710441,338353872.0
2017-07-18,600827,12.9443496,13.14688024,12.70659624,13.0324064,11643284,170812202.0
2017-07-19,600827,12.97957232,13.22613136,12.86509848,13.19090864,9226719,137000895.0
2017-07-20,600827,13.1644916,13.31418816,13.08524048,13.11165752,8657499,129702269.0
2017-07-21,600827,13.10285184,13.19090864,13.02360072,13.06762912,8976768,133459432.0
2017-07-24,600827,13.01479504,13.14688024,12.988378,13.05001776,8381410,124167016.0
2017-07-25,600827,13.06762912,13.08524048,12.84748712,12.9003212,7269104,106854532.0
2017-07-26,600827,12.88270984,12.99718368,12.82107008,12.87390416,5765221,84312128.0
2017-07-27,600827,12.92673824,13.12926888,12.86509848,13.09404616,7962967,117675727.0
2017-07-28,600827,13.08524048,13.15568592,12.99718368,13.02360072,5273322,78223330.0
2017-07-31,600827,13.02360072,13.40224496,12.988378,13.27896544,12934895,194729508.0
2017-08-01,600827,13.27896544,13.39343928,13.18210296,13.27015976,8029486,120967109.0
2017-08-02,600827,13.2965768,13.30538248,13.0764348,13.12926888,7982791,119205396.0
2017-08-03,600827,13.18274112,13.18274112,12.924256,12.99556224,6189103,90493370.0
2017-08-04,600827,13.07578176,13.08469504,12.7905568,12.80838336,9123655,131800058.0
2017-08-07,600827,12.76381696,12.9688224,12.72816384,12.90642944,4973961,71937234.0
2017-08-08,600827,12.924256,13.03121536,12.80838336,12.98664896,4604726,66692083.0
2017-08-09,600827,12.99556224,13.0133888,12.85294976,12.87077632,5347799,77471419.0
2017-08-10,600827,12.90642944,12.95099584,12.6568576,12.72816384,4988933,71554693.0
2017-08-11,600827,12.71033728,12.90642944,12.48750528,12.80838336,10229306,145274700.0
2017-08-14,600827,12.6568576,12.8351232,12.57663808,12.81729664,6426192,91756015.0
2017-08-15,600827,12.7905568,13.0579552,12.75490368,12.93316928,7645555,111157770.0
2017-08-16,600827,12.8351232,12.9688224,12.80838336,12.924256,4549701,65775666.0
2017-08-17,600827,13.0579552,13.53035904,13.0133888,13.40557312,25291125,379420336.0
2017-08-18,600827,13.35209344,13.77993088,13.29861376,13.64623168,18971717,289228224.0
2017-08-21,600827,14.3503808,14.59995264,13.75319104,13.77993088,31842390,502283104.0
2017-08-22,600827,13.69079808,13.9492832,13.5481856,13.66405824,14505951,222871153.0
2017-08-23,600827,13.56601216,13.61949184,13.35209344,13.36992,11116078,167790929.0
2017-08-24,600827,13.56601216,13.67297152,13.39665984,13.51253248,13002384,198103382.0
2017-08-25,600827,13.47687936,13.58383872,13.36992,13.51253248,7379059,111645149.0
2017-08-28,600827,13.46796608,13.78884416,13.46796608,13.69971136,11440923,175327960.0
2017-08-29,600827,13.69971136,13.76210432,13.592752,13.61057856,7386203,113219414.0
2017-08-30,600827,13.815584,14.1275488,13.69079808,13.70862464,12905820,201138793.0
2017-08-31,600827,13.64623168,13.73536448,13.43231296,13.5481856,10861465,165077718.0
2017-09-01,600827,13.5481856,13.62840512,13.43231296,13.55709888,8820554,133718206.0
2017-09-04,600827,13.4590528,13.592752,13.45013952,13.53035904,6358376,96494584.0
2017-09-05,600827,13.52144576,13.6818848,13.47687936,13.65514496,10521549,160549156.0
2017-09-06,600827,13.61949184,13.62840512,13.4144864,13.4590528,9567737,144729797.0
2017-09-07,600827,13.45013952,13.78884416,13.45013952,13.60166528,13285210,203700794.0
2017-09-08,600827,13.57492544,13.78884416,13.57492544,13.7264512,10293447,158337726.0
2017-09-11,600827,13.7264512,13.9047168,13.66405824,13.70862464,8932437,137940662.0
2017-09-12,600827,13.69079808,13.93145664,13.67297152,13.78884416,11215558,173955139.0
2017-09-13,600827,13.815584,13.85123712,13.6373184,13.79775744,5795573,89265648.0
2017-09-14,600827,13.73536448,13.77993088,13.62840512,13.65514496,7173847,110147918.0
2017-09-15,600827,13.69079808,13.69971136,13.47687936,13.52144576,6028434,91683277.0
2017-09-18,600827,13.51253248,13.61057856,13.48579264,13.58383872,4403339,66863606.0
2017-09-19,600827,13.53927232,13.69079808,13.53035904,13.592752,6558709,100182512.0
2017-09-20,600827,13.592752,13.75319104,13.48579264,13.66405824,9186547,140132444.0
2017-09-21,600827,13.62840512,13.8601504,13.61949184,13.7710176,11697777,180328511.0
2017-09-22,600827,13.77993088,14.10972224,13.69971136,14.0829824,18972006,296303761.0
2017-09-25,600827,14.10080896,14.10080896,13.6818848,13.69971136,12655305,196888625.0
2017-09-26,600827,13.6818848,13.6818848,13.47687936,13.5481856,6689419,101746205.0
2017-09-27,600827,13.65514496,13.89580352,13.5481856,13.61949184,7908880,121545781.0
2017-09-28,600827,13.55709888,13.62840512,13.48579264,13.49470592,5709085,86719877.0
2017-09-29,600827,13.5481856,13.61057856,13.51253248,13.52144576,4282427,65042969.0
2017-10-09,600827,13.64623168,13.77993088,13.55709888,13.64623168,6434240,98662333.0
2017-10-10,600827,13.64623168,13.98493632,13.62840512,13.91363008,12814657,199409746.0
2017-10-11,600827,13.84232384,14.2166816,13.815584,14.0829824,17615868,277708819.0
2017-10-12,600827,14.04732928,14.24342144,13.9492832,14.1275488,13416503,212026244.0
2017-10-13,600827,14.11863552,14.1721152,13.97602304,13.98493632,7703600,121511188.0
2017-10-16,600827,13.98493632,14.038416,13.7264512,13.7710176,8305980,129090969.0
2017-10-17,600827,13.79775744,13.9938496,13.7710176,13.98493632,8328041,130002305.0
2017-10-18,600827,13.97602304,14.09189568,13.55709888,13.61057856,8991678,139964947.0
2017-10-19,600827,13.61949184,13.69971136,13.5481856,13.57492544,5971779,91203456.0
2017-10-20,600827,13.6373184,14.1275488,13.592752,14.00276288,19271940,301668387.0
2017-10-23,600827,13.9938496,14.20776832,13.9047168,14.10080896,16703883,263709278.0
2017-10-24,600827,14.00276288,14.04732928,13.79775744,13.96710976,8812566,137490558.0
2017-10-25,600827,13.96710976,14.31472768,13.96710976,14.29690112,20803460,330909292.0
2017-10-26,600827,14.261248,14.3503808,14.14537536,14.3058144,14262983,228132214.0
2017-10-27,600827,14.28798784,14.40386048,14.00276288,14.038416,12376739,196833331.0
2017-10-30,600827,14.038416,14.18102848,13.57492544,13.70862464,13319551,206321440.0
2017-10-31,600827,13.69079808,14.34146752,13.65514496,14.261248,20548503,324530969.0
2017-11-01,600827,14.22559488,14.43060032,13.96710976,14.09189568,17609373,279647262.0
2017-11-02,600827,14.16320192,14.31472768,13.97602304,14.038416,15456027,244744802.0
2017-11-03,600827,14.07406912,14.07406912,13.53927232,13.61949184,16171639,248973035.0
2017-11-06,600827,13.6373184,13.65514496,13.0133888,13.1916544,18000999,267219674.0
2017-11-07,600827,13.2362208,13.33426688,13.09360832,13.15600128,9019464,133319597.0
2017-11-08,600827,13.15600128,13.20948096,13.06686848,13.17382784,9304439,137168430.0
2017-11-09,600827,13.147088,13.21839424,12.88860288,12.95990912,12218296,178337561.0
2017-11-10,600827,13.03121536,13.55709888,12.97773568,13.30752704,16811015,250370792.0
2017-11-13,600827,13.26296064,13.35209344,12.95099584,12.99556224,12694171,186691767.0
2017-11-14,600827,12.97773568,12.98664896,12.6122912,12.76381696,12937549,185039602.0
2017-11-15,600827,12.76381696,12.76381696,12.63011776,12.6568576,6171613,87737584.0
2017-11-16,600827,12.63903104,12.79947008,12.59446464,12.63903104,5151798,73213028.0
2017-11-17,600827,12.64794432,12.69251072,12.05075456,12.11314752,10330782,142960059.0
2017-11-20,600827,12.13097408,12.1666272,11.84574912,11.97944832,8289714,111255725.0
2017-11-21,600827,11.97944832,12.1666272,11.9437952,12.01510144,6294865,85045176.0
2017-11-22,600827,12.01510144,12.35380608,12.01510144,12.22010688,7352613,100712335.0
2017-11-23,600827,12.22010688,12.31815296,11.92596864,11.93488192,5018213,68439572.0
2017-11-24,600827,11.86357568,12.24684672,11.8546624,12.1220608,4612358,62475410.0
2017-11-27,600827,12.05966784,12.2111936,11.91705536,11.95270848,3361602,45567122.0
2017-11-28,600827,11.96162176,12.032928,11.7655296,11.99727488,4446195,59276132.0
2017-11-29,600827,11.9883616,11.9883616,11.74770304,11.88140224,4758905,63282547.0
2017-11-30,600827,11.88140224,11.96162176,11.80118272,11.84574912,2882564,38382237.0
2017-12-01,600827,11.7655296,11.93488192,11.7655296,11.92596864,2293311,30535502.0
2017-12-04,600827,11.8546624,12.032928,11.83683584,11.87248896,4015176,53880360.0
2017-12-05,600827,11.87248896,11.9883616,11.69422336,11.71204992,4396443,58525336.0
2017-12-06,600827,11.71204992,11.75661632,11.30203904,11.4981312,7782572,100405200.0
2017-12-07,600827,11.46247808,11.5426976,11.39117184,11.43573824,5331069,68597379.0
2017-12-08,600827,11.43573824,12.14880064,11.4089984,11.9883616,13331993,177568317.0
2017-12-11,600827,12.0774944,12.4340256,11.96162176,12.3894592,12473039,171702483.0
2017-12-12,600827,12.3003264,12.3003264,12.032928,12.05075456,6732678,91751250.0
2017-12-13,600827,11.99727488,12.19336704,11.9883616,12.11314752,4336722,58830465.0
2017-12-14,600827,12.05966784,12.4340256,11.92596864,12.30923968,10752369,148038545.0
2017-12-15,600827,12.25576,12.8796896,12.23793344,12.5677248,17888093,253380496.0
2017-12-18,600827,12.6122912,12.66577088,12.06858112,12.08640768,12130134,166154196.0
2017-12-19,600827,12.032928,12.13097408,11.95270848,11.9883616,5589768,75359128.0
2017-12-20,600827,11.99727488,12.18445376,11.90814208,11.96162176,6844243,92430909.0
2017-12-21,600827,11.8546624,11.91705536,11.56943744,11.70313664,7813013,102720867.0
2017-12-22,600827,11.70313664,11.81900928,11.66748352,11.69422336,3753029,49458926.0
2017-12-25,600827,11.6763968,11.82792256,11.60509056,11.74770304,4068024,53466174.0
2017-12-26,600827,11.6763968,11.810096,11.64965696,11.78335616,3960779,52289523.0
2017-12-27,600827,11.74770304,11.97053504,11.74770304,11.75661632,4949576,65867494.0
2017-12-28,600827,11.77444288,12.04184128,11.75661632,11.93488192,4705157,63042323.0
2017-12-29,600827,11.93488192,12.04184128,11.84574912,12.02401472,3836819,51476019.0
2018-01-02,600827,12.02401472,12.18445376,11.9883616,12.02401472,4544793,61608467.0
2018-01-03,600827,12.04184128,12.18445376,12.02401472,12.11314752,5013402,68129284.0
2018-01-04,600827,12.0774944,12.37163264,12.01510144,12.3448928,8336022,114098097.0
2018-01-05,600827,12.27358656,12.5677248,12.15771392,12.17554048,7679088,105899815.0
2018-01-08,600827,12.10423424,12.20228032,11.93488192,12.02401472,6976892,94005961.0
2018-01-09,600827,12.05966784,12.23793344,12.02401472,12.10423424,4821492,65598006.0
2018-01-10,600827,12.10423424,12.1666272,11.8992288,11.97053504,3972194,53414226.0
2018-01-11,600827,11.97944832,11.97944832,11.69422336,11.77444288,7380048,97739619.0
2018-01-12,600827,11.79226944,11.82792256,11.74770304,11.81900928,3109298,41150615.0
2018-01-15,600827,11.80118272,11.80118272,11.51595776,11.62291712,5409360,70679208.0
2018-01-16,600827,11.587264,11.72987648,11.56943744,11.6763968,5963925,77885193.0
2018-01-17,600827,11.6763968,11.97944832,11.59617728,11.8546624,6514382,85996653.0
2018-01-18,600827,11.810096,11.92596864,11.73878976,11.7655296,4655401,61662264.0
2018-01-19,600827,11.74770304,11.82792256,11.7209632,11.75661632,4469111,58988666.0
2018-01-22,600827,11.74770304,11.82792256,11.68531008,11.7655296,4344334,57342930.0
2018-01-23,600827,11.74770304,11.80118272,11.65857024,11.70313664,5283425,69588702.0
2018-01-24,600827,11.7209632,11.83683584,11.68531008,11.81900928,4602417,60776820.0
2018-01-25,600827,11.810096,11.87248896,11.72987648,11.77444288,3791479,50242119.0
2018-01-26,600827,11.73878976,11.80118272,11.70313664,11.72987648,4358797,57407770.0
2018-01-29,600827,11.72987648,11.78335616,11.5426976,11.56052416,4638297,60505682.0
2018-01-30,600827,11.587264,11.9883616,11.587264,11.80118272,10653720,141913555.0
2018-01-31,600827,11.72987648,11.72987648,11.587264,11.64965696,4651020,60726172.0
2018-02-01,600827,11.59617728,11.65857024,11.31095232,11.3198656,7259787,92842080.0
2018-02-02,600827,11.3198656,11.364432,11.0079008,11.24855936,3970622,49868798.0
2018-02-05,600827,11.15942656,11.38225856,11.02572736,11.34660544,3403053,42668467.0
2018-02-06,600827,11.1416,11.1861664,10.7405024,10.75832896,5827301,71652655.0
2018-02-07,600827,10.92768128,11.0079008,10.34831808,10.36614464,8905059,105403219.0
2018-02-08,600827,10.32157824,10.74941568,10.32157824,10.473104,5011789,59217757.0
2018-02-09,600827,10.250272,10.55332352,9.59068928,9.74221504,11654587,130690766.0
2018-02-12,600827,9.92939392,10.00070016,9.79569472,9.87591424,4936275,54735170.0
2018-02-13,600827,9.90265408,10.27701184,9.8937408,10.1611392,6763554,76576263.0
2018-02-14,600827,10.1611392,10.3394048,10.08983296,10.26809856,3016617,34629072.0
2018-02-22,600827,10.3839712,10.41071104,10.30375168,10.37505792,2004613,23308459.0
2018-02-23,600827,10.3394048,10.5622368,10.32157824,10.4285376,3109613,36438624.0
2018-02-26,600827,10.5622368,10.63354304,10.41071104,10.53549696,4403391,51923739.0
2018-02-27,600827,10.53549696,10.54441024,10.41071104,10.4285376,3096922,36353068.0
2018-02-28,600827,10.39288448,10.41071104,10.250272,10.32157824,5180621,59861439.0
2018-03-01,600827,10.28592512,10.41071104,10.19679232,10.3839712,3879291,45006795.0
2018-03-02,600827,10.33049152,10.45527744,10.30375168,10.41962432,3691691,43023388.0
2018-03-05,600827,10.3839712,10.40179776,10.26809856,10.3394048,3152955,36548896.0
2018-03-06,600827,10.3839712,10.43745088,10.23244544,10.41962432,6772844,78516682.0
2018-03-07,600827,10.39288448,10.473104,10.25918528,10.30375168,5824738,67866459.0
2018-03-08,600827,10.30375168,10.39288448,10.25918528,10.3839712,3725981,43127505.0
2018-03-09,600827,10.3839712,10.54441024,10.33049152,10.53549696,5116861,60038938.0
2018-03-12,600827,10.54441024,10.72267584,10.49984384,10.6513696,7148511,85199495.0
2018-03-13,600827,10.67810944,10.67810944,10.44636416,10.46419072,6632894,78448784.0
2018-03-14,600827,10.45527744,10.48201728,10.33049152,10.40179776,4850794,56559733.0
2018-03-15,600827,10.31266496,10.473104,10.250272,10.30375168,5675990,65854192.0
2018-03-16,600827,10.46419072,10.73158912,10.45527744,10.58006336,13884725,165184735.0
2018-03-19,600827,10.49093056,10.54441024,10.34831808,10.37505792,6640638,77735637.0
2018-03-20,600827,10.2948384,10.30375168,10.06309312,10.13439936,8171772,93065893.0
2018-03-21,600827,10.17005248,10.30375168,10.04526656,10.0720064,7258572,83058871.0
2018-03-22,600827,10.14331264,10.57115008,10.02744,10.46419072,14036270,162431978.0
2018-03-23,600827,10.1165728,10.33049152,9.73330176,9.87591424,11568774,130455699.0
2018-03-26,600827,9.73330176,9.73330176,9.3143776,9.60851584,10154706,108378027.0
2018-03-27,600827,9.7154752,9.76895488,9.64416896,9.75112832,8144093,88708725.0
2018-03-28,600827,9.59960256,9.69764864,9.4926432,9.56394944,5915357,63754727.0
2018-03-29,600827,9.581776,9.74221504,9.57286272,9.7154752,5032225,54614009.0
2018-03-30,600827,9.75112832,9.77786816,9.68873536,9.70656192,3849593,41994608.0
2018-04-02,600827,9.70656192,9.90265408,9.68873536,9.82243456,6920777,76040221.0
2018-04-03,600827,9.69764864,9.69764864,9.46590336,9.52829632,5730514,61667826.0
2018-04-04,600827,9.56394944,9.61742912,9.43025024,9.4480768,4559259,48705272.0
2018-04-09,600827,9.42133696,9.50155648,9.36785728,9.43916352,3817398,40367002.0
2018-04-10,600827,9.50155648,9.56394944,9.4480768,9.55503616,4172324,44477162.0
2018-04-11,600827,9.55503616,9.81352128,9.55503616,9.7600416,6585516,71524252.0
2018-04-12,600827,9.7154752,9.74221504,9.59960256,9.60851584,4774453,51815341.0
2018-04-13,600827,9.66199552,9.73330176,9.59068928,9.60851584,4331597,46947984.0
2018-04-16,600827,9.61742912,9.63525568,9.48372992,9.50155648,3357146,35960652.0
2018-04-17,600827,9.55503616,9.55503616,9.136112,9.16285184,5634483,59095875.0
2018-04-18,600827,9.25198464,9.3143776,9.11828544,9.29655104,3720155,38537164.0
2018-04-19,600827,9.29655104,9.37677056,9.25198464,9.3143776,2878255,30120871.0
2018-04-20,600827,9.32329088,9.37677056,9.10937216,9.16285184,3008977,31208743.0
2018-04-23,600827,9.14502528,9.2252448,9.01132608,9.07371904,3078735,31439102.0
2018-04-24,600827,9.07371904,9.30546432,9.0469792,9.25198464,4124896,42621317.0
2018-04-25,600827,9.18959168,9.358944,9.18959168,9.2698112,2942625,30603931.0
2018-04-26,600827,9.27872448,9.3143776,9.0469792,9.06480576,3154543,32341532.0
2018-04-27,600827,9.10937216,9.16285184,9.02915264,9.06480576,2115374,21577855.0
2018-05-02,600827,9.16285184,9.581776,9.16285184,9.5372096,9664233,102292902.0
2018-05-03,600827,9.51046976,9.86700096,9.43916352,9.804608,12937192,141152645.0
2018-05-04,600827,9.75112832,9.8937408,9.70656192,9.75112832,4930572,54168516.0
2018-05-07,600827,9.75112832,9.96504704,9.74221504,9.90265408,8484732,94226454.0
2018-05-08,600827,9.94722048,9.96504704,9.84026112,9.91156736,7093687,78800967.0
2018-05-09,600827,9.92048064,9.95613376,9.83134784,9.8491744,5119702,56831609.0
2018-05-10,600827,9.9383072,10.43745088,9.88482752,10.27701184,16344378,188313159.0
2018-05-11,600827,10.250272,10.48201728,10.14331264,10.17896576,10226833,118067525.0
2018-05-14,600827,10.18787904,10.28592512,10.04526656,10.15222592,8576646,97216180.0
2018-05-15,600827,9.9383072,10.0720064,9.87591424,9.9828736,8414763,94031113.0
2018-05-16,600827,9.91156736,9.95613376,9.81352128,9.83134784,6749908,74728885.0
2018-05-17,600827,9.85808768,10.08091968,9.85808768,10.02744,6392721,71730818.0
2018-05-18,600827,10.01852672,10.13439936,9.97396032,10.08091968,4787786,54088633.0
2018-05-21,600827,10.1611392,10.30375168,10.1611392,10.2057056,5812606,66655405.0
2018-05-22,600827,10.17005248,10.250272,10.0720064,10.22353216,4837581,55129419.0
2018-05-23,600827,10.19679232,10.49093056,10.1611392,10.35723136,9433568,109964841.0
2018-05-24,600827,10.36614464,10.40179776,10.23244544,10.28592512,5655891,65374431.0
2018-05-25,600827,10.250272,10.3839712,10.14331264,10.1611392,4003762,46046846.0
2018-05-28,600827,10.17005248,10.46419072,10.15222592,10.41071104,9120609,105674947.0
2018-05-29,600827,10.37505792,10.66919616,10.37505792,10.49984384,12737942,151156610.0
2018-05-30,600827,10.36614464,10.3839712,10.02744,10.06309312,10556665,120643471.0
2018-05-31,600827,10.17896576,10.67810944,10.06309312,10.66028288,15261241,178845677.0
2018-06-01,600827,10.59788992,10.74941568,10.3394048,10.50875712,13244587,156786760.0
2018-06-04,600827,10.473104,10.59788992,10.3839712,10.40179776,7380523,86796453.0
2018-06-05,600827,10.3839712,10.61571648,10.35723136,10.6068032,7127489,83822772.0
2018-06-06,600827,10.5176704,10.82072192,10.49093056,10.77615552,12902445,155125141.0
2018-06-07,600827,10.7850688,10.83854848,10.5176704,10.52658368,9900873,117875202.0
2018-06-08,600827,10.5176704,10.52658368,10.17005248,10.32157824,13267730,152955000.0
2018-06-11,600827,10.23244544,10.24135872,10.04526656,10.1611392,7250137,82435857.0
2018-06-12,600827,10.12548608,10.2057056,10.03635328,10.12548608,4426859,50234084.0
2018-06-13,600827,10.10765952,10.21461888,9.90265408,9.95613376,4248900,47949248.0
2018-06-14,600827,9.92048064,10.05417984,9.47481664,9.57286272,10396752,113127113.0
2018-06-15,600827,9.5372096,9.60851584,9.28763776,9.358944,5919431,62621598.0
2018-06-19,600827,9.20741824,9.358944,8.5567488,8.88654016,11602136,116229981.0
2018-06-20,600827,8.8687136,9.07371904,8.75284096,8.98458624,5834047,58569015.0
2018-06-21,600827,8.94893312,9.1806784,8.84197376,8.88654016,5775990,58437110.0
2018-06-22,600827,8.84197376,9.06480576,8.83306048,9.02915264,3120182,31424788.0
2018-06-25,600827,9.1806784,9.20741824,8.89545344,8.93110656,3851337,39160542.0
2018-06-26,600827,8.85088704,9.07371904,8.80632064,9.02915264,3141617,31672447.0
2018-06-27,600827,9.02023936,9.0915456,8.91328,8.9578464,2775709,28022522.0
2018-06-28,600827,8.9578464,9.0024128,8.85088704,8.92219328,3525159,35232563.0
2018-06-29,600827,8.94001984,9.10937216,8.8687136,9.0915456,4208884,42641789.0
2018-07-02,600827,9.05589248,9.16285184,8.83306048,8.94001984,3887130,39425565.0
2018-07-03,600827,8.97567296,9.02023936,8.85088704,9.02023936,3379582,33886508.0
2018-07-04,600827,9.02023936,9.02915264,8.80632064,8.87762688,4088341,40900101.0
2018-07-05,600827,8.89545344,8.94001984,8.62805504,8.690448,4829379,47274704.0
2018-07-06,600827,8.71718784,8.80632064,8.5567488,8.74392768,3479695,33969502.0
2018-07-09,600827,8.78849408,8.93110656,8.75284096,8.90436672,3742771,37151393.0
2018-07-10,600827,8.92219328,8.94001984,8.79740736,8.85980032,3148688,31278031.0
2018-07-11,600827,8.81523392,8.81523392,8.61914176,8.68153472,4018139,39156445.0
2018-07-12,600827,8.6458816,8.93110656,8.6458816,8.91328,4822796,47808853.0
2018-07-13,600827,8.91328,8.9578464,8.8687136,8.90436672,2250974,22513803.0
2018-07-16,600827,8.93110656,9.05589248,8.87762688,8.98458624,2882390,29008209.0
2018-07-17,600827,9.0469792,9.0469792,8.8687136,8.9578464,2647390,26518152.0
2018-07-18,600827,8.91328,8.99349952,8.8687136,8.90436672,2743164,27506085.0
2018-07-19,600827,8.90436672,8.94001984,8.80632064,8.85088704,2268920,22568086.0
2018-07-20,600827,8.8241472,8.93110656,8.7795808,8.91328,3366277,33448639.0
2018-07-23,600827,8.84066684,9.00404672,8.82251352,8.9858934,3404536,33462597.0
2018-07-24,600827,8.97681674,9.19465658,8.94958676,9.1674266,5412327,54428689.0
2018-07-25,600827,9.18557992,9.2128099,9.09481332,9.13111996,3998351,40259533.0
2018-07-26,600827,9.1220433,9.19465658,9.0312767,9.04035336,4731883,47438792.0
2018-07-27,600827,9.08573666,9.2128099,9.05850668,9.18557992,6497025,65539629.0
2018-07-30,600827,9.22188656,9.24003988,9.09481332,9.1220433,5467420,55275429.0
2018-07-31,600827,9.11296664,9.14927328,9.04943002,9.13111996,3321187,33269933.0
2018-08-01,600827,9.19465658,9.22188656,8.97681674,8.9858934,4533511,45418984.0
2018-08-02,600827,8.94958676,9.00404672,8.41406382,8.61375034,7177913,68668401.0
2018-08-03,600827,8.59559702,8.64098032,8.38683384,8.42314048,5062882,47368439.0
2018-08-06,600827,8.3505272,8.42314048,8.15084068,8.2143773,7321227,66946170.0
2018-08-07,600827,8.23253062,8.45037046,8.2143773,8.41406382,4084225,37485394.0
2018-08-08,600827,8.40498716,8.4866771,8.3051439,8.33237388,3306571,30631651.0
2018-08-09,600827,8.3505272,8.59559702,8.32329722,8.5320604,4188457,39228494.0
2018-08-10,600827,8.50483042,8.58652036,8.4866771,8.56836704,2399223,22606144.0
2018-08-13,600827,8.4866771,8.64098032,8.4412938,8.60467368,2836331,26680010.0
2018-08-14,600827,8.61375034,8.65913364,8.5320604,8.60467368,2092420,19814028.0
2018-08-15,600827,8.63190366,8.65913364,8.4412938,8.45037046,2031250,19098143.0
2018-08-16,600827,8.3959105,8.49575376,8.27791392,8.35960386,2919548,26929398.0
2018-08-17,600827,8.42314048,8.46852378,8.168994,8.18714732,3383664,31010941.0
2018-08-20,600827,8.168994,8.33237388,8.15991734,8.33237388,2983756,27228595.0
2018-08-21,600827,8.3505272,8.42314048,8.31422056,8.37775718,2594350,23963008.0
2018-08-22,600827,8.34145054,8.40498716,8.27791392,8.3505272,2007857,18488049.0
2018-08-23,600827,8.27791392,8.5774437,8.27791392,8.4412938,2942853,27325869.0
2018-08-24,600827,8.4866771,8.4866771,8.29606724,8.36868052,2019003,18593561.0
2018-08-27,600827,8.35960386,8.47760044,8.31422056,8.3959105,4129750,38230705.0
2018-08-28,600827,8.42314048,8.45944712,8.36868052,8.40498716,2484510,23060694.0
2018-08-29,600827,8.41406382,8.42314048,8.33237388,8.3505272,2088605,19243574.0
2018-08-30,600827,8.33237388,8.40498716,8.23253062,8.23253062,2398288,21954798.0
2018-08-31,600827,8.22345396,8.3505272,8.22345396,8.27791392,2616654,23911421.0
2018-09-03,600827,8.23253062,8.34145054,8.13268736,8.31422056,3817166,34552647.0
2018-09-04,600827,8.24160728,8.3505272,8.19622398,8.31422056,4317203,39356253.0
2018-09-05,600827,8.31422056,8.31422056,8.168994,8.168994,2619905,23751314.0
2018-09-06,600827,8.15991734,8.23253062,8.1236107,8.14176402,2405949,21641491.0
2018-09-07,600827,8.15084068,8.22345396,8.06007408,8.15084068,2632149,23645593.0
2018-09-10,600827,8.18714732,8.19622398,7.91484752,7.92392418,2978144,26373419.0
2018-09-11,600827,7.92392418,7.96930748,7.79685094,7.82408092,4491039,38951197.0
2018-09-12,600827,7.81500426,7.88761754,7.76962096,7.83315758,3221044,27822393.0
2018-09-13,600827,7.88761754,7.92392418,7.81500426,7.88761754,2974214,25768017.0
2018-09-14,600827,7.8966942,7.99653746,7.8059276,7.86946422,3446677,29978712.0
2018-09-17,600827,7.86038756,7.86946422,7.67885436,7.68793102,3086819,26342292.0
2018-09-18,600827,7.72423766,7.88761754,7.69700768,7.86038756,3936350,33861166.0
2018-09-19,600827,7.86038756,8.04192076,7.83315758,7.96930748,4234351,37135850.0
2018-09-20,600827,7.96930748,7.99653746,7.92392418,7.95115416,2235762,19594207.0
2018-09-21,600827,7.9874608,8.19622398,7.96930748,8.168994,6586598,58801098.0
2018-09-25,600827,8.11453404,8.22345396,8.0782274,8.1236107,3213246,28842588.0
2018-09-26,600827,8.1236107,8.24160728,8.0782274,8.22345396,4012333,36272296.0
2018-09-27,600827,8.25068394,8.29606724,8.06915074,8.0782274,4190912,37835138.0
2018-09-28,600827,8.15084068,8.3959105,8.15084068,8.37775718,6904596,63200556.0
2018-10-08,600827,8.28699058,8.35960386,8.23253062,8.2597606,4936276,45126781.0
2018-10-09,600827,8.2597606,8.28699058,8.14176402,8.22345396,3425591,31075303.0
2018-10-10,600827,8.2143773,8.26883726,8.06007408,8.1236107,3513192,31518702.0
2018-10-11,600827,7.97838414,7.97838414,7.45193786,7.55178112,8790408,74149585.0
2018-10-12,600827,7.50639782,7.5790111,7.1251781,7.40655456,8672113,70421864.0
2018-10-15,600827,7.3520946,7.55178112,7.24317468,7.31578796,4278967,34949964.0
2018-10-16,600827,7.3520946,7.36117126,6.87103162,6.8982616,8570114,66966415.0
2018-10-17,600827,6.9890282,7.07071814,6.88918494,7.01625818,7328945,56309538.0
2018-10-18,600827,6.96179822,7.07071814,6.87103162,6.97087488,5508941,42279079.0
2018-10-19,600827,6.88010828,7.24317468,6.87103162,7.20686804,5523797,43232464.0
2018-10-22,600827,7.27948132,7.58808776,7.27948132,7.52455114,6780093,55826254.0
2018-10-23,600827,7.5336278,7.56993444,7.28855798,7.36117126,4568224,37452954.0
2018-10-24,600827,7.32486462,7.47009118,7.24317468,7.37024792,5345941,43247612.0
2018-10-25,600827,7.11610144,7.32486462,7.11610144,7.29763464,4239792,33671208.0
2018-10-26,600827,7.32486462,7.4428612,7.31578796,7.37932458,4581404,37235383.0
2018-10-29,600827,7.37932458,7.52455114,7.2159447,7.3067113,6433938,52154686.0
2018-10-30,600827,7.29763464,7.49732116,7.08887146,7.38840124,6261300,50650420.0
2018-10-31,600827,7.42470788,7.55178112,7.3974779,7.49732116,4816237,39808326.0
2018-11-01,600827,7.52455114,7.76962096,7.50639782,7.65162438,6895424,58366670.0
2018-11-02,600827,7.79685094,7.86946422,7.68793102,7.86038756,7303952,62677521.0
2018-11-05,600827,7.84223424,7.90577086,7.67885436,7.81500426,5226418,44860435.0
2018-11-06,600827,7.82408092,7.97838414,7.76962096,7.9420775,6762147,58794195.0
2018-11-07,600827,7.91484752,7.93300084,7.70608434,7.77869762,6531104,56203875.0
2018-11-08,600827,7.84223424,7.86946422,7.72423766,7.78777428,3784356,32501850.0
2018-11-09,600827,7.79685094,7.81500426,7.68793102,7.74239098,3090657,26409878.0
2018-11-12,600827,7.74239098,7.92392418,7.715161,7.91484752,4907899,42415555.0
2018-11-13,600827,7.8513109,8.09638072,7.8513109,8.05099742,6133963,54028592.0
2018-11-14,600827,8.0782274,8.10545738,7.9874608,8.05099742,4003246,35499565.0
2018-11-15,600827,8.05099742,8.09638072,7.99653746,8.0782274,4399105,39029658.0
2018-11-16,600827,8.06007408,8.32329722,8.05099742,8.2143773,6751078,61102452.0
2018-11-19,600827,8.18714732,8.3959105,8.15991734,8.27791392,5883865,53541841.0
2018-11-20,600827,8.24160728,8.27791392,7.9874608,7.99653746,5384757,47983246.0
2018-11-21,600827,7.93300084,8.10545738,7.91484752,8.0782274,4669878,41182126.0
2018-11-22,600827,8.06915074,8.14176402,7.9874608,8.06007408,3086000,27426323.0
2018-11-23,600827,8.05099742,8.10545738,7.78777428,7.83315758,5168590,45055407.0
2018-11-26,600827,7.81500426,7.97838414,7.8059276,7.86038756,3293078,28737217.0
2018-11-27,600827,7.96023082,8.10545738,7.95115416,7.9874608,4384329,38754586.0
2018-11-28,600827,7.9874608,8.0782274,7.82408092,8.0782274,3992191,35123471.0
2018-11-29,600827,8.11453404,8.14176402,7.87854088,7.91484752,3278631,28949627.0
2018-11-30,600827,7.87854088,7.96023082,7.77869762,7.88761754,3274805,28377294.0
2018-12-03,600827,8.0782274,8.2143773,8.00561412,8.06007408,7463802,66829866.0
2018-12-04,600827,8.11453404,8.20530064,8.0782274,8.15084068,4341291,38897233.0
2018-12-05,600827,8.05099742,8.18714732,8.02376744,8.11453404,3194559,28546711.0
2018-12-06,600827,8.05099742,8.09638072,7.97838414,7.9874608,2921800,25827008.0
2018-12-07,600827,8.00561412,8.04192076,7.96023082,7.99653746,1863746,16449635.0
2018-12-10,600827,7.97838414,8.00561412,7.87854088,7.90577086,3201424,27973455.0
2018-12-11,600827,7.92392418,8.00561412,7.91484752,7.99653746,2205251,19356425.0
2018-12-12,600827,7.99653746,8.06915074,7.90577086,7.99653746,3434160,30343549.0
2018-12-13,600827,8.01469078,8.0782274,7.92392418,7.99653746,4185687,36980584.0
2018-12-14,600827,7.9874608,8.01469078,7.37932458,7.46101452,10816833,91147907.0
2018-12-17,600827,7.46101452,7.69700768,7.46101452,7.66070104,5872945,49026083.0
2018-12-18,600827,7.56993444,7.6243944,7.43378454,7.45193786,5279551,43728349.0
2018-12-19,600827,7.4882445,7.65162438,7.4428612,7.59716442,5172970,43131490.0
2018-12-20,600827,7.4882445,7.59716442,7.4882445,7.51547448,4843641,40199218.0
2018-12-21,600827,7.55178112,7.61531774,7.43378454,7.58808776,3283487,27189863.0
2018-12-24,600827,7.54270446,7.61531774,7.46101452,7.61531774,4010900,33296485.0
2018-12-25,600827,7.55178112,7.715161,7.47009118,7.70608434,4928982,41090006.0
2018-12-26,600827,7.67885436,7.70608434,7.5790111,7.63347106,4608383,38668054.0
2018-12-27,600827,7.74239098,7.76962096,7.63347106,7.63347106,3604170,30614444.0
2018-12-28,600827,7.63347106,7.76962096,7.63347106,7.6697777,2479428,21082832.0
2019-01-02,600827,7.72423766,7.77869762,7.68793102,7.715161,2811937,23962184.0
2019-01-03,600827,7.72423766,7.79685094,7.65162438,7.73331432,2744786,23342441.0
2019-01-04,600827,7.70608434,7.84223424,7.6243944,7.82408092,3593507,30645912.0
2019-01-07,600827,7.83315758,7.8513109,7.78777428,7.84223424,3883551,33437062.0
2019-01-08,600827,7.81500426,7.84223424,7.75146764,7.77869762,2275006,19509621.0
2019-01-09,600827,7.77869762,8.00561412,7.77869762,7.97838414,6610354,57853268.0
2019-01-10,600827,7.93300084,8.04192076,7.93300084,7.96930748,3418463,30062159.0
2019-01-11,600827,7.96023082,8.0782274,7.9420775,7.9874608,2598608,22874760.0
2019-01-14,600827,8.02376744,8.05099742,7.96023082,7.97838414,2482468,21820876.0
2019-01-15,600827,7.9874608,8.06915074,7.9420775,8.0328441,2944095,25964749.0
2019-01-16,600827,8.05099742,8.09638072,7.99653746,8.0328441,2214606,19617993.0
2019-01-17,600827,8.01469078,8.08730406,7.95115416,8.05099742,2479869,21958430.0
2019-01-18,600827,8.04192076,8.11453404,8.01469078,8.11453404,2218249,19715514.0
2019-01-21,600827,8.08730406,8.14176402,8.00561412,8.0328441,2281091,20275498.0
2019-01-22,600827,8.06915074,8.06915074,7.96930748,7.9874608,2766690,24444179.0
2019-01-23,600827,7.96930748,8.0328441,7.9420775,7.97838414,2002060,17628517.0
2019-01-24,600827,7.99653746,8.10545738,7.99653746,8.05099742,2764250,24535274.0
2019-01-25,600827,8.0328441,8.08730406,8.00561412,8.02376744,2371992,21061226.0
2019-01-28,600827,8.04192076,8.1236107,8.01469078,8.06915074,2868369,25489695.0
2019-01-29,600827,8.06007408,8.0782274,7.86946422,7.96023082,4099301,36009590.0
2019-01-30,600827,7.9420775,8.19622398,7.9420775,8.14176402,6817996,60850193.0
2019-01-31,600827,8.10545738,8.15991734,7.76962096,7.8966942,5747604,50553351.0
2019-02-01,600827,7.8966942,8.02376744,7.88761754,7.96930748,3490743,30608892.0
2019-02-11,600827,7.96023082,8.11453404,7.91484752,8.08730406,3286859,29102164.0
2019-02-12,600827,8.06007408,8.31422056,8.06007408,8.23253062,6349272,57453465.0
2019-02-13,600827,8.22345396,8.32329722,8.19622398,8.3051439,4851139,44155819.0
2019-02-14,600827,8.27791392,8.33237388,8.23253062,8.29606724,4418328,40333526.0
2019-02-15,600827,8.32329722,8.32329722,8.17807066,8.17807066,4594407,41674552.0
2019-02-18,600827,8.2143773,8.3959105,8.2143773,8.38683384,5578001,51219963.0
2019-02-19,600827,8.38683384,8.43221714,8.24160728,8.40498716,6765202,62159037.0
2019-02-20,600827,8.37775718,8.45037046,8.27791392,8.4412938,7196755,66246051.0
2019-02-21,600827,8.4412938,8.4412938,8.3051439,8.33237388,7522171,69507643.0
2019-02-22,600827,8.32329722,8.45037046,8.20530064,8.43221714,6190814,56922986.0
2019-02-25,600827,8.47760044,8.79528354,8.47760044,8.78620688,10115703,96320890.0
2019-02-26,600827,8.8043602,8.96774008,8.7135936,8.8951268,9722052,94617102.0
2019-02-27,600827,8.87697348,8.94958676,8.7135936,8.76805356,9010971,87845392.0
2019-02-28,600827,8.78620688,8.90420346,8.74082358,8.78620688,5558279,54069159.0
2019-03-01,600827,8.83159018,8.90420346,8.69544028,8.86789682,5808511,56297299.0
2019-03-04,600827,8.83159018,9.14019662,8.83159018,8.8951268,12488972,123711380.0
2019-03-05,600827,8.9405101,9.1220433,8.9405101,9.04035336,10297479,102330619.0
2019-03-06,600827,9.07666,9.29449984,8.99497006,9.27634652,13086686,131588586.0
2019-03-07,600827,9.22188656,9.63941292,9.18557992,9.41249642,16470703,170887708.0
2019-03-08,600827,9.3035765,9.3035765,8.90420346,8.91328012,15025587,151135849.0
2019-03-11,600827,8.8951268,9.530493,8.8497435,9.52141634,14868104,150382369.0
2019-03-12,600827,9.50326302,9.50326302,9.19465658,9.31265316,17684781,182741471.0
2019-03-13,600827,9.26726986,9.44880306,8.99497006,9.04943002,18708504,189389809.0
2019-03-14,600827,9.10388998,9.14927328,8.84066684,8.96774008,9550949,94279249.0
2019-03-15,600827,9.07666,9.4851097,8.9858934,9.2581932,19988922,204789219.0
2019-03-18,600827,9.24003988,9.26726986,9.06758334,9.2581932,11293780,113980643.0
2019-03-19,600827,9.29449984,9.3035765,9.11296664,9.2128099,6121145,62038814.0
2019-03-20,600827,9.19465658,9.24911654,9.08573666,9.1220433,8060430,81256444.0
2019-03-21,600827,9.15834994,9.29449984,9.10388998,9.20373324,9203252,93342735.0
2019-03-22,600827,9.20373324,9.43064974,9.18557992,9.37618978,11319189,116246083.0
2019-03-25,600827,9.19465658,9.27634652,9.08573666,9.09481332,10874007,110005955.0
2019-03-26,600827,9.1220433,9.1674266,8.83159018,8.87697348,10695553,105672026.0
2019-03-27,600827,8.93143344,9.06758334,8.77713022,9.04943002,7395119,72577636.0
2019-03-28,600827,8.97681674,9.08573666,8.91328012,8.96774008,5541781,55039749.0
2019-03-29,600827,8.95866342,9.2581932,8.94958676,9.23096322,8861255,89593003.0
2019-04-01,600827,9.23096322,9.47603304,9.23096322,9.40341976,11428855,118422988.0
2019-04-02,600827,9.46695638,9.49418636,9.33988314,9.38526644,9160282,94974029.0
2019-04-03,600827,9.44880306,9.88448274,9.3489598,9.8027928,20296322,217118988.0
2019-04-04,600827,9.8481761,9.984326,9.6666429,9.8935594,14833277,160310358.0
2019-04-08,600827,9.94801936,10.04786262,9.64848958,9.81186946,12389122,133849981.0
2019-04-09,600827,9.78463948,9.85725276,9.63033626,9.72110286,7190360,77205145.0
2019-04-10,600827,9.64848958,9.79371614,9.63033626,9.7574095,7251643,77519031.0
2019-04-11,600827,9.79371614,9.83002278,9.53956966,9.60310628,6901538,73312728.0
2019-04-12,600827,9.6212596,9.83002278,9.59402962,9.73017952,7744314,82955196.0
2019-04-15,600827,9.86632942,9.86632942,9.53956966,9.54864632,9172122,98214968.0
2019-04-16,600827,9.52141634,9.73925618,9.4397264,9.69387288,6763158,71527383.0
2019-04-17,600827,9.73017952,9.7574095,9.6212596,9.67571956,5292264,56460171.0
2019-04-18,600827,9.68479622,9.69387288,9.59402962,9.68479622,4523280,48099319.0
2019-04-19,600827,9.69387288,9.73017952,9.56679964,9.64848958,4571252,48588047.0
2019-04-22,600827,9.65756624,9.67571956,9.38526644,9.38526644,6790438,70942809.0
2019-04-23,600827,9.4397264,9.44880306,9.20373324,9.26726986,5391727,55263911.0
2019-04-24,600827,9.26726986,9.3489598,9.1220433,9.32172982,5227399,53116871.0
2019-04-25,600827,9.2581932,9.3489598,9.04943002,9.04943002,5886455,59666624.0
2019-04-26,600827,9.0312767,9.26726986,9.0312767,9.04943002,5865180,58997924.0
2019-04-29,600827,9.07666,9.1674266,9.01312338,9.14019662,5926893,59380215.0
2019-04-30,600827,9.04943002,9.33988314,9.04035336,9.28542318,6637489,67723031.0
2019-05-06,600827,9.07666,9.19465658,8.67728696,8.8951268,8861872,87794941.0
2019-05-07,600827,8.8951268,9.32172982,8.8951268,9.24003988,7761116,78076451.0
2019-05-08,600827,9.14019662,9.31265316,9.04035336,9.2128099,5614749,57150546.0
2019-05-09,600827,9.10388998,9.24003988,9.09481332,9.13111996,3461018,34979958.0
2019-05-10,600827,9.17650326,9.3489598,9.05850668,9.24003988,5992345,60939467.0
2019-05-13,600827,9.17650326,9.23096322,8.95866342,8.9858934,5735974,57443477.0
2019-05-14,600827,8.96774008,9.14927328,8.94958676,9.07666,4311781,43209156.0
2019-05-15,600827,9.1220433,9.17650326,9.01312338,9.08573666,6929868,69323560.0
2019-05-16,600827,9.07666,9.1220433,9.04035336,9.11296664,3892853,38939207.0
2019-05-17,600827,9.09481332,9.1220433,8.81343686,8.84066684,4924079,48650528.0
2019-05-20,600827,8.81343686,8.8951268,8.7135936,8.74082358,5946165,57588371.0
2019-05-21,600827,8.8043602,8.94958676,8.74082358,8.82251352,2989461,29111926.0
2019-05-22,600827,8.8951268,8.8951268,8.70451694,8.76805356,3226976,31243196.0
2019-05-23,600827,8.76805356,8.78620688,8.50483042,8.54113706,5323014,50481058.0
2019-05-24,600827,8.49575376,8.59559702,8.45037046,8.54113706,3336037,31391710.0
2019-05-27,600827,8.56836704,8.7135936,8.50483042,8.59559702,4616536,43852687.0
2019-05-28,600827,8.6682103,8.69544028,8.59559702,8.60467368,2845735,27136010.0
2019-05-29,600827,8.60467368,8.88605014,8.55929038,8.74082358,4645915,44543651.0
2019-05-30,600827,8.64098032,8.64098032,8.42314048,8.5774437,7290187,68606999.0
2019-05-31,600827,8.5774437,8.61375034,8.45944712,8.49575376,3311839,31135894.0
2019-06-03,600827,8.50483042,8.5774437,8.41406382,8.45037046,3437286,32215380.0
2019-06-04,600827,8.45037046,8.5320604,8.37775718,8.40498716,3650363,33946337.0
2019-06-05,600827,8.45037046,8.51390708,8.38683384,8.43221714,2454790,22835348.0
2019-06-06,600827,8.43221714,8.46852378,8.28699058,8.33237388,2077025,19147655.0
2019-06-10,600827,8.33237388,8.4866771,8.26883726,8.43221714,2385228,22077379.0
2019-06-11,600827,8.4412938,8.67728696,8.40498716,8.63190366,3659960,34685879.0
2019-06-12,600827,8.622827,8.6682103,8.51390708,8.51390708,3253176,30751612.0
2019-06-13,600827,8.55929038,8.82251352,8.52298374,8.70451694,4062768,38752585.0
2019-06-14,600827,8.67728696,8.74990024,8.60467368,8.68636362,4216757,40343044.0
2019-06-17,600827,8.6682103,8.79528354,8.60467368,8.76805356,3143823,30259518.0
2019-06-18,600827,8.7589769,8.9405101,8.70451694,8.8951268,3867378,37694881.0
2019-06-19,600827,9.0312767,9.05850668,8.8497435,8.85882016,3834859,37773952.0
2019-06-20,600827,8.82251352,9.05850668,8.82251352,8.96774008,4096365,40532417.0
2019-06-21,600827,8.96774008,9.14019662,8.96774008,9.04943002,3661032,36544703.0
2019-06-24,600827,9.04035336,9.13111996,8.96774008,9.04943002,4407348,43888426.0
2019-06-25,600827,9.04943002,9.09481332,8.82251352,9.04943002,5093406,50254492.0
2019-06-26,600827,9.0312767,9.04943002,8.86789682,8.9405101,3853494,37914902.0
2019-06-27,600827,8.9405101,9.01312338,8.87697348,8.8951268,4117656,40557758.0
2019-06-28,600827,8.8951268,8.9405101,8.74082358,8.90420346,4918595,47836412.0
2019-07-01,600827,8.99497006,9.06758334,8.97681674,9.00404672,4542450,45168923.0
2019-07-02,600827,9.04035336,9.04035336,8.8497435,8.8951268,4861681,47727937.0
2019-07-03,600827,8.91328012,8.9405101,8.8497435,8.91328012,4024756,39468881.0
2019-07-04,600827,8.96774008,9.01312338,8.86789682,8.90420346,2409843,23755320.0
2019-07-05,600827,8.8951268,8.94958676,8.82251352,8.83159018,2959698,28866407.0
2019-07-08,600827,8.8497435,8.86789682,8.54113706,8.56836704,5355063,50853454.0
2019-07-09,600827,8.55929038,8.56836704,8.45944712,8.49575376,3586993,33585971.0
2019-07-10,600827,8.50483042,8.55929038,8.31422056,8.37775718,3894600,36098095.0
2019-07-11,600827,8.38683384,8.51390708,8.29606724,8.34145054,4131002,38233693.0
2019-07-12,600827,8.34145054,8.49575376,8.34145054,8.46852378,3408996,31673028.0
2019-07-15,600827,8.40498716,8.5774437,8.27791392,8.49575376,4474410,41740758.0
2019-07-16,600827,8.5320604,8.5320604,8.4412938,8.49575376,2372174,22154587.0
2019-07-17,600827,8.50483042,8.55929038,8.42314048,8.46852378,3022318,28277983.0
2019-07-18,600827,8.4412938,8.4412938,8.33237388,8.3505272,3771691,34761900.0
2019-07-19,600827,8.36868052,8.4412938,8.32329722,8.36868052,3164035,29237444.0
2019-07-22,600827,8.38683384,8.42314048,8.25068394,8.28699058,4258573,38917662.0
2019-07-23,600827,8.27791392,8.33237388,8.22345396,8.28699058,3302172,30095952.0
2019-07-24,600827,8.27791392,8.37775718,8.26883726,8.28699058,3795700,34798411.0
2019-07-25,600827,8.3051439,8.33237388,8.24160728,8.33237388,3401871,31127357.0
2019-07-26,600827,8.31422056,8.36868052,8.27791392,8.35960386,3978591,36489625.0
2019-07-29,600827,8.33237388,8.3959105,8.2143773,8.2597606,5781309,52786101.0
2019-07-30,600827,8.27791392,8.35960386,8.2597606,8.35960386,4194787,38484070.0
2019-07-31,600827,8.43221714,8.4412938,8.31422056,8.40498716,6558189,60632596.0
2019-08-01,600827,8.3864796,8.4420192,8.2661438,8.33094,4236870,38214694.0
2019-08-02,600827,8.1643212,8.284657,8.1643212,8.2013476,3485265,30955437.0
2019-08-05,600827,8.2013476,8.377223,8.1828344,8.2661438,6318399,56660470.0
2019-08-06,600827,8.145808,8.3216834,7.4423064,8.1735778,7456349,65711471.0
2019-08-07,600827,8.1550646,8.1828344,7.9884458,8.053242,3926516,34274240.0
2019-08-08,600827,8.0624986,8.1272948,8.0254722,8.0624986,2735082,23834940.0
2019-08-09,600827,8.099525,8.1828344,8.0347288,8.0810118,3218101,28180115.0
2019-08-12,600827,8.053242,8.0902684,7.9699326,8.0347288,5509192,47596317.0
2019-08-13,600827,8.006959,8.0439854,7.914393,7.9329062,3741203,32184723.0
2019-08-14,600827,8.006959,8.0810118,7.9699326,8.0717552,2671363,23180832.0
2019-08-15,600827,7.9699326,8.0347288,7.9236496,8.0254722,2623101,22573756.0
2019-08-16,600827,8.0254722,8.0624986,7.9791892,8.0162156,2343324,20333730.0
2019-08-19,600827,8.0347288,8.1643212,8.006959,8.1643212,4070950,35632482.0
2019-08-20,600827,8.1828344,8.1828344,8.1087816,8.145808,4070007,35784275.0
2019-08-21,600827,8.1365514,8.192091,8.099525,8.1828344,3063916,27002705.0
2019-08-22,600827,8.192091,8.192091,8.1180382,8.1550646,2752664,24234625.0
2019-08-23,600827,8.145808,8.1828344,8.0902684,8.145808,2321801,20423631.0
2019-08-26,600827,7.9791892,8.0624986,7.960676,8.006959,2644529,22866927.0
2019-08-27,600827,8.0162156,8.2661438,8.006959,8.2198608,6505558,57135882.0
2019-08-28,600827,8.2106042,8.2939136,8.1365514,8.145808,5575118,49454469.0
2019-08-29,600827,8.1550646,8.3587098,8.1550646,8.3124268,5813318,51875732.0
2019-08-30,600827,8.3216834,8.3679664,8.192091,8.2291174,3045181,27129562.0
2019-09-02,600827,8.192091,8.3494532,8.1365514,8.2568872,4639572,41368730.0
2019-09-03,600827,8.238374,8.3031702,8.2198608,8.238374,2732654,24361646.0
2019-09-04,600827,8.2198608,8.3216834,8.192091,8.3031702,3314254,29578164.0
2019-09-05,600827,8.3216834,8.4975588,8.3216834,8.4142494,5456860,49711115.0
2019-09-06,600827,8.4327626,8.4883022,8.377223,8.4327626,2530790,23054883.0
2019-09-09,600827,8.4975588,8.5345852,8.3864796,8.4883022,2908691,26580504.0
2019-09-10,600827,8.4883022,8.4883022,8.4142494,8.4605324,2499200,22795590.0
2019-09-11,600827,8.4883022,8.5438418,8.4327626,8.4883022,3799587,34813064.0
2019-09-12,600827,8.4883022,8.5068154,8.4142494,8.4790456,2815098,25768476.0
2019-09-16,600827,8.5068154,8.516072,8.423506,8.4512758,3549390,32465602.0
2019-09-17,600827,8.4883022,8.4883022,8.3124268,8.3401966,4854494,43887937.0
2019-09-18,600827,8.3494532,8.5716116,8.3494532,8.4975588,6012961,55182610.0
2019-09-19,600827,8.5345852,8.5530984,8.4512758,8.4975588,3134925,28772993.0
2019-09-20,600827,8.5253286,8.5530984,8.4512758,8.469789,2704060,24812864.0
2019-09-23,600827,8.4142494,8.4512758,8.2106042,8.2939136,4510011,40472157.0
2019-09-24,600827,8.3031702,8.4512758,8.284657,8.3957362,3905905,35410141.0
2019-09-25,600827,8.4049928,8.4512758,8.284657,8.3494532,3409344,30860225.0
2019-09-26,600827,8.3587098,8.4605324,8.3401966,8.3494532,4033040,36614642.0
2019-09-27,600827,8.3494532,8.423506,8.2661438,8.2754004,3197996,28840957.0
2019-09-30,600827,8.33094,8.33094,8.1272948,8.1272948,2372278,21041842.0
2019-10-08,600827,8.1272948,8.238374,8.0902684,8.1550646,2544435,22458033.0
2019-10-09,600827,8.1087816,8.2106042,8.1087816,8.1735778,2204718,19434837.0
2019-10-10,600827,8.1643212,8.2754004,8.145808,8.2291174,3368843,29805584.0
2019-10-11,600827,8.2291174,8.4883022,8.2198608,8.469789,4306052,38946199.0
2019-10-14,600827,8.4790456,8.5901248,8.4327626,8.5530984,4435387,40849840.0
2019-10-15,600827,8.5530984,8.5530984,8.3124268,8.33094,5939826,53996157.0
2019-10-16,600827,8.3679664,8.4605324,8.3031702,8.3124268,4083477,36957091.0
2019-10-17,600827,8.3494532,8.3679664,8.2198608,8.2661438,2823914,25269932.0
2019-10-18,600827,8.2939136,8.3216834,8.099525,8.1365514,3765685,33289719.0
2019-10-21,600827,8.1272948,8.3401966,8.0902684,8.33094,5047838,45025872.0
2019-10-22,600827,8.3031702,8.3587098,8.2198608,8.3031702,3562556,31977204.0
2019-10-23,600827,8.3401966,8.3587098,8.1643212,8.1828344,2731758,24268041.0
2019-10-24,600827,8.1828344,8.2476306,8.1272948,8.1828344,2694176,23762696.0
2019-10-25,600827,8.1735778,8.2198608,8.1180382,8.2013476,2634439,23228993.0
2019-10-28,600827,8.1828344,8.2754004,8.1643212,8.238374,2615391,23250444.0
2019-10-29,600827,8.238374,8.2568872,8.1643212,8.2106042,2417410,21439714.0
2019-10-30,600827,8.1828344,8.192091,8.0902684,8.1272948,2340533,20568786.0
2019-10-31,600827,8.053242,8.1365514,8.0439854,8.1272948,2246487,19638315.0
2019-11-01,600827,8.0624986,8.1180382,7.9884458,8.0717552,4042062,35226324.0
2019-11-04,600827,8.0717552,8.3401966,8.0624986,8.2568872,5306159,47098574.0
2019-11-05,600827,8.2568872,8.3031702,8.1735778,8.2198608,2334992,20764302.0
2019-11-06,600827,8.2198608,8.2476306,8.1087816,8.145808,3912442,34538662.0
2019-11-07,600827,8.1365514,8.2661438,8.1087816,8.2661438,2633543,23392200.0
2019-11-08,600827,8.2754004,8.3031702,8.099525,8.145808,3668042,32471819.0
2019-11-11,600827,8.145808,8.1643212,8.006959,8.0162156,3110438,27163747.0
2019-11-12,600827,8.0717552,8.0717552,7.9236496,7.9791892,1969101,16957785.0
2019-11-13,600827,7.9791892,8.0810118,7.9236496,8.0347288,4244103,36756002.0
2019-11-14,600827,8.053242,8.1828344,8.0162156,8.099525,3436786,30067027.0
2019-11-15,600827,8.145808,8.1550646,7.9421628,7.9699326,5388908,46607144.0
2019-11-18,600827,8.0162156,8.0810118,7.9421628,8.053242,1749768,15196796.0
2019-11-19,600827,8.053242,8.1272948,8.0254722,8.1087816,1800782,15756784.0
2019-11-20,600827,8.099525,8.1180382,8.053242,8.0624986,2173700,19002322.0
2019-11-21,600827,8.099525,8.1087816,8.0162156,8.099525,1505223,13145786.0
2019-11-22,600827,8.1087816,8.2106042,7.9791892,8.0162156,2282734,19946250.0
2019-11-25,600827,8.0717552,8.0717552,7.9699326,8.053242,2471505,21470355.0
2019-11-26,600827,8.053242,8.1087816,7.9884458,8.0254722,2388684,20758260.0
2019-11-27,600827,8.006959,8.1365514,7.9977024,8.0347288,2136085,18621755.0
2019-11-28,600827,8.0347288,8.1087816,8.0162156,8.0810118,2175145,18987593.0
2019-11-29,600827,8.0810118,8.145808,8.0624986,8.145808,1663441,14592033.0
2019-12-02,600827,8.1828344,8.2013476,8.099525,8.145808,1788188,15753219.0
2019-12-03,600827,8.1550646,8.1550646,8.053242,8.1365514,1890469,16528160.0
2019-12-04,600827,8.0810118,8.1643212,8.0624986,8.1087816,1789359,15672552.0
2019-12-05,600827,8.1180382,8.1550646,8.0902684,8.1365514,1567290,13755990.0
2019-12-06,600827,8.145808,8.2198608,8.1365514,8.2106042,2757553,24385257.0
2019-12-09,600827,8.2013476,8.2476306,8.1550646,8.238374,2902679,25700688.0
2019-12-10,600827,8.2198608,8.2754004,8.1828344,8.2106042,1775559,15770243.0
2019-12-11,600827,8.2013476,8.284657,8.1550646,8.2198608,3265630,28955428.0
2019-12-12,600827,8.1828344,8.2291174,8.1550646,8.1828344,2112637,18691138.0
2019-12-13,600827,8.2106042,8.2291174,8.1735778,8.2106042,4500023,39866279.0
2019-12-16,600827,8.2198608,8.2661438,8.1735778,8.2661438,4839439,42961811.0
2019-12-17,600827,8.2568872,8.3679664,8.2291174,8.3401966,4984537,44756535.0
2019-12-18,600827,8.3401966,8.4790456,8.3216834,8.4327626,6417154,58467381.0
2019-12-19,600827,8.3679664,8.4327626,8.33094,8.3864796,4352737,39367783.0
2019-12-20,600827,8.377223,8.3864796,8.2661438,8.3031702,5018072,45070265.0
2019-12-23,600827,8.3124268,8.3216834,8.0902684,8.099525,4894877,43286299.0
2019-12-24,600827,8.1365514,8.1550646,8.0902684,8.1365514,2414781,21207010.0
2019-12-25,600827,8.145808,8.1828344,8.0810118,8.1365514,3170125,27827199.0
2019-12-26,600827,8.1272948,8.1735778,8.1087816,8.1550646,3251351,28580726.0
2019-12-27,600827,8.1828344,8.2198608,8.1550646,8.1735778,4661559,41234120.0
2019-12-30,600827,8.1643212,8.3124268,8.0902684,8.3031702,5315260,47169420.0
2019-12-31,600827,8.3031702,8.3401966,8.2661438,8.3124268,3471970,31140683.0
2020-01-02,600827,8.3679664,8.3864796,8.3124268,8.3494532,5699914,51462902.0
2020-01-03,600827,8.3587098,8.3864796,8.3124268,8.377223,4051406,36572503.0
2020-01-06,600827,8.3494532,8.4049928,8.3124268,8.3494532,5344898,48307363.0
2020-01-07,600827,8.3494532,8.3864796,8.3124268,8.3864796,5039009,45496065.0
2020-01-08,600827,8.3587098,8.3587098,8.2291174,8.2939136,5629945,50453482.0
2020-01-09,600827,8.3124268,8.3587098,8.284657,8.33094,3933752,35364819.0
2020-01-10,600827,8.3587098,8.4790456,8.3587098,8.4049928,6183750,56296893.0
2020-01-13,600827,8.423506,8.4605324,8.3587098,8.4142494,6897880,62610462.0
2020-01-14,600827,8.4420192,8.5253286,8.3864796,8.469789,5080198,46464474.0
2020-01-15,600827,8.4883022,8.5438418,8.423506,8.4420192,3716410,34024231.0
2020-01-16,600827,8.4420192,8.4512758,8.3031702,8.3216834,5160302,46494818.0
2020-01-17,600827,8.3587098,8.3587098,8.2568872,8.2661438,3095015,27759379.0
2020-01-20,600827,8.2661438,8.33094,8.238374,8.3031702,3106098,27774171.0
2020-01-21,600827,8.3124268,8.3124268,8.1550646,8.1643212,5222682,46363172.0
2020-01-22,600827,8.1365514,8.2198608,7.9884458,8.1180382,7817265,68101242.0
2020-01-23,600827,8.0810118,8.1087816,7.7014912,7.7477742,8441327,71832315.0
2020-02-03,600827,6.9702198,6.988733,6.9702198,6.9702198,3378400,25440127.0
2020-02-04,600827,6.757318,6.9702198,6.7480614,6.9331934,9476113,70510001.0
2020-02-05,600827,6.9331934,7.0535292,6.849884,6.9609632,7514395,56740837.0
2020-02-06,600827,6.9794764,7.0720424,6.8776538,7.0257594,7356311,55598600.0
2020-02-07,600827,6.9794764,7.0535292,6.9146802,7.0442726,6885571,52008121.0
2020-02-10,600827,7.0535292,7.3312272,6.9979896,7.2849442,8566462,66833899.0
2020-02-11,600827,7.2479178,7.2942008,7.1831216,7.1923782,4906881,38299008.0
2020-02-12,600827,7.1831216,7.2016348,7.1090688,7.1923782,6150367,47483044.0
2020-02-13,600827,7.1923782,7.1923782,7.1090688,7.1460952,5919228,45679707.0
2020-02-14,600827,7.173865,7.220148,7.0998122,7.1183254,5633149,43479400.0
2020-02-17,600827,7.1368386,7.266431,7.127582,7.2571744,6766442,52679365.0
2020-02-18,600827,7.2479178,7.2756876,7.220148,7.266431,6434418,50358857.0
2020-02-19,600827,7.266431,7.4885894,7.266431,7.3404838,8643473,69027162.0
2020-02-20,600827,7.3497404,7.4793328,7.266431,7.451563,9404250,74885469.0
2020-02-21,600827,7.451563,7.5163592,7.4237932,7.4608196,7329468,59033216.0
2020-02-24,600827,7.4608196,7.4608196,7.266431,7.3312272,9014834,71509018.0
2020-02-25,600827,7.2386612,7.266431,7.081299,7.2016348,7407323,57517597.0
2020-02-26,600827,7.127582,7.2386612,7.035016,7.173865,8177077,63326647.0
2020-02-27,600827,7.1831216,7.3404838,7.173865,7.3219706,6829618,53621271.0
2020-02-28,600827,7.220148,7.2479178,6.9794764,7.0257594,7105179,54436970.0
2020-03-02,600827,7.0072462,7.1923782,7.0072462,7.1646084,5603253,43170217.0
2020-03-03,600827,7.220148,7.266431,7.1553518,7.173865,6411360,49944580.0
2020-03-04,600827,7.1553518,7.3034574,7.1368386,7.2849442,6255524,48834722.0
2020-03-05,600827,7.3312272,7.40528,7.2571744,7.3960234,9213251,73054075.0
2020-03-06,600827,7.3404838,7.4237932,7.312714,7.3867668,6876327,54705494.0
2020-03-09,600827,7.3034574,7.3312272,7.1460952,7.173865,7205886,56338846.0
2020-03-10,600827,7.081299,7.312714,7.081299,7.2756876,6853510,53340997.0
2020-03-11,600827,7.2942008,7.3312272,7.2479178,7.2756876,6340937,49922240.0
2020-03-12,600827,7.220148,7.220148,7.0998122,7.1183254,6226349,48083605.0
2020-03-13,600827,6.9054236,7.1183254,6.7665746,7.1090688,7178530,53917292.0
2020-03-16,600827,7.1368386,7.173865,6.94245,6.9702198,5808990,44328432.0
2020-03-17,600827,6.9794764,7.081299,6.8591406,6.9239368,5799965,43565761.0
2020-03-18,600827,6.9979896,7.0257594,6.7850878,6.803601,5750242,43025902.0
2020-03-19,600827,6.8406274,7.1553518,6.8221142,7.0535292,10107213,76393790.0
2020-03-20,600827,7.0905556,7.1183254,6.9239368,7.0072462,6157728,46508389.0
2020-03-23,600827,6.9239368,6.9239368,6.7850878,6.8221142,4954151,36622999.0
2020-03-24,600827,6.8683972,6.9609632,6.8313708,6.896167,4182172,31178238.0
2020-03-25,600827,6.9979896,7.0998122,6.9517066,7.0720424,6094511,46228416.0
2020-03-26,600827,7.0627858,7.0905556,6.9979896,7.0442726,4892128,37236465.0
2020-03-27,600827,7.1368386,7.2479178,7.0905556,7.1831216,7066191,54901007.0
2020-03-30,600827,7.1090688,7.2571744,7.0627858,7.2108914,6669590,51663046.0
2020-03-31,600827,7.2108914,7.312714,7.1553518,7.220148,7125343,55529149.0
2020-04-01,600827,7.2294046,7.2386612,7.0627858,7.0720424,5619499,43390256.0
2020-04-02,600827,7.081299,7.081299,6.9331934,7.081299,5096064,38668690.0
2020-04-03,600827,7.0535292,7.0720424,6.9517066,6.9794764,4960040,37465708.0
2020-04-07,600827,7.0442726,7.2849442,7.0442726,7.2849442,8072338,62590229.0
2020-04-08,600827,7.220148,7.6274384,7.2108914,7.5626422,15652749,125959572.0
2020-04-09,600827,7.5626422,7.7477742,7.5256158,7.5718988,14430223,118793541.0
2020-04-10,600827,7.6644648,7.7014912,7.358997,7.3775102,9700726,78071110.0
2020-04-13,600827,7.3312272,7.451563,7.2386612,7.2849442,5873063,46470490.0
2020-04-14,600827,7.2849442,7.451563,7.220148,7.40528,7368423,58434974.0
2020-04-15,600827,7.3960234,7.4330498,7.2756876,7.3034574,6898094,54872091.0
2020-04-16,600827,7.2756876,7.4885894,7.2479178,7.358997,10728170,85297650.0
2020-04-17,600827,7.3682536,7.4145366,7.266431,7.266431,7325254,57959125.0
2020-04-20,600827,7.2849442,7.2942008,7.0998122,7.1368386,9472559,73249480.0
2020-04-21,600827,7.1090688,7.127582,6.94245,7.0165028,7275085,55192358.0
2020-04-22,600827,6.9794764,7.1460952,6.9517066,7.1368386,6062688,46347061.0
2020-04-23,600827,7.173865,7.2108914,7.0627858,7.1553518,7277879,56239538.0
2020-04-24,600827,7.173865,7.3312272,7.127582,7.1553518,6448168,50076756.0
2020-04-27,600827,7.1923782,7.3034574,7.173865,7.1831216,7125073,55757874.0
2020-04-28,600827,7.220148,7.2479178,6.94245,7.0442726,7613477,58070029.0
2020-04-29,600827,7.0072462,7.1183254,7.0072462,7.1090688,4023117,30791360.0
2020-04-30,600827,7.081299,7.3682536,7.0442726,7.3312272,13684853,106466179.0
2020-05-06,600827,7.173865,7.2108914,7.0257594,7.0720424,15959101,121952324.0
2020-05-07,600827,7.0627858,7.0627858,6.9979896,7.035016,5797590,44033828.0
2020-05-08,600827,7.0627858,7.0998122,7.035016,7.0998122,4996874,38145790.0
2020-05-11,600827,7.0998122,7.0998122,7.0072462,7.0257594,4612327,35118706.0
2020-05-12,600827,7.0165028,7.035016,6.9609632,6.9702198,3818391,28835126.0
2020-05-13,600827,6.988733,7.1460952,6.9517066,7.081299,6970457,53217598.0
2020-05-14,600827,7.081299,7.1090688,7.0535292,7.0720424,5418157,41467760.0
2020-05-15,600827,7.0720424,7.1460952,7.0535292,7.0720424,3550384,27263895.0
2020-05-18,600827,7.0905556,7.2386612,7.035016,7.173865,8139779,62973400.0
2020-05-19,600827,7.2016348,7.4237932,7.0998122,7.3775102,13136599,103039979.0
2020-05-20,600827,7.3404838,7.4608196,7.2479178,7.2942008,9803251,77872061.0
2020-05-21,600827,7.312714,7.7570308,7.312714,7.544129,21448163,175205790.0
2020-05-22,600827,7.544129,7.636695,7.312714,7.358997,13933419,112134098.0
2020-05-25,600827,7.358997,7.451563,7.2479178,7.2849442,5603246,44282776.0
2020-05-26,600827,7.3219706,7.544129,7.2849442,7.5163592,13053703,104769158.0
2020-05-27,600827,7.590412,8.2661438,7.544129,8.1643212,42829746,374392151.0
2020-05-28,600827,8.1828344,8.3679664,8.0162156,8.2198608,25629986,226802381.0
2020-05-29,600827,8.006959,9.0436982,8.006959,9.0436982,41905572,401508763.0
2020-06-01,600827,9.2473434,9.7101734,9.1455208,9.441732,41137108,416530282.0
2020-06-02,600827,9.441732,9.71943,9.2658566,9.3399094,22759470,233045853.0
2020-06-03,600827,9.4602452,9.4695018,9.0807246,9.2010604,18405141,183903449.0
2020-06-04,600827,9.4047056,9.580581,9.071468,9.1084944,15323977,152753115.0
2020-06-05,600827,9.117751,9.2566,8.654921,8.6826908,25800955,246963937.0
2020-06-08,600827,8.747487,8.747487,8.2661438,8.3124268,19289341,175729298.0
2020-06-09,600827,8.4512758,9.1455208,8.4512758,9.1455208,34603608,337801691.0
2020-06-10,600827,10.0619242,10.0619242,9.8212526,10.0619242,42715298,463822893.0
2020-06-11,600827,10.0619242,11.0708936,9.7471998,10.7283994,88528875,1001979161.0
2020-06-12,600827,10.2007732,10.8117088,9.858279,10.4692146,83686624,939003179.0
2020-06-15,600827,10.5710372,11.5152104,10.367392,11.1819728,96797031,1170813871.0
2020-06-16,600827,11.061637,11.3485916,10.18226,11.2652822,77851556,903292463.0
2020-06-17,600827,11.478184,12.3945874,11.339335,12.3945874,47532503,625338976.0
2020-06-18,600827,13.468353,13.6349718,13.1536286,13.6349718,130145472,1905627103.0
2020-06-19,600827,13.8849,14.995692,13.5331492,14.995692,116660043,1856926669.0
2020-06-22,600827,14.5143488,14.579145,13.4961228,13.4961228,122678458,1821048381.0
2020-06-23,600827,13.0425494,13.699768,12.450127,12.8574174,96925631,1351645359.0
2020-06-24,600827,12.8296476,13.0240362,12.3853308,12.4316138,60243308,823907062.0
2020-06-29,600827,12.3853308,12.635259,12.0243234,12.450127,46017631,615582933.0
2020-06-30,600827,12.9499834,13.699768,12.7648514,13.375787,85489674,1230028729.0
2020-07-01,600827,13.4405832,14.440296,13.42207,13.7738208,94123577,1417399051.0
2020-07-02,600827,14.1811112,15.1530542,13.329504,15.1530542,96490412,1520689147.0
2020-07-03,600827,16.0879708,16.6711366,15.3474428,16.6711366,73853447,1295833085.0
2020-07-06,600827,18.3373246,18.3373246,18.3373246,18.3373246,6986460,138401773.0
2020-07-07,600827,20.1701314,20.1701314,20.1701314,20.1701314,2426865,52881388.0
2020-07-08,600827,22.1880702,22.1880702,22.1880702,22.1880702,2631032,63065837.0
2020-07-09,600827,24.4096542,24.4096542,24.4096542,24.4096542,2099618,55366927.0
2020-07-10,600827,25.91848,26.8533966,24.99282,26.8533966,113105629,3205725434.0
2020-07-13,600827,26.8533966,26.8533966,24.1689826,24.1782392,151322236,4027875506.0
2020-07-14,600827,23.1415,23.4839942,21.7622666,21.7622666,114809124,2793505889.0
2020-07-15,600827,21.845576,23.8635148,21.7807798,23.5765602,119834764,2923756142.0
2020-07-16,600827,22.21584,22.400972,21.2161272,21.2161272,77273067,1795013953.0
2020-07-17,600827,19.994256,20.8551198,19.0963658,19.0963658,89897405,1913733871.0
2020-07-20,600827,19.1981884,20.1516182,18.5039434,19.762841,64406497,1343023942.0
2020-07-21,600827,19.392577,19.7443278,18.4113774,18.9575168,65917342,1352145387.82
2020-07-22,600827,18.97603,20.688501,18.8464376,19.3740638,84623546,1796631181.43
2020-07-23,600827,18.837181,19.3277808,17.6893626,19.253728,81678536,1637195632.45
2020-07-24,600827,18.883464,18.883464,17.3283552,17.3283552,70375137,1357895267.8
2020-07-27,600827,16.8747818,16.9951176,16.1342538,16.6063404,66578180,1193654746.49
2020-07-28,600827,16.8192422,17.3005854,16.5322876,16.8099856,52194825,951035266.19
2020-07-29,600827,16.5970838,17.4857174,16.5785706,17.309842,51433074,952187349.79
2020-07-30,600827,17.217276,18.9019772,16.9673478,18.6242792,90949341,1741714692.66
2020-07-31,600827,18.0133436,18.9482602,17.6060532,18.4113774,81114579,1598012335.01
2020-08-03,600827,18.466917,19.8646636,18.1244228,19.3092676,77304717,1585369034.08
2020-08-04,600827,19.2259582,19.2259582,18.235502,18.4298906,54586053,1096994874.19
2020-08-05,600827,18.189219,18.7075886,17.6430796,18.1059096,39822983,788530138.35
2020-08-06,600827,18.39432432,18.4222368,17.3987792,17.91981216,47588400,914920871.56
2020-08-07,600827,18.01285376,18.20824112,17.2592168,17.69651232,34833452,665998799.01
2020-08-10,600827,17.31504176,18.18032864,16.98939616,17.68720816,42119804,792933557.46
2020-08-11,600827,17.8639872,17.8639872,16.99870032,17.10104608,32626784,613387853.7
2020-08-12,600827,17.1196544,17.3522584,15.82637616,16.80331296,32775902,585790899.17
2020-08-13,600827,16.90565872,17.0266128,16.3753216,16.6544464,27494712,492903046.95
2020-08-14,600827,16.63583808,16.71957552,15.4449056,16.10550096,43920640,753962592.53
2020-08-17,600827,16.07758848,16.63583808,15.96593856,16.53349232,33530095,587887241.47
2020-08-18,600827,16.5614048,18.1896328,16.28228,18.1896328,53972079,1003018448.95
2020-08-19,600827,18.4222368,18.4222368,16.86844208,16.90565872,61254488,1163060795.51
2020-08-20,600827,16.747488,17.01730864,16.06828432,16.28228,32377577,575303664.2
2020-08-21,600827,16.45905904,16.747488,16.10550096,16.33810496,24582684,432587079.03
2020-08-24,600827,16.4218424,16.4218424,15.2588224,15.61238048,41632618,695656591.65
2020-08-25,600827,15.4914264,15.584468,14.71918112,14.89596016,49173740,799365047.2
2020-08-26,600827,14.7470936,15.0262184,14.38423136,14.654052,28386448,447889709.4
2020-08-27,600827,14.64474784,14.76570192,14.188844,14.69126864,21425858,334854899.0
2020-08-28,600827,14.69126864,14.95178512,14.40283968,14.78431024,23731408,375625048.53
2020-08-31,600827,14.81222272,15.20299744,14.59822704,14.62613952,21616810,345913348.83
2020-09-01,600827,14.61683536,15.4914264,14.40283968,14.94248096,38452176,623118224.28
2020-09-02,600827,14.96108928,16.16132592,14.90526432,15.48212224,43126613,721817192.71
2020-09-03,600827,15.47281808,15.75194288,15.01691424,15.04482672,20670291,339209422.17
2020-09-04,600827,14.72848528,15.51933888,14.52379376,15.34255984,24711565,400253804.36
2020-09-07,600827,15.2123016,15.351864,14.68196448,14.7936144,18892540,304488625.56
2020-09-08,600827,14.96108928,15.11926,14.33771056,14.59822704,18289732,287669884.08
2020-09-09,600827,14.27258144,14.45866464,13.61198608,13.6305944,24808052,371733263.46
2020-09-10,600827,13.7701568,14.48657712,13.6305944,13.79806928,28411205,429791481.39
2020-09-11,600827,13.64920272,14.0492816,13.56546528,14.0492816,17449941,260038328.18
2020-09-14,600827,14.03997744,14.39353552,13.95624,14.20745232,15664786,238194972.49
2020-09-15,600827,14.1423232,15.31464736,14.08649824,14.886656,33911785,541953273.74
2020-09-16,600827,14.87735184,15.12856416,14.54240208,15.00761008,20256910,322752468.7
2020-09-17,600827,15.7240304,16.0961968,15.11926,15.70542208,46425220,779774728.94
2020-09-18,600827,15.5379472,16.35671328,15.27743072,16.1892384,39135123,667957766.51
2020-09-21,600827,15.91941776,17.43599584,15.817072,17.17547936,50365475,911198046.98
2020-09-22,600827,16.8405296,17.1661752,16.59862144,16.63583808,27148921,490550055.51
2020-09-23,600827,16.76609632,16.85913792,16.3753216,16.6544464,19755887,352927909.38
2020-09-24,600827,16.50557984,16.66375056,16.049676,16.35671328,18857432,331589826.65
2020-09-25,600827,16.35671328,16.67305472,16.22645504,16.58931728,15104046,267479677.5
2020-09-28,600827,16.50557984,16.69166304,16.16132592,16.20784672,16281035,286731973.95
2020-09-29,600827,16.1892384,16.2357592,15.52864304,15.92872192,20592144,352225831.46
2020-09-30,600827,16.30088832,16.34740912,15.6775096,15.84498448,13865857,236520523.04
2020-10-09,600827,15.817072,16.4683632,14.7936144,14.886656,40655849,668740274.64
2020-10-12,600827,14.886656,15.71472624,14.5610104,15.61238048,28587747,468162534.83
2020-10-13,600827,15.61238048,15.75194288,15.0727392,15.26812656,19186194,316749353.85
2020-10-14,600827,15.24021408,15.37977648,14.95178512,14.9796976,14185012,230946290.49
2020-10-15,600827,14.98900176,15.06343504,14.58892288,14.58892288,13220022,209542965.64
2020-10-16,600827,14.57961872,14.77500608,14.30049392,14.44936048,12923651,201378424.44
2020-10-19,600827,14.47727296,14.9796976,14.20745232,14.25397312,16791475,261802800.84
2020-10-20,600827,14.188844,14.36562304,14.03067328,14.30979808,8127160,124036186.13
2020-10-21,600827,14.30049392,14.96108928,14.27258144,14.55170624,20525194,321379202.83
2020-10-22,600827,14.6075312,14.92387264,14.11441072,14.886656,19598338,307484034.42
2020-10-23,600827,14.7936144,15.15647664,14.33771056,14.50518544,19002711,299312908.92
2020-10-26,600827,14.421448,14.53309792,13.93763168,14.26327728,12865623,197006927.71
2020-10-27,600827,14.11441072,14.53309792,14.05858576,14.3284064,7897765,121597006.06
2020-10-28,600827,14.30979808,14.50518544,14.15162736,14.2353648,8131158,124615380.04
2020-10-29,600827,14.03067328,14.16093152,13.65850688,13.97484832,16363904,244447753.36
2020-10-30,600827,13.95624,14.02136912,13.29564464,13.36077376,13816942,202415820.01
2020-11-02,600827,13.258428,13.37938208,12.7001784,12.9327824,21191389,295650947.55
2020-11-03,600827,12.91417408,13.84459008,12.86765328,13.63989856,21488447,310897866.56
2020-11-04,600827,13.55616112,13.723636,13.34216544,13.71433184,11987411,174459545.4
2020-11-05,600827,13.723636,13.88180672,13.57476944,13.79806928,15096039,222084201.54
2020-11-06,600827,13.6771152,13.9097192,13.5840736,13.87250256,10917581,161288358.1
2020-11-09,600827,13.9097192,14.11441072,13.8166776,13.93763168,18298162,274810605.98
2020-11-10,600827,13.8631984,14.1423232,13.5840736,13.66781104,17333315,258164921.33
2020-11-11,600827,13.59337776,13.71433184,13.3979904,13.45381536,15745356,229199907.98
2020-11-12,600827,13.4445112,13.83528592,13.26773216,13.83528592,14365309,209754293.83
2020-11-13,600827,13.69572352,13.69572352,13.26773216,13.47242368,17619239,254348986.74
2020-11-16,600827,13.7701568,14.82152688,13.48172784,14.31910224,49731056,775725519.47
2020-11-17,600827,14.12371488,14.2353648,13.491032,13.5375528,29200509,434201712.19
2020-11-18,600827,13.52824864,13.62129024,13.025824,13.08164896,18469565,263122184.17
2020-11-19,600827,13.03512816,13.34216544,12.8397408,13.2119072,13534755,190525017.01
2020-11-20,600827,13.06304064,13.2119072,12.94208656,13.01651984,11831610,165568822.04
2020-11-23,600827,12.95139072,13.06304064,12.59783264,12.82113248,17351296,238254035.04
2020-11-24,600827,12.79322,12.85834912,12.66296176,12.7466992,12243637,167595989.91
2020-11-25,600827,12.7001784,12.7466992,12.08610384,12.16053712,22480152,298604491.39
2020-11-26,600827,12.095408,12.58852848,11.79767488,12.560616,28607299,374419781.12
2020-11-27,600827,12.56992016,12.82113248,12.2814912,12.30940368,23520406,316564990.94
2020-11-30,600827,12.27218704,12.44896608,12.1884496,12.20705792,16618533,219829641.45
2020-12-01,600827,12.17914544,12.34662032,12.05819136,12.30009952,11247239,147916787.75
2020-12-02,600827,12.29079536,12.49548688,12.22566624,12.30009952,10259726,136123973.97
2020-12-03,600827,12.25357872,12.63504928,12.2349704,12.4210536,14368545,191982426.79
2020-12-04,600827,12.41174944,12.62574512,12.34662032,12.49548688,9706256,130144680.88
2020-12-07,600827,12.48618272,12.61644096,12.39314112,12.4210536,8375701,112335495.63
2020-12-08,600827,12.41174944,12.48618272,12.095408,12.328012,10717955,141482874.29
2020-12-09,600827,12.2814912,12.2814912,11.9093248,11.92793312,12567460,162999854.42
2020-12-10,600827,11.82558736,12.21636208,11.57437504,12.1419288,15373894,197771657.65
2020-12-11,600827,12.07679968,12.95139072,12.07679968,12.25357872,26127679,349740932.17
2020-12-14,600827,12.4675744,13.09095312,12.30009952,12.79322,38865456,533338652.84
2020-12-15,600827,12.68157008,13.491032,12.4210536,13.26773216,34580927,482144176.7
2020-12-16,600827,13.13747392,13.23981968,12.8862616,12.92347824,18456780,258661783.18
2020-12-17,600827,13.04443232,13.3979904,12.98860736,13.28634048,19059652,270346221.95
2020-12-18,600827,13.13747392,13.2119072,12.98860736,13.19329888,15382653,216400496.34
2020-12-21,600827,13.10956144,13.50033616,13.03512816,13.36077376,17907725,256927898.02
2020-12-22,600827,13.41659872,14.36562304,13.32355712,14.0958024,41305920,622338198.07
2020-12-23,600827,14.2353648,14.886656,13.95624,14.3749272,35719908,555823427.89
2020-12-24,600827,14.35631888,14.83083104,14.1423232,14.17023568,26157179,405695091.53
2020-12-25,600827,13.98415248,14.06788992,13.57476944,13.71433184,22961318,340756525.5
2020-12-28,600827,13.88180672,13.88180672,12.64435344,12.77461168,38358431,541546977.37
2020-12-29,600827,12.89556576,13.43520704,12.67226592,13.09095312,22488409,315572542.82
2020-12-30,600827,13.20260304,13.37938208,12.8862616,13.13747392,15789711,223684073.54
2020-12-31,600827,13.15608224,13.80737344,13.03512816,13.5840736,22751919,328641818.09
2021-01-04,600827,13.57476944,13.57476944,12.9793032,13.2119072,27426646,388596314.57
2021-01-05,600827,13.2119072,14.53309792,13.2119072,14.53309792,37472905,579079738.99
2021-01-06,600827,14.80291856,15.98454688,14.1423232,15.55655552,81964839,1339250614.45
2021-01-07,600827,15.27743072,15.77985536,14.6075312,14.63544368,48239990,780002938.17
2021-01-08,600827,15.1657808,16.0031552,15.0262184,15.77985536,53595001,900594872.28
2021-01-11,600827,15.817072,16.4218424,15.6775096,15.8635928,47497758,817198929.44
2021-01-12,600827,15.6309888,17.05452528,15.6309888,16.7940088,41316587,734590549.15
2021-01-13,600827,16.747488,17.01730864,16.3288008,16.5614048,28131003,500554634.83
2021-01-14,600827,16.5614048,16.61722976,15.54725136,15.6309888,27986866,478570226.04
2021-01-15,600827,15.6309888,17.04522112,15.6309888,16.61722976,31770331,564367686.17
2021-01-18,600827,16.91496288,18.2826744,16.8870504,18.2826744,48333810,927085784.8
2021-01-19,600827,18.60832,19.1200488,18.16172032,18.31989104,53057881,1059656565.74
2021-01-20,600827,18.60832,18.75718656,17.96633296,18.22684944,29430217,580548309.26
2021-01-21,600827,18.27337024,18.76649072,17.91981216,18.05937456,31487508,619611213.4
2021-01-22,600827,18.13380784,19.15726544,18.13380784,18.7013616,36057177,724110015.88
2021-01-25,600827,18.89674896,19.073528,18.31989104,18.50597424,28415888,567324156.08
2021-01-26,600827,18.2826744,18.47806176,17.37086672,17.68720816,37519011,719082487.8
2021-01-27,600827,17.68720816,18.0965912,17.29643344,17.65929568,21576784,408381047.12
2021-01-28,600827,17.75233728,17.7709456,16.80331296,16.82192128,25197992,463966395.81
2021-01-29,600827,17.1661752,17.22200016,15.817072,16.25436752,32134926,567064579.67
2021-02-01,600827,17.212696,17.65929568,16.40323408,16.85913792,32378172,593070582.38
2021-02-02,600827,16.85913792,17.14756688,16.53349232,16.64514224,23281344,419003374.81
2021-02-03,600827,16.58931728,16.6079256,15.2123016,15.27743072,43477315,731618698.97
2021-02-04,600827,15.351864,15.5379472,14.63544368,14.77500608,27567461,441727479.65
2021-02-05,600827,14.85874352,15.51933888,14.55170624,14.6075312,25592200,411232000.33
2021-02-08,600827,14.654052,15.9566344,14.64474784,15.584468,36080426,600327994.46
2021-02-09,600827,15.59377216,17.00800448,15.57516384,16.91496288,34040598,609020176.56
2021-02-10,600827,16.92426704,17.10104608,16.54279648,16.67305472,24528823,440810132.79
2021-02-18,600827,16.8405296,17.48251664,16.7940088,17.00800448,24983493,460763606.88
2021-02-19,600827,16.89635456,17.69651232,16.82192128,17.48251664,19854449,371821396.14
2021-02-22,600827,17.3987792,17.83607472,16.8870504,16.980092,25051590,466664084.02
2021-02-23,600827,16.747488,16.9335712,16.28228,16.4683632,19988530,357026433.59
2021-02-24,600827,16.54279648,16.7009672,15.91941776,16.16132592,20441040,355850627.61
2021-02-25,600827,16.31019248,16.44045072,15.54725136,15.6309888,19833635,335941612.6
2021-02-26,600827,15.40768896,15.73333456,15.03552256,15.10065168,18330894,300092982.48
2021-03-01,600827,15.15647664,15.5379472,14.89596016,15.14717248,19290482,313384172.72
2021-03-02,600827,15.11926,15.22160576,14.4679688,14.68196448,20240920,321014065.76
2021-03-03,600827,14.69126864,15.9101136,14.40283968,15.6775096,37282129,612942982.9
2021-03-04,600827,15.38908064,15.38908064,14.44005632,14.87735184,30873578,490732115.11
2021-03-05,600827,14.654052,15.3053432,14.44936048,15.1657808,17212337,277428153.1
2021-03-08,600827,15.351864,15.351864,14.5610104,14.57031456,17285088,275487439.97
2021-03-09,600827,14.421448,14.86804768,13.95624,14.3284064,16728698,258192981.29
2021-03-10,600827,14.5144896,15.17508496,14.27258144,15.04482672,20777355,330865202.24
2021-03-11,600827,14.84943936,15.42629728,14.84943936,15.15647664,16027075,261391462.42
2021-03-12,600827,15.1657808,15.42629728,14.84943936,15.2588224,14058354,229182144.14
2021-03-15,600827,15.34255984,16.78470464,15.32395152,16.78470464,30759525,545724846.44
2021-03-16,600827,17.0266128,17.2592168,16.514884,17.0731336,42509238,779496811.31
2021-03-17,600827,16.8405296,17.36156256,16.77540048,17.3057376,23759661,437052066.61
2021-03-18,600827,17.1196544,17.7709456,17.08243776,17.27782512,29006190,543996488.68
2021-03-19,600827,17.01730864,17.51042912,16.87774624,17.33365008,24898343,461459385.89
2021-03-22,600827,17.47321248,17.56625408,16.4683632,16.84983376,32206261,587211064.22
2021-03-23,600827,16.980092,17.01730864,15.75194288,16.06828432,30362936,533068709.05
2021-03-24,600827,16.28228,16.39392992,15.38908064,15.41699312,25342641,430812787.17
2021-03-25,600827,15.50073056,16.91496288,15.15647664,16.049676,31551465,546835034.21
2021-03-26,600827,15.97524272,16.66375056,15.91941776,16.38462576,19464051,340772834.33
2021-03-29,600827,16.35671328,16.45905904,15.85428864,16.16132592,14717394,254698472.9
2021-03-30,600827,16.07758848,16.98939616,15.93802608,16.67305472,20215396,360847166.85
2021-03-31,600827,16.514884,16.71027136,16.39392992,16.54279648,11159190,198215963.59
2021-04-01,600827,16.50557984,17.17547936,16.49627568,17.10104608,19391909,353269632.25
2021-04-02,600827,16.95217952,17.19408768,16.8405296,17.00800448,15147232,276234576.75
2021-04-06,600827,16.9335712,17.28712928,16.48697152,16.64514224,18026406,324674065.29
2021-04-07,600827,16.5614048,17.20339184,16.47766736,17.1661752,20320194,368431128.06
2021-04-08,600827,16.980092,17.09174192,16.54279648,16.9335712,20135744,363686657.22
2021-04-09,600827,16.9335712,18.58971168,16.9335712,17.82677056,40574571,786363427.1
2021-04-12,600827,17.78024976,17.78024976,16.44975488,16.5614048,35997084,654992019.44
2021-04-13,600827,16.4683632,16.86844208,16.049676,16.80331296,18758984,332860779.0
2021-04-14,600827,16.7009672,18.40362848,16.6079256,17.57555824,41067155,787469010.86
2021-04-15,600827,17.51973328,19.06422384,17.43599584,19.03631136,41780691,821399270.6
2021-04-16,600827,18.98979056,19.9574232,18.61762416,19.51082352,44230869,924346104.98
2021-04-19,600827,19.2596112,19.538736,18.98979056,19.19448208,21519840,445013513.67
2021-04-20,600827,19.073528,21.11113904,19.073528,20.11559392,63499746,1394527744.46
2021-04-21,600827,20.11559392,21.04600992,19.538736,19.68760256,44863355,976021086.82
2021-04-22,600827,20.32028544,20.469152,19.26891536,19.56664848,27318913,579296570.56
2021-04-23,600827,19.61316928,19.71551504,18.78509904,19.00839888,26738196,547353700.37
2021-04-26,600827,19.04561552,19.24100288,18.31989104,18.39432432,26077591,524770429.53
2021-04-27,600827,18.4687576,19.2130904,17.93842048,19.00839888,28247724,565567294.68
2021-04-28,600827,18.99909472,20.89714336,18.7944032,20.50636864,43001874,939062701.51
2021-04-29,600827,20.67384352,20.99018496,20.17141888,20.52497696,23676261,522694367.58
2021-04-30,600827,20.93436,21.92990512,20.80410176,21.38095968,35786925,821119374.89
2021-05-06,600827,20.8878392,22.5160672,20.72966848,21.05531408,43141294,1001211301.33
2021-05-07,600827,21.25070144,21.36235136,18.95257392,18.95257392,46468178,983308752.15
2021-05-10,600827,18.3291952,18.52458256,17.05452528,17.8174664,56280960,1072305514.59
2021-05-11,600827,17.910508,19.60386512,17.68720816,19.27821952,40242142,818496713.91
2021-05-12,600827,19.42708608,20.2830688,19.1665696,19.4456944,37421905,792389646.5
2021-05-13,600827,19.0270072,19.32474032,17.9570288,18.83161984,28886524,579348463.35
2021-05-14,600827,18.840924,20.236548,18.6548408,19.99463984,34179057,723989495.16
2021-05-17,600827,19.538736,19.80855664,18.60832,18.7944032,36122107,735135382.37
2021-05-18,600827,18.82231568,19.31543616,18.1896328,18.64553664,25476475,513778007.47
2021-05-19,600827,18.73857824,18.75718656,18.1896328,18.3291952,19388791,382596741.97
2021-05-20,600827,18.0035496,18.31058688,17.76164144,18.12450368,18001697,348822436.43
2021-05-21,600827,18.143112,18.4687576,17.80816224,18.27337024,17055412,333095839.24
2021-05-24,600827,18.17102448,18.49667008,17.91981216,18.13380784,12477866,243129743.77
2021-05-25,600827,18.2826744,18.45945344,18.13380784,18.1896328,14212590,279240984.72
2021-05-26,600827,18.16172032,19.12935296,17.88259552,18.45945344,24685113,491076887.01
2021-05-27,600827,18.50597424,19.50151936,18.375716,18.9804864,32815609,669066930.16
2021-05-28,600827,19.08283216,19.13865712,18.62692832,18.89674896,17580996,356264358.8
2021-05-31,600827,18.89674896,20.78549344,18.50597424,20.67384352,49113814,1054054724.76
2021-06-01,600827,20.72036432,21.70660528,20.55288944,20.7947976,35494901,801446331.14
2021-06-02,600827,20.58080192,21.3530472,20.07837728,21.0274016,26563292,601939520.23
2021-06-03,600827,21.28791808,23.13014176,21.28791808,22.38580896,71980174,1744046310.25
2021-06-04,600827,21.66008448,21.99503424,20.1435064,20.1435064,62413505,1386220541.85
2021-06-07,600827,20.0969856,21.00879328,19.82716496,20.236548,36734794,805901003.97
2021-06-08,600827,20.53428112,20.9808808,20.01324816,20.236548,31767553,702335762.06
2021-06-09,600827,20.11559392,20.2830688,19.56664848,19.9109024,19999425,426453866.09
2021-06-10,600827,19.65969008,20.91575168,19.65969008,20.40402288,25760510,562263601.38
2021-06-11,600827,20.39471872,20.701756,19.8178608,20.04116064,18345348,397271514.3
2021-06-15,600827,20.0504648,20.0969856,19.14796128,19.1665696,21807660,456298511.46
2021-06-16,600827,19.03631136,19.41778192,18.5617992,18.64553664,19432469,393149916.74
2021-06-17,600827,18.76649072,19.00839888,18.50597424,18.7013616,15282620,307120272.17
2021-06-18,600827,18.4687576,18.77579488,18.2361536,18.62692832,14958161,297347512.71
2021-06-21,600827,18.7013616,19.83646912,18.4222368,19.38056528,24821803,513291841.03
2021-06-22,600827,19.4456944,19.8178608,18.43154096,18.52458256,25530255,515610199.85
2021-06-23,600827,18.5617992,18.72927408,18.34780352,18.71996992,15303001,305034910.7
2021-06-24,600827,18.7013616,18.8874448,18.375716,18.60832,14637285,293067979.94
2021-06-25,600827,18.53388672,19.19448208,17.68720816,19.073528,31339876,622648917.07
2021-06-28,600827,18.9804864,19.08283216,18.66414496,18.86883648,16910818,343433219.02
2021-06-29,600827,18.9339656,19.15726544,18.5152784,18.92466144,14701019,298478446.92
2021-06-30,600827,18.94326976,18.95257392,18.375716,18.7478824,16064611,320668272.84
2021-07-01,600827,18.57110336,18.72927408,18.3291952,18.375716,11798788,234414098.43
2021-07-02,600827,18.49667008,18.49667008,18.01285376,18.04076624,10324194,200833250.09
2021-07-05,600827,18.0035496,18.19893696,17.11035024,18.0965912,13907707,266821309.18
2021-07-06,600827,18.0035496,18.143112,17.2592168,17.45460416,19719684,371965650.14
2021-07-07,600827,17.28712928,17.56625408,17.1196544,17.29643344,14610531,272049706.24
2021-07-08,600827,17.1196544,17.36156256,16.58931728,16.78470464,29285263,531382983.94
2021-07-09,600827,16.82192128,16.91496288,16.44975488,16.62653392,17288225,308649153.78
2021-07-12,600827,16.78470464,17.48251664,16.61722976,16.64514224,24109486,439032534.92
2021-07-13,600827,16.4683632,17.32434592,16.3753216,17.1196544,22924093,419018655.97
2021-07-14,600827,17.00800448,17.1661752,16.61722976,16.67305472,17881820,323967162.73
2021-07-15,600827,16.67305472,16.8405296,16.41253824,16.68235888,12874609,230280988.52
2021-07-16,600827,16.747488,16.980092,16.07758848,16.0961968,24685986,434740282.47
2021-07-19,600827,15.8635928,16.19854256,15.817072,15.9101136,17181354,293999122.9
2021-07-20,600827,15.8635928,15.89150528,15.4914264,15.7705512,19888045,334575809.84
2021-07-21,600827,15.7705512,16.11480512,15.64029296,15.87289696,11905068,202984125.03
2021-07-22,600827,15.817072,15.85428864,15.50073056,15.60307632,13793751,231490283.94
2021-07-23,600827,15.6775096,15.7705512,15.1657808,15.31464736,16859385,279438851.53
2021-07-26,600827,15.12856416,15.24951824,14.62613952,14.8401352,19020643,304683082.23
2021-07-27,600827,14.87735184,15.38908064,14.72848528,14.73778944,17630967,284349175.08
2021-07-28,600827,14.8401352,14.96108928,14.08649824,14.1423232,18744710,288221092.88
2021-07-29,600827,14.33771056,14.6075312,13.91902336,13.98415248,19428965,295168266.45
2021-07-30,600827,14.0027608,14.31910224,13.6771152,14.17953984,21156021,318538485.58
2021-08-02,600827,14.21675648,14.9796976,13.84459008,14.57031456,24195158,377634386.17
2021-08-03,600827,14.43075216,14.7470936,14.24466896,14.3284064,14733694,229291540.01
2021-08-04,600827,14.36562304,14.45866464,14.03067328,14.1423232,13546059,206266690.66
2021-08-05,600827,14.11441072,14.35631888,13.98415248,14.188844,15099065,230181480.6
2021-08-06,600827,14.11441072,14.188844,13.8166776,14.03067328,13222977,198546928.33
2021-08-09,600827,14.03997744,14.36562304,13.89111088,14.3284064,12992008,198170463.93
2021-08-10,600827,14.2353648,14.26327728,14.0027608,14.21675648,11172581,169649588.74
2021-08-11,600827,14.17953984,14.30049392,14.03067328,14.07719408,10158157,154214729.78
2021-08-12,600827,14.17117364,14.45309354,13.86106175,13.98322704,17179594,257884186.12
2021-08-13,600827,13.9080484,14.15237898,13.7201018,13.87985641,14418128,213134246.04
2021-08-16,600827,13.87985641,13.99262437,13.74829379,13.75769112,10975314,161642987.76
2021-08-17,600827,13.75769112,13.85166442,13.26902996,13.4381819,14316951,206410674.04
2021-08-18,600827,13.44757923,13.48516855,13.13746734,13.38179792,14700026,207016162.68
2021-08-19,600827,13.38179792,13.56974452,13.2502353,13.47577122,12124566,173123779.59
2021-08-20,600827,13.40059258,13.42878457,13.07168603,13.18445399,11167579,157023435.21
2021-08-23,600827,13.14686467,13.3442086,13.0622887,13.16565933,11585358,162616460.59
2021-08-24,600827,13.21264598,13.24083797,13.07168603,13.19385132,9052357,126798346.32
2021-08-25,600827,13.18445399,13.2502353,12.81795812,12.92132875,15592322,215732094.3
2021-08-26,600827,12.93072608,13.51336054,12.83675278,12.93072608,23694088,330900297.47
2021-08-27,600827,12.94952074,13.20324865,12.72398482,12.81795812,13403979,184132800.59
2021-08-30,600827,12.78976613,14.04900835,12.77097147,13.94563772,40403777,579263482.1
2021-08-31,600827,13.76708845,13.85166442,12.81795812,12.98711006,41659425,582882769.23
2021-09-01,600827,13.0622887,13.51336054,12.8743421,13.37240059,25744866,361128225.55
2021-09-02,600827,13.26902996,13.73889646,13.20324865,13.51336054,21999650,315921754.63
2021-09-03,600827,13.46637389,13.59793651,13.27842729,13.52275787,14013192,200706364.0
2021-09-06,600827,13.54155253,14.03961102,13.4381819,13.93624039,22713363,332469304.17
2021-09-07,600827,13.88925374,14.05840568,13.76708845,13.84226709,17595293,260248750.2
2021-09-08,600827,13.8140751,14.14298165,13.74829379,14.10539233,15224051,226701835.77
2021-09-09,600827,14.05840568,14.65043747,14.01141903,14.26514694,20979502,318816509.54
2021-09-10,600827,14.34972291,14.4718882,14.095995,14.18057097,16285192,246639574.26
2021-09-13,600827,13.9080484,14.14298165,13.51336054,13.56974452,23872119,347322659.28
2021-09-14,600827,13.40059258,13.66371782,13.2502353,13.27842729,16586537,237256482.49
2021-09-15,600827,13.37240059,13.37240059,13.00590472,13.24083797,13588289,190354070.26
2021-09-16,600827,13.19385132,13.33481127,13.0622887,13.14686467,8958529,125887782.04
2021-09-17,600827,13.156262,13.20324865,12.90253409,12.95891807,10687231,147818034.3
2021-09-22,600827,13.21264598,13.42878457,13.09987802,13.27842729,13855976,195573900.72
2021-09-23,600827,13.2502353,13.36300326,13.16565933,13.20324865,11471065,161866791.76
2021-09-24,600827,13.22204331,13.83286976,12.99650739,13.73889646,22716316,324894016.1
2021-09-27,600827,13.60733384,14.23695495,13.51336054,14.08659767,26711902,397986225.92
2021-09-28,600827,14.03961102,14.04900835,13.70130714,13.72949913,12187182,179003103.84
2021-09-29,600827,13.68251248,13.87985641,13.17505666,13.3442086,12442772,178606470.71
2021-09-30,600827,13.39119525,13.56034719,13.35360593,13.56034719,8419243,120390576.94
2021-10-08,600827,13.61673117,13.83286976,13.41938724,13.64492316,12574865,182016572.63
2021-10-11,600827,13.6261285,13.69190981,13.156262,13.27842729,11831900,169684229.92
2021-10-12,600827,13.2502353,13.40998991,13.10927535,13.17505666,12184352,171604056.54
2021-10-13,600827,13.19385132,13.27842729,13.05289137,13.09048069,9595459,134085492.73
2021-10-14,600827,13.0622887,13.19385132,13.01530205,13.09048069,7481191,104145040.82
2021-10-15,600827,13.07168603,13.07168603,12.73338215,12.78976613,13485747,184352526.03
2021-10-18,600827,12.78976613,12.8743421,12.3105023,12.56423021,12223925,162509670.8
2021-10-19,600827,12.56423021,13.03409671,12.47965424,12.78976613,9571277,129707046.88
2021-10-20,600827,12.93072608,12.98711006,12.60181953,12.86494477,8338411,113826341.88
2021-10-21,600827,12.88373943,12.94952074,12.66760084,12.69579283,8174557,111226695.94
2021-10-22,600827,12.6863955,12.81795812,12.61121686,12.63001152,5702201,76986721.02
2021-10-25,600827,12.60181953,12.69579283,12.41387293,12.65820351,7149352,95514849.89
2021-10-26,600827,12.65820351,13.00590472,12.61121686,12.90253409,9773491,133677099.61
2021-10-27,600827,12.83675278,12.89313676,12.47965424,12.50784623,8419252,112859382.65
2021-10-28,600827,12.48905157,12.54543555,12.27291298,12.35748895,6144117,80878956.45
2021-10-29,600827,12.42327026,13.04349404,12.36688628,12.94012341,13546775,184924584.08
2021-11-01,600827,12.92132875,13.51336054,12.73338215,13.32541394,21684238,306032555.08
2021-11-02,600827,13.2502353,13.87985641,13.20324865,13.54155253,22775110,330033751.79
2021-11-03,600827,13.4381819,13.88925374,13.4381819,13.78588311,19457872,284235814.84
2021-11-04,600827,13.79528044,13.96443238,13.56974452,13.83286976,15328866,225028526.82
2021-11-05,600827,13.76708845,14.01141903,13.59793651,13.60733384,16314970,238825964.18
2021-11-08,600827,13.41938724,13.73889646,13.3442086,13.50396321,10586708,151880585.7
2021-11-09,600827,13.5321552,13.64492316,13.41938724,13.47577122,7039070,101185283.97
2021-11-10,600827,13.45697656,13.56034719,12.94012341,13.17505666,11082153,155756896.21
2021-11-11,600827,13.16565933,13.23144064,12.9683154,13.01530205,10079220,139926751.24
2021-11-12,600827,13.00590472,13.09987802,12.81795812,12.8743421,9538962,131002032.89
2021-11-15,600827,12.89313676,13.37240059,12.88373943,13.21264598,11738286,164688433.21
2021-11-16,600827,13.22204331,13.40998991,13.00590472,13.02469938,8693218,121900599.89
2021-11-17,600827,13.01530205,13.0622887,12.73338215,12.78976613,12590062,171797859.7
2021-11-18,600827,12.7803688,12.82735545,12.44206492,12.50784623,16511895,220574064.04
2021-11-19,600827,12.53603822,12.65820351,12.50784623,12.65820351,7616780,102060813.56
2021-11-22,600827,12.62061419,12.74277948,12.53603822,12.63940885,8211621,110480462.92
2021-11-23,600827,12.63001152,12.6863955,12.4984489,12.5924222,7491548,100287562.32
2021-11-24,600827,12.63940885,12.63940885,12.4984489,12.57362754,5803214,77580744.13
2021-11-25,600827,12.57362754,12.61121686,12.52664089,12.5924222,5429831,72688696.1
2021-11-26,600827,12.5924222,12.89313676,12.47025691,12.77097147,12145116,163877153.29
2021-11-29,600827,12.55483288,12.63001152,12.39507827,12.4044756,14322335,190084298.83
2021-11-30,600827,12.4044756,12.48905157,12.36688628,12.42327026,6535345,86394740.97
2021-12-01,600827,12.42327026,12.52664089,12.37628361,12.50784623,5028626,66661172.98
2021-12-02,600827,12.45146225,12.53603822,12.41387293,12.41387293,5624244,74499134.36
2021-12-03,600827,12.43266759,12.47025691,12.31989963,12.43266759,7594968,100072804.31
2021-12-06,600827,12.46085958,12.48905157,12.30110497,12.32929696,9351960,123277128.61
2021-12-07,600827,12.39507827,12.39507827,12.24472099,12.29170764,7958612,104095712.93
2021-12-08,600827,12.31989963,12.62061419,12.29170764,12.52664089,10276543,136287732.55
2021-12-09,600827,12.51724356,12.54543555,12.38568094,12.41387293,15266521,202148545.73
2021-12-10,600827,12.36688628,12.42327026,12.24472099,12.24472099,21974093,287503846.73
2021-12-13,600827,12.3105023,12.39507827,12.25411832,12.33869429,9456999,124043358.69
2021-12-14,600827,12.31989963,12.32929696,12.25411832,12.27291298,6494497,84830769.19
2021-12-15,600827,12.30110497,12.31989963,12.25411832,12.28231031,5838620,76328715.52
2021-12-16,600827,12.28231031,12.35748895,12.22592633,12.30110497,8156181,106673361.26
2021-12-17,600827,12.30110497,12.39507827,12.26351565,12.36688628,8656046,113717287.84
2021-12-20,600827,12.35748895,12.69579283,12.27291298,12.62061419,19482973,259610063.23
2021-12-21,600827,12.61121686,12.6863955,12.47025691,12.53603822,12020662,160294135.14
2021-12-22,600827,12.52664089,12.58302487,12.41387293,12.4984489,9810421,130635670.94
2021-12-23,600827,12.54543555,12.54543555,12.37628361,12.37628361,7497224,99141902.06
2021-12-24,600827,12.33869429,12.74277948,12.30110497,12.64880618,16394134,218811053.76
2021-12-27,600827,12.56423021,12.64880618,12.4984489,12.51724356,9096395,121419443.74
2021-12-28,600827,12.53603822,12.61121686,12.43266759,12.47965424,6649691,88554894.1
2021-12-29,600827,12.46085958,12.52664089,12.39507827,12.47025691,6302520,83512325.88
2021-12-30,600827,12.50784623,12.73338215,12.47025691,12.63940885,14582443,196021649.03
2021-12-31,600827,12.5924222,12.63940885,12.50784623,12.52664089,8607746,114971757.76
2022-01-04,600827,12.55483288,12.97771273,12.52664089,12.7803688,14529122,197232254.24
2022-01-05,600827,12.72398482,13.16565933,12.70519016,13.04349404,20155518,279861296.64
2022-01-06,600827,13.01530205,13.07168603,12.79916346,12.88373943,12640236,173444532.2
2022-01-07,600827,13.02469938,13.14686467,12.84615011,12.88373943,12342242,170343032.66
2022-01-10,600827,12.81795812,12.81795812,12.56423021,12.7803688,9560143,129438863.74
2022-01-11,600827,12.70519016,12.85554744,12.61121686,12.65820351,7035300,95231510.0
2022-01-12,600827,12.65820351,12.76157414,12.62061419,12.74277948,6719866,90832620.3
2022-01-13,600827,12.74277948,12.91193142,12.72398482,12.81795812,10070688,137426543.63
2022-01-14,600827,12.79916346,12.86494477,12.54543555,12.55483288,10120232,136797451.93
2022-01-17,600827,12.4984489,12.63001152,12.47965424,12.54543555,7765783,103641711.34
2022-01-18,600827,12.62061419,12.62061419,12.26351565,12.41387293,10323368,136341539.35
2022-01-19,600827,12.35748895,12.53603822,12.32929696,12.4984489,7534165,99605226.45
2022-01-20,600827,12.44206492,12.50784623,12.33869429,12.34809162,6779679,89399088.23
2022-01-21,600827,12.31989963,12.44206492,12.31989963,12.36688628,6138163,80808960.42
2022-01-24,600827,12.32929696,12.4044756,12.24472099,12.24472099,6471201,84721893.13
2022-01-25,600827,12.22592633,12.24472099,11.02306809,11.02306809,24812439,304814696.67
2022-01-26,600827,11.16402804,11.21101469,10.81632683,10.83512149,9031651,105536751.48
2022-01-27,600827,10.89150547,10.9009028,10.46862562,10.47802295,9167270,104310376.2
2022-01-28,600827,10.66596955,11.1828227,10.56259892,11.0888494,10914279,126971141.79
2022-02-07,600827,11.20161736,11.39896129,11.17342537,11.22041202,7099434,84971445.46
2022-02-08,600827,11.22041202,11.38016663,11.16402804,11.3707693,5071529,61099044.04
2022-02-09,600827,11.3707693,11.51172925,11.32378265,11.34257731,5990471,72662239.17
2022-02-10,600827,11.35197464,11.43655061,11.32378265,11.43655061,5425200,65689814.85
2022-02-11,600827,11.39896129,11.47413993,11.30498799,11.33317998,5381396,65071583.34
2022-02-14,600827,11.20161736,11.52112658,11.14523338,11.41775595,6440882,77855381.51
2022-02-15,600827,11.38956396,11.40835862,11.29559066,11.32378265,4659214,56231029.15
2022-02-16,600827,11.35197464,11.48353726,11.30498799,11.32378265,4497583,54426311.97
2022-02-17,600827,11.32378265,11.34257731,11.16402804,11.20161736,4736892,56651444.17
2022-02-18,600827,11.13583605,11.29559066,11.0888494,11.276796,4603642,54996114.32
2022-02-21,600827,11.21101469,11.31438532,11.1828227,11.22980935,4512610,53966585.7
2022-02-22,600827,11.1828227,11.22980935,11.01367076,11.10764406,6671139,78767648.39
2022-02-23,600827,11.0888494,11.276796,11.0888494,11.11704139,5129168,60799036.9
2022-02-24,600827,11.07005474,11.20161736,10.66596955,10.75994285,9879482,114582446.06
2022-02-25,600827,10.82572416,10.93849212,10.69416154,10.7129562,5738284,66034159.9
2022-02-28,600827,10.74114819,10.75054552,10.5250096,10.65657222,5080775,57324649.0
2022-03-01,600827,10.68476421,10.74114819,10.59079091,10.65657222,4402507,49927072.0
2022-03-02,600827,10.65657222,10.75994285,10.60018824,10.73175086,4478950,51049145.0
2022-03-03,600827,10.75054552,10.86331348,10.73175086,10.8069295,4952939,56878338.0
2022-03-04,600827,10.76934018,10.83512149,10.66596955,10.74114819,4541952,51907990.0
2022-03-07,600827,10.74114819,10.75994285,10.47802295,10.48742028,8520446,95930363.0
2022-03-08,600827,10.49681761,10.55320159,10.03634844,10.07393776,9104075,99257468.0
2022-03-09,600827,10.07393776,10.16791106,9.41612466,9.71683922,10501207,109414746.0
2022-03-10,600827,9.8671965,10.10212975,9.74503121,9.91418315,7765914,82122461.0
2022-03-11,600827,9.82960718,10.32766567,9.61346859,10.27128169,8931610,94697628.0
2022-03-14,600827,10.1491164,10.22429504,9.8671965,9.8671965,5435870,57930702.0
2022-03-15,600827,9.88599116,9.88599116,9.25637005,9.25637005,11450721,115937299.0
2022-03-16,600827,9.39733,10.15851373,9.36913801,9.94237514,16967013,174537269.0
2022-03-17,600827,9.99875912,10.42163897,9.8671965,10.22429504,18244427,197618358.0
2022-03-18,600827,10.17730839,10.46862562,10.13971907,10.40284431,8815768,97002667.57
2022-03-21,600827,10.337063,10.46862562,10.25248703,10.30887101,7351314,80866865.32
2022-03-22,600827,10.27128169,10.40284431,10.20550038,10.34646033,5997911,65896154.0
2022-03-23,600827,10.29007635,10.36525499,10.22429504,10.27128169,5353784,58621999.38
2022-03-24,600827,10.19610305,10.29007635,10.06454043,10.08333509,4864888,52469983.56
2022-03-25,600827,10.07393776,10.23369237,9.99875912,10.04574577,4547545,48892941.19
2022-03-28,600827,9.9611698,10.38404965,9.82020985,10.18670572,9177455,99302005.88
2022-03-29,600827,10.26188436,10.26188436,9.98936179,10.00815645,6138200,65783849.39
2022-03-30,600827,10.09273242,10.19610305,10.04574577,10.10212975,6373233,68572244.79
2022-03-31,600827,10.0551431,10.29947368,10.0551431,10.18670572,5425447,58774037.18
2022-04-01,600827,10.12092441,10.95728678,10.06454043,10.62838023,17081453,192993130.7
2022-04-06,600827,10.75054552,11.22041202,10.62838023,10.91030013,18393773,214153494.17
2022-04-07,600827,10.81632683,11.13583605,10.70355887,10.9948761,17358762,203062210.15
2022-04-08,600827,10.9948761,10.9948761,10.5250096,10.82572416,13817077,157729324.54
2022-04-11,600827,10.93849212,11.3707693,10.55320159,10.68476421,30965512,364160979.6
2022-04-12,600827,10.84451882,11.75605983,10.68476421,11.75605983,50633921,613990456.48
2022-04-13,600827,11.79364915,12.28231031,11.38956396,11.39896129,57187652,717358628.03
2022-04-14,600827,11.22980935,11.64329187,11.15463071,11.48353726,29303767,355976485.77
2022-04-15,600827,11.48353726,11.86882779,11.22980935,11.41775595,25541435,314478165.54
2022-04-18,600827,11.20161736,11.60570255,11.01367076,11.41775595,19591196,236700262.76
2022-04-19,600827,11.276796,11.3707693,10.91969746,11.0888494,21166129,248866968.54
2022-04-20,600827,11.02306809,11.51172925,11.01367076,11.11704139,19916313,237706189.0
2022-04-21,600827,11.00427343,11.10764406,10.47802295,10.53440693,22202000,253019530.66
2022-04-22,600827,10.50621494,10.9009028,10.38404965,10.7129562,15504107,175795631.84
2022-04-25,600827,10.50621494,10.54380426,9.64166058,9.64166058,19178126,204707768.8
2022-04-26,600827,9.8671965,10.22429504,9.66045524,9.66045524,21045108,222711355.75
2022-04-27,600827,9.46311131,9.78262053,9.18119141,9.73563388,17546878,176619426.33
2022-04-28,600827,9.74503121,10.1491164,9.50070063,9.60407126,14486540,151174930.99
2022-04-29,600827,9.6792499,10.51561227,9.66045524,10.49681761,27556468,299573991.02
2022-05-05,600827,10.337063,10.38404965,10.1491164,10.17730839,20387004,222103348.26
2022-05-06,600827,9.94237514,10.13032174,9.83900451,9.95177247,17293697,183510067.72
2022-05-09,600827,9.87659383,10.46862562,9.82960718,10.28067902,14501055,157597630.79
2022-05-10,600827,10.20550038,10.72235353,10.00815645,10.67536688,20469580,226764170.49
2022-05-11,600827,10.75054552,11.5587159,10.67536688,11.0888494,28578805,340228498.74
2022-05-12,600827,10.97608144,11.72786784,10.97608144,11.48353726,29926529,362623161.55
2022-05-13,600827,11.6526892,11.70907318,11.21101469,11.33317998,27543413,334579631.02
2022-05-16,600827,11.35197464,11.53052391,10.93849212,11.3707693,26363855,313104424.51
2022-05-17,600827,11.10764406,11.24860401,10.62838023,10.73175086,25066888,289246400.61
2022-05-18,600827,10.66596955,11.13583605,10.63777756,10.83512149,17596160,205404255.18
2022-05-19,600827,10.7129562,10.84451882,10.54380426,10.76934018,12455400,141639849.46
2022-05-20,600827,10.75054552,10.88210814,10.66596955,10.75054552,9330871,106833237.18
2022-05-23,600827,10.75994285,10.77873751,10.58139358,10.60018824,9194426,104181441.04
2022-05-24,600827,10.59079091,10.6189829,10.0551431,10.07393776,14673630,160607174.7
2022-05-25,600827,10.0551431,11.07945207,10.04574577,11.07945207,27197105,314586604.49
2022-05-26,600827,11.22041202,11.54931857,11.16402804,11.276796,40802335,491587364.51
2022-05-27,600827,11.22041202,11.54931857,11.0888494,11.49293459,26608838,320733960.76
2022-05-30,600827,11.73726517,11.73726517,11.276796,11.52112658,29631389,363646017.21
2022-05-31,600827,11.52112658,11.72786784,11.41775595,11.52112658,19254333,236142422.27
2022-06-01,600827,11.44594794,11.61509988,11.11704139,11.30498799,22029915,265466535.54
2022-06-02,600827,11.29559066,11.51172925,11.06065741,11.41775595,18913432,226655417.05
2022-06-06,600827,11.3707693,12.25411832,11.31438532,12.03797973,39219877,494455228.22
2022-06-07,600827,11.98159575,13.24083797,11.98159575,13.24083797,56539765,761250871.57
2022-06-08,600827,13.19385132,13.48516855,12.00978774,12.4984489,69318389,927102964.14
2022-06-09,600827,12.1225557,12.36688628,11.56811323,11.57751056,44108153,558968749.26
2022-06-10,600827,11.5587159,11.73726517,11.38956396,11.56811323,26868607,329887243.16
2022-06-13,600827,11.42715328,11.71847051,11.35197464,11.50233192,19771382,242175801.35
2022-06-14,600827,11.36137197,11.51172925,11.16402804,11.48353726,16487596,199087046.11
2022-06-15,600827,11.39896129,11.8406358,11.39896129,11.48353726,22374443,276615397.01
2022-06-16,600827,11.52112658,11.7466625,11.45534527,11.64329187,15330972,189050228.88
2022-06-17,600827,11.47413993,11.68088119,11.4647426,11.59630522,12842158,158074070.59
2022-06-20,600827,11.52112658,11.72786784,11.42715328,11.45534527,14126619,173469410.87
2022-06-21,600827,11.45534527,11.54931857,11.20161736,11.31438532,12397756,149828970.09
2022-06-22,600827,11.32378265,11.36137197,11.07005474,11.09824673,10503849,124989990.89
2022-06-23,600827,11.0888494,12.07556905,10.98547877,11.83123847,28375069,350529368.93
2022-06-24,600827,11.69027852,12.4044756,11.60570255,12.15074769,26895619,345384133.11
2022-06-27,600827,12.16954235,12.52664089,12.1225557,12.16014502,21482393,280868520.09
2022-06-28,600827,12.19773434,12.35748895,11.96280109,12.19773434,17448505,226411104.11
2022-06-29,600827,12.20713167,12.61121686,12.0285824,12.03797973,20725423,271775798.49
2022-06-30,600827,12.20713167,12.51724356,12.19773434,12.41387293,22860523,301818955.21
2022-07-01,600827,12.32929696,12.4984489,12.03797973,12.16954235,16559879,215032914.42
2022-07-04,600827,12.13195303,12.14135036,11.8406358,11.89701978,11550406,146673856.37
2022-07-05,600827,11.88762245,12.00978774,11.48353726,11.62449721,15057437,187128303.38
2022-07-06,600827,11.68157104,11.7481598,11.4627794,11.47229208,8387889,101948783.55
2022-07-07,600827,11.51985548,11.66254568,11.42472868,11.42472868,8614100,104426016.56
2022-07-08,600827,11.50083012,11.64352032,11.34862724,11.40570332,9808350,118105948.3
2022-07-11,600827,11.33911456,11.37716528,11.15837364,11.3200892,9936913,117479925.83
2022-07-12,600827,11.3200892,11.39619064,11.20593704,11.21544972,7341540,87138860.46
2022-07-13,600827,11.21544972,11.30106384,11.18691168,11.23447508,5321318,62916808.28
2022-07-14,600827,11.18691168,11.23447508,11.0347088,11.10129756,7061064,82495318.52
2022-07-15,600827,11.0347088,11.10129756,10.66371428,10.73030304,9916422,112703907.48
2022-07-18,600827,10.73030304,10.90153128,10.68273964,10.83494252,5477269,62380603.96
2022-07-19,600827,10.83494252,10.96812004,10.69225232,10.75884108,6847712,77637056.36
2022-07-20,600827,10.81591716,10.93006932,10.76835376,10.81591716,5977600,68130114.78
2022-07-21,600827,10.82542984,10.92055664,10.73030304,10.77786644,7718502,87669808.25
2022-07-22,600827,10.73030304,10.96812004,10.52102408,10.92055664,13259933,149111998.48
2022-07-25,600827,10.7968918,10.96812004,10.75884108,10.88250592,7693930,87807285.5
2022-07-26,600827,10.80640448,10.88250592,10.66371428,10.73030304,6020294,68070078.26
2022-07-27,600827,10.701765,10.7493284,10.58761284,10.63517624,5975540,66856215.96
2022-07-28,600827,10.67322696,11.21544972,10.63517624,10.94909468,18090612,208977535.08
2022-07-29,600827,10.92055664,11.11081024,10.78737912,10.96812004,10688196,123166000.97
2022-08-01,600827,11.00617076,11.0347088,10.47346068,10.63517624,12077398,135714073.51
2022-08-02,600827,10.52102408,10.54956212,9.87416184,9.97880132,15170120,160972255.53
2022-08-03,600827,9.97880132,10.20710564,9.92172524,9.988314,7425459,78650472.68
2022-08-04,600827,9.99782668,10.11197884,9.87416184,10.05490276,5695254,59895594.0
2022-08-05,600827,10.0358774,10.18808028,9.97880132,10.15002956,5632135,59820448.0
2022-08-08,600827,10.15954224,10.19759296,10.06441544,10.1310042,4236287,45109050.0
2022-08-09,600827,10.15002956,10.16905492,9.988314,10.04539008,4240599,44769935.0
2022-08-10,600827,10.04539008,10.05490276,9.85513648,9.8931872,7011005,73084736.0
2022-08-11,600827,9.95977596,10.06441544,9.93123792,10.04539008,5192929,54669174.0
2022-08-12,600827,10.10246616,10.1310042,9.988314,10.0834408,5623383,59513569.0
2022-08-15,600827,10.04539008,10.07392812,9.9407506,10.00733936,5139016,54014763.85
2022-08-16,600827,10.00733936,10.07392812,9.96928864,10.04539008,2990323,31506261.61
2022-08-17,600827,10.02636472,11.04422148,10.00733936,10.7493284,22311226,250006135.21
2022-08-18,600827,10.73030304,10.8444552,10.5115114,10.701765,8618420,96597322.23
2022-08-19,600827,10.6542016,10.95860736,10.64468892,10.701765,8826125,99904171.21
2022-08-22,600827,10.63517624,11.0822722,10.63517624,10.95860736,12667795,145876049.75
2022-08-23,600827,10.95860736,10.95860736,10.71127768,10.86348056,5955198,67626202.45
2022-08-24,600827,10.80640448,10.88250592,10.59712552,10.77786644,7017401,79337245.12
2022-08-25,600827,10.77786644,10.92055664,10.73030304,10.75884108,5786559,65813043.99
2022-08-26,600827,10.81591716,11.18691168,10.701765,10.76835376,7721901,88939441.69
2022-08-29,600827,10.6542016,10.86348056,10.59712552,10.75884108,3842703,43433037.68
2022-08-30,600827,10.71127768,10.8444552,10.6542016,10.75884108,4600483,51852925.77
2022-08-31,600827,10.68273964,10.93006932,10.64468892,10.75884108,6555875,74387483.42
2022-09-01,600827,10.81591716,10.90153128,10.64468892,10.69225232,4343089,49104097.37
2022-09-02,600827,10.67322696,10.8444552,10.66371428,10.69225232,3417388,38525789.64
2022-09-05,600827,10.66371428,11.02519612,10.53053676,10.81591716,8089678,91530720.64
2022-09-06,600827,10.8444552,10.88250592,10.7493284,10.77786644,3735677,42369849.08
2022-09-07,600827,10.73981572,10.7493284,10.58761284,10.59712552,5020568,56168470.9
2022-09-08,600827,10.61615088,10.80640448,10.59712552,10.66371428,6025472,67852645.34
2022-09-09,600827,10.71127768,10.7493284,10.63517624,10.68273964,3312692,37268772.26
2022-09-13,600827,10.67322696,11.07275952,10.63517624,10.81591716,10541466,120578783.07
2022-09-14,600827,10.701765,11.07275952,10.67322696,10.86348056,11529841,132180975.41
2022-09-15,600827,10.939582,11.04422148,10.701765,10.77786644,9274309,105906891.33
2022-09-16,600827,10.7493284,10.77786644,10.2736944,10.38784656,11531975,127390755.7
2022-09-19,600827,10.3212578,10.463948,10.1310042,10.3688212,5546623,59934429.87
2022-09-20,600827,10.34979584,10.73030304,10.3212578,10.6066382,8090193,90040629.76
2022-09-21,600827,10.67322696,10.701765,10.52102408,10.63517624,4285915,47813343.32
2022-09-22,600827,10.5590748,10.63517624,10.34979584,10.35930852,5736128,63136749.7
2022-09-23,600827,10.39735924,10.48297336,10.1785676,10.24515636,4313725,46832787.03
2022-09-26,600827,10.23564368,10.3212578,9.76000968,9.77903504,8725857,92003072.68
2022-09-27,600827,9.7980604,10.19759296,9.66488288,10.16905492,10618539,111354439.49
2022-09-28,600827,10.1310042,10.1310042,9.83611112,9.88367452,6555777,68644549.05
2022-09-29,600827,9.96928864,10.10246616,9.69342092,9.73147164,5284737,54845295.37
2022-09-30,600827,9.71244628,9.83611112,9.5602434,9.6078068,4580684,46439577.84
2022-10-10,600827,9.6553702,9.78854772,9.37950248,9.42706588,5539889,55759787.22
2022-10-11,600827,9.38901516,9.50316732,9.30340104,9.40804052,4359479,43058569.5
2022-10-12,600827,9.40804052,9.52219268,9.0846094,9.49365464,6339918,62065553.87
2022-10-13,600827,9.45560392,9.47462928,9.33193908,9.36047712,4636244,45741706.5
2022-10-14,600827,9.4175532,9.86464916,9.40804052,9.6553702,8067452,81994669.36
2022-10-17,600827,9.59829412,9.71244628,9.53170536,9.7029336,4752558,48102567.34
2022-10-18,600827,9.73147164,10.6542016,9.73147164,10.38784656,18151364,196006304.57
2022-10-19,600827,10.37833388,10.62566356,10.33077048,10.49248604,10834370,119504549.28
2022-10-20,600827,10.463948,10.6066382,10.3688212,10.4163846,6124994,67384317.3
2022-10-21,600827,10.47346068,10.54004944,10.30223244,10.39735924,5581727,61147928.97
2022-10-24,600827,10.45443532,10.47346068,9.68390824,9.77903504,13250362,139153147.4
2022-10-25,600827,9.71244628,9.8456238,9.49365464,9.6078068,5879047,59554211.7
2022-10-26,600827,9.63634484,9.99782668,9.63634484,9.81708576,5788652,59873314.2
2022-10-27,600827,9.81708576,10.226131,9.76000968,10.15954224,8674344,92126413.5
2022-10-28,600827,10.12149152,10.18808028,9.77903504,9.86464916,4899422,51353797.38
2022-10-31,600827,9.7029336,9.78854772,9.54121804,9.59829412,7160904,72451410.51
2022-11-01,600827,9.59829412,9.8931872,9.55073072,9.87416184,8014947,82099965.44
2022-11-02,600827,9.81708576,10.47346068,9.80757308,10.2736944,11869319,127324818.53
2022-11-03,600827,10.26418172,10.34028316,10.0834408,10.25466904,5796652,62183287.97
2022-11-04,600827,10.2736944,10.701765,10.16905492,10.50199872,15432932,169664634.83
2022-11-07,600827,10.38784656,10.43540996,10.30223244,10.34028316,8502703,92553667.61
2022-11-08,600827,10.30223244,10.33077048,10.20710564,10.226131,4348718,46898348.65
2022-11-09,600827,10.28320708,10.38784656,10.19759296,10.226131,4333095,46809322.84
2022-11-10,600827,10.15954224,10.4163846,10.15002956,10.3212578,5750911,62511911.82
2022-11-11,600827,10.5115114,10.7493284,10.3212578,10.47346068,12018309,132974771.64
2022-11-14,600827,10.45443532,10.54004944,10.26418172,10.33077048,7111269,77695479.31
2022-11-15,600827,10.31174512,10.45443532,10.29271976,10.3688212,6324177,68966746.33
2022-11-16,600827,10.3688212,10.83494252,10.33077048,10.62566356,12014969,133978309.16
2022-11-17,600827,10.56858748,10.83494252,10.5590748,10.67322696,6067682,68165269.47
2022-11-18,600827,10.71127768,10.76835376,10.54956212,10.58761284,6859587,76621604.21
2022-11-21,600827,10.45443532,10.48297336,10.3212578,10.35930852,6019108,65606066.47
2022-11-22,600827,10.37833388,10.43540996,10.16905492,10.226131,5369162,57969566.96
2022-11-23,600827,10.25466904,10.28320708,10.01685204,10.11197884,5596548,59501004.02
2022-11-24,600827,10.15954224,10.29271976,10.04539008,10.09295348,4919500,52381273.0
2022-11-25,600827,10.0834408,10.18808028,10.01685204,10.10246616,4140787,44021163.2
2022-11-28,600827,10.05490276,10.30223244,9.988314,10.24515636,6638200,71030001.83
2022-11-29,600827,10.2736944,10.66371428,10.25466904,10.63517624,10553171,116863731.34
2022-11-30,600827,10.63517624,10.80640448,10.53053676,10.63517624,8922035,99933208.79
2022-12-01,600827,10.90153128,10.96812004,10.78737912,10.7968918,12491793,142583615.29
2022-12-02,600827,10.80640448,11.0347088,10.78737912,10.91104396,10184564,117061794.44
2022-12-05,600827,11.01568344,11.28203848,11.01568344,11.01568344,11560177,135111501.11
2022-12-06,600827,11.00617076,11.72913444,11.00617076,11.35813992,22547333,270191575.56
2022-12-07,600827,11.415216,11.73864712,11.30106384,11.50083012,19428013,234504261.58
2022-12-08,600827,11.51985548,11.80523588,11.42472868,11.54839352,15837727,193168348.67
2022-12-09,600827,11.5579062,11.653033,11.30106384,11.37716528,12590711,151118967.76
2022-12-12,600827,11.39619064,11.69108372,11.25350044,11.52936816,16083578,193653016.95
2022-12-13,600827,11.43424136,11.7481598,11.43424136,11.56741888,12199419,149325154.21
2022-12-14,600827,11.6054696,11.9859768,11.50083012,11.86231196,15027445,187193954.5
2022-12-15,600827,12.06207824,12.10964164,11.7005964,11.71962176,10662898,132556164.17
2022-12-16,600827,11.62449496,11.81474856,11.5579062,11.81474856,7721650,95086243.82
2022-12-19,600827,11.7957232,11.7957232,11.415216,11.50083012,8580407,104023845.17
2022-12-20,600827,11.44375404,11.47229208,11.21544972,11.26301312,9242833,109748320.1
2022-12-21,600827,11.2725258,11.47229208,11.25350044,11.38667796,6092400,72708913.49
2022-12-22,600827,11.47229208,11.73864712,11.3676526,11.48180476,8548321,103735075.08
2022-12-23,600827,11.415216,11.52936816,11.25350044,11.3200892,6030400,72064316.0
2022-12-26,600827,11.415216,11.66254568,11.24398776,11.32960188,6995120,84239640.68
2022-12-27,600827,11.40570332,11.52936816,11.25350044,11.43424136,6832703,81966890.41
2022-12-28,600827,11.38667796,11.40570332,11.15837364,11.2725258,6052086,71709044.77
2022-12-29,600827,11.2249624,11.653033,11.177399,11.44375404,11923953,143872402.7
2022-12-30,600827,11.415216,11.653033,11.3676526,11.52936816,9676362,117040781.2
2023-01-03,600827,11.54839352,11.61498228,11.20593704,11.2249624,13009782,154568642.57
2023-01-04,600827,11.15837364,11.5103428,11.15837364,11.32960188,10126295,120923838.21
2023-01-05,600827,11.25350044,11.45326672,11.13934828,11.16788632,11806392,139375738.08
2023-01-06,600827,11.177399,11.21544972,10.939582,10.97763272,8943398,103525243.3
2023-01-09,600827,10.939582,11.10129756,10.939582,10.96812004,7261799,84102407.56
2023-01-10,600827,10.939582,11.63400764,10.90153128,11.32960188,18864227,223120149.9
2023-01-11,600827,11.34862724,11.37716528,11.1298356,11.15837364,9324906,110289817.23
2023-01-12,600827,11.1298356,11.2249624,10.939582,10.96812004,7244079,84243370.38
2023-01-13,600827,10.939582,11.90036268,10.939582,11.68157104,26016464,314839692.82
2023-01-16,600827,11.6054696,11.89085,11.45326672,11.5103428,18624922,228278350.43
2023-01-17,600827,11.61498228,11.87182464,11.26301312,11.69108372,21438465,260589063.6
2023-01-18,600827,11.62449496,11.71962176,11.47229208,11.5103428,9663929,117343550.49
2023-01-19,600827,11.49131744,11.52936816,11.33911456,11.3676526,7039405,84218488.21
2023-01-20,600827,11.45326672,11.48180476,11.34862724,11.35813992,5648003,67719796.1
2023-01-30,600827,11.4627794,11.54839352,11.2249624,11.24398776,10975811,131256804.21
2023-01-31,600827,11.26301312,11.30106384,11.13934828,11.2249624,5935203,69910484.7
2023-02-01,600827,11.25350044,11.25350044,11.09178488,11.24398776,9218974,108371847.8
2023-02-02,600827,11.25350044,11.33911456,11.1298356,11.33911456,8515901,100657727.33
2023-02-03,600827,11.26301312,11.29155116,11.10129756,11.177399,7116964,83477315.8
2023-02-06,600827,11.0822722,11.18691168,10.95860736,11.00617076,7534162,87518007.96
2023-02-07,600827,11.02519612,11.10129756,10.93006932,11.00617076,5644048,65294000.52
2023-02-08,600827,11.06324684,11.06324684,10.91104396,10.92055664,6501768,74909757.8
2023-02-09,600827,10.92055664,11.00617076,10.86348056,10.9871454,5304181,61090044.55
2023-02-10,600827,10.97763272,11.05373416,10.939582,11.04422148,6259900,72420394.39
2023-02-13,600827,11.07275952,11.4627794,11.04422148,11.2725258,15687558,186213216.32
2023-02-14,600827,11.3200892,11.68157104,11.29155116,11.45326672,17914528,216911539.09
2023-02-15,600827,11.4627794,11.52936816,11.2725258,11.2725258,8715969,104079632.7
2023-02-16,600827,11.2725258,11.38667796,10.9871454,11.05373416,11293140,133162194.97
2023-02-17,600827,11.05373416,11.25350044,11.0347088,11.18691168,9211509,108318060.45
2023-02-20,600827,11.19642436,11.4627794,11.11081024,11.37716528,9883750,117200492.0
2023-02-21,600827,11.37716528,11.47229208,11.35813992,11.415216,7256622,87050889.58
2023-02-22,600827,11.39619064,11.48180476,11.28203848,11.43424136,5657599,67826722.8
2023-02-23,600827,11.44375404,11.54839352,11.38667796,11.43424136,6890962,83036374.23
2023-02-24,600827,11.47229208,11.53888084,11.37716528,11.5103428,6039861,72806042.84
2023-02-27,600827,11.4627794,11.653033,11.39619064,11.45326672,8655626,104766902.92
2023-02-28,600827,11.49131744,11.54839352,11.4627794,11.53888084,7863980,95110836.2
2023-03-01,600827,11.53888084,11.61498228,11.49131744,11.57693156,7167007,87102504.57
2023-03-02,600827,11.52936816,11.57693156,11.44375404,11.47229208,8037597,97139895.01
2023-03-03,600827,11.47229208,12.09061628,11.47229208,11.99548948,26092610,325151104.25
2023-03-06,600827,11.99548948,12.34745864,11.90036268,12.2713572,25069495,321432145.38
2023-03-07,600827,12.2713572,12.59478832,12.25233184,12.25233184,30079209,393252140.55
2023-03-08,600827,12.26184452,12.38550936,12.128667,12.29038256,16584434,213823936.12
2023-03-09,600827,12.2713572,12.37599668,12.10964164,12.10964164,12816762,164483920.25
2023-03-10,600827,12.04305288,12.1762304,11.8432866,11.89085,11879830,149356236.35
2023-03-13,600827,11.9384134,12.01451484,11.71962176,11.92890072,9952510,124486980.12
2023-03-14,600827,11.86231196,11.92890072,11.61498228,11.77669784,8049427,99557353.21
2023-03-15,600827,11.80523588,12.04305288,11.77669784,11.82426124,6725913,84172571.61
2023-03-16,600827,11.75767248,11.8432866,11.6054696,11.64352032,6129401,75421891.23
2023-03-17,600827,11.72913444,11.83377392,11.61498228,11.66254568,6365949,78476579.35
2023-03-20,600827,11.61498228,11.73864712,11.49131744,11.5579062,8625703,105149643.6
2023-03-21,600827,11.57693156,11.71962176,11.53888084,11.67205836,6422592,78555830.08
2023-03-22,600827,11.73864712,11.75767248,11.45326672,11.50083012,9162265,111273894.33
2023-03-23,600827,11.4627794,11.51985548,11.29155116,11.45326672,10498319,125786841.21
2023-03-24,600827,11.52936816,11.52936816,11.37716528,11.40570332,4298900,51654848.13
2023-03-27,600827,11.4627794,11.96695144,11.43424136,11.66254568,18807958,230844797.75
2023-03-28,600827,11.7005964,12.44258544,11.67205836,12.3189206,26026842,332178667.71
2023-03-29,600827,12.33794596,12.54722492,12.23330648,12.33794596,17838957,232044705.69
2023-03-30,600827,12.35697132,12.64235172,12.26184452,12.5567376,18131847,237697511.55
2023-03-31,600827,12.5567376,12.57576296,12.2713572,12.39502204,12804783,167005041.36
2023-04-03,600827,12.30940792,12.76601656,12.29038256,12.58527564,16089010,212302938.29
2023-04-04,600827,12.4140474,12.71845316,12.4140474,12.67088976,13295977,176378495.59
2023-04-06,600827,12.61381368,12.68040244,12.40453472,12.4140474,8836318,116293668.37
2023-04-07,600827,12.5091742,12.54722492,12.39502204,12.40453472,6764174,88638851.92
2023-04-10,600827,12.366484,12.4140474,12.0811036,12.128667,9538236,122151928.86
2023-04-11,600827,12.11915432,12.2237938,12.09061628,12.1762304,7807626,99825347.04
2023-04-12,600827,12.23330648,12.2713572,12.09061628,12.10964164,6385954,81596982.57
2023-04-13,600827,12.10964164,12.19525576,12.02402752,12.1762304,6441368,81963353.55
2023-04-14,600827,12.18574308,12.20476844,11.89085,11.90036268,8383585,105662665.5
2023-04-17,600827,11.9384134,12.58527564,11.85279928,12.42356008,14526324,187557433.95
2023-04-18,600827,12.366484,12.49014884,12.24281916,12.42356008,11787644,153086457.68
2023-04-19,600827,12.604301,12.63283904,12.20476844,12.3189206,15348489,199323132.86
2023-04-20,600827,12.29038256,12.604301,12.25233184,12.5567376,14075848,185332048.23
2023-04-21,600827,12.59478832,13.079935,12.5091742,12.6518644,18412282,247413441.93
2023-04-24,600827,12.48063616,12.68040244,12.32843328,12.49966152,10890880,143339507.02
2023-04-25,600827,12.52819956,12.73747852,12.21428112,12.43307276,12440208,162903210.63
2023-04-26,600827,12.32843328,12.54722492,12.16671772,12.43307276,12015415,156298488.7
2023-04-27,600827,12.51868688,12.64235172,12.37599668,12.49014884,7172340,94341651.95
2023-04-28,600827,12.49014884,12.7945546,12.4140474,12.6994278,13251522,176130968.87
2023-05-04,600827,12.43307276,12.604301,12.18574308,12.33794596,19960960,259014510.83
2023-05-05,600827,12.33794596,13.26067592,12.128667,13.09896036,33835472,456221950.01
2023-05-08,600827,13.09896036,13.68874652,13.0323716,13.54605632,36397738,513408743.0
2023-05-09,600827,13.4128788,13.71728456,13.30823932,13.35580272,26380057,373454369.58
2023-05-10,600827,13.3653154,13.45092952,13.079935,13.20359984,14059037,195844625.35
2023-05-11,600827,13.19408716,13.58410704,13.14652376,13.45092952,15466729,217921343.66
2023-05-12,600827,13.43190416,13.6506958,13.34629004,13.47946756,14196192,201656004.26
2023-05-15,600827,13.47946756,13.51751828,13.09896036,13.30823932,13715484,190791455.36
2023-05-16,600827,13.49849292,13.96461424,13.28921396,13.33677736,17564818,250173214.17
2023-05-17,600827,13.30823932,13.75533528,13.28921396,13.49849292,17830844,253761615.45
2023-05-18,600827,13.46995488,13.58410704,13.10847304,13.14652376,16328691,227493235.47
2023-05-19,600827,13.1750618,13.29872664,12.95627016,13.08944768,11011288,151704541.98
2023-05-22,600827,13.079935,13.08944768,12.842118,12.8896814,8959304,121921591.82
2023-05-23,600827,12.99432088,13.19408716,12.81357996,12.83260532,9255363,125946221.72
2023-05-24,600827,12.91821944,12.91821944,12.53771224,12.54722492,9529723,126729718.57
2023-05-25,600827,12.5091742,12.604301,12.30940792,12.47112348,9659818,126419539.21
2023-05-26,600827,12.48063616,13.71728456,12.37599668,13.71728456,32716371,462183471.82
2023-05-29,600827,13.555569,13.8409494,13.27970128,13.3653154,38666642,551848160.57
2023-05-30,600827,13.43190416,13.46995488,12.76601656,13.09896036,22575710,309325194.39
2023-05-31,600827,13.079935,13.20359984,12.90870676,12.99432088,12301864,168865771.45
2023-06-01,600827,12.94675748,13.07042232,12.7469912,12.87065604,11084697,150498980.12
2023-06-02,600827,12.87065604,13.39385344,12.87065604,13.01334624,13572809,187170659.04
2023-06-05,600827,12.94675748,13.25116324,12.8896814,13.05139696,8702916,119649796.37
2023-06-06,600827,13.02285892,13.26067592,12.8896814,12.9848082,11797496,162117878.03
2023-06-07,600827,12.99432088,13.28921396,12.92773212,13.1750618,10447277,143926573.23
2023-06-08,600827,13.14652376,13.37482808,13.02285892,13.30823932,12554985,174340874.22
2023-06-09,600827,13.23213788,13.47946756,13.23213788,13.28921396,10455876,146628636.58
2023-06-12,600827,13.2701886,13.61264508,13.2226252,13.51751828,15067762,213227636.18
2023-06-13,600827,13.53654364,13.6506958,13.44141684,13.51751828,9061971,128883521.93
2023-06-14,600827,13.58410704,13.8409494,13.46995488,13.77436064,15639462,225595058.23
2023-06-15,600827,13.7458226,13.95510156,13.5080056,13.58410704,14661746,210691761.07
2023-06-16,600827,13.59361972,13.63167044,13.39385344,13.47946756,10183545,144578615.08
2023-06-19,600827,13.46995488,13.62215776,13.26067592,13.2701886,13006821,183061825.16
2023-06-20,600827,13.30823932,13.3653154,13.06090964,13.079935,10164823,140919636.69
2023-06-21,600827,13.08944768,13.2226252,12.9372448,13.0323716,8819173,121382539.47
2023-06-26,600827,12.9848082,13.04188428,12.5567376,12.73747852,14512776,195407631.87
2023-06-27,600827,12.78504192,13.13701108,12.72796584,13.05139696,10304160,141051668.38
2023-06-28,600827,13.07042232,13.24165056,12.9848082,13.13701108,6850196,94380729.48
2023-06-29,600827,13.079935,13.1750618,12.86114336,12.87065604,8845010,120726059.69
2023-06-30,600827,12.92773212,12.9848082,12.6518644,12.71845316,9368480,125776639.2
2023-07-03,600827,12.73747852,12.94675748,12.66137708,12.90870676,11170324,150382890.79
2023-07-04,600827,12.9372448,12.94675748,11.71010908,11.95743876,27721684,355661696.92
2023-07-05,600827,11.97646412,12.32843328,11.89085,12.0811036,16954966,215986889.43
2023-07-06,600827,12.0811036,12.09061628,11.9384134,11.96695144,7098818,89599779.97
2023-07-07,600827,11.92890072,12.39502204,11.87182464,12.2713572,11831818,152021990.49
2023-07-10,600827,12.2713572,12.4140474,12.18574308,12.37599668,8154671,105593349.12
2023-07-11,600827,12.42356008,12.42356008,11.99548948,12.05256556,12623331,160904089.73
2023-07-12,600827,12.05256556,12.13817968,11.89085,11.92890072,9032518,113684561.35
2023-07-13,600827,11.9384134,12.1762304,11.92890072,12.10964164,8539858,108292196.9
2023-07-14,600827,12.06207824,12.21428112,12.02402752,12.10012896,6385342,81286295.28
2023-07-17,600827,12.07159092,12.07159092,11.78621052,11.96695144,9435335,118038652.94
2023-07-18,600827,11.95743876,12.0811036,11.90987536,12.0335402,6059793,76549820.59
2023-07-19,600827,11.95743876,12.21428112,11.95743876,12.16671772,6566005,83774364.89
2023-07-20,600827,12.1762304,12.38550936,12.1762304,12.29989524,9262502,119920279.76
2023-07-21,600827,12.33794596,12.4140474,12.20476844,12.29038256,5412572,69864036.68
2023-07-24,600827,12.24281916,12.34745864,12.06207824,12.3189206,6114655,78877894.34
2023-07-25,600827,12.4616108,12.57576296,12.34745864,12.38550936,7088310,92687254.26
2023-07-26,600827,12.34745864,12.43307276,12.26184452,12.366484,5136743,66679362.57
2023-07-27,600827,12.32843328,12.44258544,12.29038256,12.37599668,4571260,59432476.69
2023-07-28,600827,12.32843328,12.70894048,12.29989524,12.68040244,9153100,121297212.0
2023-07-31,600827,12.7469912,13.11798572,12.72796584,13.01334624,13605892,185335936.92
2023-08-01,600827,13.317752,13.4604422,12.99432088,13.2226252,27571810,384361616.25
2023-08-02,600827,13.23213788,13.555569,13.1750618,13.34629004,20206555,283786159.17
2023-08-03,600827,13.43265,13.67251875,13.23116025,13.6437345,24818528,349090523.1
2023-08-04,600827,13.662924,13.7204925,13.5285975,13.71089775,23186808,330010182.95
2023-08-07,600827,13.43265,13.5285975,12.856965,13.317513,21107799,290335512.82
2023-08-08,600827,13.42305525,13.48062375,13.19278125,13.28872875,11485740,159450959.63
2023-08-09,600827,13.40386575,13.40386575,13.0680495,13.1064285,11736891,160991316.38
2023-08-10,600827,13.15440225,13.1831865,12.9529125,12.9912915,9034896,122641671.3
2023-08-11,600827,13.010481,13.0680495,12.7610175,12.78980175,8871690,118747737.05
2023-08-14,600827,12.59790675,12.856965,12.59790675,12.7993965,6642683,88179009.7
2023-08-15,600827,12.90493875,13.125618,12.66507,12.703449,11396400,152409315.63
2023-08-16,600827,12.6842595,12.7993965,12.50195925,12.6842595,8394691,110945135.17
2023-08-17,600827,12.588312,12.8761545,12.5691225,12.8377755,7230595,96066247.65
2023-08-18,600827,12.780207,12.90493875,12.42520125,12.46358025,10339091,135477019.09
2023-08-21,600827,12.3772275,12.52114875,12.166143,12.17573775,8917100,114193211.0
2023-08-22,600827,12.23330625,12.23330625,11.9166795,12.089385,8261443,103771344.08
2023-08-23,600827,12.089385,12.13735875,11.89749,11.9166795,5501072,68746434.43
2023-08-24,600827,11.90708475,12.127764,11.820732,12.00303225,6099253,76266426.08
2023-08-25,600827,11.9550585,12.06060075,11.79194775,11.83032675,7204157,89244500.85
2023-08-28,600827,12.46358025,12.588312,11.81113725,11.83032675,12175097,154516258.63
2023-08-29,600827,11.7631635,12.012627,11.69600025,11.94546375,9595440,119250531.04
2023-08-30,600827,11.89749,11.94546375,11.48491575,11.50410525,16590378,201197027.69
2023-08-31,600827,11.56167375,11.56167375,11.21626275,11.23545225,12155541,143286555.1
2023-09-01,600827,11.23545225,11.4561315,11.21626275,11.42734725,11019708,130726257.9
2023-09-04,600827,11.42734725,11.667216,11.321805,11.52329475,11027495,132333670.83
2023-09-05,600827,11.46572625,11.46572625,11.0339625,11.0723415,17026643,198346020.17
2023-09-06,600827,11.0339625,11.06274675,10.90923075,11.014773,7985952,91395208.48
2023-09-07,600827,11.0339625,11.06274675,10.85166225,10.85166225,7625346,86932097.7
2023-09-08,600827,10.89004125,11.12991,10.79409375,11.02436775,10752935,122689614.07
2023-09-11,600827,11.12991,11.1874785,10.8804465,11.10112575,10368901,119843787.37
2023-09-12,600827,11.06274675,11.1490995,10.9955835,11.014773,5127963,59078533.61
2023-09-13,600827,10.94760975,11.08193625,10.899636,10.976394,4908894,56181410.71
2023-09-14,600827,11.014773,11.02436775,10.899636,10.9572045,4650700,53123273.45
2023-09-15,600827,10.9572045,11.21626275,10.9572045,11.1107205,11132700,129064994.0
2023-09-18,600827,11.10112575,11.3409945,11.02436775,11.33139975,12010802,140727061.22
2023-09-19,600827,11.3026155,11.321805,11.1874785,11.2258575,6200350,72695209.5
2023-09-20,600827,11.245047,11.25464175,11.10112575,11.1107205,4750100,55280000.53
2023-09-21,600827,11.04355725,11.13950475,10.9572045,10.976394,5429835,62367529.3
2023-09-22,600827,10.938015,11.12031525,10.90923075,11.10112575,4740771,54574368.36
2023-09-25,600827,11.10112575,11.17788375,10.9572045,10.98598875,5582752,64186272.36
2023-09-26,600827,10.9188255,11.0723415,10.9188255,10.9572045,4083141,46738629.51
2023-09-27,600827,10.92842025,11.053152,10.92842025,11.00517825,4954000,56840609.0
2023-09-28,600827,11.0339625,11.06274675,10.79409375,10.94760975,7328646,83380182.69
2023-10-09,600827,10.861257,10.87085175,10.5350355,10.592604,9881556,109189251.02
2023-10-10,600827,10.592604,10.74612,10.477467,10.52544075,8019478,88397122.26
2023-10-11,600827,10.515846,10.60219875,10.4198985,10.4198985,6875264,75239082.68
2023-10-12,600827,10.4966565,10.58300925,10.42949325,10.439088,5687550,62128570.01
2023-10-13,600827,10.3815195,10.42949325,10.27597725,10.33354575,4246100,45744000.16
2023-10-16,600827,10.36233,10.37192475,10.2280035,10.27597725,4500745,48246596.83
2023-10-17,600827,10.27597725,10.323951,10.18002975,10.25678775,4850911,51836787.92
2023-10-18,600827,10.2280035,10.2663825,10.02651375,10.04570325,6203849,65355819.52
2023-10-19,600827,10.02651375,10.14165075,9.97854,9.98813475,4538655,47559753.45
2023-10-20,600827,9.940161,10.055298,9.91137675,9.96894525,5192350,53995483.0
2023-10-23,600827,9.9209715,9.96894525,9.6523185,9.6906975,6862323,70027431.44
2023-10-24,600827,9.7290765,9.901782,9.6906975,9.8058345,8105624,82788531.3
2023-10-25,600827,9.85380825,9.93056625,9.81542925,9.85380825,5184665,53338637.71
2023-10-26,600827,9.825024,9.85380825,9.7290765,9.825024,3704687,37822955.27
2023-10-27,600827,9.825024,10.14165075,9.8058345,10.055298,6953786,72697830.7
2023-10-30,600827,10.00732425,10.0744875,9.940161,10.02651375,5987834,62511953.05
2023-10-31,600827,9.93056625,10.016919,9.71948175,9.825024,8171400,83662728.0
2023-11-01,600827,9.8442135,9.93056625,9.7674555,9.8825925,7515100,77115486.0
2023-11-02,600827,9.8825925,9.91137675,9.75786075,9.77705025,5031100,51439044.0
2023-11-03,600827,9.7674555,9.93056625,9.75786075,9.8442135,5910600,60735955.0
2023-11-06,600827,9.85380825,9.97854,9.85380825,9.97854,7000800,72486935.97
2023-11-07,600827,9.96894525,9.98813475,9.825024,9.9209715,7051400,72847400.63
2023-11-08,600827,9.89218725,10.02651375,9.825024,9.901782,7424416,76801407.96
2023-11-09,600827,9.85380825,9.9209715,9.77705025,9.786645,6565810,67209584.34
2023-11-10,600827,9.79623975,9.89218725,9.6523185,9.87299775,7887973,80409170.69
2023-11-13,600827,9.825024,9.8825925,9.709887,9.786645,7411043,75470087.41
2023-11-14,600827,9.77705025,9.9209715,9.709887,9.7674555,8679830,88507074.74
2023-11-15,600827,9.8058345,9.94975575,9.75786075,9.77705025,9158250,93885648.5
2023-11-16,600827,9.786645,9.786645,9.52758675,9.64272375,13334906,133718971.38
2023-11-17,600827,9.52758675,9.71948175,9.50839725,9.68110275,7970653,80070339.52
2023-11-20,600827,9.709887,9.7674555,9.60434475,9.73867125,8456886,85535678.38
2023-11-21,600827,9.7674555,9.94975575,9.748266,9.79623975,11789443,121019174.58
2023-11-22,600827,9.7674555,9.98813475,9.748266,9.85380825,13428381,138586399.14
2023-11-23,600827,9.863403,9.8825925,9.5755605,9.709887,13727166,138401151.46
2023-11-24,600827,9.68110275,9.8058345,9.68110275,9.77705025,9620300,97853550.0
2023-11-27,600827,9.96894525,10.055298,9.5755605,9.671508,15075524,152778974.34
2023-11-28,600827,9.71948175,9.825024,9.59475,9.73867125,9950300,100873917.0
2023-11-29,600827,9.709887,9.79623975,9.58515525,9.59475,11216339,112515364.5
2023-11-30,600827,9.56596575,9.71948175,9.47001825,9.70029225,11548694,115745929.55
2023-12-01,600827,9.70029225,9.94975575,9.64272375,9.7674555,15285257,156523715.46
2023-12-04,600827,9.786645,9.8058345,9.71948175,9.73867125,9005496,91519030.89
2023-12-05,600827,9.6906975,9.75786075,9.633129,9.633129,6713526,67902065.75
2023-12-06,600827,9.6139395,9.66191325,9.364476,9.39326025,18293574,180719936.16
2023-12-07,600827,9.41244975,9.479613,9.249339,9.441234,8838853,86135384.85
2023-12-08,600827,9.4604235,9.517992,9.326097,9.326097,8378477,82219219.58
2023-12-11,600827,9.2685285,9.479613,9.25893375,9.4604235,8445997,82556626.46
2023-12-12,600827,9.4604235,9.64272375,9.441234,9.54677625,7740100,77218388.0
2023-12-13,600827,9.52758675,9.633129,9.41244975,9.4220445,9134712,90669829.92
2023-12-14,600827,9.4604235,9.59475,9.4220445,9.441234,6974700,69105429.13
2023-12-15,600827,9.441234,9.52758675,9.364476,9.41244975,5343436,52573996.4
2023-12-18,600827,9.39326025,9.39326025,9.23974425,9.287718,6939448,67345328.06
2023-12-19,600827,9.25893375,9.3069075,9.08622825,9.172581,6225524,59554534.63
2023-12-20,600827,9.14379675,9.18217575,8.9998755,9.00947025,4659200,44042003.0
2023-12-21,600827,9.00947025,9.095823,8.9231175,9.04784925,4807917,45227345.34
2023-12-22,600827,9.02865975,9.0766335,8.865549,8.91352275,7900100,73575251.38
2023-12-25,600827,8.903928,8.97109125,8.85595425,8.903928,3694014,34350314.88
2023-12-26,600827,8.903928,8.93271225,8.6928435,8.7312225,6628754,60669548.06
2023-12-27,600827,8.72162775,8.865549,8.673654,8.865549,5691900,52020975.0
2023-12-28,600827,8.82717,9.02865975,8.7696015,9.00947025,7853403,73343768.14
2023-12-29,600827,9.04784925,9.134202,9.00947025,9.10541775,5913301,56035322.35
2024-01-02,600827,9.095823,9.134202,9.019065,9.0382545,5193852,49119198.16
2024-01-03,600827,9.0382545,9.1150125,9.019065,9.08622825,3463363,32724223.2
2024-01-04,600827,9.08622825,9.08622825,8.9998755,9.02865975,3875692,36479414.72
2024-01-05,600827,9.019065,9.06703875,8.903928,8.93271225,4690222,43966618.6
2024-01-08,600827,8.93271225,8.97109125,8.76000675,8.7696015,4861500,44966226.0
2024-01-09,600827,8.788791,8.97109125,8.76000675,8.942307,5481019,50825616.34
2024-01-10,600827,8.93271225,9.04784925,8.8079805,9.019065,6459483,60271112.16
2024-01-11,600827,8.980686,9.057444,8.9231175,8.9998755,5911478,55449287.4
2024-01-12,600827,8.9614965,9.095823,8.95190175,8.95190175,4417799,41583563.59
2024-01-15,600827,8.97109125,9.14379675,8.903928,9.0766335,7274337,68824764.28
2024-01-16,600827,9.04784925,9.095823,8.8847385,8.9614965,5037190,47196777.59
2024-01-17,600827,9.08622825,9.08622825,8.7312225,8.7312225,5527614,50976075.42
2024-01-18,600827,8.712033,8.712033,8.328243,8.54892225,9883048,87247131.83
2024-01-19,600827,8.54892225,8.72162775,8.481759,8.60649075,6655215,59725524.75
2024-01-22,600827,8.5393275,8.58730125,7.99242675,8.04999525,9548743,82387551.45
2024-01-23,600827,8.04999525,8.18432175,7.9636425,8.174727,8213667,69181968.04
2024-01-24,600827,8.2322955,8.712033,8.22270075,8.6928435,14248760,126488897.2
2024-01-25,600827,8.750412,9.019065,8.635275,8.99028075,13558238,124846426.79
2024-01-26,600827,8.97109125,9.172581,8.903928,9.095823,10560623,100115499.58
2024-01-29,600827,9.10541775,9.12460725,8.87514375,8.89433325,9271803,87090010.34
2024-01-30,600827,8.8463595,8.89433325,8.5777065,8.58730125,8472759,77408918.05
2024-01-31,600827,8.66405925,8.68324875,8.28026925,8.328243,9614642,84608547.57
2024-02-01,600827,8.328243,8.4241905,8.136348,8.18432175,8677509,74643233.81
2024-02-02,600827,8.251485,8.5777065,7.7717475,7.99242675,13798440,117425857.79
2024-02-05,600827,7.91566875,7.99242675,7.3111995,7.6758,18038906,143421170.11
2024-02-06,600827,7.51268925,8.44338,7.45512075,8.28026925,15294943,126770020.58
2024-02-07,600827,8.2706745,8.97109125,8.2706745,8.9614965,23137292,211602927.77
2024-02-08,600827,9.00947025,9.50839725,8.99028075,9.0766335,23148218,224507650.88
2024-02-19,600827,9.14379675,9.1917705,8.68324875,8.7696015,16670877,154727036.94
2024-02-20,600827,8.76000675,8.81757525,8.66405925,8.77919625,9532072,86767748.13
2024-02-21,600827,8.7312225,8.942307,8.64486975,8.712033,10589746,97030025.36
2024-02-22,600827,8.6928435,8.77919625,8.62568025,8.72162775,7739847,70112416.29
2024-02-23,600827,8.77919625,8.89433325,8.673654,8.865549,11294899,103262673.83
2024-02-26,600827,8.89433325,8.942307,8.72162775,8.79838575,8461214,77783580.75
2024-02-27,600827,8.74081725,8.942307,8.70243825,8.865549,8291043,76327198.54
2024-02-28,600827,8.865549,9.00947025,8.68324875,8.68324875,13704328,126661328.01
2024-02-29,600827,8.68324875,8.83676475,8.6544645,8.81757525,11080413,101286087.2
2024-03-01,600827,8.81757525,8.9231175,8.7696015,8.85595425,8542598,78646386.64
2024-03-04,600827,8.8463595,8.87514375,8.6928435,8.750412,8223300,75069605.0
2024-03-05,600827,8.7312225,8.7312225,8.51054325,8.5393275,12003922,107470956.46
2024-03-06,600827,8.5393275,8.635275,8.39540625,8.5393275,8147391,72350922.54
2024-03-07,600827,8.520138,8.6160855,8.405001,8.405001,6819162,60530627.54
2024-03-08,600827,8.405001,8.49135375,8.31864825,8.4625695,6562427,57377158.25
2024-03-11,600827,8.45297475,8.558517,8.37621675,8.54892225,6874357,60788143.77
2024-03-12,600827,8.54892225,8.72162775,8.52973275,8.712033,8356534,75327811.02
2024-03-13,600827,8.70243825,8.712033,8.54892225,8.64486975,7875306,70734195.52
2024-03-14,600827,8.62568025,8.77919625,8.56811175,8.62568025,7876850,71309089.02
2024-03-15,600827,8.60649075,8.9231175,8.596896,8.83676475,13245559,121349143.24
2024-03-18,600827,8.865549,9.21096,8.82717,9.02865975,13656811,128717963.75
2024-03-19,600827,9.0382545,9.04784925,8.8463595,8.865549,8008965,74405734.6
2024-03-20,600827,8.85595425,9.019065,8.83676475,8.9231175,5939302,55020516.9
2024-03-21,600827,8.942307,9.04784925,8.91352275,8.9614965,6341106,59303331.41
2024-03-22,600827,8.903928,8.95190175,8.7312225,8.74081725,7339789,67320168.63
2024-03-25,600827,8.750412,8.79838575,8.60649075,8.635275,6507636,58976775.18
2024-03-26,600827,8.58730125,8.7696015,8.5393275,8.58730125,6537371,58703856.16
2024-03-27,600827,8.635275,8.635275,8.3858115,8.39540625,6312971,55835912.32
2024-03-28,600827,8.3858115,8.54892225,8.35702725,8.41459575,5846005,51405984.45
2024-03-29,600827,8.43378525,8.43378525,8.328243,8.3858115,5157517,44995691.64
2024-04-01,600827,8.4625695,8.60649075,8.44338,8.60649075,5891567,52409019.28
2024-04-02,600827,8.6160855,8.62568025,8.520138,8.56811175,4340852,38788640.74
2024-04-03,600827,8.56811175,8.74081725,8.5393275,8.72162775,7431200,67146374.0
2024-04-08,600827,8.72162775,8.72162775,8.56811175,8.5777065,7479846,67346383.09
2024-04-09,600827,8.596896,8.8079805,8.558517,8.77919625,6348058,57626725.16
2024-04-10,600827,8.7696015,8.82717,8.64486975,8.750412,7820656,71230287.73
2024-04-11,600827,8.712033,8.8847385,8.635275,8.76000675,6950367,63471604.78
2024-04-12,600827,8.750412,8.82717,8.6544645,8.6544645,6080684,55260759.56
2024-04-15,600827,8.49135375,8.52973275,8.136348,8.31864825,15948173,138572091.96
2024-04-16,600827,8.28026925,8.4241905,8.0020215,8.021211,12411743,106173496.38
2024-04-17,600827,8.0787795,8.3474325,8.0787795,8.3474325,8972463,77156656.03
2024-04-18,600827,8.35702725,8.481759,8.251485,8.26107975,6798651,59138523.68
2024-04-19,600827,8.251485,8.328243,8.0787795,8.097969,6243823,53286018.3
2024-04-22,600827,8.10756375,8.20351125,7.91566875,7.95404775,7955072,66558198.46
2024-04-23,600827,7.95404775,8.021211,7.87728975,7.87728975,6228064,51452676.44
2024-04-24,600827,7.89647925,7.91566875,7.790937,7.89647925,6958979,56925018.97
2024-04-25,600827,7.87728975,7.9636425,7.790937,7.8868845,5437047,44670058.87
2024-04-26,600827,7.89647925,8.10756375,7.8485055,8.10756375,10135536,84416403.44
2024-04-29,600827,8.097969,8.56811175,8.06918475,8.5393275,14056890,122743805.06
2024-04-30,600827,8.520138,8.6544645,8.45297475,8.51054325,9596315,85431153.91
2024-05-06,600827,8.54892225,8.72162775,8.54892225,8.673654,9901645,89487776.86
2024-05-07,600827,8.6544645,8.7312225,8.62568025,8.6928435,6107758,55287768.11
2024-05-08,600827,8.66405925,8.6928435,8.49135375,8.51054325,6747095,60391029.55
2024-05-09,600827,8.52973275,8.6928435,8.520138,8.6160855,5771417,51965800.83
2024-05-10,600827,8.64486975,8.68324875,8.52973275,8.62568025,5534360,49689677.2
2024-05-13,600827,8.56811175,8.6544645,8.520138,8.56811175,5355100,47945821.0
2024-05-14,600827,8.635275,8.712033,8.558517,8.60649075,5462463,49197020.44
2024-05-15,600827,8.66405925,8.673654,8.5393275,8.558517,4367777,39123997.38
2024-05-16,600827,8.68324875,8.903928,8.635275,8.68324875,10810742,98611585.39
2024-05-17,600827,8.68324875,8.81757525,8.64486975,8.79838575,9504123,86540229.66
2024-05-20,600827,8.91352275,8.93271225,8.750412,8.76000675,7502421,69045180.73
2024-05-21,600827,8.7696015,8.83676475,8.712033,8.79838575,5876943,53882643.54
2024-05-22,600827,8.788791,8.8847385,8.788791,8.8079805,5506332,50718631.33
2024-05-23,600827,8.7696015,8.8079805,8.520138,8.558517,8426625,75602077.71
2024-05-24,600827,8.5393275,8.66405925,8.4625695,8.47216425,6024527,53669173.1
2024-05-27,600827,8.4625695,8.5393275,8.1939165,8.366622,10562288,91549660.97
2024-05-28,600827,8.328243,8.366622,8.1939165,8.22270075,6383603,54912517.93
2024-05-29,600827,8.18432175,8.289864,8.12675325,8.1555375,7273021,62057718.5
2024-05-30,600827,8.10756375,8.2322955,8.0787795,8.097969,5412722,45904505.18
2024-05-31,600827,8.097969,8.174727,8.06918475,8.10756375,5288268,44727307.14
2024-06-03,600827,8.021211,8.10756375,7.867695,7.93485825,9073900,75190549.56
2024-06-04,600827,7.93485825,8.021211,7.85810025,7.99242675,6384354,52915493.98
2024-06-05,600827,7.982832,8.01161625,7.8485055,7.85810025,5963058,49198766.54
2024-06-06,600827,7.8868845,7.906074,7.637421,7.6949895,9387614,75609009.13
2024-06-07,600827,7.72377375,7.867695,7.714179,7.829316,6287600,51081344.93
2024-06-11,600827,7.81972125,7.9252635,7.6949895,7.8101265,5646608,45941264.04
2024-06-12,600827,7.80053175,7.83891075,7.74296325,7.752558,4952028,40142009.59
2024-06-13,600827,7.752558,7.7717475,7.6182315,7.6566105,5705900,45584462.0
2024-06-14,600827,7.62782625,7.68539475,7.483905,7.66620525,7956464,62968056.98
2024-06-17,600827,7.62782625,7.752558,7.58944725,7.6566105,5004617,39977258.32
2024-06-18,600827,7.6566105,7.752558,7.637421,7.714179,5245626,42146759.39
2024-06-19,600827,7.72377375,7.7333685,7.560663,7.6182315,4547608,36165212.44
2024-06-20,600827,7.58944725,7.62782625,7.37836275,7.3879575,7976561,62019800.85
2024-06-21,600827,7.39755225,7.51268925,7.35917325,7.407147,6006950,46670762.5
2024-06-24,600827,7.3879575,7.407147,7.1193045,7.176873,7779100,58519297.38
2024-06-25,600827,7.176873,7.29201,7.1576835,7.176873,5720503,43129357.97
2024-06-26,600827,7.16727825,7.330389,7.1193045,7.3111995,5505223,41428064.67
2024-06-27,600827,7.32079425,7.32079425,7.1193045,7.18646775,6232568,46844521.63
2024-06-28,600827,7.14808875,7.22484675,7.05214125,7.0809255,7955189,59321843.93
2024-07-01,600827,7.12889925,7.1576835,7.01376225,7.1193045,5610811,41529864.34
2024-07-02,600827,7.138494,7.215252,7.0809255,7.176873,5099049,38133581.38
2024-07-03,600827,7.20565725,7.89647925,7.18646775,7.66620525,28885279,229736070.79
2024-07-04,600827,7.483905,7.51268925,7.07133075,7.09052025,21785562,164714841.54
2024-07-05,600827,7.03295175,7.215252,6.95619375,7.176873,11474500,85123161.15
2024-07-08,600827,7.05214125,7.176873,7.0425465,7.061736,7543714,55722733.92
2024-07-09,600827,7.0425465,7.14808875,6.946599,7.100115,8090854,59459845.8
2024-07-10,600827,7.10970975,7.1576835,6.9657885,6.97538325,7624657,55946579.36
2024-07-11,600827,7.100115,7.2728205,7.03295175,7.2344415,11569192,86501297.7
2024-07-12,600827,7.2344415,7.4263365,7.20565725,7.37836275,10396394,79748931.68
2024-07-15,600827,7.35917325,7.35917325,7.176873,7.215252,7888364,59386695.64
2024-07-16,600827,7.20565725,7.253631,7.16727825,7.215252,3933700,29553826.0
2024-07-17,600827,7.215252,7.599042,7.215252,7.43593125,15202765,117746364.76
2024-07-18,600827,7.37836275,7.6566105,7.3111995,7.599042,14195283,110724147.75
2024-07-19,600827,7.483905,7.522284,7.33998375,7.4263365,11074200,85553247.0
2024-07-22,600827,7.41659185,7.41659185,7.24116655,7.35811675,8824501,66379969.59
2024-07-23,600827,7.33862505,7.43608355,7.28014995,7.28014995,6196148,46822022.88
2024-07-24,600827,7.24116655,7.3093875,7.1534539,7.1924373,5010431,37117590.14
2024-07-25,600827,7.14370805,7.37760845,7.14370805,7.29964165,6945858,52024639.54
2024-07-26,600827,7.3288792,7.4263377,7.2704041,7.37760845,4695400,35456533.0
2024-07-29,600827,7.37760845,7.4458294,7.28014995,7.33862505,4388467,33200803.38
2024-07-30,600827,7.39710015,7.5627796,7.31913335,7.55303375,10463542,80289971.86
2024-07-31,600827,7.5627796,7.84540925,7.5432879,7.78693415,15581249,123865117.28
2024-08-01,600827,7.80642585,7.84540925,7.6797298,7.68947565,7931461,62994927.9
2024-08-02,600827,7.6797298,7.78693415,7.65049225,7.6602381,6481800,51312973.0
2024-08-05,600827,7.66998395,7.80642585,7.601763,7.61150885,10720539,84803069.7
2024-08-06,600827,7.6992215,7.9136302,7.6212547,7.8941385,13605387,108640712.67
2024-08-07,600827,7.84540925,7.90388435,7.7576966,7.7771883,9526800,76390140.0
2024-08-08,600827,7.7771883,8.0500721,7.72845905,7.9526136,13389036,108777763.4
2024-08-09,600827,7.9136302,7.991597,7.8161717,7.8161717,8856101,71739508.14
2024-08-12,600827,7.80642585,7.8551551,7.6602381,7.6992215,8679802,68722452.86
2024-08-13,600827,7.6407464,7.74795075,7.59201715,7.6602381,5598802,43926462.7
2024-08-14,600827,7.6602381,7.6992215,7.5822713,7.59201715,5314737,41655728.95
2024-08-15,600827,7.57252545,7.74795075,7.51405035,7.66998395,7020020,55067547.28
2024-08-16,600827,7.6992215,7.7771883,7.5043045,7.53354205,6844500,53206267.0
2024-08-19,600827,7.51405035,7.61150885,7.4848128,7.57252545,4289679,33292115.88
2024-08-20,600827,7.53354205,7.57252545,7.4653211,7.47506695,4965020,38230165.4
2024-08-21,600827,7.45557525,7.49455865,7.35811675,7.3873543,4353824,33137604.84
2024-08-22,600827,7.39710015,7.43608355,7.24116655,7.2704041,5048661,37855291.23
2024-08-23,600827,7.26065825,7.3288792,7.22167485,7.28014995,3733911,27844829.84
2024-08-26,600827,7.26065825,7.4458294,7.22167485,7.35811675,5425400,40861420.0
2024-08-27,600827,7.3483709,7.47506695,7.2898958,7.3483709,4745902,35933688.1
2024-08-28,600827,7.6602381,7.78693415,7.06574125,7.08523295,19991424,148562252.15
2024-08-29,600827,7.017012,7.1534539,6.96828275,7.1339622,8957280,65024186.79
2024-08-30,600827,7.06574125,7.4653211,7.06574125,7.2704041,11733500,87862442.0
2024-09-02,600827,7.2704041,7.28014995,6.94879105,6.94879105,14139300,102028706.99
2024-09-03,600827,6.9780286,7.0754871,6.9390452,7.02675785,7942005,57290124.0
2024-09-04,600827,7.04624955,7.16319975,6.96828275,7.06574125,7734763,56247719.82
2024-09-05,600827,7.06574125,7.29964165,7.06574125,7.2704041,10319356,76691791.3
2024-09-06,600827,7.39710015,7.6212547,7.35811675,7.3678626,14908025,114492481.56
2024-09-09,600827,7.35811675,7.4848128,7.211929,7.33862505,11011181,83253997.26
2024-09-10,600827,7.37760845,7.45557525,7.20218315,7.3483709,8678093,64926039.5
2024-09-11,600827,7.31913335,7.3288792,7.20218315,7.24116655,5208807,38776244.62
2024-09-12,600827,7.1924373,7.29964165,7.14370805,7.14370805,5831406,43113497.08
2024-09-13,600827,7.16319975,7.2314207,7.06574125,7.0754871,5102900,37354315.0
2024-09-18,600827,7.06574125,7.1729456,6.98777445,7.1144705,5735525,41541295.25
2024-09-19,600827,7.1534539,7.5237962,7.12421635,7.49455865,13536611,102717159.59
2024-09-20,600827,7.5237962,7.55303375,7.4263377,7.5237962,7580200,58336462.77
2024-09-23,600827,7.4848128,7.5432879,7.406846,7.4263377,5432700,41587901.0
2024-09-24,600827,7.49455865,7.70896735,7.47506695,7.66998395,10950720,85595035.76
2024-09-25,600827,7.72845905,7.9721053,7.72845905,7.80642585,12104511,97724373.48
2024-09-26,600827,7.92337605,8.27422665,7.8161717,8.27422665,20055492,165488065.56
2024-09-27,600827,8.4788895,8.5373646,8.27422665,8.48863535,16168615,139607201.0
2024-09-30,600827,9.07338635,9.3365243,8.83948595,9.3365243,36906605,346680524.24
2024-10-08,600827,10.2721259,10.2721259,9.4729662,9.9212753,44334224,452648987.46
2024-10-09,600827,9.59966225,9.69712075,9.0246571,9.0831322,34277446,328990620.29
2024-10-10,600827,9.356016,9.56067885,8.76151915,8.9856737,31049351,290055691.21
2024-10-11,600827,8.9466903,9.2000824,8.7127899,8.83948595,18642823,170633703.72
2024-10-14,600827,8.66406065,8.8882152,8.381431,8.6543148,24059558,211483070.86
2024-10-15,600827,8.6348231,8.6543148,8.381431,8.381431,15266323,133334933.34
2024-10-16,600827,8.25473495,8.48863535,8.19625985,8.3619393,11155548,95736553.13
2024-10-17,600827,8.41066855,8.46914365,8.186514,8.186514,12957011,110573981.91
2024-10-18,600827,8.15727645,8.4983812,8.11829305,8.3619393,16804511,143472711.41
2024-10-21,600827,8.39117685,8.4204144,8.2254974,8.2839725,17090334,145675309.44
2024-10-22,600827,8.29371835,8.4009227,8.2449891,8.39117685,13423255,114771429.3
2024-10-23,600827,8.43016025,8.48863535,8.3619393,8.4009227,15492017,133847038.35
2024-10-24,600827,8.3619393,8.4983812,8.3229559,8.37168515,10613560,91506224.88
2024-10-25,600827,8.39117685,8.68355235,8.39117685,8.5958397,14690083,128997766.56
2024-10-28,600827,8.62507725,9.32677845,8.60558555,9.30728675,33719255,312580173.73
2024-10-29,600827,9.28779505,9.30728675,8.95643615,8.95643615,23285329,216461118.77
2024-10-30,600827,8.93694445,9.24881165,8.89796105,9.09287805,18906711,176531355.02
2024-10-31,600827,9.50220375,9.79457925,9.34627015,9.52169545,40213613,395783648.7
2024-11-01,600827,9.550933,9.98949625,9.30728675,9.7848334,44775486,447839317.53
2024-11-04,600827,9.81407095,10.18441325,9.6873749,10.10644645,33452903,341791877.69
2024-11-05,600827,10.1161923,10.30136345,10.0577172,10.1551757,27977217,292553654.14
2024-11-06,600827,10.1161923,10.20390495,9.9017836,10.10644645,22287142,230437081.76
2024-11-07,600827,10.02847965,10.4865346,9.97000455,10.39882195,24282998,257449871.11
2024-11-08,600827,10.4475512,10.55475555,10.22339665,10.32085515,24832810,263865821.93
2024-11-11,600827,10.20390495,10.26238005,9.940767,10.08695475,19755500,204082336.6
2024-11-12,600827,10.10644645,10.28187175,10.04797135,10.1161923,17651735,184102963.35
2024-11-13,600827,10.135684,10.39882195,10.1161923,10.14542985,17791327,186644338.71
2024-11-14,600827,10.08695475,10.0967006,9.6873749,9.7068666,19302925,195320472.75
2024-11-15,600827,9.7068666,9.7848334,9.52169545,9.52169545,10918837,108176289.57
2024-11-18,600827,9.61915395,9.9992421,9.61915395,9.7068666,20689925,208657455.89
2024-11-19,600827,9.74585,9.8628002,9.550933,9.73610415,13501599,134419117.99
2024-11-20,600827,9.73610415,9.85305435,9.61915395,9.81407095,10191837,101802565.0
2024-11-21,600827,9.75559585,9.7848334,9.6288998,9.74585,8503523,84713585.9
2024-11-22,600827,9.73610415,9.7653417,9.356016,9.36576185,11731894,115145582.56
2024-11-25,600827,9.36576185,9.61915395,9.34627015,9.50220375,9727668,94376506.38
2024-11-26,600827,9.52169545,9.74585,9.46322035,9.59966225,11013296,108572785.62
2024-11-27,600827,9.69712075,9.75559585,9.3949994,9.74585,13719609,135196946.47
2024-11-28,600827,9.8433085,10.71068915,9.8433085,10.2331425,39435110,422131234.55
2024-11-29,600827,10.2331425,10.5839931,10.14542985,10.43780535,29196169,310413958.86
2024-12-02,600827,10.67170575,10.7009433,10.43780535,10.4670429,33010842,357639423.78
2024-12-03,600827,10.37933025,10.5060263,10.28187175,10.3500927,17252563,183717589.22
2024-12-04,600827,10.2331425,10.5060263,10.12593815,10.22339665,21413451,226524381.42
2024-12-05,600827,10.0967006,10.4280595,10.0187338,10.4085678,21634728,226696892.01
2024-12-06,600827,10.43780535,10.720435,10.2721259,10.7009433,32362640,349722984.02
2024-12-09,600827,10.86662275,11.1882358,10.69119745,10.9543354,33481156,374955225.09
2024-12-10,600827,11.4026445,11.4806113,11.0323022,11.0907773,30519424,351272441.3
2024-12-11,600827,11.2077275,11.8509536,11.0907773,11.8119702,42366866,507107179.22
2024-12-12,600827,11.8119702,12.13358325,11.33442355,11.95815795,46069474,558180176.05
2024-12-13,600827,11.95815795,12.42595875,11.60730735,11.9094287,58123058,712541494.39
2024-12-16,600827,12.1628208,12.44545045,11.89968285,12.0653623,45602315,567271787.05
2024-12-17,600827,11.889937,11.889937,11.25645675,11.29544015,36148743,423346553.87
2024-12-18,600827,11.4026445,11.52934055,11.110269,11.19798165,24984706,288587049.07
2024-12-19,600827,11.06153975,11.13950655,10.7789101,10.98357295,19576208,220009520.1
2024-12-20,600827,11.0517939,11.21747335,10.92509785,10.96408125,15324913,173158132.89
2024-12-23,600827,10.96408125,10.98357295,10.6619599,10.69119745,14582181,161557021.13
2024-12-24,600827,10.720435,10.7789101,10.45729705,10.57424725,21360385,231200117.71
2024-12-25,600827,10.5450097,10.94458955,10.32085515,10.8373852,22514050,246296635.34
2024-12-26,600827,10.8178935,10.9933188,10.7009433,10.8958603,19704179,218881380.22
2024-12-27,600827,10.915352,11.3246777,10.7984018,11.19798165,28387226,325402344.52
2024-12-30,600827,11.2077275,11.2856943,10.74967255,10.90560615,20327240,227316083.6
2024-12-31,600827,10.90560615,11.1882358,10.65221405,10.65221405,20079402,225127036.78
2025-01-02,600827,10.57424725,11.2856943,10.57424725,10.80814765,33073965,372720806.54
2025-01-03,600827,10.7399267,10.8178935,10.1161923,10.16492155,27872717,295423185.3
2025-01-06,600827,10.10644645,10.3111093,9.87254605,10.0187338,18719400,192919901.0
2025-01-07,600827,9.98949625,10.0577172,9.83356265,10.04797135,12754801,130139361.89
2025-01-08,600827,9.9992421,10.3111093,9.79457925,10.1551757,19250132,197708594.37
2025-01-09,600827,10.0967006,10.135684,9.8238168,9.8822919,13681502,139739415.44
2025-01-10,600827,9.85305435,9.91152945,9.6483915,9.6678832,13470000,135068866.0
2025-01-13,600827,9.6483915,9.69712075,9.44372865,9.58017055,12965804,127551304.78
2025-01-14,600827,9.59966225,10.06746305,9.5704247,10.0187338,14892059,150434656.85
2025-01-15,600827,10.02847965,10.12593815,9.87254605,9.95051285,10835076,111136106.58
2025-01-16,600827,9.98949625,10.18441325,9.93102115,10.0187338,12949961,133403780.89
2025-01-17,600827,10.0187338,10.0382255,9.79457925,9.87254605,11258559,114497942.16
2025-01-20,600827,9.91152945,10.12593815,9.8433085,9.97000455,10506474,107876553.44
2025-01-21,600827,9.97000455,10.02847965,9.8628002,9.98949625,9469400,96653911.0
2025-01-22,600827,9.940767,9.95051285,9.7263583,9.7653417,10402029,104634665.25
2025-01-23,600827,9.87254605,10.1161923,9.79457925,9.8043251,10755979,109650262.05
2025-01-24,600827,9.81407095,9.85305435,9.6094081,9.7263583,19729905,196078746.52
2025-01-27,600827,9.8043251,9.91152945,9.48271205,9.48271205,16935012,168082221.4
2025-02-05,600827,9.61915395,9.6288998,9.1805907,9.2195741,16490233,157917686.86
2025-02-06,600827,9.2195741,9.3170326,9.07338635,9.2975409,13827618,130700265.17
2025-02-07,600827,9.32677845,9.56067885,9.2195741,9.4144911,18082321,174505399.87
2025-02-10,600827,9.44372865,9.7653417,9.4144911,9.69712075,20975703,206724437.29
2025-02-11,600827,9.8043251,9.8822919,9.7068666,9.8628002,20753347,208764479.35
2025-02-12,600827,9.8238168,9.93102115,9.71661245,9.83356265,11865672,119188348.09
2025-02-13,600827,9.83356265,9.93102115,9.73610415,9.8043251,13100300,132287115.0
2025-02-14,600827,9.79457925,9.8238168,9.63864565,9.71661245,12457074,124322666.34
2025-02-17,600827,9.7263583,10.0967006,9.65813735,9.87254605,26310083,268305903.7
2025-02-18,600827,9.8433085,9.87254605,9.4144911,9.46322035,18367266,180662103.9
2025-02-19,600827,9.46322035,9.4924579,9.34627015,9.4339828,10978903,106024088.96
2025-02-20,600827,9.4534745,9.5704247,9.3949994,9.50220375,11338030,110370500.5
2025-02-21,600827,9.4534745,9.5119496,9.2585575,9.34627015,16094073,154284934.07
2025-02-24,600827,9.30728675,9.6483915,9.2975409,9.44372865,18345524,177504240.19
2025-02-25,600827,9.3949994,9.59966225,9.2975409,9.3170326,17383282,167312779.44
2025-02-26,600827,9.40474525,9.6483915,9.2780492,9.32677845,24550530,236901378.06
2025-02-27,600827,9.30728675,9.550933,9.2975409,9.52169545,26354828,255519050.97
2025-02-28,600827,9.50220375,9.61915395,9.2780492,9.30728675,19136136,185007708.29
2025-03-03,600827,9.3170326,9.3755077,9.17084485,9.20982825,14734521,140178309.89
2025-03-04,600827,9.11236975,9.19033655,9.0636405,9.11236975,15897800,148967538.0
2025-03-05,600827,9.1416073,9.15135315,8.95643615,9.0831322,19708724,182619520.2
2025-03-06,600827,9.11236975,9.28779505,9.01491125,9.24881165,16051296,151090522.2
2025-03-07,600827,9.2390658,9.28779505,9.1026239,9.15135315,10444601,98260198.82
2025-03-10,600827,9.1805907,9.2000824,9.09287805,9.17084485,8527621,80042695.14
2025-03-11,600827,9.1026239,9.19033655,9.0441488,9.1805907,7699016,72042934.8
2025-03-12,600827,9.1805907,9.2780492,9.13186145,9.15135315,10387374,97852732.7
2025-03-13,600827,9.15135315,9.161099,8.97592785,9.0636405,10814514,100629304.92
2025-03-14,600827,9.09287805,9.4144911,9.01491125,9.34627015,20762792,197516822.04
2025-03-17,600827,9.5119496,9.56067885,9.32677845,9.42423695,16165085,156283790.58
2025-03-18,600827,9.4339828,9.4534745,9.2975409,9.32677845,11120695,106680252.34
2025-03-19,600827,9.3365243,9.3365243,9.20982825,9.24881165,9709680,92193315.65
2025-03-20,600827,9.24881165,9.24881165,9.1416073,9.17084485,8236958,77714275.78
2025-03-21,600827,9.15135315,9.17084485,8.9856737,9.0051654,12081754,112401368.96
2025-03-24,600827,9.0246571,9.1026239,8.93694445,9.0441488,12222385,113114792.57
2025-03-25,600827,9.0636405,9.0636405,8.95643615,9.05389465,8973734,83000316.56
2025-03-26,600827,9.07338635,9.1805907,9.07338635,9.0831322,9179574,85899681.56
2025-03-27,600827,9.1221156,9.2390658,9.07338635,9.15135315,14486721,136293659.82
2025-03-28,600827,9.1221156,9.1416073,8.9856737,9.0246571,10143301,94054288.47
2025-03-31,600827,8.9856737,9.0246571,8.87846935,8.91745275,9875600,90622295.0
2025-04-01,600827,8.93694445,9.09287805,8.89796105,9.0246571,9267800,85734757.0
2025-04-02,600827,9.0246571,9.0441488,8.97592785,9.0246571,6748276,62417707.84
2025-04-03,600827,8.97592785,9.2000824,8.95643615,9.15135315,13105660,122634022.43
2025-04-07,600827,8.80050255,8.9466903,8.23524325,8.2449891,22223889,194987539.91
2025-04-08,600827,8.3619393,8.8492318,8.35219345,8.8297401,28253702,252560144.74
2025-04-09,600827,8.8687235,9.7068666,8.52761875,9.5899164,55962048,530627782.56
2025-04-10,600827,9.550933,10.2136508,9.26830335,9.9212753,82952487,841663598.16
2025-04-11,600827,9.73610415,9.8043251,9.5119496,9.54118715,50092360,496066663.71
2025-04-14,600827,9.5314413,10.32085515,9.50220375,9.89203775,53445267,542013926.82
2025-04-15,600827,9.74585,10.1161923,9.6873749,9.83356265,54247928,551181317.59
2025-04-16,600827,9.74585,9.9212753,9.6094081,9.8433085,32710299,328287463.48
2025-04-17,600827,9.75559585,9.98949625,9.6873749,9.8822919,33528831,340080613.55
2025-04-18,600827,9.8822919,9.97000455,9.7068666,9.77508755,27122793,273366603.66
2025-04-21,600827,9.74585,9.8238168,9.65813735,9.71661245,25981878,259621815.8
2025-04-22,600827,9.6483915,9.89203775,9.5899164,9.81407095,30653982,308007118.86
2025-04-23,600827,9.87254605,9.87254605,9.4924579,9.5314413,32821464,324007098.94
2025-04-24,600827,9.4729662,9.61915395,9.4339828,9.4924579,15108313,147305162.49
2025-04-25,600827,9.550933,9.7653417,9.50220375,9.5704247,17957680,177150829.32
2025-04-28,600827,9.89203775,9.9992421,9.63864565,9.67762905,33404577,335878708.9
2025-04-29,600827,9.56067885,9.5899164,9.36576185,9.4534745,21596230,209369865.56
2025-04-30,600827,9.4534745,9.5314413,9.2975409,9.30728675,17869007,172340758.95
2025-05-06,600827,9.26830335,9.34627015,9.161099,9.3365243,18661495,177530259.18
2025-05-07,600827,9.3949994,9.56067885,9.26830335,9.3170326,14961181,144126009.52
2025-05-08,600827,9.30728675,9.356016,9.2195741,9.32677845,12869972,123014470.16
2025-05-09,600827,9.30728675,9.30728675,9.07338635,9.09287805,15539995,145804765.14
2025-05-12,600827,9.15135315,9.1805907,9.0441488,9.161099,10436600,97683145.0
2025-05-13,600827,9.20982825,9.2390658,9.1026239,9.1221156,8528787,80059963.03
2025-05-14,600827,9.1026239,9.161099,9.0441488,9.1221156,10087158,94092179.53
2025-05-15,600827,9.0831322,9.1221156,9.0441488,9.0636405,6604800,61479025.0
2025-05-16,600827,9.05389465,9.15135315,9.0051654,9.1221156,9304435,86618523.4
2025-05-19,600827,9.1221156,9.1805907,9.07338635,9.161099,8261955,77495506.45
2025-05-20,600827,9.161099,9.20982825,9.1026239,9.15135315,7873431,73969396.4
2025-05-21,600827,9.1416073,9.19033655,9.11236975,9.1805907,7242291,68025991.81
2025-05-22,600827,9.2195741,9.2780492,9.05389465,9.05389465,11709425,109818844.25
2025-05-23,600827,9.03440295,9.05389465,8.89796105,8.9077069,10438422,96147699.74
2025-05-26,600827,8.9271986,8.95643615,8.87846935,8.93694445,4759776,43589353.0
2025-05-27,600827,8.9466903,8.966182,8.89796105,8.9271986,4898443,44887501.99
2025-05-28,600827,8.9466903,9.19033655,8.9271986,9.13186145,17125234,159958852.17
2025-05-29,600827,9.11236975,9.161099,9.0246571,9.1221156,9699708,90806120.42
2025-05-30,600827,9.13186145,9.1416073,9.0051654,9.05389465,6443750,59850736.81
2025-06-03,600827,9.01491125,9.0636405,8.966182,8.97592785,8686630,80302374.34
2025-06-04,600827,8.99541955,9.1026239,8.97592785,9.09287805,7370531,68404551.44
2025-06-05,600827,9.09287805,9.09287805,8.97592785,9.0051654,7056048,65292361.96
2025-06-06,600827,9.17084485,9.38525355,9.0636405,9.07338635,15592154,146762023.31
2025-06-09,600827,9.0636405,9.0831322,9.0246571,9.0636405,7675100,71341395.0
2025-06-10,600827,9.0636405,9.09287805,8.9271986,8.9466903,9025385,83344934.7
2025-06-11,600827,8.966182,9.0441488,8.93694445,9.0051654,6528397,60378277.27
2025-06-12,600827,9.0051654,9.05389465,8.966182,9.0051654,7670835,70894603.1
2025-06-13,600827,9.0051654,9.03440295,8.9271986,8.95643615,8892500,81846962.0
2025-06-16,600827,8.93694445,8.9856737,8.91745275,8.9271986,7953409,72986786.19
2025-06-17,600827,8.9466903,8.9466903,8.87846935,8.91745275,5292459,48343829.08
2025-06-18,600827,8.89796105,8.91745275,8.8297401,8.8687235,4953581,45061939.29
2025-06-19,600827,8.8687235,8.8687235,8.72253575,8.7517733,6989729,62966889.71
2025-06-20,600827,8.76151915,8.8102484,8.7517733,8.771265,4643871,41831995.29
2025-06-23,600827,8.76151915,8.7907567,8.72253575,8.771265,4103874,36900646.68
2025-06-24,600827,8.7907567,8.8882152,8.771265,8.8687235,5463379,49630238.79
2025-06-25,600827,8.91745275,9.0441488,8.8882152,9.01491125,11254813,103524074.82
2025-06-26,600827,9.05389465,9.05389465,8.95643615,8.97592785,7497209,69210487.39
2025-06-27,600827,8.95643615,9.01491125,8.91745275,8.91745275,6345394,58323269.1
2025-06-30,600827,8.91745275,8.93694445,8.87846935,8.9077069,7829221,71567728.57
2025-07-01,600827,8.91745275,8.93694445,8.8687235,8.9077069,5741075,52374468.89
2025-07-02,600827,8.9077069,8.91745275,8.87846935,8.89796105,5786686,52843581.17
2025-07-03,600827,8.89796105,8.9271986,8.87846935,8.9077069,5395786,49317099.18
2025-07-04,600827,8.91745275,8.99541955,8.89796105,8.966182,9438094,86619835.02
2025-07-07,600827,8.9271986,8.966182,8.9077069,8.91745275,6908520,63390222.97
2025-07-08,600827,8.9077069,8.95643615,8.89796105,8.9466903,6559140,60099015.79
2025-07-09,600827,8.9271986,9.01491125,8.91745275,8.97592785,10561297,97195586.68
2025-07-10,600827,8.966182,9.0441488,8.95643615,9.0246571,9011023,83322909.21
2025-07-11,600827,9.0246571,9.42423695,9.01491125,9.2780492,31168398,296090595.99
2025-07-14,600827,9.1805907,9.20982825,9.07338635,9.0831322,17492250,163864731.5
2025-07-15,600827,9.1026239,9.13186145,8.97592785,9.0246571,11283032,104656160.81
2025-07-16,600827,9.0636405,9.17084485,9.03440295,9.1026239,10035988,93708620.19
2025-07-17,600827,9.19033655,9.3365243,9.11236975,9.1416073,16322101,154413046.43
2025-07-18,600827,9.22931995,9.40474525,9.161099,9.3365243,18021809,172014060.86
2025-07-21,600827,9.26830335,9.4924579,9.26830335,9.3949994,18052068,173908928.95
2025-07-22,600827,9.40474525,9.46322035,9.32677845,9.42423695,11440134,110257343.3
2025-07-23,600827,9.4534745,9.50220375,9.3755077,9.3755077,12547791,121436833.31
2025-07-24,600827,9.40474525,9.61915395,9.38525355,9.56067885,20605530,201600350.83
2025-07-25,600827,9.550933,9.61915395,9.4729662,9.52169545,12389747,121169867.39
2025-07-28,600827,9.54118715,9.6094081,9.4729662,9.550933,11201224,109776331.28
2025-07-29,600827,9.550933,9.59966225,9.42423695,9.550933,11752049,114427202.3
2025-07-30,600827,9.52169545,9.67762905,9.4534745,9.6483915,14151519,139131173.22
2025-07-31,600827,9.59966225,9.6483915,9.4144911,9.5899164,17277751,168918708.67
2025-08-01,600827,9.5704247,9.7653417,9.550933,9.6094081,15969700,158145439.0
2025-08-04,600827,9.61915395,9.61915395,9.4339828,9.4924579,11452853,111707035.29
2025-08-05,600827,9.50220375,9.56067885,9.4144911,9.4924579,11225973,109376581.35
2025-08-06,600827,9.48271205,10.06746305,9.48271205,9.97000455,50942860,517288758.69
2025-08-07,600827,9.98,10.02,9.68,9.72,23496183,229582768.76
2025-08-08,600827,9.71,10.13,9.71,10.03,24127095,241602053.65
2025-08-11,600827,10.01,10.06,9.84,9.94,16908637,168224137.79
2025-08-12,600827,9.95,10.13,9.89,9.91,14270122,142485318.1
2025-08-13,600827,10.03,10.09,9.81,9.83,18235573,180223354.98
2025-08-14,600827,9.81,9.86,9.65,9.66,16198300,157953649.0
2025-08-15,600827,9.67,9.88,9.62,9.84,14680892,143366487.93
2025-08-18,600827,9.83,9.91,9.74,9.77,14925572,146822036.27
2025-08-19,600827,9.8,9.93,9.74,9.79,13307435,130789907.85
2025-08-20,600827,9.8,9.88,9.72,9.88,11874676,116390533.54
2025-08-21,600827,9.88,10.2,9.86,10.05,24135433,241584399.39
2025-08-22,600827,10.16,10.37,10.03,10.12,23855729,242846021.69
2025-08-25,600827,10.11,10.25,10.05,10.12,20890768,211684622.02
2025-08-26,600827,10.11,10.23,10.05,10.08,14931880,151038250.51
2025-08-27,600827,10.09,10.13,9.86,9.87,18628373,186296459.6
2025-08-28,600827,9.86,10.06,9.68,9.89,22521472,222538641.44
2025-08-29,600827,9.89,9.99,9.86,9.88,16063337,159143762.57
2025-09-01,600827,9.88,9.97,9.76,9.89,17486314,172801781.18
2025-09-02,600827,9.89,9.91,9.75,9.8,12011963,117901422.94
2025-09-03,600827,9.81,9.82,9.52,9.52,14946682,144008808.69
2025-09-04,600827,9.51,9.67,9.4,9.59,24176115,230843903.45
2025-09-05,600827,9.64,9.72,9.35,9.7,19193283,183151297.62
2025-09-08,600827,9.68,9.79,9.6,9.64,14043186,135948479.33
2025-09-09,600827,9.64,9.67,9.55,9.57,10618613,101956600.09
2025-09-10,600827,9.55,9.72,9.53,9.65,9959240,96128467.43
2025-09-11,600827,9.66,9.71,9.53,9.7,11504158,110731074.96
2025-09-12,600827,9.69,9.84,9.65,9.65,15551153,151448082.57
2025-09-15,600827,9.65,9.72,9.55,9.59,11301484,108524946.61
2025-09-16,600827,9.63,9.69,9.59,9.63,9190342,88593191.34
2025-09-17,600827,9.65,9.69,9.53,9.6,11923100,114530502.02
2025-09-18,600827,9.59,9.71,9.41,9.48,19914660,190958524.4
2025-09-19,600827,9.46,9.48,9.33,9.41,13259725,124511957.9
2025-09-22,600827,9.4,9.42,9.25,9.26,11468147,106712094.6
2025-09-23,600827,9.23,9.26,8.94,9.04,16040803,145062866.93
2025-09-24,600827,9.05,9.23,9.0,9.11,13124629,119562655.13
2025-09-25,600827,9.13,9.13,8.96,8.99,12809051,115523588.25
2025-09-26,600827,9.0,9.11,8.97,9.02,9740112,88208260.44
2025-09-29,600827,9.0,9.08,8.89,9.03,11031136,99068753.96
2025-09-30,600827,9.06,9.08,8.98,8.98,10192209,91812942.85
2025-10-09,600827,9.0,9.01,8.9,8.94,10911634,97571690.77
2025-10-10,600827,8.94,9.06,8.92,9.02,10249010,92436603.17
2025-10-13,600827,8.92,8.98,8.89,8.95,11495891,102656861.63
2025-10-14,600827,8.96,9.1,8.95,9.04,12518619,113158254.81
2025-10-15,600827,9.03,9.19,9.03,9.1,12431241,113433500.4
2025-10-16,600827,9.1,9.22,9.07,9.15,13320883,121956198.23
2025-10-17,600827,9.15,9.2,9.01,9.04,9183434,83508135.15
2025-10-20,600827,9.04,9.1,8.97,8.98,9354857,84251030.66
2025-10-21,600827,9.0,9.13,8.97,9.12,8978674,81476243.46
2025-10-22,600827,9.12,9.17,9.08,9.15,6959426,63540032.78
2025-10-23,600827,9.14,9.19,9.09,9.18,7046256,64327593.74
2025-10-24,600827,9.19,9.22,9.09,9.11,8701424,79470572.93
2025-10-27,600827,9.12,9.15,9.07,9.09,9556575,86996195.67
2025-10-28,600827,9.09,9.17,9.06,9.13,8281760,75509788.39
2025-10-29,600827,9.13,9.18,9.08,9.17,7890712,72079999.26
2025-10-30,600827,9.16,9.23,9.1,9.12,8955631,82092529.45
2025-10-31,600827,9.06,9.14,8.98,9.03,18073601,163820684.13
2025-11-03,600827,9.04,9.07,8.93,8.95,16044218,144137125.23
2025-11-04,600827,8.94,8.95,8.83,8.85,12758073,113394326.83
2025-11-05,600827,8.85,8.94,8.82,8.89,7250462,64546925.02
2025-11-06,600827,8.89,8.95,8.85,8.92,7764237,69148909.28
2025-11-07,600827,8.91,9.0,8.89,8.95,7982370,71448504.1
2025-11-10,600827,8.93,9.21,8.93,9.17,19864088,181108985.89
2025-11-11,600827,9.17,9.28,9.1,9.26,15330555,141241149.24
2025-11-12,600827,9.25,9.33,9.16,9.17,11065278,102117070.96
2025-11-13,600827,9.2,9.25,9.13,9.23,8645866,79422525.86
2025-11-14,600827,9.18,9.35,9.18,9.2,9074517,84149598.57
2025-11-17,600827,9.2,9.24,9.14,9.19,7567724,69530169.33
2025-11-18,600827,9.17,9.19,9.06,9.13,8787436,80070620.04
2025-11-19,600827,9.12,9.17,9.06,9.08,6164152,56109688.68
2025-11-20,600827,9.12,9.12,8.96,8.97,9469700,85327187.83
2025-11-21,600827,8.93,9.02,8.71,8.71,14148836,124852269.34
2025-11-24,600827,8.71,8.79,8.69,8.71,6967700,60834430.0
2025-11-25,600827,8.72,8.78,8.7,8.74,6979581,61066436.88
2025-11-26,600827,8.75,8.88,8.74,8.87,8938262,78854079.73
2025-11-27,600827,8.88,8.96,8.79,8.8,8941733,79118262.9
2025-11-28,600827,8.77,9.11,8.72,9.04,16290340,146169744.83
2025-12-01,600827,9.04,9.12,9.01,9.1,9717100,88149867.0
2025-12-02,600827,9.07,9.16,9.04,9.12,7752895,70604209.05
2025-12-03,600827,9.09,9.11,9.01,9.03,8882622,80409285.59
2025-12-04,600827,9.03,9.04,8.87,8.9,7449717,66464467.96
2025-12-05,600827,8.9,9.0,8.84,8.97,5616500,50174485.0
2025-12-08,600827,8.98,9.1,8.96,9.03,7824717,70793518.75
2025-12-09,600827,9.01,9.09,8.9,9.03,8370926,75390801.01
2025-12-10,600827,9.08,9.22,9.06,9.19,16796213,153940343.58
2025-12-11,600827,9.23,9.23,8.92,8.93,15372800,138698603.67
2025-12-12,600827,8.93,9.0,8.86,8.9,8155283,72683511.31
2025-12-15,600827,8.9,9.08,8.89,9.02,10429534,93820898.64
2025-12-16,600827,9.01,9.33,9.0,9.2,21763777,200258669.31
2025-12-17,600827,9.2,9.3,9.11,9.23,16765047,154322534.44
2025-12-18,600827,9.16,9.46,9.16,9.39,28119126,263036175.32
2025-12-19,600827,9.39,9.61,9.29,9.57,33046684,313891367.94
2025-12-22,600827,9.52,9.73,9.48,9.58,34409722,330367169.49
2025-12-23,600827,9.52,9.53,9.36,9.44,22884012,215865726.92
2025-12-24,600827,9.42,9.42,9.3,9.34,17487300,163641922.0
2025-12-25,600827,9.35,9.46,9.33,9.38,13307815,124933808.4
2025-12-26,600827,9.36,9.43,9.3,9.35,14987461,140225032.57
2025-12-29,600827,9.35,9.45,9.13,9.16,16779592,155054166.41
2025-12-30,600827,9.15,9.16,8.99,9.01,14925596,134984817.65
2025-12-31,600827,9.04,9.1,8.92,8.99,11773967,105926114.43
2026-01-05,600827,8.99,9.03,8.96,9.01,14554528,130874525.75
2026-01-06,600827,9.01,9.07,9.0,9.04,15602608,140910456.93
2026-01-07,600827,9.04,9.26,9.02,9.12,21874405,200190925.8
2026-01-08,600827,9.09,9.09,9.02,9.06,16303466,147478487.57
2026-01-09,600827,9.05,9.4,9.03,9.25,27913892,257584450.6
2026-01-12,600827,9.22,9.38,9.21,9.38,19396631,180427972.65
2026-01-13,600827,9.35,9.5,9.23,9.26,27027453,252942352.95
2026-01-14,600827,9.28,9.43,9.14,9.22,20748967,193001047.46
2026-01-15,600827,9.2,9.29,9.17,9.25,13413462,123896606.95
2026-01-16,600827,9.27,9.28,9.03,9.05,18992595,173043769.09
2026-01-19,600827,9.06,9.25,9.03,9.17,14573034,133717359.54
2026-01-20,600827,9.21,9.35,9.16,9.32,16974193,157326456.48
2026-01-21,600827,9.26,9.33,9.13,9.16,14636071,134764826.84
2026-01-22,600827,9.18,9.25,9.16,9.19,11607666,106863979.24
2026-01-23,600827,9.2,9.29,9.19,9.26,12186873,112656315.19
2026-01-26,600827,9.21,9.23,9.06,9.11,17277038,157454977.71
2026-01-27,600827,9.1,9.14,8.92,8.94,18459372,165785085.38
2026-01-28,600827,8.91,8.99,8.9,8.95,11682121,104520467.74
2026-01-29,600827,8.92,9.02,8.84,8.98,12360921,110586650.87
2026-01-30,600827,9.02,9.29,9.01,9.14,28783529,263646506.83
2026-02-02,600827,9.12,9.21,8.99,8.99,15086429,137337517.11
2026-02-03,600827,9.05,9.13,9.02,9.07,10865672,98529893.26
2026-02-04,600827,9.07,9.2,9.03,9.16,15715423,143735746.3
2026-02-05,600827,9.21,9.28,9.14,9.23,17654768,162981968.32
2026-02-06,600827,9.23,9.26,9.12,9.12,14667476,134789352.86
2026-02-09,600827,9.17,9.2,9.11,9.2,11963738,109716180.83
2026-02-10,600827,9.19,9.2,9.1,9.15,12028798,110105818.58
2026-02-11,600827,9.16,9.18,9.1,9.12,8441340,77126773.86
2026-02-12,600827,9.11,9.13,8.99,9.01,13067907,117952252.07
2026-02-13,600827,9.01,9.05,8.9,8.9,10105681,90482339.57
2026-02-24,600827,8.92,8.98,8.87,8.88,11242788,100031423.27
2026-02-25,600827,8.89,9.04,8.88,8.95,12647389,113544669.79
2026-02-26,600827,8.94,8.95,8.86,8.88,10101070,89797371.66
2026-02-27,600827,8.88,8.92,8.87,8.91,6465997,57568422.69
2026-03-02,600827,8.85,8.89,8.77,8.8,10561700,93109267.11
2026-03-03,600827,8.82,8.85,8.72,8.75,10954399,96135028.24
2026-03-04,600827,8.7,8.75,8.51,8.54,12418873,107079088.34
2026-03-05,600827,8.6,8.66,8.54,8.57,7900611,67929494.05
2026-03-06,600827,8.6,8.67,8.55,8.65,6285380,54228530.62
