日期,股票代码,开盘,最高,最低,收盘,成交量,成交额
2016-03-11,601989,6.05713536,6.1363136,5.99775168,6.0373408,106530754.0,651015136.0
2016-03-14,601989,6.11651904,6.3342592,6.09672448,6.25508096,142435257.0,899355488.0
2016-03-15,601989,6.20559456,6.5816912,6.1363136,6.45302656,239550847.0,1539088720.0
2016-03-16,601989,6.40354016,6.5816912,6.2847728,6.29467008,169098459.0,1096206448.0
2016-03-17,601989,6.34415648,6.51241024,6.32436192,6.433232,166257635.0,1078368560.0
2016-03-18,601989,6.4827184,6.69056128,6.41343744,6.57179392,328532576.0,2178486176.0
2016-03-21,601989,6.62128032,6.8786096,6.55199936,6.8291232,352210368.0,2396018912.0
2016-03-22,601989,6.74994496,7.50213824,6.71035584,7.39326816,667530928.0,4847087616.0
2016-03-23,601989,7.2250144,7.31408992,7.03696608,7.18542528,300763808.0,2182002656.0
2016-03-24,601989,7.13593888,7.60111104,6.99737696,7.19532256,309636192.0,2288933856.0
2016-03-25,601989,7.175528,7.28439808,6.99737696,7.13593888,161129227.0,1160117664.0
2016-03-28,601989,7.2250144,7.40316544,7.00727424,7.0765552,167480885.0,1218403648.0
2016-03-29,601989,7.10624704,7.1260416,6.81922592,6.8786096,143500806.0,1007874208.0
2016-03-30,601989,6.96768512,7.06665792,6.90830144,7.05676064,127228495.0,900452752.0
2016-03-31,601989,7.0765552,7.2250144,7.0270688,7.11614432,156275256.0,1125198432.0
2016-04-01,601989,7.04686336,7.15573344,6.928096,7.03696608,114451179.0,811725936.0
2016-04-05,601989,7.03696608,7.25470624,6.98747968,7.175528,152228440.0,1099600592.0
2016-04-06,601989,7.11614432,7.18542528,7.0270688,7.08645248,129774103.0,931996208.0
2016-04-07,601989,7.10624704,7.13593888,6.93799328,6.95778784,113537467.0,804605088.0
2016-04-08,601989,6.90830144,6.90830144,6.69056128,6.80932864,153429561.0,1052479472.0
2016-04-11,601989,6.84891776,6.96768512,6.84891776,6.89840416,100792992.0,704701408.0
2016-04-12,601989,6.90830144,6.928096,6.75984224,6.8291232,78635880.0,541593712.0
2016-04-13,601989,6.8786096,7.04686336,6.84891776,6.8786096,226810466.0,1592731216.0
2016-04-14,601989,6.928096,6.96768512,6.86871232,6.928096,111264665.0,778008144.0
2016-04-15,601989,6.93799328,7.05676064,6.93799328,6.9775824,127053301.0,897153408.0
2016-04-18,601989,6.928096,6.928096,6.78953408,6.80932864,92935809.0,640596720.0
2016-04-19,601989,6.84891776,6.88850688,6.74994496,6.81922592,72843614.0,500846352.0
2016-04-20,601989,6.8291232,6.8786096,6.26497824,6.433232,175173362.0,1160491248.0
2016-04-21,601989,6.40354016,6.46292384,6.31446464,6.34415648,91073865.0,588412128.0
2016-04-22,601989,6.30456736,6.39364288,6.26497824,6.36395104,59701473.0,382089616.0
2016-04-25,601989,6.3342592,6.34415648,6.20559456,6.27487552,66442113.0,420111248.0
2016-04-26,601989,6.2847728,6.36395104,6.24518368,6.35405376,64269885.0,408994432.0
2016-04-27,601989,6.36395104,6.37384832,6.25508096,6.2847728,51351428.0,327395360.0
2016-04-28,601989,6.27487552,6.31446464,6.2352864,6.27487552,64963474.0,411239792.0
2016-04-29,601989,6.26497824,6.27487552,6.22538912,6.2352864,53475491.0,337616080.0
2016-05-03,601989,6.24518368,6.37384832,6.21549184,6.36395104,84405228.0,538296016.0
2016-05-04,601989,6.3342592,6.51241024,6.30456736,6.433232,103227081.0,668178304.0
2016-05-05,601989,6.40354016,6.4827184,6.36395104,6.42333472,66675108.0,431874384.0
2016-05-06,601989,6.41343744,6.433232,6.14621088,6.15610816,105980360.0,671431504.0
2016-05-09,601989,6.1363136,6.1363136,5.8888816,5.92847072,100623031.0,607582208.0
2016-05-10,601989,5.938368,6.17590272,5.87898432,6.00764896,98090438.0,593917200.0
2016-05-11,601989,6.02744352,6.05713536,5.90867616,5.96805984,74708640.0,450779904.0
2016-05-12,601989,5.91857344,6.01754624,5.7899088,5.99775168,73151836.0,437317776.0
2016-05-13,601989,6.00764896,6.05713536,5.95816256,5.97795712,55843503.0,338359296.0
2016-05-16,601989,5.95816256,6.07692992,5.92847072,6.0373408,69631595.0,422550096.0
2016-05-17,601989,6.01754624,6.0373408,5.938368,5.96805984,63326798.0,382505728.0
2016-05-18,601989,5.90867616,5.92847072,5.75031968,5.7899088,87109997.0,512972144.0
2016-05-19,601989,5.8393952,5.86908704,5.7899088,5.79980608,49455917.0,291372624.0
2016-05-20,601989,5.75031968,5.9878544,5.7404224,5.89877888,76261225.0,452927296.0
2016-05-23,601989,5.9878544,6.00764896,5.90867616,5.94826528,68573907.0,412595152.0
2016-05-24,601989,5.938368,5.938368,5.82949792,5.85918976,60998355.0,361620800.0
2016-05-25,601989,5.8888816,5.94826528,5.8393952,5.84929248,47779789.0,284272528.0
2016-05-26,601989,5.84929248,5.90867616,5.77011424,5.86908704,53699005.0,316483600.0
2016-05-27,601989,5.87898432,5.92847072,5.82949792,5.87898432,56842403.0,337699472.0
2016-05-30,601989,5.8393952,5.90867616,5.7899088,5.87898432,54214680.0,321277984.0
2016-05-31,601989,5.8888816,6.10662176,5.86908704,6.0868272,144660197.0,882936512.0
2016-06-01,601989,6.0868272,6.1363136,6.04723808,6.09672448,105688843.0,651326800.0
2016-06-02,601989,6.07692992,6.09672448,6.02744352,6.0868272,71626486.0,438179664.0
2016-06-03,601989,6.14621088,6.21549184,6.0868272,6.10662176,118220072.0,734138560.0
2016-06-06,601989,6.10662176,6.10662176,6.10662176,6.10662176,0.0,0.0
2016-06-07,601989,6.10662176,6.10662176,6.10662176,6.10662176,0.0,0.0
2016-06-08,601989,6.10662176,6.10662176,6.10662176,6.10662176,0.0,0.0
2016-06-13,601989,6.10662176,6.10662176,6.10662176,6.10662176,0.0,0.0
2016-06-14,601989,6.10662176,6.10662176,6.10662176,6.10662176,0.0,0.0
2016-06-15,601989,6.10662176,6.10662176,6.10662176,6.10662176,0.0,0.0
2016-06-16,601989,6.10662176,6.10662176,6.10662176,6.10662176,0.0,0.0
2016-06-17,601989,6.10662176,6.10662176,6.10662176,6.10662176,0.0,0.0
2016-06-20,601989,6.10662176,6.10662176,6.10662176,6.10662176,0.0,0.0
2016-06-21,601989,6.10662176,6.10662176,6.10662176,6.10662176,0.0,0.0
2016-06-22,601989,6.10662176,6.10662176,6.10662176,6.10662176,0.0,0.0
2016-06-23,601989,6.10662176,6.10662176,6.10662176,6.10662176,0.0,0.0
2016-06-24,601989,6.10662176,6.10662176,6.10662176,6.10662176,0.0,0.0
2016-06-27,601989,6.10662176,6.10662176,6.10662176,6.10662176,0.0,0.0
2016-06-28,601989,6.10662176,6.10662176,6.10662176,6.10662176,0.0,0.0
2016-06-29,601989,6.31446464,6.69056128,6.30456736,6.35405376,290830000.0,1897259008.0
2016-06-30,601989,6.29467008,6.36395104,6.21549184,6.26497824,101352839.0,641467488.0
2016-07-01,601989,6.26497824,6.40354016,6.2352864,6.30456736,100237934.0,640262864.0
2016-07-04,601989,6.27487552,6.65097216,6.24518368,6.5816912,246359534.0,1621802288.0
2016-07-05,601989,6.61138304,7.2250144,6.5816912,6.93799328,432488608.0,3021246672.0
2016-07-06,601989,6.8291232,6.91819872,6.74004768,6.81922592,191915896.0,1319584656.0
2016-07-07,601989,6.79943136,6.80932864,6.69056128,6.76973952,122285774.0,833779008.0
2016-07-08,601989,6.74994496,6.88850688,6.74004768,6.83902048,147109980.0,1017728288.0
2016-07-11,601989,7.01717152,7.21511712,6.99737696,7.08645248,305422880.0,2192633936.0
2016-07-12,601989,7.10624704,7.175528,6.9775824,7.1260416,229277731.0,1640021888.0
2016-07-13,601989,7.21511712,7.39326816,7.05676064,7.15573344,235559034.0,1719645088.0
2016-07-14,601989,7.0765552,7.25470624,7.00727424,7.14583616,153473069.0,1103899440.0
2016-07-15,601989,7.2745008,7.3239872,7.04686336,7.06665792,117009902.0,842781728.0
2016-07-18,601989,7.0765552,7.09634976,6.91819872,6.93799328,119873207.0,846075248.0
2016-07-19,601989,6.91819872,6.99737696,6.85881504,6.928096,77156936.0,538903744.0
2016-07-20,601989,6.91819872,6.94789056,6.85881504,6.86871232,57577851.0,400908432.0
2016-07-21,601989,6.8786096,6.95778784,6.78953408,6.81922592,106631564.0,740908320.0
2016-07-22,601989,6.86871232,6.94789056,6.75984224,6.79943136,102926505.0,712710896.0
2016-07-25,601989,6.7796368,6.83902048,6.74004768,6.76973952,54113465.0,370827920.0
2016-07-26,601989,6.76973952,6.85881504,6.74994496,6.84891776,56994234.0,392303984.0
2016-07-27,601989,6.85881504,6.89840416,6.37384832,6.56189664,143656399.0,966812912.0
2016-07-28,601989,6.57179392,6.680664,6.49261568,6.61138304,76154196.0,507460272.0
2016-07-29,601989,6.56189664,6.60148576,6.50251296,6.56189664,48247426.0,319123632.0
2016-08-01,601989,6.51241024,6.55199936,6.39364288,6.42333472,60461339.0,393521696.0
2016-08-02,601989,6.42333472,6.4827184,6.39364288,6.47282112,41206359.0,268343549.0
2016-08-03,601989,6.42333472,6.5322048,6.3837456,6.4827184,65893527.0,430655872.0
2016-08-04,601989,6.45302656,6.4827184,6.40354016,6.47282112,47710142.0,310399072.0
2016-08-05,601989,6.45302656,6.4827184,6.42333472,6.433232,37705063.0,245617070.0
2016-08-08,601989,6.433232,6.62128032,6.3837456,6.61138304,81338973.0,534835504.0
2016-08-09,601989,6.56189664,6.61138304,6.54210208,6.61138304,59519027.0,395965824.0
2016-08-10,601989,6.62128032,6.70045856,6.59158848,6.60148576,56997300.0,382628352.0
2016-08-11,601989,6.59158848,6.61138304,6.51241024,6.55199936,50416789.0,333989872.0
2016-08-12,601989,6.54210208,6.61138304,6.51241024,6.60148576,48129660.0,318878224.0
2016-08-15,601989,6.61138304,6.80932864,6.57179392,6.75984224,121959792.0,828401824.0
2016-08-16,601989,6.80932864,6.81922592,6.7301504,6.75984224,90167146.0,617302000.0
2016-08-17,601989,6.7796368,6.928096,6.7301504,6.84891776,114422122.0,792363520.0
2016-08-18,601989,6.80932864,6.89840416,6.7796368,6.80932864,68022952.0,468536064.0
2016-08-19,601989,6.79943136,6.84891776,6.70045856,6.80932864,71660005.0,490438928.0
2016-08-22,601989,6.79943136,6.80932864,6.66086944,6.67076672,48891687.0,332426768.0
2016-08-23,601989,6.67076672,6.74004768,6.64107488,6.680664,42748421.0,288994880.0
2016-08-24,601989,6.69056128,6.72025312,6.65097216,6.67076672,34120425.0,230310683.0
2016-08-25,601989,6.64107488,6.65097216,6.5322048,6.57179392,50400044.0,334608000.0
2016-08-26,601989,6.60148576,6.64107488,6.57179392,6.5816912,35612027.0,237696086.0
2016-08-29,601989,6.61138304,6.64107488,6.5816912,6.59158848,35972982.0,240125888.0
2016-08-30,601989,6.59158848,6.69056128,6.59158848,6.64107488,43579962.0,292127184.0
2016-08-31,601989,6.680664,6.70045856,6.62128032,6.66086944,46606089.0,313920352.0
2016-09-01,601989,6.66086944,6.67076672,6.56189664,6.56189664,41973257.0,280544048.0
2016-09-02,601989,6.54210208,6.59158848,6.44312928,6.47282112,59273264.0,389949200.0
2016-09-05,601989,6.50251296,6.55199936,6.47282112,6.49261568,32905061.0,216652131.0
2016-09-06,601989,6.51241024,6.59158848,6.46292384,6.57179392,42561265.0,280946096.0
2016-09-07,601989,6.5816912,6.62128032,6.56189664,6.5816912,46557143.0,310444496.0
2016-09-08,601989,6.5816912,6.61138304,6.54210208,6.5816912,35640174.0,236429436.0
2016-09-09,601989,6.59158848,6.59158848,6.52230752,6.54210208,41862317.0,277358768.0
2016-09-12,601989,6.433232,6.46292384,6.32436192,6.35405376,80641682.0,520045872.0
2016-09-13,601989,6.3837456,6.40354016,6.30456736,6.32436192,39954691.0,255709415.0
2016-09-14,601989,6.2847728,6.30456736,6.22538912,6.24518368,49237859.0,311174352.0
2016-09-19,601989,6.24518368,6.3837456,6.24518368,6.2847728,45923436.0,293111520.0
2016-09-20,601989,6.2847728,6.29467008,6.20559456,6.21549184,44032412.0,277735936.0
2016-09-21,601989,6.2352864,6.26497824,6.21549184,6.24518368,30264090.0,191031192.0
2016-09-22,601989,6.2847728,6.30456736,6.24518368,6.26497824,36612478.0,231842536.0
2016-09-23,601989,6.27487552,6.2847728,6.21549184,6.2352864,32710853.0,206317233.0
2016-09-26,601989,6.22538912,6.22538912,6.05713536,6.07692992,59278090.0,367051968.0
2016-09-27,601989,6.0373408,6.12641632,6.0373408,6.12641632,41144279.0,252847015.0
2016-09-28,601989,6.12641632,6.14621088,6.09672448,6.11651904,30300228.0,187463857.0
2016-09-29,601989,6.1363136,6.15610816,6.11651904,6.12641632,32000465.0,198474702.0
2016-09-30,601989,6.12641632,6.16600544,6.12641632,6.1363136,23980430.0,148773933.0
2016-10-10,601989,6.16600544,6.2847728,6.16600544,6.27487552,49131708.0,309889376.0
2016-10-11,601989,6.34415648,6.66086944,6.3342592,6.59158848,163694073.0,1083836736.0
2016-10-12,601989,6.55199936,6.55199936,6.44312928,6.51241024,85112725.0,559006608.0
2016-10-13,601989,6.50251296,6.76973952,6.47282112,6.66086944,156384406.0,1054697072.0
2016-10-14,601989,6.62128032,6.66086944,6.52230752,6.64107488,85792887.0,570710032.0
2016-10-17,601989,6.65097216,6.76973952,6.50251296,6.5322048,94588842.0,633155408.0
2016-10-18,601989,6.51241024,6.72025312,6.47282112,6.66086944,109722765.0,734659056.0
2016-10-19,601989,6.67076672,6.74994496,6.60148576,6.64107488,102561268.0,691357280.0
2016-10-20,601989,6.66086944,6.7301504,6.60148576,6.61138304,80604190.0,542508688.0
2016-10-21,601989,6.59158848,6.78953408,6.56189664,6.7301504,183865525.0,1245606448.0
2016-10-24,601989,6.74004768,6.86871232,6.69056128,6.78953408,190581728.0,1308219232.0
2016-10-25,601989,6.76973952,6.7796368,6.65097216,6.680664,117682664.0,796401520.0
2016-10-26,601989,6.680664,6.69056128,6.60148576,6.62128032,80061092.0,537074528.0
2016-10-27,601989,6.62128032,6.65097216,6.56189664,6.62128032,52875140.0,352689920.0
2016-10-28,601989,6.67076672,6.72025312,6.55199936,6.57179392,102520472.0,687693584.0
2016-10-31,601989,6.5322048,6.56189664,6.40354016,6.45302656,73481832.0,480003968.0
2016-11-01,601989,6.47282112,6.51241024,6.45302656,6.50251296,45140950.0,295846832.0
2016-11-02,601989,6.49261568,6.50251296,6.3837456,6.39364288,62036154.0,403009536.0
2016-11-03,601989,6.3837456,6.5816912,6.35405376,6.4827184,97306195.0,637852256.0
2016-11-04,601989,6.433232,6.51241024,6.433232,6.433232,56681172.0,369903408.0
2016-11-07,601989,6.433232,6.4827184,6.39364288,6.433232,46947521.0,305409456.0
2016-11-08,601989,6.46292384,6.50251296,6.44312928,6.4827184,51015735.0,333635664.0
2016-11-09,601989,6.47282112,6.4827184,6.2847728,6.35405376,100434874.0,645850832.0
2016-11-10,601989,6.41343744,6.4827184,6.39364288,6.47282112,87167020.0,567363840.0
2016-11-11,601989,6.45302656,6.680664,6.40354016,6.60148576,187181808.0,1238603024.0
2016-11-14,601989,6.57179392,6.76973952,6.54210208,6.69056128,204683348.0,1381553024.0
2016-11-15,601989,6.680664,6.84891776,6.66086944,6.7301504,158737714.0,1081746512.0
2016-11-16,601989,6.74004768,6.7796368,6.6311776,6.66086944,103740858.0,700107632.0
2016-11-17,601989,6.67076672,6.90830144,6.65097216,6.88850688,248697446.0,1704739664.0
2016-11-18,601989,6.85881504,6.95778784,6.75984224,6.7796368,235579473.0,1632512128.0
2016-11-21,601989,6.75984224,7.11614432,6.74004768,6.928096,267643467.0,1884144464.0
2016-11-22,601989,6.90830144,7.10624704,6.86871232,6.94789056,222019991.0,1563681280.0
2016-11-23,601989,6.96768512,7.04686336,6.84891776,6.88850688,169178511.0,1186258496.0
2016-11-24,601989,6.85881504,6.90830144,6.75984224,6.79943136,145443868.0,1002751664.0
2016-11-25,601989,6.79943136,6.8786096,6.69056128,6.86871232,145388374.0,996481840.0
2016-11-28,601989,6.85881504,7.00727424,6.83902048,6.94789056,184338799.0,1292756384.0
2016-11-29,601989,6.928096,7.42296,6.88850688,7.23491168,555723472.0,4025388608.0
2016-11-30,601989,7.1260416,7.25470624,7.01717152,7.13593888,284753280.0,2048951392.0
2016-12-01,601989,7.09634976,7.79905664,7.08645248,7.53183008,579065712.0,4375929856.0
2016-12-02,601989,7.54172736,7.72977568,7.3239872,7.36357632,482137200.0,3658274272.0
2016-12-05,601989,7.0765552,7.7693648,7.0765552,7.29429536,530215616.0,3982084352.0
2016-12-06,601989,7.2250144,7.60111104,7.21511712,7.41306272,327491472.0,2454019248.0
2016-12-07,601989,7.36357632,7.58131648,7.34378176,7.5714192,330543968.0,2501240096.0
2016-12-08,601989,7.54172736,7.65059744,7.36357632,7.41306272,299667696.0,2271175200.0
2016-12-09,601989,7.3734736,7.40316544,7.175528,7.39326816,241846749.0,1779088944.0
2016-12-12,601989,7.33388448,7.45265184,6.93799328,7.01717152,305109440.0,2220428784.0
2016-12-13,601989,6.96768512,7.38337088,6.93799328,7.2745008,333222352.0,2420860384.0
2016-12-14,601989,7.25470624,7.38337088,7.16563072,7.18542528,295521040.0,2174836880.0
2016-12-15,601989,7.13593888,7.46254912,7.10624704,7.25470624,309641504.0,2273445664.0
2016-12-16,601989,7.15573344,7.25470624,7.03696608,7.0765552,210530838.0,1515074016.0
2016-12-19,601989,7.0765552,7.16563072,6.928096,6.99737696,179327105.0,1273354992.0
2016-12-20,601989,6.98747968,7.01717152,6.7796368,6.84891776,183929456.0,1273744608.0
2016-12-21,601989,6.8786096,7.21511712,6.85881504,7.1260416,317071920.0,2256874000.0
2016-12-22,601989,7.0765552,7.2745008,7.06665792,7.20521984,253259269.0,1832288640.0
2016-12-23,601989,7.175528,7.24480896,7.11614432,7.13593888,196847845.0,1429639616.0
2016-12-26,601989,7.08645248,7.36357632,7.04686336,7.33388448,220989582.0,1605376704.0
2016-12-27,601989,7.29429536,7.45265184,7.23491168,7.3239872,205901992.0,1525734576.0
2016-12-28,601989,7.30419264,7.39326816,7.20521984,7.21511712,156594316.0,1153322560.0
2016-12-29,601989,7.18542528,7.25470624,7.03696608,7.08645248,152625586.0,1098970672.0
2016-12-30,601989,7.0765552,7.18542528,6.9775824,7.01717152,133845511.0,957935856.0
2017-01-03,601989,7.04686336,7.28439808,7.03696608,7.26460352,189625155.0,1378289808.0
2017-01-04,601989,7.2250144,7.33388448,7.2250144,7.29429536,208751252.0,1537834176.0
2017-01-05,601989,7.26460352,7.44275456,7.26460352,7.40316544,226159990.0,1682556672.0
2017-01-06,601989,7.39326816,7.49224096,7.31408992,7.36357632,214848887.0,1607622496.0
2017-01-09,601989,7.35367904,7.7198784,7.3239872,7.68028928,422283056.0,3235708192.0
2017-01-10,601989,7.66049472,7.670392,7.49224096,7.50213824,246997275.0,1892406448.0
2017-01-11,601989,7.48234368,7.65059744,7.45265184,7.56152192,226417962.0,1727935056.0
2017-01-12,601989,7.5219328,7.8188512,7.41306272,7.5714192,286179264.0,2198455984.0
2017-01-13,601989,7.5219328,7.60111104,7.3734736,7.44275456,224569857.0,1694478800.0
2017-01-16,601989,7.36357632,7.38337088,7.0765552,7.30419264,306705152.0,2238035104.0
2017-01-17,601989,7.23491168,7.40316544,7.2250144,7.3239872,122831483.0,908167776.0
2017-01-18,601989,7.33388448,7.44275456,7.28439808,7.29429536,120855122.0,898327168.0
2017-01-19,601989,7.23491168,7.28439808,7.15573344,7.18542528,97426582.0,709756272.0
2017-01-20,601989,7.175528,7.33388448,7.15573344,7.31408992,109757343.0,805563952.0
2017-01-23,601989,7.36357632,7.5714192,7.35367904,7.5219328,203978860.0,1542530608.0
2017-01-24,601989,7.50213824,7.56152192,7.45265184,7.49224096,118312615.0,897155120.0
2017-01-25,601989,7.45265184,7.58131648,7.43285728,7.5714192,116246979.0,884403504.0
2017-01-26,601989,7.58131648,7.63080288,7.4724464,7.5714192,123392765.0,941058848.0
2017-02-03,601989,7.63080288,7.77926208,7.56152192,7.6209056,194886347.0,1512727296.0
2017-02-06,601989,7.58131648,7.66049472,7.48234368,7.56152192,166315332.0,1272994336.0
2017-02-07,601989,7.5219328,7.60111104,7.46254912,7.54172736,121694301.0,924879328.0
2017-02-08,601989,7.51203552,7.79905664,7.48234368,7.75946752,321572288.0,2497758944.0
2017-02-09,601989,7.83864576,7.87823488,7.69018656,7.8188512,272650576.0,2144323776.0
2017-02-10,601989,7.77926208,8.04648864,7.73967296,7.95741312,353668032.0,2823046944.0
2017-02-13,601989,7.917824,7.98710496,7.84854304,7.93761856,207566297.0,1658688656.0
2017-02-14,601989,7.92772128,7.98710496,7.79905664,7.82874848,198945443.0,1581274272.0
2017-02-15,601989,7.7198784,7.74957024,7.56152192,7.61100832,328219856.0,2535570064.0
2017-02-16,601989,7.5714192,7.66049472,7.54172736,7.65059744,131729262.0,1014044016.0
2017-02-17,601989,7.63080288,7.72977568,7.56152192,7.66049472,218078683.0,1686808976.0
2017-02-20,601989,7.68028928,7.7198784,7.63080288,7.70008384,161452025.0,1250980736.0
2017-02-21,601989,7.69018656,7.70008384,7.61100832,7.68028928,128853907.0,995855984.0
2017-02-22,601989,7.66049472,7.68028928,7.60111104,7.63080288,129372526.0,997266320.0
2017-02-23,601989,7.6209056,7.63080288,7.49224096,7.55162464,162505723.0,1239934464.0
2017-02-24,601989,7.53183008,7.670392,7.5219328,7.64070016,128740003.0,988931056.0
2017-02-27,601989,7.6209056,7.69018656,7.54172736,7.5714192,104835195.0,807266272.0
2017-02-28,601989,7.5714192,7.61100832,7.55162464,7.60111104,67180246.0,514041040.0
2017-03-01,601989,7.58131648,7.70998112,7.5714192,7.66049472,140124648.0,1085440384.0
2017-03-02,601989,7.66049472,7.68028928,7.50213824,7.5219328,130599309.0,1000182448.0
2017-03-03,601989,7.48234368,7.56152192,7.45265184,7.50213824,90168264.0,683241024.0
2017-03-06,601989,7.4724464,7.54172736,7.45265184,7.53183008,83004193.0,629171328.0
2017-03-07,601989,7.5219328,7.53183008,7.40316544,7.45265184,125252749.0,942562720.0
2017-03-08,601989,7.46254912,7.53183008,7.43285728,7.4724464,96537539.0,730558864.0
2017-03-09,601989,7.45265184,7.45265184,7.2745008,7.28439808,146217206.0,1080983488.0
2017-03-10,601989,7.28439808,7.3239872,7.2250144,7.23491168,75168937.0,551691488.0
2017-03-13,601989,7.24480896,7.29429536,7.175528,7.26460352,80352970.0,588544048.0
2017-03-14,601989,7.2745008,7.3734736,7.26460352,7.30419264,98652347.0,730476240.0
2017-03-15,601989,7.30419264,7.30419264,7.2250144,7.25470624,69216120.0,506829952.0
2017-03-16,601989,7.25470624,7.3239872,7.25470624,7.3239872,81480829.0,601239632.0
2017-03-17,601989,7.33388448,7.35367904,7.19532256,7.20521984,88256353.0,647681264.0
2017-03-20,601989,7.21511712,7.26460352,7.15573344,7.20521984,69838241.0,507607952.0
2017-03-21,601989,7.21511712,7.23491168,7.175528,7.21511712,65260015.0,474664112.0
2017-03-22,601989,7.18542528,7.21511712,7.10624704,7.14583616,103053655.0,744443824.0
2017-03-23,601989,7.14583616,7.175528,7.06665792,7.1260416,98562539.0,709634064.0
2017-03-24,601989,7.11614432,7.2745008,7.06665792,7.26460352,130364563.0,944591776.0
2017-03-27,601989,7.2250144,7.31408992,7.21511712,7.25470624,106716212.0,782469984.0
2017-03-28,601989,7.25470624,7.30419264,7.2250144,7.24480896,71308343.0,523335872.0
2017-03-29,601989,7.26460352,7.36357632,7.2250144,7.29429536,130507219.0,963519616.0
2017-03-30,601989,7.28439808,7.31408992,7.14583616,7.15573344,101549592.0,739107440.0
2017-03-31,601989,7.23491168,7.43285728,7.23491168,7.36357632,196138790.0,1458162288.0
2017-04-05,601989,7.3734736,7.54172736,7.30419264,7.5219328,208832097.0,1576319936.0
2017-04-06,601989,7.5219328,7.670392,7.4724464,7.56152192,216704226.0,1657638816.0
2017-04-07,601989,7.8188512,7.8188512,7.55162464,7.58131648,309773888.0,2403245280.0
2017-04-10,601989,7.61100832,7.79905664,7.53183008,7.69018656,266308342.0,2062990272.0
2017-04-11,601989,7.63080288,8.03659136,7.59121376,7.95741312,493145808.0,3911015040.0
2017-04-12,601989,7.97720768,8.05638592,7.80895392,7.85844032,310440496.0,2484969264.0
2017-04-13,601989,7.77926208,7.84854304,7.70008384,7.73967296,171346451.0,1343164400.0
2017-04-14,601989,7.73967296,7.88813216,7.70998112,7.75946752,155059993.0,1220496592.0
2017-04-17,601989,7.74957024,7.74957024,7.54172736,7.63080288,140409458.0,1078224208.0
2017-04-18,601989,7.61100832,7.66049472,7.5219328,7.53183008,111762225.0,856411568.0
2017-04-19,601989,7.53183008,7.59121376,7.3239872,7.40316544,151563077.0,1139615584.0
2017-04-20,601989,7.42296,7.50213824,7.3239872,7.50213824,106502193.0,797866592.0
2017-04-21,601989,7.46254912,7.5219328,7.38337088,7.43285728,100758746.0,759111072.0
2017-04-24,601989,7.45265184,7.50213824,7.15573344,7.16563072,135588843.0,999757600.0
2017-04-25,601989,7.18542528,7.5219328,7.11614432,7.50213824,172477438.0,1273087168.0
2017-04-26,601989,7.44275456,7.4724464,7.15573344,7.16563072,223076969.0,1636057712.0
2017-04-27,601989,7.10624704,7.10624704,6.75984224,6.95778784,200659790.0,1399232400.0
2017-04-28,601989,6.93799328,7.0270688,6.88850688,6.96768512,80248564.0,564618512.0
2017-05-02,601989,6.9775824,6.9775824,6.88850688,6.90830144,66530694.0,465230672.0
2017-05-03,601989,6.88850688,6.89840416,6.78953408,6.79943136,86231763.0,594810048.0
2017-05-04,601989,6.7796368,6.7796368,6.65097216,6.70045856,105007184.0,710510992.0
2017-05-05,601989,6.67076672,6.74004768,6.49261568,6.56189664,139296698.0,929190560.0
2017-05-08,601989,6.52230752,6.52230752,6.2847728,6.35405376,144402061.0,930867568.0
2017-05-09,601989,6.32436192,6.47282112,6.2847728,6.42333472,77395045.0,500612816.0
2017-05-10,601989,6.42333472,6.433232,6.22538912,6.2352864,74589606.0,478909792.0
2017-05-11,601989,6.1858,6.29467008,6.0373408,6.27487552,105348048.0,658589920.0
2017-05-12,601989,6.25508096,6.27487552,6.19569728,6.22538912,79567279.0,501002288.0
2017-05-15,601989,6.22538912,6.2847728,6.14621088,6.15610816,75657448.0,474649088.0
2017-05-16,601989,6.15610816,6.24518368,6.00764896,6.22538912,115522492.0,715075856.0
2017-05-17,601989,6.22538912,6.32436192,6.20559456,6.25508096,107866387.0,683782688.0
2017-05-18,601989,6.20559456,6.26497824,6.15610816,6.17590272,63199269.0,396183088.0
2017-05-19,601989,6.19569728,6.24518368,6.1858,6.22538912,51940554.0,326267584.0
2017-05-22,601989,6.21549184,6.29467008,6.14621088,6.16600544,72157606.0,453444112.0
2017-05-23,601989,6.1858,6.1858,5.938368,5.95816256,113775809.0,694129328.0
2017-05-24,601989,5.91857344,5.9878544,5.80970336,5.97795712,75474561.0,450686400.0
2017-05-25,601989,5.99775168,6.10662176,5.91857344,6.0868272,96442759.0,587311616.0
2017-05-26,601989,6.07692992,6.15610816,6.05713536,6.14621088,76606774.0,472760304.0
2017-05-31,601989,6.14621088,6.14621088,6.14621088,6.14621088,0.0,0.0
2017-06-01,601989,6.14621088,6.14621088,6.14621088,6.14621088,0.0,0.0
2017-06-02,601989,6.14621088,6.14621088,6.14621088,6.14621088,0.0,0.0
2017-06-05,601989,6.14621088,6.14621088,6.14621088,6.14621088,0.0,0.0
2017-06-06,601989,6.14621088,6.14621088,6.14621088,6.14621088,0.0,0.0
2017-06-07,601989,6.14621088,6.14621088,6.14621088,6.14621088,0.0,0.0
2017-06-08,601989,6.14621088,6.14621088,6.14621088,6.14621088,0.0,0.0
2017-06-09,601989,6.14621088,6.14621088,6.14621088,6.14621088,0.0,0.0
2017-06-12,601989,6.14621088,6.14621088,6.14621088,6.14621088,0.0,0.0
2017-06-13,601989,6.14621088,6.14621088,6.14621088,6.14621088,0.0,0.0
2017-06-14,601989,6.14621088,6.14621088,6.14621088,6.14621088,0.0,0.0
2017-06-15,601989,6.14621088,6.14621088,6.14621088,6.14621088,0.0,0.0
2017-06-16,601989,6.14621088,6.14621088,6.14621088,6.14621088,0.0,0.0
2017-06-19,601989,6.14621088,6.14621088,6.14621088,6.14621088,0.0,0.0
2017-06-20,601989,6.14621088,6.14621088,6.14621088,6.14621088,0.0,0.0
2017-06-21,601989,6.14621088,6.14621088,6.14621088,6.14621088,0.0,0.0
2017-06-22,601989,6.14621088,6.14621088,6.14621088,6.14621088,0.0,0.0
2017-06-23,601989,6.14621088,6.14621088,6.14621088,6.14621088,0.0,0.0
2017-06-26,601989,6.14621088,6.14621088,6.14621088,6.14621088,0.0,0.0
2017-06-27,601989,6.14621088,6.14621088,6.14621088,6.14621088,0.0,0.0
2017-06-28,601989,6.14621088,6.14621088,6.14621088,6.14621088,0.0,0.0
2017-06-29,601989,6.14621088,6.14621088,6.14621088,6.14621088,0.0,0.0
2017-06-30,601989,6.14621088,6.14621088,6.14621088,6.14621088,0.0,0.0
2017-07-03,601989,6.14621088,6.14621088,6.14621088,6.14621088,0.0,0.0
2017-07-04,601989,6.14621088,6.14621088,6.14621088,6.14621088,0.0,0.0
2017-07-05,601989,6.14621088,6.14621088,6.14621088,6.14621088,0.0,0.0
2017-07-06,601989,6.14621088,6.14621088,6.14621088,6.14621088,0.0,0.0
2017-07-07,601989,6.14621088,6.14621088,6.14621088,6.14621088,0.0,0.0
2017-07-10,601989,6.14621088,6.14621088,6.14621088,6.14621088,0.0,0.0
2017-07-11,601989,6.14621088,6.14621088,6.14621088,6.14621088,0.0,0.0
2017-07-12,601989,6.14621088,6.14621088,6.14621088,6.14621088,0.0,0.0
2017-07-13,601989,6.14621088,6.14621088,6.14621088,6.14621088,0.0,0.0
2017-07-14,601989,6.14621088,6.14621088,6.14621088,6.14621088,0.0,0.0
2017-07-17,601989,6.14621088,6.14621088,6.14621088,6.14621088,0.0,0.0
2017-07-18,601989,6.14621088,6.14621088,6.14621088,6.14621088,0.0,0.0
2017-07-19,601989,6.14621088,6.14621088,6.14621088,6.14621088,0.0,0.0
2017-07-20,601989,6.14621088,6.14621088,6.14621088,6.14621088,0.0,0.0
2017-07-21,601989,6.14621088,6.14621088,6.14621088,6.14621088,0.0,0.0
2017-07-24,601989,6.14621088,6.14621088,6.14621088,6.14621088,0.0,0.0
2017-07-25,601989,6.14621088,6.14621088,6.14621088,6.14621088,0.0,0.0
2017-07-26,601989,6.14621088,6.14621088,6.14621088,6.14621088,0.0,0.0
2017-07-27,601989,6.14621088,6.14621088,6.14621088,6.14621088,0.0,0.0
2017-07-28,601989,6.14621088,6.14621088,6.14621088,6.14621088,0.0,0.0
2017-07-31,601989,6.14621088,6.14621088,6.14621088,6.14621088,0.0,0.0
2017-08-01,601989,6.14621088,6.14621088,6.14621088,6.14621088,0.0,0.0
2017-08-02,601989,6.14621088,6.14621088,6.14621088,6.14621088,0.0,0.0
2017-08-03,601989,6.14621088,6.14621088,6.14621088,6.14621088,0.0,0.0
2017-08-04,601989,6.14621088,6.14621088,6.14621088,6.14621088,0.0,0.0
2017-08-07,601989,6.14621088,6.14621088,6.14621088,6.14621088,0.0,0.0
2017-08-08,601989,6.14621088,6.14621088,6.14621088,6.14621088,0.0,0.0
2017-08-09,601989,6.14621088,6.14621088,6.14621088,6.14621088,0.0,0.0
2017-08-10,601989,6.14621088,6.14621088,6.14621088,6.14621088,0.0,0.0
2017-08-11,601989,6.14621088,6.14621088,6.14621088,6.14621088,0.0,0.0
2017-08-14,601989,6.14621088,6.14621088,6.14621088,6.14621088,0.0,0.0
2017-08-15,601989,6.14621088,6.14621088,6.14621088,6.14621088,0.0,0.0
2017-08-16,601989,6.14621088,6.14621088,6.14621088,6.14621088,0.0,0.0
2017-08-17,601989,6.14621088,6.14621088,6.14621088,6.14621088,0.0,0.0
2017-08-18,601989,6.14621088,6.14621088,6.14621088,6.14621088,0.0,0.0
2017-08-21,601989,6.14621088,6.14621088,6.14621088,6.14621088,0.0,0.0
2017-08-22,601989,6.14621088,6.14621088,6.14621088,6.14621088,0.0,0.0
2017-08-23,601989,6.14621088,6.14621088,6.14621088,6.14621088,0.0,0.0
2017-08-24,601989,6.14621088,6.14621088,6.14621088,6.14621088,0.0,0.0
2017-08-25,601989,6.14621088,6.14621088,6.14621088,6.14621088,0.0,0.0
2017-08-28,601989,6.14621088,6.14621088,6.14621088,6.14621088,0.0,0.0
2017-08-29,601989,6.14621088,6.14621088,6.14621088,6.14621088,0.0,0.0
2017-08-30,601989,6.14621088,6.14621088,6.14621088,6.14621088,0.0,0.0
2017-08-31,601989,6.14621088,6.14621088,6.14621088,6.14621088,0.0,0.0
2017-09-01,601989,6.14621088,6.14621088,6.14621088,6.14621088,0.0,0.0
2017-09-04,601989,6.14621088,6.14621088,6.14621088,6.14621088,0.0,0.0
2017-09-05,601989,6.14621088,6.14621088,6.14621088,6.14621088,0.0,0.0
2017-09-06,601989,6.14621088,6.14621088,6.14621088,6.14621088,0.0,0.0
2017-09-07,601989,6.14621088,6.14621088,6.14621088,6.14621088,0.0,0.0
2017-09-08,601989,6.14621088,6.14621088,6.14621088,6.14621088,0.0,0.0
2017-09-11,601989,6.14621088,6.14621088,6.14621088,6.14621088,0.0,0.0
2017-09-12,601989,6.14621088,6.14621088,6.14621088,6.14621088,0.0,0.0
2017-09-13,601989,6.14621088,6.14621088,6.14621088,6.14621088,0.0,0.0
2017-09-14,601989,6.14621088,6.14621088,6.14621088,6.14621088,0.0,0.0
2017-09-15,601989,6.14621088,6.14621088,6.14621088,6.14621088,0.0,0.0
2017-09-18,601989,6.14621088,6.14621088,6.14621088,6.14621088,0.0,0.0
2017-09-19,601989,6.14621088,6.14621088,6.14621088,6.14621088,0.0,0.0
2017-09-20,601989,6.14621088,6.14621088,6.14621088,6.14621088,0.0,0.0
2017-09-21,601989,6.14621088,6.14621088,6.14621088,6.14621088,0.0,0.0
2017-09-22,601989,6.14621088,6.14621088,6.14621088,6.14621088,0.0,0.0
2017-09-25,601989,6.14621088,6.14621088,6.14621088,6.14621088,0.0,0.0
2017-09-26,601989,6.14621088,6.14621088,6.14621088,6.14621088,0.0,0.0
2017-09-27,601989,6.14621088,6.14621088,6.14621088,6.14621088,0.0,0.0
2017-09-28,601989,6.14621088,6.14621088,6.14621088,6.14621088,0.0,0.0
2017-09-29,601989,6.14621088,6.14621088,6.14621088,6.14621088,0.0,0.0
2017-10-09,601989,6.14621088,6.14621088,6.14621088,6.14621088,0.0,0.0
2017-10-10,601989,6.14621088,6.14621088,6.14621088,6.14621088,0.0,0.0
2017-10-11,601989,6.14621088,6.14621088,6.14621088,6.14621088,0.0,0.0
2017-10-12,601989,6.14621088,6.14621088,6.14621088,6.14621088,0.0,0.0
2017-10-13,601989,6.14621088,6.14621088,6.14621088,6.14621088,0.0,0.0
2017-10-16,601989,6.14621088,6.14621088,6.14621088,6.14621088,0.0,0.0
2017-10-17,601989,6.14621088,6.14621088,6.14621088,6.14621088,0.0,0.0
2017-10-18,601989,6.14621088,6.14621088,6.14621088,6.14621088,0.0,0.0
2017-10-19,601989,6.14621088,6.14621088,6.14621088,6.14621088,0.0,0.0
2017-10-20,601989,6.14621088,6.14621088,6.14621088,6.14621088,0.0,0.0
2017-10-23,601989,6.14621088,6.14621088,6.14621088,6.14621088,0.0,0.0
2017-10-24,601989,6.14621088,6.14621088,6.14621088,6.14621088,0.0,0.0
2017-10-25,601989,6.14621088,6.14621088,6.14621088,6.14621088,0.0,0.0
2017-10-26,601989,6.14621088,6.14621088,6.14621088,6.14621088,0.0,0.0
2017-10-27,601989,6.14621088,6.14621088,6.14621088,6.14621088,0.0,0.0
2017-10-30,601989,6.14621088,6.14621088,6.14621088,6.14621088,0.0,0.0
2017-10-31,601989,6.14621088,6.14621088,6.14621088,6.14621088,0.0,0.0
2017-11-01,601989,6.14621088,6.14621088,6.14621088,6.14621088,0.0,0.0
2017-11-02,601989,6.14621088,6.14621088,6.14621088,6.14621088,0.0,0.0
2017-11-03,601989,6.14621088,6.14621088,6.14621088,6.14621088,0.0,0.0
2017-11-06,601989,6.62128032,6.75984224,6.35405376,6.433232,352385952.0,2330282911.0
2017-11-07,601989,6.40354016,6.75984224,6.35405376,6.71035584,233205590.0,1561251319.0
2017-11-08,601989,6.69056128,6.69056128,6.54210208,6.5816912,161475287.0,1075948390.0
2017-11-09,601989,6.5816912,6.6311776,6.5322048,6.57179392,112758757.0,748938731.0
2017-11-10,601989,6.55199936,6.61138304,6.40354016,6.44312928,130098295.0,849483236.0
2017-11-13,601989,6.433232,6.44312928,6.2847728,6.30456736,135728192.0,870502069.0
2017-11-14,601989,6.30456736,6.37384832,6.1858,6.27487552,112089160.0,708454164.0
2017-11-15,601989,6.21549184,6.27487552,6.1858,6.19569728,65615977.0,411851054.0
2017-11-16,601989,6.1858,6.24518368,6.1363136,6.1858,79814942.0,498546739.0
2017-11-17,601989,6.1858,6.20559456,5.95816256,5.97795712,109413568.0,669143587.0
2017-11-20,601989,5.95816256,6.07692992,5.85918976,6.04723808,85113635.0,513183351.0
2017-11-21,601989,6.01754624,6.10662176,5.99775168,6.0373408,82565401.0,505274751.0
2017-11-22,601989,6.07692992,6.45302656,6.0373408,6.3837456,219669457.0,1398435977.0
2017-11-23,601989,6.36395104,6.50251296,6.2352864,6.25508096,157467712.0,1015162862.0
2017-11-24,601989,6.26497824,6.3837456,6.25508096,6.30456736,104855323.0,668569007.0
2017-11-27,601989,6.29467008,6.39364288,6.1363136,6.15610816,95361401.0,604601490.0
2017-11-28,601989,6.15610816,6.27487552,6.12641632,6.2352864,64786688.0,407302127.0
2017-11-29,601989,6.2352864,6.27487552,6.05713536,6.12641632,96435069.0,597195770.0
2017-11-30,601989,6.10662176,6.22538912,6.06703264,6.09672448,72788697.0,451782072.0
2017-12-01,601989,6.0868272,6.11651904,6.0373408,6.05713536,67169304.0,411748021.0
2017-12-04,601989,6.05713536,6.06703264,6.00764896,6.01754624,57334600.0,349500620.0
2017-12-05,601989,6.04723808,6.12641632,5.92847072,5.97795712,98663812.0,599682362.0
2017-12-06,601989,5.96805984,6.04723808,5.8888816,6.0373408,75118021.0,454624661.0
2017-12-07,601989,6.02744352,6.19569728,6.00764896,6.11651904,140027401.0,868120117.0
2017-12-08,601989,6.09672448,6.14621088,6.05713536,6.11651904,70932494.0,437452078.0
2017-12-11,601989,6.10662176,6.14621088,6.07692992,6.1363136,78610272.0,484953307.0
2017-12-12,601989,6.11651904,6.1363136,5.9878544,5.99775168,97919116.0,598139557.0
2017-12-13,601989,5.99775168,6.06703264,5.96805984,6.01754624,59476187.0,361327896.0
2017-12-14,601989,6.01754624,6.01754624,5.94826528,5.97795712,66271631.0,399980696.0
2017-12-15,601989,5.95816256,5.97795712,5.86908704,5.91857344,162725650.0,974324318.0
2017-12-18,601989,5.94826528,5.96805984,5.89877888,5.90867616,65354462.0,391726701.0
2017-12-19,601989,5.91857344,5.94826528,5.89877888,5.91857344,57531465.0,343974314.0
2017-12-20,601989,5.91857344,5.92847072,5.80970336,5.81960064,86104986.0,508879111.0
2017-12-21,601989,5.81960064,5.81960064,5.81960064,5.81960064,0.0,0.0
2017-12-22,601989,5.81960064,5.81960064,5.81960064,5.81960064,0.0,0.0
2017-12-25,601989,5.81960064,5.81960064,5.81960064,5.81960064,0.0,0.0
2017-12-26,601989,5.81960064,5.81960064,5.81960064,5.81960064,0.0,0.0
2017-12-27,601989,5.81960064,5.81960064,5.81960064,5.81960064,0.0,0.0
2017-12-28,601989,5.81960064,5.81960064,5.81960064,5.81960064,0.0,0.0
2017-12-29,601989,5.92847072,6.1363136,5.8888816,5.96805984,168544275.0,1020773029.0
2018-01-02,601989,5.938368,6.04723808,5.938368,5.97795712,92242963.0,557680355.0
2018-01-03,601989,5.97795712,6.06703264,5.96805984,6.06703264,117469236.0,714623834.0
2018-01-04,601989,6.05713536,6.06703264,6.00764896,6.02744352,82967798.0,505344290.0
2018-01-05,601989,6.02744352,6.05713536,5.97795712,6.0373408,97788597.0,594066555.0
2018-01-08,601989,6.02744352,6.0373408,5.97795712,6.01754624,88817718.0,538462541.0
2018-01-09,601989,6.01754624,6.16600544,6.00764896,6.09672448,151598709.0,933237898.0
2018-01-10,601989,6.07692992,6.07692992,5.9878544,6.01754624,99773823.0,607108974.0
2018-01-11,601989,5.99775168,6.06703264,5.9878544,6.0373408,74871701.0,455650673.0
2018-01-12,601989,6.02744352,6.12641632,5.99775168,6.05713536,98228285.0,600835720.0
2018-01-15,601989,6.02744352,6.0373408,5.85918976,5.8888816,127523786.0,765787902.0
2018-01-16,601989,5.86908704,5.94826528,5.85918976,5.92847072,85705213.0,510476261.0
2018-01-17,601989,5.90867616,5.99775168,5.84929248,5.95816256,89360922.0,535223731.0
2018-01-18,601989,5.938368,6.04723808,5.92847072,6.00764896,100299997.0,607021552.0
2018-01-19,601989,6.0373408,6.1858,6.02744352,6.1363136,225628444.0,1395575501.0
2018-01-22,601989,6.1363136,6.1858,6.0868272,6.14621088,120912314.0,748882575.0
2018-01-23,601989,6.14621088,6.1858,6.09672448,6.17590272,123002783.0,763312272.0
2018-01-24,601989,6.17590272,6.3837456,6.14621088,6.30456736,231534412.0,1462367148.0
2018-01-25,601989,6.2847728,6.47282112,6.25508096,6.32436192,260868209.0,1680345267.0
2018-01-26,601989,6.27487552,6.32436192,6.24518368,6.2847728,115952757.0,736494916.0
2018-01-29,601989,6.29467008,6.36395104,6.1363136,6.15610816,163578633.0,1030469030.0
2018-01-30,601989,6.16600544,6.2352864,6.11651904,6.17590272,101942994.0,635897460.0
2018-01-31,601989,6.14621088,6.27487552,6.12641632,6.15610816,148895676.0,931587629.0
2018-02-01,601989,6.14621088,6.17590272,5.89877888,5.92847072,181604734.0,1103562264.0
2018-02-02,601989,5.87898432,6.06703264,5.8393952,6.05713536,116500812.0,702234633.0
2018-02-05,601989,5.97795712,6.0373408,5.94826528,6.00764896,82195339.0,497489303.0
2018-02-06,601989,5.92847072,6.07692992,5.7899088,5.80970336,141667389.0,850190883.0
2018-02-07,601989,5.89877888,5.96805984,5.71073056,5.84929248,114873751.0,680010766.0
2018-02-08,601989,5.8393952,5.94826528,5.7899088,5.8888816,81767963.0,485982661.0
2018-02-09,601989,5.78001152,5.7899088,5.30494208,5.3445312,193192587.0,1076095278.0
2018-02-12,601989,5.37422304,5.42370944,5.3445312,5.38412032,76284696.0,415257368.0
2018-02-13,601989,5.42370944,5.46329856,5.37422304,5.3940176,79507599.0,435028335.0
2018-02-14,601989,5.40391488,5.41381216,5.35442848,5.37422304,47980625.0,260758239.0
2018-02-22,601989,5.41381216,5.47319584,5.40391488,5.46329856,52152228.0,286718146.0
2018-02-23,601989,5.46329856,5.53257952,5.43360672,5.47319584,67256361.0,371622488.0
2018-02-26,601989,5.48309312,5.56227136,5.45340128,5.5424768,109142969.0,607887275.0
2018-02-27,601989,5.52268224,5.67114144,5.50288768,5.57216864,132677277.0,748171047.0
2018-02-28,601989,5.52268224,5.73052512,5.46329856,5.67114144,164092359.0,930831964.0
2018-03-01,601989,5.60186048,5.67114144,5.58206592,5.62165504,131852119.0,747586197.0
2018-03-02,601989,5.58206592,5.6414496,5.5424768,5.56227136,83652831.0,471617075.0
2018-03-05,601989,5.61175776,5.62165504,5.53257952,5.55237408,62262658.0,350067762.0
2018-03-06,601989,5.56227136,5.62165504,5.50288768,5.61175776,102075277.0,574076945.0
2018-03-07,601989,5.5919632,5.61175776,5.50288768,5.52268224,81683897.0,458913848.0
2018-03-08,601989,5.51278496,5.5424768,5.4929904,5.52268224,58846599.0,327833368.0
2018-03-09,601989,5.50288768,5.58206592,5.4929904,5.5424768,90705893.0,507160305.0
2018-03-12,601989,5.56227136,5.61175776,5.5424768,5.60186048,110643573.0,623142849.0
2018-03-13,601989,5.60186048,5.61175776,5.52268224,5.53257952,91201514.0,512995682.0
2018-03-14,601989,5.50288768,5.52268224,5.45340128,5.46329856,86503796.0,479320853.0
2018-03-15,601989,5.43360672,5.50288768,5.42370944,5.47319584,74166034.0,409288200.0
2018-03-16,601989,5.47319584,5.48309312,5.41381216,5.42370944,62189235.0,342326201.0
2018-03-19,601989,5.42370944,5.45340128,5.41381216,5.42370944,55342097.0,303741379.0
2018-03-20,601989,5.40391488,5.42370944,5.35442848,5.40391488,66131233.0,360285999.0
2018-03-21,601989,5.41381216,5.50288768,5.38412032,5.41381216,119205890.0,655215695.0
2018-03-22,601989,5.3940176,5.43360672,5.35442848,5.37422304,82863903.0,450526586.0
2018-03-23,601989,5.12679104,5.23566112,4.92884544,5.00802368,176500571.0,908628632.0
2018-03-26,601989,4.95853728,5.07730464,4.93874272,5.06740736,100023235.0,507276011.0
2018-03-27,601989,5.12679104,5.27525024,5.0970992,5.23566112,147253574.0,775777439.0
2018-03-28,601989,5.16638016,5.20596928,5.10699648,5.12679104,79458292.0,414349278.0
2018-03-29,601989,5.1465856,5.20596928,5.12679104,5.16638016,61460691.0,320507943.0
2018-03-30,601989,5.18617472,5.443504,5.1465856,5.37422304,228191218.0,1233301347.0
2018-04-02,601989,5.25545568,5.4929904,5.25545568,5.37422304,155933685.0,848575280.0
2018-04-03,601989,5.31483936,5.443504,5.27525024,5.3445312,101497048.0,549449793.0
2018-04-04,601989,5.3445312,5.52268224,5.3445312,5.443504,169815534.0,935709899.0
2018-04-09,601989,5.443504,5.57216864,5.3940176,5.56227136,184163914.0,1026045436.0
2018-04-10,601989,5.58206592,5.58206592,5.443504,5.51278496,134137634.0,744228609.0
2018-04-11,601989,5.51278496,5.57216864,5.45340128,5.53257952,106890464.0,596102302.0
2018-04-12,601989,5.53257952,5.56227136,5.45340128,5.45340128,82493299.0,458160323.0
2018-04-13,601989,5.4929904,5.66124416,5.47319584,5.4929904,166845913.0,936898680.0
2018-04-16,601989,5.443504,5.48309312,5.33463392,5.37422304,122227395.0,665620598.0
2018-04-17,601989,5.36432576,5.443504,5.32473664,5.33463392,102066502.0,556247273.0
2018-04-18,601989,5.3940176,5.40391488,5.22576384,5.33463392,87021942.0,465972839.0
2018-04-19,601989,5.31483936,5.41381216,5.2950448,5.3445312,86759698.0,469883106.0
2018-04-20,601989,5.33463392,5.47319584,5.2950448,5.30494208,118176365.0,641584671.0
2018-04-23,601989,5.33463392,5.35442848,5.11689376,5.17627744,107085990.0,562645678.0
2018-04-24,601989,5.13668832,5.23566112,5.07730464,5.21586656,87153033.0,456895093.0
2018-04-25,601989,5.17627744,5.21586656,5.1465856,5.196072,51050261.0,267493088.0
2018-04-26,601989,5.18617472,5.196072,5.07730464,5.0970992,65732906.0,340937630.0
2018-04-27,601989,5.0970992,5.12679104,4.9981264,5.0476128,74806233.0,381517522.0
2018-05-02,601989,5.06740736,5.08720192,5.00802368,5.0476128,52335491.0,266564957.0
2018-05-03,601989,5.03771552,5.08720192,4.97833184,5.07730464,63260793.0,321205564.0
2018-05-04,601989,5.0476128,5.11689376,5.03771552,5.10699648,67886589.0,348247517.0
2018-05-07,601989,5.10699648,5.16638016,5.08720192,5.1465856,71708844.0,371115177.0
2018-05-08,601989,5.13668832,5.18617472,5.12679104,5.17627744,67318003.0,351086324.0
2018-05-09,601989,5.16638016,5.16638016,5.10699648,5.12679104,46610828.0,241555193.0
2018-05-10,601989,5.11689376,5.1465856,5.06740736,5.10699648,47229025.0,243434800.0
2018-05-11,601989,5.10699648,5.11689376,5.0476128,5.10699648,61369633.0,314510211.0
2018-05-14,601989,5.1465856,5.15648288,5.01792096,5.03771552,97967940.0,502061490.0
2018-05-15,601989,5.01792096,5.0476128,4.97833184,5.02781824,71183253.0,360288180.0
2018-05-16,601989,5.01792096,5.03771552,4.98822912,4.9981264,53911953.0,272793671.0
2018-05-17,601989,5.00802368,5.01792096,4.95853728,4.96843456,44164605.0,222220717.0
2018-05-18,601989,4.96843456,5.00802368,4.95853728,5.00802368,51586330.0,259804693.0
2018-05-21,601989,5.00802368,5.0476128,5.00802368,5.02781824,65724657.0,333982636.0
2018-05-22,601989,5.02781824,5.02781824,4.96843456,4.98822912,64474060.0,325043467.0
2018-05-23,601989,4.98822912,5.03771552,4.96843456,4.96843456,73428433.0,370990763.0
2018-05-24,601989,4.96843456,4.97833184,4.93874272,4.94864,56239495.0,281738423.0
2018-05-25,601989,4.94864,4.95853728,4.8991536,4.8991536,61843850.0,307716016.0
2018-05-28,601989,4.8991536,4.8991536,4.77048896,4.78038624,82549107.0,402261002.0
2018-05-29,601989,4.78038624,4.81007808,4.66161888,4.67151616,77594289.0,370942171.0
2018-05-30,601989,4.62202976,4.62202976,4.44387872,4.47357056,101402419.0,464616286.0
2018-05-31,601989,4.5032624,4.53295424,4.48346784,4.5032624,52097980.0,237178198.0
2018-06-01,601989,4.5032624,4.54285152,4.47357056,4.5032624,48503978.0,220497938.0
2018-06-04,601989,4.52305696,4.53295424,4.49336512,4.51315968,37385098.0,170357753.0
2018-06-05,601989,4.51315968,4.56264608,4.5032624,4.5527488,44700182.0,204584853.0
2018-06-06,601989,4.54285152,4.61213248,4.52305696,4.57254336,51561387.0,238010618.0
2018-06-07,601989,4.57254336,4.58244064,4.5032624,4.5032624,40374160.0,185596073.0
2018-06-08,601989,4.5032624,4.5032624,4.32511136,4.38449504,90442305.0,401826193.0
2018-06-11,601989,4.37459776,4.38449504,4.31521408,4.36470048,43369033.0,190698382.0
2018-06-12,601989,4.36470048,4.38449504,4.32511136,4.37459776,46029510.0,202796214.0
2018-06-13,601989,4.36470048,4.37459776,4.24593312,4.24593312,60896141.0,264576117.0
2018-06-14,601989,4.24593312,4.29541952,4.23603584,4.2558304,44475075.0,191375402.0
2018-06-15,601989,4.2558304,4.27562496,4.1073712,4.14696032,65129103.0,275085576.0
2018-06-19,601989,4.06778208,4.07767936,3.80055552,3.87973376,151719955.0,604908585.0
2018-06-20,601989,3.8599392,3.92922016,3.84014464,3.88963104,84368806.0,331619901.0
2018-06-21,601989,3.88963104,3.93911744,3.8104528,3.82035008,74298280.0,291891398.0
2018-06-22,601989,3.80055552,3.91932288,3.77086368,3.89952832,61386145.0,239987195.0
2018-06-25,601989,3.91932288,3.94901472,3.87973376,3.87973376,49443195.0,195777355.0
2018-06-26,601989,3.86983648,3.98860384,3.85004192,3.97870656,73879863.0,292289177.0
2018-06-27,601989,3.96880928,3.99850112,3.92922016,3.94901472,60410351.0,241502898.0
2018-06-28,601989,3.958912,3.97870656,3.9094256,3.92922016,45483201.0,181451624.0
2018-06-29,601989,3.92922016,3.99850112,3.91932288,3.99850112,58491017.0,234447956.0
2018-07-02,601989,3.97870656,3.98860384,3.87973376,3.89952832,51967664.0,206908160.0
2018-07-03,601989,3.89952832,4.02819296,3.89952832,4.01829568,87834578.0,353591240.0
2018-07-04,601989,4.01829568,4.02819296,3.97870656,3.97870656,46807470.0,188911334.0
2018-07-05,601989,3.97870656,3.98860384,3.86983648,3.87973376,50324555.0,199292404.0
2018-07-06,601989,3.88963104,3.96880928,3.8599392,3.93911744,56011388.0,221792113.0
2018-07-09,601989,3.94901472,3.99850112,3.94901472,3.97870656,43096423.0,172989490.0
2018-07-10,601989,3.99850112,4.0083984,3.93911744,3.97870656,38768445.0,155457513.0
2018-07-11,601989,3.92922016,3.92922016,3.84014464,3.86983648,57220918.0,224100242.0
2018-07-12,601989,3.86983648,3.958912,3.8599392,3.94901472,56732939.0,224977242.0
2018-07-13,601989,3.93911744,3.94901472,3.91932288,3.93911744,37532209.0,149280610.0
2018-07-16,601989,3.93911744,4.03809024,3.91932288,3.97870656,61249907.0,246053929.0
2018-07-17,601989,3.96880928,3.98860384,3.93911744,3.97870656,43588370.0,174539452.0
2018-07-18,601989,3.97870656,4.01829568,3.958912,3.96880928,47742559.0,192370566.0
2018-07-19,601989,3.96880928,3.99850112,3.9094256,3.92922016,40743300.0,162321133.0
2018-07-20,601989,3.92922016,3.97870656,3.89952832,3.96880928,48742331.0,194577681.0
2018-07-23,601989,3.958912,4.08757664,3.94901472,4.06778208,100971949.0,411915784.0
2018-07-24,601989,4.06778208,4.22613856,4.06778208,4.19644672,119146845.0,501699484.0
2018-07-25,601989,4.21624128,4.21624128,4.14696032,4.1568576,66413524.0,279662970.0
2018-07-26,601989,4.16675488,4.23603584,4.13706304,4.206344,70271814.0,296276819.0
2018-07-27,601989,4.18654944,4.27562496,4.14696032,4.17665216,75631389.0,320825126.0
2018-07-30,601989,4.1568576,4.23603584,4.1568576,4.18654944,72360723.0,306759986.0
2018-07-31,601989,4.16675488,4.206344,4.13706304,4.16675488,42306446.0,178159828.0
2018-08-01,601989,4.17665216,4.19644672,4.04798752,4.0578848,59797786.0,249424776.0
2018-08-02,601989,4.03809024,4.03809024,3.8599392,3.96880928,85437591.0,341473025.0
2018-08-03,601989,3.94901472,3.96880928,3.89952832,3.9094256,39983487.0,158746281.0
2018-08-06,601989,3.9094256,3.92922016,3.85004192,3.86983648,52283708.0,204945924.0
2018-08-07,601989,3.87973376,3.96880928,3.8599392,3.958912,50238488.0,198809313.0
2018-08-08,601989,3.958912,4.08757664,3.92922016,4.06778208,112314554.0,456754851.0
2018-08-09,601989,4.03809024,4.11726848,4.02819296,4.09747392,77498356.0,319632118.0
2018-08-10,601989,4.07767936,4.09747392,4.04798752,4.08757664,47299365.0,194454531.0
2018-08-13,601989,4.03809024,4.14696032,4.0083984,4.13706304,70383869.0,290263545.0
2018-08-14,601989,4.11726848,4.13706304,4.09747392,4.11726848,34488826.0,143375546.0
2018-08-15,601989,4.11726848,4.13706304,4.02819296,4.03809024,46118710.0,190155493.0
2018-08-16,601989,4.018248,4.0777776,3.9984048,4.0281696,45519721.0,185364140.0
2018-08-17,601989,4.0579344,4.067856,3.9785616,4.0083264,37714476.0,152599397.0
2018-08-20,601989,3.9884832,4.0480128,3.9785616,4.0480128,36630701.0,147994858.0
2018-08-21,601989,4.0380912,4.1075424,4.0281696,4.0777776,39262053.0,161430266.0
2018-08-22,601989,4.067856,4.1373072,4.0380912,4.0876992,47170866.0,194088704.0
2018-08-23,601989,4.0777776,4.117464,4.0480128,4.0876992,38366700.0,158192987.0
2018-08-24,601989,4.0876992,4.0876992,3.9984048,4.0380912,39464985.0,160725468.0
2018-08-27,601989,4.0480128,4.1075424,4.0281696,4.1075424,44212253.0,181968641.0
2018-08-28,601989,4.1075424,4.1472288,4.0976208,4.1273856,44707097.0,185915645.0
2018-08-29,601989,4.1571504,4.1968368,4.1273856,4.1472288,59250706.0,248582875.0
2018-08-30,601989,4.1373072,4.167072,4.0876992,4.117464,42242261.0,175330020.0
2018-08-31,601989,4.0976208,4.117464,4.0480128,4.0976208,45472236.0,187407884.0
2018-09-03,601989,4.0976208,4.1273856,4.0579344,4.1273856,43447625.0,178838379.0
2018-09-04,601989,4.1273856,4.2563664,4.1075424,4.2365232,94268483.0,399770810.0
2018-09-05,601989,4.2266016,4.2960528,4.1472288,4.167072,76400862.0,325476129.0
2018-09-06,601989,4.1472288,4.21668,4.1373072,4.1571504,50244658.0,211524350.0
2018-09-07,601989,4.1472288,4.2067584,4.1075424,4.1273856,44304780.0,185193734.0
2018-09-10,601989,4.1273856,4.1571504,4.0976208,4.117464,44395658.0,184821098.0
2018-09-11,601989,4.1075424,4.167072,4.0976208,4.1373072,33841366.0,140749329.0
2018-09-12,601989,4.1273856,4.1968368,4.1273856,4.1472288,39019948.0,163752892.0
2018-09-13,601989,4.1869152,4.2365232,4.1571504,4.2266016,60255285.0,254576277.0
2018-09-14,601989,4.2365232,4.3059744,4.1769936,4.1968368,76302309.0,327062075.0
2018-09-17,601989,4.1769936,4.21668,4.1472288,4.1571504,41299807.0,173421435.0
2018-09-18,601989,4.1571504,4.2464448,4.1472288,4.2365232,52051016.0,220259445.0
2018-09-19,601989,4.2266016,4.2861312,4.1968368,4.2563664,62134239.0,266442328.0
2018-09-20,601989,4.2365232,4.2563664,4.1968368,4.21668,37615401.0,160044382.0
2018-09-21,601989,4.21668,4.266288,4.1869152,4.266288,64440052.0,275263616.0
2018-09-25,601989,4.2464448,4.2960528,4.2266016,4.266288,62100566.0,267220025.0
2018-09-26,601989,4.266288,4.2960528,4.2365232,4.266288,69181056.0,297693899.0
2018-09-27,601989,4.2563664,4.266288,4.1968368,4.1968368,59548572.0,253348953.0
2018-09-28,601989,4.2067584,4.2266016,4.1968368,4.21668,52046685.0,220994139.0
2018-10-08,601989,4.1769936,4.1769936,4.018248,4.0876992,69287003.0,287679217.0
2018-10-09,601989,4.0876992,4.117464,4.0380912,4.0579344,58819015.0,241172239.0
2018-10-10,601989,4.067856,4.117464,4.0380912,4.1075424,53461523.0,219793503.0
2018-10-11,601989,4.018248,4.0480128,3.8495808,3.9091104,114632976.0,455282156.0
2018-10-12,601989,3.9091104,3.9785616,3.8297376,3.9487968,68626800.0,270029458.0
2018-10-15,601989,3.9587184,3.96864,3.919032,3.9289536,43625906.0,173410063.0
2018-10-16,601989,3.9289536,4.018248,3.9289536,3.9487968,48050045.0,192303666.0
2018-10-17,601989,3.9884832,3.9984048,3.9388752,3.9984048,40999961.0,164326134.0
2018-10-18,601989,3.9884832,3.9884832,3.919032,3.9289536,36437125.0,144997619.0
2018-10-19,601989,3.8892672,3.9884832,3.8595024,3.9785616,46519721.0,184600050.0
2018-10-22,601989,3.9884832,4.167072,3.9884832,4.1273856,86998272.0,358444431.0
2018-10-23,601989,4.1075424,4.1373072,4.0480128,4.067856,56997904.0,235224411.0
2018-10-24,601989,4.0579344,4.117464,4.0380912,4.0579344,39038326.0,160328475.0
2018-10-25,601989,3.9785616,4.0480128,3.9388752,4.0281696,50442901.0,202866830.0
2018-10-26,601989,4.0380912,4.1075424,4.0380912,4.067856,47876657.0,196822277.0
2018-10-29,601989,4.067856,4.0876992,4.0281696,4.0876992,30623563.0,125453789.0
2018-10-30,601989,4.067856,4.1075424,4.0380912,4.0876992,52099718.0,214099441.0
2018-10-31,601989,4.0876992,4.1869152,4.067856,4.1373072,83706233.0,349178954.0
2018-11-01,601989,4.1472288,4.1968368,4.1075424,4.117464,95861003.0,400513821.0
2018-11-02,601989,4.1571504,4.1769936,4.117464,4.167072,84388140.0,352968580.0
2018-11-05,601989,4.1571504,4.1968368,4.1273856,4.1571504,55589442.0,232870252.0
2018-11-06,601989,4.1373072,4.1769936,4.1273856,4.1769936,48139391.0,201542480.0
2018-11-07,601989,4.167072,4.21668,4.1373072,4.1472288,70706685.0,297886163.0
2018-11-08,601989,4.1769936,4.1769936,4.0976208,4.0976208,53762060.0,224179611.0
2018-11-09,601989,4.0976208,4.117464,4.0777776,4.0976208,35340237.0,146101334.0
2018-11-12,601989,4.1075424,4.1571504,4.0876992,4.1472288,42730757.0,177733409.0
2018-11-13,601989,4.117464,4.2266016,4.1075424,4.1968368,83646319.0,351984626.0
2018-11-14,601989,4.1769936,4.2266016,4.1571504,4.167072,62825326.0,265342954.0
2018-11-15,601989,4.1769936,4.2563664,4.167072,4.21668,73058043.0,310823044.0
2018-11-16,601989,4.2266016,4.2464448,4.1968368,4.2266016,60987875.0,259822046.0
2018-11-19,601989,4.2365232,4.2563664,4.2067584,4.2464448,58597192.0,249962408.0
2018-11-20,601989,4.2266016,4.2861312,4.1869152,4.1869152,83633196.0,357683656.0
2018-11-21,601989,4.1472288,4.1968368,4.1373072,4.1869152,54598697.0,229257713.0
2018-11-22,601989,4.1869152,4.2464448,4.1769936,4.2266016,54355593.0,231109362.0
2018-11-23,601989,4.2266016,4.2266016,4.0876992,4.0876992,69387402.0,289694827.0
2018-11-26,601989,4.0876992,4.1273856,4.067856,4.0976208,37058285.0,153127041.0
2018-11-27,601989,4.117464,4.2067584,4.1075424,4.167072,64170870.0,269129462.0
2018-11-28,601989,4.1769936,4.1968368,4.1373072,4.1769936,48197568.0,202429519.0
2018-11-29,601989,4.1968368,4.2266016,4.1472288,4.1472288,48734273.0,205921649.0
2018-11-30,601989,4.1571504,4.2067584,4.117464,4.2067584,68327860.0,286916763.0
2018-12-03,601989,4.2563664,4.2861312,4.2266016,4.266288,82050392.0,352360083.0
2018-12-04,601989,4.2563664,4.266288,4.2266016,4.2563664,50199941.0,214812240.0
2018-12-05,601989,4.2067584,4.2464448,4.1968368,4.2365232,41589497.0,176882355.0
2018-12-06,601989,4.21668,4.2563664,4.1968368,4.2067584,40660500.0,172960075.0
2018-12-07,601989,4.21668,4.2266016,4.1769936,4.2266016,36757232.0,156014242.0
2018-12-10,601989,4.1968368,4.2266016,4.1769936,4.2067584,36624000.0,155002092.0
2018-12-11,601989,4.2266016,4.2563664,4.2067584,4.21668,30900217.0,131707221.0
2018-12-12,601989,4.2266016,4.2365232,4.2067584,4.2266016,23478943.0,99898362.0
2018-12-13,601989,4.2266016,4.266288,4.1869152,4.2563664,59503113.0,254544624.0
2018-12-14,601989,4.2563664,4.2563664,4.167072,4.1769936,59845088.0,254143684.0
2018-12-17,601989,4.167072,4.1968368,4.1373072,4.1968368,51243028.0,215275148.0
2018-12-18,601989,4.1571504,4.2365232,4.1472288,4.1968368,51744572.0,219094177.0
2018-12-19,601989,4.2067584,4.21668,4.1472288,4.1571504,30880750.0,130182339.0
2018-12-20,601989,4.1571504,4.1869152,4.0976208,4.117464,38175523.0,159236347.0
2018-12-21,601989,4.0777776,4.1075424,4.0281696,4.0480128,48576578.0,198599155.0
2018-12-24,601989,4.0380912,4.1968368,4.0281696,4.1869152,77170760.0,321119013.0
2018-12-25,601989,4.1571504,4.1769936,4.0876992,4.167072,53023205.0,220701554.0
2018-12-26,601989,4.1571504,4.1769936,4.1373072,4.1472288,34177452.0,143247672.0
2018-12-27,601989,4.1968368,4.2464448,4.1769936,4.2266016,80431055.0,342095322.0
2018-12-28,601989,4.2067584,4.2365232,4.1968368,4.21668,44464104.0,188760001.0
2019-01-02,601989,4.21668,4.2365232,4.1968368,4.2266016,38799505.0,165041592.0
2019-01-03,601989,4.2365232,4.3555824,4.2067584,4.315896,92821138.0,402425800.0
2019-01-04,601989,4.2762096,4.4944848,4.266288,4.4746416,148344985.0,659989307.0
2019-01-07,601989,4.4845632,4.6433088,4.4349552,4.5937008,155670505.0,713184614.0
2019-01-08,601989,4.563936,4.5738576,4.4746416,4.4944848,87580723.0,398649638.0
2019-01-09,601989,4.4944848,4.5440928,4.4250336,4.4349552,97638716.0,440594257.0
2019-01-10,601989,4.4448768,4.4845632,4.3853472,4.415112,67964635.0,304130438.0
2019-01-11,601989,4.4250336,4.4746416,4.3952688,4.4448768,53268099.0,238229423.0
2019-01-14,601989,4.4448768,4.4845632,4.415112,4.4746416,41728104.0,187303932.0
2019-01-15,601989,4.46472,4.4845632,4.4349552,4.46472,47916808.0,215240600.0
2019-01-16,601989,4.46472,4.4746416,4.3456608,4.3456608,88165861.0,389731908.0
2019-01-17,601989,4.3456608,4.3853472,4.3357392,4.3555824,42493527.0,186727293.0
2019-01-18,601989,4.365504,4.415112,4.3456608,4.4051904,48737830.0,214953262.0
2019-01-21,601989,4.4051904,4.415112,4.3754256,4.3754256,35886331.0,158757903.0
2019-01-22,601989,4.365504,4.4051904,4.3555824,4.3754256,28441136.0,125523260.0
2019-01-23,601989,4.3555824,4.3853472,4.3456608,4.3555824,25568930.0,112416088.0
2019-01-24,601989,4.3555824,4.4250336,4.315896,4.3952688,41783325.0,184441173.0
2019-01-25,601989,4.3952688,4.4051904,4.3754256,4.3754256,30049396.0,132944020.0
2019-01-28,601989,4.3853472,4.415112,4.3456608,4.365504,30393891.0,134239996.0
2019-01-29,601989,4.3456608,4.365504,4.266288,4.3059744,42729830.0,185402197.0
2019-01-30,601989,4.2960528,4.3456608,4.2762096,4.2960528,23670125.0,102835268.0
2019-01-31,601989,4.3059744,4.3258176,4.2563664,4.266288,34760133.0,150233761.0
2019-02-01,601989,4.2762096,4.3357392,4.266288,4.3357392,34290204.0,148844457.0
2019-02-11,601989,4.3357392,4.3853472,4.3357392,4.3754256,34642768.0,152432818.0
2019-02-12,601989,4.3853472,4.4250336,4.3555824,4.415112,50940159.0,225915580.0
2019-02-13,601989,4.415112,4.5540144,4.3853472,4.5044064,100950245.0,456431936.0
2019-02-14,601989,4.4944848,4.613544,4.4845632,4.563936,99564390.0,457404160.0
2019-02-15,601989,4.5738576,4.5837792,4.4944848,4.5044064,61839690.0,282314985.0
2019-02-18,601989,4.514328,4.613544,4.514328,4.6036224,78564496.0,362762969.0
2019-02-19,601989,4.6532304,4.6730736,4.5440928,4.663152,103398243.0,481091403.0
2019-02-20,601989,4.6333872,4.9310352,4.5937008,4.7524464,155518387.0,745066363.0
2019-02-21,601989,4.71276,4.7921328,4.5738576,4.5837792,145761536.0,688101431.0
2019-02-22,601989,4.5937008,4.6929168,4.5837792,4.6829952,91396034.0,428074350.0
2019-02-25,601989,4.7028384,5.1393888,4.6929168,5.0302512,280447760.0,1387108948.0
2019-02-26,601989,5.0401728,5.3477424,4.9905648,5.0798592,284441520.0,1480341886.0
2019-02-27,601989,5.0798592,5.3874288,5.0798592,5.2187616,276223008.0,1460226736.0
2019-02-28,601989,5.2683696,5.2981344,5.0798592,5.1691536,153191347.0,795436556.0
2019-03-01,601989,5.20884,5.308056,5.0798592,5.2882128,214270069.0,1125420239.0
2019-03-04,601989,5.2981344,5.506488,5.2485264,5.506488,330874960.0,1783735755.0
2019-03-05,601989,5.4668016,5.605704,5.3874288,5.5164096,285644448.0,1588838798.0
2019-03-06,601989,5.5164096,5.5461744,5.3675856,5.4767232,240736209.0,1322694726.0
2019-03-07,601989,5.4668016,5.4668016,5.3278992,5.357664,262127120.0,1423891417.0
2019-03-08,601989,5.258448,5.2882128,5.0500944,5.060016,238105509.0,1241508114.0
2019-03-11,601989,5.0997024,5.2286832,5.0997024,5.1989184,164252692.0,856542029.0
2019-03-12,601989,5.2286832,5.3973504,5.1790752,5.2981344,240353256.0,1273673997.0
2019-03-13,601989,5.308056,5.3675856,5.159232,5.1790752,179428229.0,954710187.0
2019-03-14,601989,5.159232,5.1989184,5.0401728,5.0897808,149212734.0,766773296.0
2019-03-15,601989,5.109624,5.1691536,5.0997024,5.159232,130718499.0,676575662.0
2019-03-18,601989,5.2386048,5.3874288,5.1989184,5.3378208,225241413.0,1206588465.0
2019-03-19,601989,5.357664,5.4370368,5.258448,5.308056,172305745.0,927472798.0
2019-03-20,601989,5.2683696,5.2981344,5.1790752,5.2782912,139332494.0,736776608.0
2019-03-21,601989,5.2981344,5.3775072,5.2782912,5.2981344,154720611.0,830510749.0
2019-03-22,601989,5.3278992,5.3378208,5.20884,5.2782912,116825824.0,620138341.0
2019-03-25,601989,5.2882128,5.804136,5.258448,5.7644496,608441136.0,3444558243.0
2019-03-26,601989,5.754528,5.804136,5.4171936,5.4370368,426974960.0,2398055702.0
2019-03-27,601989,5.4668016,5.4965664,5.2981344,5.407272,197682808.0,1069384326.0
2019-03-28,601989,5.4171936,5.5858608,5.3378208,5.407272,206801037.0,1142677785.0
2019-03-29,601989,5.6949984,5.8339008,5.5858608,5.7942144,429570928.0,2475578789.0
2019-04-01,601989,5.9430384,6.3696672,5.9430384,6.3696672,582121152.0,3694926434.0
2019-04-02,601989,6.6276288,6.8260608,6.3696672,6.4192752,802266512.0,5330423296.0
2019-04-03,601989,6.2902944,6.597864,6.2307648,6.4887264,466308640.0,2978985090.0
2019-04-04,601989,6.3895104,6.7367664,6.349824,6.597864,419143696.0,2756725749.0
2019-04-08,601989,6.9748848,7.044336,6.6077856,6.6772368,439370240.0,3001042117.0
2019-04-09,601989,6.6772368,6.69708,6.4291968,6.498648,271343472.0,1784935977.0
2019-04-10,601989,6.4391184,6.597864,6.399432,6.4788048,219652938.0,1442630360.0
2019-04-11,601989,6.4788048,6.5383344,6.2704512,6.2704512,232425738.0,1493521366.0
2019-04-12,601989,6.250608,6.300216,6.1117056,6.2704512,202928420.0,1265277002.0
2019-04-15,601989,6.3597456,6.5284128,6.2605296,6.2803728,209714608.0,1350491747.0
2019-04-16,601989,6.250608,6.4192752,6.1910784,6.4093536,158159426.0,1008819485.0
2019-04-17,601989,6.4192752,6.4887264,6.349824,6.4391184,157338104.0,1018853830.0
2019-04-18,601989,6.4291968,6.8260608,6.3895104,6.69708,378416256.0,2535159742.0
2019-04-19,601989,6.647472,6.69708,6.4688832,6.6375504,241174718.0,1597222930.0
2019-04-22,601989,6.69708,6.7169232,6.4391184,6.4589616,202698259.0,1333922628.0
2019-04-23,601989,6.44904,6.4589616,6.0124896,6.1216272,243314216.0,1527266001.0
2019-04-24,601989,6.1315488,6.1712352,5.9628816,6.0720192,154764348.0,941093650.0
2019-04-25,601989,6.052176,6.0918624,5.8239792,5.8438224,174408282.0,1046227138.0
2019-04-26,601989,5.754528,5.853744,5.7148416,5.7247632,117399166.0,682499748.0
2019-04-29,601989,5.6850768,5.7644496,5.4271152,5.4866448,154520789.0,866763868.0
2019-04-30,601989,5.4866448,5.6850768,5.4668016,5.6255472,119547707.0,673595596.0
2019-05-06,601989,5.45688,5.4965664,5.060016,5.0798592,210049043.0,1108354192.0
2019-05-07,601989,5.0897808,5.1989184,4.9905648,5.1294672,131576023.0,676441950.0
2019-05-08,601989,4.9608,5.2187616,4.9211136,5.1294672,131284639.0,671621022.0
2019-05-09,601989,5.060016,5.1889968,5.0401728,5.0699376,100097261.0,516478503.0
2019-05-10,601989,5.109624,5.2683696,4.9806432,5.2386048,178477313.0,930831966.0
2019-05-13,601989,5.1691536,5.2286832,5.1195456,5.1393888,81287147.0,424147228.0
2019-05-14,601989,5.0699376,5.1989184,5.0302512,5.0997024,87663060.0,454527690.0
2019-05-15,601989,5.1294672,5.1889968,5.0997024,5.1493104,86760113.0,449238839.0
2019-05-16,601989,5.1393888,5.2485264,5.1195456,5.1889968,106226876.0,555388361.0
2019-05-17,601989,5.1889968,5.1889968,4.9806432,5.010408,110324851.0,565163494.0
2019-05-20,601989,4.9707216,5.060016,4.9409568,5.0401728,82521411.0,416298252.0
2019-05-21,601989,5.0401728,5.1493104,5.010408,5.1294672,93490359.0,480248399.0
2019-05-22,601989,5.1393888,5.1493104,5.010408,5.060016,75997286.0,387637354.0
2019-05-23,601989,5.0500944,5.0997024,4.9806432,4.9905648,78744399.0,398961433.0
2019-05-24,601989,4.9806432,5.010408,4.9310352,4.9409568,69943234.0,349623479.0
2019-05-27,601989,4.9409568,5.0699376,4.9310352,5.060016,76193568.0,384402231.0
2019-05-28,601989,5.060016,5.1195456,5.0203296,5.1195456,103291824.0,529439932.0
2019-05-29,601989,5.0699376,5.20884,5.060016,5.1691536,98718081.0,512104217.0
2019-05-30,601989,5.1393888,5.1493104,5.0401728,5.0997024,63499661.0,325604656.0
2019-05-31,601989,5.0997024,5.1294672,5.0699376,5.0897808,41486761.0,213204306.0
2019-06-03,601989,5.1294672,5.159232,5.0500944,5.0897808,51159060.0,263069998.0
2019-06-04,601989,5.0798592,5.0997024,4.9707216,5.0004864,68506945.0,345706298.0
2019-06-05,601989,5.0302512,5.0500944,4.9905648,4.9905648,46133094.0,233084374.0
2019-06-06,601989,4.9905648,5.010408,4.9409568,4.9608,53782988.0,269090122.0
2019-06-10,601989,4.9608,5.0004864,4.9310352,4.9608,57579465.0,287860789.0
2019-06-11,601989,4.9608,5.109624,4.9409568,5.109624,96652717.0,492366050.0
2019-06-12,601989,5.0798592,5.1294672,5.0401728,5.0500944,65877956.0,337166169.0
2019-06-13,601989,5.0302512,5.060016,5.0004864,5.0401728,60113851.0,304737234.0
2019-06-14,601989,5.1393888,5.5164096,5.1393888,5.2485264,242203765.0,1296094066.0
2019-06-17,601989,5.1989184,5.2386048,5.159232,5.20884,79501476.0,416662490.0
2019-06-18,601989,5.1691536,5.20884,5.1195456,5.1691536,52953497.0,275008180.0
2019-06-19,601989,5.2485264,5.2981344,5.1989184,5.2187616,79887429.0,421568571.0
2019-06-20,601989,5.2187616,5.3477424,5.1790752,5.3278992,127503605.0,678402607.0
2019-06-21,601989,5.3278992,5.4271152,5.308056,5.3874288,129202004.0,700492369.0
2019-06-24,601989,5.3874288,5.3874288,5.308056,5.3477424,70271459.0,378408354.0
2019-06-25,601989,5.3278992,5.407272,5.2882128,5.357664,90555134.0,487493684.0
2019-06-26,601989,5.3179776,5.5957824,5.2981344,5.5461744,127752112.0,699503153.0
2019-06-27,601989,5.6255472,5.70492,5.4668016,5.4767232,189868863.0,1067088110.0
2019-06-28,601989,5.506488,5.5461744,5.4370368,5.5164096,94306744.0,522746978.0
2019-07-01,601989,5.5759392,5.6652336,5.556096,5.5660176,129448893.0,729590739.0
2019-07-02,601989,6.1216272,6.1216272,5.8934304,5.9827248,378464480.0,2291592011.0
2019-07-03,601989,6.002568,6.5581776,5.8934304,6.4391184,377572672.0,2382182828.0
2019-07-04,601989,6.3795888,6.8062176,6.3200592,6.399432,508551840.0,3377118589.0
2019-07-05,601989,6.3299808,6.4688832,6.2109216,6.250608,227549166.0,1444866170.0
2019-07-08,601989,6.2307648,6.2307648,5.9331168,6.0422544,263534821.0,1610785407.0
2019-07-09,601989,6.002568,6.151392,5.9827248,6.0620976,125533908.0,765798979.0
2019-07-10,601989,6.0422544,6.101784,5.95296,5.9628816,104386151.0,633361554.0
2019-07-11,601989,6.0124896,6.0620976,5.8835088,5.903352,100560050.0,605007721.0
2019-07-12,601989,5.9132736,5.9331168,5.7942144,5.8735872,89426925.0,528936718.0
2019-07-15,601989,5.8636656,6.101784,5.853744,6.0819408,179126295.0,1085936272.0
2019-07-16,601989,6.0323328,6.1216272,6.0124896,6.0422544,105910702.0,646131382.0
2019-07-17,601989,6.0720192,6.1613136,6.052176,6.0620976,100584863.0,618343588.0
2019-07-18,601989,6.00247348,6.01241135,5.89315691,5.91303265,93951251.0,562307803.0
2019-07-19,601989,5.93290839,5.99253561,5.90309478,5.91303265,68996769.0,412605486.0
2019-07-22,601989,5.91303265,5.91303265,5.67452377,5.68446164,110497143.0,638813102.0
2019-07-23,601989,5.70433738,5.79377821,5.68446164,5.75402673,66385234.0,383526806.0
2019-07-24,601989,5.79377821,5.88321904,5.77390247,5.78384034,65646651.0,384676349.0
2019-07-25,601989,5.82359182,5.85340543,5.79377821,5.83352969,45573857.0,267064726.0
2019-07-26,601989,5.80371608,5.92297052,5.78384034,5.91303265,69718721.0,410882855.0
2019-07-29,601989,5.94284626,6.03228709,5.94284626,5.98259774,66492411.0,400281729.0
2019-07-30,601989,5.962722,6.03228709,5.94284626,5.97265987,58393281.0,351636416.0
2019-07-31,601989,5.94284626,6.00247348,5.89315691,5.962722,66973969.0,401112012.0
2019-08-01,601989,5.98259774,5.98259774,5.89315691,5.90309478,55727226.0,332912420.0
2019-08-02,601989,5.77390247,5.79377821,5.6645859,5.71427525,91937321.0,530008825.0
2019-08-05,601989,5.70433738,5.7639646,5.6645859,5.6645859,66529051.0,382461653.0
2019-08-06,601989,5.50557998,5.52545572,5.30682258,5.4658285,138399510.0,755898092.0
2019-08-07,601989,5.4658285,5.50557998,5.3664498,5.3664498,70644606.0,385320431.0
2019-08-08,601989,5.4658285,5.90309478,5.45589063,5.88321904,231196283.0,1330940082.0
2019-08-09,601989,5.92297052,5.92297052,5.70433738,5.72421312,125703345.0,729352763.0
2019-08-12,601989,5.6645859,5.78384034,5.6645859,5.78384034,58632668.0,338326520.0
2019-08-13,601989,5.71427525,5.99253561,5.68446164,5.85340543,124144499.0,730584354.0
2019-08-14,601989,5.93290839,6.11179005,5.8633433,6.07203857,164286390.0,987473973.0
2019-08-15,601989,5.8633433,6.22110662,5.81365395,5.95278413,190246804.0,1151406455.0
2019-08-16,601989,5.93290839,5.98259774,5.83352969,5.83352969,113711926.0,672669000.0
2019-08-19,601989,5.84346756,5.90309478,5.81365395,5.90309478,93569299.0,552608672.0
2019-08-20,601989,5.90309478,6.07203857,5.85340543,5.98259774,137958771.0,829125459.0
2019-08-21,601989,5.962722,5.97265987,5.89315691,5.89315691,62394365.0,371988259.0
2019-08-22,601989,5.89315691,6.00247348,5.88321904,5.91303265,75621148.0,452388996.0
2019-08-23,601989,5.92297052,5.962722,5.8633433,5.88321904,58474505.0,347115160.0
2019-08-26,601989,5.74408886,5.8633433,5.69439951,5.82359182,71830457.0,419059321.0
2019-08-27,601989,5.8633433,5.92297052,5.82359182,5.88321904,91801255.0,544210760.0
2019-08-28,601989,5.90309478,6.04222496,5.88321904,5.93290839,114685712.0,689863438.0
2019-08-29,601989,5.93290839,5.99253561,5.90309478,5.92297052,63911331.0,381234587.0
2019-08-30,601989,5.95278413,6.08197644,5.90309478,6.04222496,195600857.0,1181425532.0
2019-09-02,601989,6.03228709,6.18135514,6.00247348,6.14160366,205647494.0,1266064004.0
2019-09-03,601989,6.12172792,6.18135514,6.05216283,6.10185218,141713646.0,868763739.0
2019-09-04,601989,6.0621007,6.09191431,6.00247348,6.04222496,103577745.0,629784473.0
2019-09-05,601989,6.10185218,6.15154153,6.05216283,6.10185218,154751353.0,950875583.0
2019-09-06,601989,6.11179005,6.11179005,6.02234922,6.05216283,91401461.0,557638733.0
2019-09-09,601989,6.09191431,6.09191431,6.03228709,6.08197644,95866107.0,584872174.0
2019-09-10,601989,6.07203857,6.1614794,6.0621007,6.09191431,111209302.0,683801270.0
2019-09-11,601989,6.09191431,6.10185218,5.99253561,6.00247348,97019000.0,588657233.0
2019-09-12,601989,6.01241135,6.03228709,5.98259774,6.02234922,59999761.0,362834117.0
2019-09-16,601989,6.03228709,6.05216283,5.98259774,6.01241135,49483600.0,299253816.0
2019-09-17,601989,6.01241135,6.05216283,5.88321904,5.90309478,95629228.0,575236212.0
2019-09-18,601989,5.90309478,5.92297052,5.78384034,5.78384034,87300549.0,511134114.0
2019-09-19,601989,5.79377821,5.84346756,5.74408886,5.84346756,54577408.0,319117063.0
2019-09-20,601989,5.8633433,5.8633433,5.78384034,5.8633433,60884566.0,357238489.0
2019-09-23,601989,5.83352969,5.90309478,5.79377821,5.84346756,53618404.0,315216465.0
2019-09-24,601989,5.84346756,5.8633433,5.80371608,5.80371608,40674531.0,238158289.0
2019-09-25,601989,5.79377821,5.82359182,5.69439951,5.70433738,62864850.0,364957990.0
2019-09-26,601989,5.71427525,5.74408886,5.4658285,5.48570424,113239036.0,630849123.0
2019-09-27,601989,5.47576637,5.52545572,5.4658285,5.49564211,44735647.0,247447854.0
2019-09-30,601989,5.49564211,5.57514507,5.47576637,5.47576637,40326606.0,224077053.0
2019-10-08,601989,5.4658285,5.48570424,5.41613915,5.42607702,44697988.0,245022134.0
2019-10-09,601989,5.39626341,5.43601489,5.3664498,5.41613915,35586949.0,193593203.0
2019-10-10,601989,5.42607702,5.49564211,5.41613915,5.48570424,35708802.0,196530019.0
2019-10-11,601989,5.49564211,5.50557998,5.42607702,5.47576637,31807286.0,175063992.0
2019-10-14,601989,5.51551785,5.62483442,5.50557998,5.57514507,61199716.0,342367763.0
2019-10-15,601989,5.5652072,5.5652072,5.49564211,5.50557998,31807358.0,176661439.0
2019-10-16,601989,5.51551785,5.53539359,5.43601489,5.45589063,36471025.0,201413694.0
2019-10-17,601989,5.45589063,5.48570424,5.41613915,5.41613915,28007445.0,153547798.0
2019-10-18,601989,5.43601489,5.45589063,5.32669832,5.32669832,41270002.0,223668309.0
2019-10-21,601989,5.32669832,5.40620128,5.22731962,5.33663619,45684049.0,243959884.0
2019-10-22,601989,5.33663619,5.3664498,5.28694684,5.33663619,28693148.0,153890304.0
2019-10-23,601989,5.33663619,5.34657406,5.25713323,5.2670711,32804744.0,174595766.0
2019-10-24,601989,5.2670711,5.37638767,5.22731962,5.33663619,58988710.0,314671780.0
2019-10-25,601989,5.37638767,5.38632554,5.29688471,5.35651193,47564953.0,255517804.0
2019-10-28,601989,5.55526933,5.61489655,5.44595276,5.4658285,85682320.0,475515414.0
2019-10-29,601989,5.4658285,5.48570424,5.38632554,5.41613915,41546234.0,226784537.0
2019-10-30,601989,5.41613915,5.43601489,5.32669832,5.33663619,36737332.0,198167737.0
2019-10-31,601989,5.30682258,5.33663619,5.23725749,5.2670711,34857000.0,185457692.0
2019-11-01,601989,5.2670711,5.31676045,5.20744388,5.31676045,35068949.0,186160740.0
2019-11-04,601989,5.30682258,5.32669832,5.27700897,5.28694684,35078194.0,187056219.0
2019-11-05,601989,5.2670711,5.31676045,5.23725749,5.29688471,36310033.0,193035090.0
2019-11-06,601989,5.29688471,5.45589063,5.27700897,5.35651193,55322511.0,299754781.0
2019-11-07,601989,5.31676045,5.33663619,5.28694684,5.29688471,31947867.0,170640296.0
2019-11-08,601989,5.34657406,5.35651193,5.28694684,5.29688471,23310949.0,124590296.0
2019-11-11,601989,5.2670711,5.27700897,5.17763027,5.19750601,40369289.0,212489527.0
2019-11-12,601989,5.1676924,5.20744388,5.12794092,5.1676924,32963368.0,171348769.0
2019-11-13,601989,5.17763027,5.17763027,5.07825157,5.09812731,35038128.0,180816348.0
2019-11-14,601989,5.08818944,5.15775453,5.08818944,5.13787879,31049071.0,160083921.0
2019-11-15,601989,5.11800305,5.17763027,5.08818944,5.1676924,36314967.0,187711976.0
2019-11-18,601989,5.15775453,5.18756814,5.11800305,5.17763027,26478944.0,137472106.0
2019-11-19,601989,5.18756814,5.25713323,5.15775453,5.24719536,33929815.0,178246614.0
2019-11-20,601989,5.25713323,5.25713323,5.19750601,5.19750601,28442861.0,149619073.0
2019-11-21,601989,5.19750601,5.33663619,5.17763027,5.24719536,44441573.0,236029754.0
2019-11-22,601989,5.19750601,5.31676045,5.1676924,5.23725749,44303519.0,233598695.0
2019-11-25,601989,5.21738175,5.25713323,5.20744388,5.25713323,31507759.0,166007343.0
2019-11-26,601989,5.31676045,5.42607702,5.28694684,5.31676045,77208620.0,414772694.0
2019-11-27,601989,5.34657406,5.3664498,5.28694684,5.28694684,28963670.0,154949453.0
2019-11-28,601989,5.28694684,5.30682258,5.25713323,5.27700897,20708300.0,109996589.0
2019-11-29,601989,5.28694684,5.29688471,5.24719536,5.24719536,22895625.0,121415798.0
2019-12-02,601989,5.24719536,5.27700897,5.14781666,5.15775453,31933611.0,167067290.0
2019-12-03,601989,5.1676924,5.19750601,5.10806518,5.18756814,24309619.0,126023411.0
2019-12-04,601989,5.1676924,5.19750601,5.13787879,5.19750601,22490029.0,116940595.0
2019-12-05,601989,5.19750601,5.21738175,5.14781666,5.19750601,24914450.0,130259088.0
2019-12-06,601989,5.19750601,5.23725749,5.1676924,5.22731962,30825302.0,161381167.0
2019-12-09,601989,5.20744388,5.22731962,5.19750601,5.21738175,21543484.0,113039515.0
2019-12-10,601989,5.21738175,5.21738175,5.14781666,5.14781666,29641361.0,154151743.0
2019-12-11,601989,5.1676924,5.17763027,5.12794092,5.15775453,33069182.0,171335366.0
2019-12-12,601989,5.14781666,5.18756814,5.13787879,5.1676924,33918154.0,176215524.0
2019-12-13,601989,5.17763027,5.18756814,5.14781666,5.18756814,38816891.0,201924088.0
2019-12-16,601989,5.18756814,5.2670711,5.15775453,5.25713323,71085329.0,374319064.0
2019-12-17,601989,5.24719536,5.33663619,5.22731962,5.31676045,86503791.0,459536564.0
2019-12-18,601989,5.40620128,5.43601489,5.28694684,5.28694684,83892814.0,451363950.0
2019-12-19,601989,5.28694684,5.28694684,5.22731962,5.25713323,53476374.0,282395422.0
2019-12-20,601989,5.23725749,5.27700897,5.22731962,5.23725749,37450768.0,197711251.0
2019-12-23,601989,5.22731962,5.23725749,5.14781666,5.15775453,40332681.0,210599436.0
2019-12-24,601989,5.14781666,5.19750601,5.14781666,5.18756814,25661325.0,133762874.0
2019-12-25,601989,5.17763027,5.18756814,5.14781666,5.1676924,27377398.0,142338118.0
2019-12-26,601989,5.1676924,5.18756814,5.14781666,5.17763027,36706421.0,190667341.0
2019-12-27,601989,5.15775453,5.22731962,5.15775453,5.18756814,51192311.0,267637718.0
2019-12-30,601989,5.1676924,5.21738175,5.12794092,5.19750601,43293613.0,225653897.0
2019-12-31,601989,5.20744388,5.21738175,5.1676924,5.20744388,38598062.0,201469000.0
2020-01-02,601989,5.24719536,5.31676045,5.21738175,5.27700897,68106925.0,361392457.0
2020-01-03,601989,5.28694684,5.34657406,5.25713323,5.33663619,82837710.0,442699245.0
2020-01-06,601989,5.37638767,5.41613915,5.27700897,5.30682258,95263360.0,512466891.0
2020-01-07,601989,5.28694684,5.33663619,5.27700897,5.30682258,64133849.0,342385858.0
2020-01-08,601989,5.33663619,5.5652072,5.30682258,5.52545572,206049147.0,1125939619.0
2020-01-09,601989,5.38632554,5.41613915,5.35651193,5.39626341,114835759.0,622412598.0
2020-01-10,601989,5.41613915,5.42607702,5.32669832,5.34657406,53368720.0,287638053.0
2020-01-13,601989,5.35651193,5.37638767,5.27700897,5.31676045,48546786.0,259420374.0
2020-01-14,601989,5.31676045,5.32669832,5.29688471,5.31676045,43913645.0,234725443.0
2020-01-15,601989,5.28694684,5.31676045,5.25713323,5.25713323,42863711.0,227350615.0
2020-01-16,601989,5.25713323,5.31676045,5.25713323,5.2670711,40070715.0,212873433.0
2020-01-17,601989,5.2670711,5.28694684,5.20744388,5.21738175,40138214.0,211543551.0
2020-01-20,601989,5.20744388,5.23725749,5.17763027,5.21738175,38745278.0,203146390.0
2020-01-21,601989,5.20744388,5.20744388,5.13787879,5.13787879,52410653.0,272356561.0
2020-01-22,601989,5.12794092,5.17763027,5.07825157,5.14781666,52868868.0,272614594.0
2020-01-23,601989,5.13787879,5.19750601,4.97887287,5.00868648,77806596.0,397475532.0
2020-02-03,601989,4.51179298,4.51179298,4.51179298,4.51179298,38158700.0,173240498.0
2020-02-04,601989,4.06458883,4.40247641,4.06458883,4.29315984,150441480.0,647631217.0
2020-02-05,601989,4.31303558,4.43229002,4.28322197,4.33291132,93451441.0,410587932.0
2020-02-06,601989,4.34284919,4.39253854,4.2732841,4.38260067,92123125.0,403265370.0
2020-02-07,601989,4.3726628,4.38260067,4.29315984,4.3726628,79708036.0,347957412.0
2020-02-10,601989,4.34284919,4.45216576,4.32297345,4.43229002,71531270.0,316998727.0
2020-02-11,601989,4.43229002,4.49191724,4.39253854,4.44222789,66673437.0,298704477.0
2020-02-12,601989,4.41241428,4.46210363,4.39253854,4.46210363,57640441.0,257040891.0
2020-02-13,601989,4.44222789,4.48197937,4.3726628,4.3726628,69438692.0,308881480.0
2020-02-14,601989,4.3726628,4.40247641,4.33291132,4.36272493,56740250.0,249124299.0
2020-02-17,601989,4.39253854,4.58135807,4.38260067,4.5714202,148806038.0,675087942.0
2020-02-18,601989,4.5714202,4.90930778,4.5714202,4.72048825,174776618.0,833956670.0
2020-02-19,601989,4.68073677,4.72048825,4.58135807,4.61117168,98759169.0,461848554.0
2020-02-20,601989,4.63104742,4.66086103,4.55154446,4.64098529,82924379.0,384367279.0
2020-02-21,601989,4.65092316,4.74036399,4.63104742,4.68073677,82000316.0,386286049.0
2020-02-24,601989,4.68073677,4.69067464,4.59129594,4.61117168,85132052.0,395671139.0
2020-02-25,601989,4.49191724,4.53166872,4.38260067,4.51179298,130446450.0,587591798.0
2020-02-26,601989,4.49191724,4.87949417,4.4720415,4.68073677,258568917.0,1225486867.0
2020-02-27,601989,4.66086103,4.68073677,4.53166872,4.56148233,123573033.0,570024513.0
2020-02-28,601989,4.4720415,4.51179298,4.38260067,4.38260067,111578251.0,498042402.0
2020-03-02,601989,4.39253854,4.62110955,4.39253854,4.55154446,120345016.0,547322724.0
2020-03-03,601989,4.59129594,4.69067464,4.52173085,4.56148233,124641415.0,579148301.0
2020-03-04,601989,4.5714202,4.62110955,4.53166872,4.60123381,89616524.0,412946694.0
2020-03-05,601989,4.64098529,4.72048825,4.59129594,4.68073677,152424753.0,713754345.0
2020-03-06,601989,4.62110955,4.65092316,4.58135807,4.60123381,104320442.0,483559802.0
2020-03-09,601989,4.53166872,4.55154446,4.42235215,4.42235215,116117968.0,522117239.0
2020-03-10,601989,4.35278706,4.51179298,4.32297345,4.4720415,100583750.0,447868504.0
2020-03-11,601989,4.48197937,4.5714202,4.46210363,4.46210363,93455868.0,424858647.0
2020-03-12,601989,4.42235215,4.43229002,4.35278706,4.38260067,80663916.0,356111382.0
2020-03-13,601989,4.20371901,4.35278706,4.12421605,4.29315984,107973453.0,460325152.0
2020-03-16,601989,4.33291132,4.35278706,4.15402966,4.16396753,87258340.0,373323187.0
2020-03-17,601989,4.1739054,4.24347049,4.06458883,4.20371901,97867810.0,408526533.0
2020-03-18,601989,4.20371901,4.25340836,4.08446457,4.09440244,76621401.0,321823092.0
2020-03-19,601989,4.09440244,4.12421605,4.02483735,4.09440244,89169678.0,366066800.0
2020-03-20,601989,4.12421605,4.18384327,4.10434031,4.1739054,62466703.0,260688598.0
2020-03-23,601989,4.10434031,4.12421605,4.05465096,4.0745267,52202805.0,214502583.0
2020-03-24,601989,4.11427818,4.15402966,4.08446457,4.14409179,49700248.0,206252025.0
2020-03-25,601989,4.21365688,4.23353262,4.15402966,4.18384327,61562792.0,259246622.0
2020-03-26,601989,4.16396753,4.1739054,4.10434031,4.11427818,39751098.0,165720170.0
2020-03-27,601989,4.15402966,4.20371901,4.12421605,4.15402966,56745355.0,238022917.0
2020-03-30,601989,4.12421605,4.28322197,4.0745267,4.22359475,103541613.0,436460008.0
2020-03-31,601989,4.21365688,4.2732841,4.18384327,4.18384327,64270794.0,272552112.0
2020-04-01,601989,4.1739054,4.20371901,4.12421605,4.13415392,42771910.0,179027718.0
2020-04-02,601989,4.10434031,4.1739054,4.09440244,4.1739054,41556850.0,173281462.0
2020-04-03,601989,4.16396753,4.1739054,4.11427818,4.12421605,38597543.0,160818619.0
2020-04-07,601989,4.1739054,4.23353262,4.15402966,4.21365688,67963170.0,287611911.0
2020-04-08,601989,4.1739054,4.31303558,4.1739054,4.28322197,113832205.0,488433811.0
2020-04-09,601989,4.2732841,4.30309771,4.23353262,4.24347049,56776090.0,243198499.0
2020-04-10,601989,4.24347049,4.26334623,4.20371901,4.21365688,54338318.0,231161070.0
2020-04-13,601989,4.19378114,4.26334623,4.18384327,4.22359475,45744625.0,194234805.0
2020-04-14,601989,4.22359475,4.24347049,4.20371901,4.24347049,43160750.0,183630115.0
2020-04-15,601989,4.24347049,4.2732841,4.21365688,4.23353262,50098368.0,213793892.0
2020-04-16,601989,4.21365688,4.2732841,4.20371901,4.22359475,38653907.0,164601757.0
2020-04-17,601989,4.23353262,4.24347049,4.20371901,4.21365688,47416821.0,201291877.0
2020-04-20,601989,4.21365688,4.22359475,4.18384327,4.20371901,44982392.0,190199003.0
2020-04-21,601989,4.18384327,4.23353262,4.15402966,4.19378114,56125883.0,236542275.0
2020-04-22,601989,4.1739054,4.25340836,4.13415392,4.21365688,77114033.0,325163181.0
2020-04-23,601989,4.22359475,4.32297345,4.20371901,4.26334623,115153115.0,493993287.0
2020-04-24,601989,4.24347049,4.30309771,4.16396753,4.23353262,95560278.0,406040794.0
2020-04-27,601989,4.21365688,4.29315984,4.19378114,4.24347049,83476076.0,356759893.0
2020-04-28,601989,4.23353262,4.23353262,4.09440244,4.12421605,76600595.0,320082071.0
2020-04-29,601989,4.08446457,4.1739054,4.06458883,4.10434031,45251930.0,187820524.0
2020-04-30,601989,4.13415392,4.1739054,4.12421605,4.14409179,51302399.0,214115735.0
2020-05-06,601989,4.12421605,4.18384327,4.10434031,4.16396753,51306426.0,214585656.0
2020-05-07,601989,4.1739054,4.21365688,4.14409179,4.1739054,58201584.0,244251063.0
2020-05-08,601989,4.18384327,4.20371901,4.16396753,4.1739054,49034292.0,206189226.0
2020-05-11,601989,4.1739054,4.24347049,4.1739054,4.20371901,70558224.0,299065857.0
2020-05-12,601989,4.21365688,4.23353262,4.18384327,4.19378114,59220290.0,250631743.0
2020-05-13,601989,4.18384327,4.18384327,4.12421605,4.13415392,64592176.0,269172537.0
2020-05-14,601989,4.12421605,4.1739054,4.10434031,4.13415392,50242150.0,209251790.0
2020-05-15,601989,4.14409179,4.15402966,4.11427818,4.11427818,42447294.0,176497137.0
2020-05-18,601989,4.12421605,4.26334623,4.11427818,4.21365688,120916504.0,512511330.0
2020-05-19,601989,4.22359475,4.22359475,4.15402966,4.18384327,62682612.0,263889164.0
2020-05-20,601989,4.1739054,4.19378114,4.12421605,4.14409179,46856131.0,195647011.0
2020-05-21,601989,4.14409179,4.15402966,4.10434031,4.10434031,40795245.0,169312505.0
2020-05-22,601989,4.10434031,4.13415392,4.05465096,4.06458883,44308050.0,182275431.0
2020-05-25,601989,4.06458883,4.08446457,4.05465096,4.06458883,27472691.0,112428405.0
2020-05-26,601989,4.06458883,4.08446457,4.05465096,4.0745267,36497935.0,149502142.0
2020-05-27,601989,4.0745267,4.08446457,4.03477522,4.04471309,28040712.0,114405739.0
2020-05-28,601989,4.04471309,4.0745267,4.02483735,4.04471309,33021718.0,134548642.0
2020-05-29,601989,4.03477522,4.04471309,4.02483735,4.03477522,36732365.0,149128767.0
2020-06-01,601989,4.03477522,4.09440244,4.03477522,4.08446457,51545825.0,211079032.0
2020-06-02,601989,4.0745267,4.13415392,4.06458883,4.10434031,52262542.0,216134128.0
2020-06-03,601989,4.11427818,4.13415392,4.0745267,4.08446457,42277978.0,174694794.0
2020-06-04,601989,4.09440244,4.10434031,4.06458883,4.0745267,30820770.0,126476818.0
2020-06-05,601989,4.0745267,4.08446457,4.05465096,4.0745267,29459023.0,120471273.0
2020-06-08,601989,4.0745267,4.08446457,4.05465096,4.06458883,35515117.0,145355306.0
2020-06-09,601989,4.06458883,4.0745267,4.04471309,4.06458883,29827838.0,121794192.0
2020-06-10,601989,4.05465096,4.06458883,4.03477522,4.03477522,44290235.0,180087198.0
2020-06-11,601989,4.02483735,4.05465096,4.02483735,4.02483735,46614742.0,189390851.0
2020-06-12,601989,3.99502374,4.05465096,3.975148,4.05465096,79354818.0,320547723.0
2020-06-15,601989,4.03477522,4.03477522,3.99502374,4.00496161,57561570.0,232645319.0
2020-06-16,601989,4.00496161,4.02483735,4.00496161,4.01489948,49654364.0,200423100.0
2020-06-17,601989,4.03477522,4.08446457,4.02483735,4.04471309,71405432.0,291554066.0
2020-06-18,601989,4.03477522,4.04471309,3.99502374,4.03477522,50430082.0,203798256.0
2020-06-19,601989,4.01489948,4.04471309,4.01489948,4.02483735,56464474.0,228767561.0
2020-06-22,601989,4.03477522,4.04471309,4.01489948,4.03477522,52319120.0,212103753.0
2020-06-23,601989,4.03477522,4.03477522,4.00496161,4.00496161,39177645.0,158174500.0
2020-06-24,601989,4.00496161,4.01489948,3.975148,3.98508587,45055297.0,180928842.0
2020-06-29,601989,3.975148,4.00496161,3.975148,3.98508587,44851966.0,179812115.0
2020-06-30,601989,3.99502374,3.99502374,3.975148,3.975148,40734253.0,163395905.0
2020-07-01,601989,3.98508587,4.00496161,3.95527226,3.99502374,55457581.0,221978892.0
2020-07-02,601989,3.99502374,4.08446457,3.975148,4.0745267,121527481.0,494080488.0
2020-07-03,601989,4.09440244,4.18384327,4.08446457,4.18384327,167067180.0,697637652.0
2020-07-06,601989,4.2732841,4.44222789,4.24347049,4.42235215,271239424.0,1187409879.0
2020-07-07,601989,4.50185511,4.60123381,4.34284919,4.3726628,245558248.0,1099213243.0
2020-07-08,601989,4.34284919,4.80992908,4.33291132,4.80992908,414228704.0,1925605386.0
2020-07-09,601989,4.98881074,5.1676924,4.968935,5.01862435,509183984.0,2585702639.0
2020-07-10,601989,4.95899713,4.95899713,4.72048825,4.78011547,284094784.0,1380458560.0
2020-07-13,601989,4.73042612,4.8695563,4.71055038,4.81986695,214369417.0,1036338779.0
2020-07-14,601989,4.80992908,5.10806518,4.75030186,4.94905926,307567968.0,1536781472.0
2020-07-15,601989,4.90930778,4.93912139,4.72048825,4.74036399,206981250.0,999179687.0
2020-07-16,601989,4.71055038,4.80992908,4.48197937,4.52173085,186740160.0,875365316.0
2020-07-17,601989,4.54160659,4.71055038,4.50185511,4.58135807,148277098.0,686519336.0
2020-07-20,601989,4.6707989,5.03850009,4.64098529,5.03850009,335950320.0,1657791738.0
2020-07-21,601989,5.07825157,5.09812731,4.78011547,4.84968056,287715872.0,1410392260.62
2020-07-22,601989,4.78011547,4.99874861,4.76023973,4.87949417,200269794.0,986578352.9
2020-07-23,601989,4.95899713,5.24719536,4.87949417,5.14781666,516499104.0,2636770999.05
2020-07-24,601989,5.11800305,5.40620128,4.97887287,5.02856222,544879456.0,2819852436.99
2020-07-27,601989,4.97887287,4.99874861,4.7701776,4.8695563,252228758.0,1235500639.78
2020-07-28,601989,4.81986695,5.01862435,4.80992908,4.91924565,194986134.0,965359391.1
2020-07-29,601989,4.8695563,4.91924565,4.80992908,4.91924565,165046157.0,808839380.23
2020-07-30,601989,4.89936991,4.97887287,4.81986695,4.81986695,161315291.0,792026568.86
2020-07-31,601989,4.79005334,4.84968056,4.71055038,4.76023973,164889582.0,790559897.43
2020-08-03,601989,4.79005334,5.03850009,4.79005334,4.98881074,272526640.0,1356871457.2
2020-08-04,601989,4.94905926,4.94905926,4.82980482,4.8695563,187388340.0,918859616.2
2020-08-05,601989,4.82980482,4.968935,4.82980482,4.89936991,165037893.0,814049708.84
2020-08-06,601989,4.87949417,5.00868648,4.8695563,4.93912139,243534618.0,1211911388.24
2020-08-07,601989,4.89936991,5.13787879,4.82980482,5.04843796,390408720.0,1965603786.22
2020-08-10,601989,4.98881074,5.22731962,4.968935,5.02856222,290078032.0,1483377878.02
2020-08-11,601989,4.97887287,5.31676045,4.93912139,5.15775453,514363392.0,2676633468.52
2020-08-12,601989,5.04843796,5.10806518,4.8695563,4.94905926,302373248.0,1514690778.88
2020-08-13,601989,4.95899713,5.01862435,4.89936991,4.94905926,141735616.0,708280718.74
2020-08-14,601989,4.94905926,5.08818944,4.91924565,5.02856222,161644643.0,816550339.99
2020-08-17,601989,5.01862435,5.14781666,4.968935,5.12794092,249353506.0,1272960676.47
2020-08-18,601989,5.12794092,5.19750601,5.04843796,5.07825157,175260675.0,901548076.12
2020-08-19,601989,5.09812731,5.31676045,5.02856222,5.15775453,325626768.0,1695196154.37
2020-08-20,601989,5.07825157,5.12794092,4.97887287,5.01862435,221975327.0,1126186185.48
2020-08-21,601989,5.00868648,5.07825157,4.97887287,5.02856222,99727471.0,503384225.64
2020-08-24,601989,5.01862435,5.0683137,4.97887287,4.99874861,79616606.0,401390875.0
2020-08-25,601989,4.97887287,5.01862435,4.81986695,4.84968056,163857840.0,808683060.55
2020-08-26,601989,4.82980482,4.90930778,4.75030186,4.75030186,112695096.0,545594012.06
2020-08-27,601989,4.73042612,4.80992908,4.68073677,4.79005334,85079358.0,406539549.06
2020-08-28,601989,4.76023973,4.89936991,4.74036399,4.84968056,90296402.0,438824865.25
2020-08-31,601989,4.84968056,4.89936991,4.81986695,4.81986695,91699671.0,448350502.88
2020-09-01,601989,4.8695563,4.93912139,4.84968056,4.87949417,97140787.0,477875766.07
2020-09-02,601989,4.85961843,4.85961843,4.76023973,4.79005334,93238845.0,450689644.93
2020-09-03,601989,4.78011547,4.79005334,4.72048825,4.75030186,79027799.0,377804054.79
2020-09-04,601989,4.71055038,4.72048825,4.6707989,4.69067464,72878226.0,344357299.42
2020-09-07,601989,4.69067464,4.74036399,4.59129594,4.60123381,77337576.0,363136211.87
2020-09-08,601989,4.64098529,4.65092316,4.58135807,4.63104742,58790579.0,272922634.47
2020-09-09,601989,4.58135807,4.72048825,4.5714202,4.66086103,103814291.0,485303009.29
2020-09-10,601989,4.6707989,4.69067464,4.4720415,4.49191724,92916387.0,425901131.53
2020-09-11,601989,4.49191724,4.50185511,4.42235215,4.46210363,57024967.0,255674629.84
2020-09-14,601989,4.44222789,4.48197937,4.43229002,4.45216576,39698638.0,178069168.33
2020-09-15,601989,4.45216576,4.50185511,4.43229002,4.46210363,41996217.0,188774376.33
2020-09-16,601989,4.4720415,4.48197937,4.42235215,4.44222789,39164279.0,175232661.13
2020-09-17,601989,4.44222789,4.45216576,4.33291132,4.39253854,60768851.0,268043215.97
2020-09-18,601989,4.38260067,4.4720415,4.3726628,4.4720415,61006575.0,272371722.13
2020-09-21,601989,4.49191724,4.62110955,4.49191724,4.52173085,95000976.0,435705902.94
2020-09-22,601989,4.48197937,4.50185511,4.42235215,4.43229002,54698315.0,245398108.62
2020-09-23,601989,4.44222789,4.46210363,4.39253854,4.41241428,37418497.0,166489130.37
2020-09-24,601989,4.38260067,4.39253854,4.2732841,4.30309771,65108820.0,282874227.23
2020-09-25,601989,4.31303558,4.36272493,4.2732841,4.30309771,44589925.0,193346993.28
2020-09-28,601989,4.31303558,4.33291132,4.25340836,4.2732841,26918227.0,116120128.02
2020-09-29,601989,4.28322197,4.3726628,4.28322197,4.32297345,57021902.0,248682009.76
2020-09-30,601989,4.32297345,4.36272493,4.2732841,4.31303558,49745512.0,216102760.24
2020-10-09,601989,4.33291132,4.40247641,4.33291132,4.3726628,63486094.0,279228508.22
2020-10-12,601989,4.38260067,4.49191724,4.38260067,4.46210363,82077058.0,366594128.25
2020-10-13,601989,4.46210363,4.46210363,4.40247641,4.43229002,43450404.0,193352754.58
2020-10-14,601989,4.43229002,4.48197937,4.35278706,4.3726628,61065493.0,270581030.62
2020-10-15,601989,4.36272493,4.3726628,4.31303558,4.32297345,47659157.0,208171246.91
2020-10-16,601989,4.32297345,4.35278706,4.30309771,4.32297345,35366766.0,153801275.4
2020-10-19,601989,4.33291132,4.3726628,4.29315984,4.30309771,47942742.0,209002094.54
2020-10-20,601989,4.29315984,4.31303558,4.24347049,4.30309771,42526169.0,183064704.37
2020-10-21,601989,4.29315984,4.30309771,4.23353262,4.26334623,39158118.0,167722981.64
2020-10-22,601989,4.24347049,4.25340836,4.21365688,4.24347049,32666865.0,139241775.53
2020-10-23,601989,4.25340836,4.28322197,4.24347049,4.25340836,37379706.0,160298968.75
2020-10-26,601989,4.24347049,4.26334623,4.21365688,4.22359475,25160437.0,107231333.88
2020-10-27,601989,4.22359475,4.28322197,4.20371901,4.25340836,36273491.0,155336395.44
2020-10-28,601989,4.24347049,4.25340836,4.18384327,4.23353262,38473710.0,163074725.2
2020-10-29,601989,4.19378114,4.20371901,4.15402966,4.18384327,38175897.0,160568981.17
2020-10-30,601989,4.18384327,4.24347049,4.12421605,4.13415392,52912607.0,222827329.9
2020-11-02,601989,4.10434031,4.11427818,4.00496161,4.02483735,65441481.0,265999222.38
2020-11-03,601989,4.03477522,4.12421605,4.03477522,4.12421605,59204473.0,243700651.2
2020-11-04,601989,4.12421605,4.22359475,4.08446457,4.20371901,80479294.0,337092432.4
2020-11-05,601989,4.24347049,4.28322197,4.23353262,4.25340836,59865537.0,256340801.16
2020-11-06,601989,4.26334623,4.29315984,4.19378114,4.25340836,47806478.0,204152492.66
2020-11-09,601989,4.25340836,4.31303558,4.24347049,4.30309771,59961789.0,258568172.03
2020-11-10,601989,4.32297345,4.34284919,4.22359475,4.24347049,55938393.0,241250228.42
2020-11-11,601989,4.24347049,4.32297345,4.21365688,4.2732841,54967715.0,236351652.84
2020-11-12,601989,4.28322197,4.29315984,4.21365688,4.22359475,41236261.0,175891914.0
2020-11-13,601989,4.22359475,4.25340836,4.16396753,4.19378114,54941387.0,232484644.03
2020-11-16,601989,4.20371901,4.26334623,4.19378114,4.25340836,49331234.0,210233663.78
2020-11-17,601989,4.25340836,4.26334623,4.20371901,4.23353262,37112556.0,157861306.93
2020-11-18,601989,4.23353262,4.28322197,4.21365688,4.25340836,50901748.0,218040852.43
2020-11-19,601989,4.26334623,4.31303558,4.23353262,4.29315984,71139713.0,306726158.46
2020-11-20,601989,4.29315984,4.31303558,4.22359475,4.26334623,71621131.0,306772390.66
2020-11-23,601989,4.26334623,4.33291132,4.24347049,4.32297345,99738114.0,431287255.66
2020-11-24,601989,4.31303558,4.35278706,4.30309771,4.32297345,66752962.0,290552546.32
2020-11-25,601989,4.32297345,4.35278706,4.21365688,4.22359475,87260112.0,375922348.69
2020-11-26,601989,4.22359475,4.35278706,4.20371901,4.33291132,127175634.0,550236343.9
2020-11-27,601989,4.32297345,4.36272493,4.28322197,4.34284919,87674111.0,381170811.71
2020-11-30,601989,4.31303558,4.41241428,4.30309771,4.31303558,106832151.0,469459850.76
2020-12-01,601989,4.32297345,4.3726628,4.28322197,4.35278706,83317911.0,363221259.41
2020-12-02,601989,4.35278706,4.38260067,4.31303558,4.35278706,81294766.0,355598226.54
2020-12-03,601989,4.34284919,4.35278706,4.28322197,4.30309771,67220743.0,291363661.1
2020-12-04,601989,4.29315984,4.32297345,4.24347049,4.29315984,65483344.0,281712600.08
2020-12-07,601989,4.28322197,4.32297345,4.25340836,4.26334623,58920770.0,253954062.7
2020-12-08,601989,4.26334623,4.28322197,4.19378114,4.20371901,61782131.0,263094013.61
2020-12-09,601989,4.21365688,4.31303558,4.16396753,4.19378114,118070138.0,503399024.27
2020-12-10,601989,4.1739054,4.19378114,4.12421605,4.1739054,93324774.0,390516551.38
2020-12-11,601989,4.15402966,4.1739054,4.03477522,4.08446457,170741426.0,701475662.18
2020-12-14,601989,4.05465096,4.0745267,4.02483735,4.05465096,97178167.0,395960879.63
2020-12-15,601989,4.05465096,4.06458883,4.01489948,4.03477522,74407722.0,302446102.88
2020-12-16,601989,4.03477522,4.05465096,4.00496161,4.01489948,63866402.0,258799423.96
2020-12-17,601989,4.01489948,4.05465096,3.98508587,4.05465096,63111062.0,255306701.86
2020-12-18,601989,4.04471309,4.09440244,4.02483735,4.03477522,64866508.0,264808679.02
2020-12-21,601989,4.03477522,4.0745267,4.00496161,4.05465096,60766539.0,247529885.64
2020-12-22,601989,4.04471309,4.05465096,3.98508587,3.99502374,75324820.0,304654534.51
2020-12-23,601989,3.99502374,4.05465096,3.98508587,4.05465096,74279014.0,300472393.45
2020-12-24,601989,4.05465096,4.1739054,4.04471309,4.09440244,142931679.0,591060804.6
2020-12-25,601989,4.05465096,4.08446457,4.01489948,4.0745267,75281227.0,306568872.22
2020-12-28,601989,4.06458883,4.09440244,4.02483735,4.04471309,53615340.0,218312182.81
2020-12-29,601989,4.04471309,4.08446457,4.03477522,4.04471309,62286430.0,254395864.07
2020-12-30,601989,4.04471309,4.0745267,4.01489948,4.05465096,73548511.0,299246317.98
2020-12-31,601989,4.05465096,4.16396753,4.04471309,4.16396753,156774438.0,649688397.13
2021-01-04,601989,4.19378114,4.28322197,4.15402966,4.25340836,173038254.0,736649565.06
2021-01-05,601989,4.22359475,4.29315984,4.19378114,4.21365688,133075697.0,566860558.21
2021-01-06,601989,4.23353262,4.39253854,4.20371901,4.31303558,226761915.0,983695086.83
2021-01-07,601989,4.2732841,4.36272493,4.20371901,4.30309771,181575224.0,780302943.84
2021-01-08,601989,4.2732841,4.29315984,4.19378114,4.22359475,123516060.0,525804917.8
2021-01-11,601989,4.23353262,4.29315984,4.18384327,4.19378114,113926227.0,483983121.5
2021-01-12,601989,4.1739054,4.41241428,4.1739054,4.41241428,240726682.0,1045922174.42
2021-01-13,601989,4.38260067,4.62110955,4.35278706,4.54160659,332711104.0,1503978199.6
2021-01-14,601989,4.4720415,4.71055038,4.42235215,4.44222789,274987536.0,1255569604.3
2021-01-15,601989,4.42235215,4.45216576,4.29315984,4.38260067,165976119.0,728590785.87
2021-01-18,601989,4.38260067,4.51179298,4.36272493,4.4720415,120742444.0,539779776.32
2021-01-19,601989,4.46210363,4.46210363,4.33291132,4.36272493,94994274.0,418940901.34
2021-01-20,601989,4.34284919,4.39253854,4.32297345,4.33291132,64901448.0,284027288.28
2021-01-21,601989,4.31303558,4.34284919,4.29315984,4.30309771,75350426.0,327473228.43
2021-01-22,601989,4.30309771,4.30309771,4.16396753,4.18384327,107786265.0,456459695.42
2021-01-25,601989,4.18384327,4.22359475,4.12421605,4.13415392,71763405.0,301215602.12
2021-01-26,601989,4.10434031,4.10434031,4.03477522,4.06458883,90736550.0,372152900.75
2021-01-27,601989,4.0745267,4.10434031,4.05465096,4.05465096,52778721.0,216749490.88
2021-01-28,601989,4.04471309,4.14409179,4.03477522,4.0745267,53056460.0,218067750.45
2021-01-29,601989,4.0745267,4.10434031,4.02483735,4.05465096,61078950.0,249291338.45
2021-02-01,601989,4.00496161,4.03477522,3.98508587,4.01489948,52517509.0,212251774.34
2021-02-02,601989,4.00496161,4.05465096,4.00496161,4.04471309,39690354.0,161287892.28
2021-02-03,601989,4.03477522,4.06458883,4.00496161,4.01489948,39330168.0,159063182.04
2021-02-04,601989,4.01489948,4.02483735,3.91552078,3.95527226,69049534.0,275246780.38
2021-02-05,601989,3.95527226,4.00496161,3.94533439,3.99502374,41703068.0,166646838.38
2021-02-08,601989,3.99502374,4.02483735,3.96521013,4.02483735,40570291.0,163508295.56
2021-02-09,601989,4.01489948,4.0745267,3.99502374,4.06458883,55089043.0,223906889.82
2021-02-10,601989,4.04471309,4.0745267,4.03477522,4.06458883,43613039.0,178046800.53
2021-02-18,601989,4.10434031,4.14409179,4.09440244,4.11427818,59880295.0,248361112.07
2021-02-19,601989,4.10434031,4.18384327,4.09440244,4.18384327,58815122.0,245689389.52
2021-02-22,601989,4.1739054,4.30309771,4.16396753,4.20371901,112585098.0,480577380.2
2021-02-23,601989,4.18384327,4.25340836,4.1739054,4.18384327,69425892.0,293497205.32
2021-02-24,601989,4.19378114,4.23353262,4.11427818,4.14409179,64591714.0,270737716.94
2021-02-25,601989,4.16396753,4.20371901,4.14409179,4.16396753,67311312.0,282369247.1
2021-02-26,601989,4.11427818,4.14409179,4.08446457,4.09440244,61958077.0,256300861.11
2021-03-01,601989,4.11427818,4.12421605,4.09440244,4.11427818,45817953.0,189521650.85
2021-03-02,601989,4.12421605,4.14409179,4.06458883,4.08446457,50300241.0,207131491.9
2021-03-03,601989,4.08446457,4.13415392,4.0745267,4.13415392,42813172.0,177188837.31
2021-03-04,601989,4.12421605,4.18384327,4.11427818,4.15402966,74375912.0,310632258.54
2021-03-05,601989,4.13415392,4.18384327,4.10434031,4.1739054,58516822.0,244773912.96
2021-03-08,601989,4.18384327,4.21365688,4.11427818,4.11427818,69301769.0,290298429.67
2021-03-09,601989,4.10434031,4.12421605,4.02483735,4.0745267,65703918.0,269633263.43
2021-03-10,601989,4.0745267,4.10434031,4.02483735,4.03477522,45644353.0,186217729.79
2021-03-11,601989,4.04471309,4.0745267,4.02483735,4.0745267,47895730.0,195075636.53
2021-03-12,601989,4.06458883,4.09440244,4.03477522,4.0745267,54115071.0,221465830.64
2021-03-15,601989,4.06458883,4.12421605,4.04471309,4.09440244,50508613.0,207774600.84
2021-03-16,601989,4.09440244,4.10434031,4.05465096,4.08446457,40678456.0,167034553.47
2021-03-17,601989,4.0745267,4.11427818,4.06458883,4.08446457,50540420.0,207828388.15
2021-03-18,601989,4.0745267,4.09440244,4.05465096,4.05465096,43135705.0,176594543.41
2021-03-19,601989,4.04471309,4.0745267,4.02483735,4.06458883,45421575.0,185045346.97
2021-03-22,601989,4.05465096,4.08446457,4.03477522,4.0745267,40716343.0,166541593.27
2021-03-23,601989,4.0745267,4.0745267,4.03477522,4.05465096,38718762.0,157870207.56
2021-03-24,601989,4.03477522,4.06458883,4.02483735,4.03477522,40224029.0,163456015.77
2021-03-25,601989,4.03477522,4.05465096,4.02483735,4.02483735,31184483.0,126595709.54
2021-03-26,601989,4.02483735,4.05465096,4.02483735,4.03477522,28987994.0,117806055.56
2021-03-29,601989,4.03477522,4.0745267,4.02483735,4.04471309,43401761.0,177099321.01
2021-03-30,601989,4.04471309,4.09440244,4.03477522,4.05465096,62107780.0,254396792.3
2021-03-31,601989,4.05465096,4.09440244,4.04471309,4.06458883,48253749.0,197447826.41
2021-04-01,601989,4.06458883,4.08446457,4.04471309,4.05465096,35037986.0,143207115.88
2021-04-02,601989,4.05465096,4.06458883,4.02483735,4.04471309,39384977.0,160343239.39
2021-04-06,601989,4.0745267,4.26334623,4.0745267,4.16396753,152602134.0,639472470.12
2021-04-07,601989,4.1739054,4.29315984,4.13415392,4.22359475,135274050.0,575336142.85
2021-04-08,601989,4.20371901,4.20371901,4.13415392,4.14409179,78140578.0,327216060.9
2021-04-09,601989,4.14409179,4.19378114,4.12421605,4.14409179,51479859.0,215186805.63
2021-04-12,601989,4.15402966,4.19378114,4.11427818,4.12421605,55422410.0,231745598.96
2021-04-13,601989,4.12421605,4.13415392,4.06458883,4.0745267,46236014.0,190069037.26
2021-04-14,601989,4.0745267,4.10434031,4.05465096,4.09440244,42123769.0,172866913.52
2021-04-15,601989,4.08446457,4.11427818,4.06458883,4.09440244,38127619.0,156972075.69
2021-04-16,601989,4.10434031,4.21365688,4.09440244,4.1739054,78864825.0,330011754.19
2021-04-19,601989,4.1739054,4.21365688,4.14409179,4.16396753,85709496.0,359906694.53
2021-04-20,601989,4.14409179,4.18384327,4.14409179,4.15402966,59203607.0,247797798.33
2021-04-21,601989,4.13415392,4.14409179,4.10434031,4.10434031,42296109.0,175163998.17
2021-04-22,601989,4.11427818,4.13415392,4.09440244,4.10434031,36952045.0,152807912.75
2021-04-23,601989,4.10434031,4.11427818,4.05465096,4.06458883,46350257.0,190001072.23
2021-04-26,601989,4.06458883,4.15402966,4.06458883,4.08446457,60358275.0,249519696.43
2021-04-27,601989,4.06458883,4.09440244,4.03477522,4.08446457,42187187.0,172396824.9
2021-04-28,601989,4.08446457,4.09440244,4.05465096,4.0745267,37889059.0,155321218.38
2021-04-29,601989,4.06458883,4.09440244,4.04471309,4.05465096,40831925.0,167025551.15
2021-04-30,601989,4.06458883,4.09440244,4.03477522,4.06458883,59198795.0,242251183.39
2021-05-06,601989,4.0745267,4.21365688,4.06458883,4.16396753,108585027.0,453794699.06
2021-05-07,601989,4.16396753,4.22359475,4.13415392,4.16396753,99760228.0,419197533.14
2021-05-10,601989,4.15402966,4.20371901,4.13415392,4.20371901,98440005.0,413710735.34
2021-05-11,601989,4.18384327,4.21365688,4.15402966,4.21365688,69507756.0,292615170.41
2021-05-12,601989,4.21365688,4.21365688,4.13415392,4.1739054,61755154.0,258794295.11
2021-05-13,601989,4.14409179,4.20371901,4.13415392,4.16396753,59786726.0,251078193.25
2021-05-14,601989,4.16396753,4.20371901,4.13415392,4.20371901,89119664.0,374660440.41
2021-05-17,601989,4.20371901,4.20371901,4.16396753,4.18384327,60970391.0,256565715.97
2021-05-18,601989,4.20371901,4.25340836,4.18384327,4.21365688,103526742.0,439486219.6
2021-05-19,601989,4.20371901,4.20371901,4.15402966,4.18384327,70090326.0,294551079.2
2021-05-20,601989,4.1739054,4.21365688,4.15402966,4.19378114,76130001.0,321350866.18
2021-05-21,601989,4.18384327,4.20371901,4.15402966,4.16396753,56823890.0,238280692.1
2021-05-24,601989,4.15402966,4.19378114,4.15402966,4.16396753,57528544.0,241253912.93
2021-05-25,601989,4.15402966,4.20371901,4.12421605,4.20371901,89968604.0,378160442.32
2021-05-26,601989,4.19378114,4.26334623,4.19378114,4.21365688,91411015.0,389223108.98
2021-05-27,601989,4.21365688,4.22359475,4.1739054,4.19378114,66606330.0,281382987.84
2021-05-28,601989,4.19378114,4.20371901,4.14409179,4.16396753,69342577.0,290798570.31
2021-05-31,601989,4.15402966,4.1739054,4.12421605,4.13415392,77709673.0,323799978.1
2021-06-01,601989,4.13415392,4.13415392,4.11427818,4.13415392,64086380.0,266050166.0
2021-06-02,601989,4.12421605,4.13415392,4.0745267,4.08446457,74268286.0,306634169.46
2021-06-03,601989,4.08446457,4.11427818,4.0745267,4.08446457,53300395.0,219775447.95
2021-06-04,601989,4.08446457,4.11427818,4.0745267,4.09440244,47629489.0,196330174.07
2021-06-07,601989,4.10434031,4.11427818,4.08446457,4.09440244,46104392.0,190058983.12
2021-06-08,601989,4.09440244,4.12421605,4.06458883,4.11427818,74209174.0,305108908.97
2021-06-09,601989,4.11427818,4.12421605,4.08446457,4.08446457,54213135.0,223426613.64
2021-06-10,601989,4.08446457,4.09440244,4.06458883,4.08446457,66397397.0,272781153.7
2021-06-11,601989,4.0745267,4.08446457,4.05465096,4.06458883,82707701.0,338234620.2
2021-06-15,601989,4.06458883,4.08446457,4.05465096,4.05465096,56022610.0,229010369.77
2021-06-16,601989,4.05465096,4.0745267,4.04471309,4.05465096,45870332.0,187426567.08
2021-06-17,601989,4.05465096,4.0745267,4.04471309,4.05465096,41588095.0,169668740.79
2021-06-18,601989,4.04471309,4.06458883,4.03477522,4.05465096,43325881.0,176657930.48
2021-06-21,601989,4.04471309,4.08446457,4.04471309,4.08446457,57704525.0,235744378.18
2021-06-22,601989,4.0745267,4.09440244,4.06458883,4.08446457,60565702.0,248556570.3
2021-06-23,601989,4.0745267,4.08446457,4.05465096,4.06458883,43310301.0,177225261.29
2021-06-24,601989,4.05465096,4.08446457,4.04471309,4.06458883,48096300.0,196824608.0
2021-06-25,601989,4.06458883,4.09440244,4.04471309,4.08446457,60335071.0,247147598.63
2021-06-28,601989,4.08446457,4.09440244,4.05465096,4.06458883,47537081.0,194686700.48
2021-06-29,601989,4.06458883,4.08446457,4.04471309,4.05465096,46181535.0,188736494.5
2021-06-30,601989,4.05465096,4.10434031,4.04471309,4.09440244,65019370.0,266831588.52
2021-07-01,601989,4.10434031,4.11427818,4.06458883,4.0745267,77444562.0,319266350.65
2021-07-02,601989,4.11427818,4.18384327,4.10434031,4.13415392,129663204.0,540002536.17
2021-07-05,601989,4.13415392,4.18384327,4.11427818,4.14409179,76239174.0,317839546.8
2021-07-06,601989,4.13415392,4.14409179,4.09440244,4.11427818,56472824.0,233690484.52
2021-07-07,601989,4.11427818,4.12421605,4.08446457,4.09440244,47003394.0,193754715.21
2021-07-08,601989,4.08446457,4.09440244,4.06458883,4.06458883,56545912.0,231865905.08
2021-07-09,601989,4.06458883,4.0745267,4.04471309,4.06458883,55216531.0,225491341.17
2021-07-12,601989,4.08446457,4.08446457,4.05465096,4.06458883,66849700.0,273682190.86
2021-07-13,601989,4.06458883,4.0745267,4.04471309,4.06458883,65832780.0,268912585.0
2021-07-14,601989,4.05465096,4.06458883,4.00496161,4.01489948,74173099.0,301049557.96
2021-07-15,601989,4.00496161,4.02483735,3.975148,4.00496161,65681560.0,264369905.6
2021-07-16,601989,4.00496161,4.03477522,3.96521013,4.01489948,86083487.0,346370243.03
2021-07-19,601989,4.00496161,4.01489948,3.96521013,3.96521013,71053272.0,284651176.04
2021-07-20,601989,3.95527226,4.00496161,3.94533439,3.98508587,47757503.0,191214031.8
2021-07-21,601989,3.99502374,4.00496161,3.96521013,3.98508587,54556778.0,218765886.01
2021-07-22,601989,3.975148,3.99502374,3.95527226,3.98508587,56167111.0,224810724.08
2021-07-23,601989,3.98508587,4.04471309,3.96521013,4.03477522,99026855.0,398769616.92
2021-07-26,601989,4.01489948,4.0745267,3.91552078,3.91552078,243667407.0,978131546.25
2021-07-27,601989,3.90558291,3.94533439,3.82607995,3.82607995,196275872.0,765196782.02
2021-07-28,601989,3.81614208,3.82607995,3.75651486,3.7763906,97542290.0,371548741.28
2021-07-29,601989,3.80620421,3.80620421,3.7763906,3.80620421,61097078.0,233154404.27
2021-07-30,601989,3.79626634,3.80620421,3.76645273,3.78632847,62540352.0,238172944.81
2021-08-02,601989,3.78632847,3.89564504,3.76645273,3.88570717,96134660.0,371713887.78
2021-08-03,601989,3.8757693,3.92545865,3.85589356,3.86583143,71540816.0,279733063.3
2021-08-04,601989,3.85589356,3.88570717,3.84595569,3.8757693,59782665.0,232722882.8
2021-08-05,601989,3.8757693,4.1739054,3.85589356,4.08446457,302228096.0,1231340125.51
2021-08-06,601989,4.04471309,4.10434031,4.00496161,4.02483735,149916360.0,609385732.34
2021-08-09,601989,4.03477522,4.0745267,3.99502374,4.01489948,86261494.0,349522443.0
2021-08-10,601989,4.00496161,4.06458883,3.99502374,4.04471309,94695491.0,384821111.0
2021-08-11,601989,4.03477522,4.05465096,4.00496161,4.01489948,87531322.0,354642116.58
2021-08-12,601989,4.02483735,4.04471309,3.98508587,3.98508587,64835678.0,261173086.82
2021-08-13,601989,3.99502374,4.08446457,3.96521013,3.99502374,175941164.0,711193387.21
2021-08-16,601989,3.99502374,4.06458883,3.975148,3.98508587,92224970.0,371989469.66
2021-08-17,601989,3.98508587,4.02483735,3.96521013,3.975148,98399746.0,395175906.56
2021-08-18,601989,3.975148,4.00496161,3.94533439,3.99502374,79678209.0,318900154.47
2021-08-19,601989,3.98508587,3.99502374,3.95527226,3.975148,82625573.0,329999396.89
2021-08-20,601989,3.95527226,3.98508587,3.90558291,3.92545865,109502790.0,433704832.29
2021-08-23,601989,3.92545865,4.02483735,3.91552078,4.00496161,135266902.0,542441629.67
2021-08-24,601989,3.98508587,4.03477522,3.96521013,4.02483735,131274738.0,528772595.78
2021-08-25,601989,4.01489948,4.29315984,4.00496161,4.21365688,413954208.0,1737919152.07
2021-08-26,601989,4.18384327,4.3726628,4.15402966,4.26334623,403520992.0,1734928511.13
2021-08-27,601989,4.24347049,4.29315984,4.16396753,4.1739054,198075276.0,839546993.41
2021-08-30,601989,4.23353262,4.29315984,4.10434031,4.13415392,200142036.0,843650685.57
2021-08-31,601989,4.12421605,4.41241428,4.10434031,4.34284919,348274960.0,1507580350.97
2021-09-01,601989,4.34284919,4.62110955,4.33291132,4.4720415,400626224.0,1808322987.55
2021-09-02,601989,4.50185511,4.52173085,4.35278706,4.44222789,280560848.0,1243796393.02
2021-09-03,601989,4.43229002,4.44222789,4.28322197,4.31303558,278153504.0,1217531438.67
2021-09-06,601989,4.33291132,4.41241428,4.31303558,4.3726628,199423328.0,875723675.35
2021-09-07,601989,4.3726628,4.65092316,4.34284919,4.59129594,381932880.0,1728751933.94
2021-09-08,601989,4.55154446,4.71055038,4.52173085,4.62110955,329818144.0,1533421698.11
2021-09-09,601989,4.58135807,4.84968056,4.53166872,4.75030186,395818144.0,1879872164.4
2021-09-10,601989,4.75030186,4.84968056,4.63104742,4.64098529,329493984.0,1564669426.05
2021-09-13,601989,4.62110955,4.88943204,4.58135807,4.81986695,309133008.0,1487062480.48
2021-09-14,601989,4.79005334,4.81986695,4.59129594,4.61117168,280252000.0,1324384455.55
2021-09-15,601989,4.61117168,4.68073677,4.5714202,4.61117168,163311879.0,759165732.36
2021-09-16,601989,4.62110955,4.71055038,4.4720415,4.49191724,227005048.0,1046972556.36
2021-09-17,601989,4.5714202,4.63104742,4.41241428,4.54160659,201361771.0,918879631.31
2021-09-22,601989,4.4720415,4.81986695,4.42235215,4.78011547,357228208.0,1691935966.87
2021-09-23,601989,4.75030186,5.04843796,4.74036399,4.98881074,443244960.0,2187903109.5
2021-09-24,601989,4.968935,5.01862435,4.80992908,4.85961843,237758520.0,1174513178.04
2021-09-27,601989,4.83974269,4.8695563,4.4720415,4.56148233,277068656.0,1294245720.36
2021-09-28,601989,4.53166872,4.64098529,4.49191724,4.5714202,156090675.0,717254608.58
2021-09-29,601989,4.52173085,4.53166872,4.32297345,4.3726628,180334074.0,799578198.26
2021-09-30,601989,4.38260067,4.45216576,4.34284919,4.38260067,102250809.0,452509430.89
2021-10-08,601989,4.46210363,4.53166872,4.40247641,4.44222789,104354700.0,467512114.53
2021-10-11,601989,4.41241428,4.46210363,4.33291132,4.40247641,122203127.0,538969716.64
2021-10-12,601989,4.36272493,4.39253854,4.18384327,4.23353262,150907648.0,647725482.96
2021-10-13,601989,4.22359475,4.29315984,4.1739054,4.2732841,105410397.0,448409716.18
2021-10-14,601989,4.26334623,4.30309771,4.24347049,4.26334623,71578954.0,307877044.83
2021-10-15,601989,4.26334623,4.29315984,4.22359475,4.22359475,63431994.0,271160856.15
2021-10-18,601989,4.21365688,4.30309771,4.20371901,4.26334623,88320711.0,377541247.67
2021-10-19,601989,4.24347049,4.2732841,4.20371901,4.24347049,74252112.0,315887894.0
2021-10-20,601989,4.22359475,4.26334623,4.18384327,4.22359475,81261302.0,345173987.9
2021-10-21,601989,4.21365688,4.25340836,4.13415392,4.14409179,100200923.0,422272114.2
2021-10-22,601989,4.13415392,4.25340836,4.12421605,4.16396753,94120777.0,397250717.76
2021-10-25,601989,4.14409179,4.21365688,4.12421605,4.21365688,73721145.0,309685684.71
2021-10-26,601989,4.20371901,4.21365688,4.13415392,4.16396753,65573901.0,275240821.17
2021-10-27,601989,4.20371901,4.21365688,4.09440244,4.11427818,81470075.0,339944993.98
2021-10-28,601989,4.0745267,4.11427818,4.00496161,4.03477522,93324199.0,379949778.11
2021-10-29,601989,4.03477522,4.12421605,4.01489948,4.11427818,83773296.0,343571264.88
2021-11-01,601989,4.09440244,4.14409179,4.0745267,4.10434031,69349406.0,286349427.8
2021-11-02,601989,4.12421605,4.46210363,4.10434031,4.40247641,312952032.0,1343122610.37
2021-11-03,601989,4.2732841,4.28322197,4.19378114,4.23353262,179280708.0,763856662.61
2021-11-04,601989,4.21365688,4.2732841,4.15402966,4.23353262,120129614.0,509054360.26
2021-11-05,601989,4.21365688,4.21365688,4.09440244,4.10434031,114099966.0,475875386.38
2021-11-08,601989,4.08446457,4.10434031,4.05465096,4.10434031,67653396.0,277816533.42
2021-11-09,601989,4.09440244,4.1739054,4.05465096,4.14409179,94022370.0,390007185.9
2021-11-10,601989,4.12421605,4.18384327,4.09440244,4.13415392,83054167.0,345843848.48
2021-11-11,601989,4.11427818,4.16396753,4.11427818,4.14409179,72798635.0,303028622.14
2021-11-12,601989,4.13415392,4.20371901,4.12421605,4.18384327,100311353.0,420944284.21
2021-11-15,601989,4.1739054,4.33291132,4.15402966,4.21365688,137777013.0,588215056.79
2021-11-16,601989,4.19378114,4.22359475,4.11427818,4.12421605,94201970.0,394876265.53
2021-11-17,601989,4.11427818,4.16396753,4.08446457,4.13415392,70540304.0,292858123.6
2021-11-18,601989,4.11427818,4.18384327,4.10434031,4.15402966,75042166.0,313705583.55
2021-11-19,601989,4.14409179,4.18384327,4.11427818,4.16396753,69815677.0,291522705.46
2021-11-22,601989,4.14409179,4.19378114,4.13415392,4.16396753,76022165.0,319047053.8
2021-11-23,601989,4.15402966,4.24347049,4.14409179,4.21365688,116299550.0,491520989.25
2021-11-24,601989,4.20371901,4.23353262,4.1739054,4.18384327,74257800.0,313013604.0
2021-11-25,601989,4.18384327,4.19378114,4.13415392,4.14409179,66957306.0,280088600.68
2021-11-26,601989,4.13415392,4.14409179,4.10434031,4.11427818,67572241.0,280189632.53
2021-11-29,601989,4.0745267,4.11427818,4.05465096,4.08446457,77709239.0,319129390.74
2021-11-30,601989,4.08446457,4.20371901,4.0745267,4.14409179,132129434.0,551495999.87
2021-12-01,601989,4.12421605,4.13415392,4.10434031,4.12421605,77556868.0,321320580.34
2021-12-02,601989,4.12421605,4.16396753,4.10434031,4.13415392,88949511.0,370871288.7
2021-12-03,601989,4.13415392,4.18384327,4.12421605,4.16396753,103250395.0,431961592.85
2021-12-06,601989,4.1739054,4.23353262,4.14409179,4.16396753,125144800.0,526910840.47
2021-12-07,601989,4.1739054,4.18384327,4.11427818,4.14409179,108343887.0,451002672.52
2021-12-08,601989,4.14409179,4.22359475,4.13415392,4.21365688,152196862.0,641791038.15
2021-12-09,601989,4.20371901,4.26334623,4.18384327,4.25340836,148158434.0,631428385.75
2021-12-10,601989,4.23353262,4.25340836,4.20371901,4.25340836,99132860.0,421414938.96
2021-12-13,601989,4.25340836,4.28322197,4.20371901,4.21365688,97883299.0,417787434.15
2021-12-14,601989,4.21365688,4.25340836,4.20371901,4.24347049,95082176.0,405467045.77
2021-12-15,601989,4.22359475,4.30309771,4.21365688,4.22359475,90470514.0,386889764.22
2021-12-16,601989,4.22359475,4.24347049,4.20371901,4.22359475,84741165.0,359654602.75
2021-12-17,601989,4.23353262,4.2732841,4.20371901,4.21365688,88821515.0,378284241.8
2021-12-20,601989,4.20371901,4.21365688,4.15402966,4.15402966,95955916.0,403833058.91
2021-12-21,601989,4.15402966,4.19378114,4.14409179,4.19378114,85081450.0,357156190.5
2021-12-22,601989,4.19378114,4.19378114,4.16396753,4.1739054,58469761.0,245665344.96
2021-12-23,601989,4.1739054,4.18384327,4.14409179,4.15402966,62808283.0,262927995.27
2021-12-24,601989,4.14409179,4.15402966,4.10434031,4.11427818,80990412.0,336124435.68
2021-12-27,601989,4.11427818,4.13415392,4.10434031,4.13415392,55309962.0,229484717.46
2021-12-28,601989,4.11427818,4.15402966,4.11427818,4.14409179,56175994.0,233492500.61
2021-12-29,601989,4.18384327,4.28322197,4.1739054,4.18384327,152625095.0,646586049.7
2021-12-30,601989,4.16396753,4.21365688,4.15402966,4.19378114,95398981.0,401040632.46
2021-12-31,601989,4.18384327,4.20371901,4.1739054,4.19378114,76144571.0,321094738.81
2022-01-04,601989,4.19378114,4.24347049,4.18384327,4.22359475,98651888.0,418598892.19
2022-01-05,601989,4.23353262,4.24347049,4.16396753,4.18384327,91585429.0,386683896.64
2022-01-06,601989,4.16396753,4.23353262,4.15402966,4.20371901,89549185.0,377954342.02
2022-01-07,601989,4.20371901,4.25340836,4.19378114,4.22359475,106748500.0,454154516.54
2022-01-10,601989,4.22359475,4.24347049,4.20371901,4.23353262,77106796.0,327592707.69
2022-01-11,601989,4.22359475,4.23353262,4.1739054,4.18384327,96821422.0,408975444.31
2022-01-12,601989,4.18384327,4.21365688,4.1739054,4.20371901,67021039.0,282595555.83
2022-01-13,601989,4.22359475,4.23353262,4.18384327,4.19378114,91827062.0,389281243.19
2022-01-14,601989,4.18384327,4.19378114,4.12421605,4.13415392,91435257.0,382663459.4
2022-01-17,601989,4.12421605,4.16396753,4.11427818,4.14409179,59679756.0,248965375.27
2022-01-18,601989,4.15402966,4.16396753,4.12421605,4.14409179,54187795.0,225814898.68
2022-01-19,601989,4.13415392,4.16396753,4.11427818,4.13415392,61519636.0,256204822.25
2022-01-20,601989,4.13415392,4.14409179,4.11427818,4.12421605,66775314.0,277246176.76
2022-01-21,601989,4.11427818,4.12421605,4.0745267,4.0745267,74685306.0,307245238.19
2022-01-24,601989,4.04471309,4.0745267,4.02483735,4.05465096,54269449.0,221383319.92
2022-01-25,601989,4.0745267,4.09440244,3.98508587,3.98508587,96369082.0,391030806.82
2022-01-26,601989,3.98508587,4.02483735,3.975148,4.01489948,53582605.0,215508852.41
2022-01-27,601989,4.00496161,4.01489948,3.95527226,3.95527226,62794041.0,251046362.94
2022-01-28,601989,3.95527226,3.99502374,3.94533439,3.96521013,58095321.0,232111649.29
2022-02-07,601989,3.98508587,4.05465096,3.98508587,4.04471309,62113607.0,251419384.48
2022-02-08,601989,4.04471309,4.09440244,4.03477522,4.09440244,54759673.0,223656833.01
2022-02-09,601989,4.08446457,4.11427818,4.0745267,4.09440244,74573369.0,307378987.64
2022-02-10,601989,4.09440244,4.10434031,4.0745267,4.09440244,53361681.0,219571916.7
2022-02-11,601989,4.08446457,4.09440244,4.05465096,4.05465096,59083662.0,242010586.91
2022-02-14,601989,4.05465096,4.10434031,4.04471309,4.0745267,57239640.0,234356940.0
2022-02-15,601989,4.06458883,4.0745267,4.04471309,4.06458883,36873195.0,150619903.6
2022-02-16,601989,4.0745267,4.08446457,4.04471309,4.06458883,41364481.0,169204166.5
2022-02-17,601989,4.06458883,4.06458883,4.03477522,4.03477522,46186893.0,188138732.98
2022-02-18,601989,4.02483735,4.05465096,3.99502374,4.05465096,66238962.0,268129419.14
2022-02-21,601989,4.04471309,4.06458883,4.03477522,4.05465096,49859120.0,203154911.41
2022-02-22,601989,4.05465096,4.0745267,4.02483735,4.02483735,62000112.0,252426847.53
2022-02-23,601989,4.02483735,4.0745267,4.01489948,4.06458883,69269642.0,282029982.34
2022-02-24,601989,4.05465096,4.14409179,4.01489948,4.09440244,180846464.0,741991876.56
2022-02-25,601989,4.06458883,4.06458883,4.03477522,4.05465096,86343539.0,351750219.06
2022-02-28,601989,4.04471309,4.10434031,4.02483735,4.08446457,88129944.0,361406000.0
2022-03-01,601989,4.0745267,4.10434031,4.06458883,4.10434031,75922326.0,312498592.0
2022-03-02,601989,4.10434031,4.10434031,4.0745267,4.08446457,57440308.0,235977988.0
2022-03-03,601989,4.0745267,4.09440244,4.06458883,4.09440244,69834472.0,286833920.0
2022-03-04,601989,4.0745267,4.08446457,4.03477522,4.04471309,76186986.0,310764016.0
2022-03-07,601989,4.02483735,4.03477522,3.98508587,3.98508587,72400774.0,292100944.0
2022-03-08,601989,3.975148,3.99502374,3.94533439,3.94533439,95806384.0,382250272.0
2022-03-09,601989,3.94533439,3.96521013,3.72670125,3.88570717,125338096.0,488596480.0
2022-03-10,601989,3.92545865,3.94533439,3.8757693,3.88570717,64772405.0,254996245.0
2022-03-11,601989,3.84595569,3.90558291,3.78632847,3.89564504,67016474.0,258829300.0
2022-03-14,601989,3.85589356,3.92545865,3.84595569,3.85589356,58178680.0,227282109.0
2022-03-15,601989,3.83601782,3.83601782,3.72670125,3.72670125,102209252.0,388481712.0
2022-03-16,601989,3.74657699,3.81614208,3.69688764,3.80620421,83112237.0,314293232.0
2022-03-17,601989,3.82607995,3.85589356,3.80620421,3.81614208,67334595.0,259373297.0
2022-03-18,601989,3.79626634,3.84595569,3.78632847,3.84595569,51861630.0,199413534.01
2022-03-21,601989,3.84595569,3.84595569,3.78632847,3.82607995,52832331.0,203084330.08
2022-03-22,601989,3.80620421,3.88570717,3.80620421,3.85589356,58702742.0,227205355.12
2022-03-23,601989,3.84595569,3.88570717,3.83601782,3.85589356,45993862.0,178553619.46
2022-03-24,601989,3.84595569,3.84595569,3.80620421,3.81614208,40993086.0,157739384.24
2022-03-25,601989,3.80620421,3.84595569,3.79626634,3.80620421,43869683.0,168528099.89
2022-03-28,601989,3.78632847,3.81614208,3.74657699,3.80620421,47427169.0,180761823.42
2022-03-29,601989,3.81614208,3.83601782,3.78632847,3.80620421,42463615.0,162750291.01
2022-03-30,601989,3.80620421,3.83601782,3.78632847,3.82607995,52923005.0,203139599.2
2022-03-31,601989,3.81614208,3.82607995,3.79626634,3.80620421,44048912.0,168984917.34
2022-04-01,601989,3.79626634,3.82607995,3.7763906,3.81614208,44341600.0,169890911.0
2022-04-06,601989,3.81614208,3.84595569,3.79626634,3.83601782,57185254.0,220275150.39
2022-04-07,601989,3.83601782,3.88570717,3.81614208,3.81614208,63215169.0,244710748.96
2022-04-08,601989,3.81614208,3.83601782,3.79626634,3.82607995,52961152.0,203364153.56
2022-04-11,601989,3.82607995,3.82607995,3.75651486,3.76645273,63661593.0,242575879.13
2022-04-12,601989,3.76645273,3.85589356,3.74657699,3.85589356,87071348.0,333446507.78
2022-04-13,601989,3.83601782,3.84595569,3.79626634,3.80620421,52995728.0,203745070.18
2022-04-14,601989,3.80620421,3.83601782,3.80620421,3.81614208,47558115.0,182820332.13
2022-04-15,601989,3.82607995,3.8757693,3.80620421,3.86583143,86076345.0,333032680.03
2022-04-18,601989,3.84595569,3.86583143,3.80620421,3.85589356,67195012.0,259123711.35
2022-04-19,601989,3.83601782,3.8757693,3.82607995,3.85589356,40305846.0,156097419.02
2022-04-20,601989,3.85589356,3.8757693,3.82607995,3.83601782,43472483.0,168488286.05
2022-04-21,601989,3.82607995,3.83601782,3.76645273,3.78632847,65159621.0,249234605.28
2022-04-22,601989,3.76645273,3.82607995,3.70682551,3.80620421,73287333.0,278434882.39
2022-04-25,601989,3.75651486,3.78632847,3.63726042,3.64719829,103413824.0,386778472.63
2022-04-26,601989,3.63726042,3.65713616,3.43850302,3.46831663,107067905.0,383657092.52
2022-04-27,601989,3.42856515,3.51800598,3.33912432,3.48819237,99692777.0,343731513.66
2022-04-28,601989,3.45837876,3.49813024,3.43850302,3.48819237,61548677.0,214922232.96
2022-04-29,601989,3.4782545,3.56769533,3.46831663,3.54781959,75039179.0,265454975.1
2022-05-05,601989,3.54781959,3.59750894,3.52794385,3.54781959,68890010.0,247146315.7
2022-05-06,601989,3.49813024,3.51800598,3.45837876,3.46831663,69423017.0,243129190.76
2022-05-09,601989,3.45837876,3.51800598,3.43850302,3.49813024,48676538.0,171068087.54
2022-05-10,601989,3.46831663,3.52794385,3.44844089,3.50806811,45497974.0,159987294.81
2022-05-11,601989,3.50806811,3.55775746,3.49813024,3.50806811,65556328.0,232993805.68
2022-05-12,601989,3.49813024,3.51800598,3.46831663,3.49813024,54056600.0,190006332.0
2022-05-13,601989,3.49813024,3.51800598,3.4782545,3.50806811,44863719.0,157849911.08
2022-05-16,601989,3.50806811,3.52794385,3.48819237,3.48819237,43228610.0,152405712.09
2022-05-17,601989,3.4782545,3.48819237,3.44844089,3.4782545,41032151.0,143370149.49
2022-05-18,601989,3.4782545,3.50806811,3.46831663,3.48819237,39184772.0,137650036.72
2022-05-19,601989,3.45837876,3.50806811,3.43850302,3.49813024,61421197.0,214567541.4
2022-05-20,601989,3.48819237,3.51800598,3.4782545,3.51800598,49355772.0,174118753.45
2022-05-23,601989,3.51800598,3.54781959,3.50806811,3.54781959,62499075.0,221867441.44
2022-05-24,601989,3.53788172,3.59750894,3.44844089,3.44844089,99752583.0,353577996.36
2022-05-25,601989,3.45837876,3.49813024,3.43850302,3.49813024,69504846.0,242692873.08
2022-05-26,601989,3.49813024,3.56769533,3.4782545,3.55775746,95167331.0,338042731.3
2022-05-27,601989,3.55775746,3.5776332,3.50806811,3.54781959,64322510.0,229514502.33
2022-05-30,601989,3.55775746,3.62732255,3.54781959,3.61738468,99043432.0,358164369.7
2022-05-31,601989,3.62732255,3.63726042,3.58757107,3.62732255,67186129.0,244342254.16
2022-06-01,601989,3.61738468,3.72670125,3.60744681,3.68694977,108020304.0,398498697.76
2022-06-02,601989,3.65713616,3.6770119,3.62732255,3.66707403,69268148.0,254741633.49
2022-06-06,601989,3.65713616,3.65713616,3.60744681,3.63726042,72716497.0,265790792.92
2022-06-07,601989,3.62732255,3.65713616,3.60744681,3.63726042,64490865.0,235620926.17
2022-06-08,601989,3.63726042,3.64719829,3.58757107,3.63726042,75969721.0,276778584.35
2022-06-09,601989,3.62732255,3.64719829,3.59750894,3.60744681,73349710.0,267158714.11
2022-06-10,601989,3.58757107,3.62732255,3.5776332,3.61738468,85729798.0,310706205.33
2022-06-13,601989,3.59750894,3.63726042,3.58757107,3.62732255,86015705.0,312573300.74
2022-06-14,601989,3.59750894,3.62732255,3.52794385,3.62732255,91965882.0,331402646.04
2022-06-15,601989,3.62732255,3.75651486,3.61738468,3.69688764,174096283.0,649392943.66
2022-06-16,601989,3.69688764,3.72670125,3.66707403,3.69688764,84094689.0,312630604.66
2022-06-17,601989,3.6770119,3.74657699,3.64719829,3.71676338,93836112.0,348956796.12
2022-06-20,601989,3.69688764,3.72670125,3.68694977,3.69688764,69891056.0,260417969.44
2022-06-21,601989,3.69688764,3.72670125,3.6770119,3.69688764,56544251.0,210660605.12
2022-06-22,601989,3.70682551,3.73663912,3.68694977,3.69688764,63486811.0,236925300.71
2022-06-23,601989,3.68694977,3.70682551,3.65713616,3.70682551,59292199.0,220049241.24
2022-06-24,601989,3.69688764,3.74657699,3.68694977,3.70682551,71297641.0,266708028.31
2022-06-27,601989,3.70682551,3.72670125,3.70682551,3.70682551,49494577.0,185023604.97
2022-06-28,601989,3.70682551,3.75651486,3.69688764,3.74657699,68491745.0,257557072.57
2022-06-29,601989,3.72670125,3.73663912,3.6770119,3.6770119,68817285.0,256723616.1
2022-06-30,601989,3.6770119,3.70682551,3.6770119,3.68694977,42961583.0,159535504.62
2022-07-01,601989,3.68694977,3.69688764,3.65713616,3.66707403,53059741.0,196347088.77
2022-07-04,601989,3.66707403,3.68694977,3.64719829,3.68694977,45355546.0,167646292.02
2022-07-05,601989,3.68694977,3.68694977,3.63726042,3.66707403,53183243.0,195996498.57
2022-07-06,601989,3.65713616,3.66707403,3.60744681,3.62732255,48703243.0,178250346.24
2022-07-07,601989,3.62732255,3.65713616,3.60744681,3.63726042,41944641.0,153679424.06
2022-07-08,601989,3.64719829,3.66707403,3.62732255,3.64719829,41204460.0,151361039.6
2022-07-11,601989,3.64719829,3.64719829,3.59750894,3.62732255,46136239.0,167796495.0
2022-07-12,601989,3.61738468,3.63726042,3.59750894,3.60744681,35127486.0,127907999.18
2022-07-13,601989,3.60744681,3.64719829,3.59750894,3.63726042,49473708.0,180748266.42
2022-07-14,601989,3.62732255,3.82607995,3.61738468,3.72670125,154390282.0,580554736.65
2022-07-15,601989,3.66707403,3.69688764,3.52794385,3.52794385,136850357.0,497361259.88
2022-07-18,601989,3.53788172,3.59750894,3.52794385,3.58757107,54912255.0,197019687.38
2022-07-19,601989,3.58757107,3.71676338,3.56769533,3.69688764,96548516.0,355060296.81
2022-07-20,601989,3.69688764,3.84595569,3.6770119,3.81614208,187982261.0,715594563.56
2022-07-21,601989,3.79626634,3.81614208,3.73663912,3.7763906,109959246.0,418306402.56
2022-07-22,601989,3.7763906,3.83601782,3.75651486,3.79626634,89007145.0,339700324.61
2022-07-25,601989,3.79626634,3.84595569,3.76645273,3.78632847,70423171.0,269496209.66
2022-07-26,601989,3.78632847,3.78632847,3.72670125,3.74657699,59589207.0,224620083.16
2022-07-27,601989,3.74657699,3.82607995,3.73663912,3.78632847,74594000.0,285055775.0
2022-07-28,601989,3.78632847,3.80620421,3.75651486,3.79626634,64461859.0,245623352.53
2022-07-29,601989,3.79626634,3.79626634,3.71676338,3.73663912,70586764.0,266306512.69
2022-08-01,601989,3.74657699,3.78632847,3.73663912,3.73663912,51978467.0,196502309.6
2022-08-02,601989,3.79626634,3.81614208,3.69688764,3.73663912,163302135.0,618138316.01
2022-08-03,601989,3.6770119,3.83601782,3.64719829,3.80620421,205467512.0,781814769.56
2022-08-04,601989,3.7763906,3.79626634,3.72670125,3.74657699,108097832.0,408775414.0
2022-08-05,601989,3.74657699,3.76645273,3.68694977,3.73663912,72110520.0,270178167.0
2022-08-08,601989,3.72670125,3.7763906,3.71676338,3.76645273,65775550.0,248434223.0
2022-08-09,601989,3.74657699,3.7763906,3.70682551,3.7763906,63306529.0,238434308.0
2022-08-10,601989,3.75651486,3.7763906,3.70682551,3.72670125,70131101.0,263627126.0
2022-08-11,601989,3.72670125,3.82607995,3.71676338,3.81614208,164743261.0,629702797.0
2022-08-12,601989,3.81614208,3.81614208,3.76645273,3.76645273,77537185.0,294892753.0
2022-08-15,601989,3.76645273,3.78632847,3.74657699,3.75651486,65694005.0,248767797.97
2022-08-16,601989,3.74657699,3.79626634,3.73663912,3.7763906,64548886.0,245097014.51
2022-08-17,601989,3.76645273,3.88570717,3.75651486,3.8757693,181610360.0,701700801.6
2022-08-18,601989,3.86583143,3.90558291,3.83601782,3.83601782,95824157.0,372470352.1
2022-08-19,601989,3.84595569,3.85589356,3.79626634,3.79626634,82275310.0,315878619.2
2022-08-22,601989,3.78632847,3.86583143,3.7763906,3.83601782,89017474.0,342762982.94
2022-08-23,601989,3.82607995,3.83601782,3.78632847,3.82607995,63967088.0,245159908.06
2022-08-24,601989,3.83601782,3.8757693,3.72670125,3.72670125,104463338.0,397059886.09
2022-08-25,601989,3.73663912,3.82607995,3.71676338,3.79626634,107298533.0,408845903.86
2022-08-26,601989,3.82607995,3.82607995,3.74657699,3.74657699,76832662.0,292631599.78
2022-08-29,601989,3.69688764,3.81614208,3.68694977,3.79626634,95089474.0,360120715.9
2022-08-30,601989,3.7763906,3.83601782,3.75651486,3.81614208,97704028.0,373099328.13
2022-08-31,601989,3.81614208,3.84595569,3.74657699,3.76645273,96247258.0,367816136.05
2022-09-01,601989,3.75651486,3.80620421,3.73663912,3.73663912,56864635.0,215471704.46
2022-09-02,601989,3.73663912,3.82607995,3.72670125,3.75651486,87562278.0,332581709.38
2022-09-05,601989,3.76645273,3.83601782,3.75651486,3.82607995,110286751.0,421605509.48
2022-09-06,601989,3.84595569,3.96521013,3.83601782,3.94533439,202398222.0,799505289.7
2022-09-07,601989,3.92545865,3.975148,3.89564504,3.93539652,114516748.0,453474291.67
2022-09-08,601989,3.95527226,3.99502374,3.92545865,3.93539652,87691773.0,349458625.5
2022-09-09,601989,3.93539652,3.96521013,3.88570717,3.93539652,93938723.0,370921957.75
2022-09-13,601989,3.93539652,3.94533439,3.85589356,3.86583143,113958137.0,445542590.67
2022-09-14,601989,3.83601782,3.89564504,3.81614208,3.84595569,70527938.0,273307702.92
2022-09-15,601989,3.84595569,3.85589356,3.71676338,3.74657699,123247897.0,467819450.41
2022-09-16,601989,3.74657699,3.75651486,3.62732255,3.63726042,107928093.0,400545512.51
2022-09-19,601989,3.62732255,3.63726042,3.54781959,3.56769533,85508563.0,308069765.65
2022-09-20,601989,3.58757107,3.64719829,3.5776332,3.59750894,62833791.0,228559493.29
2022-09-21,601989,3.58757107,3.62732255,3.54781959,3.60744681,72610091.0,262152236.82
2022-09-22,601989,3.5776332,3.65713616,3.56769533,3.62732255,69414973.0,253145433.07
2022-09-23,601989,3.62732255,3.66707403,3.58757107,3.62732255,62357044.0,227761838.86
2022-09-26,601989,3.62732255,3.63726042,3.48819237,3.49813024,95378274.0,340885719.07
2022-09-27,601989,3.48819237,3.51800598,3.43850302,3.49813024,68216094.0,238531592.02
2022-09-28,601989,3.48819237,3.50806811,3.41862728,3.41862728,63912404.0,221856232.77
2022-09-29,601989,3.43850302,3.44844089,3.38881367,3.40868941,57612000.0,198392405.0
2022-09-30,601989,3.39875154,3.40868941,3.36893793,3.38881367,54691485.0,186398463.6
2022-10-10,601989,3.39875154,3.42856515,3.3788758,3.38881367,57168854.0,195771060.31
2022-10-11,601989,3.38881367,3.38881367,3.33912432,3.3788758,52864280.0,179085695.5
2022-10-12,601989,3.36893793,3.43850302,3.34906219,3.43850302,50158554.0,171127776.74
2022-10-13,601989,3.43850302,3.45837876,3.42856515,3.43850302,42636235.0,147639257.81
2022-10-14,601989,3.44844089,3.49813024,3.44844089,3.48819237,48877697.0,171050238.63
2022-10-17,601989,3.4782545,3.52794385,3.45837876,3.51800598,48047538.0,169384228.6
2022-10-18,601989,3.51800598,3.51800598,3.4782545,3.48819237,37453575.0,131749209.25
2022-10-19,601989,3.48819237,3.56769533,3.46831663,3.51800598,64915886.0,230515774.88
2022-10-20,601989,3.49813024,3.53788172,3.45837876,3.50806811,45445438.0,159910240.7
2022-10-21,601989,3.50806811,3.58757107,3.49813024,3.56769533,68596385.0,245471952.23
2022-10-24,601989,3.5776332,3.61738468,3.50806811,3.53788172,75251853.0,270090387.33
2022-10-25,601989,3.53788172,3.54781959,3.45837876,3.54781959,70446159.0,248634871.55
2022-10-26,601989,3.53788172,3.56769533,3.50806811,3.54781959,43575337.0,155040260.35
2022-10-27,601989,3.53788172,3.55775746,3.50806811,3.52794385,36799727.0,130715040.85
2022-10-28,601989,3.51800598,3.56769533,3.46831663,3.48819237,54514261.0,193254070.58
2022-10-31,601989,3.3788758,3.51800598,3.36893793,3.4782545,80052827.0,277687180.98
2022-11-01,601989,3.46831663,3.52794385,3.44844089,3.51800598,52082064.0,183191561.92
2022-11-02,601989,3.51800598,3.56769533,3.50806811,3.54781959,54942425.0,196111264.1
2022-11-03,601989,3.51800598,3.58757107,3.51800598,3.55775746,50531235.0,181062079.91
2022-11-04,601989,3.54781959,3.59750894,3.53788172,3.59750894,49874190.0,179405050.2
2022-11-07,601989,3.5776332,3.60744681,3.55775746,3.56769533,42039643.0,151233760.36
2022-11-08,601989,3.56769533,3.5776332,3.54781959,3.55775746,37149225.0,133152446.07
2022-11-09,601989,3.56769533,3.59750894,3.54781959,3.55775746,44937573.0,161752148.85
2022-11-10,601989,3.54781959,3.54781959,3.50806811,3.52794385,46268754.0,164223184.9
2022-11-11,601989,3.55775746,3.58757107,3.52794385,3.56769533,68777808.0,246270536.22
2022-11-14,601989,3.56769533,3.5776332,3.53788172,3.54781959,44641227.0,159918514.93
2022-11-15,601989,3.53788172,3.5776332,3.52794385,3.5776332,45659888.0,163556093.0
2022-11-16,601989,3.56769533,3.61738468,3.55775746,3.58757107,53350226.0,192774372.59
2022-11-17,601989,3.56769533,3.5776332,3.53788172,3.56769533,43314775.0,155019380.74
2022-11-18,601989,3.56769533,3.5776332,3.52794385,3.53788172,46950137.0,167800013.61
2022-11-21,601989,3.51800598,3.52794385,3.49813024,3.51800598,41628079.0,147032724.87
2022-11-22,601989,3.50806811,3.70682551,3.50806811,3.62732255,182218871.0,664169655.22
2022-11-23,601989,3.63726042,3.69688764,3.61738468,3.63726042,101297368.0,372456453.1
2022-11-24,601989,3.62732255,3.65713616,3.58757107,3.59750894,63175463.0,229778461.86
2022-11-25,601989,3.58757107,3.64719829,3.58757107,3.62732255,57168433.0,208664414.03
2022-11-28,601989,3.58757107,3.61738468,3.55775746,3.58757107,64671902.0,232978982.62
2022-11-29,601989,3.5776332,3.62732255,3.5776332,3.60744681,60536795.0,219486768.21
2022-11-30,601989,3.61738468,3.63726042,3.60744681,3.61738468,58662022.0,213568298.61
2022-12-01,601989,3.62732255,3.64719829,3.61738468,3.63726042,52512765.0,191949463.25
2022-12-02,601989,3.62732255,3.64719829,3.59750894,3.60744681,48166500.0,175229264.0
2022-12-05,601989,3.62732255,3.82607995,3.61738468,3.76645273,191299678.0,718854572.73
2022-12-06,601989,3.75651486,3.76645273,3.69688764,3.70682551,77373530.0,290003819.65
2022-12-07,601989,3.69688764,3.73663912,3.66707403,3.6770119,63305540.0,235384883.4
2022-12-08,601989,3.6770119,3.72670125,3.66707403,3.68694977,53124034.0,197457713.26
2022-12-09,601989,3.6770119,3.68694977,3.63726042,3.63726042,72769994.0,267308606.18
2022-12-12,601989,3.63726042,3.64719829,3.59750894,3.62732255,51530671.0,187695742.27
2022-12-13,601989,3.62732255,3.64719829,3.60744681,3.63726042,45986030.0,167960708.82
2022-12-14,601989,3.63726042,3.64719829,3.60744681,3.61738468,39078325.0,142322435.55
2022-12-15,601989,3.60744681,3.61738468,3.5776332,3.58757107,35774510.0,129276827.0
2022-12-16,601989,3.56769533,3.58757107,3.54781959,3.5776332,40369197.0,144989892.26
2022-12-19,601989,3.5776332,3.58757107,3.49813024,3.51800598,48387365.0,172197976.1
2022-12-20,601989,3.50806811,3.54781959,3.49813024,3.50806811,33071300.0,117266671.0
2022-12-21,601989,3.50806811,3.52794385,3.4782545,3.48819237,33390328.0,117553237.0
2022-12-22,601989,3.49813024,3.50806811,3.44844089,3.45837876,32607769.0,114192423.5
2022-12-23,601989,3.43850302,3.46831663,3.43850302,3.45837876,28693949.0,99711676.8
2022-12-26,601989,3.46831663,3.48819237,3.45837876,3.46831663,27328420.0,95487821.8
2022-12-27,601989,3.48819237,3.49813024,3.46831663,3.48819237,25088632.0,87895221.0
2022-12-28,601989,3.4782545,3.48819237,3.44844089,3.45837876,30091045.0,104976569.02
2022-12-29,601989,3.45837876,3.50806811,3.44844089,3.4782545,35221332.0,123294796.49
2022-12-30,601989,3.4782545,3.49813024,3.46831663,3.46831663,29169545.0,102083048.05
2023-01-03,601989,3.46831663,3.51800598,3.45837876,3.49813024,40026627.0,140602101.7
2023-01-04,601989,3.49813024,3.51800598,3.48819237,3.50806811,33163038.0,116953296.76
2023-01-05,601989,3.50806811,3.53788172,3.49813024,3.50806811,33144002.0,117402101.06
2023-01-06,601989,3.50806811,3.52794385,3.49813024,3.49813024,32723706.0,115683440.12
2023-01-09,601989,3.49813024,3.51800598,3.4782545,3.48819237,49264667.0,173212771.17
2023-01-10,601989,3.48819237,3.48819237,3.44844089,3.45837876,52028092.0,181220851.23
2023-01-11,601989,3.45837876,3.4782545,3.43850302,3.45837876,33687499.0,117301652.52
2023-01-12,601989,3.45837876,3.4782545,3.43850302,3.45837876,31589491.0,109817554.77
2023-01-13,601989,3.45837876,3.4782545,3.43850302,3.46831663,41120120.0,143111180.4
2023-01-16,601989,3.46831663,3.52794385,3.45837876,3.51800598,74122130.0,261402443.9
2023-01-17,601989,3.50806811,3.53788172,3.49813024,3.51800598,53313089.0,188970866.56
2023-01-18,601989,3.51800598,3.53788172,3.50806811,3.51800598,34843219.0,123587045.6
2023-01-19,601989,3.51800598,3.53788172,3.50806811,3.53788172,40696621.0,144249704.41
2023-01-20,601989,3.53788172,3.56769533,3.52794385,3.55775746,47965576.0,171381122.8
2023-01-30,601989,3.5776332,3.61738468,3.5776332,3.5776332,86041085.0,310975096.45
2023-01-31,601989,3.56769533,3.61738468,3.54781959,3.59750894,66626767.0,240786084.88
2023-02-01,601989,3.60744681,3.61738468,3.56769533,3.60744681,70126868.0,253712411.62
2023-02-02,601989,3.60744681,3.61738468,3.5776332,3.58757107,62172466.0,224978752.56
2023-02-03,601989,3.58757107,3.58757107,3.54781959,3.5776332,64693035.0,232229454.25
2023-02-06,601989,3.58757107,3.59750894,3.54781959,3.55775746,47739175.0,171547817.5
2023-02-07,601989,3.56769533,3.58757107,3.55775746,3.5776332,50358100.0,180880629.25
2023-02-08,601989,3.58757107,3.58757107,3.55775746,3.55775746,39337777.0,141253198.66
2023-02-09,601989,3.55775746,3.63726042,3.54781959,3.61738468,104961688.0,381708025.16
2023-02-10,601989,3.61738468,3.61738468,3.58757107,3.60744681,57947563.0,210092288.57
2023-02-13,601989,3.60744681,3.66707403,3.60744681,3.65713616,108054941.0,396818533.67
2023-02-14,601989,3.64719829,3.65713616,3.62732255,3.64719829,52135554.0,191064748.12
2023-02-15,601989,3.64719829,3.64719829,3.60744681,3.61738468,58023020.0,211452878.0
2023-02-16,601989,3.61738468,3.64719829,3.56769533,3.5776332,85041344.0,309204001.86
2023-02-17,601989,3.5776332,3.60744681,3.56769533,3.58757107,57442420.0,207726132.4
2023-02-20,601989,3.58757107,3.65713616,3.56769533,3.64719829,79076934.0,288500835.23
2023-02-21,601989,3.64719829,3.66707403,3.63726042,3.65713616,65673513.0,241181969.83
2023-02-22,601989,3.64719829,3.66707403,3.63726042,3.64719829,48225543.0,177230166.81
2023-02-23,601989,3.65713616,3.65713616,3.61738468,3.63726042,54066800.0,197956952.0
2023-02-24,601989,3.64719829,3.72670125,3.63726042,3.6770119,137565436.0,510885088.85
2023-02-27,601989,3.68694977,3.69688764,3.65713616,3.68694977,71036681.0,263228083.71
2023-02-28,601989,3.68694977,3.69688764,3.64719829,3.68694977,60867800.0,225131988.4
2023-03-01,601989,3.68694977,3.72670125,3.66707403,3.72670125,77920026.0,290709452.0
2023-03-02,601989,3.71676338,3.82607995,3.71676338,3.7763906,145780153.0,555941408.46
2023-03-03,601989,3.7763906,3.96521013,3.75651486,3.90558291,264419593.0,1033739246.41
2023-03-06,601989,3.93539652,3.975148,3.8757693,3.89564504,213743081.0,843165641.7
2023-03-07,601989,3.89564504,3.93539652,3.84595569,3.85589356,172221606.0,675738445.64
2023-03-08,601989,3.83601782,3.88570717,3.81614208,3.8757693,103499991.0,401824596.77
2023-03-09,601989,3.86583143,3.89564504,3.81614208,3.85589356,87868572.0,340050742.64
2023-03-10,601989,3.82607995,3.83601782,3.76645273,3.7763906,83476276.0,319114979.74
2023-03-13,601989,3.75651486,3.81614208,3.75651486,3.80620421,66633183.0,254023390.97
2023-03-14,601989,3.78632847,3.86583143,3.76645273,3.83601782,121750901.0,468271311.2
2023-03-15,601989,3.84595569,3.89564504,3.80620421,3.88570717,101712750.0,394969821.78
2023-03-16,601989,3.85589356,3.88570717,3.79626634,3.80620421,88354300.0,340941528.0
2023-03-17,601989,3.82607995,3.89564504,3.81614208,3.85589356,99944895.0,388076981.37
2023-03-20,601989,3.85589356,3.92545865,3.80620421,3.81614208,117212315.0,455923451.02
2023-03-21,601989,3.86583143,3.94533439,3.85589356,3.89564504,152144609.0,597321557.27
2023-03-22,601989,3.88570717,3.91552078,3.83601782,3.85589356,102937775.0,400257372.63
2023-03-23,601989,3.83601782,3.8757693,3.82607995,3.8757693,69186324.0,268601425.88
2023-03-24,601989,3.8757693,3.8757693,3.81614208,3.84595569,74904106.0,289416250.62
2023-03-27,601989,3.83601782,3.84595569,3.75651486,3.79626634,87191641.0,332813836.16
2023-03-28,601989,3.80620421,3.81614208,3.7763906,3.7763906,51695335.0,197330965.95
2023-03-29,601989,3.78632847,3.78632847,3.71676338,3.72670125,80154637.0,301397280.33
2023-03-30,601989,3.72670125,3.76645273,3.69688764,3.74657699,64501700.0,242589964.95
2023-03-31,601989,3.72670125,3.75651486,3.71676338,3.75651486,58549107.0,220498298.34
2023-04-03,601989,3.75651486,3.78632847,3.74657699,3.76645273,74902162.0,284262406.98
2023-04-04,601989,3.76645273,3.8757693,3.74657699,3.86583143,128182172.0,494165847.84
2023-04-06,601989,3.84595569,3.92545865,3.83601782,3.89564504,98332835.0,384986062.94
2023-04-07,601989,3.89564504,3.90558291,3.83601782,3.8757693,63322756.0,246437294.24
2023-04-10,601989,3.975148,3.99502374,3.85589356,3.8757693,150729232.0,595876145.09
2023-04-11,601989,3.86583143,3.8757693,3.82607995,3.84595569,74357067.0,287703749.7
2023-04-12,601989,3.85589356,3.90558291,3.84595569,3.89564504,64134769.0,250570187.9
2023-04-13,601989,3.90558291,3.93539652,3.8757693,3.90558291,82214443.0,323057045.56
2023-04-14,601989,3.89564504,3.92545865,3.85589356,3.88570717,66852700.0,261616805.0
2023-04-17,601989,3.88570717,3.93539652,3.8757693,3.92545865,78862867.0,310568565.61
2023-04-18,601989,3.92545865,3.93539652,3.89564504,3.92545865,70001405.0,275802863.58
2023-04-19,601989,3.92545865,3.95527226,3.88570717,3.88570717,78434450.0,309232449.4
2023-04-20,601989,3.8757693,3.93539652,3.86583143,3.93539652,87888795.0,344616663.24
2023-04-21,601989,3.93539652,4.32297345,3.91552078,4.1739054,533743699.0,2236313720.87
2023-04-24,601989,4.16396753,4.31303558,4.09440244,4.24347049,447771864.0,1898425522.32
2023-04-25,601989,4.19378114,4.3726628,4.15402966,4.24347049,328028163.0,1409838505.38
2023-04-26,601989,4.20371901,4.3726628,4.18384327,4.30309771,348925499.0,1513265010.07
2023-04-27,601989,4.24347049,4.59129594,4.18384327,4.5714202,480924535.0,2127366216.45
2023-04-28,601989,4.48197937,4.69067464,4.44222789,4.5714202,424564957.0,1948948517.06
2023-05-04,601989,4.53166872,4.91924565,4.53166872,4.84968056,479530837.0,2316235364.64
2023-05-05,601989,4.79999121,4.90930778,4.71055038,4.82980482,337814196.0,1624692417.15
2023-05-08,601989,4.81986695,5.2670711,4.79005334,5.21738175,623098040.0,3175282180.0
2023-05-09,601989,5.21738175,5.28694684,4.8695563,4.87949417,634073229.0,3227114223.21
2023-05-10,601989,4.80992908,4.8695563,4.64098529,4.71055038,451515422.0,2152792082.55
2023-05-11,601989,4.71055038,4.74036399,4.49191724,4.59129594,321635697.0,1484066719.7
2023-05-12,601989,4.5714202,4.62110955,4.49191724,4.50185511,208270655.0,952018375.03
2023-05-15,601989,4.48197937,4.94905926,4.39253854,4.8695563,500400794.0,2348006449.47
2023-05-16,601989,4.79005334,4.92918352,4.63104742,4.68073677,385432033.0,1853596864.8
2023-05-17,601989,4.61117168,4.99874861,4.59129594,4.90930778,516534270.0,2516254452.16
2023-05-18,601989,4.8695563,4.94905926,4.81986695,4.90930778,303618407.0,1489682637.23
2023-05-19,601989,4.85961843,4.89936991,4.70061251,4.71055038,252780611.0,1211616754.78
2023-05-22,601989,4.71055038,4.79999121,4.66086103,4.74036399,165911960.0,790284344.81
2023-05-23,601989,4.72048825,4.75030186,4.54160659,4.56148233,234486197.0,1087117717.34
2023-05-24,601989,4.52173085,4.63104742,4.50185511,4.50185511,177117709.0,811250475.8
2023-05-25,601989,4.4720415,4.5714202,4.45216576,4.56148233,161296970.0,731814012.55
2023-05-26,601989,4.52173085,4.5714202,4.40247641,4.51179298,151189467.0,685439068.1
2023-05-29,601989,4.5714202,4.69067464,4.52173085,4.61117168,182734223.0,850386740.49
2023-05-30,601989,4.56148233,4.69067464,4.55154446,4.66086103,151906743.0,708411270.11
2023-05-31,601989,4.63104742,4.71055038,4.60123381,4.62110955,155374443.0,728351600.32
2023-06-01,601989,4.58135807,4.80992908,4.51179298,4.71055038,236949211.0,1118597990.89
2023-06-02,601989,4.72048825,4.80992908,4.62110955,4.62110955,178937240.0,843792342.3
2023-06-05,601989,4.61117168,4.69067464,4.58135807,4.60123381,121936049.0,567157381.27
2023-06-06,601989,4.61117168,4.63104742,4.45216576,4.46210363,161686673.0,737880803.75
2023-06-07,601989,4.45216576,4.52173085,4.44222789,4.48197937,96785265.0,436942901.03
2023-06-08,601989,4.48197937,4.56148233,4.46210363,4.52173085,100187868.0,454260757.8
2023-06-09,601989,4.51179298,4.53166872,4.45216576,4.49191724,108813679.0,490434316.31
2023-06-12,601989,4.49191724,4.53166872,4.44222789,4.45216576,107710178.0,486073964.98
2023-06-13,601989,4.44222789,4.46210363,4.33291132,4.46210363,162759206.0,721158509.19
2023-06-14,601989,4.44222789,4.53166872,4.43229002,4.45216576,121835080.0,549879651.42
2023-06-15,601989,4.45216576,4.49191724,4.40247641,4.43229002,98156993.0,438797301.1
2023-06-16,601989,4.46210363,4.64098529,4.45216576,4.55154446,223350509.0,1028812354.77
2023-06-19,601989,4.50185511,4.71055038,4.50185511,4.6707989,236756375.0,1106115902.57
2023-06-20,601989,4.6707989,4.89936991,4.63104742,4.82980482,342556334.0,1661131569.37
2023-06-21,601989,4.80992908,4.84968056,4.68073677,4.69067464,187265789.0,896847339.67
2023-06-26,601989,4.6707989,4.74036399,4.5714202,4.59129594,156813502.0,732815327.72
2023-06-27,601989,4.59129594,4.88943204,4.58135807,4.85961843,288598791.0,1388103077.2
2023-06-28,601989,4.82980482,4.89936991,4.73042612,4.80992908,223541342.0,1080529239.26
2023-06-29,601989,4.79005334,4.84968056,4.76023973,4.79999121,141008425.0,681935907.02
2023-06-30,601989,4.80992908,4.84968056,4.75030186,4.79005334,123818771.0,595912807.82
2023-07-03,601989,4.81986695,4.93912139,4.78011547,4.87949417,227499733.0,1113984545.59
2023-07-04,601989,4.84968056,4.89936991,4.72048825,4.78011547,180247664.0,872471043.69
2023-07-05,601989,4.75030186,4.7701776,4.6707989,4.68073677,141516440.0,671326097.21
2023-07-06,601989,4.66086103,4.70061251,4.65092316,4.6707989,103275861.0,485637664.77
2023-07-07,601989,4.65092316,4.68073677,4.60123381,4.64098529,97981113.0,457202851.35
2023-07-10,601989,4.65092316,4.68073677,4.59129594,4.63104742,81922502.0,382065978.88
2023-07-11,601989,4.64098529,4.69067464,4.62110955,4.65092316,68431731.0,320382909.79
2023-07-12,601989,4.65092316,4.66086103,4.55154446,4.56148233,120255275.0,554525800.53
2023-07-13,601989,4.48197937,4.58135807,4.44222789,4.4720415,261139811.0,1179407730.96
2023-07-14,601989,4.45216576,4.54160659,4.40247641,4.48197937,166857055.0,754138182.26
2023-07-17,601989,4.4720415,4.5714202,4.44222789,4.56148233,137455630.0,626284339.23
2023-07-18,601989,4.54160659,4.61117168,4.52173085,4.53166872,88823746.0,408727087.8
2023-07-19,601989,4.55154446,4.55154446,4.50185511,4.55154446,67701992.0,308771696.38
2023-07-20,601989,4.54160659,4.55154446,4.42235215,4.44222789,99130100.0,446924180.86
2023-07-21,601989,4.43229002,4.46210363,4.41241428,4.45216576,67366936.0,300851943.03
2023-07-24,601989,4.42235215,4.56148233,4.41241428,4.52173085,90155847.0,410253107.85
2023-07-25,601989,4.5714202,4.5714202,4.51179298,4.53166872,87615490.0,399807003.6
2023-07-26,601989,4.53166872,4.56148233,4.46210363,4.49191724,72401957.0,328044741.07
2023-07-27,601989,4.4720415,4.61117168,4.4720415,4.52173085,120561260.0,551693501.6
2023-07-28,601989,4.49191724,4.55154446,4.41241428,4.55154446,140127972.0,631391429.32
2023-07-31,601989,4.55154446,4.79999121,4.53166872,4.78011547,295306625.0,1399077539.07
2023-08-01,601989,4.79999121,4.81986695,4.71055038,4.75030186,148463231.0,711645507.02
2023-08-02,601989,4.74036399,4.79999121,4.66086103,4.70061251,126919791.0,602618477.86
2023-08-03,601989,4.69067464,4.73042612,4.65092316,4.72048825,91672927.0,432887485.54
2023-08-04,601989,4.71055038,4.7701776,4.63104742,4.65092316,154868156.0,729259262.89
2023-08-07,601989,4.63104742,4.66086103,4.60123381,4.62110955,71506330.0,333157835.2
2023-08-08,601989,4.61117168,4.63104742,4.42235215,4.48197937,186712464.0,842558631.26
2023-08-09,601989,4.46210363,4.50185511,4.44222789,4.46210363,63097777.0,283825258.07
2023-08-10,601989,4.50185511,4.53166872,4.45216576,4.48197937,71585821.0,323473077.5
2023-08-11,601989,4.46210363,4.48197937,4.41241428,4.42235215,76062826.0,340100644.7
2023-08-14,601989,4.38260067,4.44222789,4.35278706,4.43229002,101789071.0,450524297.91
2023-08-15,601989,4.41241428,4.44222789,4.3726628,4.40247641,53864522.0,238980122.57
2023-08-16,601989,4.38260067,4.42235215,4.34284919,4.36272493,70687268.0,310800193.15
2023-08-17,601989,4.33291132,4.41241428,4.29315984,4.41241428,85414478.0,375878359.87
2023-08-18,601989,4.41241428,4.43229002,4.33291132,4.33291132,64713045.0,285283215.81
2023-08-21,601989,4.33291132,4.38260067,4.28322197,4.29315984,55020143.0,240190349.72
2023-08-22,601989,4.29315984,4.3726628,4.28322197,4.36272493,66616948.0,290362486.25
2023-08-23,601989,4.33291132,4.34284919,4.25340836,4.26334623,59904810.0,259438430.55
2023-08-24,601989,4.29315984,4.31303558,4.19378114,4.20371901,73521285.0,313520741.48
2023-08-25,601989,4.19378114,4.26334623,4.15402966,4.24347049,85023394.0,361278237.87
2023-08-28,601989,4.43229002,4.4720415,4.26334623,4.2732841,100260950.0,439084945.48
2023-08-29,601989,4.2732841,4.34284919,4.26334623,4.29315984,90228299.0,390689375.68
2023-08-30,601989,4.30309771,4.32297345,4.20371901,4.24347049,96711827.0,413769297.7
2023-08-31,601989,4.24347049,4.25340836,4.15402966,4.1739054,74088692.0,312291227.12
2023-09-01,601989,4.1739054,4.20371901,4.14409179,4.18384327,63656072.0,267550764.16
2023-09-04,601989,4.19378114,4.26334623,4.18384327,4.25340836,72127509.0,306973889.28
2023-09-05,601989,4.24347049,4.25340836,4.19378114,4.20371901,51154148.0,217219054.0
2023-09-06,601989,4.19378114,4.19378114,4.15402966,4.1739054,62376639.0,261851439.85
2023-09-07,601989,4.18384327,4.19378114,4.08446457,4.09440244,86353100.0,358783741.0
2023-09-08,601989,4.08446457,4.13415392,4.06458883,4.12421605,59305676.0,245211728.83
2023-09-11,601989,4.13415392,4.23353262,4.11427818,4.21365688,94311742.0,397533039.38
2023-09-12,601989,4.21365688,4.23353262,4.18384327,4.19378114,52393927.0,221935059.52
2023-09-13,601989,4.18384327,4.20371901,4.14409179,4.16396753,50411000.0,211377045.0
2023-09-14,601989,4.16396753,4.19378114,4.14409179,4.16396753,50604309.0,212275705.92
2023-09-15,601989,4.1739054,4.20371901,4.14409179,4.15402966,52649762.0,221101450.56
2023-09-18,601989,4.13415392,4.15402966,4.11427818,4.14409179,50118045.0,208435194.65
2023-09-19,601989,4.13415392,4.1739054,4.11427818,4.15402966,49808945.0,207708297.1
2023-09-20,601989,4.15402966,4.15402966,4.11427818,4.11427818,39857630.0,165567713.0
2023-09-21,601989,4.11427818,4.18384327,4.10434031,4.11427818,59497092.0,248252281.6
2023-09-22,601989,4.09440244,4.1739054,4.09440244,4.16396753,50802886.0,211608971.92
2023-09-25,601989,4.15402966,4.20371901,4.11427818,4.12421605,63015436.0,263226678.04
2023-09-26,601989,4.11427818,4.15402966,4.09440244,4.09440244,55508671.0,230048801.43
2023-09-27,601989,4.09440244,4.13415392,4.06458883,4.0745267,87192947.0,358930021.54
2023-09-28,601989,4.08446457,4.15402966,4.0745267,4.14409179,73014120.0,302768090.0
2023-10-09,601989,4.13415392,4.32297345,4.11427818,4.26334623,156986224.0,670057884.88
2023-10-10,601989,4.24347049,4.25340836,4.15402966,4.18384327,84711071.0,357050922.78
2023-10-11,601989,4.1739054,4.20371901,4.15402966,4.16396753,53962756.0,226679350.55
2023-10-12,601989,4.18384327,4.19378114,4.16396753,4.1739054,47620070.0,200129404.0
2023-10-13,601989,4.15402966,4.15402966,4.09440244,4.10434031,58331678.0,241595805.83
2023-10-16,601989,4.11427818,4.13415392,4.08446457,4.09440244,53573226.0,221551568.27
2023-10-17,601989,4.09440244,4.11427818,4.08446457,4.10434031,32369446.0,133550921.98
2023-10-18,601989,4.09440244,4.10434031,4.02483735,4.03477522,64069598.0,262101248.11
2023-10-19,601989,4.01489948,4.04471309,3.95527226,3.96521013,66022512.0,266023852.41
2023-10-20,601989,3.94533439,3.975148,3.92545865,3.93539652,55215204.0,219111666.4
2023-10-23,601989,3.93539652,3.93539652,3.82607995,3.85589356,68975093.0,268598013.73
2023-10-24,601989,3.85589356,3.89564504,3.83601782,3.88570717,58011596.0,225828030.65
2023-10-25,601989,3.91552078,3.95527226,3.90558291,3.93539652,53833103.0,212927114.38
2023-10-26,601989,3.91552078,3.98508587,3.88570717,3.975148,56729615.0,224781971.01
2023-10-27,601989,3.975148,4.04471309,3.94533439,4.03477522,57731566.0,232824702.13
2023-10-30,601989,3.98508587,4.03477522,3.96521013,4.02483735,75294444.0,302638116.76
2023-10-31,601989,4.02483735,4.03477522,3.98508587,4.00496161,39537187.0,159302241.74
2023-11-01,601989,4.00496161,4.03477522,3.98508587,4.03477522,41974060.0,169555876.8
2023-11-02,601989,4.02483735,4.05465096,3.96521013,3.975148,41934144.0,169005407.0
2023-11-03,601989,3.975148,4.01489948,3.96521013,3.99502374,39491609.0,158984543.48
2023-11-06,601989,4.00496161,4.02483735,3.98508587,4.01489948,53444139.0,215503274.17
2023-11-07,601989,4.01489948,4.01489948,3.975148,3.99502374,51908375.0,208375437.33
2023-11-08,601989,3.98508587,3.99502374,3.92545865,3.94533439,58104641.0,231137271.77
2023-11-09,601989,3.94533439,3.975148,3.92545865,3.95527226,38248800.0,152065527.0
2023-11-10,601989,3.93539652,3.94533439,3.88570717,3.91552078,51840019.0,203830450.44
2023-11-13,601989,3.91552078,3.95527226,3.88570717,3.94533439,54763300.0,216305234.77
2023-11-14,601989,3.94533439,4.01489948,3.93539652,4.00496161,75414800.0,303003446.0
2023-11-15,601989,4.02483735,4.02483735,3.975148,3.99502374,48262409.0,194164434.18
2023-11-16,601989,3.99502374,4.00496161,3.96521013,3.96521013,33040430.0,132357636.45
2023-11-17,601989,3.96521013,3.975148,3.92545865,3.95527226,35813104.0,142227250.6
2023-11-20,601989,3.95527226,4.02483735,3.93539652,4.02483735,64477506.0,259026881.31
2023-11-21,601989,4.02483735,4.02483735,3.98508587,3.98508587,48296900.0,194587725.0
2023-11-22,601989,3.98508587,3.99502374,3.93539652,3.93539652,41136600.0,164238026.94
2023-11-23,601989,3.94533439,3.96521013,3.90558291,3.95527226,36026928.0,142743415.87
2023-11-24,601989,3.95527226,3.96521013,3.91552078,3.91552078,45455752.0,179777079.11
2023-11-27,601989,3.91552078,3.94533439,3.86583143,3.90558291,53116961.0,208372939.14
2023-11-28,601989,3.89564504,3.94533439,3.89564504,3.92545865,40268075.0,158812291.38
2023-11-29,601989,3.91552078,3.94533439,3.90558291,3.91552078,39128605.0,154601181.22
2023-11-30,601989,3.91552078,4.02483735,3.90558291,3.95527226,90981870.0,363821207.42
2023-12-01,601989,3.94533439,3.975148,3.90558291,3.95527226,57527401.0,227678501.32
2023-12-04,601989,3.95527226,4.02483735,3.94533439,4.00496161,74032413.0,297663120.7
2023-12-05,601989,3.99502374,4.00496161,3.94533439,3.94533439,53291900.0,213141323.0
2023-12-06,601989,3.93539652,3.96521013,3.91552078,3.95527226,62371546.0,247553960.58
2023-12-07,601989,3.94533439,3.94533439,3.90558291,3.90558291,60431512.0,238381879.64
2023-12-08,601989,3.91552078,3.93539652,3.85589356,3.85589356,70732774.0,277008965.84
2023-12-11,601989,3.84595569,3.85589356,3.78632847,3.85589356,73322158.0,281398147.76
2023-12-12,601989,3.85589356,4.01489948,3.84595569,4.00496161,167332719.0,670937238.89
2023-12-13,601989,4.00496161,4.04471309,3.98508587,4.02483735,116773240.0,472385139.25
2023-12-14,601989,4.01489948,4.09440244,4.00496161,4.05465096,98766545.0,403196622.76
2023-12-15,601989,4.04471309,4.06458883,3.99502374,4.01489948,63531775.0,257532932.0
2023-12-18,601989,4.01489948,4.06458883,3.99502374,4.01489948,66950604.0,271131030.12
2023-12-19,601989,4.00496161,4.06458883,3.99502374,4.05465096,81318180.0,330573959.98
2023-12-20,601989,4.04471309,4.11427818,3.98508587,3.98508587,84686134.0,344631381.77
2023-12-21,601989,4.02483735,4.0745267,3.99502374,4.06458883,110800050.0,450931689.9
2023-12-22,601989,4.06458883,4.10434031,4.04471309,4.08446457,93281407.0,382903042.52
2023-12-25,601989,4.06458883,4.10434031,4.03477522,4.04471309,69640721.0,284639193.12
2023-12-26,601989,4.04471309,4.05465096,3.99502374,4.02483735,50713798.0,205306585.11
2023-12-27,601989,4.00496161,4.03477522,3.98508587,4.03477522,68272911.0,275612049.46
2023-12-28,601989,4.01489948,4.06458883,4.00496161,4.03477522,87072226.0,353779917.36
2023-12-29,601989,4.03477522,4.12421605,4.02483735,4.10434031,91506023.0,376942457.84
2024-01-02,601989,4.10434031,4.21365688,4.10434031,4.13415392,132892190.0,556700553.38
2024-01-03,601989,4.11427818,4.14409179,4.10434031,4.14409179,56127601.0,233123339.16
2024-01-04,601989,4.12421605,4.15402966,4.08446457,4.13415392,60112733.0,248967237.95
2024-01-05,601989,4.13415392,4.16396753,4.06458883,4.08446457,67698768.0,280511613.23
2024-01-08,601989,4.08446457,4.10434031,4.03477522,4.04471309,63753320.0,260666200.2
2024-01-09,601989,4.03477522,4.04471309,3.975148,3.99502374,78139745.0,314413942.13
2024-01-10,601989,3.98508587,4.01489948,3.92545865,3.98508587,55361565.0,221256463.43
2024-01-11,601989,3.975148,4.06458883,3.96521013,4.05465096,75480417.0,305904176.09
2024-01-12,601989,4.03477522,4.12421605,4.03477522,4.11427818,88309502.0,364005085.94
2024-01-15,601989,4.09440244,4.14409179,4.0745267,4.10434031,62733240.0,259226134.58
2024-01-16,601989,4.10434031,4.16396753,4.08446457,4.15402966,80250131.0,333065236.33
2024-01-17,601989,4.14409179,4.15402966,4.0745267,4.08446457,61250951.0,254033363.25
2024-01-18,601989,4.05465096,4.06458883,3.8757693,4.04471309,139374525.0,555587936.27
2024-01-19,601989,4.02483735,4.08446457,3.99502374,4.06458883,80618500.0,328829102.0
2024-01-22,601989,4.05465096,4.06458883,3.93539652,3.96521013,101368029.0,408777189.25
2024-01-23,601989,3.94533439,3.975148,3.88570717,3.94533439,75934633.0,300210150.04
2024-01-24,601989,3.98508587,4.09440244,3.975148,4.09440244,101820578.0,413041504.56
2024-01-25,601989,4.0745267,4.32297345,4.0745267,4.30309771,207223254.0,882432388.83
2024-01-26,601989,4.2732841,4.36272493,4.26334623,4.32297345,162574575.0,705458042.06
2024-01-29,601989,4.32297345,4.38260067,4.30309771,4.31303558,144168237.0,629366589.74
2024-01-30,601989,4.29315984,4.44222789,4.26334623,4.32297345,167294229.0,733420494.0
2024-01-31,601989,4.24347049,4.28322197,4.12421605,4.16396753,174848549.0,739330926.91
2024-02-01,601989,4.12421605,4.23353262,4.09440244,4.13415392,93927142.0,392999202.18
2024-02-02,601989,4.13415392,4.25340836,3.99502374,4.15402966,155009360.0,648466968.24
2024-02-05,601989,4.11427818,4.16396753,3.96521013,4.06458883,154500429.0,632660264.16
2024-02-06,601989,4.01489948,4.20371901,3.99502374,4.16396753,136057541.0,559388867.3
2024-02-07,601989,4.22359475,4.29315984,4.18384327,4.26334623,172673077.0,737894066.83
2024-02-08,601989,4.2732841,4.30309771,4.18384327,4.2732841,147962003.0,630415972.3
2024-02-19,601989,4.26334623,4.39253854,4.25340836,4.3726628,153962770.0,671605413.37
2024-02-20,601989,4.36272493,4.41241428,4.33291132,4.36272493,89503943.0,393114934.66
2024-02-21,601989,4.34284919,4.45216576,4.33291132,4.36272493,147302922.0,653404246.0
2024-02-22,601989,4.34284919,4.42235215,4.33291132,4.41241428,106258486.0,468285202.38
2024-02-23,601989,4.41241428,4.43229002,4.38260067,4.41241428,75949180.0,336761529.46
2024-02-26,601989,4.41241428,4.53166872,4.3726628,4.40247641,133185852.0,596893859.85
2024-02-27,601989,4.35278706,4.50185511,4.34284919,4.48197937,112903340.0,504980642.91
2024-02-28,601989,4.48197937,4.69067464,4.4720415,4.49191724,242801411.0,1123549644.92
2024-02-29,601989,4.50185511,4.68073677,4.4720415,4.6707989,188131313.0,869863908.58
2024-03-01,601989,4.66086103,4.71055038,4.61117168,4.6707989,122726549.0,575014428.18
2024-03-04,601989,4.63104742,4.88943204,4.63104742,4.83974269,232080614.0,1116575095.02
2024-03-05,601989,4.80992908,4.85961843,4.7701776,4.82980482,124147314.0,601584018.08
2024-03-06,601989,4.82980482,4.8695563,4.75030186,4.79005334,105431988.0,511042158.34
2024-03-07,601989,4.7701776,4.8695563,4.70061251,4.71055038,150877314.0,723459820.03
2024-03-08,601989,4.71055038,4.79999121,4.69067464,4.7701776,100488950.0,478723152.5
2024-03-11,601989,4.76023973,4.80992908,4.72048825,4.76023973,79499041.0,381025024.36
2024-03-12,601989,4.74036399,4.79005334,4.55154446,4.5714202,199697672.0,933082010.8
2024-03-13,601989,4.56148233,4.63104742,4.48197937,4.59129594,140975289.0,646388993.65
2024-03-14,601989,4.58135807,4.63104742,4.52173085,4.56148233,87999553.0,406495752.63
2024-03-15,601989,4.52173085,4.5714202,4.50185511,4.5714202,86741508.0,395900962.4
2024-03-18,601989,4.58135807,4.69067464,4.56148233,4.65092316,111699709.0,521461349.99
2024-03-19,601989,4.64098529,4.6707989,4.58135807,4.59129594,79125735.0,368509032.19
2024-03-20,601989,4.5714202,4.63104742,4.5714202,4.58135807,62817889.0,290510774.84
2024-03-21,601989,4.58135807,4.63104742,4.55154446,4.5714202,70071273.0,323099346.33
2024-03-22,601989,4.56148233,4.5714202,4.49191724,4.56148233,80045216.0,365054850.44
2024-03-25,601989,4.54160659,4.55154446,4.44222789,4.4720415,143028499.0,646766061.04
2024-03-26,601989,4.4720415,4.51179298,4.45216576,4.48197937,71983281.0,324413335.6
2024-03-27,601989,4.48197937,4.50185511,4.42235215,4.44222789,83333031.0,373632988.34
2024-03-28,601989,4.43229002,4.54160659,4.43229002,4.49191724,90889865.0,411313307.43
2024-03-29,601989,4.49191724,4.65092316,4.49191724,4.63104742,132522284.0,612368596.81
2024-04-01,601989,4.64098529,4.68073677,4.60123381,4.64098529,106390780.0,496379016.14
2024-04-02,601989,4.64098529,4.66086103,4.59129594,4.62110955,76940261.0,357886472.33
2024-04-03,601989,4.60123381,4.6707989,4.59129594,4.65092316,77928022.0,364163786.32
2024-04-08,601989,4.65092316,4.82980482,4.63104742,4.79005334,187881689.0,898934684.93
2024-04-09,601989,4.76023973,4.79005334,4.69067464,4.70061251,105845050.0,503570510.46
2024-04-10,601989,4.69067464,4.79999121,4.66086103,4.71055038,123657571.0,589402450.32
2024-04-11,601989,4.69067464,4.80992908,4.6707989,4.7701776,108553825.0,519766625.7
2024-04-12,601989,4.76023973,4.79999121,4.70061251,4.73042612,90747672.0,434339027.68
2024-04-15,601989,4.73042612,4.93912139,4.73042612,4.89936991,213203277.0,1044038927.8
2024-04-16,601989,4.89936991,4.90930778,4.74036399,4.74036399,182087193.0,882581225.51
2024-04-17,601989,4.73042612,4.83974269,4.71055038,4.82980482,107723926.0,517962826.9
2024-04-18,601989,4.75030186,4.90930778,4.72048825,4.85961843,150757175.0,732301063.66
2024-04-19,601989,4.83974269,5.04843796,4.82980482,4.94905926,191227389.0,957590530.21
2024-04-22,601989,4.93912139,5.0683137,4.84968056,4.87949417,183356962.0,912765156.94
2024-04-23,601989,4.84968056,4.87949417,4.68073677,4.71055038,177054506.0,847996631.82
2024-04-24,601989,4.73042612,4.82980482,4.72048825,4.82980482,101069960.0,485300099.2
2024-04-25,601989,4.83974269,4.87949417,4.78011547,4.83974269,96157100.0,468482174.49
2024-04-26,601989,4.84968056,4.91924565,4.81986695,4.90930778,108297645.0,531605087.35
2024-04-29,601989,4.92918352,5.00868648,4.72048825,4.78011547,221766426.0,1068121740.94
2024-04-30,601989,4.75030186,4.81986695,4.71055038,4.75030186,122533534.0,586159500.7
2024-05-06,601989,4.79005334,4.81986695,4.74036399,4.79005334,114989100.0,553582958.0
2024-05-07,601989,4.7701776,4.91924565,4.76023973,4.84968056,138808378.0,678998825.03
2024-05-08,601989,4.83974269,4.92918352,4.79999121,4.89936991,102365943.0,502167933.45
2024-05-09,601989,4.87949417,5.11800305,4.87949417,5.11800305,297625255.0,1512682021.09
2024-05-10,601989,5.11800305,5.18756814,5.07825157,5.11800305,178735216.0,921685875.26
2024-05-13,601989,5.10806518,5.24719536,5.07825157,5.17763027,189889947.0,990560566.18
2024-05-14,601989,5.18756814,5.27700897,5.14781666,5.22731962,148878724.0,781053674.23
2024-05-15,601989,5.19750601,5.24719536,5.10806518,5.12794092,163328727.0,847982739.31
2024-05-16,601989,5.09812731,5.1676924,5.09812731,5.11800305,124153682.0,641584559.96
2024-05-17,601989,5.11800305,5.15775453,5.04843796,5.13787879,122205560.0,628160253.74
2024-05-20,601989,5.11800305,5.17763027,5.03850009,5.08818944,134732327.0,691941542.35
2024-05-21,601989,5.07825157,5.10806518,5.01862435,5.03850009,88073365.0,447878928.01
2024-05-22,601989,5.02856222,5.05837583,4.97887287,4.98881074,81937400.0,412684722.0
2024-05-23,601989,4.98881074,5.0683137,4.95899713,4.968935,121696125.0,612443302.64
2024-05-24,601989,4.968935,5.05837583,4.95899713,4.98881074,110157063.0,555096256.66
2024-05-27,601989,4.98881074,5.00868648,4.91924565,4.97887287,128013113.0,638961456.31
2024-05-28,601989,4.968935,4.98881074,4.89936991,4.90930778,83916810.0,416902888.57
2024-05-29,601989,4.89936991,4.93912139,4.84968056,4.91924565,77234835.0,380608947.17
2024-05-30,601989,4.89936991,5.11800305,4.88943204,5.0683137,181095409.0,916999237.94
2024-05-31,601989,5.04843796,5.07825157,5.00868648,5.03850009,75558042.0,382936848.52
2024-06-03,601989,5.02856222,5.13787879,5.01862435,5.04843796,119517056.0,610943327.46
2024-06-04,601989,5.03850009,5.08818944,4.968935,5.05837583,93222839.0,471497132.0
2024-06-05,601989,5.05837583,5.11800305,5.03850009,5.05837583,86427640.0,441748391.0
2024-06-06,601989,5.03850009,5.09812731,5.01862435,5.02856222,85153705.0,433168902.71
2024-06-07,601989,5.03850009,5.10806518,5.00868648,5.05837583,88153788.0,448271043.53
2024-06-11,601989,5.04843796,5.07825157,4.78011547,4.81986695,177075610.0,870899470.0
2024-06-12,601989,4.80992908,4.88943204,4.78011547,4.85961843,93310758.0,455386500.14
2024-06-13,601989,4.84968056,4.968935,4.83974269,4.88943204,87050985.0,429731974.15
2024-06-14,601989,4.8695563,4.87949417,4.61117168,4.68073677,222113554.0,1053402130.45
2024-06-17,601989,4.66086103,4.73042612,4.63104742,4.69067464,97488826.0,458937371.64
2024-06-18,601989,4.68073677,4.81986695,4.66086103,4.79999121,104128700.0,498226888.52
2024-06-19,601989,4.79005334,4.80992908,4.74036399,4.7701776,67787647.0,325468439.94
2024-06-20,601989,4.76023973,4.83974269,4.74036399,4.75030186,72047714.0,346758988.44
2024-06-21,601989,4.74036399,4.79999121,4.70061251,4.79999121,62614414.0,299552100.61
2024-06-24,601989,4.7701776,4.79999121,4.64098529,4.66086103,83619453.0,395592511.55
2024-06-25,601989,4.68073677,4.71055038,4.5714202,4.65092316,82761996.0,386494874.65
2024-06-26,601989,4.64098529,4.70061251,4.5714202,4.6707989,72405805.0,337242296.38
2024-06-27,601989,4.66086103,4.71055038,4.62110955,4.6707989,70024720.0,329094288.8
2024-06-28,601989,4.65092316,4.93912139,4.65092316,4.89936991,155380609.0,755603432.26
2024-07-01,601989,4.89936991,4.90930778,4.82980482,4.8695563,86978260.0,425639429.86
2024-07-02,601989,4.87949417,4.89936991,4.82980482,4.8695563,57114000.0,279538661.0
2024-07-03,601989,4.8695563,4.88943204,4.81986695,4.83974269,50657900.0,246672613.0
2024-07-04,601989,4.81986695,4.87949417,4.81986695,4.82980482,52488196.0,256062112.84
2024-07-05,601989,4.82980482,4.82980482,4.76023973,4.79999121,68425672.0,329950496.76
2024-07-08,601989,4.79999121,4.88943204,4.78011547,4.85961843,87896580.0,428266327.26
2024-07-09,601989,4.85961843,4.95899713,4.78011547,4.90930778,127227566.0,624150638.47
2024-07-10,601989,4.90930778,5.00868648,4.87949417,4.90930778,106176299.0,526176855.24
2024-07-11,601989,4.98881074,5.15775453,4.98881074,5.13787879,199730153.0,1024277511.64
2024-07-12,601989,5.13787879,5.23725749,5.10806518,5.15775453,112833503.0,586124248.04
2024-07-15,601989,5.15775453,5.25713323,5.13787879,5.20744388,147968603.0,776410314.35
2024-07-16,601989,5.18756814,5.23725749,5.12794092,5.18756814,105096796.0,547575464.16
2024-07-17,601989,5.18756814,5.22731962,5.08818944,5.11800305,97470574.0,504701643.42
2024-07-18,601989,5.10806518,5.2670711,5.07825157,5.25713323,147636177.0,770290319.9
2024-07-19,601989,5.24719536,5.32669832,5.22731962,5.31676045,152584015.0,812473356.38
2024-07-22,601989,5.34657406,5.40620128,5.28694684,5.3664498,149833355.0,806523241.45
2024-07-23,601989,5.34657406,5.3664498,5.20744388,5.20744388,111083554.0,589009792.15
2024-07-24,601989,5.19750601,5.35651193,5.18756814,5.30682258,128270501.0,682650554.15
2024-07-25,601989,5.30682258,5.31676045,5.12794092,5.21738175,129904867.0,680252625.73
2024-07-26,601989,5.21738175,5.28694684,5.18756814,5.27700897,89859041.0,474212167.3
2024-07-29,601989,5.44595276,5.75402673,5.41613915,5.60495868,326551389.0,1840311642.91
2024-07-30,601989,5.59502081,5.62483442,5.49564211,5.55526933,148225034.0,828951549.4
2024-07-31,601989,5.55526933,5.65464803,5.47576637,5.62483442,181828697.0,1020188993.84
2024-08-01,601989,5.6248349,5.79407772,5.59496852,5.71443404,218267404.0,1256634866.17
2024-08-02,601989,5.6746122,5.7741668,5.6248349,5.63479036,124486823.0,710738751.4
2024-08-05,601989,5.56510214,5.64474582,5.44563662,5.48545846,155792692.0,865672985.34
2024-08-06,601989,5.50536938,5.56510214,5.45559208,5.56510214,108375136.0,600214510.26
2024-08-07,601989,5.54519122,5.6746122,5.53523576,5.58501306,95301094.0,536930518.72
2024-08-08,601989,5.5252803,5.5750576,5.45559208,5.48545846,87957179.0,486438019.27
2024-08-09,601989,5.51532484,5.54519122,5.4257257,5.43568116,60090692.0,330350800.52
2024-08-12,601989,5.43568116,5.46554754,5.36599294,5.38590386,78641601.0,427585535.39
2024-08-13,601989,5.45559208,5.55514668,5.41577024,5.46554754,113173800.0,622294299.0
2024-08-14,601989,5.46554754,5.55514668,5.41577024,5.53523576,96832877.0,535844963.57
2024-08-15,601989,5.50536938,5.66465674,5.50536938,5.6248349,105297360.0,592871231.9
2024-08-16,601989,5.61487944,5.6746122,5.59496852,5.6248349,76818554.0,434508373.29
2024-08-19,601989,5.4257257,5.5252803,5.30626018,5.50536938,187202928.0,1026046461.87
2024-08-20,601989,5.51532484,5.5252803,5.31621564,5.38590386,116757309.0,631303606.36
2024-08-21,601989,5.35603748,5.39585932,5.31621564,5.34608202,73086144.0,392688244.38
2024-08-22,601989,5.34608202,5.46554754,5.31621564,5.41577024,74581295.0,405213236.09
2024-08-23,601989,5.41577024,5.48545846,5.40581478,5.45559208,56606001.0,309656998.95
2024-08-26,601989,5.43568116,5.46554754,5.3261711,5.40581478,75623775.0,408630320.15
2024-08-27,601989,5.4257257,5.43568116,5.31621564,5.34608202,59582474.0,320642534.91
2024-08-28,601989,5.31621564,5.44563662,5.31621564,5.34608202,66650102.0,360455148.92
2024-08-29,601989,5.34608202,5.41577024,5.30626018,5.39585932,61752420.0,333899324.4
2024-08-30,601989,5.39585932,5.44563662,5.25648288,5.29630472,170490501.0,913233195.8
2024-09-02,601989,5.2763938,5.2763938,4.9279527,4.95781908,221558946.0,1120834819.2
2024-09-03,601989,4.95781908,4.95781908,4.95781908,4.95781908,,
2024-09-04,601989,4.95781908,4.95781908,4.95781908,4.95781908,,
2024-09-05,601989,4.95781908,4.95781908,4.95781908,4.95781908,,
2024-09-06,601989,4.95781908,4.95781908,4.95781908,4.95781908,,
2024-09-09,601989,4.95781908,4.95781908,4.95781908,4.95781908,,
2024-09-10,601989,4.95781908,4.95781908,4.95781908,4.95781908,,
2024-09-11,601989,4.95781908,4.95781908,4.95781908,4.95781908,,
2024-09-12,601989,4.95781908,4.95781908,4.95781908,4.95781908,,
2024-09-13,601989,4.95781908,4.95781908,4.95781908,4.95781908,,
2024-09-18,601989,4.95781908,4.95781908,4.95781908,4.95781908,,
2024-09-19,601989,4.97773,5.03746276,4.69897712,4.83835356,448830978.0,2169926334.67
2024-09-20,601989,4.7288435,4.7288435,4.44013516,4.479957,417296960.0,1897395258.96
2024-09-23,601989,4.3804024,4.51977884,4.36049148,4.47000154,223485487.0,1001843109.27
2024-09-24,601989,4.479957,4.63924436,4.4301797,4.61933344,298156192.0,1357294211.94
2024-09-25,601989,4.6292889,4.86821994,4.61933344,4.85826448,325482220.0,1559761554.49
2024-09-26,601989,4.80848718,4.9279527,4.69897712,4.9279527,231515883.0,1121609347.6
2024-09-27,601989,4.94786362,5.0772846,4.90804178,5.0772846,172191640.0,861431199.94
2024-09-30,601989,5.24652742,5.5252803,5.10715098,5.475503,440525173.0,2368652298.52
2024-10-08,601989,6.0230533,6.0230533,5.49541392,5.70447858,568563164.0,3287203301.9
2024-10-09,601989,5.53523576,5.61487944,5.23657196,5.25648288,310513737.0,1690606558.22
2024-10-10,601989,5.3261711,5.7741668,5.26643834,5.56510214,413654565.0,2307687061.42
2024-10-11,601989,5.58501306,5.59496852,5.2763938,5.3261711,252415912.0,1367675292.55
2024-10-14,601989,5.38590386,5.46554754,5.28634926,5.35603748,207518069.0,1116917381.99
2024-10-15,601989,5.30626018,5.31621564,5.1768392,5.18679466,183717082.0,968300730.85
2024-10-16,601989,5.13701736,5.25648288,5.09719552,5.1768392,146275242.0,762253055.02
2024-10-17,601989,5.16688374,5.20670558,4.98768546,5.00759638,222585171.0,1135292415.17
2024-10-18,601989,4.97773,5.15692828,4.9279527,5.09719552,213102088.0,1077332859.91
2024-10-21,601989,5.11710644,5.18679466,5.05737368,5.11710644,211475138.0,1088628670.24
2024-10-22,601989,5.10715098,5.11710644,5.03746276,5.08724006,169037422.0,860002635.12
2024-10-23,601989,5.0772846,5.20670558,5.05737368,5.11710644,215788390.0,1113315227.53
2024-10-24,601989,5.09719552,5.10715098,4.98768546,5.00759638,147777420.0,745754380.4
2024-10-25,601989,5.00759638,5.05737368,4.99764092,5.03746276,109024243.0,550734680.79
2024-10-28,601989,5.0275073,5.14697282,4.99764092,5.13701736,153951330.0,787652803.5
2024-10-29,601989,5.13701736,5.18679466,5.06732914,5.08724006,156728723.0,807005930.01
2024-10-30,601989,5.05737368,5.13701736,5.03746276,5.1270619,129927322.0,663902126.4
2024-10-31,601989,5.09719552,5.09719552,4.86821994,4.94786362,372508076.0,1846343359.64
2024-11-01,601989,4.9279527,5.03746276,4.89808632,4.95781908,192543301.0,962176101.45
2024-11-04,601989,4.96777454,5.00759638,4.90804178,4.97773,168622775.0,838736054.54
2024-11-05,601989,4.95781908,5.13701736,4.93790816,5.13701736,277976719.0,1416938320.86
2024-11-06,601989,5.14697282,5.19675012,5.08724006,5.10715098,191677091.0,989133749.0
2024-11-07,601989,5.08724006,5.23657196,5.05737368,5.23657196,227109664.0,1175760225.06
2024-11-08,601989,5.26643834,5.29630472,5.13701736,5.1768392,212099703.0,1107663160.02
2024-11-11,601989,5.1768392,5.25648288,5.08724006,5.15692828,192048240.0,991633870.92
2024-11-12,601989,5.14697282,5.14697282,5.00759638,5.03746276,211497999.0,1079461516.2
2024-11-13,601989,5.03746276,5.2266165,5.00759638,5.19675012,331521916.0,1718774294.51
2024-11-14,601989,5.1768392,5.1768392,5.03746276,5.04741822,191039471.0,977577972.56
2024-11-15,601989,5.0275073,5.06732914,4.96777454,4.96777454,161996029.0,815644224.91
2024-11-18,601989,4.98768546,5.0772846,4.93790816,4.99764092,162780474.0,818329213.19
2024-11-19,601989,4.97773,4.98768546,4.80848718,4.9279527,207892971.0,1022065389.18
2024-11-20,601989,4.91799724,4.93790816,4.8781754,4.9279527,108804496.0,536928351.86
2024-11-21,601989,4.9279527,4.94786362,4.88813086,4.9279527,86966128.0,428763164.14
2024-11-22,601989,4.90804178,4.91799724,4.7786208,4.78857626,125026376.0,609021030.66
2024-11-25,601989,4.78857626,4.81844264,4.70893258,4.73879896,109784233.0,524381654.97
2024-11-26,601989,4.73879896,4.76866534,4.70893258,4.7288435,68345921.0,325262642.56
2024-11-27,601989,4.70893258,4.80848718,4.65915528,4.78857626,105716458.0,502764886.27
2024-11-28,601989,4.78857626,4.78857626,4.73879896,4.74875442,84610534.0,404469508.52
2024-11-29,601989,4.73879896,4.78857626,4.70893258,4.7786208,86695582.0,414307830.58
2024-12-02,601989,4.75870988,4.88813086,4.75870988,4.86821994,120768143.0,586921567.92
2024-12-03,601989,4.86821994,4.8781754,4.80848718,4.84830902,93769736.0,455650931.16
2024-12-04,601989,4.84830902,4.85826448,4.79853172,4.80848718,89673766.0,434292157.37
2024-12-05,601989,4.80848718,4.80848718,4.76866534,4.79853172,82398408.0,396264076.0
2024-12-06,601989,4.7786208,4.85826448,4.76866534,4.84830902,100777290.0,488682546.8
2024-12-09,601989,4.8283981,4.8781754,4.81844264,4.83835356,88259228.0,429494037.78
2024-12-10,601989,4.90804178,4.93790816,4.81844264,4.8283981,122250733.0,598335641.75
2024-12-11,601989,4.81844264,4.83835356,4.80848718,4.83835356,78474710.0,380216693.81
2024-12-12,601989,4.83835356,4.85826448,4.81844264,4.85826448,85041046.0,413556046.48
2024-12-13,601989,4.83835356,4.84830902,4.7288435,4.7288435,127675860.0,612123241.0
2024-12-16,601989,4.71888804,4.74875442,4.6790662,4.71888804,92157959.0,436094231.28
2024-12-17,601989,4.71888804,4.8781754,4.69897712,4.80848718,181599704.0,878934907.3
2024-12-18,601989,4.8283981,4.91799724,4.81844264,4.8283981,151992550.0,742372715.03
2024-12-19,601989,4.79853172,4.86821994,4.73879896,4.86821994,116124863.0,563819317.5
2024-12-20,601989,4.85826448,4.85826448,4.7786208,4.80848718,90117497.0,435221971.54
2024-12-23,601989,4.79853172,4.8781754,4.76866534,4.83835356,131494680.0,637015266.31
2024-12-24,601989,4.81844264,4.83835356,4.78857626,4.83835356,91880276.0,443677121.81
2024-12-25,601989,4.8283981,4.86821994,4.79853172,4.81844264,93054834.0,451516232.56
2024-12-26,601989,4.81844264,4.8283981,4.75870988,4.76866534,97837635.0,470803280.65
2024-12-27,601989,4.76866534,4.86821994,4.75870988,4.84830902,164515792.0,799321578.25
2024-12-30,601989,4.85826448,4.88813086,4.81844264,4.83835356,90847651.0,442237386.61
2024-12-31,601989,4.83835356,4.86821994,4.7786208,4.78857626,112582621.0,546483973.25
2025-01-02,601989,4.7786208,4.7786208,4.53968976,4.59942252,191327330.0,893878247.71
2025-01-03,601989,4.58946706,4.60937798,4.479957,4.49986792,103239406.0,470727599.65
2025-01-06,601989,4.48991246,4.49986792,4.40031332,4.44013516,101157796.0,452341818.11
2025-01-07,601989,4.4301797,4.47000154,4.41026878,4.47000154,69257939.0,309057497.74
2025-01-08,601989,4.5795116,4.59942252,4.4301797,4.5297343,165656545.0,753465125.45
2025-01-09,601989,4.5297343,4.5297343,4.45009062,4.47000154,86623557.0,389496958.07
2025-01-10,601989,4.45009062,4.46004608,4.40031332,4.40031332,78837631.0,350747828.65
2025-01-13,601989,4.35053602,4.40031332,4.32066964,4.3804024,68159162.0,298546586.7
2025-01-14,601989,4.37044694,4.48991246,4.36049148,4.48991246,87830660.0,392075275.2
2025-01-15,601989,4.47000154,4.47000154,4.40031332,4.41026878,69975000.0,311456532.44
2025-01-16,601989,4.42022424,4.50982338,4.40031332,4.479957,104347600.0,467369824.6
2025-01-17,601989,4.47000154,4.48991246,4.44013516,4.46004608,63239760.0,283372964.4
2025-01-20,601989,4.47000154,4.50982338,4.47000154,4.49986792,71414980.0,322227190.8
2025-01-21,601989,4.50982338,4.50982338,4.44013516,4.46004608,51579500.0,231161653.0
2025-01-22,601989,4.45009062,4.46004608,4.42022424,4.45009062,54129160.0,241320856.0
2025-01-23,601989,4.47000154,4.50982338,4.46004608,4.47000154,70583188.0,318118082.28
2025-01-24,601989,4.45009062,4.53968976,4.44013516,4.53968976,93935573.0,425724449.39
2025-01-27,601989,4.55960068,4.61933344,4.5297343,4.53968976,85593971.0,392668610.08
2025-02-05,601989,4.54964522,4.55960068,4.49986792,4.54964522,63449624.0,288250673.72
2025-02-06,601989,4.53968976,4.5795116,4.49986792,4.56955614,81960965.0,373984561.41
2025-02-07,601989,4.56955614,4.59942252,4.5297343,4.56955614,116542843.0,534176707.75
2025-02-10,601989,4.55960068,4.58946706,4.54964522,4.55960068,96548108.0,442839396.58
2025-02-11,601989,4.55960068,4.56955614,4.49986792,4.50982338,69060901.0,313288991.53
2025-02-12,601989,4.49986792,4.5297343,4.479957,4.49986792,82153851.0,371319870.15
2025-02-13,601989,4.48991246,4.5297343,4.479957,4.48991246,98402342.0,445203697.73
2025-02-14,601989,4.48991246,4.51977884,4.46004608,4.479957,94069661.0,423321712.3
2025-02-17,601989,4.479957,4.5297343,4.45009062,4.5297343,123657931.0,558643963.31
2025-02-18,601989,4.51977884,4.5297343,4.41026878,4.44013516,104851108.0,470680203.48
2025-02-19,601989,4.3804024,4.4301797,4.3306251,4.37044694,212329709.0,930844265.53
2025-02-20,601989,4.36049148,4.36049148,4.25098142,4.27089234,200815780.0,863931392.06
2025-02-21,601989,4.25098142,4.30075872,4.24102596,4.29080326,131705944.0,565882725.76
2025-02-24,601989,4.27089234,4.29080326,4.2310705,4.27089234,135216442.0,578017467.93
2025-02-25,601989,4.25098142,4.25098142,4.21115958,4.2310705,85871432.0,364583628.21
2025-02-26,601989,4.22111504,4.24102596,4.1812932,4.21115958,123452362.0,521066907.57
2025-02-27,601989,4.20120412,4.2310705,4.1812932,4.22111504,104623975.0,441997876.93
2025-02-28,601989,4.20120412,4.2310705,4.17133774,4.1812932,116455201.0,491690242.74
2025-03-03,601989,4.17133774,4.19124866,4.1315159,4.14147136,113023164.0,472182480.43
2025-03-04,601989,4.1315159,4.22111504,4.1315159,4.21115958,126576400.0,532018634.68
2025-03-05,601989,4.19124866,4.22111504,4.14147136,4.16138228,95896596.0,400994007.23
2025-03-06,601989,4.17133774,4.20120412,4.14147136,4.19124866,96710106.0,406217399.7
2025-03-07,601989,4.1812932,4.27089234,4.16138228,4.21115958,131660926.0,558215995.36
2025-03-10,601989,4.21115958,4.26093688,4.21115958,4.24102596,123883208.0,527756076.08
2025-03-11,601989,4.22111504,4.26093688,4.19124866,4.25098142,98040886.0,416809960.92
2025-03-12,601989,4.26093688,4.27089234,4.22111504,4.2310705,78798000.0,335473350.0
2025-03-13,601989,4.22111504,4.31071418,4.19124866,4.27089234,130872141.0,557245523.61
2025-03-14,601989,4.27089234,4.32066964,4.24102596,4.30075872,143461603.0,617222982.06
2025-03-17,601989,4.32066964,4.47000154,4.32066964,4.37044694,254092971.0,1121148651.14
2025-03-18,601989,4.37044694,4.37044694,4.31071418,4.3306251,119492907.0,520060181.75
2025-03-19,601989,4.3306251,4.34058056,4.2808478,4.29080326,86940696.0,375479713.7
2025-03-20,601989,4.29080326,4.39035786,4.26093688,4.36049148,171351375.0,747919214.96
2025-03-21,601989,4.35053602,4.5795116,4.34058056,4.48991246,421390632.0,1902382018.18
2025-03-24,601989,4.56955614,4.59942252,4.42022424,4.51977884,309822364.0,1395550155.3
2025-03-25,601989,4.479957,4.55960068,4.4301797,4.46004608,214542809.0,965139481.88
2025-03-26,601989,4.4301797,4.479957,4.40031332,4.4301797,161772659.0,719745604.87
2025-03-27,601989,4.41026878,4.42022424,4.3306251,4.35053602,141497399.0,619465616.63
2025-03-28,601989,4.34058056,4.36049148,4.27089234,4.29080326,121993550.0,526862314.88
2025-03-31,601989,4.26093688,4.2808478,4.19124866,4.21115958,114829709.0,487241616.52
2025-04-01,601989,4.22111504,4.27089234,4.22111504,4.24102596,89401342.0,380761368.32
2025-04-02,601989,4.2310705,4.24102596,4.20120412,4.22111504,54248210.0,230272344.5
2025-04-03,601989,4.20120412,4.2310705,4.19124866,4.22111504,75238022.0,318535063.26
2025-04-07,601989,4.10164952,4.10164952,3.80298572,3.8826294,272327478.0,1069108044.09
2025-04-08,601989,3.89258486,4.09169406,3.89258486,4.0817386,220774229.0,882257383.39
2025-04-09,601989,4.04191676,4.24102596,3.97222854,4.24102596,239233348.0,1000890168.74
2025-04-10,601989,4.27089234,4.29080326,4.1812932,4.25098142,199956093.0,850375013.38
2025-04-11,601989,4.24102596,4.24102596,4.1812932,4.24102596,105868500.0,448498682.0
2025-04-14,601989,4.24102596,4.25098142,4.21115958,4.22111504,85414490.0,362698014.47
2025-04-15,601989,4.21115958,4.22111504,4.16138228,4.19124866,72118500.0,302684851.0
2025-04-16,601989,4.19124866,4.24102596,4.15142682,4.24102596,89014353.0,374138874.4
2025-04-17,601989,4.20120412,4.27089234,4.19124866,4.26093688,98119280.0,416988154.4
2025-04-18,601989,4.2310705,4.24102596,4.20120412,4.22111504,62307321.0,264260967.04
2025-04-21,601989,4.20120412,4.2310705,4.1812932,4.21115958,59771621.0,252659989.43
2025-04-22,601989,4.20120412,4.21115958,4.1812932,4.1812932,68254522.0,287567149.84
2025-04-23,601989,4.19124866,4.20120412,4.16138228,4.16138228,62548355.0,262059523.91
2025-04-24,601989,4.17133774,4.1812932,4.1315159,4.1315159,68004861.0,283621585.97
2025-04-25,601989,4.14147136,4.1812932,4.12156044,4.16138228,60639451.0,253128971.08
2025-04-28,601989,4.15142682,4.16138228,4.14147136,4.14147136,42062842.0,175347801.41
2025-04-29,601989,4.14147136,4.17133774,4.12156044,4.17133774,55253500.0,230846837.19
2025-04-30,601989,4.17133774,4.1812932,4.14147136,4.14147136,71528556.0,299063334.36
2025-05-06,601989,4.16138228,4.20120412,4.15142682,4.20120412,85899680.0,361172488.0
2025-05-07,601989,4.2310705,4.30075872,4.20120412,4.30075872,183893073.0,786883280.85
2025-05-08,601989,4.2808478,4.32066964,4.26093688,4.32066964,106356621.0,458155829.03
2025-05-09,601989,4.40031332,4.4301797,4.29080326,4.31071418,201869733.0,880080247.16
2025-05-12,601989,4.32066964,4.7288435,4.32066964,4.63924436,532450531.0,2456348855.25
2025-05-13,601989,4.6292889,4.6292889,4.45009062,4.46004608,286536731.0,1292912052.99
2025-05-14,601989,4.44013516,4.46004608,4.41026878,4.44013516,134264574.0,598414212.4
2025-05-15,601989,4.44013516,4.479957,4.3804024,4.3804024,119493464.0,530267628.2
2025-05-16,601989,4.37044694,4.4301797,4.36049148,4.40031332,87348326.0,385736611.75
2025-05-19,601989,4.42022424,4.44013516,4.37044694,4.40031332,75308960.0,332722737.6
2025-05-20,601989,4.39035786,4.42022424,4.37044694,4.40031332,83086282.0,366185312.82
2025-05-21,601989,4.41026878,4.4301797,4.3804024,4.40031332,70244267.0,310912440.14
2025-05-22,601989,4.39035786,4.40031332,4.34058056,4.34058056,75368480.0,330419578.0
2025-05-23,601989,4.34058056,4.37044694,4.30075872,4.30075872,68755500.0,299501946.0
2025-05-26,601989,4.30075872,4.34058056,4.30075872,4.34058056,60910801.0,264560696.14
2025-05-27,601989,4.3306251,4.37044694,4.32066964,4.34058056,66192267.0,288618848.45
2025-05-28,601989,4.35053602,4.36049148,4.3306251,4.34058056,47491422.0,207129688.3
2025-05-29,601989,4.3306251,4.36049148,4.31071418,4.36049148,62685360.0,273254650.0
2025-05-30,601989,4.35053602,4.41026878,4.3306251,4.40031332,101377261.0,445609862.79
2025-06-03,601989,4.39035786,4.45009062,4.37044694,4.44013516,104816623.0,465335657.74
2025-06-04,601989,4.44013516,4.479957,4.42022424,4.46004608,85870091.0,384762397.16
2025-06-05,601989,4.45009062,4.47000154,4.41026878,4.45009062,81937901.0,365692296.47
2025-06-06,601989,4.46004608,4.47000154,4.41026878,4.4301797,61196119.0,272703758.17
2025-06-09,601989,4.4301797,4.46004608,4.41026878,4.42022424,85651447.0,381208753.38
2025-06-10,601989,4.42022424,4.4301797,4.35053602,4.37044694,77209435.0,340287459.89
2025-06-11,601989,4.3804024,4.42022424,4.37044694,4.40031332,58386718.0,258149651.56
2025-06-12,601989,4.39035786,4.44013516,4.3804024,4.4301797,71208694.0,315743243.78
2025-06-13,601989,4.4301797,4.47000154,4.42022424,4.45009062,120936759.0,540546068.0
2025-06-16,601989,4.46004608,4.47000154,4.42022424,4.45009062,66553276.0,297248526.18
2025-06-17,601989,4.45009062,4.47000154,4.4301797,4.47000154,77645730.0,347433615.1
2025-06-18,601989,4.47,4.5,4.46,4.48,66537336.0,298072604.48
2025-06-19,601989,4.46,4.47,4.37,4.42,86332835.0,380844399.99
2025-06-20,601989,4.42,4.43,4.39,4.4,59264922.0,261494832.8
2025-06-23,601989,4.39,4.47,4.38,4.46,73235516.0,325100199.73
2025-06-24,601989,4.46,4.48,4.43,4.46,77959060.0,347535751.6
2025-06-25,601989,4.47,4.53,4.46,4.53,138646057.0,624767511.87
2025-06-26,601989,4.53,4.62,4.51,4.54,175526869.0,803620707.41
2025-06-27,601989,4.53,4.57,4.52,4.53,107321026.0,486938653.11
2025-06-30,601989,4.57,4.68,4.56,4.64,195064439.0,904894580.2
2025-07-01,601989,4.66,4.72,4.61,4.68,222789756.0,1041636278.99
2025-07-02,601989,4.73,4.75,4.64,4.67,187812607.0,879616209.49
2025-07-03,601989,4.69,4.71,4.63,4.67,123563541.0,576751751.53
2025-07-04,601989,4.68,4.69,4.61,4.63,113693553.0,527515477.98
2025-07-07,601989,4.74,4.76,4.62,4.65,259642883.0,1213900134.41
2025-07-08,601989,4.65,4.66,4.57,4.6,185119806.0,850016802.16
2025-07-09,601989,4.6,4.61,4.53,4.54,162714980.0,743563931.2
2025-07-10,601989,4.55,4.57,4.52,4.54,146873280.0,667434618.67
2025-07-11,601989,4.6,4.83,4.59,4.7,478007541.0,2261170894.63
2025-07-14,601989,4.7,4.71,4.63,4.63,225505944.0,1050217874.72
2025-07-15,601989,4.63,4.66,4.59,4.61,125216769.0,578168709.25
2025-07-16,601989,4.61,4.63,4.58,4.59,115902972.0,532647886.03
2025-07-17,601989,4.6,4.65,4.58,4.65,122333347.0,563930794.61
2025-07-18,601989,4.65,4.69,4.63,4.69,153494570.0,716235996.06
2025-07-21,601989,4.84,4.88,4.75,4.8,322568496.0,1548519462.98
2025-07-22,601989,4.81,4.82,4.75,4.81,233954243.0,1119846382.16
2025-07-23,601989,4.82,4.82,4.74,4.74,178546573.0,853541671.11
2025-07-24,601989,4.74,4.79,4.71,4.78,150761441.0,717909968.09
2025-07-25,601989,4.78,4.79,4.73,4.79,176749914.0,841854310.14
2025-07-28,601989,4.78,4.79,4.72,4.74,147589365.0,700265038.58
2025-07-29,601989,4.74,4.77,4.72,4.76,134734019.0,639842085.7
2025-07-30,601989,4.75,4.8,4.73,4.77,174937139.0,835554911.1
2025-07-31,601989,4.75,4.76,4.67,4.68,153384705.0,721704270.76
2025-08-01,601989,4.66,4.67,4.62,4.63,108528571.0,503455128.48
2025-08-04,601989,4.61,4.69,4.6,4.68,103999157.0,483637252.25
2025-08-05,601989,4.79,4.82,4.62,4.68,424486767.0,1995794357.89
2025-08-06,601989,4.7,5.15,4.66,5.15,965685091.0,4839949756.05
2025-08-07,601989,5.57,5.57,5.13,5.21,1151775521.0,6092950866.77
2025-08-08,601989,5.11,5.33,5.0,5.15,646925926.0,3351805811.62
2025-08-11,601989,5.18,5.22,5.0,5.01,560915263.0,2823025234.64
2025-08-12,601989,5.01,5.15,4.9,5.1,583245620.0,2941450109.28
2025-08-13,601989,5.1,5.1,5.1,5.1,,
2025-08-14,601989,5.1,5.1,5.1,5.1,,
2025-08-15,601989,5.1,5.1,5.1,5.1,,
2025-08-18,601989,5.1,5.1,5.1,5.1,,
2025-08-19,601989,5.1,5.1,5.1,5.1,,
2025-08-20,601989,5.1,5.1,5.1,5.1,,
2025-08-21,601989,5.1,5.1,5.1,5.1,,
2025-08-22,601989,5.1,5.1,5.1,5.1,,
2025-08-25,601989,5.1,5.1,5.1,5.1,,
2025-08-26,601989,5.1,5.1,5.1,5.1,,
2025-08-27,601989,5.1,5.1,5.1,5.1,,
2025-08-28,601989,5.1,5.1,5.1,5.1,,
2025-08-29,601989,5.1,5.1,5.1,5.1,,
2025-09-01,601989,5.1,5.1,5.1,5.1,,
2025-09-02,601989,5.1,5.1,5.1,5.1,,
2025-09-03,601989,5.1,5.1,5.1,5.1,,
2025-09-04,601989,5.1,5.1,5.1,5.1,,
