日期,股票代码,开盘,最高,最低,收盘,成交量,成交额
2016-03-11,000503,19.1,19.43,18.88,19.35,10411331,199711922.0
2016-03-14,000503,20.5,21.29,20.4,21.29,14411279,301911344.0
2016-03-15,000503,22.0,23.17,22.0,22.04,49455822,1107858384.0
2016-03-16,000503,22.2,22.73,21.32,21.48,26279848,574459168.0
2016-03-17,000503,21.6,22.99,21.33,22.53,42074101,935011536.0
2016-03-18,000503,22.54,23.96,22.32,23.7,37447449,867725936.0
2016-03-21,000503,23.81,24.74,23.57,24.11,39668452,957961392.0
2016-03-22,000503,23.8,24.53,23.53,23.92,24562466,591921648.0
2016-03-23,000503,23.7,24.2,23.5,24.01,17574261,420446464.0
2016-03-24,000503,23.86,25.27,23.6,24.51,33815515,828142608.0
2016-03-25,000503,24.35,24.9,23.92,24.31,21020954,514379216.0
2016-03-28,000503,24.5,24.85,23.73,23.82,20070499,488570448.0
2016-03-29,000503,23.81,23.98,22.35,23.0,20671926,478863952.0
2016-03-30,000503,23.3,23.84,23.13,23.78,14735924,346469168.0
2016-03-31,000503,23.86,24.38,23.68,23.85,20845503,501994256.0
2016-04-01,000503,23.7,23.88,22.88,23.3,21132610,489911616.0
2016-04-05,000503,23.45,24.26,23.15,24.18,21475660,510190144.0
2016-04-06,000503,24.0,24.5,23.82,24.49,21326009,517433904.0
2016-04-07,000503,24.68,24.83,23.9,23.94,20731227,502973760.0
2016-04-08,000503,23.7,26.29,23.6,26.15,44392898,1121584768.0
2016-04-11,000503,26.0,27.18,25.99,26.57,36223724,960732832.0
2016-04-12,000503,26.34,26.9,25.82,26.7,24492083,644988384.0
2016-04-13,000503,26.7,27.36,26.55,26.86,26287280,710168272.0
2016-04-14,000503,26.86,26.99,26.13,26.78,18896311,500269664.0
2016-04-15,000503,26.8,27.5,26.5,26.95,18789608,508678384.0
2016-04-18,000503,26.42,26.9,25.91,26.08,12912700,338511888.0
2016-04-19,000503,26.25,26.64,25.92,26.58,11841456,311178720.0
2016-04-20,000503,26.7,26.84,23.92,25.03,28828852,721031296.0
2016-04-21,000503,24.5,25.38,24.3,24.63,13337596,331450768.0
2016-04-22,000503,24.16,26.96,24.16,26.88,26997323,693980944.0
2016-04-25,000503,26.68,27.49,26.03,26.99,22168419,597409056.0
2016-04-26,000503,26.89,28.72,26.6,28.6,32863124,907154320.0
2016-04-27,000503,28.48,30.0,28.31,29.11,36206248,1054860416.0
2016-04-28,000503,28.83,29.55,28.4,29.11,22315216,646711328.0
2016-04-29,000503,29.11,29.64,28.88,29.08,21214092,622014768.0
2016-05-03,000503,28.81,30.2,28.81,29.87,20177981,595037984.0
2016-05-04,000503,29.85,30.44,29.5,29.57,20117720,602086928.0
2016-05-05,000503,29.6,31.31,29.6,31.22,27200173,834423408.0
2016-05-06,000503,31.22,32.9,31.01,32.02,43638415,1407691024.0
2016-05-09,000503,31.8,32.34,30.21,30.6,35219266,1097592640.0
2016-05-10,000503,30.05,31.45,30.0,30.7,24836365,756376656.0
2016-05-11,000503,31.0,33.55,30.73,33.16,34915460,1132246784.0
2016-05-12,000503,32.8,34.03,32.22,33.38,29507081,976290752.0
2016-05-13,000503,33.44,33.65,32.55,32.8,16230750,535270672.0
2016-05-16,000503,32.8,34.73,32.66,34.6,23761431,806053024.0
2016-05-17,000503,34.63,37.5,34.36,36.54,35954559,1289465680.0
2016-05-18,000503,36.0,37.33,34.83,35.65,36184705,1298010144.0
2016-05-19,000503,35.4,37.09,35.2,36.03,24759363,897569600.0
2016-05-20,000503,35.75,36.03,34.75,35.47,22550494,797291840.0
2016-05-23,000503,35.47,36.97,35.4,36.65,22763140,830523712.0
2016-05-24,000503,36.7,37.17,36.15,36.82,16377142,600220096.0
2016-05-25,000503,36.96,37.3,35.6,35.9,18517095,673177296.0
2016-05-26,000503,35.4,35.72,34.01,35.1,26619929,925155408.0
2016-05-27,000503,35.29,38.26,35.04,37.7,28502481,1053613120.0
2016-05-30,000503,37.8,39.3,37.25,39.07,25472860,982174960.0
2016-05-31,000503,39.0,39.9,38.69,39.6,23701859,931328016.0
2016-06-01,000503,39.8,41.17,37.8,39.0,52969612,2075882480.0
2016-06-02,000503,38.8,39.59,38.31,39.11,15289130,596492832.0
2016-06-03,000503,39.51,41.0,39.28,40.91,23767899,957531632.0
2016-06-06,000503,41.3,41.46,40.15,40.76,13986232,570425312.0
2016-06-07,000503,40.95,41.13,39.72,40.37,14650484,589985008.0
2016-06-08,000503,40.3,41.1,39.98,40.63,13537795,549073184.0
2016-06-13,000503,40.92,41.37,38.5,38.93,23322668,942133024.0
2016-06-14,000503,39.11,39.5,38.45,39.0,11015620,429663536.0
2016-06-15,000503,38.6,40.6,38.27,39.96,13966673,558629936.0
2016-06-16,000503,39.72,42.2,39.7,41.97,27408234,1129478304.0
2016-06-17,000503,41.99,42.43,41.52,41.81,14687817,615805248.0
2016-06-20,000503,42.0,42.65,41.53,41.8,11213285,470591616.0
2016-06-21,000503,42.04,42.55,41.68,42.23,14561795,612677216.0
2016-06-22,000503,42.45,42.46,40.58,41.33,14669722,608217056.0
2016-06-23,000503,41.26,41.58,40.88,41.04,8877539,365217152.0
2016-06-24,000503,41.17,41.5,38.21,39.22,22521201,893474544.0
2016-06-27,000503,39.1,40.77,39.1,40.01,14889442,597125376.0
2016-06-28,000503,39.86,41.09,39.5,40.94,14315585,580508368.0
2016-06-29,000503,40.94,41.24,40.4,40.6,9364364,381872608.0
2016-06-30,000503,40.61,40.79,39.66,40.21,14143293,566728720.0
2016-07-01,000503,40.2,40.29,39.5,39.52,9081031,360935664.0
2016-07-04,000503,39.39,39.39,37.9,38.87,16882126,653234512.0
2016-07-05,000503,38.87,39.57,38.56,39.11,14960426,585652080.0
2016-07-06,000503,39.3,43.02,38.94,42.84,35044795,1465121488.0
2016-07-07,000503,42.85,43.2,42.54,42.83,20691917,888456528.0
2016-07-08,000503,42.7,44.79,42.7,43.38,19385090,844063360.0
2016-07-11,000503,43.38,43.79,42.97,43.24,12555455,543087856.0
2016-07-12,000503,43.18,43.5,42.62,43.33,12880900,553545472.0
2016-07-13,000503,43.15,45.78,43.15,43.48,23603720,1051578976.0
2016-07-14,000503,42.81,44.2,42.1,43.93,15145501,655780448.0
2016-07-15,000503,43.99,44.18,43.6,44.09,11217750,492521408.0
2016-07-18,000503,44.0,44.6,43.7,43.7,9402276,414381648.0
2016-07-19,000503,43.88,44.6,43.54,44.19,11446434,503189696.0
2016-07-20,000503,44.25,45.88,44.01,45.45,17003839,769565776.0
2016-07-21,000503,45.31,46.69,45.11,45.61,16222670,745510544.0
2016-07-22,000503,45.5,46.65,45.2,46.18,13347664,615630864.0
2016-07-25,000503,46.5,50.32,46.23,50.0,28421763,1384429648.0
2016-07-26,000503,50.01,50.49,49.3,50.4,17601352,880260080.0
2016-07-27,000503,50.47,50.9,48.2,48.81,25397767,1251103888.0
2016-07-28,000503,48.88,49.85,43.93,43.93,46746536,2122476368.0
2016-07-29,000503,42.75,45.77,41.76,44.57,38356018,1674699168.0
2016-08-01,000503,44.3,44.3,40.21,41.1,31853108,1327459680.0
2016-08-02,000503,41.1,42.01,39.5,41.5,16558449,677063792.0
2016-08-03,000503,41.49,42.58,40.98,42.11,13626347,574304816.0
2016-08-04,000503,42.45,44.4,41.7,44.34,18395333,797563200.0
2016-08-05,000503,44.16,46.4,43.94,45.92,19686072,896650784.0
2016-08-08,000503,45.8,46.98,45.6,45.92,15439888,713189024.0
2016-08-09,000503,46.0,46.69,45.71,46.5,11188746,515798752.0
2016-08-10,000503,46.4,48.34,46.21,47.88,17962019,853183184.0
2016-08-11,000503,47.85,48.13,46.81,46.94,11454424,542549824.0
2016-08-12,000503,46.81,47.98,46.52,47.47,8811484,417851392.0
2016-08-15,000503,47.8,47.87,45.65,47.47,16334206,767222976.0
2016-08-16,000503,47.4,49.18,47.21,48.83,16028395,778059216.0
2016-08-17,000503,48.79,49.29,48.5,48.83,9123126,445839616.0
2016-08-18,000503,48.8,49.08,47.86,48.89,10712583,520491344.0
2016-08-19,000503,49.3,49.98,48.58,48.89,9023273,443445024.0
2016-08-22,000503,48.99,49.37,47.22,47.5,11900736,573253776.0
2016-08-23,000503,47.06,48.17,47.06,47.74,7871482,375849072.0
2016-08-24,000503,47.8,48.18,46.7,47.0,10212424,482625504.0
2016-08-25,000503,47.0,47.52,46.45,47.28,10258796,480968384.0
2016-08-26,000503,47.28,49.42,47.28,48.7,16058886,782118560.0
2016-08-29,000503,48.82,50.98,48.82,50.2,21775771,1092277184.0
2016-08-30,000503,50.2,50.8,49.1,49.27,13640409,679182112.0
2016-08-31,000503,49.56,50.45,49.3,49.73,9360333,466542384.0
2016-09-01,000503,49.65,50.13,48.99,49.29,6335816,313765664.0
2016-09-02,000503,49.3,49.52,48.42,49.13,9307033,454448496.0
2016-09-05,000503,49.13,49.44,48.51,48.75,6414421,313516816.0
2016-09-06,000503,48.88,49.96,48.55,49.8,9345871,463057536.0
2016-09-07,000503,49.7,50.39,49.2,49.38,8353516,416506624.0
2016-09-08,000503,49.4,49.86,49.02,49.69,5065123,250353725.0
2016-09-09,000503,49.94,50.13,49.55,49.7,6210680,309825952.0
2016-09-12,000503,48.97,49.19,47.19,47.39,14004535,672016048.0
2016-09-13,000503,47.7,48.53,47.18,48.38,7757497,370518736.0
2016-09-14,000503,48.2,48.97,47.2,48.65,5631776,272780784.0
2016-09-19,000503,48.68,49.38,48.57,48.8,6181483,302681488.0
2016-09-20,000503,49.01,50.23,48.91,49.69,9277378,462199040.0
2016-09-21,000503,49.7,49.98,49.5,49.77,4285896,213175038.0
2016-09-22,000503,49.92,50.32,48.82,49.05,9823395,486067808.0
2016-09-23,000503,49.3,49.34,48.87,49.18,6182648,303549712.0
2016-09-26,000503,49.4,49.41,47.86,48.23,7062957,342246384.0
2016-09-27,000503,48.3,48.79,46.72,48.27,10516278,502420144.0
2016-09-28,000503,48.63,48.76,47.21,47.4,11216801,536852368.0
2016-09-29,000503,47.4,47.4,47.4,47.4,0,0.0
2016-09-30,000503,47.4,47.4,47.4,47.4,0,0.0
2016-10-10,000503,47.4,47.4,47.4,47.4,0,0.0
2016-10-11,000503,47.4,47.4,47.4,47.4,0,0.0
2016-10-12,000503,47.4,47.4,47.4,47.4,0,0.0
2016-10-13,000503,47.4,47.4,47.4,47.4,0,0.0
2016-10-14,000503,47.4,47.4,47.4,47.4,0,0.0
2016-10-17,000503,48.0,50.9,47.4,49.15,18449220,915303328.0
2016-10-18,000503,48.85,49.85,48.5,49.25,6841934,336062032.0
2016-10-19,000503,49.33,49.63,48.67,49.27,7831204,384122672.0
2016-10-20,000503,49.42,49.45,48.7,48.74,4135953,202703726.0
2016-10-21,000503,48.77,48.77,47.57,48.5,8493640,409702768.0
2016-10-24,000503,48.53,48.59,47.88,48.28,4659493,224494282.0
2016-10-25,000503,48.34,48.47,47.9,48.18,5476497,263749455.0
2016-10-26,000503,48.07,50.32,48.07,48.5,16054540,791244208.0
2016-10-27,000503,49.32,49.68,48.66,49.0,12944691,634914496.0
2016-10-28,000503,48.99,49.63,48.68,49.0,5158216,253453542.0
2016-10-31,000503,48.91,50.01,48.49,49.6,6729244,332425952.0
2016-11-01,000503,49.9,51.5,49.47,50.12,17114438,861728480.0
2016-11-02,000503,50.1,51.55,49.87,51.55,14273605,724571440.0
2016-11-03,000503,51.7,55.18,51.55,54.31,21827755,1175515776.0
2016-11-04,000503,53.99,55.16,53.73,53.91,10415838,565743376.0
2016-11-07,000503,54.88,54.88,53.52,54.4,10502867,568201648.0
2016-11-08,000503,54.83,56.43,54.0,55.82,14660059,809119616.0
2016-11-09,000503,55.98,57.36,55.45,56.99,19099629,1079015536.0
2016-11-10,000503,57.0,59.0,56.02,58.3,15620859,902869360.0
2016-11-11,000503,58.5,59.5,55.99,56.6,21777986,1263097856.0
2016-11-14,000503,56.06,57.2,56.05,56.84,9779668,554411264.0
2016-11-15,000503,56.85,57.5,56.3,56.3,8883916,504284592.0
2016-11-16,000503,56.6,56.88,55.83,56.8,6869359,387591920.0
2016-11-17,000503,56.8,57.2,56.0,56.09,6042565,341228256.0
2016-11-18,000503,56.2,57.21,55.91,56.8,9200952,521214464.0
2016-11-21,000503,56.98,56.98,56.31,56.84,6536813,370190336.0
2016-11-22,000503,56.76,58.29,56.63,57.5,8720749,501749984.0
2016-11-23,000503,57.51,58.6,57.39,57.57,6061009,349910336.0
2016-11-24,000503,57.5,59.27,57.5,58.82,11312473,662767088.0
2016-11-25,000503,58.84,59.25,57.79,58.54,8572969,500007536.0
2016-11-28,000503,58.6,59.06,58.4,58.5,9982196,586206240.0
2016-11-29,000503,58.51,59.0,57.83,58.19,10769587,629876480.0
2016-11-30,000503,58.19,58.35,57.33,57.88,6717135,387766528.0
2016-12-01,000503,57.86,58.19,57.7,57.93,3222703,186526169.0
2016-12-02,000503,57.93,58.0,55.4,55.7,7977524,455189952.0
2016-12-05,000503,51.2,54.0,50.13,50.13,24988438,1277596112.0
2016-12-06,000503,50.3,51.9,50.3,51.41,13354186,685625232.0
2016-12-07,000503,51.8,54.0,51.69,53.9,10797441,574996880.0
2016-12-08,000503,54.0,54.15,52.51,53.38,7972053,424997024.0
2016-12-09,000503,53.3,53.88,52.8,53.18,5452168,290302576.0
2016-12-12,000503,53.1,53.25,47.86,47.86,20049956,974189552.0
2016-12-13,000503,47.75,47.86,43.09,47.86,14345232,658117808.0
2016-12-14,000503,47.6,47.99,46.05,47.0,6372168,299893888.0
2016-12-15,000503,46.6,46.94,43.77,44.5,12792189,579142352.0
2016-12-16,000503,44.84,46.68,43.06,46.68,12812926,572885968.0
2016-12-19,000503,46.2,47.58,45.62,46.66,8823453,411699568.0
2016-12-20,000503,46.6,47.0,44.8,46.38,6504657,298013056.0
2016-12-21,000503,46.38,47.28,46.1,46.21,6700942,312954880.0
2016-12-22,000503,46.8,46.96,45.72,46.1,5559728,256957321.0
2016-12-23,000503,46.1,46.11,44.47,44.74,8811545,395483360.0
2016-12-26,000503,43.7,43.7,40.27,41.98,23547921,969532896.0
2016-12-27,000503,41.7,43.02,41.5,41.86,7196651,303220192.0
2016-12-28,000503,41.9,43.29,41.7,42.44,7706677,328194640.0
2016-12-29,000503,42.52,43.0,41.77,41.9,6324611,267466385.0
2016-12-30,000503,42.15,42.3,39.71,42.05,12061964,494998512.0
2017-01-03,000503,42.26,42.49,41.5,42.1,5437587,228611554.0
2017-01-04,000503,42.1,43.27,41.83,43.22,7313369,313438768.0
2017-01-05,000503,43.31,44.73,42.99,44.35,8272183,362625712.0
2017-01-06,000503,44.37,44.89,43.88,44.08,5872812,259851218.0
2017-01-09,000503,44.0,46.18,43.55,46.18,7155030,319975168.0
2017-01-10,000503,46.25,48.52,45.53,48.2,12716719,605805312.0
2017-01-11,000503,48.2,48.4,46.91,47.2,7563296,359356416.0
2017-01-12,000503,47.2,47.65,46.88,47.19,4530933,213831952.0
2017-01-13,000503,47.28,50.08,46.32,48.46,8643394,412230800.0
2017-01-16,000503,48.3,48.6,43.66,45.9,11187801,520221904.0
2017-01-17,000503,45.85,46.35,44.88,45.82,5813880,266110586.0
2017-01-18,000503,46.06,46.12,45.03,45.14,3751279,171206597.0
2017-01-19,000503,45.34,45.34,43.8,44.7,5422689,240785516.0
2017-01-20,000503,44.51,45.77,44.4,44.9,4280134,193313368.0
2017-01-23,000503,44.8,45.22,44.66,44.94,4661293,209340239.0
2017-01-24,000503,45.0,45.88,44.82,44.97,4709685,213411561.0
2017-01-25,000503,45.45,45.5,44.61,44.85,4636586,208518166.0
2017-01-26,000503,44.98,45.31,44.2,44.74,3226965,144537252.0
2017-02-03,000503,44.74,44.98,42.88,42.99,4761536,207294422.0
2017-02-06,000503,42.9,43.18,40.01,43.07,9630756,401739408.0
2017-02-07,000503,42.41,44.13,42.2,43.56,5782941,251611009.0
2017-02-08,000503,43.88,43.9,42.92,43.58,3237024,140794847.0
2017-02-09,000503,43.58,43.99,43.28,43.73,4464355,194733491.0
2017-02-10,000503,43.86,43.93,43.22,43.5,3516287,153106454.0
2017-02-13,000503,43.5,43.71,42.6,43.09,4071364,176138716.0
2017-02-14,000503,42.99,43.17,41.9,42.5,5929039,251875261.0
2017-02-15,000503,42.81,42.9,41.49,41.68,7617083,318917488.0
2017-02-16,000503,41.85,44.12,41.81,43.98,12957381,561533728.0
2017-02-17,000503,47.0,47.0,43.04,44.05,10782256,476741056.0
2017-02-20,000503,44.0,44.4,43.51,44.0,5660673,248537755.0
2017-02-21,000503,44.25,44.31,43.7,43.93,4940011,217390004.0
2017-02-22,000503,43.93,44.1,43.0,43.4,4945654,215599799.0
2017-02-23,000503,43.44,43.89,42.57,42.6,5714563,246139551.0
2017-02-24,000503,42.76,43.16,42.3,42.8,4185723,178883203.0
2017-02-27,000503,42.9,43.5,42.69,42.86,4410668,189863306.0
2017-02-28,000503,42.86,43.62,42.41,42.6,5775113,247439636.0
2017-03-01,000503,42.6,43.04,40.0,42.51,5611097,238164389.0
2017-03-02,000503,42.61,42.76,41.82,42.0,5097232,214636945.0
2017-03-03,000503,42.0,42.29,41.77,41.99,3628621,152208050.0
2017-03-06,000503,41.73,42.26,41.73,42.01,4100168,172059312.0
2017-03-07,000503,42.13,42.99,41.96,42.34,5497002,233823891.0
2017-03-08,000503,42.37,42.61,42.0,42.1,3495129,147406529.0
2017-03-09,000503,42.1,42.28,41.95,41.95,2976780,125304280.0
2017-03-10,000503,41.82,42.1,41.74,41.98,2685748,112521379.0
2017-03-13,000503,42.17,42.17,41.0,41.78,4300017,178581916.0
2017-03-14,000503,41.93,41.93,40.9,41.58,6506793,268626048.0
2017-03-15,000503,41.12,41.59,41.11,41.33,3398637,140780429.0
2017-03-16,000503,41.33,41.58,40.8,41.35,4679130,193447166.0
2017-03-17,000503,41.28,41.42,40.66,41.0,5648659,231721474.0
2017-03-20,000503,40.91,40.91,36.9,36.9,20964897,805198224.0
2017-03-21,000503,34.95,34.95,33.21,34.08,58650073,1975264976.0
2017-03-22,000503,33.18,34.84,32.4,34.55,24651162,837129568.0
2017-03-23,000503,34.1,35.2,34.1,34.7,15689922,545433200.0
2017-03-24,000503,34.72,34.78,32.45,32.51,24700223,823596384.0
2017-03-27,000503,33.0,33.75,32.88,33.34,18413069,612899952.0
2017-03-28,000503,33.38,34.0,33.25,33.75,11788045,395841104.0
2017-03-29,000503,33.9,34.93,33.77,34.73,14404769,495916352.0
2017-03-30,000503,34.5,34.73,34.13,34.26,9836317,337761120.0
2017-03-31,000503,34.37,34.49,33.86,34.19,6268341,214540925.0
2017-04-05,000503,34.19,36.29,34.01,35.97,13082864,463820288.0
2017-04-06,000503,35.83,36.84,35.83,36.25,11713680,427666704.0
2017-04-07,000503,36.7,36.7,35.92,36.09,8367275,302782288.0
2017-04-10,000503,36.0,36.45,35.2,35.69,7567748,271126320.0
2017-04-11,000503,35.5,35.69,33.0,34.0,13313662,455056560.0
2017-04-12,000503,34.19,34.23,30.6,31.7,27399041,879333728.0
2017-04-13,000503,31.29,32.58,30.6,32.33,14496557,458455488.0
2017-04-14,000503,31.9,34.88,31.83,34.88,21365673,714505264.0
2017-04-17,000503,34.65,35.65,33.28,34.79,15327600,533704992.0
2017-04-18,000503,34.6,35.11,34.06,34.38,8152367,281229712.0
2017-04-19,000503,34.23,35.08,33.6,34.58,9320804,321352368.0
2017-04-20,000503,34.59,35.56,34.59,35.0,9764635,342404208.0
2017-04-21,000503,35.4,35.42,33.88,34.65,12299442,425954992.0
2017-04-24,000503,34.5,34.7,32.3,34.1,7370761,247624748.0
2017-04-25,000503,34.1,34.6,33.41,33.94,7308880,248201913.0
2017-04-26,000503,33.97,34.0,32.1,32.1,10222643,336504208.0
2017-04-27,000503,31.99,33.09,30.66,32.29,12052619,384155056.0
2017-04-28,000503,32.26,33.48,32.14,32.9,7314164,240312333.0
2017-05-02,000503,32.98,33.0,31.9,32.08,5426057,174754568.0
2017-05-03,000503,31.98,32.75,31.98,32.72,6570205,212100408.0
2017-05-04,000503,32.7,32.94,32.18,32.2,5773623,187989833.0
2017-05-05,000503,31.88,32.59,31.68,31.77,6150560,197950738.0
2017-05-08,000503,31.78,32.16,30.78,30.78,7040716,222754965.0
2017-05-09,000503,30.31,30.31,27.7,27.7,12818462,359298448.0
2017-05-10,000503,24.93,26.28,24.93,24.93,36614327,925867280.0
2017-05-11,000503,24.93,24.93,24.93,24.93,0,0.0
2017-05-12,000503,24.93,24.93,24.93,24.93,0,0.0
2017-05-15,000503,24.93,24.93,24.93,24.93,0,0.0
2017-05-16,000503,24.93,24.93,24.93,24.93,0,0.0
2017-05-17,000503,24.93,24.93,24.93,24.93,0,0.0
2017-05-18,000503,24.93,24.93,24.93,24.93,0,0.0
2017-05-19,000503,24.93,24.93,24.93,24.93,0,0.0
2017-05-22,000503,24.93,24.93,24.93,24.93,0,0.0
2017-05-23,000503,24.93,24.93,24.93,24.93,0,0.0
2017-05-24,000503,24.93,24.93,24.93,24.93,0,0.0
2017-05-25,000503,24.93,24.93,24.93,24.93,0,0.0
2017-05-26,000503,24.93,24.93,24.93,24.93,0,0.0
2017-05-31,000503,24.93,24.93,24.93,24.93,0,0.0
2017-06-01,000503,24.93,24.93,24.93,24.93,0,0.0
2017-06-02,000503,24.93,24.93,24.93,24.93,0,0.0
2017-06-05,000503,24.93,24.93,24.93,24.93,0,0.0
2017-06-06,000503,24.93,24.93,24.93,24.93,0,0.0
2017-06-07,000503,24.93,24.93,24.93,24.93,0,0.0
2017-06-08,000503,24.93,24.93,24.93,24.93,0,0.0
2017-06-09,000503,24.93,24.93,24.93,24.93,0,0.0
2017-06-12,000503,24.93,24.93,24.93,24.93,0,0.0
2017-06-13,000503,24.93,24.93,24.93,24.93,0,0.0
2017-06-14,000503,24.93,24.93,24.93,24.93,0,0.0
2017-06-15,000503,24.93,24.93,24.93,24.93,0,0.0
2017-06-16,000503,24.93,24.93,24.93,24.93,0,0.0
2017-06-19,000503,24.93,24.93,24.93,24.93,0,0.0
2017-06-20,000503,24.93,24.93,24.93,24.93,0,0.0
2017-06-21,000503,24.93,24.93,24.93,24.93,0,0.0
2017-06-22,000503,24.93,24.93,24.93,24.93,0,0.0
2017-06-23,000503,24.93,24.93,24.93,24.93,0,0.0
2017-06-26,000503,24.93,24.93,24.93,24.93,0,0.0
2017-06-27,000503,24.93,24.93,24.93,24.93,0,0.0
2017-06-28,000503,24.93,24.93,24.93,24.93,0,0.0
2017-06-29,000503,24.93,24.93,24.93,24.93,0,0.0
2017-06-30,000503,24.93,24.93,24.93,24.93,0,0.0
2017-07-03,000503,24.93,24.93,24.93,24.93,0,0.0
2017-07-04,000503,24.93,24.93,24.93,24.93,0,0.0
2017-07-05,000503,24.93,24.93,24.93,24.93,0,0.0
2017-07-06,000503,24.93,24.93,24.93,24.93,0,0.0
2017-07-07,000503,24.93,24.93,24.93,24.93,0,0.0
2017-07-10,000503,24.93,24.93,24.93,24.93,0,0.0
2017-07-11,000503,24.93,24.93,24.93,24.93,0,0.0
2017-07-12,000503,24.93,24.93,24.93,24.93,0,0.0
2017-07-13,000503,24.93,24.93,24.93,24.93,0,0.0
2017-07-14,000503,24.93,24.93,24.93,24.93,0,0.0
2017-07-17,000503,24.93,24.93,24.93,24.93,0,0.0
2017-07-18,000503,24.93,24.93,24.93,24.93,0,0.0
2017-07-19,000503,24.93,24.93,24.93,24.93,0,0.0
2017-07-20,000503,24.93,24.93,24.93,24.93,0,0.0
2017-07-21,000503,24.93,24.93,24.93,24.93,0,0.0
2017-07-24,000503,24.93,24.93,24.93,24.93,0,0.0
2017-07-25,000503,24.93,24.93,24.93,24.93,0,0.0
2017-07-26,000503,24.93,24.93,24.93,24.93,0,0.0
2017-07-27,000503,24.93,24.93,24.93,24.93,0,0.0
2017-07-28,000503,24.93,24.93,24.93,24.93,0,0.0
2017-07-31,000503,24.93,24.93,24.93,24.93,0,0.0
2017-08-01,000503,24.93,24.93,24.93,24.93,0,0.0
2017-08-02,000503,24.93,24.93,24.93,24.93,0,0.0
2017-08-03,000503,24.93,24.93,24.93,24.93,0,0.0
2017-08-04,000503,24.93,24.93,24.93,24.93,0,0.0
2017-08-07,000503,24.93,24.93,24.93,24.93,0,0.0
2017-08-08,000503,24.93,24.93,24.93,24.93,0,0.0
2017-08-09,000503,24.93,24.93,24.93,24.93,0,0.0
2017-08-10,000503,24.93,24.93,24.93,24.93,0,0.0
2017-08-11,000503,24.93,24.93,24.93,24.93,0,0.0
2017-08-14,000503,24.93,24.93,24.93,24.93,0,0.0
2017-08-15,000503,24.93,24.93,24.93,24.93,0,0.0
2017-08-16,000503,24.93,24.93,24.93,24.93,0,0.0
2017-08-17,000503,24.93,24.93,24.93,24.93,0,0.0
2017-08-18,000503,24.93,24.93,24.93,24.93,0,0.0
2017-08-21,000503,24.93,24.93,24.93,24.93,0,0.0
2017-08-22,000503,24.93,24.93,24.93,24.93,0,0.0
2017-08-23,000503,24.93,24.93,24.93,24.93,0,0.0
2017-08-24,000503,24.93,24.93,24.93,24.93,0,0.0
2017-08-25,000503,24.93,24.93,24.93,24.93,0,0.0
2017-08-28,000503,24.93,24.93,24.93,24.93,0,0.0
2017-08-29,000503,24.93,24.93,24.93,24.93,0,0.0
2017-08-30,000503,24.93,24.93,24.93,24.93,0,0.0
2017-08-31,000503,24.93,24.93,24.93,24.93,0,0.0
2017-09-01,000503,24.93,24.93,24.93,24.93,0,0.0
2017-09-04,000503,24.93,24.93,24.93,24.93,0,0.0
2017-09-05,000503,24.93,24.93,24.93,24.93,0,0.0
2017-09-06,000503,24.93,24.93,24.93,24.93,0,0.0
2017-09-07,000503,24.93,24.93,24.93,24.93,0,0.0
2017-09-08,000503,24.93,24.93,24.93,24.93,0,0.0
2017-09-11,000503,24.93,24.93,24.93,24.93,0,0.0
2017-09-12,000503,24.93,24.93,24.93,24.93,0,0.0
2017-09-13,000503,24.93,24.93,24.93,24.93,0,0.0
2017-09-14,000503,24.93,24.93,24.93,24.93,0,0.0
2017-09-15,000503,24.93,24.93,24.93,24.93,0,0.0
2017-09-18,000503,24.93,24.93,24.93,24.93,0,0.0
2017-09-19,000503,24.93,24.93,24.93,24.93,0,0.0
2017-09-20,000503,24.93,24.93,24.93,24.93,0,0.0
2017-09-21,000503,24.93,24.93,24.93,24.93,0,0.0
2017-09-22,000503,24.93,24.93,24.93,24.93,0,0.0
2017-09-25,000503,24.93,24.93,24.93,24.93,0,0.0
2017-09-26,000503,24.93,24.93,24.93,24.93,0,0.0
2017-09-27,000503,24.93,24.93,24.93,24.93,0,0.0
2017-09-28,000503,24.93,24.93,24.93,24.93,0,0.0
2017-09-29,000503,24.93,24.93,24.93,24.93,0,0.0
2017-10-09,000503,24.93,24.93,24.93,24.93,0,0.0
2017-10-10,000503,24.93,24.93,24.93,24.93,0,0.0
2017-10-11,000503,24.93,24.93,24.93,24.93,0,0.0
2017-10-12,000503,24.93,24.93,24.93,24.93,0,0.0
2017-10-13,000503,24.93,24.93,24.93,24.93,0,0.0
2017-10-16,000503,24.93,24.93,24.93,24.93,0,0.0
2017-10-17,000503,24.93,24.93,24.93,24.93,0,0.0
2017-10-18,000503,24.93,24.93,24.93,24.93,0,0.0
2017-10-19,000503,24.93,24.93,24.93,24.93,0,0.0
2017-10-20,000503,24.93,24.93,24.93,24.93,0,0.0
2017-10-23,000503,24.93,24.93,24.93,24.93,0,0.0
2017-10-24,000503,24.93,24.93,24.93,24.93,0,0.0
2017-10-25,000503,24.93,24.93,24.93,24.93,0,0.0
2017-10-26,000503,24.93,24.93,24.93,24.93,0,0.0
2017-10-27,000503,24.93,24.93,24.93,24.93,0,0.0
2017-10-30,000503,24.93,24.93,24.93,24.93,0,0.0
2017-10-31,000503,24.93,24.93,24.93,24.93,0,0.0
2017-11-01,000503,24.93,24.93,24.93,24.93,0,0.0
2017-11-02,000503,24.93,24.93,24.93,24.93,0,0.0
2017-11-03,000503,24.93,24.93,24.93,24.93,0,0.0
2017-11-06,000503,24.93,24.93,24.93,24.93,0,0.0
2017-11-07,000503,24.93,24.93,24.93,24.93,0,0.0
2017-11-08,000503,24.93,24.93,24.93,24.93,0,0.0
2017-11-09,000503,24.93,24.93,24.93,24.93,0,0.0
2017-11-10,000503,24.93,24.93,24.93,24.93,0,0.0
2017-11-13,000503,24.93,24.93,24.93,24.93,0,0.0
2017-11-14,000503,24.93,24.93,24.93,24.93,0,0.0
2017-11-15,000503,24.93,24.93,24.93,24.93,0,0.0
2017-11-16,000503,24.93,24.93,24.93,24.93,0,0.0
2017-11-17,000503,24.93,24.93,24.93,24.93,0,0.0
2017-11-20,000503,24.93,24.93,24.93,24.93,0,0.0
2017-11-21,000503,24.93,24.93,24.93,24.93,0,0.0
2017-11-22,000503,24.93,24.93,24.93,24.93,0,0.0
2017-11-23,000503,24.93,24.93,24.93,24.93,0,0.0
2017-11-24,000503,24.93,24.93,24.93,24.93,0,0.0
2017-11-27,000503,24.93,24.93,24.93,24.93,0,0.0
2017-11-28,000503,24.93,24.93,24.93,24.93,0,0.0
2017-11-29,000503,24.93,24.93,24.93,24.93,0,0.0
2017-11-30,000503,24.93,24.93,24.93,24.93,0,0.0
2017-12-01,000503,24.93,24.93,24.93,24.93,0,0.0
2017-12-04,000503,27.42,27.42,27.42,27.42,1108756,30402089.52
2017-12-05,000503,30.16,30.16,30.16,30.16,1643628,49571820.48
2017-12-06,000503,33.18,33.18,30.16,30.7,70364213,2243218143.79
2017-12-07,000503,31.0,33.77,30.74,33.77,24283675,798437081.86
2017-12-08,000503,34.93,37.15,34.28,37.15,20809032,756404923.99
2017-12-11,000503,39.0,40.2,37.9,39.42,38621771,1512684007.49
2017-12-12,000503,39.95,39.95,37.86,37.95,31302041,1214012692.26
2017-12-13,000503,37.6,41.5,37.6,40.68,30306198,1193806831.01
2017-12-14,000503,39.47,42.06,39.47,40.17,29850555,1220593573.25
2017-12-15,000503,40.95,41.95,39.56,40.09,19174905,774641625.83
2017-12-18,000503,39.87,40.88,38.53,39.97,19031884,755161400.75
2017-12-19,000503,39.98,40.45,39.51,40.08,12137451,486159733.16
2017-12-20,000503,40.2,41.66,39.57,40.53,18598701,755288552.81
2017-12-21,000503,40.19,42.5,40.0,42.35,25165542,1040427096.99
2017-12-22,000503,42.3,46.15,42.27,44.79,34359869,1516756840.94
2017-12-25,000503,45.25,45.89,44.31,44.99,19765138,889897061.77
2017-12-26,000503,45.0,45.67,44.6,44.86,16007700,722153449.86
2017-12-27,000503,44.62,46.29,44.62,45.23,18537848,843763228.93
2017-12-28,000503,45.06,45.49,40.71,41.4,32175271,1373852231.62
2017-12-29,000503,42.68,43.48,41.8,43.16,18579032,794841455.31
2018-01-02,000503,44.05,44.5,42.51,42.72,12793328,553107157.46
2018-01-03,000503,43.0,43.42,41.03,43.0,13166793,559311727.57
2018-01-04,000503,43.13,44.6,42.63,43.69,12689337,554218398.99
2018-01-05,000503,43.8,43.96,42.4,42.83,9451690,406993605.41
2018-01-08,000503,42.95,43.15,41.9,42.03,10808423,458832850.85
2018-01-09,000503,41.5,42.28,40.5,41.02,11395739,472327250.1
2018-01-10,000503,40.82,43.18,40.75,42.58,15291607,647525558.74
2018-01-11,000503,42.84,43.5,42.3,42.36,9099608,389326911.14
2018-01-12,000503,42.18,43.59,42.04,43.16,12748636,549979930.6
2018-01-15,000503,43.0,43.16,41.82,41.91,10047538,425471876.91
2018-01-16,000503,41.9,43.15,41.8,42.0,7891114,334467244.8
2018-01-17,000503,42.3,42.44,40.59,42.44,7668058,318608272.65
2018-01-18,000503,42.2,42.54,41.65,41.68,6734265,283021280.47
2018-01-19,000503,41.7,42.15,40.88,41.0,7400540,307125234.41
2018-01-22,000503,40.8,40.97,39.33,39.6,11208757,451071149.27
2018-01-23,000503,39.6,40.45,39.6,40.15,7415366,296887253.99
2018-01-24,000503,40.24,43.28,39.71,42.84,17090667,715589380.85
2018-01-25,000503,42.84,43.45,42.11,42.5,9448002,403350171.39
2018-01-26,000503,42.5,42.79,41.93,42.24,5622670,237655704.93
2018-01-29,000503,42.2,42.5,40.85,40.88,5633611,233526493.85
2018-01-30,000503,40.83,41.44,40.39,40.98,4746105,194649244.02
2018-01-31,000503,40.5,40.99,39.2,39.48,8952707,356179432.75
2018-02-01,000503,39.5,39.89,35.53,35.53,21733810,802588653.06
2018-02-02,000503,34.98,35.38,33.03,33.24,20907333,714858677.92
2018-02-05,000503,32.22,32.8,29.92,29.92,28956946,881416469.17
2018-02-06,000503,29.92,29.92,29.92,29.92,0,0.0
2018-02-07,000503,29.92,29.92,29.92,29.92,0,0.0
2018-02-08,000503,29.92,29.92,29.92,29.92,0,0.0
2018-02-09,000503,29.92,29.92,29.92,29.92,0,0.0
2018-02-12,000503,29.92,29.92,29.92,29.92,0,0.0
2018-02-13,000503,29.92,29.92,29.92,29.92,0,0.0
2018-02-14,000503,29.92,29.92,29.92,29.92,0,0.0
2018-02-22,000503,30.04,32.91,29.8,31.3,22230441,689249177.17
2018-02-23,000503,30.98,31.9,28.28,28.91,25731906,769228255.5
2018-02-26,000503,29.3,31.8,29.3,31.8,18630490,567379148.49
2018-02-27,000503,32.22,34.98,31.86,34.95,31106745,1051353341.34
2018-02-28,000503,34.65,36.74,34.39,35.9,21040534,747395625.61
2018-03-01,000503,35.9,35.9,35.9,35.9,0,0.0
2018-03-02,000503,35.9,35.9,35.9,35.9,0,0.0
2018-03-05,000503,35.9,35.9,35.9,35.9,0,0.0
2018-03-06,000503,39.3,39.49,38.53,39.49,8441526,331840302.58
2018-03-07,000503,42.0,42.29,40.42,41.04,28224686,1168136483.1
2018-03-08,000503,41.0,41.48,40.3,41.06,12641087,517450547.43
2018-03-09,000503,40.81,41.19,40.6,40.96,9014570,368806252.29
2018-03-12,000503,41.06,42.3,40.89,42.18,16552165,692101350.99
2018-03-13,000503,41.98,42.28,41.2,41.69,12043988,502227730.69
2018-03-14,000503,41.54,42.88,41.3,41.67,13306076,561570001.81
2018-03-15,000503,41.0,41.78,38.38,39.05,19705854,786606374.38
2018-03-16,000503,39.4,40.75,39.4,39.77,10622234,425909631.73
2018-03-19,000503,39.78,41.2,39.67,40.2,11285946,455692128.36
2018-03-20,000503,39.8,40.41,39.01,40.05,7988083,317973973.53
2018-03-21,000503,40.11,41.75,40.11,40.89,15044798,618259068.04
2018-03-22,000503,40.6,41.7,40.18,40.44,11387545,465588301.9
2018-03-23,000503,39.19,39.96,37.0,38.24,18080947,699729414.29
2018-03-26,000503,37.09,39.14,36.88,38.97,13834621,530273196.19
2018-03-27,000503,39.59,40.78,39.51,40.08,14531603,585753985.28
2018-03-28,000503,39.8,40.5,39.66,40.31,9046172,363664992.37
2018-03-29,000503,40.4,40.85,38.84,39.69,13623450,539311065.18
2018-03-30,000503,39.79,39.9,38.9,39.45,8666028,341308247.97
2018-04-02,000503,39.47,43.4,39.47,43.4,33988140,1434123769.49
2018-04-03,000503,43.5,44.33,41.68,42.58,24165230,1033356284.0
2018-04-04,000503,42.69,43.31,41.8,42.31,14399280,613722771.21
2018-04-09,000503,42.65,43.64,42.63,42.96,16817010,725184213.13
2018-04-10,000503,42.82,42.99,41.47,42.08,12975222,545070835.48
2018-04-11,000503,42.25,42.62,41.45,42.01,9247699,389549776.05
2018-04-12,000503,41.83,41.99,41.0,41.5,8338090,346354565.91
2018-04-13,000503,42.26,42.64,41.73,42.37,11319253,476437358.64
2018-04-16,000503,44.0,46.59,43.5,44.11,42198655,1888903514.82
2018-04-17,000503,43.07,43.5,41.33,41.63,25204486,1071940708.22
2018-04-18,000503,41.96,41.99,38.62,40.29,19512385,785209630.33
2018-04-19,000503,39.93,41.48,39.93,40.58,12524447,511460299.56
2018-04-20,000503,40.02,40.87,39.0,39.21,10549571,420284942.59
2018-04-23,000503,38.79,39.4,36.68,37.65,18840577,708088158.05
2018-04-24,000503,39.2,39.6,38.0,38.39,12370816,476476034.29
2018-04-25,000503,38.01,41.53,37.75,40.88,20159396,814664537.11
2018-04-26,000503,40.5,40.99,39.9,40.19,10682805,430749918.47
2018-04-27,000503,40.49,40.77,39.8,40.0,7511045,302129014.78
2018-05-02,000503,39.91,41.44,39.8,39.89,8509310,344197899.17
2018-05-03,000503,40.01,40.71,38.9,40.49,9845063,392398089.82
2018-05-04,000503,40.41,40.8,39.88,40.1,4712676,189483428.57
2018-05-07,000503,39.72,40.2,39.0,40.1,7757820,308235274.32
2018-05-08,000503,40.11,41.18,40.0,40.96,10561538,430261073.17
2018-05-09,000503,40.75,42.15,40.75,41.5,11236767,468904304.1
2018-05-10,000503,41.52,42.09,41.05,41.65,7539826,313890903.62
2018-05-11,000503,41.65,41.98,41.08,41.1,6414800,266324764.34
2018-05-14,000503,41.01,41.6,40.9,41.49,7000303,288844279.25
2018-05-15,000503,41.49,41.88,41.2,41.73,6911150,287466090.34
2018-05-16,000503,41.69,41.9,41.45,41.45,4919525,204664583.98
2018-05-17,000503,41.8,42.9,41.47,41.5,14804052,623540415.46
2018-05-18,000503,41.5,41.8,41.21,41.74,6273306,260509627.6
2018-05-21,000503,41.73,42.22,41.4,41.99,8083395,338135307.03
2018-05-22,000503,41.79,42.24,41.47,41.99,7365868,308374235.54
2018-05-23,000503,41.95,42.23,41.71,41.88,6824772,286869771.72
2018-05-24,000503,42.3,43.38,42.04,42.98,15274483,654284413.61
2018-05-25,000503,43.22,43.46,39.0,40.13,25463425,1044960676.5
2018-05-28,000503,40.13,40.32,38.2,39.54,9647101,380224545.33
2018-05-29,000503,39.3,40.35,38.64,38.64,8330074,329859047.35
2018-05-30,000503,38.0,38.91,37.41,38.08,8735065,333328593.15
2018-05-31,000503,38.55,38.79,36.73,37.48,10875092,408384134.82
2018-06-01,000503,37.48,37.7,34.87,35.7,12550874,454188264.95
2018-06-04,000503,35.7,36.44,32.49,36.09,13408737,465604351.06
2018-06-05,000503,36.01,38.6,35.64,38.13,11681586,435938862.65
2018-06-06,000503,38.0,38.38,37.58,38.1,5145887,195733166.93
2018-06-07,000503,38.07,39.3,37.9,38.81,6865724,265150260.78
2018-06-08,000503,38.79,38.93,36.84,37.85,10277162,386998239.69
2018-06-11,000503,38.0,38.16,36.44,36.76,8309566,307829372.42
2018-06-12,000503,36.5,38.6,36.5,38.38,9007350,340761853.54
2018-06-13,000503,37.7,38.55,37.3,37.7,6790011,257735311.51
2018-06-14,000503,37.68,37.94,37.13,37.24,5366667,200740971.9
2018-06-15,000503,37.18,37.56,34.5,35.01,11107066,396692898.16
2018-06-19,000503,33.9,35.5,31.51,31.51,15640137,516354135.01
2018-06-20,000503,31.3,31.4,29.0,30.92,22391660,679967258.13
2018-06-21,000503,30.9,32.5,29.8,30.17,16577009,512935368.75
2018-06-22,000503,30.16,31.07,29.61,30.77,7270951,222351679.26
2018-06-25,000503,31.1,31.55,30.28,30.76,7101700,219085724.11
2018-06-26,000503,30.1,31.1,29.4,30.8,7310403,223261746.61
2018-06-27,000503,31.09,31.26,29.8,30.18,6834894,208123975.98
2018-06-28,000503,30.26,30.64,28.89,28.89,6995747,208854606.01
2018-06-29,000503,30.9,31.78,30.12,31.78,15849861,491245018.14
2018-07-02,000503,31.88,32.38,30.88,31.26,10876398,341018346.68
2018-07-03,000503,30.89,31.89,30.83,31.51,10388214,325395267.44
2018-07-04,000503,31.92,31.92,30.9,30.94,5443366,170343686.22
2018-07-05,000503,30.9,30.93,29.57,29.74,7016826,211800594.66
2018-07-06,000503,29.74,30.42,29.1,29.86,6217498,185960828.34
2018-07-09,000503,30.22,30.8,29.95,30.52,5206441,158304796.35
2018-07-10,000503,31.0,31.0,29.98,30.4,4740840,144268629.95
2018-07-11,000503,30.0,30.01,27.36,27.36,19575507,552439458.52
2018-07-12,000503,27.3,30.1,27.29,30.1,16120163,465361634.58
2018-07-13,000503,30.45,31.68,30.13,30.99,18368603,567825894.23
2018-07-16,000503,31.0,31.15,30.44,30.93,8538645,263718640.55
2018-07-17,000503,31.05,31.05,30.52,30.81,6785637,208557932.29
2018-07-18,000503,30.62,30.97,30.0,30.56,7180649,218711146.45
2018-07-19,000503,30.4,30.58,29.25,29.3,7247677,216142166.24
2018-07-20,000503,29.1,30.23,29.1,30.23,7213433,214510553.81
2018-07-23,000503,30.74,30.74,29.46,29.77,7525383,224904502.28
2018-07-24,000503,29.62,30.8,29.49,30.4,8031640,242905902.22
2018-07-25,000503,30.41,30.5,30.08,30.28,4386641,132595875.94
2018-07-26,000503,30.3,30.37,30.01,30.11,4516377,136056081.59
2018-07-27,000503,30.2,30.2,28.88,29.41,7093700,208316622.49
2018-07-30,000503,29.24,29.38,28.36,28.39,5469410,157416522.17
2018-07-31,000503,28.6,28.95,27.85,28.01,5799824,163516787.31
2018-08-01,000503,28.19,28.39,27.44,27.49,6073321,168737943.27
2018-08-02,000503,27.03,27.16,24.74,25.7,16705654,427744124.27
2018-08-03,000503,25.5,25.82,25.04,25.41,6540492,166405228.4
2018-08-06,000503,25.43,25.43,22.87,22.87,19428929,454210166.04
2018-08-07,000503,22.87,24.95,20.58,24.0,37657239,818939757.62
2018-08-08,000503,23.46,23.46,22.04,22.5,18824909,428762620.56
2018-08-09,000503,22.18,23.44,22.18,22.49,12943165,296013701.12
2018-08-10,000503,22.68,23.38,22.33,23.32,12102212,276494754.84
2018-08-13,000503,22.75,23.25,22.39,23.0,7929015,181105487.76
2018-08-14,000503,23.0,23.15,22.15,22.64,10701585,242016071.02
2018-08-15,000503,22.85,23.18,22.01,22.5,10233051,231835471.48
2018-08-16,000503,22.09,22.17,20.25,20.25,17987416,378415032.14
2018-08-17,000503,20.23,20.63,18.25,18.49,34031167,652504006.31
2018-08-20,000503,18.61,18.75,17.0,18.13,19884266,362376349.85
2018-08-21,000503,18.45,18.83,18.18,18.45,13509146,249649824.39
2018-08-22,000503,18.65,18.95,18.34,18.49,11153436,208138377.25
2018-08-23,000503,18.49,18.75,18.31,18.48,8075861,149687180.56
2018-08-24,000503,18.44,18.71,18.2,18.4,8041039,148795275.47
2018-08-27,000503,18.75,20.24,18.65,19.62,20533485,403851934.85
2018-08-28,000503,19.79,20.5,19.29,20.18,16112420,321263494.92
2018-08-29,000503,20.67,20.88,19.9,20.05,11963212,243305493.9
2018-08-30,000503,20.1,20.45,19.9,20.19,7839143,158656136.2
2018-08-31,000503,19.81,20.03,19.36,19.77,8037662,158325553.66
2018-09-03,000503,19.47,19.67,18.9,19.19,7922956,151543558.39
2018-09-04,000503,19.19,20.49,19.18,20.38,14839918,296976219.16
2018-09-05,000503,20.45,21.69,20.2,20.99,17892465,375886472.54
2018-09-06,000503,21.0,21.32,20.75,20.96,12369123,259590919.23
2018-09-07,000503,21.14,21.38,20.57,20.7,8812348,184439759.33
2018-09-10,000503,20.66,20.89,19.92,20.13,7868926,160489800.26
2018-09-11,000503,20.23,21.13,20.1,20.8,8811858,182716376.27
2018-09-12,000503,20.86,21.17,20.44,20.85,8064579,168117234.78
2018-09-13,000503,21.1,21.28,20.31,20.7,6131130,126727729.31
2018-09-14,000503,20.8,20.85,20.2,20.3,6078708,124285053.55
2018-09-17,000503,19.9,20.3,19.51,19.76,6074808,120889284.62
2018-09-18,000503,19.81,20.09,19.64,19.99,5334125,106124004.25
2018-09-19,000503,20.08,20.61,19.9,20.4,8103542,164452331.13
2018-09-20,000503,20.39,20.65,19.47,19.51,9878598,197847550.82
2018-09-21,000503,19.7,21.46,19.26,21.22,20235321,416645616.96
2018-09-25,000503,20.9,21.09,20.38,20.65,14231375,294126091.76
2018-09-26,000503,20.69,20.8,20.27,20.45,11086300,227520249.65
2018-09-27,000503,20.55,20.71,19.8,19.9,9094969,183330808.47
2018-09-28,000503,19.95,20.46,19.8,20.08,7728344,155528166.1
2018-10-08,000503,19.9,19.9,18.07,18.07,18228490,343383609.66
2018-10-09,000503,18.29,18.52,17.93,18.08,8414812,153107824.25
2018-10-10,000503,18.21,18.37,17.52,18.02,6760181,121585323.95
2018-10-11,000503,16.68,17.23,16.22,16.22,12827649,211743848.91
2018-10-12,000503,15.52,15.85,14.6,14.6,31869796,469754167.77
2018-10-15,000503,13.6,14.66,13.14,13.21,36495234,497860097.85
2018-10-16,000503,13.43,14.11,13.28,13.62,26089350,355479539.98
2018-10-17,000503,13.89,14.09,13.23,13.74,18042311,248899282.97
2018-10-18,000503,14.04,14.11,13.5,13.56,17071611,235087714.2
2018-10-19,000503,13.0,14.31,12.64,14.11,19257871,264510049.01
2018-10-22,000503,14.35,15.4,14.3,14.99,19879967,294313269.19
2018-10-23,000503,14.95,15.12,14.35,14.5,15631063,229601646.62
2018-10-24,000503,14.36,15.11,14.36,14.69,13597450,200976373.97
2018-10-25,000503,14.07,14.38,13.55,14.31,16603183,232916121.05
2018-10-26,000503,14.48,14.57,14.0,14.07,9082804,129304728.0
2018-10-29,000503,14.1,14.33,13.8,13.98,9372217,132272407.7
2018-10-30,000503,14.0,14.34,13.59,14.09,9370790,131460301.05
2018-10-31,000503,14.26,14.8,14.23,14.47,12247168,177932641.42
2018-11-01,000503,14.8,15.19,14.57,14.68,14381610,213691684.79
2018-11-02,000503,15.0,15.34,14.76,15.23,16717800,251567442.69
2018-11-05,000503,15.15,15.17,14.61,14.86,16597025,247238064.72
2018-11-06,000503,14.94,14.98,14.36,14.75,9592632,140133413.75
2018-11-07,000503,14.75,15.04,14.66,14.68,11126185,165217723.54
2018-11-08,000503,14.79,14.9,14.4,14.42,9257718,135777000.15
2018-11-09,000503,14.34,14.55,14.1,14.11,8643314,123914443.17
2018-11-12,000503,14.26,15.52,14.17,15.52,26348187,397679753.14
2018-11-13,000503,15.77,16.76,15.61,16.1,41162837,668469672.89
2018-11-14,000503,16.27,16.44,15.8,15.9,20880637,334994868.47
2018-11-15,000503,16.09,16.61,15.9,16.24,20401212,332477945.68
2018-11-16,000503,16.51,16.68,16.22,16.51,17086640,281681046.28
2018-11-19,000503,16.44,17.79,16.19,17.36,23566386,401403149.39
2018-11-20,000503,17.05,18.31,17.05,17.72,29068769,516400067.24
2018-11-21,000503,17.3,17.9,17.21,17.42,18639742,326231378.01
2018-11-22,000503,17.52,18.64,17.36,18.59,27021074,489440281.4
2018-11-23,000503,18.4,19.35,18.3,18.58,36050815,679040164.76
2018-11-26,000503,18.75,19.02,17.33,17.8,23117520,416821534.24
2018-11-27,000503,18.08,19.23,17.66,19.07,26791362,495343720.32
2018-11-28,000503,18.96,19.46,18.75,19.3,21043679,402910289.23
2018-11-29,000503,19.35,19.46,18.53,18.59,19227395,363738525.12
2018-11-30,000503,18.31,18.86,18.31,18.5,11541795,213991771.85
2018-12-03,000503,18.95,19.36,18.5,18.53,20248527,383369920.77
2018-12-04,000503,18.39,19.26,18.21,18.86,15488312,292036456.48
2018-12-05,000503,18.44,18.8,18.4,18.65,13075919,243162633.43
2018-12-06,000503,18.51,18.65,17.11,17.58,21663920,386895533.08
2018-12-07,000503,17.75,19.18,17.7,18.92,28186509,525872938.7
2018-12-10,000503,19.17,19.88,18.76,18.91,22953498,443446228.76
2018-12-11,000503,19.15,19.31,18.69,18.72,12814661,243107468.46
2018-12-12,000503,18.83,19.1,18.6,18.62,11149568,209418538.01
2018-12-13,000503,18.73,19.23,18.5,19.11,16999473,321601826.86
2018-12-14,000503,19.1,19.41,18.48,18.72,15524086,293112475.54
2018-12-17,000503,18.49,18.61,17.71,18.14,13138076,236978702.15
2018-12-18,000503,18.0,18.15,17.21,17.62,11982000,211614275.68
2018-12-19,000503,17.62,18.19,17.4,17.57,9286110,165240620.05
2018-12-20,000503,17.58,17.8,17.21,17.57,9707996,169391437.7
2018-12-21,000503,17.99,18.49,17.5,17.6,13816500,248043329.14
2018-12-24,000503,17.4,17.75,16.79,16.99,14874830,255544025.38
2018-12-25,000503,16.72,16.72,15.65,16.3,17178941,276691001.0
2018-12-26,000503,16.34,16.62,16.03,16.06,9501602,154711616.9
2018-12-27,000503,16.45,16.54,15.52,15.74,13524814,218269269.74
2018-12-28,000503,15.98,16.16,15.53,15.88,12544388,198646185.75
2019-01-02,000503,15.91,16.08,15.15,15.5,10022370,156432861.41
2019-01-03,000503,15.57,15.88,15.03,15.07,9814115,151574375.46
2019-01-04,000503,14.95,15.81,14.7,15.79,14090745,216943091.6
2019-01-07,000503,15.93,16.29,15.8,16.04,14812631,237500457.18
2019-01-08,000503,16.19,16.19,15.72,15.94,9110018,145490948.31
2019-01-09,000503,16.0,16.32,15.8,15.88,9149453,147065769.78
2019-01-10,000503,15.84,15.97,15.42,15.5,9817539,153507837.72
2019-01-11,000503,15.54,16.05,15.54,15.9,9377299,148603035.03
2019-01-14,000503,15.9,16.01,15.38,15.45,8898200,139140779.64
2019-01-15,000503,15.57,15.84,15.39,15.79,10157971,159227101.36
2019-01-16,000503,15.87,15.92,15.53,15.65,7340825,115353735.72
2019-01-17,000503,15.63,15.63,15.17,15.22,9538853,146594314.14
2019-01-18,000503,15.29,15.63,15.15,15.51,8053548,124234457.26
2019-01-21,000503,15.43,15.91,15.35,15.7,10397348,162773059.27
2019-01-22,000503,15.76,15.76,14.94,15.2,11564225,176327526.57
2019-01-23,000503,15.0,15.31,15.0,15.23,5437530,82525397.27
2019-01-24,000503,15.19,15.45,15.04,15.17,6218955,94866420.23
2019-01-25,000503,15.18,15.25,14.7,14.71,10123254,151492213.08
2019-01-28,000503,14.69,16.18,14.69,15.68,23986155,376650986.66
2019-01-29,000503,15.7,15.88,15.08,15.29,12531286,192897640.22
2019-01-30,000503,15.21,15.33,13.76,13.76,20846937,301412530.94
2019-01-31,000503,13.87,14.46,13.71,13.84,14645451,206113724.25
2019-02-01,000503,14.0,14.32,14.0,14.3,8504713,120506120.92
2019-02-11,000503,14.26,14.77,14.26,14.63,7923573,115705423.22
2019-02-12,000503,14.7,15.42,14.66,15.18,11886864,178791159.91
2019-02-13,000503,15.18,15.88,15.1,15.67,16032382,248922345.97
2019-02-14,000503,15.69,15.85,15.47,15.72,9122790,142917586.79
2019-02-15,000503,15.65,16.28,15.56,15.84,12787476,203956628.7
2019-02-18,000503,15.94,16.48,15.83,16.38,16234155,262214611.15
2019-02-19,000503,16.38,17.07,16.22,16.59,19724941,327708747.85
2019-02-20,000503,16.52,16.78,16.2,16.52,12512421,206345648.61
2019-02-21,000503,16.53,17.25,16.49,17.25,20424532,346476391.17
2019-02-22,000503,17.25,18.9,17.11,18.55,28754942,521035948.79
2019-02-25,000503,18.55,20.1,18.44,19.75,35975703,702509987.7
2019-02-26,000503,20.4,20.4,18.96,19.58,34128206,668505610.05
2019-02-27,000503,19.44,21.26,19.44,20.55,30944204,627191794.33
2019-02-28,000503,20.57,20.88,20.08,20.26,16254841,331732676.8
2019-03-01,000503,20.2,20.48,19.32,19.93,23173930,456865801.83
2019-03-04,000503,20.39,21.9,20.09,21.32,41554352,878106977.48
2019-03-05,000503,21.15,21.88,20.88,21.28,27738949,592538303.45
2019-03-06,000503,21.28,21.72,20.88,21.28,28110567,596534502.62
2019-03-07,000503,21.31,21.31,20.2,20.94,30783641,639003260.84
2019-03-08,000503,20.26,20.26,18.95,18.95,37210061,730050593.46
2019-03-11,000503,18.61,20.45,18.61,20.38,32773822,649982301.83
2019-03-12,000503,20.5,21.36,19.93,20.26,36618956,757807870.09
2019-03-13,000503,20.26,21.14,20.21,20.44,31753016,660486551.94
2019-03-14,000503,20.44,20.9,19.38,19.78,24131671,481000007.95
2019-03-15,000503,19.9,21.03,19.9,20.36,25233660,515901226.48
2019-03-18,000503,20.86,21.07,19.78,21.0,28021559,575846694.11
2019-03-19,000503,20.9,23.1,20.63,23.1,42841938,955396917.25
2019-03-20,000503,25.41,25.41,25.41,25.41,20909732,531316290.12
2019-03-21,000503,27.95,27.95,27.95,27.95,2698021,75409686.95
2019-03-22,000503,27.95,27.95,27.95,27.95,0,0.0
2019-03-25,000503,27.95,27.95,27.95,27.95,0,0.0
2019-03-26,000503,27.95,27.95,27.95,27.95,0,0.0
2019-03-27,000503,27.95,27.95,27.95,27.95,0,0.0
2019-03-28,000503,27.95,27.95,27.95,27.95,0,0.0
2019-03-29,000503,27.95,27.95,27.95,27.95,0,0.0
2019-04-01,000503,27.95,27.95,27.95,27.95,0,0.0
2019-04-02,000503,27.95,27.95,27.95,27.95,0,0.0
2019-04-03,000503,27.95,27.95,27.95,27.95,0,0.0
2019-04-04,000503,27.95,27.95,27.95,27.95,0,0.0
2019-04-08,000503,30.75,30.75,30.75,30.75,986841,30345360.75
2019-04-09,000503,33.0,33.0,27.68,28.28,89180647,2584214799.76
2019-04-10,000503,27.02,30.5,27.0,29.01,56565703,1646563072.39
2019-04-11,000503,28.75,28.76,26.11,26.11,49533199,1329206995.95
2019-04-12,000503,25.8,26.58,24.75,24.95,35297740,900057162.33
2019-04-15,000503,25.17,25.65,24.55,24.6,27157905,681160906.45
2019-04-16,000503,24.4,25.33,24.35,25.28,19140370,477768383.88
2019-04-17,000503,25.2,25.73,24.57,25.01,21328732,535365650.18
2019-04-18,000503,25.0,25.29,24.83,24.87,14172946,355024890.05
2019-04-19,000503,24.73,25.67,24.31,25.03,20971892,524314708.89
2019-04-22,000503,24.85,25.2,24.6,24.6,15669551,388932333.19
2019-04-23,000503,24.4,24.57,23.19,24.0,21765717,520181738.56
2019-04-24,000503,23.92,24.92,23.92,24.73,16465050,404306650.57
2019-04-25,000503,25.19,25.19,22.88,23.19,23371103,559411227.9
2019-04-26,000503,22.98,23.33,22.3,22.54,19182457,437505600.69
2019-04-29,000503,22.3,23.05,21.3,21.9,19572798,436109096.78
2019-04-30,000503,22.04,22.49,21.78,22.21,11333001,250563011.09
2019-05-06,000503,20.91,21.56,19.99,19.99,22243860,458264564.46
2019-05-07,000503,20.21,20.45,19.63,19.97,14358560,288104064.08
2019-05-08,000503,19.55,20.3,19.22,19.91,14550625,288271096.11
2019-05-09,000503,19.92,20.37,19.66,19.71,13486886,269826495.27
2019-05-10,000503,20.1,20.95,19.23,20.77,22502118,455790543.17
2019-05-13,000503,20.65,21.35,20.3,20.48,18059153,374027542.93
2019-05-14,000503,20.1,20.8,20.0,20.1,12888476,263263942.14
2019-05-15,000503,20.4,20.61,20.06,20.42,12954224,263512690.01
2019-05-16,000503,20.53,20.55,20.01,20.18,12088360,244845765.1
2019-05-17,000503,20.33,20.33,18.37,18.5,22060341,424234632.8
2019-05-20,000503,18.56,19.44,18.29,19.1,16153162,305506848.63
2019-05-21,000503,19.22,19.77,19.11,19.63,12008249,234915155.73
2019-05-22,000503,19.7,19.78,19.01,19.21,11132981,215417843.71
2019-05-23,000503,19.17,19.58,18.6,18.72,12612064,239865823.75
2019-05-24,000503,18.66,19.09,18.53,18.73,7297242,137262048.59
2019-05-27,000503,18.86,19.32,18.51,19.3,14729527,279644420.49
2019-05-28,000503,19.29,19.5,18.93,19.08,11118136,213664029.4
2019-05-29,000503,18.95,19.19,18.7,18.87,7482873,142117613.49
2019-05-30,000503,18.89,18.89,17.23,17.77,23564522,419037462.74
2019-05-31,000503,17.9,18.46,17.79,18.23,16796661,306012303.14
2019-06-03,000503,18.29,18.46,17.56,17.67,11323442,202601337.15
2019-06-04,000503,17.8,19.35,17.68,18.22,22063491,409814101.43
2019-06-05,000503,18.55,18.99,18.12,18.38,14035797,261022301.58
2019-06-06,000503,18.33,18.48,17.41,17.83,9938921,177634413.35
2019-06-10,000503,17.84,18.08,17.25,17.48,12101737,212546895.16
2019-06-11,000503,17.5,18.34,17.11,18.1,15503233,276294751.3
2019-06-12,000503,18.13,18.38,17.53,17.6,12745489,228021767.28
2019-06-13,000503,17.5,18.05,17.43,17.85,11006072,195312922.92
2019-06-14,000503,17.9,17.91,16.81,17.03,20325327,350288261.84
2019-06-17,000503,17.01,17.28,16.78,16.9,7987836,135873560.74
2019-06-18,000503,16.91,17.23,16.65,16.89,8612104,145496799.13
2019-06-19,000503,17.3,17.5,17.05,17.09,10117699,174996812.15
2019-06-20,000503,17.08,17.89,17.01,17.59,13105782,229328762.47
2019-06-21,000503,17.81,18.31,17.72,18.17,16973610,307014308.6
2019-06-24,000503,18.14,18.27,17.85,18.07,10890888,196333166.85
2019-06-25,000503,18.05,18.1,17.22,17.41,11951769,209078774.55
2019-06-26,000503,17.48,17.8,17.34,17.47,7569437,133249102.63
2019-06-27,000503,17.68,17.85,17.27,17.4,10356176,182114084.54
2019-06-28,000503,17.69,17.8,16.83,17.16,10872131,187614198.06
2019-07-01,000503,17.42,18.14,17.26,17.92,18735960,333259655.83
2019-07-02,000503,17.85,18.05,17.6,17.78,12195000,217083012.73
2019-07-03,000503,17.78,17.87,17.25,17.37,10509606,183365082.4
2019-07-04,000503,17.49,17.52,16.89,17.01,10805071,184872730.64
2019-07-05,000503,17.08,17.17,16.87,17.09,6319993,107628935.37
2019-07-08,000503,16.92,16.99,15.94,16.08,14801200,241324023.45
2019-07-09,000503,16.07,16.28,15.82,16.14,7204250,115711554.35
2019-07-10,000503,16.14,16.24,15.2,15.55,12434557,195712740.1
2019-07-11,000503,15.67,17.11,15.67,17.11,30773546,517012962.65
2019-07-12,000503,17.11,17.48,16.74,16.78,25953487,442412098.83
2019-07-15,000503,16.78,17.11,16.3,16.94,15979976,267672367.28
2019-07-16,000503,17.07,17.77,17.05,17.14,20139677,349495463.17
2019-07-17,000503,16.86,17.15,16.61,16.77,11314098,190763086.92
2019-07-18,000503,16.64,16.65,16.13,16.15,13243749,215670434.22
2019-07-19,000503,16.33,16.52,15.91,16.0,9628060,155245732.98
2019-07-22,000503,16.0,16.14,15.22,15.39,10657294,165567472.84
2019-07-23,000503,15.36,15.75,15.36,15.57,7657275,118912962.02
2019-07-24,000503,15.6,16.1,15.52,15.79,9829783,155460567.17
2019-07-25,000503,15.8,16.36,15.71,16.18,10623438,171283440.94
2019-07-26,000503,16.1,17.38,16.07,16.86,19199146,324060063.33
2019-07-29,000503,16.83,17.12,16.6,16.72,11583608,194752271.55
2019-07-30,000503,16.72,17.05,16.56,16.56,8879442,148811392.75
2019-07-31,000503,16.52,16.75,16.41,16.5,6384158,105764252.33
2019-08-01,000503,16.34,16.6,16.21,16.31,6296100,102848645.0
2019-08-02,000503,15.88,16.1,15.62,16.0,9833164,156136123.14
2019-08-05,000503,15.96,15.96,15.36,15.42,14645698,227807330.24
2019-08-06,000503,14.95,14.95,13.95,14.31,20514649,295243486.57
2019-08-07,000503,14.48,15.11,14.48,14.69,13439433,198252765.77
2019-08-08,000503,14.9,15.26,14.79,15.0,9963290,149536617.75
2019-08-09,000503,15.08,15.33,14.74,14.77,10647514,159910818.03
2019-08-12,000503,14.87,15.05,14.55,14.97,7815834,116233861.65
2019-08-13,000503,14.82,14.93,14.56,14.64,6783998,99729083.5
2019-08-14,000503,14.99,15.15,14.63,14.66,8077315,120066846.32
2019-08-15,000503,14.13,15.07,14.03,14.92,11812249,173750097.4
2019-08-16,000503,15.03,15.03,14.79,14.79,7991855,119157847.7
2019-08-19,000503,14.93,15.55,14.9,15.42,15462847,235446165.26
2019-08-20,000503,15.44,16.06,15.21,15.33,19888182,311577279.12
2019-08-21,000503,15.3,15.65,14.95,15.16,16530672,250577373.72
2019-08-22,000503,15.16,15.31,14.94,15.23,9920915,150127249.6
2019-08-23,000503,15.23,15.5,15.08,15.1,10459382,159450707.13
2019-08-26,000503,14.78,15.43,14.61,15.19,13425312,203812933.0
2019-08-27,000503,15.27,15.64,15.2,15.49,12914134,199832483.32
2019-08-28,000503,15.47,15.53,15.21,15.22,9071545,139196602.74
2019-08-29,000503,15.33,16.48,15.19,15.96,28253961,450658204.52
2019-08-30,000503,16.08,16.27,15.51,15.66,18349228,291959722.17
2019-09-02,000503,15.58,16.05,15.42,15.9,12910406,203585602.57
2019-09-03,000503,15.92,17.01,15.84,16.76,23390041,386863976.27
2019-09-04,000503,16.6,16.79,16.35,16.56,13002772,214968523.95
2019-09-05,000503,16.75,17.44,16.65,17.06,22571839,384618975.26
2019-09-06,000503,17.05,17.45,16.8,17.27,15852657,271884359.63
2019-09-09,000503,17.31,18.46,17.06,18.46,31357022,562273999.18
2019-09-10,000503,18.48,19.4,18.3,18.8,31184176,587992227.2
2019-09-11,000503,18.68,19.28,18.43,18.98,22189283,418351857.06
2019-09-12,000503,19.08,20.67,19.08,20.2,43853188,869846368.34
2019-09-16,000503,20.1,20.39,19.63,20.29,26157411,523548307.63
2019-09-17,000503,20.1,20.2,18.5,18.71,35383561,679346573.93
2019-09-18,000503,18.95,19.35,18.54,18.79,18402716,348082058.44
2019-09-19,000503,19.1,20.45,18.85,20.17,38171694,758846266.92
2019-09-20,000503,20.12,20.8,19.78,20.23,28690497,580901943.6
2019-09-23,000503,20.08,20.08,18.99,19.33,24369269,471394388.9
2019-09-24,000503,19.56,19.61,18.88,19.12,20649951,394894330.31
2019-09-25,000503,18.88,19.09,18.15,18.15,21896884,404749763.61
2019-09-26,000503,18.44,18.44,17.0,17.23,23824829,419003847.16
2019-09-27,000503,17.25,18.05,17.25,17.72,17239381,305834355.15
2019-09-30,000503,18.16,18.4,17.54,17.54,13953119,249940946.98
2019-10-08,000503,16.7,17.98,16.7,17.33,17595779,307593290.96
2019-10-09,000503,17.35,17.69,16.91,17.25,10327243,178292641.08
2019-10-10,000503,17.36,17.43,16.92,17.19,9271209,159171002.81
2019-10-11,000503,17.2,17.25,16.66,16.93,10609506,179703653.86
2019-10-14,000503,17.19,17.75,16.94,17.48,15107014,262768782.61
2019-10-15,000503,17.36,17.71,17.21,17.4,13574432,237903744.36
2019-10-16,000503,17.49,17.56,16.95,16.99,9916914,170900536.37
2019-10-17,000503,17.08,17.15,16.68,17.04,5027399,85436994.49
2019-10-18,000503,17.05,17.38,16.88,16.97,7427224,127087787.51
2019-10-21,000503,16.82,16.88,15.88,16.68,11158360,182767914.15
2019-10-22,000503,16.68,17.15,16.5,17.05,6942306,117722509.38
2019-10-23,000503,17.05,17.12,16.44,16.57,7666336,127857660.83
2019-10-24,000503,16.71,16.76,16.19,16.3,5593916,91919740.76
2019-10-25,000503,16.36,16.6,16.27,16.44,5278521,86703309.36
2019-10-28,000503,16.73,17.35,16.52,17.07,13311007,226934603.44
2019-10-29,000503,17.08,17.38,16.78,16.82,11011624,187683430.09
2019-10-30,000503,16.4,16.6,15.78,15.93,17307486,279082427.01
2019-10-31,000503,15.98,16.03,15.02,15.2,16423277,253723480.11
2019-11-01,000503,15.31,15.57,15.1,15.26,8000306,122827688.53
2019-11-04,000503,15.35,15.8,15.05,15.17,10714275,164548623.69
2019-11-05,000503,15.28,15.47,14.94,15.12,9344390,141604169.92
2019-11-06,000503,15.04,15.26,14.78,14.86,10566905,158013380.66
2019-11-07,000503,14.86,15.1,14.65,14.93,7038054,104842990.0
2019-11-08,000503,15.0,15.2,14.79,14.83,8044500,120426645.09
2019-11-11,000503,14.7,15.55,14.57,15.33,17378275,264242878.84
2019-11-12,000503,15.34,15.45,15.05,15.21,6971423,106026378.69
2019-11-13,000503,15.25,15.45,14.95,15.03,6816402,103491853.9
2019-11-14,000503,14.97,15.25,14.87,15.15,5555806,83624591.36
2019-11-15,000503,15.2,16.2,15.12,16.03,19309069,304610872.98
2019-11-18,000503,15.93,17.4,15.93,17.09,25008589,422566753.87
2019-11-19,000503,17.12,17.59,16.97,17.28,17510453,302971291.09
2019-11-20,000503,17.36,17.59,17.15,17.35,13674742,237778978.82
2019-11-21,000503,18.01,18.44,17.08,17.2,25581317,452621085.06
2019-11-22,000503,17.4,17.76,16.95,17.01,12705517,220090414.35
2019-11-25,000503,17.21,17.43,16.66,17.02,11643851,198181381.59
2019-11-26,000503,17.02,17.16,16.42,16.42,13073761,218199564.33
2019-11-27,000503,16.57,16.77,16.39,16.54,7934067,131547573.03
2019-11-28,000503,16.45,16.6,16.22,16.31,6022031,98533406.53
2019-11-29,000503,16.33,17.44,16.23,16.85,15399683,260997528.39
2019-12-02,000503,16.96,16.96,16.47,16.53,7338101,122319165.36
2019-12-03,000503,16.6,16.83,16.25,16.69,5656680,93813805.2
2019-12-04,000503,16.66,17.3,16.43,17.2,11803154,199674581.23
2019-12-05,000503,17.17,17.59,17.05,17.39,10582569,183202747.08
2019-12-06,000503,17.39,17.75,17.23,17.52,9265443,162122011.0
2019-12-09,000503,17.53,17.71,17.09,17.18,8251873,142573001.68
2019-12-10,000503,17.17,17.46,17.0,17.38,7691390,133046746.76
2019-12-11,000503,17.22,17.45,17.07,17.16,6053663,104036792.11
2019-12-12,000503,17.06,17.14,16.58,16.58,9474233,158966101.69
2019-12-13,000503,16.65,16.91,16.45,16.45,9742371,161863576.61
2019-12-16,000503,16.55,17.07,16.5,17.02,9117840,153605210.39
2019-12-17,000503,17.01,17.28,16.73,16.85,16532847,280062615.48
2019-12-18,000503,16.96,18.23,16.87,18.14,28978557,514260845.0
2019-12-19,000503,18.12,18.4,17.84,18.22,21613641,392569965.32
2019-12-20,000503,18.32,18.44,17.61,17.94,21629414,391012163.74
2019-12-23,000503,17.98,18.12,17.37,17.4,13258291,234354049.08
2019-12-24,000503,17.54,18.73,17.32,18.51,26323633,479950956.79
2019-12-25,000503,18.5,18.75,18.2,18.3,16712465,307523553.15
2019-12-26,000503,18.41,18.81,18.2,18.32,16391763,302676782.97
2019-12-27,000503,18.28,18.5,17.3,17.42,23646549,422985558.93
2019-12-30,000503,17.41,17.41,16.9,17.04,15110033,257699800.0
2019-12-31,000503,17.06,17.4,16.99,17.12,10961151,188305778.02
2020-01-02,000503,17.2,17.74,17.01,17.6,13443033,235309532.09
2020-01-03,000503,17.55,17.85,17.44,17.52,12350120,217413500.4
2020-01-06,000503,17.44,17.64,17.16,17.3,13843195,241505159.4
2020-01-07,000503,17.47,18.1,17.32,18.04,19098108,340639372.43
2020-01-08,000503,17.93,18.21,17.4,17.48,16554853,294635352.1
2020-01-09,000503,17.71,18.1,17.4,17.68,15875411,281417184.55
2020-01-10,000503,17.68,17.81,17.2,17.34,13379831,232305973.66
2020-01-13,000503,16.97,17.34,16.93,17.23,12930140,221364517.26
2020-01-14,000503,17.29,17.54,17.01,17.04,11999041,206081019.15
2020-01-15,000503,17.12,18.3,16.9,18.24,31736354,562832913.79
2020-01-16,000503,18.18,18.27,17.73,18.0,15731374,282492576.82
2020-01-17,000503,17.9,18.1,17.62,17.62,10854892,193020465.56
2020-01-20,000503,17.6,17.98,17.34,17.71,11595418,204579130.48
2020-01-21,000503,17.86,18.16,17.3,17.38,13911675,245617651.51
2020-01-22,000503,17.36,17.47,16.78,17.01,17725022,301400294.84
2020-01-23,000503,16.8,17.18,16.1,16.36,14215601,236516957.64
2020-02-03,000503,14.72,14.72,14.72,14.72,2275800,33499776.0
2020-02-04,000503,13.25,14.7,13.25,14.18,22708176,320801833.81
2020-02-05,000503,14.23,14.98,14.23,14.79,17264532,252871107.02
2020-02-06,000503,14.79,15.56,14.6,15.14,17675693,267113481.87
2020-02-07,000503,15.14,15.5,14.7,15.09,14819203,222614159.81
2020-02-10,000503,14.91,15.78,14.89,15.4,19774507,303134778.72
2020-02-11,000503,15.65,15.66,15.03,15.17,12633504,191895727.83
2020-02-12,000503,15.0,15.43,15.0,15.3,11600377,177124323.91
2020-02-13,000503,15.37,15.46,14.95,14.97,12566441,189922061.92
2020-02-14,000503,14.81,15.15,14.81,14.95,10071608,150866166.57
2020-02-17,000503,15.05,15.75,15.0,15.5,24015290,371975943.27
2020-02-18,000503,15.65,15.68,15.34,15.6,18670358,289764606.9
2020-02-19,000503,15.61,15.65,15.28,15.31,15506510,239870196.43
2020-02-20,000503,15.39,16.15,15.32,15.91,32086317,506748953.21
2020-02-21,000503,15.72,16.08,15.55,15.76,20718526,326675363.13
2020-02-24,000503,15.65,16.0,15.63,15.8,18201119,288005377.28
2020-02-25,000503,15.3,16.37,15.21,16.16,31294809,499221006.69
2020-02-26,000503,16.2,16.2,15.56,15.68,19732078,311881828.65
2020-02-27,000503,15.69,15.83,15.3,15.55,16444071,255634841.4
2020-02-28,000503,14.9,15.25,14.26,14.35,23340405,343826322.82
2020-03-02,000503,14.37,14.95,14.37,14.85,14688209,215737161.8
2020-03-03,000503,15.02,16.34,15.02,16.34,51395281,822881739.27
2020-03-04,000503,16.2,16.34,15.68,15.93,29229071,466985296.29
2020-03-05,000503,16.13,16.18,15.67,16.06,28864657,458794231.17
2020-03-06,000503,16.3,16.7,15.94,16.0,29008708,471909731.91
2020-03-09,000503,15.5,15.71,15.1,15.1,25040695,383302812.61
2020-03-10,000503,14.79,15.32,14.57,15.29,20467895,306398911.45
2020-03-11,000503,15.2,16.3,15.11,15.27,30453520,478154274.49
2020-03-12,000503,14.82,15.06,14.55,14.72,19921380,294542164.58
2020-03-13,000503,13.3,14.55,13.3,14.25,20592987,288832915.91
2020-03-16,000503,14.4,15.08,13.86,13.96,19674545,285195254.3
2020-03-17,000503,14.15,14.4,13.49,13.92,12460554,172810291.02
2020-03-18,000503,14.1,14.31,13.69,13.76,11422355,159852009.9
2020-03-19,000503,13.9,14.05,13.35,13.74,14285729,195347813.55
2020-03-20,000503,13.83,14.13,13.77,14.02,9246199,128798700.2
2020-03-23,000503,13.61,13.85,13.26,13.62,13332305,180006687.1
2020-03-24,000503,14.05,14.05,13.33,13.71,9904193,135416269.76
2020-03-25,000503,13.98,14.02,13.73,13.89,13244722,183826786.48
2020-03-26,000503,13.78,13.96,13.57,13.64,9569308,131427687.18
2020-03-27,000503,13.77,13.85,13.45,13.5,7876524,107505943.4
2020-03-30,000503,13.4,13.4,12.75,12.91,11479918,148785598.76
2020-03-31,000503,13.08,13.08,12.55,12.56,10704980,136691438.33
2020-04-01,000503,12.34,12.8,12.34,12.41,10363085,129825976.98
2020-04-02,000503,12.29,12.55,12.06,12.53,11960166,146715221.57
2020-04-03,000503,12.46,12.78,12.4,12.47,8323581,104526856.42
2020-04-07,000503,12.68,12.8,12.53,12.71,11474470,145409819.36
2020-04-08,000503,12.7,13.63,12.61,13.18,19601782,258563327.29
2020-04-09,000503,13.25,13.63,13.25,13.35,13440608,180278502.84
2020-04-10,000503,13.42,13.79,13.13,13.28,13800215,185346531.49
2020-04-13,000503,13.28,13.28,12.7,12.8,9703666,125420398.94
2020-04-14,000503,12.82,13.02,12.75,12.97,8663532,111695704.55
2020-04-15,000503,12.97,13.1,12.78,12.84,8312400,107406491.37
2020-04-16,000503,12.83,12.84,12.59,12.73,8818250,112062121.94
2020-04-17,000503,12.8,12.86,12.51,12.51,9627100,121940280.94
2020-04-20,000503,12.51,12.83,12.44,12.66,6476217,82104637.86
2020-04-21,000503,12.67,12.67,12.31,12.49,7302485,91077621.47
2020-04-22,000503,12.4,12.58,12.29,12.53,6404455,79734187.18
2020-04-23,000503,12.59,12.61,12.29,12.33,7534425,93751665.95
2020-04-24,000503,12.33,12.39,12.07,12.17,9452416,115209700.91
2020-04-27,000503,12.2,12.21,11.32,11.62,13960964,162617610.74
2020-04-28,000503,11.62,11.62,10.46,10.68,21836756,236439343.63
2020-04-29,000503,10.46,10.62,10.25,10.27,13055981,136497585.39
2020-04-30,000503,10.43,11.0,10.31,10.94,15463251,166431747.76
2020-05-06,000503,10.85,11.23,10.76,11.15,9668729,106978724.5
2020-05-07,000503,11.23,11.27,10.9,10.94,8460177,93172463.19
2020-05-08,000503,10.95,11.17,10.93,11.02,8918568,98360573.96
2020-05-11,000503,11.1,11.31,10.89,10.99,9846071,109462336.58
2020-05-12,000503,10.99,11.01,10.77,10.9,6798564,74030195.33
2020-05-13,000503,10.9,11.04,10.85,10.96,5336164,58403818.74
2020-05-14,000503,10.95,10.95,10.74,10.75,6700629,72457989.66
2020-05-15,000503,10.86,10.88,10.5,10.66,8715775,93069016.71
2020-05-18,000503,10.62,10.65,10.34,10.4,9213947,96318035.48
2020-05-19,000503,10.45,10.62,10.35,10.45,9141255,95511565.41
2020-05-20,000503,10.37,10.54,10.3,10.42,8844411,92077722.63
2020-05-21,000503,10.43,10.44,9.96,10.02,15694839,159247933.24
2020-05-22,000503,10.03,10.06,9.47,9.52,16674026,161497785.17
2020-05-25,000503,9.5,10.42,9.45,10.01,22054335,222049190.13
2020-05-26,000503,9.91,10.1,9.73,10.01,9923597,99149374.4
2020-05-27,000503,10.06,10.35,9.9,10.11,11573554,117045460.88
2020-05-28,000503,10.04,10.15,9.77,9.89,8556437,85082137.9
2020-05-29,000503,9.89,10.84,9.85,10.65,24853927,259356552.86
2020-06-01,000503,10.63,10.94,10.57,10.71,21312046,229138544.39
2020-06-02,000503,11.01,11.38,10.91,10.93,29307882,325620376.31
2020-06-03,000503,11.03,11.36,10.88,11.03,23887628,266725041.61
2020-06-04,000503,11.01,11.13,10.8,10.81,12950625,141210877.53
2020-06-05,000503,10.81,11.29,10.7,11.13,17818510,196240564.15
2020-06-08,000503,11.14,11.28,11.01,11.07,11449184,127382396.71
2020-06-09,000503,11.16,11.35,11.06,11.08,10317073,115090977.01
2020-06-10,000503,11.1,11.27,10.81,11.16,13009343,143956482.03
2020-06-11,000503,11.17,11.2,10.94,11.0,9441680,104328664.88
2020-06-12,000503,10.71,11.63,10.67,11.46,24296760,273299603.23
2020-06-15,000503,11.36,11.69,11.22,11.31,15058029,171065809.18
2020-06-16,000503,11.41,11.73,11.25,11.69,17353051,199208145.22
2020-06-17,000503,11.69,12.33,11.6,11.91,19862271,238824163.25
2020-06-18,000503,11.82,11.99,11.65,11.73,11234474,132270360.85
2020-06-19,000503,11.86,11.86,11.66,11.75,8228330,96471776.22
2020-06-22,000503,11.8,12.13,11.78,11.95,12136555,145419144.73
2020-06-23,000503,11.95,12.02,11.65,11.67,11671689,137586459.9
2020-06-24,000503,11.69,11.74,11.22,11.41,12747194,145540591.19
2020-06-29,000503,11.35,11.51,11.0,11.03,11183487,124782146.74
2020-06-30,000503,11.13,11.31,11.09,11.14,9318877,104206649.3
2020-07-01,000503,11.2,12.25,11.1,12.25,37059483,443458944.51
2020-07-02,000503,12.26,12.55,12.0,12.29,34762889,427297790.7
2020-07-03,000503,12.29,12.89,12.17,12.49,24234878,303380395.94
2020-07-06,000503,12.49,13.14,12.29,12.89,29946681,380370852.3
2020-07-07,000503,12.96,13.29,12.74,12.74,27679512,358282281.84
2020-07-08,000503,12.68,13.1,12.65,12.93,20867866,269599958.05
2020-07-09,000503,12.95,13.51,12.8,13.43,29440052,387195297.28
2020-07-10,000503,13.6,13.91,13.25,13.32,27334687,369478468.29
2020-07-13,000503,13.34,13.92,13.34,13.8,22872838,312859659.53
2020-07-14,000503,13.55,13.79,12.95,13.18,30667417,408573710.14
2020-07-15,000503,13.27,13.44,12.64,12.66,19404020,251990696.94
2020-07-16,000503,12.6,12.84,11.65,11.95,19173309,236609167.03
2020-07-17,000503,11.81,12.56,11.81,12.34,16392589,199218314.89
2020-07-20,000503,12.34,12.67,12.2,12.61,12203678,151955325.22
2020-07-21,000503,12.5,13.87,11.88,13.87,26538738,352500120.54
2020-07-22,000503,13.72,14.3,13.39,13.81,41190486,573176587.0
2020-07-23,000503,13.6,13.97,13.2,13.69,24770818,336296257.92
2020-07-24,000503,13.61,13.75,12.53,12.7,19989617,262094161.41
2020-07-27,000503,12.72,13.13,12.41,12.81,12604032,161305649.95
2020-07-28,000503,12.73,13.07,12.7,12.88,11453060,147526197.97
2020-07-29,000503,12.87,13.43,12.75,13.29,15688599,206470014.09
2020-07-30,000503,13.29,13.38,12.97,13.02,12605629,165618591.07
2020-07-31,000503,13.14,13.14,12.73,13.06,13150445,170736804.79
2020-08-03,000503,13.07,13.35,13.06,13.18,13252716,174923365.66
2020-08-04,000503,13.29,13.95,13.16,13.5,22862626,310191014.57
2020-08-05,000503,13.45,13.72,13.0,13.57,19768269,264678730.47
2020-08-06,000503,13.63,13.89,13.39,13.6,14798235,201454887.71
2020-08-07,000503,13.42,13.65,13.0,13.25,12576155,166713448.18
2020-08-10,000503,13.16,14.09,13.0,13.78,26407706,360715709.16
2020-08-11,000503,13.71,13.93,13.15,13.21,18198818,245376964.52
2020-08-12,000503,13.1,13.25,12.71,13.02,12250697,158516560.12
2020-08-13,000503,13.02,13.22,12.96,13.02,7725565,101268597.27
2020-08-14,000503,12.97,13.1,12.78,13.08,7827544,101195740.88
2020-08-17,000503,13.09,13.27,13.04,13.18,8288106,109062968.48
2020-08-18,000503,13.23,13.55,13.1,13.19,10212869,135670727.34
2020-08-19,000503,13.18,13.19,12.86,12.9,9893372,128427183.61
2020-08-20,000503,12.9,12.9,12.58,12.66,7851371,99802091.57
2020-08-21,000503,12.79,12.85,12.45,12.6,5952988,75437399.97
2020-08-24,000503,12.6,12.84,12.41,12.71,6166973,78069614.46
2020-08-25,000503,12.7,12.82,12.48,12.56,5444277,68803224.45
2020-08-26,000503,12.62,12.67,11.98,12.03,9244022,113392349.93
2020-08-27,000503,12.05,12.13,11.83,12.1,5749414,68943965.5
2020-08-28,000503,12.22,12.33,11.93,12.25,7896534,95773315.31
2020-08-31,000503,12.44,12.44,12.09,12.1,6305022,77340574.34
2020-09-01,000503,12.1,12.15,11.95,12.15,4925674,59375177.78
2020-09-02,000503,12.11,12.16,11.93,12.08,5092842,61393011.22
2020-09-03,000503,12.03,12.2,11.81,11.89,5446091,65370660.16
2020-09-04,000503,11.7,11.91,11.53,11.87,6756346,78882172.26
2020-09-07,000503,11.84,12.1,11.7,11.82,5421032,64565616.92
2020-09-08,000503,11.82,12.14,11.58,12.0,7395148,87523007.24
2020-09-09,000503,11.85,12.35,11.81,12.09,11139678,135421556.66
2020-09-10,000503,12.2,12.23,11.61,11.69,8308218,99038960.87
2020-09-11,000503,11.53,11.72,11.33,11.46,6473166,74349762.14
2020-09-14,000503,11.51,11.66,11.44,11.58,4345199,50289741.4
2020-09-15,000503,11.63,11.71,11.45,11.52,5345167,61577093.41
2020-09-16,000503,11.51,11.78,11.39,11.59,5594859,64644089.48
2020-09-17,000503,11.6,11.61,11.43,11.47,4349872,50094682.2
2020-09-18,000503,11.51,11.6,11.42,11.57,3880228,44683747.28
2020-09-21,000503,11.63,11.84,11.53,11.67,5857427,68604056.56
2020-09-22,000503,11.58,11.8,11.47,11.52,5694012,66176291.69
2020-09-23,000503,11.55,11.61,11.4,11.45,5307868,60871739.3
2020-09-24,000503,11.4,11.42,11.0,11.03,7379422,82155165.28
2020-09-25,000503,11.07,11.12,10.79,10.87,5050073,55235669.18
2020-09-28,000503,10.88,11.18,10.88,11.1,4909155,54175551.96
2020-09-29,000503,11.15,11.19,11.03,11.09,4316556,47861512.92
2020-09-30,000503,11.18,11.18,10.89,11.0,4298200,47393463.0
2020-10-09,000503,11.09,11.27,11.09,11.2,3612700,40480331.0
2020-10-12,000503,11.2,11.54,11.2,11.5,5537185,63090439.16
2020-10-13,000503,11.48,11.62,11.36,11.58,5530666,63750529.48
2020-10-14,000503,11.43,11.57,11.2,11.22,5819539,65986467.73
2020-10-15,000503,11.25,11.26,10.8,10.82,7988879,87458186.79
2020-10-16,000503,10.83,10.95,10.57,10.8,5461550,58600378.04
2020-10-19,000503,10.88,10.91,10.59,10.64,4584334,49074217.22
2020-10-20,000503,10.6,10.77,10.51,10.75,2846201,30405478.66
2020-10-21,000503,10.7,10.79,10.53,10.57,3413340,36251350.6
2020-10-22,000503,10.53,11.03,10.41,10.83,7589992,81691479.69
2020-10-23,000503,10.81,10.87,10.43,10.47,4787355,50739775.5
2020-10-26,000503,10.53,10.55,10.32,10.41,3664847,38208948.16
2020-10-27,000503,10.36,10.53,10.24,10.41,4329600,44979433.1
2020-10-28,000503,10.41,10.45,10.24,10.35,4157774,42986856.27
2020-10-29,000503,10.24,10.48,10.13,10.38,4887136,50408480.99
2020-10-30,000503,10.39,10.49,10.08,10.26,5856145,60066421.25
2020-11-02,000503,10.3,10.3,9.89,9.97,6184361,61780145.64
2020-11-03,000503,10.0,10.14,9.94,10.03,4727718,47601451.52
2020-11-04,000503,10.05,10.13,9.97,10.09,3732432,37502158.91
2020-11-05,000503,10.15,10.23,10.05,10.17,3559412,36123410.72
2020-11-06,000503,10.17,11.01,10.01,10.75,14551907,154720487.12
2020-11-09,000503,10.67,10.88,10.56,10.84,9572657,103186313.54
2020-11-10,000503,10.86,10.94,10.55,10.73,5663943,60593462.68
2020-11-11,000503,10.7,11.32,10.58,10.98,12286061,136116451.76
2020-11-12,000503,10.98,11.42,10.95,11.22,10630516,119442758.25
2020-11-13,000503,11.21,11.32,11.06,11.13,5517216,61587450.45
2020-11-16,000503,11.11,11.26,10.94,11.11,5946239,65991845.94
2020-11-17,000503,11.11,11.13,10.84,10.89,6345126,69381327.36
2020-11-18,000503,10.81,11.04,10.76,10.81,4609100,50052057.96
2020-11-19,000503,10.83,11.58,10.82,11.45,15322916,174584225.85
2020-11-20,000503,11.44,11.48,11.15,11.25,7061401,79557181.66
2020-11-23,000503,11.25,11.43,11.08,11.31,6878624,77554012.71
2020-11-24,000503,11.34,11.36,11.09,11.13,5005165,55971192.74
2020-11-25,000503,11.17,11.26,10.88,10.89,5512356,60844698.46
2020-11-26,000503,10.83,10.99,10.76,10.79,3781721,41005370.63
2020-11-27,000503,10.89,10.89,10.53,10.7,5635906,60069691.78
2020-11-30,000503,10.7,11.06,10.65,10.86,5559213,60398782.59
2020-12-01,000503,10.8,10.98,10.75,10.92,4323409,47117572.36
2020-12-02,000503,10.88,11.05,10.84,10.9,3378483,36859137.74
2020-12-03,000503,10.81,10.97,10.76,10.82,3744158,40517908.13
2020-12-04,000503,10.73,10.91,10.73,10.85,4196526,45451920.89
2020-12-07,000503,10.86,10.86,10.4,10.4,8222285,87225987.96
2020-12-08,000503,10.34,10.46,10.17,10.25,7021610,72073813.4
2020-12-09,000503,10.26,10.32,10.04,10.07,5311420,53776566.83
2020-12-10,000503,10.09,10.24,9.97,10.09,5823326,58627437.39
2020-12-11,000503,10.11,10.34,9.89,10.22,8950497,90330306.25
2020-12-14,000503,10.1,10.14,9.98,10.0,5327321,53541781.49
2020-12-15,000503,9.96,9.98,9.68,9.82,5992964,58934475.01
2020-12-16,000503,9.82,9.89,8.92,8.99,23210616,215012194.58
2020-12-17,000503,9.0,9.24,8.95,9.02,11821706,107126403.66
2020-12-18,000503,9.03,9.05,8.64,8.75,16907306,148589156.58
2020-12-21,000503,8.81,9.24,8.7,9.05,12269923,110548655.01
2020-12-22,000503,9.04,9.12,8.91,8.97,7722771,69549267.3
2020-12-23,000503,8.93,9.02,8.72,8.79,6974755,61623659.93
2020-12-24,000503,8.87,8.9,8.56,8.66,7350385,63753571.03
2020-12-25,000503,8.71,8.71,8.52,8.54,6461134,55533456.22
2020-12-28,000503,8.55,8.64,8.0,8.22,12668961,105137461.29
2020-12-29,000503,8.2,8.5,8.12,8.2,10824744,89533363.19
2020-12-30,000503,8.18,8.19,8.05,8.08,8268290,67044901.98
2020-12-31,000503,8.12,8.57,8.11,8.36,12024343,100659602.06
2021-01-04,000503,8.71,9.2,8.45,9.13,21352235,190781023.05
2021-01-05,000503,9.0,9.11,8.6,8.68,16356807,143882549.68
2021-01-06,000503,8.68,8.85,8.47,8.53,9200121,79260779.18
2021-01-07,000503,8.59,8.59,8.07,8.16,10841152,89305742.28
2021-01-08,000503,8.08,8.3,7.93,8.08,9233225,74816751.94
2021-01-11,000503,8.08,8.11,7.7,7.7,12054281,95151683.74
2021-01-12,000503,7.69,8.18,7.65,7.81,12982700,102022827.88
2021-01-13,000503,7.78,7.81,7.45,7.64,12184454,92662491.93
2021-01-14,000503,7.63,7.81,7.49,7.74,8667125,66474905.51
2021-01-15,000503,7.7,7.94,7.68,7.84,6700957,52335063.82
2021-01-18,000503,7.83,7.97,7.8,7.88,5735345,45251787.33
2021-01-19,000503,7.92,8.12,7.85,7.94,7366261,58689145.15
2021-01-20,000503,7.91,8.19,7.85,8.05,6930023,55618821.55
2021-01-21,000503,8.03,8.07,7.86,7.91,6913931,54897940.83
2021-01-22,000503,7.8,7.96,7.7,7.77,7259661,56609814.87
2021-01-25,000503,7.8,7.85,7.52,7.55,7039931,53877863.99
2021-01-26,000503,7.52,7.73,7.4,7.42,6035692,45447815.62
2021-01-27,000503,7.35,8.08,7.34,7.5,12270027,94353549.41
2021-01-28,000503,7.42,7.72,7.38,7.48,6438983,48678738.13
2021-01-29,000503,7.4,7.66,7.03,7.11,12234250,88067218.2
2021-02-01,000503,7.1,7.29,6.98,7.08,7445603,52761448.25
2021-02-02,000503,7.08,7.69,6.97,7.54,18999440,139665148.9
2021-02-03,000503,7.47,7.47,7.13,7.17,9502758,68861928.02
2021-02-04,000503,7.08,7.16,6.92,7.01,7581484,53185516.91
2021-02-05,000503,6.98,7.1,6.8,6.84,5892531,40855654.37
2021-02-08,000503,6.78,6.88,6.68,6.71,6608436,44568298.75
2021-02-09,000503,6.76,6.92,6.57,6.78,9163519,61931335.77
2021-02-10,000503,6.78,6.95,6.62,6.66,7963456,53665178.52
2021-02-18,000503,6.66,7.1,6.66,6.91,10719151,74424169.77
2021-02-19,000503,6.89,7.33,6.84,7.28,12823327,91701058.77
2021-02-22,000503,7.27,8.0,7.27,7.67,19579465,150469102.28
2021-02-23,000503,7.6,7.79,7.43,7.53,11262711,85442914.23
2021-02-24,000503,7.64,7.84,7.48,7.59,10565237,80882307.34
2021-02-25,000503,7.67,7.74,7.39,7.45,8384599,63045502.13
2021-02-26,000503,7.4,7.45,7.23,7.23,8110088,59371749.81
2021-03-01,000503,7.27,7.89,7.27,7.75,16212675,124329830.17
2021-03-02,000503,7.85,7.85,7.49,7.6,9787474,74625520.65
2021-03-03,000503,7.6,7.68,7.52,7.62,6023128,45819665.8
2021-03-04,000503,7.64,7.75,7.5,7.51,7409632,56427929.64
2021-03-05,000503,7.49,7.61,7.43,7.56,6904445,52059540.8
2021-03-08,000503,7.56,7.68,7.3,7.32,8250780,62000048.33
2021-03-09,000503,7.28,7.33,6.88,6.98,9924264,70001914.46
2021-03-10,000503,7.06,7.09,6.83,6.87,6616921,45644620.42
2021-03-11,000503,6.87,6.98,6.74,6.95,5441115,37442553.1
2021-03-12,000503,6.91,7.16,6.89,6.97,6822151,47843592.82
2021-03-15,000503,6.98,7.09,6.87,6.91,6440754,44789275.08
2021-03-16,000503,6.93,7.05,6.9,7.02,5697026,39859958.48
2021-03-17,000503,7.03,7.11,6.94,6.96,4953500,34646059.0
2021-03-18,000503,6.96,6.99,6.86,6.91,4970001,34374408.91
2021-03-19,000503,6.89,6.94,6.81,6.82,4997999,34332551.35
2021-03-22,000503,6.83,6.93,6.77,6.9,4856369,33434303.71
2021-03-23,000503,6.9,7.02,6.82,6.88,7105840,48996602.03
2021-03-24,000503,6.88,6.89,6.76,6.78,4993977,34006790.09
2021-03-25,000503,6.75,7.04,6.69,6.79,6516700,44664581.0
2021-03-26,000503,6.85,6.95,6.78,6.84,5832061,39934465.32
2021-03-29,000503,6.85,6.93,6.75,6.78,5751066,39196144.42
2021-03-30,000503,6.79,6.79,6.62,6.66,5693284,38052492.18
2021-03-31,000503,6.66,7.33,6.64,7.33,21719834,156360917.56
2021-04-01,000503,7.53,7.77,7.24,7.59,33010840,246820061.25
2021-04-02,000503,7.5,7.84,7.45,7.5,18738550,142486109.16
2021-04-06,000503,7.42,7.84,7.4,7.63,17663980,134478141.14
2021-04-07,000503,7.58,7.65,7.46,7.6,11733947,88383802.07
2021-04-08,000503,7.56,7.97,7.48,7.61,16513520,127026856.64
2021-04-09,000503,7.66,8.37,7.64,8.37,29800730,242798188.65
2021-04-12,000503,8.6,9.21,8.44,8.87,60418261,544009172.73
2021-04-13,000503,8.56,8.86,8.15,8.2,37672336,314420613.98
2021-04-14,000503,8.03,8.39,7.89,8.15,26341349,214408600.31
2021-04-15,000503,8.09,8.22,7.96,8.0,14550451,117037744.35
2021-04-16,000503,8.0,8.16,7.92,8.08,13866679,111270706.64
2021-04-19,000503,8.0,8.12,7.73,8.01,13935819,111064734.08
2021-04-20,000503,8.06,8.5,8.01,8.25,20776289,170489764.83
2021-04-21,000503,8.06,8.15,7.92,7.98,11803128,94644339.06
2021-04-22,000503,8.0,8.0,7.78,7.85,10742187,84570003.93
2021-04-23,000503,7.77,7.93,7.63,7.72,10289596,79802900.84
2021-04-26,000503,7.61,8.27,7.61,8.03,16949827,136124333.62
2021-04-27,000503,8.05,8.06,7.67,7.74,11071536,86165845.31
2021-04-28,000503,7.75,8.51,7.74,8.41,42868799,359233007.98
2021-04-29,000503,8.18,8.37,8.1,8.1,24425959,199786588.67
2021-04-30,000503,8.12,8.24,8.0,8.15,12110473,98198008.76
2021-05-06,000503,8.05,8.2,7.88,7.95,11707341,93824962.24
2021-05-07,000503,7.9,8.0,7.77,7.93,8782184,69307051.93
2021-05-10,000503,7.93,8.31,7.75,8.18,14803630,120631066.52
2021-05-11,000503,8.18,8.64,8.15,8.42,24189527,203884674.41
2021-05-12,000503,8.42,8.8,8.37,8.71,20952798,180427653.91
2021-05-13,000503,8.57,8.77,8.53,8.55,16956932,146370310.0
2021-05-14,000503,8.53,8.86,8.53,8.6,16816729,146373884.04
2021-05-17,000503,8.46,8.62,8.36,8.48,13881778,117617514.56
2021-05-18,000503,8.43,8.8,8.39,8.8,15053464,130382089.44
2021-05-19,000503,8.75,8.75,8.52,8.56,10916710,93980307.06
2021-05-20,000503,8.58,8.68,8.43,8.53,8425356,72164084.59
2021-05-21,000503,8.55,8.73,8.52,8.52,9035091,77646003.28
2021-05-24,000503,8.53,8.73,8.45,8.67,10899242,94073113.11
2021-05-25,000503,8.66,8.71,8.46,8.49,11462893,97850847.98
2021-05-26,000503,8.49,8.87,8.44,8.72,16282738,141962727.13
2021-05-27,000503,8.66,8.79,8.64,8.7,8362122,72706504.37
2021-05-28,000503,8.69,8.7,8.48,8.52,11100501,94922799.32
2021-05-31,000503,8.57,8.58,8.34,8.4,10435212,88243344.62
2021-06-01,000503,8.45,8.75,8.44,8.54,14796274,127463739.7
2021-06-02,000503,8.46,8.62,8.4,8.42,10739887,91192125.57
2021-06-03,000503,8.41,8.53,8.33,8.36,7571506,63503710.56
2021-06-04,000503,8.38,8.43,7.97,8.2,13713251,111793389.73
2021-06-07,000503,8.15,8.33,8.06,8.1,7469938,60991827.36
2021-06-08,000503,8.02,8.15,7.98,8.06,7695874,61967893.4
2021-06-09,000503,8.1,8.15,8.01,8.03,5184101,41763523.25
2021-06-10,000503,8.03,8.26,7.85,8.24,14955353,119710444.15
2021-06-11,000503,8.24,8.24,7.96,8.01,10991137,88596622.89
2021-06-15,000503,8.03,8.06,7.73,7.75,9687197,75831093.32
2021-06-16,000503,7.74,7.81,7.67,7.7,5503500,42533992.99
2021-06-17,000503,7.68,7.8,7.62,7.73,3931250,30385271.82
2021-06-18,000503,7.79,7.81,7.7,7.73,4314680,33418345.4
2021-06-21,000503,7.7,7.88,7.65,7.78,6169290,47881007.05
2021-06-22,000503,7.78,7.98,7.73,7.91,6964299,54824571.45
2021-06-23,000503,7.9,7.93,7.8,7.84,4927202,38716685.75
2021-06-24,000503,7.9,7.92,7.71,7.71,5854471,45355050.32
2021-06-25,000503,7.75,7.77,7.57,7.6,5352181,40820775.99
2021-06-28,000503,7.6,7.61,7.44,7.47,6797186,51064056.81
2021-06-29,000503,7.47,7.61,7.4,7.4,5705900,42772184.38
2021-06-30,000503,7.41,7.47,7.24,7.41,5498548,40453748.91
2021-07-01,000503,7.41,7.65,7.38,7.48,9074447,68275363.55
2021-07-02,000503,7.48,7.56,7.39,7.41,5113100,38163376.0
2021-07-05,000503,7.4,7.46,7.28,7.33,6167869,45234408.39
2021-07-06,000503,7.32,7.35,7.21,7.25,5829061,42378363.65
2021-07-07,000503,7.26,7.4,7.23,7.27,4358509,31845782.52
2021-07-08,000503,7.3,7.35,7.11,7.11,7152849,51339960.84
2021-07-09,000503,7.12,7.44,7.1,7.42,10370579,75678097.31
2021-07-12,000503,7.41,7.48,7.35,7.37,5590500,41269869.01
2021-07-13,000503,7.35,7.98,7.34,7.7,18857157,146315157.45
2021-07-14,000503,7.55,7.67,7.45,7.46,10178526,76724434.95
2021-07-15,000503,7.47,7.5,7.25,7.32,6456839,47335128.78
2021-07-16,000503,7.3,7.4,7.25,7.28,5907500,43148632.0
2021-07-19,000503,7.3,7.37,7.13,7.34,4184365,30457920.1
2021-07-20,000503,7.29,7.39,7.28,7.32,4165951,30527212.92
2021-07-21,000503,7.46,7.6,7.36,7.37,7639901,57053981.28
2021-07-22,000503,7.37,7.38,7.26,7.27,5574672,40639006.88
2021-07-23,000503,7.28,7.28,7.1,7.12,6454997,46141646.37
2021-07-26,000503,7.1,7.15,6.92,7.01,7897713,55393532.57
2021-07-27,000503,7.06,7.11,6.91,6.91,5445400,38268187.51
2021-07-28,000503,6.9,6.95,6.72,6.72,7267198,49261844.04
2021-07-29,000503,6.78,6.87,6.78,6.79,4370176,29767090.04
2021-07-30,000503,6.8,6.98,6.69,6.85,5762913,39352667.65
2021-08-02,000503,6.84,6.98,6.77,6.97,6172760,42443301.64
2021-08-03,000503,6.93,7.24,6.93,7.04,8330034,59148848.94
2021-08-04,000503,7.09,7.13,6.97,7.04,5172413,36342025.72
2021-08-05,000503,7.04,7.07,6.9,6.91,5444801,37925568.0
2021-08-06,000503,7.01,7.08,6.9,7.03,5394062,37750569.94
2021-08-09,000503,7.03,7.09,6.96,7.04,5806400,40860170.93
2021-08-10,000503,7.07,7.07,6.95,6.99,4762351,33387878.13
2021-08-11,000503,7.08,7.3,7.06,7.13,9892558,70964981.91
2021-08-12,000503,7.07,7.42,7.07,7.3,10988919,79489671.74
2021-08-13,000503,7.32,7.33,7.18,7.24,6315115,45607527.15
2021-08-16,000503,7.25,7.36,7.16,7.27,5648187,41144371.31
2021-08-17,000503,7.27,7.3,7.01,7.07,5781231,41292550.36
2021-08-18,000503,7.08,7.16,7.03,7.08,4638600,32785668.0
2021-08-19,000503,7.1,7.11,6.98,7.0,3918200,27538032.0
2021-08-20,000503,7.0,7.12,6.8,6.89,6298479,43401952.76
2021-08-23,000503,6.9,7.26,6.9,7.2,11366218,81515669.83
2021-08-24,000503,7.2,7.22,7.1,7.13,5149553,36746026.87
2021-08-25,000503,7.12,7.2,7.03,7.08,5799716,41190254.08
2021-08-26,000503,7.1,7.15,6.98,7.11,6446210,45567863.77
2021-08-27,000503,7.11,7.16,7.02,7.05,6063291,42863465.57
2021-08-30,000503,7.0,7.05,6.85,6.9,7646916,53091483.72
2021-08-31,000503,6.88,6.96,6.78,6.91,7129321,48821844.9
2021-09-01,000503,6.91,7.19,6.85,7.06,8855525,62576063.73
2021-09-02,000503,7.06,7.09,6.99,7.01,6247385,43908399.81
2021-09-03,000503,7.03,7.14,7.0,7.14,9606576,68136095.0
2021-09-06,000503,7.14,7.18,7.0,7.11,9403765,66470201.67
2021-09-07,000503,7.03,7.17,7.03,7.14,6468069,46022269.28
2021-09-08,000503,7.11,7.48,7.11,7.35,19136490,140666250.56
2021-09-09,000503,7.35,7.58,7.32,7.45,12441130,92889569.19
2021-09-10,000503,7.42,7.45,7.23,7.27,12197496,89112756.71
2021-09-13,000503,7.22,7.31,7.16,7.26,8366170,60712538.5
2021-09-14,000503,7.26,7.29,6.99,7.01,13070280,93135931.0
2021-09-15,000503,7.0,7.07,6.88,6.95,9853527,68285618.42
2021-09-16,000503,7.0,7.11,6.86,6.88,10598821,73709767.07
2021-09-17,000503,6.88,7.02,6.79,7.0,10187060,70419642.28
2021-09-22,000503,6.98,7.0,6.81,6.9,8071500,55505953.0
2021-09-23,000503,6.91,7.04,6.88,6.94,7282753,50701806.97
2021-09-24,000503,6.94,6.94,6.8,6.81,7617811,52133193.24
2021-09-27,000503,6.85,6.86,6.55,6.62,9991386,66744258.76
2021-09-28,000503,6.62,6.69,6.57,6.63,4535899,30064811.96
2021-09-29,000503,6.59,6.67,6.5,6.52,6319152,41505321.12
2021-09-30,000503,6.57,6.76,6.55,6.71,4931612,32937219.92
2021-10-08,000503,6.74,6.91,6.74,6.89,8468502,58019956.53
2021-10-11,000503,6.91,6.95,6.81,6.83,4844188,33214630.73
2021-10-12,000503,6.86,6.86,6.64,6.74,5219385,35147612.51
2021-10-13,000503,6.79,6.8,6.66,6.78,3542653,23856860.34
2021-10-14,000503,6.76,6.8,6.67,6.68,3942801,26466096.67
2021-10-15,000503,6.68,6.72,6.58,6.59,4700020,31170823.6
2021-10-18,000503,6.63,6.65,6.51,6.62,3728645,24528259.46
2021-10-19,000503,6.62,6.63,6.56,6.6,3245644,21398406.96
2021-10-20,000503,6.6,6.71,6.55,6.57,5363245,35455132.8
2021-10-21,000503,6.57,6.61,6.51,6.54,3425610,22446555.76
2021-10-22,000503,6.59,6.67,6.53,6.56,3498600,23052308.0
2021-10-25,000503,6.57,6.67,6.57,6.64,4326400,28619766.0
2021-10-26,000503,6.64,6.66,6.46,6.5,5507600,36039237.0
2021-10-27,000503,6.5,6.5,6.2,6.21,8242100,51857685.56
2021-10-28,000503,6.23,6.23,5.95,6.05,6578502,39753179.36
2021-10-29,000503,6.06,6.19,6.02,6.15,4053185,24833387.85
2021-11-01,000503,6.14,6.21,6.11,6.17,3105509,19150500.44
2021-11-02,000503,6.2,6.2,5.98,6.03,4251724,25806217.24
2021-11-03,000503,6.01,6.13,6.0,6.05,2473976,14947892.43
2021-11-04,000503,6.06,6.08,5.9,6.04,5378200,32182181.0
2021-11-05,000503,6.0,6.07,5.95,5.95,4374050,26271357.12
2021-11-08,000503,5.97,6.02,5.95,5.99,3772101,22568799.97
2021-11-09,000503,6.02,6.11,5.98,6.01,4929021,29737847.79
2021-11-10,000503,6.01,6.38,5.97,6.25,10174806,63056838.27
2021-11-11,000503,6.26,6.28,6.17,6.21,5996107,37265934.36
2021-11-12,000503,6.21,6.25,6.11,6.19,4778144,29455779.29
2021-11-15,000503,6.18,6.29,6.17,6.26,5041901,31493908.63
2021-11-16,000503,6.26,6.65,6.24,6.51,14686999,95299699.59
2021-11-17,000503,6.5,6.64,6.48,6.52,9422902,61769143.99
2021-11-18,000503,6.52,7.11,6.5,6.81,22002532,150585840.25
2021-11-19,000503,6.75,6.92,6.69,6.88,14293382,97399793.52
2021-11-22,000503,6.9,7.02,6.71,6.91,10174415,69924440.7
2021-11-23,000503,6.92,6.96,6.79,6.85,7135646,48849667.18
2021-11-24,000503,6.83,6.91,6.76,6.83,7040503,48067609.01
2021-11-25,000503,6.86,7.26,6.85,7.15,18470100,131024558.54
2021-11-26,000503,7.09,7.18,7.01,7.11,9065110,64086083.92
2021-11-29,000503,7.15,7.45,6.99,7.26,20545690,149239131.42
2021-11-30,000503,7.21,7.51,7.21,7.4,13592651,100451046.33
2021-12-01,000503,7.43,8.14,7.43,8.14,35821203,283644226.62
2021-12-02,000503,8.2,8.95,8.14,8.95,31337105,270407447.35
2021-12-03,000503,9.57,9.85,8.91,9.56,96427991,908294015.92
2021-12-06,000503,9.25,10.52,9.17,10.52,86174403,883157218.2
2021-12-07,000503,10.22,10.38,9.47,9.47,80923997,783502511.27
2021-12-08,000503,9.0,10.41,8.96,10.01,80091941,769694975.72
2021-12-09,000503,10.35,10.48,9.63,9.97,56022916,561569117.87
2021-12-10,000503,9.78,10.1,9.58,9.69,38981736,380537217.5
2021-12-13,000503,9.58,9.77,9.28,9.75,39468259,377234631.79
2021-12-14,000503,9.75,10.73,9.68,10.73,54630414,560026359.33
2021-12-15,000503,11.5,11.8,10.94,11.05,103876341,1192303535.74
2021-12-16,000503,11.45,12.16,11.2,12.16,87774818,1035501966.11
2021-12-17,000503,11.6,13.1,11.55,12.6,96878742,1187312222.72
2021-12-20,000503,12.78,13.86,12.69,13.4,102674954,1376283965.43
2021-12-21,000503,12.7,13.46,12.55,12.83,56535657,731126476.1
2021-12-22,000503,12.83,14.11,12.58,14.11,78598258,1082166932.13
2021-12-23,000503,14.15,15.42,13.7,13.86,93819829,1350874170.49
2021-12-24,000503,14.16,15.0,13.86,14.86,68510005,999740781.95
2021-12-27,000503,15.13,15.58,13.96,14.48,59262500,864679859.2
2021-12-28,000503,14.58,15.07,14.08,14.38,51340127,744125911.7
2021-12-29,000503,14.0,15.49,13.81,14.96,63508745,932326460.84
2021-12-30,000503,14.95,16.46,14.91,16.46,60465141,959940387.75
2021-12-31,000503,16.99,17.61,16.47,16.9,74255669,1260676310.81
2022-01-04,000503,16.65,18.59,16.65,18.18,78070965,1410324641.12
2022-01-05,000503,18.26,19.6,18.09,19.6,83157636,1556181149.22
2022-01-06,000503,19.27,21.56,19.01,21.49,98288129,2029224033.98
2022-01-07,000503,21.0,21.0,19.34,19.34,45821013,905023693.23
2022-01-10,000503,17.41,17.41,17.41,17.41,9653900,168074399.0
2022-01-11,000503,15.67,18.18,15.67,16.5,96019172,1634673077.8
2022-01-12,000503,16.29,17.18,16.0,16.21,74495886,1225253423.35
2022-01-13,000503,16.11,16.4,14.59,14.84,110260014,1657806185.96
2022-01-14,000503,14.52,14.95,14.18,14.27,65889704,955773714.94
2022-01-17,000503,14.5,14.65,13.82,14.29,58268408,833132766.58
2022-01-18,000503,14.29,14.38,13.44,13.52,64449619,881287550.73
2022-01-19,000503,13.55,14.1,13.45,13.5,45038471,618805615.59
2022-01-20,000503,13.59,13.75,12.68,13.0,51754964,677445132.08
2022-01-21,000503,12.94,13.09,12.38,12.48,36473582,459858830.61
2022-01-24,000503,12.35,12.55,12.07,12.22,27339184,335250739.49
2022-01-25,000503,12.28,12.34,11.45,11.51,33229587,390845142.8
2022-01-26,000503,11.69,12.4,11.6,11.73,46165970,549973212.59
2022-01-27,000503,11.73,11.88,11.26,11.34,26956922,310306037.86
2022-01-28,000503,11.39,11.65,11.0,11.07,24170014,271485959.24
2022-02-07,000503,11.33,11.4,10.8,11.16,22417485,249499740.25
2022-02-08,000503,11.13,11.64,10.92,11.3,32409360,366155234.69
2022-02-09,000503,11.3,11.7,11.14,11.68,39560816,453383228.49
2022-02-10,000503,11.6,12.85,11.5,12.85,62585089,776416247.1
2022-02-11,000503,13.0,13.44,11.73,11.98,91266556,1161380362.94
2022-02-14,000503,11.86,11.9,10.94,11.17,52655261,593170940.81
2022-02-15,000503,11.26,11.6,11.05,11.32,29943260,339635175.08
2022-02-16,000503,11.47,11.47,11.05,11.1,23302363,260285621.43
2022-02-17,000503,11.13,11.24,10.79,10.89,22887768,251358897.15
2022-02-18,000503,10.85,11.22,10.74,11.08,22634708,249675743.2
2022-02-21,000503,11.38,12.19,11.12,12.19,53016345,623828783.98
2022-02-22,000503,12.25,13.13,11.54,12.66,78124261,958140688.62
2022-02-23,000503,12.55,12.94,12.33,12.65,38921301,493693312.47
2022-02-24,000503,12.43,13.28,12.15,12.8,64408360,824315428.97
2022-02-25,000503,13.0,13.03,12.4,12.57,32505008,410756747.57
2022-02-28,000503,12.51,12.7,12.37,12.45,18707234,234777167.0
2022-03-01,000503,12.5,12.6,12.22,12.6,19414595,241195850.0
2022-03-02,000503,12.59,13.05,12.34,12.78,26951585,343357648.0
2022-03-03,000503,12.75,13.25,12.66,12.84,34091935,440552016.0
2022-03-04,000503,12.73,13.04,12.28,12.42,26381900,333611808.0
2022-03-07,000503,12.3,12.55,12.01,12.05,21200839,258623410.0
2022-03-08,000503,11.97,12.12,11.33,11.38,25733740,299273520.0
2022-03-09,000503,11.3,11.6,10.6,11.23,25550568,284724896.0
2022-03-10,000503,11.5,11.75,11.38,11.59,20453023,236175543.0
2022-03-11,000503,11.45,11.67,11.25,11.55,19620759,224941360.0
2022-03-14,000503,11.69,11.7,10.97,11.0,22494700,252084138.0
2022-03-15,000503,10.97,10.97,10.26,10.29,29920358,318198928.0
2022-03-16,000503,10.45,10.58,9.85,10.4,25179322,257396859.0
2022-03-17,000503,10.45,11.3,10.45,10.79,27052550,294945792.0
2022-03-18,000503,10.8,11.45,10.69,11.21,25821136,287557893.75
2022-03-21,000503,11.21,11.6,11.15,11.35,18994408,215302760.02
2022-03-22,000503,11.35,11.35,11.04,11.29,14928595,167173244.12
2022-03-23,000503,11.29,11.59,11.12,11.26,14010729,159092082.94
2022-03-24,000503,11.2,11.32,11.01,11.28,13809560,154418180.03
2022-03-25,000503,11.35,11.35,10.94,11.06,14982398,166442515.16
2022-03-28,000503,10.89,11.11,10.78,10.94,11034461,120731721.53
2022-03-29,000503,11.03,11.17,10.69,10.75,13294253,144626439.02
2022-03-30,000503,10.85,10.88,10.56,10.81,12132708,130567696.78
2022-03-31,000503,10.87,11.2,10.6,10.61,17312968,188192673.95
2022-04-01,000503,10.61,10.75,10.41,10.73,11914271,126021968.87
2022-04-06,000503,10.52,10.92,10.52,10.85,11781642,126848917.9
2022-04-07,000503,10.79,10.8,10.27,10.29,13880869,145735152.41
2022-04-08,000503,10.35,10.35,9.9,10.09,12758875,128510958.92
2022-04-11,000503,10.11,10.12,9.63,9.73,14015484,137795653.22
2022-04-12,000503,9.63,9.89,9.52,9.83,10577937,103077323.06
2022-04-13,000503,9.84,9.9,9.5,9.54,10524618,101494116.1
2022-04-14,000503,9.56,10.39,9.56,10.09,25713124,257734773.48
2022-04-15,000503,10.0,10.17,9.7,9.81,19816242,196773557.97
2022-04-18,000503,9.66,9.77,9.34,9.64,11771502,112787057.02
2022-04-19,000503,9.62,9.95,9.44,9.52,11054309,106614287.23
2022-04-20,000503,9.66,10.06,9.39,9.47,17607715,170294126.08
2022-04-21,000503,9.46,9.46,8.78,8.8,21528647,194191001.13
2022-04-22,000503,8.81,8.87,8.45,8.46,15190119,131152402.56
2022-04-25,000503,8.31,8.38,7.61,7.61,27472017,218234293.16
2022-04-26,000503,7.58,7.67,7.2,7.21,19495825,145255611.36
2022-04-27,000503,7.27,7.57,7.0,7.57,16711161,121533516.88
2022-04-28,000503,7.58,7.62,7.21,7.33,12870782,94993992.34
2022-04-29,000503,7.41,7.95,7.39,7.84,18669704,143241897.16
2022-05-05,000503,7.86,7.94,7.72,7.83,12125047,95153990.51
2022-05-06,000503,7.72,8.61,7.51,8.61,23115800,187223880.83
2022-05-09,000503,8.71,9.23,8.41,8.7,46014670,402406053.69
2022-05-10,000503,8.5,8.85,8.35,8.68,26186490,225329590.06
2022-05-11,000503,8.75,8.93,8.63,8.65,19552933,171845942.7
2022-05-12,000503,8.5,8.82,8.5,8.65,12445361,107787705.04
2022-05-13,000503,8.8,8.95,8.62,8.78,13049856,114118877.42
2022-05-16,000503,8.88,8.9,8.56,8.68,13022900,113299552.0
2022-05-17,000503,8.61,8.69,8.45,8.56,8932364,76357141.06
2022-05-18,000503,8.6,8.83,8.54,8.61,12646216,109868259.37
2022-05-19,000503,8.45,8.8,8.34,8.47,11928677,100765612.67
2022-05-20,000503,8.55,8.75,8.32,8.66,17078470,146213178.1
2022-05-23,000503,8.68,9.24,8.66,9.06,28784676,259827573.58
2022-05-24,000503,9.0,9.04,8.35,8.37,20528037,178970849.95
2022-05-25,000503,8.37,8.53,8.33,8.41,9770766,82248930.72
2022-05-26,000503,8.53,8.65,8.19,8.38,12081800,101639224.0
2022-05-27,000503,8.41,8.46,8.2,8.29,8859263,73765242.09
2022-05-30,000503,8.28,8.32,8.1,8.27,8898884,73061271.66
2022-05-31,000503,8.28,8.35,8.07,8.29,11915910,98013380.18
2022-06-01,000503,8.3,8.68,8.21,8.38,13889387,116681483.27
2022-06-02,000503,8.38,8.41,8.22,8.24,10387629,86038097.72
2022-06-06,000503,8.24,8.88,8.2,8.64,20728369,178339631.34
2022-06-07,000503,8.59,9.13,8.52,9.07,27995820,248253206.68
2022-06-08,000503,9.01,9.25,8.71,8.85,26439294,237425714.54
2022-06-09,000503,8.82,8.88,8.45,8.52,14987301,129363970.01
2022-06-10,000503,8.55,9.05,8.46,8.84,16673376,146360441.56
2022-06-13,000503,8.74,8.92,8.65,8.82,12544891,109945796.54
2022-06-14,000503,8.81,8.82,8.29,8.57,18135670,154127958.1
2022-06-15,000503,8.58,8.81,8.5,8.5,12927683,111751247.21
2022-06-16,000503,8.49,8.84,8.45,8.69,13848826,120264832.98
2022-06-17,000503,8.62,8.79,8.41,8.77,14240842,122820735.98
2022-06-20,000503,8.78,9.25,8.76,9.14,24077321,217607192.27
2022-06-21,000503,9.19,9.65,9.01,9.47,30809686,288329669.72
2022-06-22,000503,9.4,9.54,9.03,9.04,20908527,193202354.25
2022-06-23,000503,9.15,9.23,8.84,9.09,13145231,118710520.26
2022-06-24,000503,9.11,9.21,9.0,9.06,11424702,103866455.39
2022-06-27,000503,9.12,9.15,8.93,9.0,11350267,102610318.98
2022-06-28,000503,9.06,9.18,8.85,9.09,11408804,103255378.48
2022-06-29,000503,9.07,9.4,8.97,9.01,21567474,197670324.31
2022-06-30,000503,9.01,9.22,8.96,8.98,13207022,119442179.5
2022-07-01,000503,8.96,9.06,8.8,8.88,11784737,105025575.65
2022-07-04,000503,8.88,9.14,8.78,9.14,12827394,116028140.48
2022-07-05,000503,9.14,9.21,8.72,8.89,16336113,145811551.98
2022-07-06,000503,8.89,9.0,8.65,8.71,9663226,84935600.1
2022-07-07,000503,8.66,8.83,8.66,8.69,8696810,75803720.22
2022-07-08,000503,8.66,9.13,8.66,9.03,20828024,186757252.01
2022-07-11,000503,9.0,9.1,8.71,8.73,14682702,130177087.1
2022-07-12,000503,8.66,8.7,8.29,8.34,15072940,126568042.1
2022-07-13,000503,8.36,8.6,8.3,8.54,9000991,76374267.58
2022-07-14,000503,8.55,9.15,8.49,8.97,24434679,218420725.76
2022-07-15,000503,8.85,9.05,8.76,8.8,12695529,112861030.58
2022-07-18,000503,8.81,8.9,8.76,8.79,9734260,85834105.89
2022-07-19,000503,8.85,9.13,8.8,8.94,10962650,98261916.0
2022-07-20,000503,8.94,9.56,8.94,9.3,26677937,249071376.94
2022-07-21,000503,9.22,9.41,9.2,9.31,14252272,132434639.42
2022-07-22,000503,9.35,9.39,8.96,9.13,14126122,129186916.98
2022-07-25,000503,9.14,9.2,8.9,8.95,9661699,87091961.05
2022-07-26,000503,9.0,9.01,8.85,8.95,7145483,63703444.65
2022-07-27,000503,8.99,9.1,8.91,9.03,8687064,78228832.35
2022-07-28,000503,9.0,9.33,9.0,9.12,10052473,92289962.58
2022-07-29,000503,9.12,9.15,9.0,9.08,8309500,75376212.0
2022-08-01,000503,9.02,9.23,8.95,9.1,8802808,80152025.88
2022-08-02,000503,9.02,9.05,8.6,8.73,16152362,141809505.67
2022-08-03,000503,8.73,9.09,8.7,8.83,13708612,123052337.4
2022-08-04,000503,8.85,9.05,8.84,9.01,9164178,82112997.15
2022-08-05,000503,9.1,9.15,9.01,9.13,8818674,80123862.7
2022-08-08,000503,9.1,9.21,9.01,9.18,8216632,75100150.57
2022-08-09,000503,9.19,9.21,8.98,9.07,8704211,78806694.55
2022-08-10,000503,9.01,9.1,8.86,8.95,7775500,69781212.0
2022-08-11,000503,9.01,9.85,9.01,9.85,36163561,346941197.87
2022-08-12,000503,10.08,10.84,10.07,10.84,40733647,427046325.51
2022-08-15,000503,11.16,11.88,11.02,11.47,79709575,918418220.11
2022-08-16,000503,11.65,12.4,11.65,12.07,59148345,710952229.24
2022-08-17,000503,12.02,12.19,11.47,11.8,43013685,505796300.98
2022-08-18,000503,11.81,12.38,11.57,12.2,35995049,433905130.02
2022-08-19,000503,12.3,12.57,11.93,11.95,28098764,341520057.88
2022-08-22,000503,11.94,12.01,11.56,11.72,22784707,266771362.56
2022-08-23,000503,11.72,12.2,11.57,11.9,21559125,257716640.66
2022-08-24,000503,11.86,12.15,11.48,11.48,20551386,239946971.89
2022-08-25,000503,11.49,11.54,10.88,11.08,24231148,268837549.15
2022-08-26,000503,11.11,11.3,10.83,10.9,14964365,165283425.73
2022-08-29,000503,10.78,11.25,10.61,11.1,14106479,156513436.78
2022-08-30,000503,11.14,11.23,10.79,10.94,9760912,106746255.07
2022-08-31,000503,10.88,11.32,10.77,10.83,20265027,222985393.84
2022-09-01,000503,10.79,10.97,10.47,10.6,19081640,204090359.56
2022-09-02,000503,10.7,11.03,10.67,10.95,13682820,148759452.99
2022-09-05,000503,10.93,11.03,10.57,10.65,11938387,127700104.71
2022-09-06,000503,10.75,11.06,10.58,10.85,11514204,124808181.64
2022-09-07,000503,10.88,10.91,10.65,10.77,10040713,108246454.36
2022-09-08,000503,10.69,10.79,10.57,10.6,8316413,88430084.77
2022-09-09,000503,10.8,11.66,10.64,11.66,21217132,239994764.67
2022-09-13,000503,11.97,12.3,11.6,11.86,40084280,478606001.42
2022-09-14,000503,11.8,12.17,11.63,11.91,24772174,295235465.34
2022-09-15,000503,11.85,12.74,11.69,11.97,35052148,426378423.66
2022-09-16,000503,11.97,12.24,11.16,11.16,30028852,347058351.27
2022-09-19,000503,11.26,11.35,10.13,10.3,29561257,309553606.78
2022-09-20,000503,10.48,10.84,10.35,10.6,17824216,189072853.38
2022-09-21,000503,10.7,10.75,10.15,10.48,12915533,134642456.18
2022-09-22,000503,10.48,10.66,10.37,10.4,8886330,93050910.54
2022-09-23,000503,10.4,10.51,10.04,10.11,11083500,113125812.95
2022-09-26,000503,10.12,10.24,9.92,9.95,9687310,97353938.48
2022-09-27,000503,9.59,9.91,9.4,9.71,20960853,201957074.04
2022-09-28,000503,9.66,9.71,9.05,9.1,20139912,186684987.44
2022-09-29,000503,9.28,9.49,9.07,9.13,15397093,142580027.54
2022-09-30,000503,9.1,9.67,9.04,9.11,15402731,143287461.23
2022-10-10,000503,9.24,9.29,8.9,8.91,10693145,96848571.24
2022-10-11,000503,9.03,9.03,8.64,8.83,10181234,89716965.36
2022-10-12,000503,8.82,9.02,8.49,8.97,12021951,104965761.03
2022-10-13,000503,8.9,9.28,8.86,9.02,13110547,119043001.42
2022-10-14,000503,9.1,9.92,9.03,9.92,15952993,151332000.42
2022-10-17,000503,10.07,10.91,9.92,10.6,46810521,489555291.73
2022-10-18,000503,10.5,10.67,10.25,10.44,28571640,298046131.43
2022-10-19,000503,10.43,10.46,10.08,10.23,19136654,196194029.8
2022-10-20,000503,10.3,10.6,10.19,10.2,18014679,186695944.85
2022-10-21,000503,10.25,10.5,10.16,10.36,14547042,150260353.07
2022-10-24,000503,10.48,10.7,10.06,10.08,16988505,175061518.71
2022-10-25,000503,10.07,10.38,9.9,10.08,13776644,139694467.95
2022-10-26,000503,10.02,10.64,10.01,10.4,22649196,236573376.49
2022-10-27,000503,10.49,10.79,10.3,10.74,25376755,269119548.72
2022-10-28,000503,10.65,10.65,10.0,10.11,23886013,245520481.84
2022-10-31,000503,10.11,10.4,10.08,10.28,14578225,149568131.97
2022-11-01,000503,10.21,10.43,10.12,10.39,15914260,163905435.26
2022-11-02,000503,10.39,10.73,10.3,10.43,17003801,179334684.25
2022-11-03,000503,10.36,10.43,10.15,10.29,12882600,132377447.0
2022-11-04,000503,10.32,10.53,10.22,10.43,15261528,158575481.41
2022-11-07,000503,10.4,10.69,10.33,10.44,12538726,131207490.45
2022-11-08,000503,10.57,10.84,10.25,10.6,22270072,235489190.09
2022-11-09,000503,10.6,11.07,10.52,10.75,25422467,275074167.5
2022-11-10,000503,11.0,11.83,10.8,11.83,26057506,298669857.57
2022-11-11,000503,12.54,12.87,10.7,10.86,81223144,965347292.28
2022-11-14,000503,10.76,11.22,10.55,11.04,41667735,456562052.71
2022-11-15,000503,11.03,11.07,10.77,10.93,30705218,334281084.88
2022-11-16,000503,10.89,10.96,10.5,10.57,25643312,274156774.86
2022-11-17,000503,10.46,11.63,10.36,11.29,57254071,638907756.96
2022-11-18,000503,11.39,11.85,11.11,11.27,49566329,571226149.96
2022-11-21,000503,11.24,11.5,11.05,11.24,22774296,256522383.25
2022-11-22,000503,11.29,11.42,10.8,10.9,24461165,272105752.92
2022-11-23,000503,10.9,11.01,10.51,10.98,19642920,211381029.16
2022-11-24,000503,10.97,11.06,10.71,10.78,14028125,152319005.31
2022-11-25,000503,10.8,10.9,10.53,10.79,12837971,137790465.38
2022-11-28,000503,10.52,10.73,10.34,10.51,13744395,145042912.39
2022-11-29,000503,10.51,11.05,10.45,10.88,18709355,202875992.17
2022-11-30,000503,10.9,10.98,10.7,10.78,11333083,122070748.76
2022-12-01,000503,10.79,11.35,10.79,11.35,24688082,276077515.78
2022-12-02,000503,11.27,11.61,11.2,11.46,21983296,251529388.58
2022-12-05,000503,11.49,12.45,11.46,12.01,42326440,509365053.38
2022-12-06,000503,11.76,12.09,11.66,11.72,25776445,304877211.03
2022-12-07,000503,11.63,12.1,11.54,11.81,20909584,247786053.57
2022-12-08,000503,11.81,11.95,11.39,11.42,21784097,252340184.11
2022-12-09,000503,11.41,11.54,11.17,11.42,18590418,211356211.51
2022-12-12,000503,11.51,11.59,11.3,11.48,13885576,158891124.07
2022-12-13,000503,11.97,12.2,11.15,11.26,31103089,359135458.54
2022-12-14,000503,11.2,11.34,11.0,11.04,16916247,188630947.46
2022-12-15,000503,11.0,11.44,10.96,11.22,13516457,151778700.91
2022-12-16,000503,11.22,11.84,11.13,11.29,16071712,183816038.52
2022-12-19,000503,11.4,11.5,10.8,10.86,15134795,165999962.7
2022-12-20,000503,10.8,11.03,10.57,10.7,11148668,119877508.98
2022-12-21,000503,10.7,10.8,10.32,10.4,13412150,140749985.5
2022-12-22,000503,10.49,10.52,10.18,10.25,11093191,114830411.45
2022-12-23,000503,10.25,10.42,10.18,10.33,9336088,96156636.88
2022-12-26,000503,10.32,10.41,10.26,10.32,6353449,65619348.4
2022-12-27,000503,10.38,10.38,9.97,10.31,12159225,123610608.85
2022-12-28,000503,10.25,10.55,10.1,10.41,12222031,126954211.81
2022-12-29,000503,10.3,10.38,10.08,10.08,8655740,88416226.76
2022-12-30,000503,10.17,10.35,10.0,10.16,7286986,73969586.33
2023-01-03,000503,10.14,10.5,9.9,10.39,13010586,134982356.15
2023-01-04,000503,10.33,10.44,10.16,10.2,10323638,106081950.22
2023-01-05,000503,10.18,10.26,10.08,10.09,9846648,99766739.12
2023-01-06,000503,10.09,10.2,9.98,10.01,9129498,91966765.15
2023-01-09,000503,10.03,10.09,9.58,10.0,15157562,150119748.47
2023-01-10,000503,10.01,10.26,9.93,10.08,10298208,103953942.15
2023-01-11,000503,10.06,10.07,9.89,9.95,7054658,70283173.46
2023-01-12,000503,9.95,10.09,9.89,10.01,6775707,67855925.84
2023-01-13,000503,10.05,10.05,9.88,9.97,6220800,61897038.0
2023-01-16,000503,9.94,10.19,9.94,10.07,7867651,79588784.84
2023-01-17,000503,10.05,10.15,10.02,10.1,5946600,60050795.0
2023-01-18,000503,10.16,10.78,10.1,10.51,22799144,239996137.78
2023-01-19,000503,10.45,10.64,10.43,10.54,8675070,91462968.33
2023-01-20,000503,10.66,10.85,10.4,10.54,12278476,129970014.7
2023-01-30,000503,10.65,10.77,10.59,10.66,11957683,127636420.06
2023-01-31,000503,10.62,10.68,10.5,10.52,6528480,68985868.4
2023-02-01,000503,10.52,11.0,10.44,10.88,14395714,154170247.34
2023-02-02,000503,10.88,11.18,10.77,11.05,15486507,170329324.82
2023-02-03,000503,11.01,11.13,10.82,11.03,12391570,136276108.61
2023-02-06,000503,11.02,11.12,10.83,10.9,9245212,101211914.58
2023-02-07,000503,10.9,10.99,10.81,10.85,6780365,73685724.79
2023-02-08,000503,10.82,11.08,10.74,10.74,11366634,123861530.8
2023-02-09,000503,10.71,10.86,10.62,10.83,8845171,95284980.45
2023-02-10,000503,10.81,11.1,10.8,10.93,10966041,120057880.64
2023-02-13,000503,10.9,10.99,10.84,10.87,8244940,89903027.2
2023-02-14,000503,10.87,10.93,10.69,10.82,9014086,97314454.57
2023-02-15,000503,10.85,11.05,10.73,10.91,11909065,130116120.2
2023-02-16,000503,10.91,11.1,10.63,10.72,16339517,178341433.14
2023-02-17,000503,10.72,10.78,10.49,10.49,10379257,110420375.46
2023-02-20,000503,10.5,10.66,10.4,10.65,9494803,100187519.23
2023-02-21,000503,10.67,11.0,10.52,10.74,14219996,153714617.75
2023-02-22,000503,10.62,10.68,10.36,10.41,16098560,168608426.26
2023-02-23,000503,10.41,10.48,10.26,10.34,10576780,109527440.37
2023-02-24,000503,10.35,10.54,10.25,10.34,8348593,86556342.82
2023-02-27,000503,10.26,10.35,10.05,10.07,9506116,96432728.3
2023-02-28,000503,10.16,10.44,10.11,10.31,11182392,114780749.35
2023-03-01,000503,10.36,10.87,10.25,10.69,21193504,224912947.72
2023-03-02,000503,10.69,10.74,10.51,10.55,10836257,115034542.77
2023-03-03,000503,10.56,10.61,10.33,10.43,9441436,98514195.81
2023-03-06,000503,10.43,10.57,10.37,10.47,8743446,91331639.44
2023-03-07,000503,10.47,10.53,10.16,10.18,9228762,95229739.43
2023-03-08,000503,10.13,10.45,10.13,10.44,9003860,93304152.44
2023-03-09,000503,10.4,10.5,10.27,10.39,4905697,50886230.14
2023-03-10,000503,10.31,10.43,10.26,10.35,7007903,72464636.81
2023-03-13,000503,10.34,10.55,10.2,10.53,10308120,107345689.0
2023-03-14,000503,10.5,10.74,10.44,10.54,11795089,124807762.45
2023-03-15,000503,10.49,10.66,10.48,10.54,8932065,94347884.75
2023-03-16,000503,10.54,10.67,10.38,10.51,8922180,93932065.9
2023-03-17,000503,10.55,10.88,10.53,10.7,19866200,213854955.49
2023-03-20,000503,10.73,10.81,10.5,10.59,12382806,131102627.53
2023-03-21,000503,10.55,10.67,10.5,10.57,9061273,95844177.79
2023-03-22,000503,10.6,10.77,10.47,10.74,14996854,159583772.19
2023-03-23,000503,10.7,11.4,10.64,11.2,33613857,373072406.54
2023-03-24,000503,11.6,11.84,11.0,11.13,37168453,419154965.98
2023-03-27,000503,11.12,11.2,10.87,10.97,21879029,240889440.45
2023-03-28,000503,10.98,11.02,10.76,10.78,11908771,129011764.86
2023-03-29,000503,10.75,10.97,10.57,10.71,15612380,167487505.67
2023-03-30,000503,10.69,10.76,10.4,10.4,15052616,158328698.41
2023-03-31,000503,10.48,10.95,10.3,10.9,24941511,268573548.73
2023-04-03,000503,10.9,11.3,10.8,11.21,25800860,285039350.32
2023-04-04,000503,11.32,11.99,11.2,11.44,47124927,549774449.8
2023-04-06,000503,11.36,12.58,11.29,12.58,62655354,761853727.57
2023-04-07,000503,12.85,13.44,12.12,13.05,94719212,1218558183.77
2023-04-10,000503,12.98,13.16,11.91,12.01,66023412,819212047.21
2023-04-11,000503,12.02,12.26,11.67,11.94,39326402,469239725.0
2023-04-12,000503,12.04,12.14,11.6,11.91,28549849,339068398.5
2023-04-13,000503,11.98,12.43,11.78,11.98,39064383,472494806.97
2023-04-14,000503,11.95,12.15,11.8,11.92,23534262,281303905.8
2023-04-17,000503,11.98,12.0,11.4,11.48,26878738,310015585.28
2023-04-18,000503,11.5,11.54,11.2,11.29,17777273,201374560.38
2023-04-19,000503,11.29,11.46,11.1,11.17,16461784,185337351.94
2023-04-20,000503,11.05,11.49,11.05,11.46,19405379,219276725.24
2023-04-21,000503,11.43,11.68,10.9,10.9,30298098,342529483.71
2023-04-24,000503,10.95,11.26,10.93,11.03,17577549,194809692.13
2023-04-25,000503,10.96,11.14,10.54,10.66,19933421,214508767.6
2023-04-26,000503,10.7,10.82,10.35,10.39,17764104,186853897.51
2023-04-27,000503,10.5,10.72,10.4,10.52,16771848,177257976.74
2023-04-28,000503,10.52,10.8,10.39,10.73,12881186,136943329.42
2023-05-04,000503,10.71,10.75,10.41,10.56,14030942,147899638.5
2023-05-05,000503,10.56,10.74,10.35,10.59,16318443,172042251.09
2023-05-08,000503,10.96,11.65,10.67,11.65,42041003,476432909.56
2023-05-09,000503,11.67,12.33,11.62,11.76,67172038,798949081.2
2023-05-10,000503,11.68,12.55,11.65,12.13,47520302,577753755.82
2023-05-11,000503,12.14,12.45,11.71,12.21,43199666,521925120.72
2023-05-12,000503,12.29,12.88,12.13,12.43,47773281,597735566.27
2023-05-15,000503,12.28,12.54,11.75,12.18,39030112,471224153.42
2023-05-16,000503,12.25,12.45,11.68,11.77,28973000,347890031.68
2023-05-17,000503,11.76,12.09,11.66,11.93,19610280,233550797.7
2023-05-18,000503,11.86,12.34,11.7,12.05,29263214,350167612.13
2023-05-19,000503,12.02,12.26,11.77,11.82,16134745,192563847.67
2023-05-22,000503,11.9,12.1,11.68,11.81,12653138,149734299.66
2023-05-23,000503,11.77,11.85,11.5,11.5,10585864,123320582.44
2023-05-24,000503,11.43,11.51,11.22,11.31,12239664,138780847.17
2023-05-25,000503,11.23,11.37,11.03,11.19,11572981,129513848.01
2023-05-26,000503,11.25,12.02,11.11,11.89,22559608,262275135.89
2023-05-29,000503,12.11,13.08,11.89,13.08,34746664,447522054.62
2023-05-30,000503,13.0,13.0,12.57,12.8,45343765,578111159.17
2023-05-31,000503,12.81,13.08,12.65,12.87,26606229,341913060.86
2023-06-01,000503,12.74,12.92,12.55,12.6,21900299,278279470.98
2023-06-02,000503,12.6,12.67,12.34,12.39,17438114,217128236.8
2023-06-05,000503,12.43,12.71,12.32,12.62,21255419,266297063.41
2023-06-06,000503,12.61,12.95,12.47,12.57,26880540,341760578.18
2023-06-07,000503,12.54,13.83,12.52,13.25,52658374,705137031.97
2023-06-08,000503,13.11,13.5,12.83,13.05,30032146,393487361.33
2023-06-09,000503,12.95,13.26,12.85,12.89,21913016,284662710.1
2023-06-12,000503,12.89,13.11,12.78,12.87,19190919,247933761.16
2023-06-13,000503,12.9,13.2,12.72,12.99,22315295,290536017.11
2023-06-14,000503,13.0,13.39,12.8,12.85,28287349,367855945.19
2023-06-15,000503,12.94,13.16,12.61,12.9,20502511,264101473.62
2023-06-16,000503,12.9,13.22,12.71,12.95,21565162,280520759.74
2023-06-19,000503,13.01,13.48,12.96,13.18,27029989,357939245.65
2023-06-20,000503,13.17,13.18,12.6,12.67,29162332,371971945.23
2023-06-21,000503,12.73,12.77,12.2,12.2,20292469,251466356.49
2023-06-26,000503,12.19,12.19,11.8,11.85,13641811,163140886.71
2023-06-27,000503,11.84,11.99,11.78,11.92,9570901,113861769.7
2023-06-28,000503,11.86,11.91,11.42,11.73,13259820,153585398.73
2023-06-29,000503,11.9,12.29,11.77,12.1,15837707,190186427.51
2023-06-30,000503,12.06,12.07,11.8,11.99,10197101,121656431.98
2023-07-03,000503,11.99,12.03,11.6,11.9,14443551,170567994.93
2023-07-04,000503,11.94,11.94,11.66,11.7,10235464,120011214.52
2023-07-05,000503,11.7,11.82,11.58,11.62,11478479,133941636.61
2023-07-06,000503,11.63,11.77,11.48,11.53,9206454,106613361.57
2023-07-07,000503,11.6,11.79,11.3,11.68,11514963,133392344.15
2023-07-10,000503,11.67,11.84,11.52,11.64,9630670,112995706.64
2023-07-11,000503,11.68,11.73,11.53,11.65,7098854,82394715.42
2023-07-12,000503,11.64,11.64,11.32,11.33,8840600,101123348.45
2023-07-13,000503,11.39,11.59,11.37,11.56,7230371,83219653.68
2023-07-14,000503,11.56,11.71,11.53,11.6,6968644,81013851.64
2023-07-17,000503,11.6,11.7,11.45,11.68,5266109,61021991.99
2023-07-18,000503,11.68,11.75,11.56,11.61,4824546,56074821.06
2023-07-19,000503,11.68,12.31,11.59,12.08,21631295,259910152.0
2023-07-20,000503,12.18,12.21,11.7,11.72,12781488,151079400.69
2023-07-21,000503,11.7,11.88,11.55,11.73,8635028,101131613.62
2023-07-24,000503,11.68,11.79,11.58,11.6,5426940,63282658.29
2023-07-25,000503,11.66,11.85,11.63,11.78,7571219,89057414.77
2023-07-26,000503,11.75,11.84,11.6,11.64,5911708,68889706.8
2023-07-27,000503,11.69,11.74,11.59,11.65,4609208,53629184.72
2023-07-28,000503,11.6,11.81,11.54,11.73,8495851,99435689.85
2023-07-31,000503,11.73,12.25,11.64,11.98,18017926,214596180.49
2023-08-01,000503,11.9,11.98,11.63,11.73,11524672,135471317.01
2023-08-02,000503,11.73,11.85,11.69,11.8,5723674,67311289.24
2023-08-03,000503,11.8,11.93,11.77,11.8,8324926,98572674.86
2023-08-04,000503,11.8,12.15,11.8,11.99,16018469,192076296.13
2023-08-07,000503,11.98,12.02,11.83,11.95,8527863,101507307.95
2023-08-08,000503,11.9,12.4,11.9,12.19,18570619,226234258.49
2023-08-09,000503,12.29,12.87,12.12,12.57,37081462,465245819.48
2023-08-10,000503,12.41,12.59,12.1,12.13,22959521,282419450.49
2023-08-11,000503,12.19,12.55,12.08,12.18,19904664,245447771.22
2023-08-14,000503,11.93,12.17,11.72,12.05,13988256,167417565.0
2023-08-15,000503,12.01,12.09,11.5,11.72,16866404,197462655.79
2023-08-16,000503,11.67,11.71,11.31,11.46,12543574,143755826.45
2023-08-17,000503,11.4,11.66,11.24,11.56,9012009,103886761.04
2023-08-18,000503,11.53,11.64,11.21,11.23,10252242,116800715.16
2023-08-21,000503,11.22,11.39,11.16,11.18,6018000,67695482.0
2023-08-22,000503,11.23,11.78,11.21,11.73,14926133,171726413.72
2023-08-23,000503,11.78,11.94,11.4,11.43,12590262,147073805.31
2023-08-24,000503,11.48,11.51,11.09,11.09,11459480,128701300.0
2023-08-25,000503,10.98,11.03,10.54,10.63,13350527,143716776.89
2023-08-28,000503,11.1,11.28,10.72,10.72,14825194,163788615.67
2023-08-29,000503,10.77,11.11,10.74,11.05,8799463,96561816.04
2023-08-30,000503,11.11,11.53,11.11,11.32,12130361,137320504.17
2023-08-31,000503,11.25,11.37,11.08,11.23,7684968,86024807.22
2023-09-01,000503,11.32,11.5,11.17,11.36,7750363,87888634.38
2023-09-04,000503,11.37,11.46,11.28,11.46,6926038,78829469.73
2023-09-05,000503,11.38,11.49,11.24,11.26,6152100,69895258.21
2023-09-06,000503,11.19,11.26,11.03,11.21,5294881,59143005.01
2023-09-07,000503,11.2,11.21,11.01,11.02,5387900,59740178.0
2023-09-08,000503,11.01,11.05,10.75,10.78,8574681,93290610.81
2023-09-11,000503,10.78,11.12,10.72,11.08,8467400,92899585.14
2023-09-12,000503,11.08,11.14,10.87,10.9,5645600,61858527.0
2023-09-13,000503,10.91,10.92,10.62,10.74,6264100,67067292.0
2023-09-14,000503,10.66,10.75,10.57,10.71,5277500,56223223.0
2023-09-15,000503,10.72,10.78,10.62,10.71,3921574,41979440.76
2023-09-18,000503,10.72,10.96,10.62,10.86,6045813,65221956.77
2023-09-19,000503,10.82,10.88,10.61,10.67,4995318,53520245.49
2023-09-20,000503,10.71,10.76,10.54,10.57,3742979,39844333.92
2023-09-21,000503,10.57,10.68,10.4,10.44,4953856,52020112.55
2023-09-22,000503,10.47,10.61,10.36,10.6,5527324,58231852.35
2023-09-25,000503,10.6,10.74,10.41,10.42,6053176,63573856.32
2023-09-26,000503,10.4,10.57,10.39,10.49,4532360,47548093.22
2023-09-27,000503,10.48,11.1,10.41,10.9,13760943,148988040.64
2023-09-28,000503,10.86,10.96,10.68,10.7,6820300,73490952.0
2023-10-09,000503,10.71,10.83,10.53,10.75,7557789,80541406.36
2023-10-10,000503,10.79,10.89,10.64,10.66,5525681,59461461.33
2023-10-11,000503,10.66,10.92,10.65,10.8,6605518,71451254.47
2023-10-12,000503,10.83,11.1,10.82,10.99,9592817,105539613.28
2023-10-13,000503,10.91,11.05,10.78,10.83,7752392,84386227.53
2023-10-16,000503,10.79,10.9,10.71,10.78,5550400,59943614.01
2023-10-17,000503,10.78,10.82,10.53,10.62,5462805,58015092.23
2023-10-18,000503,10.66,10.66,10.23,10.51,8227095,85626084.36
2023-10-19,000503,10.41,10.62,10.34,10.36,4585111,48033942.05
2023-10-20,000503,10.36,10.43,10.01,10.04,8395346,85355756.9
2023-10-23,000503,10.05,10.25,9.86,9.98,8951863,89773049.66
2023-10-24,000503,10.03,10.11,9.83,10.02,8048135,80189608.35
2023-10-25,000503,10.06,10.44,9.98,10.11,8763514,89569569.44
2023-10-26,000503,10.05,10.1,9.86,10.01,6319753,63002653.59
2023-10-27,000503,10.03,10.32,9.87,10.24,8661838,87732892.72
2023-10-30,000503,10.23,10.44,10.15,10.39,8827411,91572703.3
2023-10-31,000503,10.41,10.52,10.26,10.33,6337800,65656940.0
2023-11-01,000503,10.4,10.62,10.27,10.54,10170455,106212239.73
2023-11-02,000503,10.61,11.25,10.61,10.64,22459650,246720969.03
2023-11-03,000503,10.78,11.25,10.74,10.99,18846945,208315544.04
2023-11-06,000503,11.08,11.37,11.03,11.32,14906897,167432187.09
2023-11-07,000503,11.3,11.31,10.96,11.0,17330362,191675413.66
2023-11-08,000503,11.02,11.36,11.02,11.34,18129037,204133910.22
2023-11-09,000503,11.3,11.62,11.23,11.26,15490348,176573348.29
2023-11-10,000503,11.26,12.08,11.17,11.55,32622420,377941772.26
2023-11-13,000503,12.5,12.71,12.06,12.71,45494601,570473917.17
2023-11-14,000503,13.38,13.98,13.2,13.5,123244726,1681880893.25
2023-11-15,000503,13.42,14.79,13.31,13.61,109115202,1511760191.03
2023-11-16,000503,13.61,13.79,13.05,13.09,61469844,819799795.7
2023-11-17,000503,13.3,14.24,13.18,13.95,64527575,883833855.01
2023-11-20,000503,14.7,15.2,14.1,14.88,77445191,1137134351.24
2023-11-21,000503,14.76,14.89,14.28,14.41,50137713,728533373.89
2023-11-22,000503,14.77,15.83,14.56,14.63,70152042,1054115830.35
2023-11-23,000503,14.9,15.0,14.2,14.51,50566917,736540048.1
2023-11-24,000503,14.4,14.59,13.65,13.99,55757076,786896657.14
2023-11-27,000503,14.0,14.55,13.62,13.72,47938018,673399979.79
2023-11-28,000503,13.88,14.65,13.6,14.58,50354729,711810548.69
2023-11-29,000503,14.39,14.6,14.0,14.14,34823605,496588864.1
2023-11-30,000503,14.14,14.47,13.9,14.14,28173819,399629586.84
2023-12-01,000503,14.13,14.65,14.0,14.28,21539796,307478444.27
2023-12-04,000503,14.48,15.14,14.37,14.56,49375571,729213904.07
2023-12-05,000503,14.4,14.9,14.26,14.27,34023395,493048066.57
2023-12-06,000503,14.0,14.45,14.0,14.28,27111754,386086542.19
2023-12-07,000503,14.05,14.24,13.7,14.0,31654349,441527680.3
2023-12-08,000503,14.0,14.48,13.93,14.0,23140696,328067414.58
2023-12-11,000503,14.01,14.3,13.7,14.23,23151649,325006801.97
2023-12-12,000503,14.23,14.4,14.0,14.27,16555900,235294470.67
2023-12-13,000503,14.26,14.34,13.9,13.9,15562421,219626315.42
2023-12-14,000503,14.07,14.24,13.8,13.85,16494291,230852557.85
2023-12-15,000503,13.82,13.97,13.56,13.65,17534300,239690024.0
2023-12-18,000503,13.69,13.93,13.3,13.35,21041953,285155793.98
2023-12-19,000503,13.19,13.36,13.08,13.2,15847745,209098774.65
2023-12-20,000503,13.27,13.27,12.65,12.74,21880001,281048996.74
2023-12-21,000503,12.53,12.71,12.47,12.63,15953073,200748636.68
2023-12-22,000503,12.63,12.64,12.1,12.17,19162818,236055328.76
2023-12-25,000503,12.43,12.97,11.99,12.97,25407689,315463227.72
2023-12-26,000503,12.98,12.98,12.42,12.5,29916710,375952323.44
2023-12-27,000503,12.5,13.37,12.41,13.25,37706673,487093826.82
2023-12-28,000503,13.24,13.24,12.79,13.06,30538223,397741919.71
2023-12-29,000503,13.06,13.48,13.02,13.18,22190358,292625387.64
2024-01-02,000503,13.17,13.17,12.67,12.83,18207300,233839413.0
2024-01-03,000503,12.79,12.88,12.43,12.53,13942672,175689442.72
2024-01-04,000503,12.49,12.63,12.37,12.53,10399172,129958701.64
2024-01-05,000503,12.68,12.79,12.05,12.17,14987666,184832740.94
2024-01-08,000503,12.16,12.24,11.79,11.89,14084602,167973923.73
2024-01-09,000503,12.01,12.07,11.7,11.9,12608457,149965497.24
2024-01-10,000503,11.9,11.97,11.68,11.7,7835943,92388333.47
2024-01-11,000503,11.75,12.04,11.69,11.97,11305623,134541990.7
2024-01-12,000503,11.91,12.38,11.74,11.75,16881022,203222511.41
2024-01-15,000503,11.68,11.89,11.59,11.75,8664746,101464260.33
2024-01-16,000503,11.71,11.74,11.42,11.65,10587532,122447996.84
2024-01-17,000503,11.64,11.7,11.26,11.38,7291097,83609951.8
2024-01-18,000503,11.31,11.31,10.82,11.15,17222852,189976567.02
2024-01-19,000503,11.16,11.22,10.93,11.0,9280653,102627606.1
2024-01-22,000503,11.01,11.06,10.16,10.27,14253590,151133610.69
2024-01-23,000503,10.27,10.43,10.06,10.34,14112956,144936505.16
2024-01-24,000503,10.42,10.49,10.02,10.44,13364397,137306454.27
2024-01-25,000503,10.49,11.14,10.38,11.11,20538037,223239859.01
2024-01-26,000503,11.11,11.63,11.09,11.16,20284809,230209796.66
2024-01-29,000503,11.16,11.27,10.67,10.68,15933976,173512154.16
2024-01-30,000503,10.5,11.08,10.18,10.24,14133328,147378393.84
2024-01-31,000503,10.1,10.43,9.68,9.7,18336265,182939851.21
2024-02-01,000503,9.7,10.02,9.55,9.61,15608781,151994285.27
2024-02-02,000503,9.69,9.89,8.65,9.03,27770977,255878100.43
2024-02-05,000503,8.95,9.03,8.13,8.14,31122467,261689603.53
2024-02-06,000503,7.89,8.64,7.67,8.44,30638511,249237267.72
2024-02-07,000503,8.5,9.28,8.41,8.98,41187448,370557958.37
2024-02-08,000503,8.97,9.37,8.6,9.26,34185728,311755569.64
2024-02-19,000503,9.35,9.55,9.21,9.47,22508482,210630685.84
2024-02-20,000503,9.47,9.8,9.23,9.71,18667461,179634488.17
2024-02-21,000503,9.61,9.93,9.49,9.67,16888340,164491191.17
2024-02-22,000503,9.72,10.13,9.62,10.12,17206424,171627765.64
2024-02-23,000503,10.09,10.25,9.96,10.23,16143456,163272698.29
2024-02-26,000503,10.23,10.59,10.15,10.4,16792224,174266678.12
2024-02-27,000503,10.28,10.58,10.24,10.57,15251501,158881329.37
2024-02-28,000503,10.57,10.81,9.9,9.9,25060965,259479145.35
2024-02-29,000503,9.85,10.35,9.81,10.34,16574100,168509285.0
2024-03-01,000503,10.34,10.56,10.23,10.39,16184515,167524922.4
2024-03-04,000503,10.39,10.62,10.07,10.58,25513964,264067496.6
2024-03-05,000503,10.41,10.49,10.13,10.19,19589780,200767436.22
2024-03-06,000503,10.1,10.2,9.91,10.07,14864767,149582390.28
2024-03-07,000503,10.08,10.15,9.74,9.76,14509227,143794192.07
2024-03-08,000503,9.81,9.9,9.5,9.72,18165957,175576751.96
2024-03-11,000503,9.68,10.15,9.63,10.14,19962899,199734744.87
2024-03-12,000503,10.05,10.42,10.0,10.38,23352325,238739764.77
2024-03-13,000503,10.3,10.89,10.29,10.63,28684200,307001384.4
2024-03-14,000503,10.52,10.7,10.17,10.33,21685657,226267362.64
2024-03-15,000503,10.31,10.54,10.16,10.5,12951791,134272763.86
2024-03-18,000503,10.65,11.25,10.65,11.18,35427318,389638503.52
2024-03-19,000503,11.05,11.41,11.05,11.1,27395695,307324430.37
2024-03-20,000503,11.09,11.34,10.95,11.21,22370911,249684072.88
2024-03-21,000503,11.15,11.3,10.92,10.98,18803869,208597767.84
2024-03-22,000503,10.95,10.99,10.53,10.8,19916968,213910833.5
2024-03-25,000503,10.76,10.84,10.26,10.27,19376273,203957256.37
2024-03-26,000503,10.29,10.4,10.01,10.12,15641140,159195120.96
2024-03-27,000503,10.12,10.12,9.52,9.54,19038131,185531812.06
2024-03-28,000503,9.6,10.0,9.5,9.9,13543550,133018112.63
2024-03-29,000503,9.97,10.17,9.75,10.07,13206990,131967700.75
2024-04-01,000503,10.02,10.21,10.0,10.18,16751728,169234548.64
2024-04-02,000503,10.12,10.18,9.75,9.8,20066031,198767010.23
2024-04-03,000503,9.82,9.83,9.39,9.43,19152072,182859915.87
2024-04-08,000503,9.38,9.43,9.02,9.19,13203516,121861294.25
2024-04-09,000503,9.2,9.42,9.1,9.4,10947461,101372279.48
2024-04-10,000503,9.39,9.39,9.05,9.16,10802656,98786605.28
2024-04-11,000503,9.13,9.25,9.06,9.11,9102600,83280352.0
2024-04-12,000503,9.11,9.22,8.95,8.97,9056432,81885674.81
2024-04-15,000503,8.65,8.87,8.18,8.35,28997469,245484857.78
2024-04-16,000503,8.4,8.49,7.8,7.83,23141281,184650253.19
2024-04-17,000503,8.0,8.36,7.97,8.35,17348135,141733088.0
2024-04-18,000503,8.23,8.43,8.11,8.2,14101820,116747839.78
2024-04-19,000503,8.18,8.22,7.96,8.04,12001142,96734292.68
2024-04-22,000503,8.1,8.16,7.78,8.09,10849540,87167356.53
2024-04-23,000503,8.17,8.35,8.08,8.25,11570014,95305323.14
2024-04-24,000503,8.22,8.38,8.2,8.36,8925646,74278658.78
2024-04-25,000503,8.41,8.44,8.25,8.31,9473901,79030034.3
2024-04-26,000503,8.38,8.68,8.26,8.58,13212321,112238176.08
2024-04-29,000503,8.68,9.15,8.68,9.12,16301502,146696850.98
2024-04-30,000503,9.12,9.14,8.86,9.0,10553705,94894160.0
2024-05-06,000503,9.08,9.33,9.07,9.1,12191814,112009067.18
2024-05-07,000503,9.18,9.18,8.92,8.96,10523104,94889361.84
2024-05-08,000503,9.0,9.0,8.62,8.65,11816433,103361516.02
2024-05-09,000503,8.72,8.86,8.65,8.7,8328944,72760168.96
2024-05-10,000503,8.74,8.77,8.37,8.47,11183280,95321436.03
2024-05-13,000503,8.47,8.47,8.07,8.17,12372346,101604088.94
2024-05-14,000503,8.23,8.36,8.13,8.24,9978931,82183063.34
2024-05-15,000503,8.23,8.33,8.09,8.15,9464777,77860277.17
2024-05-16,000503,8.17,8.33,8.15,8.17,9277000,76398202.0
2024-05-17,000503,8.2,8.32,8.14,8.31,10200119,83998519.5
2024-05-20,000503,8.33,8.52,8.23,8.37,11306212,94828167.38
2024-05-21,000503,8.42,8.45,8.21,8.24,8371400,69429380.52
2024-05-22,000503,8.33,8.66,8.24,8.53,17861750,150809542.89
2024-05-23,000503,8.5,8.5,8.06,8.06,15580294,127941584.92
2024-05-24,000503,8.15,8.87,8.04,8.87,31279704,267007076.49
2024-05-27,000503,8.85,8.86,8.36,8.73,30524312,262435999.28
2024-05-28,000503,8.55,8.67,8.42,8.46,16680583,142101588.33
2024-05-29,000503,8.47,8.47,8.0,8.14,24639979,201289117.82
2024-05-30,000503,8.09,8.11,7.74,8.0,15508347,123135887.18
2024-05-31,000503,8.0,8.56,8.0,8.39,23471449,196614345.95
2024-06-03,000503,8.3,8.37,7.89,7.94,22666477,182457902.88
2024-06-04,000503,7.87,7.95,7.76,7.89,11560512,90504933.16
2024-06-05,000503,7.84,7.92,7.7,7.7,11027001,85860134.38
2024-06-06,000503,7.72,7.85,7.18,7.25,21840137,161838709.47
2024-06-07,000503,7.47,7.62,7.26,7.47,13307074,98892017.34
2024-06-11,000503,7.47,7.71,7.22,7.67,13198646,99052909.0
2024-06-12,000503,7.66,7.79,7.55,7.55,9590300,73458455.85
2024-06-13,000503,7.55,7.66,7.26,7.31,20857955,153315330.64
2024-06-14,000503,7.25,7.3,7.02,7.22,21619207,154173802.05
2024-06-17,000503,7.2,7.2,7.07,7.1,14439858,102778362.68
2024-06-18,000503,7.1,7.32,7.1,7.2,13288669,95873813.57
2024-06-19,000503,7.27,7.28,7.08,7.1,9134739,65273380.03
2024-06-20,000503,7.07,7.15,6.89,6.9,14226059,99380414.15
2024-06-21,000503,6.91,6.99,6.82,6.92,9319112,64343168.64
2024-06-24,000503,6.93,6.98,6.66,6.66,14110444,95441004.83
2024-06-25,000503,6.68,6.76,6.52,6.6,12496723,82800984.8
2024-06-26,000503,6.63,6.96,6.54,6.92,12372135,83633585.54
2024-06-27,000503,6.94,6.95,6.74,6.76,10541398,72000795.14
2024-06-28,000503,6.73,6.9,6.66,6.67,10181324,68920570.98
2024-07-01,000503,6.66,6.78,6.48,6.71,9395892,62158832.16
2024-07-02,000503,6.73,7.0,6.66,6.82,13127978,89865470.41
2024-07-03,000503,6.8,6.95,6.78,6.81,9462400,64943652.0
2024-07-04,000503,6.86,7.19,6.8,6.8,29442022,206216821.42
2024-07-05,000503,6.75,7.03,6.61,6.97,16672762,114403389.52
2024-07-08,000503,6.8,6.9,6.43,6.53,22127085,146215340.04
2024-07-09,000503,6.51,6.55,6.25,6.47,17316419,110563109.95
2024-07-10,000503,6.45,6.64,6.39,6.43,11751382,76447490.95
2024-07-11,000503,6.56,6.67,6.49,6.63,13173559,86986634.66
2024-07-12,000503,6.62,6.72,6.55,6.55,9499001,62820098.62
2024-07-15,000503,6.6,6.6,6.3,6.31,10794924,68810078.4
2024-07-16,000503,6.31,6.39,6.26,6.35,8187195,51792988.35
2024-07-17,000503,6.35,6.61,6.31,6.51,15212200,98264001.03
2024-07-18,000503,6.5,6.55,6.24,6.5,11638925,74719433.79
2024-07-19,000503,6.49,7.08,6.44,6.79,23355965,159635733.11
2024-07-22,000503,6.76,6.81,6.61,6.73,11968785,80215493.5
2024-07-23,000503,6.79,7.4,6.73,7.4,31569722,225074275.93
2024-07-24,000503,7.5,7.87,7.28,7.47,78066282,592913143.41
2024-07-25,000503,7.14,7.27,6.88,7.14,44586300,314453930.12
2024-07-26,000503,7.07,7.36,7.04,7.08,27334143,194812949.18
2024-07-29,000503,7.08,7.25,6.91,7.11,22278580,157489600.79
2024-07-30,000503,7.02,7.2,6.98,7.04,21127904,149344439.9
2024-07-31,000503,6.96,7.42,6.93,7.3,34520038,249238968.67
2024-08-01,000503,7.25,7.57,7.23,7.36,25591407,189765653.43
2024-08-02,000503,7.36,7.69,7.31,7.52,36073072,272128391.72
2024-08-05,000503,7.35,7.74,7.2,7.21,30729568,229792124.46
2024-08-06,000503,7.35,7.44,7.19,7.42,20755887,151754241.72
2024-08-07,000503,7.38,7.39,7.14,7.16,17029301,123155095.16
2024-08-08,000503,7.17,7.32,7.13,7.26,12718606,92079036.56
2024-08-09,000503,7.31,7.38,7.07,7.09,10714298,76974249.49
2024-08-12,000503,7.14,7.14,6.81,6.86,15432802,106509012.92
2024-08-13,000503,6.87,6.96,6.78,6.93,9059433,62349288.95
2024-08-14,000503,6.91,6.95,6.79,6.8,9185551,62800470.8
2024-08-15,000503,6.78,7.06,6.7,6.93,12779553,88562187.84
2024-08-16,000503,6.92,7.05,6.82,6.85,9111610,62917488.53
2024-08-19,000503,6.82,6.95,6.8,6.8,10248687,70364267.46
2024-08-20,000503,6.8,6.83,6.55,6.69,11882200,79359678.12
2024-08-21,000503,6.75,6.77,6.58,6.58,6800253,45221658.04
2024-08-22,000503,6.6,6.66,6.4,6.43,9228300,60044091.0
2024-08-23,000503,6.46,6.51,6.37,6.45,6761618,43544583.02
2024-08-26,000503,6.47,6.63,6.42,6.58,7672501,50317270.58
2024-08-27,000503,6.59,6.6,6.41,6.45,7609200,49259520.0
2024-08-28,000503,6.46,6.61,6.34,6.54,8112771,52872001.18
2024-08-29,000503,6.5,6.94,6.45,6.81,15932710,107915789.29
2024-08-30,000503,6.81,7.04,6.79,6.89,16545510,114744776.5
2024-09-02,000503,6.92,6.94,6.67,6.71,9469800,64577478.0
2024-09-03,000503,6.73,6.79,6.64,6.68,9979705,66877163.47
2024-09-04,000503,6.67,6.73,6.62,6.68,6583200,43956667.0
2024-09-05,000503,6.67,6.84,6.67,6.82,9265300,62857740.0
2024-09-06,000503,6.81,6.88,6.68,6.69,6600600,44547965.0
2024-09-09,000503,6.68,7.05,6.6,6.8,16329011,111379310.69
2024-09-10,000503,6.81,6.87,6.6,6.83,14202321,95945748.23
2024-09-11,000503,6.83,7.03,6.79,6.95,14542445,100508654.77
2024-09-12,000503,6.93,7.08,6.92,7.04,14035839,98557540.38
2024-09-13,000503,7.04,7.14,6.92,6.97,14261957,100292303.85
2024-09-18,000503,6.97,6.97,6.71,6.84,11631535,79488994.85
2024-09-19,000503,6.89,7.25,6.86,7.24,19993402,141495900.12
2024-09-20,000503,7.24,7.85,7.23,7.58,43248471,327173166.49
2024-09-23,000503,7.62,7.71,7.35,7.48,20074702,149893502.04
2024-09-24,000503,7.54,7.7,7.38,7.64,20330234,153836180.09
2024-09-25,000503,7.73,8.03,7.66,7.8,25694992,202177730.68
2024-09-26,000503,7.81,7.96,7.74,7.94,20559432,161651689.48
2024-09-27,000503,8.2,8.73,8.07,8.49,36420399,305795907.54
2024-09-30,000503,8.99,9.34,8.71,9.34,50663992,460650989.81
2024-10-08,000503,10.27,10.27,9.76,10.27,50096742,510901115.72
2024-10-09,000503,11.0,11.3,10.27,11.04,113842807,1267018409.6
2024-10-10,000503,11.28,11.38,10.0,10.02,94922416,1003606575.63
2024-10-11,000503,9.85,10.26,9.43,9.7,58326810,573493107.25
2024-10-14,000503,10.06,10.67,9.87,10.67,55994155,579017004.66
2024-10-15,000503,10.77,11.46,10.55,10.71,69766188,771211856.4
2024-10-16,000503,10.55,11.78,10.55,11.68,80690108,917887434.64
2024-10-17,000503,11.9,12.71,11.74,11.93,87791746,1068550406.39
2024-10-18,000503,11.91,13.12,11.91,13.12,74493489,948536048.8
2024-10-21,000503,13.53,14.43,13.43,14.43,106895829,1519035084.58
2024-10-22,000503,14.3,15.71,13.96,15.2,108106103,1611406122.87
2024-10-23,000503,15.21,16.72,14.9,16.72,124161377,2024403100.57
2024-10-24,000503,16.72,17.35,15.7,16.01,138373059,2258463788.3
2024-10-25,000503,16.45,16.65,15.4,15.98,95961313,1516287944.48
2024-10-28,000503,15.6,16.27,14.41,14.8,129150111,1914643670.7
2024-10-29,000503,14.89,15.7,14.7,14.8,110053531,1679838362.74
2024-10-30,000503,14.9,15.58,14.59,15.0,105576184,1593896372.3
2024-10-31,000503,14.7,15.43,14.43,14.64,96810526,1438488919.34
2024-11-01,000503,14.5,14.59,13.3,13.52,94046026,1294632097.65
2024-11-04,000503,13.21,13.6,13.18,13.43,47256975,630718622.82
2024-11-05,000503,13.46,14.06,13.4,13.89,68896001,954106962.48
2024-11-06,000503,13.88,14.2,13.3,13.6,63392979,871487336.28
2024-11-07,000503,13.47,13.98,13.28,13.94,50398259,687520926.13
2024-11-08,000503,14.14,14.59,13.87,14.22,75692836,1075807440.53
2024-11-11,000503,14.22,15.49,14.09,14.95,97572609,1447655919.73
2024-11-12,000503,15.0,15.98,14.72,15.11,85356311,1309495867.78
2024-11-13,000503,14.83,14.93,13.76,13.9,71650450,1020276810.77
2024-11-14,000503,13.91,14.06,13.4,13.5,39072078,535521042.1
2024-11-15,000503,13.3,13.65,13.03,13.07,33864420,453411558.5
2024-11-18,000503,13.01,13.07,11.81,11.96,52223015,641287988.5
2024-11-19,000503,12.0,12.32,11.83,12.31,34121444,411633148.72
2024-11-20,000503,12.38,13.54,12.26,13.54,29839462,392926050.32
2024-11-21,000503,14.0,14.89,13.9,14.2,147301587,2156554257.25
2024-11-22,000503,14.0,14.8,13.45,13.54,90062347,1268096689.77
2024-11-25,000503,14.08,14.3,12.52,13.09,65376840,855219353.8
2024-11-26,000503,13.23,13.35,12.55,12.6,36950472,472124375.32
2024-11-27,000503,12.6,13.86,12.22,13.86,87491268,1176616914.26
2024-11-28,000503,13.69,14.03,13.21,13.24,65220486,885573521.26
2024-11-29,000503,13.41,14.5,13.3,14.17,67838654,948929727.95
2024-12-02,000503,14.1,14.25,13.89,13.99,43244818,606807936.82
2024-12-03,000503,14.05,14.42,13.7,13.95,44164208,617450286.4
2024-12-04,000503,13.88,14.11,13.25,13.36,41272000,557975884.14
2024-12-05,000503,13.3,13.81,13.13,13.7,28596088,388637610.37
2024-12-06,000503,13.64,14.0,13.31,13.6,31599020,430520143.6
2024-12-09,000503,13.64,13.72,12.84,13.04,42633494,559130876.21
2024-12-10,000503,13.45,13.45,12.9,12.91,33302744,436636411.44
2024-12-11,000503,12.92,13.1,12.84,13.0,20419627,264434019.52
2024-12-12,000503,12.99,13.22,12.9,13.22,26037529,340712495.76
2024-12-13,000503,13.19,13.19,12.69,12.72,27662817,355751303.02
2024-12-16,000503,12.72,12.96,12.5,12.6,19563000,248258780.31
2024-12-17,000503,12.53,12.59,12.0,12.1,27174544,331966288.52
2024-12-18,000503,12.13,12.84,11.93,12.27,26763954,331908021.46
2024-12-19,000503,12.13,12.39,11.97,12.34,15600589,191378736.16
2024-12-20,000503,12.31,12.76,12.22,12.51,20046961,251490765.56
2024-12-23,000503,12.51,12.55,11.8,11.85,29347291,352479341.03
2024-12-24,000503,11.84,11.97,11.65,11.87,14508076,171367773.27
2024-12-25,000503,11.91,12.0,11.2,11.45,26266803,300589216.38
2024-12-26,000503,11.46,11.54,11.3,11.34,18462991,210830713.84
2024-12-27,000503,11.4,11.63,11.27,11.37,17980374,205980417.86
2024-12-30,000503,11.31,11.45,11.03,11.34,14747691,166724500.89
2024-12-31,000503,11.4,11.6,10.98,10.98,19981094,222507318.1
2025-01-02,000503,10.95,11.03,10.38,10.5,24930064,266642254.43
2025-01-03,000503,10.5,10.55,10.0,10.06,22884701,234736426.29
2025-01-06,000503,10.06,10.15,9.81,9.96,18736645,187089999.58
2025-01-07,000503,10.0,10.12,9.86,10.09,13684200,136757794.0
2025-01-08,000503,10.15,10.3,9.73,10.04,18932424,189758855.08
2025-01-09,000503,9.96,10.21,9.92,10.16,15941300,161424791.0
2025-01-10,000503,10.15,10.34,9.97,10.12,18789482,190406273.2
2025-01-13,000503,9.96,10.09,9.74,9.97,15394478,152809663.98
2025-01-14,000503,10.02,10.5,9.98,10.49,26349500,271325000.0
2025-01-15,000503,10.5,10.53,10.13,10.29,17336100,178030734.09
2025-01-16,000503,10.35,10.58,10.16,10.22,16052501,165908350.19
2025-01-17,000503,10.15,10.49,10.06,10.27,18689741,191899451.46
2025-01-20,000503,10.25,10.43,10.19,10.23,16162077,166065114.29
2025-01-21,000503,10.16,10.3,9.96,10.0,15799200,158859476.0
2025-01-22,000503,9.94,10.0,9.8,9.85,13087510,129317426.29
2025-01-23,000503,9.97,10.23,9.66,9.66,21182562,210191874.72
2025-01-24,000503,9.66,9.88,9.6,9.76,21562841,210384800.96
2025-01-27,000503,9.86,9.95,9.63,9.68,12940010,126219616.0
2025-02-05,000503,9.9,10.65,9.83,10.65,42122145,435760374.74
2025-02-06,000503,10.85,10.97,10.45,10.83,50806106,544224218.28
2025-02-07,000503,10.83,11.91,10.75,11.5,80928036,924383483.4
2025-02-10,000503,11.75,12.2,11.51,11.98,73895884,876312999.46
2025-02-11,000503,11.84,11.88,11.29,11.4,50722000,580364974.0
2025-02-12,000503,11.33,11.98,11.28,11.73,44592578,520104484.81
2025-02-13,000503,11.74,11.8,11.37,11.38,31162218,357689933.36
2025-02-14,000503,12.18,12.52,11.8,12.52,77823318,957058945.02
2025-02-17,000503,13.0,13.77,12.66,12.78,126323788,1669252330.28
2025-02-18,000503,12.4,12.62,11.8,11.84,72064200,881055368.11
2025-02-19,000503,11.8,12.21,11.75,12.01,40518315,486231194.58
2025-02-20,000503,12.19,12.88,12.19,12.37,65665040,823082583.54
2025-02-21,000503,12.37,12.61,12.12,12.5,40911378,507039623.86
2025-02-24,000503,12.46,12.5,12.07,12.16,37886471,463909148.98
2025-02-25,000503,11.97,12.56,11.86,12.28,41398100,506316074.56
2025-02-26,000503,12.23,12.27,11.89,12.0,30339724,364096479.81
2025-02-27,000503,12.03,12.15,11.6,11.82,26792776,316649547.86
2025-02-28,000503,11.78,11.92,11.25,11.29,27062770,312550352.43
2025-03-03,000503,11.31,11.93,11.09,11.59,32229480,374725071.0
2025-03-04,000503,11.5,12.14,11.45,11.89,30873443,368052400.58
2025-03-05,000503,11.88,11.95,11.59,11.75,18412400,216137471.99
2025-03-06,000503,11.85,12.03,11.72,11.97,23939887,285237874.64
2025-03-07,000503,11.88,11.95,11.54,11.61,23211298,272067273.24
2025-03-10,000503,11.99,12.3,11.47,11.87,53041643,627344359.96
2025-03-11,000503,11.49,11.71,11.27,11.41,41659808,476067276.22
2025-03-12,000503,11.42,12.55,11.31,12.55,74084499,897424695.98
2025-03-13,000503,12.56,13.1,12.27,12.77,116793731,1486124804.44
2025-03-14,000503,12.51,13.2,12.03,13.01,78540818,992145916.9
2025-03-17,000503,12.93,13.11,12.6,12.62,48561740,619383026.02
2025-03-18,000503,12.67,13.18,12.66,12.78,50241565,647616143.6
2025-03-19,000503,12.62,12.85,12.42,12.64,34066801,429715437.15
2025-03-20,000503,12.7,13.18,12.52,12.82,47080943,608629240.43
2025-03-21,000503,12.7,12.76,12.01,12.12,43236434,531481602.03
2025-03-24,000503,12.12,12.17,10.91,11.12,57861176,655004638.36
2025-03-25,000503,11.16,11.16,10.45,10.69,31091815,333332127.5
2025-03-26,000503,10.63,10.82,10.6,10.68,15109835,161982004.8
2025-03-27,000503,10.69,11.43,10.62,10.96,32165026,357210734.57
2025-03-28,000503,10.99,11.38,10.95,10.98,22316314,249103085.28
2025-03-31,000503,10.81,10.98,10.55,10.85,17890734,191897126.6
2025-04-01,000503,10.86,11.29,10.86,11.11,22428235,249406952.65
2025-04-02,000503,11.04,12.22,11.01,11.94,69372124,822041888.53
2025-04-03,000503,11.8,12.3,11.5,11.6,49615550,593114867.56
2025-04-07,000503,10.87,11.14,10.44,10.44,34979400,370241539.0
2025-04-08,000503,10.44,10.83,10.1,10.49,43319755,450906572.74
2025-04-09,000503,10.37,10.49,9.48,10.35,39042487,394078162.43
2025-04-10,000503,10.57,10.79,10.36,10.38,34351305,361951850.25
2025-04-11,000503,10.29,10.62,10.21,10.39,23274116,243692562.24
2025-04-14,000503,10.53,10.76,10.49,10.57,22166520,234639488.58
2025-04-15,000503,10.55,10.62,10.42,10.5,13112400,137721192.0
2025-04-16,000503,10.47,10.68,10.28,10.42,19099526,198902071.4
2025-04-17,000503,10.34,10.62,10.32,10.49,14669000,154420123.0
2025-04-18,000503,10.46,10.58,10.37,10.43,9549100,99538768.0
2025-04-21,000503,10.38,10.65,10.31,10.55,14466900,151244624.0
2025-04-22,000503,10.55,10.64,10.39,10.4,11877296,124208281.44
2025-04-23,000503,10.45,10.65,10.44,10.48,15754282,165971323.64
2025-04-24,000503,10.55,10.68,10.37,10.45,18396650,193524537.0
2025-04-25,000503,10.58,10.78,10.4,10.41,18603937,196052492.16
2025-04-28,000503,10.38,10.38,9.94,10.11,19817019,200165582.1
2025-04-29,000503,10.04,10.29,9.96,10.26,14395550,146732956.5
2025-04-30,000503,10.28,10.62,10.22,10.49,17150220,179598165.69
2025-05-06,000503,10.62,10.92,10.6,10.84,22384469,241552006.18
2025-05-07,000503,10.99,11.1,10.62,10.73,23153252,251313536.67
2025-05-08,000503,10.7,10.87,10.67,10.83,14528642,156617605.76
2025-05-09,000503,10.78,10.86,10.55,10.57,11034423,117241585.35
2025-05-12,000503,10.71,10.76,10.51,10.57,11870223,125780285.49
2025-05-13,000503,10.68,10.74,10.58,10.67,13402301,142986628.6
2025-05-14,000503,10.71,10.86,10.5,10.64,14151600,150337777.0
2025-05-15,000503,10.6,10.64,10.3,10.36,14084301,146841817.35
2025-05-16,000503,10.37,10.42,10.28,10.32,9741556,100879397.28
2025-05-19,000503,10.35,10.49,10.25,10.49,10832276,112475254.4
2025-05-20,000503,10.48,10.59,10.38,10.49,12764100,134090178.0
2025-05-21,000503,10.49,10.49,10.32,10.41,9506201,98741762.42
2025-05-22,000503,10.36,10.4,10.14,10.15,12696701,129981903.35
2025-05-23,000503,10.19,10.7,10.07,10.21,26639922,275726627.0
2025-05-26,000503,10.11,10.28,10.09,10.22,11572948,117905800.9
2025-05-27,000503,10.21,10.23,10.11,10.21,7495300,76188686.0
2025-05-28,000503,10.2,10.26,10.08,10.12,8783800,89032023.0
2025-05-29,000503,10.12,10.37,10.12,10.37,15830953,162848567.86
2025-05-30,000503,10.35,10.36,10.09,10.14,11970500,121821972.0
2025-06-03,000503,10.12,10.25,10.06,10.14,8602441,87264819.77
2025-06-04,000503,10.18,10.2,10.07,10.11,10888406,110292727.48
2025-06-05,000503,10.6,10.69,10.29,10.37,37225321,387477621.31
2025-06-06,000503,10.49,10.6,10.25,10.31,19265997,199604638.34
2025-06-09,000503,10.18,10.42,10.12,10.31,18901663,194661278.71
2025-06-10,000503,10.47,10.58,10.16,10.27,22455797,232989328.04
2025-06-11,000503,10.27,10.33,10.16,10.2,16621217,170260187.9
2025-06-12,000503,10.16,10.3,10.11,10.24,11398600,116321608.98
2025-06-13,000503,10.18,10.21,10.05,10.06,14012063,141584753.78
2025-06-16,000503,10.03,10.11,10.01,10.07,8295001,83502172.06
2025-06-17,000503,10.08,10.22,10.03,10.11,10195389,103275286.71
2025-06-18,000503,10.06,10.1,9.97,10.04,10181431,102068298.2
2025-06-19,000503,10.04,10.07,9.82,9.85,12002008,119116979.0
2025-06-20,000503,9.88,9.93,9.8,9.83,7046500,69411856.0
2025-06-23,000503,9.74,10.03,9.68,9.95,9196395,90995041.29
2025-06-24,000503,9.99,10.22,9.97,10.19,13370609,135509130.7
2025-06-25,000503,10.25,10.33,10.13,10.31,15599795,159769578.08
2025-06-26,000503,10.31,11.05,10.28,10.69,49656689,533916381.81
2025-06-27,000503,10.71,11.15,10.55,10.75,41936556,455696203.98
2025-06-30,000503,10.75,10.78,10.35,10.57,30136016,317416865.67
2025-07-01,000503,10.61,10.87,10.57,10.63,21942200,234770843.9
2025-07-02,000503,10.58,10.63,10.36,10.4,15151659,158257111.42
2025-07-03,000503,10.41,10.58,10.4,10.47,10647000,111562606.0
2025-07-04,000503,10.44,10.61,10.38,10.4,15255900,159829683.0
2025-07-07,000503,10.38,10.43,10.3,10.32,10545200,109214457.0
2025-07-08,000503,10.32,10.49,10.29,10.44,13594500,141788670.0
2025-07-09,000503,10.46,10.49,10.37,10.38,10982564,114441478.04
2025-07-10,000503,10.4,10.47,10.29,10.38,9749237,101171337.06
2025-07-11,000503,10.38,10.77,10.35,10.72,26030378,276042354.81
2025-07-14,000503,11.1,11.25,10.78,10.93,40003301,438736654.64
2025-07-15,000503,10.63,10.75,10.38,10.69,33711400,355501262.0
2025-07-16,000503,10.6,11.1,10.6,10.8,27828600,303393439.0
2025-07-17,000503,10.73,10.89,10.71,10.86,18998949,205511186.16
2025-07-18,000503,10.85,11.15,10.81,10.91,16486200,179925139.0
2025-07-21,000503,10.88,10.92,10.8,10.86,14416401,156340665.82
2025-07-22,000503,10.81,11.15,10.71,10.97,30399600,331864547.0
2025-07-23,000503,11.0,11.26,10.91,10.93,28156309,311894487.06
2025-07-24,000503,10.95,11.19,10.93,11.19,26155363,290503530.84
2025-07-25,000503,11.18,11.23,11.01,11.04,21427602,237730294.1
2025-07-28,000503,11.11,11.13,10.81,10.84,18703001,203390529.78
2025-07-29,000503,10.83,10.88,10.69,10.85,13668000,147394112.99
2025-07-30,000503,10.86,10.9,10.63,10.72,18118800,195061580.99
2025-07-31,000503,10.7,10.87,10.61,10.65,15676648,168620565.23
2025-08-01,000503,10.69,11.04,10.66,10.89,25026700,271323539.0
2025-08-04,000503,10.8,11.02,10.62,10.88,20781448,223831960.72
2025-08-05,000503,10.85,11.05,10.81,10.95,22964300,250832486.52
2025-08-06,000503,10.9,11.05,10.88,10.93,16029487,175492512.43
2025-08-07,000503,10.89,11.28,10.88,11.0,33868900,376192040.0
2025-08-08,000503,11.01,11.03,10.6,10.6,30247764,323672922.4
2025-08-11,000503,10.57,10.79,10.53,10.75,15320015,164369794.17
2025-08-12,000503,10.77,10.77,10.6,10.69,13597046,145188024.18
2025-08-13,000503,10.7,10.78,10.61,10.7,15802334,168957765.66
2025-08-14,000503,10.7,10.73,10.45,10.47,20180900,212898249.0
2025-08-15,000503,10.5,11.05,10.49,10.89,35156846,381463612.04
2025-08-18,000503,10.86,11.22,10.8,11.05,33481003,369175407.52
2025-08-19,000503,11.04,11.28,11.0,11.13,29455873,327875941.83
2025-08-20,000503,11.08,11.11,10.86,11.07,21447400,235271876.0
2025-08-21,000503,11.1,11.17,10.88,10.94,16490470,181439797.49
2025-08-22,000503,10.92,11.15,10.91,11.14,22342240,246257986.55
2025-08-25,000503,11.17,11.25,11.05,11.18,23794090,265373571.93
2025-08-26,000503,11.17,11.38,11.1,11.27,24531684,276048440.11
2025-08-27,000503,11.36,11.61,10.91,10.94,27612088,310958290.04
2025-08-28,000503,10.95,10.96,10.43,10.85,35151173,376498291.31
2025-08-29,000503,10.78,10.88,10.59,10.6,21724546,231715477.76
2025-09-01,000503,10.63,10.84,10.55,10.69,20844774,222467598.91
2025-09-02,000503,10.65,10.69,10.28,10.36,23478634,244532079.53
2025-09-03,000503,10.38,10.42,10.09,10.14,16166018,165250015.8
2025-09-04,000503,10.23,10.34,9.95,10.12,18201719,185130536.56
2025-09-05,000503,10.12,10.31,9.96,10.2,15210086,154063598.25
2025-09-08,000503,10.22,10.24,10.07,10.15,13684863,138824902.07
2025-09-09,000503,10.15,10.16,9.97,10.02,13046581,130988376.83
2025-09-10,000503,10.05,10.15,10.02,10.11,10718273,108028057.35
2025-09-11,000503,10.11,10.19,9.96,10.18,13221999,133399727.43
2025-09-12,000503,10.17,10.43,10.11,10.13,14790310,150669691.28
2025-09-15,000503,10.13,10.13,9.99,10.04,13894178,139282484.56
2025-09-16,000503,10.03,10.08,9.99,10.08,9597144,96253632.36
2025-09-17,000503,10.05,10.31,10.02,10.25,16405700,166492426.16
2025-09-18,000503,10.21,11.15,10.14,10.57,56869968,610097801.9
2025-09-19,000503,10.57,10.82,10.35,10.68,28051477,296651155.97
2025-09-22,000503,10.73,10.91,10.42,10.54,20561091,217696602.35
2025-09-23,000503,10.45,10.53,10.15,10.37,18372360,189288879.35
2025-09-24,000503,10.38,10.46,10.24,10.42,12512800,129762008.4
2025-09-25,000503,10.42,10.43,10.17,10.18,14906088,153246171.08
2025-09-26,000503,10.18,10.31,10.08,10.2,10558932,107394504.69
2025-09-29,000503,10.2,10.22,10.02,10.16,10248282,103708099.7
2025-09-30,000503,10.22,10.28,10.15,10.25,12022211,122861281.87
2025-10-09,000503,10.31,10.36,10.16,10.25,13754577,140889977.82
2025-10-10,000503,10.24,10.25,10.08,10.1,14064200,142452954.0
2025-10-13,000503,9.9,10.06,9.8,10.01,12148460,120906809.4
2025-10-14,000503,10.0,10.07,9.92,9.93,10408900,103897108.0
2025-10-15,000503,9.92,10.33,9.88,10.09,15710326,158684436.75
2025-10-16,000503,10.06,10.09,9.96,9.99,9336310,93397634.7
2025-10-17,000503,10.0,10.02,9.81,9.82,10568212,104478239.04
2025-10-20,000503,9.9,9.95,9.83,9.86,5696900,56223708.7
2025-10-21,000503,9.85,9.93,9.82,9.9,6219665,61566989.5
2025-10-22,000503,9.88,9.98,9.84,9.9,6994484,69350759.92
2025-10-23,000503,9.9,9.9,9.73,9.84,9735300,95380653.0
2025-10-24,000503,9.84,9.92,9.81,9.84,7092856,69905840.75
2025-10-27,000503,9.85,9.92,9.84,9.86,7575740,74795681.8
2025-10-28,000503,9.88,9.97,9.83,9.9,9206561,91232202.9
2025-10-29,000503,9.88,9.93,9.78,9.87,9877562,96970852.25
2025-10-30,000503,9.84,9.84,9.66,9.67,14350317,139406165.28
2025-10-31,000503,9.62,10.04,9.61,9.94,15336421,151404611.15
2025-11-03,000503,10.0,10.1,9.91,10.08,12935695,129826050.52
2025-11-04,000503,10.04,10.13,10.0,10.12,12425568,125166561.83
2025-11-05,000503,10.07,10.4,10.05,10.26,18801982,192548058.22
2025-11-06,000503,10.25,10.26,10.04,10.07,12945483,130543962.15
2025-11-07,000503,10.04,10.07,9.98,10.02,7296477,73123395.08
2025-11-10,000503,10.0,10.06,9.97,10.03,7257642,72724625.01
2025-11-11,000503,10.03,10.07,9.98,9.99,8041611,80498817.78
2025-11-12,000503,10.0,10.0,9.9,9.94,7549951,75092336.63
2025-11-13,000503,9.91,9.96,9.85,9.92,8251468,81832299.56
2025-11-14,000503,9.88,10.23,9.83,9.99,12353715,124173410.15
2025-11-17,000503,9.97,10.09,9.89,10.05,10388229,103920061.81
2025-11-18,000503,10.0,10.21,9.98,10.14,16156948,163836460.24
2025-11-19,000503,10.12,10.15,9.87,9.91,12534510,124880005.3
2025-11-20,000503,9.92,9.96,9.79,9.93,9225600,91172603.0
2025-11-21,000503,9.86,10.04,9.68,9.68,14996304,147599464.34
2025-11-24,000503,9.72,10.05,9.7,10.03,16428574,163244479.31
2025-11-25,000503,10.04,10.28,10.02,10.15,18188913,185297492.11
2025-11-26,000503,10.15,10.23,9.96,10.01,13441960,135384690.12
2025-11-27,000503,10.0,10.01,9.87,9.92,10473760,103846744.01
2025-11-28,000503,9.96,10.05,9.9,9.99,8614026,85928899.74
2025-12-01,000503,10.05,10.05,9.9,9.97,8238911,81984546.45
2025-12-02,000503,9.97,10.19,9.86,9.96,12890782,128646981.4
2025-12-03,000503,9.95,9.96,9.71,9.78,14488731,141765891.9
2025-12-04,000503,9.73,9.77,9.67,9.71,9475300,91913448.0
2025-12-05,000503,9.7,9.78,9.62,9.77,7691645,74647849.91
2025-12-08,000503,9.78,9.93,9.76,9.76,9017326,88722980.12
2025-12-09,000503,9.7,9.76,9.64,9.68,7220360,69990489.6
2025-12-10,000503,9.64,9.68,9.58,9.64,6376981,61310303.6
2025-12-11,000503,9.61,9.66,9.34,9.36,11189926,105883753.1
2025-12-12,000503,9.31,9.35,9.17,9.2,10991680,101575302.99
2025-12-15,000503,9.22,9.25,9.06,9.08,8166955,74576204.27
2025-12-16,000503,9.08,9.14,8.88,9.01,10005093,89775886.31
2025-12-17,000503,9.0,9.23,8.99,9.13,10678960,97309004.6
2025-12-18,000503,9.07,9.53,9.06,9.31,16136557,150413929.3
2025-12-19,000503,9.31,9.35,9.19,9.29,10427449,96661719.52
2025-12-22,000503,9.27,9.54,9.21,9.44,14307625,134657907.6
2025-12-23,000503,9.41,9.47,9.12,9.13,12297935,113226532.95
2025-12-24,000503,9.1,9.18,9.06,9.18,6873987,62854449.05
2025-12-25,000503,9.18,9.2,9.12,9.17,6415300,58721062.6
2025-12-26,000503,9.18,9.21,9.06,9.1,8747997,79894224.67
2025-12-29,000503,9.06,9.09,8.98,8.98,8468871,76331188.24
2025-12-30,000503,9.02,9.06,8.93,8.94,6755902,60708973.98
2025-12-31,000503,8.94,9.01,8.88,8.88,7991165,71344250.17
2026-01-05,000503,8.93,9.2,8.85,9.18,14568535,132225172.8
2026-01-06,000503,9.21,9.23,9.08,9.14,10341646,94539017.48
2026-01-07,000503,9.15,9.25,9.03,9.11,13884224,126753289.54
2026-01-08,000503,9.1,9.68,9.1,9.59,33228283,315409875.3
2026-01-09,000503,9.59,10.55,9.57,10.55,28437720,296946659.45
2026-01-12,000503,11.61,11.61,11.09,11.61,102502429,1173780220.14
2026-01-13,000503,12.5,12.54,11.29,11.33,136558631,1611618752.26
2026-01-14,000503,11.14,11.76,10.98,11.13,106536815,1215772899.66
2026-01-15,000503,11.03,11.26,10.66,10.81,55844525,608090321.45
2026-01-16,000503,10.75,10.79,10.12,10.23,47191761,488415749.6
2026-01-19,000503,10.14,10.31,9.96,10.0,35246899,355905993.94
2026-01-20,000503,10.0,10.13,9.88,9.94,27022375,269723101.92
2026-01-21,000503,9.87,10.1,9.85,9.94,23033400,229475462.0
2026-01-22,000503,9.95,10.01,9.83,9.93,20905720,207160468.8
2026-01-23,000503,9.96,10.29,9.94,10.26,36392009,369561594.86
2026-01-26,000503,10.24,10.25,9.86,9.95,31889622,317829767.45
2026-01-27,000503,9.92,9.99,9.61,9.78,28403644,275792660.87
2026-01-28,000503,9.71,9.77,9.55,9.59,19320922,185946007.66
2026-01-29,000503,9.53,9.95,9.39,9.66,27422234,267068930.88
2026-01-30,000503,9.6,9.69,9.43,9.44,17347383,165146958.96
2026-02-02,000503,9.33,9.53,9.24,9.25,17357117,162912593.55
2026-02-03,000503,9.32,9.45,9.29,9.45,12372066,116182293.13
2026-02-04,000503,9.4,9.44,9.31,9.42,10352200,97038925.67
2026-02-05,000503,9.37,9.47,9.34,9.36,9829120,92365289.4
2026-02-06,000503,9.33,9.48,9.23,9.27,11064348,103257597.58
2026-02-09,000503,9.4,9.6,9.37,9.54,13611929,129029074.45
2026-02-10,000503,9.55,9.68,9.45,9.61,11756681,112716687.98
2026-02-11,000503,9.61,9.62,9.5,9.53,7615088,72634481.12
2026-02-12,000503,9.51,9.56,9.41,9.43,9359411,88613132.3
2026-02-13,000503,9.41,9.52,9.33,9.34,9378441,88289138.61
2026-02-24,000503,9.46,9.52,9.22,9.27,15089300,140601814.99
2026-02-25,000503,9.35,9.39,9.28,9.31,15131541,141235919.13
2026-02-26,000503,9.34,9.35,9.1,9.13,17069220,156727349.84
2026-02-27,000503,9.13,9.23,9.1,9.19,9532297,87442517.73
2026-03-02,000503,9.08,9.12,8.85,8.91,19962000,178545106.0
2026-03-03,000503,8.91,8.98,8.58,8.61,18589610,162366591.99
2026-03-04,000503,8.53,8.61,8.33,8.41,14734518,124788893.04
2026-03-05,000503,8.55,8.75,8.5,8.66,14400124,123971558.77
2026-03-06,000503,8.6,8.84,8.59,8.78,10669597,93545178.17
