日期,股票代码,股票名称,开盘,收盘,最高,最低,成交量,成交额,振幅,涨跌幅,涨跌额,换手率
2016-03-11,600031,三一重工,2.3,2.3,2.33,2.23,223842,117714885.0,4.27,-1.71,-0.04,0.29
2016-03-14,600031,三一重工,2.35,2.47,2.61,2.34,544326,298168928.0,11.74,7.39,0.17,0.72
2016-03-15,600031,三一重工,2.47,2.43,2.51,2.39,317278,171656398.0,4.86,-1.62,-0.04,0.42
2016-03-16,600031,三一重工,2.43,2.48,2.5,2.41,444408,242076032.0,3.7,2.06,0.05,0.59
2016-03-17,600031,三一重工,2.48,2.53,2.54,2.43,396642,217272114.0,4.44,2.02,0.05,0.52
2016-03-18,600031,三一重工,2.53,2.58,2.62,2.5,840046,466438528.0,4.74,1.98,0.05,1.11
2016-03-21,600031,三一重工,2.65,2.78,2.89,2.62,1315363,755875296.0,10.47,7.75,0.2,1.73
2016-03-22,600031,三一重工,2.72,2.69,2.79,2.67,571513,326397840.0,4.32,-3.24,-0.09,0.75
2016-03-23,600031,三一重工,2.7,2.82,2.91,2.67,780774,451804336.0,8.92,4.83,0.13,1.03
2016-03-24,600031,三一重工,2.8,2.66,2.8,2.64,448176,255830098.0,5.67,-5.67,-0.16,0.59
2016-03-25,600031,三一重工,2.63,2.69,2.71,2.62,266614,150444440.0,3.38,1.13,0.03,0.35
2016-03-28,600031,三一重工,2.72,2.67,2.77,2.62,288419,164152639.0,5.58,-0.74,-0.02,0.38
2016-03-29,600031,三一重工,2.65,2.56,2.68,2.54,217571,121317814.0,5.24,-4.12,-0.11,0.29
2016-03-30,600031,三一重工,2.6,2.69,2.72,2.59,324124,182790613.0,5.08,5.08,0.13,0.43
2016-03-31,600031,三一重工,2.74,2.71,2.77,2.66,313306,178438636.0,4.09,0.74,0.02,0.41
2016-04-01,600031,三一重工,2.64,2.67,2.7,2.55,326978,183312027.0,5.54,-1.48,-0.04,0.43
2016-04-05,600031,三一重工,2.68,2.72,2.76,2.65,538700,306215904.0,4.12,1.87,0.05,0.71
2016-04-06,600031,三一重工,2.7,2.68,2.73,2.64,350649,198636390.0,3.31,-1.47,-0.04,0.46
2016-04-07,600031,三一重工,2.7,2.61,2.72,2.6,259659,146464781.0,4.48,-2.61,-0.07,0.34
2016-04-08,600031,三一重工,2.58,2.49,2.58,2.42,304039,166584797.0,6.13,-4.6,-0.12,0.4
2016-04-11,600031,三一重工,2.67,2.8,2.97,2.63,1199166,696580096.0,13.65,12.45,0.31,1.58
2016-04-12,600031,三一重工,2.79,2.74,2.86,2.68,436252,249216248.0,6.43,-2.14,-0.06,0.57
2016-04-13,600031,三一重工,2.82,2.89,3.02,2.81,952467,563523392.0,7.66,5.47,0.15,1.25
2016-04-14,600031,三一重工,2.92,2.97,3.05,2.91,711602,424478400.0,4.84,2.77,0.08,0.94
2016-04-15,600031,三一重工,2.93,3.1,3.14,2.93,869062,525562000.0,7.07,4.38,0.13,1.14
2016-04-18,600031,三一重工,3.04,2.86,3.05,2.82,572706,336237936.0,7.42,-7.74,-0.24,0.75
2016-04-19,600031,三一重工,2.9,2.85,2.94,2.77,273243,158854519.0,5.94,-0.35,-0.01,0.36
2016-04-20,600031,三一重工,2.85,2.69,2.88,2.49,736381,417632464.0,13.68,-5.61,-0.16,0.97
2016-04-21,600031,三一重工,2.67,2.59,2.69,2.58,281286,157915980.0,4.09,-3.72,-0.1,0.37
2016-04-22,600031,三一重工,2.59,2.55,2.65,2.51,344124,190639328.0,5.41,-1.54,-0.04,0.45
2016-04-25,600031,三一重工,2.55,2.5,2.55,2.44,235683,128714434.0,4.31,-1.96,-0.05,0.31
2016-04-26,600031,三一重工,2.5,2.55,2.56,2.47,173662,95383845.0,3.6,2.0,0.05,0.23
2016-04-27,600031,三一重工,2.56,2.48,2.56,2.45,188382,103499136.0,4.31,-2.75,-0.07,0.25
2016-04-28,600031,三一重工,2.48,2.43,2.5,2.37,223406,120726722.0,5.24,-2.02,-0.05,0.29
2016-04-29,600031,三一重工,2.43,2.42,2.46,2.38,196159,105847799.0,3.29,-0.41,-0.01,0.26
2016-05-03,600031,三一重工,2.44,2.55,2.55,2.41,314959,172386263.0,5.79,5.37,0.13,0.41
2016-05-04,600031,三一重工,2.52,2.54,2.56,2.5,216308,119256511.0,2.35,-0.39,-0.01,0.28
2016-05-05,600031,三一重工,2.53,2.54,2.54,2.47,209986,115085476.0,2.76,0.0,0.0,0.28
2016-05-06,600031,三一重工,2.52,2.37,2.57,2.37,287463,156269780.0,7.87,-6.69,-0.17,0.38
2016-05-09,600031,三一重工,2.32,2.05,2.33,2.0,604883,307614560.0,13.92,-13.5,-0.32,0.8
2016-05-10,600031,三一重工,2.05,2.03,2.09,1.99,413036,206728990.0,4.88,-0.98,-0.02,0.54
2016-05-11,600031,三一重工,2.04,2.02,2.07,1.97,205885,102968469.0,4.93,-0.49,-0.01,0.27
2016-05-12,600031,三一重工,2.0,2.03,2.03,1.88,203753,100541095.0,7.43,0.5,0.01,0.27
2016-05-13,600031,三一重工,2.02,2.03,2.11,1.99,165234,82999272.0,5.91,0.0,0.0,0.22
2016-05-16,600031,三一重工,2.02,2.05,2.05,1.93,273317,135565579.0,5.91,0.99,0.02,0.36
2016-05-17,600031,三一重工,2.06,2.03,2.06,1.99,178590,89375044.0,3.41,-0.98,-0.02,0.24
2016-05-18,600031,三一重工,2.0,1.95,2.0,1.89,262981,129130027.0,5.42,-3.94,-0.08,0.35
2016-05-19,600031,三一重工,1.94,1.93,1.99,1.93,147394,72817768.0,3.08,-1.03,-0.02,0.19
2016-05-20,600031,三一重工,1.9,1.97,1.97,1.86,129734,63831968.0,5.7,2.07,0.04,0.17
2016-05-23,600031,三一重工,1.99,2.0,2.01,1.97,139796,69523445.0,2.03,1.52,0.03,0.18
2016-05-24,600031,三一重工,1.99,1.93,2.0,1.91,157352,77404801.0,4.5,-3.5,-0.07,0.21
2016-05-25,600031,三一重工,1.95,1.93,1.98,1.92,123248,60730897.0,3.11,0.0,0.0,0.16
2016-05-26,600031,三一重工,1.93,1.96,1.97,1.87,138681,67858808.0,5.18,1.55,0.03,0.18
2016-05-27,600031,三一重工,1.96,1.94,1.97,1.91,99401,48943482.0,3.06,-1.02,-0.02,0.13
2016-05-30,600031,三一重工,1.95,1.94,1.96,1.9,101679,49976269.0,3.09,0.0,0.0,0.13
2016-05-31,600031,三一重工,1.93,2.11,2.12,1.92,360343,181311472.0,10.31,8.76,0.17,0.47
2016-06-01,600031,三一重工,2.11,2.09,2.15,2.08,243607,123829608.0,3.32,-0.95,-0.02,0.32
2016-06-02,600031,三一重工,2.08,2.07,2.1,2.04,233563,117766822.0,2.87,-0.96,-0.02,0.31
2016-06-03,600031,三一重工,2.07,2.09,2.1,2.04,281837,142311594.0,2.9,0.97,0.02,0.37
2016-06-06,600031,三一重工,2.09,2.09,2.12,2.05,191567,96788810.0,3.35,0.0,0.0,0.25
2016-06-07,600031,三一重工,2.08,2.06,2.09,2.03,127553,64274711.0,2.87,-1.44,-0.03,0.17
2016-06-08,600031,三一重工,2.06,2.04,2.06,2.0,167734,83967894.0,2.91,-0.97,-0.02,0.22
2016-06-13,600031,三一重工,2.0,1.9,2.0,1.89,236368,116645245.0,5.39,-6.86,-0.14,0.31
2016-06-14,600031,三一重工,1.9,1.96,1.97,1.9,188871,92786832.0,3.68,3.16,0.06,0.25
2016-06-15,600031,三一重工,1.92,2.02,2.03,1.9,205046,101869410.0,6.63,3.06,0.06,0.27
2016-06-16,600031,三一重工,2.02,2.0,2.06,1.98,169558,84642463.0,3.96,-0.99,-0.02,0.22
2016-06-17,600031,三一重工,1.99,2.04,2.04,1.99,193049,96714933.0,2.5,2.0,0.04,0.25
2016-06-20,600031,三一重工,2.03,2.01,2.04,1.98,136091,67817130.0,2.94,-1.47,-0.03,0.18
2016-06-21,600031,三一重工,2.02,1.99,2.05,1.98,237858,118979897.0,3.48,-1.0,-0.02,0.31
2016-06-22,600031,三一重工,1.98,2.01,2.01,1.97,118198,58817704.0,2.01,1.01,0.02,0.16
2016-06-23,600031,三一重工,2.0,1.97,2.01,1.92,316449,156403581.0,4.48,-1.99,-0.04,0.42
2016-06-24,600031,三一重工,1.97,1.92,2.0,1.89,249787,122837713.0,5.58,-2.54,-0.05,0.33
2016-06-27,600031,三一重工,1.9,1.97,1.98,1.89,187622,92538293.0,4.69,2.6,0.05,0.25
2016-06-28,600031,三一重工,1.96,1.98,1.99,1.92,179230,88378049.0,3.55,0.51,0.01,0.24
2016-06-29,600031,三一重工,1.98,2.06,2.12,1.97,348848,175939890.0,7.58,4.04,0.08,0.46
2016-06-30,600031,三一重工,2.06,2.04,2.07,2.02,173100,86875692.0,2.43,-0.97,-0.02,0.23
2016-07-01,600031,三一重工,2.04,2.06,2.07,2.03,152493,76746601.0,1.96,0.98,0.02,0.2
2016-07-04,600031,三一重工,2.05,2.15,2.16,2.04,397315,202857294.0,5.83,4.37,0.09,0.52
2016-07-05,600031,三一重工,2.15,2.3,2.49,2.13,672011,355384528.0,16.74,6.98,0.15,0.88
2016-07-06,600031,三一重工,2.27,2.25,2.27,2.17,372509,193892666.0,4.35,-2.17,-0.05,0.49
2016-07-07,600031,三一重工,2.24,2.24,2.25,2.19,257089,133577670.0,2.67,-0.44,-0.01,0.34
2016-07-08,600031,三一重工,2.23,2.22,2.24,2.17,198979,103215323.0,3.13,-0.89,-0.02,0.26
2016-07-11,600031,三一重工,2.22,2.24,2.28,2.21,441546,230684954.0,3.15,0.9,0.02,0.58
2016-07-12,600031,三一重工,2.24,2.36,2.39,2.19,521484,274223600.0,8.93,5.36,0.12,0.69
2016-07-13,600031,三一重工,2.37,2.34,2.43,2.32,422579,225849448.0,4.66,-0.85,-0.02,0.56
2016-07-14,600031,三一重工,2.33,2.32,2.33,2.29,206727,109251013.0,1.71,-0.85,-0.02,0.27
2016-07-15,600031,三一重工,2.34,2.32,2.36,2.29,214646,113757429.0,3.02,0.0,0.0,0.28
2016-07-18,600031,三一重工,2.3,2.27,2.31,2.24,202493,106322589.0,3.02,-2.16,-0.05,0.27
2016-07-19,600031,三一重工,2.26,2.26,2.27,2.21,209964,109415539.0,2.64,-0.44,-0.01,0.28
2016-07-20,600031,三一重工,2.25,2.26,2.28,2.23,195446,102548623.0,2.21,0.0,0.0,0.26
2016-07-21,600031,三一重工,2.26,2.29,2.31,2.24,182699,96048785.0,3.1,1.33,0.03,0.24
2016-07-22,600031,三一重工,2.29,2.29,2.35,2.26,261171,138050519.0,3.93,0.0,0.0,0.34
2016-07-25,600031,三一重工,2.27,2.36,2.37,2.25,315366,167279138.0,5.24,3.06,0.07,0.42
2016-07-26,600031,三一重工,2.35,2.37,2.4,2.34,254614,136332367.0,2.54,0.42,0.01,0.34
2016-07-27,600031,三一重工,2.4,2.24,2.47,2.15,478570,254283630.0,13.5,-5.49,-0.13,0.63
2016-07-28,600031,三一重工,2.22,2.27,2.31,2.18,267513,139898964.0,5.8,1.34,0.03,0.35
2016-07-29,600031,三一重工,2.26,2.23,2.28,2.22,78813,41171956.0,2.64,-1.76,-0.04,0.1
2016-08-01,600031,三一重工,2.29,2.28,2.43,2.26,401701,213259550.0,7.62,2.24,0.05,0.53
2016-08-02,600031,三一重工,2.31,2.33,2.36,2.27,227880,120593291.0,3.95,2.19,0.05,0.3
2016-08-03,600031,三一重工,2.31,2.3,2.33,2.28,165421,87365357.0,2.15,-1.29,-0.03,0.22
2016-08-04,600031,三一重工,2.3,2.3,2.32,2.28,153046,80760823.0,1.74,0.0,0.0,0.2
2016-08-05,600031,三一重工,2.3,2.32,2.34,2.28,183718,97159252.0,2.61,0.87,0.02,0.24
2016-08-08,600031,三一重工,2.3,2.38,2.38,2.26,252596,134286535.0,5.17,2.59,0.06,0.33
2016-08-09,600031,三一重工,2.36,2.4,2.43,2.33,303606,162988520.0,4.2,0.84,0.02,0.4
2016-08-10,600031,三一重工,2.4,2.39,2.42,2.38,173817,93524770.0,1.67,-0.42,-0.01,0.23
2016-08-11,600031,三一重工,2.38,2.32,2.41,2.32,180870,96625710.0,3.77,-2.93,-0.07,0.24
2016-08-12,600031,三一重工,2.32,2.39,2.39,2.3,177524,94515981.0,3.88,3.02,0.07,0.23
2016-08-15,600031,三一重工,2.39,2.49,2.53,2.37,502251,273736848.0,6.69,4.18,0.1,0.66
2016-08-16,600031,三一重工,2.52,2.56,2.63,2.49,575656,319529104.0,5.62,2.81,0.07,0.76
2016-08-17,600031,三一重工,2.54,2.52,2.57,2.5,263858,145307716.0,2.73,-1.56,-0.04,0.35
2016-08-18,600031,三一重工,2.52,2.54,2.56,2.48,236293,129967971.0,3.17,0.79,0.02,0.31
2016-08-19,600031,三一重工,2.53,2.6,2.61,2.49,328698,181673548.0,4.72,2.36,0.06,0.43
2016-08-22,600031,三一重工,2.61,2.51,2.65,2.49,273379,150848248.0,6.15,-3.46,-0.09,0.36
2016-08-23,600031,三一重工,2.5,2.5,2.57,2.47,187135,102733895.0,3.98,-0.4,-0.01,0.25
2016-08-24,600031,三一重工,2.48,2.43,2.5,2.41,209243,113308365.0,3.6,-2.8,-0.07,0.28
2016-08-25,600031,三一重工,2.41,2.35,2.42,2.29,211789,112578285.0,5.35,-3.29,-0.08,0.28
2016-08-26,600031,三一重工,2.34,2.37,2.4,2.34,127728,68188993.0,2.55,0.85,0.02,0.17
2016-08-29,600031,三一重工,2.37,2.38,2.42,2.33,130456,69643363.0,3.8,0.42,0.01,0.17
2016-08-30,600031,三一重工,2.38,2.35,2.39,2.32,128296,68215233.0,2.94,-1.26,-0.03,0.17
2016-08-31,600031,三一重工,2.35,2.32,2.35,2.29,168086,88821481.0,2.55,-1.28,-0.03,0.22
2016-09-01,600031,三一重工,2.33,2.26,2.33,2.25,244043,128233878.0,3.45,-2.59,-0.06,0.32
2016-09-02,600031,三一重工,2.26,2.3,2.31,2.25,160722,84448414.0,2.65,1.77,0.04,0.21
2016-09-05,600031,三一重工,2.3,2.34,2.37,2.3,218905,116311014.0,3.04,1.74,0.04,0.29
2016-09-06,600031,三一重工,2.33,2.48,2.5,2.33,478496,259585724.0,7.26,5.98,0.14,0.63
2016-09-07,600031,三一重工,2.48,2.62,2.75,2.44,949042,532906048.0,12.5,5.65,0.14,1.25
2016-09-08,600031,三一重工,2.62,2.59,2.62,2.54,317548,176197153.0,3.05,-1.15,-0.03,0.42
2016-09-09,600031,三一重工,2.61,2.58,2.72,2.57,366096,206185775.0,5.79,-0.39,-0.01,0.48
2016-09-12,600031,三一重工,2.52,2.56,2.57,2.45,402703,220282284.0,4.65,-0.78,-0.02,0.53
2016-09-13,600031,三一重工,2.57,2.53,2.6,2.49,224688,123522681.0,4.3,-1.17,-0.03,0.3
2016-09-14,600031,三一重工,2.51,2.54,2.56,2.48,154221,84873492.0,3.16,0.4,0.01,0.2
2016-09-19,600031,三一重工,2.54,2.66,2.69,2.53,370285,207856871.0,6.3,4.72,0.12,0.49
2016-09-20,600031,三一重工,2.67,2.67,2.68,2.6,212165,119188687.0,3.01,0.38,0.01,0.28
2016-09-21,600031,三一重工,2.66,2.63,2.71,2.63,199198,112537803.0,3.0,-1.5,-0.04,0.26
2016-09-22,600031,三一重工,2.64,2.63,2.68,2.61,182824,102684520.0,2.66,0.0,0.0,0.24
2016-09-23,600031,三一重工,2.63,2.63,2.68,2.62,163135,91695326.0,2.28,0.0,0.0,0.21
2016-09-26,600031,三一重工,2.61,2.48,2.68,2.47,289663,161109031.0,7.98,-5.7,-0.15,0.38
2016-09-27,600031,三一重工,2.48,2.48,2.51,2.4,208491,113176970.0,4.44,0.0,0.0,0.27
2016-09-28,600031,三一重工,2.5,2.44,2.51,2.43,97500,52868722.0,3.23,-1.61,-0.04,0.13
2016-09-29,600031,三一重工,2.44,2.46,2.5,2.43,118099,64330611.0,2.87,0.82,0.02,0.16
2016-09-30,600031,三一重工,2.44,2.5,2.51,2.44,112601,61448070.0,2.85,1.63,0.04,0.15
2016-10-10,600031,三一重工,2.51,2.55,2.6,2.48,221072,121677589.0,4.8,2.0,0.05,0.29
2016-10-11,600031,三一重工,2.55,2.62,2.68,2.55,220408,123394817.0,5.1,2.75,0.07,0.29
2016-10-12,600031,三一重工,2.63,2.58,2.63,2.56,117963,65458234.0,2.67,-1.53,-0.04,0.16
2016-10-13,600031,三一重工,2.57,2.73,2.78,2.56,709570,403502736.0,8.53,5.81,0.15,0.93
2016-10-14,600031,三一重工,2.72,2.7,2.73,2.65,236621,133871735.0,2.93,-1.1,-0.03,0.31
2016-10-17,600031,三一重工,2.68,2.59,2.71,2.58,231024,129790569.0,4.81,-4.07,-0.11,0.3
2016-10-18,600031,三一重工,2.59,2.71,2.73,2.58,224448,126516750.0,5.79,4.63,0.12,0.3
2016-10-19,600031,三一重工,2.72,2.7,2.76,2.67,224908,127767037.0,3.32,-0.37,-0.01,0.3
2016-10-20,600031,三一重工,2.69,2.69,2.74,2.64,171316,96947882.0,3.7,-0.37,-0.01,0.23
2016-10-21,600031,三一重工,2.69,2.9,3.13,2.67,1057120,622789440.0,17.1,7.81,0.21,1.39
2016-10-24,600031,三一重工,2.9,2.95,3.04,2.85,783003,465175488.0,6.55,1.72,0.05,1.03
2016-10-25,600031,三一重工,2.95,2.88,3.02,2.81,442603,258849589.0,7.12,-2.37,-0.07,0.58
2016-10-26,600031,三一重工,2.87,2.88,2.94,2.82,272453,159352824.0,4.17,0.0,0.0,0.36
2016-10-27,600031,三一重工,2.88,2.93,2.95,2.84,319862,188256680.0,3.82,1.74,0.05,0.42
2016-10-28,600031,三一重工,2.91,3.02,3.08,2.9,551426,329744448.0,6.14,3.07,0.09,0.73
2016-10-31,600031,三一重工,3.01,2.91,3.01,2.88,303629,179117989.0,4.3,-3.64,-0.11,0.4
2016-11-01,600031,三一重工,2.92,2.93,2.98,2.88,196517,115718552.0,3.44,0.69,0.02,0.26
2016-11-02,600031,三一重工,2.92,2.91,3.02,2.9,318229,188866005.0,4.1,-0.68,-0.02,0.42
2016-11-03,600031,三一重工,2.87,2.91,2.98,2.84,279920,164411074.0,4.81,0.0,0.0,0.37
2016-11-04,600031,三一重工,2.89,2.98,3.08,2.89,492878,294629248.0,6.53,2.41,0.07,0.65
2016-11-07,600031,三一重工,2.98,2.93,2.99,2.91,229205,135420708.0,2.68,-1.68,-0.05,0.3
2016-11-08,600031,三一重工,2.98,3.12,3.13,2.91,615001,369098768.0,7.51,6.48,0.19,0.81
2016-11-09,600031,三一重工,3.09,3.13,3.24,3.05,799389,491333328.0,6.09,0.32,0.01,1.05
2016-11-10,600031,三一重工,3.43,3.32,3.52,3.29,970264,616096960.0,7.35,6.07,0.19,1.28
2016-11-11,600031,三一重工,3.39,3.55,3.68,3.33,1219833,792554528.0,10.54,6.93,0.23,1.61
2016-11-14,600031,三一重工,3.52,3.92,4.01,3.47,1459884,985327200.0,15.21,10.42,0.37,1.92
2016-11-15,600031,三一重工,3.88,3.78,4.03,3.71,899556,613771696.0,8.16,-3.57,-0.14,1.18
2016-11-16,600031,三一重工,3.77,3.75,3.82,3.65,542119,361571296.0,4.5,-0.79,-0.03,0.71
2016-11-17,600031,三一重工,3.73,3.88,3.97,3.63,597479,402811104.0,9.07,3.47,0.13,0.79
2016-11-18,600031,三一重工,3.85,3.75,3.89,3.71,492206,333199888.0,4.64,-3.35,-0.13,0.65
2016-11-21,600031,三一重工,3.75,3.72,3.88,3.68,390675,263342304.0,5.33,-0.8,-0.03,0.51
2016-11-22,600031,三一重工,3.72,3.77,3.8,3.65,404688,271357072.0,4.03,1.34,0.05,0.53
2016-11-23,600031,三一重工,3.73,3.65,3.79,3.59,405023,270638976.0,5.31,-3.18,-0.12,0.53
2016-11-24,600031,三一重工,3.63,3.58,3.69,3.55,367901,241587136.0,3.84,-1.92,-0.07,0.48
2016-11-25,600031,三一重工,3.6,3.64,3.69,3.57,418411,275699136.0,3.35,1.68,0.06,0.55
2016-11-28,600031,三一重工,3.65,3.79,3.84,3.65,588319,396538016.0,5.22,4.12,0.15,0.77
2016-11-29,600031,三一重工,3.81,3.81,3.88,3.64,620447,416595584.0,6.33,0.53,0.02,0.82
2016-11-30,600031,三一重工,3.76,3.53,3.76,3.52,627198,411098960.0,6.3,-7.35,-0.28,0.83
2016-12-01,600031,三一重工,3.53,3.49,3.62,3.41,492274,319132640.0,5.95,-1.13,-0.04,0.65
2016-12-02,600031,三一重工,3.48,3.43,3.52,3.4,377986,242881764.0,3.44,-1.72,-0.06,0.5
2016-12-05,600031,三一重工,3.38,3.26,3.4,3.23,417909,262610876.0,4.96,-4.96,-0.17,0.55
2016-12-06,600031,三一重工,3.24,3.29,3.36,3.23,368967,230546127.0,3.99,0.92,0.03,0.49
2016-12-07,600031,三一重工,3.29,3.45,3.46,3.19,396659,250346631.0,8.21,4.86,0.16,0.52
2016-12-08,600031,三一重工,3.53,3.69,3.76,3.51,876843,581685440.0,7.25,6.96,0.24,1.15
2016-12-09,600031,三一重工,3.69,3.65,3.78,3.6,357984,237436061.0,4.88,-1.08,-0.04,0.47
2016-12-12,600031,三一重工,3.68,3.41,3.71,3.24,470209,304235648.0,12.88,-6.58,-0.24,0.62
2016-12-13,600031,三一重工,3.33,3.47,3.51,3.31,244772,156800350.0,5.87,1.76,0.06,0.32
2016-12-14,600031,三一重工,3.47,3.5,3.59,3.43,257027,166487210.0,4.61,0.86,0.03,0.34
2016-12-15,600031,三一重工,3.48,3.52,3.63,3.46,372489,243304796.0,4.86,0.57,0.02,0.49
2016-12-16,600031,三一重工,3.49,3.41,3.5,3.35,311220,198479611.0,4.26,-3.13,-0.11,0.41
2016-12-19,600031,三一重工,3.4,3.26,3.4,3.24,262863,164299121.0,4.69,-4.4,-0.15,0.35
2016-12-20,600031,三一重工,3.25,3.25,3.3,3.18,159267,98550382.0,3.68,-0.31,-0.01,0.21
2016-12-21,600031,三一重工,3.23,3.33,3.34,3.22,208785,130705351.0,3.69,2.46,0.08,0.27
2016-12-22,600031,三一重工,3.28,3.28,3.35,3.26,140957,88392571.0,2.7,-1.5,-0.05,0.19
2016-12-23,600031,三一重工,3.28,3.15,3.32,3.14,192056,118497472.0,5.49,-3.96,-0.13,0.25
2016-12-26,600031,三一重工,3.13,3.24,3.25,3.01,230492,139913661.0,7.62,2.86,0.09,0.3
2016-12-27,600031,三一重工,3.25,3.21,3.27,3.14,173418,106882082.0,4.01,-0.93,-0.03,0.23
2016-12-28,600031,三一重工,3.2,3.11,3.21,3.08,227230,139295506.0,4.05,-3.12,-0.1,0.3
2016-12-29,600031,三一重工,3.05,3.11,3.23,3.05,163359,99625300.0,5.79,0.0,0.0,0.22
2016-12-30,600031,三一重工,3.11,3.13,3.19,3.09,191344,116988999.0,3.22,0.64,0.02,0.25
2017-01-03,600031,三一重工,3.13,3.27,3.28,3.12,183695,113993086.0,5.11,4.47,0.14,0.24
2017-01-04,600031,三一重工,3.26,3.33,3.33,3.24,195718,122670200.0,2.75,1.83,0.06,0.26
2017-01-05,600031,三一重工,3.33,3.62,3.76,3.32,756464,496207552.0,13.21,8.71,0.29,1.0
2017-01-06,600031,三一重工,3.6,3.55,3.69,3.52,244383,159993854.0,4.7,-1.93,-0.07,0.32
2017-01-09,600031,三一重工,3.54,3.77,3.85,3.52,548970,369076720.0,9.3,6.2,0.22,0.72
2017-01-10,600031,三一重工,3.73,3.68,3.78,3.64,217155,144689660.0,3.71,-2.39,-0.09,0.29
2017-01-11,600031,三一重工,3.64,3.51,3.68,3.51,232984,152314308.0,4.62,-4.62,-0.17,0.31
2017-01-12,600031,三一重工,3.5,3.46,3.59,3.44,138403,89730329.0,4.27,-1.42,-0.05,0.18
2017-01-13,600031,三一重工,3.46,3.53,3.58,3.38,216855,140428383.0,5.78,2.02,0.07,0.29
2017-01-16,600031,三一重工,3.51,3.53,3.67,3.33,690544,449077552.0,9.63,0.0,0.0,0.91
2017-01-17,600031,三一重工,3.56,3.7,3.72,3.52,380249,251628091.0,5.67,4.82,0.17,0.5
2017-01-18,600031,三一重工,3.69,3.69,3.76,3.63,221775,147780106.0,3.51,-0.27,-0.01,0.29
2017-01-19,600031,三一重工,3.66,3.62,3.73,3.59,158338,104756871.0,3.79,-1.9,-0.07,0.21
2017-01-20,600031,三一重工,3.61,3.67,3.67,3.51,163071,107278972.0,4.42,1.38,0.05,0.21
2017-01-23,600031,三一重工,3.68,3.78,3.93,3.68,444300,301658000.0,6.81,3.0,0.11,0.59
2017-01-24,600031,三一重工,3.78,3.83,3.87,3.74,345986,235109265.0,3.44,1.32,0.05,0.46
2017-01-25,600031,三一重工,3.81,3.8,3.97,3.77,307500,210491801.0,5.22,-0.78,-0.03,0.4
2017-01-26,600031,三一重工,3.81,3.91,3.92,3.76,260977,177813418.0,4.21,2.89,0.11,0.34
2017-02-03,600031,三一重工,3.91,3.91,3.98,3.82,269952,185337753.0,4.09,0.0,0.0,0.36
2017-02-06,600031,三一重工,3.9,3.99,4.03,3.86,306818,212958721.0,4.35,2.05,0.08,0.4
2017-02-07,600031,三一重工,3.98,4.2,4.21,3.97,753221,536179424.0,6.02,5.26,0.21,0.99
2017-02-08,600031,三一重工,4.22,4.17,4.23,4.03,584640,413725072.0,4.76,-0.71,-0.03,0.77
2017-02-09,600031,三一重工,4.14,4.27,4.3,4.11,706873,507460784.0,4.56,2.4,0.1,0.93
2017-02-10,600031,三一重工,4.28,4.39,4.63,4.22,1092009,806085440.0,9.6,2.81,0.12,1.44
2017-02-13,600031,三一重工,4.37,4.42,4.45,4.29,699263,513116336.0,3.64,0.68,0.03,0.92
2017-02-14,600031,三一重工,4.45,4.5,4.55,4.38,566331,420657600.0,3.85,1.81,0.08,0.75
2017-02-15,600031,三一重工,4.48,4.27,4.48,4.21,808705,588962240.0,6.0,-5.11,-0.23,1.06
2017-02-16,600031,三一重工,4.28,4.33,4.48,4.28,516589,379098416.0,4.68,1.41,0.06,0.68
2017-02-17,600031,三一重工,4.32,4.32,4.44,4.29,497704,364418976.0,3.46,-0.23,-0.01,0.66
2017-02-20,600031,三一重工,4.29,4.33,4.47,4.28,755463,555539552.0,4.4,0.23,0.01,0.99
2017-02-21,600031,三一重工,4.36,4.35,4.45,4.24,706132,515915584.0,4.85,0.46,0.02,0.93
2017-02-22,600031,三一重工,4.38,4.47,4.55,4.28,907689,673774464.0,6.21,2.76,0.12,1.2
2017-02-23,600031,三一重工,4.5,4.52,4.57,4.43,667184,497916976.0,3.13,1.12,0.05,0.88
2017-02-24,600031,三一重工,4.5,4.44,4.53,4.36,454036,334973984.0,3.76,-1.77,-0.08,0.6
2017-02-27,600031,三一重工,4.44,4.3,4.47,4.29,495375,363721936.0,4.05,-3.15,-0.14,0.65
2017-02-28,600031,三一重工,4.34,4.33,4.36,4.28,273585,199341837.0,1.86,0.7,0.03,0.36
2017-03-01,600031,三一重工,4.33,4.35,4.36,4.25,487912,354697920.0,2.54,0.46,0.02,0.64
2017-03-02,600031,三一重工,4.33,4.3,4.41,4.18,575808,418459168.0,5.29,-1.15,-0.05,0.76
2017-03-03,600031,三一重工,4.24,4.14,4.25,4.11,447592,319009440.0,3.26,-3.72,-0.16,0.59
2017-03-06,600031,三一重工,4.17,4.32,4.32,4.17,614015,443215776.0,3.62,4.35,0.18,0.81
2017-03-07,600031,三一重工,4.33,4.41,4.43,4.28,489059,358819872.0,3.47,2.08,0.09,0.64
2017-03-08,600031,三一重工,4.45,4.43,4.58,4.41,683041,510297056.0,3.85,0.45,0.02,0.9
2017-03-09,600031,三一重工,4.43,4.4,4.51,4.33,316825,233541101.0,4.06,-0.68,-0.03,0.42
2017-03-10,600031,三一重工,4.43,4.53,4.64,4.43,645642,485370464.0,4.77,2.95,0.13,0.85
2017-03-13,600031,三一重工,4.61,4.69,4.78,4.56,877449,671845712.0,4.86,3.53,0.16,1.16
2017-03-14,600031,三一重工,4.66,4.7,4.87,4.64,677870,523642224.0,4.9,0.21,0.01,0.89
2017-03-15,600031,三一重工,4.73,4.63,4.73,4.59,349382,265812079.0,2.98,-1.49,-0.07,0.46
2017-03-16,600031,三一重工,4.63,4.51,4.7,4.43,858992,642189376.0,5.83,-2.59,-0.12,1.13
2017-03-17,600031,三一重工,4.51,4.51,4.56,4.43,478995,357209616.0,2.88,0.0,0.0,0.63
2017-03-20,600031,三一重工,4.5,4.45,4.51,4.38,436722,323310368.0,2.88,-1.33,-0.06,0.58
2017-03-21,600031,三一重工,4.42,4.48,4.52,4.41,377070,280880240.0,2.47,0.67,0.03,0.5
2017-03-22,600031,三一重工,4.44,4.54,4.66,4.41,749377,564566080.0,5.58,1.34,0.06,0.99
2017-03-23,600031,三一重工,4.54,4.51,4.58,4.4,681311,507918704.0,3.96,-0.66,-0.03,0.9
2017-03-24,600031,三一重工,4.53,4.64,4.65,4.43,635036,476334400.0,4.88,2.88,0.13,0.84
2017-03-27,600031,三一重工,4.66,4.56,4.77,4.54,540573,411071952.0,4.96,-1.72,-0.08,0.71
2017-03-28,600031,三一重工,4.54,4.48,4.55,4.44,309885,231151965.0,2.41,-1.75,-0.08,0.41
2017-03-29,600031,三一重工,4.48,4.52,4.64,4.46,431289,324224976.0,4.02,0.89,0.04,0.57
2017-03-30,600031,三一重工,4.51,4.34,4.56,4.31,618966,458725264.0,5.53,-3.98,-0.18,0.82
2017-03-31,600031,三一重工,4.34,4.23,4.4,4.19,422594,306879872.0,4.84,-2.53,-0.11,0.56
2017-04-05,600031,三一重工,4.71,4.38,4.71,4.33,2637113,1960810384.0,8.98,3.55,0.15,3.47
2017-04-06,600031,三一重工,4.37,4.36,4.45,4.24,896499,653979456.0,4.79,-0.46,-0.02,1.18
2017-04-07,600031,三一重工,4.35,4.28,4.39,4.24,614646,446606624.0,3.44,-1.83,-0.08,0.81
2017-04-10,600031,三一重工,4.29,4.29,4.36,4.25,444543,322988544.0,2.57,0.23,0.01,0.59
2017-04-11,600031,三一重工,4.32,4.37,4.43,4.24,904365,659622880.0,4.43,1.86,0.08,1.19
2017-04-12,600031,三一重工,4.31,4.12,4.31,4.09,864260,618806944.0,5.03,-5.72,-0.25,1.14
2017-04-13,600031,三一重工,4.09,4.1,4.15,4.07,308343,217865305.0,1.94,-0.49,-0.02,0.41
2017-04-14,600031,三一重工,4.09,3.94,4.16,3.92,474338,332343904.0,5.85,-3.9,-0.16,0.62
2017-04-17,600031,三一重工,3.93,3.84,3.94,3.75,554342,376555344.0,4.82,-2.54,-0.1,0.73
2017-04-18,600031,三一重工,3.91,3.84,3.97,3.8,415563,285497696.0,4.43,0.0,0.0,0.55
2017-04-19,600031,三一重工,3.83,3.8,3.88,3.67,403788,272445856.0,5.47,-1.04,-0.04,0.53
2017-04-20,600031,三一重工,3.81,3.86,3.87,3.73,326534,221914673.0,3.68,1.58,0.06,0.43
2017-04-21,600031,三一重工,3.89,3.94,3.96,3.89,334044,230558910.0,1.81,2.07,0.08,0.44
2017-04-24,600031,三一重工,3.98,3.74,3.98,3.73,323427,219077275.0,6.35,-5.08,-0.2,0.43
2017-04-25,600031,三一重工,3.73,3.84,3.88,3.73,287817,195524228.0,4.01,2.67,0.1,0.38
2017-04-26,600031,三一重工,3.83,4.01,4.03,3.83,465606,323649488.0,5.21,4.43,0.17,0.61
2017-04-27,600031,三一重工,4.0,4.07,4.08,3.89,373511,260478365.0,4.74,1.5,0.06,0.49
2017-04-28,600031,三一重工,4.09,4.06,4.13,3.94,519532,362674960.0,4.67,-0.25,-0.01,0.68
2017-05-02,600031,三一重工,4.03,4.05,4.13,3.98,369303,259886773.0,3.69,-0.25,-0.01,0.49
2017-05-03,600031,三一重工,4.05,4.21,4.21,4.05,560202,399599440.0,3.95,3.95,0.16,0.74
2017-05-04,600031,三一重工,4.13,4.2,4.29,4.13,591693,425887808.0,3.8,-0.24,-0.01,0.78
2017-05-05,600031,三一重工,4.16,4.02,4.2,3.95,638391,446871936.0,5.95,-4.29,-0.18,0.84
2017-05-08,600031,三一重工,3.97,3.91,3.97,3.74,534925,364348896.0,5.72,-2.74,-0.11,0.7
2017-05-09,600031,三一重工,3.87,3.85,3.91,3.81,265480,181289390.0,2.56,-1.53,-0.06,0.35
2017-05-10,600031,三一重工,3.86,3.65,3.9,3.63,301571,204192101.0,7.01,-5.19,-0.2,0.4
2017-05-11,600031,三一重工,3.63,3.63,3.77,3.46,500071,329602800.0,8.49,-0.55,-0.02,0.66
2017-05-12,600031,三一重工,3.63,3.7,3.74,3.63,321066,213574118.0,3.03,1.93,0.07,0.42
2017-05-15,600031,三一重工,3.81,3.73,3.85,3.7,269353,181601334.0,4.05,0.81,0.03,0.35
2017-05-16,600031,三一重工,3.71,3.78,3.79,3.54,390461,259713917.0,6.7,1.34,0.05,0.51
2017-05-17,600031,三一重工,3.79,3.77,3.84,3.76,360846,244707159.0,2.12,-0.26,-0.01,0.48
2017-05-18,600031,三一重工,3.71,3.76,3.84,3.66,243801,164050521.0,4.77,-0.27,-0.01,0.32
2017-05-19,600031,三一重工,3.74,3.73,3.82,3.68,222076,148981155.0,3.72,-0.8,-0.03,0.29
2017-05-22,600031,三一重工,3.73,3.73,3.86,3.69,232743,156735773.0,4.56,0.0,0.0,0.31
2017-05-23,600031,三一重工,3.7,3.73,3.74,3.58,409594,271973520.0,4.29,0.0,0.0,0.54
2017-05-24,600031,三一重工,3.69,3.72,3.73,3.61,188695,125362131.0,3.22,-0.27,-0.01,0.25
2017-05-25,600031,三一重工,3.72,3.87,3.91,3.69,400832,271950112.0,5.91,4.03,0.15,0.53
2017-05-26,600031,三一重工,3.84,3.94,4.02,3.84,338587,234641583.0,4.65,1.81,0.07,0.45
2017-05-31,600031,三一重工,3.98,3.93,4.13,3.92,323873,226058498.0,5.33,-0.25,-0.01,0.43
2017-06-01,600031,三一重工,3.88,4.0,4.04,3.88,275874,191535950.0,4.07,1.78,0.07,0.36
2017-06-02,600031,三一重工,3.99,3.96,3.99,3.84,271014,186453731.0,3.75,-1.0,-0.04,0.36
2017-06-05,600031,三一重工,3.98,3.91,4.03,3.89,252454,174416105.0,3.54,-1.26,-0.05,0.33
2017-06-06,600031,三一重工,3.9,3.88,3.93,3.84,182147,124625873.0,2.3,-0.77,-0.03,0.24
2017-06-07,600031,三一重工,3.87,4.0,4.0,3.85,272175,188314894.0,3.87,3.09,0.12,0.36
2017-06-08,600031,三一重工,4.02,3.99,4.02,3.95,207552,144307868.0,1.75,-0.25,-0.01,0.27
2017-06-09,600031,三一重工,3.95,4.33,4.36,3.95,1035057,742321408.0,10.28,8.52,0.34,1.36
2017-06-12,600031,三一重工,4.29,4.32,4.43,4.26,728974,533975152.0,3.93,-0.23,-0.01,0.96
2017-06-13,600031,三一重工,4.33,4.35,4.44,4.29,414514,303739296.0,3.47,0.69,0.03,0.55
2017-06-14,600031,三一重工,4.33,4.36,4.48,4.3,527289,388243136.0,4.14,0.23,0.01,0.69
2017-06-15,600031,三一重工,4.33,4.37,4.43,4.28,444029,325853792.0,3.44,0.23,0.01,0.58
2017-06-16,600031,三一重工,4.36,4.29,4.39,4.23,347277,252261210.0,3.66,-1.83,-0.08,0.46
2017-06-19,600031,三一重工,4.35,4.5,4.52,4.33,603392,447629520.0,4.43,4.9,0.21,0.79
2017-06-20,600031,三一重工,4.51,4.47,4.56,4.43,335395,250007851.0,2.89,-0.67,-0.03,0.44
2017-06-21,600031,三一重工,4.62,4.48,4.62,4.42,411833,307456080.0,4.47,0.22,0.01,0.54
2017-06-22,600031,三一重工,4.48,4.63,4.83,4.46,1039818,796255360.0,8.26,3.35,0.15,1.37
2017-06-23,600031,三一重工,4.61,4.77,4.78,4.59,719148,550435744.0,4.1,3.02,0.14,0.95
2017-06-26,600031,三一重工,4.81,5.32,5.5,4.79,1563381,1278943344.0,14.88,11.53,0.55,2.06
2017-06-27,600031,三一重工,5.29,5.35,5.38,5.19,1004680,830567072.0,3.57,0.56,0.03,1.32
2017-06-28,600031,三一重工,5.36,5.17,5.37,5.12,873064,714727680.0,4.67,-3.36,-0.18,1.15
2017-06-29,600031,三一重工,5.22,5.2,5.28,5.13,656951,536578368.0,2.9,0.58,0.03,0.87
2017-06-30,600031,三一重工,5.18,5.16,5.19,5.03,645662,520590976.0,3.08,-0.77,-0.04,0.85
2017-07-03,600031,三一重工,5.17,5.1,5.19,4.98,584407,470313824.0,4.07,-1.16,-0.06,0.77
2017-07-04,600031,三一重工,5.07,5.13,5.25,5.05,683967,555901840.0,3.92,0.59,0.03,0.9
2017-07-05,600031,三一重工,5.14,5.23,5.23,5.06,596752,484731584.0,3.31,1.95,0.1,0.79
2017-07-06,600031,三一重工,5.22,5.0,5.22,4.93,847508,680168960.0,5.54,-4.4,-0.23,1.12
2017-07-07,600031,三一重工,4.95,5.02,5.06,4.93,577669,460148480.0,2.6,0.4,0.02,0.76
2017-07-10,600031,三一重工,5.01,5.33,5.36,4.94,1348082,1103367024.0,8.37,6.18,0.31,1.78
2017-07-11,600031,三一重工,5.3,5.09,5.3,5.08,895681,728265472.0,4.13,-4.5,-0.24,1.18
2017-07-12,600031,三一重工,5.06,4.98,5.12,4.85,742085,588664656.0,5.3,-2.16,-0.11,0.98
2017-07-13,600031,三一重工,4.98,4.85,5.16,4.83,951861,757866720.0,6.63,-2.61,-0.13,1.25
2017-07-14,600031,三一重工,4.86,5.06,5.08,4.85,682517,540518480.0,4.74,4.33,0.21,0.9
2017-07-17,600031,三一重工,5.06,4.96,5.15,4.76,929599,742853424.0,7.71,-1.98,-0.1,1.22
2017-07-18,600031,三一重工,4.92,5.14,5.15,4.84,666985,532422560.0,6.25,3.63,0.18,0.88
2017-07-19,600031,三一重工,5.21,5.48,5.5,5.16,1758763,1469442832.0,6.61,6.61,0.34,2.32
2017-07-20,600031,三一重工,5.49,5.4,5.65,5.35,1088533,920377072.0,5.47,-1.46,-0.08,1.43
2017-07-21,600031,三一重工,5.4,5.41,5.51,5.31,739811,621790496.0,3.7,0.19,0.01,0.97
2017-07-24,600031,三一重工,5.47,5.53,5.73,5.43,1220343,1047573472.0,5.55,2.22,0.12,1.61
2017-07-25,600031,三一重工,5.52,5.52,5.61,5.45,732877,622585360.0,2.89,-0.18,-0.01,0.97
2017-07-26,600031,三一重工,5.58,5.53,5.73,5.47,914783,781498544.0,4.71,0.18,0.01,1.2
2017-07-27,600031,三一重工,5.51,5.33,5.55,5.25,1035163,864459984.0,5.42,-3.62,-0.2,1.36
2017-07-28,600031,三一重工,5.37,5.31,5.4,5.24,609771,505084832.0,3.0,-0.38,-0.02,0.8
2017-07-31,600031,三一重工,5.32,5.54,5.55,5.25,931250,784018880.0,5.65,4.33,0.23,1.23
2017-08-01,600031,三一重工,5.54,5.73,5.79,5.53,1324189,1146462784.0,4.69,3.43,0.19,1.74
2017-08-02,600031,三一重工,5.73,5.56,5.74,5.54,746081,642354640.0,3.49,-2.97,-0.17,0.98
2017-08-03,600031,三一重工,5.63,5.67,5.78,5.54,692878,596984592.0,4.32,1.98,0.11,0.91
2017-08-04,600031,三一重工,5.68,5.89,6.08,5.64,1545962,1365868592.0,7.76,3.88,0.22,2.04
2017-08-07,600031,三一重工,5.85,5.92,5.94,5.66,994612,871088720.0,4.75,0.51,0.03,1.31
2017-08-08,600031,三一重工,5.89,5.82,6.01,5.73,826771,728669744.0,4.73,-1.69,-0.1,1.09
2017-08-09,600031,三一重工,5.88,5.88,5.96,5.68,922370,813671504.0,4.81,1.03,0.06,1.21
2017-08-10,600031,三一重工,5.83,5.59,5.88,5.53,1121418,968510624.0,5.95,-4.93,-0.29,1.48
2017-08-11,600031,三一重工,5.49,5.09,5.49,5.04,1489151,1221484784.0,8.05,-8.94,-0.5,1.96
2017-08-14,600031,三一重工,5.08,5.23,5.24,5.07,557947,454737664.0,3.34,2.75,0.14,0.73
2017-08-15,600031,三一重工,5.23,5.18,5.28,5.11,530907,433026032.0,3.25,-0.96,-0.05,0.7
2017-08-16,600031,三一重工,5.18,5.14,5.22,5.09,396752,322054768.0,2.51,-0.77,-0.04,0.52
2017-08-17,600031,三一重工,5.15,5.24,5.28,5.14,392960,322247072.0,2.72,1.95,0.1,0.52
2017-08-18,600031,三一重工,5.21,5.21,5.25,5.14,260078,212367993.0,2.1,-0.57,-0.03,0.34
2017-08-21,600031,三一重工,5.22,5.33,5.36,5.22,371235,307743648.0,2.69,2.3,0.12,0.49
2017-08-22,600031,三一重工,5.29,5.32,5.37,5.23,272462,225270485.0,2.63,-0.19,-0.01,0.36
2017-08-23,600031,三一重工,5.31,5.13,5.32,5.11,377925,308386784.0,3.95,-3.57,-0.19,0.5
2017-08-24,600031,三一重工,5.15,5.14,5.22,5.1,223070,180966271.0,2.34,0.19,0.01,0.29
2017-08-25,600031,三一重工,5.14,5.3,5.32,5.14,451232,370744304.0,3.5,3.11,0.16,0.59
2017-08-28,600031,三一重工,5.31,5.52,5.63,5.29,741738,626526208.0,6.42,4.15,0.22,0.98
2017-08-29,600031,三一重工,5.52,5.54,5.56,5.43,500588,423175824.0,2.36,0.36,0.02,0.66
2017-08-30,600031,三一重工,4.94,5.09,5.21,4.69,2517608,1995770464.0,9.39,-8.12,-0.45,3.32
2017-08-31,600031,三一重工,5.1,4.87,5.1,4.71,1611196,1261566528.0,7.66,-4.32,-0.22,2.12
2017-09-01,600031,三一重工,4.86,4.82,4.87,4.76,1015839,787974336.0,2.26,-1.03,-0.05,1.34
2017-09-04,600031,三一重工,4.81,4.8,4.83,4.72,850301,657112144.0,2.28,-0.41,-0.02,1.12
2017-09-05,600031,三一重工,4.8,4.83,4.86,4.74,656904,510469216.0,2.5,0.63,0.03,0.87
2017-09-06,600031,三一重工,4.79,4.82,4.86,4.74,606558,470493280.0,2.48,-0.21,-0.01,0.8
2017-09-07,600031,三一重工,4.82,4.87,4.95,4.79,642124,504767120.0,3.32,1.04,0.05,0.85
2017-09-08,600031,三一重工,4.88,4.84,4.94,4.81,470935,368292672.0,2.67,-0.62,-0.03,0.62
2017-09-11,600031,三一重工,4.82,4.74,4.82,4.69,702575,541184176.0,2.69,-2.07,-0.1,0.93
2017-09-12,600031,三一重工,4.74,4.69,4.75,4.64,646408,493778960.0,2.32,-1.05,-0.05,0.85
2017-09-13,600031,三一重工,4.67,4.84,4.89,4.66,769036,599154240.0,4.9,3.2,0.15,1.01
2017-09-14,600031,三一重工,4.85,4.79,4.9,4.75,397598,308731792.0,3.1,-1.03,-0.05,0.52
2017-09-15,600031,三一重工,4.8,4.73,4.81,4.7,314262,241509184.0,2.3,-1.25,-0.06,0.41
2017-09-18,600031,三一重工,4.73,4.84,4.85,4.73,370535,287354320.0,2.54,2.33,0.11,0.49
2017-09-19,600031,三一重工,4.86,4.79,4.87,4.76,342841,266751619.0,2.27,-1.03,-0.05,0.45
2017-09-20,600031,三一重工,4.82,4.76,4.82,4.71,378543,291643008.0,2.3,-0.63,-0.03,0.5
2017-09-21,600031,三一重工,4.76,4.67,4.76,4.67,423257,324056736.0,1.89,-1.89,-0.09,0.56
2017-09-22,600031,三一重工,4.69,4.5,4.69,4.46,611033,456829504.0,4.93,-3.64,-0.17,0.8
2017-09-25,600031,三一重工,4.48,4.36,4.49,4.34,505560,371407840.0,3.33,-3.11,-0.14,0.67
2017-09-26,600031,三一重工,4.36,4.39,4.42,4.32,335931,246091722.0,2.29,0.69,0.03,0.44
2017-09-27,600031,三一重工,4.37,4.59,4.61,4.31,651943,485762336.0,6.83,4.56,0.2,0.86
2017-09-28,600031,三一重工,4.59,4.52,4.62,4.52,352466,265358921.0,2.18,-1.53,-0.07,0.46
2017-09-29,600031,三一重工,4.55,4.69,4.72,4.55,416485,317885600.0,3.76,3.76,0.17,0.55
2017-10-09,600031,三一重工,4.76,4.81,4.83,4.74,589453,457032048.0,1.92,2.56,0.12,0.78
2017-10-10,600031,三一重工,4.8,4.83,4.84,4.74,399933,310515088.0,2.08,0.42,0.02,0.53
2017-10-11,600031,三一重工,4.83,4.8,4.84,4.78,299824,233012305.0,1.24,-0.62,-0.03,0.39
2017-10-12,600031,三一重工,4.81,4.85,4.89,4.77,373612,291389008.0,2.5,1.04,0.05,0.49
2017-10-13,600031,三一重工,4.84,4.94,5.0,4.82,629343,498677120.0,3.71,1.86,0.09,0.83
2017-10-16,600031,三一重工,4.96,4.91,4.97,4.82,413939,324864912.0,3.04,-0.61,-0.03,0.55
2017-10-17,600031,三一重工,5.04,4.95,5.24,4.93,878606,706558512.0,6.31,0.81,0.04,1.16
2017-10-18,600031,三一重工,4.95,5.01,5.03,4.89,422587,335172448.0,2.83,1.21,0.06,0.56
2017-10-19,600031,三一重工,5.01,4.85,5.02,4.84,294115,231107227.0,3.59,-3.19,-0.16,0.39
2017-10-20,600031,三一重工,4.82,4.91,4.93,4.8,286979,224484453.0,2.68,1.24,0.06,0.38
2017-10-23,600031,三一重工,4.88,4.86,4.96,4.81,331601,259553136.0,3.05,-1.02,-0.05,0.44
2017-10-24,600031,三一重工,4.9,4.94,5.03,4.9,281304,221891502.0,2.67,1.65,0.08,0.37
2017-10-25,600031,三一重工,5.01,5.21,5.24,4.96,832276,673368256.0,5.67,5.47,0.27,1.1
2017-10-26,600031,三一重工,5.19,5.38,5.43,5.16,1095404,906404928.0,5.18,3.26,0.17,1.44
2017-10-27,600031,三一重工,5.36,5.29,5.49,5.26,674300,558827808.0,4.28,-1.67,-0.09,0.89
2017-10-30,600031,三一重工,5.3,5.33,5.41,5.09,711092,582125360.0,6.05,0.76,0.04,0.94
2017-10-31,600031,三一重工,5.33,5.26,5.34,5.16,466518,381245552.0,3.38,-1.31,-0.07,0.61
2017-11-01,600031,三一重工,5.26,5.24,5.42,5.21,595421,490580064.0,3.99,-0.38,-0.02,0.78
2017-11-02,600031,三一重工,5.16,4.9,5.21,4.88,930462,735978640.0,6.3,-6.49,-0.34,1.23
2017-11-03,600031,三一重工,4.9,4.92,4.94,4.71,760063,591325408.0,4.69,0.41,0.02,1.0
2017-11-06,600031,三一重工,4.91,4.86,4.91,4.77,404216,314091088.0,2.85,-1.22,-0.06,0.53
2017-11-07,600031,三一重工,4.86,4.95,5.05,4.84,679349,537779968.0,4.32,1.85,0.09,0.89
2017-11-08,600031,三一重工,4.96,5.1,5.22,4.93,1442868,1159032656.0,5.86,3.03,0.15,1.9
2017-11-09,600031,三一重工,5.11,5.15,5.28,4.98,1069239,862792384.0,5.88,0.98,0.05,1.41
2017-11-10,600031,三一重工,5.16,5.57,5.61,5.1,2168803,1810245216.0,9.9,8.16,0.42,2.86
2017-11-13,600031,三一重工,5.57,5.76,5.91,5.41,1924348,1658626960.0,8.98,3.41,0.19,2.53
2017-11-14,600031,三一重工,5.71,5.64,5.76,5.47,1156875,987585616.0,5.03,-2.08,-0.12,1.52
2017-11-15,600031,三一重工,5.56,5.41,5.59,5.37,876170,734761760.0,3.9,-4.08,-0.23,1.15
2017-11-16,600031,三一重工,5.41,5.48,5.6,5.39,814909,688677664.0,3.88,1.29,0.07,1.07
2017-11-17,600031,三一重工,5.55,5.76,5.94,5.42,1963749,1700395776.0,9.49,5.11,0.28,2.59
2017-11-20,600031,三一重工,5.63,5.92,5.99,5.59,1561725,1370717712.0,6.94,2.78,0.16,2.06
2017-11-21,600031,三一重工,5.87,6.05,6.06,5.78,1817255,1613753216.0,4.73,2.2,0.13,2.39
2017-11-22,600031,三一重工,5.88,5.76,5.89,5.67,2539271,2215798416.0,3.64,-4.79,-0.29,3.34
2017-11-23,600031,三一重工,5.76,5.59,6.08,5.52,2138417,1880521792.0,9.72,-2.95,-0.17,2.82
2017-11-24,600031,三一重工,5.46,5.5,5.54,5.22,1296155,1082196384.0,5.72,-1.61,-0.09,1.71
2017-11-27,600031,三一重工,5.44,5.34,5.46,5.22,905260,746404240.0,4.36,-2.91,-0.16,1.19
2017-11-28,600031,三一重工,5.35,5.51,5.55,5.28,720783,603074176.0,5.06,3.18,0.17,0.95
2017-11-29,600031,三一重工,5.53,6.18,6.23,5.45,2095624,1846993456.0,14.16,12.16,0.67,2.76
2017-11-30,600031,三一重工,6.14,6.07,6.19,5.91,1663270,1497279104.0,4.53,-1.78,-0.11,2.19
2017-12-01,600031,三一重工,6.1,6.13,6.19,5.94,1114258,1004473680.0,4.12,0.99,0.06,1.47
2017-12-04,600031,三一重工,6.08,6.07,6.16,5.81,1177208,1048191696.0,5.71,-0.98,-0.06,1.55
2017-12-05,600031,三一重工,5.98,6.06,6.26,5.93,1999399,1810091824.0,5.44,-0.16,-0.01,2.63
2017-12-06,600031,三一重工,5.99,6.14,6.17,5.79,1244279,1105384064.0,6.27,1.32,0.08,1.64
2017-12-07,600031,三一重工,6.09,5.94,6.21,5.86,953816,853898208.0,5.7,-3.26,-0.2,1.26
2017-12-08,600031,三一重工,5.87,5.69,5.87,5.58,1373291,1184767856.0,4.88,-4.21,-0.25,1.81
2017-12-11,600031,三一重工,5.67,5.84,5.85,5.6,863008,748890224.0,4.39,2.64,0.15,1.14
2017-12-12,600031,三一重工,5.85,5.61,5.93,5.59,874646,760260016.0,5.82,-3.94,-0.23,1.15
2017-12-13,600031,三一重工,5.55,5.53,5.56,5.36,1073959,900036192.0,3.57,-1.43,-0.08,1.41
2017-12-14,600031,三一重工,5.49,5.58,5.72,5.45,810945,692532272.0,4.88,0.9,0.05,1.07
2017-12-15,600031,三一重工,5.53,5.51,5.64,5.37,778095,656794976.0,4.84,-1.25,-0.07,1.02
2017-12-18,600031,三一重工,5.47,5.58,5.6,5.41,669230,567411616.0,3.45,1.27,0.07,0.88
2017-12-19,600031,三一重工,5.58,5.58,5.62,5.47,618360,525716816.0,2.69,0.0,0.0,0.81
2017-12-20,600031,三一重工,5.58,5.28,5.59,5.26,1041838,864689056.0,5.91,-5.38,-0.3,1.37
2017-12-21,600031,三一重工,5.23,5.41,5.52,5.2,671350,559379408.0,6.06,2.46,0.13,0.88
2017-12-22,600031,三一重工,5.45,5.38,5.53,5.36,448142,375513872.0,3.14,-0.55,-0.03,0.59
2017-12-25,600031,三一重工,5.63,5.52,5.86,5.38,1513316,1293324624.0,8.92,2.6,0.14,1.99
2017-12-26,600031,三一重工,5.6,6.14,6.26,5.52,2683804,2370170896.0,13.41,11.23,0.62,3.53
2017-12-27,600031,三一重工,6.05,5.98,6.15,5.89,1831233,1644455440.0,4.23,-2.61,-0.16,2.41
2017-12-28,600031,三一重工,6.04,6.14,6.34,5.87,2190092,1988893088.0,7.86,2.68,0.16,2.88
2017-12-29,600031,三一重工,6.07,6.13,6.18,6.02,1030979,933081104.0,2.61,-0.16,-0.01,1.36
2018-01-02,600031,三一重工,6.22,6.54,6.74,6.22,2284534,2167954160.0,8.48,6.69,0.41,3.0
2018-01-03,600031,三一重工,6.51,6.53,6.64,6.44,1452444,1377975552.0,3.06,-0.15,-0.01,1.91
2018-01-04,600031,三一重工,6.52,6.5,6.6,6.4,1218638,1147183712.0,3.06,-0.46,-0.03,1.6
2018-01-05,600031,三一重工,6.48,6.65,6.84,6.44,1958389,1880861808.0,6.15,2.31,0.15,2.57
2018-01-08,600031,三一重工,6.69,6.94,7.08,6.69,2042043,2022857680.0,5.86,4.36,0.29,2.68
2018-01-09,600031,三一重工,6.89,6.81,7.01,6.68,1359931,1322644528.0,4.76,-1.87,-0.13,1.79
2018-01-10,600031,三一重工,6.76,6.81,6.86,6.57,1247764,1204536048.0,4.26,0.0,0.0,1.64
2018-01-11,600031,三一重工,6.74,6.44,6.75,6.32,1602882,1510121536.0,6.31,-5.43,-0.37,2.11
2018-01-12,600031,三一重工,6.29,6.4,6.53,6.22,1218039,1135335120.0,4.81,-0.62,-0.04,1.6
2018-01-15,600031,三一重工,6.36,6.27,6.49,6.16,1275592,1179688032.0,5.16,-2.03,-0.13,1.68
2018-01-16,600031,三一重工,6.33,6.66,6.67,6.31,1443428,1365580096.0,5.74,6.22,0.39,1.9
2018-01-17,600031,三一重工,6.74,6.42,6.8,6.29,1358925,1278169328.0,7.66,-3.6,-0.24,1.79
2018-01-18,600031,三一重工,6.34,6.65,6.68,6.24,1364747,1283905056.0,6.85,3.58,0.23,1.79
2018-01-19,600031,三一重工,6.75,6.54,6.93,6.47,1369503,1316822384.0,6.92,-1.65,-0.11,1.8
2018-01-22,600031,三一重工,6.46,6.51,6.55,6.29,1043113,974386320.0,3.98,-0.46,-0.03,1.37
2018-01-23,600031,三一重工,6.47,6.76,6.77,6.39,1389757,1324563232.0,5.84,3.84,0.25,1.83
2018-01-24,600031,三一重工,6.71,6.69,6.79,6.53,1352585,1297898128.0,3.85,-1.04,-0.07,1.78
2018-01-25,600031,三一重工,6.62,6.86,6.99,6.58,1610031,1570287184.0,6.13,2.54,0.17,2.11
2018-01-26,600031,三一重工,6.86,6.92,7.04,6.76,1117315,1098998160.0,4.08,0.87,0.06,1.46
2018-01-29,600031,三一重工,6.92,6.45,7.04,6.35,1726528,1658115760.0,9.97,-6.79,-0.47,2.26
2018-01-30,600031,三一重工,6.36,6.21,6.47,6.17,1245307,1150220880.0,4.65,-3.72,-0.24,1.63
2018-01-31,600031,三一重工,6.16,6.25,6.42,6.1,1227985,1133822896.0,5.15,0.64,0.04,1.61
2018-02-01,600031,三一重工,6.18,6.33,6.35,5.98,1378080,1255900256.0,5.92,1.28,0.08,1.8
2018-02-02,600031,三一重工,6.16,6.34,6.38,6.12,892274,821655024.0,4.11,0.16,0.01,1.17
2018-02-05,600031,三一重工,6.16,6.55,6.65,6.16,1185227,1107568576.0,7.73,3.31,0.21,1.55
2018-02-06,600031,三一重工,6.37,6.3,6.65,6.09,1940607,1805724416.0,8.55,-3.82,-0.25,2.54
2018-02-07,600031,三一重工,6.47,5.91,6.5,5.57,1630679,1467488320.0,14.76,-6.19,-0.39,2.13
2018-02-08,600031,三一重工,5.79,5.81,5.91,5.6,877872,763448304.0,5.25,-1.69,-0.1,1.15
2018-02-09,600031,三一重工,5.46,5.34,5.46,4.94,1540806,1258840224.0,8.95,-8.09,-0.47,2.02
2018-02-12,600031,三一重工,5.31,5.31,5.41,5.14,769399,634496352.0,5.06,-0.56,-0.03,1.01
2018-02-13,600031,三一重工,5.42,5.4,5.53,5.38,662645,556233728.0,2.82,1.69,0.09,0.87
2018-02-14,600031,三一重工,5.39,5.39,5.46,5.26,307128,254982406.0,3.7,-0.19,-0.01,0.4
2018-02-22,600031,三一重工,5.51,5.69,5.71,5.42,660336,564017456.0,5.38,5.57,0.3,0.86
2018-02-23,600031,三一重工,5.73,5.64,5.74,5.56,402073,345172688.0,3.16,-0.88,-0.05,0.53
2018-02-26,600031,三一重工,5.67,5.83,5.9,5.66,844459,739737312.0,4.26,3.37,0.19,1.1
2018-02-27,600031,三一重工,5.84,5.58,5.84,5.57,1024665,879722400.0,4.63,-4.29,-0.25,1.34
2018-02-28,600031,三一重工,5.48,5.34,5.48,5.19,1298691,1071390080.0,5.2,-4.3,-0.24,1.7
2018-03-01,600031,三一重工,5.23,5.28,5.36,5.2,998204,820332544.0,3.0,-1.12,-0.06,1.31
2018-03-02,600031,三一重工,5.21,5.17,5.27,5.14,774364,629254784.0,2.46,-2.08,-0.11,1.01
2018-03-05,600031,三一重工,5.21,5.18,5.28,5.1,926897,750132064.0,3.48,0.19,0.01,1.21
2018-03-06,600031,三一重工,5.23,5.47,5.51,5.12,1434246,1186107920.0,7.53,5.6,0.29,1.88
2018-03-07,600031,三一重工,5.49,5.43,5.66,5.38,1232306,1044992224.0,5.12,-0.73,-0.04,1.61
2018-03-08,600031,三一重工,5.48,5.5,5.52,5.39,589512,494444000.0,2.39,1.29,0.07,0.77
2018-03-09,600031,三一重工,5.52,5.56,5.57,5.45,983063,832130096.0,2.18,1.09,0.06,1.29
2018-03-12,600031,三一重工,5.59,5.6,5.73,5.59,1200899,1030069600.0,2.52,0.72,0.04,1.57
2018-03-13,600031,三一重工,5.62,5.38,5.64,5.3,1143135,960103072.0,6.07,-3.93,-0.22,1.5
2018-03-14,600031,三一重工,5.33,5.31,5.36,5.22,723283,595914384.0,2.6,-1.3,-0.07,0.95
2018-03-15,600031,三一重工,5.33,5.39,5.43,5.28,553522,459923968.0,2.82,1.51,0.08,0.72
2018-03-16,600031,三一重工,5.39,5.33,5.45,5.32,496671,413839424.0,2.41,-1.11,-0.06,0.65
2018-03-19,600031,三一重工,5.3,5.33,5.35,5.24,519252,427781216.0,2.06,0.0,0.0,0.68
2018-03-20,600031,三一重工,5.24,5.33,5.34,5.2,537826,441879808.0,2.63,0.0,0.0,0.7
2018-03-21,600031,三一重工,5.33,5.27,5.38,5.17,672975,554127968.0,3.94,-1.13,-0.06,0.88
2018-03-22,600031,三一重工,5.26,5.23,5.27,5.09,650357,528456944.0,3.42,-0.76,-0.04,0.85
2018-03-23,600031,三一重工,4.9,5.21,5.22,4.76,1429502,1125806448.0,8.8,-0.38,-0.02,1.87
2018-03-26,600031,三一重工,5.01,5.01,5.08,4.93,558932,443433168.0,2.88,-3.84,-0.2,0.73
2018-03-27,600031,三一重工,5.11,5.06,5.15,5.01,567089,453097968.0,2.79,1.0,0.05,0.74
2018-03-28,600031,三一重工,4.98,4.84,5.01,4.76,766828,597738992.0,4.94,-4.35,-0.22,1.0
2018-03-29,600031,三一重工,4.86,4.95,5.05,4.6,947475,736573440.0,9.3,2.27,0.11,1.24
2018-03-30,600031,三一重工,4.95,4.92,4.99,4.87,450399,354781936.0,2.42,-0.61,-0.03,0.59
2018-04-02,600031,三一重工,5.0,5.22,5.27,4.93,1094286,889064592.0,6.91,6.1,0.3,1.43
2018-04-03,600031,三一重工,5.14,5.2,5.33,5.12,668217,544856080.0,4.02,-0.38,-0.02,0.87
2018-04-04,600031,三一重工,5.2,5.11,5.31,5.08,536349,436726208.0,4.42,-1.73,-0.09,0.7
2018-04-09,600031,三一重工,5.11,5.23,5.3,5.06,631028,515351072.0,4.7,2.35,0.12,0.83
2018-04-10,600031,三一重工,5.31,5.4,5.41,5.27,645344,534430080.0,2.68,3.25,0.17,0.84
2018-04-11,600031,三一重工,5.42,5.65,5.68,5.42,1125311,955518608.0,4.81,4.63,0.25,1.47
2018-04-12,600031,三一重工,5.59,5.71,5.75,5.59,981910,845862848.0,2.83,1.06,0.06,1.28
2018-04-13,600031,三一重工,5.71,5.57,5.78,5.56,529614,453975824.0,3.85,-2.45,-0.14,0.69
2018-04-16,600031,三一重工,5.56,5.39,5.56,5.24,981269,813051376.0,5.75,-3.23,-0.18,1.28
2018-04-17,600031,三一重工,5.41,5.3,5.47,5.26,508590,422210048.0,3.9,-1.67,-0.09,0.67
2018-04-18,600031,三一重工,5.46,5.42,5.54,5.23,608324,505235936.0,5.85,2.26,0.12,0.8
2018-04-19,600031,三一重工,5.41,5.35,5.54,5.24,715612,596906912.0,5.54,-1.29,-0.07,0.94
2018-04-20,600031,三一重工,5.32,5.36,5.38,5.22,484609,399429840.0,2.99,0.19,0.01,0.63
2018-04-23,600031,三一重工,5.32,5.51,5.52,5.28,607935,510205632.0,4.48,2.8,0.15,0.8
2018-04-24,600031,三一重工,5.56,5.61,5.85,5.53,1428034,1233953456.0,5.81,1.81,0.1,1.87
2018-04-25,600031,三一重工,5.62,5.7,5.72,5.52,541769,464370704.0,3.57,1.6,0.09,0.71
2018-04-26,600031,三一重工,5.94,5.7,6.0,5.64,1098887,962365664.0,6.32,0.0,0.0,1.44
2018-04-27,600031,三一重工,5.81,5.78,5.86,5.62,676413,588038032.0,4.21,1.4,0.08,0.88
2018-05-02,600031,三一重工,5.79,5.57,5.86,5.54,727114,624242448.0,5.54,-3.63,-0.21,0.95
2018-05-03,600031,三一重工,5.56,5.77,5.78,5.51,802150,689418608.0,4.85,3.59,0.2,1.05
2018-05-04,600031,三一重工,5.75,5.59,5.75,5.57,654946,562306496.0,3.12,-3.12,-0.18,0.86
2018-05-07,600031,三一重工,5.63,5.7,5.71,5.54,858410,736934560.0,3.04,1.97,0.11,1.12
2018-05-08,600031,三一重工,5.69,5.81,5.86,5.67,955185,833771712.0,3.33,1.93,0.11,1.25
2018-05-09,600031,三一重工,5.79,5.84,5.89,5.74,696170,609539488.0,2.58,0.52,0.03,0.91
2018-05-10,600031,三一重工,5.87,5.78,5.91,5.7,509328,443791200.0,3.6,-1.03,-0.06,0.67
2018-05-11,600031,三一重工,5.8,5.59,5.8,5.57,748749,642570352.0,3.98,-3.29,-0.19,0.98
2018-05-14,600031,三一重工,5.56,5.6,5.64,5.53,477434,406761328.0,1.97,0.18,0.01,0.62
2018-05-15,600031,三一重工,5.61,5.88,5.89,5.6,1203932,1050885488.0,5.18,5.0,0.28,1.57
2018-05-16,600031,三一重工,5.84,5.79,5.87,5.74,658524,575986208.0,2.21,-1.53,-0.09,0.86
2018-05-17,600031,三一重工,5.79,5.72,5.82,5.66,512018,442970480.0,2.76,-1.21,-0.07,0.67
2018-05-18,600031,三一重工,5.73,5.78,5.78,5.58,653118,562335824.0,3.5,1.05,0.06,0.85
2018-05-21,600031,三一重工,5.84,5.74,5.88,5.7,869730,757533680.0,3.11,-0.69,-0.04,1.14
2018-05-22,600031,三一重工,5.73,5.65,5.73,5.56,659584,564727952.0,2.96,-1.57,-0.09,0.86
2018-05-23,600031,三一重工,5.66,5.47,5.66,5.46,670185,567966048.0,3.54,-3.19,-0.18,0.88
2018-05-24,600031,三一重工,5.47,5.29,5.51,5.28,718710,596623760.0,4.2,-3.29,-0.18,0.94
2018-05-25,600031,三一重工,5.28,5.33,5.35,5.19,500596,411025056.0,3.02,0.76,0.04,0.65
2018-05-28,600031,三一重工,5.33,5.36,5.39,5.26,329091,272626064.0,2.44,0.56,0.03,0.43
2018-05-29,600031,三一重工,5.35,5.42,5.5,5.32,515529,432934624.0,3.36,1.12,0.06,0.67
2018-05-30,600031,三一重工,5.36,5.08,5.36,5.01,709741,573569728.0,6.46,-6.27,-0.34,0.93
2018-05-31,600031,三一重工,5.12,5.15,5.17,5.01,644047,517041664.0,3.15,1.38,0.07,0.84
2018-06-01,600031,三一重工,5.11,5.18,5.33,4.98,644328,523103504.0,6.8,0.58,0.03,0.84
2018-06-04,600031,三一重工,5.18,5.22,5.25,5.13,535722,435448896.0,2.32,0.77,0.04,0.7
2018-06-05,600031,三一重工,5.22,5.24,5.32,5.1,620818,505357456.0,4.21,0.38,0.02,0.81
2018-06-06,600031,三一重工,5.21,5.29,5.35,5.17,597721,489681760.0,3.44,0.95,0.05,0.78
2018-06-07,600031,三一重工,5.3,5.26,5.37,5.24,439171,361920560.0,2.46,-0.57,-0.03,0.57
2018-06-08,600031,三一重工,5.24,5.22,5.29,5.11,527010,428397472.0,3.42,-0.76,-0.04,0.69
2018-06-11,600031,三一重工,5.18,5.3,5.34,5.14,511887,420282400.0,3.83,1.53,0.08,0.67
2018-06-12,600031,三一重工,5.33,5.77,5.94,5.33,2140987,1847097856.0,11.51,8.87,0.47,2.8
2018-06-13,600031,三一重工,5.79,5.74,5.81,5.64,977612,846301920.0,2.95,-0.52,-0.03,1.28
2018-06-14,600031,三一重工,5.68,5.68,5.78,5.55,812171,698363024.0,4.01,-1.05,-0.06,1.06
2018-06-15,600031,三一重工,5.72,5.69,5.74,5.49,851171,728520784.0,4.4,0.18,0.01,1.11
2018-06-19,600031,三一重工,5.55,5.68,5.76,5.44,2068072,1778411584.0,5.62,-0.18,-0.01,2.7
2018-06-20,600031,三一重工,5.53,5.47,5.63,5.27,1010835,849802784.0,6.34,-3.7,-0.21,1.32
2018-06-21,600031,三一重工,5.44,5.68,5.92,5.43,1451850,1260804144.0,8.96,3.84,0.21,1.89
2018-06-22,600031,三一重工,5.68,6.03,6.05,5.52,1360559,1197794320.0,9.33,6.16,0.35,1.77
2018-06-25,600031,三一重工,6.11,5.9,6.15,5.88,1176978,1053976048.0,4.48,-2.16,-0.13,1.53
2018-06-26,600031,三一重工,5.75,5.89,6.01,5.51,1318029,1141657968.0,8.47,-0.17,-0.01,1.72
2018-06-27,600031,三一重工,5.81,5.88,6.09,5.71,1194618,1054999248.0,6.45,-0.17,-0.01,1.56
2018-06-28,600031,三一重工,5.84,5.62,5.89,5.6,760304,659100128.0,4.93,-4.42,-0.26,0.99
2018-06-29,600031,三一重工,5.61,6.03,6.04,5.59,1080231,954214944.0,8.01,7.3,0.41,1.41
2018-07-02,600031,三一重工,5.99,5.71,6.07,5.57,1178978,1031495792.0,8.29,-5.31,-0.32,1.53
2018-07-03,600031,三一重工,5.61,5.75,5.79,5.52,1031195,889240800.0,4.73,0.7,0.04,1.34
2018-07-04,600031,三一重工,5.66,5.22,5.75,5.19,1463029,1215200816.0,9.74,-9.22,-0.53,1.9
2018-07-05,600031,三一重工,5.2,5.22,5.31,5.11,791149,645101248.0,3.83,0.0,0.0,1.03
2018-07-06,600031,三一重工,5.17,5.08,5.28,4.79,1079847,863896624.0,9.39,-2.68,-0.14,1.4
2018-07-09,600031,三一重工,5.09,5.27,5.27,5.09,569499,464363328.0,3.54,3.74,0.19,0.74
2018-07-10,600031,三一重工,5.31,5.35,5.45,5.3,551499,457991456.0,2.85,1.52,0.08,0.72
2018-07-11,600031,三一重工,5.22,5.27,5.42,5.11,492818,403453440.0,5.79,-1.5,-0.08,0.64
2018-07-12,600031,三一重工,5.26,5.47,5.52,5.24,742439,622738080.0,5.31,3.8,0.2,0.96
2018-07-13,600031,三一重工,5.47,5.49,5.53,5.39,420713,353928720.0,2.56,0.37,0.02,0.55
2018-07-16,600031,三一重工,5.49,5.41,5.55,5.37,483469,404184368.0,3.28,-1.46,-0.08,0.63
2018-07-17,600031,三一重工,5.38,5.32,5.42,5.21,464623,383092192.0,3.88,-1.66,-0.09,0.6
2018-07-18,600031,三一重工,5.34,5.39,5.5,5.33,451960,377678592.0,3.2,1.32,0.07,0.59
2018-07-19,600031,三一重工,5.41,5.53,5.6,5.41,800491,678081648.0,3.53,2.6,0.14,1.04
2018-07-20,600031,三一重工,5.49,5.61,5.66,5.42,482514,409417952.0,4.34,1.45,0.08,0.63
2018-07-23,600031,三一重工,5.61,5.82,5.94,5.55,1048303,914968768.0,6.95,3.74,0.21,1.36
2018-07-24,600031,三一重工,6.06,5.98,6.46,5.94,2290083,2089159072.0,8.93,2.75,0.16,2.97
2018-07-25,600031,三一重工,6.13,6.22,6.36,5.96,1352918,1234937488.0,6.69,4.01,0.24,1.76
2018-07-26,600031,三一重工,6.21,6.04,6.22,6.0,790618,712880544.0,3.54,-2.89,-0.18,1.03
2018-07-27,600031,三一重工,6.09,6.03,6.18,5.9,654487,587011104.0,4.64,-0.17,-0.01,0.85
2018-07-30,600031,三一重工,6.04,6.13,6.32,6.02,779560,709638912.0,4.98,1.66,0.1,1.01
2018-07-31,600031,三一重工,6.46,6.31,6.51,6.22,1390459,1287827536.0,4.73,2.94,0.18,1.81
2018-08-01,600031,三一重工,6.44,6.12,6.61,6.1,1348192,1249695936.0,8.08,-3.01,-0.19,1.75
2018-08-02,600031,三一重工,6.12,6.28,6.33,5.86,1450939,1313654304.0,7.68,2.61,0.16,1.88
2018-08-03,600031,三一重工,6.19,6.0,6.25,5.96,962022,868172224.0,4.62,-4.46,-0.28,1.25
2018-08-06,600031,三一重工,5.89,6.14,6.35,5.86,1199601,1095531936.0,8.17,2.33,0.14,1.56
2018-08-07,600031,三一重工,6.21,6.66,6.7,6.08,2013951,1893813568.0,10.1,8.47,0.52,2.62
2018-08-08,600031,三一重工,6.56,6.53,6.67,6.46,1328170,1261474272.0,3.15,-1.95,-0.13,1.72
2018-08-09,600031,三一重工,6.53,6.61,6.73,6.42,1144075,1089912272.0,4.75,1.23,0.08,1.49
2018-08-10,600031,三一重工,6.59,6.59,6.77,6.48,885639,846272720.0,4.39,-0.3,-0.02,1.15
2018-08-13,600031,三一重工,6.49,6.67,6.69,6.42,836177,793650672.0,4.1,1.21,0.08,1.09
2018-08-14,600031,三一重工,6.61,6.47,6.65,6.42,735454,693773888.0,3.45,-3.0,-0.2,0.96
2018-08-15,600031,三一重工,6.47,6.32,6.59,6.27,733713,686873936.0,4.95,-2.32,-0.15,0.95
2018-08-16,600031,三一重工,6.22,6.26,6.41,6.18,687760,636692704.0,3.64,-0.95,-0.06,0.89
2018-08-17,600031,三一重工,6.36,6.1,6.38,6.09,596972,548125104.0,4.63,-2.56,-0.16,0.77
2018-08-20,600031,三一重工,6.13,6.15,6.21,5.92,632796,569297744.0,4.75,0.82,0.05,0.82
2018-08-21,600031,三一重工,6.19,6.29,6.35,6.08,631628,569631488.0,4.39,2.28,0.14,0.82
2018-08-22,600031,三一重工,6.28,6.05,6.28,6.03,582565,518523632.0,3.97,-3.82,-0.24,0.75
2018-08-23,600031,三一重工,6.07,6.14,6.26,6.0,519401,462850096.0,4.3,1.49,0.09,0.67
2018-08-24,600031,三一重工,6.15,6.25,6.3,6.11,449331,404260608.0,3.09,1.79,0.11,0.58
2018-08-27,600031,三一重工,6.38,6.46,6.46,6.32,830351,762281216.0,2.24,3.36,0.21,1.07
2018-08-28,600031,三一重工,6.52,6.44,6.55,6.36,565507,521007968.0,2.94,-0.31,-0.02,0.73
2018-08-29,600031,三一重工,6.44,6.46,6.49,6.4,400840,369948256.0,1.4,0.31,0.02,0.52
2018-08-30,600031,三一重工,6.47,6.15,6.49,6.13,682904,616607248.0,5.57,-4.8,-0.31,0.88
2018-08-31,600031,三一重工,6.09,6.22,6.28,6.08,405095,363773136.0,3.25,1.14,0.07,0.52
2018-09-03,600031,三一重工,6.16,6.18,6.2,6.01,514553,456391776.0,3.05,-0.64,-0.04,0.66
2018-09-04,600031,三一重工,6.18,6.27,6.31,6.09,476249,428018912.0,3.56,1.46,0.09,0.62
2018-09-05,600031,三一重工,6.27,6.04,6.33,6.02,593245,530380080.0,4.94,-3.67,-0.23,0.77
2018-09-06,600031,三一重工,6.03,5.95,6.14,5.92,486316,427670928.0,3.64,-1.49,-0.09,0.63
2018-09-07,600031,三一重工,5.97,5.87,6.1,5.81,572211,499806432.0,4.87,-1.34,-0.08,0.74
2018-09-10,600031,三一重工,5.9,5.82,6.0,5.8,489088,423825312.0,3.41,-0.85,-0.05,0.63
2018-09-11,600031,三一重工,5.84,5.84,5.88,5.68,598458,512342256.0,3.44,0.34,0.02,0.77
2018-09-12,600031,三一重工,5.84,5.82,5.96,5.75,569010,490474400.0,3.6,-0.34,-0.02,0.73
2018-09-13,600031,三一重工,5.95,5.63,5.98,5.49,952931,803333024.0,8.42,-3.26,-0.19,1.23
2018-09-14,600031,三一重工,5.47,5.42,5.49,5.24,955375,778778096.0,4.44,-3.73,-0.21,1.23
2018-09-17,600031,三一重工,5.41,5.48,5.53,5.33,428981,353186304.0,3.69,1.11,0.06,0.55
2018-09-18,600031,三一重工,5.44,5.71,5.75,5.38,703045,587700848.0,6.75,4.2,0.23,0.91
2018-09-19,600031,三一重工,5.7,5.8,5.88,5.64,627255,538576704.0,4.2,1.58,0.09,0.81
2018-09-20,600031,三一重工,5.84,5.9,5.93,5.8,442877,383040672.0,2.24,1.72,0.1,0.57
2018-09-21,600031,三一重工,5.9,6.04,6.06,5.89,513216,449713024.0,2.88,2.37,0.14,0.66
2018-09-25,600031,三一重工,5.93,5.9,6.0,5.86,400851,348865440.0,2.32,-2.32,-0.14,0.52
2018-09-26,600031,三一重工,5.93,6.13,6.23,5.92,620668,552322272.0,5.25,3.9,0.23,0.8
2018-09-27,600031,三一重工,6.14,6.13,6.17,6.03,422052,375353936.0,2.28,0.0,0.0,0.55
2018-09-28,600031,三一重工,6.16,6.1,6.2,6.05,428985,381284816.0,2.45,-0.49,-0.03,0.55
2018-10-08,600031,三一重工,5.97,5.97,6.07,5.88,517457,452535616.0,3.11,-2.13,-0.13,0.67
2018-10-09,600031,三一重工,5.99,5.71,6.02,5.66,534470,458375888.0,6.03,-4.36,-0.26,0.69
2018-10-10,600031,三一重工,5.74,5.78,5.87,5.71,434050,371558576.0,2.8,1.23,0.07,0.56
2018-10-11,600031,三一重工,5.53,5.44,5.66,5.22,765421,627625712.0,7.61,-5.88,-0.34,0.99
2018-10-12,600031,三一重工,5.36,5.5,5.54,5.19,616422,504124080.0,6.43,1.1,0.06,0.79
2018-10-15,600031,三一重工,5.52,5.54,5.7,5.51,451222,378331104.0,3.45,0.73,0.04,0.58
2018-10-16,600031,三一重工,5.54,5.38,5.57,5.3,439695,360050464.0,4.87,-2.89,-0.16,0.57
2018-10-17,600031,三一重工,5.47,5.43,5.52,5.25,398324,325773760.0,5.02,0.93,0.05,0.51
2018-10-18,600031,三一重工,5.4,4.92,5.4,4.88,871210,684759792.0,9.58,-9.39,-0.51,1.12
2018-10-19,600031,三一重工,4.74,5.05,5.15,4.68,722914,557948304.0,9.55,2.64,0.13,0.93
2018-10-22,600031,三一重工,5.1,5.4,5.48,5.08,757592,613116128.0,7.92,6.93,0.35,0.98
2018-10-23,600031,三一重工,5.41,5.15,5.48,4.99,684196,547991616.0,9.07,-4.63,-0.25,0.88
2018-10-24,600031,三一重工,5.22,5.23,5.43,5.2,754405,609662736.0,4.47,1.55,0.08,0.97
2018-10-25,600031,三一重工,5.02,5.17,5.19,4.96,599206,469070272.0,4.4,-1.15,-0.06,0.77
2018-10-26,600031,三一重工,5.24,5.11,5.29,5.05,525360,416586144.0,4.64,-1.16,-0.06,0.68
2018-10-29,600031,三一重工,5.12,4.85,5.12,4.8,488810,376785280.0,6.26,-5.09,-0.26,0.63
2018-10-30,600031,三一重工,4.86,4.93,5.01,4.7,531548,407154640.0,6.39,1.65,0.08,0.69
2018-10-31,600031,三一重工,4.96,5.09,5.19,4.94,525119,413404464.0,5.07,3.25,0.16,0.68
2018-11-01,600031,三一重工,5.25,5.14,5.34,5.13,698966,561536000.0,4.13,0.98,0.05,0.9
2018-11-02,600031,三一重工,5.32,5.36,5.38,5.23,615383,497690720.0,2.92,4.28,0.22,0.79
2018-11-05,600031,三一重工,5.33,5.29,5.41,5.25,524823,424861952.0,2.99,-1.31,-0.07,0.68
2018-11-06,600031,三一重工,5.33,5.36,5.4,5.29,430215,349611136.0,2.08,1.32,0.07,0.55
2018-11-07,600031,三一重工,5.38,5.32,5.44,5.28,410662,334224336.0,2.99,-0.75,-0.04,0.53
2018-11-08,600031,三一重工,5.39,5.28,5.42,5.27,297779,241486709.0,2.82,-0.75,-0.04,0.38
2018-11-09,600031,三一重工,5.28,5.24,5.32,5.19,313973,252172460.0,2.46,-0.76,-0.04,0.4
2018-11-12,600031,三一重工,5.24,5.42,5.42,5.21,432196,351855488.0,4.01,3.44,0.18,0.56
2018-11-13,600031,三一重工,5.35,5.41,5.5,5.33,580152,476196336.0,3.14,-0.18,-0.01,0.75
2018-11-14,600031,三一重工,5.43,5.46,5.49,5.33,393271,323215536.0,2.96,0.92,0.05,0.51
2018-11-15,600031,三一重工,5.45,5.46,5.48,5.22,384715,314469312.0,4.76,0.0,0.0,0.5
2018-11-16,600031,三一重工,5.45,5.39,5.49,5.35,560603,458499248.0,2.56,-1.28,-0.07,0.72
2018-11-19,600031,三一重工,5.37,5.38,5.42,5.3,471612,383671904.0,2.23,-0.19,-0.01,0.61
2018-11-20,600031,三一重工,5.34,5.21,5.36,5.21,486216,391397392.0,2.79,-3.16,-0.17,0.63
2018-11-21,600031,三一重工,5.15,5.17,5.21,5.09,451818,357784144.0,2.3,-0.77,-0.04,0.58
2018-11-22,600031,三一重工,5.18,5.17,5.21,5.11,256514,203499720.0,1.93,0.0,0.0,0.33
2018-11-23,600031,三一重工,5.18,5.01,5.2,4.98,373965,293003968.0,4.26,-3.09,-0.16,0.48
2018-11-26,600031,三一重工,5.02,5.02,5.07,4.94,228030,178036945.0,2.59,0.2,0.01,0.29
2018-11-27,600031,三一重工,5.08,5.07,5.14,5.05,250940,197666752.0,1.79,1.0,0.05,0.32
2018-11-28,600031,三一重工,5.07,5.19,5.2,5.05,249699,197858042.0,2.96,2.37,0.12,0.32
2018-11-29,600031,三一重工,5.24,5.16,5.3,5.15,338211,271325952.0,2.89,-0.58,-0.03,0.44
2018-11-30,600031,三一重工,5.13,5.25,5.27,5.13,257569,205729981.0,2.71,1.74,0.09,0.33
2018-12-03,600031,三一重工,5.39,5.48,5.49,5.35,671654,552345872.0,2.67,4.38,0.23,0.87
2018-12-04,600031,三一重工,5.43,5.46,5.51,5.43,337882,278792816.0,1.46,-0.36,-0.02,0.44
2018-12-05,600031,三一重工,5.37,5.41,5.49,5.34,458573,376403360.0,2.75,-0.92,-0.05,0.59
2018-12-06,600031,三一重工,5.36,5.31,5.39,5.27,329201,266638109.0,2.22,-1.85,-0.1,0.42
2018-12-07,600031,三一重工,5.33,5.41,5.41,5.31,331515,270398208.0,1.88,1.88,0.1,0.43
2018-12-10,600031,三一重工,5.41,5.38,5.43,5.28,257797,209827365.0,2.77,-0.55,-0.03,0.33
2018-12-11,600031,三一重工,5.43,5.43,5.45,5.34,237097,194179756.0,2.04,0.93,0.05,0.31
2018-12-12,600031,三一重工,5.45,5.57,5.61,5.41,451127,375006176.0,3.68,2.58,0.14,0.58
2018-12-13,600031,三一重工,5.57,5.73,5.84,5.54,811170,689869488.0,5.39,2.87,0.16,1.05
2018-12-14,600031,三一重工,5.73,5.68,5.82,5.67,575394,490751168.0,2.62,-0.87,-0.05,0.74
2018-12-17,600031,三一重工,5.67,5.89,5.95,5.64,707321,609847024.0,5.46,3.7,0.21,0.91
2018-12-18,600031,三一重工,5.83,5.82,5.92,5.79,574934,496151776.0,2.21,-1.19,-0.07,0.74
2018-12-19,600031,三一重工,5.82,5.79,5.94,5.74,554617,478451024.0,3.44,-0.52,-0.03,0.71
2018-12-20,600031,三一重工,5.74,5.71,5.87,5.66,676415,575889728.0,3.63,-1.38,-0.08,0.87
2018-12-21,600031,三一重工,5.74,5.67,5.79,5.64,607394,515857104.0,2.63,-0.7,-0.04,0.78
2018-12-24,600031,三一重工,5.67,5.78,5.96,5.67,597583,514094752.0,5.11,1.94,0.11,0.77
2018-12-25,600031,三一重工,5.71,5.55,5.71,5.52,420369,351983584.0,3.29,-3.98,-0.23,0.54
2018-12-26,600031,三一重工,5.59,5.62,5.74,5.58,390921,329439968.0,2.88,1.26,0.07,0.5
2018-12-27,600031,三一重工,5.72,5.62,5.8,5.57,339508,286317504.0,4.09,0.0,0.0,0.44
2018-12-28,600031,三一重工,5.57,5.56,5.6,5.34,602670,496519280.0,4.63,-1.07,-0.06,0.78
2019-01-02,600031,三一重工,5.53,5.27,5.53,5.17,526283,424326960.0,6.47,-5.22,-0.29,0.68
2019-01-03,600031,三一重工,5.21,5.15,5.33,5.1,378704,302152864.0,4.36,-2.28,-0.12,0.49
2019-01-04,600031,三一重工,5.09,5.29,5.29,4.99,381296,303885424.0,5.83,2.72,0.14,0.49
2019-01-07,600031,三一重工,5.34,5.36,5.39,5.25,466808,378787472.0,2.65,1.32,0.07,0.6
2019-01-08,600031,三一重工,5.35,5.32,5.38,5.28,248090,201023368.0,1.87,-0.75,-0.04,0.32
2019-01-09,600031,三一重工,5.32,5.33,5.47,5.29,429590,350740016.0,3.38,0.19,0.01,0.55
2019-01-10,600031,三一重工,5.32,5.26,5.33,5.24,294990,237813607.0,1.69,-1.31,-0.07,0.38
2019-01-11,600031,三一重工,5.37,5.41,5.42,5.28,420421,341991648.0,2.66,2.85,0.15,0.54
2019-01-14,600031,三一重工,5.44,5.6,5.6,5.37,482643,400129680.0,4.25,3.51,0.19,0.62
2019-01-15,600031,三一重工,5.57,5.65,5.77,5.5,643648,540781008.0,4.82,0.89,0.05,0.83
2019-01-16,600031,三一重工,5.7,5.69,5.74,5.6,436624,369839104.0,2.48,0.71,0.04,0.56
2019-01-17,600031,三一重工,5.7,5.75,5.82,5.67,392015,334405216.0,2.64,1.05,0.06,0.5
2019-01-18,600031,三一重工,5.78,5.86,5.91,5.73,507655,437447648.0,3.13,1.91,0.11,0.65
2019-01-21,600031,三一重工,5.89,5.83,5.95,5.8,356612,308473584.0,2.56,-0.51,-0.03,0.46
2019-01-22,600031,三一重工,5.79,5.76,5.89,5.74,409629,352112416.0,2.57,-1.2,-0.07,0.53
2019-01-23,600031,三一重工,5.84,5.93,5.94,5.82,411789,356445472.0,2.08,2.95,0.17,0.53
2019-01-24,600031,三一重工,5.96,6.08,6.13,5.93,586850,517785872.0,3.37,2.53,0.15,0.76
2019-01-25,600031,三一重工,6.14,6.29,6.3,6.08,649375,586447856.0,3.62,3.45,0.21,0.84
2019-01-28,600031,三一重工,6.35,6.3,6.39,6.24,652926,594576240.0,2.38,0.16,0.01,0.84
2019-01-29,600031,三一重工,6.24,6.36,6.37,6.1,562629,508240656.0,4.29,0.95,0.06,0.72
2019-01-30,600031,三一重工,6.38,6.34,6.51,6.32,559389,515221024.0,2.99,-0.31,-0.02,0.72
2019-01-31,600031,三一重工,6.5,6.34,6.56,6.24,591508,543289744.0,5.05,0.0,0.0,0.76
2019-02-01,600031,三一重工,6.43,6.7,6.7,6.42,805558,752440896.0,4.42,5.68,0.36,1.04
2019-02-11,600031,三一重工,6.77,6.7,6.83,6.63,553231,526752576.0,2.99,0.0,0.0,0.71
2019-02-12,600031,三一重工,6.7,6.92,7.0,6.67,886461,852436768.0,4.93,3.28,0.22,1.14
2019-02-13,600031,三一重工,6.89,6.98,7.04,6.83,792460,770500144.0,3.03,0.87,0.06,1.02
2019-02-14,600031,三一重工,6.97,6.97,7.04,6.9,577801,562581392.0,2.01,-0.14,-0.01,0.74
2019-02-15,600031,三一重工,6.97,6.68,6.97,6.66,553057,528330512.0,4.45,-4.16,-0.29,0.71
2019-02-18,600031,三一重工,6.74,7.13,7.16,6.74,1031240,1013039104.0,6.29,6.74,0.45,1.33
2019-02-19,600031,三一重工,7.14,6.83,7.14,6.79,862510,838260320.0,4.91,-4.21,-0.3,1.11
2019-02-20,600031,三一重工,6.86,6.91,7.1,6.82,639841,623172464.0,4.1,1.17,0.08,0.82
2019-02-21,600031,三一重工,6.85,6.97,7.12,6.73,744240,725814144.0,5.64,0.87,0.06,0.96
2019-02-22,600031,三一重工,6.84,7.58,7.67,6.84,1303445,1312845216.0,11.91,8.75,0.61,1.68
2019-02-25,600031,三一重工,7.68,8.14,8.38,7.67,1709542,1871658288.0,9.37,7.39,0.56,2.2
2019-02-26,600031,三一重工,8.09,8.02,8.32,7.97,1004765,1096107360.0,4.3,-1.47,-0.12,1.29
2019-02-27,600031,三一重工,7.97,7.62,8.1,7.58,1142063,1216112016.0,6.48,-4.99,-0.4,1.47
2019-02-28,600031,三一重工,7.66,7.61,7.78,7.55,634737,663450192.0,3.02,-0.13,-0.01,0.82
2019-03-01,600031,三一重工,7.79,7.94,7.97,7.58,1058140,1114867888.0,5.12,4.34,0.33,1.31
2019-03-04,600031,三一重工,8.22,8.76,9.01,8.15,2681238,3085042000.0,10.83,10.33,0.82,3.33
2019-03-05,600031,三一重工,8.76,8.7,8.94,8.5,1652955,1894897280.0,5.02,-0.68,-0.06,2.05
2019-03-06,600031,三一重工,8.7,8.79,8.85,8.52,1284546,1474803616.0,3.79,1.03,0.09,1.59
2019-03-07,600031,三一重工,8.72,8.44,8.73,8.28,1272257,1433699664.0,5.12,-3.98,-0.35,1.58
2019-03-08,600031,三一重工,8.23,8.3,8.77,8.0,1635259,1829633200.0,9.12,-1.66,-0.14,2.03
2019-03-11,600031,三一重工,8.3,8.4,8.48,8.06,1214880,1344319936.0,5.06,1.2,0.1,1.51
2019-03-12,600031,三一重工,8.49,8.98,9.05,8.49,1937352,2251382560.0,6.67,6.9,0.58,2.41
2019-03-13,600031,三一重工,8.97,8.73,9.13,8.66,1325661,1548483136.0,5.23,-2.78,-0.25,1.65
2019-03-14,600031,三一重工,8.63,8.88,9.17,8.57,1328667,1548735104.0,6.87,1.72,0.15,1.65
2019-03-15,600031,三一重工,8.92,9.6,9.77,8.92,1888559,2309580272.0,9.57,8.11,0.72,2.34
2019-03-18,600031,三一重工,9.62,10.21,10.32,9.62,1936116,2480661968.0,7.29,6.35,0.61,2.4
2019-03-19,600031,三一重工,10.08,10.02,10.31,9.93,1168810,1504974064.0,3.72,-1.86,-0.19,1.4
2019-03-20,600031,三一重工,9.98,10.32,10.69,9.88,1478107,1941215936.0,8.08,2.99,0.3,1.77
2019-03-21,600031,三一重工,10.44,10.34,10.71,10.13,1144473,1503243024.0,5.62,0.19,0.02,1.37
2019-03-22,600031,三一重工,10.55,10.09,10.61,9.9,1199345,1548186832.0,6.87,-2.42,-0.25,1.44
2019-03-25,600031,三一重工,9.73,9.53,9.95,9.48,1686029,2100056368.0,4.66,-5.55,-0.56,2.02
2019-03-26,600031,三一重工,9.6,9.31,9.68,9.1,1561569,1893605776.0,6.09,-2.31,-0.22,1.87
2019-03-27,600031,三一重工,9.37,9.52,9.62,9.19,1266665,1540118704.0,4.62,2.26,0.21,1.52
2019-03-28,600031,三一重工,9.32,9.28,9.48,9.23,1015229,1229071072.0,2.63,-2.52,-0.24,1.22
2019-03-29,600031,三一重工,9.43,10.0,10.05,9.22,1786311,2231495792.0,8.94,7.76,0.72,2.14
2019-04-01,600031,三一重工,10.24,10.17,10.5,10.02,2072637,2692930976.0,4.8,1.7,0.17,2.49
2019-04-02,600031,三一重工,10.26,9.85,10.36,9.74,1700821,2168032960.0,6.1,-3.15,-0.32,2.04
2019-04-03,600031,三一重工,9.87,10.14,10.19,9.78,1354616,1737892576.0,4.16,2.94,0.29,1.62
2019-04-04,600031,三一重工,10.19,10.58,10.86,10.19,1875519,2507569632.0,6.61,4.34,0.44,2.25
2019-04-08,600031,三一重工,10.92,11.02,11.1,10.59,1898044,2589587808.0,4.82,4.16,0.44,2.28
2019-04-09,600031,三一重工,10.92,10.78,10.97,10.6,1256958,1701396000.0,3.36,-2.18,-0.24,1.51
2019-04-10,600031,三一重工,10.62,11.22,11.28,10.42,1558237,2134745952.0,7.98,4.08,0.44,1.87
2019-04-11,600031,三一重工,11.12,10.4,11.17,10.38,1888656,2534756368.0,7.04,-7.31,-0.82,2.27
2019-04-12,600031,三一重工,10.37,10.2,10.53,10.02,1182323,1537494848.0,4.9,-1.92,-0.2,1.42
2019-04-15,600031,三一重工,10.87,10.09,11.02,10.01,1758210,2335657280.0,9.9,-1.08,-0.11,2.11
2019-04-16,600031,三一重工,10.1,10.44,10.46,9.94,1496223,1944568672.0,5.15,3.47,0.35,1.79
2019-04-17,600031,三一重工,10.49,10.33,10.49,10.2,1168938,1534523232.0,2.78,-1.05,-0.11,1.4
2019-04-18,600031,三一重工,10.35,10.38,10.62,10.2,935327,1233684944.0,4.07,0.48,0.05,1.12
2019-04-19,600031,三一重工,10.39,10.35,10.44,10.03,814771,1060751312.0,3.95,-0.29,-0.03,0.98
2019-04-22,600031,三一重工,10.37,9.41,10.37,9.34,2532829,3165272256.0,9.95,-9.08,-0.94,3.04
2019-04-23,600031,三一重工,9.45,9.51,9.67,9.4,1003226,1234332048.0,2.87,1.06,0.1,1.2
2019-04-24,600031,三一重工,9.52,9.55,9.65,9.24,1050953,1283084960.0,4.31,0.42,0.04,1.26
2019-04-25,600031,三一重工,9.56,9.1,9.56,9.07,1158559,1398535440.0,5.13,-4.71,-0.45,1.39
2019-04-26,600031,三一重工,9.1,9.14,9.28,9.06,1026500,1226682112.0,2.42,0.44,0.04,1.23
2019-04-29,600031,三一重工,9.26,9.52,9.7,9.25,1510436,1854151552.0,4.92,4.16,0.38,1.81
2019-04-30,600031,三一重工,9.57,9.47,9.75,9.29,972679,1191861776.0,4.83,-0.53,-0.05,1.17
2019-05-06,600031,三一重工,9.02,8.62,9.09,8.39,1456315,1677292112.0,7.39,-8.98,-0.85,1.75
2019-05-07,600031,三一重工,8.92,9.34,9.35,8.88,1493367,1777822720.0,5.45,8.35,0.72,1.79
2019-05-08,600031,三一重工,9.04,9.07,9.43,9.0,1054660,1264440208.0,4.6,-2.89,-0.27,1.26
2019-05-09,600031,三一重工,9.01,9.08,9.24,8.83,745991,883092448.0,4.52,0.11,0.01,0.89
2019-05-10,600031,三一重工,9.24,9.67,9.67,8.94,1648128,2017114688.0,8.04,6.5,0.59,1.98
2019-05-13,600031,三一重工,9.5,9.43,9.58,9.31,838982,1023129856.0,2.79,-2.48,-0.24,1.01
2019-05-14,600031,三一重工,9.27,9.18,9.42,9.09,916532,1101961824.0,3.5,-2.65,-0.25,1.1
2019-05-15,600031,三一重工,9.32,9.36,9.46,9.11,1151727,1388675904.0,3.81,1.96,0.18,1.38
2019-05-16,600031,三一重工,9.35,9.37,9.41,9.26,848443,1027957024.0,1.6,0.11,0.01,1.02
2019-05-17,600031,三一重工,9.33,8.92,9.37,8.87,1169603,1380827216.0,5.34,-4.8,-0.45,1.4
2019-05-20,600031,三一重工,8.9,8.81,8.92,8.65,657571,759301632.0,3.03,-1.23,-0.11,0.79
2019-05-21,600031,三一重工,8.8,9.11,9.23,8.8,816410,968410528.0,4.88,3.41,0.3,0.98
2019-05-22,600031,三一重工,9.14,9.17,9.28,9.09,642851,769016528.0,2.09,0.66,0.06,0.77
2019-05-23,600031,三一重工,9.13,9.12,9.3,9.04,618225,738863536.0,2.84,-0.55,-0.05,0.74
2019-05-24,600031,三一重工,9.09,9.25,9.31,9.09,678712,814611888.0,2.41,1.43,0.13,0.81
2019-05-27,600031,三一重工,9.3,9.53,9.59,9.19,858327,1047531072.0,4.32,3.03,0.28,1.03
2019-05-28,600031,三一重工,9.58,9.87,10.06,9.53,1398097,1762988752.0,5.56,3.57,0.34,1.68
2019-05-29,600031,三一重工,9.87,9.8,9.92,9.68,564955,710877472.0,2.43,-0.71,-0.07,0.68
2019-05-30,600031,三一重工,9.72,9.57,9.78,9.38,818714,1005235936.0,4.08,-2.35,-0.23,0.98
2019-05-31,600031,三一重工,9.46,9.29,9.49,9.12,841493,1016602544.0,3.87,-2.93,-0.28,1.01
2019-06-03,600031,三一重工,9.33,9.18,9.4,9.12,658703,790915568.0,3.01,-1.18,-0.11,0.79
2019-06-04,600031,三一重工,9.24,9.19,9.25,8.87,921178,1091588720.0,4.14,0.11,0.01,1.1
2019-06-05,600031,三一重工,9.31,9.31,9.45,9.26,748011,907318768.0,2.07,1.31,0.12,0.9
2019-06-06,600031,三一重工,9.32,9.17,9.41,9.17,629756,758997232.0,2.58,-1.5,-0.14,0.76
2019-06-10,600031,三一重工,9.22,9.43,9.55,9.2,655195,798260896.0,3.82,2.84,0.26,0.79
2019-06-11,600031,三一重工,9.59,10.14,10.15,9.59,1501633,1909579728.0,5.94,7.53,0.71,1.8
2019-06-12,600031,三一重工,10.09,10.12,10.4,10.03,1121927,1455305008.0,3.65,-0.2,-0.02,1.35
2019-06-13,600031,三一重工,10.1,10.17,10.3,9.98,727298,940336256.0,3.16,0.49,0.05,0.87
2019-06-14,600031,三一重工,10.17,10.01,10.27,9.96,915999,1181292544.0,3.05,-1.57,-0.16,1.1
2019-06-17,600031,三一重工,9.97,9.97,10.17,9.83,580586,742522336.0,3.4,-0.4,-0.04,0.7
2019-06-18,600031,三一重工,10.01,10.1,10.17,9.94,555717,712882352.0,2.31,1.3,0.13,0.67
2019-06-19,600031,三一重工,10.5,10.12,10.51,10.07,1003639,1306935760.0,4.36,0.2,0.02,1.2
2019-06-20,600031,三一重工,10.06,10.4,10.48,10.04,1104808,1447280064.0,4.35,2.77,0.28,1.33
2019-06-21,600031,三一重工,10.45,10.35,10.46,10.22,922976,1209351280.0,2.31,-0.48,-0.05,1.11
2019-06-24,600031,三一重工,10.36,10.4,10.46,10.23,559952,734752256.0,2.22,0.48,0.05,0.67
2019-06-25,600031,三一重工,10.39,10.27,10.42,9.95,753865,977584560.0,4.52,-1.25,-0.13,0.9
2019-06-26,600031,三一重工,10.14,10.17,10.27,10.03,377658,489119280.0,2.34,-0.97,-0.1,0.45
2019-06-27,600031,三一重工,10.32,10.17,10.41,10.11,788699,1027474880.0,2.95,0.0,0.0,0.95
2019-06-28,600031,三一重工,10.2,10.3,10.33,10.11,590788,768316576.0,2.16,1.28,0.13,0.71
2019-07-01,600031,三一重工,10.52,10.62,10.64,10.4,1170128,1558061984.0,2.33,3.11,0.32,1.4
2019-07-02,600031,三一重工,10.55,10.41,10.57,10.34,747889,988017024.0,2.17,-1.98,-0.21,0.9
2019-07-03,600031,三一重工,10.39,10.14,10.39,10.07,755684,979454992.0,3.07,-2.59,-0.27,0.91
2019-07-04,600031,三一重工,10.15,10.08,10.26,10.02,510293,659401344.0,2.37,-0.59,-0.06,0.61
2019-07-05,600031,三一重工,10.11,10.09,10.16,9.99,472956,607638112.0,1.69,0.1,0.01,0.57
2019-07-08,600031,三一重工,10.08,9.92,10.08,9.59,693940,875333184.0,4.86,-1.68,-0.17,0.83
2019-07-09,600031,三一重工,9.87,9.89,9.96,9.78,313573,397103616.0,1.81,-0.3,-0.03,0.38
2019-07-10,600031,三一重工,9.9,9.7,9.96,9.63,446156,558453504.0,3.34,-1.92,-0.19,0.54
2019-07-11,600031,三一重工,9.82,10.04,10.11,9.81,705880,900697728.0,3.09,3.51,0.34,0.85
2019-07-12,600031,三一重工,10.0,10.35,10.37,10.0,740016,966126752.0,3.69,3.09,0.31,0.89
2019-07-15,600031,三一重工,10.37,10.65,10.77,10.22,1042685,1389227344.0,5.31,2.9,0.3,1.25
2019-07-16,600031,三一重工,10.68,10.64,10.87,10.56,833984,1122918496.0,2.91,-0.09,-0.01,1.0
2019-07-17,600031,三一重工,10.72,10.92,11.01,10.7,1112413,1496098976.0,2.91,2.63,0.28,1.33
2019-07-18,600031,三一重工,11.21,11.19,11.27,10.99,1214705,1659210128.0,2.56,2.47,0.27,1.46
2019-07-19,600031,三一重工,11.18,11.09,11.25,11.02,807451,1101534144.0,2.06,-0.89,-0.1,0.97
2019-07-22,600031,三一重工,11.15,11.19,11.48,11.09,1143907,1582497520.0,3.52,0.9,0.1,1.37
2019-07-23,600031,三一重工,11.28,11.08,11.41,10.98,868763,1187866608.0,3.84,-0.98,-0.11,1.04
2019-07-24,600031,三一重工,11.22,11.4,11.53,11.17,875179,1219757760.0,3.25,2.89,0.32,1.05
2019-07-25,600031,三一重工,11.45,11.47,11.58,11.38,639095,895392288.0,1.75,0.61,0.07,0.77
2019-07-26,600031,三一重工,11.46,12.13,12.13,11.43,1281841,1847364224.0,6.1,5.75,0.66,1.54
2019-07-29,600031,三一重工,12.13,11.82,12.17,11.7,1006462,1444441392.0,3.87,-2.56,-0.31,1.21
2019-07-30,600031,三一重工,11.88,11.79,11.93,11.74,602292,864408944.0,1.61,-0.25,-0.03,0.72
2019-07-31,600031,三一重工,11.77,11.6,11.8,11.53,625004,885291120.0,2.29,-1.61,-0.19,0.75
2019-08-01,600031,三一重工,11.61,11.67,11.77,11.44,680977,962317744.0,2.84,0.6,0.07,0.82
2019-08-02,600031,三一重工,11.33,11.41,11.57,11.18,816931,1135881040.0,3.34,-2.23,-0.26,0.98
2019-08-05,600031,三一重工,11.35,11.07,11.46,11.06,654427,899650192.0,3.51,-2.98,-0.34,0.78
2019-08-06,600031,三一重工,10.82,11.04,11.29,10.52,1018122,1364208480.0,6.96,-0.27,-0.03,1.22
2019-08-07,600031,三一重工,11.14,11.06,11.33,11.03,514635,704229392.0,2.72,0.18,0.02,0.62
2019-08-08,600031,三一重工,11.24,11.04,11.29,10.84,523881,710525472.0,4.07,-0.18,-0.02,0.63
2019-08-09,600031,三一重工,11.14,10.96,11.27,10.96,518012,705619936.0,2.81,-0.72,-0.08,0.62
2019-08-12,600031,三一重工,10.94,11.19,11.2,10.66,495546,668652672.0,4.93,2.1,0.23,0.59
2019-08-13,600031,三一重工,11.05,10.74,11.07,10.67,779506,1038001232.0,3.57,-4.02,-0.45,0.93
2019-08-14,600031,三一重工,10.98,10.59,11.02,10.52,966597,1274686064.0,4.66,-1.4,-0.15,1.16
2019-08-15,600031,三一重工,10.3,10.78,10.81,10.22,715681,940155824.0,5.57,1.79,0.19,0.86
2019-08-16,600031,三一重工,10.77,10.74,10.91,10.71,487445,650384368.0,1.86,-0.37,-0.04,0.58
2019-08-19,600031,三一重工,10.95,11.04,11.13,10.74,717897,968457920.0,3.63,2.79,0.3,0.86
2019-08-20,600031,三一重工,11.04,11.43,11.5,10.99,910690,1259969840.0,4.62,3.53,0.39,1.09
2019-08-21,600031,三一重工,11.38,11.14,11.4,11.1,679770,933250816.0,2.62,-2.54,-0.29,0.82
2019-08-22,600031,三一重工,11.18,10.88,11.22,10.76,722772,970081792.0,4.13,-2.33,-0.26,0.87
2019-08-23,600031,三一重工,11.08,11.59,11.72,11.03,1463462,2047897824.0,6.34,6.53,0.71,1.76
2019-08-26,600031,三一重工,11.28,11.26,11.47,11.11,803158,1107860880.0,3.11,-2.85,-0.33,0.96
2019-08-27,600031,三一重工,11.34,11.31,11.46,11.19,967180,1339412192.0,2.4,0.44,0.05,1.16
2019-08-28,600031,三一重工,11.31,11.04,11.31,10.95,827266,1122652368.0,3.18,-2.39,-0.27,0.99
2019-08-29,600031,三一重工,11.06,10.94,11.18,10.86,707253,956494336.0,2.9,-0.91,-0.1,0.85
2019-08-30,600031,三一重工,11.09,10.95,11.24,10.8,765083,1035295632.0,4.02,0.09,0.01,0.92
2019-09-02,600031,三一重工,10.99,11.21,11.28,10.92,808718,1102295312.0,3.29,2.37,0.26,0.97
2019-09-03,600031,三一重工,11.21,11.07,11.21,10.88,825315,1117339632.0,2.94,-1.25,-0.14,0.99
2019-09-04,600031,三一重工,11.04,11.33,11.37,10.98,838012,1152923440.0,3.52,2.35,0.26,1.01
2019-09-05,600031,三一重工,11.59,12.08,12.41,11.59,2157788,3144494352.0,7.24,6.62,0.75,2.59
2019-09-06,600031,三一重工,12.08,12.23,12.28,11.95,1035156,1515242512.0,2.73,1.24,0.15,1.24
2019-09-09,600031,三一重工,12.46,12.35,12.61,12.21,1049221,1564971936.0,3.27,0.98,0.12,1.25
2019-09-10,600031,三一重工,12.35,12.15,12.35,12.1,575159,845527904.0,2.02,-1.62,-0.2,0.69
2019-09-11,600031,三一重工,12.21,12.08,12.32,11.94,653960,956352224.0,3.13,-0.58,-0.07,0.78
2019-09-12,600031,三一重工,12.08,12.23,12.25,12.05,516991,759039616.0,1.66,1.24,0.15,0.62
2019-09-16,600031,三一重工,12.27,12.06,12.33,11.95,536294,783175440.0,3.11,-1.39,-0.17,0.64
2019-09-17,600031,三一重工,11.98,11.8,12.01,11.65,629224,901652976.0,2.99,-2.16,-0.26,0.75
2019-09-18,600031,三一重工,11.88,11.88,11.92,11.73,421320,604412880.0,1.61,0.68,0.08,0.5
2019-09-19,600031,三一重工,11.91,11.92,11.94,11.68,450035,643932560.0,2.19,0.34,0.04,0.54
2019-09-20,600031,三一重工,11.96,12.3,12.43,11.94,1045237,1546135312.0,4.11,3.19,0.38,1.25
2019-09-23,600031,三一重工,12.18,11.92,12.2,11.79,620264,895573280.0,3.33,-3.09,-0.38,0.74
2019-09-24,600031,三一重工,11.74,11.82,11.93,11.56,526434,753253136.0,3.1,-0.84,-0.1,0.63
2019-09-25,600031,三一重工,11.75,11.88,11.96,11.64,447069,640982032.0,2.71,0.51,0.06,0.53
2019-09-26,600031,三一重工,11.88,11.87,12.23,11.84,760307,1108128672.0,3.28,-0.08,-0.01,0.91
2019-09-27,600031,三一重工,11.92,11.89,12.03,11.66,389975,560760992.0,3.12,0.17,0.02,0.47
2019-09-30,600031,三一重工,11.86,11.76,12.0,11.71,329784,473462400.0,2.44,-1.09,-0.13,0.39
2019-10-08,600031,三一重工,11.72,12.03,12.16,11.72,549270,799760752.0,3.74,2.3,0.27,0.65
2019-10-09,600031,三一重工,11.97,11.87,11.98,11.73,432112,620447312.0,2.08,-1.33,-0.16,0.51
2019-10-10,600031,三一重工,11.88,11.9,11.96,11.68,365682,524791520.0,2.36,0.25,0.03,0.43
2019-10-11,600031,三一重工,11.9,12.23,12.34,11.82,809238,1187034784.0,4.37,2.77,0.33,0.96
2019-10-14,600031,三一重工,12.33,12.25,12.41,12.1,717912,1057554592.0,2.53,0.16,0.02,0.85
2019-10-15,600031,三一重工,12.24,12.49,12.58,12.09,730382,1086998976.0,4.0,1.96,0.24,0.87
2019-10-16,600031,三一重工,12.58,12.35,12.63,12.25,639781,955373888.0,3.04,-1.12,-0.14,0.76
2019-10-17,600031,三一重工,12.31,12.27,12.44,12.13,424010,626455376.0,2.51,-0.65,-0.08,0.5
2019-10-18,600031,三一重工,12.25,11.89,12.32,11.81,551136,802150992.0,4.16,-3.1,-0.38,0.66
2019-10-21,600031,三一重工,11.87,11.94,12.02,11.74,360558,519229088.0,2.35,0.42,0.05,0.43
2019-10-22,600031,三一重工,11.96,11.98,12.0,11.84,252952,365302128.0,1.34,0.34,0.04,0.3
2019-10-23,600031,三一重工,12.02,11.75,12.02,11.69,366711,525765552.0,2.75,-1.92,-0.23,0.44
2019-10-24,600031,三一重工,11.75,11.49,11.77,11.4,680805,958499808.0,3.15,-2.21,-0.26,0.81
2019-10-25,600031,三一重工,11.54,11.55,11.56,11.27,560531,782206144.0,2.52,0.52,0.06,0.67
2019-10-28,600031,三一重工,11.54,11.42,11.66,11.35,656720,915563472.0,2.68,-1.13,-0.13,0.78
2019-10-29,600031,三一重工,11.42,11.34,11.53,11.31,393969,547529008.0,1.93,-0.7,-0.08,0.47
2019-10-30,600031,三一重工,11.18,11.39,11.44,10.69,961688,1307969872.0,6.61,0.44,0.05,1.14
2019-10-31,600031,三一重工,11.44,10.95,11.48,10.86,806024,1095669104.0,5.44,-3.86,-0.44,0.96
2019-11-01,600031,三一重工,10.95,11.38,11.49,10.88,874202,1206243424.0,5.57,3.93,0.43,1.04
2019-11-04,600031,三一重工,11.44,11.57,11.62,11.33,794534,1112385008.0,2.55,1.67,0.19,0.94
2019-11-05,600031,三一重工,11.56,11.61,11.78,11.53,777778,1104826960.0,2.16,0.35,0.04,0.92
2019-11-06,600031,三一重工,11.68,11.35,11.7,11.29,585313,817255104.0,3.53,-2.24,-0.26,0.7
2019-11-07,600031,三一重工,11.51,11.58,11.62,11.41,515428,724648976.0,1.85,2.03,0.23,0.61
2019-11-08,600031,三一重工,11.68,11.57,11.84,11.55,618538,880057680.0,2.5,-0.09,-0.01,0.74
2019-11-11,600031,三一重工,11.54,11.38,11.63,11.27,554964,775574928.0,3.11,-1.64,-0.19,0.66
2019-11-12,600031,三一重工,11.28,11.41,11.7,11.28,704902,985878256.0,3.69,0.26,0.03,0.84
2019-11-13,600031,三一重工,11.4,11.44,11.49,11.23,418086,580655008.0,2.28,0.26,0.03,0.5
2019-11-14,600031,三一重工,11.52,11.55,11.58,11.42,474773,667283344.0,1.4,0.96,0.11,0.56
2019-11-15,600031,三一重工,11.61,11.37,11.63,11.32,407272,570040192.0,2.68,-1.56,-0.18,0.48
2019-11-18,600031,三一重工,11.44,11.67,11.69,11.38,588220,829480400.0,2.73,2.64,0.3,0.7
2019-11-19,600031,三一重工,11.58,12.13,12.26,11.58,1076688,1569430416.0,5.83,3.94,0.46,1.28
2019-11-20,600031,三一重工,12.11,12.06,12.24,12.01,517427,757542528.0,1.9,-0.58,-0.07,0.62
2019-11-21,600031,三一重工,11.98,12.08,12.1,11.82,423692,614510736.0,2.32,0.17,0.02,0.5
2019-11-22,600031,三一重工,12.11,11.95,12.26,11.89,492163,717921328.0,3.06,-1.08,-0.13,0.59
2019-11-25,600031,三一重工,11.94,12.39,12.47,11.93,890677,1323664752.0,4.52,3.68,0.44,1.06
2019-11-26,600031,三一重工,12.42,12.42,12.47,12.22,658347,981629744.0,2.02,0.24,0.03,0.78
2019-11-27,600031,三一重工,12.37,12.37,12.55,12.24,520106,776306192.0,2.5,-0.4,-0.05,0.62
2019-11-28,600031,三一重工,12.39,12.32,12.44,12.21,298845,443161840.0,1.86,-0.4,-0.05,0.36
2019-11-29,600031,三一重工,12.29,11.96,12.32,11.84,597432,867039824.0,3.9,-2.92,-0.36,0.71
2019-12-02,600031,三一重工,12.02,12.4,12.47,12.02,707700,1052561408.0,3.76,3.68,0.44,0.84
2019-12-03,600031,三一重工,12.34,12.52,12.52,12.19,597178,889234528.0,2.66,0.97,0.12,0.71
2019-12-04,600031,三一重工,12.41,12.29,12.53,12.25,454410,674757456.0,2.24,-1.84,-0.23,0.54
2019-12-05,600031,三一重工,12.32,12.77,12.81,12.26,973782,1481455696.0,4.48,3.91,0.48,1.16
2019-12-06,600031,三一重工,12.83,13.05,13.1,12.81,821077,1272898896.0,2.27,2.19,0.28,0.98
2019-12-09,600031,三一重工,13.21,13.03,13.27,12.96,538206,840600080.0,2.38,-0.15,-0.02,0.64
2019-12-10,600031,三一重工,13.07,13.56,13.56,12.99,779400,1238018000.0,4.37,4.07,0.53,0.93
2019-12-11,600031,三一重工,13.66,13.55,13.83,13.4,718695,1158274208.0,3.17,-0.07,-0.01,0.85
2019-12-12,600031,三一重工,13.21,13.09,13.4,12.88,1090338,1705367328.0,3.84,-3.39,-0.46,1.3
2019-12-13,600031,三一重工,13.18,13.21,13.58,12.98,1010931,1591409296.0,4.58,0.92,0.12,1.2
2019-12-16,600031,三一重工,13.23,13.06,13.27,12.81,861210,1337720496.0,3.48,-1.14,-0.15,1.02
2019-12-17,600031,三一重工,13.08,13.13,13.23,12.84,860476,1338674016.0,2.99,0.54,0.07,1.02
2019-12-18,600031,三一重工,13.13,13.33,13.56,13.01,909980,1438277168.0,4.19,1.52,0.2,1.08
2019-12-19,600031,三一重工,13.25,13.13,13.31,12.98,533388,834080032.0,2.48,-1.5,-0.2,0.63
2019-12-20,600031,三一重工,13.09,12.97,13.16,12.91,442418,687324448.0,1.9,-1.22,-0.16,0.53
2019-12-23,600031,三一重工,13.09,13.17,13.56,13.09,1021454,1622052240.0,3.62,1.54,0.2,1.21
2019-12-24,600031,三一重工,13.18,13.41,13.52,13.18,540018,860766688.0,2.58,1.82,0.24,0.64
2019-12-25,600031,三一重工,13.54,14.03,14.04,13.42,904901,1480235056.0,4.62,4.62,0.62,1.08
2019-12-26,600031,三一重工,14.05,14.06,14.31,13.81,859277,1421324992.0,3.56,0.21,0.03,1.02
2019-12-27,600031,三一重工,14.02,14.13,14.26,13.91,680892,1130967136.0,2.49,0.5,0.07,0.81
2019-12-30,600031,三一重工,14.23,14.26,14.35,13.88,716469,1193995520.0,3.33,0.92,0.13,0.85
2019-12-31,600031,三一重工,14.31,14.53,14.83,14.28,864382,1476119872.0,3.86,1.89,0.27,1.03
2020-01-02,600031,三一重工,14.77,15.43,15.43,14.77,1252622,2220357984.0,4.54,6.19,0.9,1.49
2020-01-03,600031,三一重工,15.36,15.23,15.4,15.15,574811,1020558928.0,1.62,-1.3,-0.2,0.68
2020-01-06,600031,三一重工,15.18,14.65,15.34,14.32,1190170,2064200048.0,6.7,-3.81,-0.58,1.41
2020-01-07,600031,三一重工,14.68,14.67,14.89,14.46,912931,1566121312.0,2.94,0.14,0.02,1.08
2020-01-08,600031,三一重工,14.58,14.37,14.67,14.34,705016,1196593120.0,2.25,-2.04,-0.3,0.84
2020-01-09,600031,三一重工,14.66,14.56,14.72,14.23,728315,1236250784.0,3.41,1.32,0.19,0.86
2020-01-10,600031,三一重工,14.59,14.76,14.86,14.38,655437,1123808368.0,3.3,1.37,0.2,0.78
2020-01-13,600031,三一重工,14.76,14.53,14.76,14.28,855088,1446436400.0,3.25,-1.56,-0.23,1.02
2020-01-14,600031,三一重工,14.48,14.45,14.72,14.41,618437,1055742352.0,2.13,-0.55,-0.08,0.73
2020-01-15,600031,三一重工,14.44,14.41,14.54,14.24,482491,814800800.0,2.08,-0.28,-0.04,0.57
2020-01-16,600031,三一重工,14.36,14.46,14.58,14.33,444745,754533440.0,1.73,0.35,0.05,0.53
2020-01-17,600031,三一重工,14.46,14.36,14.54,14.26,549844,927564704.0,1.94,-0.69,-0.1,0.65
2020-01-20,600031,三一重工,14.58,14.73,14.8,14.38,751435,1289490608.0,2.92,2.58,0.37,0.89
2020-01-21,600031,三一重工,14.76,14.0,14.85,13.37,1463486,2414249536.0,10.05,-4.96,-0.73,1.74
2020-01-22,600031,三一重工,13.78,14.38,14.44,13.56,891455,1484040048.0,6.29,2.71,0.38,1.06
2020-01-23,600031,三一重工,14.2,13.51,14.33,13.31,1009767,1645595968.0,7.09,-6.05,-0.87,1.2
2020-02-03,600031,三一重工,11.91,11.91,12.35,11.91,1624903,2353056256.0,3.26,-11.84,-1.6,1.93
2020-02-04,600031,三一重工,11.87,12.88,12.94,11.87,1492090,2255373904.0,8.98,8.14,0.97,1.77
2020-02-05,600031,三一重工,13.25,13.07,13.56,12.98,1094287,1732373664.0,4.5,1.48,0.19,1.3
2020-02-06,600031,三一重工,13.38,13.48,13.52,12.96,865674,1373806720.0,4.28,3.14,0.41,1.03
2020-02-07,600031,三一重工,13.36,13.27,13.5,13.0,883301,1387784944.0,3.71,-1.56,-0.21,1.05
2020-02-10,600031,三一重工,13.14,13.93,13.98,12.91,1360783,2193870016.0,8.06,4.97,0.66,1.62
2020-02-11,600031,三一重工,13.81,14.03,14.33,13.75,902552,1497726304.0,4.16,0.72,0.1,1.07
2020-02-12,600031,三一重工,14.03,14.07,14.18,13.89,756440,1251331040.0,2.07,0.29,0.04,0.9
2020-02-13,600031,三一重工,14.11,14.27,14.31,14.0,772920,1292133296.0,2.2,1.42,0.2,0.92
2020-02-14,600031,三一重工,14.18,14.28,14.38,14.05,564026,943306464.0,2.31,0.07,0.01,0.67
2020-02-17,600031,三一重工,14.23,14.66,14.67,14.18,719905,1226010464.0,3.43,2.66,0.38,0.85
2020-02-18,600031,三一重工,14.68,14.46,14.69,14.25,669850,1134502944.0,3.0,-1.36,-0.2,0.8
2020-02-19,600031,三一重工,14.4,14.22,14.43,14.21,511877,860772832.0,1.52,-1.66,-0.24,0.61
2020-02-20,600031,三一重工,14.21,14.48,14.48,14.0,830469,1392474720.0,3.38,1.83,0.26,0.99
2020-02-21,600031,三一重工,14.43,14.7,14.81,14.31,856679,1470712912.0,3.45,1.52,0.22,1.02
2020-02-24,600031,三一重工,14.78,14.76,15.03,14.59,802053,1388759040.0,2.99,0.41,0.06,0.95
2020-02-25,600031,三一重工,14.38,14.31,14.55,13.92,952158,1602303232.0,4.27,-3.05,-0.45,1.13
2020-02-26,600031,三一重工,14.08,14.38,14.81,13.81,1027939,1739253344.0,6.99,0.49,0.07,1.22
2020-02-27,600031,三一重工,14.54,15.18,15.3,14.49,1419387,2497109136.0,5.63,5.56,0.8,1.69
2020-02-28,600031,三一重工,14.85,14.91,15.57,14.57,1416579,2495606096.0,6.59,-1.78,-0.27,1.68
2020-03-02,600031,三一重工,15.0,16.42,16.58,15.0,1987411,3704875104.0,10.6,10.13,1.51,2.36
2020-03-03,600031,三一重工,16.78,15.96,16.9,15.53,1882704,3501917744.0,8.34,-2.8,-0.46,2.24
2020-03-04,600031,三一重工,15.79,16.3,16.38,15.65,1103691,2048768992.0,4.57,2.13,0.34,1.31
2020-03-05,600031,三一重工,16.35,16.33,16.76,16.06,1016022,1918408688.0,4.29,0.18,0.03,1.21
2020-03-06,600031,三一重工,16.03,15.73,16.08,15.58,847608,1548199488.0,3.06,-3.67,-0.6,1.01
2020-03-09,600031,三一重工,15.38,15.02,15.72,15.0,842669,1496449792.0,4.58,-4.51,-0.71,1.0
2020-03-10,600031,三一重工,14.73,15.37,15.58,14.72,734369,1303292400.0,5.73,2.33,0.35,0.87
2020-03-11,600031,三一重工,15.48,14.89,15.52,14.85,621752,1095904128.0,4.36,-3.12,-0.48,0.74
2020-03-12,600031,三一重工,14.58,14.48,14.87,14.3,687928,1173754928.0,3.83,-2.75,-0.41,0.82
2020-03-13,600031,三一重工,13.66,14.24,14.78,13.52,1118069,1855260000.0,8.7,-1.66,-0.24,1.33
2020-03-16,600031,三一重工,14.48,13.04,14.51,12.87,1365812,2191215664.0,11.52,-8.43,-1.2,1.62
2020-03-17,600031,三一重工,12.99,13.4,13.61,12.55,1294079,2043349792.0,8.13,2.76,0.36,1.54
2020-03-18,600031,三一重工,13.53,12.87,14.04,12.83,1268343,2019145520.0,9.03,-3.96,-0.53,1.51
2020-03-19,600031,三一重工,12.87,12.5,13.27,12.07,1857022,2795031856.0,9.32,-2.87,-0.37,2.21
2020-03-20,600031,三一重工,12.75,13.38,13.58,12.59,1621515,2535009088.0,7.92,7.04,0.88,1.93
2020-03-23,600031,三一重工,12.86,13.45,13.74,12.66,1433476,2276282576.0,8.07,0.52,0.07,1.7
2020-03-24,600031,三一重工,13.85,14.2,14.25,13.79,1236428,2052011008.0,3.42,5.58,0.75,1.47
2020-03-25,600031,三一重工,14.83,14.48,14.88,14.09,1090488,1855915840.0,5.56,1.97,0.28,1.29
2020-03-26,600031,三一重工,14.28,14.28,14.78,14.12,553463,938225856.0,4.56,-1.38,-0.2,0.66
2020-03-27,600031,三一重工,14.53,14.73,15.03,14.41,869676,1504500992.0,4.34,3.15,0.45,1.03
2020-03-30,600031,三一重工,14.58,15.09,15.21,14.49,946335,1656740880.0,4.89,2.44,0.36,1.12
2020-03-31,600031,三一重工,15.31,14.78,15.47,14.74,726172,1271369232.0,4.84,-2.05,-0.31,0.86
2020-04-01,600031,三一重工,14.83,14.98,15.18,14.57,677165,1183142304.0,4.13,1.35,0.2,0.8
2020-04-02,600031,三一重工,14.78,15.01,15.03,14.51,648220,1121373616.0,3.47,0.2,0.03,0.77
2020-04-03,600031,三一重工,15.08,15.36,15.48,15.01,684121,1220986656.0,3.13,2.33,0.35,0.81
2020-04-07,600031,三一重工,16.25,16.48,16.57,15.9,1468799,2766888336.0,4.36,7.29,1.12,1.74
2020-04-08,600031,三一重工,16.43,16.38,16.64,16.18,578733,1094332576.0,2.79,-0.61,-0.1,0.69
2020-04-09,600031,三一重工,16.48,16.36,16.58,16.06,492734,927829200.0,3.17,-0.12,-0.02,0.58
2020-04-10,600031,三一重工,16.48,16.55,17.09,16.43,818170,1577423088.0,4.03,1.16,0.19,0.97
2020-04-13,600031,三一重工,17.05,17.3,17.78,16.66,1249240,2462941168.0,6.77,4.53,0.75,1.48
2020-04-14,600031,三一重工,17.48,17.3,17.52,16.98,873913,1721615808.0,3.12,0.0,0.0,1.04
2020-04-15,600031,三一重工,17.32,16.69,17.36,16.49,925896,1783508368.0,5.03,-3.53,-0.61,1.1
2020-04-16,600031,三一重工,16.51,16.64,16.92,16.3,693147,1324759920.0,3.71,-0.3,-0.05,0.82
2020-04-17,600031,三一重工,16.84,17.08,17.4,16.66,787245,1544122560.0,4.45,2.64,0.44,0.93
2020-04-20,600031,三一重工,17.28,17.11,17.76,16.91,783297,1551277840.0,4.98,0.18,0.03,0.93
2020-04-21,600031,三一重工,16.94,16.98,17.14,16.71,458672,889652960.0,2.51,-0.76,-0.13,0.54
2020-04-22,600031,三一重工,16.78,16.98,17.06,16.63,491439,951583952.0,2.53,0.0,0.0,0.58
2020-04-23,600031,三一重工,17.08,16.59,17.08,16.58,575562,1109009760.0,2.94,-2.3,-0.39,0.68
2020-04-24,600031,三一重工,16.75,16.68,17.08,16.59,529127,1021897392.0,2.95,0.54,0.09,0.63
2020-04-27,600031,三一重工,16.98,16.85,17.03,16.4,607375,1174505648.0,3.78,1.02,0.17,0.72
2020-04-28,600031,三一重工,16.96,17.26,17.29,16.68,671563,1317003632.0,3.62,2.43,0.41,0.8
2020-04-29,600031,三一重工,16.38,16.95,17.06,16.23,720573,1392910784.0,4.81,-1.8,-0.31,0.85
2020-04-30,600031,三一重工,16.93,17.13,17.34,16.93,489739,964074608.0,2.42,1.06,0.18,0.58
2020-05-06,600031,三一重工,17.08,17.7,17.86,16.98,711132,1426986800.0,5.14,3.33,0.57,0.84
2020-05-07,600031,三一重工,17.63,17.77,17.83,17.53,435899,880804784.0,1.69,0.4,0.07,0.52
2020-05-08,600031,三一重工,17.82,17.87,18.31,17.68,668443,1367396032.0,3.55,0.56,0.1,0.79
2020-05-11,600031,三一重工,17.94,18.0,18.42,17.86,592394,1224527472.0,3.13,0.73,0.13,0.7
2020-05-12,600031,三一重工,18.04,18.04,18.51,17.82,579586,1196492608.0,3.83,0.22,0.04,0.69
2020-05-13,600031,三一重工,17.58,17.79,17.81,17.36,701477,1410207360.0,2.49,-1.39,-0.25,0.83
2020-05-14,600031,三一重工,17.61,17.51,17.68,17.39,379912,761073904.0,1.63,-1.57,-0.28,0.45
2020-05-15,600031,三一重工,17.54,16.79,17.63,16.61,1051721,2044917680.0,5.83,-4.11,-0.72,1.25
2020-05-18,600031,三一重工,17.16,17.3,17.36,16.88,610027,1201179648.0,2.86,3.04,0.51,0.72
2020-05-19,600031,三一重工,17.31,17.49,17.76,17.29,559684,1123267392.0,2.72,1.1,0.19,0.66
2020-05-20,600031,三一重工,17.58,17.0,17.63,16.81,718738,1412760880.0,4.69,-2.8,-0.49,0.85
2020-05-21,600031,三一重工,17.23,16.44,17.23,16.28,813759,1551045824.0,5.59,-3.29,-0.56,0.97
2020-05-22,600031,三一重工,16.28,16.2,16.41,15.83,686736,1282126960.0,3.53,-1.46,-0.24,0.81
2020-05-25,600031,三一重工,16.32,16.62,16.62,15.89,663496,1253410560.0,4.51,2.59,0.42,0.79
2020-05-26,600031,三一重工,16.64,16.58,16.91,16.29,590264,1126321504.0,3.73,-0.24,-0.04,0.7
2020-05-27,600031,三一重工,16.59,15.89,16.6,15.77,788032,1458537408.0,5.01,-4.16,-0.69,0.93
2020-05-28,600031,三一重工,15.71,15.83,16.13,15.65,567018,1042169776.0,3.02,-0.38,-0.06,0.67
2020-05-29,600031,三一重工,15.82,15.81,16.02,15.69,493770,907056880.0,2.08,-0.13,-0.02,0.59
2020-06-01,600031,三一重工,16.13,16.31,16.45,15.91,713878,1336487344.0,3.42,3.16,0.5,0.85
2020-06-02,600031,三一重工,16.35,16.11,16.46,16.04,679616,1269322672.0,2.58,-1.23,-0.2,0.81
2020-06-03,600031,三一重工,16.12,16.39,16.83,16.12,962965,1839549616.0,4.41,1.74,0.28,1.14
2020-06-04,600031,三一重工,16.51,16.46,16.59,16.19,465080,879278656.0,2.44,0.43,0.07,0.55
2020-06-05,600031,三一重工,16.48,16.27,16.53,15.92,647325,1211333440.0,3.71,-1.15,-0.19,0.77
2020-06-08,600031,三一重工,16.53,16.44,16.84,16.35,647520,1235425712.0,3.01,1.04,0.17,0.77
2020-06-09,600031,三一重工,16.63,16.72,16.83,16.29,679350,1302477296.0,3.28,1.7,0.28,0.81
2020-06-10,600031,三一重工,16.65,16.83,16.92,16.55,613612,1182146624.0,2.21,0.66,0.11,0.73
2020-06-11,600031,三一重工,16.83,17.18,17.44,16.65,979883,1933445104.0,4.69,2.08,0.35,1.16
2020-06-12,600031,三一重工,16.82,16.98,17.04,16.68,658810,1276500672.0,2.1,-1.16,-0.2,0.78
2020-06-15,600031,三一重工,16.78,16.84,17.28,16.68,658140,1284394800.0,3.53,-0.82,-0.14,0.78
2020-06-16,600031,三一重工,16.99,17.07,17.33,16.96,558843,1097883504.0,2.2,1.37,0.23,0.66
2020-06-17,600031,三一重工,16.98,16.72,17.03,16.51,714692,1371020672.0,3.05,-2.05,-0.35,0.85
2020-06-18,600031,三一重工,16.68,16.73,16.82,16.46,601030,1152938112.0,2.15,0.06,0.01,0.71
2020-06-19,600031,三一重工,16.53,16.68,16.79,16.49,740994,1420667520.0,1.79,-0.3,-0.05,0.88
2020-06-22,600031,三一重工,16.63,16.08,16.63,15.93,1335199,2489601872.0,4.2,-3.6,-0.6,1.58
2020-06-23,600031,三一重工,16.09,15.91,16.09,15.66,1044211,1924379584.0,2.67,-1.06,-0.17,1.24
2020-06-24,600031,三一重工,15.98,16.01,16.2,15.93,814086,1513971856.0,1.7,0.63,0.1,0.96
2020-06-29,600031,三一重工,15.87,16.12,16.17,15.65,863324,1595914976.0,3.25,0.69,0.11,1.02
2020-06-30,600031,三一重工,16.23,16.24,16.38,16.18,496290,933356192.0,1.24,0.74,0.12,0.59
2020-07-01,600031,三一重工,16.25,16.86,17.02,16.25,1061603,2046748928.0,4.74,3.82,0.62,1.26
2020-07-02,600031,三一重工,16.86,17.7,17.78,16.82,1562526,3130163056.0,5.69,4.98,0.84,1.85
2020-07-03,600031,三一重工,17.85,17.91,18.36,17.6,1175785,2407758160.0,4.29,1.19,0.21,1.39
2020-07-06,600031,三一重工,18.04,18.58,19.29,18.04,1350595,2854308016.0,6.98,3.74,0.67,1.6
2020-07-07,600031,三一重工,18.98,18.33,19.27,18.22,1280994,2699792080.0,5.65,-1.35,-0.25,1.51
2020-07-08,600031,三一重工,18.31,18.12,18.33,17.83,1196256,2458884480.0,2.73,-1.15,-0.21,1.41
2020-07-09,600031,三一重工,18.18,18.44,18.44,17.79,1301956,2682957904.0,3.59,1.77,0.32,1.54
2020-07-10,600031,三一重工,18.4,17.92,18.64,17.82,1039102,2152925680.0,4.45,-2.82,-0.52,1.23
2020-07-13,600031,三一重工,17.98,19.08,19.08,17.95,1506125,3192356768.0,6.31,6.47,1.16,1.78
2020-07-14,600031,三一重工,19.08,18.5,19.08,18.14,1109439,2335220656.0,4.93,-3.04,-0.58,1.31
2020-07-15,600031,三一重工,18.98,18.95,19.54,18.78,1446882,3136147984.0,4.11,2.43,0.45,1.71
2020-07-16,600031,三一重工,18.98,17.93,19.46,17.88,1139628,2412129056.0,8.34,-5.38,-1.02,1.35
2020-07-17,600031,三一重工,17.97,18.33,18.63,17.78,814126,1699080320.0,4.74,2.23,0.4,0.96
2020-07-20,600031,三一重工,18.63,20.23,20.32,18.48,1759486,3888774528.0,10.04,10.37,1.9,2.08
2020-07-21,600031,三一重工,20.27,20.34,20.47,19.71,1030077,2328986176.0,3.76,0.54,0.11,1.22
2020-07-22,600031,三一重工,20.35,19.69,20.45,19.51,1350300,2967048960.0,4.62,-3.2,-0.65,1.6
2020-07-23,600031,三一重工,19.48,19.7,19.87,18.9,946981,2039145744.0,4.93,0.05,0.01,1.12
2020-07-24,600031,三一重工,20.02,19.0,20.08,18.57,1056436,2259425520.0,7.66,-3.55,-0.7,1.25
2020-07-27,600031,三一重工,19.0,19.03,19.5,18.8,599077,1271631600.0,3.68,0.16,0.03,0.71
2020-07-28,600031,三一重工,19.2,18.92,19.27,18.7,661063,1392758928.0,3.0,-0.58,-0.11,0.78
2020-07-29,600031,三一重工,18.9,19.32,19.33,18.5,675959,1428657104.0,4.39,2.11,0.4,0.8
2020-07-30,600031,三一重工,19.31,19.21,19.89,19.14,658904,1421010688.0,3.88,-0.57,-0.11,0.78
2020-07-31,600031,三一重工,18.95,19.01,19.49,18.75,864492,1825436656.0,3.85,-1.04,-0.2,1.02
2020-08-03,600031,三一重工,19.0,19.4,19.66,18.95,1082578,2316662016.0,3.73,2.05,0.39,1.28
2020-08-04,600031,三一重工,19.4,19.71,19.75,19.26,865797,1873451728.0,2.53,1.6,0.31,1.02
2020-08-05,600031,三一重工,19.71,19.21,19.74,18.91,1026937,2184380816.0,4.21,-2.54,-0.5,1.21
2020-08-06,600031,三一重工,19.21,18.87,19.26,18.59,815159,1709106816.0,3.49,-1.77,-0.34,0.96
2020-08-07,600031,三一重工,18.9,19.07,19.34,18.82,719796,1523748224.0,2.76,1.06,0.2,0.85
2020-08-10,600031,三一重工,18.96,18.95,19.2,18.63,597944,1258735824.0,2.99,-0.63,-0.12,0.71
2020-08-11,600031,三一重工,19.06,18.76,19.35,18.76,610290,1290646176.0,3.11,-1.0,-0.19,0.72
2020-08-12,600031,三一重工,18.8,18.21,18.8,17.75,915424,1849286464.0,5.6,-2.93,-0.55,1.08
2020-08-13,600031,三一重工,18.3,18.13,18.36,18.06,376900,765182448.0,1.65,-0.44,-0.08,0.45
2020-08-14,600031,三一重工,18.1,18.3,18.35,17.8,614042,1238508432.0,3.03,0.94,0.17,0.73
2020-08-17,600031,三一重工,18.35,19.2,19.3,18.35,952736,2006173248.0,5.19,4.92,0.9,1.13
2020-08-18,600031,三一重工,19.2,19.09,19.24,18.96,387062,820800192.0,1.46,-0.57,-0.11,0.46
2020-08-19,600031,三一重工,19.09,19.16,19.65,19.07,728041,1563829648.0,3.04,0.37,0.07,0.86
2020-08-20,600031,三一重工,19.1,19.21,19.74,18.97,596337,1278795744.0,4.02,0.26,0.05,0.7
2020-08-21,600031,三一重工,19.35,19.0,19.44,18.75,467556,986358128.0,3.59,-1.09,-0.21,0.55
2020-08-24,600031,三一重工,19.01,19.88,20.09,18.89,1295135,2840129872.0,6.32,4.63,0.88,1.53
2020-08-25,600031,三一重工,20.1,20.32,20.49,19.78,859928,1920986848.0,3.57,2.21,0.44,1.01
2020-08-26,600031,三一重工,20.32,20.15,20.75,19.9,740500,1657908992.0,4.18,-0.84,-0.17,0.87
2020-08-27,600031,三一重工,20.46,20.58,20.8,20.2,871875,1976006016.0,2.98,2.13,0.43,1.03
2020-08-28,600031,三一重工,19.14,20.25,20.43,19.14,1227941,2716370592.0,6.27,-1.6,-0.33,1.45
2020-08-31,600031,三一重工,20.47,20.04,21.05,20.03,751450,1692195984.0,5.04,-1.04,-0.21,0.89
2020-09-01,600031,三一重工,20.23,20.1,20.3,19.85,424245,939907136.0,2.25,0.3,0.06,0.5
2020-09-02,600031,三一重工,20.48,21.11,21.25,20.19,999767,2286144912.0,5.27,5.02,1.01,1.18
2020-09-03,600031,三一重工,21.5,21.68,22.29,21.2,1134896,2705479232.0,5.16,2.7,0.57,1.34
2020-09-04,600031,三一重工,21.16,21.08,21.6,20.8,745188,1728850784.0,3.69,-2.77,-0.6,0.88
2020-09-07,600031,三一重工,21.16,20.31,21.2,20.05,744516,1690659968.0,5.46,-3.65,-0.77,0.88
2020-09-08,600031,三一重工,20.5,21.28,21.28,20.33,741715,1698997904.0,4.68,4.78,0.97,0.88
2020-09-09,600031,三一重工,20.92,20.29,20.93,19.97,788891,1769326528.0,4.51,-4.65,-0.99,0.93
2020-09-10,600031,三一重工,20.47,20.76,21.1,20.45,734639,1686139536.0,3.2,2.32,0.47,0.87
2020-09-11,600031,三一重工,20.64,20.97,21.09,20.3,475510,1087238128.0,3.81,1.01,0.21,0.56
2020-09-14,600031,三一重工,21.2,20.84,21.4,20.63,605914,1390969680.0,3.67,-0.62,-0.13,0.72
2020-09-15,600031,三一重工,20.82,21.92,22.0,20.57,910781,2158226672.0,6.86,5.18,1.08,1.07
2020-09-16,600031,三一重工,21.8,21.95,22.6,21.7,816551,1978847584.0,4.11,0.14,0.03,0.96
2020-09-17,600031,三一重工,21.8,22.96,23.09,21.71,1133604,2813510848.0,6.29,4.6,1.01,1.34
2020-09-18,600031,三一重工,22.77,23.1,23.35,22.41,862339,2159126864.0,4.09,0.61,0.14,1.02
2020-09-21,600031,三一重工,23.07,23.12,23.66,22.9,615524,1560267520.0,3.29,0.09,0.02,0.73
2020-09-22,600031,三一重工,22.7,22.63,23.08,22.4,599195,1480976256.0,2.94,-2.12,-0.49,0.71
2020-09-23,600031,三一重工,22.8,22.9,23.3,22.66,473584,1186164752.0,2.83,1.19,0.27,0.56
2020-09-24,600031,三一重工,22.6,22.51,22.83,22.31,388594,956805376.0,2.27,-1.7,-0.39,0.46
2020-09-25,600031,三一重工,22.65,22.18,22.72,21.82,448398,1091392816.0,4.0,-1.47,-0.33,0.53
2020-09-28,600031,三一重工,22.52,22.65,23.02,22.43,532916,1322422688.0,2.66,2.12,0.47,0.63
2020-09-29,600031,三一重工,22.7,22.64,22.84,22.35,354185,873924160.0,2.16,-0.04,-0.01,0.42
2020-09-30,600031,三一重工,22.64,22.79,22.98,22.52,491498,1222149712.0,2.03,0.66,0.15,0.58
2020-10-09,600031,三一重工,23.42,23.48,23.98,23.29,675648,1738363440.0,3.03,3.03,0.69,0.8
2020-10-12,600031,三一重工,23.48,25.34,25.53,23.48,1046216,2799174912.0,8.73,7.92,1.86,1.23
2020-10-13,600031,三一重工,25.34,25.55,26.24,24.88,606788,1672567920.0,5.37,0.83,0.21,0.72
2020-10-14,600031,三一重工,25.47,25.41,26.01,25.2,730056,2017755776.0,3.17,-0.55,-0.14,0.86
2020-10-15,600031,三一重工,25.7,25.37,26.02,25.15,585319,1613151968.0,3.42,-0.16,-0.04,0.69
2020-10-16,600031,三一重工,25.2,25.19,25.8,24.9,543640,1489435232.0,3.55,-0.71,-0.18,0.64
2020-10-19,600031,三一重工,25.4,24.89,25.55,24.73,511624,1391085360.0,3.26,-1.19,-0.3,0.6
2020-10-20,600031,三一重工,24.89,25.06,25.07,24.57,501106,1347648880.0,2.01,0.68,0.17,0.59
2020-10-21,600031,三一重工,25.11,25.02,25.25,24.65,414174,1118523760.0,2.39,-0.16,-0.04,0.49
2020-10-22,600031,三一重工,24.75,24.43,24.77,23.8,757878,1987790672.0,3.88,-2.36,-0.59,0.89
2020-10-23,600031,三一重工,24.24,22.68,24.35,22.27,1374695,3460702256.0,8.51,-7.16,-1.75,1.62
2020-10-26,600031,三一重工,21.9,22.95,23.19,21.6,701945,1730229104.0,7.01,1.19,0.27,0.83
2020-10-27,600031,三一重工,23.04,23.22,23.22,22.7,563291,1413156656.0,2.27,1.18,0.27,0.66
2020-10-28,600031,三一重工,23.22,23.24,23.69,22.94,490379,1244099984.0,3.23,0.09,0.02,0.58
2020-10-29,600031,三一重工,22.9,24.02,24.1,22.73,603649,1551638624.0,5.9,3.36,0.78,0.71
2020-10-30,600031,三一重工,23.78,23.85,24.88,23.62,804182,2113176736.0,5.25,-0.71,-0.17,0.95
2020-11-02,600031,三一重工,24.62,24.1,24.65,23.75,538941,1411134592.0,3.77,1.05,0.25,0.64
2020-11-03,600031,三一重工,24.1,23.17,24.19,22.88,1113469,2814300336.0,5.44,-3.86,-0.93,1.31
2020-11-04,600031,三一重工,23.1,23.58,23.65,22.91,611433,1557477792.0,3.19,1.77,0.41,0.72
2020-11-05,600031,三一重工,23.63,24.64,24.77,23.63,779839,2057800576.0,4.83,4.5,1.06,0.92
2020-11-06,600031,三一重工,24.88,25.39,25.47,24.5,763066,2080409824.0,3.94,3.04,0.75,0.9
2020-11-09,600031,三一重工,25.7,25.44,26.04,24.79,856249,2348800992.0,4.92,0.2,0.05,1.01
2020-11-10,600031,三一重工,25.88,25.22,25.88,24.81,558824,1523209504.0,4.21,-0.86,-0.22,0.66
2020-11-11,600031,三一重工,25.23,26.21,26.76,25.11,1015374,2873205488.0,6.54,3.93,0.99,1.2
2020-11-12,600031,三一重工,26.21,26.6,26.78,25.81,718595,2041558432.0,3.7,1.49,0.39,0.85
2020-11-13,600031,三一重工,26.18,26.06,26.4,25.5,674807,1888773520.0,3.38,-2.03,-0.54,0.8
2020-11-16,600031,三一重工,26.3,26.2,26.6,25.92,587131,1663042800.0,2.61,0.54,0.14,0.69
2020-11-17,600031,三一重工,26.2,26.16,26.67,25.75,576259,1625999088.0,3.51,-0.15,-0.04,0.68
2020-11-18,600031,三一重工,26.1,25.4,26.23,25.25,655156,1812028736.0,3.75,-2.91,-0.76,0.77
2020-11-19,600031,三一重工,25.42,25.79,26.0,24.92,473829,1312627776.0,4.25,1.54,0.39,0.56
2020-11-20,600031,三一重工,25.9,26.82,26.98,25.8,803185,2310918112.0,4.58,3.99,1.03,0.95
2020-11-23,600031,三一重工,26.98,28.0,28.48,26.98,975521,2935465152.0,5.59,4.4,1.18,1.15
2020-11-24,600031,三一重工,27.65,28.01,28.07,27.5,510406,1524753984.0,2.04,0.04,0.01,0.6
2020-11-25,600031,三一重工,27.77,27.22,28.06,27.1,479353,1418398048.0,3.43,-2.82,-0.79,0.57
2020-11-26,600031,三一重工,27.18,27.51,27.59,26.68,521332,1524574368.0,3.34,1.07,0.29,0.62
2020-11-27,600031,三一重工,27.55,29.01,29.01,27.54,1167367,3582266064.0,5.34,5.45,1.5,1.38
2020-11-30,600031,三一重工,28.98,28.61,29.59,28.52,987541,3070632192.0,3.69,-1.38,-0.4,1.17
2020-12-01,600031,三一重工,28.73,30.13,30.13,28.62,920980,2910744352.0,5.28,5.31,1.52,1.09
2020-12-02,600031,三一重工,30.13,30.29,30.74,29.68,867102,2804144624.0,3.52,0.53,0.16,1.02
2020-12-03,600031,三一重工,29.92,29.56,30.12,29.19,670902,2125628944.0,3.07,-2.41,-0.73,0.79
2020-12-04,600031,三一重工,29.4,29.95,29.97,29.08,583231,1846526208.0,3.01,1.32,0.39,0.69
2020-12-07,600031,三一重工,30.15,29.83,30.54,29.43,529457,1693543488.0,3.71,-0.4,-0.12,0.62
2020-12-08,600031,三一重工,29.75,29.38,30.2,29.28,530555,1679037712.0,3.08,-1.51,-0.45,0.63
2020-12-09,600031,三一重工,29.4,28.71,29.49,28.68,622512,1932582688.0,2.76,-2.28,-0.67,0.73
2020-12-10,600031,三一重工,28.83,28.75,29.18,28.45,447498,1384308944.0,2.54,0.14,0.04,0.53
2020-12-11,600031,三一重工,28.82,29.4,29.75,28.66,716270,2245919248.0,3.79,2.26,0.65,0.85
2020-12-14,600031,三一重工,29.01,29.21,29.33,28.5,628369,1945861440.0,2.82,-0.65,-0.19,0.74
2020-12-15,600031,三一重工,29.43,29.43,30.01,28.9,760452,2395813280.0,3.8,0.75,0.22,0.9
2020-12-16,600031,三一重工,29.3,30.23,30.39,29.1,747973,2393611360.0,4.38,2.72,0.8,0.88
2020-12-17,600031,三一重工,30.1,30.27,30.35,29.61,622379,1994068576.0,2.45,0.13,0.04,0.73
2020-12-18,600031,三一重工,30.08,29.46,30.27,29.41,678282,2151628160.0,2.84,-2.68,-0.81,0.8
2020-12-21,600031,三一重工,29.3,28.9,29.3,28.48,807549,2499821360.0,2.78,-1.9,-0.56,0.95
2020-12-22,600031,三一重工,28.9,29.2,30.01,28.71,739694,2335618736.0,4.5,1.04,0.3,0.87
2020-12-23,600031,三一重工,29.4,30.42,30.61,29.22,882038,2842479552.0,4.76,4.18,1.22,1.04
2020-12-24,600031,三一重工,30.7,30.58,31.27,30.22,707390,2328006816.0,3.45,0.53,0.16,0.83
2020-12-25,600031,三一重工,30.77,31.61,31.64,30.52,631014,2106101968.0,3.66,3.37,1.03,0.74
2020-12-28,600031,三一重工,31.7,31.85,32.3,31.32,667544,2264075760.0,3.1,0.76,0.24,0.79
2020-12-29,600031,三一重工,31.7,31.37,31.82,31.01,524753,1757111904.0,2.54,-1.51,-0.48,0.62
2020-12-30,600031,三一重工,31.28,32.35,32.4,31.16,638564,2185368336.0,3.95,3.12,0.98,0.75
2020-12-31,600031,三一重工,32.4,32.88,33.06,32.17,619459,2163211136.0,2.75,1.64,0.53,0.73
2021-01-04,600031,三一重工,33.15,32.7,33.91,32.3,1027586,3603293520.0,4.9,-0.55,-0.18,1.21
2021-01-05,600031,三一重工,32.41,34.45,34.7,32.2,1072169,3824580576.0,7.65,5.35,1.75,1.26
2021-01-06,600031,三一重工,34.48,34.86,35.36,33.9,1097482,4029568416.0,4.24,1.19,0.41,1.29
2021-01-07,600031,三一重工,35.4,38.29,38.56,35.18,1401786,5461735680.0,9.7,9.84,3.43,1.65
2021-01-08,600031,三一重工,38.29,38.27,39.28,36.91,1459535,5862015232.0,6.19,-0.05,-0.02,1.72
2021-01-11,600031,三一重工,38.2,39.78,41.96,37.9,1423882,5987453184.0,10.61,3.95,1.51,1.68
2021-01-12,600031,三一重工,38.91,43.6,43.6,38.91,1608950,7025190912.0,11.79,9.6,3.82,1.9
2021-01-13,600031,三一重工,43.6,42.1,46.8,40.9,2631426,12046368256.0,13.53,-3.44,-1.5,3.1
2021-01-14,600031,三一重工,41.78,39.2,42.8,38.5,2382252,10093647872.0,10.21,-6.89,-2.9,2.81
2021-01-15,600031,三一重工,39.2,39.34,40.07,37.34,1754349,7217736704.0,6.96,0.36,0.14,2.07
2021-01-18,600031,三一重工,39.35,39.55,40.05,37.66,1213881,5015823872.0,6.08,0.53,0.21,1.43
2021-01-19,600031,三一重工,38.91,37.2,39.48,36.92,1684572,6743015936.0,6.47,-5.94,-2.35,1.99
2021-01-20,600031,三一重工,37.2,37.75,38.35,37.2,1098107,4384907776.0,3.09,1.48,0.55,1.3
2021-01-21,600031,三一重工,38.32,39.7,39.7,38.32,1379488,5684796416.0,3.66,5.17,1.95,1.63
2021-01-22,600031,三一重工,39.62,39.2,39.62,38.31,1124267,4609062144.0,3.3,-1.26,-0.5,1.33
2021-01-25,600031,三一重工,38.9,41.4,41.75,37.68,1759796,7428447488.0,10.38,5.61,2.2,2.08
2021-01-26,600031,三一重工,40.68,39.37,40.84,39.08,1219118,5111613440.0,4.25,-4.9,-2.03,1.44
2021-01-27,600031,三一重工,38.9,40.3,40.47,38.71,1122315,4719968512.0,4.47,2.36,0.93,1.32
2021-01-28,600031,三一重工,38.69,38.26,39.71,38.06,986387,4042306496.0,4.09,-5.06,-2.04,1.16
2021-01-29,600031,三一重工,39.04,38.36,39.29,37.7,883512,3591302400.0,4.16,0.26,0.1,1.04
2021-02-01,600031,三一重工,38.0,39.62,39.87,37.28,958694,3946176208.0,6.75,3.28,1.26,1.13
2021-02-02,600031,三一重工,40.1,40.08,40.88,39.69,1046126,4436138752.0,3.0,1.16,0.46,1.23
2021-02-03,600031,三一重工,39.93,41.34,41.64,39.76,1287816,5570335488.0,4.69,3.14,1.26,1.52
2021-02-04,600031,三一重工,40.71,40.22,41.1,39.2,1105930,4669571584.0,4.6,-2.71,-1.12,1.3
2021-02-05,600031,三一重工,40.34,39.48,41.29,39.3,1069659,4549512192.0,4.95,-1.84,-0.74,1.26
2021-02-08,600031,三一重工,39.8,42.87,43.4,39.79,1632426,7153654272.0,9.14,8.59,3.39,1.93
2021-02-09,600031,三一重工,43.19,44.74,46.15,42.51,1591840,7435417344.0,8.49,4.36,1.87,1.88
2021-02-10,600031,三一重工,44.98,45.83,46.7,43.71,1196678,5676476416.0,6.68,2.44,1.09,1.41
2021-02-18,600031,三一重工,47.67,45.05,48.2,44.8,1302040,6276896000.0,7.42,-1.7,-0.78,1.53
2021-02-19,600031,三一重工,44.96,42.87,45.43,41.39,1760578,7899254272.0,8.97,-4.84,-2.18,2.08
2021-02-22,600031,三一重工,42.7,41.18,43.28,41.01,1394753,6167603200.0,5.3,-3.94,-1.69,1.64
2021-02-23,600031,三一重工,41.1,42.3,43.46,40.9,1301483,5805840384.0,6.22,2.72,1.12,1.53
2021-02-24,600031,三一重工,42.9,40.75,43.48,40.28,1529867,6722165504.0,7.57,-3.66,-1.55,1.8
2021-02-25,600031,三一重工,41.04,41.05,41.87,39.38,1300729,5577682688.0,6.11,0.74,0.3,1.53
2021-02-26,600031,三一重工,38.9,39.01,40.0,38.51,1213316,5008479744.0,3.63,-4.97,-2.04,1.43
2021-03-01,600031,三一重工,39.7,42.15,42.15,39.27,1303574,5611822080.0,7.38,8.05,3.14,1.54
2021-03-02,600031,三一重工,42.68,41.4,43.26,41.08,1074164,4745214208.0,5.17,-1.78,-0.75,1.27
2021-03-03,600031,三一重工,40.9,41.15,41.3,39.96,882803,3766082208.0,3.24,-0.6,-0.25,1.04
2021-03-04,600031,三一重工,40.82,38.89,40.89,38.4,1303711,5399637248.0,6.05,-5.49,-2.26,1.54
2021-03-05,600031,三一重工,37.28,39.01,39.67,36.92,861337,3495912752.0,7.07,0.31,0.12,1.02
2021-03-08,600031,三一重工,38.9,37.61,40.45,37.29,1164057,4772105216.0,8.1,-3.59,-1.4,1.37
2021-03-09,600031,三一重工,37.13,34.79,37.3,33.81,2076560,7821319680.0,9.28,-7.5,-2.82,2.45
2021-03-10,600031,三一重工,35.92,35.75,36.39,35.14,1169066,4435800064.0,3.59,2.76,0.96,1.38
2021-03-11,600031,三一重工,35.8,36.05,36.98,35.65,1032286,3957243168.0,3.72,0.84,0.3,1.22
2021-03-12,600031,三一重工,36.25,35.67,36.55,34.56,1006360,3784602048.0,5.52,-1.05,-0.38,1.19
2021-03-15,600031,三一重工,35.37,33.78,35.4,33.49,1126098,4092300384.0,5.35,-5.3,-1.89,1.33
2021-03-16,600031,三一重工,33.77,33.1,34.29,32.48,1370828,4825679872.0,5.36,-2.01,-0.68,1.62
2021-03-17,600031,三一重工,33.6,34.23,34.58,32.97,1123186,4059041952.0,4.86,3.41,1.13,1.32
2021-03-18,600031,三一重工,34.48,34.9,35.2,34.31,838626,3094401376.0,2.6,1.96,0.67,0.99
2021-03-19,600031,三一重工,33.91,33.93,34.66,33.62,960953,3478208256.0,2.98,-2.78,-0.97,1.13
2021-03-22,600031,三一重工,34.66,34.71,36.28,34.25,1104057,4101581872.0,5.98,2.3,0.78,1.3
2021-03-23,600031,三一重工,34.73,33.68,34.86,33.09,764081,2731950624.0,5.1,-2.97,-1.03,0.9
2021-03-24,600031,三一重工,33.42,31.89,33.65,31.66,1275561,4369163776.0,5.91,-5.31,-1.79,1.5
2021-03-25,600031,三一重工,31.4,31.9,32.18,31.08,722168,2446205376.0,3.45,0.03,0.01,0.85
2021-03-26,600031,三一重工,32.38,33.58,33.9,32.22,1139709,4029336688.0,5.27,5.27,1.68,1.34
2021-03-29,600031,三一重工,33.71,33.76,34.25,33.07,733154,2634336416.0,3.51,0.54,0.18,0.86
2021-03-30,600031,三一重工,34.4,34.93,35.28,33.92,959958,3537037072.0,4.03,3.47,1.17,1.13
2021-03-31,600031,三一重工,34.76,32.05,34.76,31.8,2502768,8613818880.0,8.47,-8.25,-2.88,2.95
2021-04-01,600031,三一重工,31.62,32.8,33.06,31.55,1145615,3958085008.0,4.71,2.34,0.75,1.35
2021-04-02,600031,三一重工,32.92,33.17,33.7,32.45,851963,2990225712.0,3.81,1.13,0.37,1.0
2021-04-06,600031,三一重工,33.17,32.8,33.78,32.48,767974,2683102768.0,3.92,-1.12,-0.37,0.91
2021-04-07,600031,三一重工,32.63,32.84,32.95,32.01,823204,2841124464.0,2.87,0.12,0.04,0.97
2021-04-08,600031,三一重工,33.18,32.28,33.18,32.21,726080,2510529072.0,2.95,-1.71,-0.56,0.86
2021-04-09,600031,三一重工,32.7,31.3,32.75,31.08,1088923,3656732448.0,5.17,-3.04,-0.98,1.28
2021-04-12,600031,三一重工,31.31,29.11,31.4,28.78,2234661,7067960576.0,8.37,-7.0,-2.19,2.63
2021-04-13,600031,三一重工,29.2,29.22,29.78,28.87,969220,3044560896.0,3.13,0.38,0.11,1.14
2021-04-14,600031,三一重工,29.44,29.43,29.69,29.17,757668,2388163152.0,1.78,0.72,0.21,0.89
2021-04-15,600031,三一重工,29.3,29.54,29.6,28.26,977149,3033274544.0,4.55,0.37,0.11,1.15
2021-04-16,600031,三一重工,30.4,29.74,30.57,29.33,992834,3165257584.0,4.2,0.68,0.2,1.17
2021-04-19,600031,三一重工,29.75,30.8,30.9,28.92,1342117,4346482432.0,6.66,3.56,1.06,1.58
2021-04-20,600031,三一重工,30.47,30.23,30.69,29.91,1037919,3356988272.0,2.53,-1.85,-0.57,1.22
2021-04-21,600031,三一重工,29.89,29.8,30.0,29.12,897972,2845177200.0,2.91,-1.42,-0.43,1.06
2021-04-22,600031,三一重工,29.72,29.57,30.07,29.38,734374,2328040208.0,2.32,-0.77,-0.23,0.87
2021-04-23,600031,三一重工,29.57,30.83,31.09,29.53,1590716,5202257920.0,5.28,4.26,1.26,1.87
2021-04-26,600031,三一重工,30.84,29.75,31.25,29.6,1362623,4431207936.0,5.35,-3.5,-1.08,1.61
2021-04-27,600031,三一重工,29.45,29.26,29.55,28.72,995982,3110576224.0,2.79,-1.65,-0.49,1.17
2021-04-28,600031,三一重工,29.5,29.42,29.65,28.93,842659,2637269760.0,2.46,0.55,0.16,0.99
2021-04-29,600031,三一重工,29.58,29.61,29.69,29.06,832734,2622089392.0,2.14,0.65,0.19,0.98
2021-04-30,600031,三一重工,29.73,28.78,29.77,28.48,1351859,4197182272.0,4.36,-2.8,-0.83,1.59
2021-05-06,600031,三一重工,29.18,28.08,29.2,27.83,1264653,3846807056.0,4.76,-2.43,-0.7,1.49
2021-05-07,600031,三一重工,28.56,28.21,29.07,28.13,1085275,3335862608.0,3.35,0.46,0.13,1.28
2021-05-10,600031,三一重工,27.92,27.59,28.25,26.9,1358521,4012393232.0,4.79,-2.2,-0.62,1.6
2021-05-11,600031,三一重工,27.23,26.9,27.35,26.08,1740507,5000768256.0,4.6,-2.5,-0.69,2.05
2021-05-12,600031,三一重工,26.43,26.64,27.03,26.28,1210064,3476350080.0,2.79,-0.97,-0.26,1.43
2021-05-13,600031,三一重工,26.16,25.55,26.43,25.47,1884648,5251413760.0,3.6,-4.09,-1.09,2.22
2021-05-14,600031,三一重工,25.55,26.98,27.1,25.31,2129888,6068583936.0,7.01,5.6,1.43,2.51
2021-05-17,600031,三一重工,27.0,27.77,28.2,26.57,2060582,6088054528.0,6.04,2.93,0.79,2.43
2021-05-18,600031,三一重工,27.75,27.52,27.75,27.11,946794,2785123520.0,2.3,-0.9,-0.25,1.12
2021-05-19,600031,三一重工,27.4,27.58,28.24,27.06,1239399,3691544080.0,4.29,0.22,0.06,1.46
2021-05-20,600031,三一重工,27.82,27.61,28.38,27.46,1176337,3519120304.0,3.34,0.11,0.03,1.39
2021-05-21,600031,三一重工,27.4,26.79,27.43,26.64,1298775,3763370720.0,2.86,-2.97,-0.82,1.53
2021-05-24,600031,三一重工,26.75,27.6,27.65,26.2,1395485,4049448064.0,5.41,3.02,0.81,1.64
2021-05-25,600031,三一重工,27.45,27.7,27.87,26.81,1814636,5347705856.0,3.84,0.36,0.1,2.14
2021-05-26,600031,三一重工,28.0,28.2,29.18,27.97,2502348,7659974144.0,4.37,1.81,0.5,2.95
2021-05-27,600031,三一重工,27.88,28.93,29.06,27.61,2200433,6737049088.0,5.14,2.59,0.73,2.59
2021-05-28,600031,三一重工,29.0,28.4,29.18,28.2,1727863,5304225024.0,3.39,-1.83,-0.53,2.04
2021-05-31,600031,三一重工,28.45,28.19,28.56,27.65,1526015,4579264000.0,3.2,-0.74,-0.21,1.8
2021-06-01,600031,三一重工,28.02,29.52,29.52,27.84,2430240,7542766592.0,5.96,4.72,1.33,2.86
2021-06-02,600031,三一重工,29.7,29.02,30.15,28.9,1800864,5645821184.0,4.23,-1.69,-0.5,2.12
2021-06-03,600031,三一重工,29.02,28.75,29.22,28.51,1140391,3522594224.0,2.45,-0.93,-0.27,1.34
2021-06-04,600031,三一重工,28.46,28.25,28.65,27.96,1543476,4677711872.0,2.4,-1.74,-0.5,1.82
2021-06-07,600031,三一重工,28.1,28.06,28.55,27.9,1156198,3487051744.0,2.3,-0.67,-0.19,1.36
2021-06-08,600031,三一重工,28.1,28.35,28.4,27.92,1019923,3086627232.0,1.71,1.03,0.29,1.2
2021-06-09,600031,三一重工,28.2,28.02,28.34,27.96,756662,2282519088.0,1.34,-1.16,-0.33,0.89
2021-06-10,600031,三一重工,28.0,27.22,28.4,27.19,1810843,5422918144.0,4.32,-2.86,-0.8,2.13
2021-06-11,600031,三一重工,26.9,26.19,26.9,25.9,2410423,6809871616.0,3.67,-3.78,-1.03,2.84
2021-06-15,600031,三一重工,26.16,26.0,26.16,25.3,1272157,3537329872.0,3.28,-0.73,-0.19,1.5
2021-06-16,600031,三一重工,26.14,25.42,26.14,25.37,1099464,2984649904.0,2.96,-2.23,-0.58,1.3
2021-06-17,600031,三一重工,25.42,25.58,25.88,25.15,942490,2547326832.0,2.87,0.63,0.16,1.11
2021-06-18,600031,三一重工,25.65,25.87,25.87,24.88,1525635,4090995424.0,3.87,1.13,0.29,1.8
2021-06-21,600031,三一重工,25.8,25.54,25.8,25.35,871096,2359206816.0,1.74,-1.28,-0.33,1.03
2021-06-22,600031,三一重工,25.49,26.74,27.09,25.45,2062829,5792978688.0,6.42,4.7,1.2,2.43
2021-06-23,600031,三一重工,26.74,26.6,26.88,26.1,1296483,3624985920.0,2.92,-0.52,-0.14,1.53
2021-06-24,600031,三一重工,26.61,26.71,26.85,26.21,904460,2539741520.0,2.41,0.41,0.11,1.07
2021-06-25,600031,三一重工,26.76,27.61,27.8,26.58,1786651,5152236032.0,4.57,3.37,0.9,2.11
2021-06-28,600031,三一重工,27.66,27.29,27.73,27.0,1250108,3589158064.0,2.64,-1.16,-0.32,1.47
2021-06-29,600031,三一重工,27.11,26.37,27.18,26.35,1264965,3547813632.0,3.04,-3.37,-0.92,1.49
2021-06-30,600031,三一重工,26.4,27.57,27.67,26.4,1768529,5073213184.0,4.82,4.55,1.2,2.08
2021-07-01,600031,三一重工,27.73,26.89,28.01,26.8,1269384,3634244320.0,4.39,-2.47,-0.68,1.5
2021-07-02,600031,三一重工,26.6,25.54,26.6,25.46,1809101,4942081024.0,4.24,-5.02,-1.35,2.13
2021-07-05,600031,三一重工,25.47,24.62,25.47,24.22,1985415,5196684800.0,4.89,-3.6,-0.92,2.34
2021-07-06,600031,三一重工,24.35,24.74,24.91,24.35,1110952,2907715040.0,2.27,0.49,0.12,1.31
2021-07-07,600031,三一重工,24.51,24.7,25.09,24.51,1177822,3094736688.0,2.34,-0.16,-0.04,1.39
2021-07-08,600031,三一重工,24.77,23.82,24.96,23.73,1980843,5076235008.0,4.98,-3.56,-0.88,2.33
2021-07-09,600031,三一重工,23.66,24.2,24.35,23.36,1248699,3185952720.0,4.16,1.6,0.38,1.47
2021-07-12,600031,三一重工,24.3,24.17,24.82,24.1,1379851,3572360768.0,2.98,-0.12,-0.03,1.63
2021-07-13,600031,三一重工,24.15,24.68,24.78,23.92,1337637,3467337136.0,3.56,2.11,0.51,1.58
2021-07-14,600031,三一重工,24.54,23.84,24.55,23.75,1330578,3392029568.0,3.24,-3.4,-0.84,1.57
2021-07-15,600031,三一重工,23.84,24.06,24.16,23.34,1372563,3473559344.0,3.44,0.92,0.22,1.62
2021-07-16,600031,三一重工,23.75,23.54,23.8,23.44,1202296,3014032496.0,1.5,-2.16,-0.52,1.42
2021-07-19,600031,三一重工,23.3,23.84,23.95,22.51,2254369,5559641856.0,6.12,1.27,0.3,2.66
2021-07-20,600031,三一重工,23.48,24.53,24.82,23.23,2246203,5757872128.0,6.67,2.89,0.69,2.65
2021-07-21,600031,三一重工,24.63,24.31,24.98,24.22,1661989,4334185984.0,3.1,-0.9,-0.22,1.96
2021-07-22,600031,三一重工,24.3,26.15,26.4,24.21,3456840,9477014016.0,9.01,7.57,1.84,4.07
2021-07-23,600031,三一重工,26.22,25.87,27.09,25.83,2504615,6981093376.0,4.82,-1.07,-0.28,2.95
2021-07-26,600031,三一重工,25.65,25.0,25.78,24.83,1753586,4683601408.0,3.67,-3.36,-0.87,2.07
2021-07-27,600031,三一重工,25.28,23.6,25.46,23.55,1807432,4666158080.0,7.64,-5.6,-1.4,2.13
2021-07-28,600031,三一重工,23.43,23.44,23.88,23.02,1140379,2842061568.0,3.64,-0.68,-0.16,1.34
2021-07-29,600031,三一重工,23.85,24.08,24.32,23.51,1222298,3106407904.0,3.46,2.73,0.64,1.44
2021-07-30,600031,三一重工,23.74,23.32,23.75,23.1,1201516,2983685008.0,2.7,-3.16,-0.76,1.42
2021-08-02,600031,三一重工,23.34,25.8,25.8,22.95,2327437,6165485824.0,12.22,10.63,2.48,2.74
2021-08-03,600031,三一重工,26.5,27.26,28.23,26.11,5106277,14595273728.0,8.22,5.66,1.46,6.01
2021-08-04,600031,三一重工,27.68,28.75,29.43,27.66,4315913,12994076160.0,6.49,5.47,1.49,5.08
2021-08-05,600031,三一重工,28.88,28.58,29.3,28.0,2666830,8031280640.0,4.52,-0.59,-0.17,3.14
2021-08-06,600031,三一重工,28.5,28.45,29.17,28.13,2165325,6507891200.0,3.64,-0.45,-0.13,2.55
2021-08-09,600031,三一重工,28.4,29.94,30.5,28.06,3598695,11188371456.0,8.58,5.24,1.49,4.24
2021-08-10,600031,三一重工,29.8,30.1,30.29,28.95,2601925,8096391424.0,4.48,0.53,0.16,3.06
2021-08-11,600031,三一重工,30.68,29.6,31.57,29.5,2442119,7730370560.0,6.88,-1.66,-0.5,2.88
2021-08-12,600031,三一重工,29.7,28.96,29.99,28.61,2110759,6461487360.0,4.66,-2.16,-0.64,2.49
2021-08-13,600031,三一重工,28.96,29.33,29.65,28.76,1589002,4877517824.0,3.07,1.28,0.37,1.87
2021-08-16,600031,三一重工,29.38,27.83,29.4,27.75,2424888,7203883264.0,5.63,-5.11,-1.5,2.86
2021-08-17,600031,三一重工,27.8,27.35,28.35,26.99,2023962,5883967744.0,4.89,-1.72,-0.48,2.38
2021-08-18,600031,三一重工,27.36,27.65,27.82,26.84,1656175,4778686976.0,3.58,1.1,0.3,1.95
2021-08-19,600031,三一重工,27.2,26.76,27.26,26.37,1918406,5415831040.0,3.22,-3.22,-0.89,2.26
2021-08-20,600031,三一重工,26.36,26.54,27.1,26.2,1430835,4006412384.0,3.36,-0.82,-0.22,1.69
2021-08-23,600031,三一重工,26.55,27.38,27.4,26.33,1826688,5166215680.0,4.03,3.17,0.84,2.15
2021-08-24,600031,三一重工,27.37,26.55,27.37,26.45,2143199,6049711616.0,3.36,-3.03,-0.83,2.52
2021-08-25,600031,三一重工,26.3,25.32,26.3,25.3,2859889,7728079104.0,3.77,-4.63,-1.23,3.37
2021-08-26,600031,三一重工,25.16,25.54,25.7,25.08,1733393,4668541696.0,2.45,0.87,0.22,2.04
2021-08-27,600031,三一重工,25.17,25.8,26.1,24.8,1827000,4953104896.0,5.09,1.02,0.26,2.15
2021-08-30,600031,三一重工,25.0,24.25,25.16,24.01,3243518,8407658240.0,4.46,-6.01,-1.55,3.82
2021-08-31,600031,三一重工,24.33,24.73,24.96,24.33,1928700,5050525440.0,2.6,1.98,0.48,2.27
2021-09-01,600031,三一重工,24.75,27.35,27.35,24.15,4445395,12405099776.0,12.94,10.59,2.62,5.24
2021-09-02,600031,三一重工,27.6,27.02,27.71,26.44,3263300,9314909696.0,4.64,-1.21,-0.33,3.84
2021-09-03,600031,三一重工,26.55,26.63,27.0,26.15,1965786,5508902912.0,3.15,-1.44,-0.39,2.32
2021-09-06,600031,三一重工,26.84,27.75,28.43,26.6,2953188,8585831168.0,6.87,4.21,1.12,3.48
2021-09-07,600031,三一重工,27.65,27.62,27.69,27.21,1832883,5308890112.0,1.73,-0.47,-0.13,2.16
2021-09-08,600031,三一重工,27.5,26.82,27.5,26.76,1860417,5300982016.0,2.68,-2.9,-0.8,2.19
2021-09-09,600031,三一重工,26.59,26.79,27.47,26.5,1429617,4071160448.0,3.62,-0.11,-0.03,1.68
2021-09-10,600031,三一重工,26.8,26.81,27.25,26.31,1463076,4128626512.0,3.51,0.07,0.02,1.72
2021-09-13,600031,三一重工,26.77,26.02,26.77,25.84,1648828,4548771328.0,3.47,-2.95,-0.79,1.94
2021-09-14,600031,三一重工,25.95,25.51,26.41,25.4,1329839,3632224912.0,3.88,-1.96,-0.51,1.57
2021-09-15,600031,三一重工,25.35,25.08,25.36,24.8,1502058,3974451296.0,2.2,-1.69,-0.43,1.77
2021-09-16,600031,三一重工,24.81,25.28,25.36,24.8,1381320,3674409184.0,2.23,0.8,0.2,1.63
2021-09-17,600031,三一重工,25.18,24.93,25.18,24.63,974255,2568064832.0,2.18,-1.38,-0.35,1.15
2021-09-22,600031,三一重工,24.49,24.35,24.72,24.03,1280598,3304257200.0,2.77,-2.33,-0.58,1.51
2021-09-23,600031,三一重工,24.43,24.84,25.31,24.43,1179724,3105105728.0,3.61,2.01,0.49,1.39
2021-09-24,600031,三一重工,24.72,24.38,24.72,24.3,1013201,2628098256.0,1.69,-1.85,-0.46,1.19
2021-09-27,600031,三一重工,24.3,23.68,24.3,23.45,1680431,4237615232.0,3.49,-2.87,-0.7,1.98
2021-09-28,600031,三一重工,23.55,23.86,24.15,23.51,921453,2340565936.0,2.7,0.76,0.18,1.09
2021-09-29,600031,三一重工,23.54,23.68,24.2,23.5,1029996,2606575984.0,2.93,-0.75,-0.18,1.21
2021-09-30,600031,三一重工,23.9,23.94,24.25,23.76,904088,2306382464.0,2.07,1.1,0.26,1.06
2021-10-08,600031,三一重工,24.08,24.66,24.79,23.94,1202751,3119063888.0,3.55,3.01,0.72,1.42
2021-10-11,600031,三一重工,24.68,24.43,24.88,24.38,850601,2217224176.0,2.03,-0.93,-0.23,1.0
2021-10-12,600031,三一重工,24.31,23.89,24.4,23.65,984220,2496417328.0,3.07,-2.21,-0.54,1.16
2021-10-13,600031,三一重工,23.76,23.93,24.08,23.75,611173,1552272736.0,1.38,0.17,0.04,0.72
2021-10-14,600031,三一重工,23.94,24.12,24.26,23.88,674322,1723162960.0,1.59,0.79,0.19,0.79
2021-10-15,600031,三一重工,24.15,23.77,24.19,23.7,719281,1819556128.0,2.03,-1.45,-0.35,0.85
2021-10-18,600031,三一重工,23.78,23.32,23.8,23.06,1108911,2745949120.0,3.11,-1.89,-0.45,1.31
2021-10-19,600031,三一重工,23.2,23.51,23.86,23.11,1052836,2628663360.0,3.22,0.81,0.19,1.24
2021-10-20,600031,三一重工,23.5,23.3,23.74,23.2,899871,2231946320.0,2.3,-0.89,-0.21,1.06
2021-10-21,600031,三一重工,23.25,23.06,23.35,22.96,1042760,2565901024.0,1.67,-1.03,-0.24,1.23
2021-10-22,600031,三一重工,22.92,23.66,24.0,22.92,1446452,3614038736.0,4.68,2.6,0.6,1.7
2021-10-25,600031,三一重工,23.48,23.37,23.48,23.06,878759,2174344848.0,1.78,-1.23,-0.29,1.03
2021-10-26,600031,三一重工,23.3,23.16,23.59,23.03,900806,2227915392.0,2.4,-0.9,-0.21,1.06
2021-10-27,600031,三一重工,23.17,22.64,23.24,22.56,1135294,2752557984.0,2.94,-2.25,-0.52,1.34
2021-10-28,600031,三一重工,22.51,21.36,22.53,21.35,1867442,4314162176.0,5.21,-5.65,-1.28,2.2
2021-10-29,600031,三一重工,20.94,21.46,21.95,20.94,1328348,3056550752.0,4.73,0.47,0.1,1.56
2021-11-01,600031,三一重工,21.38,21.56,21.8,20.99,977550,2240162560.0,3.77,0.47,0.1,1.15
2021-11-02,600031,三一重工,21.57,20.91,21.66,20.72,1275013,2886633168.0,4.36,-3.01,-0.65,1.5
2021-11-03,600031,三一重工,20.91,21.05,21.08,20.47,1185375,2633578176.0,2.92,0.67,0.14,1.4
2021-11-04,600031,三一重工,20.93,21.11,21.27,20.75,928102,2088339584.0,2.47,0.29,0.06,1.09
2021-11-05,600031,三一重工,21.09,21.5,21.7,20.88,1567988,3600672560.0,3.88,1.85,0.39,1.85
2021-11-08,600031,三一重工,21.51,21.26,21.76,21.23,824564,1886050448.0,2.47,-1.12,-0.24,0.97
2021-11-09,600031,三一重工,21.1,20.69,21.18,20.61,1305078,2905807664.0,2.68,-2.68,-0.57,1.54
2021-11-10,600031,三一重工,20.54,20.28,20.6,20.01,1438255,3123112784.0,2.85,-1.98,-0.41,1.69
2021-11-11,600031,三一重工,20.24,21.06,21.06,20.11,1687343,3763797552.0,4.68,3.85,0.78,1.99
2021-11-12,600031,三一重工,20.88,20.67,20.89,20.48,995901,2207218384.0,1.95,-1.85,-0.39,1.17
2021-11-15,600031,三一重工,20.77,20.69,20.95,20.61,771862,1716605472.0,1.64,0.1,0.02,0.91
2021-11-16,600031,三一重工,20.8,20.51,20.94,20.5,758667,1680606256.0,2.13,-0.87,-0.18,0.89
2021-11-17,600031,三一重工,20.46,20.57,20.66,20.2,840581,1843247312.0,2.24,0.29,0.06,0.99
2021-11-18,600031,三一重工,20.5,20.22,20.5,20.2,808603,1763948352.0,1.46,-1.7,-0.35,0.95
2021-11-19,600031,三一重工,20.16,20.4,20.5,19.91,1257622,2728493888.0,2.92,0.89,0.18,1.48
2021-11-22,600031,三一重工,20.4,20.55,20.8,20.33,969523,2139406496.0,2.3,0.74,0.15,1.14
2021-11-23,600031,三一重工,20.5,21.41,21.59,20.42,2233422,5046102016.0,5.69,4.18,0.86,2.63
2021-11-24,600031,三一重工,21.5,21.06,21.5,20.95,1209785,2735780864.0,2.57,-1.63,-0.35,1.42
2021-11-25,600031,三一重工,21.05,21.23,21.39,20.71,1141548,2579687328.0,3.23,0.81,0.17,1.34
2021-11-26,600031,三一重工,21.09,20.99,21.44,20.94,905427,2050518480.0,2.36,-1.13,-0.24,1.07
2021-11-29,600031,三一重工,20.51,20.57,20.67,20.4,834448,1840121840.0,1.29,-2.0,-0.42,0.98
2021-11-30,600031,三一重工,20.57,20.4,20.72,20.38,742530,1634378368.0,1.65,-0.83,-0.17,0.87
2021-12-01,600031,三一重工,20.39,20.55,20.58,20.31,583552,1281739552.0,1.32,0.74,0.15,0.69
2021-12-02,600031,三一重工,20.38,20.86,21.09,20.25,1379479,3065951328.0,4.09,1.51,0.31,1.62
2021-12-03,600031,三一重工,20.84,20.95,21.05,20.56,997159,2222040368.0,2.35,0.43,0.09,1.17
2021-12-06,600031,三一重工,21.05,21.19,21.55,20.94,1504016,3434142704.0,2.91,1.15,0.24,1.77
2021-12-07,600031,三一重工,21.6,22.75,22.95,21.41,3947906,9439070976.0,7.27,7.36,1.56,4.65
2021-12-08,600031,三一重工,22.51,22.25,22.52,21.96,2632694,6222973952.0,2.46,-2.2,-0.5,3.1
2021-12-09,600031,三一重工,22.06,22.31,22.65,22.01,1836729,4382939648.0,2.88,0.27,0.06,2.16
2021-12-10,600031,三一重工,22.1,21.67,22.24,21.64,1636866,3819642736.0,2.69,-2.87,-0.64,1.93
2021-12-13,600031,三一重工,22.16,22.62,23.22,22.15,3438033,8347894016.0,4.94,4.38,0.95,4.05
2021-12-14,600031,三一重工,22.35,22.2,22.49,22.12,1490330,3540287664.0,1.64,-1.86,-0.42,1.75
2021-12-15,600031,三一重工,22.18,22.11,22.43,22.1,902657,2142029664.0,1.49,-0.41,-0.09,1.06
2021-12-16,600031,三一重工,22.09,22.39,22.4,21.88,1051962,2493995408.0,2.35,1.27,0.28,1.24
2021-12-17,600031,三一重工,22.5,22.04,22.78,22.04,1161498,2774458176.0,3.31,-1.56,-0.35,1.37
2021-12-20,600031,三一重工,22.0,21.65,22.0,21.61,934363,2167596800.0,1.77,-1.77,-0.39,1.1
2021-12-21,600031,三一重工,21.62,21.93,22.03,21.6,695688,1626897120.0,1.99,1.29,0.28,0.82
2021-12-22,600031,三一重工,22.05,21.71,22.05,21.63,654164,1519868720.0,1.92,-1.0,-0.22,0.77
2021-12-23,600031,三一重工,21.73,22.02,22.02,21.34,1014700,2354507360.0,3.13,1.43,0.31,1.19
2021-12-24,600031,三一重工,21.9,21.86,22.27,21.78,803015,1887090128.0,2.23,-0.73,-0.16,0.95
2021-12-27,600031,三一重工,21.86,22.01,22.24,21.69,651199,1531565728.0,2.52,0.69,0.15,0.77
2021-12-28,600031,三一重工,22.08,22.25,22.5,22.08,887067,2111210672.0,1.91,1.09,0.24,1.04
2021-12-29,600031,三一重工,22.27,21.85,22.36,21.83,678216,1593028048.0,2.38,-1.8,-0.4,0.8
2021-12-30,600031,三一重工,21.72,21.64,21.8,21.6,743898,1724203712.0,0.92,-0.96,-0.21,0.88
2021-12-31,600031,三一重工,21.68,21.3,21.77,21.22,977087,2243585680.0,2.54,-1.57,-0.34,1.15
2022-01-04,600031,三一重工,21.29,21.3,21.39,21.02,770091,1746315248.0,1.74,0.0,0.0,0.91
2022-01-05,600031,三一重工,21.31,21.58,21.79,21.16,1275574,2938928128.0,2.96,1.31,0.28,1.5
2022-01-06,600031,三一重工,21.41,22.35,22.6,21.36,2285160,5431798528.0,5.75,3.57,0.77,2.69
2022-01-07,600031,三一重工,22.27,23.31,23.61,22.25,3204666,7939405056.0,6.09,4.3,0.96,3.77
2022-01-10,600031,三一重工,23.7,23.36,23.81,22.91,1600713,3971702240.0,3.86,0.21,0.05,1.88
2022-01-11,600031,三一重工,23.45,23.02,23.65,22.92,1407033,3482311712.0,3.13,-1.46,-0.34,1.66
2022-01-12,600031,三一重工,23.02,22.99,23.14,22.52,1082694,2630163632.0,2.69,-0.13,-0.03,1.27
2022-01-13,600031,三一重工,22.92,22.42,23.11,22.37,1053381,2539661200.0,3.22,-2.48,-0.57,1.24
2022-01-14,600031,三一重工,22.38,21.88,22.38,21.83,950403,2239823072.0,2.45,-2.41,-0.54,1.12
2022-01-17,600031,三一重工,21.81,21.92,22.0,21.59,762110,1776111392.0,1.87,0.18,0.04,0.9
2022-01-18,600031,三一重工,21.76,22.04,22.3,21.58,1182798,2772653184.0,3.28,0.55,0.12,1.39
2022-01-19,600031,三一重工,22.27,22.85,23.0,22.18,1967515,4778344448.0,3.72,3.68,0.81,2.32
2022-01-20,600031,三一重工,22.85,22.75,23.1,22.23,1275798,3082871568.0,3.81,-0.44,-0.1,1.5
2022-01-21,600031,三一重工,22.55,21.68,22.57,21.6,1595809,3725834176.0,4.26,-4.7,-1.07,1.88
2022-01-24,600031,三一重工,21.45,21.25,21.68,21.03,1016891,2315292656.0,3.0,-1.98,-0.43,1.2
2022-01-25,600031,三一重工,21.1,20.31,21.35,20.24,1355528,2996578256.0,5.22,-4.42,-0.94,1.6
2022-01-26,600031,三一重工,20.31,20.47,20.64,19.97,836207,1826341312.0,3.3,0.79,0.16,0.98
2022-01-27,600031,三一重工,20.3,19.23,20.37,19.17,1551518,3276370416.0,5.86,-6.06,-1.24,1.83
2022-01-28,600031,三一重工,19.29,18.64,19.42,18.52,1239028,2521737952.0,4.68,-3.07,-0.59,1.46
2022-02-07,600031,三一重工,19.04,19.24,19.34,18.87,807591,1666331264.0,2.52,3.22,0.6,0.95
2022-02-08,600031,三一重工,19.41,19.75,19.88,19.26,960920,2023941008.0,3.22,2.65,0.51,1.13
2022-02-09,600031,三一重工,19.75,19.69,19.75,19.37,761526,1605621648.0,1.92,-0.3,-0.06,0.9
2022-02-10,600031,三一重工,19.71,19.71,19.84,19.5,613222,1296807024.0,1.73,0.1,0.02,0.72
2022-02-11,600031,三一重工,19.7,19.32,19.76,19.22,797665,1676965872.0,2.74,-1.98,-0.39,0.94
2022-02-14,600031,三一重工,19.16,18.96,19.36,18.75,739344,1517774880.0,3.16,-1.86,-0.36,0.87
2022-02-15,600031,三一重工,18.9,19.25,19.28,18.85,576762,1190802512.0,2.27,1.53,0.29,0.68
2022-02-16,600031,三一重工,19.42,19.32,19.5,19.18,502590,1047139280.0,1.66,0.36,0.07,0.59
2022-02-17,600031,三一重工,19.34,19.25,19.39,19.1,495151,1024835584.0,1.5,-0.36,-0.07,0.58
2022-02-18,600031,三一重工,19.05,19.39,19.4,18.99,589974,1220990096.0,2.13,0.73,0.14,0.69
2022-02-21,600031,三一重工,19.35,19.28,19.36,19.13,554917,1149466960.0,1.19,-0.57,-0.11,0.65
2022-02-22,600031,三一重工,19.08,18.88,19.1,18.81,724747,1478314800.0,1.5,-2.07,-0.4,0.85
2022-02-23,600031,三一重工,18.88,19.25,19.27,18.88,759202,1562969808.0,2.07,1.96,0.37,0.89
2022-02-24,600031,三一重工,19.19,18.69,19.19,18.58,941206,1912899072.0,3.17,-2.91,-0.56,1.11
2022-02-25,600031,三一重工,18.81,18.67,18.98,18.56,828823,1677422624.0,2.25,-0.11,-0.02,0.98
2022-02-28,600031,三一重工,18.65,18.11,18.65,18.02,1484793,2916792912.0,3.37,-3.0,-0.56,1.75
2022-03-01,600031,三一重工,18.1,18.24,18.26,18.05,836302,1644869344.0,1.16,0.72,0.13,0.98
2022-03-02,600031,三一重工,18.1,18.0,18.11,17.9,753204,1466279696.0,1.15,-1.32,-0.24,0.89
2022-03-03,600031,三一重工,18.04,17.93,18.1,17.89,716941,1395424352.0,1.17,-0.39,-0.07,0.84
2022-03-04,600031,三一重工,17.8,17.43,17.8,17.38,1190481,2257560928.0,2.34,-2.79,-0.5,1.4
2022-03-07,600031,三一重工,17.22,16.66,17.22,16.56,1375917,2506053936.0,3.79,-4.42,-0.77,1.62
2022-03-08,600031,三一重工,16.6,16.16,16.79,15.82,1358397,2417624304.0,5.82,-3.0,-0.5,1.6
2022-03-09,600031,三一重工,16.2,15.58,16.29,14.85,1557047,2666748144.0,8.91,-3.59,-0.58,1.83
2022-03-10,600031,三一重工,15.98,15.73,15.99,15.67,1054388,1825291952.0,2.05,0.96,0.15,1.24
2022-03-11,600031,三一重工,15.39,16.37,16.38,15.17,1422212,2493980576.0,7.69,4.07,0.64,1.67
2022-03-14,600031,三一重工,16.06,15.92,16.52,15.92,830122,1465320048.0,3.67,-2.75,-0.45,0.98
2022-03-15,600031,三一重工,15.81,15.0,15.92,15.0,1065802,1810959424.0,5.78,-5.78,-0.92,1.25
2022-03-16,600031,三一重工,15.45,15.67,15.77,14.7,1253954,2108184336.0,7.13,4.47,0.67,1.48
2022-03-17,600031,三一重工,15.96,16.22,16.61,15.82,1613011,2851087344.0,5.04,3.51,0.55,1.9
2022-03-18,600031,三一重工,16.1,16.45,16.57,15.92,1259282,2238830960.0,4.01,1.42,0.23,1.48
2022-03-21,600031,三一重工,16.5,16.27,16.57,16.1,778629,1386761008.0,2.86,-1.09,-0.18,0.92
2022-03-22,600031,三一重工,16.13,16.22,16.37,16.02,523797,927318800.0,2.15,-0.31,-0.05,0.62
2022-03-23,600031,三一重工,16.16,16.13,16.34,16.1,538271,952620400.0,1.48,-0.55,-0.09,0.63
2022-03-24,600031,三一重工,15.99,15.96,16.05,15.76,584010,1016804496.0,1.8,-1.05,-0.17,0.69
2022-03-25,600031,三一重工,15.96,15.6,16.06,15.59,590868,1020272432.0,2.94,-2.26,-0.36,0.7
2022-03-28,600031,三一重工,15.5,15.74,15.8,15.23,594563,1012386576.0,3.65,0.9,0.14,0.7
2022-03-29,600031,三一重工,15.73,15.22,15.75,15.19,663231,1122105376.0,3.56,-3.3,-0.52,0.78
2022-03-30,600031,三一重工,15.38,16.13,16.15,15.31,1310995,2275268832.0,5.52,5.98,0.91,1.54
2022-03-31,600031,三一重工,16.0,16.02,16.3,15.95,845969,1488494672.0,2.17,-0.68,-0.11,1.0
2022-04-01,600031,三一重工,15.88,16.05,16.2,15.82,683773,1198861920.0,2.37,0.19,0.03,0.81
2022-04-06,600031,三一重工,15.9,16.38,16.53,15.76,1330260,2351823296.0,4.8,2.06,0.33,1.57
2022-04-07,600031,三一重工,16.2,16.16,16.63,16.12,1286202,2303299936.0,3.11,-1.34,-0.22,1.51
2022-04-08,600031,三一重工,16.3,17.77,17.93,16.3,3231222,6077491456.0,10.09,9.96,1.61,3.8
2022-04-11,600031,三一重工,17.7,17.12,17.7,17.01,1946832,3665803472.0,3.88,-3.66,-0.65,2.29
2022-04-12,600031,三一重工,16.99,17.28,17.43,16.87,1272038,2372954912.0,3.27,0.93,0.16,1.5
2022-04-13,600031,三一重工,17.0,16.66,17.0,16.6,1109104,2023800496.0,2.31,-3.59,-0.62,1.31
2022-04-14,600031,三一重工,16.75,17.25,17.4,16.72,1189239,2212302768.0,4.08,3.54,0.59,1.4
2022-04-15,600031,三一重工,17.0,16.93,17.18,16.86,727624,1346797568.0,1.86,-1.86,-0.32,0.86
2022-04-18,600031,三一重工,16.76,16.51,16.79,16.45,706916,1275689728.0,2.01,-2.48,-0.42,0.83
2022-04-19,600031,三一重工,16.49,16.18,16.74,16.01,878827,1564214752.0,4.42,-2.0,-0.33,1.03
2022-04-20,600031,三一重工,16.25,15.88,16.36,15.82,656637,1155904176.0,3.34,-1.85,-0.3,0.77
2022-04-21,600031,三一重工,15.81,15.22,15.87,15.16,999496,1693361952.0,4.47,-4.16,-0.66,1.18
2022-04-22,600031,三一重工,15.12,15.34,15.49,14.82,672453,1123402608.0,4.4,0.79,0.12,0.79
2022-04-25,600031,三一重工,14.5,13.82,14.72,13.8,1354571,2134125888.0,6.0,-9.91,-1.52,1.59
2022-04-26,600031,三一重工,13.83,13.11,13.96,13.08,1147581,1715983248.0,6.37,-5.14,-0.71,1.35
2022-04-27,600031,三一重工,13.2,14.12,14.2,13.2,1507079,2318976832.0,7.63,7.7,1.01,1.77
2022-04-28,600031,三一重工,14.12,14.28,14.35,13.85,993750,1554462960.0,3.54,1.13,0.16,1.17
2022-04-29,600031,三一重工,14.03,15.0,15.3,13.81,1483536,2401381888.0,10.43,5.04,0.72,1.75
2022-05-05,600031,三一重工,15.0,15.1,15.44,14.9,909265,1518893696.0,3.6,0.67,0.1,1.07
2022-05-06,600031,三一重工,14.75,14.71,15.11,14.55,676837,1104295456.0,3.71,-2.58,-0.39,0.8
2022-05-09,600031,三一重工,14.72,14.44,14.86,14.36,628010,1009167392.0,3.4,-1.84,-0.27,0.74
2022-05-10,600031,三一重工,14.16,14.7,14.85,13.97,740531,1180196624.0,6.09,1.8,0.26,0.87
2022-05-11,600031,三一重工,14.62,14.7,15.03,14.62,873012,1423861280.0,2.79,0.0,0.0,1.03
2022-05-12,600031,三一重工,14.52,14.41,14.76,14.23,810271,1294993664.0,3.61,-1.97,-0.29,0.95
2022-05-13,600031,三一重工,14.59,14.5,15.0,14.43,1211160,1961921744.0,3.96,0.62,0.09,1.43
2022-05-16,600031,三一重工,14.96,14.74,15.3,14.68,1485487,2443828080.0,4.28,1.66,0.24,1.75
2022-05-17,600031,三一重工,14.7,14.83,14.89,14.47,856112,1386054320.0,2.85,0.61,0.09,1.01
2022-05-18,600031,三一重工,14.86,14.6,14.89,14.6,724652,1172362688.0,1.96,-1.55,-0.23,0.85
2022-05-19,600031,三一重工,14.3,14.41,14.42,14.09,892186,1402897200.0,2.26,-1.3,-0.19,1.05
2022-05-20,600031,三一重工,14.46,15.09,15.2,14.44,1648919,2714021648.0,5.27,4.72,0.68,1.94
2022-05-23,600031,三一重工,15.22,14.9,15.23,14.81,869327,1430016416.0,2.78,-1.26,-0.19,1.02
2022-05-24,600031,三一重工,14.91,14.47,15.08,14.47,841399,1369136672.0,4.09,-2.89,-0.43,0.99
2022-05-25,600031,三一重工,14.4,14.76,14.78,14.31,701537,1127819008.0,3.25,2.0,0.29,0.83
2022-05-26,600031,三一重工,14.87,15.59,15.8,14.85,2024953,3426844560.0,6.44,5.62,0.83,2.38
2022-05-27,600031,三一重工,15.72,15.48,15.75,15.36,1146041,1950656592.0,2.5,-0.71,-0.11,1.35
2022-05-30,600031,三一重工,15.6,15.29,15.67,15.16,868690,1460470992.0,3.29,-1.23,-0.19,1.02
2022-05-31,600031,三一重工,15.3,15.45,15.45,15.11,1049631,1761777408.0,2.22,1.05,0.16,1.24
2022-06-01,600031,三一重工,15.36,15.3,15.55,15.16,873361,1468898720.0,2.52,-0.97,-0.15,1.03
2022-06-02,600031,三一重工,15.37,15.45,15.56,15.3,709835,1200502640.0,1.7,0.98,0.15,0.84
2022-06-06,600031,三一重工,15.45,15.88,15.93,15.3,1158658,1997707088.0,4.08,2.78,0.43,1.36
2022-06-07,600031,三一重工,15.87,16.01,16.3,15.82,1222140,2155085008.0,3.02,0.82,0.13,1.44
2022-06-08,600031,三一重工,16.0,15.85,16.15,15.66,789635,1373305696.0,3.06,-1.0,-0.16,0.93
2022-06-09,600031,三一重工,15.87,15.91,16.27,15.7,898972,1571756640.0,3.6,0.38,0.06,1.06
2022-06-10,600031,三一重工,15.85,15.76,15.85,15.4,1090578,1820249264.0,2.83,-0.94,-0.15,1.28
2022-06-13,600031,三一重工,15.54,16.53,16.75,15.46,1931600,3377564992.0,8.19,4.89,0.77,2.27
2022-06-14,600031,三一重工,16.4,17.19,17.26,16.27,1508095,2679510048.0,5.99,3.99,0.66,1.78
2022-06-15,600031,三一重工,17.26,17.25,17.9,17.22,2252962,4203826512.0,3.96,0.35,0.06,2.65
2022-06-16,600031,三一重工,17.25,16.87,17.59,16.75,1233670,2239269088.0,4.87,-2.2,-0.38,1.45
2022-06-17,600031,三一重工,16.66,16.94,17.15,16.47,1091038,1947207040.0,4.03,0.41,0.07,1.28
2022-06-20,600031,三一重工,16.96,17.53,17.66,16.72,1285642,2347533488.0,5.55,3.48,0.59,1.51
2022-06-21,600031,三一重工,17.45,17.53,17.7,17.17,1068434,1974959840.0,3.02,0.0,0.0,1.26
2022-06-22,600031,三一重工,17.59,16.96,17.63,16.95,784997,1432910928.0,3.88,-3.25,-0.57,0.92
2022-06-23,600031,三一重工,16.96,17.21,17.23,16.9,630356,1143228704.0,1.95,1.47,0.25,0.74
2022-06-24,600031,三一重工,17.2,17.06,17.22,16.79,1040727,1873009248.0,2.5,-0.87,-0.15,1.23
2022-06-27,600031,三一重工,16.99,17.52,17.67,16.97,1291019,2394964064.0,4.1,2.7,0.46,1.52
2022-06-28,600031,三一重工,17.53,17.58,17.67,17.38,657876,1220662416.0,1.66,0.34,0.06,0.77
2022-06-29,600031,三一重工,17.51,17.35,18.01,17.34,1022353,1915227408.0,3.81,-1.31,-0.23,1.2
2022-06-30,600031,三一重工,17.31,18.01,18.14,17.27,1410606,2672997520.0,5.01,3.8,0.66,1.66
2022-07-01,600031,三一重工,18.25,18.79,19.33,18.25,2157111,4300565248.0,6.0,4.33,0.78,2.54
2022-07-04,600031,三一重工,19.12,18.78,19.12,18.64,1094727,2179073584.0,2.55,-0.05,-0.01,1.29
2022-07-05,600031,三一重工,18.79,18.35,18.79,18.05,1216378,2355856800.0,3.94,-2.29,-0.43,1.43
2022-07-06,600031,三一重工,18.26,17.63,18.26,17.45,1282730,2409939328.0,4.41,-3.92,-0.72,1.51
2022-07-07,600031,三一重工,17.66,17.87,18.06,17.45,751131,1417524928.0,3.46,1.36,0.24,0.88
2022-07-08,600031,三一重工,17.86,17.96,18.43,17.86,732291,1406605136.0,3.19,0.5,0.09,0.86
2022-07-11,600031,三一重工,17.96,17.8,18.25,17.6,628798,1191460688.0,3.62,-0.89,-0.16,0.74
2022-07-12,600031,三一重工,17.67,17.81,18.18,17.66,573693,1088237595.0,2.92,0.06,0.01,0.68
2022-07-13,600031,三一重工,18.0,18.27,18.6,17.75,1053031,2034033170.0,4.77,2.58,0.46,1.24
2022-07-14,600031,三一重工,18.04,17.88,18.14,17.76,790311,1499962604.0,2.08,-2.13,-0.39,0.93
2022-07-15,600031,三一重工,17.53,16.61,17.53,16.45,1861513,3337316531.0,6.04,-7.1,-1.27,2.19
2022-07-18,600031,三一重工,16.69,17.7,17.74,16.62,1236003,2264774592.0,6.74,6.56,1.09,1.46
2022-07-19,600031,三一重工,17.83,17.34,17.89,17.21,718040,1324947877.0,3.84,-2.03,-0.36,0.85
2022-07-20,600031,三一重工,17.36,17.16,17.44,17.08,514077,937415433.0,2.08,-1.04,-0.18,0.61
2022-07-21,600031,三一重工,17.16,16.87,17.22,16.87,555148,1000626741.0,2.04,-1.69,-0.29,0.65
2022-07-22,600031,三一重工,16.85,16.86,17.22,16.63,550021,986287545.0,3.5,-0.06,-0.01,0.65
2022-07-25,600031,三一重工,16.95,16.78,17.14,16.67,494974,884319107.0,2.79,-0.47,-0.08,0.58
2022-07-26,600031,三一重工,16.78,17.05,17.11,16.73,448008,806320035.0,2.26,1.61,0.27,0.53
2022-07-27,600031,三一重工,17.04,16.78,17.04,16.69,436712,778355821.0,2.05,-1.58,-0.27,0.51
2022-07-28,600031,三一重工,16.84,16.66,16.9,16.64,599127,1064950123.0,1.55,-0.72,-0.12,0.71
2022-07-29,600031,三一重工,16.72,15.99,16.74,15.87,1319746,2264281982.0,5.22,-4.02,-0.67,1.55
2022-08-01,600031,三一重工,15.95,16.0,16.04,15.63,596430,1009368212.0,2.56,0.06,0.01,0.7
2022-08-02,600031,三一重工,15.85,15.36,15.85,15.06,941884,1547027926.0,4.94,-4.0,-0.64,1.11
2022-08-03,600031,三一重工,15.43,15.07,15.72,15.02,681360,1115185401.0,4.56,-1.89,-0.29,0.8
2022-08-04,600031,三一重工,15.2,15.26,15.43,15.08,474372,772020874.0,2.32,1.26,0.19,0.56
2022-08-05,600031,三一重工,15.28,15.45,15.45,15.17,482725,789275019.0,1.83,1.25,0.19,0.57
2022-08-08,600031,三一重工,15.4,15.55,15.63,15.36,400825,664389805.0,1.75,0.65,0.1,0.47
2022-08-09,600031,三一重工,15.57,15.41,15.6,15.35,304263,500953937.0,1.61,-0.9,-0.14,0.36
2022-08-10,600031,三一重工,15.36,15.1,15.41,15.02,623295,1009149252.0,2.53,-2.01,-0.31,0.73
2022-08-11,600031,三一重工,15.12,15.7,15.74,15.12,860581,1424491313.0,4.11,3.97,0.6,1.01
2022-08-12,600031,三一重工,15.65,15.75,15.84,15.58,519039,871978962.0,1.66,0.32,0.05,0.61
2022-08-15,600031,三一重工,15.72,15.6,15.82,15.45,428291,714349669.0,2.35,-0.95,-0.15,0.5
2022-08-16,600031,三一重工,15.6,15.55,15.72,15.49,335704,557537019.0,1.47,-0.32,-0.05,0.4
2022-08-17,600031,三一重工,15.57,15.6,15.7,15.3,474369,784191249.0,2.57,0.32,0.05,0.56
2022-08-18,600031,三一重工,15.57,15.33,15.57,15.31,416012,682988107.0,1.67,-1.73,-0.27,0.49
2022-08-19,600031,三一重工,15.3,15.21,15.5,15.2,401416,656620050.0,1.96,-0.78,-0.12,0.47
2022-08-22,600031,三一重工,15.13,15.24,15.32,15.1,378158,615334586.0,1.45,0.2,0.03,0.45
2022-08-23,600031,三一重工,15.24,15.02,15.24,14.95,620105,995648589.0,1.9,-1.44,-0.22,0.73
2022-08-24,600031,三一重工,15.02,14.41,15.08,14.35,1187476,1858011166.0,4.86,-4.06,-0.61,1.4
2022-08-25,600031,三一重工,14.5,14.55,14.58,14.2,754719,1165884675.0,2.64,0.97,0.14,0.89
2022-08-26,600031,三一重工,14.56,14.47,14.68,14.42,441728,687907585.0,1.79,-0.55,-0.08,0.52
2022-08-29,600031,三一重工,14.22,14.51,14.58,14.16,435088,672709535.0,2.9,0.28,0.04,0.51
2022-08-30,600031,三一重工,14.51,14.53,14.79,14.48,417095,652547957.0,2.14,0.14,0.02,0.49
2022-08-31,600031,三一重工,14.4,14.7,14.81,14.3,631434,988606655.0,3.51,1.17,0.17,0.74
2022-09-01,600031,三一重工,14.7,14.8,15.02,14.63,673591,1074310096.0,2.65,0.68,0.1,0.79
2022-09-02,600031,三一重工,14.78,14.56,14.83,14.44,454176,708412518.0,2.64,-1.62,-0.24,0.53
2022-09-05,600031,三一重工,14.5,14.4,14.53,14.21,450280,692020775.0,2.2,-1.1,-0.16,0.53
2022-09-06,600031,三一重工,14.44,14.68,14.72,14.44,485887,762251262.0,1.94,1.94,0.28,0.57
2022-09-07,600031,三一重工,14.62,14.55,14.7,14.48,336876,526636382.0,1.5,-0.89,-0.13,0.4
2022-09-08,600031,三一重工,14.6,14.7,14.78,14.58,409789,645565582.0,1.37,1.03,0.15,0.48
2022-09-09,600031,三一重工,14.7,15.21,15.26,14.61,1056494,1702155639.0,4.42,3.47,0.51,1.24
2022-09-13,600031,三一重工,15.13,15.25,15.41,15.1,597398,975832556.0,2.04,0.26,0.04,0.7
2022-09-14,600031,三一重工,15.02,15.1,15.2,14.96,442310,713359553.0,1.57,-0.98,-0.15,0.52
2022-09-15,600031,三一重工,15.13,15.15,15.39,14.95,582445,944601046.0,2.91,0.33,0.05,0.69
2022-09-16,600031,三一重工,15.12,14.55,15.14,14.55,644052,1014702641.0,3.89,-3.96,-0.6,0.76
2022-09-19,600031,三一重工,14.51,13.92,14.51,13.8,872137,1320036138.0,4.88,-4.33,-0.63,1.03
2022-09-20,600031,三一重工,13.97,13.91,14.03,13.85,475431,711855540.0,1.29,-0.07,-0.01,0.56
2022-09-21,600031,三一重工,13.9,14.01,14.16,13.65,620203,931940791.0,3.67,0.72,0.1,0.73
2022-09-22,600031,三一重工,13.89,13.64,13.96,13.59,574250,850265296.0,2.64,-2.64,-0.37,0.68
2022-09-23,600031,三一重工,13.65,13.37,13.73,13.2,632601,916189619.0,3.89,-1.98,-0.27,0.74
2022-09-26,600031,三一重工,13.34,13.0,13.37,12.93,757125,1073368867.0,3.29,-2.77,-0.37,0.89
2022-09-27,600031,三一重工,13.0,13.32,13.33,12.96,518193,735408327.0,2.85,2.46,0.32,0.61
2022-09-28,600031,三一重工,13.32,13.04,13.42,13.04,399408,569404094.0,2.85,-2.1,-0.28,0.47
2022-09-29,600031,三一重工,13.16,12.8,13.21,12.66,616356,860089081.0,4.22,-1.84,-0.24,0.73
2022-09-30,600031,三一重工,12.81,12.83,13.02,12.8,452527,632009953.0,1.72,0.23,0.03,0.53
2022-10-10,600031,三一重工,12.83,12.64,13.05,12.61,407553,565111691.0,3.43,-1.48,-0.19,0.48
2022-10-11,600031,三一重工,12.64,12.56,12.68,12.37,341081,462266451.0,2.45,-0.63,-0.08,0.4
2022-10-12,600031,三一重工,12.66,13.45,13.5,12.5,836901,1176373476.0,7.96,7.09,0.89,0.99
2022-10-13,600031,三一重工,13.38,13.4,13.48,13.19,483019,695765447.0,2.16,-0.37,-0.05,0.57
2022-10-14,600031,三一重工,13.45,13.61,13.84,13.41,605013,890714695.0,3.21,1.57,0.21,0.71
2022-10-17,600031,三一重工,13.53,13.95,13.98,13.44,627288,933982205.0,3.97,2.5,0.34,0.74
2022-10-18,600031,三一重工,13.97,13.73,14.03,13.67,479996,712159910.0,2.58,-1.58,-0.22,0.57
2022-10-19,600031,三一重工,13.73,13.58,13.84,13.51,398842,586297530.0,2.4,-1.09,-0.15,0.47
2022-10-20,600031,三一重工,13.47,13.51,13.75,13.4,349701,510845363.0,2.58,-0.52,-0.07,0.41
2022-10-21,600031,三一重工,13.6,13.44,13.85,13.42,458860,674800224.0,3.18,-0.52,-0.07,0.54
2022-10-24,600031,三一重工,13.46,13.1,13.9,13.01,779585,1126763107.0,6.62,-2.53,-0.34,0.92
2022-10-25,600031,三一重工,13.15,13.36,13.66,13.15,780904,1127852872.0,3.89,1.98,0.26,0.92
2022-10-26,600031,三一重工,13.45,13.66,13.79,13.45,555923,815744942.0,2.54,2.25,0.3,0.66
2022-10-27,600031,三一重工,13.75,13.77,13.9,13.6,557332,826988034.0,2.2,0.81,0.11,0.66
2022-10-28,600031,三一重工,13.65,13.31,13.77,13.25,564593,820685792.0,3.78,-3.34,-0.46,0.67
2022-10-31,600031,三一重工,12.94,12.45,12.94,12.25,1195599,1616939689.0,5.18,-6.46,-0.86,1.41
2022-11-01,600031,三一重工,12.49,13.8,13.8,12.38,1542831,2201988573.0,11.41,10.84,1.35,1.82
2022-11-02,600031,三一重工,13.83,14.11,14.43,13.71,1535249,2333811383.0,5.22,2.25,0.31,1.81
2022-11-03,600031,三一重工,13.95,14.16,14.33,13.92,774584,1179578479.0,2.91,0.35,0.05,0.91
2022-11-04,600031,三一重工,14.14,14.31,14.5,14.06,845752,1294906292.0,3.11,1.06,0.15,1.0
2022-11-07,600031,三一重工,14.25,14.22,14.34,14.1,530235,808452060.0,1.68,-0.63,-0.09,0.63
2022-11-08,600031,三一重工,14.21,13.99,14.34,13.85,607529,912557242.0,3.45,-1.62,-0.23,0.72
2022-11-09,600031,三一重工,14.0,14.0,14.17,13.95,374293,564745471.0,1.57,0.07,0.01,0.44
2022-11-10,600031,三一重工,13.97,13.91,13.98,13.76,399156,594941779.0,1.57,-0.64,-0.09,0.47
2022-11-11,600031,三一重工,14.26,14.85,15.16,14.08,1724799,2708842312.0,7.76,6.76,0.94,2.04
2022-11-14,600031,三一重工,15.25,14.81,15.4,14.73,1352011,2178634805.0,4.51,-0.27,-0.04,1.6
2022-11-15,600031,三一重工,14.81,15.02,15.08,14.66,727732,1161210185.0,2.84,1.42,0.21,0.86
2022-11-16,600031,三一重工,14.95,14.71,14.95,14.61,615170,972339696.0,2.26,-2.06,-0.31,0.73
2022-11-17,600031,三一重工,14.56,14.66,14.71,14.48,430612,673218168.0,1.56,-0.34,-0.05,0.51
2022-11-18,600031,三一重工,14.66,14.43,14.79,14.35,574943,894952823.0,3.0,-1.57,-0.23,0.68
2022-11-21,600031,三一重工,14.33,14.33,14.34,14.13,415199,634967218.0,1.46,-0.69,-0.1,0.49
2022-11-22,600031,三一重工,14.36,14.41,14.67,14.28,549685,852127927.0,2.72,0.56,0.08,0.65
2022-11-23,600031,三一重工,14.27,14.42,14.74,14.27,608285,948081575.0,3.26,0.07,0.01,0.72
2022-11-24,600031,三一重工,14.49,14.53,14.92,14.48,747439,1177651209.0,3.05,0.76,0.11,0.88
2022-11-25,600031,三一重工,14.51,14.85,14.92,14.42,837104,1327720666.0,3.44,2.2,0.32,0.99
2022-11-28,600031,三一重工,14.55,14.28,14.57,14.03,728037,1113429678.0,3.64,-3.84,-0.57,0.86
2022-11-29,600031,三一重工,14.55,15.14,15.15,14.55,1553313,2491202962.0,4.2,6.02,0.86,1.83
2022-11-30,600031,三一重工,15.16,14.86,15.16,14.73,742105,1183651182.0,2.84,-1.85,-0.28,0.88
2022-12-01,600031,三一重工,15.25,14.87,15.31,14.83,738429,1185506923.0,3.23,0.07,0.01,0.87
2022-12-02,600031,三一重工,14.76,14.65,14.81,14.61,607371,955681067.0,1.34,-1.48,-0.22,0.72
2022-12-05,600031,三一重工,14.76,15.27,15.28,14.75,1185226,1911695569.0,3.62,4.23,0.62,1.4
2022-12-06,600031,三一重工,15.11,15.19,15.37,15.05,669075,1086711641.0,2.1,-0.52,-0.08,0.79
2022-12-07,600031,三一重工,15.15,14.99,15.15,14.87,583623,935533030.0,1.84,-1.32,-0.2,0.69
2022-12-08,600031,三一重工,15.09,15.0,15.09,14.92,461200,740702755.0,1.13,0.07,0.01,0.54
2022-12-09,600031,三一重工,15.08,15.86,15.99,15.03,1942469,3223603093.0,6.4,5.73,0.86,2.29
2022-12-12,600031,三一重工,15.79,15.57,15.97,15.49,948258,1589994645.0,3.03,-1.83,-0.29,1.12
2022-12-13,600031,三一重工,15.48,15.52,15.7,15.39,583521,966723599.0,1.99,-0.32,-0.05,0.69
2022-12-14,600031,三一重工,15.44,15.73,16.02,15.41,1007021,1693943264.0,3.93,1.35,0.21,1.19
2022-12-15,600031,三一重工,15.66,15.5,15.9,15.4,558028,925347548.0,3.18,-1.46,-0.23,0.66
2022-12-16,600031,三一重工,15.32,15.66,15.93,15.32,690852,1157924958.0,3.94,1.03,0.16,0.82
2022-12-19,600031,三一重工,15.6,15.34,15.79,15.25,619131,1022409153.0,3.45,-2.04,-0.32,0.73
2022-12-20,600031,三一重工,15.32,14.75,15.37,14.62,845660,1345919786.0,4.89,-3.85,-0.59,1.0
2022-12-21,600031,三一重工,14.74,14.94,15.28,14.71,569438,916808332.0,3.86,1.29,0.19,0.67
2022-12-22,600031,三一重工,15.16,15.16,15.42,15.06,488863,796294316.0,2.41,1.47,0.22,0.58
2022-12-23,600031,三一重工,15.06,15.09,15.33,14.94,371593,600741109.0,2.57,-0.46,-0.07,0.44
2022-12-26,600031,三一重工,15.09,15.16,15.18,14.82,401719,647119315.0,2.39,0.46,0.07,0.47
2022-12-27,600031,三一重工,15.31,15.13,15.35,15.05,328299,532071803.0,1.98,-0.2,-0.03,0.39
2022-12-28,600031,三一重工,15.14,14.79,15.14,14.73,430871,683648687.0,2.71,-2.25,-0.34,0.51
2022-12-29,600031,三一重工,14.65,14.61,14.7,14.45,556120,866798387.0,1.69,-1.22,-0.18,0.66
2022-12-30,600031,三一重工,14.65,14.75,15.08,14.65,432576,688032663.0,2.94,0.96,0.14,0.51
2023-01-03,600031,三一重工,14.75,14.75,14.79,14.46,445067,698978168.0,2.24,0.0,0.0,0.53
2023-01-04,600031,三一重工,14.75,15.0,15.2,14.67,759048,1217937118.0,3.59,1.69,0.25,0.9
2023-01-05,600031,三一重工,15.07,15.29,15.33,15.01,604805,984167811.0,2.13,1.93,0.29,0.71
2023-01-06,600031,三一重工,15.23,15.45,15.48,15.16,586023,960879789.0,2.09,1.05,0.16,0.69
2023-01-09,600031,三一重工,15.51,15.9,15.99,15.46,1249265,2115497525.0,3.43,2.91,0.45,1.47
2023-01-10,600031,三一重工,15.88,15.83,15.95,15.75,499625,844202170.0,1.26,-0.44,-0.07,0.59
2023-01-11,600031,三一重工,15.71,15.67,15.89,15.63,522237,877760209.0,1.64,-1.01,-0.16,0.62
2023-01-12,600031,三一重工,15.71,15.7,15.76,15.47,456836,762576127.0,1.85,0.19,0.03,0.54
2023-01-13,600031,三一重工,15.72,15.97,15.97,15.62,629384,1065540059.0,2.23,1.72,0.27,0.74
2023-01-16,600031,三一重工,16.01,15.97,16.27,15.76,962549,1642009832.0,3.19,0.0,0.0,1.14
2023-01-17,600031,三一重工,16.0,16.13,16.25,15.92,545002,936372299.0,2.07,1.0,0.16,0.64
2023-01-18,600031,三一重工,16.15,16.05,16.38,15.97,527486,906886069.0,2.54,-0.5,-0.08,0.62
2023-01-19,600031,三一重工,15.96,16.07,16.12,15.83,548601,933188327.0,1.81,0.12,0.02,0.65
2023-01-20,600031,三一重工,16.07,16.22,16.34,16.05,468945,809873044.0,1.8,0.93,0.15,0.55
2023-01-30,600031,三一重工,16.45,16.21,16.54,16.15,631917,1095200781.0,2.4,-0.06,-0.01,0.75
2023-01-31,600031,三一重工,16.18,16.47,16.54,16.08,812980,1420220999.0,2.84,1.6,0.26,0.96
2023-02-01,600031,三一重工,16.49,16.18,16.52,15.86,1089034,1867927154.0,4.01,-1.76,-0.29,1.29
2023-02-02,600031,三一重工,16.14,15.94,16.18,15.92,649914,1108046892.0,1.61,-1.48,-0.24,0.77
2023-02-03,600031,三一重工,15.85,15.61,15.86,15.44,940483,1562341648.0,2.63,-2.07,-0.33,1.11
2023-02-06,600031,三一重工,15.46,15.43,15.71,15.37,548198,906462342.0,2.18,-1.15,-0.18,0.65
2023-02-07,600031,三一重工,15.5,15.47,15.57,15.36,501503,826838641.0,1.36,0.26,0.04,0.59
2023-02-08,600031,三一重工,15.46,15.4,15.51,15.38,313096,515722286.0,0.84,-0.45,-0.07,0.37
2023-02-09,600031,三一重工,15.44,15.59,15.59,15.35,540917,895777618.0,1.56,1.23,0.19,0.64
2023-02-10,600031,三一重工,15.59,15.48,15.67,15.41,485651,804998384.0,1.67,-0.71,-0.11,0.57
2023-02-13,600031,三一重工,15.61,17.13,17.13,15.57,3588879,6382823980.0,10.08,10.66,1.65,4.24
2023-02-14,600031,三一重工,17.05,17.29,17.42,16.86,2025144,3690551303.0,3.27,0.93,0.16,2.39
2023-02-15,600031,三一重工,17.3,17.18,17.35,17.04,887425,1616414980.0,1.79,-0.64,-0.11,1.05
2023-02-16,600031,三一重工,17.16,16.77,17.24,16.57,1013492,1827586642.0,3.9,-2.39,-0.41,1.2
2023-02-17,600031,三一重工,16.76,16.98,17.28,16.76,1210902,2197090571.0,3.1,1.25,0.21,1.43
2023-02-20,600031,三一重工,17.34,18.51,18.6,17.28,2433212,4690920234.0,7.77,9.01,1.53,2.87
2023-02-21,600031,三一重工,18.49,18.21,18.56,18.02,1391611,2686596275.0,2.92,-1.62,-0.3,1.64
2023-02-22,600031,三一重工,18.35,18.29,18.68,18.15,883144,1710579230.0,2.91,0.44,0.08,1.04
2023-02-23,600031,三一重工,18.29,18.1,18.35,17.95,675700,1292935884.0,2.19,-1.04,-0.19,0.8
2023-02-24,600031,三一重工,18.21,17.61,18.25,17.34,1302536,2434156246.0,5.03,-2.71,-0.49,1.54
2023-02-27,600031,三一重工,17.45,17.71,17.92,17.44,857609,1610968580.0,2.73,0.57,0.1,1.01
2023-02-28,600031,三一重工,17.76,17.68,17.91,17.35,740317,1376901110.0,3.16,-0.17,-0.03,0.87
2023-03-01,600031,三一重工,17.71,18.22,18.25,17.52,1187692,2274368618.0,4.13,3.05,0.54,1.4
2023-03-02,600031,三一重工,18.16,18.25,18.4,18.1,781248,1509226586.0,1.65,0.16,0.03,0.92
2023-03-03,600031,三一重工,18.25,18.24,18.38,18.08,512808,989069442.0,1.64,-0.05,-0.01,0.61
2023-03-06,600031,三一重工,17.95,17.49,18.05,17.46,1356592,2529601539.0,3.23,-4.11,-0.75,1.6
2023-03-07,600031,三一重工,17.48,17.16,17.67,17.13,766773,1413903514.0,3.09,-1.89,-0.33,0.91
2023-03-08,600031,三一重工,17.05,17.23,17.4,16.95,499761,911860317.0,2.62,0.41,0.07,0.59
2023-03-09,600031,三一重工,17.23,16.9,17.32,16.76,637604,1146793185.0,3.25,-1.92,-0.33,0.75
2023-03-10,600031,三一重工,16.79,16.73,17.06,16.65,452220,808611199.0,2.43,-1.01,-0.17,0.53
2023-03-13,600031,三一重工,16.78,16.88,17.32,16.78,743431,1344297693.0,3.23,0.9,0.15,0.88
2023-03-14,600031,三一重工,16.87,16.38,16.87,16.22,769726,1344949876.0,3.85,-2.96,-0.5,0.91
2023-03-15,600031,三一重工,16.49,16.5,16.62,16.37,594676,1042859160.0,1.53,0.73,0.12,0.7
2023-03-16,600031,三一重工,16.43,16.32,16.63,16.27,513321,897206768.0,2.18,-1.09,-0.18,0.61
2023-03-17,600031,三一重工,16.52,16.42,16.72,16.34,702792,1234467412.0,2.33,0.61,0.1,0.83
2023-03-20,600031,三一重工,16.42,16.17,16.91,16.06,837222,1463981984.0,5.18,-1.52,-0.25,0.99
2023-03-21,600031,三一重工,16.17,16.25,16.3,16.03,509764,877462745.0,1.67,0.49,0.08,0.6
2023-03-22,600031,三一重工,16.4,16.39,16.5,16.24,465564,811473281.0,1.6,0.86,0.14,0.55
2023-03-23,600031,三一重工,16.35,16.33,16.41,16.08,536712,927842029.0,2.01,-0.37,-0.06,0.63
2023-03-24,600031,三一重工,16.33,15.89,16.33,15.6,1068993,1800657043.0,4.47,-2.69,-0.44,1.26
2023-03-27,600031,三一重工,15.89,15.76,15.89,15.49,756367,1267344163.0,2.52,-0.82,-0.13,0.89
2023-03-28,600031,三一重工,15.78,15.72,15.97,15.67,504371,851053457.0,1.9,-0.25,-0.04,0.6
2023-03-29,600031,三一重工,15.8,16.06,16.15,15.69,652224,1108854444.0,2.93,2.16,0.34,0.77
2023-03-30,600031,三一重工,16.09,16.16,16.33,15.86,625322,1071199732.0,2.93,0.62,0.1,0.74
2023-03-31,600031,三一重工,16.21,16.04,16.3,15.99,547220,939796465.0,1.92,-0.74,-0.12,0.65
2023-04-03,600031,三一重工,16.08,16.64,16.8,16.08,1035884,1819771847.0,4.49,3.74,0.6,1.22
2023-04-04,600031,三一重工,16.58,16.65,16.75,16.46,550101,971364477.0,1.74,0.06,0.01,0.65
2023-04-06,600031,三一重工,16.65,16.56,16.79,16.46,487995,860516135.0,1.98,-0.54,-0.09,0.58
2023-04-07,600031,三一重工,16.56,16.35,16.65,16.33,501278,875077945.0,1.93,-1.27,-0.21,0.59
2023-04-10,600031,三一重工,16.37,15.98,16.42,15.93,850318,1456729171.0,3.0,-2.26,-0.37,1.0
2023-04-11,600031,三一重工,16.01,16.47,16.5,15.86,904570,1569056901.0,4.01,3.07,0.49,1.07
2023-04-12,600031,三一重工,16.48,16.34,16.57,16.3,459162,801027005.0,1.64,-0.79,-0.13,0.54
2023-04-13,600031,三一重工,16.32,16.02,16.48,15.96,748430,1282264214.0,3.18,-1.96,-0.32,0.88
2023-04-14,600031,三一重工,16.05,15.94,16.12,15.91,429286,731377737.0,1.31,-0.5,-0.08,0.51
2023-04-17,600031,三一重工,15.95,16.27,16.39,15.92,639093,1103286150.0,2.95,2.07,0.33,0.76
2023-04-18,600031,三一重工,16.31,16.24,16.36,16.08,474728,819521069.0,1.72,-0.18,-0.03,0.56
2023-04-19,600031,三一重工,16.25,15.96,16.29,15.87,593403,1009373204.0,2.59,-1.72,-0.28,0.7
2023-04-20,600031,三一重工,15.94,15.85,16.12,15.75,555026,939765966.0,2.32,-0.69,-0.11,0.66
2023-04-21,600031,三一重工,15.76,15.55,16.1,15.51,595313,1001087803.0,3.72,-1.89,-0.3,0.7
2023-04-24,600031,三一重工,15.56,14.95,15.61,14.86,973014,1571569549.0,4.82,-3.86,-0.6,1.15
2023-04-25,600031,三一重工,15.05,15.12,15.15,14.77,684727,1096510863.0,2.54,1.14,0.17,0.81
2023-04-26,600031,三一重工,15.14,14.98,15.2,14.88,473179,760710654.0,2.12,-0.93,-0.14,0.56
2023-04-27,600031,三一重工,14.99,15.17,15.21,14.89,518734,835736989.0,2.14,1.27,0.19,0.61
2023-04-28,600031,三一重工,15.2,15.44,15.46,15.11,492214,807028419.0,2.31,1.78,0.27,0.58
2023-05-04,600031,三一重工,15.39,15.28,15.45,15.23,484544,792288384.0,1.42,-1.04,-0.16,0.57
2023-05-05,600031,三一重工,15.28,15.19,15.36,15.01,428689,694799598.0,2.29,-0.59,-0.09,0.51
2023-05-08,600031,三一重工,15.19,15.29,15.41,15.13,405906,661459926.0,1.84,0.66,0.1,0.48
2023-05-09,600031,三一重工,15.3,15.15,15.53,15.13,578283,946935315.0,2.62,-0.92,-0.14,0.68
2023-05-10,600031,三一重工,15.16,15.18,15.23,15.06,319491,517721149.0,1.12,0.2,0.03,0.38
2023-05-11,600031,三一重工,15.17,15.04,15.2,15.03,368918,595439834.0,1.12,-0.92,-0.14,0.44
2023-05-12,600031,三一重工,15.04,14.66,15.06,14.62,655742,1036533946.0,2.93,-2.53,-0.38,0.77
2023-05-15,600031,三一重工,14.67,15.07,15.09,14.47,489089,776193915.0,4.23,2.8,0.41,0.58
2023-05-16,600031,三一重工,15.11,14.97,15.22,14.9,352630,566262694.0,2.12,-0.66,-0.1,0.42
2023-05-17,600031,三一重工,14.94,15.15,15.33,14.91,448723,727050625.0,2.81,1.2,0.18,0.53
2023-05-18,600031,三一重工,15.15,15.01,15.23,14.93,302478,487593687.0,1.98,-0.92,-0.14,0.36
2023-05-19,600031,三一重工,14.96,14.79,15.0,14.71,423881,670599966.0,1.93,-1.47,-0.22,0.5
2023-05-22,600031,三一重工,14.79,15.04,15.23,14.73,403205,646516163.0,3.38,1.69,0.25,0.48
2023-05-23,600031,三一重工,15.04,14.83,15.08,14.83,273186,436468264.0,1.66,-1.4,-0.21,0.32
2023-05-24,600031,三一重工,14.74,14.49,14.75,14.47,417644,652716696.0,1.89,-2.29,-0.34,0.49
2023-05-25,600031,三一重工,14.47,14.24,14.54,14.06,622634,952940925.0,3.31,-1.73,-0.25,0.74
2023-05-26,600031,三一重工,14.24,14.14,14.27,14.03,323811,491338764.0,1.69,-0.7,-0.1,0.38
2023-05-29,600031,三一重工,14.14,14.08,14.22,14.06,303841,460543518.0,1.13,-0.42,-0.06,0.36
2023-05-30,600031,三一重工,14.04,14.0,14.15,13.66,626741,938492278.0,3.48,-0.57,-0.08,0.74
2023-05-31,600031,三一重工,14.0,13.79,14.14,13.73,598729,886063105.0,2.93,-1.5,-0.21,0.71
2023-06-01,600031,三一重工,13.79,14.04,14.2,13.79,493509,737433169.0,2.97,1.81,0.25,0.58
2023-06-02,600031,三一重工,14.08,14.38,14.46,14.04,495219,751717175.0,2.99,2.42,0.34,0.59
2023-06-05,600031,三一重工,14.38,14.25,14.46,14.21,300530,456692262.0,1.74,-0.9,-0.13,0.36
2023-06-06,600031,三一重工,14.31,14.19,14.61,14.19,456009,696907288.0,2.95,-0.42,-0.06,0.54
2023-06-07,600031,三一重工,14.12,14.09,14.33,13.98,402853,604750514.0,2.47,-0.7,-0.1,0.48
2023-06-08,600031,三一重工,14.11,14.8,14.82,14.09,933331,1441068094.0,5.18,5.04,0.71,1.1
2023-06-09,600031,三一重工,14.79,14.6,14.9,14.6,431581,671959354.0,2.03,-1.35,-0.2,0.51
2023-06-12,600031,三一重工,14.58,14.82,14.94,14.51,418050,655335370.0,2.95,1.51,0.22,0.49
2023-06-13,600031,三一重工,14.82,14.79,14.96,14.69,309589,485234261.0,1.82,-0.2,-0.03,0.37
2023-06-14,600031,三一重工,14.86,15.35,15.44,14.86,1212219,1955494317.0,3.92,3.79,0.56,1.43
2023-06-15,600031,三一重工,15.32,16.03,16.1,15.29,1405705,2350713370.0,5.28,4.43,0.68,1.66
2023-06-16,600031,三一重工,16.19,16.16,16.44,16.05,1397689,2393452872.0,2.43,0.81,0.13,1.65
2023-06-19,600031,三一重工,16.35,15.96,16.36,15.94,858364,1453716179.0,2.6,-1.24,-0.2,1.01
2023-06-20,600031,三一重工,15.99,15.94,16.11,15.83,588028,991496359.0,1.75,-0.13,-0.02,0.69
2023-06-21,600031,三一重工,15.87,15.69,16.02,15.69,396230,662845575.0,2.07,-1.57,-0.25,0.47
2023-06-26,600031,三一重工,15.61,15.46,15.78,15.41,589040,967256434.0,2.36,-1.47,-0.23,0.7
2023-06-27,600031,三一重工,15.46,15.67,15.72,15.44,452398,745569525.0,1.81,1.36,0.21,0.53
2023-06-28,600031,三一重工,15.61,15.64,15.74,15.46,297026,489125571.0,1.79,-0.19,-0.03,0.35
2023-06-29,600031,三一重工,15.66,15.52,15.71,15.46,252817,415849540.0,1.6,-0.77,-0.12,0.3
2023-06-30,600031,三一重工,15.46,15.74,15.82,15.46,439391,729460572.0,2.32,1.42,0.22,0.52
2023-07-03,600031,三一重工,15.9,15.71,16.04,15.65,506861,846425969.0,2.48,-0.19,-0.03,0.6
2023-07-04,600031,三一重工,15.71,15.76,16.02,15.64,393741,659107938.0,2.42,0.32,0.05,0.47
2023-07-05,600031,三一重工,15.72,15.79,15.92,15.61,297613,497013517.0,1.97,0.19,0.03,0.35
2023-07-06,600031,三一重工,15.72,15.63,15.96,15.58,378056,626579216.0,2.41,-1.01,-0.16,0.45
2023-07-07,600031,三一重工,15.52,15.65,15.73,15.48,250456,413738114.0,1.6,0.13,0.02,0.3
2023-07-10,600031,三一重工,15.61,15.74,15.85,15.61,275620,458444365.0,1.53,0.58,0.09,0.33
2023-07-11,600031,三一重工,15.74,15.82,15.97,15.62,279592,465846901.0,2.22,0.51,0.08,0.33
2023-07-12,600031,三一重工,15.82,15.72,16.16,15.69,505714,850615750.0,2.97,-0.63,-0.1,0.6
2023-07-13,600031,三一重工,15.82,15.8,15.92,15.63,333825,556236952.0,1.84,0.51,0.08,0.39
2023-07-14,600031,三一重工,15.81,16.28,16.33,15.71,976068,1665511302.0,3.92,3.04,0.48,1.15
2023-07-17,600031,三一重工,16.19,16.27,16.29,16.0,413906,705738177.0,1.78,-0.06,-0.01,0.49
2023-07-18,600031,三一重工,16.27,16.39,16.57,16.2,566780,980053965.0,2.27,0.74,0.12,0.67
2023-07-19,600031,三一重工,16.38,16.48,16.5,16.24,365341,631620658.0,1.59,0.55,0.09,0.43
2023-07-20,600031,三一重工,16.48,16.37,16.86,16.36,685002,1200656311.0,3.03,-0.67,-0.11,0.81
2023-07-21,600031,三一重工,16.31,16.53,16.81,16.16,723920,1263971819.0,3.97,0.98,0.16,0.86
2023-07-24,600031,三一重工,16.59,16.24,16.69,16.19,423873,729786140.0,3.02,-1.75,-0.29,0.5
2023-07-25,600031,三一重工,16.39,16.79,16.91,16.39,694790,1226102478.0,3.2,3.39,0.55,0.82
2023-07-26,600031,三一重工,16.79,16.42,16.82,16.39,462490,805264813.0,2.56,-2.2,-0.37,0.55
2023-07-27,600031,三一重工,16.42,16.18,16.55,16.13,490392,842969044.0,2.56,-1.46,-0.24,0.58
2023-07-28,600031,三一重工,16.11,16.67,16.81,16.09,854251,1490340497.0,4.45,3.03,0.49,1.01
2023-07-31,600031,三一重工,16.74,16.86,17.14,16.73,694177,1237731659.0,2.46,1.14,0.19,0.82
2023-08-01,600031,三一重工,16.76,16.38,16.82,16.29,613938,1067084835.0,3.14,-2.85,-0.48,0.73
2023-08-02,600031,三一重工,16.47,16.52,16.75,16.47,383509,670306816.0,1.71,0.85,0.14,0.45
2023-08-03,600031,三一重工,16.42,16.67,16.68,16.28,443011,770305216.0,2.42,0.91,0.15,0.52
2023-08-04,600031,三一重工,16.86,16.61,16.99,16.57,451869,795801192.0,2.52,-0.36,-0.06,0.53
2023-08-07,600031,三一重工,16.56,16.5,16.61,16.39,365441,634271624.0,1.32,-0.66,-0.11,0.43
2023-08-08,600031,三一重工,16.5,16.15,16.5,15.97,646311,1101171577.0,3.21,-2.12,-0.35,0.76
2023-08-09,600031,三一重工,16.09,15.59,16.09,15.51,1072097,1776360464.0,3.59,-3.47,-0.56,1.27
2023-08-10,600031,三一重工,15.61,15.61,15.69,15.54,445548,735140602.0,0.96,0.13,0.02,0.53
2023-08-11,600031,三一重工,15.61,15.01,15.66,15.0,817055,1313709346.0,4.23,-3.84,-0.6,0.97
2023-08-14,600031,三一重工,14.87,14.97,15.04,14.76,456627,720938065.0,1.87,-0.27,-0.04,0.54
2023-08-15,600031,三一重工,14.99,14.89,15.11,14.72,379659,599364669.0,2.61,-0.53,-0.08,0.45
2023-08-16,600031,三一重工,14.81,14.91,15.14,14.79,430119,681395753.0,2.35,0.13,0.02,0.51
2023-08-17,600031,三一重工,14.85,15.19,15.25,14.84,455952,729281901.0,2.75,1.88,0.28,0.54
2023-08-18,600031,三一重工,15.18,14.86,15.21,14.85,354476,562480334.0,2.37,-2.17,-0.33,0.42
2023-08-21,600031,三一重工,14.82,14.7,14.98,14.7,274679,431994767.0,1.88,-1.08,-0.16,0.32
2023-08-22,600031,三一重工,14.76,14.79,14.96,14.53,362958,565414958.0,2.93,0.61,0.09,0.43
2023-08-23,600031,三一重工,14.79,14.36,14.8,14.34,342170,526425985.0,3.11,-2.91,-0.43,0.4
2023-08-24,600031,三一重工,14.37,14.23,14.47,14.21,520845,791109905.0,1.81,-0.91,-0.13,0.62
2023-08-25,600031,三一重工,14.21,14.28,14.46,14.14,341430,517748036.0,2.25,0.35,0.05,0.4
2023-08-28,600031,三一重工,15.07,14.68,15.16,14.57,650783,1020784095.0,4.13,2.8,0.4,0.77
2023-08-29,600031,三一重工,14.62,14.64,14.78,14.43,495739,768499054.0,2.38,-0.27,-0.04,0.59
2023-08-30,600031,三一重工,14.64,14.58,14.81,14.52,369386,573847976.0,1.98,-0.41,-0.06,0.44
2023-08-31,600031,三一重工,14.86,14.6,15.18,14.56,833704,1309628108.0,4.25,0.14,0.02,0.98
2023-09-01,600031,三一重工,14.66,15.06,15.16,14.66,865654,1377779704.0,3.42,3.15,0.46,1.02
2023-09-04,600031,三一重工,15.23,16.18,16.26,15.22,1790365,3004171043.0,6.91,7.44,1.12,2.12
2023-09-05,600031,三一重工,16.16,16.1,16.2,15.95,765230,1297499300.0,1.55,-0.49,-0.08,0.9
2023-09-06,600031,三一重工,16.06,15.89,16.08,15.76,442136,741078289.0,1.99,-1.3,-0.21,0.52
2023-09-07,600031,三一重工,15.88,15.86,16.03,15.72,492613,827167732.0,1.95,-0.19,-0.03,0.58
2023-09-08,600031,三一重工,15.81,15.67,15.81,15.6,306265,507132025.0,1.32,-1.2,-0.19,0.36
2023-09-11,600031,三一重工,15.79,15.81,15.93,15.61,374072,623076914.0,2.04,0.89,0.14,0.44
2023-09-12,600031,三一重工,15.76,15.73,15.86,15.66,285234,474373069.0,1.27,-0.51,-0.08,0.34
2023-09-13,600031,三一重工,15.81,15.61,15.86,15.51,323277,533300774.0,2.23,-0.76,-0.12,0.38
2023-09-14,600031,三一重工,15.61,15.65,15.66,15.52,258450,426252423.0,0.9,0.26,0.04,0.31
2023-09-15,600031,三一重工,15.66,15.49,15.75,15.45,338384,557015595.0,1.92,-1.02,-0.16,0.4
2023-09-18,600031,三一重工,15.45,15.43,15.6,15.37,219607,359384287.0,1.48,-0.39,-0.06,0.26
2023-09-19,600031,三一重工,15.43,15.41,15.49,15.25,310789,505101441.0,1.56,-0.13,-0.02,0.37
2023-09-20,600031,三一重工,15.39,15.16,15.39,15.01,490735,788289110.0,2.47,-1.62,-0.25,0.58
2023-09-21,600031,三一重工,15.12,15.12,15.24,15.0,353132,565342085.0,1.58,-0.26,-0.04,0.42
2023-09-22,600031,三一重工,15.19,15.49,15.54,15.02,553686,898593756.0,3.44,2.45,0.37,0.65
2023-09-25,600031,三一重工,15.49,15.21,15.56,15.2,454436,738698157.0,2.32,-1.81,-0.28,0.54
2023-09-26,600031,三一重工,15.18,15.27,15.4,15.17,220316,356600658.0,1.51,0.39,0.06,0.26
2023-09-27,600031,三一重工,15.21,15.13,15.35,15.07,361714,580752615.0,1.83,-0.92,-0.14,0.43
2023-09-28,600031,三一重工,15.2,15.0,15.21,14.9,334635,531617854.0,2.05,-0.86,-0.13,0.4
2023-10-09,600031,三一重工,14.98,14.99,15.2,14.93,364058,580492087.0,1.8,-0.07,-0.01,0.43
2023-10-10,600031,三一重工,15.01,14.41,15.07,14.38,902846,1392257027.0,4.6,-3.87,-0.58,1.07
2023-10-11,600031,三一重工,14.43,14.32,14.52,14.31,506029,772564901.0,1.46,-0.62,-0.09,0.6
2023-10-12,600031,三一重工,14.43,14.53,14.54,14.33,453037,694977423.0,1.47,1.47,0.21,0.54
2023-10-13,600031,三一重工,14.42,14.43,14.44,14.32,351504,536552162.0,0.83,-0.69,-0.1,0.42
2023-10-16,600031,三一重工,14.44,14.17,14.46,14.13,427759,647060852.0,2.29,-1.8,-0.26,0.51
2023-10-17,600031,三一重工,14.21,14.19,14.25,14.11,253684,382391799.0,0.99,0.14,0.02,0.3
2023-10-18,600031,三一重工,14.17,14.02,14.19,13.99,317829,474524274.0,1.41,-1.2,-0.17,0.38
2023-10-19,600031,三一重工,13.99,13.73,13.99,13.71,503966,740414214.0,2.0,-2.07,-0.29,0.6
2023-10-20,600031,三一重工,13.67,13.56,13.7,13.52,405191,587088228.0,1.31,-1.24,-0.17,0.48
2023-10-23,600031,三一重工,13.57,13.35,13.62,13.2,405489,579361641.0,3.1,-1.55,-0.21,0.48
2023-10-24,600031,三一重工,13.34,13.39,13.47,13.28,404796,577418428.0,1.42,0.3,0.04,0.48
2023-10-25,600031,三一重工,13.87,13.71,14.08,13.67,650655,956370931.0,3.06,2.39,0.32,0.77
2023-10-26,600031,三一重工,13.56,13.73,13.75,13.48,301491,437772437.0,1.97,0.15,0.02,0.36
2023-10-27,600031,三一重工,13.71,14.02,14.07,13.66,449362,665556491.0,2.99,2.11,0.29,0.53
2023-10-30,600031,三一重工,14.0,14.14,14.19,13.77,349678,522965868.0,3.0,0.86,0.12,0.41
2023-10-31,600031,三一重工,13.86,13.58,13.88,13.47,831085,1205082314.0,2.9,-3.96,-0.56,0.98
2023-11-01,600031,三一重工,13.59,13.32,13.63,13.31,634966,905639898.0,2.36,-1.91,-0.26,0.75
2023-11-02,600031,三一重工,13.32,13.15,13.43,13.11,626526,884846394.0,2.4,-1.28,-0.17,0.74
2023-11-03,600031,三一重工,13.19,13.35,13.39,13.19,438647,623242089.0,1.52,1.52,0.2,0.52
2023-11-06,600031,三一重工,13.41,13.59,13.59,13.36,487347,701133666.0,1.72,1.8,0.24,0.58
2023-11-07,600031,三一重工,13.58,13.49,13.58,13.37,401070,575492437.0,1.55,-0.74,-0.1,0.47
2023-11-08,600031,三一重工,13.46,13.47,13.54,13.38,372396,534210503.0,1.19,-0.15,-0.02,0.44
2023-11-09,600031,三一重工,13.44,13.41,13.49,13.39,321549,460358302.0,0.74,-0.45,-0.06,0.38
2023-11-10,600031,三一重工,13.37,13.28,13.37,13.23,341405,483368557.0,1.04,-0.97,-0.13,0.4
2023-11-13,600031,三一重工,13.32,13.35,13.37,13.23,391524,555695164.0,1.05,0.53,0.07,0.46
2023-11-14,600031,三一重工,13.34,13.35,13.41,13.29,417318,594419245.0,0.9,0.0,0.0,0.49
2023-11-15,600031,三一重工,13.46,13.45,13.56,13.4,527973,757833760.0,1.2,0.75,0.1,0.62
2023-11-16,600031,三一重工,13.41,13.28,13.42,13.27,376690,535054918.0,1.12,-1.26,-0.17,0.45
2023-11-17,600031,三一重工,13.26,13.32,13.33,13.18,356305,503429987.0,1.13,0.3,0.04,0.42
2023-11-20,600031,三一重工,13.28,13.3,13.35,13.2,403495,571461025.0,1.13,-0.15,-0.02,0.48
2023-11-21,600031,三一重工,13.31,13.4,13.59,13.31,703077,1008680898.0,2.11,0.75,0.1,0.83
2023-11-22,600031,三一重工,13.35,13.22,13.36,13.21,472139,667580568.0,1.12,-1.34,-0.18,0.56
2023-11-23,600031,三一重工,13.23,13.28,13.28,13.17,322062,454851222.0,0.83,0.45,0.06,0.38
2023-11-24,600031,三一重工,13.3,13.2,13.31,13.17,288140,406258178.0,1.05,-0.6,-0.08,0.34
2023-11-27,600031,三一重工,13.16,12.94,13.18,12.91,524328,727093817.0,2.05,-1.97,-0.26,0.62
2023-11-28,600031,三一重工,12.93,12.98,13.0,12.79,349614,482132465.0,1.62,0.31,0.04,0.41
2023-11-29,600031,三一重工,12.96,12.79,12.96,12.74,400932,549593095.0,1.69,-1.46,-0.19,0.47
2023-11-30,600031,三一重工,12.77,12.76,12.84,12.68,243467,332240607.0,1.25,-0.23,-0.03,0.29
2023-12-01,600031,三一重工,12.79,12.83,12.84,12.58,429593,583663578.0,2.04,0.55,0.07,0.51
2023-12-04,600031,三一重工,12.79,12.63,12.81,12.63,335570,455302313.0,1.4,-1.56,-0.2,0.4
2023-12-05,600031,三一重工,12.6,12.4,12.6,12.39,368049,491725376.0,1.66,-1.82,-0.23,0.43
2023-12-06,600031,三一重工,12.39,12.41,12.48,12.27,276176,367125345.0,1.69,0.08,0.01,0.33
2023-12-07,600031,三一重工,12.43,12.24,12.44,12.23,371763,489843741.0,1.69,-1.37,-0.17,0.44
2023-12-08,600031,三一重工,12.26,12.1,12.33,12.1,431857,565700479.0,1.88,-1.14,-0.14,0.51
2023-12-11,600031,三一重工,11.96,12.18,12.29,11.71,778066,996688221.0,4.79,0.66,0.08,0.92
2023-12-12,600031,三一重工,12.11,12.23,12.28,12.02,353407,462453426.0,2.13,0.41,0.05,0.42
2023-12-13,600031,三一重工,12.21,11.96,12.22,11.96,358414,463870059.0,2.13,-2.21,-0.27,0.42
2023-12-14,600031,三一重工,11.99,11.88,12.14,11.87,258662,332693334.0,2.26,-0.67,-0.08,0.31
2023-12-15,600031,三一重工,11.92,11.9,12.14,11.88,359303,462749896.0,2.19,0.17,0.02,0.42
2023-12-18,600031,三一重工,11.84,11.81,11.95,11.72,280436,356809929.0,1.93,-0.76,-0.09,0.33
2023-12-19,600031,三一重工,11.78,11.87,11.9,11.76,284282,361507210.0,1.19,0.51,0.06,0.34
2023-12-20,600031,三一重工,11.89,11.92,12.0,11.85,376712,483603230.0,1.26,0.42,0.05,0.45
2023-12-21,600031,三一重工,11.89,12.29,12.31,11.86,643414,839469360.0,3.78,3.1,0.37,0.76
2023-12-22,600031,三一重工,12.28,12.22,12.38,12.16,442749,582475439.0,1.79,-0.57,-0.07,0.52
2023-12-25,600031,三一重工,12.22,12.32,12.35,12.2,276473,363983076.0,1.23,0.82,0.1,0.33
2023-12-26,600031,三一重工,12.33,12.35,12.35,12.17,304588,400451458.0,1.46,0.24,0.03,0.36
2023-12-27,600031,三一重工,12.36,12.35,12.38,12.17,291991,384951791.0,1.7,0.0,0.0,0.34
2023-12-28,600031,三一重工,12.33,12.81,12.89,12.25,757665,1027730546.0,5.18,3.72,0.46,0.9
2023-12-29,600031,三一重工,12.77,12.88,12.95,12.73,481487,662923404.0,1.72,0.55,0.07,0.57
2024-01-02,600031,三一重工,12.9,12.87,12.96,12.82,360391,497198214.0,1.09,-0.08,-0.01,0.43
2024-01-03,600031,三一重工,12.84,12.74,12.88,12.64,388458,529369041.0,1.86,-1.01,-0.13,0.46
2024-01-04,600031,三一重工,12.74,12.6,12.81,12.49,338798,456740267.0,2.51,-1.1,-0.14,0.4
2024-01-05,600031,三一重工,12.6,12.52,12.74,12.43,298889,403333628.0,2.46,-0.63,-0.08,0.35
2024-01-08,600031,三一重工,12.53,12.36,12.61,12.29,397614,528383229.0,2.56,-1.28,-0.16,0.47
2024-01-09,600031,三一重工,12.36,12.32,12.43,12.22,318440,420787893.0,1.7,-0.32,-0.04,0.38
2024-01-10,600031,三一重工,12.29,12.34,12.44,12.19,265291,350752089.0,2.03,0.16,0.02,0.31
2024-01-11,600031,三一重工,12.36,12.6,12.6,12.25,420692,562484718.0,2.84,2.11,0.26,0.5
2024-01-12,600031,三一重工,12.6,12.43,12.61,12.42,276625,370919423.0,1.51,-1.35,-0.17,0.33
2024-01-15,600031,三一重工,12.39,12.39,12.52,12.2,348193,461843409.0,2.57,-0.32,-0.04,0.41
2024-01-16,600031,三一重工,12.31,12.37,12.4,12.17,411352,542185618.0,1.86,-0.16,-0.02,0.49
2024-01-17,600031,三一重工,12.31,12.11,12.34,12.11,310112,406936108.0,1.86,-2.1,-0.26,0.37
2024-01-18,600031,三一重工,12.08,12.31,12.33,11.77,654582,844833845.0,4.62,1.65,0.2,0.77
2024-01-19,600031,三一重工,12.12,12.15,12.3,12.08,419872,547964315.0,1.79,-1.3,-0.16,0.5
2024-01-22,600031,三一重工,12.14,11.98,12.24,11.87,586332,761606136.0,3.05,-1.4,-0.17,0.69
2024-01-23,600031,三一重工,11.97,12.06,12.16,11.89,332049,428986148.0,2.25,0.67,0.08,0.39
2024-01-24,600031,三一重工,12.18,12.27,12.36,11.92,537480,702007060.0,3.65,1.74,0.21,0.64
2024-01-25,600031,三一重工,12.3,12.61,12.61,12.22,626488,838396681.0,3.18,2.77,0.34,0.74
2024-01-26,600031,三一重工,12.52,12.77,12.89,12.51,598852,814973023.0,3.01,1.27,0.16,0.71
2024-01-29,600031,三一重工,12.76,12.61,12.89,12.6,377985,513864004.0,2.27,-1.25,-0.16,0.45
2024-01-30,600031,三一重工,12.55,12.34,12.6,12.34,363028,484082006.0,2.06,-2.14,-0.27,0.43
2024-01-31,600031,三一重工,12.28,12.18,12.4,12.12,408691,536660133.0,2.27,-1.3,-0.16,0.48
2024-02-01,600031,三一重工,12.27,12.36,12.41,12.11,365225,481708940.0,2.46,1.48,0.18,0.43
2024-02-02,600031,三一重工,12.36,12.2,12.58,11.83,595990,784124009.0,6.07,-1.29,-0.16,0.7
2024-02-05,600031,三一重工,12.07,12.23,12.33,11.81,603932,783521788.0,4.26,0.25,0.03,0.71
2024-02-06,600031,三一重工,12.23,12.81,12.81,12.13,751323,1012570936.0,5.56,4.74,0.58,0.89
2024-02-07,600031,三一重工,12.83,12.87,12.91,12.57,892503,1220117317.0,2.65,0.47,0.06,1.05
2024-02-08,600031,三一重工,12.93,13.28,13.32,12.9,914131,1288284460.0,3.26,3.19,0.41,1.08
2024-02-19,600031,三一重工,13.47,13.25,13.48,13.12,654663,923989420.0,2.71,-0.23,-0.03,0.77
2024-02-20,600031,三一重工,13.21,13.13,13.24,12.99,456754,638820881.0,1.89,-0.91,-0.12,0.54
2024-02-21,600031,三一重工,13.09,13.13,13.39,13.03,708061,999533742.0,2.74,0.0,0.0,0.84
2024-02-22,600031,三一重工,13.13,13.18,13.26,13.08,401986,565202183.0,1.37,0.38,0.05,0.47
2024-02-23,600031,三一重工,13.18,13.06,13.2,12.95,573962,801061182.0,1.9,-0.91,-0.12,0.68
2024-02-26,600031,三一重工,13.32,13.17,13.41,13.13,650704,919564917.0,2.14,0.84,0.11,0.77
2024-02-27,600031,三一重工,13.09,13.16,13.16,12.98,545889,761563383.0,1.37,-0.08,-0.01,0.64
2024-02-28,600031,三一重工,13.16,12.86,13.26,12.84,794453,1109154524.0,3.19,-2.28,-0.3,0.94
2024-02-29,600031,三一重工,12.81,13.05,13.05,12.79,570261,790030786.0,2.02,1.48,0.19,0.67
2024-03-01,600031,三一重工,13.04,13.06,13.15,12.95,534058,744794917.0,1.53,0.08,0.01,0.63
2024-03-04,600031,三一重工,13.01,13.13,13.22,13.01,591345,828927783.0,1.61,0.54,0.07,0.7
2024-03-05,600031,三一重工,13.12,13.08,13.12,12.96,493747,687483424.0,1.22,-0.38,-0.05,0.58
2024-03-06,600031,三一重工,13.08,13.28,13.35,13.02,690243,973133718.0,2.52,1.53,0.2,0.82
2024-03-07,600031,三一重工,13.35,13.2,13.55,13.11,831863,1184827389.0,3.31,-0.6,-0.08,0.98
2024-03-08,600031,三一重工,13.13,13.08,13.25,12.98,530693,741306050.0,2.05,-0.91,-0.12,0.63
2024-03-11,600031,三一重工,13.06,13.06,13.07,12.97,580827,807580805.0,0.76,-0.15,-0.02,0.69
2024-03-12,600031,三一重工,13.05,13.22,13.26,12.93,848287,1185622865.0,2.53,1.23,0.16,1.0
2024-03-13,600031,三一重工,13.21,13.03,13.21,13.02,606094,845997647.0,1.44,-1.44,-0.19,0.72
2024-03-14,600031,三一重工,13.02,12.99,13.19,12.92,549460,764777092.0,2.07,-0.31,-0.04,0.65
2024-03-15,600031,三一重工,12.95,12.91,12.98,12.77,541860,744388357.0,1.62,-0.62,-0.08,0.64
2024-03-18,600031,三一重工,12.91,13.08,13.09,12.79,663613,920909279.0,2.32,1.32,0.17,0.78
2024-03-19,600031,三一重工,13.06,13.26,13.36,13.02,990591,1399294746.0,2.6,1.38,0.18,1.17
2024-03-20,600031,三一重工,13.26,13.19,13.28,13.08,466769,655681701.0,1.51,-0.53,-0.07,0.55
2024-03-21,600031,三一重工,13.18,13.18,13.24,13.11,413762,582018605.0,0.99,-0.08,-0.01,0.49
2024-03-22,600031,三一重工,13.14,13.06,13.18,12.95,471582,657132223.0,1.75,-0.91,-0.12,0.56
2024-03-25,600031,三一重工,13.4,13.72,14.03,13.36,2066463,3019685214.0,5.13,5.05,0.66,2.44
2024-03-26,600031,三一重工,13.73,13.86,13.94,13.56,1071495,1569541030.0,2.77,1.02,0.14,1.27
2024-03-27,600031,三一重工,13.81,13.69,13.99,13.67,871724,1283466323.0,2.31,-1.23,-0.17,1.03
2024-03-28,600031,三一重工,13.61,13.56,13.75,13.47,723349,1049502650.0,2.05,-0.95,-0.13,0.85
2024-03-29,600031,三一重工,13.57,13.69,13.77,13.48,475888,690730212.0,2.14,0.96,0.13,0.56
2024-04-01,600031,三一重工,13.76,14.09,14.11,13.72,1061937,1581574718.0,2.85,2.92,0.4,1.25
2024-04-02,600031,三一重工,14.07,14.04,14.39,13.98,776585,1170682699.0,2.91,-0.35,-0.05,0.92
2024-04-03,600031,三一重工,14.01,13.94,14.03,13.87,422219,626181590.0,1.14,-0.71,-0.1,0.5
2024-04-08,600031,三一重工,13.87,14.19,14.3,13.76,843316,1263920651.0,3.87,1.79,0.25,1.0
2024-04-09,600031,三一重工,14.13,14.17,14.46,14.11,721057,1093234299.0,2.47,-0.14,-0.02,0.85
2024-04-10,600031,三一重工,14.21,14.48,14.66,14.21,1168690,1802502771.0,3.18,2.19,0.31,1.38
2024-04-11,600031,三一重工,14.47,15.06,15.3,14.38,1687882,2679674233.0,6.35,4.01,0.58,1.99
2024-04-12,600031,三一重工,15.11,14.73,15.16,14.66,942944,1481597409.0,3.32,-2.19,-0.33,1.11
2024-04-15,600031,三一重工,14.67,14.94,15.17,14.63,1045317,1654682872.0,3.67,1.43,0.21,1.23
2024-04-16,600031,三一重工,14.83,14.42,14.89,14.39,910466,1407177836.0,3.35,-3.48,-0.52,1.08
2024-04-17,600031,三一重工,14.41,15.22,15.26,14.29,1391234,2186269152.0,6.73,5.55,0.8,1.64
2024-04-18,600031,三一重工,15.04,14.84,15.24,14.8,951782,1510803387.0,2.89,-2.5,-0.38,1.12
2024-04-19,600031,三一重工,14.78,14.86,15.07,14.72,545930,861082304.0,2.36,0.13,0.02,0.64
2024-04-22,600031,三一重工,14.86,14.44,14.87,14.35,675395,1038056870.0,3.5,-2.83,-0.42,0.8
2024-04-23,600031,三一重工,14.34,14.06,14.49,13.95,690320,1037282501.0,3.74,-2.63,-0.38,0.82
2024-04-24,600031,三一重工,14.26,14.55,14.58,14.26,718780,1103372566.0,2.28,3.49,0.49,0.85
2024-04-25,600031,三一重工,14.51,14.47,14.73,14.45,386123,596480990.0,1.92,-0.55,-0.08,0.46
2024-04-26,600031,三一重工,14.47,15.15,15.21,14.42,1136853,1800746712.0,5.46,4.7,0.68,1.34
2024-04-29,600031,三一重工,15.16,15.23,15.28,14.98,768692,1234211080.0,1.98,0.53,0.08,0.91
2024-04-30,600031,三一重工,15.18,15.42,15.6,15.02,767606,1249420500.0,3.81,1.25,0.19,0.91
2024-05-06,600031,三一重工,15.65,16.04,16.11,15.59,1306690,2200612051.0,3.37,4.02,0.62,1.54
2024-05-07,600031,三一重工,15.96,15.98,16.15,15.92,531055,897685758.0,1.43,-0.37,-0.06,0.63
2024-05-08,600031,三一重工,15.96,15.77,16.02,15.72,449594,750039303.0,1.88,-1.31,-0.21,0.53
2024-05-09,600031,三一重工,15.84,16.57,16.58,15.78,1251879,2163216455.0,5.07,5.07,0.8,1.48
2024-05-10,600031,三一重工,16.61,16.5,16.63,16.33,567536,985336930.0,1.81,-0.42,-0.07,0.67
2024-05-13,600031,三一重工,16.36,16.48,16.68,16.22,571332,992346397.0,2.79,-0.12,-0.02,0.67
2024-05-14,600031,三一重工,16.47,16.04,16.6,15.95,962238,1635479936.0,3.94,-2.67,-0.44,1.14
2024-05-15,600031,三一重工,16.04,15.91,16.18,15.88,478908,807579160.0,1.87,-0.81,-0.13,0.57
2024-05-16,600031,三一重工,15.96,16.13,16.31,15.74,821383,1390817457.0,3.58,1.38,0.22,0.97
2024-05-17,600031,三一重工,16.08,16.16,16.18,15.68,749973,1261416023.0,3.1,0.19,0.03,0.89
2024-05-20,600031,三一重工,16.14,16.02,16.16,15.81,579553,977173897.0,2.17,-0.87,-0.14,0.68
2024-05-21,600031,三一重工,16.02,16.03,16.14,15.96,339040,574421004.0,1.12,0.06,0.01,0.4
2024-05-22,600031,三一重工,16.03,16.04,16.14,15.87,429681,727796619.0,1.68,0.06,0.01,0.51
2024-05-23,600031,三一重工,16.04,15.82,16.08,15.74,428707,718239749.0,2.12,-1.37,-0.22,0.51
2024-05-24,600031,三一重工,15.82,15.94,16.14,15.75,576708,975116150.0,2.47,0.76,0.12,0.68
2024-05-27,600031,三一重工,15.94,16.14,16.24,15.91,490352,832037270.0,2.07,1.25,0.2,0.58
2024-05-28,600031,三一重工,16.14,15.57,16.16,15.52,797064,1322663952.0,3.97,-3.53,-0.57,0.94
2024-05-29,600031,三一重工,15.57,15.39,15.61,15.31,484732,791037758.0,1.93,-1.16,-0.18,0.57
2024-05-30,600031,三一重工,15.37,15.34,15.49,15.2,385781,625756191.0,1.88,-0.32,-0.05,0.46
2024-05-31,600031,三一重工,15.41,15.29,15.58,15.28,375487,611706984.0,1.96,-0.33,-0.05,0.44
2024-06-03,600031,三一重工,15.29,15.02,15.36,14.92,655212,1046103896.0,2.88,-1.77,-0.27,0.77
2024-06-04,600031,三一重工,15.02,15.02,15.16,14.97,447745,713768479.0,1.26,0.0,0.0,0.53
2024-06-05,600031,三一重工,15.02,14.88,15.08,14.83,370076,585176044.0,1.66,-0.93,-0.14,0.44
2024-06-06,600031,三一重工,15.01,15.27,15.41,14.97,710628,1145320305.0,2.96,2.62,0.39,0.84
2024-06-07,600031,三一重工,15.3,15.28,15.64,15.19,766496,1249116566.0,2.95,0.07,0.01,0.91
2024-06-11,600031,三一重工,15.29,15.04,15.29,14.86,440590,700148468.0,2.81,-1.57,-0.24,0.52
2024-06-12,600031,三一重工,14.99,15.18,15.26,14.88,563963,900090814.0,2.53,0.93,0.14,0.67
2024-06-13,600031,三一重工,15.1,14.68,15.12,14.62,678733,1060702711.0,3.29,-3.29,-0.5,0.8
2024-06-14,600031,三一重工,14.62,14.79,14.86,14.57,374378,586026374.0,1.98,0.75,0.11,0.44
2024-06-17,600031,三一重工,14.74,14.75,14.83,14.66,298514,466708092.0,1.15,-0.27,-0.04,0.35
2024-06-18,600031,三一重工,14.75,15.13,15.3,14.53,591174,935527398.0,5.22,2.58,0.38,0.7
2024-06-19,600031,三一重工,15.06,14.93,15.11,14.81,412765,652932086.0,1.98,-1.32,-0.2,0.49
2024-06-20,600031,三一重工,14.91,14.82,15.21,14.73,431245,681099484.0,3.22,-0.74,-0.11,0.51
2024-06-21,600031,三一重工,14.88,15.27,15.41,14.82,619218,983043367.0,3.98,3.04,0.45,0.73
2024-06-24,600031,三一重工,15.27,15.31,15.53,15.2,544571,873027207.0,2.16,0.26,0.04,0.64
2024-06-25,600031,三一重工,15.33,15.69,15.88,15.33,1045628,1710123401.0,3.59,2.48,0.38,1.24
2024-06-26,600031,三一重工,15.71,15.74,15.8,15.5,669452,1093034296.0,1.91,0.32,0.05,0.79
2024-06-27,600031,三一重工,15.72,15.59,15.81,15.59,510800,835253448.0,1.4,-0.95,-0.15,0.6
2024-06-28,600031,三一重工,15.53,15.83,15.95,15.45,502143,827608489.0,3.21,1.54,0.24,0.59
2024-07-01,600031,三一重工,15.79,15.76,15.93,15.6,380058,623781671.0,2.08,-0.44,-0.07,0.45
2024-07-02,600031,三一重工,15.71,14.98,15.71,14.83,1021853,1613311047.0,5.58,-4.95,-0.78,1.21
2024-07-03,600031,三一重工,14.89,14.93,15.03,14.78,400547,623889667.0,1.67,-0.33,-0.05,0.47
2024-07-04,600031,三一重工,14.94,14.95,15.18,14.85,317439,497286760.0,2.21,0.13,0.02,0.38
2024-07-05,600031,三一重工,14.95,15.15,15.22,14.83,441273,694059920.0,2.61,1.34,0.2,0.52
2024-07-08,600031,三一重工,15.24,14.89,15.29,14.84,290464,454614029.0,2.97,-1.72,-0.26,0.34
2024-07-09,600031,三一重工,14.74,14.63,14.8,14.21,773771,1171632387.0,3.96,-1.75,-0.26,0.91
2024-07-10,600031,三一重工,14.49,14.85,14.89,14.49,456569,704411752.0,2.73,1.5,0.22,0.54
2024-07-11,600031,三一重工,14.93,15.65,15.66,14.93,683970,1100747455.0,4.92,5.39,0.8,0.81
2024-07-12,600031,三一重工,15.64,15.63,15.72,15.5,332412,541110685.0,1.41,-0.13,-0.02,0.39
2024-07-15,600031,三一重工,15.49,15.62,15.81,15.43,309859,505964835.0,2.43,-0.06,-0.01,0.37
2024-07-16,600031,三一重工,15.62,15.59,15.69,15.38,294069,477232020.0,1.98,-0.19,-0.03,0.35
2024-07-17,600031,三一重工,15.55,15.39,15.58,15.17,392902,628118344.0,2.63,-1.28,-0.2,0.46
2024-07-18,600031,三一重工,15.36,15.67,15.71,15.28,401077,651414621.0,2.79,1.82,0.28,0.47
2024-07-19,600031,三一重工,15.63,15.73,15.78,15.54,465650,761381948.0,1.53,0.38,0.06,0.55
2024-07-22,600031,三一重工,15.67,15.6,15.75,15.46,373148,605621931.0,1.84,-0.83,-0.13,0.44
2024-07-23,600031,三一重工,15.51,15.33,15.58,15.33,235324,379116334.0,1.6,-1.73,-0.27,0.28
2024-07-24,600031,三一重工,15.3,15.31,15.54,15.07,315576,503569725.0,3.07,-0.13,-0.02,0.37
2024-07-25,600031,三一重工,15.31,15.03,15.43,14.98,328502,519380710.0,2.94,-1.83,-0.28,0.39
2024-07-26,600031,三一重工,15.1,15.32,15.58,15.05,340715,545606097.0,3.53,1.93,0.29,0.4
2024-07-29,600031,三一重工,15.31,14.94,15.4,14.91,308398,485024928.0,3.2,-2.48,-0.38,0.36
2024-07-30,600031,三一重工,14.91,14.94,14.97,14.79,238062,370173936.0,1.2,0.0,0.0,0.28
2024-07-31,600031,三一重工,14.94,15.48,15.52,14.86,397383,635078980.0,4.42,3.61,0.54,0.47
2024-08-01,600031,三一重工,15.42,15.11,15.43,15.1,352759,560558838.0,2.13,-2.39,-0.37,0.42
2024-08-02,600031,三一重工,15.03,14.98,15.2,14.94,215986,338815437.0,1.72,-0.86,-0.13,0.26
2024-08-05,600031,三一重工,14.95,14.75,15.13,14.64,320190,496699216.0,3.27,-1.54,-0.23,0.38
2024-08-06,600031,三一重工,14.83,14.79,14.98,14.53,299268,461136147.0,3.05,0.27,0.04,0.35
2024-08-07,600031,三一重工,14.78,14.63,15.02,14.6,264439,408022916.0,2.84,-1.08,-0.16,0.31
2024-08-08,600031,三一重工,14.58,14.62,14.72,14.46,202818,309321821.0,1.78,-0.07,-0.01,0.24
2024-08-09,600031,三一重工,14.69,14.74,15.15,14.66,423858,662944648.0,3.35,0.82,0.12,0.5
2024-08-12,600031,三一重工,14.73,14.67,14.81,14.55,161736,248303085.0,1.76,-0.47,-0.07,0.19
2024-08-13,600031,三一重工,14.69,14.59,14.74,14.44,271817,413100923.0,2.04,-0.55,-0.08,0.32
2024-08-14,600031,三一重工,14.58,14.32,14.61,14.3,291458,438856890.0,2.12,-1.85,-0.27,0.34
2024-08-15,600031,三一重工,14.26,14.64,14.72,14.18,334084,509579940.0,3.77,2.23,0.32,0.39
2024-08-16,600031,三一重工,14.65,14.62,14.72,14.55,160750,245701710.0,1.16,-0.14,-0.02,0.19
2024-08-19,600031,三一重工,14.59,14.95,15.02,14.55,303939,473995133.0,3.21,2.26,0.33,0.36
2024-08-20,600031,三一重工,14.93,14.96,15.03,14.81,234375,365151495.0,1.47,0.07,0.01,0.28
2024-08-21,600031,三一重工,14.91,14.96,15.03,14.86,203146,317751195.0,1.14,0.0,0.0,0.24
2024-08-22,600031,三一重工,14.92,14.88,15.0,14.74,262694,408772452.0,1.74,-0.53,-0.08,0.31
2024-08-23,600031,三一重工,14.91,15.28,15.33,14.85,405346,643146338.0,3.23,2.69,0.4,0.48
2024-08-26,600031,三一重工,15.3,15.34,15.46,15.0,352186,562534420.0,3.01,0.39,0.06,0.42
2024-08-27,600031,三一重工,15.4,15.38,15.42,15.21,309613,495922721.0,1.37,0.26,0.04,0.37
2024-08-28,600031,三一重工,15.37,15.45,15.53,15.27,260944,419994324.0,1.69,0.46,0.07,0.31
2024-08-29,600031,三一重工,15.39,15.21,15.45,15.21,427788,683654971.0,1.55,-1.55,-0.24,0.51
2024-08-30,600031,三一重工,15.09,15.45,15.58,14.68,733719,1166813956.0,5.92,1.58,0.24,0.87
2024-09-02,600031,三一重工,15.49,15.64,15.91,15.45,629370,1031253907.0,2.98,1.23,0.19,0.74
2024-09-03,600031,三一重工,15.64,15.71,15.81,15.54,291358,476987725.0,1.73,0.45,0.07,0.34
2024-09-04,600031,三一重工,15.78,15.68,15.78,15.51,275799,450203383.0,1.72,-0.19,-0.03,0.33
2024-09-05,600031,三一重工,15.69,15.76,15.81,15.56,263498,432318470.0,1.59,0.51,0.08,0.31
2024-09-06,600031,三一重工,15.81,15.46,15.92,15.45,315383,514867520.0,2.98,-1.9,-0.3,0.37
2024-09-09,600031,三一重工,15.1,14.57,15.1,14.49,887768,1365534901.0,3.95,-5.76,-0.89,1.05
2024-09-10,600031,三一重工,14.76,14.62,14.76,14.4,435705,662384478.0,2.47,0.34,0.05,0.51
2024-09-11,600031,三一重工,14.53,14.9,14.93,14.48,345979,534973780.0,3.08,1.92,0.28,0.41
2024-09-12,600031,三一重工,14.83,14.83,15.12,14.76,264821,411646057.0,2.42,-0.47,-0.07,0.31
2024-09-13,600031,三一重工,14.86,14.61,14.92,14.56,361966,556133942.0,2.43,-1.48,-0.22,0.43
2024-09-18,600031,三一重工,14.56,15.17,15.23,14.53,534426,840236390.0,4.79,3.83,0.56,0.63
2024-09-19,600031,三一重工,15.16,15.01,15.5,14.97,614496,975398811.0,3.49,-1.05,-0.16,0.73
2024-09-20,600031,三一重工,15.06,15.18,15.28,14.89,398992,629534928.0,2.6,1.13,0.17,0.47
2024-09-23,600031,三一重工,15.17,15.57,15.64,15.16,508098,820830016.0,3.16,2.57,0.39,0.6
2024-09-24,600031,三一重工,15.7,16.0,16.04,15.42,685346,1129298690.0,3.98,2.76,0.43,0.81
2024-09-25,600031,三一重工,16.19,16.03,16.51,15.96,719915,1219050674.0,3.44,0.19,0.03,0.85
2024-09-26,600031,三一重工,16.03,16.52,16.52,15.95,714270,1214062157.0,3.56,3.06,0.49,0.84
2024-09-27,600031,三一重工,16.82,17.15,17.26,16.66,852418,1504913671.0,3.63,3.81,0.63,1.01
2024-09-30,600031,三一重工,17.75,18.21,18.53,17.35,2488477,4630840886.0,6.88,6.18,1.06,2.94
2024-10-08,600031,三一重工,20.09,18.75,20.09,18.33,2542514,5014016067.0,9.67,2.97,0.54,3.0
2024-10-09,600031,三一重工,18.41,17.26,18.41,17.26,1974257,3649686706.0,6.13,-7.95,-1.49,2.33
2024-10-10,600031,三一重工,17.26,17.91,18.43,17.26,1366300,2540477856.0,6.78,3.77,0.65,1.61
2024-10-11,600031,三一重工,17.73,17.24,17.85,17.08,844159,1529643579.0,4.3,-3.74,-0.67,1.0
2024-10-14,600031,三一重工,17.33,17.99,17.99,17.33,1229661,2275820911.0,3.83,4.35,0.75,1.45
2024-10-15,600031,三一重工,18.0,17.61,18.08,17.59,711404,1316217618.0,2.72,-2.11,-0.38,0.84
2024-10-16,600031,三一重工,17.41,17.5,17.76,17.35,628693,1144817627.0,2.33,-0.62,-0.11,0.74
2024-10-17,600031,三一重工,17.48,17.06,17.65,17.01,747985,1345462786.0,3.66,-2.51,-0.44,0.88
2024-10-18,600031,三一重工,16.99,17.33,17.58,16.88,1044733,1865576689.0,4.1,1.58,0.27,1.23
2024-10-21,600031,三一重工,17.33,17.09,17.48,16.94,849677,1507642419.0,3.12,-1.38,-0.24,1.0
2024-10-22,600031,三一重工,17.08,17.13,17.3,16.95,705700,1252572337.0,2.05,0.23,0.04,0.83
2024-10-23,600031,三一重工,17.14,17.03,17.2,16.98,682611,1211299930.0,1.28,-0.58,-0.1,0.81
2024-10-24,600031,三一重工,16.94,16.77,16.94,16.59,636870,1108464725.0,2.06,-1.53,-0.26,0.75
2024-10-25,600031,三一重工,16.79,16.78,17.04,16.71,681192,1192645003.0,1.97,0.06,0.01,0.8
2024-10-28,600031,三一重工,16.78,17.15,17.17,16.61,813140,1437102582.0,3.34,2.21,0.37,0.96
2024-10-29,600031,三一重工,17.23,16.99,17.28,16.86,582911,1033940588.0,2.45,-0.93,-0.16,0.69
2024-10-30,600031,三一重工,16.89,16.84,17.28,16.84,508975,899006920.0,2.59,-0.88,-0.15,0.6
2024-10-31,600031,三一重工,16.99,17.58,17.89,16.99,1523031,2781019760.0,5.34,4.39,0.74,1.8
2024-11-01,600031,三一重工,17.54,18.07,18.27,17.43,1458691,2723460708.0,4.78,2.79,0.49,1.72
2024-11-04,600031,三一重工,18.13,18.14,18.2,17.79,800374,1493313793.0,2.27,0.39,0.07,0.95
2024-11-05,600031,三一重工,18.17,18.17,18.23,17.84,1011372,1895058524.0,2.15,0.17,0.03,1.19
2024-11-06,600031,三一重工,18.2,17.87,18.45,17.79,1070595,2001754332.0,3.63,-1.65,-0.3,1.26
2024-11-07,600031,三一重工,17.75,18.17,18.17,17.69,821436,1538376882.0,2.69,1.68,0.3,0.97
2024-11-08,600031,三一重工,18.24,17.83,18.37,17.73,1009751,1879444768.0,3.52,-1.87,-0.34,1.19
2024-11-11,600031,三一重工,17.83,17.91,17.92,17.43,811580,1490081616.0,2.75,0.45,0.08,0.96
2024-11-12,600031,三一重工,17.93,17.58,18.16,17.5,772939,1429521497.0,3.69,-1.84,-0.33,0.91
2024-11-13,600031,三一重工,17.52,17.86,17.91,17.52,718481,1324388865.0,2.22,1.59,0.28,0.85
2024-11-14,600031,三一重工,17.9,17.83,18.19,17.69,937737,1751569130.0,2.8,-0.17,-0.03,1.11
2024-11-15,600031,三一重工,17.77,17.56,18.03,17.54,626980,1153942595.0,2.75,-1.51,-0.27,0.74
2024-11-18,600031,三一重工,17.57,17.16,17.71,17.06,904453,1636629813.0,3.7,-2.28,-0.4,1.07
2024-11-19,600031,三一重工,17.09,17.22,17.29,16.95,501315,891083657.0,1.98,0.35,0.06,0.59
2024-11-20,600031,三一重工,17.22,17.18,17.25,17.07,359085,639987712.0,1.05,-0.23,-0.04,0.42
2024-11-21,600031,三一重工,17.13,17.07,17.24,16.98,340333,603500964.0,1.51,-0.64,-0.11,0.4
2024-11-22,600031,三一重工,17.07,16.61,17.18,16.6,533958,938006150.0,3.4,-2.69,-0.46,0.63
2024-11-25,600031,三一重工,16.61,16.45,17.03,16.35,507617,877356457.0,4.09,-0.96,-0.16,0.6
2024-11-26,600031,三一重工,16.49,16.38,16.56,16.32,324948,555307560.0,1.46,-0.43,-0.07,0.38
2024-11-27,600031,三一重工,16.4,16.69,16.7,16.3,405572,698028000.0,2.44,1.89,0.31,0.48
2024-11-28,600031,三一重工,16.73,16.62,16.78,16.46,429680,742535709.0,1.92,-0.42,-0.07,0.51
2024-11-29,600031,三一重工,16.66,16.81,16.98,16.58,590494,1032891239.0,2.41,1.14,0.19,0.7
2024-12-02,600031,三一重工,16.9,16.67,16.91,16.57,805648,1399269390.0,2.02,-0.83,-0.14,0.95
2024-12-03,600031,三一重工,16.68,16.42,16.72,16.18,949284,1616817450.0,3.24,-1.5,-0.25,1.12
2024-12-04,600031,三一重工,16.36,16.24,16.46,16.18,503938,855325567.0,1.71,-1.1,-0.18,0.6
2024-12-05,600031,三一重工,16.21,16.15,16.25,16.01,526990,883675346.0,1.48,-0.55,-0.09,0.62
2024-12-06,600031,三一重工,16.15,16.22,16.33,16.09,534513,903307951.0,1.49,0.43,0.07,0.63
2024-12-09,600031,三一重工,16.23,16.19,16.35,16.09,482585,813845051.0,1.6,-0.18,-0.03,0.57
2024-12-10,600031,三一重工,16.58,16.24,16.71,16.22,791973,1354694129.0,3.03,0.31,0.05,0.94
2024-12-11,600031,三一重工,16.25,16.29,16.33,16.18,416884,705875919.0,0.92,0.31,0.05,0.49
2024-12-12,600031,三一重工,16.24,16.35,16.37,16.16,513952,870720299.0,1.29,0.37,0.06,0.61
2024-12-13,600031,三一重工,16.32,15.89,16.32,15.86,796091,1327924422.0,2.81,-2.81,-0.46,0.94
2024-12-16,600031,三一重工,15.9,15.71,16.0,15.66,498876,822150383.0,2.14,-1.13,-0.18,0.59
2024-12-17,600031,三一重工,15.73,15.83,15.98,15.68,437311,722322915.0,1.91,0.76,0.12,0.52
2024-12-18,600031,三一重工,15.85,15.81,16.05,15.73,492484,814280884.0,2.02,-0.13,-0.02,0.58
2024-12-19,600031,三一重工,15.69,15.82,15.85,15.53,353762,580728232.0,2.02,0.06,0.01,0.42
2024-12-20,600031,三一重工,15.82,15.45,15.85,15.43,754343,1221819668.0,2.65,-2.34,-0.37,0.89
2024-12-23,600031,三一重工,15.42,15.65,15.83,15.41,726565,1189851578.0,2.72,1.29,0.2,0.86
2024-12-24,600031,三一重工,15.64,15.74,15.81,15.6,357518,585466317.0,1.34,0.58,0.09,0.42
2024-12-25,600031,三一重工,15.75,15.73,15.81,15.64,283884,465011365.0,1.08,-0.06,-0.01,0.34
2024-12-26,600031,三一重工,15.69,16.03,16.05,15.68,594927,988384030.0,2.35,1.91,0.3,0.7
2024-12-27,600031,三一重工,16.04,15.96,16.1,15.91,423689,705756816.0,1.19,-0.44,-0.07,0.5
2024-12-30,600031,三一重工,15.93,16.01,16.07,15.88,418518,697067423.0,1.19,0.31,0.05,0.49
2024-12-31,600031,三一重工,15.99,15.81,16.08,15.81,515156,857354760.0,1.69,-1.25,-0.2,0.61
2025-01-02,600031,三一重工,15.81,15.1,15.81,15.02,853894,1368558133.0,5.0,-4.49,-0.71,1.01
2025-01-03,600031,三一重工,15.18,14.93,15.33,14.88,534034,842151570.0,2.98,-1.13,-0.17,0.63
2025-01-06,600031,三一重工,14.93,14.91,15.04,14.75,454874,707452833.0,1.94,-0.13,-0.02,0.54
2025-01-07,600031,三一重工,14.92,14.85,14.97,14.76,393682,611079078.0,1.41,-0.4,-0.06,0.47
2025-01-08,600031,三一重工,14.9,14.9,15.04,14.59,573355,888892453.0,3.03,0.34,0.05,0.68
2025-01-09,600031,三一重工,14.84,14.7,14.89,14.65,357777,551312715.0,1.61,-1.34,-0.2,0.42
2025-01-10,600031,三一重工,14.75,14.77,15.04,14.71,467713,727772401.0,2.24,0.48,0.07,0.55
2025-01-13,600031,三一重工,14.72,14.64,15.03,14.56,384318,592609973.0,3.18,-0.88,-0.13,0.45
2025-01-14,600031,三一重工,14.64,15.13,15.18,14.63,590313,925532190.0,3.76,3.35,0.49,0.7
2025-01-15,600031,三一重工,15.13,14.73,15.13,14.71,543389,843185800.0,2.78,-2.64,-0.4,0.64
2025-01-16,600031,三一重工,14.82,14.87,15.13,14.77,542228,847230101.0,2.44,0.95,0.14,0.64
2025-01-17,600031,三一重工,14.82,14.75,14.87,14.64,426413,657250287.0,1.55,-0.81,-0.12,0.5
2025-01-20,600031,三一重工,14.83,15.25,15.39,14.83,963356,1530045633.0,3.8,3.39,0.5,1.14
2025-01-21,600031,三一重工,15.38,15.54,15.56,15.21,629239,1016548149.0,2.3,1.9,0.29,0.74
2025-01-22,600031,三一重工,15.54,15.43,15.66,15.33,479083,772633831.0,2.12,-0.71,-0.11,0.57
2025-01-23,600031,三一重工,15.54,15.4,15.59,15.35,421624,679202056.0,1.56,-0.19,-0.03,0.5
2025-01-24,600031,三一重工,15.39,15.53,15.62,15.34,361406,585630964.0,1.82,0.84,0.13,0.43
2025-01-27,600031,三一重工,15.62,15.43,15.67,15.43,302235,488912395.0,1.55,-0.64,-0.1,0.36
2025-02-05,600031,三一重工,15.43,15.14,15.5,15.11,450017,713063047.0,2.53,-1.88,-0.29,0.53
2025-02-06,600031,三一重工,15.12,15.09,15.2,14.91,553645,869586767.0,1.92,-0.33,-0.05,0.65
2025-02-07,600031,三一重工,15.11,16.08,16.13,14.97,1304535,2129487598.0,7.69,6.56,0.99,1.54
2025-02-10,600031,三一重工,16.04,16.32,16.38,15.95,983276,1664804717.0,2.67,1.49,0.24,1.16
2025-02-11,600031,三一重工,16.31,16.21,16.39,16.17,492631,833681769.0,1.35,-0.67,-0.11,0.58
2025-02-12,600031,三一重工,16.17,16.32,16.45,16.09,507705,860584288.0,2.22,0.68,0.11,0.6
2025-02-13,600031,三一重工,16.33,16.29,16.53,16.23,580843,990681003.0,1.84,-0.18,-0.03,0.69
2025-02-14,600031,三一重工,16.32,16.79,16.81,16.31,1061951,1842907122.0,3.07,3.07,0.5,1.25
2025-02-17,600031,三一重工,16.78,16.69,16.85,16.46,705109,1219254121.0,2.32,-0.6,-0.1,0.83
2025-02-18,600031,三一重工,16.65,16.37,16.79,16.26,703328,1209116572.0,3.18,-1.92,-0.32,0.83
2025-02-19,600031,三一重工,16.4,16.78,16.9,16.37,857545,1495324780.0,3.24,2.5,0.41,1.01
2025-02-20,600031,三一重工,16.81,16.98,17.03,16.62,793702,1391269821.0,2.44,1.19,0.2,0.94
2025-02-21,600031,三一重工,16.93,17.01,17.09,16.57,979195,1715682115.0,3.06,0.18,0.03,1.16
2025-02-24,600031,三一重工,17.03,17.17,17.28,16.98,695859,1239761456.0,1.76,0.94,0.16,0.82
2025-02-25,600031,三一重工,17.05,17.23,17.51,16.94,805857,1447158243.0,3.32,0.35,0.06,0.95
2025-02-26,600031,三一重工,17.21,17.12,17.51,17.06,661486,1186667988.0,2.61,-0.64,-0.11,0.78
2025-02-27,600031,三一重工,17.09,17.35,17.46,17.04,814638,1463890156.0,2.45,1.34,0.23,0.96
2025-02-28,600031,三一重工,17.26,17.53,17.83,17.24,1371674,2514994108.0,3.4,1.04,0.18,1.62
2025-03-03,600031,三一重工,17.58,18.13,18.71,17.58,1514307,2880689116.0,6.45,3.42,0.6,1.79
2025-03-04,600031,三一重工,18.03,18.17,18.28,17.85,695433,1306371554.0,2.37,0.22,0.04,0.82
2025-03-05,600031,三一重工,18.78,19.01,19.33,18.71,2198570,4353081527.0,3.41,4.62,0.84,2.6
2025-03-06,600031,三一重工,18.78,18.99,19.09,18.53,1336009,2606592050.0,2.95,-0.11,-0.02,1.58
2025-03-07,600031,三一重工,18.97,19.19,19.29,18.74,939235,1860063480.0,2.9,1.05,0.2,1.11
2025-03-10,600031,三一重工,19.53,19.8,19.88,19.33,2106417,4285481925.0,2.87,3.18,0.61,2.49
2025-03-11,600031,三一重工,19.6,19.87,20.08,19.56,1278629,2622766483.0,2.63,0.35,0.07,1.51
2025-03-12,600031,三一重工,19.83,19.49,20.06,19.48,1069073,2169686857.0,2.92,-1.91,-0.38,1.26
2025-03-13,600031,三一重工,19.38,19.37,19.51,19.18,925549,1850235713.0,1.69,-0.62,-0.12,1.09
2025-03-14,600031,三一重工,19.37,19.82,19.91,19.37,1210653,2473326496.0,2.79,2.32,0.45,1.43
2025-03-17,600031,三一重工,19.81,19.76,19.92,19.52,1092036,2231435756.0,2.02,-0.3,-0.06,1.29
2025-03-18,600031,三一重工,19.81,19.25,19.81,19.07,1121807,2237241576.0,3.74,-2.58,-0.51,1.33
2025-03-19,600031,三一重工,19.08,19.33,19.42,19.06,656804,1312403023.0,1.87,0.42,0.08,0.78
2025-03-20,600031,三一重工,19.63,19.18,19.88,19.13,796322,1594441044.0,3.88,-0.78,-0.15,0.94
2025-03-21,600031,三一重工,19.18,18.92,19.28,18.87,541887,1066483294.0,2.14,-1.36,-0.26,0.64
2025-03-24,600031,三一重工,19.03,19.29,19.47,18.96,617321,1228750574.0,2.7,1.96,0.37,0.73
2025-03-25,600031,三一重工,19.33,18.89,19.39,18.86,545098,1075685161.0,2.75,-2.07,-0.4,0.64
2025-03-26,600031,三一重工,18.93,18.62,18.98,18.38,751219,1449622215.0,3.18,-1.43,-0.27,0.89
2025-03-27,600031,三一重工,18.53,18.58,18.66,18.43,317039,609473214.0,1.24,-0.21,-0.04,0.37
2025-03-28,600031,三一重工,18.61,18.58,18.81,18.44,432752,831958066.0,1.99,0.0,0.0,0.51
2025-03-31,600031,三一重工,18.56,18.4,18.61,18.26,404810,772189438.0,1.88,-0.97,-0.18,0.48
2025-04-01,600031,三一重工,18.48,18.26,18.53,18.16,372331,706317072.0,2.01,-0.76,-0.14,0.44
2025-04-02,600031,三一重工,18.22,18.69,18.77,18.21,535948,1034269275.0,3.07,2.35,0.43,0.63
2025-04-03,600031,三一重工,18.53,18.43,18.65,18.22,411314,786068079.0,2.3,-1.39,-0.26,0.49
2025-04-07,600031,三一重工,17.48,17.33,17.78,16.82,1211638,2174458522.0,5.21,-5.97,-1.1,1.43
2025-04-08,600031,三一重工,17.53,17.88,17.88,17.13,1231863,2249528296.0,4.33,3.17,0.55,1.46
2025-04-09,600031,三一重工,17.72,18.45,18.45,17.48,1088675,2037459402.0,5.43,3.19,0.57,1.29
2025-04-10,600031,三一重工,18.73,18.43,18.74,18.13,801015,1526645635.0,3.31,-0.11,-0.02,0.95
2025-04-11,600031,三一重工,18.24,18.64,18.72,18.24,482424,926743118.0,2.6,1.14,0.21,0.57
2025-04-14,600031,三一重工,18.64,18.22,18.72,18.14,659576,1254313921.0,3.11,-2.25,-0.42,0.78
2025-04-15,600031,三一重工,18.22,18.29,18.31,17.83,498660,934753520.0,2.63,0.38,0.07,0.59
2025-04-16,600031,三一重工,18.28,18.43,18.43,17.76,596409,1118508240.0,3.66,0.77,0.14,0.7
2025-04-17,600031,三一重工,18.28,18.39,18.49,18.16,433571,823346740.0,1.79,-0.22,-0.04,0.51
2025-04-18,600031,三一重工,18.38,18.52,18.56,18.13,364504,694159637.0,2.34,0.71,0.13,0.43
2025-04-21,600031,三一重工,18.41,18.56,18.73,18.24,381040,731202525.0,2.65,0.22,0.04,0.45
2025-04-22,600031,三一重工,18.56,18.28,18.56,18.27,330581,628462385.0,1.56,-1.51,-0.28,0.39
2025-04-23,600031,三一重工,18.34,18.73,18.97,18.31,719920,1395551262.0,3.61,2.46,0.45,0.85
2025-04-24,600031,三一重工,18.75,18.38,18.98,18.36,428222,825620533.0,3.31,-1.87,-0.35,0.51
2025-04-25,600031,三一重工,18.53,18.42,18.57,18.29,294041,560318175.0,1.52,0.22,0.04,0.35
2025-04-28,600031,三一重工,18.42,18.38,18.71,18.33,290181,556163009.0,2.06,-0.22,-0.04,0.34
2025-04-29,600031,三一重工,18.29,18.52,18.58,18.29,344705,659630045.0,1.58,0.76,0.14,0.41
2025-04-30,600031,三一重工,18.81,18.22,18.89,18.21,704212,1347148465.0,3.67,-1.62,-0.3,0.83
2025-05-06,600031,三一重工,18.51,19.01,19.08,18.4,797109,1558058474.0,3.73,4.34,0.79,0.94
2025-05-07,600031,三一重工,19.43,19.02,19.43,18.84,524204,1032592016.0,3.1,0.05,0.01,0.62
2025-05-08,600031,三一重工,18.9,18.74,18.9,18.68,416313,808769321.0,1.16,-1.47,-0.28,0.49
2025-05-09,600031,三一重工,18.74,19.05,19.13,18.7,520687,1022788072.0,2.29,1.65,0.31,0.62
2025-05-12,600031,三一重工,19.11,19.33,19.49,19.03,612425,1224229827.0,2.41,1.47,0.28,0.72
2025-05-13,600031,三一重工,19.42,19.25,19.52,19.14,442906,882733307.0,1.97,-0.41,-0.08,0.52
2025-05-14,600031,三一重工,19.2,18.91,19.2,18.66,703919,1375618539.0,2.81,-1.77,-0.34,0.83
2025-05-15,600031,三一重工,18.86,18.53,18.93,18.48,579660,1118377691.0,2.38,-2.01,-0.38,0.68
2025-05-16,600031,三一重工,18.53,18.63,18.73,18.45,307283,590788139.0,1.51,0.54,0.1,0.36
2025-05-19,600031,三一重工,18.63,18.51,18.75,18.43,380043,732445467.0,1.72,-0.64,-0.12,0.45
2025-05-20,600031,三一重工,18.52,18.31,18.58,18.18,580140,1101282723.0,2.16,-1.08,-0.2,0.69
2025-05-21,600031,三一重工,18.31,18.34,18.43,18.26,352177,670117663.0,0.93,0.16,0.03,0.42
2025-05-22,600031,三一重工,18.34,18.4,18.56,18.27,357666,683478339.0,1.58,0.33,0.06,0.42
2025-05-23,600031,三一重工,18.46,18.24,18.63,18.19,453619,863572501.0,2.39,-0.87,-0.16,0.54
2025-05-26,600031,三一重工,18.17,17.99,18.21,17.83,491583,915567328.0,2.08,-1.37,-0.25,0.58
2025-05-27,600031,三一重工,17.99,17.74,18.03,17.74,290436,537941941.0,1.61,-1.39,-0.25,0.34
2025-05-28,600031,三一重工,17.8,17.83,17.96,17.77,241774,447820486.0,1.07,0.51,0.09,0.29
2025-05-29,600031,三一重工,17.87,18.08,18.25,17.84,394994,741276872.0,2.3,1.4,0.25,0.47
2025-05-30,600031,三一重工,18.09,18.16,18.21,17.9,321982,604138325.0,1.71,0.44,0.08,0.38
2025-06-03,600031,三一重工,18.46,17.75,18.46,17.67,678244,1252178384.0,4.35,-2.26,-0.41,0.8
2025-06-04,600031,三一重工,17.78,17.63,17.78,17.54,455616,833198052.0,1.35,-0.68,-0.12,0.54
2025-06-05,600031,三一重工,17.63,17.58,17.67,17.46,397261,724008178.0,1.19,-0.28,-0.05,0.47
2025-06-06,600031,三一重工,17.63,17.8,17.93,17.58,411019,760254551.0,1.99,1.25,0.22,0.49
2025-06-09,600031,三一重工,17.72,17.65,17.88,17.63,493318,907261016.0,1.4,-0.84,-0.15,0.58
2025-06-10,600031,三一重工,17.68,17.51,17.85,17.43,347947,635331653.0,2.38,-0.79,-0.14,0.41
2025-06-11,600031,三一重工,17.67,17.6,17.74,17.51,329088,591374720.0,1.31,0.51,0.09,0.39
2025-06-12,600031,三一重工,17.59,17.49,17.63,17.41,261777,466753354.0,1.25,-0.63,-0.11,0.31
2025-06-13,600031,三一重工,17.46,17.48,17.56,17.35,332721,590775706.0,1.2,-0.06,-0.01,0.39
2025-06-16,600031,三一重工,17.46,17.5,17.59,17.39,339137,603938878.0,1.14,0.11,0.02,0.4
2025-06-17,600031,三一重工,17.58,17.72,17.86,17.57,462329,834199896.0,1.66,1.26,0.22,0.55
2025-06-18,600031,三一重工,17.7,17.47,17.79,17.45,358980,641468707.0,1.92,-1.41,-0.25,0.42
2025-06-19,600031,三一重工,17.48,17.13,17.5,17.07,469444,822521739.0,2.46,-1.95,-0.34,0.55
2025-06-20,600031,三一重工,17.13,17.18,17.27,17.01,222383,388409768.0,1.52,0.29,0.05,0.26
2025-06-23,600031,三一重工,17.09,17.35,17.39,17.01,302223,530607726.0,2.21,0.99,0.17,0.36
2025-06-24,600031,三一重工,17.38,17.69,17.75,17.37,474206,851657694.0,2.19,1.96,0.34,0.56
2025-06-25,600031,三一重工,17.74,17.7,17.76,17.55,432866,777803023.0,1.19,0.06,0.01,0.51
2025-06-26,600031,三一重工,17.69,17.6,17.82,17.56,397516,713448262.0,1.47,-0.56,-0.1,0.47
2025-06-27,600031,三一重工,17.52,17.62,17.78,17.47,341347,612543948.0,1.76,0.11,0.02,0.4
2025-06-30,600031,三一重工,17.62,17.64,17.71,17.57,263716,473244076.0,0.79,0.11,0.02,0.31
2025-07-01,600031,三一重工,17.64,17.42,17.65,17.33,433346,768740996.0,1.81,-1.25,-0.22,0.51
2025-07-02,600031,三一重工,17.49,17.89,18.08,17.42,722439,1310444888.0,3.79,2.7,0.47,0.85
2025-07-03,600031,三一重工,17.89,17.85,17.9,17.76,300096,544368270.0,0.78,-0.22,-0.04,0.35
2025-07-04,600031,三一重工,17.85,17.92,17.99,17.74,334471,609161924.0,1.4,0.39,0.07,0.39
2025-07-07,600031,三一重工,17.94,18.04,18.07,17.79,339773,621278651.0,1.56,0.67,0.12,0.4
2025-07-08,600031,三一重工,18.09,18.76,18.77,18.05,1054008,1993706646.0,3.99,3.99,0.72,1.24
2025-07-09,600031,三一重工,18.68,18.8,18.9,18.58,661952,1264486865.0,1.71,0.21,0.04,0.78
2025-07-10,600031,三一重工,18.81,18.61,18.96,18.61,636372,1212124453.0,1.86,-1.01,-0.19,0.75
2025-07-11,600031,三一重工,18.68,18.52,18.79,18.52,484332,917451280.0,1.45,-0.48,-0.09,0.57
2025-07-14,600031,三一重工,18.52,18.43,18.64,18.39,360943,679524719.0,1.35,-0.49,-0.09,0.43
2025-07-15,600031,三一重工,18.43,18.59,18.64,18.42,432029,814099922.0,1.19,0.87,0.16,0.51
2025-07-16,600031,三一重工,18.52,18.4,18.58,18.32,327156,611643642.0,1.4,-1.02,-0.19,0.39
2025-07-17,600031,三一重工,18.38,18.53,18.63,18.35,321020,605034590.0,1.52,0.71,0.13,0.38
2025-07-18,600031,三一重工,18.57,18.7,18.76,18.4,416451,787752266.0,1.94,0.92,0.17,0.49
2025-07-21,600031,三一重工,19.39,19.21,19.49,18.93,1237333,2410080135.0,2.99,2.73,0.51,1.46
2025-07-22,600031,三一重工,19.69,20.91,21.16,19.69,3974294,8198561147.0,7.65,8.85,1.7,4.69
2025-07-23,600031,三一重工,21.09,19.78,21.09,19.71,2676347,5461895063.0,6.6,-5.4,-1.13,3.16
2025-07-24,600031,三一重工,19.5,20.04,20.17,19.37,1678671,3378314264.0,4.04,1.31,0.26,1.98
2025-07-25,600031,三一重工,19.97,19.62,19.97,19.49,1104482,2200995010.0,2.4,-2.1,-0.42,1.3
2025-07-28,600031,三一重工,19.55,19.66,19.68,19.38,889361,1764555699.0,1.53,0.2,0.04,1.05
2025-07-29,600031,三一重工,19.64,19.89,20.01,19.49,945331,1904961848.0,2.64,1.17,0.23,1.12
2025-07-30,600031,三一重工,19.85,19.9,20.13,19.75,774550,1567977056.0,1.91,0.05,0.01,0.91
2025-07-31,600031,三一重工,19.89,19.63,20.02,19.54,763117,1531128773.0,2.41,-1.36,-0.27,0.9
2025-08-01,600031,三一重工,19.54,19.47,19.67,19.39,458852,909541394.0,1.43,-0.82,-0.16,0.54
2025-08-04,600031,三一重工,19.46,19.38,19.59,19.3,445473,878332808.0,1.49,-0.46,-0.09,0.53
2025-08-05,600031,三一重工,19.37,19.33,19.43,19.25,522180,1026031688.0,0.93,-0.26,-0.05,0.62
2025-08-06,600031,三一重工,19.4,19.71,19.74,19.33,644223,1283837340.0,2.12,1.97,0.38,0.76
2025-08-07,600031,三一重工,19.71,20.06,20.19,19.5,1048649,2119222956.0,3.5,1.78,0.35,1.24
2025-08-08,600031,三一重工,20.09,20.73,20.95,20.09,1659938,3488219022.0,4.29,3.34,0.67,1.96
2025-08-11,600031,三一重工,20.72,20.69,20.8,20.59,686486,1441087350.0,1.01,-0.19,-0.04,0.81
2025-08-12,600031,三一重工,20.68,20.53,20.72,20.5,482116,1007268265.0,1.06,-0.77,-0.16,0.57
2025-08-13,600031,三一重工,20.53,20.52,20.7,20.45,652742,1360311788.0,1.22,-0.05,-0.01,0.77
2025-08-14,600031,三一重工,20.52,20.59,20.94,20.4,697077,1466793275.0,2.63,0.34,0.07,0.82
2025-08-15,600031,三一重工,20.51,20.69,20.95,20.35,725017,1528585830.0,2.91,0.49,0.1,0.86
2025-08-18,600031,三一重工,20.77,20.39,20.79,20.39,943391,1966787478.0,1.93,-1.45,-0.3,1.11
2025-08-19,600031,三一重工,20.41,19.91,20.68,19.84,948609,1939605361.0,4.12,-2.35,-0.48,1.12
2025-08-20,600031,三一重工,19.97,20.54,20.54,19.89,780095,1601652893.0,3.26,3.16,0.63,0.92
2025-08-21,600031,三一重工,20.68,20.69,20.83,20.49,653995,1370773485.0,1.66,0.73,0.15,0.77
2025-08-22,600031,三一重工,21.09,20.99,21.32,20.9,965285,2063955613.0,2.03,1.45,0.3,1.14
2025-08-25,600031,三一重工,21.01,21.32,21.32,20.91,962677,2062958925.0,1.95,1.57,0.33,1.14
2025-08-26,600031,三一重工,21.32,21.23,21.4,21.09,583416,1259057145.0,1.45,-0.42,-0.09,0.69
2025-08-27,600031,三一重工,21.19,20.99,21.69,20.99,908664,1967087626.0,3.3,-1.13,-0.24,1.07
2025-08-28,600031,三一重工,20.92,20.92,21.17,20.57,805163,1708949807.0,2.86,-0.33,-0.07,0.95
2025-08-29,600031,三一重工,21.14,20.72,21.31,20.7,993787,2107944349.0,2.92,-0.96,-0.2,1.17
2025-09-01,600031,三一重工,20.89,20.85,21.17,20.59,993754,2100912951.0,2.8,0.63,0.13,1.17
2025-09-02,600031,三一重工,20.87,20.64,21.01,20.4,654639,1372047821.0,2.93,-1.01,-0.21,0.77
2025-09-03,600031,三一重工,20.66,20.49,21.07,20.22,578501,1206290331.0,4.12,-0.73,-0.15,0.68
2025-09-04,600031,三一重工,20.35,19.96,20.39,19.69,874029,1773667965.0,3.42,-2.59,-0.53,1.03
2025-09-05,600031,三一重工,20.0,20.36,20.54,19.9,644125,1330103072.0,3.21,2.0,0.4,0.76
2025-09-08,600031,三一重工,20.37,20.61,20.69,20.1,763068,1582980112.0,2.9,1.23,0.25,0.9
2025-09-09,600031,三一重工,20.57,20.97,21.14,20.46,852322,1813252458.0,3.3,1.75,0.36,1.01
2025-09-10,600031,三一重工,21.05,20.84,21.08,20.75,397835,842063304.0,1.57,-0.62,-0.13,0.47
2025-09-11,600031,三一重工,20.75,20.9,20.9,20.56,508088,1069267937.0,1.63,0.29,0.06,0.6
2025-09-12,600031,三一重工,21.02,20.81,21.13,20.75,599221,1275259456.0,1.82,-0.43,-0.09,0.71
2025-09-15,600031,三一重工,20.82,20.35,20.9,20.24,703656,1466813138.0,3.17,-2.21,-0.46,0.83
2025-09-16,600031,三一重工,20.39,20.34,20.53,20.2,369600,763653770.0,1.62,-0.05,-0.01,0.44
2025-09-17,600031,三一重工,20.25,20.66,20.76,20.22,515530,1076089736.0,2.65,1.57,0.32,0.61
2025-09-18,600031,三一重工,20.72,20.48,20.86,20.35,575689,1206698608.0,2.47,-0.87,-0.18,0.68
2025-09-19,600031,三一重工,20.44,21.58,21.63,20.41,1450108,3141875455.0,5.96,5.37,1.1,1.71
2025-09-22,600031,三一重工,21.59,21.27,21.61,21.05,646689,1393441444.0,2.59,-1.44,-0.31,0.76
2025-09-23,600031,三一重工,21.39,21.32,21.47,20.89,515735,1105522086.0,2.73,0.24,0.05,0.61
2025-09-24,600031,三一重工,21.24,21.94,22.04,21.09,967411,2133280111.0,4.46,2.91,0.62,1.14
2025-09-25,600031,三一重工,21.94,21.84,22.13,21.63,575381,1273607034.0,2.28,-0.46,-0.1,0.68
2025-09-26,600031,三一重工,21.69,21.97,22.31,21.65,693028,1552203722.0,3.02,0.6,0.13,0.82
2025-09-29,600031,三一重工,22.04,22.66,22.72,21.69,1109941,2521350414.0,4.69,3.14,0.69,1.31
2025-09-30,600031,三一重工,22.67,22.93,23.17,22.49,827763,1914588064.0,3.0,1.19,0.27,0.98
2025-10-09,600031,三一重工,22.7,22.93,22.98,22.19,909112,2083585421.0,3.45,0.0,0.0,1.07
2025-10-10,600031,三一重工,22.87,22.65,23.35,22.57,822671,1911017390.0,3.4,-1.22,-0.28,0.97
2025-10-13,600031,三一重工,21.69,22.56,22.67,21.57,723516,1631506048.0,4.86,-0.4,-0.09,0.85
2025-10-14,600031,三一重工,22.69,22.73,23.74,22.54,1040052,2426088839.0,5.32,0.75,0.17,1.23
2025-10-15,600031,三一重工,22.8,23.46,23.76,22.73,885932,2067033474.0,4.53,3.21,0.73,1.05
2025-10-16,600031,三一重工,23.47,23.57,23.97,23.28,787069,1863752404.0,2.94,0.47,0.11,0.93
2025-10-17,600031,三一重工,23.45,22.5,23.45,22.43,759273,1731924431.0,4.33,-4.54,-1.07,0.9
2025-10-20,600031,三一重工,22.82,22.49,23.07,22.38,589946,1335934334.0,3.07,-0.04,-0.01,0.7
2025-10-21,600031,三一重工,22.59,22.83,22.95,22.43,584955,1330738523.0,2.31,1.51,0.34,0.69
2025-10-22,600031,三一重工,22.98,23.02,23.37,22.79,715264,1649581863.0,2.54,0.83,0.19,0.84
2025-10-23,600031,三一重工,22.8,22.68,22.83,22.25,663292,1491133841.0,2.52,-1.48,-0.34,0.78
2025-10-24,600031,三一重工,22.73,22.91,23.28,22.66,483274,1110582848.0,2.73,1.01,0.23,0.57
2025-10-27,600031,三一重工,22.94,22.53,23.47,22.37,1027526,2345231316.0,4.8,-1.66,-0.38,1.21
2025-10-28,600031,三一重工,22.5,21.95,22.6,21.87,1315460,2904891556.0,3.24,-2.57,-0.58,1.55
2025-10-29,600031,三一重工,21.95,22.12,22.18,21.9,519559,1144951991.0,1.28,0.77,0.17,0.61
2025-10-30,600031,三一重工,22.28,22.51,22.8,22.24,932833,2106141612.0,2.53,1.76,0.39,1.1
2025-10-31,600031,三一重工,22.56,22.14,22.64,22.14,712947,1592066010.0,2.22,-1.64,-0.37,0.84
2025-11-03,600031,三一重工,22.18,21.88,22.36,21.72,518531,1136319147.0,2.89,-1.17,-0.26,0.61
2025-11-04,600031,三一重工,21.8,21.71,22.18,21.58,515388,1126599709.0,2.74,-0.78,-0.17,0.61
2025-11-05,600031,三一重工,21.61,21.82,21.93,21.31,486045,1049851764.0,2.86,0.51,0.11,0.57
2025-11-06,600031,三一重工,21.94,21.99,22.18,21.72,478563,1053084951.0,2.11,0.78,0.17,0.56
2025-11-07,600031,三一重工,22.02,22.13,22.33,21.81,539448,1192491322.0,2.36,0.64,0.14,0.64
2025-11-10,600031,三一重工,22.0,21.13,22.0,20.85,1316993,2790086702.0,5.2,-4.52,-1.0,1.55
2025-11-11,600031,三一重工,21.15,20.91,21.42,20.88,562580,1181753269.0,2.56,-1.04,-0.22,0.66
2025-11-12,600031,三一重工,20.91,20.65,20.95,20.61,441022,914681019.0,1.63,-1.24,-0.26,0.52
2025-11-13,600031,三一重工,20.66,20.89,20.93,20.53,469009,974820593.0,1.94,1.16,0.24,0.55
2025-11-14,600031,三一重工,20.88,20.66,21.05,20.65,410212,854378967.0,1.91,-1.1,-0.23,0.48
2025-11-17,600031,三一重工,20.64,20.57,20.64,20.36,435497,892787966.0,1.36,-0.44,-0.09,0.51
2025-11-18,600031,三一重工,20.57,20.86,21.28,20.54,760735,1593791719.0,3.6,1.41,0.29,0.9
2025-11-19,600031,三一重工,21.0,20.77,21.03,20.66,361003,752251035.0,1.77,-0.43,-0.09,0.43
2025-11-20,600031,三一重工,20.8,20.86,21.12,20.8,376581,789125133.0,1.54,0.43,0.09,0.44
2025-11-21,600031,三一重工,20.61,20.26,20.7,20.2,548195,1120543519.0,2.4,-2.88,-0.6,0.65
2025-11-24,600031,三一重工,20.53,20.51,20.66,20.21,383776,785169816.0,2.22,1.23,0.25,0.45
2025-11-25,600031,三一重工,20.57,20.44,20.62,20.38,420173,860487539.0,1.17,-0.34,-0.07,0.5
2025-11-26,600031,三一重工,20.4,20.88,21.04,20.4,615896,1287294287.0,3.13,2.15,0.44,0.73
2025-11-27,600031,三一重工,20.8,20.13,20.83,20.1,767004,1559622909.0,3.5,-3.59,-0.75,0.91
2025-11-28,600031,三一重工,20.06,20.32,20.36,19.95,422426,854876753.0,2.04,0.94,0.19,0.5
2025-12-01,600031,三一重工,20.38,20.12,20.38,19.96,663262,1329941051.0,2.07,-0.98,-0.2,0.78
2025-12-02,600031,三一重工,20.11,20.16,20.26,19.99,507928,1022891993.0,1.34,0.2,0.04,0.6
2025-12-03,600031,三一重工,20.23,20.4,20.64,20.1,633431,1292190733.0,2.68,1.19,0.24,0.75
2025-12-04,600031,三一重工,20.41,20.97,20.99,20.34,837912,1740963773.0,3.19,2.79,0.57,0.99
2025-12-05,600031,三一重工,20.94,21.3,21.35,20.9,819260,1735578568.0,2.15,1.57,0.33,0.97
2025-12-08,600031,三一重工,21.43,21.23,21.63,21.03,652898,1387091453.0,2.82,-0.33,-0.07,0.77
2025-12-09,600031,三一重工,21.15,21.18,21.43,21.04,414681,880482630.0,1.84,-0.24,-0.05,0.49
2025-12-10,600031,三一重工,21.17,21.47,21.55,21.03,516531,1101970963.0,2.46,1.37,0.29,0.61
2025-12-11,600031,三一重工,21.45,21.09,21.61,21.03,501440,1065449732.0,2.7,-1.77,-0.38,0.59
2025-12-12,600031,三一重工,21.19,21.32,21.39,21.09,533302,1133708872.0,1.42,1.09,0.23,0.63
2025-12-15,600031,三一重工,21.31,21.07,21.57,21.06,446771,953351180.0,2.39,-1.17,-0.25,0.53
2025-12-16,600031,三一重工,21.04,20.76,21.04,20.62,420097,871662049.0,1.99,-1.47,-0.31,0.5
2025-12-17,600031,三一重工,20.79,21.07,21.19,20.63,482588,1009487661.0,2.7,1.49,0.31,0.57
2025-12-18,600031,三一重工,20.9,21.0,21.18,20.7,388530,814278686.0,2.28,-0.33,-0.07,0.46
2025-12-19,600031,三一重工,20.99,21.24,21.5,20.95,522373,1112538570.0,2.62,1.14,0.24,0.62
2025-12-22,600031,三一重工,21.3,20.89,21.38,20.86,580600,1217614338.0,2.45,-1.65,-0.35,0.69
2025-12-23,600031,三一重工,20.85,20.68,20.93,20.44,520129,1073099529.0,2.35,-1.01,-0.21,0.61
2025-12-24,600031,三一重工,20.69,20.8,20.9,20.56,316322,656559450.0,1.64,0.58,0.12,0.37
2025-12-25,600031,三一重工,20.8,20.67,20.86,20.62,325381,673161074.0,1.15,-0.63,-0.13,0.38
2025-12-26,600031,三一重工,20.63,21.17,21.28,20.6,715799,1510717076.0,3.29,2.42,0.5,0.84
2025-12-29,600031,三一重工,21.18,20.72,21.2,20.65,650953,1359665248.0,2.6,-2.13,-0.45,0.77
2025-12-30,600031,三一重工,20.67,21.04,21.35,20.67,750355,1579009501.0,3.28,1.54,0.32,0.89
2025-12-31,600031,三一重工,21.11,21.13,21.25,20.93,403597,852648571.0,1.52,0.43,0.09,0.48
2026-01-05,600031,三一重工,21.11,21.26,21.35,21.01,775391,1644294320.0,1.61,0.62,0.13,0.91
2026-01-06,600031,三一重工,21.25,21.88,22.0,21.21,877272,1908331973.0,3.72,2.92,0.62,1.04
2026-01-07,600031,三一重工,21.88,21.73,21.95,21.62,585280,1271827413.0,1.51,-0.69,-0.15,0.69
2026-01-08,600031,三一重工,21.72,21.43,21.83,21.31,517762,1112300811.0,2.39,-1.38,-0.3,0.61
2026-01-09,600031,三一重工,21.57,22.28,22.38,21.57,1104155,2443638447.0,3.78,3.97,0.85,1.3
2026-01-12,600031,三一重工,22.32,22.56,22.7,22.06,934560,2101257522.0,2.87,1.26,0.28,1.1
2026-01-13,600031,三一重工,22.7,22.62,22.95,22.28,934790,2109570510.0,2.97,0.27,0.06,1.1
2026-01-14,600031,三一重工,22.62,22.24,22.79,22.02,932308,2085127430.0,3.4,-1.68,-0.38,1.1
2026-01-15,600031,三一重工,22.15,22.25,22.44,22.05,570392,1270363794.0,1.75,0.04,0.01,0.67
2026-01-16,600031,三一重工,22.19,22.11,22.54,22.01,684874,1522528863.0,2.38,-0.63,-0.14,0.81
2026-01-19,600031,三一重工,21.98,22.1,22.27,21.89,716854,1580368404.0,1.72,-0.05,-0.01,0.85
2026-01-20,600031,三一重工,22.2,22.55,22.63,22.13,1004541,2252050655.0,2.26,2.04,0.45,1.19
2026-01-21,600031,三一重工,22.53,22.58,22.82,22.41,798546,1803543539.0,1.82,0.13,0.03,0.94
2026-01-22,600031,三一重工,22.61,22.61,22.69,22.35,642589,1449180248.0,1.51,0.13,0.03,0.76
2026-01-23,600031,三一重工,22.71,22.98,23.23,22.62,993901,2289537684.0,2.7,1.64,0.37,1.17
2026-01-26,600031,三一重工,23.03,23.05,23.42,22.8,992022,2292568807.0,2.7,0.3,0.07,1.17
2026-01-27,600031,三一重工,23.04,22.83,23.32,22.68,766377,1762462323.0,2.78,-0.95,-0.22,0.9
2026-01-28,600031,三一重工,22.78,22.25,22.78,22.18,1092572,2446751982.0,2.63,-2.54,-0.58,1.29
2026-01-29,600031,三一重工,22.45,22.12,22.45,21.75,957326,2106219723.0,3.15,-0.58,-0.13,1.13
2026-01-30,600031,三一重工,22.08,21.92,22.26,21.71,622327,1366315676.0,2.49,-0.9,-0.2,0.73
2026-02-02,600031,三一重工,22.03,21.38,22.04,21.3,615282,1331593053.0,3.38,-2.46,-0.54,0.73
2026-02-03,600031,三一重工,21.45,23.08,23.11,21.44,1312057,2942325164.0,7.81,7.95,1.7,1.55
2026-02-04,600031,三一重工,22.91,23.26,23.3,22.8,859733,1988180784.0,2.17,0.78,0.18,1.01
2026-02-05,600031,三一重工,23.25,23.27,23.4,23.02,682883,1586163932.0,1.63,0.04,0.01,0.81
2026-02-06,600031,三一重工,23.05,22.98,23.29,22.89,477210,1102389059.0,1.72,-1.25,-0.29,0.56
2026-02-09,600031,三一重工,23.38,23.58,23.91,23.26,725567,1714567148.0,2.83,2.61,0.6,0.86
2026-02-10,600031,三一重工,23.68,23.78,23.86,23.34,603072,1428750527.0,2.21,0.85,0.2,0.71
2026-02-11,600031,三一重工,23.84,23.92,24.26,23.7,680065,1629492376.0,2.35,0.59,0.14,0.8
2026-02-12,600031,三一重工,23.99,23.96,24.08,23.69,476175,1137666209.0,1.63,0.17,0.04,0.56
2026-02-13,600031,三一重工,23.76,23.12,23.86,23.07,591021,1376226093.0,3.3,-3.51,-0.84,0.7
2026-02-24,600031,三一重工,23.32,23.95,24.21,23.02,805323,1919667431.0,5.15,3.59,0.83,0.95
2026-02-25,600031,三一重工,23.95,23.98,24.29,23.88,626306,1508227285.0,1.71,0.13,0.03,0.74
2026-02-26,600031,三一重工,23.96,23.35,23.99,23.25,557226,1308619535.0,3.09,-2.63,-0.63,0.66
2026-02-27,600031,三一重工,23.44,23.15,23.59,23.03,532365,1236986757.0,2.4,-0.86,-0.2,0.63
2026-03-02,600031,三一重工,23.0,22.97,23.37,22.77,547966,1263504968.0,2.59,-0.78,-0.18,0.65
2026-03-03,600031,三一重工,23.13,22.19,23.26,22.0,871915,1951778518.0,5.49,-3.4,-0.78,1.03
2026-03-04,600031,三一重工,22.0,22.01,22.32,21.77,510118,1120708562.0,2.48,-0.81,-0.18,0.6
2026-03-05,600031,三一重工,22.26,22.08,22.73,21.96,649321,1446539791.0,3.5,0.32,0.07,0.77
2026-03-06,600031,三一重工,22.12,22.03,22.2,21.81,659719,1450350073.0,1.77,-0.23,-0.05,0.78
