日期,股票代码,开盘,最高,最低,收盘,成交量,成交额
2016-03-11,600637,15.6321514,15.79921256,15.41735848,15.78727962,9265755,242660138.0
2016-03-14,600637,15.8708102,16.35409427,15.85291079,16.30039604,15957921,432794544.0
2016-03-15,600637,16.2287984,16.30039604,15.95434078,16.18106664,10909303,295075104.0
2016-03-16,600637,16.18703311,16.77174717,16.10350253,16.72998188,30524049,845496144.0
2016-03-17,600637,16.6464513,16.98654009,16.50325602,16.90300951,18223760,512245360.0
2016-03-18,600637,16.91494245,17.3624277,16.81351246,17.1834336,22366053,641190080.0
2016-03-21,600637,17.35049476,17.86361118,17.11780243,17.36839417,23428253,687767248.0
2016-03-22,600637,17.23116536,17.69655002,17.12973537,17.31469594,17730319,519120384.0
2016-03-23,600637,17.24906477,17.4220924,17.11183596,17.31469594,13271618,383590912.0
2016-03-24,600637,17.21326595,17.39822652,16.98057362,17.05217126,11790859,339909296.0
2016-03-25,600637,17.0641042,17.90537647,17.0641042,17.89344353,19853482,582842592.0
2016-03-28,600637,18.20966644,18.35882819,17.32066241,17.51755592,17283451,516158976.0
2016-03-29,600637,17.38032711,17.51158945,16.706116,16.79561305,11656214,332614528.0
2016-03-30,600637,16.93880833,17.27293065,16.93284186,17.22519889,8875841,254745616.0
2016-03-31,600637,17.29083006,17.29679653,17.04620479,17.09393655,10190840,293037488.0
2016-04-01,600637,17.2430983,17.48772357,16.89107657,17.47579063,15451121,445943248.0
2016-04-05,600637,17.302763,17.65478473,17.19536654,17.58915356,13840348,405982352.0
2016-04-06,600637,17.52948886,17.58318709,17.23116536,17.3624277,11702879,341308880.0
2016-04-07,600637,17.4220924,17.43402534,17.01040597,17.08200361,10126395,291572160.0
2016-04-08,600637,16.91494245,17.02233891,16.75384776,16.89704304,7061759,200091068.0
2016-04-11,600637,17.01040597,17.26099771,16.91494245,17.12973537,8264828,237451463.0
2016-04-12,600637,17.0641042,17.15360125,16.89704304,16.9447748,5991017,170438611.0
2016-04-13,600637,17.01040597,17.39226005,17.01040597,17.19536654,13722864,396778000.0
2016-04-14,600637,17.32662888,17.34452829,17.13570184,17.24906477,7708269,222655102.0
2016-04-15,600637,17.24906477,17.29083006,17.03427185,17.09990302,8668672,248750446.0
2016-04-18,600637,17.02830538,17.02830538,16.68225012,16.68821659,9174313,258191960.0
2016-04-19,600637,16.78964658,16.86721069,16.67628365,16.73594835,6418980,180340580.0
2016-04-20,600637,16.80157952,16.84931128,15.59038611,16.24669781,16283701,440055760.0
2016-04-21,600637,15.9901396,16.22283193,15.91854196,15.9304749,6504757,175258503.0
2016-04-22,600637,15.8708102,16.08560312,15.75744727,16.06173724,4614372,123517756.0
2016-04-25,600637,15.97820666,16.05577077,15.70971551,15.89467608,5806988,154760618.0
2016-04-26,600637,15.82904491,16.03787136,15.76341374,15.96030725,7263202,193287623.0
2016-04-27,600637,15.79921256,15.83501138,15.60231905,15.67391669,11822325,310988048.0
2016-04-28,600637,15.65005081,15.72164845,15.19063262,15.36962672,10656576,275678432.0
2016-04-29,600637,15.36962672,15.42332495,15.26819673,15.30399555,6782259,174392839.0
2016-05-03,600637,15.37559319,15.72761492,15.22046497,15.70374904,10443672,272536432.0
2016-05-04,600637,15.6918161,15.94240784,15.6321514,15.78131315,9607618,254334228.0
2016-05-05,600637,15.7514808,15.87677667,15.66795022,15.82307844,7236282,191336091.0
2016-05-06,600637,15.92450843,16.31829545,15.66198375,15.66795022,16562608,443305904.0
2016-05-09,600637,15.4531573,15.4531573,14.9758397,15.08920263,11167898,283801424.0
2016-05-10,600637,15.11306851,15.1548338,14.86247677,14.95197382,5330320,133893686.0
2016-05-11,600637,15.06533675,15.08920263,14.82667795,14.92810794,5576758,139865606.0
2016-05-12,600637,14.80877854,14.82071148,14.54625386,14.70734855,7080265,174170699.0
2016-05-13,600637,14.6775162,14.85054383,14.57011974,14.63575091,6773338,166790425.0
2016-05-16,600637,14.56415327,14.7371809,14.52835445,14.69541561,6452580,158118857.0
2016-05-17,600637,14.73121443,14.77297972,14.51045504,14.58801915,8107376,198835959.0
2016-05-18,600637,14.51045504,14.6775162,14.2598633,14.47465622,10672064,258845661.0
2016-05-19,600637,14.46868975,14.96987323,14.39112564,14.86247677,14236208,349507088.0
2016-05-20,600637,14.62381797,15.04743734,14.56415327,14.91020853,15214149,379476800.0
2016-05-23,600637,14.94600735,15.04743734,14.80877854,14.90424206,9916833,248032248.0
2016-05-24,600637,14.83861089,14.83861089,14.52835445,14.55222033,9019983,220901000.0
2016-05-25,600637,14.6178515,14.70734855,14.4985221,14.54625386,5646510,138093390.0
2016-05-26,600637,14.58801915,14.64768385,14.17036625,14.36725976,8838221,212290898.0
2016-05-27,600637,14.35532682,14.48062269,14.29566212,14.3791927,5446248,131517978.0
2016-05-30,600637,14.33742741,14.46272328,14.17633272,14.30759506,7249480,173987919.0
2016-05-31,600637,14.36129329,15.01760499,14.34936035,14.92810794,14733707,363736496.0
2016-06-01,600637,14.92810794,14.92810794,14.92810794,14.92810794,0,0.0
2016-06-02,600637,14.92810794,14.92810794,14.92810794,14.92810794,0,0.0
2016-06-03,600637,15.50088906,15.62618493,15.17869968,15.22643144,17442267,448598528.0
2016-06-06,600637,15.29802908,15.70971551,15.2144985,15.36366025,12029014,311207872.0
2016-06-07,600637,15.37559319,15.41139201,15.08323616,15.30399555,9253595,235849561.0
2016-06-08,600637,15.26819673,15.26819673,15.08920263,15.14886733,6936614,176348602.0
2016-06-13,600637,14.92810794,14.99970558,14.23599742,14.24793036,19790904,484643152.0
2016-06-14,600637,14.28969565,14.319528,13.93170745,14.02717097,16293523,384417904.0
2016-06-15,600637,13.9615398,14.31356153,13.88994216,14.24196389,15945193,379437744.0
2016-06-16,600637,14.28969565,14.30759506,13.95557333,13.98540568,12600895,297723840.0
2016-06-17,600637,13.99137215,14.23599742,13.99137215,14.04507038,9474546,224233142.0
2016-06-20,600637,14.07490273,14.30759506,13.86010981,14.23003095,10796831,254940373.0
2016-06-21,600637,14.34339388,14.35532682,14.00330509,14.06296979,10064093,239409749.0
2016-06-22,600637,14.0212045,14.16439978,13.96750627,14.14650037,6543938,154386393.0
2016-06-23,600637,14.1405339,14.19423213,13.98540568,14.05700332,7444034,175632141.0
2016-06-24,600637,14.06296979,14.12263449,13.4842222,13.74674688,13382128,309737072.0
2016-06-27,600637,13.6035516,14.00330509,13.6035516,13.95557333,8346870,193975768.0
2016-06-28,600637,13.93767392,14.34936035,13.8422104,14.23599742,14389483,339949440.0
2016-06-29,600637,14.29566212,14.40902505,14.17633272,14.29566212,18605244,445990720.0
2016-06-30,600637,14.34339388,14.57011974,14.2001986,14.48062269,16883246,408699856.0
2016-07-01,600637,14.45675681,14.48062269,14.24793036,14.319528,9248362,222158546.0
2016-07-04,600637,14.21809801,14.6178515,14.21809801,14.52835445,16031166,389074944.0
2016-07-05,600637,14.54028739,14.58801915,14.42692446,14.51045504,14601558,354663856.0
2016-07-06,600637,14.45675681,14.62381797,14.45079034,14.55222033,10765088,262379571.0
2016-07-07,600637,14.59398562,14.6178515,14.319528,14.41499152,11663054,282538352.0
2016-07-08,600637,14.40902505,14.52238798,14.36725976,14.39709211,8398119,202925920.0
2016-07-11,600637,14.42692446,14.56415327,14.33146094,14.36129329,9211707,223135010.0
2016-07-12,600637,14.37322623,14.60591856,14.18826566,14.57608621,17139809,413731776.0
2016-07-13,600637,14.58205268,14.84457736,14.52835445,14.76104678,21776707,536665840.0
2016-07-14,600637,14.74314737,14.82667795,14.65961679,14.75508031,11639635,287406512.0
2016-07-15,600637,14.81474501,14.87440971,14.64171738,14.67154973,10123124,249696422.0
2016-07-18,600637,14.76104678,14.87440971,14.57608621,14.64171738,12845470,317441488.0
2016-07-19,600637,14.61188503,14.66558326,14.45079034,14.5581868,9196593,223997541.0
2016-07-20,600637,14.58205268,15.01760499,14.52238798,14.99373911,26734387,664870416.0
2016-07-21,600637,14.88634265,14.9758397,14.77894619,14.83264442,15345179,382478576.0
2016-07-22,600637,14.82071148,14.90424206,14.65961679,14.68348267,11261923,278916064.0
2016-07-25,600637,14.69541561,14.90424206,14.62978444,14.89230912,14803620,367098464.0
2016-07-26,600637,14.8565103,14.95197382,14.7968456,14.92214147,12981605,323425664.0
2016-07-27,600637,14.98838465,14.98838465,14.1633912,14.4163089,21465384,518400032.0
2016-07-28,600637,14.332003,14.3922215,14.0068231,14.20554415,13504727,318987984.0
2016-07-29,600637,14.22963155,14.26576265,14.00080125,14.06101975,6830717,160002770.0
2016-08-01,600637,14.01284495,14.091129,13.8141239,13.86832055,7364847,169995005.0
2016-08-02,600637,13.88036425,14.04897605,13.86832055,14.0429542,5313092,123402868.0
2016-08-03,600637,14.0309105,14.14532565,13.95262645,14.1272601,5995451,140192277.0
2016-08-04,600637,14.12123825,14.13328195,13.91649535,14.0670416,6319247,147132928.0
2016-08-05,600637,14.0670416,14.18145675,14.0068231,14.0309105,6846358,160072031.0
2016-08-08,600637,14.02488865,14.18145675,13.9104735,14.16941305,6134157,143402057.0
2016-08-09,600637,14.15736935,14.36211225,14.1272601,14.2838282,8084079,191167486.0
2016-08-10,600637,14.28985005,14.3079156,14.1995223,14.20554415,5458401,129192105.0
2016-08-11,600637,14.21758785,14.36211225,14.0790853,14.08510715,8175704,192996078.0
2016-08-12,600637,14.09715085,14.2356534,14.0068231,14.211566,7119493,166873096.0
2016-08-15,600637,14.2356534,14.8498821,14.22963155,14.72342325,22963516,555960608.0
2016-08-16,600637,14.6812703,14.8739695,14.6692266,14.69933585,10971280,269012288.0
2016-08-17,600637,14.73546695,14.80772915,14.5608333,14.71137955,10734087,261914265.0
2016-08-18,600637,14.7174014,14.90407875,14.68729215,14.79568545,11580484,284870608.0
2016-08-19,600637,14.83181655,14.83181655,14.62707365,14.67524845,9856182,240805536.0
2016-08-22,600637,14.6812703,14.80772915,14.6330955,14.6451392,7612586,185936275.0
2016-08-23,600637,14.693314,14.77159805,14.6330955,14.7053577,6174507,150703164.0
2016-08-24,600637,14.71137955,14.7535325,14.5608333,14.61502995,5736360,139634997.0
2016-08-25,600637,14.56685515,14.56685515,14.24167525,14.32598115,7968117,189888681.0
2016-08-26,600637,14.32598115,14.48254925,14.3199593,14.3560904,5769857,137861469.0
2016-08-29,600637,14.33802485,14.3560904,14.21758785,14.2958719,5162779,122351380.0
2016-08-30,600637,14.3199593,14.5367459,14.30189375,14.3560904,6979086,167125620.0
2016-08-31,600637,14.45244,15.36173935,14.45244,15.1991494,44477510,1111152464.0
2016-09-01,600637,15.1268872,15.7290722,15.0666687,15.4400234,38641773,989376864.0
2016-09-02,600637,15.3557175,15.6327226,15.22925865,15.48217635,19405658,496354720.0
2016-09-05,600637,15.50626375,15.54239485,15.24130235,15.32560825,12424352,317175648.0
2016-09-06,600637,15.3195864,15.8374655,15.2593679,15.8254218,23387576,603390160.0
2016-09-07,600637,15.80735625,15.80735625,15.4761545,15.4881982,18238531,473422656.0
2016-09-08,600637,15.5122856,16.0783395,15.3557175,16.0542521,29466793,772063024.0
2016-09-09,600637,15.92779325,16.54202195,15.8374655,16.28910425,27852884,752337760.0
2016-09-12,600637,15.9940336,16.1506017,15.44604525,15.8374655,28710702,751555936.0
2016-09-13,600637,15.89166215,15.9579025,15.536373,15.63874445,12296248,319825120.0
2016-09-14,600637,15.49422005,15.57852595,15.26538975,15.33765195,10722477,274253856.0
2016-09-19,600637,15.45808895,15.55443855,15.30152085,15.4641108,12835667,329123120.0
2016-09-20,600637,15.54239485,15.897684,15.27743345,15.3557175,13880065,359232400.0
2016-09-21,600637,15.3557175,15.4038923,15.1991494,15.2352805,8533098,216506845.0
2016-09-22,600637,15.3557175,15.51830745,15.295499,15.415936,9817538,250986642.0
2016-09-23,600637,15.43400155,15.55443855,15.21721495,15.36173935,9982659,254913167.0
2016-09-26,600637,15.28947715,15.3316301,14.94020985,14.96429725,8445279,212993407.0
2016-09-27,600637,14.9462317,15.054625,14.7776199,15.01247205,8069818,200017097.0
2016-09-28,600637,15.0064502,15.0064502,14.8017073,14.8860132,4637847,114777611.0
2016-09-29,600637,14.9221443,14.9703191,14.8378384,14.84386025,6991005,172830668.0
2016-09-30,600637,14.80772915,14.98838465,14.80772915,14.8739695,5931327,146903574.0
2016-10-10,600637,14.95225355,15.16904015,14.91612245,15.15699645,9000308,225053860.0
2016-10-11,600637,15.1630183,15.2111931,15.07269055,15.1871057,7325472,184022236.0
2016-10-12,600637,15.175062,15.2232368,14.9823628,15.054625,7556801,189365458.0
2016-10-13,600637,15.06064685,15.2232368,15.01247205,15.0787124,7955900,199437418.0
2016-10-14,600637,15.054625,15.08473425,14.85590395,15.0064502,7682499,190711556.0
2016-10-17,600637,15.0787124,15.0787124,14.5969644,14.6090081,8624762,212523274.0
2016-10-18,600637,14.57889885,14.79568545,14.5126585,14.7535325,9401598,228620294.0
2016-10-19,600637,14.74751065,14.77159805,14.5969644,14.65116105,7901764,192749823.0
2016-10-20,600637,14.6090081,14.78364175,14.5849207,14.72342325,7870663,191933189.0
2016-10-21,600637,14.71137955,14.72342325,14.5247022,14.60298625,6875231,167047646.0
2016-10-24,600637,14.59094255,14.83181655,14.59094255,14.75955435,9282648,227387094.0
2016-10-25,600637,14.80772915,14.9221443,14.74751065,14.78364175,7354502,180953380.0
2016-10-26,600637,14.7896636,14.89203505,14.7535325,14.8017073,6659766,163894457.0
2016-10-27,600637,14.83181655,14.8498821,14.66320475,14.69933585,6333490,154705067.0
2016-10-28,600637,14.7294451,14.8017073,14.39824335,14.4403963,9810224,237922435.0
2016-10-31,600637,14.4403963,14.5367459,14.33802485,14.4042652,9010837,215730763.0
2016-11-01,600637,14.42233075,14.5126585,14.3922215,14.49459295,7940735,190684944.0
2016-11-02,600637,14.45846185,14.49459295,14.32598115,14.35006855,7466435,178411818.0
2016-11-03,600637,14.35006855,14.4885711,14.28985005,14.39824335,8482307,202870876.0
2016-11-04,600637,14.3922215,14.4885711,14.3681341,14.39824335,5799591,138877181.0
2016-11-07,600637,14.4403963,14.44641815,14.33802485,14.36211225,5848570,139694207.0
2016-11-08,600637,14.41028705,14.53072405,14.3922215,14.49459295,9699042,232941695.0
2016-11-09,600637,14.49459295,14.49459295,14.1633912,14.3560904,10470971,249490660.0
2016-11-10,600637,14.48254925,14.572877,14.45846185,14.54276775,8886848,214156916.0
2016-11-11,600637,14.572877,14.6451392,14.45846185,14.63911735,11070111,267740051.0
2016-11-14,600637,14.6210518,14.7414888,14.5608333,14.68729215,9049393,220481411.0
2016-11-15,600637,14.67524845,14.68729215,14.51868035,14.6210518,9214939,223305354.0
2016-11-16,600637,14.63911735,14.72342325,14.60298625,14.66320475,8667277,211037867.0
2016-11-17,600637,14.62707365,14.6451392,14.4765274,14.54276775,8331522,201172487.0
2016-11-18,600637,14.54276775,14.6571829,14.5006148,14.50663665,6601627,159542086.0
2016-11-21,600637,14.5126585,14.63911735,14.49459295,14.5367459,6347466,153508189.0
2016-11-22,600637,14.54276775,14.8257947,14.54276775,14.81977285,13500963,330167456.0
2016-11-23,600637,14.8739695,14.9101006,14.66320475,14.6692266,10019290,245760112.0
2016-11-24,600637,14.69933585,14.78364175,14.6571829,14.68729215,7971580,194713578.0
2016-11-25,600637,14.67524845,14.74751065,14.48254925,14.6812703,8577463,207892422.0
2016-11-28,600637,14.68729215,14.90407875,14.68729215,14.79568545,12177624,298843440.0
2016-11-29,600637,14.7535325,14.9823628,14.67524845,14.9462317,18977901,467998336.0
2016-11-30,600637,15.0305376,15.2232368,14.84386025,14.91612245,22116036,552814400.0
2016-12-01,600637,15.02451575,15.1027998,14.78364175,14.91612245,14516309,359983296.0
2016-12-02,600637,14.84386025,14.90407875,14.5487896,14.61502995,16027698,391122544.0
2016-12-05,600637,14.5126585,14.693314,14.44641815,14.6451392,7896932,191169480.0
2016-12-06,600637,14.60298625,14.67524845,14.54276775,14.56685515,4908990,118870089.0
2016-12-07,600637,14.53072405,14.62707365,14.47050555,14.6090081,4795294,115923207.0
2016-12-08,600637,14.6330955,14.67524845,14.4885711,14.5006148,5311681,128692985.0
2016-12-09,600637,14.54276775,14.54276775,14.36211225,14.38619965,9076350,217565636.0
2016-12-12,600637,14.3801778,14.39824335,13.8743424,14.13328195,16921888,396205168.0
2016-12-13,600637,14.1031727,14.1393038,13.970692,14.0670416,4452872,103947173.0
2016-12-14,600637,14.0790853,14.14532565,13.97671385,13.98875755,4437753,103521488.0
2016-12-15,600637,13.9225172,14.10919455,13.9225172,13.9947794,4296944,100095467.0
2016-12-16,600637,13.9586483,14.1031727,13.9586483,14.06101975,2933856,68446927.0
2016-12-19,600637,14.0790853,14.15736935,13.9586483,14.1393038,4309041,100594258.0
2016-12-20,600637,14.13328195,14.1393038,13.94058275,14.01284495,5434968,126543242.0
2016-12-21,600637,14.0188668,14.08510715,14.01284495,14.04897605,4161719,97036264.0
2016-12-22,600637,14.04897605,14.06101975,13.8863861,13.9586483,4297011,99604581.0
2016-12-23,600637,13.9586483,13.97671385,13.83218945,13.86832055,4905610,113092283.0
2016-12-26,600637,13.850255,13.8743424,13.6816432,13.86832055,4200003,96034137.0
2016-12-27,600637,13.850255,14.0549979,13.850255,13.9345609,3850212,89138235.0
2016-12-28,600637,13.8863861,14.04897605,13.8863861,13.9345609,4087960,94859853.0
2016-12-29,600637,13.9586483,14.00080125,13.86832055,13.90445165,3168552,73363596.0
2016-12-30,600637,13.94058275,14.0549979,13.90445165,14.0309105,4215023,97816113.0
2017-01-03,600637,14.02488865,14.0790853,13.9586483,14.00080125,5184031,120558828.0
2017-01-04,600637,14.0188668,14.1393038,13.98875755,14.1031727,6373471,148690375.0
2017-01-05,600637,14.1152164,14.1152164,14.0309105,14.04897605,4035638,94277116.0
2017-01-06,600637,14.06101975,14.07306345,13.88036425,13.89240795,5994990,138941095.0
2017-01-09,600637,13.8863861,14.00080125,13.8622987,13.9586483,5079317,117519796.0
2017-01-10,600637,13.9225172,14.0068231,13.91649535,13.970692,3360240,77951461.0
2017-01-11,600637,13.95262645,13.970692,13.8141239,13.86832055,3810478,87908376.0
2017-01-12,600637,13.86832055,13.9466046,13.7057306,13.71175245,4086651,93739014.0
2017-01-13,600637,13.7177743,13.8261676,13.5973373,13.7779928,6493451,147996975.0
2017-01-16,600637,13.7418617,14.0549979,13.6334684,14.0309105,14876479,343221648.0
2017-01-17,600637,13.970692,14.06101975,13.8743424,13.9947794,4059343,94215336.0
2017-01-18,600637,13.970692,14.0188668,13.92853905,13.9827357,2730073,63340176.0
2017-01-19,600637,13.9466046,14.00080125,13.88036425,13.9225172,3406727,78782213.0
2017-01-20,600637,13.92853905,14.0670416,13.8984298,14.06101975,3644790,84795028.0
2017-01-23,600637,14.09715085,14.09715085,13.97671385,14.02488865,3256791,75916332.0
2017-01-24,600637,14.02488865,14.02488865,13.850255,13.88036425,3521354,81357947.0
2017-01-25,600637,13.8863861,13.9345609,13.84423315,13.9225172,2350250,54244736.0
2017-01-26,600637,13.9466046,13.9827357,13.9225172,13.94058275,2400594,55586173.0
2017-02-03,600637,13.9466046,13.97671385,13.8743424,13.9225172,2016597,46638529.0
2017-02-06,600637,13.9586483,14.0670416,13.9225172,14.02488865,3359488,78212742.0
2017-02-07,600637,14.04897605,14.06101975,13.94058275,13.970692,2759657,64100959.0
2017-02-08,600637,13.95262645,14.06101975,13.9104735,14.0429542,2877908,66866687.0
2017-02-09,600637,14.0188668,14.1513475,14.01284495,14.13328195,5075676,118849027.0
2017-02-10,600637,14.1272601,14.15736935,14.07306345,14.09715085,4678143,109615693.0
2017-02-13,600637,14.0670416,14.22963155,14.06101975,14.1272601,5077221,119311407.0
2017-02-14,600637,14.1272601,14.211566,14.09715085,14.1754349,4070835,95752413.0
2017-02-15,600637,14.1754349,14.4163089,14.1393038,14.20554415,9567003,226858490.0
2017-02-16,600637,14.1995223,14.2236097,14.09715085,14.1393038,5963624,140051541.0
2017-02-17,600637,14.1633912,14.2476971,14.0429542,14.04897605,5112772,119975264.0
2017-02-20,600637,14.0188668,14.18145675,14.0188668,14.1754349,5009036,117326963.0
2017-02-21,600637,14.1633912,14.22963155,14.14532565,14.21758785,5161098,121638193.0
2017-02-22,600637,14.2236097,14.22963155,14.10919455,14.1272601,7319052,172052323.0
2017-02-23,600637,14.1393038,14.1513475,14.06101975,14.1031727,4326243,101249341.0
2017-02-24,600637,14.10919455,14.28985005,14.0670416,14.26576265,8244805,194553148.0
2017-02-27,600637,14.26576265,14.31393745,14.1031727,14.1393038,5579339,131456017.0
2017-02-28,600637,14.1633912,14.332003,14.1513475,14.2476971,6791566,160695850.0
2017-03-01,600637,14.2597408,14.31393745,14.20554415,14.2476971,6141278,145508206.0
2017-03-02,600637,14.28985005,14.3079156,14.15736935,14.1633912,4537065,107102661.0
2017-03-03,600637,14.12123825,14.1272601,14.04897605,14.09715085,6024245,140891694.0
2017-03-06,600637,14.091129,14.14532565,14.06101975,14.13328195,4666824,109350029.0
2017-03-07,600637,14.1031727,14.1513475,14.06101975,14.13328195,4538717,106276645.0
2017-03-08,600637,14.09715085,14.14532565,14.0309105,14.0429542,5179555,121087768.0
2017-03-09,600637,14.06101975,14.07306345,13.8743424,13.8863861,6736771,155915033.0
2017-03-10,600637,13.9345609,13.9345609,13.7779928,13.78401465,7494908,172053888.0
2017-03-13,600637,13.77197095,13.85627685,13.6936869,13.84423315,6465130,148016755.0
2017-03-14,600637,13.8382113,13.94058275,13.8020802,13.9225172,5245717,120761224.0
2017-03-15,600637,13.91649535,13.9947794,13.8622987,13.94058275,5119016,118456936.0
2017-03-16,600637,13.9104735,13.970692,13.8984298,13.9466046,4054029,93825322.0
2017-03-17,600637,13.95262645,13.9827357,13.8020802,13.8382113,5204450,120041332.0
2017-03-20,600637,13.80810205,13.8863861,13.79605835,13.850255,3100833,71204811.0
2017-03-21,600637,13.84423315,13.84423315,13.7779928,13.80810205,3614416,82835088.0
2017-03-22,600637,13.7779928,13.80810205,13.68766505,13.729818,4764148,108626695.0
2017-03-23,600637,13.7177743,13.82014575,13.67562135,13.7779928,3697516,84482700.0
2017-03-24,600637,13.7779928,13.8141239,13.73583985,13.80810205,3586394,82037959.0
2017-03-27,600637,13.79605835,13.90445165,13.77197095,13.8141239,5767349,132392730.0
2017-03-28,600637,13.8020802,13.8382113,13.7418617,13.74788355,3833137,87729019.0
2017-03-29,600637,13.75992725,13.7900365,13.6575558,13.66357765,5018694,114352765.0
2017-03-30,600637,13.66357765,13.69970875,13.51905325,13.63949025,7908331,178664112.0
2017-03-31,600637,13.60335915,13.609381,13.50700955,13.5732499,6032616,135865749.0
2017-04-05,600637,13.5732499,13.72379615,13.55518435,13.71175245,4998675,113379865.0
2017-04-06,600637,13.6936869,13.69970875,13.609381,13.6334684,4509479,102173956.0
2017-04-07,600637,13.6455121,13.75992725,13.59131545,13.69970875,6812484,154812590.0
2017-04-10,600637,13.67562135,13.7057306,13.53109695,13.5371188,6218752,140402475.0
2017-04-11,600637,13.55518435,13.5732499,13.30226665,13.4407692,8650327,192893916.0
2017-04-12,600637,13.4287255,13.50700955,13.32635405,13.488944,7285280,162277555.0
2017-04-13,600637,13.44679105,13.5009877,13.39861625,13.44679105,3113367,69593297.0
2017-04-14,600637,13.4166818,13.43474735,13.33839775,13.39861625,5064551,112535657.0
2017-04-17,600637,13.39861625,13.45883475,13.2962448,13.31431035,4731879,104942983.0
2017-04-18,600637,13.3444196,13.39861625,13.24204815,13.3203322,4145902,91728540.0
2017-04-19,600637,13.2360263,13.30226665,13.02526155,13.07343635,5748187,125215542.0
2017-04-20,600637,13.0794582,13.10956745,12.84460605,12.85664975,5802972,124887274.0
2017-04-21,600637,12.8506279,12.9228901,12.7061035,12.7422346,4674590,99339603.0
2017-04-24,600637,12.7422346,12.7542783,12.43512025,12.51942615,5725088,119066696.0
2017-04-25,600637,12.53146985,12.5736228,12.42307655,12.44716395,4289580,89130553.0
2017-04-26,600637,12.4652295,12.51942615,12.4411421,12.4531858,3561689,73761800.0
2017-04-27,600637,12.4290984,12.5495354,12.25446475,12.53146985,5605935,115537556.0
2017-04-28,600637,12.4772732,12.57964465,12.4772732,12.54351355,3536111,73574206.0
2017-05-02,600637,12.5736228,12.98913045,12.55555725,12.8988027,9973231,213228581.0
2017-05-03,600637,12.90482455,12.9831086,12.84460605,12.96504305,5733369,123084382.0
2017-05-04,600637,12.86869345,12.9469775,12.7422346,12.89278085,6463926,137715811.0
2017-05-05,600637,12.86869345,12.97708675,12.71212535,12.7301909,4352432,92921109.0
2017-05-08,600637,12.7301909,12.84460605,12.6820161,12.71212535,4684268,99256079.0
2017-05-09,600637,12.71212535,12.82051865,12.6820161,12.7904094,2932234,62107870.0
2017-05-10,600637,12.79643125,12.82051865,12.53146985,12.62781945,4652462,98093539.0
2017-05-11,600637,12.55555725,12.77234385,12.5374917,12.63986315,4464036,93722401.0
2017-05-12,600637,12.645885,12.8506279,12.59168835,12.6940598,4140373,87455262.0
2017-05-15,600637,12.766322,12.8265405,12.71212535,12.73621275,2687909,56968387.0
2017-05-16,600637,12.7422346,13.04934895,12.60373205,13.0433271,7945196,170452286.0
2017-05-17,600637,13.0433271,13.06139265,12.8626716,12.9349338,3999919,86162976.0
2017-05-18,600637,12.886759,13.03730525,12.8626716,12.97708675,3680170,79037807.0
2017-05-19,600637,12.9349338,13.007196,12.8747153,12.9710649,3352980,72033253.0
2017-05-22,600637,12.9710649,13.007196,12.8506279,12.94095565,4203300,90145485.0
2017-05-23,600637,12.92891195,12.92891195,12.63986315,12.65190685,5557958,117810998.0
2017-05-24,600637,12.6217976,12.76030015,12.27855215,12.68803795,7228305,150596040.0
2017-05-25,600637,12.60373205,12.8024531,12.525448,12.7422346,4373390,92158919.0
2017-05-26,600637,12.766322,12.82051865,12.7181472,12.7783657,3118757,66162592.0
2017-05-31,600637,12.84460605,13.0312834,12.8385842,12.91686825,4606773,98849797.0
2017-06-01,600637,12.86869345,12.86869345,12.47125135,12.5013606,9524330,198881401.0
2017-06-02,600637,12.4652295,12.47125135,11.97745965,12.164137,13970525,282130976.0
2017-06-05,600637,12.15811515,12.164137,12.0316563,12.1280059,8519658,170818491.0
2017-06-06,600637,12.13402775,12.20628995,12.08585295,12.164137,4900076,98766358.0
2017-06-07,600637,12.1400496,12.3207051,12.1159622,12.3086614,8880143,180413919.0
2017-06-08,600637,12.31468325,12.4290984,12.29059585,12.31468325,8787859,180080962.0
2017-06-09,600637,12.31468325,12.5495354,12.29059585,12.525448,14467097,299636592.0
2017-06-12,600637,12.47125135,12.5013606,12.26650845,12.37490175,8147167,167143919.0
2017-06-13,600637,12.37490175,12.37490175,12.37490175,12.37490175,0,0.0
2017-06-14,600637,12.37490175,12.37490175,12.37490175,12.37490175,0,0.0
2017-06-15,600637,12.7783657,12.7783657,12.4652295,12.6217976,15309602,320991856.0
2017-06-16,600637,12.54351355,13.2842011,12.54351355,13.08548005,20668445,447849680.0
2017-06-19,600637,13.03730525,13.29022295,12.886759,13.1637641,12833530,279273776.0
2017-06-20,600637,13.14569855,13.18182965,13.0192397,13.0674145,7685707,166811798.0
2017-06-21,600637,13.15774225,13.1637641,13.00117415,13.0433271,6124485,132850974.0
2017-06-22,600637,13.06139265,13.2842011,12.97708675,12.9831086,13390059,292376224.0
2017-06-23,600637,12.97708675,13.1035456,12.8747153,13.0433271,9252325,199722748.0
2017-06-26,600637,13.03730525,13.3323759,12.9349338,13.29022295,12126358,265722261.0
2017-06-27,600637,13.3203322,13.47087845,13.19387335,13.25409185,14115500,312330576.0
2017-06-28,600637,13.2721574,13.2721574,13.007196,13.04934895,9837062,214051743.0
2017-06-29,600637,13.0674145,13.1396767,13.00117415,13.13365485,4770638,103679171.0
2017-06-30,600637,13.0674145,13.1035456,12.9349338,13.04934895,5881067,126995390.0
2017-07-03,600637,13.0433271,13.16978595,12.9590212,13.1637641,6475261,140495881.0
2017-07-04,600637,13.14569855,13.18182965,13.007196,13.0674145,6971521,151694232.0
2017-07-05,600637,13.0674145,13.14569855,13.007196,13.09752375,6172658,133982230.0
2017-07-06,600637,13.09752375,13.127633,12.96504305,13.04934895,6125101,132618088.0
2017-07-07,600637,13.0433271,13.0433271,12.8506279,12.94095565,10265819,220100820.0
2017-07-10,600637,12.91686825,12.91686825,12.7061035,12.7301909,9408369,199813280.0
2017-07-11,600637,12.71212535,12.8747153,12.65190685,12.7783657,7137169,151133441.0
2017-07-12,600637,12.73621275,12.8024531,12.5977102,12.6338413,7153235,150523222.0
2017-07-13,600637,12.70008165,12.7542783,12.6699724,12.72416905,3983595,84165923.0
2017-07-14,600637,12.72416905,12.80847495,12.5013606,12.53146985,6719054,141063005.0
2017-07-17,600637,12.54351355,12.59168835,12.0798311,12.08585295,10122554,206177362.0
2017-07-18,600637,12.0918748,12.21833365,12.03767815,12.1882244,4904632,98726607.0
2017-07-19,600637,12.19424625,12.31468325,12.09789665,12.284574,8814613,179030694.0
2017-07-20,600637,12.27855215,12.38694545,12.2363992,12.33877065,7974150,162863844.0
2017-07-21,600637,12.37490175,12.4893169,12.30263955,12.3568362,5913578,121770908.0
2017-07-24,600637,12.31468325,12.47125135,12.23037735,12.4411421,7023059,144089555.0
2017-07-25,600637,12.3809236,12.53146985,12.35081435,12.4652295,6222366,128542813.0
2017-07-26,600637,12.47125135,12.50738245,12.36285805,12.41103285,4494704,92752060.0
2017-07-27,600637,12.405011,12.645885,12.3327488,12.62781945,8598260,178729914.0
2017-07-28,600637,12.6097539,12.73621275,12.49533875,12.5374917,6191721,129430780.0
2017-07-31,600637,12.5495354,12.6338413,12.4531858,12.60373205,4663238,97392491.0
2017-08-01,600637,12.6217976,12.7061035,12.5374917,12.6217976,6349149,133175836.0
2017-08-02,600637,12.59168835,12.6338413,12.49533875,12.5134043,5602789,116986259.0
2017-08-03,600637,12.4772732,12.7181472,12.4772732,12.6820161,7321972,153820599.0
2017-08-04,600637,12.6820161,12.71212535,12.5495354,12.5615791,4676327,97838488.0
2017-08-07,600637,12.5495354,12.6338413,12.53146985,12.55555725,3147920,65731316.0
2017-08-08,600637,12.57964465,12.6217976,12.45920765,12.53146985,5278526,109752172.0
2017-08-09,600637,12.51942615,12.63986315,12.50738245,12.6097539,5165895,108068369.0
2017-08-10,600637,12.62781945,12.62781945,12.44716395,12.4772732,6199597,128919896.0
2017-08-11,600637,12.4652295,12.4652295,12.3447925,12.36285805,5126959,105639099.0
2017-08-14,600637,12.3929673,12.5134043,12.37490175,12.50738245,6027009,124590545.0
2017-08-15,600637,12.50738245,12.61577575,12.4411421,12.56760095,4937100,102721184.0
2017-08-16,600637,12.56760095,12.8265405,12.525448,12.8024531,9806921,206932391.0
2017-08-17,600637,12.766322,12.85664975,12.68803795,12.80847495,8165455,173240234.0
2017-08-18,600637,12.77175129,12.85742667,12.70443492,12.78399063,4655144,97375293.0
2017-08-21,600637,12.79622997,12.88802502,12.75951195,12.83294799,3965039,83024743.0
2017-08-22,600637,12.86966601,12.86966601,12.67995624,12.69831525,4565425,95058781.0
2017-08-23,600637,12.74115294,12.77787096,12.64323822,12.67383657,3278819,67988256.0
2017-08-24,600637,12.67995624,12.69831525,12.45964812,12.50860548,5067914,104143559.0
2017-08-25,600637,12.4841268,12.64935789,12.4841268,12.60040053,5462717,112287516.0
2017-08-28,600637,12.61263987,12.78399063,12.60040053,12.74115294,6696616,139235384.0
2017-08-29,600637,12.74115294,12.87578568,12.74115294,12.87578568,6110328,128051183.0
2017-08-30,600637,12.84518733,12.87578568,12.74727261,12.82682832,7069699,147908204.0
2017-08-31,600637,12.81458898,13.02265776,12.81458898,12.9125037,7249684,153157753.0
2017-09-01,600637,12.92474304,12.96758073,12.86354634,12.9125037,5561076,117433379.0
2017-09-04,600637,12.97982007,12.99205941,12.83906766,12.851307,6760545,142556338.0
2017-09-05,600637,12.86354634,12.88190535,12.7289136,12.77175129,6292564,131537251.0
2017-09-06,600637,12.76563162,12.82070865,12.68607591,12.74115294,5158190,107450754.0
2017-09-07,600637,12.80846931,12.82682832,12.68607591,12.69831525,7258951,151244575.0
2017-09-08,600637,12.70443492,12.76563162,12.65547756,12.70443492,5114597,106215245.0
2017-09-11,600637,12.6677169,12.75339228,12.66159723,12.70443492,5271270,109411057.0
2017-09-12,600637,12.71055459,12.94310205,12.71055459,12.93086271,11093534,232502289.0
2017-09-13,600637,12.94310205,12.95534139,12.7901103,12.86354634,7188658,151027946.0
2017-09-14,600637,12.87578568,12.89414469,12.74115294,12.77175129,6152873,128864149.0
2017-09-15,600637,12.81458898,12.87578568,12.73503327,12.82682832,5779777,120929948.0
2017-09-18,600637,12.82682832,12.83294799,12.75951195,12.80846931,4409249,92193356.0
2017-09-19,600637,12.82070865,12.86354634,12.76563162,12.84518733,6609639,138411258.0
2017-09-20,600637,12.82070865,12.90638403,12.77787096,12.90026436,6878034,144446394.0
2017-09-21,600637,12.94310205,12.94310205,12.71667426,12.74115294,8756690,183604005.0
2017-09-22,600637,12.7289136,12.74115294,12.53308416,12.56368251,8443493,173973634.0
2017-09-25,600637,12.55144317,12.56368251,12.38621208,12.4229301,7170524,146073465.0
2017-09-26,600637,12.4229301,12.45964812,12.36785307,12.40457109,4358638,88356523.0
2017-09-27,600637,12.40457109,12.44128911,12.39233175,12.42904977,3306564,67120462.0
2017-09-28,600637,12.41069076,12.44740878,12.35561373,12.39233175,4661992,94475600.0
2017-09-29,600637,12.39233175,12.44128911,12.38621208,12.41681043,4129834,83861503.0
2017-10-09,600637,12.50860548,12.56368251,12.45352845,12.47188746,5973436,122173680.0
2017-10-10,600637,12.47188746,12.74727261,12.47188746,12.73503327,9414481,194441862.0
2017-10-11,600637,12.68607591,12.79622997,12.67383657,12.68607591,5322191,110614613.0
2017-10-12,600637,12.74115294,12.75951195,12.64935789,12.67995624,3890630,80733502.0
2017-10-13,600637,12.69831525,12.75339228,12.67383657,12.70443492,2834998,58858060.0
2017-10-16,600637,12.69831525,12.74727261,12.49636614,12.52696449,5397599,111117580.0
2017-10-17,600637,12.50248581,12.57592185,12.45964812,12.50248581,2934675,60012066.0
2017-10-18,600637,12.50860548,12.5453235,12.39845142,12.40457109,4085405,83236950.0
2017-10-19,600637,12.39845142,12.46576779,12.31277604,12.33113505,4886784,98720955.0
2017-10-20,600637,12.39845142,12.63099888,12.36785307,12.5453235,7171510,146880501.0
2017-10-23,600637,12.5453235,12.56368251,12.44740878,12.49024647,4571816,93316847.0
2017-10-24,600637,12.45964812,12.49636614,12.39233175,12.44128911,3320586,67402149.0
2017-10-25,600637,12.44740878,12.51472515,12.35561373,12.43516944,6612401,134188951.0
2017-10-26,600637,12.41069076,12.53308416,12.34949406,12.49024647,5853219,119200115.0
2017-10-27,600637,12.49636614,12.56368251,12.42904977,12.46576779,4274865,87370439.0
2017-10-30,600637,12.46576779,12.46576779,12.46576779,12.46576779,0,0.0
2017-10-31,600637,12.46576779,12.46576779,12.46576779,12.46576779,0,0.0
2017-11-01,600637,12.46576779,12.46576779,12.46576779,12.46576779,0,0.0
2017-11-02,600637,12.46576779,12.46576779,12.46576779,12.46576779,0,0.0
2017-11-03,600637,12.46576779,12.46576779,12.46576779,12.46576779,0,0.0
2017-11-06,600637,11.627373,11.98231386,11.58453531,11.68245003,25897648,497078685.0
2017-11-07,600637,11.627373,11.79260409,11.627373,11.76812541,9374331,179808883.0
2017-11-08,600637,11.70692871,11.85380079,11.66409102,11.79260409,7845654,151008770.0
2017-11-09,600637,11.8109631,11.88439914,11.59065498,11.67633036,14342292,274729866.0
2017-11-10,600637,11.71916805,11.74364673,11.627373,11.70080904,6595616,125885624.0
2017-11-13,600637,11.68245003,11.72528772,11.5049796,11.51721894,10249589,194126061.0
2017-11-14,600637,11.49885993,11.57841564,11.45602224,11.55393696,8382691,157763591.0
2017-11-15,600637,11.55393696,11.57229597,11.40094521,11.41930422,6374403,119578996.0
2017-11-16,600637,11.41930422,11.45602224,11.23571412,11.2601928,8472488,156544622.0
2017-11-17,600637,11.24795346,11.27855181,10.92361095,11.00316666,10139616,183194125.0
2017-11-20,600637,10.98480765,11.00928633,10.75837986,10.99704699,4700846,83800596.0
2017-11-21,600637,11.00928633,11.18063709,10.96644864,11.16227808,5849348,106087023.0
2017-11-22,600637,11.17451742,11.22959445,11.10108138,11.1377994,3414566,62322710.0
2017-11-23,600637,11.13167973,11.22347478,10.86241425,10.88077326,4618698,83263984.0
2017-11-24,600637,10.8930126,11.61513366,10.86241425,11.36422719,13916826,258086790.0
2017-11-27,600637,11.41318455,11.41318455,11.14391907,11.16227808,4834670,88950027.0
2017-11-28,600637,11.14391907,11.30915016,11.03988468,11.26631247,5541759,100904133.0
2017-11-29,600637,11.2601928,11.2601928,11.02764534,11.08884204,6004303,108973342.0
2017-11-30,600637,11.03376501,11.12556006,10.98480765,11.00316666,3678345,66378533.0
2017-12-01,600637,10.98480765,11.0766027,10.96644864,11.05824369,3899854,70316634.0
2017-12-04,600637,11.06436336,11.0766027,10.78897821,10.8318159,5851724,104285422.0
2017-12-05,600637,10.8930126,10.89913227,10.53807174,10.55643075,6345354,111157670.0
2017-12-06,600637,10.55031108,10.7094225,10.5258324,10.67270448,3951980,68488310.0
2017-12-07,600637,10.62374712,10.74002085,10.59926844,10.63598646,3534836,61608788.0
2017-12-08,600637,10.67882415,10.86853392,10.66046514,10.77673887,5416393,95134766.0
2017-12-11,600637,10.78285854,10.84405524,10.74614052,10.78897821,3693371,65201227.0
2017-12-12,600637,10.82569623,10.82569623,10.6482258,10.6482258,3580439,62696999.0
2017-12-13,600637,10.65434547,10.67270448,10.58090943,10.65434547,2903723,50404929.0
2017-12-14,600637,10.5870291,10.66658481,10.55643075,10.56867009,3812529,65968938.0
2017-12-15,600637,10.59926844,10.64210613,10.47075537,10.61762745,6433255,111047274.0
2017-12-18,600637,10.66658481,10.66658481,10.43403735,10.56867009,6213208,106947580.0
2017-12-19,600637,10.55643075,10.61762745,10.51971273,10.5258324,3875681,66961621.0
2017-12-20,600637,10.53195207,10.59314877,10.47687504,10.48911438,3295730,56732725.0
2017-12-21,600637,10.48911438,10.48911438,10.33000296,10.36672098,5435827,92286748.0
2017-12-22,600637,10.38507999,10.39119966,10.32388329,10.34836197,3272944,55348694.0
2017-12-25,600637,10.31164395,10.36672098,10.07909649,10.09133583,5276757,88060165.0
2017-12-26,600637,10.12193418,10.18925055,10.08521616,10.17089154,3511693,58205322.0
2017-12-27,600637,10.18313088,10.25044725,10.12805385,10.14029319,3406645,56695236.0
2017-12-28,600637,10.1586522,10.37284065,10.1586522,10.21372923,6280074,105378715.0
2017-12-29,600637,10.2198489,10.2810456,10.09133583,10.19537022,4107198,68346713.0
2018-01-02,600637,10.20148989,10.31164395,10.20148989,10.28716527,4431522,74361272.0
2018-01-03,600637,10.30552428,10.42791768,10.26880626,10.35448164,7734340,130848703.0
2018-01-04,600637,10.45851603,10.55643075,10.403439,10.47687504,8009376,136996949.0
2018-01-05,600637,10.44015702,10.49523405,10.36672098,10.44015702,4700814,80185605.0
2018-01-08,600637,10.44627669,10.57478976,10.3422423,10.56867009,6609364,113044883.0
2018-01-09,600637,10.55031108,10.58090943,10.47687504,10.50747339,3819564,65708793.0
2018-01-10,600637,10.51359306,10.54419141,10.403439,10.42179801,3498914,59796660.0
2018-01-11,600637,10.42791768,10.61762745,10.41567834,10.56867009,5034685,86713606.0
2018-01-12,600637,10.57478976,10.58090943,10.39731933,10.43403735,6798262,116232146.0
2018-01-15,600637,10.43403735,10.44015702,10.20760956,10.25656692,4942908,83427040.0
2018-01-16,600637,10.26880626,10.31776362,10.2198489,10.30552428,4579473,76803284.0
2018-01-17,600637,10.29328494,10.47687504,10.17089154,10.39119966,7072114,119192482.0
2018-01-18,600637,10.35448164,10.49523405,10.34836197,10.45239636,5226113,89181227.0
2018-01-19,600637,10.45239636,10.47075537,10.31164395,10.34836197,5550487,94128733.0
2018-01-22,600637,10.29328494,10.56867009,10.24432758,10.54419141,8040305,137353841.0
2018-01-23,600637,10.5258324,10.86241425,10.51971273,10.7706192,12748145,223757963.0
2018-01-24,600637,10.80121755,10.87465359,10.64210613,10.85017491,11565140,203701833.0
2018-01-25,600637,10.81957656,10.97868798,10.72166184,10.73390118,12891611,228977793.0
2018-01-26,600637,10.7094225,10.86853392,10.66658481,10.76449953,10066542,177246971.0
2018-01-29,600637,10.72166184,10.80121755,10.66658481,10.69718316,7842381,137576392.0
2018-01-30,600637,10.70330283,10.81345689,10.62986679,10.68494382,4832358,84557619.0
2018-01-31,600637,10.66658481,10.66658481,10.29940461,10.34836197,9029981,154100556.0
2018-02-01,600637,10.35448164,10.38507999,9.80371134,9.84654903,11620869,191130184.0
2018-02-02,600637,9.791472,10.03013913,9.74251464,9.9138654,5623286,91114087.0
2018-02-05,600637,9.82819002,10.02401946,9.791472,9.95670309,4576251,74400691.0
2018-02-06,600637,9.82819002,9.93834408,9.32025741,9.39981312,10641043,167585841.0
2018-02-07,600637,9.51608685,9.66295893,9.27130005,9.54056553,8161674,126786088.0
2018-02-08,600637,9.52832619,9.65683926,9.51608685,9.56504421,3672521,57507136.0
2018-02-09,600637,9.34473609,9.44877048,8.78172645,8.89800018,10323654,153699552.0
2018-02-12,600637,8.96531655,9.10606896,8.92247886,9.06935094,4221552,62412076.0
2018-02-13,600637,9.08770995,9.2407017,9.06935094,9.14278698,4232066,63226172.0
2018-02-14,600637,9.17338533,9.28965906,9.08770995,9.10606896,3676951,55006898.0
2018-02-22,600637,9.19174434,9.37533444,9.16726566,9.32637708,5160943,78389254.0
2018-02-23,600637,9.33861642,9.35697543,9.1183083,9.26518038,4801178,72596017.0
2018-02-26,600637,9.30801807,9.46712949,9.27741972,9.44877048,5046619,77250996.0
2018-02-27,600637,9.4242918,9.43653114,9.35085576,9.41817213,5338018,81912407.0
2018-02-28,600637,9.3630951,9.46100982,9.28965906,9.41817213,4957026,76059573.0
2018-03-01,600637,9.31413774,9.67519827,9.28353939,9.65683926,7649352,118893149.0
2018-03-02,600637,9.6078819,9.99342111,9.4854885,9.95670309,12504160,199732181.0
2018-03-05,600637,9.82207035,9.87714738,9.74251464,9.78535233,6161702,98752835.0
2018-03-06,600637,9.791472,9.9750621,9.74863431,9.95670309,7157105,115958922.0
2018-03-07,600637,9.9750621,10.10969484,9.93222441,9.95058342,8772614,143894877.0
2018-03-08,600637,9.93834408,10.0974555,9.93222441,10.04849814,7353394,120570033.0
2018-03-09,600637,10.04237847,10.14641286,9.95058342,10.12805385,7169569,117841957.0
2018-03-12,600637,10.1586522,10.72166184,10.12805385,10.59926844,18152793,311770503.0
2018-03-13,600637,10.59926844,10.89913227,10.5258324,10.55643075,15333626,268641626.0
2018-03-14,600637,10.64210613,10.65434547,10.38507999,10.42179801,8676427,148579425.0
2018-03-15,600637,10.39731933,10.403439,10.2198489,10.29940461,6558603,110360804.0
2018-03-16,600637,10.31164395,10.5258324,10.31164395,10.36060131,4494941,76445031.0
2018-03-19,600637,10.28716527,10.48911438,10.2810456,10.43403735,4950773,84336672.0
2018-03-20,600637,10.37896032,10.45239636,10.34836197,10.41567834,3537175,60161473.0
2018-03-21,600637,10.43403735,10.59314877,10.33000296,10.37896032,3919722,67113374.0
2018-03-22,600637,10.37896032,10.37896032,10.13417352,10.25656692,5316821,88916228.0
2018-03-23,600637,10.08521616,10.08521616,9.55892454,9.68131794,9464388,152058828.0
2018-03-26,600637,9.5466852,9.83430969,9.49160817,9.81595068,4737550,75060935.0
2018-03-27,600637,9.88326705,10.01178012,9.87102771,9.95670309,3589499,58347920.0
2018-03-28,600637,9.86490804,10.00566045,9.81595068,9.94446375,2866328,46573179.0
2018-03-29,600637,9.95670309,10.00566045,9.88938672,9.95058342,4170669,67791459.0
2018-03-30,600637,9.9750621,10.04237847,9.96282276,10.01178012,3179507,52001361.0
2018-04-02,600637,10.01789979,10.47075537,9.96894243,10.33000296,9024887,151305660.0
2018-04-03,600637,10.22596857,10.70330283,10.2198489,10.61150778,12962902,223071336.0
2018-04-04,600637,10.68494382,10.78285854,10.56867009,10.61150778,11989474,209301691.0
2018-04-09,600637,10.57478976,10.72166184,10.5258324,10.60538811,6293880,109046903.0
2018-04-10,600637,10.57478976,10.58090943,10.403439,10.51971273,6598136,113105159.0
2018-04-11,600637,10.56867009,10.64210613,10.51971273,10.60538811,4365957,75572663.0
2018-04-12,600637,10.61762745,10.8930126,10.55643075,10.77673887,9837654,173405703.0
2018-04-13,600637,10.80733722,10.94196996,10.67882415,10.73390118,5937350,104934052.0
2018-04-16,600637,10.7094225,10.75837986,10.5258324,10.72166184,5739481,99859385.0
2018-04-17,600637,10.74614052,10.75837986,10.3422423,10.34836197,5109021,88078044.0
2018-04-18,600637,10.40955867,10.8930126,10.37896032,10.88077326,10183248,177851682.0
2018-04-19,600637,10.88689293,10.96644864,10.80121755,10.90525194,7174020,127680560.0
2018-04-20,600637,10.88077326,10.9542093,10.57478976,10.6482258,6667480,116925071.0
2018-04-23,600637,10.58090943,10.74002085,10.28716527,10.35448164,7273078,124922592.0
2018-04-24,600637,10.403439,10.56255042,10.34836197,10.51971273,7717241,132318213.0
2018-04-25,600637,10.49523405,10.69718316,10.49523405,10.62986679,4275684,73978456.0
2018-04-26,600637,10.53195207,10.61150778,10.31776362,10.36672098,5036614,85738564.0
2018-04-27,600637,10.45851603,10.47687504,10.25044725,10.29328494,3843015,64812934.0
2018-05-02,600637,10.3422423,10.74614052,10.3422423,10.66046514,9334368,161565391.0
2018-05-03,600637,10.65434547,10.72778151,10.34836197,10.50747339,8524612,146508504.0
2018-05-04,600637,10.50747339,10.58090943,10.39119966,10.55031108,7248015,124382798.0
2018-05-07,600637,10.51359306,10.61150778,10.47687504,10.57478976,5141910,88667696.0
2018-05-08,600637,10.56867009,10.63598646,10.50747339,10.62986679,4915837,84973721.0
2018-05-09,600637,10.64210613,10.66658481,10.49523405,10.53807174,4462630,76970692.0
2018-05-10,600637,10.58090943,10.87465359,10.54419141,10.81345689,8419459,147695259.0
2018-05-11,600637,10.7706192,10.87465359,10.73390118,10.82569623,5986099,105767381.0
2018-05-14,600637,10.83793557,11.35810752,10.83793557,11.31526983,20308539,371573939.0
2018-05-15,600637,11.28467148,11.3825862,11.15615841,11.35810752,10792344,199078695.0
2018-05-16,600637,11.36422719,11.37034686,11.13167973,11.18675676,10140980,186014435.0
2018-05-17,600637,11.15615841,11.18675676,10.98480765,11.03988468,6976846,125934814.0
2018-05-18,600637,11.16839775,11.19287643,10.99092732,11.05824369,5218876,94460043.0
2018-05-21,600637,11.10720105,11.54169762,11.07048303,11.47438125,13454115,250515262.0
2018-05-22,600637,11.46214191,11.59065498,11.3825862,11.5049796,9100063,170937775.0
2018-05-23,600637,11.5661763,11.66409102,11.41930422,11.44990257,10721296,201980334.0
2018-05-24,600637,11.47438125,11.49274026,11.28467148,11.47438125,8741342,162953626.0
2018-05-25,600637,11.46214191,11.52945828,11.18675676,11.27243214,8651179,159954308.0
2018-05-28,600637,11.5049796,11.65185168,11.28467148,11.32750917,12261778,229484107.0
2018-05-29,600637,11.33362884,11.35198785,10.99704699,11.02152567,11420954,207321280.0
2018-05-30,600637,10.89913227,11.0766027,10.77673887,10.88689293,7860768,140449814.0
2018-05-31,600637,10.94808963,11.04600435,10.82569623,10.99704699,9116876,163032547.0
2018-06-01,600637,10.99092732,10.99092732,10.55643075,10.61150778,9184902,161470074.0
2018-06-04,600637,10.67882415,10.87465359,10.65434547,10.7706192,6032277,106254668.0
2018-06-05,600637,10.78897821,10.98480765,10.7706192,10.85017491,5561610,98976742.0
2018-06-06,600637,10.78897821,10.9542093,10.69106349,10.94808963,7787513,137598980.0
2018-06-07,600637,10.98480765,11.11944039,10.89913227,11.0766027,12286342,220931393.0
2018-06-08,600637,11.0766027,11.10108138,10.3422423,10.54419141,13698385,238074749.0
2018-06-11,600637,10.59314877,10.62986679,10.12805385,10.24432758,9491244,159436233.0
2018-06-12,600637,10.26880626,10.37284065,10.17089154,10.3422423,5685884,95580995.0
2018-06-13,600637,10.29328494,10.31164395,9.90162606,9.90162606,8270276,135852479.0
2018-06-14,600637,9.84042936,9.98118177,9.75475398,9.84042936,5334846,85787820.0
2018-06-15,600637,9.82819002,9.89550639,9.4854885,9.62012124,9016633,141865169.0
2018-06-19,600637,9.43041147,9.49160817,8.65933305,8.65933305,14662034,215900104.0
2018-06-20,600637,8.6899314,8.97755589,8.67769206,8.92859853,6816653,98302262.0
2018-06-21,600637,8.92859853,9.05099193,8.64709371,8.65321338,8553215,123146965.0
2018-06-22,600637,8.64709371,8.94695754,8.56141833,8.88576084,5531570,79543125.0
2018-06-25,600637,8.9347182,9.29577873,8.86128216,8.95919688,8118385,120095233.0
2018-06-26,600637,8.90411985,9.19174434,8.81844447,9.14278698,7142368,106085571.0
2018-06-27,600637,9.13666731,9.34473609,9.11218863,9.19174434,5965574,89877501.0
2018-06-28,600637,9.179505,9.21010335,8.9347182,8.9959149,5267192,78150079.0
2018-06-29,600637,8.98367556,9.24682137,8.96531655,9.21622302,3767632,56430219.0
2018-07-02,600637,9.179505,9.25294104,8.97143622,9.06935094,5143203,76718328.0
2018-07-03,600637,9.08159028,9.13666731,8.97143622,9.10606896,5837332,86422084.0
2018-07-04,600637,9.06935094,9.08770995,8.7511281,8.77560678,7297735,106063858.0
2018-07-05,600637,8.80620513,9.0571116,8.80008546,8.83680348,8326287,121450868.0
2018-07-06,600637,8.81844447,8.88576084,8.54917899,8.77560678,9743316,139124984.0
2018-07-09,600637,8.78784612,8.88576084,8.7511281,8.86128216,6681320,96412824.0
2018-07-10,600637,8.86740183,8.94083787,8.79396579,8.91023952,5754784,83474979.0
2018-07-11,600637,8.78172645,8.78172645,8.28603318,8.41454625,13094544,182165843.0
2018-07-12,600637,8.42678559,8.69605107,8.42678559,8.67157239,10805650,152098679.0
2018-07-13,600637,8.70217074,8.84292315,8.66545272,8.74500843,9914675,141693270.0
2018-07-16,600637,8.74500843,8.83680348,8.70829041,8.75724777,6499191,93073500.0
2018-07-17,600637,8.78172645,8.81844447,8.64709371,8.76948711,4530172,64641465.0
2018-07-18,600637,8.75724777,8.83680348,8.66545272,8.7511281,5313707,75957643.0
2018-07-19,600637,8.74500843,8.74500843,8.45126427,8.49410196,8336922,116704438.0
2018-07-20,600637,8.49410196,8.6287347,8.39006757,8.58589701,7835739,109040588.0
2018-07-23,600637,8.567538,8.70217074,8.52470031,8.67769206,7354486,103450616.0
2018-07-24,600637,8.65321338,8.90411985,8.65321338,8.86128216,8925653,128710460.0
2018-07-25,600637,8.86128216,8.87964117,8.7511281,8.80620513,6481468,93443505.0
2018-07-26,600637,8.8123248,8.91635919,8.79396579,8.81844447,8038254,116071598.0
2018-07-27,600637,8.82456414,8.84904282,8.67769206,8.71441008,5696738,81495494.0
2018-07-30,600637,8.70217074,8.76336744,8.55529866,8.60425602,5306926,74898284.0
2018-07-31,600637,8.61649536,8.69605107,8.56141833,8.68381173,3618277,51067752.0
2018-08-01,600637,8.67769206,8.73276909,8.53693965,8.58589701,8850293,124786765.0
2018-08-02,600637,8.51858064,8.54305932,8.04736605,8.21871681,12188856,164593726.0
2018-08-03,600637,8.29215285,8.29827252,8.06572506,8.10856275,7212342,96012881.0
2018-08-06,600637,8.16363978,8.16363978,7.97393001,8.00452836,5408436,71129717.0
2018-08-07,600637,8.08408407,8.24319549,8.00452836,8.23707582,5696619,75753220.0
2018-08-08,600637,8.23707582,8.30439219,8.18811846,8.22483648,4780809,64396999.0
2018-08-09,600637,8.22483648,8.41454625,8.16975945,8.35334955,5857025,79826319.0
2018-08-10,600637,8.35946922,8.48798229,8.34722988,8.45126427,5725003,78873876.0
2018-08-13,600637,8.37777222,8.59007444,8.3287794,8.54108162,5429843,56267967.0
2018-08-14,600637,8.47575786,8.53291615,8.40226863,8.41859957,5322550,55029210.0
2018-08-15,600637,8.41859957,8.51658521,8.22262829,8.2471247,4971774,50879824.0
2018-08-16,600637,8.19813188,8.31244846,8.15730453,8.18996641,5267080,53073075.0
2018-08-17,600637,8.2471247,8.32061393,8.07564983,8.10831171,4105168,41050315.0
2018-08-20,600637,8.10831171,8.16547,7.96133325,8.09198077,6230364,61417995.0
2018-08-21,600637,8.0838153,8.18180094,8.0838153,8.15730453,3409772,34010865.0
2018-08-22,600637,8.14913906,8.16547,8.04298795,8.06748436,4116868,40813999.0
2018-08-23,600637,8.10014624,8.13280812,7.99399513,8.10831171,4253261,42081816.0
2018-08-24,600637,8.10831171,8.10831171,7.96949872,7.97766419,7646930,75042896.0
2018-08-27,600637,8.0021606,8.19813188,8.0021606,8.18996641,6876403,68466426.0
2018-08-28,600637,8.18996641,8.27978658,8.17363547,8.25529017,4590963,46357846.0
2018-08-29,600637,8.23895923,8.27978658,8.19813188,8.2471247,3056927,30838392.0
2018-08-30,600637,8.23895923,8.2471247,8.09198077,8.10014624,3949640,39380340.0
2018-08-31,600637,8.12464265,8.14913906,7.99399513,8.09198077,5421978,53582741.0
2018-09-03,600637,8.05115342,8.09198077,8.01032607,8.07564983,3445724,33973108.0
2018-09-04,600637,8.06748436,8.22262829,8.04298795,8.18996641,4945385,49290727.0
2018-09-05,600637,8.15730453,8.19813188,8.07564983,8.0838153,3690345,36806062.0
2018-09-06,600637,8.06748436,8.12464265,8.04298795,8.06748436,3369480,33337875.0
2018-09-07,600637,8.07564983,8.14097359,8.02665701,8.02665701,4505800,44561072.0
2018-09-10,600637,8.04298795,8.05931889,7.91234043,7.93683684,5720036,55767967.0
2018-09-11,600637,7.93683684,7.96133325,7.8388512,7.90417496,3924321,37976388.0
2018-09-12,600637,7.90417496,7.96133325,7.86334761,7.88784402,4461173,43219712.0
2018-09-13,600637,7.94500231,7.99399513,7.8388512,7.98582966,7406621,71774591.0
2018-09-14,600637,7.96133325,8.03482248,7.93683684,7.98582966,4507448,44073787.0
2018-09-17,600637,7.99399513,7.99399513,7.87151308,7.87967855,2951921,28568930.0
2018-09-18,600637,7.87967855,7.96949872,7.76536197,7.96133325,3798610,36708015.0
2018-09-19,600637,7.93683684,8.05931889,7.91234043,8.04298795,5708834,55935764.0
2018-09-20,600637,8.01032607,8.05931889,7.98582966,8.01849154,4495320,44173624.0
2018-09-21,600637,8.04298795,8.18996641,8.02665701,8.17363547,6116571,60814505.0
2018-09-25,600637,8.13280812,8.22262829,8.10014624,8.14913906,4652945,46490019.0
2018-09-26,600637,8.14913906,8.23079376,8.13280812,8.17363547,5305677,53232905.0
2018-09-27,600637,8.18996641,8.22262829,8.0838153,8.11647718,5532312,55268163.0
2018-09-28,600637,8.16547,8.23079376,8.11647718,8.23079376,5665050,56750529.0
2018-10-08,600637,8.11647718,8.16547,7.96949872,7.98582966,7155735,70833233.0
2018-10-09,600637,7.99399513,8.04298795,7.8388512,7.91234043,6262086,60754574.0
2018-10-10,600637,7.91234043,7.96133325,7.84701667,7.91234043,3598834,34834128.0
2018-10-11,600637,7.64287992,7.74903103,7.2672683,7.348923,11739923,107950464.0
2018-10-12,600637,7.32442659,7.38158488,7.0223042,7.21011001,8643766,76560449.0
2018-10-15,600637,7.25910283,7.29176471,7.04680061,7.07946249,4672767,41101454.0
2018-10-16,600637,7.1039589,7.16928266,6.7773401,6.81816745,7268954,62017086.0
2018-10-17,600637,6.89982215,6.96514591,6.81816745,6.93248403,5996043,50645039.0
2018-10-18,600637,6.86716027,6.93248403,6.76917463,6.80183651,5612349,47147348.0
2018-10-19,600637,6.73651275,7.05496608,6.68751993,7.04680061,6668797,56590731.0
2018-10-22,600637,7.11212437,7.43874317,7.11212437,7.35708847,10537089,94742307.0
2018-10-23,600637,7.32442659,7.4305777,7.23460642,7.25910283,8628448,77529511.0
2018-10-24,600637,7.2672683,7.40608129,7.24277189,7.27543377,5884296,52762619.0
2018-10-25,600637,7.11212437,7.28359924,7.07129702,7.28359924,7132064,62568681.0
2018-10-26,600637,7.29993018,7.38975035,7.25093736,7.35708847,4626701,41521222.0
2018-10-29,600637,7.34075753,7.38158488,7.2672683,7.31626112,4396607,39401322.0
2018-10-30,600637,7.348923,7.41424676,7.28359924,7.38158488,7780317,70202732.0
2018-10-31,600637,7.38158488,7.48773599,7.36525394,7.45507411,6315835,57578667.0
2018-11-01,600637,7.48773599,7.60205257,7.44690864,7.46323958,9781060,90229734.0
2018-11-02,600637,7.55305975,7.65921086,7.52039787,7.65921086,9784528,91120868.0
2018-11-05,600637,7.66737633,7.8388512,7.61838351,7.80618932,11210868,106259761.0
2018-11-06,600637,7.78985838,8.03482248,7.65104539,7.91234043,12367502,118985565.0
2018-11-07,600637,7.86334761,7.92867137,7.76536197,7.81435479,9349751,89667089.0
2018-11-08,600637,7.84701667,7.90417496,7.73270009,7.76536197,5622418,53694306.0
2018-11-09,600637,7.74903103,7.7571965,7.62654898,7.66737633,6977264,65621306.0
2018-11-12,600637,7.62654898,7.88784402,7.62654898,7.88784402,7528731,72072477.0
2018-11-13,600637,7.82252026,8.13280812,7.78169291,8.0838153,12052860,118832237.0
2018-11-14,600637,8.03482248,8.18180094,8.03482248,8.12464265,8746818,86758053.0
2018-11-15,600637,8.17363547,8.20629735,8.09198077,8.14097359,8225006,82023248.0
2018-11-16,600637,8.15730453,8.66356367,8.15730453,8.64723273,27117342,281095502.0
2018-11-19,600637,8.61457085,8.75338384,8.50025427,8.67172914,20503548,216584163.0
2018-11-20,600637,8.59007444,8.59007444,8.34511034,8.36960675,13275126,137566979.0
2018-11-21,600637,8.25529017,8.4104341,8.22262829,8.3287794,7944645,80883181.0
2018-11-22,600637,8.43493051,8.61457085,8.36144128,8.51658521,11995017,125015801.0
2018-11-23,600637,8.48392333,8.4920888,8.03482248,8.14913906,11316521,114047033.0
2018-11-26,600637,8.12464265,8.27162111,8.0838153,8.16547,5122098,51310469.0
2018-11-27,600637,8.18996641,8.29611752,8.13280812,8.18180094,6520826,65627649.0
2018-11-28,600637,8.20629735,8.99834794,8.14097359,8.93302418,36124453,387269378.0
2018-11-29,600637,8.94935512,8.96568606,8.45126145,8.45126145,26083749,278286229.0
2018-11-30,600637,8.32061393,8.42676504,8.11647718,8.27162111,14801691,149891271.0
2018-12-03,600637,8.43493051,8.59007444,8.35327581,8.45126145,12825576,133376423.0
2018-12-04,600637,8.43493051,8.5737435,8.39410316,8.56557803,9864406,102651687.0
2018-12-05,600637,8.40226863,8.47575786,8.33694487,8.37777222,8676020,89397851.0
2018-12-06,600637,8.36144128,8.4104341,8.20629735,8.2471247,7996282,81376821.0
2018-12-07,600637,8.2471247,8.31244846,8.14097359,8.18180094,6217643,62465924.0
2018-12-10,600637,8.14097359,8.28795205,8.12464265,8.21446282,5045507,50806393.0
2018-12-11,600637,8.27162111,8.43493051,8.22262829,8.31244846,6352743,64892206.0
2018-12-12,600637,8.45126145,8.46759239,8.26345564,8.33694487,3974289,40598280.0
2018-12-13,600637,8.34511034,8.43493051,8.31244846,8.37777222,7059311,72519752.0
2018-12-14,600637,8.36960675,8.43493051,8.0838153,8.14097359,13296318,134523385.0
2018-12-17,600637,8.15730453,8.27978658,8.0838153,8.23895923,5243735,52659448.0
2018-12-18,600637,8.19813188,8.31244846,8.10831171,8.2471247,4550955,45786256.0
2018-12-19,600637,8.23079376,8.25529017,8.13280812,8.15730453,3764564,37749017.0
2018-12-20,600637,8.15730453,8.25529017,8.14097359,8.22262829,4613085,46323617.0
2018-12-21,600637,8.23079376,8.28795205,8.15730453,8.2471247,6065995,61149330.0
2018-12-24,600637,8.23079376,8.33694487,8.20629735,8.27162111,4605414,46706334.0
2018-12-25,600637,8.14913906,8.18180094,7.69187274,8.02665701,9694717,94228962.0
2018-12-26,600637,8.0021606,8.16547,7.95316778,8.10014624,6884982,68196180.0
2018-12-27,600637,8.17363547,8.37777222,8.14097359,8.27978658,10596266,107490496.0
2018-12-28,600637,8.26345564,8.36960675,8.23895923,8.36144128,8709341,88829271.0
2019-01-02,600637,8.39410316,8.43493051,8.27162111,8.39410316,7964811,81563255.0
2019-01-03,600637,8.38593769,8.41859957,8.29611752,8.37777222,6719406,68846619.0
2019-01-04,600637,8.29611752,8.63090179,8.2471247,8.5737435,10975823,114288788.0
2019-01-07,600637,8.59823991,8.78604572,8.54924709,8.62273632,12457483,132041042.0
2019-01-08,600637,8.61457085,8.67989461,8.53291615,8.63906726,6008506,63232403.0
2019-01-09,600637,8.5737435,8.7370529,8.53291615,8.53291615,8876969,94110231.0
2019-01-10,600637,8.54924709,8.58190897,8.42676504,8.43493051,6676721,69582320.0
2019-01-11,600637,8.45126145,8.55741256,8.39410316,8.48392333,5731835,59408563.0
2019-01-14,600637,8.50841974,8.52475068,8.39410316,8.41859957,4638458,47872237.0
2019-01-15,600637,8.41859957,8.45942692,8.36144128,8.45126145,7403466,76278854.0
2019-01-16,600637,8.48392333,8.50025427,8.36144128,8.39410316,5450713,56223294.0
2019-01-17,600637,8.4104341,8.41859957,8.26345564,8.29611752,4860211,49593732.0
2019-01-18,600637,8.30428299,8.39410316,8.20629735,8.3287794,7720053,78453388.0
2019-01-21,600637,8.34511034,8.4104341,8.30428299,8.38593769,4825450,49425252.0
2019-01-22,600637,8.39410316,8.39410316,8.14097359,8.18996641,7582707,76399097.0
2019-01-23,600637,8.18180094,8.23895923,8.14097359,8.20629735,3826764,38346963.0
2019-01-24,600637,8.21446282,8.2471247,8.11647718,8.2471247,6346985,63712443.0
2019-01-25,600637,8.23079376,8.2471247,8.13280812,8.14913906,5905122,59126496.0
2019-01-28,600637,8.18996641,8.27978658,8.15730453,8.18180094,5157169,51905046.0
2019-01-29,600637,8.14913906,8.19813188,7.87967855,8.05931889,7307000,71739364.0
2019-01-30,600637,8.01849154,8.11647718,7.96949872,8.0021606,3424162,33683480.0
2019-01-31,600637,8.03482248,8.18180094,7.98582966,8.06748436,6146289,60810856.0
2019-02-01,600637,8.06748436,8.20629735,8.02665701,8.20629735,4934796,49171493.0
2019-02-11,600637,8.20629735,8.31244846,8.18180094,8.30428299,6491685,65739331.0
2019-02-12,600637,8.30428299,8.48392333,8.27978658,8.44309598,9832191,101220853.0
2019-02-13,600637,8.47575786,8.62273632,8.43493051,8.59007444,12449797,130340573.0
2019-02-14,600637,8.5737435,8.66356367,8.55741256,8.59823991,9832715,103749956.0
2019-02-15,600637,8.60640538,8.7370529,8.59007444,8.59007444,10339913,109713134.0
2019-02-18,600637,8.63090179,8.88403136,8.63090179,8.85953495,12139714,130268698.0
2019-02-19,600637,8.88403136,8.89219683,8.69622555,8.77788025,12402194,133323512.0
2019-02-20,600637,8.78604572,8.81054213,8.66356367,8.77788025,9314555,99691767.0
2019-02-21,600637,8.77788025,8.94118965,8.72072196,8.78604572,11734018,127058089.0
2019-02-22,600637,8.83503854,9.30047033,8.83503854,9.24331204,29597553,331673870.0
2019-02-25,600637,9.2269811,9.70057836,9.2269811,9.62708913,34000470,396607447.0
2019-02-26,600637,9.65975101,9.76590212,9.4719452,9.52910349,26210778,308427801.0
2019-02-27,600637,9.52093802,9.6352546,9.35762862,9.48827614,23810159,277380776.0
2019-02-28,600637,9.49644161,9.53726896,9.29230486,9.29230486,14713628,169524718.0
2019-03-01,600637,9.3902905,9.62708913,9.34129768,9.50460708,19720156,229356225.0
2019-03-04,600637,9.97003887,10.17417562,9.7169093,9.76590212,41213933,498765184.0
2019-03-05,600637,9.77406759,10.24766485,9.64342007,10.24766485,46330503,568674416.0
2019-03-06,600637,10.16601015,10.24766485,9.95370793,10.10068639,37168064,458718996.0
2019-03-07,600637,10.08435545,10.08435545,9.73324024,9.79039853,53881874,652175506.0
2019-03-08,600637,9.67608195,9.79039853,9.29230486,9.29230486,37876915,443449659.0
2019-03-11,600637,9.42295238,9.62708913,9.3086358,9.60259272,30439417,353427240.0
2019-03-12,600637,9.67608195,10.56611818,9.66791648,10.56611818,113562721,1437617603.0
2019-03-13,600637,10.8600751,10.90906792,10.2068375,10.27216126,102302022,1329047216.0
2019-03-14,600637,10.2068375,10.35381596,9.74957118,9.94554246,45317532,556164944.0
2019-03-15,600637,10.0435281,10.54978724,9.798564,10.10068639,61407081,765280365.0
2019-03-18,600637,10.11701733,10.24766485,9.98636981,10.19867203,40330018,499560959.0
2019-03-19,600637,10.09252092,10.52529083,10.06802451,10.37831237,44592486,565288939.0
2019-03-20,600637,10.35381596,10.49262895,9.97003887,10.13334827,34648945,433021676.0
2019-03-21,600637,10.16601015,11.14586655,10.08435545,11.14586655,123770526,1656658203.0
2019-03-22,600637,11.09687373,11.09687373,10.54978724,10.75392399,92374290,1221962677.0
2019-03-25,600637,10.57428365,10.79475134,10.43547066,10.48446348,50464877,654402516.0
2019-03-26,600637,10.50895989,10.56611818,10.09252092,10.15784468,35462115,446006029.0
2019-03-27,600637,10.2068375,10.24766485,9.86388776,10.1251828,21691272,267141029.0
2019-03-28,600637,10.06802451,10.23949938,9.79039853,9.82306041,33122447,405557873.0
2019-03-29,600637,9.798564,10.10068639,9.67608195,10.08435545,30515237,371379485.0
2019-04-01,600637,10.13334827,10.40280878,10.13334827,10.32115408,37107757,468551654.0
2019-04-02,600637,10.38647784,10.50079442,10.23133391,10.2884922,32067900,407416832.0
2019-04-03,600637,10.23949938,10.72942758,10.19867203,10.65593835,53183757,687074210.0
2019-04-04,600637,10.6967657,10.73759305,10.41097425,10.52529083,39659870,511630737.0
2019-04-08,600637,10.57428365,10.63960741,10.17417562,10.33748502,35837400,457094936.0
2019-04-09,600637,10.28032673,10.48446348,10.23133391,10.35381596,19980913,253745000.0
2019-04-10,600637,10.26399579,10.32931955,10.13334827,10.23949938,20745284,259244121.0
2019-04-11,600637,10.24766485,10.2884922,9.9618734,10.11701733,23226877,287210378.0
2019-04-12,600637,10.13334827,10.25583032,10.05169357,10.19050656,16617871,207065291.0
2019-04-15,600637,10.28032673,10.33748502,9.9618734,10.00270075,21754073,271604605.0
2019-04-16,600637,9.98636981,10.1251828,9.76590212,10.1251828,22709988,275973256.0
2019-04-17,600637,10.10885186,10.24766485,10.06802451,10.14967921,17983326,223516826.0
2019-04-18,600637,10.11701733,10.16601015,9.92921152,9.94554246,16286066,199573081.0
2019-04-19,600637,9.95370793,10.03536263,9.83939135,9.97003887,14144898,171997785.0
2019-04-22,600637,9.97820434,10.19050656,9.93737699,9.9618734,16758047,206102001.0
2019-04-23,600637,9.93737699,10.16601015,9.89654964,9.94554246,15998638,196578083.0
2019-04-24,600637,9.95370793,9.98636981,9.67608195,9.798564,23605632,282814210.0
2019-04-25,600637,9.798564,9.83939135,9.48011067,9.48827614,16389706,193915712.0
2019-04-26,600637,9.45561426,9.51277255,9.26780845,9.27597392,17638188,202011671.0
2019-04-29,600637,9.30047033,9.3902905,9.08816811,9.10449905,14414804,163296655.0
2019-04-30,600637,9.21065016,9.31680127,9.18615375,9.26780845,11621350,131876323.0
2019-05-06,600637,9.04734076,9.10449905,8.34511034,8.43493051,30550293,321976052.0
2019-05-07,600637,8.45126145,8.56557803,8.35327581,8.53291615,13841070,143845001.0
2019-05-08,600637,8.35327581,8.54108162,8.2471247,8.43493051,11122209,114693398.0
2019-05-09,600637,8.4104341,8.4920888,8.33694487,8.36960675,8864243,91263244.0
2019-05-10,600637,8.42676504,8.59007444,8.29611752,8.58190897,14685190,153167509.0
2019-05-13,600637,8.51658521,8.53291615,8.42676504,8.48392333,10137631,105388720.0
2019-05-14,600637,8.40226863,8.64723273,8.34511034,8.45942692,14996687,156181049.0
2019-05-15,600637,8.50025427,8.64723273,8.50025427,8.55741256,14126528,148239712.0
2019-05-16,600637,8.53291615,8.6553982,8.51658521,8.63090179,11223179,118176651.0
2019-05-17,600637,8.64723273,8.67172914,8.21446282,8.27162111,16593762,171388580.0
2019-05-20,600637,8.29611752,8.36144128,8.15730453,8.3287794,12101847,122407780.0
2019-05-21,600637,8.33694487,8.50841974,8.27162111,8.43493051,10316151,106395656.0
2019-05-22,600637,8.44309598,8.4920888,8.29611752,8.37777222,7911258,81337498.0
2019-05-23,600637,8.34511034,8.36960675,8.16547,8.18996641,9733135,98135193.0
2019-05-24,600637,8.15730453,8.26345564,8.11647718,8.19813188,8497651,85096982.0
2019-05-27,600637,8.19813188,8.34511034,8.13280812,8.3287794,11427021,115464511.0
2019-05-28,600637,8.3287794,8.42676504,8.26345564,8.39410316,13127648,134516995.0
2019-05-29,600637,8.3287794,8.37777222,8.27978658,8.34511034,8009459,81757104.0
2019-05-30,600637,8.32061393,8.32061393,8.18180094,8.31244846,8251995,83300695.0
2019-05-31,600637,8.31244846,8.35327581,8.23079376,8.29611752,8233100,83633231.0
2019-06-03,600637,8.27978658,8.3287794,8.15730453,8.23079376,10236437,103278128.0
2019-06-04,600637,8.23079376,8.27162111,8.06748436,8.14913906,10092843,101018904.0
2019-06-05,600637,8.22262829,8.39410316,8.14097359,8.30428299,14154934,143164852.0
2019-06-06,600637,8.36144128,8.43493051,8.13280812,8.17363547,11596440,116641381.0
2019-06-10,600637,8.18996641,8.23079376,8.11647718,8.17363547,10314365,103167316.0
2019-06-11,600637,8.2471247,8.47575786,8.23079376,8.45942692,18086297,185321646.0
2019-06-12,600637,8.44309598,8.54108162,8.36960675,8.45126145,14830941,153437600.0
2019-06-13,600637,8.56557803,8.79421119,8.54924709,8.71255649,23400391,249011524.0
2019-06-14,600637,8.67172914,8.75338384,8.48392333,8.50025427,18200261,192012676.0
2019-06-17,600637,8.4920888,8.61457085,8.42676504,8.55741256,10830165,113056677.0
2019-06-18,600637,8.52475068,8.54108162,8.37777222,8.45126145,9921151,102688087.0
2019-06-19,600637,8.59007444,8.63906726,8.4920888,8.51658521,13309173,139563958.0
2019-06-20,600637,8.50841974,8.69622555,8.45126145,8.66356367,15917558,167753788.0
2019-06-21,600637,8.70439102,8.85136948,8.69622555,8.78604572,17658910,189733303.0
2019-06-24,600637,8.77788025,8.81054213,8.69622555,8.72072196,10547841,112875276.0
2019-06-25,600637,8.72072196,8.72072196,8.51658521,8.69622555,12375542,130534968.0
2019-06-26,600637,8.63090179,8.70439102,8.56557803,8.67989461,9101716,96227378.0
2019-06-27,600637,8.6553982,8.72888743,8.62273632,8.67989461,10648874,113032767.0
2019-06-28,600637,8.67989461,8.67989461,8.50841974,8.60640538,8463683,88841543.0
2019-07-01,600637,8.72072196,8.77788025,8.67172914,8.76971478,13948049,149192878.0
2019-07-02,600637,8.76154931,8.80237666,8.68806008,8.74521837,10944918,117017842.0
2019-07-03,600637,8.7370529,8.7370529,8.60640538,8.69622555,9890421,104633256.0
2019-07-04,600637,8.69622555,8.70439102,8.53291615,8.58190897,11634044,122682615.0
2019-07-05,600637,8.58190897,8.59823991,8.48392333,8.51658521,9719087,101450115.0
2019-07-08,600637,8.52475068,8.52475068,8.15730453,8.19813188,15356867,155585588.0
2019-07-09,600637,8.17363547,8.23895923,8.15730453,8.20629735,6312576,63373660.0
2019-07-10,600637,8.22262829,8.2471247,8.13280812,8.15730453,7703787,77138712.0
2019-07-11,600637,8.19813188,8.2471247,8.15730453,8.18996641,5995655,60240211.0
2019-07-12,600637,8.19813188,8.23079376,8.14913906,8.19813188,5338865,53606161.0
2019-07-15,600637,8.19813188,8.40226863,8.13280812,8.40226863,14038144,142108458.0
2019-07-16,600637,8.35327581,8.41859957,8.33694487,8.40226863,6603058,67739478.0
2019-07-17,600637,8.39410316,8.44309598,8.33694487,8.40226863,7857797,80832340.0
2019-07-18,600637,8.3938855,8.3938855,8.301645,8.301645,7482704,74347406.0
2019-07-19,600637,8.268103,8.4274275,8.268103,8.318416,6705394,66808070.0
2019-07-22,600637,8.335187,8.335187,8.167477,8.21779,6949268,68316058.0
2019-07-23,600637,8.234561,8.268103,8.184248,8.2429465,4864492,47695834.0
2019-07-24,600637,8.2429465,8.3435725,8.2429465,8.301645,7206850,71293571.0
2019-07-25,600637,8.2932595,8.351958,8.251332,8.3268015,6435489,63712590.0
2019-07-26,600637,8.318416,8.3771145,8.284874,8.3771145,6347077,63117484.0
2019-07-29,600637,8.3603435,8.3938855,8.2932595,8.351958,6711087,66704667.0
2019-07-30,600637,8.351958,8.4274275,8.3268015,8.3855,8228836,82234836.0
2019-07-31,600637,8.368729,8.3771145,8.3100305,8.318416,5361116,53265924.0
2019-08-01,600637,8.284874,8.335187,8.2261755,8.251332,6127693,60433005.0
2019-08-02,600637,8.133935,8.1590915,8.0416945,8.0752365,12119061,116847601.0
2019-08-05,600637,8.033309,8.05008,7.932683,7.932683,8489907,80835310.0
2019-08-06,600637,7.8236715,7.8236715,7.5385645,7.697889,14486995,132592613.0
2019-08-07,600637,7.7398165,7.764973,7.5888775,7.5888775,7234636,66079848.0
2019-08-08,600637,7.6224195,7.6727325,7.597263,7.6391905,6246562,56866112.0
2019-08-09,600637,7.681118,7.6895035,7.496637,7.5217935,7226606,65300941.0
2019-08-12,600637,7.530179,7.614034,7.5050225,7.597263,6386063,57578255.0
2019-08-13,600637,7.54695,7.614034,7.530179,7.580492,6390106,57591266.0
2019-08-14,600637,7.630805,7.6727325,7.54695,7.5721065,7840231,71225176.0
2019-08-15,600637,7.446324,7.6224195,7.4043965,7.6056485,7859892,70302925.0
2019-08-16,600637,7.6391905,7.7398165,7.597263,7.6559615,9400497,85994608.0
2019-08-19,600637,7.731431,7.966225,7.664347,7.9410685,14197936,132971773.0
2019-08-20,600637,7.9913815,8.184248,7.9746105,8.0584655,14495430,139908554.0
2019-08-21,600637,8.033309,8.117164,7.999767,8.0752365,8234857,79075990.0
2019-08-22,600637,8.0752365,8.100393,7.949454,8.0081525,10419240,99446911.0
2019-08-23,600637,8.0249235,8.05008,7.9242975,7.9746105,7982401,75919600.0
2019-08-26,600637,7.815286,7.899141,7.8069005,7.8572135,7148291,66935428.0
2019-08-27,600637,7.8907555,8.117164,7.88237,8.033309,12376922,118497160.0
2019-08-28,600637,8.016538,8.0416945,7.932683,7.966225,7736276,73555211.0
2019-08-29,600637,7.966225,8.0416945,7.899141,7.999767,7250081,68930422.0
2019-08-30,600637,8.0416945,8.066851,7.8069005,7.832057,11728155,111172595.0
2019-09-02,600637,7.8236715,8.05008,7.8069005,8.016538,11345530,107843927.0
2019-09-03,600637,8.0416945,8.1423205,8.0081525,8.100393,11149649,107240158.0
2019-09-04,600637,8.0584655,8.133935,8.0249235,8.117164,8951805,86238719.0
2019-09-05,600637,8.150706,8.318416,8.117164,8.1423205,15359972,150659427.0
2019-09-06,600637,8.184248,8.284874,8.167477,8.2597175,11386170,111829694.0
2019-09-09,600637,8.3435725,8.4441985,8.234561,8.4106565,18020370,180086094.0
2019-09-10,600637,8.402271,8.469355,8.335187,8.402271,11573975,115919897.0
2019-09-11,600637,8.4274275,8.4945115,8.351958,8.4609695,12947645,130346256.0
2019-09-12,600637,8.469355,8.469355,8.351958,8.419042,11294810,113114304.0
2019-09-16,600637,8.419042,8.452584,8.368729,8.402271,8006083,80175661.0
2019-09-17,600637,8.3771145,8.3771145,8.1255495,8.1423205,11778478,115613843.0
2019-09-18,600637,8.184248,8.234561,8.133935,8.201019,7397710,72175917.0
2019-09-19,600637,8.1758625,8.2094045,8.133935,8.201019,8325556,81155335.0
2019-09-20,600637,8.2261755,8.2261755,8.133935,8.201019,10425083,101727002.0
2019-09-23,600637,8.1758625,8.184248,8.0249235,8.0920075,7204446,69358708.0
2019-09-24,600637,8.0920075,8.150706,8.0584655,8.0752365,6098729,58904728.0
2019-09-25,600637,8.0584655,8.0584655,7.8739845,7.88237,8908175,84253179.0
2019-09-26,600637,7.899141,7.9242975,7.7230455,7.7230455,7916741,73686640.0
2019-09-27,600637,7.7230455,7.8069005,7.71466,7.731431,5520848,51126194.0
2019-09-30,600637,7.7565875,7.798515,7.6391905,7.6727325,8211311,75421654.0
2019-10-08,600637,7.681118,7.7230455,7.630805,7.630805,6346819,58063988.0
2019-10-09,600637,7.6391905,7.6895035,7.597263,7.681118,6182682,56371643.0
2019-10-10,600637,7.6727325,7.731431,7.664347,7.71466,8693794,79809967.0
2019-10-11,600637,7.7230455,7.7733585,7.6727325,7.7565875,8268102,76129463.0
2019-10-14,600637,7.798515,7.8907555,7.7733585,7.848828,8506570,79582997.0
2019-10-15,600637,7.815286,7.848828,7.7565875,7.7565875,7280643,67746564.0
2019-10-16,600637,7.781744,7.8236715,7.748202,7.748202,7878763,73126580.0
2019-10-17,600637,7.748202,7.7733585,7.6895035,7.748202,6692656,61778575.0
2019-10-18,600637,7.748202,7.764973,7.530179,7.5553355,10950765,99580621.0
2019-10-21,600637,7.54695,7.5888775,7.446324,7.513408,10574006,94470993.0
2019-10-22,600637,7.530179,7.563721,7.4714805,7.530179,7603081,68186999.0
2019-10-23,600637,7.54695,7.580492,7.513408,7.5721065,5556126,50075496.0
2019-10-24,600637,7.5721065,7.580492,7.463095,7.54695,6291299,56396361.0
2019-10-25,600637,7.4882515,7.5721065,7.463095,7.5721065,6915301,61992713.0
2019-10-28,600637,7.5721065,7.764973,7.5721065,7.7565875,11987607,110116800.0
2019-10-29,600637,7.731431,7.7733585,7.6559615,7.664347,6375626,58637891.0
2019-10-30,600637,7.647576,7.71466,7.496637,7.5217935,8405746,75768785.0
2019-10-31,600637,7.54695,7.5553355,7.4714805,7.54695,6874655,61486501.0
2019-11-01,600637,7.5050225,7.54695,7.4379385,7.513408,10721504,95876374.0
2019-11-04,600637,7.4882515,7.5553355,7.479866,7.4882515,7300177,65425277.0
2019-11-05,600637,7.496637,7.54695,7.4714805,7.513408,7077434,63358781.0
2019-11-06,600637,7.479866,7.513408,7.4379385,7.463095,6750929,60131775.0
2019-11-07,600637,7.446324,7.5385645,7.429553,7.479866,5377586,48034014.0
2019-11-08,600637,7.5050225,7.5553355,7.4714805,7.4882515,6314534,56509807.0
2019-11-11,600637,7.4882515,7.4882515,7.2702285,7.2869995,9803235,85880276.0
2019-11-12,600637,7.3037705,7.3205415,7.245072,7.3205415,4547883,39513573.0
2019-11-13,600637,7.295385,7.295385,7.2031445,7.2534575,5657387,48831805.0
2019-11-14,600637,7.228301,7.2702285,7.194759,7.21153,4239116,36540201.0
2019-11-15,600637,7.228301,7.2702285,7.194759,7.228301,4998593,43121026.0
2019-11-18,600637,7.228301,7.2869995,7.161217,7.245072,4679418,40391763.0
2019-11-19,600637,7.228301,7.4882515,7.228301,7.463095,10936545,96619204.0
2019-11-20,600637,7.4714805,7.513408,7.4211675,7.4379385,8050301,71698799.0
2019-11-21,600637,7.4043965,7.4379385,7.3540835,7.4043965,5206548,45910612.0
2019-11-22,600637,7.4211675,7.463095,7.3037705,7.362469,5697800,50102270.0
2019-11-25,600637,7.3876255,7.412782,7.3205415,7.412782,4923942,43305712.0
2019-11-26,600637,7.4211675,7.54695,7.396011,7.54695,11545359,102932347.0
2019-11-27,600637,7.479866,7.496637,7.396011,7.429553,5680609,50328095.0
2019-11-28,600637,7.3876255,7.4547095,7.3540835,7.37924,4137302,36465880.0
2019-11-29,600637,7.37924,7.4211675,7.3540835,7.396011,3348159,29489094.0
2019-12-02,600637,7.4043965,7.5050225,7.4043965,7.4043965,6006126,53387074.0
2019-12-03,600637,7.37924,7.429553,7.362469,7.412782,5064546,44652966.0
2019-12-04,600637,7.37924,7.396011,7.3373125,7.362469,3401714,29861973.0
2019-12-05,600637,7.37924,7.412782,7.3373125,7.396011,5483192,48250978.0
2019-12-06,600637,7.396011,7.5217935,7.37924,7.513408,9615558,85486402.0
2019-12-09,600637,7.513408,7.580492,7.4547095,7.54695,7273557,65304409.0
2019-12-10,600637,7.530179,7.6224195,7.463095,7.597263,9413443,84931128.0
2019-12-11,600637,7.5888775,7.6391905,7.54695,7.563721,8318877,75279949.0
2019-12-12,600637,7.580492,7.580492,7.446324,7.446324,8411677,75098971.0
2019-12-13,600637,7.4714805,7.5385645,7.463095,7.530179,9780205,87495274.0
2019-12-16,600637,7.5385645,7.630805,7.530179,7.6224195,9749293,88160275.0
2019-12-17,600637,7.614034,7.832057,7.6056485,7.798515,18844066,174499747.0
2019-12-18,600637,7.7901295,7.9242975,7.781744,7.8572135,17722020,166301253.0
2019-12-19,600637,7.9075265,7.982996,7.848828,7.915912,16504672,155632469.0
2019-12-20,600637,7.9075265,7.932683,7.8069005,7.8404425,12913639,121226616.0
2019-12-23,600637,7.8069005,7.8404425,7.597263,7.614034,12962603,119279211.0
2019-12-24,600637,7.630805,7.681118,7.5888775,7.6727325,8076011,73502262.0
2019-12-25,600637,7.630805,7.7230455,7.5888775,7.6559615,9023379,82273618.0
2019-12-26,600637,7.6391905,7.7230455,7.6224195,7.71466,7965910,72889751.0
2019-12-27,600637,7.7062745,7.815286,7.6559615,7.664347,12609491,116680737.0
2019-12-30,600637,7.6727325,7.798515,7.5888775,7.7901295,13210955,121288121.0
2019-12-31,600637,7.7733585,7.8739845,7.764973,7.848828,12764520,119231098.0
2020-01-02,600637,7.88237,8.4945115,7.88237,8.3938855,46572184,457484928.0
2020-01-03,600637,8.3603435,8.5783665,8.3100305,8.5112825,33507921,338181025.0
2020-01-06,600637,8.4106565,8.55321,8.3938855,8.5112825,27802687,280877292.0
2020-01-07,600637,8.5112825,8.8299315,8.469355,8.821546,35192729,365258847.0
2020-01-08,600637,8.72092,8.754462,8.519668,8.6119085,27984339,288434498.0
2020-01-09,600637,8.6622215,8.821546,8.469355,8.6789925,24089297,249030606.0
2020-01-10,600637,8.670607,8.6957635,8.502897,8.5112825,13507662,137778667.0
2020-01-13,600637,8.502897,8.6622215,8.452584,8.6454505,15667637,160536596.0
2020-01-14,600637,8.653836,8.9640995,8.653836,8.821546,30890872,325430872.0
2020-01-15,600637,8.788004,8.955714,8.7460765,8.8802445,22011592,232508387.0
2020-01-16,600637,8.8634735,8.8802445,8.6789925,8.7628475,13890716,144974055.0
2020-01-17,600637,8.804775,9.55947,8.788004,9.5175425,56326242,622281626.0
2020-01-20,600637,9.72718,10.4734895,9.542699,9.861348,96417189,1149333195.0
2020-01-21,600637,9.6852525,9.743951,9.324676,9.492386,44049557,498525546.0
2020-01-22,600637,9.4504585,9.4504585,8.8467025,9.022798,53507525,577190558.0
2020-01-23,600637,8.8802445,9.2156645,8.8299315,8.905401,34185236,366918225.0
2020-02-03,600637,8.016538,8.284874,8.016538,8.016538,43895223,421908755.0
2020-02-04,600637,8.0920075,8.603523,8.016538,8.452584,46794785,462773287.0
2020-02-05,600637,8.5615955,8.9640995,8.4441985,8.9640995,45008180,466530712.0
2020-02-06,600637,9.006027,9.861348,8.8131605,9.72718,78260129,880944409.0
2020-02-07,600637,10.1045275,10.39802,9.5510845,9.9535885,76006288,903405679.0
2020-02-10,600637,9.9200465,9.928432,9.4001455,9.576241,50321936,578617902.0
2020-02-11,600637,9.6852525,9.7858785,9.2827485,9.358218,41118157,466377904.0
2020-02-12,600637,9.3833745,9.4840005,9.22405,9.442073,32207461,359752923.0
2020-02-13,600637,9.475615,9.475615,9.0814965,9.140195,37926991,417420578.0
2020-02-14,600637,9.106653,9.207279,8.9305575,9.039569,24130641,261417237.0
2020-02-17,600637,9.05634,9.408531,9.022798,9.374989,30882440,339844854.0
2020-02-18,600637,9.3498325,9.811035,9.1988935,9.743951,54173195,614883970.0
2020-02-19,600637,9.6517105,9.693638,9.374989,9.374989,41128588,467476923.0
2020-02-20,600637,9.374989,9.425302,9.1988935,9.39176,30932195,343422481.0
2020-02-21,600637,9.358218,9.660096,9.307905,9.475615,29895679,338949394.0
2020-02-24,600637,9.4169165,9.609783,9.2659775,9.4840005,33226925,372791832.0
2020-02-25,600637,9.291134,9.3498325,8.9473285,9.173737,38283321,418796527.0
2020-02-26,600637,9.4336875,9.693638,9.2827485,9.3162905,55181845,624536247.0
2020-02-27,600637,9.2827485,9.358218,9.0144125,9.0647255,34717139,377458945.0
2020-02-28,600637,8.7963895,8.922172,8.519668,8.519668,31571947,327171270.0
2020-03-02,600637,8.5951375,8.8131605,8.5280535,8.737691,25036030,259436461.0
2020-03-03,600637,9.140195,9.190508,8.804775,8.922172,36181613,390117921.0
2020-03-04,600637,8.855088,9.0144125,8.7628475,8.905401,19405406,205594333.0
2020-03-05,600637,8.989256,9.05634,8.905401,9.0144125,20813581,222754928.0
2020-03-06,600637,8.88863,8.9305575,8.788004,8.821546,17000229,179318939.0
2020-03-09,600637,8.72092,8.8467025,8.4609695,8.4945115,22869546,234487715.0
2020-03-10,600637,8.4777405,8.6789925,8.351958,8.6286795,25468468,259076337.0
2020-03-11,600637,8.6454505,8.704149,8.4945115,8.4945115,17337334,178019712.0
2020-03-12,600637,8.419042,8.4609695,8.318416,8.3771145,17666022,176493958.0
2020-03-13,600637,8.05008,8.402271,7.966225,8.3603435,21198058,206841524.0
2020-03-16,600637,8.368729,8.4777405,8.0584655,8.133935,19678311,194660994.0
2020-03-17,600637,8.100393,8.2597175,7.9578395,8.0920075,20054740,193195250.0
2020-03-18,600637,8.150706,8.234561,7.932683,7.932683,14929452,144214333.0
2020-03-19,600637,7.9242975,8.033309,7.6727325,7.982996,20543741,192628084.0
2020-03-20,600637,8.016538,8.0416945,7.7733585,7.9578395,19864858,187082389.0
2020-03-23,600637,7.71466,7.798515,7.563721,7.6727325,16201966,148337952.0
2020-03-24,600637,7.7398165,7.7901295,7.496637,7.664347,19983945,182280294.0
2020-03-25,600637,7.798515,7.8069005,7.6895035,7.7565875,15559423,143710172.0
2020-03-26,600637,7.71466,7.7565875,7.6559615,7.681118,8683472,79777340.0
2020-03-27,600637,7.7565875,7.798515,7.647576,7.647576,12211275,112660001.0
2020-03-30,600637,7.54695,7.5888775,7.37924,7.479866,12969052,115188325.0
2020-03-31,600637,7.5217935,7.563721,7.295385,7.3373125,20529961,181247248.0
2020-04-01,600637,7.328927,7.412782,7.261843,7.261843,14147714,123580316.0
2020-04-02,600637,7.2366865,7.5050225,7.228301,7.4882515,14773376,129649221.0
2020-04-03,600637,7.429553,7.463095,7.3540835,7.3540835,10438404,92044081.0
2020-04-07,600637,7.4882515,7.597263,7.446324,7.563721,17475122,156921794.0
2020-04-08,600637,7.513408,7.815286,7.513408,7.731431,19744729,180978399.0
2020-04-09,600637,7.798515,7.8739845,7.7398165,7.798515,13203205,122771447.0
2020-04-10,600637,7.815286,7.8236715,7.530179,7.664347,15320297,139524577.0
2020-04-13,600637,7.6056485,7.6056485,7.5217935,7.5721065,7232859,65204223.0
2020-04-14,600637,7.5888775,7.6895035,7.563721,7.6895035,7495860,68190500.0
2020-04-15,600637,7.697889,7.7230455,7.614034,7.6224195,7564657,69252136.0
2020-04-16,600637,7.630805,7.7230455,7.563721,7.697889,9474276,86347365.0
2020-04-17,600637,7.7398165,7.781744,7.647576,7.6559615,8298960,76255149.0
2020-04-20,600637,7.681118,7.7230455,7.6391905,7.6727325,5901505,54026490.0
2020-04-21,600637,7.6559615,7.6895035,7.563721,7.6391905,7269243,66167844.0
2020-04-22,600637,7.614034,7.6559615,7.563721,7.647576,6409883,58193470.0
2020-04-23,600637,7.6559615,7.6895035,7.580492,7.6391905,7456430,67831032.0
2020-04-24,600637,7.6391905,7.6391905,7.446324,7.446324,10464721,93854829.0
2020-04-27,600637,7.5050225,7.5721065,7.4043965,7.412782,7460367,66678837.0
2020-04-28,600637,7.4211675,7.4547095,7.1696025,7.278614,13051698,113328830.0
2020-04-29,600637,7.2702285,7.396011,7.245072,7.3540835,7081918,62172124.0
2020-04-30,600637,7.4043965,7.5888775,7.4043965,7.5553355,10461074,93868141.0
2020-05-06,600637,7.5050225,7.764973,7.4882515,7.7565875,16655283,152321978.0
2020-05-07,600637,7.7565875,7.7733585,7.6056485,7.6391905,11221700,102614469.0
2020-05-08,600637,7.6727325,7.748202,7.6559615,7.7062745,9234622,84756803.0
2020-05-11,600637,7.71466,7.815286,7.6895035,7.7230455,10599589,97921103.0
2020-05-12,600637,7.697889,7.7230455,7.5888775,7.6559615,7201469,65727840.0
2020-05-13,600637,7.597263,7.6559615,7.5888775,7.6224195,7000104,63598371.0
2020-05-14,600637,7.6056485,7.664347,7.5888775,7.597263,7398467,67251537.0
2020-05-15,600637,7.630805,7.748202,7.597263,7.6559615,9647280,88327898.0
2020-05-18,600637,7.681118,7.731431,7.580492,7.614034,9430982,85990473.0
2020-05-19,600637,7.6727325,7.764973,7.630805,7.697889,12801736,117559778.0
2020-05-20,600637,7.681118,7.681118,7.563721,7.614034,11386978,103450101.0
2020-05-21,600637,7.71466,7.9578395,7.6895035,7.7565875,28396230,264999535.0
2020-05-22,600637,7.7565875,7.7565875,7.513408,7.5553355,18027318,163676703.0
2020-05-25,600637,7.463095,7.54695,7.429553,7.479866,7707778,68789864.0
2020-05-26,600637,7.479866,7.597263,7.479866,7.5721065,10786773,97243599.0
2020-05-27,600637,7.5888775,7.5888775,7.3876255,7.4379385,15181744,134861957.0
2020-05-28,600637,7.5050225,7.865599,7.4882515,7.6895035,27596256,253265295.0
2020-05-29,600637,8.0081525,8.402271,7.915912,8.3855,69459608,677735056.0
2020-06-01,600637,8.4777405,8.536439,8.234561,8.3938855,50280620,501131149.0
2020-06-02,600637,8.5112825,8.754462,8.3855,8.4441985,45136498,459694289.0
2020-06-03,600637,8.469355,8.519668,8.3100305,8.4274275,27833510,279620147.0
2020-06-04,600637,8.3855,8.3855,8.1087785,8.184248,30694444,300816143.0
2020-06-05,600637,8.2261755,8.536439,8.184248,8.3100305,27092150,269988150.0
2020-06-08,600637,8.351958,8.3855,8.184248,8.21779,18382035,181105139.0
2020-06-09,600637,8.2094045,8.251332,8.0920075,8.1758625,15097803,146925197.0
2020-06-10,600637,8.184248,8.234561,8.1087785,8.184248,10608700,103282164.0
2020-06-11,600637,8.2261755,8.3435725,8.1590915,8.201019,19009918,187459410.0
2020-06-12,600637,7.982996,8.133935,7.966225,8.100393,16967489,163279678.0
2020-06-15,600637,8.05008,8.3268015,8.0416945,8.184248,19617135,192307767.0
2020-06-16,600637,8.251332,8.335187,8.201019,8.251332,14725558,145027280.0
2020-06-17,600637,8.301645,8.301645,8.1758625,8.234561,12525115,122778970.0
2020-06-18,600637,8.201019,8.3435725,8.1926335,8.318416,18386087,181170658.0
2020-06-19,600637,8.284874,8.486126,8.268103,8.3435725,22364817,223771204.0
2020-06-22,600637,8.368729,8.419042,8.234561,8.2597175,16450509,163001847.0
2020-06-23,600637,8.2261755,8.268103,8.1423205,8.21779,12237084,119787799.0
2020-06-24,600637,8.2261755,8.234561,8.1087785,8.1255495,10656485,103609779.0
2020-06-29,600637,8.0752365,8.1087785,7.9913815,8.016538,10990164,105470328.0
2020-06-30,600637,8.066851,8.1590915,8.033309,8.0920075,9553126,92130937.0
2020-07-01,600637,8.133935,8.133935,7.9913815,8.0920075,12240812,117508266.0
2020-07-02,600637,8.0752365,8.318416,8.0752365,8.301645,20799978,204001533.0
2020-07-03,600637,8.3435725,8.502897,8.3100305,8.402271,26272842,262800248.0
2020-07-06,600637,8.452584,8.955714,8.4441985,8.821546,48983925,510277685.0
2020-07-07,600637,8.8970155,9.0311835,8.771233,8.804775,40134042,426767812.0
2020-07-08,600637,8.804775,8.9473285,8.737691,8.905401,29221941,308353356.0
2020-07-09,600637,9.073111,9.1318095,8.7963895,8.9305575,56479132,603573587.0
2020-07-10,600637,8.8970155,9.2659775,8.8467025,9.0814965,54810884,594406619.0
2020-07-13,600637,9.05634,9.307905,8.938943,9.22405,40941118,446436573.0
2020-07-14,600637,9.1988935,9.291134,8.9305575,9.05634,39844728,431961906.0
2020-07-15,600637,9.1485805,9.2324355,8.855088,8.88863,31038965,333607679.0
2020-07-16,600637,8.8634735,8.9473285,8.536439,8.536439,31370059,326942621.0
2020-07-17,600637,8.4945115,8.603523,8.402271,8.4777405,23654334,239634884.0
2020-07-20,600637,8.4945115,8.7460765,8.4945115,8.72092,22035730,226793901.0
2020-07-21,600637,8.737691,8.855088,8.6789925,8.7125345,18029253,188056795.91
2020-07-22,600637,8.687378,8.821546,8.637065,8.72092,19885030,207078400.5
2020-07-23,600637,8.687378,8.72092,8.452584,8.603523,24362003,249063079.6
2020-07-24,600637,8.586752,8.6789925,8.3100305,8.368729,23300263,235550648.2
2020-07-27,600637,8.402271,8.4274275,8.234561,8.301645,15834880,156996821.89
2020-07-28,600637,8.3268015,8.4106565,8.201019,8.251332,16755718,165623357.25
2020-07-29,600637,8.251332,8.4274275,8.2094045,8.3938855,18035677,179683800.81
2020-07-30,600637,8.3938855,8.452584,8.3603435,8.368729,15362723,153921646.97
2020-07-31,600637,8.351958,8.5112825,8.351958,8.502897,22399712,225461846.15
2020-08-03,600637,8.6286795,8.922172,8.620294,8.905401,32493249,341419088.7
2020-08-04,600637,8.905401,8.9640995,8.7963895,8.8634735,22900121,242719210.95
2020-08-05,600637,8.8634735,8.9137865,8.6454505,8.788004,22646035,236632378.09
2020-08-06,600637,8.7796185,8.788004,8.6622215,8.771233,17164026,178698158.98
2020-08-07,600637,8.7798438,8.83148994,8.55604386,8.72819766,23423994,236198991.22
2020-08-10,600637,8.82288225,9.22744368,8.82288225,9.08972064,44362456,467998575.74
2020-08-11,600637,9.0380745,9.08111295,8.72819766,8.80566687,31272172,323166703.59
2020-08-12,600637,8.74541304,8.80566687,8.59047462,8.7798438,19232610,194237538.38
2020-08-13,600637,8.7798438,8.82288225,8.68515921,8.70237459,12548833,127657739.43
2020-08-14,600637,8.66794383,8.7798438,8.60769,8.7798438,11711288,118355845.07
2020-08-17,600637,8.7798438,8.96060529,8.76262842,8.91756684,18888220,195042213.47
2020-08-18,600637,8.92617453,8.93478222,8.82288225,8.8659207,17086542,176002747.88
2020-08-19,600637,8.88313608,8.89174377,8.73680535,8.74541304,13573687,138532290.29
2020-08-20,600637,8.6937669,8.88313608,8.63351307,8.7798438,17405415,177573371.05
2020-08-21,600637,8.81427456,9.04668219,8.79705918,8.91756684,28220365,292707657.77
2020-08-24,600637,8.93478222,8.97782067,8.84009763,8.90035146,16212985,167728612.06
2020-08-25,600637,8.92617453,8.98642836,8.75402073,8.79705918,14775338,152185830.81
2020-08-26,600637,8.90895915,9.17579754,8.88313608,8.94338991,39972301,418593605.58
2020-08-27,600637,9.33934365,9.79555122,9.23605137,9.27048213,101622089,1116736513.47
2020-08-28,600637,9.27048213,9.49428207,9.1241514,9.25326675,58097148,628145062.48
2020-08-31,600637,9.2963052,9.43402824,9.15858216,9.17579754,41306430,446341220.9
2020-09-01,600637,9.22744368,9.25326675,9.04668219,9.13275909,25295086,267761326.74
2020-09-02,600637,9.08111295,9.25326675,9.08111295,9.19301292,23436395,249657362.76
2020-09-03,600637,9.19301292,9.32212827,9.08972064,9.11554371,21325169,227551608.27
2020-09-04,600637,9.07250526,9.17579754,9.01225143,9.14997447,21172260,224211702.54
2020-09-07,600637,9.11554371,9.22744368,8.96060529,8.97782067,22475045,237691859.52
2020-09-08,600637,8.97782067,9.05528988,8.90895915,8.99503605,18526296,193061943.42
2020-09-09,600637,8.94338991,8.98642836,8.7798438,8.78845149,21457447,221084241.84
2020-09-10,600637,8.82288225,8.85731301,8.48718234,8.5216131,29726538,298787379.27
2020-09-11,600637,8.49579003,8.58186693,8.45275158,8.54743617,13504052,133572711.03
2020-09-14,600637,8.58186693,8.62490538,8.5216131,8.56465155,11257220,112114332.25
2020-09-15,600637,8.59908231,8.61629769,8.51300541,8.59047462,10122759,100802729.38
2020-09-16,600637,8.58186693,8.68515921,8.5216131,8.60769,13604956,136109110.84
2020-09-17,600637,8.62490538,8.68515921,8.57325924,8.63351307,10781204,107899375.58
2020-09-18,600637,8.64212076,8.7798438,8.59908231,8.77123611,13909463,140599937.22
2020-09-21,600637,8.7798438,8.79705918,8.6937669,8.70237459,10582476,107415511.38
2020-09-22,600637,8.65072845,8.6937669,8.5216131,8.54743617,11529997,115286857.61
2020-09-23,600637,8.60769,8.61629769,8.53022079,8.58186693,6788267,67580418.95
2020-09-24,600637,8.53882848,8.60769,8.41832082,8.4355362,11550852,113896956.49
2020-09-25,600637,8.46135927,8.50439772,8.39249775,8.42692851,6051833,59276280.24
2020-09-28,600637,8.46996696,8.49579003,8.38389006,8.40971313,7679773,75236725.91
2020-09-29,600637,8.44414389,8.48718234,8.40110544,8.4355362,6397901,62775584.78
2020-09-30,600637,8.4355362,8.46996696,8.28059778,8.34085161,8971051,87196644.26
2020-10-09,600637,8.41832082,8.53022079,8.38389006,8.48718234,10769313,106206711.73
2020-10-12,600637,8.53882848,8.66794383,8.49579003,8.64212076,15590376,155784464.61
2020-10-13,600637,8.65072845,8.65933614,8.55604386,8.60769,8397867,83837939.75
2020-10-14,600637,8.59047462,8.59047462,8.50439772,8.53882848,7823100,77662317.39
2020-10-15,600637,8.55604386,8.57325924,8.45275158,8.45275158,9057662,89439047.65
2020-10-16,600637,8.46135927,8.48718234,8.37528237,8.40110544,7946077,77722858.62
2020-10-19,600637,8.4355362,8.5216131,8.33224392,8.3494593,8709666,85164062.17
2020-10-20,600637,8.35806699,8.45275158,8.34085161,8.41832082,7632543,74367704.62
2020-10-21,600637,8.41832082,8.46135927,8.28920547,8.36667468,8418514,81908467.33
2020-10-22,600637,8.38389006,8.46135927,8.33224392,8.41832082,8679080,84705620.19
2020-10-23,600637,8.40971313,8.46996696,8.33224392,8.33224392,8346062,81453855.62
2020-10-26,600637,8.33224392,8.34085161,8.22895164,8.27199009,7514526,72136938.18
2020-10-27,600637,8.25477471,8.27199009,8.16009012,8.21173626,7418923,70774955.63
2020-10-28,600637,8.22034395,8.22034395,8.03958246,8.1773055,8146255,76865253.57
2020-10-29,600637,8.09983629,8.16869781,8.04819015,8.0912286,7954747,74891521.0
2020-10-30,600637,8.16869781,8.18591319,7.89325173,7.90185942,11211050,104509409.67
2020-11-02,600637,7.90185942,7.97072094,7.85882097,7.93629018,9409161,86507849.45
2020-11-03,600637,7.96211325,8.08262091,7.93629018,8.04819015,6469465,60352163.17
2020-11-04,600637,8.04819015,8.07401322,7.9190748,7.93629018,8430066,77980678.8
2020-11-05,600637,7.98793632,8.0912286,7.96211325,8.07401322,8408692,78426248.16
2020-11-06,600637,8.04819015,8.0912286,7.97072094,8.04819015,7087766,66155733.7
2020-11-09,600637,8.04819015,8.19452088,8.04819015,8.16009012,11599155,109831669.68
2020-11-10,600637,8.1773055,8.19452088,8.05679784,8.09983629,11004964,103849756.23
2020-11-11,600637,8.08262091,8.13426705,8.02236708,8.03958246,7296578,68351883.34
2020-11-12,600637,8.03958246,8.10844398,8.02236708,8.04819015,6612685,61919318.14
2020-11-13,600637,8.03958246,8.04819015,7.95350556,8.03097477,7090267,65854084.43
2020-11-16,600637,8.03097477,8.10844398,8.02236708,8.0912286,6685423,62778788.62
2020-11-17,600637,8.08262091,8.09983629,8.03958246,8.0912286,6869146,64393241.98
2020-11-18,600637,8.07401322,8.20312857,8.04819015,8.14287474,11383816,107680995.9
2020-11-19,600637,8.13426705,8.1773055,8.10844398,8.1773055,7247235,68579434.37
2020-11-20,600637,8.16009012,8.18591319,8.12565936,8.16869781,5674924,53765035.45
2020-11-23,600637,8.13426705,8.21173626,8.07401322,8.16869781,10572768,100143773.43
2020-11-24,600637,8.16869781,8.23755933,8.12565936,8.18591319,7419400,70562294.93
2020-11-25,600637,8.18591319,8.22895164,8.08262091,8.0912286,9932954,94257456.32
2020-11-26,600637,8.09983629,8.19452088,8.05679784,8.16009012,9512162,89857296.24
2020-11-27,600637,8.15148243,8.23755933,8.13426705,8.1773055,10027671,95288208.82
2020-11-30,600637,8.1773055,8.28920547,8.16009012,8.18591319,17019099,162809169.85
2020-12-01,600637,8.22034395,8.29781316,8.1773055,8.27199009,12654524,121250583.62
2020-12-02,600637,8.27199009,8.30642085,8.22895164,8.28059778,11666490,112096210.44
2020-12-03,600637,8.28920547,8.39249775,8.24616702,8.39249775,15382967,149029577.67
2020-12-04,600637,8.39249775,8.41832082,8.25477471,8.29781316,12161964,117368962.12
2020-12-07,600637,8.27199009,8.28920547,8.1773055,8.20312857,9924419,94780791.11
2020-12-08,600637,8.22895164,8.25477471,8.07401322,8.08262091,11234266,106433745.06
2020-12-09,600637,8.08262091,8.10844398,7.91046711,7.9190748,12693826,118174014.73
2020-12-10,600637,7.9190748,7.97932863,7.89325173,7.92768249,7223748,66556996.55
2020-12-11,600637,7.92768249,7.94489787,7.72970562,7.73831331,15410756,139366723.12
2020-12-14,600637,7.77274407,7.81578252,7.69527486,7.76413638,7074624,63763477.23
2020-12-15,600637,7.746921,7.82439021,7.72970562,7.79856714,5718669,51740584.87
2020-12-16,600637,7.80717483,7.82439021,7.71249024,7.72970562,5708152,51375598.9
2020-12-17,600637,7.746921,7.80717483,7.62641334,7.79856714,8175138,73332960.16
2020-12-18,600637,7.78135176,7.82439021,7.75552869,7.78135176,5255087,47564102.29
2020-12-21,600637,7.78135176,7.85882097,7.73831331,7.82439021,6038079,54770843.34
2020-12-22,600637,7.81578252,7.81578252,7.65223641,7.6608441,8574467,77020391.44
2020-12-23,600637,7.66945179,7.75552869,7.66945179,7.72109793,6515688,58425577.65
2020-12-24,600637,7.73831331,7.73831331,7.51451337,7.52312106,11860232,104497229.42
2020-12-25,600637,7.53172875,7.61780565,7.49729799,7.58337489,5278646,46422424.67
2020-12-28,600637,7.60919796,7.61780565,7.51451337,7.53172875,5962841,52256552.85
2020-12-29,600637,7.53172875,7.64362872,7.4886903,7.5747672,5955827,52501410.7
2020-12-30,600637,7.61780565,7.61780565,7.54033644,7.60059027,6076136,53529913.89
2020-12-31,600637,7.60059027,7.746921,7.58337489,7.69527486,7440888,66414557.95
2021-01-04,600637,7.70388255,7.79856714,7.67805948,7.76413638,8738779,78756987.92
2021-01-05,600637,7.78135176,7.78135176,7.69527486,7.75552869,7672179,68945475.94
2021-01-06,600637,7.78135176,7.78135176,7.67805948,7.69527486,7087367,63551915.06
2021-01-07,600637,7.73831331,7.746921,7.53172875,7.60059027,11870690,104928979.53
2021-01-08,600637,7.5747672,7.87603635,7.49729799,7.8329979,17746674,160434186.31
2021-01-11,600637,7.80717483,7.91046711,7.70388255,7.73831331,12336512,111586188.36
2021-01-12,600637,7.71249024,7.79856714,7.67805948,7.77274407,8381307,75305183.48
2021-01-13,600637,7.746921,7.79856714,7.62641334,7.78995945,11817389,105915007.89
2021-01-14,600637,7.75552869,7.98793632,7.72109793,7.9190748,17955018,164205945.45
2021-01-15,600637,7.85882097,7.94489787,7.81578252,7.85882097,9629241,88015831.8
2021-01-18,600637,7.85021328,7.92768249,7.79856714,7.81578252,8527710,77899667.53
2021-01-19,600637,7.82439021,7.88464404,7.75552869,7.85021328,7250895,65921405.87
2021-01-20,600637,7.82439021,7.85882097,7.73831331,7.79856714,8784966,79440390.26
2021-01-21,600637,7.78995945,7.85021328,7.746921,7.80717483,8867874,80380734.27
2021-01-22,600637,7.79856714,7.79856714,7.62641334,7.6608441,11025368,98454984.54
2021-01-25,600637,7.62641334,7.68666717,7.54033644,7.5747672,9489474,83660045.87
2021-01-26,600637,7.58337489,7.60919796,7.54033644,7.55755182,5781090,50807746.95
2021-01-27,600637,7.55755182,7.70388255,7.54894413,7.61780565,7485008,66420634.17
2021-01-28,600637,7.58337489,7.77274407,7.5747672,7.68666717,12243594,109569958.58
2021-01-29,600637,7.61780565,7.71249024,7.49729799,7.50590568,11589059,102141523.98
2021-02-01,600637,7.50590568,7.56615951,7.41122109,7.44565185,8720089,75695117.1
2021-02-02,600637,7.45425954,7.50590568,7.38539802,7.45425954,6391594,55316135.41
2021-02-03,600637,7.42843647,7.45425954,7.33375188,7.34235957,8306688,71110381.82
2021-02-04,600637,7.33375188,7.33375188,7.07552118,7.16159808,13404354,111634635.19
2021-02-05,600637,7.17881346,7.22185191,7.11855963,7.12716732,5658812,47050188.63
2021-02-08,600637,7.12716732,7.24767498,7.07552118,7.16159808,6056293,50458929.91
2021-02-09,600637,7.19602884,7.24767498,7.12716732,7.2304596,6356964,53155987.15
2021-02-10,600637,7.23906729,7.27349805,7.18742115,7.25628267,6212380,52197775.37
2021-02-18,600637,7.34235957,7.43704416,7.33375188,7.38539802,8841796,75908879.16
2021-02-19,600637,7.39400571,7.60919796,7.33375188,7.59198258,11641012,101515271.94
2021-02-22,600637,7.60059027,7.72970562,7.5747672,7.5747672,15211000,135234965.76
2021-02-23,600637,7.5747672,7.64362872,7.50590568,7.51451337,7918535,69353425.17
2021-02-24,600637,7.53172875,7.63502103,7.4886903,7.51451337,10348574,91052060.82
2021-02-25,600637,7.55755182,7.60919796,7.47147492,7.49729799,11118766,97117685.94
2021-02-26,600637,7.45425954,7.51451337,7.39400571,7.42843647,10335126,89457230.92
2021-03-01,600637,7.746921,7.9190748,7.71249024,7.78995945,30474857,277074669.16
2021-03-02,600637,7.77274407,7.8329979,7.72109793,7.75552869,13818828,124697741.26
2021-03-03,600637,7.75552869,7.92768249,7.746921,7.90185942,17251545,157781250.58
2021-03-04,600637,7.8329979,7.93629018,7.82439021,7.88464404,12087737,110773970.6
2021-03-05,600637,7.86742866,7.97072094,7.85882097,7.90185942,11837834,108891275.47
2021-03-08,600637,7.97072094,8.11705167,7.95350556,7.95350556,14231343,132668051.51
2021-03-09,600637,7.96211325,8.03097477,7.79856714,7.87603635,14674479,135000078.42
2021-03-10,600637,7.87603635,7.96211325,7.78135176,7.78995945,10666560,97317520.86
2021-03-11,600637,7.79856714,8.04819015,7.75552869,7.96211325,17025351,155929280.77
2021-03-12,600637,8.0051517,8.0912286,7.92768249,8.05679784,16256174,151732573.15
2021-03-15,600637,8.09983629,8.19452088,8.02236708,8.16009012,18477296,174767692.3
2021-03-16,600637,8.21173626,8.2633824,8.14287474,8.24616702,12837919,122497215.28
2021-03-17,600637,8.23755933,8.29781316,8.20312857,8.23755933,11495730,110194377.61
2021-03-18,600637,8.28059778,8.29781316,8.20312857,8.25477471,12026558,115185531.22
2021-03-19,600637,8.22034395,8.28059778,8.11705167,8.1773055,14133378,134479567.2
2021-03-22,600637,8.16869781,8.37528237,8.15148243,8.33224392,13797347,132942599.01
2021-03-23,600637,8.3494593,8.36667468,8.24616702,8.32363623,10879028,104921360.72
2021-03-24,600637,8.28059778,8.41832082,8.28059778,8.33224392,10942548,106311048.07
2021-03-25,600637,8.34085161,8.37528237,8.27199009,8.28920547,8218613,79484630.67
2021-03-26,600637,8.29781316,8.33224392,8.21173626,8.2633824,9604849,92197438.52
2021-03-29,600637,8.2633824,8.28920547,8.16869781,8.22895164,9524837,90857403.57
2021-03-30,600637,8.18591319,8.20312857,8.14287474,8.18591319,7511649,71290983.55
2021-03-31,600637,8.18591319,8.28920547,8.13426705,8.27199009,8380855,80012628.87
2021-04-01,600637,8.27199009,8.30642085,8.13426705,8.2633824,13356616,127356025.46
2021-04-02,600637,8.27199009,8.31502854,8.22034395,8.24616702,9443389,90771817.31
2021-04-06,600637,8.25477471,8.27199009,8.16009012,8.16009012,8259363,78689791.45
2021-04-07,600637,8.16009012,8.16869781,8.08262091,8.10844398,9360292,88204426.78
2021-04-08,600637,8.08262091,8.0912286,8.02236708,8.04819015,8144092,76179328.62
2021-04-09,600637,8.03097477,8.11705167,8.01375939,8.08262091,6089801,57017374.51
2021-04-12,600637,8.06540553,8.12565936,8.03958246,8.06540553,6233826,58504004.39
2021-04-13,600637,8.04819015,8.0912286,7.94489787,7.98793632,7420756,69167009.01
2021-04-14,600637,7.96211325,8.0912286,7.96211325,8.07401322,5544948,51808681.51
2021-04-15,600637,8.07401322,8.0912286,7.96211325,7.99654401,4646361,43307669.87
2021-04-16,600637,8.0051517,8.16009012,7.99654401,8.14287474,8432657,79453980.7
2021-04-19,600637,8.16009012,8.22034395,8.13426705,8.16869781,7033748,66861971.14
2021-04-20,600637,8.21173626,8.25477471,8.11705167,8.12565936,8641281,82200341.06
2021-04-21,600637,8.10844398,8.12565936,8.0051517,8.01375939,5542570,51853866.38
2021-04-22,600637,8.01375939,8.04819015,7.94489787,7.96211325,5374580,49879451.15
2021-04-23,600637,7.95350556,7.97072094,7.79856714,7.81578252,9189802,84015940.59
2021-04-26,600637,7.80717483,7.86742866,7.77274407,7.77274407,5664813,51453320.03
2021-04-27,600637,7.76413638,7.78995945,7.68666717,7.68666717,5813301,52160938.6
2021-04-28,600637,7.67805948,7.73831331,7.65223641,7.70388255,6115669,54736390.23
2021-04-29,600637,7.70388255,7.81578252,7.70388255,7.78135176,5837750,52727724.15
2021-04-30,600637,7.72109793,7.75552869,7.54894413,7.5747672,12229898,108283344.97
2021-05-06,600637,7.59198258,7.75552869,7.59198258,7.62641334,7351500,65540249.0
2021-05-07,600637,7.65223641,7.67805948,7.58337489,7.63502103,7922948,70227059.68
2021-05-10,600637,7.65223641,7.67805948,7.52312106,7.66945179,10833905,95583618.22
2021-05-11,600637,7.62641334,7.72970562,7.62641334,7.67805948,5643856,50414293.27
2021-05-12,600637,7.67805948,7.75552869,7.6608441,7.746921,6226218,55788034.83
2021-05-13,600637,7.68666717,7.75552869,7.6608441,7.67805948,5047949,45120363.35
2021-05-14,600637,7.66945179,7.77274407,7.6608441,7.76413638,6946993,62467709.16
2021-05-17,600637,7.76413638,7.80717483,7.72109793,7.746921,6989577,63023649.51
2021-05-18,600637,7.72970562,7.85021328,7.72970562,7.78995945,7942357,71944604.54
2021-05-19,600637,7.78995945,7.89325173,7.71249024,7.84160559,11310171,102569582.34
2021-05-20,600637,7.79856714,7.82439021,7.69527486,7.70388255,8810596,79214491.33
2021-05-21,600637,7.69527486,7.77274407,7.61780565,7.61780565,7513262,67045327.29
2021-05-24,600637,7.63502103,7.68666717,7.60919796,7.63502103,5296956,46974270.27
2021-05-25,600637,7.65223641,7.72970562,7.60919796,7.71249024,7473563,66661036.58
2021-05-26,600637,7.71249024,7.76413638,7.69527486,7.72109793,6719295,60260055.63
2021-05-27,600637,7.71249024,7.8329979,7.70388255,7.82439021,11031195,99880135.36
2021-05-28,600637,7.80717483,7.82439021,7.72109793,7.72970562,8040376,72423269.84
2021-05-31,600637,7.72109793,7.76413638,7.66945179,7.68666717,5801826,51896607.88
2021-06-01,600637,7.68666717,7.72970562,7.64362872,7.6608441,6960466,62061842.55
2021-06-02,600637,7.65223641,7.68666717,7.53172875,7.54894413,13360748,117713025.2
2021-06-03,600637,7.54894413,7.89325173,7.54033644,7.72109793,26709278,240569315.01
2021-06-04,600637,7.70388255,7.77274407,7.5747672,7.59198258,15688580,139617838.22
2021-06-07,600637,7.60059027,7.66945179,7.5747672,7.58337489,8698983,76767455.91
2021-06-08,600637,7.64362872,7.77274407,7.5747672,7.746921,20657677,185037263.6
2021-06-09,600637,7.75552869,7.76413638,7.65223641,7.68666717,16446163,147095238.82
2021-06-10,600637,7.6608441,7.746921,7.64362872,7.65223641,18991185,169601986.17
2021-06-11,600637,7.67805948,7.70388255,7.2304596,7.2304596,61184061,528295301.62
2021-06-15,600637,7.29071343,7.32514419,7.18742115,7.21324422,18220609,153315389.04
2021-06-16,600637,7.21324422,7.28210574,7.17020577,7.21324422,11481079,96285178.48
2021-06-17,600637,7.20463653,7.26489036,7.19602884,7.2304596,7300976,61277439.65
2021-06-18,600637,7.2304596,7.25628267,7.21324422,7.21324422,8234573,69218508.28
2021-06-21,600637,7.21324422,7.22185191,7.17881346,7.19602884,5791464,48441513.77
2021-06-22,600637,7.2304596,7.30792881,7.21324422,7.28210574,7881911,66552681.69
2021-06-23,600637,7.27349805,7.29932112,7.24767498,7.29071343,6866078,58003402.02
2021-06-24,600637,7.29932112,7.33375188,7.27349805,7.3165365,6925642,58723307.57
2021-06-25,600637,7.29932112,7.35096726,7.25628267,7.33375188,8958573,76091483.13
2021-06-28,600637,7.38708309,7.38708309,7.29818919,7.32485736,7990730,66039760.11
2021-06-29,600637,7.31596797,7.33374675,7.28041041,7.2892998,5096189,41844010.43
2021-06-30,600637,7.2892998,7.32485736,7.23596346,7.28041041,6171386,50542940.54
2021-07-01,600637,7.29818919,7.36930431,7.26263163,7.31596797,7881853,64871989.8
2021-07-02,600637,7.31596797,7.32485736,7.26263163,7.2892998,5120987,41981318.12
2021-07-05,600637,7.29818919,7.33374675,7.26263163,7.2892998,5523907,45292769.4
2021-07-06,600637,7.32485736,7.34263614,7.24485285,7.32485736,7323311,60134830.29
2021-07-07,600637,7.29818919,7.36930431,7.28041041,7.34263614,6479576,53399874.03
2021-07-08,600637,7.35152553,7.36041492,7.24485285,7.25374224,8217614,67299824.02
2021-07-09,600637,7.23596346,7.30707858,7.22707407,7.27152102,4814567,39365607.78
2021-07-12,600637,7.30707858,7.33374675,7.25374224,7.27152102,6619811,54219207.67
2021-07-13,600637,7.26263163,7.32485736,7.22707407,7.30707858,12723370,104111675.69
2021-07-14,600637,7.29818919,7.31596797,7.22707407,7.22707407,7915100,64580969.8
2021-07-15,600637,7.22707407,7.24485285,7.15595895,7.19151651,8467677,68429107.6
2021-07-16,600637,7.23596346,7.2892998,7.2004059,7.24485285,9331350,76048170.41
2021-07-19,600637,7.21818468,7.22707407,7.12040139,7.15595895,9618416,77318879.81
2021-07-20,600637,7.14706956,7.16484834,7.10262261,7.13818017,6644905,53261999.7
2021-07-21,600637,7.13818017,7.16484834,7.10262261,7.12040139,7085400,56822732.59
2021-07-22,600637,7.12040139,7.15595895,7.09373322,7.13818017,7911726,63385536.76
2021-07-23,600637,7.13818017,7.13818017,7.09373322,7.12040139,8525248,68252248.34
2021-07-26,600637,7.12040139,7.18262712,6.9337242,6.96928176,11659495,92313563.07
2021-07-27,600637,6.96928176,7.0226181,6.9337242,6.98706054,9433485,73991696.62
2021-07-28,600637,6.96928176,7.14706956,6.96039237,7.03150749,12257469,97548131.55
2021-07-29,600637,7.07595444,7.08484383,6.89816664,6.91594542,9704936,76083224.62
2021-07-30,600637,6.91594542,6.96039237,6.80927274,6.95150298,8958512,69377327.84
2021-08-02,600637,6.90705603,6.97817115,6.85371969,6.95150298,8636030,67262287.46
2021-08-03,600637,6.92483481,6.98706054,6.90705603,6.96928176,8793750,68729595.16
2021-08-04,600637,6.97817115,6.99594993,6.91594542,6.9337242,7209550,56270703.2
2021-08-05,600637,6.9337242,6.95150298,6.82705152,6.8448303,9175834,71043551.78
2021-08-06,600637,6.8448303,6.86260908,6.73815762,6.79149396,9678121,73825396.02
2021-08-09,600637,6.79149396,6.83594091,6.76482579,6.81816213,7090809,54322754.43
2021-08-10,600637,6.81816213,6.85371969,6.78260457,6.83594091,7253714,55606306.77
2021-08-11,600637,6.87149847,6.92483481,6.85371969,6.90705603,11292528,87642819.31
2021-08-12,600637,6.92483481,6.92483481,6.86260908,6.87149847,6588559,51010034.69
2021-08-13,600637,6.86260908,6.87149847,6.82705152,6.85371969,5991747,46124068.81
2021-08-16,600637,6.89816664,6.95150298,6.83594091,6.9337242,8482020,65939130.86
2021-08-17,600637,6.91594542,6.95150298,6.8448303,6.85371969,6393057,49596853.51
2021-08-18,600637,6.86260908,6.89816664,6.8448303,6.88927725,4782047,36976299.05
2021-08-19,600637,6.87149847,6.94261359,6.87149847,6.89816664,5416622,42040561.0
2021-08-20,600637,6.88038786,6.89816664,6.80927274,6.8448303,6874297,52869157.72
2021-08-23,600637,6.8448303,6.87149847,6.80927274,6.85371969,5296304,40850580.95
2021-08-24,600637,6.85371969,6.88038786,6.81816213,6.87149847,6517732,50279320.12
2021-08-25,600637,6.85371969,6.95150298,6.8448303,6.94261359,8571294,66592832.49
2021-08-26,600637,6.96039237,7.10262261,6.89816664,7.04039688,16293536,128583551.35
2021-08-27,600637,7.04928627,7.05817566,6.95150298,7.00483932,7341555,57873417.61
2021-08-30,600637,7.0226181,7.07595444,6.96039237,6.96928176,7718922,60828508.99
2021-08-31,600637,6.9337242,7.07595444,6.92483481,7.0226181,9838384,77400872.38
2021-09-01,600637,7.06706505,7.16484834,7.04039688,7.111512,12274873,98317871.12
2021-09-02,600637,7.10262261,7.12929078,7.05817566,7.09373322,9743099,77664023.0
2021-09-03,600637,7.18262712,7.18262712,7.07595444,7.10262261,11588104,92758728.94
2021-09-06,600637,7.10262261,7.14706956,7.08484383,7.12040139,9154218,73309757.67
2021-09-07,600637,7.12040139,7.16484834,7.09373322,7.15595895,12448891,99822017.95
2021-09-08,600637,7.15595895,7.34263614,7.14706956,7.34263614,23238422,190116281.62
2021-09-09,600637,7.35152553,7.49375577,7.24485285,7.42264065,27306042,227054326.59
2021-09-10,600637,7.42264065,7.4670876,7.36041492,7.3781937,14044419,117028273.4
2021-09-13,600637,7.36041492,7.43153004,7.34263614,7.40486187,9888245,82169062.54
2021-09-14,600637,7.41375126,7.44041943,7.25374224,7.25374224,11368194,93806399.32
2021-09-15,600637,7.25374224,7.30707858,7.24485285,7.25374224,6742319,55137297.93
2021-09-16,600637,7.27152102,7.36041492,7.12040139,7.12040139,15412486,125528053.95
2021-09-17,600637,7.16484834,7.17373773,7.04039688,7.111512,12962020,103290905.75
2021-09-22,600637,7.04928627,7.16484834,7.03150749,7.12929078,11517388,91857170.4
2021-09-23,600637,7.13818017,7.22707407,7.13818017,7.22707407,11180687,90584463.5
2021-09-24,600637,7.23596346,7.25374224,7.13818017,7.17373773,9418161,76165439.23
2021-09-27,600637,7.16484834,7.17373773,6.99594993,7.03150749,12223440,97230102.14
2021-09-28,600637,7.04039688,7.06706505,6.98706054,7.0226181,6046730,47714334.24
2021-09-29,600637,6.98706054,7.0226181,6.92483481,6.98706054,9556668,74814045.91
2021-09-30,600637,6.97817115,7.03150749,6.95150298,6.97817115,6771971,53164705.26
2021-10-08,600637,7.0226181,7.04928627,7.01372871,7.04039688,7686518,60796989.73
2021-10-11,600637,7.08484383,7.15595895,7.08484383,7.12040139,9193349,73616491.64
2021-10-12,600637,7.12929078,7.12929078,7.05817566,7.09373322,6442159,51328117.24
2021-10-13,600637,7.10262261,7.14706956,7.07595444,7.111512,5203372,41628486.38
2021-10-14,600637,7.111512,7.15595895,7.08484383,7.10262261,5505689,44072699.28
2021-10-15,600637,7.12040139,7.14706956,7.04039688,7.10262261,5934853,47276835.4
2021-10-18,600637,7.09373322,7.13818017,7.01372871,7.04039688,7800612,61863692.55
2021-10-19,600637,7.03150749,7.04928627,6.99594993,7.00483932,5547016,43775880.96
2021-10-20,600637,7.04039688,7.04039688,6.96928176,6.96928176,5231666,41147191.74
2021-10-21,600637,6.98706054,7.01372871,6.90705603,6.92483481,8340213,65141921.66
2021-10-22,600637,6.9337242,6.95150298,6.87149847,6.88927725,5448186,42295467.2
2021-10-25,600637,6.88038786,6.89816664,6.81816213,6.8448303,6918524,53304142.69
2021-10-26,600637,6.85371969,6.88927725,6.81816213,6.8448303,5966965,45964441.69
2021-10-27,600637,6.83594091,6.85371969,6.76482579,6.80038335,6707066,51292736.65
2021-10-28,600637,6.80927274,6.87149847,6.7559364,6.85371969,7168409,54889062.93
2021-10-29,600637,6.83594091,6.91594542,6.82705152,6.87149847,8285539,64096677.31
2021-11-01,600637,6.82705152,6.86260908,6.78260457,6.82705152,6815780,52308292.71
2021-11-02,600637,6.80038335,6.8448303,6.65815311,6.69371067,12883299,97831091.19
2021-11-03,600637,6.69371067,6.73815762,6.68482128,6.70260006,5287348,39885670.45
2021-11-04,600637,6.72926823,6.73815762,6.65815311,6.70260006,7383081,55515912.89
2021-11-05,600637,6.69371067,6.82705152,6.68482128,6.80927274,12733986,97034854.47
2021-11-08,600637,6.90705603,6.9337242,6.77371518,6.79149396,9491835,72927267.05
2021-11-09,600637,6.77371518,6.83594091,6.71148945,6.72037884,10250412,77835505.59
2021-11-10,600637,6.72926823,6.79149396,6.69371067,6.7559364,7615296,57686188.19
2021-11-11,600637,6.74704701,6.95150298,6.72037884,6.89816664,24144993,186854922.96
2021-11-12,600637,6.85371969,6.88038786,6.76482579,6.79149396,17048370,130692823.09
2021-11-15,600637,6.80038335,6.96928176,6.79149396,6.95150298,20205397,156708410.82
2021-11-16,600637,6.92483481,7.08484383,6.90705603,6.98706054,25037137,197546440.93
2021-11-17,600637,6.98706054,7.00483932,6.92483481,6.96039237,12437076,97448451.27
2021-11-18,600637,6.96928176,6.97817115,6.86260908,6.87149847,11393725,88338123.37
2021-11-19,600637,6.88038786,6.92483481,6.82705152,6.91594542,9566287,74076249.27
2021-11-22,600637,6.91594542,6.91594542,6.81816213,6.81816213,13364070,102897614.62
2021-11-23,600637,6.80927274,6.8448303,6.79149396,6.82705152,9565157,73326202.24
2021-11-24,600637,6.8448303,7.21818468,6.81816213,6.97817115,27314508,215387358.84
2021-11-25,600637,6.91594542,7.06706505,6.89816664,7.03150749,20121219,158499217.17
2021-11-26,600637,7.03150749,7.04039688,6.95150298,7.00483932,10159706,80048280.03
2021-11-29,600637,6.9337242,6.98706054,6.87149847,6.88927725,12549592,97769901.18
2021-11-30,600637,6.90705603,6.98706054,6.90705603,6.97817115,10675237,83492232.06
2021-12-01,600637,6.97817115,7.04928627,6.9337242,7.04928627,11720796,92354182.91
2021-12-02,600637,7.03150749,7.06706505,6.98706054,7.00483932,8978814,70919535.37
2021-12-03,600637,6.97817115,7.04039688,6.97817115,6.99594993,10267604,80889149.24
2021-12-06,600637,7.01372871,7.01372871,6.90705603,6.90705603,11008901,86103196.4
2021-12-07,600637,6.92483481,6.96039237,6.88927725,6.91594542,7768603,60428304.9
2021-12-08,600637,6.94261359,6.96039237,6.90705603,6.95150298,6888298,53706354.06
2021-12-09,600637,6.95150298,7.00483932,6.91594542,6.97817115,11148057,87472379.05
2021-12-10,600637,6.97817115,7.05817566,6.94261359,7.04928627,15973331,126144887.85
2021-12-13,600637,7.04928627,7.15595895,7.0226181,7.10262261,19897912,158957334.55
2021-12-14,600637,7.10262261,7.28041041,7.10262261,7.23596346,28269602,229243632.41
2021-12-15,600637,7.24485285,7.24485285,7.17373773,7.20929529,17033864,138108635.55
2021-12-16,600637,7.21818468,7.31596797,7.17373773,7.29818919,19217459,156793931.92
2021-12-17,600637,7.53820272,7.61820723,7.32485736,7.34263614,46642962,391401213.91
2021-12-20,600637,7.34263614,7.40486187,7.21818468,7.22707407,23599404,193248978.48
2021-12-21,600637,7.22707407,7.36041492,7.21818468,7.31596797,16480938,135683508.04
2021-12-22,600637,7.43153004,7.52931333,7.3781937,7.4670876,34505633,290142334.1
2021-12-23,600637,7.4670876,7.48486638,7.34263614,7.34263614,16936655,140917744.29
2021-12-24,600637,7.3781937,7.42264065,7.25374224,7.36930431,14073027,116296716.71
2021-12-27,600637,7.36930431,7.75154808,7.27152102,7.66265418,53877760,458500575.37
2021-12-28,600637,7.6448754,7.6448754,7.4670876,7.51153455,20035968,169755120.27
2021-12-29,600637,7.48486638,7.51153455,7.42264065,7.42264065,13441366,112637678.15
2021-12-30,600637,7.44930882,7.7337693,7.42264065,7.70710113,40990903,352030649.45
2021-12-31,600637,7.68932235,8.48047806,7.61820723,8.40047355,128689630,1186426969.93
2022-01-04,600637,8.3560266,8.96939451,8.13379185,8.81827488,128500676,1245808509.49
2022-01-05,600637,8.72938098,8.93383695,8.56937196,8.70271281,58696806,575979052.5
2022-01-06,600637,8.69382342,8.92494756,8.54270379,8.67604464,52204011,512498636.77
2022-01-07,600637,8.72938098,9.22718682,8.66715525,8.73827037,88094375,886019370.35
2022-01-10,600637,8.72049159,9.04939902,8.61381891,8.85383244,61816168,616024095.0
2022-01-11,600637,8.81827488,8.88939,8.38269477,8.46269928,62545756,605367011.65
2022-01-12,600637,8.40936294,8.55159318,8.32046904,8.39158416,41598537,394252200.47
2022-01-13,600637,8.4449205,8.57826135,8.32935843,8.43603111,29933936,284617936.31
2022-01-14,600637,8.36491599,8.45380989,8.20490697,8.23157514,34164509,319902370.81
2022-01-17,600637,8.24046453,8.56048257,8.21379636,8.49825684,40489715,383518516.8
2022-01-18,600637,8.56937196,9.35163828,8.56937196,8.93383695,142922737,1468683591.14
2022-01-19,600637,8.93383695,9.0671778,8.51603562,8.60492952,91568378,901094071.44
2022-01-20,600637,8.60492952,8.78271732,8.3560266,8.40047355,62398783,602022705.82
2022-01-21,600637,8.33824782,8.51603562,8.13379185,8.16046002,45280996,421697803.24
2022-01-24,600637,8.12490246,8.22268575,7.93822527,8.03600856,35765342,323381327.81
2022-01-25,600637,8.000451,8.08045551,7.52042394,7.53820272,42772327,372740510.89
2022-01-26,600637,7.5559815,7.61820723,7.41375126,7.52931333,27976171,237174313.97
2022-01-27,600637,7.51153455,7.54709211,7.34263614,7.34263614,20559034,171812794.16
2022-01-28,600637,7.39597248,7.50264516,7.38708309,7.41375126,19529690,163487757.01
2022-02-07,600637,7.50264516,7.53820272,7.36041492,7.43153004,27027993,225499741.88
2022-02-08,600637,7.42264065,7.5559815,7.34263614,7.52042394,25869785,217768132.74
2022-02-09,600637,7.52042394,7.98267222,7.48486638,7.93822527,47446953,415041292.96
2022-02-10,600637,7.85822076,7.95600405,7.78710564,7.88488893,24248621,214611392.04
2022-02-11,600637,7.83155259,7.88488893,7.60042845,7.61820723,27883365,242160788.91
2022-02-14,600637,7.60042845,7.83155259,7.58264967,7.68932235,24900809,215785079.73
2022-02-15,600637,7.66265418,7.76932686,7.60042845,7.6448754,18110395,156393916.62
2022-02-16,600637,7.68932235,7.75154808,7.65376479,7.70710113,14575578,126282715.36
2022-02-17,600637,7.68932235,7.68932235,7.4670876,7.49375577,23862028,202462929.75
2022-02-18,600637,7.4670876,7.60042845,7.45819821,7.5559815,21173502,179754201.92
2022-02-21,600637,7.54709211,7.8226632,7.52931333,7.68043296,25259427,218758799.41
2022-02-22,600637,7.60042845,7.60931784,7.36930431,7.3781937,37454649,313823674.0
2022-02-23,600637,7.42264065,7.85822076,7.42264065,7.68043296,47426160,410785947.14
2022-02-24,600637,7.63598601,7.6448754,7.30707858,7.39597248,46043548,386047969.78
2022-02-25,600637,7.4670876,7.52042394,7.38708309,7.40486187,19318711,161903926.02
2022-02-28,600637,7.43153004,7.43153004,7.24485285,7.34263614,15633984,128588602.0
2022-03-01,600637,7.36041492,7.51153455,7.33374675,7.49375577,24101452,202126081.0
2022-03-02,600637,7.42264065,7.59153906,7.40486187,7.57376028,17733638,150458417.0
2022-03-03,600637,7.58264967,7.60042845,7.49375577,7.54709211,11401709,96877266.0
2022-03-04,600637,7.53820272,7.53820272,7.36041492,7.44041943,20102089,167786435.0
2022-03-07,600637,7.39597248,7.44930882,7.32485736,7.36041492,17441721,144835963.0
2022-03-08,600637,7.36041492,7.3781937,7.06706505,7.08484383,26331495,213366255.0
2022-03-09,600637,7.10262261,7.16484834,6.72926823,6.94261359,29439782,230247342.0
2022-03-10,600637,7.0226181,7.12040139,6.94261359,6.95150298,18754816,148335147.0
2022-03-11,600637,6.88927725,7.05817566,6.78260457,7.04039688,19722777,153048490.0
2022-03-14,600637,7.00483932,7.07595444,6.91594542,6.92483481,11550159,90814770.0
2022-03-15,600637,6.89816664,6.92483481,6.54259104,6.5781486,27234347,206816076.0
2022-03-16,600637,6.63148494,6.81816213,6.47147592,6.77371518,20315061,152178116.0
2022-03-17,600637,6.83594091,6.95150298,6.81816213,6.85371969,19258907,148799768.0
2022-03-18,600637,6.86260908,7.00483932,6.83594091,6.99594993,17371849,135787624.08
2022-03-21,600637,6.96928176,7.01372871,6.81816213,6.88038786,17167927,133305774.22
2022-03-22,600637,6.83594091,6.99594993,6.80927274,6.95150298,15280802,118661592.41
2022-03-23,600637,6.96039237,6.99594993,6.88038786,6.89816664,13534623,105533015.24
2022-03-24,600637,6.86260908,6.89816664,6.80038335,6.80927274,11311122,86906250.4
2022-03-25,600637,6.80927274,6.94261359,6.79149396,6.82705152,12237861,94482569.05
2022-03-28,600637,6.80038335,6.96039237,6.77371518,6.88038786,14959620,115856165.59
2022-03-29,600637,6.89816664,6.91594542,6.78260457,6.80038335,15234310,116980677.64
2022-03-30,600637,6.82705152,6.91594542,6.79149396,6.89816664,16168991,124693759.52
2022-03-31,600637,6.86260908,6.96928176,6.86260908,6.91594542,12574822,97863073.49
2022-04-01,600637,6.88927725,7.05817566,6.80038335,7.01372871,21334579,167255934.29
2022-04-06,600637,6.97817115,7.14706956,6.96928176,7.111512,19713331,157083323.29
2022-04-07,600637,7.111512,7.13818017,6.92483481,6.9337242,20655836,162936401.59
2022-04-08,600637,6.96039237,6.97817115,6.79149396,6.88038786,19623365,151482291.9
2022-04-11,600637,6.86260908,6.89816664,6.71148945,6.73815762,18423973,141001676.15
2022-04-12,600637,6.77371518,6.91594542,6.73815762,6.90705603,19319230,148330994.26
2022-04-13,600637,6.88927725,6.89816664,6.79149396,6.80038335,13769540,105979388.28
2022-04-14,600637,6.82705152,7.03150749,6.80927274,6.91594542,20950914,163613522.64
2022-04-15,600637,6.87149847,6.87149847,6.73815762,6.7559364,19387223,147692449.25
2022-04-18,600637,6.72037884,6.72926823,6.5781486,6.70260006,15717326,117486831.67
2022-04-19,600637,6.71148945,6.77371518,6.67593189,6.7559364,9896582,74856277.61
2022-04-20,600637,6.77371518,6.87149847,6.65815311,6.67593189,14124513,107788352.4
2022-04-21,600637,6.6670425,6.80038335,6.5781486,6.59592738,21354273,160782906.94
2022-04-22,600637,6.58703799,6.59592738,6.45369714,6.51592287,17797189,130453249.28
2022-04-25,600637,6.44480775,6.44480775,6.11590032,6.1336791,22148713,156649285.89
2022-04-26,600637,6.12478971,6.16923666,5.92033374,5.92922313,17060655,116180929.21
2022-04-27,600637,5.8669974,6.03589581,5.76032472,6.00922764,15936277,105506355.44
2022-04-28,600637,5.97367008,6.01811703,5.83143984,5.92033374,9863342,65811327.79
2022-04-29,600637,5.9558913,6.222573,5.9558913,6.20479422,17088854,117409842.42
2022-05-05,600637,6.222573,6.23146239,6.1336791,6.19590483,13011536,90596465.98
2022-05-06,600637,6.11590032,6.1336791,6.05367459,6.05367459,12853509,87986061.03
2022-05-09,600637,6.05367459,6.222573,6.0447852,6.16923666,13155165,90811234.71
2022-05-10,600637,6.09812154,6.20479422,6.05367459,6.18701544,10342368,71296050.48
2022-05-11,600637,6.18701544,6.40925019,6.18701544,6.32924568,23060139,163246840.65
2022-05-12,600637,6.28479873,6.32035629,6.20479422,6.25813056,12290932,86619367.69
2022-05-13,600637,6.25813056,6.39147141,6.24035178,6.34702446,12946540,92211320.11
2022-05-16,600637,6.38258202,6.4003608,6.32035629,6.35591385,9404597,67213694.69
2022-05-17,600637,6.33813507,6.36480324,6.24924117,6.28479873,7657515,54202815.85
2022-05-18,600637,6.3114669,6.33813507,6.25813056,6.27590934,7670634,54406572.92
2022-05-19,600637,6.19590483,6.27590934,6.16923666,6.26701995,9678434,67681573.78
2022-05-20,600637,6.28479873,6.33813507,6.26701995,6.32924568,8690210,61706078.32
2022-05-23,600637,6.40925019,6.46258653,6.3114669,6.34702446,15958730,114510898.9
2022-05-24,600637,6.34702446,6.35591385,6.03589581,6.06256398,23784979,165485973.81
2022-05-25,600637,6.03589581,6.38258202,6.03589581,6.37369263,25548427,179850193.5
2022-05-26,600637,6.37369263,6.40925019,6.32035629,6.4003608,14660026,105049748.9
2022-05-27,600637,6.4003608,6.45369714,6.3114669,6.38258202,15624753,111974427.53
2022-05-30,600637,6.39147141,6.46258653,6.36480324,6.42702897,14006006,101138669.07
2022-05-31,600637,6.40925019,6.58703799,6.39147141,6.56036982,20434076,149945253.53
2022-06-01,600637,6.56036982,6.64926372,6.51592287,6.58703799,17351568,128618575.33
2022-06-02,600637,6.56925921,6.58703799,6.4892547,6.56036982,11067493,81459781.25
2022-06-06,600637,6.52481226,6.5781486,6.48036531,6.56036982,14797058,108734142.14
2022-06-07,600637,6.56036982,6.58703799,6.44480775,6.47147592,12200895,89350963.64
2022-06-08,600637,6.4892547,6.51592287,6.34702446,6.42702897,13797085,99675682.31
2022-06-09,600637,6.42702897,6.42702897,6.32035629,6.35591385,8776841,62937341.39
2022-06-10,600637,6.33813507,6.45369714,6.32924568,6.41813958,11940160,85896882.72
2022-06-13,600637,6.37369263,6.4003608,6.3114669,6.34702446,11248164,80477530.18
2022-06-14,600637,6.29368812,6.37369263,6.12478971,6.36480324,16517395,116158522.13
2022-06-15,600637,6.36480324,6.54259104,6.34702446,6.42702897,23447210,170449319.98
2022-06-16,600637,6.43591836,6.64037433,6.42702897,6.59592738,25302278,186772482.62
2022-06-17,600637,6.53370165,6.5781486,6.39147141,6.47147592,19022495,138615545.11
2022-06-20,600637,6.46258653,6.51592287,6.41813958,6.42702897,12342620,89535948.61
2022-06-21,600637,6.44480775,6.50703348,6.40925019,6.49814409,14202810,103398081.02
2022-06-22,600637,6.4892547,6.53370165,6.32035629,6.32035629,17197749,124032630.87
2022-06-23,600637,6.33813507,6.38258202,6.28479873,6.32924568,22218961,158197970.32
2022-06-24,600637,6.33813507,6.42702897,6.3114669,6.33813507,27103653,193926982.97
2022-06-27,600637,6.35591385,6.4892547,6.29368812,6.30257751,43640072,312753159.56
2022-06-28,600637,6.32924568,6.37369263,6.25813056,6.36480324,19877166,141544448.56
2022-06-29,600637,6.35591385,6.42702897,6.34702446,6.35591385,26421641,189720843.51
2022-06-30,600637,6.4003608,6.55148043,6.34702446,6.35591385,70413274,507933750.5
2022-07-01,600637,6.36480324,6.38258202,6.24035178,6.24924117,32833599,232290043.91
2022-07-04,600637,6.24924117,6.26701995,6.18701544,6.25813056,15249190,106843924.3
2022-07-05,600637,6.26701995,6.27590934,6.16923666,6.21368361,16722104,116912274.95
2022-07-06,600637,6.20479422,6.21368361,6.06256398,6.09812154,20037125,137914718.8
2022-07-07,600637,6.11590032,6.1336791,6.08034276,6.08923215,10387693,71357084.9
2022-07-08,600637,6.10701093,6.16034727,6.10701093,6.11590032,8295351,57190573.48
2022-07-11,600637,6.11590032,6.12478971,6.06256398,6.08034276,8836178,60464859.09
2022-07-12,600637,6.08034276,6.10701093,6.03589581,6.03589581,11548124,78742433.86
2022-07-13,600637,6.0447852,6.08923215,6.03589581,6.05367459,10376410,70773438.97
2022-07-14,600637,6.02700642,6.0447852,6.00033825,6.00922764,11416669,77392344.85
2022-07-15,600637,6.01811703,6.02700642,5.91144435,5.91144435,15065668,100880987.36
2022-07-18,600637,5.91144435,6.03589581,5.91144435,6.03589581,11509680,77630839.97
2022-07-19,600637,6.03589581,6.10701093,6.01811703,6.08923215,9865744,67395113.32
2022-07-20,600637,6.11590032,6.20479422,6.08034276,6.12478971,13991353,96795693.22
2022-07-21,600637,6.15145788,6.21368361,6.12478971,6.17812605,17992282,124971872.08
2022-07-22,600637,6.16923666,6.19590483,6.08034276,6.11590032,9620602,66396120.77
2022-07-25,600637,6.15145788,6.16923666,6.05367459,6.08923215,6881334,47228228.06
2022-07-26,600637,6.08034276,6.14256849,6.08034276,6.14256849,6021196,41441509.46
2022-07-27,600637,6.1336791,6.15145788,6.10701093,6.12478971,6508151,44867688.33
2022-07-28,600637,6.14256849,6.16923666,6.1336791,6.15145788,7588147,52525655.81
2022-07-29,600637,6.14256849,6.15145788,6.08923215,6.10701093,7372630,50724961.77
2022-08-01,600637,6.09812154,6.09812154,6.02700642,6.06256398,7409146,50448739.0
2022-08-02,600637,6.05367459,6.05367459,5.83143984,5.92922313,22370637,148786474.89
2022-08-03,600637,5.92033374,6.00922764,5.89366557,5.90255496,9533075,63857137.74
2022-08-04,600637,5.93811252,5.9558913,5.88477618,5.9558913,8901876,59335359.0
2022-08-05,600637,5.97367008,6.03589581,5.94700191,6.02700642,12734787,85785263.0
2022-08-08,600637,6.02701008,6.10107472,6.017752,6.07330048,9793002,64084216.0
2022-08-09,600637,6.07330048,6.09181664,6.03626816,6.08255856,6288303,41195263.0
2022-08-10,600637,6.0640424,6.08255856,6.017752,6.03626816,7201221,46992953.0
2022-08-11,600637,6.04552624,6.1566232,6.03626816,6.1566232,12107534,80043703.0
2022-08-12,600637,6.16588128,6.21217168,6.12884896,6.2029136,8950561,59799657.0
2022-08-15,600637,6.18439744,6.19365552,6.12884896,6.16588128,8310664,55295389.35
2022-08-16,600637,6.16588128,6.17513936,6.12884896,6.1566232,5829712,38734409.62
2022-08-17,600637,6.1566232,6.2029136,6.13810704,6.19365552,6386831,42593439.93
2022-08-18,600637,6.19365552,6.19365552,6.1103328,6.13810704,6748492,44730954.62
2022-08-19,600637,6.12884896,6.19365552,6.1103328,6.12884896,10241267,68039922.74
2022-08-22,600637,6.11959088,6.16588128,6.08255856,6.16588128,9852454,65342430.47
2022-08-23,600637,6.1566232,6.18439744,6.13810704,6.16588128,7966595,52988895.79
2022-08-24,600637,6.16588128,6.18439744,6.0640424,6.08255856,9808736,64850820.87
2022-08-25,600637,6.09181664,6.12884896,6.0640424,6.12884896,7453455,49086091.76
2022-08-26,600637,6.11959088,6.18439744,6.08255856,6.10107472,12070471,79972699.29
2022-08-29,600637,6.0640424,6.14736512,6.03626816,6.12884896,9773015,64265936.45
2022-08-30,600637,6.1103328,6.249204,6.10107472,6.21217168,17353777,116346447.89
2022-08-31,600637,6.2029136,6.27697824,6.16588128,6.2029136,17846999,119835345.49
2022-09-01,600637,6.19365552,6.22142976,6.13810704,6.13810704,11741955,78325451.71
2022-09-02,600637,6.16588128,6.25846208,6.1566232,6.23994592,14055535,94508816.11
2022-09-05,600637,6.26772016,6.26772016,6.18439744,6.23994592,10908401,73280533.87
2022-09-06,600637,6.23068784,6.25846208,6.22142976,6.249204,7834554,52793768.98
2022-09-07,600637,6.25846208,6.25846208,6.16588128,6.2029136,8628060,57765024.82
2022-09-08,600637,6.21217168,6.22142976,6.17513936,6.18439744,6075571,40640107.08
2022-09-09,600637,6.2029136,6.21217168,6.1566232,6.18439744,14542337,97129584.23
2022-09-13,600637,6.19365552,6.21217168,6.13810704,6.14736512,9219916,61513003.51
2022-09-14,600637,6.1103328,6.1103328,6.04552624,6.07330048,12910335,84706077.04
2022-09-15,600637,6.08255856,6.12884896,6.017752,6.04552624,11985287,78617770.88
2022-09-16,600637,6.05478432,6.07330048,5.90665504,5.90665504,12358464,79947588.38
2022-09-19,600637,5.90665504,5.90665504,5.7863,5.8325904,12621736,79442308.06
2022-09-20,600637,5.82333232,5.89739696,5.82333232,5.84184848,6500973,41049352.14
2022-09-21,600637,5.82333232,5.93442928,5.73075152,5.91591312,10981227,69135399.71
2022-09-22,600637,5.88813888,5.91591312,5.84184848,5.86036464,5830587,37005622.4
2022-09-23,600637,5.85110656,5.86962272,5.76778384,5.79555808,7484348,47059470.8
2022-09-26,600637,5.75852576,5.77704192,5.6474288,5.66594496,10709718,66201990.01
2022-09-27,600637,5.66594496,5.77704192,5.66594496,5.76778384,8804206,54431741.63
2022-09-28,600637,5.74926768,5.76778384,5.68446112,5.71223536,5785730,35775855.61
2022-09-29,600637,5.7400096,5.76778384,5.62891264,5.6474288,8771790,53900342.34
2022-09-30,600637,5.66594496,5.72149344,5.63817072,5.66594496,7122327,43733236.75
2022-10-10,600637,5.67520304,5.72149344,5.62891264,5.63817072,6237671,38252104.4
2022-10-11,600637,5.6474288,5.6937192,5.61039648,5.65668688,6529200,39865348.1
2022-10-12,600637,5.6474288,5.75852576,5.61039648,5.74926768,8854515,54307270.94
2022-10-13,600637,5.73075152,5.81407424,5.71223536,5.7863,8333390,51923558.77
2022-10-14,600637,5.80481616,5.86036464,5.79555808,5.8325904,6747127,42570699.75
2022-10-17,600637,5.81407424,5.88813888,5.80481616,5.86036464,6497101,41119711.51
2022-10-18,600637,5.8788808,5.90665504,5.8325904,5.85110656,7200801,45567283.53
2022-10-19,600637,5.8325904,5.85110656,5.77704192,5.77704192,4757948,29854121.88
2022-10-20,600637,5.75852576,5.82333232,5.7400096,5.77704192,8005993,49984366.58
2022-10-21,600637,5.77704192,5.79555808,5.7400096,5.74926768,5913985,36832357.12
2022-10-24,600637,5.75852576,5.80481616,5.59188032,5.62891264,10469456,64253532.08
2022-10-25,600637,5.6011384,5.67520304,5.51781568,5.554848,13878028,83600618.67
2022-10-26,600637,5.56410608,5.67520304,5.554848,5.61039648,10802972,65544725.04
2022-10-27,600637,5.62891264,5.70297728,5.61965456,5.67520304,9537332,58378205.53
2022-10-28,600637,5.67520304,5.68446112,5.51781568,5.53633184,9303875,56228208.12
2022-10-31,600637,5.51781568,5.61039648,5.49004144,5.58262224,9381732,56386966.91
2022-11-01,600637,5.61039648,5.6937192,5.59188032,5.6937192,12478330,76259747.32
2022-11-02,600637,5.6937192,5.76778384,5.68446112,5.74926768,11499872,71301682.33
2022-11-03,600637,5.73075152,5.75852576,5.70297728,5.73075152,7501408,46380690.46
2022-11-04,600637,5.73075152,5.82333232,5.73075152,5.82333232,11123382,69574185.6
2022-11-07,600637,5.79555808,5.8788808,5.7863,5.86962272,11222270,70889245.87
2022-11-08,600637,5.86036464,5.89739696,5.8325904,5.8788808,8360969,52971717.12
2022-11-09,600637,5.86962272,5.88813888,5.8325904,5.85110656,7435273,47038101.66
2022-11-10,600637,5.82333232,5.91591312,5.80481616,5.89739696,10646104,67622423.27
2022-11-11,600637,5.96220352,5.99923584,5.90665504,5.90665504,13720970,88288272.45
2022-11-14,600637,5.90665504,5.98997776,5.90665504,5.95294544,9279784,59603482.59
2022-11-15,600637,5.95294544,5.99923584,5.9251712,5.98997776,11663482,75344038.1
2022-11-16,600637,5.98071968,6.05478432,5.9714616,6.02701008,13154180,85588068.25
2022-11-17,600637,6.05478432,6.09181664,5.98997776,6.09181664,12656030,82615367.54
2022-11-18,600637,6.09181664,6.1566232,6.05478432,6.05478432,16578227,109273928.64
2022-11-21,600637,6.17513936,6.2029136,6.04552624,6.08255856,28887182,190729911.19
2022-11-22,600637,6.08255856,6.1103328,6.00849392,6.0640424,18984330,124266905.48
2022-11-23,600637,6.04552624,6.08255856,6.02701008,6.0640424,8978210,58732499.06
2022-11-24,600637,6.05478432,6.08255856,5.98071968,5.98997776,9367352,60950462.5
2022-11-25,600637,5.98997776,6.08255856,5.9714616,6.0640424,9245943,60352873.7
2022-11-28,600637,6.017752,6.09181664,5.91591312,6.09181664,10856604,70680234.09
2022-11-29,600637,6.07330048,6.21217168,6.07330048,6.19365552,19838358,132191111.7
2022-11-30,600637,6.18439744,6.23068784,6.17513936,6.19365552,11531086,77185978.6
2022-12-01,600637,6.249204,6.28623632,6.17513936,6.18439744,14325705,96540842.99
2022-12-02,600637,6.17513936,6.23068784,6.16588128,6.17513936,8665073,57988003.65
2022-12-05,600637,6.18439744,6.32326864,6.18439744,6.28623632,22637333,153221616.26
2022-12-06,600637,6.27697824,6.3417848,6.19365552,6.22142976,16923889,114692815.64
2022-12-07,600637,6.22142976,6.27697824,6.16588128,6.2029136,17683411,118754101.66
2022-12-08,600637,6.2029136,6.249204,6.13810704,6.22142976,13121544,87812447.07
2022-12-09,600637,6.22142976,6.23068784,6.13810704,6.16588128,14235865,95018995.57
2022-12-12,600637,6.16588128,6.22142976,6.10107472,6.10107472,13145446,87281245.49
2022-12-13,600637,6.12884896,6.22142976,6.1103328,6.2029136,14117687,94368875.93
2022-12-14,600637,6.18439744,6.23068784,6.16588128,6.22142976,11436670,76565983.69
2022-12-15,600637,6.22142976,6.249204,6.18439744,6.2029136,11002674,73833896.68
2022-12-16,600637,6.18439744,6.19365552,6.13810704,6.17513936,10040594,66872230.02
2022-12-19,600637,6.17513936,6.18439744,6.02701008,6.0640424,11710613,77129463.1
2022-12-20,600637,6.0640424,6.09181664,5.96220352,5.96220352,10464138,68019501.58
2022-12-21,600637,5.96220352,6.21217168,5.96220352,6.0640424,17791219,117259883.36
2022-12-22,600637,6.0640424,6.14736512,6.017752,6.0640424,10790207,71083647.99
2022-12-23,600637,6.03626816,6.21217168,6.03626816,6.16588128,11579184,76974263.46
2022-12-26,600637,6.16588128,6.23068784,6.09181664,6.11959088,12480534,82954573.73
2022-12-27,600637,6.12884896,6.1566232,6.08255856,6.1103328,8642163,57056907.81
2022-12-28,600637,6.11959088,6.1566232,6.07330048,6.11959088,6497098,42917737.93
2022-12-29,600637,6.10107472,6.1566232,6.00849392,6.02701008,11398309,74638529.49
2022-12-30,600637,6.03626816,6.17513936,6.02701008,6.1566232,12946057,85388495.88
2023-01-03,600637,6.1566232,6.32326864,6.13810704,6.28623632,24608886,166105330.79
2023-01-04,600637,6.27697824,6.30475248,6.23994592,6.27697824,12679773,85886372.34
2023-01-05,600637,6.27697824,6.32326864,6.23068784,6.25846208,12426716,84076657.83
2023-01-06,600637,6.249204,6.25846208,6.1566232,6.17513936,16171597,108277492.04
2023-01-09,600637,6.17513936,6.22142976,6.13810704,6.13810704,11144932,74272984.27
2023-01-10,600637,6.13810704,6.23068784,6.10107472,6.19365552,13818962,92210296.68
2023-01-11,600637,6.19365552,6.2029136,6.08255856,6.1103328,12031821,79730318.58
2023-01-12,600637,6.10107472,6.11959088,6.02701008,6.07330048,9597537,62957357.91
2023-01-13,600637,6.07330048,6.21217168,6.0640424,6.2029136,18193625,121140878.84
2023-01-16,600637,6.2029136,6.22142976,6.16588128,6.2029136,17370673,116352382.86
2023-01-17,600637,6.2029136,6.21217168,6.11959088,6.14736512,11151174,74080198.97
2023-01-18,600637,6.13810704,6.21217168,6.13810704,6.16588128,9860636,65900153.12
2023-01-19,600637,6.14736512,6.23068784,6.1103328,6.22142976,10565517,70594401.86
2023-01-20,600637,6.23994592,6.25846208,6.2029136,6.23994592,12186077,81951737.45
2023-01-30,600637,6.25846208,6.27697824,6.21217168,6.22142976,23845819,160799950.03
2023-01-31,600637,6.21217168,6.23068784,6.16588128,6.19365552,12965988,86759732.61
2023-02-01,600637,6.2029136,6.25846208,6.18439744,6.249204,18812785,126518723.85
2023-02-02,600637,6.26772016,6.27697824,6.22142976,6.23068784,18410997,124196193.23
2023-02-03,600637,6.23068784,6.26772016,6.2029136,6.25846208,15281343,102960507.7
2023-02-06,600637,6.25846208,6.40659136,6.22142976,6.36030096,28630817,196139401.43
2023-02-07,600637,6.36030096,6.40659136,6.31401056,6.3880752,20945439,143925496.25
2023-02-08,600637,6.53620448,6.90652768,6.5269464,6.63804336,87180850,631559038.34
2023-02-09,600637,6.64730144,6.73062416,6.55472064,6.70284992,43883599,314689337.46
2023-02-10,600637,6.69359184,6.73988224,6.64730144,6.69359184,25847548,186919624.82
2023-02-13,600637,6.712108,6.73062416,6.63804336,6.65655952,21629501,155796282.0
2023-02-14,600637,6.69359184,6.70284992,6.61026912,6.61026912,16431188,117939390.64
2023-02-15,600637,6.61026912,6.6658176,6.59175296,6.64730144,16073942,115191666.68
2023-02-16,600637,6.65655952,6.78617264,6.51768832,6.5732368,34808900,251530831.42
2023-02-17,600637,6.59175296,6.64730144,6.49917216,6.50843024,17654965,125186407.56
2023-02-20,600637,6.51768832,6.65655952,6.51768832,6.63804336,16963631,120945975.28
2023-02-21,600637,6.63804336,6.72136608,6.59175296,6.712108,18855857,135818073.29
2023-02-22,600637,6.6658176,6.68433376,6.6195272,6.62878528,11113004,79850850.23
2023-02-23,600637,6.62878528,6.65655952,6.58249488,6.62878528,11791481,84362757.83
2023-02-24,600637,6.64730144,6.6658176,6.55472064,6.63804336,11241249,80272073.72
2023-02-27,600637,6.61026912,6.64730144,6.55472064,6.55472064,9568560,68201873.89
2023-02-28,600637,6.59175296,6.67507568,6.58249488,6.67507568,13236476,94953461.38
2023-03-01,600637,6.6658176,6.8046888,6.64730144,6.67507568,45280623,327641518.72
2023-03-02,600637,6.67507568,6.7583984,6.67507568,6.7583984,21046310,152906633.81
2023-03-03,600637,6.7583984,6.76765648,6.70284992,6.7583984,15132063,110041475.5
2023-03-06,600637,6.7583984,6.86949536,6.73988224,6.8046888,24851292,182865137.36
2023-03-07,600637,6.8046888,6.81394688,6.59175296,6.60101104,24834168,179993809.72
2023-03-08,600637,6.60101104,6.7583984,6.60101104,6.7583984,26273602,190440716.25
2023-03-09,600637,6.76765648,6.77691456,6.67507568,6.73062416,16022638,116431735.25
2023-03-10,600637,6.67507568,6.72136608,6.60101104,6.60101104,16921465,121618468.46
2023-03-13,600637,6.60101104,6.73062416,6.50843024,6.72136608,21103462,150774376.76
2023-03-14,600637,6.74914032,6.8046888,6.64730144,6.74914032,24531501,178678973.74
2023-03-15,600637,6.77691456,6.78617264,6.69359184,6.73062416,14254552,103682427.12
2023-03-16,600637,6.68433376,6.74914032,6.64730144,6.69359184,13675320,98975796.46
2023-03-17,600637,6.73062416,6.98059232,6.712108,6.96207616,46573146,346360227.94
2023-03-20,600637,7.1287216,7.4990448,7.0824312,7.36943168,96163419,762567597.42
2023-03-21,600637,7.35091552,7.46201248,7.20278624,7.39720592,64223994,508908357.98
2023-03-22,600637,7.406464,7.98046496,7.25833472,7.8230776,114315095,942311736.91
2023-03-23,600637,7.5916256,7.66569024,7.43423824,7.48978672,102336547,831119874.22
2023-03-24,600637,7.48052864,7.90640032,7.42498016,7.70272256,96817887,804349982.56
2023-03-27,600637,7.61014176,7.7767872,7.47127056,7.53607712,61666325,505074106.58
2023-03-28,600637,7.4990448,7.65643216,7.48052864,7.4990448,40771943,332945500.43
2023-03-29,600637,7.4990448,7.637916,7.42498016,7.56385136,53678698,437302428.17
2023-03-30,600637,7.52681904,7.55459328,7.175012,7.23981856,73932050,584708866.21
2023-03-31,600637,7.23981856,7.64717408,7.2213024,7.53607712,55838664,448462524.5
2023-04-03,600637,7.51756096,7.69346448,7.48978672,7.66569024,53874086,444303707.2
2023-04-04,600637,7.66569024,7.73975488,7.4990448,7.55459328,46037642,378329526.83
2023-04-06,600637,7.55459328,7.56385136,7.3601736,7.37868976,44795173,359868532.18
2023-04-07,600637,7.38794784,7.58236752,7.3138832,7.4990448,33952894,273402411.57
2023-04-10,600637,7.52681904,7.61014176,7.42498016,7.43423824,30872649,250634426.53
2023-04-11,600637,7.44349632,7.79530336,7.37868976,7.72123872,58290490,482146702.17
2023-04-12,600637,7.7767872,8.10082,7.73975488,8.0545296,72945353,629592750.78
2023-04-13,600637,8.03601344,8.16562656,7.88788416,7.90640032,54455828,469861402.39
2023-04-14,600637,7.9156584,7.98972304,7.71198064,7.79530336,40289284,340112693.47
2023-04-17,600637,7.80456144,7.81381952,7.55459328,7.61939984,38779844,319402579.87
2023-04-18,600637,7.61939984,7.62865792,7.44349632,7.4990448,34657768,280899160.93
2023-04-19,600637,7.4990448,7.70272256,7.48978672,7.56385136,33420156,275311092.1
2023-04-20,600637,7.5453352,7.81381952,7.52681904,7.79530336,35654785,297682445.62
2023-04-21,600637,7.7767872,7.79530336,7.43423824,7.43423824,42309658,345392306.64
2023-04-24,600637,7.43423824,7.71198064,7.41572208,7.58236752,39127161,320583712.82
2023-04-25,600637,7.58236752,7.6842064,7.44349632,7.58236752,46289240,377821015.65
2023-04-26,600637,7.51756096,7.7304968,7.3138832,7.47127056,52599583,425431818.71
2023-04-27,600637,7.4527544,7.61014176,7.32314128,7.37868976,41873089,337660276.9
2023-04-28,600637,7.37868976,7.86010992,7.36943168,7.61939984,104043485,863805140.54
2023-05-04,600637,7.75827104,8.332272,7.74901296,8.09156192,118587325,1030550984.29
2023-05-05,600637,8.11007808,8.25820736,7.94343264,8.1934008,85862280,756317243.81
2023-05-08,600637,8.27672352,8.4711432,8.15636848,8.21191696,103414311,925778276.0
2023-05-09,600637,8.23043312,8.4248528,8.12859424,8.15636848,68696387,615080329.46
2023-05-10,600637,8.17488464,8.35078816,8.03601344,8.16562656,60148143,532022591.87
2023-05-11,600637,8.22117504,8.48040128,8.15636848,8.36930432,67049991,604554837.65
2023-05-12,600637,8.2859816,8.29523968,7.99898112,8.0082392,55529436,487602918.28
2023-05-15,600637,8.03601344,8.09156192,7.66569024,7.86010992,52641861,445344667.42
2023-05-16,600637,7.87862608,7.94343264,7.66569024,7.6842064,37045922,312665412.56
2023-05-17,600637,7.64717408,7.78604528,7.60088368,7.66569024,27468350,227718852.05
2023-05-18,600637,7.66569024,7.73975488,7.60088368,7.66569024,25033636,207440688.18
2023-05-19,600637,7.64717408,7.67494832,7.4527544,7.50830288,28994581,236205128.93
2023-05-22,600637,7.50830288,7.5453352,7.42498016,7.50830288,21358052,172562174.0
2023-05-23,600637,7.50830288,7.51756096,7.30462512,7.3138832,27398472,218642290.26
2023-05-24,600637,7.27685088,7.3138832,7.18427008,7.20278624,22644433,177138823.23
2023-05-25,600637,7.15649584,7.24907664,7.07317312,7.23056048,23560451,182323989.68
2023-05-26,600637,7.18427008,7.25833472,7.13797968,7.175012,18646656,144818376.57
2023-05-29,600637,7.19352816,7.29536704,7.18427008,7.23056048,22526430,176180693.12
2023-05-30,600637,7.19352816,7.3601736,7.10094736,7.3601736,23947699,187537218.54
2023-05-31,600637,7.35091552,7.85085184,7.35091552,7.72123872,58573340,485337127.29
2023-06-01,600637,7.69346448,8.07304576,7.66569024,7.94343264,54717145,468385445.48
2023-06-02,600637,7.94343264,8.03601344,7.869368,7.9156584,32426980,278333838.54
2023-06-05,600637,7.92491648,7.98046496,7.78604528,7.90640032,31803535,271030452.62
2023-06-06,600637,7.94343264,8.1471104,7.76752912,7.79530336,54018484,464656200.83
2023-06-07,600637,7.8230776,7.9619488,7.7304968,7.92491648,38997198,332067682.56
2023-06-08,600637,7.92491648,7.92491648,7.62865792,7.70272256,53156976,442924365.73
2023-06-09,600637,7.7304968,8.01749728,7.69346448,7.9156584,56191969,476763597.93
2023-06-12,600637,7.90640032,8.02675536,7.78604528,7.79530336,37418822,317166547.61
2023-06-13,600637,7.76752912,7.98972304,7.7304968,7.94343264,40764015,348153425.38
2023-06-14,600637,7.93417456,8.11933616,7.86010992,7.90640032,35948491,309533284.56
2023-06-15,600637,7.90640032,7.98972304,7.79530336,7.8230776,26531517,225173806.87
2023-06-16,600637,7.78604528,7.85085184,7.66569024,7.74901296,40457323,339323561.27
2023-06-19,600637,7.74901296,7.81381952,7.70272256,7.72123872,23375124,195417911.61
2023-06-20,600637,7.72123872,7.75827104,7.60088368,7.60088368,27711383,229102319.43
2023-06-21,600637,7.60088368,7.60088368,7.406464,7.406464,36950201,298431339.46
2023-06-26,600637,7.38794784,7.44349632,7.10094736,7.1287216,35105373,274474836.33
2023-06-27,600637,7.14723776,7.36943168,7.0824312,7.30462512,37188711,291469941.58
2023-06-28,600637,7.28610896,7.34165744,7.11020544,7.24907664,28656084,222631439.73
2023-06-29,600637,7.21204432,7.28610896,7.16575392,7.25833472,23345590,182243105.69
2023-06-30,600637,7.23981856,7.28610896,7.18427008,7.23981856,20579192,160833703.52
2023-07-03,600637,7.23981856,7.25833472,7.14723776,7.21204432,21041723,163762378.06
2023-07-04,600637,7.21204432,7.2675928,7.14723776,7.23056048,26275933,204423977.82
2023-07-05,600637,7.20278624,7.24907664,7.175012,7.21204432,17130653,133419816.61
2023-07-06,600637,7.18427008,7.23981856,7.07317312,7.0824312,31199300,240589911.35
2023-07-07,600637,7.06391504,7.19352816,6.9898504,7.11946352,22859952,174857576.95
2023-07-10,600637,7.11946352,7.30462512,7.10094736,7.29536704,29073114,226812561.44
2023-07-11,600637,7.28610896,7.3138832,7.16575392,7.25833472,16042879,125637744.51
2023-07-12,600637,7.29536704,7.30462512,7.15649584,7.16575392,14679583,114508606.52
2023-07-13,600637,7.20278624,7.35091552,7.18427008,7.33239936,23195646,182259507.58
2023-07-14,600637,7.33239936,7.41572208,7.30462512,7.3601736,16995469,135201869.84
2023-07-17,600637,7.42498016,7.5453352,7.39720592,7.48978672,22586293,182381348.71
2023-07-18,600637,7.51756096,7.52681904,7.406464,7.41572208,15774060,127053897.54
2023-07-19,600637,7.406464,7.48052864,7.38794784,7.44349632,11067302,88839810.11
2023-07-20,600637,7.43423824,7.48052864,7.2675928,7.35091552,22278303,177452069.75
2023-07-21,600637,7.34165744,7.43423824,7.2675928,7.39720592,20968704,166811028.33
2023-07-24,600637,7.36943168,7.47127056,7.34165744,7.406464,14722786,117838609.61
2023-07-25,600637,7.46201248,7.5453352,7.42498016,7.48052864,23816940,192736069.88
2023-07-26,600637,7.4990448,7.4990448,7.35091552,7.37868976,19761280,157734744.63
2023-07-27,600637,7.3601736,7.42498016,7.32314128,7.3601736,13954107,111305392.98
2023-07-28,600637,7.34165744,7.4527544,7.3138832,7.42498016,19552181,155967436.1
2023-07-31,600637,7.46262166,7.54731724,7.45321104,7.53790662,20804999,166152479.57
2023-08-01,600637,7.54731724,7.59437034,7.50026414,7.56613848,14989735,120347916.76
2023-08-02,600637,7.56613848,7.5755491,7.49085352,7.51908538,11224913,89742466.67
2023-08-03,600637,7.50026414,7.528496,7.46262166,7.51908538,10563328,84230522.52
2023-08-04,600637,7.55672786,7.68847654,7.54731724,7.65083406,23746822,192700169.04
2023-08-07,600637,7.69788716,7.70729778,7.64142344,7.67906592,18412094,150285790.47
2023-08-08,600637,7.6696553,7.7637615,7.66024468,7.70729778,18269617,149825265.13
2023-08-09,600637,7.68847654,7.73552964,7.58495972,7.60378096,17759372,144463366.23
2023-08-10,600637,7.59437034,7.64142344,7.54731724,7.56613848,10050792,81028445.3
2023-08-11,600637,7.60378096,7.67906592,7.45321104,7.46262166,14736322,118060474.16
2023-08-14,600637,7.44380042,7.54731724,7.37792608,7.528496,15598549,123477398.29
2023-08-15,600637,7.5755491,7.58495972,7.44380042,7.50967476,12549593,100081670.05
2023-08-16,600637,7.47203228,7.50026414,7.28381988,7.32146236,21185665,165329660.49
2023-08-17,600637,7.30264112,7.3873367,7.26499864,7.37792608,10351714,80774432.5
2023-08-18,600637,7.36851546,7.41556856,7.26499864,7.26499864,12805032,99725763.61
2023-08-21,600637,7.26499864,7.35910484,7.23676678,7.23676678,10830903,83955307.87
2023-08-22,600637,7.28381988,7.36851546,7.23676678,7.34969422,10801939,83850432.6
2023-08-23,600637,7.34969422,7.40615794,7.31205174,7.31205174,12055780,94283532.89
2023-08-24,600637,7.33087298,7.4814429,7.32146236,7.41556856,17701822,139676082.96
2023-08-25,600637,7.39674732,7.44380042,7.22735616,7.27440926,17359463,135199734.9
2023-08-28,600637,7.55672786,7.6696553,7.45321104,7.4814429,36566954,293162698.78
2023-08-29,600637,7.47203228,7.58495972,7.46262166,7.56613848,20748463,166521963.07
2023-08-30,600637,7.59437034,7.66024468,7.55672786,7.60378096,24153226,195104524.99
2023-08-31,600637,7.60378096,7.61319158,7.4814429,7.50026414,40291297,321866392.66
2023-09-01,600637,7.46262166,7.50026414,7.33087298,7.3402836,24300228,190540141.38
2023-09-04,600637,7.35910484,7.40615794,7.32146236,7.37792608,15544982,121651723.66
2023-09-05,600637,7.35910484,7.36851546,7.2461774,7.26499864,18897232,146385402.54
2023-09-06,600637,7.2461774,7.26499864,6.99209066,7.04855438,38873451,291932623.17
2023-09-07,600637,7.02032252,7.1520712,6.95444818,6.9638588,20983148,156562463.0
2023-09-08,600637,6.92621632,6.9638588,6.85093136,6.86034198,18446705,135150662.62
2023-09-11,600637,6.90739508,7.02973314,6.88857384,6.97326942,18138936,134168037.2
2023-09-12,600637,6.98268004,7.00150128,6.93562694,6.9638588,9378229,69422578.99
2023-09-13,600637,6.9638588,6.97326942,6.8697526,6.90739508,13124824,96428568.14
2023-09-14,600637,6.90739508,6.94503756,6.8697526,6.92621632,9617343,70665854.45
2023-09-15,600637,6.93562694,7.0109119,6.89798446,7.0109119,13757776,101808498.84
2023-09-18,600637,6.99209066,7.02973314,6.80387826,6.9168057,23525461,172110746.35
2023-09-19,600637,6.88857384,6.95444818,6.85093136,6.88857384,15337137,112290671.62
2023-09-20,600637,6.87916322,6.93562694,6.8697526,6.88857384,12802324,93921785.83
2023-09-21,600637,6.89798446,6.90739508,6.81328888,6.81328888,12670190,92172242.42
2023-09-22,600637,6.80387826,6.99209066,6.79446764,6.98268004,15079046,110939642.66
2023-09-25,600637,6.99209066,7.03914376,6.95444818,6.98268004,14635447,108674641.62
2023-09-26,600637,6.98268004,7.02973314,6.95444818,6.98268004,10081227,74958575.39
2023-09-27,600637,6.97326942,7.02973314,6.9638588,7.02032252,11342185,84539876.54
2023-09-28,600637,7.02032252,7.04855438,6.99209066,6.99209066,11236585,83776230.05
2023-10-09,600637,7.0109119,7.0109119,6.88857384,6.90739508,13227583,97413013.04
2023-10-10,600637,6.9638588,6.97326942,6.88857384,6.9168057,8610393,63337250.03
2023-10-11,600637,6.92621632,7.02973314,6.87916322,6.94503756,14728064,109005489.44
2023-10-12,600637,6.97326942,7.02032252,6.94503756,6.95444818,12005132,88911143.43
2023-10-13,600637,6.94503756,6.97326942,6.8697526,6.87916322,10950902,80453898.64
2023-10-16,600637,6.89798446,6.90739508,6.80387826,6.84152074,12248936,88935485.85
2023-10-17,600637,6.84152074,6.8697526,6.81328888,6.8226995,7682341,55808286.0
2023-10-18,600637,6.85093136,6.85093136,6.70036144,6.71918268,9609293,68773190.39
2023-10-19,600637,6.70977206,6.76623578,6.70036144,6.70036144,9557807,68332437.76
2023-10-20,600637,6.69095082,6.7285933,6.6344871,6.65330834,11522541,81684825.02
2023-10-23,600637,6.6344871,6.71918268,6.45568532,6.46509594,14802710,102855011.0
2023-10-24,600637,6.4933278,6.6815402,6.48391718,6.66271896,16762159,117935857.11
2023-10-25,600637,6.70977206,6.74741454,6.66271896,6.66271896,11852755,84376334.63
2023-10-26,600637,6.65330834,6.76623578,6.62507648,6.71918268,10311393,73622243.4
2023-10-27,600637,6.71918268,6.8226995,6.71918268,6.80387826,10049612,72422317.89
2023-10-30,600637,6.78505702,6.90739508,6.78505702,6.87916322,12654574,92126910.21
2023-10-31,600637,6.9638588,6.99209066,6.88857384,6.94503756,18987776,140059154.91
2023-11-01,600637,6.90739508,7.057965,6.90739508,7.0109119,19388716,144400571.5
2023-11-02,600637,6.99209066,7.11442872,6.97326942,7.06737562,21158276,159101373.73
2023-11-03,600637,7.057965,7.12383934,7.00150128,7.06737562,15457693,116095687.66
2023-11-06,600637,7.1050181,7.1991243,7.09560748,7.18030306,18610345,141775437.22
2023-11-07,600637,7.22735616,7.2461774,7.16148182,7.20853492,16456382,126169010.35
2023-11-08,600637,7.18971368,7.39674732,7.17089244,7.3402836,36783202,286063384.26
2023-11-09,600637,7.32146236,7.34969422,7.22735616,7.2461774,20714605,160128906.08
2023-11-10,600637,7.2461774,7.25558802,7.12383934,7.16148182,17091843,130160067.32
2023-11-13,600637,7.34969422,7.40615794,7.23676678,7.31205174,19821551,153651032.65
2023-11-14,600637,7.26499864,7.30264112,7.21794554,7.2461774,15472086,119313057.72
2023-11-15,600637,7.30264112,7.31205174,7.22735616,7.23676678,13765399,106152410.9
2023-11-16,600637,7.22735616,7.32146236,7.18971368,7.28381988,14363228,111154295.22
2023-11-17,600637,7.31205174,7.3873367,7.27440926,7.3402836,17835417,139138256.95
2023-11-20,600637,7.37792608,7.56613848,7.34969422,7.46262166,27366213,217285883.9
2023-11-21,600637,7.46262166,7.59437034,7.41556856,7.50967476,27891149,222624910.91
2023-11-22,600637,7.50026414,7.64142344,7.47203228,7.55672786,38207661,308088096.21
2023-11-23,600637,7.528496,7.58495972,7.4343898,7.55672786,24926471,199384734.91
2023-11-24,600637,7.56613848,7.66024468,7.51908538,7.5755491,23567042,190152305.59
2023-11-27,600637,7.58495972,7.60378096,7.46262166,7.51908538,18383080,146721225.72
2023-11-28,600637,7.55672786,7.56613848,7.44380042,7.54731724,15435818,123495493.61
2023-11-29,600637,7.5755491,7.61319158,7.51908538,7.53790662,16211328,130195184.0
2023-11-30,600637,7.54731724,7.61319158,7.51908538,7.59437034,18174834,146191688.5
2023-12-01,600637,7.58495972,7.75435088,7.56613848,7.75435088,31183780,255083168.01
2023-12-04,600637,7.80140398,7.93315266,7.79199336,7.86727832,29166868,244077336.19
2023-12-05,600637,7.84845708,7.92374204,7.73552964,7.75435088,29496995,245234051.58
2023-12-06,600637,7.7167084,7.86727832,7.60378096,7.82022522,24455267,201285785.7
2023-12-07,600637,7.82022522,7.92374204,7.78258274,7.89551018,25676285,214405896.62
2023-12-08,600637,7.88609956,7.91433142,7.78258274,7.8108146,23902820,199509112.34
2023-12-11,600637,7.77317212,7.9519739,7.75435088,7.93315266,25476112,213108539.83
2023-12-12,600637,7.94256328,7.999027,7.9049208,7.96138452,20730543,175202980.56
2023-12-13,600637,7.97079514,8.03666948,7.9049208,7.92374204,19733990,167227119.35
2023-12-14,600637,7.9519739,8.07431196,7.93315266,7.97079514,20868080,177805305.09
2023-12-15,600637,7.96138452,8.03666948,7.88609956,7.96138452,22577553,191105743.24
2023-12-18,600637,7.96138452,7.98961638,7.82963584,7.84845708,23050928,193440834.64
2023-12-19,600637,7.8578677,7.9049208,7.8108146,7.89551018,21190891,176981704.11
2023-12-20,600637,7.86727832,7.89551018,7.6696553,7.69788716,26678235,219697947.53
2023-12-21,600637,7.67906592,7.75435088,7.59437034,7.68847654,23364675,190380022.09
2023-12-22,600637,7.7167084,7.73552964,7.2461774,7.2932305,44414809,349572408.88
2023-12-25,600637,7.31205174,7.44380042,7.23676678,7.30264112,22555219,175149783.45
2023-12-26,600637,7.37792608,7.3873367,7.1050181,7.14266058,18412232,140887520.58
2023-12-27,600637,7.18030306,7.25558802,7.08619686,7.1050181,14836706,112453436.54
2023-12-28,600637,7.12383934,7.16148182,7.02973314,7.11442872,22097051,167064495.19
2023-12-29,600637,7.07678624,7.18971368,7.057965,7.07678624,25452828,192589847.8
2024-01-02,600637,7.08619686,7.16148182,7.07678624,7.07678624,23671880,179180612.86
2024-01-03,600637,7.07678624,7.20853492,7.04855438,7.18971368,26024090,198052084.7
2024-01-04,600637,7.18030306,7.1991243,7.08619686,7.12383934,17951297,135998867.04
2024-01-05,600637,7.13324996,7.16148182,6.98268004,7.02032252,17553727,132072148.71
2024-01-08,600637,7.02973314,7.02973314,6.92621632,6.93562694,14772745,109633214.5
2024-01-09,600637,6.97326942,7.02973314,6.94503756,6.99209066,15200418,112950994.93
2024-01-10,600637,6.9638588,7.00150128,6.8226995,6.8226995,14759578,107714077.53
2024-01-11,600637,6.87916322,7.0109119,6.84152074,6.97326942,15923277,117508570.78
2024-01-12,600637,6.92621632,6.97326942,6.85093136,6.86034198,13689716,100548680.9
2024-01-15,600637,6.83211012,6.94503756,6.83211012,6.8697526,12223063,89467209.32
2024-01-16,600637,6.84152074,6.87916322,6.74741454,6.8226995,14808881,106922747.74
2024-01-17,600637,6.8226995,6.8697526,6.74741454,6.74741454,14919807,108193263.08
2024-01-18,600637,6.7285933,6.7756464,6.50273842,6.66271896,27187208,191033177.77
2024-01-19,600637,6.6815402,6.81328888,6.64389772,6.74741454,20139944,144566708.86
2024-01-22,600637,6.69095082,6.7285933,6.22041982,6.24865168,37633701,258293842.7
2024-01-23,600637,6.27688354,6.3992216,6.22041982,6.37098974,26267231,176355047.97
2024-01-24,600637,6.3992216,6.6344871,6.37098974,6.61566586,31721341,219106366.1
2024-01-25,600637,6.65330834,6.98268004,6.6344871,6.97326942,32999260,239989669.53
2024-01-26,600637,6.97326942,7.12383934,6.92621632,7.03914376,31260585,233770081.99
2024-01-29,600637,7.057965,7.1050181,6.87916322,6.90739508,26896064,198672608.42
2024-01-30,600637,6.78505702,6.78505702,6.55920214,6.56861276,36017791,255319756.94
2024-01-31,600637,6.587434,6.70977206,6.42745346,6.42745346,32581206,226553038.58
2024-02-01,600637,6.3992216,6.54979152,6.2580623,6.3992216,32490470,220999975.8
2024-02-02,600637,6.3992216,6.587434,6.14513486,6.33334726,34399752,233643651.44
2024-02-05,600637,6.2580623,6.2580623,5.70283572,5.8816375,49438932,311501427.41
2024-02-06,600637,5.8345844,6.36157912,5.6934251,6.3521685,43770526,281320277.52
2024-02-07,600637,6.3051154,6.70036144,6.22983044,6.6815402,56223921,389032978.41
2024-02-08,600637,6.66271896,7.00150128,6.66271896,6.70036144,57260108,414941076.26
2024-02-19,600637,6.81328888,6.81328888,6.587434,6.66271896,42050022,297585361.7
2024-02-20,600637,6.6344871,6.70036144,6.56861276,6.67212958,33353820,235402282.73
2024-02-21,600637,6.66271896,6.85093136,6.60625524,6.6815402,37105238,265482699.58
2024-02-22,600637,6.67212958,6.78505702,6.66271896,6.7285933,24879988,177739896.42
2024-02-23,600637,6.74741454,6.8226995,6.67212958,6.8226995,32912634,236197405.21
2024-02-26,600637,6.83211012,6.8697526,6.7285933,6.78505702,29647873,214173054.02
2024-02-27,600637,6.76623578,6.95444818,6.7285933,6.95444818,28463197,207526494.57
2024-02-28,600637,6.94503756,7.1050181,6.74741454,6.75682516,36570629,269701942.27
2024-02-29,600637,6.74741454,6.97326942,6.74741454,6.9638588,29250507,214072036.86
2024-03-01,600637,6.94503756,7.0109119,6.86034198,6.95444818,24616901,181118951.23
2024-03-04,600637,6.94503756,6.98268004,6.84152074,6.94503756,24609513,180760363.92
2024-03-05,600637,6.89798446,7.13324996,6.86034198,7.00150128,35599407,265092383.56
2024-03-06,600637,6.93562694,6.99209066,6.8226995,6.87916322,27909237,204653529.28
2024-03-07,600637,6.87916322,6.92621632,6.73800392,6.73800392,23248455,168492637.51
2024-03-08,600637,6.74741454,6.8226995,6.69095082,6.78505702,19383326,139278045.76
2024-03-11,600637,6.78505702,6.83211012,6.74741454,6.83211012,17540776,126570522.23
2024-03-12,600637,6.83211012,6.90739508,6.78505702,6.87916322,21825086,158857999.32
2024-03-13,600637,6.8697526,7.00150128,6.8226995,6.92621632,26759437,196914059.11
2024-03-14,600637,6.89798446,6.9168057,6.78505702,6.83211012,19672849,143391980.62
2024-03-15,600637,6.83211012,6.93562694,6.80387826,6.90739508,23943419,174851088.21
2024-03-18,600637,6.9168057,7.02032252,6.89798446,7.0109119,25331405,187356825.83
2024-03-19,600637,7.03914376,7.1050181,6.9168057,6.9168057,28179685,209669838.51
2024-03-20,600637,6.92621632,7.1050181,6.90739508,7.08619686,29207014,218120944.05
2024-03-21,600637,7.11442872,7.27440926,7.1050181,7.1520712,40904729,312785141.1
2024-03-22,600637,7.1520712,7.28381988,7.00150128,7.23676678,44665839,339905847.85
2024-03-25,600637,7.39674732,7.49085352,6.99209066,7.0109119,51880691,397474571.19
2024-03-26,600637,6.99209066,7.06737562,6.78505702,6.8226995,35329230,258965350.5
2024-03-27,600637,6.85093136,6.89798446,6.64389772,6.65330834,30510894,218696297.18
2024-03-28,600637,6.6344871,6.8697526,6.6344871,6.8226995,28818669,207472615.72
2024-03-29,600637,6.79446764,6.8226995,6.70977206,6.7756464,18736159,134345537.53
2024-04-01,600637,6.8226995,7.03914376,6.81328888,7.03914376,27907440,206534486.85
2024-04-02,600637,7.03914376,7.04855438,6.9168057,6.9638588,20447169,151294795.29
2024-04-03,600637,6.97326942,7.00150128,6.83211012,6.87916322,19546358,142932606.31
2024-04-08,600637,6.8697526,6.9168057,6.73800392,6.73800392,19678598,142014712.04
2024-04-09,600637,6.74741454,6.78505702,6.69095082,6.70977206,16859259,120401918.89
2024-04-10,600637,6.70977206,6.70977206,6.4933278,6.5403809,24445091,171111442.97
2024-04-11,600637,6.52155966,6.79446764,6.51214904,6.71918268,27101310,192993907.96
2024-04-12,600637,6.70977206,6.74741454,6.57802338,6.57802338,18149406,127884859.81
2024-04-15,600637,6.60625524,6.70036144,6.46509594,6.62507648,21990264,154396829.44
2024-04-16,600637,6.587434,6.70036144,6.45568532,6.48391718,26393813,183765006.83
2024-04-17,600637,6.52155966,6.70036144,6.52155966,6.66271896,23820642,167656470.07
2024-04-18,600637,6.66271896,6.7285933,6.59684462,6.65330834,18344941,129866858.77
2024-04-19,600637,6.6344871,6.69095082,6.61566586,6.64389772,18176971,128572241.67
2024-04-22,600637,6.61566586,6.62507648,6.41804284,6.4462747,32327522,222718430.12
2024-04-23,600637,6.43686408,6.54979152,6.43686408,6.4462747,19291976,133016797.39
2024-04-24,600637,6.47450656,6.52155966,6.36157912,6.51214904,15599011,106974915.81
2024-04-25,600637,6.46509594,6.51214904,6.42745346,6.46509594,15389255,105729453.78
2024-04-26,600637,6.4462747,6.65330834,6.4462747,6.64389772,26011583,181720864.81
2024-04-29,600637,6.67212958,6.84152074,6.66271896,6.83211012,30733545,221663493.77
2024-04-30,600637,6.75682516,6.75682516,6.4462747,6.4933278,58599672,405763411.24
2024-05-06,600637,6.5403809,6.6344871,6.53097028,6.54979152,41176725,287694961.04
2024-05-07,600637,6.55920214,6.60625524,6.4933278,6.52155966,22989809,159598434.71
2024-05-08,600637,6.4933278,6.51214904,6.38040036,6.38981098,25733884,175436498.36
2024-05-09,600637,6.38981098,6.46509594,6.38040036,6.43686408,18770027,128148660.83
2024-05-10,600637,6.42745346,6.50273842,6.36157912,6.37098974,22512293,153113049.21
2024-05-13,600637,6.36157912,6.36157912,6.26747292,6.31452602,23780112,159190344.86
2024-05-14,600637,6.31452602,6.38040036,6.29570478,6.32393664,17243290,116066808.62
2024-05-15,600637,6.32393664,6.33334726,6.26747292,6.28629416,14971617,100144739.51
2024-05-16,600637,6.29570478,6.40863222,6.28629416,6.32393664,23963619,161869644.21
2024-05-17,600637,6.34275788,6.37098974,6.28629416,6.37098974,19884147,133484459.17
2024-05-20,600637,6.37098974,6.40863222,6.34275788,6.37098974,19819613,134301045.57
2024-05-21,600637,6.38040036,6.41804284,6.31452602,6.33334726,17194892,116207102.52
2024-05-22,600637,6.33334726,6.34275788,6.28629416,6.3051154,15845902,106123311.49
2024-05-23,600637,6.29570478,6.3051154,6.14513486,6.15454548,27958626,184000840.34
2024-05-24,600637,6.116903,6.2110092,6.116903,6.14513486,14542081,95300050.03
2024-05-27,600637,6.17336672,6.18277734,6.08867114,6.15454548,12705035,82720136.58
2024-05-28,600637,6.13572424,6.15454548,6.0698499,6.0698499,14510439,94077818.06
2024-05-29,600637,6.06043928,6.116903,6.04161804,6.0698499,11208861,72431550.15
2024-05-30,600637,6.0698499,6.15454548,6.04161804,6.12631362,14830429,96497794.89
2024-05-31,600637,6.13572424,6.20159858,6.13572424,6.15454548,16040033,105199051.88
2024-06-03,600637,6.17336672,6.17336672,6.05102866,6.09808176,16637493,107990923.74
2024-06-04,600637,6.07926052,6.13572424,6.05102866,6.12631362,11880695,77021935.01
2024-06-05,600637,6.13572424,6.13572424,6.01338618,6.0227968,13306600,85815357.67
2024-06-06,600637,6.05102866,6.06043928,5.90986936,5.9286906,21696220,137356510.44
2024-06-07,600637,5.9757437,6.116903,5.96633308,6.10749238,20354710,130890644.04
2024-06-11,600637,6.0698499,6.07926052,5.94751184,5.95692246,19750662,125638668.35
2024-06-12,600637,5.9757437,6.04161804,5.94751184,5.98515432,14224923,90653544.76
2024-06-13,600637,5.99456494,6.03220742,5.9286906,5.93810122,13639687,86354628.5
2024-06-14,600637,5.93810122,5.9757437,5.85340564,5.94751184,20034395,126006003.74
2024-06-17,600637,5.9286906,6.00397556,5.90986936,5.94751184,13478265,85333219.62
2024-06-18,600637,5.9286906,6.01338618,5.91927998,5.9757437,11885789,75392698.32
2024-06-19,600637,5.98515432,5.99456494,5.85340564,5.87222688,16843897,105487253.68
2024-06-20,600637,5.87222688,5.87222688,5.7404782,5.74988882,16785308,103184544.14
2024-06-21,600637,5.7404782,5.82517378,5.73106758,5.7875313,11214499,68945636.02
2024-06-24,600637,5.75929944,5.75929944,5.62755076,5.65578262,17717489,106832691.68
2024-06-25,600637,5.65578262,5.68401448,5.58049766,5.60872952,12701559,76026248.11
2024-06-26,600637,5.60872952,5.82517378,5.58049766,5.7404782,18541457,112101854.76
2024-06-27,600637,5.73106758,5.77812068,5.6934251,5.70283572,13544641,82439966.16
2024-06-28,600637,5.70283572,5.80635254,5.70283572,5.72165696,15333850,93596710.25
2024-07-01,600637,5.72165696,5.74988882,5.66519324,5.73106758,11391792,69193448.23
2024-07-02,600637,5.7404782,5.7875313,5.70283572,5.75929944,10753550,65759985.24
2024-07-03,600637,5.74988882,5.79694192,5.72165696,5.7404782,9099671,55751683.72
2024-07-04,600637,5.75929944,5.76871006,5.61814014,5.63696138,12502747,75347085.46
2024-07-05,600637,5.646372,5.7404782,5.62755076,5.72165696,12222802,74013884.43
2024-07-08,600637,5.6934251,5.72165696,5.5522658,5.56167642,13503602,80545941.4
2024-07-09,600637,5.56167642,5.65578262,5.49580208,5.62755076,16579901,98325233.34
2024-07-10,600637,5.62755076,5.67460386,5.56167642,5.56167642,12519741,74659817.14
2024-07-11,600637,5.62755076,5.71224634,5.5993189,5.70283572,16059217,96809029.71
2024-07-12,600637,5.70283572,5.71224634,5.63696138,5.65578262,11793492,70997977.29
2024-07-15,600637,5.65578262,5.68401448,5.58990828,5.62755076,10533084,63093181.86
2024-07-16,600637,5.66635928,5.69546729,5.6275486,5.65665661,10621209,61873895.48
2024-07-17,600637,5.68576462,5.92833137,5.67606195,5.74398064,23791625,141774051.92
2024-07-18,600637,5.7245753,5.77308865,5.6275486,5.76338598,16348290,96032591.87
2024-07-19,600637,5.74398064,5.83130467,5.7245753,5.821602,15766825,94176420.54
2024-07-22,600637,5.84100734,5.84100734,5.71487263,5.76338598,14987959,88801506.99
2024-07-23,600637,5.74398064,5.78279132,5.68576462,5.68576462,11486530,67977741.43
2024-07-24,600637,5.67606195,5.70516996,5.63725127,5.64695394,9702249,56638327.96
2024-07-25,600637,5.64695394,5.77308865,5.60814326,5.73427797,13774470,81080459.41
2024-07-26,600637,5.7245753,5.86041268,5.71487263,5.85071001,15168684,90700773.68
2024-07-29,600637,5.85071001,5.96714205,5.81189933,5.94773671,19779540,120598553.81
2024-07-30,600637,5.92833137,6.07387142,5.9186287,6.06416875,21975167,136369079.31
2024-07-31,600637,6.04476341,6.18060079,6.02535807,6.16119545,24299840,153862671.67
2024-08-01,600637,6.17089812,6.20000613,6.1126821,6.12238477,16336074,103407657.3
2024-08-02,600637,6.1126821,6.18060079,6.08357409,6.10297943,15572073,98459576.36
2024-08-05,600637,6.10297943,6.21941147,6.06416875,6.10297943,22895405,145214262.56
2024-08-06,600637,6.16119545,6.19030346,6.09327676,6.16119545,15929834,100731445.04
2024-08-07,600637,6.18060079,6.18060079,6.10297943,6.1126821,10821869,68472248.71
2024-08-08,600637,6.10297943,6.20000613,6.09327676,6.15149278,15763948,99976898.93
2024-08-09,600637,6.18060079,6.20000613,6.09327676,6.10297943,11228700,71071220.4
2024-08-12,600637,6.09327676,6.13208744,6.04476341,6.10297943,9651716,60626467.2
2024-08-13,600637,6.10297943,6.12238477,6.00595273,6.07387142,11004481,68778329.52
2024-08-14,600637,6.09327676,6.13208744,6.05446608,6.07387142,13464005,84624577.64
2024-08-15,600637,6.05446608,6.18060079,6.03506074,6.1126821,14192390,89468470.72
2024-08-16,600637,6.13208744,6.14179011,6.05446608,6.06416875,9790716,61365990.7
2024-08-19,600637,6.06416875,6.12238477,6.04476341,6.08357409,9049945,56780051.89
2024-08-20,600637,6.09327676,6.12238477,5.96714205,6.0156554,13783254,85630884.76
2024-08-21,600637,6.05446608,6.15149278,5.97684472,5.98654739,16612287,103540717.09
2024-08-22,600637,5.99625006,6.00595273,5.84100734,5.85071001,14330336,87236214.11
2024-08-23,600637,5.85071001,5.9186287,5.821602,5.89922336,10729603,64975316.53
2024-08-26,600637,5.93803404,5.94773671,5.83130467,5.88952069,9875657,60008066.35
2024-08-27,600637,5.87981802,5.88952069,5.78279132,5.81189933,9705358,58182187.34
2024-08-28,600637,5.86041268,6.0156554,5.79249399,5.95743938,19526201,119245546.13
2024-08-29,600637,5.97684472,6.0156554,5.90892603,5.96714205,13974978,85862845.96
2024-08-30,600637,5.95743938,6.17089812,5.94773671,6.08357409,41610663,261601158.17
2024-09-02,600637,6.13208744,6.13208744,5.95743938,5.95743938,17463462,108556729.64
2024-09-03,600637,5.98654739,6.04476341,5.95743938,6.0156554,10717550,66349215.54
2024-09-04,600637,5.98654739,6.03506074,5.94773671,5.96714205,10683327,65912091.79
2024-09-05,600637,5.99625006,6.07387142,5.96714205,6.05446608,11019279,68561290.67
2024-09-06,600637,6.07387142,6.1126821,6.0156554,6.03506074,9953263,62165580.88
2024-09-09,600637,6.03506074,6.12238477,6.00595273,6.05446608,13650962,85343325.1
2024-09-10,600637,6.07387142,6.09327676,5.9186287,6.08357409,13750699,85041245.81
2024-09-11,600637,6.05446608,6.06416875,5.92833137,5.96714205,9665979,59617398.08
2024-09-12,600637,5.94773671,6.06416875,5.94773671,6.00595273,11046781,68506606.75
2024-09-13,600637,6.04476341,6.05446608,5.98654739,5.99625006,9307147,57768531.69
2024-09-18,600637,6.1126821,6.17089812,5.92833137,5.99625006,19393697,120676919.95
2024-09-19,600637,5.99625006,6.1126821,5.9186287,6.06416875,17884602,111144370.55
2024-09-20,600637,6.07387142,6.12238477,6.02535807,6.09327676,13012253,81461616.45
2024-09-23,600637,6.1126821,6.14179011,6.06416875,6.13208744,10637679,67083926.03
2024-09-24,600637,6.16119545,6.28733016,6.15149278,6.28733016,24725823,158654283.8
2024-09-25,600637,6.36495152,6.52989691,6.33584351,6.4037622,39440034,262259703.7
2024-09-26,600637,6.43287021,6.55900492,6.41346487,6.55900492,31555532,211116687.99
2024-09-27,600637,6.60751827,6.75305832,6.58811293,6.70454497,32313228,222189471.31
2024-09-30,600637,6.97621973,7.33521852,6.97621973,7.28670517,76021575,561640217.36
2024-10-08,600637,8.01440542,8.01440542,7.33521852,7.5680826,103792023,818953575.78
2024-10-09,600637,7.46135323,7.46135323,7.02473308,7.02473308,70853565,526138349.32
2024-10-10,600637,7.13146245,7.23819182,6.89859837,7.04413842,41022968,298992712.19
2024-10-11,600637,7.06354376,7.12175978,6.86949036,6.94711172,34311061,247852208.61
2024-10-14,600637,6.95681439,7.04413842,6.81127434,6.95681439,33078927,235882863.96
2024-10-15,600637,6.93740905,7.00532774,6.84038235,6.84038235,28646062,204222369.77
2024-10-16,600637,6.81127434,6.9859224,6.78216633,6.87919303,25875171,183757468.13
2024-10-17,600637,6.8888957,6.95681439,6.81127434,6.81127434,22296254,158130219.14
2024-10-18,600637,6.82097701,7.03443575,6.75305832,6.92770638,38196713,271966719.44
2024-10-21,600637,6.94711172,7.04413842,6.91800371,6.93740905,36253833,260717887.41
2024-10-22,600637,6.93740905,7.1799758,6.93740905,7.02473308,38929955,282894568.52
2024-10-23,600637,6.99562507,7.15086779,6.96651706,7.0829491,33200529,241771871.63
2024-10-24,600637,7.06354376,7.07324643,6.9859224,7.05384109,19524155,141353850.55
2024-10-25,600637,7.05384109,7.24789449,7.03443575,7.22848915,40120877,295969812.14
2024-10-28,600637,7.24789449,7.4710559,7.22848915,7.40313721,44682163,339749246.57
2024-10-29,600637,7.52927192,7.54867726,7.26729983,7.28670517,38535035,292268309.72
2024-10-30,600637,7.25759716,7.38373187,7.22848915,7.36432653,29470007,222072327.94
2024-10-31,600637,7.3740292,7.86886537,7.33521852,7.67481197,72759278,571290883.68
2024-11-01,600637,7.68451464,7.72332532,7.41283988,7.55837993,43204479,335597117.7
2024-11-04,600637,7.53897459,7.82035202,7.53897459,7.71362265,51370177,407071758.77
2024-11-05,600637,7.73302799,7.99500008,7.67481197,7.9561894,68322728,554340376.85
2024-11-06,600637,8.03381076,8.75180834,8.02410809,8.75180834,188805041,1683244394.35
2024-11-07,600637,8.65478164,8.65478164,8.27637751,8.42191756,174377204,1510885731.71
2024-11-08,600637,8.45102557,8.90705106,8.38310688,8.51894426,130974731,1167164716.1
2024-11-11,600637,8.5383496,8.75180834,8.49953892,8.61597096,102551116,911357020.24
2024-11-12,600637,8.68388965,8.68388965,8.22786416,8.28608018,87461874,758053099.43
2024-11-13,600637,8.27637751,8.60626829,8.2472695,8.4413229,72770667,633756139.25
2024-11-14,600637,8.39280955,8.45102557,8.15994547,8.19875615,49991571,428141750.39
2024-11-15,600637,8.1502428,8.28608018,8.08232411,8.11143212,43755392,369867234.29
2024-11-18,600637,8.19875615,8.29578285,8.00470275,8.07262144,51964513,435808282.81
2024-11-19,600637,8.0532161,8.08232411,7.82035202,8.01440542,44911469,367936404.21
2024-11-20,600637,8.02410809,8.29578285,7.96589207,8.20845882,52626450,441689837.1
2024-11-21,600637,8.21816149,8.33459353,8.06291877,8.14054013,38500049,323884624.28
2024-11-22,600637,8.10172945,8.25697217,7.88827071,7.89797338,46249495,386376889.99
2024-11-25,600637,7.90767605,8.00470275,7.73302799,7.94648673,38567449,312191643.51
2024-11-26,600637,7.93678406,8.02410809,7.84946003,7.86886537,27404424,223839543.06
2024-11-27,600637,7.84946003,8.19875615,7.74273066,8.17935081,55431984,455618802.17
2024-11-28,600637,8.3442962,8.43162023,8.09202678,8.10172945,64630671,549448280.92
2024-11-29,600637,8.0532161,8.1502428,7.90767605,8.0532161,50232175,416433310.87
2024-12-02,600637,8.02410809,8.21816149,8.01440542,8.15994547,38633527,324274394.68
2024-12-03,600637,8.1502428,8.16964814,8.01440542,8.11143212,38770958,322677637.11
2024-12-04,600637,8.08232411,8.10172945,7.88827071,7.92708139,31862103,261584217.12
2024-12-05,600637,7.91737872,8.0532161,7.90767605,8.02410809,26403287,217905465.49
2024-12-06,600637,8.0532161,8.2472695,8.00470275,8.19875615,48071850,404210675.52
2024-12-09,600637,8.19875615,8.29578285,8.04351343,8.11143212,34814643,292578422.8
2024-12-10,600637,8.27637751,8.30548552,8.08232411,8.10172945,38483894,325185946.01
2024-12-11,600637,8.1502428,8.38310688,8.1502428,8.29578285,61339965,523944850.95
2024-12-12,600637,8.29578285,8.30548552,8.14054013,8.23756683,37981634,321426513.97
2024-12-13,600637,8.22786416,8.40251222,8.19875615,8.29578285,60195262,514929876.71
2024-12-16,600637,8.3442962,8.37340421,8.16964814,8.2472695,44186300,375918813.51
2024-12-17,600637,8.21816149,8.21816149,7.94648673,7.98529741,39190219,324166206.42
2024-12-18,600637,8.02410809,8.11143212,7.96589207,8.00470275,24540028,203334706.84
2024-12-19,600637,7.98529741,8.06291877,7.83975736,8.03381076,26604147,218111727.6
2024-12-20,600637,8.02410809,8.07262144,7.96589207,7.98529741,23414905,193154332.38
2024-12-23,600637,7.96589207,8.00470275,7.73302799,7.74273066,32633099,263325160.36
2024-12-24,600637,7.78154134,7.81064935,7.70391998,7.77183867,21950219,175350578.86
2024-12-25,600637,7.75243333,7.81064935,7.59719061,7.78154134,31524379,249741024.67
2024-12-26,600637,7.78154134,7.84946003,7.64570396,7.6651093,24310113,193805949.34
2024-12-27,600637,7.64570396,7.82035202,7.59719061,7.73302799,25076600,200468544.3
2024-12-30,600637,7.70391998,7.78154134,7.61659595,7.74273066,17071441,135924756.34
2024-12-31,600637,7.74273066,7.81064935,7.51956925,7.52927192,26058305,205013539.17
2025-01-02,600637,7.52927192,7.59719061,7.24789449,7.30611051,33238522,254522577.92
2025-01-03,600637,7.33521852,7.36432653,7.0829491,7.12175978,32939995,243963451.97
2025-01-06,600637,7.11205711,7.17027313,7.00532774,7.0829491,21107944,153741998.37
2025-01-07,600637,7.0829491,7.12175978,7.00532774,7.11205711,19513653,142101316.04
2025-01-08,600637,7.0829491,7.17027313,6.92770638,7.03443575,22469404,162901700.4
2025-01-09,600637,7.00532774,7.14116512,6.9859224,7.02473308,19878386,144854394.82
2025-01-10,600637,7.01503041,7.06354376,6.89859837,6.90830104,14334851,103168533.02
2025-01-13,600637,6.85978769,6.92770638,6.81127434,6.86949036,16999470,120213771.22
2025-01-14,600637,6.89859837,7.10235444,6.86949036,7.07324643,22739625,164290215.12
2025-01-15,600637,7.0829491,7.13146245,7.03443575,7.09265177,18605901,135774750.31
2025-01-16,600637,7.07324643,7.2770025,7.07324643,7.10235444,19435423,143506965.54
2025-01-17,600637,7.06354376,7.14116512,7.00532774,7.09265177,14353251,104764573.05
2025-01-20,600637,7.15086779,7.21878648,7.09265177,7.12175978,15622098,115087565.13
2025-01-21,600637,7.13146245,7.17027313,7.05384109,7.12175978,12256086,89648093.17
2025-01-22,600637,7.09265177,7.10235444,7.00532774,7.06354376,12825178,93168783.63
2025-01-23,600637,7.14116512,7.22848915,7.11205711,7.14116512,21850817,161328953.83
2025-01-24,600637,7.13146245,7.2770025,7.12175978,7.22848915,20024092,148750249.84
2025-01-27,600637,7.24789449,7.32551585,7.19938114,7.20908381,18850745,141136505.74
2025-02-05,600637,7.22848915,7.29640784,7.20908381,7.26729983,18525471,138534214.83
2025-02-06,600637,7.2770025,7.99500008,7.2770025,7.68451464,100042908,797997495.63
2025-02-07,600637,7.58748794,7.72332532,7.5680826,7.67481197,47729293,376690559.46
2025-02-10,600637,7.74273066,8.07262144,7.74273066,8.0532161,68882189,563342643.77
2025-02-11,600637,8.00470275,8.03381076,7.79124401,7.92708139,53535217,434666465.76
2025-02-12,600637,7.86886537,8.01440542,7.8591627,7.91737872,37428188,306488654.93
2025-02-13,600637,7.94648673,8.01440542,7.84946003,7.93678406,35233801,288389879.63
2025-02-14,600637,7.94648673,7.97559474,7.82035202,7.9561894,31135998,253762029.2
2025-02-17,600637,7.96589207,8.04351343,7.8591627,7.90767605,35587508,291262275.32
2025-02-18,600637,7.92708139,7.92708139,7.62629862,7.64570396,40426131,323134169.87
2025-02-19,600637,7.64570396,7.72332532,7.63600129,7.71362265,22213703,176058581.45
2025-02-20,600637,7.68451464,7.72332532,7.62629862,7.62629862,20466160,161561399.58
2025-02-21,600637,7.6651093,7.83975736,7.59719061,7.81064935,30077695,239979795.11
2025-02-24,600637,8.31518819,8.48013358,8.03381076,8.04351343,117134734,990085508.46
2025-02-25,600637,7.9561894,8.03381076,7.81064935,7.83005469,58008111,471359992.37
2025-02-26,600637,7.82035202,7.90767605,7.80094668,7.83005469,43121525,348469650.58
2025-02-27,600637,7.84946003,7.87856804,7.68451464,7.762136,36758041,294649453.45
2025-02-28,600637,7.69421731,7.74273066,7.46135323,7.48075857,36868173,288400701.44
2025-03-03,600637,7.50016391,7.52927192,7.40313721,7.44194789,23610823,181978279.11
2025-03-04,600637,7.42254255,7.50986658,7.40313721,7.50986658,14737699,113579547.67
2025-03-05,600637,7.48075857,7.60689328,7.41283988,7.57778527,24394826,188815868.59
2025-03-06,600637,7.59719061,8.13083746,7.59719061,7.92708139,84030870,683370081.86
2025-03-07,600637,8.23756683,8.3442962,7.86886537,7.89797338,124774964,1046587934.84
2025-03-10,600637,7.83975736,7.90767605,7.63600129,7.68451464,62531402,498482560.76
2025-03-11,600637,7.58748794,7.75243333,7.57778527,7.72332532,34455971,272870747.9
2025-03-12,600637,7.83005469,8.28608018,7.83005469,8.10172945,98372944,819899045.14
2025-03-13,600637,8.01440542,8.04351343,7.78154134,7.8591627,55221102,448985362.37
2025-03-14,600637,7.8591627,7.9561894,7.75243333,7.88827071,49908178,404811083.33
2025-03-17,600637,7.88827071,7.91737872,7.82035202,7.84946003,31149007,252012089.41
2025-03-18,600637,7.8591627,7.91737872,7.80094668,7.84946003,27496541,222451026.4
2025-03-19,600637,7.82035202,7.83975736,7.73302799,7.762136,24664573,197404027.86
2025-03-20,600637,7.75243333,7.77183867,7.6651093,7.67481197,23197221,184330014.49
2025-03-21,600637,7.65540663,7.70391998,7.5680826,7.58748794,28339832,222880912.06
2025-03-24,600637,7.61659595,7.67481197,7.51956925,7.62629862,31537162,246911975.44
2025-03-25,600637,7.64570396,7.67481197,7.54867726,7.64570396,19021007,149106749.05
2025-03-26,600637,7.62629862,7.68451464,7.62629862,7.63600129,14720989,116033051.85
2025-03-27,600637,7.61659595,7.65540663,7.53897459,7.61659595,13885438,108876271.02
2025-03-28,600637,7.60689328,7.6651093,7.54867726,7.62629862,16622624,130483955.37
2025-03-31,600637,7.57778527,7.60689328,7.40313721,7.48075857,25672450,197910133.03
2025-04-01,600637,7.4710559,7.51956925,7.44194789,7.4710559,16219287,125056563.94
2025-04-02,600637,7.46135323,7.53897459,7.45165056,7.51956925,11740661,90936933.19
2025-04-03,600637,7.4710559,7.58748794,7.44194789,7.54867726,15865589,123311717.17
2025-04-07,600637,7.2770025,7.28670517,6.791869,6.791869,48767403,350453796.12
2025-04-08,600637,6.81127434,6.96651706,6.80157167,6.91800371,30331727,215107499.73
2025-04-09,600637,6.80157167,7.12175978,6.75305832,7.03443575,36491364,260931461.5
2025-04-10,600637,7.0829491,7.18967847,7.04413842,7.12175978,24318867,178708492.78
2025-04-11,600637,7.10235444,7.20908381,7.07324643,7.13146245,17962598,132275324.71
2025-04-14,600637,7.19938114,7.21878648,7.14116512,7.18967847,15987879,118371120.22
2025-04-15,600637,7.18967847,7.23819182,7.14116512,7.15086779,13468424,99524534.7
2025-04-16,600637,7.13146245,7.19938114,7.06354376,7.15086779,13347476,98035195.85
2025-04-17,600637,7.12175978,7.19938114,7.09265177,7.15086779,13040024,96286325.16
2025-04-18,600637,7.15086779,7.20908381,7.11205711,7.18967847,10324352,76154380.4
2025-04-21,600637,7.16057046,7.19938114,7.11205711,7.18967847,16148999,119190890.09
2025-04-22,600637,7.18967847,7.23819182,7.17027313,7.21878648,16840752,124998385.37
2025-04-23,600637,7.23819182,7.29640784,7.17027313,7.1799758,14108390,104944455.05
2025-04-24,600637,7.17027313,7.18967847,7.0829491,7.12175978,15136720,111278829.86
2025-04-25,600637,7.14116512,7.18967847,7.12175978,7.13146245,12171556,89706940.08
2025-04-28,600637,7.15086779,7.16057046,7.03443575,7.10235444,12391428,90523422.44
2025-04-29,600637,7.07324643,7.17027313,7.04413842,7.15086779,11736076,86369924.09
2025-04-30,600637,7.16057046,7.20908381,7.13146245,7.14116512,14142994,104418607.19
2025-05-06,600637,7.1799758,7.24789449,7.15086779,7.23819182,19466965,144690072.17
2025-05-07,600637,7.2770025,7.30611051,7.18967847,7.20908381,17073118,127219455.49
2025-05-08,600637,7.21878648,7.24789449,7.19938114,7.22848915,13978411,104104342.92
2025-05-09,600637,7.23819182,7.23819182,7.14116512,7.14116512,14526759,107300042.19
2025-05-12,600637,7.18967847,7.19938114,7.14116512,7.18967847,11566843,85602509.5
2025-05-13,600637,7.19938114,7.25759716,7.15086779,7.16057046,17189041,127437796.91
2025-05-14,600637,7.16057046,7.23819182,7.11205711,7.18967847,18458313,136312708.91
2025-05-15,600637,7.18967847,7.18967847,7.11205711,7.12175978,15216509,112079709.01
2025-05-16,600637,7.11205711,7.14116512,7.0829491,7.11205711,11166956,81826097.24
2025-05-19,600637,7.11205711,7.20908381,7.10235444,7.18967847,16699799,123303542.95
2025-05-20,600637,7.18967847,7.23819182,7.15086779,7.21878648,14372915,106736660.48
2025-05-21,600637,7.21878648,7.21878648,7.17027313,7.18967847,10661762,78981593.03
2025-05-22,600637,7.1799758,7.19938114,7.12175978,7.14116512,12337633,91044315.42
2025-05-23,600637,7.15086779,7.17027313,7.03443575,7.03443575,15965909,116922555.28
2025-05-26,600637,7.03443575,7.11205711,7.03443575,7.10235444,12220146,89030763.99
2025-05-27,600637,7.09265177,7.10235444,7.04413842,7.0829491,7865631,57337302.51
2025-05-28,600637,7.09265177,7.10235444,7.05384109,7.07324643,7498530,54678624.83
2025-05-29,600637,7.06354376,7.16057046,7.05384109,7.15086779,12482404,91693101.72
2025-05-30,600637,7.15086779,7.16057046,7.09265177,7.10235444,14777553,108419532.34
2025-06-03,600637,7.0829491,7.2770025,7.06354376,7.18967847,21716911,161344695.44
2025-06-04,600637,7.18967847,7.21878648,7.16057046,7.18967847,14109490,104510189.89
2025-06-05,600637,7.1799758,7.30611051,7.1799758,7.30611051,27767828,207654783.18
2025-06-06,600637,7.2770025,7.29640784,7.20908381,7.22848915,15225463,113609580.45
2025-06-09,600637,7.24789449,7.26729983,7.21878648,7.22848915,14071734,105040409.95
2025-06-10,600637,7.22848915,7.24789449,7.14116512,7.19938114,18183425,134771434.42
2025-06-11,600637,7.19938114,7.30611051,7.1799758,7.28670517,23587579,176699931.6
2025-06-12,600637,7.29640784,7.36432653,7.26729983,7.34492119,23001810,173710563.9
2025-06-13,600637,7.32551585,7.34492119,7.18967847,7.19938114,18813475,140280124.41
2025-06-16,600637,7.18967847,7.26729983,7.18967847,7.23819182,13869939,103246352.46
2025-06-17,600637,7.22848915,7.26729983,7.18967847,7.24789449,13071158,97346641.44
2025-06-18,600637,7.22848915,7.22848915,7.14116512,7.15086779,12815674,94750046.82
2025-06-19,600637,7.15086779,7.17027313,7.0829491,7.09265177,14136704,103724682.34
2025-06-20,600637,7.11205711,7.14116512,7.04413842,7.04413842,13100286,95480730.24
2025-06-23,600637,7.02473308,7.0829491,7.00532774,7.04413842,11750785,85272479.06
2025-06-24,600637,7.06354376,7.16057046,7.06354376,7.13146245,18191041,133663805.44
2025-06-25,600637,7.16057046,7.22848915,7.13146245,7.22848915,22364505,165363541.81
2025-06-26,600637,7.22848915,7.26729983,7.18967847,7.23819182,18719624,139581734.78
2025-06-27,600637,7.23819182,7.28670517,7.22848915,7.24789449,16309761,121994952.22
2025-06-30,600637,7.23819182,7.2770025,7.19938114,7.24789449,18401246,137315265.94
2025-07-01,600637,7.26729983,7.28670517,7.20908381,7.22848915,13433995,100174328.7
2025-07-02,600637,7.22848915,7.24789449,7.19938114,7.22848915,12722390,94690831.07
2025-07-03,600637,7.22848915,7.2770025,7.20908381,7.22848915,11912008,88741893.11
2025-07-04,600637,7.22848915,7.25759716,7.20908381,7.21878648,16493518,122933811.49
2025-07-07,600637,7.20908381,7.2770025,7.19938114,7.26729983,15037367,112329795.25
2025-07-08,600637,7.26729983,7.31581318,7.25759716,7.30611051,16953104,127457326.65
2025-07-09,600637,7.30611051,7.35462386,7.2770025,7.32551585,26037066,196583416.21
2025-07-10,600637,7.30611051,7.36432653,7.30611051,7.35462386,17898112,135265004.93
2025-07-11,600637,7.36432653,7.45165056,7.34492119,7.44194789,35796726,273308896.57
2025-07-14,600637,7.43224522,7.45165056,7.30611051,7.33521852,33114435,250672990.59
2025-07-15,600637,7.32551585,7.33521852,7.23819182,7.26729983,22959025,172223222.41
2025-07-16,600637,7.30706865,7.5556084,7.26730229,7.3567766,37985989,282207289.62
2025-07-17,600637,7.48601727,7.69479066,7.41642614,7.54566681,62973652,478697095.31
2025-07-18,600637,7.53572522,7.58543317,7.49595886,7.57549158,31236928,236965398.34
2025-07-21,600637,7.53572522,7.66496589,7.52578363,7.61525794,37671213,288050027.85
2025-07-22,600637,7.61525794,7.92344723,7.60531635,7.83397292,91206783,716241040.72
2025-07-23,600637,7.79420656,7.84391451,7.72461543,7.73455702,48068558,375943252.17
2025-07-24,600637,7.7544402,7.82403133,7.73455702,7.77432338,35895580,280727829.52
2025-07-25,600637,7.80414815,7.93338882,7.74449861,7.87373928,43065444,339490137.74
2025-07-28,600637,7.88368087,7.98309677,7.82403133,7.84391451,48101793,381451119.63
2025-07-29,600637,7.82403133,7.83397292,7.70473225,7.82403133,39789183,311102608.69
2025-07-30,600637,7.82403133,7.88368087,7.74449861,7.80414815,31717120,249476922.44
2025-07-31,600637,7.77432338,7.80414815,7.62519953,7.6550243,32557827,252001739.35
2025-08-01,600637,7.64508271,7.72461543,7.62519953,7.71467384,22623188,174454648.79
2025-08-04,600637,7.6550243,7.69479066,7.62519953,7.68484907,21539140,165860327.33
2025-08-05,600637,7.70473225,7.88368087,7.6550243,7.73455702,41142631,321275216.52
2025-08-06,600637,7.73455702,7.73455702,7.64508271,7.72461543,26578176,205581606.9
2025-08-07,600637,7.70473225,7.84391451,7.69479066,7.83397292,36535167,285703290.84
2025-08-08,600637,7.83397292,7.91350564,7.7544402,7.81408974,37341839,293731505.59
2025-08-11,600637,7.8538561,7.91350564,7.81408974,7.84391451,28302457,223877206.53
2025-08-12,600637,7.83397292,7.86379769,7.80414815,7.81408974,20643305,162438340.68
2025-08-13,600637,7.83397292,7.89362246,7.79420656,7.82403133,31668166,249681137.3
2025-08-14,600637,7.83397292,7.94333041,7.74449861,7.76438179,41135457,324847132.8
2025-08-15,600637,7.7544402,8.03280472,7.74449861,7.953272,54557503,434139101.8
2025-08-18,600637,7.953272,8.11233744,7.93338882,8.02286313,62980361,509408327.6
2025-08-19,600637,8.0526879,8.09245426,8.00297995,8.06262949,41289116,334192178.51
2025-08-20,600637,8.04274631,8.10239585,7.97315518,8.09245426,41818223,338372662.34
2025-08-21,600637,8.11233744,8.65912489,8.10239585,8.47023468,115617661,989885964.23
2025-08-22,600637,8.83807351,9.31526983,8.71877443,9.31526983,114413361,1063290019.2
2025-08-25,600637,9.5439264,9.6433423,8.90766464,8.95737259,251625947,2328645323.8
2025-08-26,600637,8.91760623,9.36497778,8.91760623,9.09655485,164258347,1508180575.91
2025-08-27,600637,9.03690531,9.12637962,8.72871602,8.72871602,111486660,1002296565.39
2025-08-28,600637,8.89772305,9.12637962,8.82813192,9.07667167,123743735,1119106319.15
2025-08-29,600637,9.08661326,9.08661326,8.78836556,8.80824874,82999333,743650042.32
2025-09-01,600637,8.88778146,9.03690531,8.80824874,8.99713895,64307610,579322746.92
2025-09-02,600637,8.95737259,9.01702213,8.72871602,8.77842397,65875929,583811011.27
2025-09-03,600637,8.82813192,8.8480151,8.4503515,8.50005945,57191256,495189554.04
2025-09-04,600637,8.51000104,8.53982581,8.20181175,8.32111083,51720120,436409176.6
2025-09-05,600637,8.32111083,8.3509356,8.19187016,8.34099401,45349181,377080702.08
2025-09-08,600637,8.33105242,8.56965058,8.29128606,8.55970899,44159435,375095051.01
2025-09-09,600637,9.1462628,9.20591234,8.58953376,8.77842397,180940213,1610103330.6
2025-09-10,600637,8.57959217,8.71877443,8.43046832,8.48017627,98253029,842458232.64
2025-09-11,600637,8.4503515,8.68894966,8.27140288,8.63924171,83785842,717480883.59
2025-09-12,600637,8.62930012,8.80824874,8.61935853,8.66906648,63160030,552764512.13
2025-09-15,600637,8.66906648,8.71877443,8.49011786,8.65912489,46301889,400502755.96
2025-09-16,600637,8.60941694,8.67900807,8.52988422,8.57959217,40630709,351126991.25
2025-09-17,600637,8.57959217,8.57959217,8.47023468,8.51000104,32684785,279798264.34
2025-09-18,600637,8.51000104,8.78836556,8.39070196,8.49011786,66690897,575543043.99
2025-09-19,600637,8.43046832,8.53982581,8.3509356,8.48017627,41322548,351264934.6
2025-09-22,600637,8.44040991,8.69889125,8.30122765,8.51000104,55546413,471915836.09
2025-09-23,600637,8.65,9.01,8.3,8.87,98014821,846534515.58
2025-09-24,600637,8.83,9.76,8.75,9.76,165909569,1575258850.39
2025-09-25,600637,10.06,10.35,9.55,9.87,321577704,3187178093.66
2025-09-26,600637,9.8,10.24,9.74,9.8,168891975,1676127747.69
2025-09-29,600637,9.88,10.5,9.86,10.15,167373793,1705537699.92
2025-09-30,600637,10.14,10.35,10.0,10.31,138373314,1413071734.02
2025-10-09,600637,10.4,10.44,10.05,10.08,140775757,1430389802.64
2025-10-10,600637,10.09,10.16,9.85,9.91,113377797,1127739114.71
2025-10-13,600637,9.53,9.78,9.5,9.59,85425891,821516715.57
2025-10-14,600637,9.58,9.66,9.22,9.26,83722215,789562170.12
2025-10-15,600637,9.27,9.39,9.22,9.32,50884959,473357884.93
2025-10-16,600637,9.36,9.36,9.16,9.2,48420326,446893095.76
2025-10-17,600637,9.18,9.23,8.9,8.91,54378149,491729215.37
2025-10-20,600637,9.0,9.16,8.94,9.05,48491983,440451824.27
2025-10-21,600637,9.06,9.14,9.02,9.1,33248614,302564469.87
2025-10-22,600637,9.11,9.3,9.07,9.14,58346193,535454214.22
2025-10-23,600637,9.1,9.11,8.96,9.05,42438692,382870415.45
2025-10-24,600637,9.09,9.16,9.03,9.13,40161286,365388634.67
2025-10-27,600637,9.18,9.29,9.14,9.16,43081548,396431094.36
2025-10-28,600637,9.16,9.21,9.05,9.07,37182691,339443269.78
2025-10-29,600637,9.09,9.11,9.0,9.09,35175372,318650342.2
2025-10-30,600637,9.11,9.37,8.96,9.18,73440218,671348247.95
2025-10-31,600637,9.12,10.09,9.09,9.7,161115852,1547367925.96
2025-11-03,600637,10.0,10.67,9.87,10.67,200966840,2110036955.56
2025-11-04,600637,10.86,10.86,10.41,10.54,283642753,3012726274.96
2025-11-05,600637,10.3,10.73,10.2,10.6,174112409,1831142346.2
2025-11-06,600637,10.42,10.56,10.17,10.19,151998324,1560927829.61
2025-11-07,600637,10.19,10.22,9.95,10.02,89040592,894901171.45
2025-11-10,600637,10.05,10.12,9.93,9.94,68025709,679527063.97
2025-11-11,600637,10.0,10.19,9.91,10.05,91433317,921364045.22
2025-11-12,600637,10.01,10.05,9.75,9.9,75192918,742269037.77
2025-11-13,600637,9.87,9.97,9.85,9.92,47038441,466357052.63
2025-11-14,600637,9.86,10.36,9.82,10.17,123352997,1253699373.78
2025-11-17,600637,10.11,10.21,10.02,10.09,64961123,655526771.95
2025-11-18,600637,10.04,10.4,9.99,10.12,92931891,947093583.61
2025-11-19,600637,10.02,10.1,9.75,9.82,79194074,783823090.44
2025-11-20,600637,9.86,9.87,9.58,9.6,61669281,596458212.13
2025-11-21,600637,9.49,9.71,9.2,9.24,72224773,679445142.96
2025-11-24,600637,9.32,9.59,9.23,9.5,65139616,612287779.58
2025-11-25,600637,9.48,9.96,9.43,9.79,90616923,884267138.39
2025-11-26,600637,9.78,9.94,9.71,9.74,65138410,638864475.52
2025-11-27,600637,9.72,9.79,9.56,9.56,48729658,471798447.12
2025-11-28,600637,9.55,9.73,9.49,9.72,38547226,370884651.0
2025-12-01,600637,10.15,10.48,10.06,10.07,126524529,1290808082.74
2025-12-02,600637,10.17,10.2,9.83,9.84,57023904,565484110.31
2025-12-03,600637,9.83,9.94,9.69,9.7,43714154,427005940.05
2025-12-04,600637,9.74,10.09,9.72,9.88,78664656,778324204.2
2025-12-05,600637,9.87,10.1,9.78,10.07,79044474,790547662.86
2025-12-08,600637,10.11,10.44,10.11,10.19,112414860,1154670113.27
2025-12-09,600637,10.08,10.19,9.97,9.98,61488562,617744828.08
2025-12-10,600637,9.91,10.15,9.82,9.94,63186220,629209877.79
2025-12-11,600637,9.95,9.96,9.6,9.62,65300413,634789458.51
2025-12-12,600637,9.61,9.89,9.59,9.76,46969154,457558106.29
2025-12-15,600637,9.72,9.72,9.44,9.46,50912564,484832966.99
2025-12-16,600637,9.45,9.45,9.07,9.08,54711954,502163861.92
2025-12-17,600637,9.07,9.18,9.0,9.16,37065736,336887535.72
2025-12-18,600637,9.09,9.42,9.08,9.25,40628390,376249777.26
2025-12-19,600637,9.25,9.42,9.2,9.38,36438127,340315323.06
2025-12-22,600637,9.38,9.42,9.33,9.35,30512060,286235119.56
2025-12-23,600637,9.31,9.35,9.17,9.2,30984052,286308048.79
2025-12-24,600637,9.15,9.47,9.15,9.43,44747616,418052603.88
2025-12-25,600637,9.38,9.5,9.35,9.46,35166180,330779009.06
2025-12-26,600637,9.47,9.68,9.4,9.43,50355351,478998169.7
2025-12-29,600637,9.45,10.15,9.45,9.98,118804521,1165834123.71
2025-12-30,600637,9.9,9.9,9.67,9.67,68249182,666801333.54
2025-12-31,600637,9.65,9.98,9.62,9.85,68410757,669825533.24
2026-01-05,600637,9.8,9.92,9.71,9.87,56335386,553274794.95
2026-01-06,600637,9.85,10.1,9.8,10.01,78231102,781908786.75
2026-01-07,600637,10.54,11.01,10.54,11.01,167057474,1828903086.98
2026-01-08,600637,11.68,12.11,11.51,12.11,163058525,1947159245.3
2026-01-09,600637,13.32,13.32,13.0,13.32,175544345,2330335006.9
2026-01-12,600637,14.65,14.65,14.5,14.65,97723575,1431308180.13
2026-01-13,600637,16.12,16.12,14.08,15.39,593526220,8987115208.96
2026-01-14,600637,15.4,15.99,14.21,14.86,501119108,7626428678.36
2026-01-15,600637,14.29,15.4,14.17,14.9,319371510,4741549794.83
2026-01-16,600637,14.29,14.88,13.41,13.41,258006403,3614729574.3
2026-01-19,600637,12.95,13.12,12.07,12.07,277569315,3428999222.63
2026-01-20,600637,12.39,12.45,11.7,11.8,182983888,2183032649.03
2026-01-21,600637,11.77,11.97,11.65,11.7,128872571,1518375037.01
2026-01-22,600637,11.79,11.92,11.66,11.87,112009433,1322849760.63
2026-01-23,600637,12.05,12.69,11.89,12.4,225626602,2776317909.37
2026-01-26,600637,12.48,12.73,11.77,11.88,149864191,1814943890.67
2026-01-27,600637,11.8,11.98,11.54,11.82,95938518,1122828260.58
2026-01-28,600637,11.82,11.91,11.55,11.59,77706153,907014786.51
2026-01-29,600637,11.52,12.07,11.31,11.72,120340458,1422453114.43
2026-01-30,600637,11.61,11.7,11.23,11.36,93246199,1064037730.91
2026-02-02,600637,11.38,11.53,11.11,11.12,71548676,810508664.32
2026-02-03,600637,11.27,11.54,11.27,11.53,72664079,831323553.13
2026-02-04,600637,11.44,11.48,11.27,11.37,57821260,656752110.91
2026-02-05,600637,11.28,11.44,11.28,11.33,53569431,608172820.56
2026-02-06,600637,11.32,11.43,11.16,11.29,58993239,667861684.94
2026-02-09,600637,11.46,11.75,11.45,11.75,97418329,1134768134.04
2026-02-10,600637,11.74,12.11,11.66,11.94,165199238,1967852885.88
2026-02-11,600637,11.8,11.85,11.67,11.7,83756124,982375576.4
2026-02-12,600637,11.65,11.72,11.49,11.65,75286161,872734939.64
2026-02-13,600637,11.6,11.67,11.4,11.41,66432652,764047979.45
2026-02-24,600637,11.53,11.55,11.18,11.23,60444069,681354826.66
2026-02-25,600637,11.23,11.38,11.22,11.38,46054025,521828541.25
2026-02-26,600637,11.35,11.43,11.29,11.33,44907317,509488180.29
2026-02-27,600637,11.37,11.61,11.32,11.49,57063060,653667400.37
2026-03-02,600637,11.25,11.32,10.98,11.07,87277322,970946567.33
2026-03-03,600637,11.06,11.19,10.48,10.52,85947069,924510334.41
2026-03-04,600637,10.4,10.62,10.37,10.43,45659416,478195119.23
2026-03-05,600637,10.65,10.72,10.54,10.59,48817327,518986487.73
2026-03-06,600637,10.55,10.69,10.51,10.65,31783767,338445965.99
