日期,股票代码,开盘,最高,最低,收盘,成交量,成交额
2016-03-11,601718,8.263809,8.40153915,8.0801688,8.24544498,54794947,492382080.0
2016-03-14,601718,8.43826719,8.9983698,8.31890106,8.74127352,101999293,964514992.0
2016-03-15,601718,8.68618146,8.82391161,8.58517935,8.59436136,77691542,735769920.0
2016-03-16,601718,8.6310894,8.70454548,8.37399312,8.5392693,68079649,634193328.0
2016-03-17,601718,8.62190739,8.89736769,8.49335925,8.87900367,112568993,1073137968.0
2016-03-18,601718,8.9065497,9.43910628,8.82391161,9.22792005,178643295,1778877264.0
2016-03-21,601718,9.31974015,9.80638668,9.11773593,9.40237824,174669008,1790560272.0
2016-03-22,601718,9.23710206,9.33810417,9.09937191,9.13609995,99866839,1003267616.0
2016-03-23,601718,9.06264387,9.29219412,9.00755181,9.25546608,78622025,785591600.0
2016-03-24,601718,9.14528196,9.20955603,8.84227563,8.86063965,89673026,883774112.0
2016-03-25,601718,8.84227563,8.97082377,8.75045553,8.86982166,53383016,515185712.0
2016-03-28,601718,8.86982166,9.09937191,8.78718357,8.82391161,58683869,573215968.0
2016-03-29,601718,8.78718357,8.85145764,8.33726508,8.43826719,58262826,540922640.0
2016-03-30,601718,8.52090528,8.75045553,8.50254126,8.71372749,53325959,500411504.0
2016-03-31,601718,8.74127352,8.86063965,8.60354337,8.6310894,64473346,611763168.0
2016-04-01,601718,8.70454548,8.86982166,8.49335925,8.61272538,56419801,531131104.0
2016-04-05,601718,8.61272538,9.10855392,8.55763332,8.88818568,103508779,996885360.0
2016-04-06,601718,8.77800156,8.87900367,8.65863543,8.75963754,65794411,628144384.0
2016-04-07,601718,8.82391161,8.85145764,8.45663121,8.49335925,55995305,525096016.0
2016-04-08,601718,8.43826719,8.58517935,8.32808307,8.43826719,49837413,457638256.0
2016-04-11,601718,8.48417724,8.67699945,8.48417724,8.53008729,44087157,411783232.0
2016-04-12,601718,8.53008729,8.65863543,8.41990317,8.53008729,42647836,396750544.0
2016-04-13,601718,8.58517935,8.85145764,8.54845131,8.67699945,79065747,750209504.0
2016-04-14,601718,8.74127352,9.03509784,8.67699945,8.96164176,105410884,1014940624.0
2016-04-15,601718,8.9065497,9.01673382,8.66781744,8.75963754,82997839,796703488.0
2016-04-18,601718,8.69536347,8.69536347,8.52090528,8.55763332,39769456,371220112.0
2016-04-19,601718,8.59436136,8.64027141,8.45663121,8.54845131,29585770,274685600.0
2016-04-20,601718,8.58517935,8.60354337,7.78634448,7.9883487,72003505,638675616.0
2016-04-21,601718,7.97916669,8.06180478,7.7128884,7.75879845,38442452,331604160.0
2016-04-22,601718,7.75879845,7.85980056,7.63025031,7.77716247,28854645,242946172.0
2016-04-25,601718,7.73125242,7.74961644,7.50170217,7.59352227,32738576,270020624.0
2016-04-26,601718,7.59352227,7.67616036,7.5292482,7.66697835,22574534,187230235.0
2016-04-27,601718,7.69452438,7.75879845,7.57515825,7.59352227,25011949,208999158.0
2016-04-28,601718,7.6210683,7.63025031,7.32724398,7.48333815,27556457,224131661.0
2016-04-29,601718,7.48333815,7.51088418,7.39151805,7.44661011,16572784,134520178.0
2016-05-03,601718,7.49252016,7.78634448,7.44661011,7.74961644,30556794,253593955.0
2016-05-04,601718,7.70370639,8.0801688,7.65779634,7.83225453,51117441,437818128.0
2016-05-05,601718,7.8047085,7.88734659,7.72207041,7.8047085,26351979,223578135.0
2016-05-06,601718,7.85061855,7.93325664,7.4374281,7.44661011,40787349,339253200.0
2016-05-09,601718,7.39151805,7.39151805,6.98750961,7.04260167,32180417,250060028.0
2016-05-10,601718,7.05178368,7.21705986,7.05178368,7.11605775,21140509,163799347.0
2016-05-11,601718,7.17114981,7.30887996,7.0701477,7.17114981,31293038,245431174.0
2016-05-12,601718,7.08851172,7.15278579,6.94159956,7.14360378,22045481,169163615.0
2016-05-13,601718,7.13442177,7.24460589,7.03341966,7.07932971,16883823,131200055.0
2016-05-16,601718,7.0701477,7.1619678,6.95996358,7.14360378,19752879,152073162.0
2016-05-17,601718,7.15278579,7.24460589,7.10687574,7.14360378,28333834,221313454.0
2016-05-18,601718,7.0701477,7.0701477,6.80386941,6.90487152,27036761,203694267.0
2016-05-19,601718,6.94159956,7.01505564,6.8865075,6.89568951,20544167,155449362.0
2016-05-20,601718,6.84059745,7.00587363,6.78550539,6.98750961,23172614,174894551.0
2016-05-23,601718,7.05178368,7.23542388,7.04260167,7.1619678,37412088,291554016.0
2016-05-24,601718,7.15278579,7.15278579,6.9783276,7.00587363,22723628,174292195.0
2016-05-25,601718,7.0701477,7.15278579,6.95996358,6.99669162,18898929,145253699.0
2016-05-26,601718,7.00587363,7.01505564,6.76714137,6.95996358,25759498,192930859.0
2016-05-27,601718,6.93241755,7.04260167,6.87732549,6.91405353,21222268,160663589.0
2016-05-30,601718,6.87732549,6.90487152,6.80386941,6.84059745,15444666,115272972.0
2016-05-31,601718,6.85896147,7.12523976,6.85896147,7.11605775,38574585,295701024.0
2016-06-01,601718,7.11605775,7.47415614,7.08851172,7.30887996,60441117,478527696.0
2016-06-02,601718,7.24460589,7.31806197,7.19869584,7.2537879,32668445,257964457.0
2016-06-03,601718,7.29969795,7.32724398,7.20787785,7.26296991,32714699,259008581.0
2016-06-06,601718,7.28133393,7.28133393,7.18951383,7.20787785,20920205,164649616.0
2016-06-07,601718,7.21705986,7.29051594,7.17114981,7.18951383,20287081,159360890.0
2016-06-08,601718,7.14360378,7.22624187,7.06096569,7.13442177,24076727,186857886.0
2016-06-13,601718,7.01505564,7.11605775,6.7946874,6.80386941,28188645,214921604.0
2016-06-14,601718,6.7946874,6.9783276,6.7946874,6.8865075,21002203,157580382.0
2016-06-15,601718,6.7946874,7.07932971,6.76714137,7.01505564,27968321,212350579.0
2016-06-16,601718,6.99669162,7.03341966,6.89568951,6.91405353,25061394,189426266.0
2016-06-17,601718,6.94159956,6.99669162,6.89568951,6.92323554,21054916,159384281.0
2016-06-20,601718,6.90487152,6.95996358,6.86814348,6.90487152,13979282,105032843.0
2016-06-21,601718,6.95078157,7.02423765,6.82223343,6.85896147,25562132,192951621.0
2016-06-22,601718,6.82223343,6.94159956,6.82223343,6.93241755,15985614,119979555.0
2016-06-23,601718,6.92323554,7.07932971,6.8865075,6.96914559,32782466,249324310.0
2016-06-24,601718,6.96914559,6.98750961,6.53759112,6.76714137,34861958,258612240.0
2016-06-27,601718,6.7028673,6.99669162,6.7028673,6.95996358,32791389,246311994.0
2016-06-28,601718,6.91405353,7.01505564,6.89568951,7.00587363,33871276,257184843.0
2016-06-29,601718,7.03341966,7.1619678,7.01505564,7.11605775,48947468,378296368.0
2016-06-30,601718,7.12523976,7.14360378,6.98750961,7.01505564,26443749,202713432.0
2016-07-01,601718,7.03341966,7.11605775,7.01505564,7.06096569,25774441,198137167.0
2016-07-04,601718,6.98750961,7.33642599,6.9783276,7.29051594,62530379,492254640.0
2016-07-05,601718,7.70370639,8.00671272,7.4374281,7.48333815,96348558,802742064.0
2016-07-06,601718,7.39151805,7.8047085,7.36397202,7.7128884,85992770,715545920.0
2016-07-07,601718,7.71288665,7.71288665,7.4819619,7.54662083,49145997,401877520.0
2016-07-08,601718,7.54662083,7.63899073,7.50043588,7.50967287,32706980,267397559.0
2016-07-11,601718,7.51890986,7.71288665,7.4819619,7.53738384,48746559,402009376.0
2016-07-12,601718,7.5743318,7.70364966,7.41730297,7.69441267,57383047,471453168.0
2016-07-13,601718,7.70364966,7.74983461,7.59280578,7.63899073,45562554,377087200.0
2016-07-14,601718,7.62051675,7.69441267,7.58356879,7.62051675,27758391,229253570.0
2016-07-15,601718,7.95304839,8.23015809,7.7590716,7.7590716,89561727,768474464.0
2016-07-18,601718,7.74059762,8.19321013,7.67593869,8.11931421,114586732,993302672.0
2016-07-19,601718,8.0361813,8.06389227,7.92533742,8.0361813,58532102,506326384.0
2016-07-20,601718,7.98999635,8.09160324,7.92533742,7.95304839,39456501,341184192.0
2016-07-21,601718,7.95304839,8.0361813,7.8514415,7.86991548,36318726,312536272.0
2016-07-22,601718,7.90686344,7.97152237,7.79601956,7.80525655,35860169,306121632.0
2016-07-25,601718,7.8514415,7.87915247,7.7590716,7.78678257,23943850,202524983.0
2016-07-26,601718,7.79601956,7.91610043,7.78678257,7.89762645,27076690,230088599.0
2016-07-27,601718,7.91610043,8.00847033,7.35264404,7.62975374,67298242,564853600.0
2016-07-28,601718,7.59280578,7.68517568,7.41730297,7.5743318,34726431,284360528.0
2016-07-29,601718,7.5743318,7.60204277,7.43577695,7.45425093,26218399,212631882.0
2016-08-01,601718,7.53738384,7.64822772,7.49119889,7.55585782,37213062,305114848.0
2016-08-02,601718,7.51890986,8.313291,7.50043588,7.99923334,90407819,782178656.0
2016-08-03,601718,7.80525655,8.15626217,7.76830859,8.06389227,83820212,726786256.0
2016-08-04,601718,7.98075936,8.05465528,7.87915247,7.99923334,43079804,370879008.0
2016-08-05,601718,7.97152237,8.01770732,7.80525655,7.83296752,36677254,313903680.0
2016-08-08,601718,7.79601956,7.93457441,7.65746471,7.92533742,33124738,280115520.0
2016-08-09,601718,7.97152237,7.97152237,7.81449354,7.96228538,37989011,324960336.0
2016-08-10,601718,7.92533742,7.98999635,7.82373053,7.84220451,33660404,287395808.0
2016-08-11,601718,7.77754558,7.86067849,7.63899073,7.6667017,33677855,282769760.0
2016-08-12,601718,7.65746471,7.7590716,7.60204277,7.74059762,24670064,204813816.0
2016-08-15,601718,7.74983461,7.9438114,7.70364966,7.89762645,47111743,400505696.0
2016-08-16,601718,7.90686344,8.07312926,7.8514415,8.00847033,59882284,517232912.0
2016-08-17,601718,7.97152237,7.98999635,7.8514415,7.91610043,40647199,348668000.0
2016-08-18,601718,7.90686344,7.95304839,7.87915247,7.91610043,29297225,251059159.0
2016-08-19,601718,7.93457441,8.0361813,7.88838946,8.00847033,41281918,355983840.0
2016-08-22,601718,7.98075936,8.00847033,7.7590716,7.76830859,32415652,276493840.0
2016-08-23,601718,7.74983461,7.81449354,7.71288665,7.74983461,21700142,182216697.0
2016-08-24,601718,7.7590716,7.80525655,7.72212364,7.7590716,10929692,91769561.0
2016-08-25,601718,7.71288665,7.72212364,7.58356879,7.62051675,21166123,174768526.0
2016-08-26,601718,7.58356879,7.69441267,7.58356879,7.62051675,17047209,140828980.0
2016-08-29,601718,7.65746471,7.65746471,7.59280578,7.62975374,11388902,94037588.0
2016-08-30,601718,7.64822772,7.64822772,7.60204277,7.61127976,11580257,95557990.0
2016-08-31,601718,7.61127976,7.62051675,7.54662083,7.60204277,13097086,107529987.0
2016-09-01,601718,7.61127976,7.61127976,7.51890986,7.52814685,15297605,125334036.0
2016-09-02,601718,7.51890986,7.67593869,7.50043588,7.64822772,22606369,185716357.0
2016-09-05,601718,7.62975374,7.6667017,7.52814685,7.5743318,13002751,107223523.0
2016-09-06,601718,7.55585782,7.64822772,7.50967287,7.62975374,15018945,123221842.0
2016-09-07,601718,7.63899073,7.68517568,7.59280578,7.61127976,17450614,144423427.0
2016-09-08,601718,7.61127976,7.64822772,7.53738384,7.58356879,15874455,130277113.0
2016-09-09,601718,7.61127976,7.92533742,7.55585782,7.71288665,53211209,446442080.0
2016-09-12,601718,7.4819619,7.56509481,7.39882899,7.54662083,39526023,320202384.0
2016-09-13,601718,7.55585782,7.56509481,7.42653996,7.4819619,18494485,149786271.0
2016-09-14,601718,7.45425093,7.46348792,7.32493307,7.36188103,17624600,140970475.0
2016-09-19,601718,7.389592,7.46348792,7.38035501,7.40806598,10234190,82161304.0
2016-09-20,601718,7.41730297,7.42653996,7.26027414,7.30645909,17019838,134976650.0
2016-09-21,601718,7.30645909,7.35264404,7.26951113,7.30645909,9626917,76216378.0
2016-09-22,601718,7.34340705,7.39882899,7.2972221,7.31569608,13818132,109822092.0
2016-09-23,601718,7.32493307,7.34340705,7.18637822,7.2048522,17615207,138372041.0
2016-09-26,601718,7.18637822,7.18637822,6.98316444,6.99240143,18671843,142931706.0
2016-09-27,601718,6.97392745,7.04782337,6.97392745,7.03858638,10375136,78730081.0
2016-09-28,601718,7.06629735,7.06629735,6.99240143,7.01087541,7054154,53589286.0
2016-09-29,601718,7.01087541,7.07553434,7.01087541,7.03858638,11689345,89266873.0
2016-09-30,601718,7.05706036,7.08477133,7.0201124,7.07553434,10411944,79630025.0
2016-10-10,601718,7.09400832,7.23256317,7.09400832,7.2048522,14746758,114576447.0
2016-10-11,601718,7.22332618,7.31569608,7.19561521,7.26951113,15222256,119731138.0
2016-10-12,601718,7.24180016,7.34340705,7.23256317,7.28798511,16599597,131083019.0
2016-10-13,601718,7.28798511,7.38035501,7.26951113,7.32493307,17036224,135316116.0
2016-10-14,601718,7.28798511,8.05465528,7.26951113,7.88838946,105872446,884673712.0
2016-10-17,601718,7.79601956,8.56268973,7.76830859,8.313291,174206126,1544601664.0
2016-10-18,601718,8.26710605,8.43337187,8.09160324,8.4056609,113345520,1015335840.0
2016-10-19,601718,8.34100197,8.36871294,8.18397314,8.23015809,61205903,547649408.0
2016-10-20,601718,8.27634304,8.4980308,8.17473615,8.35023896,89845499,813029808.0
2016-10-21,601718,8.23939508,8.26710605,7.96228538,8.01770732,86039603,752513120.0
2016-10-24,601718,8.04541829,8.1285512,7.95304839,8.08236625,51784494,450908752.0
2016-10-25,601718,8.07312926,8.09160324,7.96228538,8.00847033,45981140,399464688.0
2016-10-26,601718,7.99923334,7.99923334,7.81449354,7.86991548,44049222,375858112.0
2016-10-27,601718,7.88838946,7.91610043,7.79601956,7.87915247,32241353,274698496.0
2016-10-28,601718,7.84220451,7.98999635,7.74983461,7.7590716,29886863,254229921.0
2016-10-31,601718,7.73136063,7.86067849,7.71288665,7.8514415,22724359,192054776.0
2016-11-01,601718,7.8514415,7.90686344,7.80525655,7.89762645,20779859,176884857.0
2016-11-02,601718,7.86067849,7.87915247,7.69441267,7.70364966,29819570,250644106.0
2016-11-03,601718,7.67593869,7.99923334,7.64822772,7.86067849,42023835,356790656.0
2016-11-04,601718,7.86067849,7.96228538,7.70364966,7.72212364,30293710,255631928.0
2016-11-07,601718,7.69441267,7.73136063,7.60204277,7.62975374,26289666,217658673.0
2016-11-08,601718,7.65746471,7.87915247,7.65746471,7.74983461,37763136,317500016.0
2016-11-09,601718,7.7590716,7.79601956,7.52814685,7.59280578,40167546,331960720.0
2016-11-10,601718,7.67593869,7.73136063,7.56509481,7.63899073,58431280,482594608.0
2016-11-11,601718,7.65746471,7.84220451,7.60204277,7.79601956,93127335,776861120.0
2016-11-14,601718,7.7590716,7.9438114,7.72212364,7.93457441,81104021,687132304.0
2016-11-15,601718,7.89762645,8.17473615,7.87915247,7.97152237,100444096,871956128.0
2016-11-16,601718,7.89762645,7.9438114,7.80525655,7.84220451,46021960,391271664.0
2016-11-17,601718,7.84220451,7.93457441,7.77754558,7.88838946,32826714,279076192.0
2016-11-18,601718,7.86067849,7.98999635,7.80525655,7.87915247,41941963,358472400.0
2016-11-21,601718,7.84220451,7.9438114,7.81449354,7.87915247,34218084,291995296.0
2016-11-22,601718,7.90686344,8.06389227,7.83296752,8.01770732,61919989,534739984.0
2016-11-23,601718,8.00847033,8.06389227,7.84220451,7.86991548,43892641,377386592.0
2016-11-24,601718,7.89762645,7.93457441,7.7590716,7.78678257,32283354,274362224.0
2016-11-25,601718,7.78678257,7.80525655,7.61127976,7.74059762,31178267,260025243.0
2016-11-28,601718,7.74059762,7.81449354,7.69441267,7.76830859,28937949,243059672.0
2016-11-29,601718,7.74059762,7.98999635,7.70364966,7.89762645,62385329,530849984.0
2016-11-30,601718,7.86067849,7.89762645,7.74059762,7.7590716,36947798,311844752.0
2016-12-01,601718,7.74983461,8.08236625,7.74059762,8.04541829,89788627,773702656.0
2016-12-02,601718,8.0361813,8.2209211,7.89762645,7.90686344,86947361,756908272.0
2016-12-05,601718,7.76830859,8.47955682,7.72212364,8.17473615,117647168,1030465824.0
2016-12-06,601718,8.1285512,8.36871294,8.05465528,8.10084023,88302388,782837728.0
2016-12-07,601718,8.11007722,8.64582264,8.06389227,8.50726779,161268121,1466805408.0
2016-12-08,601718,8.46108284,8.57192672,8.32252799,8.4056609,93688129,853832528.0
2016-12-09,601718,8.44260886,8.51650478,8.16549916,8.39642391,98000405,883573568.0
2016-12-12,601718,8.43337187,8.62734866,8.18397314,8.28558003,168668871,1539485904.0
2016-12-13,601718,8.1285512,8.75666652,7.93457441,8.65505963,167195694,1522641984.0
2016-12-14,601718,8.57192672,8.83056244,8.36871294,8.37794993,160814735,1498940752.0
2016-12-15,601718,8.2209211,8.62734866,8.17473615,8.43337187,110592546,1008195552.0
2016-12-16,601718,8.35947595,8.42413488,8.13778819,8.16549916,90119840,805997872.0
2016-12-19,601718,8.18397314,8.29481702,8.11931421,8.23939508,57826922,514250208.0
2016-12-20,601718,8.2209211,8.23015809,7.99923334,8.13778819,56984991,499436512.0
2016-12-21,601718,8.1285512,8.41489789,8.11931421,8.35023896,84715846,761013312.0
2016-12-22,601718,8.29481702,8.45184585,8.23939508,8.33176498,64678149,584147488.0
2016-12-23,601718,8.28558003,8.66429662,8.2209211,8.58116371,137674958,1269313632.0
2016-12-26,601718,8.47955682,8.95064331,8.44260886,8.94140632,165256640,1558453296.0
2016-12-27,601718,8.82132545,8.93216933,8.70124458,8.73819254,109211329,1039617104.0
2016-12-28,601718,8.69200759,8.78437749,8.58116371,8.65505963,66494812,623107552.0
2016-12-29,601718,8.59963769,8.75666652,8.54421575,8.55345274,50443325,470955984.0
2016-12-30,601718,8.57192672,8.65505963,8.45184585,8.50726779,50450868,467304544.0
2017-01-03,601718,8.54421575,8.6827706,8.47955682,8.59963769,48253480,450015504.0
2017-01-04,601718,8.58116371,8.65505963,8.54421575,8.63658565,55286645,514698096.0
2017-01-05,601718,8.61811167,8.7751405,8.48879381,8.76590351,88211690,824276576.0
2017-01-06,601718,8.70124458,8.81208846,8.56268973,8.57192672,73990718,697116176.0
2017-01-09,601718,8.56268973,8.72895555,8.39642391,8.70124458,71762099,665479040.0
2017-01-10,601718,8.64582264,8.67353361,8.4056609,8.42413488,56412550,522842080.0
2017-01-11,601718,8.41489789,8.50726779,8.32252799,8.34100197,52717663,479500960.0
2017-01-12,601718,8.313291,8.37794993,8.11007722,8.11931421,52454566,466551664.0
2017-01-13,601718,8.1285512,8.16549916,7.99923334,8.0361813,38930221,340086576.0
2017-01-16,601718,7.99923334,8.16549916,7.60204277,8.09160324,55370467,478591600.0
2017-01-17,601718,8.02694431,8.11007722,7.90686344,8.08236625,21276939,184973974.0
2017-01-18,601718,8.05465528,8.11931421,7.91610043,7.93457441,24851656,215858662.0
2017-01-19,601718,7.92533742,7.96228538,7.74983461,7.7590716,21722007,184831291.0
2017-01-20,601718,7.7590716,7.88838946,7.74059762,7.82373053,18617531,157624417.0
2017-01-23,601718,7.86991548,7.98999635,7.86991548,7.91610043,19945901,171208678.0
2017-01-24,601718,7.91610043,7.95304839,7.87915247,7.91610043,14583948,124986134.0
2017-01-25,601718,7.87915247,7.96228538,7.84220451,7.93457441,13149397,112817959.0
2017-01-26,601718,7.93457441,7.98999635,7.91610043,7.9438114,14018837,120661642.0
2017-02-03,601718,7.93457441,8.01770732,7.92533742,7.9438114,12867220,110939534.0
2017-02-06,601718,7.95304839,8.04541829,7.93457441,8.0361813,17631379,152675775.0
2017-02-07,601718,8.01770732,8.07312926,7.95304839,7.99923334,19003222,164580703.0
2017-02-08,601718,7.98075936,8.0361813,7.86991548,8.02694431,23568225,203116183.0
2017-02-09,601718,7.99923334,8.32252799,7.98075936,8.2209211,50057948,441075488.0
2017-02-10,601718,8.2209211,8.23015809,8.13778819,8.17473615,35161334,311611712.0
2017-02-13,601718,8.15626217,8.29481702,8.14702518,8.21168411,30028842,267670781.0
2017-02-14,601718,8.20244712,8.67353361,8.16549916,8.45184585,57663638,525806544.0
2017-02-15,601718,8.39642391,8.56268973,8.313291,8.35023896,58041832,529593376.0
2017-02-16,601718,8.33176498,8.36871294,8.24863207,8.35947595,30863610,278137120.0
2017-02-17,601718,8.35023896,8.41489789,8.17473615,8.18397314,32994197,295257856.0
2017-02-20,601718,8.19321013,8.33176498,8.15626217,8.32252799,27690084,247462597.0
2017-02-21,601718,8.34100197,8.45184585,8.26710605,8.37794993,34695178,313812720.0
2017-02-22,601718,8.38718692,8.5904007,8.34100197,8.44260886,48937891,449108112.0
2017-02-23,601718,8.45184585,8.45184585,8.25786906,8.36871294,34671281,312748944.0
2017-02-24,601718,8.37794993,8.47955682,8.30405401,8.45184585,34886273,317090864.0
2017-02-27,601718,8.63658565,8.70124458,8.4980308,8.51650478,86749811,805258368.0
2017-02-28,601718,8.48879381,8.59963769,8.45184585,8.51650478,36073682,332555728.0
2017-03-01,601718,8.47955682,8.60887468,8.46108284,8.47955682,33078327,305553344.0
2017-03-02,601718,8.4980308,8.51650478,8.33176498,8.35947595,30804904,280569584.0
2017-03-03,601718,8.35023896,8.39642391,8.313291,8.34100197,21292837,192478657.0
2017-03-06,601718,8.35947595,8.43337187,8.33176498,8.38718692,20099685,182462966.0
2017-03-07,601718,8.42413488,8.45184585,8.24863207,8.27634304,31093976,280388368.0
2017-03-08,601718,8.26710605,8.34100197,8.23015809,8.27634304,21482553,192565401.0
2017-03-09,601718,8.23939508,8.24863207,8.08236625,8.11007722,28324056,250125706.0
2017-03-10,601718,8.1285512,8.15626217,8.01770732,8.0361813,17010722,148823544.0
2017-03-13,601718,8.0361813,8.17473615,8.0361813,8.15626217,16337560,143620618.0
2017-03-14,601718,8.14702518,8.20244712,8.09160324,8.14702518,14783022,130315764.0
2017-03-15,601718,8.1285512,8.19321013,8.09160324,8.17473615,15547986,137282071.0
2017-03-16,601718,8.18397314,8.25786906,8.18397314,8.2209211,16880638,150121374.0
2017-03-17,601718,8.23015809,8.25786906,8.0361813,8.06389227,22851699,201251998.0
2017-03-20,601718,8.06389227,8.11007722,7.9438114,8.00847033,19031803,165153806.0
2017-03-21,601718,8.0361813,8.08236625,7.98075936,8.0361813,14136279,123057169.0
2017-03-22,601718,7.98999635,8.00847033,7.89762645,7.9438114,20496946,176319372.0
2017-03-23,601718,7.9438114,7.98999635,7.82373053,7.87915247,17351771,148470300.0
2017-03-24,601718,7.87915247,8.01770732,7.86067849,7.98999635,21145001,181925251.0
2017-03-27,601718,7.99923334,8.05465528,7.95304839,7.99923334,15352973,132938673.0
2017-03-28,601718,7.99923334,8.14702518,7.98075936,8.11931421,37904116,332046832.0
2017-03-29,601718,8.10084023,8.10084023,7.92533742,7.98075936,26133416,226578723.0
2017-03-30,601718,7.8514415,7.9438114,7.77754558,7.78678257,28180546,239244828.0
2017-03-31,601718,7.80525655,7.88838946,7.77754558,7.80525655,12225940,103504079.0
2017-04-05,601718,8.0361813,8.11007722,7.93457441,7.97152237,23940613,206812771.0
2017-04-06,601718,7.99923334,8.11007722,7.98999635,8.07312926,26101886,227581414.0
2017-04-07,601718,8.05465528,8.43337187,8.01770732,8.34100197,84495932,757852128.0
2017-04-10,601718,8.313291,8.56268973,8.26710605,8.30405401,85579633,779390096.0
2017-04-11,601718,8.27634304,9.13538311,8.27634304,9.13538311,107227536,1010255856.0
2017-04-12,601718,9.6988395,10.04984512,9.27393796,9.4217298,289021632,3025696576.0
2017-04-13,601718,9.58799562,10.07755609,9.3293599,9.56028465,182611458,1905739440.0
2017-04-14,601718,9.46791475,9.8835793,9.33859689,9.46791475,162706057,1696354432.0
2017-04-17,601718,9.0522502,9.16309408,8.52574177,8.52574177,155681855,1457127104.0
2017-04-18,601718,8.47955682,8.60887468,8.43337187,8.48879381,57912812,533343968.0
2017-04-19,601718,8.44260886,8.46108284,8.17473615,8.33176498,67028007,602096080.0
2017-04-20,601718,8.33176498,8.34100197,7.79601956,8.06389227,76954173,672269504.0
2017-04-21,601718,8.06389227,8.09160324,7.86991548,7.98999635,40269533,347436448.0
2017-04-24,601718,7.96228538,7.98075936,7.50043588,7.64822772,61216688,508559056.0
2017-04-25,601718,7.65746471,7.77754558,7.58356879,7.73136063,37304719,310902304.0
2017-04-26,601718,7.77754558,7.80525655,7.59280578,7.68517568,35828089,299663824.0
2017-04-27,601718,7.62051675,7.6667017,7.2972221,7.62975374,49125210,398726992.0
2017-04-28,601718,7.56509481,7.74983461,7.53738384,7.70364966,27472485,228345167.0
2017-05-02,601718,7.68517568,7.79601956,7.5743318,7.73136063,32748699,272883856.0
2017-05-03,601718,7.6667017,7.88838946,7.62975374,7.7590716,38487954,323633600.0
2017-05-04,601718,7.68517568,8.01770732,7.68517568,7.8514415,48932129,417475664.0
2017-05-05,601718,7.84220451,7.93457441,7.7590716,7.87915247,36169373,307651168.0
2017-05-08,601718,7.81449354,7.92533742,7.49119889,7.86991548,50772016,423773712.0
2017-05-09,601718,7.77754558,7.83296752,7.70364966,7.74983461,18848154,158599685.0
2017-05-10,601718,7.74059762,7.81449354,7.47272491,7.50043588,27504244,227054572.0
2017-05-11,601718,7.389592,7.62975374,7.31569608,7.56509481,27676246,224856542.0
2017-05-12,601718,7.55585782,7.61127976,7.50967287,7.53738384,13606588,111366740.0
2017-05-15,601718,7.54662083,7.62975374,7.54662083,7.56509481,12173600,100035249.0
2017-05-16,601718,7.52814685,7.76830859,7.44501394,7.73136063,24852341,203257157.0
2017-05-17,601718,7.70364966,7.91610043,7.67593869,7.7590716,29225381,246651064.0
2017-05-18,601718,7.7590716,7.7590716,7.58356879,7.62051675,18253227,151317282.0
2017-05-19,601718,7.60204277,7.6667017,7.56509481,7.62975374,11271061,92947023.0
2017-05-22,601718,7.62975374,7.65746471,7.46348792,7.63899073,18493217,151407901.0
2017-05-23,601718,7.59280578,7.6667017,7.45425093,7.65746471,24368112,200455658.0
2017-05-24,601718,7.59280578,7.61127976,7.4819619,7.59280578,18493055,151006295.0
2017-05-25,601718,7.5743318,7.69441267,7.49119889,7.63899073,16914818,139265366.0
2017-05-26,601718,7.63899073,7.70364966,7.62051675,7.67593869,15081144,125135934.0
2017-05-31,601718,7.72212364,7.79601956,7.68517568,7.76830859,22323336,187135436.0
2017-06-01,601718,7.73136063,7.87915247,7.67593869,7.8514415,36445163,307991424.0
2017-06-02,601718,7.81449354,7.88838946,7.78678257,7.84220451,18532464,157303471.0
2017-06-05,601718,7.84220451,7.91610043,7.80525655,7.82373053,15567067,132458285.0
2017-06-06,601718,7.77754558,7.84220451,7.71288665,7.84220451,13691366,115299686.0
2017-06-07,601718,7.84220451,7.9438114,7.81449354,7.9438114,19985016,170802940.0
2017-06-08,601718,7.93457441,7.95304839,7.81449354,7.84220451,16645518,142073185.0
2017-06-09,601718,7.81449354,7.89762645,7.80525655,7.8514415,15296265,129997422.0
2017-06-12,601718,7.84220451,7.84220451,7.64822772,7.68517568,19938388,167009403.0
2017-06-13,601718,7.68517568,7.74983461,7.64822772,7.72212364,11987202,100167298.0
2017-06-14,601718,7.74983461,7.88838946,7.69441267,7.81449354,20552714,173376344.0
2017-06-15,601718,7.78678257,7.86067849,7.7590716,7.84220451,16378683,138597870.0
2017-06-16,601718,7.83296752,7.86067849,7.7590716,7.78678257,12095924,102229629.0
2017-06-19,601718,7.79601956,7.92533742,7.79601956,7.88838946,20811418,177419545.0
2017-06-20,601718,7.88838946,7.97152237,7.8514415,7.86991548,19211707,164274776.0
2017-06-21,601718,7.97152237,8.00847033,7.86991548,7.88838946,16788604,143843161.0
2017-06-22,601718,7.86991548,7.95304839,7.77754558,7.78678257,25185887,215302988.0
2017-06-23,601718,7.78678257,7.80525655,7.59280578,7.68517568,23479963,195406880.0
2017-06-26,601718,7.69441267,7.76830859,7.67593869,7.74059762,14387696,120487578.0
2017-06-27,601718,7.74059762,7.88838946,7.72212364,7.87915247,22599096,191891296.0
2017-06-28,601718,7.87915247,7.87915247,7.79601956,7.80525655,15735843,133267314.0
2017-06-29,601718,7.81449354,7.86067849,7.79601956,7.83296752,10472110,88772645.0
2017-06-30,601718,7.86991548,8.18397314,7.84220451,8.11931421,57297718,500207008.0
2017-07-03,601718,8.07312926,8.21168411,8.04541829,8.15626217,31380163,276508096.0
2017-07-04,601718,8.15626217,8.16549916,7.99923334,8.0361813,25820550,224959648.0
2017-07-05,601718,8.00847033,8.06389227,7.95304839,8.04541829,21197009,183794306.0
2017-07-06,601718,8.02694431,8.11931421,7.95304839,8.10084023,25212767,219053811.0
2017-07-07,601718,8.05465528,8.08236625,7.98999635,8.04541829,17587108,153124124.0
2017-07-10,601718,8.0361813,8.1285512,8.02694431,8.05465528,18609197,162611369.0
2017-07-11,601718,8.0361813,8.21168411,8.02694431,8.09160324,37165649,327364624.0
2017-07-12,601718,8.08236625,8.17473615,7.96228538,8.06389227,25708553,224387185.0
2017-07-13,601718,8.0361813,8.18397314,8.0361813,8.17473615,27515087,241551593.0
2017-07-14,601718,8.19321013,8.26710605,8.1285512,8.2209211,30903031,274402032.0
2017-07-17,601718,8.24863207,8.30405401,7.61127976,7.72212364,44238398,379873216.0
2017-07-18,601718,7.65746471,7.77754558,7.55585782,7.72212364,22855671,189701814.0
2017-07-19,601718,7.75000338,7.88009936,7.67566282,7.83363651,20509289,172226352.0
2017-07-20,601718,7.81505137,8.03807305,7.8057588,7.95443992,24734341,211485404.0
2017-07-21,601718,7.90797707,8.1774616,7.88009936,8.06595076,32714618,283573568.0
2017-07-24,601718,8.0845359,8.52128669,8.01948791,8.4562387,83130272,741805808.0
2017-07-25,601718,8.37260557,8.46553127,8.25180216,8.34472786,53270468,478052576.0
2017-07-26,601718,8.33543529,8.43765356,8.23321702,8.37260557,35412076,317183520.0
2017-07-27,601718,8.34472786,8.35402043,8.13099875,8.22392445,39037566,346143552.0
2017-07-28,601718,8.24250959,8.59562725,8.21463188,8.46553127,66569950,604735408.0
2017-07-31,601718,8.44694613,8.44694613,8.23321702,8.38189814,50051174,448687952.0
2017-08-01,601718,8.363313,8.40048328,8.25180216,8.29826501,32504678,290535344.0
2017-08-02,601718,8.29826501,8.31685015,8.00090277,8.01019534,45985373,402880960.0
2017-08-03,601718,8.00090277,8.13099875,7.93585478,8.04736562,22480699,194357078.0
2017-08-04,601718,8.06595076,8.40048328,8.04736562,8.26109473,66275544,590089088.0
2017-08-07,601718,8.20533931,8.23321702,8.09382847,8.18675417,27939223,245260647.0
2017-08-08,601718,8.19604674,8.28897244,8.11241361,8.26109473,28015248,247533926.0
2017-08-09,601718,8.25180216,8.363313,8.18675417,8.26109473,25238171,224970040.0
2017-08-10,601718,8.22392445,8.363313,8.12170618,8.13099875,28320364,250862116.0
2017-08-11,601718,8.0845359,8.24250959,7.9916102,8.01019534,29363099,255623992.0
2017-08-14,601718,7.9916102,8.12170618,7.98231763,8.11241361,15383628,133458293.0
2017-08-15,601718,8.10312104,8.13099875,8.03807305,8.06595076,13354801,115960601.0
2017-08-16,601718,8.03807305,8.12170618,8.03807305,8.09382847,14587073,126899097.0
2017-08-17,601718,8.14958389,8.44694613,8.14029132,8.30755758,52509596,470162496.0
2017-08-18,601718,8.24250959,8.53987183,8.23321702,8.46553127,71812807,651736784.0
2017-08-21,601718,8.53987183,8.80006379,8.40977585,8.47482384,73573199,678234544.0
2017-08-22,601718,8.44694613,8.47482384,8.25180216,8.28897244,44871493,402800432.0
2017-08-23,601718,8.24250959,8.32614272,8.21463188,8.26109473,22011000,196028673.0
2017-08-24,601718,8.25180216,8.29826501,8.14029132,8.14958389,24345510,215289643.0
2017-08-25,601718,8.13099875,8.2703873,8.12170618,8.22392445,19152550,169136993.0
2017-08-28,601718,8.24250959,8.31685015,8.21463188,8.28897244,25018360,222814946.0
2017-08-29,601718,8.29826501,8.43765356,8.28897244,8.363313,39742440,357702480.0
2017-08-30,601718,8.39119071,8.39119071,8.25180216,8.27967987,27905501,249150875.0
2017-08-31,601718,8.27967987,8.30755758,8.1774616,8.22392445,23040582,203837892.0
2017-09-01,601718,8.24250959,8.30755758,8.19604674,8.29826501,20171577,178996119.0
2017-09-04,601718,8.363313,8.39119071,8.27967987,8.31685015,24836142,222679281.0
2017-09-05,601718,8.27967987,8.30755758,8.21463188,8.21463188,19087009,169319315.0
2017-09-06,601718,8.19604674,8.26109473,8.14029132,8.23321702,19856358,175165367.0
2017-09-07,601718,8.20533931,8.26109473,8.1774616,8.18675417,17310095,153021555.0
2017-09-08,601718,8.16816903,8.25180216,8.15887646,8.20533931,15361446,135492527.0
2017-09-11,601718,8.1774616,8.23321702,8.15887646,8.18675417,15862614,139792063.0
2017-09-12,601718,8.1774616,8.21463188,8.14029132,8.1774616,19244244,169123074.0
2017-09-13,601718,8.21463188,8.25180216,8.1774616,8.20533931,12844669,113397699.0
2017-09-14,601718,8.23321702,8.25180216,8.05665819,8.11241361,22498786,197105389.0
2017-09-15,601718,8.10312104,8.15887646,8.06595076,8.0845359,14780330,128776645.0
2017-09-18,601718,8.07524333,8.10312104,8.04736562,8.07524333,11867253,103077684.0
2017-09-19,601718,8.0845359,8.09382847,7.95443992,7.96373249,19188796,165374132.0
2017-09-20,601718,7.95443992,8.01948791,7.95443992,7.9916102,11548840,99278723.0
2017-09-21,601718,8.00090277,8.02878048,7.8986845,7.90797707,11369150,97548762.0
2017-09-22,601718,7.8986845,7.90797707,7.76858852,7.77788109,16981488,143059370.0
2017-09-25,601718,7.79646623,7.85222165,7.73141824,7.76858852,9551400,80182352.0
2017-09-26,601718,7.78717366,7.84292908,7.76858852,7.84292908,6630182,55689757.0
2017-09-27,601718,7.86151422,7.87080679,7.81505137,7.82434394,6450002,54403678.0
2017-09-28,601718,7.83363651,7.85222165,7.75929595,7.76858852,8748395,73350080.0
2017-09-29,601718,7.75929595,7.82434394,7.75929595,7.76858852,8493801,71148530.0
2017-10-09,601718,7.85222165,7.90797707,7.82434394,7.88939193,12475694,105604086.0
2017-10-10,601718,7.88939193,7.92656221,7.84292908,7.91726964,9033183,76634270.0
2017-10-11,601718,7.91726964,7.93585478,7.86151422,7.88009936,8332844,70794920.0
2017-10-12,601718,7.87080679,7.91726964,7.84292908,7.87080679,9015830,76340446.0
2017-10-13,601718,7.87080679,7.90797707,7.85222165,7.87080679,7814594,66254391.0
2017-10-16,601718,7.87080679,7.88939193,7.66637025,7.68495539,15086101,126022045.0
2017-10-17,601718,7.68495539,7.73141824,7.64778511,7.69424796,7643438,63147002.0
2017-10-18,601718,7.69424796,7.74071081,7.66637025,7.66637025,7202744,59674793.0
2017-10-19,601718,7.66637025,7.66637025,7.47122628,7.51768913,12827454,104233166.0
2017-10-20,601718,7.51768913,7.61061483,7.49910399,7.60132226,6451504,52535887.0
2017-10-23,601718,7.61061483,7.61061483,7.56415198,7.57344455,4918601,40146705.0
2017-10-24,601718,7.56415198,7.60132226,7.49910399,7.55485941,6330726,51385844.0
2017-10-25,601718,7.56415198,7.64778511,7.53627427,7.59202969,7349200,60127020.0
2017-10-26,601718,7.61061483,7.66637025,7.54556684,7.66637025,9728263,79733839.0
2017-10-27,601718,7.66637025,7.69424796,7.56415198,7.58273712,7534801,61806254.0
2017-10-30,601718,7.53627427,7.57344455,7.35971544,7.37830058,14043622,112272128.0
2017-10-31,601718,7.33183773,7.3411303,7.13669376,7.25749717,17759108,138492181.0
2017-11-01,601718,7.25749717,7.26678974,7.19244918,7.20174175,7715419,60006170.0
2017-11-02,601718,7.20174175,7.20174175,7.01589035,7.03447549,12261500,93806886.0
2017-11-03,601718,7.0623532,7.12740119,7.01589035,7.07164577,7667543,58336565.0
2017-11-06,601718,7.07164577,7.14598633,7.05306063,7.10881605,6445422,49335615.0
2017-11-07,601718,7.10881605,7.14598633,7.09023091,7.12740119,5391019,41309785.0
2017-11-08,601718,7.13669376,7.21103432,7.12740119,7.1552789,6480785,50010926.0
2017-11-09,601718,7.1552789,7.16457147,7.09023091,7.12740119,7497562,57484518.0
2017-11-10,601718,6.9694275,7.09023091,6.9694275,7.00659778,12086486,91215829.0
2017-11-13,601718,7.01589035,7.01589035,6.9694275,6.97872007,8748689,65770415.0
2017-11-14,601718,6.97872007,6.99730521,6.81145381,6.83933152,14303617,105621514.0
2017-11-15,601718,6.82074638,6.83003895,6.77428353,6.83003895,7286328,53301600.0
2017-11-16,601718,6.83933152,6.90437951,6.81145381,6.82074638,6889001,50807237.0
2017-11-17,601718,6.81145381,6.81145381,6.504799,6.51409157,17362543,123974598.0
2017-11-20,601718,6.504799,6.51409157,6.26319218,6.39328816,13186490,90104566.0
2017-11-21,601718,6.4118733,6.48621386,6.36541045,6.42116587,9611620,66457296.0
2017-11-22,601718,6.42116587,6.61630984,6.39328816,6.58843213,14665244,102939467.0
2017-11-23,601718,6.55126185,6.56984699,6.40258073,6.40258073,9355100,65432098.0
2017-11-24,601718,6.39328816,6.44904358,6.35611788,6.37470302,6983408,48023377.0
2017-11-27,601718,6.34682531,6.4118733,6.34682531,6.35611788,5606614,38484451.0
2017-11-28,601718,6.37470302,6.45833615,6.35611788,6.43975101,5473918,37804883.0
2017-11-29,601718,6.44904358,6.45833615,6.36541045,6.42116587,5404736,37250634.0
2017-11-30,601718,6.40258073,6.46762872,6.34682531,6.35611788,6935578,47911996.0
2017-12-01,601718,6.37470302,6.46762872,6.33753274,6.39328816,7351414,50539054.0
2017-12-04,601718,6.38399559,6.43045844,6.33753274,6.34682531,5708168,39178065.0
2017-12-05,601718,6.33753274,6.38399559,6.04946307,6.10521849,14651692,97592441.0
2017-12-06,601718,6.06804821,6.71852811,6.05875564,6.49550643,26939017,186265417.0
2017-12-07,601718,6.4118733,6.91367208,6.38399559,6.75569839,49157592,356944878.0
2017-12-08,601718,6.64418755,6.69994297,6.56984699,6.67206526,24317230,173643597.0
2017-12-11,601718,6.67206526,6.74640582,6.56055442,6.62560241,19149607,136350577.0
2017-12-12,601718,6.60701727,6.63489498,6.44904358,6.45833615,15449524,108697225.0
2017-12-13,601718,6.4118733,6.44904358,6.24460704,6.37470302,17222656,117505884.0
2017-12-14,601718,6.33753274,6.52338414,6.29106989,6.47692129,15924027,109740922.0
2017-12-15,601718,6.43975101,6.43975101,6.3189476,6.39328816,9669038,66487084.0
2017-12-18,601718,6.39328816,6.504799,6.33753274,6.43045844,9896251,68545536.0
2017-12-19,601718,6.40258073,6.45833615,6.37470302,6.4118733,6753184,46552443.0
2017-12-20,601718,6.40258073,6.4118733,6.24460704,6.26319218,8888482,60412457.0
2017-12-21,601718,6.29106989,6.3189476,6.16097391,6.2260219,6819302,45836790.0
2017-12-22,601718,6.23531447,6.30036246,6.18885162,6.25389961,6688500,44934070.0
2017-12-25,601718,6.21672933,6.24460704,6.1330962,6.14238877,6019201,40101302.0
2017-12-26,601718,6.16097391,6.29106989,6.12380363,6.24460704,8303046,55534361.0
2017-12-27,601718,6.2260219,6.29106989,6.18885162,6.2260219,6243262,41923276.0
2017-12-28,601718,6.19814419,6.24460704,6.17026648,6.20743676,5410701,36224536.0
2017-12-29,601718,6.21672933,6.27248475,6.20743676,6.25389961,4860461,32628927.0
2018-01-02,601718,6.25389961,6.32824017,6.25389961,6.32824017,9230517,62515347.0
2018-01-03,601718,6.3189476,6.43975101,6.30036246,6.40258073,14842159,101909908.0
2018-01-04,601718,6.40258073,6.43045844,6.35611788,6.37470302,11182686,76776791.0
2018-01-05,601718,6.35611788,6.46762872,6.34682531,6.39328816,9330720,64278110.0
2018-01-08,601718,6.38399559,6.39328816,6.30965503,6.36541045,8005325,54677649.0
2018-01-09,601718,6.36541045,6.43045844,6.33753274,6.35611788,8451103,58065022.0
2018-01-10,601718,6.36541045,6.36541045,6.20743676,6.20743676,11499536,77515472.0
2018-01-11,601718,6.20743676,6.26319218,6.18885162,6.24460704,6547751,43847390.0
2018-01-12,601718,6.24460704,6.25389961,6.16097391,6.17955905,7263959,48488826.0
2018-01-15,601718,6.17955905,6.18885162,5.90078195,5.91007452,14057302,91212002.0
2018-01-16,601718,5.91007452,5.96582994,5.90078195,5.91007452,9263317,59064014.0
2018-01-17,601718,5.92865966,5.97512251,5.90078195,5.91007452,10851930,69279538.0
2018-01-18,601718,5.91007452,5.95653737,5.88219681,5.91007452,9155291,58306498.0
2018-01-19,601718,5.92865966,6.01229279,5.91936709,5.95653737,13391500,86026628.0
2018-01-22,601718,5.95653737,5.98441508,5.92865966,5.96582994,8775116,56288367.0
2018-01-23,601718,5.96582994,6.05875564,5.95653737,6.02158536,14760759,95393540.0
2018-01-24,601718,6.01229279,6.03087793,5.98441508,6.00300022,10093355,65180659.0
2018-01-25,601718,6.00300022,6.08663335,5.99370765,6.03087793,13504086,87975097.0
2018-01-26,601718,6.02158536,6.05875564,6.00300022,6.01229279,7896638,51178161.0
2018-01-29,601718,6.01229279,6.06804821,5.91936709,5.99370765,17599432,113496215.0
2018-01-30,601718,5.96582994,6.02158536,5.96582994,5.97512251,6408681,41339228.0
2018-01-31,601718,5.96582994,6.01229279,5.89148938,5.92865966,13058232,83673153.0
2018-02-01,601718,5.91007452,5.93795223,5.33393518,5.38039803,30860697,185999377.0
2018-02-02,601718,5.3896906,5.42686088,5.16666892,5.23171691,13980129,79291556.0
2018-02-05,601718,5.12020607,5.30605747,5.12020607,5.25959462,9040299,51038522.0
2018-02-06,601718,5.17596149,5.25959462,4.72991813,4.72991813,19524130,105378353.0
2018-02-07,601718,4.85072154,4.88789182,4.68345528,4.77638098,16542022,85697631.0
2018-02-08,601718,4.79496612,4.86930668,4.78567355,4.80425869,12188528,63374503.0
2018-02-09,601718,4.70204042,4.74850327,4.3675079,4.49760388,23208820,114162831.0
2018-02-12,601718,4.5533593,4.68345528,4.51618902,4.61840729,9765686,48542292.0
2018-02-13,601718,4.66487014,4.7392107,4.62769986,4.65557757,8909928,44950519.0
2018-02-14,601718,4.66487014,4.70204042,4.63699243,4.65557757,6589400,33085990.0
2018-02-22,601718,4.74850327,4.76708841,4.68345528,4.72991813,8156800,41467981.0
2018-02-23,601718,4.74850327,4.82284383,4.71133299,4.81355126,13755451,70757245.0
2018-02-26,601718,4.80425869,4.99940266,4.79496612,4.9250621,12792244,67272327.0
2018-02-27,601718,4.96223238,5.1109135,4.88789182,5.03657294,20047262,108153697.0
2018-02-28,601718,4.99011009,5.0179878,4.89718439,4.95293981,14623948,78014822.0
2018-03-01,601718,4.91576953,5.00869523,4.89718439,4.96223238,9693043,51781555.0
2018-03-02,601718,4.94364724,5.0179878,4.90647696,4.96223238,8116111,43422903.0
2018-03-05,601718,4.99011009,5.05515808,4.96223238,4.99940266,9674099,52099729.0
2018-03-06,601718,5.03657294,5.08303579,4.99940266,5.07374322,12553793,68297396.0
2018-03-07,601718,5.07374322,5.25959462,4.99940266,5.09232836,15006225,82277831.0
2018-03-08,601718,5.03657294,5.07374322,5.0179878,5.06445065,11514511,62506610.0
2018-03-09,601718,5.06445065,5.13879121,5.03657294,5.10162093,10803331,59184651.0
2018-03-12,601718,5.1109135,5.21313177,5.06445065,5.17596149,15097007,83471804.0
2018-03-13,601718,5.15737635,5.39898317,5.14808378,5.36181289,31999782,182557535.0
2018-03-14,601718,5.30605747,5.34322775,5.24100948,5.25030205,16535799,94180497.0
2018-03-15,601718,5.21313177,5.64988256,5.2038392,5.46403116,42010830,247478964.0
2018-03-16,601718,5.47332373,5.62200485,5.3896906,5.46403116,34689052,205890445.0
2018-03-19,601718,5.42686088,5.59412714,5.3896906,5.47332373,26220556,155199259.0
2018-03-20,601718,5.41756831,5.64988256,5.41756831,5.55695686,34884131,209087729.0
2018-03-21,601718,5.53837172,5.91007452,5.51049401,5.69634541,51275112,314558085.0
2018-03-22,601718,5.67776027,5.72422312,5.52907915,5.61271228,31857526,192419348.0
2018-03-23,601718,5.41756831,5.52907915,5.05515808,5.05515808,47989462,271562228.0
2018-03-26,601718,4.88789182,5.14808378,4.75779584,5.09232836,23727014,127700188.0
2018-03-27,601718,5.15737635,5.26888719,5.14808378,5.17596149,18279941,102307586.0
2018-03-28,601718,5.15737635,5.17596149,5.03657294,5.05515808,16089785,88069446.0
2018-03-29,601718,5.07374322,5.13879121,5.06445065,5.12020607,10003732,54966609.0
2018-03-30,601718,5.13879121,5.21313177,5.10162093,5.19454663,14663483,81485308.0
2018-04-02,601718,5.16666892,5.26888719,5.15737635,5.18525406,12849158,71900600.0
2018-04-03,601718,5.1109135,5.12020607,4.99940266,5.03657294,14262802,77571005.0
2018-04-04,601718,5.04586551,5.1109135,4.93435467,4.94364724,12248207,66503030.0
2018-04-09,601718,4.95293981,5.00869523,4.89718439,4.93435467,8477730,45197026.0
2018-04-10,601718,4.93435467,5.02728037,4.93435467,5.00869523,9230264,49445253.0
2018-04-11,601718,5.00869523,5.08303579,5.00869523,5.05515808,9494047,51599621.0
2018-04-12,601718,5.05515808,5.09232836,4.96223238,4.98081752,10168057,55162776.0
2018-04-13,601718,5.0179878,5.06445065,4.94364724,4.95293981,6808300,36683302.0
2018-04-16,601718,4.95293981,5.00869523,4.87859925,4.88789182,8132229,43198121.0
2018-04-17,601718,4.89718439,4.93435467,4.72062556,4.72991813,10337025,53767577.0
2018-04-18,601718,4.77638098,4.80425869,4.62769986,4.77638098,11987508,60729363.0
2018-04-19,601718,4.74850327,4.8321364,4.74850327,4.78567355,8581244,44277225.0
2018-04-20,601718,4.77638098,4.87859925,4.66487014,4.71133299,9354924,48039457.0
2018-04-23,601718,4.69274785,4.76708841,4.61840729,4.646285,7902275,39785521.0
2018-04-24,601718,4.65557757,4.65557757,4.48831131,4.56265187,24762099,121060742.0
2018-04-25,601718,4.54406673,4.54406673,4.4604336,4.47901874,16722166,80891976.0
2018-04-26,601718,4.47901874,4.47901874,4.23741192,4.24670449,22742721,106394852.0
2018-04-27,601718,4.28387477,4.34892276,4.2745822,4.29316734,11668300,54126124.0
2018-05-02,601718,4.30245991,4.33033762,4.25599706,4.26528963,10718501,49564219.0
2018-05-03,601718,4.26528963,4.29316734,4.1816565,4.28387477,11975300,54574807.0
2018-05-04,601718,4.30245991,4.32104505,4.24670449,4.2745822,10478534,48286124.0
2018-05-07,601718,4.29316734,4.34892276,4.2745822,4.33963019,9708126,45111907.0
2018-05-08,601718,4.33963019,4.4604336,4.32104505,4.4604336,16601930,78641831.0
2018-05-09,601718,4.44184846,4.49760388,4.42326332,4.44184846,11407553,54682269.0
2018-05-10,601718,4.46972617,4.50689645,4.44184846,4.46972617,9271114,44593651.0
2018-05-11,601718,4.46972617,4.47901874,4.41397075,4.42326332,6795320,32444571.0
2018-05-14,601718,4.41397075,4.4604336,4.41397075,4.43255589,6453164,30820244.0
2018-05-15,601718,4.4604336,4.49760388,4.41397075,4.48831131,9776216,46951239.0
2018-05-16,601718,4.4604336,4.49760388,4.43255589,4.44184846,10354907,49803254.0
2018-05-17,601718,4.4604336,4.7392107,4.41397075,4.57194444,37120467,182228152.0
2018-05-18,601718,4.52548159,4.56265187,4.48831131,4.52548159,18158908,88369874.0
2018-05-21,601718,4.58123701,4.59982215,4.52548159,4.53477416,14556942,71243240.0
2018-05-22,601718,4.54406673,4.54406673,4.47901874,4.48831131,10864675,52616254.0
2018-05-23,601718,4.48831131,4.48831131,4.42326332,4.42326332,9709414,46573394.0
2018-05-24,601718,4.42326332,4.46972617,4.40467818,4.43255589,7014501,33494955.0
2018-05-25,601718,4.43255589,4.43255589,4.2745822,4.29316734,15917848,74517653.0
2018-05-28,601718,4.29316734,4.29316734,4.20953421,4.21882678,13202582,60308960.0
2018-05-29,601718,4.20953421,4.24670449,4.19094907,4.20953421,8350505,37900846.0
2018-05-30,601718,4.13519365,4.15377879,3.97721996,3.9958051,19236809,84022708.0
2018-05-31,601718,4.02368281,4.07943823,3.98651253,4.06085309,13279573,57733647.0
2018-06-01,601718,4.03297538,4.17236393,4.02368281,4.10731594,14084444,62122466.0
2018-06-04,601718,4.13519365,4.19094907,4.10731594,4.15377879,13169115,58922399.0
2018-06-05,601718,4.14448622,4.17236393,4.10731594,4.16307136,9693561,43251712.0
2018-06-06,601718,4.17236393,4.23741192,4.12590108,4.20024164,9958441,44920252.0
2018-06-07,601718,4.20024164,4.23741192,4.16307136,4.16307136,8906280,40278531.0
2018-06-08,601718,4.17236393,4.17236393,4.07943823,4.0887308,13626904,60296781.0
2018-06-11,601718,4.0887308,4.20953421,4.04226795,4.17236393,13758021,61556582.0
2018-06-12,601718,4.16307136,4.20953421,4.12590108,4.17236393,9909751,44358096.0
2018-06-13,601718,4.14448622,4.16307136,4.02368281,4.04226795,11413632,50277076.0
2018-06-14,601718,4.01439024,4.22811935,4.01439024,4.14448622,15447992,68981577.0
2018-06-15,601718,4.12590108,4.17236393,4.05156052,4.07014566,11026655,48548829.0
2018-06-19,601718,4.02368281,4.02368281,3.66127258,3.75419828,20341584,83731484.0
2018-06-20,601718,3.72632057,3.80066113,3.69844286,3.74490571,10444026,42175181.0
2018-06-21,601718,3.74490571,3.77278342,3.56834688,3.63339487,12448168,49293923.0
2018-06-22,601718,3.60551716,3.66127258,3.49400632,3.64268744,8783186,34120893.0
2018-06-25,601718,3.64268744,3.67985772,3.59622459,3.60551716,7355769,28766595.0
2018-06-26,601718,3.56834688,3.77278342,3.52188403,3.67056515,10051774,39362143.0
2018-06-27,601718,3.64268744,3.73561314,3.64268744,3.68915029,11316194,44959195.0
2018-06-28,601718,3.66127258,3.70773543,3.65198001,3.67985772,7335331,29043269.0
2018-06-29,601718,3.67056515,3.74490571,3.64268744,3.73561314,8662224,34589008.0
2018-07-02,601718,3.73561314,3.75419828,3.65198001,3.68915029,7820333,31267277.0
2018-07-03,601718,3.68915029,3.77278342,3.67985772,3.76349085,10891658,43761794.0
2018-07-04,601718,3.77278342,3.78207599,3.717028,3.72632057,7913785,31850971.0
2018-07-05,601718,3.717028,3.73561314,3.54976174,3.60551716,9815749,38668642.0
2018-07-06,601718,3.60551716,3.67056515,3.54976174,3.63339487,9036436,35281547.0
2018-07-09,601718,3.66127258,3.72632057,3.66127258,3.717028,8390913,33474396.0
2018-07-10,601718,3.72632057,3.75419828,3.69844286,3.72632057,6600789,26433675.0
2018-07-11,601718,3.67985772,3.67985772,3.58693202,3.64268744,8784374,34436005.0
2018-07-12,601718,3.63339487,3.72632057,3.63339487,3.717028,8626617,34370464.0
2018-07-13,601718,3.73561314,3.73561314,3.68915029,3.70773543,6266235,25037512.0
2018-07-16,601718,3.70773543,3.72632057,3.69844286,3.69844286,5404817,21571230.0
2018-07-17,601718,3.717028,3.717028,3.67985772,3.717028,5857333,23336018.0
2018-07-18,601718,3.76349085,3.76349085,3.72632057,3.73561314,8430771,33991379.0
2018-07-19,601718,3.73561314,3.74490571,3.67985772,3.68915029,5843902,23292544.0
2018-07-20,601718,3.69844286,3.80066113,3.67056515,3.75419828,8912441,35804576.0
2018-07-23,601718,3.72632057,3.9028794,3.72632057,3.83783141,18009238,74079199.0
2018-07-24,601718,3.82853884,3.94004968,3.81924627,3.91217197,22635818,94748698.0
2018-07-25,601718,3.89358683,3.97721996,3.86570912,3.89358683,17560411,73758138.0
2018-07-26,601718,3.86570912,3.93075711,3.82853884,3.89358683,14818111,61834813.0
2018-07-27,601718,3.94934225,4.13519365,3.91217197,3.96792739,39640424,170597427.0
2018-07-30,601718,3.94004968,4.24670449,3.88429426,4.1816565,53160087,232883105.0
2018-07-31,601718,4.09802337,4.13519365,4.02368281,4.09802337,31209401,136550679.0
2018-08-01,601718,4.0887308,4.11660851,3.92146454,3.94934225,23696771,102311078.0
2018-08-02,601718,3.94934225,3.96792739,3.77278342,3.86570912,22651038,93724162.0
2018-08-03,601718,3.85641655,3.89358683,3.78207599,3.78207599,10688165,44171789.0
2018-08-06,601718,3.79136856,3.81924627,3.67056515,3.70773543,12433842,50113786.0
2018-08-07,601718,3.75419828,3.81924627,3.717028,3.8099537,11044883,44913380.0
2018-08-08,601718,3.86570912,3.93075711,3.8099537,3.87500169,16480963,68985024.0
2018-08-09,601718,3.86570912,3.94004968,3.83783141,3.92146454,12263094,51521352.0
2018-08-10,601718,3.93075711,3.95863482,3.9028794,3.94934225,9079063,38372935.0
2018-08-13,601718,3.9028794,3.98651253,3.85641655,3.98651253,13034531,54766536.0
2018-08-14,601718,3.94004968,3.98651253,3.94004968,3.96792739,11418281,48751420.0
2018-08-15,601718,3.97760457,3.98728244,3.89050374,3.89050374,14667106,59576867.0
2018-08-16,601718,3.88082587,3.89050374,3.81308078,3.82275865,13121714,52169823.0
2018-08-17,601718,3.85179226,3.86147013,3.71630208,3.71630208,11122606,43405672.0
2018-08-20,601718,3.72597995,3.75501356,3.6775906,3.73565782,12443651,47750070.0
2018-08-21,601718,3.74533569,3.80340291,3.72597995,3.7743693,12941867,50271077.0
2018-08-22,601718,3.76469143,3.7743693,3.70662421,3.71630208,7235893,27939911.0
2018-08-23,601718,3.72597995,3.75501356,3.70662421,3.74533569,7007448,27056039.0
2018-08-24,601718,3.74533569,3.74533569,3.69694634,3.69694634,7093322,27217268.0
2018-08-27,601718,3.71630208,3.75501356,3.70662421,3.73565782,8793975,33914996.0
2018-08-28,601718,3.73565782,3.78404717,3.73565782,3.75501356,9077894,35248253.0
2018-08-29,601718,3.75501356,3.75501356,3.71630208,3.74533569,6652758,25664947.0
2018-08-30,601718,3.74533569,3.74533569,3.64855699,3.64855699,10694333,40801125.0
2018-08-31,601718,3.65823486,3.69694634,3.62920125,3.68726847,8417911,31913813.0
2018-09-03,601718,3.6775906,3.6775906,3.56145616,3.63887912,8158276,30514851.0
2018-09-04,601718,3.62920125,3.69694634,3.62920125,3.68726847,7280546,27622316.0
2018-09-05,601718,3.68726847,3.70662421,3.63887912,3.64855699,6299812,23944658.0
2018-09-06,601718,3.63887912,3.68726847,3.59048977,3.60984551,6336800,23828628.0
2018-09-07,601718,3.61952338,3.65823486,3.60016764,3.60016764,5509174,20628068.0
2018-09-10,601718,3.60984551,3.60984551,3.52274468,3.56145616,5938422,21879849.0
2018-09-11,601718,3.53242255,3.5808119,3.51306681,3.53242255,6208951,22731818.0
2018-09-12,601718,3.53242255,3.60016764,3.53242255,3.5808119,6551900,24182306.0
2018-09-13,601718,3.60016764,3.62920125,3.54210042,3.60984551,6846108,25376349.0
2018-09-14,601718,3.60984551,3.61952338,3.55177829,3.56145616,7085252,26209443.0
2018-09-17,601718,3.56145616,3.57113403,3.46467746,3.46467746,6475200,23478661.0
2018-09-18,601718,3.46467746,3.53242255,3.45499959,3.53242255,10150553,36598679.0
2018-09-19,601718,3.51306681,3.59048977,3.50338894,3.56145616,10498693,38603075.0
2018-09-20,601718,3.56145616,3.59048977,3.55177829,3.56145616,6876553,25386081.0
2018-09-21,601718,3.56145616,3.62920125,3.56145616,3.62920125,11001915,40998072.0
2018-09-25,601718,3.60984551,3.63887912,3.59048977,3.61952338,7927545,29624832.0
2018-09-26,601718,3.61952338,3.65823486,3.60984551,3.61952338,7778200,29210414.0
2018-09-27,601718,3.62920125,3.65823486,3.54210042,3.54210042,10982153,40716544.0
2018-09-28,601718,3.57113403,3.60984551,3.57113403,3.59048977,8488530,31531179.0
2018-10-08,601718,3.56145616,3.74533569,3.54210042,3.60984551,22268955,83992749.0
2018-10-09,601718,3.60984551,3.61952338,3.54210042,3.57113403,13823431,50939191.0
2018-10-10,601718,3.59048977,3.61952338,3.57113403,3.59048977,6711054,24889194.0
2018-10-11,601718,3.50338894,3.52274468,3.24208645,3.27112006,18228299,63595222.0
2018-10-12,601718,3.25176432,3.30983154,3.07756266,3.23240858,12615952,41819880.0
2018-10-15,601718,3.25176432,3.30015367,3.1936971,3.20337497,6691011,22502895.0
2018-10-16,601718,3.21305284,3.27112006,3.14530775,3.16466349,6296713,20913314.0
2018-10-17,601718,3.20337497,3.23240858,3.13562988,3.17434136,5333381,17576469.0
2018-10-18,601718,3.18401923,3.1936971,3.11627414,3.11627414,6668300,21704332.0
2018-10-19,601718,3.11627414,3.21305284,3.08724053,3.21305284,7616837,24872449.0
2018-10-22,601718,3.23240858,3.3872545,3.23240858,3.33886515,13854159,47541124.0
2018-10-23,601718,3.34854302,3.37757663,3.28079793,3.30015367,9583786,32846585.0
2018-10-24,601718,3.31950941,3.37757663,3.2904758,3.34854302,10847191,37407643.0
2018-10-25,601718,3.27112006,3.32918728,3.22273071,3.31950941,9585746,32381804.0
2018-10-26,601718,3.33886515,3.36789876,3.31950941,3.32918728,8104126,27974538.0
2018-10-29,601718,3.30983154,3.32918728,3.27112006,3.2904758,6521403,22200303.0
2018-10-30,601718,3.28079793,3.33886515,3.25176432,3.31950941,8987401,30689448.0
2018-10-31,601718,3.30983154,3.37757663,3.30983154,3.35822089,7316168,25390051.0
2018-11-01,601718,3.35822089,3.39693237,3.34854302,3.34854302,8476717,29595751.0
2018-11-02,601718,3.3872545,3.40661024,3.36789876,3.40661024,11325779,39697808.0
2018-11-05,601718,3.39693237,3.44532172,3.3872545,3.41628811,10212054,36008858.0
2018-11-06,601718,3.40661024,3.46467746,3.37757663,3.43564385,12618740,44562570.0
2018-11-07,601718,3.42596598,3.45499959,3.39693237,3.40661024,9328536,33005514.0
2018-11-08,601718,3.43564385,3.43564385,3.33886515,3.34854302,11124340,38952976.0
2018-11-09,601718,3.34854302,3.39693237,3.34854302,3.35822089,8014556,27885625.0
2018-11-12,601718,3.35822089,3.46467746,3.34854302,3.45499959,11171028,39484833.0
2018-11-13,601718,3.40661024,3.59048977,3.40661024,3.54210042,23072224,83907335.0
2018-11-14,601718,3.54210042,3.61952338,3.53242255,3.55177829,15736590,58116717.0
2018-11-15,601718,3.5808119,3.62920125,3.56145616,3.61952338,14149497,52652490.0
2018-11-16,601718,3.63887912,3.65823486,3.59048977,3.60016764,15720385,58708137.0
2018-11-19,601718,3.60984551,3.69694634,3.5808119,3.65823486,20674813,77691984.0
2018-11-20,601718,3.62920125,3.63887912,3.51306681,3.52274468,15622418,57788209.0
2018-11-21,601718,3.4840332,3.54210042,3.4840332,3.52274468,12024243,43639179.0
2018-11-22,601718,3.53242255,3.5808119,3.52274468,3.54210042,10758118,39436720.0
2018-11-23,601718,3.53242255,3.54210042,3.37757663,3.39693237,17748553,63190234.0
2018-11-26,601718,3.39693237,3.41628811,3.34854302,3.35822089,8252031,28858823.0
2018-11-27,601718,3.3872545,3.40661024,3.36789876,3.37757663,7017652,24581533.0
2018-11-28,601718,3.3872545,3.42596598,3.33886515,3.42596598,8879911,31089534.0
2018-11-29,601718,3.45499959,3.45499959,3.30015367,3.33886515,9935500,34862906.0
2018-11-30,601718,3.32918728,3.3872545,3.28079793,3.3872545,10975288,37832780.0
2018-12-03,601718,3.45499959,3.4840332,3.43564385,3.47435533,13106105,46936427.0
2018-12-04,601718,3.46467746,3.51306681,3.45499959,3.51306681,9344901,33682784.0
2018-12-05,601718,3.43564385,3.50338894,3.43564385,3.47435533,9139482,32806181.0
2018-12-06,601718,3.4840332,3.51306681,3.44532172,3.44532172,10140898,36462667.0
2018-12-07,601718,3.45499959,3.55177829,3.45499959,3.51306681,13840318,50178332.0
2018-12-10,601718,3.4840332,3.52274468,3.46467746,3.4840332,9381889,33893069.0
2018-12-11,601718,3.50338894,3.53242255,3.46467746,3.46467746,8804288,31760219.0
2018-12-12,601718,3.49371107,3.51306681,3.46467746,3.50338894,10490667,37833796.0
2018-12-13,601718,3.49371107,3.53242255,3.44532172,3.46467746,18741342,67648507.0
2018-12-14,601718,3.47435533,3.4840332,3.32918728,3.32918728,34837970,122628664.0
2018-12-17,601718,3.32918728,3.40661024,3.31950941,3.3872545,15893196,55230676.0
2018-12-18,601718,3.36789876,3.42596598,3.30983154,3.3872545,13977031,48674079.0
2018-12-19,601718,3.3872545,3.39693237,3.33886515,3.33886515,6815652,23698694.0
2018-12-20,601718,3.35822089,3.40661024,3.31950941,3.35822089,8810217,30631448.0
2018-12-21,601718,3.36789876,3.37757663,3.30015367,3.31950941,7747484,26694167.0
2018-12-24,601718,3.31950941,3.35822089,3.30983154,3.33886515,6349503,21869150.0
2018-12-25,601718,3.30983154,3.31950941,3.23240858,3.28079793,10730478,36258453.0
2018-12-26,601718,3.28079793,3.30015367,3.25176432,3.27112006,5056555,17090510.0
2018-12-27,601718,3.30983154,3.31950941,3.21305284,3.22273071,7222320,24411209.0
2018-12-28,601718,3.23240858,3.28079793,3.23240858,3.24208645,5604372,18843678.0
2019-01-02,601718,3.25176432,3.2904758,3.23240858,3.25176432,8468284,28542548.0
2019-01-03,601718,3.26144219,3.36789876,3.25176432,3.31950941,11299691,38991704.0
2019-01-04,601718,3.30015367,3.42596598,3.30015367,3.40661024,12567083,43897533.0
2019-01-07,601718,3.44532172,3.54210042,3.41628811,3.52274468,20688024,74680763.0
2019-01-08,601718,3.52274468,3.56145616,3.47435533,3.51306681,15274040,55430017.0
2019-01-09,601718,3.54210042,3.60016764,3.4840332,3.4840332,17401882,63796954.0
2019-01-10,601718,3.53242255,3.59048977,3.50338894,3.52274468,14899333,54639635.0
2019-01-11,601718,3.51306681,3.57113403,3.51306681,3.51306681,11445798,41928026.0
2019-01-14,601718,3.56145616,3.62920125,3.51306681,3.52274468,15044800,55433724.0
2019-01-15,601718,3.54210042,3.60016764,3.54210042,3.56145616,13777325,50777454.0
2019-01-16,601718,3.56145616,3.65823486,3.55177829,3.57113403,19189734,71366648.0
2019-01-17,601718,3.5808119,3.60016764,3.47435533,3.50338894,15862826,57705912.0
2019-01-18,601718,3.52274468,3.54210042,3.46467746,3.4840332,12870012,46528028.0
2019-01-21,601718,3.52274468,3.53242255,3.4840332,3.4840332,9677170,35067177.0
2019-01-22,601718,3.4840332,3.51306681,3.42596598,3.45499959,10226200,36669605.0
2019-01-23,601718,3.46467746,3.4840332,3.42596598,3.42596598,9153400,32609624.0
2019-01-24,601718,3.44532172,3.49371107,3.40661024,3.46467746,11690969,41741696.0
2019-01-25,601718,3.46467746,3.46467746,3.3872545,3.39693237,11507385,40782342.0
2019-01-28,601718,3.42596598,3.45499959,3.36789876,3.37757663,9081189,32055047.0
2019-01-29,601718,3.3872545,3.3872545,3.25176432,3.30983154,14459489,49419307.0
2019-01-30,601718,3.30983154,3.32918728,3.28079793,3.30015367,7317926,25035013.0
2019-01-31,601718,3.27112006,3.30015367,3.20337497,3.22273071,14049100,47142816.0
2019-02-01,601718,3.24208645,3.2904758,3.22273071,3.28079793,13220715,44425031.0
2019-02-11,601718,3.2904758,3.33886515,3.28079793,3.31950941,12313326,42267065.0
2019-02-12,601718,3.31950941,3.36789876,3.30983154,3.35822089,11030010,38112022.0
2019-02-13,601718,3.35822089,3.42596598,3.34854302,3.42596598,17151667,60077162.0
2019-02-14,601718,3.42596598,3.44532172,3.39693237,3.41628811,11819890,41716529.0
2019-02-15,601718,3.40661024,3.43564385,3.3872545,3.3872545,10540122,37190657.0
2019-02-18,601718,3.41628811,3.4840332,3.41628811,3.47435533,16582471,59175940.0
2019-02-19,601718,3.46467746,3.50338894,3.43564385,3.4840332,18257526,65507034.0
2019-02-20,601718,3.4840332,3.56145616,3.46467746,3.49371107,21115247,76378044.0
2019-02-21,601718,3.49371107,3.57113403,3.47435533,3.4840332,28282950,103076406.0
2019-02-22,601718,3.49371107,3.53242255,3.46467746,3.53242255,18672764,67658152.0
2019-02-25,601718,3.57113403,3.82275865,3.56145616,3.78404717,48811005,185595282.0
2019-02-26,601718,3.79372504,3.92921522,3.73565782,3.80340291,56377346,223749948.0
2019-02-27,601718,3.82275865,4.18083984,3.81308078,4.02599392,83115991,347196415.0
2019-02-28,601718,4.04534966,4.11309475,3.91953735,3.93889309,47983793,198508527.0
2019-03-01,601718,3.99696031,4.03567179,3.90985948,4.01631605,39511299,161873520.0
2019-03-04,601718,4.05502753,4.32600789,3.99696031,4.1614841,75734399,323805026.0
2019-03-05,601718,4.11309475,4.22922919,4.09373901,4.17116197,50045058,214896046.0
2019-03-06,601718,4.18083984,4.21955132,4.11309475,4.20987345,56967526,245329581.0
2019-03-07,601718,4.17116197,4.50020955,4.17116197,4.39375298,72001651,322364947.0
2019-03-08,601718,4.39375298,4.82925713,4.29697428,4.73247843,145493076,712934623.0
2019-03-11,601718,4.838935,4.838935,4.51956529,4.72280056,94415740,456445228.0
2019-03-12,601718,4.76151204,4.82925713,4.6453776,4.75183417,75536932,368249135.0
2019-03-13,601718,4.72280056,4.72280056,4.41310872,4.49053168,69379593,329315299.0
2019-03-14,601718,4.44214233,4.5485989,4.26794067,4.30665215,43344997,195220628.0
2019-03-15,601718,4.31633002,4.39375298,4.27761854,4.31633002,27906517,124907969.0
2019-03-18,601718,4.34536363,4.37439724,4.26794067,4.37439724,29610007,132756916.0
2019-03-19,601718,4.38407511,4.48085381,4.37439724,4.39375298,29255639,133717548.0
2019-03-20,601718,4.39375298,4.42278659,4.27761854,4.34536363,23235153,104331322.0
2019-03-21,601718,4.32600789,4.51956529,4.32600789,4.47117594,45710064,210765056.0
2019-03-22,601718,4.48085381,4.91635796,4.38407511,4.91635796,140715135,693563929.0
2019-03-25,601718,4.7421563,5.29379489,4.69376695,5.02281453,147957525,769707508.0
2019-03-26,601718,4.96474731,4.97442518,4.5485989,4.6453776,99636525,490594009.0
2019-03-27,601718,4.6453776,4.97442518,4.56795464,4.91635796,94148544,466308461.0
2019-03-28,601718,4.72280056,4.77118991,4.57763251,4.58731038,66958495,324206041.0
2019-03-29,601718,4.51956529,4.69376695,4.51956529,4.68408908,40850680,194917889.0
2019-04-01,601718,4.73247843,4.88732435,4.69376695,4.80990139,47229660,234901227.0
2019-04-02,601718,4.838935,5.15830471,4.838935,4.88732435,65893222,338876192.0
2019-04-03,601718,4.84861287,4.91635796,4.75183417,4.89700222,45127840,225278666.0
2019-04-04,601718,4.90668009,5.02281453,4.86796861,4.91635796,43705101,222422565.0
2019-04-08,601718,4.9357137,4.97442518,4.75183417,4.82925713,44382034,222311764.0
2019-04-09,601718,4.81957926,4.85829074,4.72280056,4.78086778,36227749,178961314.0
2019-04-10,601718,4.75183417,4.77118991,4.72280056,4.7421563,26728488,131005912.0
2019-04-11,601718,4.72280056,5.06152601,4.69376695,4.86796861,75909215,382583301.0
2019-04-12,601718,4.81957926,4.91635796,4.69376695,4.7421563,44643862,220963737.0
2019-04-15,601718,4.78086778,4.81957926,4.70344482,4.70344482,30952339,152534598.0
2019-04-16,601718,4.66473334,4.75183417,4.5485989,4.75183417,31099702,149438245.0
2019-04-17,601718,4.76151204,4.76151204,4.67441121,4.72280056,27296556,133208739.0
2019-04-18,601718,4.70344482,4.75183417,4.67441121,4.68408908,21829901,106303789.0
2019-04-19,601718,4.68408908,4.70344482,4.59698825,4.67441121,23757325,114101478.0
2019-04-22,601718,4.69376695,4.7421563,4.61634399,4.65505547,21468012,103949426.0
2019-04-23,601718,4.63569973,4.63569973,4.43246446,4.44214233,29434023,137388763.0
2019-04-24,601718,4.44214233,4.47117594,4.29697428,4.3550415,45744598,205956518.0
2019-04-25,601718,4.36471937,4.38407511,4.00663818,4.0647054,58379104,252787026.0
2019-04-26,601718,4.08406114,4.12277262,3.99696031,4.01631605,32163073,135070352.0
2019-04-29,601718,4.03567179,4.0647054,3.91953735,3.97760457,27355196,113139331.0
2019-04-30,601718,4.00663818,4.07438327,3.98728244,4.03567179,21433193,89456844.0
2019-05-06,601718,3.94857096,3.94857096,3.62920125,3.66791273,33911904,132553161.0
2019-05-07,601718,3.71630208,3.7743693,3.66791273,3.73565782,24795933,95220641.0
2019-05-08,601718,3.65823486,3.74533569,3.60016764,3.69694634,18252706,69644357.0
2019-05-09,601718,3.65823486,3.74533569,3.63887912,3.68726847,15812154,60420512.0
2019-05-10,601718,3.70662421,3.81308078,3.60016764,3.81308078,27129181,105156980.0
2019-05-13,601718,3.76469143,3.80340291,3.73565782,3.7743693,19023849,74058940.0
2019-05-14,601718,3.69694634,3.78404717,3.69694634,3.71630208,17220915,66533378.0
2019-05-15,601718,3.73565782,3.7743693,3.72597995,3.76469143,17113532,66341714.0
2019-05-16,601718,3.76469143,3.83243652,3.73565782,3.83243652,24038278,94512472.0
2019-05-17,601718,3.81308078,3.83243652,3.63887912,3.65823486,28779055,111175873.0
2019-05-20,601718,3.63887912,3.68726847,3.56145616,3.64855699,16040887,60102154.0
2019-05-21,601718,3.64855699,3.71630208,3.63887912,3.68726847,15408775,58683085.0
2019-05-22,601718,3.69694634,3.69694634,3.60016764,3.61952338,17206761,64987598.0
2019-05-23,601718,3.61952338,3.62920125,3.56145616,3.57113403,14590987,54135218.0
2019-05-24,601718,3.5808119,3.59048977,3.53242255,3.57113403,11955703,44032689.0
2019-05-27,601718,3.57113403,3.66791273,3.55177829,3.64855699,13975774,52263918.0
2019-05-28,601718,3.64855699,3.66791273,3.60984551,3.60984551,16928784,63689868.0
2019-05-29,601718,3.59048977,3.63887912,3.59048977,3.59048977,12753763,47545483.0
2019-05-30,601718,3.57113403,3.59048977,3.53242255,3.5808119,12372056,45481449.0
2019-05-31,601718,3.5808119,3.61952338,3.54210042,3.57113403,11124893,41172720.0
2019-06-03,601718,3.57113403,3.60984551,3.51306681,3.51306681,13197707,48478609.0
2019-06-04,601718,3.51306681,3.51306681,3.42596598,3.45499959,16165135,57934867.0
2019-06-05,601718,3.49371107,3.50338894,3.46467746,3.46467746,8060900,29004495.0
2019-06-06,601718,3.45499959,3.47435533,3.39693237,3.41628811,11273687,39883928.0
2019-06-10,601718,3.46467746,3.4840332,3.43564385,3.45499959,9112742,32570184.0
2019-06-11,601718,3.45499959,3.61952338,3.44532172,3.60016764,19961022,73315279.0
2019-06-12,601718,3.5808119,3.61952338,3.56145616,3.56145616,12211095,45318456.0
2019-06-13,601718,3.5808119,3.60016764,3.55177829,3.5808119,12366122,45656925.0
2019-06-14,601718,3.63887912,3.79372504,3.60016764,3.60984551,31419997,119576180.0
2019-06-17,601718,3.61952338,3.63887912,3.56145616,3.5808119,11053434,40982340.0
2019-06-18,601718,3.5808119,3.61952338,3.5808119,3.60016764,9307525,34600339.0
2019-06-19,601718,3.6775906,3.70662421,3.62920125,3.62920125,15315160,57962947.0
2019-06-20,601718,3.62920125,3.90985948,3.61952338,3.75501356,37242663,145556172.0
2019-06-21,601718,3.7743693,3.85179226,3.76469143,3.81308078,28652992,112624477.0
2019-06-24,601718,3.80340291,3.84211439,3.78404717,3.81308078,15044203,59171276.0
2019-06-25,601718,3.81308078,3.81308078,3.73565782,3.7743693,15683548,61127770.0
2019-06-26,601718,3.76469143,3.81308078,3.74533569,3.80340291,10311701,40295240.0
2019-06-27,601718,3.80340291,3.871148,3.78404717,3.86147013,21422395,84648247.0
2019-06-28,601718,3.83243652,3.85179226,3.72597995,3.78404717,16422173,64059628.0
2019-07-01,601718,3.871148,3.88082587,3.83243652,3.86147013,21585387,86101995.0
2019-07-02,601718,3.89050374,3.89050374,3.84211439,3.85179226,15256913,60959309.0
2019-07-03,601718,3.84211439,3.88082587,3.82275865,3.84211439,14657721,58224234.0
2019-07-04,601718,3.84211439,3.98728244,3.83243652,3.94857096,37967909,153494582.0
2019-07-05,601718,3.92921522,3.94857096,3.85179226,3.88082587,23125632,93029722.0
2019-07-08,601718,3.871148,3.871148,3.70662421,3.71630208,21864487,85168269.0
2019-07-09,601718,3.74533569,3.7743693,3.70662421,3.74533569,8939104,34510051.0
2019-07-10,601718,3.74533569,3.78404717,3.71630208,3.75501356,8810028,34171627.0
2019-07-11,601718,3.7743693,3.79372504,3.70662421,3.70662421,8487425,32894066.0
2019-07-12,601718,3.71630208,3.76469143,3.70662421,3.71630208,6783701,26178390.0
2019-07-15,601718,3.73565782,3.83243652,3.69694634,3.82275865,18994869,74361627.0
2019-07-16,601718,3.81308078,3.91953735,3.81308078,3.871148,16855035,67550732.0
2019-07-17,601718,3.90018161,3.90018161,3.84211439,3.85179226,10688037,42706057.0
2019-07-18,601718,3.84211439,3.84211439,3.75501356,3.75501356,13054310,51164523.0
2019-07-19,601718,3.79372504,3.83243652,3.78404717,3.79372504,9429682,37061343.0
2019-07-22,601718,3.79372504,3.81308078,3.6775906,3.69694634,13008322,50070019.0
2019-07-23,601718,3.70662421,3.75501356,3.68726847,3.75501356,10019540,38552419.0
2019-07-24,601718,3.7743693,3.83243652,3.75501356,3.78404717,12952401,50770384.0
2019-07-25,601718,3.78404717,3.80340291,3.75501356,3.78404717,10506902,41108298.0
2019-07-26,601718,3.78404717,3.83243652,3.7743693,3.80340291,14280213,56120156.0
2019-07-29,601718,3.80340291,3.91953735,3.80340291,3.89050374,24429993,97362677.0
2019-07-30,601718,3.871148,3.90018161,3.82275865,3.83243652,21552306,85877738.0
2019-07-31,601718,3.84211439,3.98728244,3.80340291,3.9679267,49091556,199501156.0
2019-08-01,601718,3.93889309,3.95824883,3.85179226,3.89050374,31173946,125683821.0
2019-08-02,601718,3.81308078,3.83243652,3.73565782,3.73565782,32386314,126561225.0
2019-08-05,601718,3.73565782,3.76469143,3.60984551,3.63887912,27282142,103866584.0
2019-08-06,601718,3.55177829,3.5808119,3.41628811,3.50338894,23781422,86167115.0
2019-08-07,601718,3.52274468,3.55177829,3.47435533,3.49371107,10468197,37917278.0
2019-08-08,601718,3.53242255,3.5808119,3.51306681,3.53242255,9263996,33917889.0
2019-08-09,601718,3.55177829,3.60984551,3.51306681,3.53242255,11489797,42272828.0
2019-08-12,601718,3.53242255,3.60016764,3.53242255,3.5808119,7632357,28139616.0
2019-08-13,601718,3.5808119,3.59048977,3.54210042,3.57113403,7234701,26680214.0
2019-08-14,601718,3.61952338,3.64855699,3.57113403,3.59048977,10770136,40135800.0
2019-08-15,601718,3.50315483,3.58078707,3.4934508,3.57108304,8329900,30417999.0
2019-08-16,601718,3.60019513,3.60989916,3.54197095,3.57108304,8734115,32258945.0
2019-08-19,601718,3.60019513,3.66812334,3.58078707,3.66812334,15669089,58676746.0
2019-08-20,601718,3.67782737,3.80397976,3.65841931,3.71664349,21699101,83447364.0
2019-08-21,601718,3.72634752,3.74575558,3.67782737,3.69723543,12074279,46147859.0
2019-08-22,601718,3.71664349,3.90102006,3.69723543,3.80397976,30966098,121423288.0
2019-08-23,601718,3.79427573,3.85249991,3.77486767,3.7845717,17230701,67711284.0
2019-08-26,601718,3.73605155,3.89131603,3.71664349,3.86220394,24359232,95763112.0
2019-08-27,601718,3.87190797,3.9786523,3.83309185,3.90102006,29630838,119171667.0
2019-08-28,601718,3.881612,4.23095708,3.86220394,4.09510066,58112182,240224769.0
2019-08-29,601718,4.04658051,4.21154902,3.98835633,3.99806036,60450183,253082349.0
2019-08-30,601718,4.01746842,4.03687648,3.86220394,3.92042812,41591356,168887179.0
2019-09-02,601718,3.93013215,4.0756926,3.91072409,4.06598857,48998314,202821155.0
2019-09-03,601718,4.08539663,4.11450872,3.99806036,4.04658051,34788610,144834613.0
2019-09-04,601718,4.00776439,4.03687648,3.96894827,4.01746842,26563828,109618251.0
2019-09-05,601718,4.01746842,4.0756926,3.99806036,4.00776439,32107344,133634058.0
2019-09-06,601718,4.01746842,4.06598857,3.98835633,4.00776439,20453044,84799468.0
2019-09-09,601718,4.03687648,4.05628454,3.94954021,4.03687648,34135743,140846001.0
2019-09-10,601718,4.03687648,4.08539663,3.9786523,4.00776439,30938200,128244442.0
2019-09-11,601718,3.99806036,4.01746842,3.92042812,3.93013215,24915151,101690656.0
2019-09-12,601718,3.93983618,3.96894827,3.91072409,3.95924424,14513039,58979075.0
2019-09-16,601718,3.95924424,4.00776439,3.93983618,3.94954021,15592350,63754310.0
2019-09-17,601718,3.94954021,3.95924424,3.7845717,3.79427573,30717066,121979149.0
2019-09-18,601718,3.79427573,3.82338782,3.74575558,3.74575558,17106868,66687958.0
2019-09-19,601718,3.7845717,3.83309185,3.76516364,3.80397976,13266584,51928352.0
2019-09-20,601718,3.80397976,3.81368379,3.76516364,3.7845717,12450258,48618065.0
2019-09-23,601718,3.7845717,3.79427573,3.73605155,3.7845717,14044407,54468529.0
2019-09-24,601718,3.82338782,3.83309185,3.74575558,3.74575558,17360386,67612130.0
2019-09-25,601718,3.76516364,3.76516364,3.60019513,3.61960319,23968388,90476440.0
2019-09-26,601718,3.65841931,3.65841931,3.52256289,3.53226692,17449723,64143354.0
2019-09-27,601718,3.54197095,3.58078707,3.53226692,3.55167498,12439432,45578598.0
2019-09-30,601718,3.54197095,3.54197095,3.45463468,3.45463468,18856368,67631150.0
2019-10-08,601718,3.45463468,3.48374677,3.44493065,3.44493065,11487200,40979629.0
2019-10-09,601718,3.42552259,3.46433871,3.40611453,3.45463468,6892805,24492659.0
2019-10-10,601718,3.46433871,3.52256289,3.45463468,3.47404274,14677436,52740700.0
2019-10-11,601718,3.4934508,3.50315483,3.46433871,3.47404274,9540900,34264921.0
2019-10-14,601718,3.50315483,3.53226692,3.4934508,3.4934508,13778512,49843316.0
2019-10-15,601718,3.52256289,3.52256289,3.45463468,3.45463468,10470126,37557849.0
2019-10-16,601718,3.46433871,3.4934508,3.41581856,3.41581856,11143912,39682288.0
2019-10-17,601718,3.43522662,3.44493065,3.40611453,3.41581856,9037967,31867858.0
2019-10-18,601718,3.41581856,3.44493065,3.31877826,3.32848229,15156017,52689345.0
2019-10-21,601718,3.33818632,3.34789035,3.27996214,3.33818632,10688527,36530597.0
2019-10-22,601718,3.32848229,3.40611453,3.32848229,3.38670647,10658000,37012251.0
2019-10-23,601718,3.37700244,3.3964105,3.32848229,3.32848229,8541436,29470131.0
2019-10-24,601718,3.34789035,3.34789035,3.2993702,3.31877826,9623511,32899646.0
2019-10-25,601718,3.31877826,3.32848229,3.24114602,3.27996214,16258411,54903544.0
2019-10-28,601718,3.28966617,3.34789035,3.28966617,3.32848229,14298280,48951436.0
2019-10-29,601718,3.33818632,3.35759438,3.26055408,3.26055408,11325794,38493023.0
2019-10-30,601718,3.26055408,3.27025811,3.22173796,3.23144199,10580821,35345589.0
2019-10-31,601718,3.23144199,3.25085005,3.17321781,3.17321781,10665171,35293618.0
2019-11-01,601718,3.19262587,3.25085005,3.18292184,3.23144199,11370738,37879696.0
2019-11-04,601718,3.25085005,3.27025811,3.21203393,3.22173796,10373445,34737667.0
2019-11-05,601718,3.24114602,3.26055408,3.21203393,3.23144199,8809110,29331351.0
2019-11-06,601718,3.22173796,3.27025811,3.19262587,3.21203393,10032200,33411787.0
2019-11-07,601718,3.2023299,3.24114602,3.18292184,3.19262587,9527232,31488193.0
2019-11-08,601718,3.23144199,3.24114602,3.13440169,3.14410572,17003016,55763468.0
2019-11-11,601718,3.14410572,3.14410572,3.08588154,3.08588154,12939500,41471333.0
2019-11-12,601718,3.08588154,3.11499363,3.04706542,3.09558557,10365554,32902935.0
2019-11-13,601718,3.08588154,3.08588154,3.04706542,3.04706542,8388067,26468730.0
2019-11-14,601718,3.05676945,3.07617751,3.04706542,3.06647348,8026241,25316802.0
2019-11-15,601718,3.05676945,3.06647348,2.97913721,2.97913721,11619300,36239883.0
2019-11-18,601718,2.98884124,3.0082493,2.97913721,2.98884124,6636607,20473264.0
2019-11-19,601718,2.99854527,3.04706542,2.98884124,3.04706542,9262823,28888087.0
2019-11-20,601718,3.05676945,3.06647348,3.0082493,3.0082493,7421168,23203385.0
2019-11-21,601718,3.0082493,3.03736139,2.98884124,3.0082493,7878748,24451879.0
2019-11-22,601718,3.0082493,3.16351378,3.0082493,3.07617751,29278044,92798027.0
2019-11-25,601718,3.06647348,3.11499363,3.03736139,3.1052896,16706496,52891477.0
2019-11-26,601718,3.1052896,3.11499363,3.03736139,3.03736139,12416400,39285225.0
2019-11-27,601718,3.04706542,3.07617751,3.02765736,3.04706542,9108909,28635238.0
2019-11-28,601718,3.03736139,3.09558557,3.03736139,3.08588154,10920079,34489369.0
2019-11-29,601718,3.07617751,3.08588154,3.04706542,3.07617751,9185422,28977237.0
2019-12-02,601718,3.02765736,3.05676945,2.98884124,3.03736139,10698543,33421754.0
2019-12-03,601718,3.02765736,3.04706542,2.99854527,3.04706542,7214410,22475384.0
2019-12-04,601718,3.02765736,3.06647348,3.01795333,3.05676945,8441200,26526634.0
2019-12-05,601718,3.06647348,3.08588154,3.04706542,3.06647348,10603705,33583660.0
2019-12-06,601718,3.07617751,3.1052896,3.05676945,3.09558557,8640500,27428110.0
2019-12-09,601718,3.1052896,3.14410572,3.07617751,3.07617751,11822201,37829729.0
2019-12-10,601718,3.08588154,3.09558557,3.06647348,3.08588154,8476870,26911289.0
2019-12-11,601718,3.09558557,3.09558557,3.05676945,3.06647348,9075327,28702722.0
2019-12-12,601718,3.06647348,3.07617751,3.01795333,3.02765736,9878000,30958856.0
2019-12-13,601718,3.06647348,3.07617751,3.03736139,3.05676945,11851000,37306182.0
2019-12-16,601718,3.06647348,3.11499363,3.05676945,3.1052896,21445756,68098732.0
2019-12-17,601718,3.1052896,3.17321781,3.1052896,3.14410572,25699017,83234422.0
2019-12-18,601718,3.15380975,3.23144199,3.14410572,3.16351378,23487643,77123650.0
2019-12-19,601718,3.17321781,3.21203393,3.16351378,3.19262587,14641905,48086675.0
2019-12-20,601718,3.19262587,3.22173796,3.15380975,3.15380975,13443686,44151760.0
2019-12-23,601718,3.15380975,3.16351378,3.06647348,3.07617751,16270722,52261748.0
2019-12-24,601718,3.06647348,3.1052896,3.04706542,3.09558557,11409447,36256093.0
2019-12-25,601718,3.09558557,3.1052896,3.05676945,3.06647348,12681200,40222355.0
2019-12-26,601718,3.06647348,3.09558557,3.04706542,3.09558557,13905200,44003589.0
2019-12-27,601718,3.09558557,3.13440169,3.08588154,3.08588154,16107350,51616262.0
2019-12-30,601718,3.08588154,3.11499363,3.04706542,3.11499363,16965259,54012196.0
2019-12-31,601718,3.11499363,3.21203393,3.1052896,3.16351378,25229507,82187750.0
2020-01-02,601718,3.17321781,3.23144199,3.16351378,3.2023299,25280341,83389528.0
2020-01-03,601718,3.21203393,3.24114602,3.19262587,3.2023299,23842306,78830668.0
2020-01-06,601718,3.22173796,3.24114602,3.19262587,3.24114602,32909856,109336828.0
2020-01-07,601718,3.23144199,3.27025811,3.22173796,3.25085005,22882276,76515340.0
2020-01-08,601718,3.25085005,3.2993702,3.19262587,3.19262587,29597139,99078472.0
2020-01-09,601718,3.23144199,3.24114602,3.2023299,3.23144199,16119105,53565665.0
2020-01-10,601718,3.23144199,3.24114602,3.16351378,3.19262587,19292740,63598127.0
2020-01-13,601718,3.2023299,3.22173796,3.16351378,3.22173796,14364440,47255172.0
2020-01-14,601718,3.21203393,3.24114602,3.2023299,3.2023299,12901200,42793438.0
2020-01-15,601718,3.2023299,3.22173796,3.15380975,3.16351378,13545300,44442106.0
2020-01-16,601718,3.17321781,3.2023299,3.14410572,3.15380975,15863503,51858144.0
2020-01-17,601718,3.15380975,3.18292184,3.12469766,3.14410572,12331753,40109818.0
2020-01-20,601718,3.19262587,3.25085005,3.18292184,3.24114602,30938945,102893780.0
2020-01-21,601718,3.30907423,3.56137901,3.25085005,3.56137901,91846912,322890904.0
2020-01-22,601718,3.44493065,3.51285886,3.2993702,3.32848229,88760295,309392499.0
2020-01-23,601718,3.45463468,3.63901125,3.42552259,3.57108304,136921618,499466850.0
2020-02-03,601718,3.93013215,3.93013215,3.69723543,3.93013215,168575347,674492826.0
2020-02-04,601718,3.93013215,4.22125305,3.69723543,4.00776439,181714544,741898660.0
2020-02-05,601718,3.96894827,4.30858932,3.87190797,4.20184499,165123554,694578138.0
2020-02-06,601718,4.1727329,4.51237395,4.11450872,4.37651753,169837697,768794781.0
2020-02-07,601718,4.32799738,4.52207798,4.16302887,4.21154902,149575196,669304878.0
2020-02-10,601718,4.23095708,4.37651753,3.881612,3.9786523,128187189,537939487.0
2020-02-11,601718,3.9786523,3.98835633,3.6875314,3.7845717,101180570,397138702.0
2020-02-12,601718,3.72634752,3.81368379,3.67782737,3.76516364,69178390,267011248.0
2020-02-13,601718,3.76516364,3.80397976,3.67782737,3.69723543,51246491,196744351.0
2020-02-14,601718,3.6875314,3.73605155,3.61960319,3.64871528,48267074,182452420.0
2020-02-17,601718,3.7845717,3.83309185,3.72634752,3.79427573,69723879,272053244.0
2020-02-18,601718,3.77486767,4.09510066,3.74575558,4.02717245,114600477,466589960.0
2020-02-19,601718,4.0756926,4.0756926,3.881612,3.89131603,74626913,305053119.0
2020-02-20,601718,3.87190797,3.98835633,3.86220394,3.93013215,58307840,234979059.0
2020-02-21,601718,3.93983618,3.96894827,3.89131603,3.92042812,48646573,196189021.0
2020-02-24,601718,4.02717245,4.29888529,4.00776439,4.24066111,133002956,571608242.0
2020-02-25,601718,4.26006917,4.51237395,4.18243693,4.35710947,168226250,752400888.0
2020-02-26,601718,4.39592559,4.42503768,4.10480469,4.11450872,114354216,495099688.0
2020-02-27,601718,4.15332484,4.22125305,3.9786523,4.16302887,88751766,375728464.0
2020-02-28,601718,4.12421275,4.58030216,4.12421275,4.58030216,227285934,1030951990.0
2020-03-02,601718,4.55119007,4.92964724,4.39592559,4.71615858,203814675,978162221.0
2020-03-03,601718,4.60941425,4.82290291,4.47355783,4.59971022,154314766,733397043.0
2020-03-04,601718,4.60941425,4.73556664,4.52207798,4.59000619,105722582,503816008.0
2020-03-05,601718,4.62882231,4.80349485,4.58030216,4.6579344,124045484,598862376.0
2020-03-06,601718,4.64823037,5.01698351,4.61911828,4.91023918,174271886,872597098.0
2020-03-09,601718,5.03639157,5.15283993,4.77438276,4.81319888,180231473,918149104.0
2020-03-10,601718,4.59000619,4.66763843,4.32799738,4.4638538,138792249,640714582.0
2020-03-11,601718,4.44444574,4.73556664,4.44444574,4.59971022,110953062,522935892.0
2020-03-12,601718,4.81319888,4.83260694,4.38622156,4.43474171,90816561,428373613.0
2020-03-13,601718,4.15332484,4.33770141,4.0756926,4.1727329,97565392,422531492.0
2020-03-16,601718,4.26006917,4.40562962,4.16302887,4.18243693,84046765,370956551.0
2020-03-17,601718,4.1727329,4.22125305,3.82338782,3.98835633,78594212,322240734.0
2020-03-18,601718,4.00776439,4.16302887,3.94954021,4.0756926,78681385,328354134.0
2020-03-19,601718,4.05628454,4.05628454,3.84279588,3.96894827,58137592,236858484.0
2020-03-20,601718,4.00776439,4.05628454,3.90102006,3.96894827,45761093,187685314.0
2020-03-23,601718,3.9786523,4.09510066,3.91072409,3.93983618,64879177,267711757.0
2020-03-24,601718,3.9786523,4.00776439,3.85249991,3.92042812,48882438,197355686.0
2020-03-25,601718,3.99806036,4.10480469,3.91072409,4.0756926,90057086,370029820.0
2020-03-26,601718,4.02717245,4.12421275,3.93013215,4.05628454,87571024,363624087.0
2020-03-27,601718,4.0756926,4.13391678,3.99806036,4.05628454,79081509,331815381.0
2020-03-30,601718,4.0756926,4.18243693,4.03687648,4.06598857,78767442,332264382.0
2020-03-31,601718,4.05628454,4.06598857,3.89131603,3.89131603,69037997,281108256.0
2020-04-01,601718,3.84279588,3.85249991,3.65841931,3.66812334,74332900,285995267.0
2020-04-02,601718,3.67782737,3.71664349,3.56137901,3.6875314,64377816,242200669.0
2020-04-03,601718,3.69723543,3.75545961,3.60019513,3.64871528,60429621,228904860.0
2020-04-07,601718,3.71664349,3.74575558,3.64871528,3.73605155,78506791,299452667.0
2020-04-08,601718,3.71664349,3.76516364,3.65841931,3.72634752,66287756,253200551.0
2020-04-09,601718,3.74575558,3.76516364,3.6875314,3.69723543,64009666,244882730.0
2020-04-10,601718,3.6875314,3.6875314,3.54197095,3.56137901,66669310,247396444.0
2020-04-13,601718,3.55167498,3.72634752,3.52256289,3.69723543,74281192,278141621.0
2020-04-14,601718,3.67782737,3.6875314,3.61960319,3.66812334,42843205,160977197.0
2020-04-15,601718,3.69723543,3.76516364,3.65841931,3.67782737,67613600,259228833.0
2020-04-16,601718,3.76516364,3.87190797,3.73605155,3.79427573,88519650,347062204.0
2020-04-17,601718,3.81368379,3.81368379,3.71664349,3.76516364,61078396,237142662.0
2020-04-20,601718,3.76516364,3.93013215,3.71664349,3.84279588,57123200,224029351.0
2020-04-21,601718,3.80397976,3.90102006,3.73605155,3.7845717,63638505,250321467.0
2020-04-22,601718,3.75545961,3.79427573,3.73605155,3.7845717,34448690,133863727.0
2020-04-23,601718,3.7845717,3.89131603,3.76516364,3.80397976,44058910,173771610.0
2020-04-24,601718,3.76516364,3.79427573,3.6875314,3.69723543,43131568,165740103.0
2020-04-27,601718,3.69723543,3.73605155,3.63901125,3.69723543,26587268,101389105.0
2020-04-28,601718,3.6875314,3.69723543,3.52256289,3.57108304,38603944,142717370.0
2020-04-29,601718,3.54197095,3.57108304,3.31877826,3.3964105,64396664,228506160.0
2020-04-30,601718,3.38670647,3.44493065,3.34789035,3.42552259,36242959,127420047.0
2020-05-06,601718,3.40611453,3.51285886,3.37700244,3.46433871,30422865,108201483.0
2020-05-07,601718,3.45463468,3.48374677,3.42552259,3.43522662,27843721,98769800.0
2020-05-08,601718,3.42552259,3.44493065,3.3964105,3.42552259,33749109,118938710.0
2020-05-11,601718,3.43522662,3.45463468,3.3964105,3.41581856,25555088,90141477.0
2020-05-12,601718,3.42552259,3.42552259,3.32848229,3.36729841,28764383,99792554.0
2020-05-13,601718,3.35759438,3.3964105,3.32848229,3.3964105,20884797,72637723.0
2020-05-14,601718,3.33818632,3.34789035,3.30907423,3.31877826,27083993,92808608.0
2020-05-15,601718,3.33818632,3.34789035,3.27996214,3.28966617,21639413,73868147.0
2020-05-18,601718,3.5904911,3.5904911,3.41581856,3.42552259,80434287,288785190.0
2020-05-19,601718,3.47404274,3.4934508,3.38670647,3.40611453,42742071,150769907.0
2020-05-20,601718,3.41581856,3.5904911,3.38670647,3.52256289,79831459,289036050.0
2020-05-21,601718,3.47404274,3.47404274,3.3964105,3.3964105,50144432,177031744.0
2020-05-22,601718,3.38670647,3.3964105,3.27025811,3.27996214,37318601,127448349.0
2020-05-25,601718,3.27996214,3.28966617,3.23144199,3.25085005,19746300,66069506.0
2020-05-26,601718,3.25085005,3.27996214,3.24114602,3.27025811,16441501,55311587.0
2020-05-27,601718,3.27025811,3.27996214,3.17321781,3.19262587,27227302,90291628.0
2020-05-28,601718,3.19262587,3.21203393,3.15380975,3.16351378,20419822,66955231.0
2020-05-29,601718,3.17321781,3.2023299,3.15380975,3.19262587,16400731,53693312.0
2020-06-01,601718,3.2023299,3.27025811,3.19262587,3.26055408,23982587,80133099.0
2020-06-02,601718,3.27025811,3.28966617,3.25085005,3.27996214,19563893,65888015.0
2020-06-03,601718,3.27996214,3.35759438,3.27025811,3.28966617,35940711,123136034.0
2020-06-04,601718,3.32848229,3.34789035,3.25085005,3.27025811,22523388,76062229.0
2020-06-05,601718,3.27996214,3.2993702,3.25085005,3.27025811,20138350,67785858.0
2020-06-08,601718,3.27996214,3.28966617,3.25085005,3.25085005,16605223,55840413.0
2020-06-09,601718,3.26055408,3.27025811,3.21203393,3.23144199,21472203,71592700.0
2020-06-10,601718,3.23144199,3.23144199,3.15380975,3.17321781,32327888,106189886.0
2020-06-11,601718,3.17321781,3.25085005,3.16351378,3.22173796,35064483,116406159.0
2020-06-12,601718,3.19262587,3.21203393,3.16351378,3.2023299,33822432,111330665.0
2020-06-15,601718,3.24114602,3.34789035,3.23144199,3.33818632,69988770,237330292.0
2020-06-16,601718,3.31877826,3.32848229,3.27996214,3.2993702,36493465,123939897.0
2020-06-17,601718,3.34789035,3.42552259,3.32848229,3.33818632,48040194,166502752.0
2020-06-18,601718,3.31877826,3.32848229,3.27996214,3.30907423,32704718,111416970.0
2020-06-19,601718,3.28966617,3.30907423,3.26055408,3.28966617,28278514,95740634.0
2020-06-22,601718,3.28966617,3.30907423,3.27025811,3.27996214,24783869,83950993.0
2020-06-23,601718,3.27996214,3.28966617,3.22173796,3.24114602,27937303,93592757.0
2020-06-24,601718,3.24114602,3.25085005,3.21203393,3.22173796,18933031,62924123.0
2020-06-29,601718,3.22173796,3.25085005,3.2023299,3.2023299,20572901,68335472.0
2020-06-30,601718,3.21203393,3.23144199,3.2023299,3.22173796,19635203,65116682.0
2020-07-01,601718,3.22173796,3.25085005,3.2023299,3.25085005,24636512,81903831.0
2020-07-02,601718,3.24114602,3.2993702,3.23144199,3.2993702,39872786,134573360.0
2020-07-03,601718,3.30907423,3.35759438,3.2993702,3.35759438,46847486,160735629.0
2020-07-06,601718,3.38670647,3.52256289,3.37700244,3.50315483,94110921,334574318.0
2020-07-07,601718,3.54197095,3.5904911,3.47404274,3.47404274,89407994,324157419.0
2020-07-08,601718,3.50315483,3.66812334,3.44493065,3.62930722,103400444,379726316.0
2020-07-09,601718,3.60019513,3.6875314,3.58078707,3.6875314,99373541,373271325.0
2020-07-10,601718,3.6875314,3.81368379,3.63901125,3.65841931,87643349,335499510.0
2020-07-13,601718,3.65841931,3.93983618,3.63901125,3.881612,112347746,442279423.0
2020-07-14,601718,3.90102006,3.93013215,3.72634752,3.7845717,87668418,344442366.0
2020-07-15,601718,3.81368379,3.83309185,3.70693946,3.70693946,57781685,223502409.0
2020-07-16,601718,3.71664349,3.73605155,3.50315483,3.54197095,59757348,224314346.0
2020-07-17,601718,3.55167498,3.60989916,3.53226692,3.55167498,37658243,138544488.0
2020-07-20,601718,3.58102818,3.68865471,3.57124395,3.68865471,41588425,154644266.0
2020-07-21,601718,3.70822317,3.73757586,3.63973356,3.66908625,33702295,126704333.6
2020-07-22,601718,3.65930202,3.72779163,3.64951779,3.64951779,37986786,143163369.95
2020-07-23,601718,3.64951779,3.80606547,3.63973356,3.76692855,85178423,324999914.04
2020-07-24,601718,3.73757586,3.79628124,3.57124395,3.58102818,66578825,249613047.48
2020-07-27,601718,3.6201651,3.62994933,3.50275434,3.53210703,34620308,125596813.31
2020-07-28,601718,3.55167549,3.61038087,3.54189126,3.57124395,29541416,107651981.62
2020-07-29,601718,3.56145972,3.6201651,3.53210703,3.6201651,33615949,123267841.91
2020-07-30,601718,3.61038087,3.66908625,3.59081241,3.59081241,37644823,139506728.75
2020-07-31,601718,3.59081241,3.63973356,3.56145972,3.59081241,40814079,150231210.72
2020-08-03,601718,3.6201651,3.76692855,3.6201651,3.72779163,67178872,254905822.86
2020-08-04,601718,3.74736009,3.75714432,3.65930202,3.66908625,45330161,171186444.98
2020-08-05,601718,3.66908625,3.76692855,3.61038087,3.75714432,65428416,246950450.61
2020-08-06,601718,3.72779163,3.99196584,3.64951779,3.913692,100275032,388795935.42
2020-08-07,601718,3.83541816,3.88433931,3.76692855,3.8158497,72292039,282684523.26
2020-08-10,601718,3.82563393,3.89412354,3.79628124,3.82563393,52311370,205322889.62
2020-08-11,601718,3.8158497,3.82563393,3.69843894,3.70822317,50536013,194527608.9
2020-08-12,601718,3.7180074,3.72779163,3.58102818,3.64951779,45800819,170247511.88
2020-08-13,601718,3.64951779,3.67887048,3.63973356,3.64951779,23218645,86938882.97
2020-08-14,601718,3.65930202,3.72779163,3.63973356,3.7180074,29707159,112281058.1
2020-08-17,601718,3.72779163,3.78649701,3.69843894,3.76692855,37786001,144889975.75
2020-08-18,601718,3.76692855,3.84520239,3.74736009,3.77671278,42802604,165655272.3
2020-08-19,601718,3.78649701,3.84520239,3.73757586,3.73757586,45158908,174857114.57
2020-08-20,601718,3.74736009,3.76692855,3.66908625,3.70822317,29873224,113617618.48
2020-08-21,601718,3.72779163,3.73757586,3.66908625,3.70822317,23711874,89845161.44
2020-08-24,601718,3.70822317,3.73757586,3.66908625,3.69843894,21309701,80517616.76
2020-08-25,601718,3.70822317,3.72779163,3.6201651,3.62994933,30919287,115774406.79
2020-08-26,601718,3.62994933,3.74736009,3.62994933,3.65930202,37445777,141158140.65
2020-08-27,601718,3.56145972,3.56145972,3.47340165,3.49297011,66570471,238931651.07
2020-08-28,601718,3.50275434,3.51253857,3.4244805,3.47340165,40069335,141676243.27
2020-08-31,601718,3.47340165,3.51253857,3.45383319,3.45383319,28927682,103007986.4
2020-09-01,601718,3.46361742,3.49297011,3.4244805,3.46361742,23036993,81241834.09
2020-09-02,601718,3.48318588,3.49297011,3.4244805,3.45383319,27622633,97480934.16
2020-09-03,601718,3.45383319,3.45383319,3.40491204,3.41469627,25887959,90696533.28
2020-09-04,601718,3.38534358,3.40491204,3.35599089,3.39512781,26773192,92452365.38
2020-09-07,601718,3.39512781,3.4244805,3.33642243,3.34620666,25651126,88664166.81
2020-09-08,601718,3.36577512,3.45383319,3.33642243,3.4244805,30863426,107091439.85
2020-09-09,601718,3.39512781,3.51253857,3.37555935,3.46361742,44631233,157965995.46
2020-09-10,601718,3.49297011,3.50275434,3.30706974,3.3266382,41902391,145135158.14
2020-09-11,601718,3.30706974,3.34620666,3.28750128,3.3266382,20402756,69219906.52
2020-09-14,601718,3.3266382,3.34620666,3.30706974,3.33642243,19128349,65065209.6
2020-09-15,601718,3.34620666,3.34620666,3.31685397,3.33642243,14383480,48912276.19
2020-09-16,601718,3.33642243,3.33642243,3.30706974,3.3266382,12687744,43079523.16
2020-09-17,601718,3.3266382,3.33642243,3.28750128,3.30706974,17116646,57869539.96
2020-09-18,601718,3.30706974,3.35599089,3.29728551,3.34620666,18277067,62272188.44
2020-09-21,601718,3.35599089,3.39512781,3.34620666,3.36577512,22505856,77542421.19
2020-09-22,601718,3.34620666,3.39512781,3.31685397,3.3266382,20856502,71601556.64
2020-09-23,601718,3.34620666,3.35599089,3.3266382,3.34620666,10998743,37565575.65
2020-09-24,601718,3.33642243,3.34620666,3.28750128,3.30706974,16360140,55368980.79
2020-09-25,601718,3.30706974,3.31685397,3.26793282,3.26793282,12823994,43054008.17
2020-09-28,601718,3.26793282,3.29728551,3.21901167,3.2287959,15591726,51799060.03
2020-09-29,601718,3.23858013,3.26793282,3.2287959,3.24836436,11428453,38015495.19
2020-09-30,601718,3.24836436,3.27771705,3.23858013,3.26793282,13235405,44085532.66
2020-10-09,601718,3.28750128,3.33642243,3.28750128,3.3266382,15465459,52436855.6
2020-10-12,601718,3.33642243,3.39512781,3.3266382,3.39512781,22099158,76047732.88
2020-10-13,601718,3.38534358,3.38534358,3.34620666,3.36577512,16539100,56799085.0
2020-10-14,601718,3.35599089,3.45383319,3.35599089,3.38534358,32673602,113896930.28
2020-10-15,601718,3.37555935,3.40491204,3.30706974,3.35599089,26671377,91341010.8
2020-10-16,601718,3.35599089,3.38534358,3.3266382,3.33642243,13089336,44817968.02
2020-10-19,601718,3.34620666,3.38534358,3.3266382,3.37555935,27399655,93958827.65
2020-10-20,601718,3.37555935,3.39512781,3.33642243,3.37555935,22584165,77726081.49
2020-10-21,601718,3.40491204,3.41469627,3.34620666,3.36577512,20597526,71079218.31
2020-10-22,601718,3.37555935,3.38534358,3.30706974,3.31685397,19786243,67334062.35
2020-10-23,601718,3.31685397,3.34620666,3.28750128,3.29728551,16168145,54784921.63
2020-10-26,601718,3.30706974,3.31685397,3.26793282,3.27771705,11988553,40299398.11
2020-10-27,601718,3.25814859,3.29728551,3.25814859,3.28750128,11689843,39161264.05
2020-10-28,601718,3.27771705,3.28750128,3.2287959,3.25814859,14968400,49753539.0
2020-10-29,601718,3.24836436,3.27771705,3.2287959,3.23858013,15157411,50319610.43
2020-10-30,601718,3.23858013,3.24836436,3.15052206,3.16030629,25774154,84256769.78
2020-11-02,601718,3.17987475,3.17987475,3.09181668,3.12116937,19197620,61294360.99
2020-11-03,601718,3.12116937,3.18965898,3.12116937,3.17009052,14471551,46836675.32
2020-11-04,601718,3.17987475,3.18965898,3.1309536,3.15052206,11257332,36257083.39
2020-11-05,601718,3.17009052,3.19944321,3.14073783,3.18965898,17534101,56816581.27
2020-11-06,601718,3.18965898,3.18965898,3.16030629,3.18965898,11896125,38596545.32
2020-11-09,601718,3.18965898,3.2287959,3.17987475,3.18965898,87899018,286934434.53
2020-11-10,601718,3.19944321,3.20922744,3.15052206,3.16030629,33201829,108088192.72
2020-11-11,601718,3.16030629,3.17009052,3.12116937,3.15052206,24966155,80319874.18
2020-11-12,601718,3.15052206,3.17987475,3.14073783,3.15052206,13954619,44991938.82
2020-11-13,601718,3.16030629,3.16030629,3.12116937,3.1309536,16376297,52520962.4
2020-11-16,601718,3.15052206,3.18965898,3.15052206,3.18965898,22967564,74457962.99
2020-11-17,601718,3.17987475,3.19944321,3.16030629,3.18965898,22994400,74679096.0
2020-11-18,601718,3.17987475,3.20922744,3.17987475,3.19944321,20144451,65786339.76
2020-11-19,601718,3.18965898,3.18965898,3.17009052,3.17987475,15613620,50732811.0
2020-11-20,601718,3.17987475,3.18965898,3.15052206,3.18965898,19015600,61629901.0
2020-11-23,601718,3.18965898,3.23858013,3.17009052,3.19944321,69768003,228165459.45
2020-11-24,601718,3.17987475,3.19944321,3.17009052,3.17987475,28395050,92322223.59
2020-11-25,601718,3.18965898,3.18965898,3.15052206,3.15052206,27383159,88698994.75
2020-11-26,601718,3.15052206,3.17009052,3.14073783,3.16030629,19829459,63874149.39
2020-11-27,601718,3.16030629,3.17987475,3.14073783,3.17987475,16831100,54376423.0
2020-11-30,601718,3.17987475,3.20922744,3.16030629,3.17009052,51192201,166462351.24
2020-12-01,601718,3.17009052,3.17987475,3.15052206,3.17009052,40321400,130573016.0
2020-12-02,601718,3.17987475,3.20922744,3.17009052,3.18965898,45045926,146922290.37
2020-12-03,601718,3.19944321,3.19944321,3.16030629,3.16030629,32867112,106481974.76
2020-12-04,601718,3.17009052,3.17009052,3.14073783,3.15052206,22479331,72437555.78
2020-12-07,601718,3.16030629,3.16030629,3.11138514,3.12116937,32426100,103729332.0
2020-12-08,601718,3.11138514,3.1309536,3.10160091,3.10160091,17278386,55022961.46
2020-12-09,601718,3.11138514,3.11138514,3.0331113,3.0331113,35106200,110180499.0
2020-12-10,601718,3.0331113,3.04289553,3.01354284,3.0331113,22480710,69521844.31
2020-12-11,601718,3.0331113,3.05267976,2.95483746,2.98419015,32826563,100620832.32
2020-12-14,601718,2.98419015,2.99397438,2.96462169,2.98419015,17425095,53037465.69
2020-12-15,601718,2.97440592,2.98419015,2.95483746,2.97440592,16574981,50298016.43
2020-12-16,601718,2.96462169,2.98419015,2.935269,2.94505323,19183542,57895829.87
2020-12-17,601718,2.94505323,2.95483746,2.88634785,2.94505323,23870925,71429405.08
2020-12-18,601718,2.935269,2.99397438,2.92548477,2.96462169,23795438,72214934.22
2020-12-21,601718,2.96462169,2.99397438,2.94505323,2.97440592,15505708,47176591.08
2020-12-22,601718,2.97440592,3.06246399,2.96462169,2.99397438,42629800,131507516.06
2020-12-23,601718,2.98419015,2.99397438,2.94505323,2.99397438,23666785,71825052.9
2020-12-24,601718,2.99397438,3.00375861,2.935269,2.94505323,21572400,65218331.0
2020-12-25,601718,2.935269,2.98419015,2.91570054,2.94505323,31123517,93770136.0
2020-12-28,601718,2.94505323,2.95483746,2.91570054,2.92548477,22210443,66483249.66
2020-12-29,601718,2.92548477,2.99397438,2.91570054,2.98419015,25321015,76685549.45
2020-12-30,601718,2.98419015,2.98419015,2.95483746,2.96462169,16261300,49330107.0
2020-12-31,601718,2.96462169,2.98419015,2.95483746,2.96462169,26043952,78880317.04
2021-01-04,601718,2.96462169,3.08203245,2.94505323,3.00375861,63012277,193593174.88
2021-01-05,601718,3.00375861,3.00375861,2.95483746,2.98419015,34204822,104199295.42
2021-01-06,601718,2.97440592,3.09181668,2.96462169,3.05267976,61090238,189451761.29
2021-01-07,601718,3.0331113,3.05267976,2.96462169,2.98419015,39592161,121616148.98
2021-01-08,601718,2.97440592,3.01354284,2.95483746,2.99397438,29930301,91272899.03
2021-01-11,601718,3.01354284,3.01354284,2.92548477,2.935269,30742101,93070675.01
2021-01-12,601718,2.935269,3.00375861,2.935269,2.96462169,24576163,74695985.82
2021-01-13,601718,2.96462169,2.98419015,2.90591631,2.935269,34980393,104904853.24
2021-01-14,601718,2.935269,2.99397438,2.935269,2.96462169,25981599,78743493.84
2021-01-15,601718,2.96462169,2.99397438,2.95483746,2.98419015,20094776,61129153.28
2021-01-18,601718,2.98419015,3.01354284,2.97440592,2.99397438,22050044,67449339.61
2021-01-19,601718,2.99397438,3.02332707,2.97440592,3.00375861,33093877,101458402.63
2021-01-20,601718,3.01354284,3.02332707,2.97440592,2.98419015,20963900,64051932.99
2021-01-21,601718,2.98419015,3.00375861,2.97440592,2.98419015,25539755,78030945.21
2021-01-22,601718,2.99397438,2.99397438,2.91570054,2.92548477,39687111,119251411.88
2021-01-25,601718,2.95483746,3.08203245,2.935269,3.00375861,72308388,222747133.87
2021-01-26,601718,2.95483746,2.96462169,2.92548477,2.935269,46703171,140333692.75
2021-01-27,601718,2.94505323,2.95483746,2.92548477,2.92548477,18723100,56204039.0
2021-01-28,601718,2.92548477,2.935269,2.87656362,2.88634785,29975957,89065841.58
2021-01-29,601718,2.90591631,2.90591631,2.76893709,2.78850555,46237783,133298101.43
2021-02-01,601718,2.63195787,2.6417421,2.51454711,2.51454711,68493901,177401658.84
2021-02-02,601718,2.48519442,2.52433134,2.42648904,2.45584173,46399373,117036747.36
2021-02-03,601718,2.45584173,2.45584173,2.35799943,2.37756789,40356756,98798360.64
2021-02-04,601718,2.37756789,2.37756789,2.28950982,2.31886251,36262445,86255244.55
2021-02-05,601718,2.33843097,2.40692058,2.32864674,2.35799943,31919700,77393709.0
2021-02-08,601718,2.35799943,2.38735212,2.33843097,2.33843097,22549495,54424612.9
2021-02-09,601718,2.3482152,2.38735212,2.3482152,2.36778366,22318917,53919258.88
2021-02-10,601718,2.36778366,2.41670481,2.36778366,2.40692058,22496228,55190186.17
2021-02-18,601718,2.43627327,2.46562596,2.41670481,2.45584173,23014134,57507335.04
2021-02-19,601718,2.45584173,2.56346826,2.4460575,2.5438998,33997384,87352663.11
2021-02-22,601718,2.55368403,2.68087902,2.5438998,2.61238941,50019490,134531720.03
2021-02-23,601718,2.61238941,2.6417421,2.56346826,2.60260518,25768608,68546225.94
2021-02-24,601718,2.60260518,2.67109479,2.59282095,2.62217364,27728388,74495150.98
2021-02-25,601718,2.6417421,2.65152633,2.58303672,2.60260518,20021200,53536081.89
2021-02-26,601718,2.56346826,2.61238941,2.56346826,2.57325249,18982056,50217259.72
2021-03-01,601718,2.59282095,2.6417421,2.59282095,2.62217364,16753325,44872961.72
2021-03-02,601718,2.6417421,2.6417421,2.55368403,2.57325249,26800481,70956686.88
2021-03-03,601718,2.58303672,2.61238941,2.56346826,2.60260518,18118724,48086024.08
2021-03-04,601718,2.60260518,2.6417421,2.59282095,2.61238941,21547500,57605852.0
2021-03-05,601718,2.60260518,2.67109479,2.59282095,2.65152633,27183200,73578632.0
2021-03-08,601718,2.66131056,2.70044748,2.6417421,2.65152633,24517659,66900347.32
2021-03-09,601718,2.65152633,2.71023171,2.58303672,2.66131056,38702511,104901552.9
2021-03-10,601718,2.67109479,2.68087902,2.56346826,2.57325249,23761600,63459638.0
2021-03-11,601718,2.59282095,2.62217364,2.55368403,2.62217364,20033260,53138611.21
2021-03-12,601718,2.63195787,2.67109479,2.60260518,2.66131056,25810601,69845216.71
2021-03-15,601718,2.65152633,2.69066325,2.6417421,2.67109479,19791501,53939662.72
2021-03-16,601718,2.67109479,2.68087902,2.66131056,2.68087902,16355449,44684525.77
2021-03-17,601718,2.69066325,2.70044748,2.65152633,2.66131056,13444400,36671114.0
2021-03-18,601718,2.66131056,2.68087902,2.63195787,2.63195787,17632600,47775715.0
2021-03-19,601718,2.62217364,2.67109479,2.61238941,2.65152633,17826384,48092309.32
2021-03-22,601718,2.65152633,2.68087902,2.6417421,2.66131056,19028364,51795900.08
2021-03-23,601718,2.66131056,2.67109479,2.61238941,2.62217364,15237301,41023646.69
2021-03-24,601718,2.61238941,2.62217364,2.59282095,2.59282095,22347520,59500190.2
2021-03-25,601718,2.62217364,2.66131056,2.62217364,2.62217364,20209274,54562955.54
2021-03-26,601718,2.66131056,2.78850555,2.6417421,2.72980017,67153706,187723793.46
2021-03-29,601718,2.71023171,2.7395844,2.67109479,2.68087902,32915000,90707454.0
2021-03-30,601718,2.68087902,2.69066325,2.61238941,2.61238941,28735361,77353264.93
2021-03-31,601718,2.62217364,2.6417421,2.61238941,2.63195787,16190410,43490275.33
2021-04-01,601718,2.63195787,2.69066325,2.62217364,2.65152633,17225866,46764840.86
2021-04-02,601718,2.66131056,2.68087902,2.63195787,2.66131056,19367700,52521101.0
2021-04-06,601718,2.65152633,2.68087902,2.6417421,2.65152633,17044276,46287951.96
2021-04-07,601718,2.6417421,2.67109479,2.63195787,2.66131056,17865933,48354717.14
2021-04-08,601718,2.66131056,2.67109479,2.59282095,2.61238941,30229337,81080901.05
2021-04-09,601718,2.61238941,2.63195787,2.59282095,2.63195787,19203786,51289036.11
2021-04-12,601718,2.63195787,2.6417421,2.60260518,2.61238941,17834061,47656802.26
2021-04-13,601718,2.62217364,2.62217364,2.55368403,2.56346826,18642150,49152338.02
2021-04-14,601718,2.57325249,2.61238941,2.56346826,2.60260518,14576800,38537787.0
2021-04-15,601718,2.59282095,2.60260518,2.56346826,2.56346826,14955011,39436362.6
2021-04-16,601718,2.57325249,2.72001594,2.56346826,2.69066325,49959567,135564341.4
2021-04-19,601718,2.69066325,2.72980017,2.67109479,2.67109479,27176531,74757449.25
2021-04-20,601718,2.67109479,2.69066325,2.65152633,2.65152633,16374859,44697707.66
2021-04-21,601718,2.66131056,2.66131056,2.63195787,2.6417421,11906549,32179134.9
2021-04-22,601718,2.65152633,2.66131056,2.59282095,2.61238941,19689500,52822918.0
2021-04-23,601718,2.61238941,2.62217364,2.58303672,2.58303672,15267684,40561963.76
2021-04-26,601718,2.59282095,2.60260518,2.56346826,2.57325249,14821205,39160267.2
2021-04-27,601718,2.57325249,2.62217364,2.55368403,2.61238941,19424087,51286512.55
2021-04-28,601718,2.61238941,2.61238941,2.56346826,2.58303672,14074300,37145791.0
2021-04-29,601718,2.58303672,2.59282095,2.55368403,2.57325249,14830942,39069344.46
2021-04-30,601718,2.57325249,2.58303672,2.45584173,2.47541019,29128920,74567514.4
2021-05-06,601718,2.47541019,2.51454711,2.47541019,2.49497865,14121111,36057264.93
2021-05-07,601718,2.50476288,2.55368403,2.48519442,2.53411557,15625212,40318372.86
2021-05-10,601718,2.53411557,2.58303672,2.51454711,2.53411557,17558602,45777818.24
2021-05-11,601718,2.53411557,2.58303672,2.52433134,2.58303672,15462366,40439389.87
2021-05-12,601718,2.57325249,2.60260518,2.56346826,2.60260518,14020800,36989141.0
2021-05-13,601718,2.58303672,2.63195787,2.58303672,2.61238941,15990141,42622229.36
2021-05-14,601718,2.61238941,2.65152633,2.60260518,2.6417421,19142902,51509601.38
2021-05-17,601718,2.6417421,2.6417421,2.59282095,2.62217364,17900833,47963878.11
2021-05-18,601718,2.61238941,2.62217364,2.59282095,2.61238941,12515800,33384730.0
2021-05-19,601718,2.61238941,2.61238941,2.58303672,2.59282095,10269073,27214065.73
2021-05-20,601718,2.59282095,2.60260518,2.53411557,2.55368403,16135100,42208970.0
2021-05-21,601718,2.56346826,2.57325249,2.5438998,2.55368403,15023300,39234993.0
2021-05-24,601718,2.56346826,2.62217364,2.5438998,2.60260518,17979580,47754853.8
2021-05-25,601718,2.60260518,2.62217364,2.58303672,2.62217364,14704646,39187840.35
2021-05-26,601718,2.62217364,2.63195787,2.60260518,2.61238941,15547100,41574382.0
2021-05-27,601718,2.61238941,2.69066325,2.60260518,2.6417421,35732304,96471958.17
2021-05-28,601718,2.63195787,2.6417421,2.59282095,2.59282095,23023314,61498002.1
2021-05-31,601718,2.59282095,2.60260518,2.58303672,2.59282095,14672959,38870373.86
2021-06-01,601718,2.60260518,2.63195787,2.58303672,2.59282095,30394752,80745364.28
2021-06-02,601718,2.58303672,2.65152633,2.57325249,2.61238941,39638269,106276996.41
2021-06-03,601718,2.61238941,2.69066325,2.61238941,2.65152633,35626771,96659939.67
2021-06-04,601718,2.6417421,2.68087902,2.61238941,2.67109479,40721337,110357194.45
2021-06-07,601718,2.67109479,2.67109479,2.63195787,2.6417421,20245600,54746676.0
2021-06-08,601718,2.6417421,2.66131056,2.63195787,2.66131056,16502076,44639366.2
2021-06-09,601718,2.65152633,2.67109479,2.62217364,2.63195787,21035788,56909214.72
2021-06-10,601718,2.63195787,2.65152633,2.62217364,2.6417421,20650679,55576671.51
2021-06-11,601718,2.6417421,2.66131056,2.63195787,2.6417421,23961935,64737742.56
2021-06-15,601718,2.65152633,2.65152633,2.58303672,2.58303672,25711628,68523746.27
2021-06-16,601718,2.58303672,2.63195787,2.55368403,2.60260518,21633400,57432414.0
2021-06-17,601718,2.59282095,2.61238941,2.56346826,2.56346826,18428600,48577904.24
2021-06-18,601718,2.57325249,2.59282095,2.56346826,2.58303672,12402967,32671908.7
2021-06-21,601718,2.58303672,2.63195787,2.57325249,2.61238941,14013421,37323660.87
2021-06-22,601718,2.60260518,2.68087902,2.60260518,2.66131056,34734502,93939849.5
2021-06-23,601718,2.66131056,2.92548477,2.66131056,2.92548477,142985077,421986266.97
2021-06-24,601718,2.88634785,3.02332707,2.84721093,2.85699516,156504624,464720918.05
2021-06-25,601718,2.8374267,2.88634785,2.80807401,2.8374267,59275319,172356727.77
2021-06-28,601718,2.84721093,2.86677939,2.76893709,2.79828978,47222501,135291885.85
2021-06-29,601718,2.79828978,2.84721093,2.7395844,2.7395844,40906400,115753902.0
2021-06-30,601718,2.74936863,2.77872132,2.72980017,2.75915286,27305956,76902905.36
2021-07-01,601718,2.78850555,2.79828978,2.68087902,2.70044748,38530619,107440817.82
2021-07-02,601718,2.70044748,2.72980017,2.67109479,2.68087902,21185772,58330543.72
2021-07-05,601718,2.68087902,2.72980017,2.68087902,2.71023171,22295500,61813225.84
2021-07-06,601718,2.71023171,2.72980017,2.69066325,2.72980017,18728794,51861866.06
2021-07-07,601718,2.71023171,2.72980017,2.69066325,2.70044748,18919725,52301436.65
2021-07-08,601718,2.71023171,2.71023171,2.65152633,2.67109479,22616870,61870274.4
2021-07-09,601718,2.66131056,2.69066325,2.65152633,2.69066325,17084343,46594587.53
2021-07-12,601718,2.71023171,2.75915286,2.69066325,2.74936863,32969458,91641756.46
2021-07-13,601718,2.74936863,2.74936863,2.71023171,2.72001594,19480700,54242035.0
2021-07-14,601718,2.72980017,2.72980017,2.69066325,2.70044748,15758000,43566828.0
2021-07-15,601718,2.68087902,2.72980017,2.67109479,2.70044748,19502803,53686922.22
2021-07-16,601718,2.69066325,2.70044748,2.67109479,2.68087902,18766101,51521731.74
2021-07-19,601718,2.68087902,2.69066325,2.65152633,2.66131056,15550113,42347992.36
2021-07-20,601718,2.65152633,2.71023171,2.65152633,2.70044748,20784500,56991312.0
2021-07-21,601718,2.70044748,2.74936863,2.69066325,2.72980017,22839501,63511856.78
2021-07-22,601718,2.72001594,2.7395844,2.70044748,2.72980017,20322517,56552080.43
2021-07-23,601718,2.72980017,2.80807401,2.70044748,2.77872132,40595753,114658812.51
2021-07-26,601718,2.77872132,2.8374267,2.7395844,2.74936863,38185602,108710517.64
2021-07-27,601718,2.78850555,2.78850555,2.67109479,2.68087902,30730916,85513603.64
2021-07-28,601718,2.66131056,2.69066325,2.57325249,2.60260518,36084074,96692735.1
2021-07-29,601718,2.62217364,2.63195787,2.58303672,2.59282095,23634648,62802094.7
2021-07-30,601718,2.58303672,2.59282095,2.55368403,2.59282095,21620289,56919765.07
2021-08-02,601718,2.60260518,2.6417421,2.57325249,2.62217364,21120525,56355835.25
2021-08-03,601718,2.61238941,2.69066325,2.60260518,2.67109479,27941018,75723920.08
2021-08-04,601718,2.72980017,2.82764247,2.69066325,2.71023171,54707344,154453388.05
2021-08-05,601718,2.72980017,2.76893709,2.68087902,2.7395844,37076000,103220537.0
2021-08-06,601718,2.72980017,2.7395844,2.69066325,2.71023171,18875314,52253887.38
2021-08-09,601718,2.70044748,2.72001594,2.67109479,2.69066325,26853833,73838260.42
2021-08-10,601718,2.69066325,2.74936863,2.68087902,2.72001594,25252598,70172103.46
2021-08-11,601718,2.72980017,2.7395844,2.70044748,2.72001594,21501851,59760208.98
2021-08-12,601718,2.71023171,2.72980017,2.70044748,2.72001594,19433413,53929854.41
2021-08-13,601718,2.71023171,2.72980017,2.69066325,2.70044748,20371569,56440207.89
2021-08-16,601718,2.70044748,2.72980017,2.70044748,2.71023171,16505443,45775914.11
2021-08-17,601718,2.71023171,2.75915286,2.67109479,2.67109479,28207433,78255629.24
2021-08-18,601718,2.69066325,2.71023171,2.67109479,2.71023171,19401864,53296490.78
2021-08-19,601718,2.70044748,2.70044748,2.66131056,2.68087902,19218020,52632564.8
2021-08-20,601718,2.66131056,2.68087902,2.65152633,2.67109479,17794240,48500431.2
2021-08-23,601718,2.67109479,2.72980017,2.66131056,2.72001594,28956558,80084470.08
2021-08-24,601718,2.72980017,2.78850555,2.71023171,2.75915286,46578413,131264159.1
2021-08-25,601718,2.75915286,2.77872132,2.74936863,2.76893709,26505100,74904239.0
2021-08-26,601718,2.76893709,2.86677939,2.74936863,2.82764247,72536261,208468317.13
2021-08-27,601718,2.80807401,2.81785824,2.72980017,2.74936863,43364201,122369435.3
2021-08-30,601718,2.7395844,2.77872132,2.7395844,2.76893709,30169385,85226098.2
2021-08-31,601718,2.77872132,2.84721093,2.75915286,2.8374267,41834401,120701352.87
2021-09-01,601718,2.82764247,2.91570054,2.82764247,2.85699516,53107401,155785585.81
2021-09-02,601718,2.85699516,2.91570054,2.8374267,2.88634785,44145237,129805336.41
2021-09-03,601718,2.89613208,2.935269,2.85699516,2.89613208,47009268,138998165.66
2021-09-06,601718,2.89613208,3.00375861,2.88634785,2.98419015,66266179,199575417.46
2021-09-07,601718,2.97440592,3.01354284,2.96462169,2.99397438,43774734,133666608.7
2021-09-08,601718,2.99397438,3.05267976,2.98419015,3.04289553,49304115,152520216.06
2021-09-09,601718,3.04289553,3.16030629,3.01354284,3.11138514,60726403,191188882.17
2021-09-10,601718,3.10160091,3.15052206,3.05267976,3.07224822,53418156,168990868.58
2021-09-13,601718,3.08203245,3.20922744,3.06246399,3.19944321,62410910,200879512.99
2021-09-14,601718,3.19944321,3.19944321,3.04289553,3.06246399,68282206,216303117.9
2021-09-15,601718,3.0331113,3.10160091,3.02332707,3.10160091,38222985,120054114.12
2021-09-16,601718,3.10160091,3.15052206,3.0331113,3.04289553,39126645,123501564.84
2021-09-17,601718,3.02332707,3.05267976,2.935269,3.00375861,43044500,131847494.22
2021-09-22,601718,2.97440592,3.07224822,2.96462169,3.06246399,36028239,111506136.29
2021-09-23,601718,3.06246399,3.10160091,3.04289553,3.08203245,35052101,110210439.41
2021-09-24,601718,3.08203245,3.09181668,2.99397438,3.01354284,28276300,87647966.0
2021-09-27,601718,3.00375861,3.0331113,2.84721093,2.87656362,49071473,146301284.51
2021-09-28,601718,2.89613208,2.92548477,2.86677939,2.90591631,23353613,69192860.61
2021-09-29,601718,2.88634785,2.91570054,2.82764247,2.8374267,27107700,79319016.0
2021-09-30,601718,2.84721093,2.87656362,2.80807401,2.84721093,25091729,72823708.1
2021-10-08,601718,2.86677939,3.06246399,2.86677939,2.96462169,47240370,143198773.69
2021-10-11,601718,2.98419015,3.07224822,2.935269,3.0331113,42858012,131769912.08
2021-10-12,601718,3.01354284,3.06246399,2.96462169,2.98419015,31362160,96291116.0
2021-10-13,601718,2.98419015,3.02332707,2.90591631,2.92548477,32798690,98751265.0
2021-10-14,601718,2.935269,2.94505323,2.88634785,2.89613208,20941700,62252091.0
2021-10-15,601718,2.90591631,2.91570054,2.8374267,2.84721093,26725700,78042694.0
2021-10-18,601718,2.84721093,2.91570054,2.84721093,2.90591631,26212701,77226500.84
2021-10-19,601718,2.90591631,2.92548477,2.86677939,2.86677939,22788705,67261434.7
2021-10-20,601718,2.86677939,2.87656362,2.84721093,2.84721093,19064500,55665891.0
2021-10-21,601718,2.85699516,2.87656362,2.77872132,2.79828978,28243058,81395615.3
2021-10-22,601718,2.78850555,2.80807401,2.72001594,2.7395844,33917039,95498031.55
2021-10-25,601718,2.70044748,2.71023171,2.66131056,2.68087902,32863998,89985247.74
2021-10-26,601718,2.68087902,2.70044748,2.62217364,2.63195787,27319320,74024394.0
2021-10-27,601718,2.6417421,2.65152633,2.57325249,2.59282095,26521128,70462488.32
2021-10-28,601718,2.59282095,2.60260518,2.53411557,2.55368403,28739277,75182030.92
2021-10-29,601718,2.55368403,2.61238941,2.50476288,2.60260518,30564201,80104064.65
2021-11-01,601718,2.59282095,2.62217364,2.58303672,2.60260518,23396283,62228459.7
2021-11-02,601718,2.6417421,2.80807401,2.59282095,2.67109479,74264175,203630210.23
2021-11-03,601718,2.65152633,2.65152633,2.59282095,2.61238941,46653727,124742406.83
2021-11-04,601718,2.62217364,2.62217364,2.57325249,2.60260518,36025756,95575090.04
2021-11-05,601718,2.60260518,2.61238941,2.56346826,2.56346826,29260281,77280636.22
2021-11-08,601718,2.57325249,2.58303672,2.55368403,2.56346826,24057188,63214228.31
2021-11-09,601718,2.57325249,2.60260518,2.55368403,2.58303672,21081249,55591082.87
2021-11-10,601718,2.59282095,2.59282095,2.55368403,2.58303672,22478986,59088581.81
2021-11-11,601718,2.58303672,2.63195787,2.57325249,2.63195787,23808414,63585388.11
2021-11-12,601718,2.63195787,2.6417421,2.61238941,2.62217364,22725800,61033709.0
2021-11-15,601718,2.6417421,2.6417421,2.61238941,2.63195787,22052337,59249883.16
2021-11-16,601718,2.63195787,2.67109479,2.62217364,2.63195787,21228578,57324812.04
2021-11-17,601718,2.62217364,2.66131056,2.61238941,2.65152633,18499482,49880927.58
2021-11-18,601718,2.65152633,2.67109479,2.63195787,2.63195787,20372055,55245347.05
2021-11-19,601718,2.63195787,2.67109479,2.63195787,2.66131056,23192756,62890055.29
2021-11-22,601718,2.66131056,2.68087902,2.6417421,2.6417421,19818256,53854958.32
2021-11-23,601718,2.6417421,2.66131056,2.62217364,2.6417421,21064658,56905486.02
2021-11-24,601718,2.72980017,2.76893709,2.68087902,2.71023171,51358629,142444252.51
2021-11-25,601718,2.71023171,2.72001594,2.66131056,2.67109479,32706794,89523466.71
2021-11-26,601718,2.66131056,2.67109479,2.62217364,2.6417421,27621200,74524248.0
2021-11-29,601718,2.61238941,2.66131056,2.60260518,2.6417421,24973248,67153165.12
2021-11-30,601718,2.6417421,2.69066325,2.63195787,2.67109479,28187141,76741721.52
2021-12-01,601718,2.66131056,2.69066325,2.6417421,2.69066325,23797095,65067361.4
2021-12-02,601718,2.69066325,2.70044748,2.66131056,2.66131056,21143800,57903774.0
2021-12-03,601718,2.67109479,2.69066325,2.66131056,2.67109479,20697047,56626025.83
2021-12-06,601718,2.69066325,2.69066325,2.66131056,2.66131056,20878707,57063831.11
2021-12-07,601718,2.66131056,2.67109479,2.63195787,2.65152633,23202395,62818403.64
2021-12-08,601718,2.66131056,2.69066325,2.6417421,2.68087902,22439202,61181531.4
2021-12-09,601718,2.67109479,2.77872132,2.66131056,2.71023171,51562245,143761986.96
2021-12-10,601718,2.70044748,2.72980017,2.69066325,2.71023171,28163678,78030077.04
2021-12-13,601718,2.71023171,2.72980017,2.70044748,2.72001594,20743268,57574340.36
2021-12-14,601718,2.72001594,2.72001594,2.69066325,2.70044748,18590850,51282586.26
2021-12-15,601718,2.70044748,2.72980017,2.69066325,2.71023171,20613601,57157077.28
2021-12-16,601718,2.72001594,2.74936863,2.71023171,2.7395844,26010408,72726177.32
2021-12-17,601718,2.74936863,2.78850555,2.72980017,2.77872132,35845402,101450209.84
2021-12-20,601718,2.77872132,2.85699516,2.74936863,2.81785824,57280161,164029459.67
2021-12-21,601718,2.82764247,2.95483746,2.80807401,2.92548477,77448509,227836608.09
2021-12-22,601718,2.91570054,2.92548477,2.82764247,2.84721093,62280041,182223455.36
2021-12-23,601718,2.84721093,2.85699516,2.79828978,2.80807401,39848890,114848134.52
2021-12-24,601718,2.80807401,2.8374267,2.78850555,2.79828978,30839936,88609540.32
2021-12-27,601718,2.80807401,2.8374267,2.79828978,2.80807401,23191800,66741529.0
2021-12-28,601718,2.80807401,2.81785824,2.76893709,2.78850555,27379308,78081414.72
2021-12-29,601718,2.78850555,2.8374267,2.75915286,2.79828978,27761065,79538342.75
2021-12-30,601718,2.80807401,2.84721093,2.79828978,2.81785824,24948802,71961099.74
2021-12-31,601718,2.84721093,2.97440592,2.84721093,2.91570054,72204693,215292419.37
2022-01-04,601718,2.935269,3.0331113,2.935269,2.99397438,68166379,208281730.49
2022-01-05,601718,3.02332707,3.0331113,2.92548477,2.95483746,64853784,196650679.8
2022-01-06,601718,2.96462169,3.02332707,2.935269,2.98419015,45382806,138327943.3
2022-01-07,601718,2.98419015,3.0331113,2.95483746,2.96462169,46134371,141351838.57
2022-01-10,601718,2.95483746,2.96462169,2.91570054,2.935269,40989310,123249880.0
2022-01-11,601718,2.95483746,3.01354284,2.94505323,2.96462169,48884630,148806496.52
2022-01-12,601718,2.96462169,2.98419015,2.935269,2.96462169,29069701,87799166.66
2022-01-13,601718,2.95483746,3.01354284,2.95483746,2.96462169,35054400,106928531.0
2022-01-14,601718,2.98419015,2.99397438,2.89613208,2.92548477,37617801,113186903.02
2022-01-17,601718,2.90591631,2.95483746,2.89613208,2.91570054,30233969,90438695.62
2022-01-18,601718,2.935269,2.97440592,2.90591631,2.935269,39378201,117850573.02
2022-01-19,601718,2.935269,2.935269,2.89613208,2.91570054,27928200,83306403.0
2022-01-20,601718,2.935269,2.95483746,2.84721093,2.86677939,39876201,118004066.9
2022-01-21,601718,2.89613208,2.89613208,2.80807401,2.84721093,37628000,109098241.0
2022-01-24,601718,2.84721093,2.84721093,2.78850555,2.79828978,26483457,75908693.92
2022-01-25,601718,2.79828978,2.79828978,2.66131056,2.66131056,45844350,127449643.5
2022-01-26,601718,2.69066325,2.71023171,2.66131056,2.68087902,25735389,70512586.07
2022-01-27,601718,2.68087902,2.68087902,2.62217364,2.63195787,30056300,81323878.0
2022-01-28,601718,2.65152633,2.69066325,2.63195787,2.66131056,29265701,79612572.71
2022-02-07,601718,2.70044748,2.72001594,2.65152633,2.71023171,34365997,94517349.4
2022-02-08,601718,2.69066325,2.86677939,2.69066325,2.84721093,73202044,210149445.24
2022-02-09,601718,2.84721093,2.89613208,2.81785824,2.84721093,30959392,90104052.88
2022-02-10,601718,2.84721093,2.86677939,2.80807401,2.82764247,20920503,60555558.64
2022-02-11,601718,2.82764247,2.8374267,2.77872132,2.77872132,29668765,84962439.55
2022-02-14,601718,2.77872132,2.81785824,2.76893709,2.78850555,27031300,77133811.0
2022-02-15,601718,2.79828978,2.81785824,2.75915286,2.76893709,26359597,74929542.79
2022-02-16,601718,2.78850555,2.80807401,2.76893709,2.80807401,23923566,68305389.76
2022-02-17,601718,2.80807401,2.82764247,2.77872132,2.78850555,26637349,76206137.65
2022-02-18,601718,2.77872132,2.8374267,2.76893709,2.82764247,24199500,69417022.21
2022-02-21,601718,2.82764247,2.87656362,2.80807401,2.86677939,26993310,78421946.9
2022-02-22,601718,2.86677939,2.87656362,2.81785824,2.82764247,28564654,82819174.58
2022-02-23,601718,2.84721093,2.85699516,2.80807401,2.8374267,27996797,80909823.36
2022-02-24,601718,2.82764247,2.8374267,2.74936863,2.76893709,45201594,128595081.17
2022-02-25,601718,2.78850555,2.80807401,2.76893709,2.78850555,33456650,95340066.0
2022-02-28,601718,2.82764247,2.91570054,2.78850555,2.85699516,66273284,192881630.0
2022-03-01,601718,2.8374267,2.90591631,2.81785824,2.88634785,51217166,149563196.0
2022-03-02,601718,2.88634785,2.94505323,2.87656362,2.91570054,46584110,138597041.0
2022-03-03,601718,2.91570054,2.94505323,2.89613208,2.935269,44299373,132351041.0
2022-03-04,601718,3.01354284,3.07224822,2.94505323,2.98419015,108477939,332629392.0
2022-03-07,601718,2.92548477,3.00375861,2.89613208,2.90591631,75310892,226616338.0
2022-03-08,601718,2.94505323,2.94505323,2.82764247,2.82764247,52222926,153458682.0
2022-03-09,601718,2.84721093,2.85699516,2.66131056,2.76893709,54737519,155291020.0
2022-03-10,601718,2.81785824,2.89613208,2.77872132,2.84721093,46837708,135877986.0
2022-03-11,601718,2.81785824,2.84721093,2.75915286,2.84721093,38237718,109367258.0
2022-03-14,601718,2.85699516,2.92548477,2.79828978,2.79828978,54586599,159829592.0
2022-03-15,601718,2.76893709,2.79828978,2.59282095,2.61238941,64858603,179390526.0
2022-03-16,601718,2.65152633,2.70044748,2.5438998,2.69066325,53474392,144200099.0
2022-03-17,601718,2.72001594,2.74936863,2.69066325,2.69066325,38824512,107787541.0
2022-03-18,601718,2.71023171,2.81785824,2.69066325,2.81785824,55017349,156046317.77
2022-03-21,601718,2.8374267,2.84721093,2.7395844,2.77872132,40483635,114944443.89
2022-03-22,601718,2.77872132,2.79828978,2.74936863,2.76893709,27092487,76901452.21
2022-03-23,601718,2.77872132,2.79828978,2.74936863,2.75915286,25186146,71236867.27
2022-03-24,601718,2.75915286,2.77872132,2.72001594,2.72980017,28357278,79723120.62
2022-03-25,601718,2.72980017,2.80807401,2.72001594,2.75915286,40400505,114365600.6
2022-03-28,601718,2.75915286,2.82764247,2.72001594,2.79828978,41423035,118123097.25
2022-03-29,601718,2.80807401,2.81785824,2.74936863,2.76893709,26719668,76019704.76
2022-03-30,601718,2.77872132,2.78850555,2.7395844,2.77872132,30775289,86980028.48
2022-03-31,601718,2.76893709,2.80807401,2.75915286,2.76893709,31515639,89700195.74
2022-04-01,601718,2.76893709,2.79828978,2.74936863,2.78850555,27332957,77518168.53
2022-04-06,601718,2.78850555,2.85699516,2.78850555,2.84721093,39305839,113923123.75
2022-04-07,601718,2.85699516,2.87656362,2.77872132,2.78850555,36524400,105262579.0
2022-04-08,601718,2.78850555,2.79828978,2.72001594,2.76893709,33411376,94132299.08
2022-04-11,601718,2.77872132,2.79828978,2.70044748,2.72001594,33937751,95360454.83
2022-04-12,601718,2.70044748,2.75915286,2.66131056,2.74936863,36733050,101431034.75
2022-04-13,601718,2.74936863,2.75915286,2.70044748,2.71023171,26614925,74219300.5
2022-04-14,601718,2.72001594,2.7395844,2.69066325,2.70044748,30897800,85790178.0
2022-04-15,601718,2.71023171,2.72001594,2.6417421,2.66131056,31391200,85986826.43
2022-04-18,601718,2.68087902,2.68087902,2.61238941,2.67109479,19013701,51485031.68
2022-04-19,601718,2.65152633,2.68087902,2.6417421,2.67109479,21944063,59637839.84
2022-04-20,601718,2.68087902,2.71023171,2.65152633,2.65152633,28246724,77386063.76
2022-04-21,601718,2.66131056,2.70044748,2.58303672,2.58303672,40694824,109726126.36
2022-04-22,601718,2.60260518,2.67109479,2.58303672,2.6417421,38053550,101965333.19
2022-04-25,601718,2.62217364,2.65152633,2.48519442,2.48519442,51335244,134592261.38
2022-04-26,601718,2.52433134,2.52433134,2.36778366,2.37756789,42485469,105786739.48
2022-04-27,601718,2.4460575,2.5438998,2.38735212,2.53411557,54153122,136763670.47
2022-04-28,601718,2.52433134,2.67109479,2.50476288,2.60260518,59021380,157018534.08
2022-04-29,601718,2.61238941,2.67109479,2.58303672,2.62217364,39469471,106107729.88
2022-05-05,601718,2.63195787,2.88634785,2.61238941,2.88634785,102421334,293479093.89
2022-05-06,601718,2.88634785,2.97440592,2.78850555,2.82764247,161652276,477136697.19
2022-05-09,601718,2.79828978,3.11138514,2.77872132,2.935269,178901681,535736372.36
2022-05-10,601718,2.89613208,2.92548477,2.84721093,2.90591631,95856180,281898061.19
2022-05-11,601718,2.88634785,2.90591631,2.81785824,2.8374267,98825910,288872291.12
2022-05-12,601718,2.84721093,2.87656362,2.79828978,2.84721093,79680321,230766427.42
2022-05-13,601718,2.86677939,2.87656362,2.80807401,2.8374267,72572657,210951599.45
2022-05-16,601718,2.85699516,2.90591631,2.81785824,2.84721093,81759445,238321381.99
2022-05-17,601718,2.84721093,2.84721093,2.75915286,2.81785824,69391343,198306265.72
2022-05-18,601718,2.80807401,3.0331113,2.77872132,2.91570054,175966864,524103424.5
2022-05-19,601718,2.88634785,2.95483746,2.85699516,2.92548477,110469159,328499875.93
2022-05-20,601718,2.94505323,2.98419015,2.89613208,2.91570054,99695678,297870278.45
2022-05-23,601718,2.91570054,2.95483746,2.88634785,2.89613208,77900173,232020533.48
2022-05-24,601718,2.89613208,2.90591631,2.79828978,2.80807401,78883202,229736844.26
2022-05-25,601718,2.80807401,2.84721093,2.78850555,2.8374267,62745600,180945623.14
2022-05-26,601718,2.8374267,2.91570054,2.80807401,2.90591631,95998038,281382956.85
2022-05-27,601718,2.90591631,2.92548477,2.84721093,2.87656362,69090166,203671907.38
2022-05-30,601718,2.90591631,3.11138514,2.87656362,3.00375861,168412507,517196988.55
2022-05-31,601718,2.99397438,3.01354284,2.935269,2.98419015,116310162,353184456.67
2022-06-01,601718,2.97440592,3.1309536,2.95483746,3.06246399,174447155,541884427.19
2022-06-02,601718,3.02332707,3.04289553,2.98419015,3.01354284,99205797,305156329.12
2022-06-06,601718,3.00375861,3.01354284,2.95483746,3.00375861,88138879,268468848.4
2022-06-07,601718,3.00375861,3.00375861,2.95483746,2.97440592,70685870,214967166.26
2022-06-08,601718,2.98419015,3.00375861,2.88634785,2.96462169,93677083,282369762.66
2022-06-09,601718,2.96462169,3.10160091,2.94505323,2.97440592,116590175,358877162.16
2022-06-10,601718,2.95483746,3.26793282,2.92548477,3.26793282,146659712,472572477.73
2022-06-13,601718,3.27771705,3.29728551,3.14073783,3.18965898,263721400,865921580.88
2022-06-14,601718,3.16030629,3.17987475,3.04289553,3.12116937,165005589,524138290.71
2022-06-15,601718,3.14073783,3.40491204,3.10160091,3.18965898,226643862,750923783.02
2022-06-16,601718,3.17987475,3.24836436,3.12116937,3.1309536,112642760,364384884.41
2022-06-17,601718,3.12116937,3.17987475,3.10160091,3.14073783,79544548,255450536.91
2022-06-20,601718,3.16030629,3.17009052,3.06246399,3.07224822,91656890,290566381.45
2022-06-21,601718,3.09181668,3.1309536,3.05267976,3.09181668,68439574,216180953.76
2022-06-22,601718,3.10160091,3.10160091,2.98419015,2.98419015,95422679,295477937.25
2022-06-23,601718,2.98419015,3.01354284,2.95483746,3.01354284,71088794,217341258.28
2022-06-24,601718,3.01354284,3.04289553,2.97440592,3.02332707,68309903,209888320.46
2022-06-27,601718,3.02332707,3.02332707,2.94505323,2.95483746,80767137,245997655.54
2022-06-28,601718,2.95483746,3.01354284,2.94505323,2.99397438,64365352,196360852.83
2022-06-29,601718,3.00375861,3.08203245,2.97440592,3.02332707,101986754,314997947.67
2022-06-30,601718,3.0331113,3.07224822,3.00375861,3.0331113,68279332,211928020.57
2022-07-01,601718,3.04289553,3.05267976,3.00375861,3.00375861,47962890,148232008.51
2022-07-04,601718,3.05267976,3.15052206,3.02332707,3.11138514,97681069,308262763.54
2022-07-05,601718,3.11138514,3.17987475,3.07224822,3.15052206,110010581,351135880.44
2022-07-06,601718,3.16030629,3.17009052,3.07224822,3.12116937,80073440,254262046.95
2022-07-07,601718,3.11138514,3.15052206,3.07224822,3.08203245,67146078,213619358.56
2022-07-08,601718,3.08203245,3.37555935,3.05267976,3.20922744,234832940,774492800.46
2022-07-11,601718,3.19944321,3.23858013,3.09181668,3.12116937,128913412,415461379.62
2022-07-12,601718,3.12116937,3.1309536,3.01354284,3.02332707,95883015,301641024.4
2022-07-13,601718,3.10160091,3.20922744,3.09181668,3.16030629,139184728,447128390.6
2022-07-14,601718,3.16030629,3.17009052,3.07224822,3.09181668,80453900,255475267.0
2022-07-15,601718,3.09181668,3.10160091,3.00375861,3.00375861,77440451,241231412.63
2022-07-18,601718,2.98419015,3.09181668,2.97440592,3.07224822,58261470,182234141.32
2022-07-19,601718,3.08203245,3.1309536,3.06246399,3.12116937,63849402,202422713.31
2022-07-20,601718,3.12116937,3.35599089,3.11138514,3.29728551,208338492,693159680.47
2022-07-21,601718,3.31685397,3.37555935,3.28750128,3.29728551,135503956,459934721.39
2022-07-22,601718,3.31685397,3.33642243,3.26793282,3.30706974,84228257,283976450.76
2022-07-25,601718,3.29728551,3.40491204,3.23858013,3.25814859,111752815,378601396.58
2022-07-26,601718,3.27771705,3.38534358,3.2287959,3.36577512,107056000,363382665.27
2022-07-27,601718,3.39512781,3.53210703,3.33642243,3.47340165,142601849,502950328.04
2022-07-28,601718,3.46361742,3.47340165,3.40491204,3.4244805,87195373,306290977.74
2022-07-29,601718,3.44404896,3.45383319,3.36577512,3.37555935,59624856,206858155.04
2022-08-01,601718,3.40491204,3.47340165,3.3266382,3.33642243,81785249,282560483.09
2022-08-02,601718,3.3266382,3.34620666,3.15052206,3.20922744,118370046,390298891.09
2022-08-03,601718,3.21901167,3.29728551,3.17987475,3.19944321,96886896,321415509.78
2022-08-04,601718,3.21901167,3.23858013,3.16030629,3.19944321,58183584,190089223.0
2022-08-05,601718,3.20922744,3.26793282,3.18965898,3.23858013,63271751,208398003.0
2022-08-08,601718,3.24836436,3.30706974,3.20922744,3.29728551,59765309,199584971.0
2022-08-09,601718,3.29728551,3.29728551,3.24836436,3.26793282,45814537,153227286.0
2022-08-10,601718,3.26793282,3.27771705,3.18965898,3.20922744,51875664,170898856.0
2022-08-11,601718,3.23858013,3.28750128,3.2287959,3.27771705,57503041,191650114.0
2022-08-12,601718,3.27771705,3.30706974,3.25814859,3.26793282,51620300,172931445.0
2022-08-15,601718,3.25814859,3.26793282,3.20922744,3.24836436,43868380,145077867.31
2022-08-16,601718,3.23858013,3.27771705,3.21901167,3.23858013,41113412,136384085.56
2022-08-17,601718,3.23858013,3.24836436,3.20922744,3.21901167,44239800,145744246.0
2022-08-18,601718,3.19944321,3.20922744,3.14073783,3.16030629,59821600,193588689.41
2022-08-19,601718,3.15052206,3.18965898,3.15052206,3.15052206,41239483,133439291.4
2022-08-22,601718,3.15052206,3.20922744,3.12116937,3.18965898,41631892,135037875.1
2022-08-23,601718,3.18965898,3.18965898,3.15052206,3.17009052,28818525,93284342.61
2022-08-24,601718,3.17987475,3.21901167,3.08203245,3.09181668,56280381,180227293.65
2022-08-25,601718,3.10160091,3.14073783,3.08203245,3.12116937,40649360,129455637.18
2022-08-26,601718,3.14073783,3.17009052,3.11138514,3.14073783,34668746,111340224.45
2022-08-29,601718,3.11138514,3.14073783,3.06246399,3.12116937,44214734,140266645.82
2022-08-30,601718,3.12116937,3.17987475,3.12116937,3.15052206,39677126,127604710.67
2022-08-31,601718,3.15052206,3.17009052,3.07224822,3.07224822,43300025,137397384.12
2022-09-01,601718,3.08203245,3.11138514,3.02332707,3.0331113,42212777,132324648.16
2022-09-02,601718,3.04289553,3.07224822,3.0331113,3.06246399,34344417,107392883.41
2022-09-05,601718,3.06246399,3.10160091,3.05267976,3.09181668,34968700,110187696.0
2022-09-06,601718,3.10160091,3.14073783,3.09181668,3.1309536,35867000,114417194.0
2022-09-07,601718,3.14073783,3.14073783,3.10160091,3.11138514,29938008,95334098.76
2022-09-08,601718,3.12116937,3.1309536,3.09181668,3.10160091,27145660,86260181.6
2022-09-09,601718,3.11138514,3.16030629,3.10160091,3.14073783,38587369,123720185.92
2022-09-13,601718,3.15052206,3.16030629,3.12116937,3.14073783,30790388,98867189.6
2022-09-14,601718,3.11138514,3.1309536,3.08203245,3.09181668,30441900,96540841.18
2022-09-15,601718,3.11138514,3.11138514,3.0331113,3.06246399,45873367,143707430.7
2022-09-16,601718,3.06246399,3.06246399,2.94505323,2.94505323,47511567,145430794.37
2022-09-19,601718,2.935269,2.95483746,2.85699516,2.87656362,39228657,116004680.91
2022-09-20,601718,2.89613208,2.935269,2.88634785,2.92548477,31082694,92519593.92
2022-09-21,601718,2.90591631,3.00375861,2.85699516,2.98419015,32913480,98711148.6
2022-09-22,601718,2.95483746,3.00375861,2.92548477,2.935269,26878317,81210358.65
2022-09-23,601718,2.935269,2.98419015,2.90591631,2.94505323,32195191,97004486.83
2022-09-26,601718,2.935269,2.935269,2.82764247,2.8374267,37907168,111511939.54
2022-09-27,601718,2.81785824,2.90591631,2.81785824,2.89613208,36603182,107419542.26
2022-09-28,601718,2.89613208,2.92548477,2.85699516,2.85699516,29009835,85671217.7
2022-09-29,601718,2.86677939,2.935269,2.82764247,2.84721093,31423212,92230068.74
2022-09-30,601718,2.85699516,2.87656362,2.81785824,2.84721093,24673374,71889485.85
2022-10-10,601718,2.90591631,3.01354284,2.87656362,2.89613208,65422246,196035389.25
2022-10-11,601718,2.88634785,2.98419015,2.81785824,2.96462169,63125918,187068914.86
2022-10-12,601718,2.935269,2.98419015,2.89613208,2.98419015,47896236,143552244.32
2022-10-13,601718,2.96462169,2.99397438,2.935269,2.96462169,37478405,113403876.28
2022-10-14,601718,2.98419015,3.01354284,2.97440592,2.99397438,47808152,146276032.74
2022-10-17,601718,2.98419015,3.07224822,2.97440592,3.06246399,53413184,165360270.26
2022-10-18,601718,3.06246399,3.07224822,3.01354284,3.0331113,40693984,126494892.45
2022-10-19,601718,3.0331113,3.0331113,2.98419015,2.99397438,27832758,85635290.2
2022-10-20,601718,2.97440592,3.04289553,2.97440592,2.99397438,29851026,91792997.56
2022-10-21,601718,3.00375861,3.02332707,2.96462169,3.00375861,30130605,92387080.76
2022-10-24,601718,3.01354284,3.0331113,2.95483746,2.96462169,37193778,113643937.34
2022-10-25,601718,2.96462169,3.00375861,2.935269,2.97440592,33066723,100381550.38
2022-10-26,601718,2.97440592,3.04289553,2.96462169,3.04289553,42346291,130686158.19
2022-10-27,601718,3.05267976,3.10160091,3.0331113,3.08203245,50038533,156730291.8
2022-10-28,601718,3.06246399,3.07224822,2.90591631,2.92548477,75590502,230273531.34
2022-10-31,601718,2.90591631,2.92548477,2.8374267,2.86677939,48253729,142160943.97
2022-11-01,601718,2.87656362,2.91570054,2.84721093,2.91570054,39027404,115107119.61
2022-11-02,601718,2.90591631,2.92548477,2.87656362,2.91570054,38207960,113511236.2
2022-11-03,601718,2.89613208,2.91570054,2.87656362,2.88634785,32592100,96336460.0
2022-11-04,601718,2.88634785,2.935269,2.87656362,2.92548477,35147433,104707609.84
2022-11-07,601718,2.935269,2.97440592,2.92548477,2.96462169,45183301,136718615.02
2022-11-08,601718,2.99397438,2.99397438,2.94505323,2.97440592,29487192,89526048.77
2022-11-09,601718,2.97440592,2.99397438,2.935269,2.94505323,29295884,88652219.35
2022-11-10,601718,2.94505323,2.97440592,2.91570054,2.95483746,29375494,88637677.88
2022-11-11,601718,3.00375861,3.01354284,2.96462169,2.96462169,38741451,118084945.04
2022-11-14,601718,2.97440592,2.98419015,2.935269,2.94505323,35854702,108575903.24
2022-11-15,601718,2.95483746,2.98419015,2.94505323,2.97440592,35020010,106222959.84
2022-11-16,601718,2.98419015,2.99397438,2.96462169,2.97440592,32754650,99725706.54
2022-11-17,601718,2.97440592,2.99397438,2.94505323,2.98419015,31637452,96273828.62
2022-11-18,601718,2.99397438,2.99397438,2.95483746,2.97440592,33949889,103338322.35
2022-11-21,601718,2.97440592,2.99397438,2.96462169,2.98419015,28713200,87501333.0
2022-11-22,601718,2.98419015,3.05267976,2.97440592,3.00375861,62812715,193136621.9
2022-11-23,601718,3.01354284,3.08203245,3.00375861,3.02332707,65280353,202827574.43
2022-11-24,601718,3.02332707,3.04289553,2.98419015,2.99397438,45490015,139808954.39
2022-11-25,601718,2.99397438,3.02332707,2.98419015,3.01354284,28472494,87528688.58
2022-11-28,601718,2.98419015,3.01354284,2.94505323,2.99397438,39775600,121188212.0
2022-11-29,601718,3.00375861,3.04289553,2.99397438,3.0331113,47363081,146639209.29
2022-11-30,601718,3.05267976,3.06246399,3.02332707,3.04289553,37247587,115910029.03
2022-12-01,601718,3.05267976,3.06246399,3.01354284,3.01354284,38151310,118370937.9
2022-12-02,601718,3.01354284,3.07224822,3.01354284,3.06246399,49527961,154127309.12
2022-12-05,601718,3.10160091,3.16030629,3.08203245,3.1309536,73684794,235002750.79
2022-12-06,601718,3.12116937,3.16030629,3.09181668,3.11138514,51849760,165673956.35
2022-12-07,601718,3.11138514,3.14073783,3.10160091,3.12116937,39922062,127405757.78
2022-12-08,601718,3.1309536,3.14073783,3.08203245,3.10160091,39585075,125757441.99
2022-12-09,601718,3.10160091,3.11138514,3.06246399,3.07224822,48746168,153289665.84
2022-12-12,601718,3.06246399,3.07224822,3.00375861,3.01354284,38833504,120268067.4
2022-12-13,601718,3.02332707,3.05267976,3.01354284,3.04289553,32372641,100475860.61
2022-12-14,601718,3.05267976,3.05267976,2.99397438,3.00375861,28723360,88562792.43
2022-12-15,601718,3.02332707,3.0331113,2.97440592,2.98419015,30863108,94571594.32
2022-12-16,601718,2.97440592,2.99397438,2.96462169,2.98419015,26822816,81650687.64
2022-12-19,601718,2.98419015,2.99397438,2.87656362,2.89613208,49058421,146440997.24
2022-12-20,601718,2.89613208,2.92548477,2.87656362,2.90591631,27981350,83096088.0
2022-12-21,601718,2.91570054,2.935269,2.88634785,2.91570054,20781952,61845534.44
2022-12-22,601718,2.91570054,2.94505323,2.86677939,2.87656362,30338591,90248574.54
2022-12-23,601718,2.87656362,2.89613208,2.8374267,2.85699516,28309900,82982231.0
2022-12-26,601718,2.84721093,2.86677939,2.8374267,2.86677939,25933502,75729525.82
2022-12-27,601718,2.87656362,2.88634785,2.85699516,2.87656362,19511216,57229939.88
2022-12-28,601718,2.86677939,2.87656362,2.8374267,2.84721093,25712300,74904877.0
2022-12-29,601718,2.84721093,2.85699516,2.82764247,2.82764247,20660700,59917599.0
2022-12-30,601718,2.8374267,2.85699516,2.82764247,2.84721093,15932400,46268090.0
2023-01-03,601718,2.86677939,2.91570054,2.85699516,2.89613208,23773451,70232751.43
2023-01-04,601718,2.89613208,2.90591631,2.87656362,2.88634785,24862918,73470397.92
2023-01-05,601718,2.88634785,2.89613208,2.87656362,2.88634785,19904081,58727163.14
2023-01-06,601718,2.89613208,2.89613208,2.85699516,2.86677939,23346621,68652025.55
2023-01-09,601718,2.87656362,2.89613208,2.86677939,2.87656362,23523703,69253310.82
2023-01-10,601718,2.87656362,2.88634785,2.8374267,2.85699516,22684800,66252270.0
2023-01-11,601718,2.85699516,2.86677939,2.8374267,2.84721093,22404200,65302682.81
2023-01-12,601718,2.84721093,2.85699516,2.81785824,2.8374267,24207067,70137793.63
2023-01-13,601718,2.8374267,2.87656362,2.82764247,2.87656362,21954778,64027910.76
2023-01-16,601718,2.87656362,2.91570054,2.86677939,2.89613208,30237045,89537465.2
2023-01-17,601718,2.90591631,2.90591631,2.87656362,2.89613208,17821199,52650803.84
2023-01-18,601718,2.89613208,2.90591631,2.88634785,2.89613208,16238176,48061561.96
2023-01-19,601718,2.89613208,2.91570054,2.87656362,2.90591631,18849493,55853961.51
2023-01-20,601718,2.92548477,2.935269,2.91570054,2.935269,29410500,87972943.0
2023-01-30,601718,3.0331113,3.10160091,3.00375861,3.04289553,107032848,333775140.02
2023-01-31,601718,3.04289553,3.08203245,3.02332707,3.06246399,53908567,168131937.76
2023-02-01,601718,3.06246399,3.07224822,3.02332707,3.06246399,43422660,135449732.87
2023-02-02,601718,3.06246399,3.07224822,3.0331113,3.05267976,40368200,125761945.0
2023-02-03,601718,3.05267976,3.05267976,3.00375861,3.0331113,39553900,122109197.0
2023-02-06,601718,3.01354284,3.05267976,3.00375861,3.0331113,29921101,92601160.08
2023-02-07,601718,3.0331113,3.05267976,3.01354284,3.05267976,33618988,104158728.92
2023-02-08,601718,3.05267976,3.05267976,3.00375861,3.01354284,30964594,95822853.01
2023-02-09,601718,3.01354284,3.04289553,3.00375861,3.04289553,31223400,96816759.0
2023-02-10,601718,3.04289553,3.06246399,3.02332707,3.04289553,32798662,102123417.2
2023-02-13,601718,3.04289553,3.06246399,3.0331113,3.06246399,38821954,120959346.56
2023-02-14,601718,3.05267976,3.09181668,3.04289553,3.04289553,32489497,101732363.41
2023-02-15,601718,3.05267976,3.06246399,3.0331113,3.05267976,29886335,93002097.98
2023-02-16,601718,3.05267976,3.08203245,2.98419015,3.01354284,55108029,171517897.91
2023-02-17,601718,3.01354284,3.10160091,3.00375861,3.08203245,83602121,262077124.45
2023-02-20,601718,3.08203245,3.09181668,3.04289553,3.07224822,55288600,173105889.59
2023-02-21,601718,3.08203245,3.15052206,3.07224822,3.11138514,59095188,187907023.61
2023-02-22,601718,3.10160091,3.11138514,3.07224822,3.09181668,37018364,116941482.47
2023-02-23,601718,3.09181668,3.12116937,3.07224822,3.07224822,42939200,135849049.0
2023-02-24,601718,3.07224822,3.17009052,3.07224822,3.12116937,85573843,273004770.8
2023-02-27,601718,3.11138514,3.16030629,3.09181668,3.11138514,53071877,169432943.4
2023-02-28,601718,3.12116937,3.1309536,3.07224822,3.12116937,46395014,147066138.38
2023-03-01,601718,3.12116937,3.1309536,3.10160091,3.1309536,42537313,135595782.91
2023-03-02,601718,3.12116937,3.17987475,3.12116937,3.16030629,59400600,191474975.0
2023-03-03,601718,3.16030629,3.20922744,3.14073783,3.19944321,62662614,203292090.71
2023-03-06,601718,3.19944321,3.21901167,3.15052206,3.16030629,60929904,198401727.92
2023-03-07,601718,3.16030629,3.17987475,3.10160091,3.11138514,69145322,222091957.44
2023-03-08,601718,3.10160091,3.1309536,3.09181668,3.1309536,38409048,122359204.12
2023-03-09,601718,3.1309536,3.1309536,3.08203245,3.09181668,36331358,115058662.28
2023-03-10,601718,3.08203245,3.08203245,3.0331113,3.04289553,37131039,115916794.31
2023-03-13,601718,3.0331113,3.08203245,3.02332707,3.07224822,35889705,112264653.66
2023-03-14,601718,3.07224822,3.07224822,3.00375861,3.0331113,36688384,114011784.96
2023-03-15,601718,3.05267976,3.09181668,3.04289553,3.09181668,34842820,109477584.8
2023-03-16,601718,3.08203245,3.11138514,3.0331113,3.04289553,37123674,116403790.43
2023-03-17,601718,3.06246399,3.11138514,3.05267976,3.09181668,36220464,114439625.05
2023-03-20,601718,3.10160091,3.20922744,3.09181668,3.16030629,72699714,235059929.39
2023-03-21,601718,3.18965898,3.19944321,3.15052206,3.18965898,48643413,157847321.22
2023-03-22,601718,3.18965898,3.26793282,3.17009052,3.24836436,85419185,281421904.35
2023-03-23,601718,3.23858013,3.24836436,3.19944321,3.20922744,46490733,152920433.03
2023-03-24,601718,3.21901167,3.27771705,3.19944321,3.25814859,70383698,232997988.35
2023-03-27,601718,3.25814859,3.26793282,3.17009052,3.18965898,53681874,175798026.59
2023-03-28,601718,3.20922744,3.23858013,3.17987475,3.18965898,37481901,122608332.86
2023-03-29,601718,3.18965898,3.19944321,3.12116937,3.1309536,40733600,131096824.0
2023-03-30,601718,3.14073783,3.15052206,3.09181668,3.14073783,37460573,119487621.62
2023-03-31,601718,3.14073783,3.17009052,3.1309536,3.16030629,27603506,88982085.41
2023-04-03,601718,3.16030629,3.18965898,3.1309536,3.14073783,38616738,124577040.19
2023-04-04,601718,3.14073783,3.16030629,3.12116937,3.16030629,30587120,98345907.83
2023-04-06,601718,3.16030629,3.17009052,3.11138514,3.14073783,36044234,115783068.05
2023-04-07,601718,3.14073783,3.16030629,3.12116937,3.12116937,26744300,85727260.0
2023-04-10,601718,3.1309536,3.15052206,3.09181668,3.09181668,36693156,116995661.96
2023-04-11,601718,3.11138514,3.14073783,3.08203245,3.14073783,34370220,109406091.05
2023-04-12,601718,3.14073783,3.24836436,3.1309536,3.20922744,65960247,215769531.14
2023-04-13,601718,3.14073783,3.16030629,3.00375861,3.0331113,140648127,440976649.39
2023-04-14,601718,3.04289553,3.05267976,3.00375861,3.02332707,47789077,147768833.34
2023-04-17,601718,3.02332707,3.06246399,2.98419015,3.05267976,56257471,173935575.49
2023-04-18,601718,3.05267976,3.05267976,3.02332707,3.0331113,28654025,88941061.5
2023-04-19,601718,3.04289553,3.04289553,3.00375861,3.01354284,26940942,83225529.94
2023-04-20,601718,3.00375861,3.02332707,2.96462169,2.98419015,34174305,104213486.73
2023-04-21,601718,2.98419015,3.00375861,2.94505323,2.94505323,39559213,120272115.65
2023-04-24,601718,2.94505323,2.97440592,2.935269,2.94505323,32838401,99161348.52
2023-04-25,601718,2.95483746,2.96462169,2.92548477,2.94505323,38751534,116448621.34
2023-04-26,601718,2.935269,2.96462169,2.92548477,2.95483746,26092376,78614047.23
2023-04-27,601718,2.95483746,2.99397438,2.935269,2.98419015,43191394,131142722.94
2023-04-28,601718,2.99397438,3.0331113,2.98419015,3.0331113,35629708,109913832.64
2023-05-04,601718,3.0331113,3.11138514,3.02332707,3.10160091,73259884,230612841.91
2023-05-05,601718,3.10160091,3.12116937,3.07224822,3.11138514,51222823,162193139.85
2023-05-08,601718,3.11138514,3.17987475,3.11138514,3.15052206,85216700,274492206.0
2023-05-09,601718,3.15052206,3.18965898,3.12116937,3.1309536,71259139,230207174.16
2023-05-10,601718,3.12116937,3.14073783,3.08203245,3.10160091,59079104,187705303.72
2023-05-11,601718,3.10160091,3.14073783,3.10160091,3.12116937,41462932,132242790.18
2023-05-12,601718,3.11138514,3.19944321,3.11138514,3.14073783,60201555,194693171.28
2023-05-15,601718,3.1309536,3.14073783,3.05267976,3.14073783,54697061,173408323.51
2023-05-16,601718,3.14073783,3.15052206,3.08203245,3.08203245,35003800,111403355.0
2023-05-17,601718,3.09181668,3.16030629,3.07224822,3.16030629,45313579,144743562.59
2023-05-18,601718,3.15052206,3.17987475,3.12116937,3.1309536,33388542,107450238.82
2023-05-19,601718,3.1309536,3.19944321,3.10160091,3.16030629,55848499,179992977.14
2023-05-22,601718,3.14073783,3.16030629,3.09181668,3.12116937,41411142,132314550.82
2023-05-23,601718,3.12116937,3.12116937,3.0331113,3.0331113,50316943,157879174.3
2023-05-24,601718,3.0331113,3.0331113,2.97440592,2.98419015,42133301,129342563.08
2023-05-25,601718,2.98419015,2.99397438,2.935269,2.96462169,42501029,128619759.89
2023-05-26,601718,2.95483746,2.97440592,2.92548477,2.96462169,42685591,128780102.82
2023-05-29,601718,2.96462169,2.99397438,2.92548477,2.935269,39008117,117940211.68
2023-05-30,601718,2.935269,2.94505323,2.90591631,2.94505323,36635071,109526989.0
2023-05-31,601718,2.935269,2.96462169,2.91570054,2.94505323,27581118,83071090.18
2023-06-01,601718,2.94505323,2.99397438,2.935269,2.98419015,37006453,112336414.48
2023-06-02,601718,2.97440592,3.00375861,2.97440592,2.98419015,27164311,82940843.61
2023-06-05,601718,2.98419015,3.00375861,2.97440592,2.98419015,22856700,69833678.0
2023-06-06,601718,2.98419015,2.99397438,2.92548477,2.935269,34614800,104574605.0
2023-06-07,601718,2.935269,2.96462169,2.92548477,2.94505323,25418101,76496050.0
2023-06-08,601718,2.94505323,2.99397438,2.92548477,2.97440592,30784900,93183098.0
2023-06-09,601718,2.98419015,2.98419015,2.94505323,2.96462169,29204512,88443500.24
2023-06-12,601718,2.96462169,2.96462169,2.935269,2.94505323,25742261,77512486.01
2023-06-13,601718,2.94505323,2.95483746,2.92548477,2.935269,23453900,70391123.83
2023-06-14,601718,2.94505323,2.95483746,2.92548477,2.935269,26803728,80584487.28
2023-06-15,601718,2.935269,2.94505323,2.91570054,2.94505323,29931162,89666147.0
2023-06-16,601718,2.94505323,2.97440592,2.935269,2.95483746,27214649,82402900.21
2023-06-19,601718,2.96462169,2.97440592,2.92548477,2.935269,27238800,81914687.0
2023-06-20,601718,2.92548477,2.94505323,2.90591631,2.91570054,29801400,89072769.0
2023-06-21,601718,2.90591631,2.91570054,2.84721093,2.85699516,54446750,160176879.39
2023-06-26,601718,2.85699516,2.85699516,2.79828978,2.79828978,39060241,112688446.5
2023-06-27,601718,2.80807401,2.85699516,2.79828978,2.84721093,27162282,78698807.13
2023-06-28,601718,2.84721093,2.85699516,2.80807401,2.85699516,25234673,73044356.04
2023-06-29,601718,2.84721093,2.88634785,2.84721093,2.86677939,19496833,57136442.19
2023-06-30,601718,2.85699516,2.91570054,2.85699516,2.90591631,29649080,87797619.8
2023-07-03,601718,2.90591631,2.935269,2.90591631,2.91570054,26660982,79495335.54
2023-07-04,601718,2.91570054,2.92548477,2.88634785,2.90591631,18125630,53798859.1
2023-07-05,601718,2.90591631,2.91570054,2.88634785,2.89613208,14891815,44122852.4
2023-07-06,601718,2.89613208,2.90591631,2.88634785,2.88634785,18404018,54439794.1
2023-07-07,601718,2.88634785,2.91570054,2.87656362,2.90591631,19726023,58510763.25
2023-07-10,601718,2.90591631,2.91570054,2.88634785,2.89613208,16478360,48796785.6
2023-07-11,601718,2.89613208,2.90591631,2.88634785,2.90591631,12153055,36006751.79
2023-07-12,601718,2.90591631,2.90591631,2.84721093,2.85699516,23180300,68143731.0
2023-07-13,601718,2.86677939,2.88634785,2.85699516,2.87656362,15536165,45678063.45
2023-07-14,601718,2.87656362,2.89613208,2.86677939,2.87656362,14250900,41927151.0
2023-07-17,601718,2.85699516,2.86677939,2.82764247,2.8374267,30567007,88695456.2
2023-07-18,601718,2.8374267,2.86677939,2.82764247,2.84721093,19777221,57521239.98
2023-07-19,601718,2.84721093,2.87656362,2.84721093,2.86677939,15997300,46773702.0
2023-07-20,601718,2.86677939,2.88634785,2.84721093,2.85699516,24142400,70825982.0
2023-07-21,601718,2.86677939,2.88634785,2.85699516,2.87656362,25663561,75333552.48
2023-07-24,601718,2.87656362,2.89613208,2.86677939,2.86677939,16876401,49663603.93
2023-07-25,601718,2.88634785,2.92548477,2.87656362,2.91570054,28049296,83242515.85
2023-07-26,601718,2.90591631,2.94505323,2.90591631,2.935269,28519864,85292015.36
2023-07-27,601718,3.00375861,3.04289553,2.94505323,2.95483746,64848809,198152861.87
2023-07-28,601718,2.95483746,3.0331113,2.95483746,3.02332707,62464878,191473716.8
2023-07-31,601718,3.02332707,3.06246399,3.01354284,3.05267976,57666353,179244565.62
2023-08-01,601718,3.05267976,3.07224822,3.0331113,3.05267976,43847437,136726527.31
2023-08-02,601718,3.05267976,3.05267976,3.02332707,3.0331113,34836421,108059011.72
2023-08-03,601718,3.0331113,3.04289553,3.00375861,3.04289553,31690210,97972708.7
2023-08-04,601718,3.05267976,3.06246399,3.02332707,3.02332707,31237813,97040178.3
2023-08-07,601718,3.02332707,3.02332707,2.99397438,3.00375861,26216103,80416655.02
2023-08-08,601718,2.99397438,3.00375861,2.97440592,2.98419015,20633002,62982348.08
2023-08-09,601718,2.99407026,2.99407026,2.97430742,2.98418884,18016084,54451337.68
2023-08-10,601718,2.98418884,2.99407026,2.97430742,2.98418884,18344800,55393111.0
2023-08-11,601718,2.98418884,2.99407026,2.92490032,2.92490032,29942300,89380872.0
2023-08-14,601718,2.9150189,2.94466316,2.88537464,2.93478174,27861083,82270473.13
2023-08-15,601718,2.93478174,2.964426,2.92490032,2.94466316,22298766,66399405.68
2023-08-16,601718,2.94466316,2.97430742,2.92490032,2.94466316,23378762,69742075.7
2023-08-17,601718,2.93478174,2.97430742,2.9150189,2.964426,31965011,95203730.57
2023-08-18,601718,2.94466316,2.964426,2.90513748,2.9150189,35557310,105650242.84
2023-08-21,601718,2.90513748,2.95454458,2.89525606,2.9150189,26595424,78774007.04
2023-08-22,601718,2.92490032,2.93478174,2.8656118,2.89525606,31013313,90894728.47
2023-08-23,601718,2.90513748,2.93478174,2.87549322,2.88537464,30962258,91008745.92
2023-08-24,601718,2.88537464,2.89525606,2.84584896,2.85573038,31451712,91288524.8
2023-08-25,601718,2.87549322,2.97430742,2.8656118,2.9150189,75735604,224463860.0
2023-08-28,601718,3.00395168,3.03359594,2.93478174,2.95454458,85027679,257192455.68
2023-08-29,601718,2.94466316,2.97430742,2.9150189,2.964426,53427367,159369697.66
2023-08-30,601718,2.964426,2.964426,2.9150189,2.9150189,39840200,118291228.0
2023-08-31,601718,2.92490032,2.92490032,2.87549322,2.87549322,28844995,84292754.45
2023-09-01,601718,2.87549322,2.90513748,2.8656118,2.88537464,20003334,58381182.67
2023-09-04,601718,2.89525606,2.92490032,2.88537464,2.92490032,25176205,74187576.71
2023-09-05,601718,2.9150189,2.92490032,2.88537464,2.89525606,19214427,56377615.11
2023-09-06,601718,2.88537464,2.90513748,2.87549322,2.89525606,19923028,58274489.03
2023-09-07,601718,2.88537464,2.89525606,2.85573038,2.8656118,24786800,72019455.0
2023-09-08,601718,2.8656118,2.88537464,2.85573038,2.8656118,15583360,45252759.0
2023-09-11,601718,2.87549322,2.90513748,2.8656118,2.89525606,24331361,71128990.51
2023-09-12,601718,2.89525606,2.90513748,2.88537464,2.89525606,15874900,46497576.0
2023-09-13,601718,2.89525606,2.90513748,2.87549322,2.89525606,21484761,62838175.51
2023-09-14,601718,2.89525606,2.92490032,2.88537464,2.90513748,26444637,77882211.04
2023-09-15,601718,2.9150189,2.93478174,2.90513748,2.93478174,26404504,78051875.47
2023-09-18,601718,2.93478174,2.93478174,2.90513748,2.92490032,22352146,66061208.16
2023-09-19,601718,2.92490032,2.93478174,2.90513748,2.9150189,17506431,51717106.45
2023-09-20,601718,2.9150189,2.92490032,2.89525606,2.89525606,17900600,52709132.0
2023-09-21,601718,2.88537464,2.9150189,2.87549322,2.88537464,19124500,56010217.0
2023-09-22,601718,2.89525606,2.9150189,2.87549322,2.90513748,16064700,47155785.0
2023-09-25,601718,2.90513748,2.9150189,2.87549322,2.87549322,17244500,50456586.0
2023-09-26,601718,2.88537464,2.89525606,2.87549322,2.87549322,12081000,35220920.0
2023-09-27,601718,2.87549322,2.89525606,2.8656118,2.88537464,16548200,48243826.0
2023-09-28,601718,2.88537464,2.89525606,2.87549322,2.88537464,17013694,49698383.48
2023-10-09,601718,2.88537464,2.89525606,2.8656118,2.87549322,16650000,48485507.0
2023-10-10,601718,2.88537464,2.89525606,2.85573038,2.8656118,17142200,49802673.0
2023-10-11,601718,2.87549322,2.88537464,2.85573038,2.85573038,17239900,49963683.0
2023-10-12,601718,2.87549322,2.88537464,2.85573038,2.88537464,19408936,56454023.4
2023-10-13,601718,2.87549322,2.87549322,2.85573038,2.8656118,15508636,44992312.4
2023-10-16,601718,2.88537464,2.92490032,2.8656118,2.92490032,38908258,114217728.2
2023-10-17,601718,2.9150189,2.92490032,2.89525606,2.90513748,23662300,69652918.0
2023-10-18,601718,2.89525606,2.90513748,2.8656118,2.8656118,21373300,62257708.0
2023-10-19,601718,2.85573038,2.8656118,2.82608612,2.83596754,24773614,71183820.04
2023-10-20,601718,2.82608612,2.83596754,2.80632328,2.82608612,19019881,54236182.86
2023-10-23,601718,2.8162047,2.8162047,2.75691618,2.77667902,22254137,62743934.27
2023-10-24,601718,2.77667902,2.80632328,2.7667976,2.80632328,19281067,54523763.25
2023-10-25,601718,2.8162047,2.84584896,2.8162047,2.82608612,23417068,67158299.16
2023-10-26,601718,2.8162047,2.82608612,2.79644186,2.82608612,21200136,60403852.6
2023-10-27,601718,2.8162047,2.85573038,2.80632328,2.84584896,27846485,79994977.25
2023-10-30,601718,2.83596754,2.85573038,2.82608612,2.84584896,21340400,61455751.64
2023-10-31,601718,2.84584896,2.8656118,2.83596754,2.85573038,24361338,70448693.13
2023-11-01,601718,2.8656118,2.87549322,2.83596754,2.84584896,21541982,62155903.34
2023-11-02,601718,2.85573038,2.8656118,2.82608612,2.83596754,18063300,52033817.0
2023-11-03,601718,2.83596754,2.85573038,2.83596754,2.83596754,18488800,53216907.0
2023-11-06,601718,2.84584896,2.8656118,2.83596754,2.8656118,22209100,64204387.0
2023-11-07,601718,2.85573038,2.8656118,2.84584896,2.85573038,20034200,57938903.0
2023-11-08,601718,2.85573038,2.8656118,2.83596754,2.83596754,21082031,60810735.28
2023-11-09,601718,2.84584896,2.85573038,2.82608612,2.82608612,19684781,56499735.66
2023-11-10,601718,2.8162047,2.82608612,2.78656044,2.8162047,20981881,59608097.04
2023-11-13,601718,2.8162047,2.83596754,2.8162047,2.83596754,17244738,49298214.3
2023-11-14,601718,2.84584896,2.85573038,2.82608612,2.83596754,19650931,56525834.28
2023-11-15,601718,2.85573038,2.85573038,2.83596754,2.84584896,18271267,52581969.96
2023-11-16,601718,2.84584896,2.85573038,2.8162047,2.82608612,22975300,66093157.0
2023-11-17,601718,2.82608612,2.84584896,2.80632328,2.83596754,19610332,56085830.52
2023-11-20,601718,2.83596754,2.85573038,2.82608612,2.84584896,23201500,66771742.0
2023-11-21,601718,2.84584896,2.8656118,2.84584896,2.84584896,24866900,71808015.0
2023-11-22,601718,2.84584896,2.85573038,2.82608612,2.83596754,18883207,54357982.77
2023-11-23,601718,2.83596754,2.85573038,2.82608612,2.84584896,21168410,60976303.8
2023-11-24,601718,2.84584896,2.85573038,2.82608612,2.84584896,20466415,58917360.2
2023-11-27,601718,2.85573038,2.89525606,2.84584896,2.88537464,43451610,126078495.9
2023-11-28,601718,2.88537464,2.88537464,2.85573038,2.8656118,24675500,71675600.0
2023-11-29,601718,2.8656118,2.87549322,2.82608612,2.83596754,24264901,69933505.87
2023-11-30,601718,2.83596754,2.84584896,2.8162047,2.82608612,19238038,55170653.68
2023-12-01,601718,2.82608612,2.8656118,2.82608612,2.85573038,23150934,66732319.93
2023-12-04,601718,2.8656118,2.88537464,2.85573038,2.87549322,26620033,77380856.7
2023-12-05,601718,2.87549322,2.87549322,2.84584896,2.85573038,22840409,66213096.1
2023-12-06,601718,2.84584896,2.88537464,2.82608612,2.87549322,27737600,80388292.0
2023-12-07,601718,2.87549322,2.93478174,2.85573038,2.92490032,60859125,178790358.56
2023-12-08,601718,2.9150189,2.95454458,2.89525606,2.92490032,76672108,227029500.61
2023-12-11,601718,2.9150189,2.92490032,2.87549322,2.9150189,37501442,110062378.96
2023-12-12,601718,2.9150189,2.93478174,2.90513748,2.92490032,22794001,67355943.95
2023-12-13,601718,2.92490032,2.94466316,2.90513748,2.9150189,34752737,102870086.29
2023-12-14,601718,2.92490032,2.93478174,2.90513748,2.90513748,25251382,74575650.08
2023-12-15,601718,2.90513748,2.95454458,2.89525606,2.92490032,39641732,117466381.96
2023-12-18,601718,2.92490032,2.92490032,2.87549322,2.87549322,29769414,87363647.8
2023-12-19,601718,2.88537464,2.89525606,2.84584896,2.8656118,24811400,72050063.0
2023-12-20,601718,2.8656118,2.8656118,2.79644186,2.8162047,26078451,74786974.62
2023-12-21,601718,2.80632328,2.82608612,2.75691618,2.8162047,33268563,94118711.42
2023-12-22,601718,2.8162047,2.82608612,2.77667902,2.79644186,27647300,78256393.0
2023-12-25,601718,2.78656044,2.79644186,2.7667976,2.78656044,18544800,52244628.0
2023-12-26,601718,2.78656044,2.80632328,2.7667976,2.7667976,17423900,49056434.99
2023-12-27,601718,2.78656044,2.79644186,2.73715334,2.77667902,21284501,59521456.8
2023-12-28,601718,2.77667902,2.8162047,2.7667976,2.79644186,23063713,65280413.79
2023-12-29,601718,2.79644186,2.82608612,2.79644186,2.80632328,15805599,44947418.16
2024-01-02,601718,2.80632328,2.9150189,2.80632328,2.8656118,51294735,148815213.98
2024-01-03,601718,2.8656118,2.89525606,2.84584896,2.87549322,26776800,77814941.34
2024-01-04,601718,2.8656118,2.87549322,2.84584896,2.8656118,18675602,54017234.76
2024-01-05,601718,2.8656118,2.87549322,2.8162047,2.82608612,22054419,63498314.15
2024-01-08,601718,2.83596754,2.83596754,2.77667902,2.77667902,22164353,62830389.93
2024-01-09,601718,2.77667902,2.80632328,2.7667976,2.78656044,23598700,66580750.0
2024-01-10,601718,2.77667902,2.80632328,2.75691618,2.78656044,19271962,54400272.84
2024-01-11,601718,2.77667902,2.8162047,2.77667902,2.79644186,15949910,45185639.3
2024-01-12,601718,2.79644186,2.82608612,2.78656044,2.78656044,18100320,51407207.4
2024-01-15,601718,2.78656044,2.79644186,2.7667976,2.78656044,13959301,39356668.82
2024-01-16,601718,2.77667902,2.79644186,2.7173905,2.75691618,33767651,94074807.81
2024-01-17,601718,2.73715334,2.75691618,2.69762766,2.69762766,25377536,70199114.82
2024-01-18,601718,2.68774624,2.68774624,2.57905062,2.64822056,42105102,112068247.36
2024-01-19,601718,2.64822056,2.73715334,2.64822056,2.67786482,28067581,76439272.29
2024-01-22,601718,2.67786482,2.68774624,2.5691692,2.57905062,29972701,79480254.69
2024-01-23,601718,2.57905062,2.59881346,2.50988068,2.58893204,23004000,59715777.73
2024-01-24,601718,2.58893204,2.67786482,2.55928778,2.6679834,33875059,89740872.22
2024-01-25,601718,2.64822056,2.78656044,2.64822056,2.77667902,49869791,137816377.13
2024-01-26,601718,2.77667902,2.83596754,2.7667976,2.82608612,52186975,148111713.85
2024-01-29,601718,2.8162047,2.82608612,2.75691618,2.7667976,34491100,97293118.0
2024-01-30,601718,2.7667976,2.80632328,2.72727192,2.74703476,33655100,94362608.0
2024-01-31,601718,2.74703476,2.7667976,2.65810198,2.6679834,33073090,90366481.09
2024-02-01,601718,2.64822056,2.68774624,2.59881346,2.62845772,29891300,80024477.24
2024-02-02,601718,2.63833914,2.6679834,2.50988068,2.59881346,37330833,98167618.69
2024-02-05,601718,2.57905062,2.62845772,2.40118506,2.60869488,61454519,156763706.01
2024-02-06,601718,2.53952494,2.73715334,2.5197621,2.67786482,43545126,116062847.83
2024-02-07,601718,2.67786482,2.77667902,2.65810198,2.7667976,57548405,159919682.48
2024-02-08,601718,2.7667976,2.83596754,2.75691618,2.77667902,58909486,166763025.77
2024-02-19,601718,2.78656044,2.80632328,2.73715334,2.7667976,42889306,120406124.04
2024-02-20,601718,2.75691618,2.7667976,2.72727192,2.75691618,27548854,76654755.58
2024-02-21,601718,2.74703476,2.8162047,2.73715334,2.77667902,42355991,119220355.98
2024-02-22,601718,2.7667976,2.78656044,2.74703476,2.77667902,29066329,81377906.78
2024-02-23,601718,2.77667902,2.78656044,2.74703476,2.77667902,27630557,77369708.17
2024-02-26,601718,2.77667902,2.80632328,2.7667976,2.78656044,34341319,96782939.58
2024-02-27,601718,2.77667902,2.80632328,2.7667976,2.80632328,27450096,77562637.68
2024-02-28,601718,2.80632328,2.85573038,2.7667976,2.7667976,47631900,135697057.0
2024-02-29,601718,2.75691618,2.8162047,2.73715334,2.8162047,34560913,97624399.47
2024-03-01,601718,2.8162047,2.83596754,2.78656044,2.80632328,27108493,77023734.05
2024-03-04,601718,2.8162047,2.8162047,2.75691618,2.78656044,25164900,70744682.0
2024-03-05,601718,2.77667902,2.78656044,2.74703476,2.75691618,21805300,60968719.0
2024-03-06,601718,2.75691618,2.78656044,2.74703476,2.7667976,17698048,49578476.44
2024-03-07,601718,2.7667976,2.79644186,2.74703476,2.75691618,24421660,68559430.49
2024-03-08,601718,2.75691618,2.7667976,2.73715334,2.75691618,17742700,49427093.0
2024-03-11,601718,2.7667976,2.77667902,2.74703476,2.77667902,20751720,58013109.97
2024-03-12,601718,2.77667902,2.79644186,2.7667976,2.78656044,24048700,67655375.0
2024-03-13,601718,2.78656044,2.78656044,2.75691618,2.7667976,19935301,55902254.81
2024-03-14,601718,2.7667976,2.77667902,2.74703476,2.75691618,21231001,59370633.8
2024-03-15,601718,2.75691618,2.78656044,2.74703476,2.77667902,23762385,66646424.85
2024-03-18,601718,2.78656044,2.82608612,2.77667902,2.80632328,34856101,98753354.33
2024-03-19,601718,2.79644186,2.8162047,2.78656044,2.78656044,20180200,57136387.0
2024-03-20,601718,2.78656044,2.80632328,2.7667976,2.79644186,20549225,58006550.06
2024-03-21,601718,2.79644186,2.80632328,2.77667902,2.78656044,16721101,47209932.82
2024-03-22,601718,2.78656044,2.78656044,2.73715334,2.74703476,26450008,73772162.24
2024-03-25,601718,2.75691618,2.9150189,2.74703476,2.79644186,79692136,228315538.01
2024-03-26,601718,2.79644186,2.83596754,2.77667902,2.8162047,40687659,115512253.97
2024-03-27,601718,2.8162047,2.8162047,2.75691618,2.75691618,32254079,90945099.69
2024-03-28,601718,2.75691618,2.79644186,2.75691618,2.7667976,27157845,76147145.0
2024-03-29,601718,2.7667976,2.8162047,2.7667976,2.8162047,35625818,100954008.94
2024-04-01,601718,2.80632328,2.8656118,2.80632328,2.84584896,37667900,108184270.0
2024-04-02,601718,2.84584896,2.85573038,2.8162047,2.83596754,33727282,96891311.72
2024-04-03,601718,2.83596754,2.8656118,2.82608612,2.85573038,32874362,94696447.94
2024-04-08,601718,2.85573038,2.9150189,2.84584896,2.85573038,48753940,141923819.6
2024-04-09,601718,2.8656118,2.88537464,2.83596754,2.88537464,29539891,85591450.56
2024-04-10,601718,2.88537464,2.89525606,2.82608612,2.83596754,34300443,99094289.34
2024-04-11,601718,2.83596754,2.89525606,2.82608612,2.8656118,35729766,103978196.74
2024-04-12,601718,2.85573038,2.88537464,2.84584896,2.8656118,26647201,77282833.89
2024-04-15,601718,2.8656118,2.92490032,2.82608612,2.90513748,62982490,183953307.81
2024-04-16,601718,2.89525606,2.90513748,2.8162047,2.8162047,58384700,168841213.0
2024-04-17,601718,2.82608612,2.88537464,2.82608612,2.88537464,43149000,124786020.0
2024-04-18,601718,2.88537464,2.9150189,2.8656118,2.88537464,35281537,103243765.67
2024-04-19,601718,2.87549322,2.94466316,2.8656118,2.93478174,62710624,185199666.01
2024-04-22,601718,2.9150189,2.95454458,2.87549322,2.87549322,53366419,157100491.24
2024-04-23,601718,2.87549322,2.89525606,2.83596754,2.84584896,33333300,96386179.0
2024-04-24,601718,2.84584896,2.8656118,2.82608612,2.85573038,20653501,59501457.88
2024-04-25,601718,2.84584896,2.8656118,2.82608612,2.83596754,25136223,72351338.24
2024-04-26,601718,2.82608612,2.87549322,2.8162047,2.8656118,42057701,121109048.89
2024-04-29,601718,2.83596754,2.84584896,2.75691618,2.78656044,100512634,282910602.22
2024-04-30,601718,2.77667902,2.79644186,2.73715334,2.74703476,56409308,157865272.09
2024-05-06,601718,2.7667976,2.78656044,2.7667976,2.7667976,34432750,96639377.0
2024-05-07,601718,2.77667902,2.78656044,2.75691618,2.77667902,30534307,85682901.6
2024-05-08,601718,2.77667902,2.78656044,2.74703476,2.75691618,25508613,71239816.27
2024-05-09,601718,2.74703476,2.78656044,2.74703476,2.77667902,25766538,72287968.71
2024-05-10,601718,2.78656044,2.78656044,2.75691618,2.7667976,19502327,54592052.78
2024-05-13,601718,2.75691618,2.7667976,2.72727192,2.74703476,28307850,78733140.0
2024-05-14,601718,2.75691618,2.7667976,2.74703476,2.75691618,17224908,48074153.24
2024-05-15,601718,2.75691618,2.77667902,2.73715334,2.74703476,27480500,76749389.0
2024-05-16,601718,2.75691618,2.7667976,2.7173905,2.7173905,35687310,99001392.8
2024-05-17,601718,2.72727192,2.73715334,2.69762766,2.73715334,32774787,90165423.15
2024-05-20,601718,2.73715334,2.75691618,2.72727192,2.73715334,26034092,72277407.92
2024-05-21,601718,2.73715334,2.74703476,2.70750908,2.70750908,20649083,56936026.42
2024-05-22,601718,2.7173905,2.72727192,2.70750908,2.7173905,17346048,47716964.0
2024-05-23,601718,2.7173905,2.72727192,2.6679834,2.6679834,37152503,101411294.22
2024-05-24,601718,2.65810198,2.68774624,2.64822056,2.64822056,19040779,51344180.5
2024-05-27,601718,2.65810198,2.6679834,2.63833914,2.6679834,17565400,47164406.0
2024-05-28,601718,2.65810198,2.6679834,2.62845772,2.63833914,21200615,56803943.9
2024-05-29,601718,2.63833914,2.64822056,2.59881346,2.60869488,20948966,55584678.22
2024-05-30,601718,2.60869488,2.63833914,2.59881346,2.60869488,16486500,43708706.0
2024-05-31,601718,2.6185763,2.6679834,2.60869488,2.65810198,19896901,53277316.66
2024-06-03,601718,2.65810198,2.65810198,2.58893204,2.59881346,25748706,68260868.78
2024-06-04,601718,2.59881346,2.62845772,2.57905062,2.62845772,20285700,53528353.0
2024-06-05,601718,2.6185763,2.65810198,2.60869488,2.6185763,16027900,42728255.0
2024-06-06,601718,2.6185763,2.62845772,2.52964352,2.54940636,37009400,96031351.0
2024-06-07,601718,2.55928778,2.59881346,2.54940636,2.58893204,25783700,67101722.0
2024-06-11,601718,2.58893204,2.58893204,2.53952494,2.55928778,22260800,57648472.0
2024-06-12,601718,2.55928778,2.5691692,2.53952494,2.55928778,14243109,36886445.31
2024-06-13,601718,2.55928778,2.5691692,2.5197621,2.52964352,18061400,46379711.0
2024-06-14,601718,2.52964352,2.53952494,2.49999926,2.53952494,14856200,37972944.0
2024-06-17,601718,2.52964352,2.55928778,2.5197621,2.53952494,15374059,39537552.04
2024-06-18,601718,2.5691692,2.57905062,2.53952494,2.5691692,17831976,46318001.84
2024-06-19,601718,2.5691692,2.57905062,2.54940636,2.54940636,13136209,34052487.41
2024-06-20,601718,2.55928778,2.5691692,2.50988068,2.5197621,16479900,42170132.2
2024-06-21,601718,2.5197621,2.53952494,2.49999926,2.50988068,16881377,43052426.8
2024-06-24,601718,2.49999926,2.50988068,2.44071074,2.45059216,20068122,50034855.56
2024-06-25,601718,2.45059216,2.48023642,2.41106648,2.43082932,32934238,81630081.23
2024-06-26,601718,2.43082932,2.49011784,2.41106648,2.49011784,20639491,51218246.99
2024-06-27,601718,2.49011784,2.49011784,2.43082932,2.44071074,19916744,49482437.68
2024-06-28,601718,2.44071074,2.48023642,2.43082932,2.45059216,22222311,55320794.67
2024-07-01,601718,2.45059216,2.49011784,2.43082932,2.48023642,26258306,65364756.0
2024-07-02,601718,2.470355,2.49011784,2.46047358,2.49011784,19314958,48417910.53
2024-07-03,601718,2.48023642,2.50988068,2.48023642,2.49011784,20120222,50821657.88
2024-07-04,601718,2.49011784,2.49999926,2.4209479,2.43082932,22520300,55853053.0
2024-07-05,601718,2.43082932,2.46047358,2.4209479,2.46047358,12546800,31041211.0
2024-07-08,601718,2.46047358,2.46047358,2.40118506,2.41106648,18456900,45202653.0
2024-07-09,601718,2.41106648,2.4209479,2.35177796,2.38142222,36854900,88939818.0
2024-07-10,601718,2.36165938,2.3715408,2.28260802,2.29248944,45647367,107078978.44
2024-07-11,601718,2.31225228,2.39130364,2.31225228,2.3715408,42777867,101731733.12
2024-07-12,601718,2.3715408,2.40118506,2.36165938,2.3715408,19576800,47058406.0
2024-07-15,601718,2.38142222,2.39130364,2.34189654,2.36165938,18150400,43355805.0
2024-07-16,601718,2.35177796,2.36165938,2.3221337,2.33201512,19722126,46682987.36
2024-07-17,601718,2.3221337,2.35177796,2.31225228,2.34189654,19090800,45112827.0
2024-07-18,601718,2.36165938,2.36165938,2.30237086,2.34189654,23544363,55636185.28
2024-07-19,601718,2.34189654,2.36165938,2.3221337,2.35177796,19997300,47432550.0
2024-07-22,601718,2.35177796,2.3715408,2.33201512,2.36165938,16420101,39114299.38
2024-07-23,601718,2.36165938,2.39130364,2.33201512,2.34189654,28212270,67452201.0
2024-07-24,601718,2.33201512,2.35177796,2.30237086,2.3221337,21488584,50565533.24
2024-07-25,601718,2.3221337,2.35177796,2.31225228,2.34189654,17056600,40283314.0
2024-07-26,601718,2.34189654,2.38142222,2.34189654,2.38142222,19263101,46145158.39
2024-07-29,601718,2.38142222,2.41106648,2.3715408,2.40118506,14590000,35375711.0
2024-07-30,601718,2.39130364,2.43082932,2.38142222,2.4209479,25916188,63141303.24
2024-07-31,601718,2.41106648,2.49011784,2.41106648,2.48023642,31628610,78919412.1
2024-08-01,601718,2.49011784,2.49999926,2.470355,2.48023642,20457310,51461019.2
2024-08-02,601718,2.470355,2.49999926,2.46047358,2.470355,20918500,52557444.0
2024-08-05,601718,2.470355,2.53952494,2.46047358,2.46047358,33531256,84737283.24
2024-08-06,601718,2.48023642,2.49999926,2.46047358,2.49011784,23290000,58507512.0
2024-08-07,601718,2.49011784,2.49999926,2.48023642,2.48023642,15570336,39241949.36
2024-08-08,601718,2.48023642,2.50988068,2.470355,2.49999926,16664210,42036761.1
2024-08-09,601718,2.52,2.53,2.49,2.5,14073500,35359910.0
2024-08-12,601718,2.49,2.5,2.47,2.48,16551600,41161633.0
2024-08-13,601718,2.48,2.52,2.46,2.51,21283700,52985430.0
2024-08-14,601718,2.5,2.52,2.49,2.49,16378400,41006341.9
2024-08-15,601718,2.49,2.53,2.47,2.5,25435650,63563480.5
2024-08-16,601718,2.5,2.51,2.47,2.47,17063700,42504302.0
2024-08-19,601718,2.48,2.5,2.46,2.47,14759400,36576329.0
2024-08-20,601718,2.47,2.48,2.41,2.43,21466769,52290778.67
2024-08-21,601718,2.43,2.43,2.4,2.41,11732000,28318466.0
2024-08-22,601718,2.41,2.48,2.39,2.43,29750038,72555338.46
2024-08-23,601718,2.4,2.4,2.33,2.39,27885900,66401021.81
2024-08-26,601718,2.39,2.42,2.37,2.41,13640200,32760284.0
2024-08-27,601718,2.4,2.42,2.38,2.4,12314598,29552158.22
2024-08-28,601718,2.4,2.44,2.39,2.42,15985900,38649220.0
2024-08-29,601718,2.42,2.44,2.41,2.43,13257500,32120213.0
2024-08-30,601718,2.42,2.47,2.42,2.44,20211500,49521368.0
2024-09-02,601718,2.43,2.44,2.38,2.38,17030300,41054316.0
2024-09-03,601718,2.39,2.41,2.37,2.38,14936200,35632896.0
2024-09-04,601718,2.38,2.4,2.36,2.36,12746600,30284639.0
2024-09-05,601718,2.36,2.38,2.35,2.37,11649100,27565086.0
2024-09-06,601718,2.37,2.38,2.33,2.34,19231500,45175523.0
2024-09-09,601718,2.34,2.36,2.32,2.33,14910895,34858916.35
2024-09-10,601718,2.34,2.39,2.3,2.34,28106394,65668667.74
2024-09-11,601718,2.33,2.35,2.31,2.32,15969200,37177087.0
2024-09-12,601718,2.32,2.36,2.32,2.34,16931410,39713809.4
2024-09-13,601718,2.35,2.38,2.34,2.36,20775450,49118992.0
2024-09-18,601718,2.35,2.37,2.32,2.34,16399800,38338039.0
2024-09-19,601718,2.35,2.4,2.34,2.39,23727200,56325563.67
2024-09-20,601718,2.39,2.39,2.36,2.38,16413635,39005430.21
2024-09-23,601718,2.38,2.39,2.37,2.39,10056683,23968781.54
2024-09-24,601718,2.39,2.47,2.39,2.46,39014316,95023048.71
2024-09-25,601718,2.48,2.59,2.48,2.53,54527576,138942489.44
2024-09-26,601718,2.54,2.65,2.53,2.65,57903453,149951772.21
2024-09-27,601718,2.67,2.73,2.65,2.71,47300100,127222525.1
2024-09-30,601718,2.79,2.91,2.74,2.88,157633401,447600099.72
2024-10-08,601718,3.16,3.17,2.91,3.04,198273963,603116909.19
2024-10-09,601718,3.01,3.01,2.81,2.81,117228781,339186380.01
2024-10-10,601718,2.83,2.92,2.77,2.86,84221772,240664111.42
2024-10-11,601718,2.87,2.87,2.75,2.77,60890734,170850221.54
2024-10-14,601718,2.79,2.82,2.76,2.8,51909509,144804105.2
2024-10-15,601718,2.79,2.82,2.75,2.77,50992600,142244664.0
2024-10-16,601718,2.76,2.82,2.74,2.79,45920560,128098026.4
2024-10-17,601718,2.79,2.81,2.72,2.72,48841393,134811771.28
2024-10-18,601718,2.72,2.82,2.7,2.79,69752646,192350802.79
2024-10-21,601718,2.8,2.81,2.76,2.78,48034815,133652605.69
2024-10-22,601718,2.77,2.8,2.75,2.8,44548718,123851416.88
2024-10-23,601718,2.79,2.85,2.78,2.82,56616022,159747900.26
2024-10-24,601718,2.81,2.83,2.79,2.82,38130996,107056963.76
2024-10-25,601718,2.82,2.89,2.81,2.88,55747600,159714984.0
2024-10-28,601718,2.84,2.92,2.82,2.92,72699775,209480887.26
2024-10-29,601718,2.93,2.94,2.83,2.84,68918400,197978842.95
2024-10-30,601718,2.84,3.05,2.83,2.94,121908608,358385771.89
2024-10-31,601718,2.95,3.03,2.93,2.98,89537500,267827032.0
2024-11-01,601718,2.97,3.0,2.9,2.93,66267400,194889674.0
2024-11-04,601718,2.92,2.93,2.88,2.93,41710400,121291157.0
2024-11-05,601718,2.92,3.03,2.91,3.03,85350731,255523525.01
2024-11-06,601718,3.04,3.19,3.04,3.1,127108099,395953994.0
2024-11-07,601718,3.08,3.16,3.06,3.15,81536535,254701313.07
2024-11-08,601718,3.17,3.19,3.08,3.12,81688928,255426657.62
2024-11-11,601718,3.13,3.33,3.13,3.2,112787029,361489735.1
2024-11-12,601718,3.2,3.22,3.07,3.09,102917585,321898055.83
2024-11-13,601718,3.08,3.12,3.02,3.06,66460780,203400031.8
2024-11-14,601718,3.05,3.06,2.96,2.96,55689500,166767023.0
2024-11-15,601718,2.95,3.0,2.9,2.9,58185900,171922723.99
2024-11-18,601718,2.94,3.06,2.94,2.98,97693594,293767134.01
2024-11-19,601718,2.97,3.01,2.92,2.99,61008301,180807239.67
2024-11-20,601718,2.99,3.04,2.97,3.01,56870781,170877461.61
2024-11-21,601718,3.0,3.02,2.96,2.99,42215836,126222803.64
2024-11-22,601718,3.02,3.12,2.94,2.95,85280229,258138082.28
2024-11-25,601718,2.94,2.98,2.89,2.94,58579704,171549475.68
2024-11-26,601718,2.95,2.98,2.93,2.94,41331932,122167844.43
2024-11-27,601718,2.94,3.0,2.88,2.98,54430801,159337967.93
2024-11-28,601718,2.98,3.03,2.98,3.0,55476444,166927618.19
2024-11-29,601718,3.01,3.04,2.98,3.03,50568283,152400283.78
2024-12-02,601718,3.03,3.11,3.03,3.1,64842700,199879398.0
2024-12-03,601718,3.1,3.11,3.05,3.09,50417464,155030989.48
2024-12-04,601718,3.08,3.1,3.01,3.03,53348311,162984405.73
2024-12-05,601718,3.03,3.06,3.02,3.06,38653201,117641668.04
2024-12-06,601718,3.06,3.17,3.05,3.17,96168488,300518651.23
2024-12-09,601718,3.3,3.43,3.16,3.18,163439313,535188652.54
2024-12-10,601718,3.26,3.28,3.14,3.15,109679389,350944616.41
2024-12-11,601718,3.17,3.27,3.15,3.23,100683500,325444902.0
2024-12-12,601718,3.23,3.28,3.19,3.25,82730306,267669889.41
2024-12-13,601718,3.23,3.27,3.16,3.17,91569000,293270732.0
2024-12-16,601718,3.17,3.21,3.15,3.17,64517896,204654059.6
2024-12-17,601718,3.18,3.19,3.05,3.07,73645469,227383121.48
2024-12-18,601718,3.13,3.17,3.08,3.09,55363300,172463998.0
2024-12-19,601718,3.05,3.08,3.03,3.07,45957500,140521751.0
2024-12-20,601718,3.07,3.1,3.03,3.05,50381000,154147947.0
2024-12-23,601718,3.05,3.06,2.95,2.97,56074288,167885098.48
2024-12-24,601718,2.97,2.99,2.95,2.97,41631003,123604635.92
2024-12-25,601718,2.98,2.99,2.89,2.91,60628799,177058294.11
2024-12-26,601718,2.91,2.94,2.88,2.88,40918700,118851059.0
2024-12-27,601718,2.89,2.95,2.88,2.93,45319478,132479727.54
2024-12-30,601718,2.93,2.94,2.88,2.9,42220600,122265475.0
2024-12-31,601718,2.9,2.93,2.84,2.84,47746700,137341412.0
2025-01-02,601718,2.85,2.87,2.75,2.77,50932383,143572578.27
2025-01-03,601718,2.77,2.79,2.69,2.7,54867796,150230336.06
2025-01-06,601718,2.7,2.74,2.66,2.71,41958793,113350183.17
2025-01-07,601718,2.71,2.72,2.66,2.71,48024370,129316841.3
2025-01-08,601718,2.7,2.71,2.63,2.69,49905470,133331752.5
2025-01-09,601718,2.68,2.69,2.66,2.67,32935110,88160108.6
2025-01-10,601718,2.68,2.69,2.63,2.63,35096701,93344277.65
2025-01-13,601718,2.63,2.66,2.6,2.64,33179501,87393866.63
2025-01-14,601718,2.65,2.74,2.64,2.73,48032901,129486295.68
2025-01-15,601718,2.73,2.74,2.68,2.71,32675100,88375990.0
2025-01-16,601718,2.72,2.78,2.71,2.75,45786510,125971869.3
2025-01-17,601718,2.75,2.76,2.72,2.73,26886308,73663769.92
2025-01-20,601718,2.74,2.77,2.72,2.74,29869500,82066628.0
2025-01-21,601718,2.75,2.76,2.7,2.71,28210300,76841687.0
2025-01-22,601718,2.71,2.98,2.65,2.86,149473450,423681992.61
2025-01-23,601718,2.8,2.89,2.78,2.81,107935463,305516100.94
2025-01-24,601718,2.83,2.85,2.79,2.83,47291500,133551346.0
2025-01-27,601718,2.56,2.65,2.55,2.55,129719161,334640600.68
2025-02-05,601718,2.53,2.62,2.52,2.59,64099393,165754875.87
2025-02-06,601718,2.58,2.6,2.53,2.59,47063920,120976467.99
2025-02-07,601718,2.59,2.69,2.58,2.66,68929200,182363696.0
2025-02-10,601718,2.66,2.71,2.66,2.67,49758829,133344556.52
2025-02-11,601718,2.71,2.73,2.66,2.71,48104240,129574570.79
2025-02-12,601718,2.71,2.74,2.67,2.7,36331300,97993445.0
2025-02-13,601718,2.69,2.72,2.68,2.69,37286062,100607347.78
2025-02-14,601718,2.7,2.71,2.65,2.67,33187128,88796711.17
2025-02-17,601718,2.69,2.72,2.67,2.7,35520388,95653142.1
2025-02-18,601718,2.7,2.7,2.63,2.63,38370800,102065916.0
2025-02-19,601718,2.64,2.65,2.62,2.64,29223109,77075229.57
2025-02-20,601718,2.64,2.65,2.61,2.63,29762640,78264683.8
2025-02-21,601718,2.63,2.64,2.58,2.6,41569578,108144684.56
2025-02-24,601718,2.6,2.64,2.58,2.62,41847800,109620470.0
2025-02-25,601718,2.6,2.65,2.59,2.62,34900800,91632479.0
2025-02-26,601718,2.62,2.71,2.62,2.7,55682660,148985035.76
2025-02-27,601718,2.71,2.74,2.66,2.7,33911901,91296082.67
2025-02-28,601718,2.7,2.7,2.65,2.66,33999300,90866467.55
2025-03-03,601718,2.66,2.69,2.63,2.63,31088300,82657848.9
2025-03-04,601718,2.63,2.73,2.62,2.67,49143773,131156001.84
2025-03-05,601718,2.67,2.67,2.6,2.63,42047900,110481011.0
2025-03-06,601718,2.63,2.66,2.61,2.65,32641488,86228846.8
2025-03-07,601718,2.64,2.68,2.63,2.64,27886400,73992355.0
2025-03-10,601718,2.65,2.67,2.63,2.66,29350200,77958406.0
2025-03-11,601718,2.65,2.68,2.63,2.68,30646272,81488291.52
2025-03-12,601718,2.68,2.7,2.66,2.66,30875308,82527772.36
2025-03-13,601718,2.67,2.68,2.63,2.65,31995151,84651052.64
2025-03-14,601718,2.66,2.7,2.64,2.7,50460400,135254267.0
2025-03-17,601718,2.71,2.79,2.71,2.73,62207999,170861153.27
2025-03-18,601718,2.74,2.75,2.71,2.72,34366300,93551327.0
2025-03-19,601718,2.71,2.75,2.7,2.72,35214610,95804203.1
2025-03-20,601718,2.72,2.78,2.71,2.75,49875000,137204383.0
2025-03-21,601718,2.74,2.81,2.74,2.75,59090600,163927721.0
2025-03-24,601718,2.75,2.77,2.68,2.71,54575501,147714352.68
2025-03-25,601718,2.71,2.76,2.69,2.75,40398421,110380949.5
2025-03-26,601718,2.74,2.78,2.73,2.75,31757219,87541131.25
2025-03-27,601718,2.76,2.78,2.71,2.73,33540001,91970862.74
2025-03-28,601718,2.74,2.74,2.68,2.69,32074701,86711485.7
2025-03-31,601718,2.69,2.7,2.62,2.64,37817400,100537936.0
2025-04-01,601718,2.65,2.67,2.64,2.66,25839901,68654046.65
2025-04-02,601718,2.66,2.67,2.64,2.65,20482573,54344878.45
2025-04-03,601718,2.64,2.68,2.63,2.67,33021046,87875026.91
2025-04-07,601718,2.59,2.6,2.4,2.41,80466535,198524837.06
2025-04-08,601718,2.42,2.48,2.42,2.48,54476252,133931005.82
2025-04-09,601718,2.45,2.56,2.39,2.55,56323169,139704568.68
2025-04-10,601718,2.57,2.59,2.53,2.54,49871702,127620553.09
2025-04-11,601718,2.53,2.56,2.52,2.54,26197369,66563381.58
2025-04-14,601718,2.55,2.57,2.54,2.56,29521171,75369420.38
2025-04-15,601718,2.56,2.56,2.53,2.53,19108568,48481973.72
2025-04-16,601718,2.53,2.54,2.48,2.52,29348200,73551663.0
2025-04-17,601718,2.51,2.54,2.5,2.52,16725600,42265911.0
2025-04-18,601718,2.52,2.53,2.5,2.52,18300010,45947164.01
2025-04-21,601718,2.52,2.54,2.5,2.52,20357600,51347902.0
2025-04-22,601718,2.52,2.54,2.51,2.53,26175166,66101483.98
2025-04-23,601718,2.53,2.54,2.51,2.51,21682901,54723918.52
2025-04-24,601718,2.52,2.53,2.5,2.5,23672589,59474474.28
2025-04-25,601718,2.51,2.55,2.5,2.52,28685200,72492118.0
2025-04-28,601718,2.52,2.59,2.49,2.58,49718147,126194740.88
2025-04-29,601718,2.56,2.67,2.55,2.62,55551401,145418274.56
2025-04-30,601718,2.63,2.64,2.57,2.58,36760002,95393615.2
2025-05-06,601718,2.58,2.64,2.58,2.62,26889540,70261913.4
2025-05-07,601718,2.63,2.77,2.62,2.71,90786542,244688685.81
2025-05-08,601718,2.71,2.74,2.68,2.69,47325572,128088276.4
2025-05-09,601718,2.7,2.79,2.7,2.71,52541723,143928636.25
2025-05-12,601718,2.73,2.76,2.71,2.74,48129100,131835616.0
2025-05-13,601718,2.76,2.77,2.7,2.72,37439272,102051549.84
2025-05-14,601718,2.73,2.74,2.69,2.73,33850689,91864382.36
2025-05-15,601718,2.72,2.75,2.71,2.72,29437045,80419983.84
2025-05-16,601718,2.73,2.75,2.7,2.73,29006973,79139218.29
2025-05-19,601718,2.74,2.77,2.72,2.76,36400891,100133958.52
2025-05-20,601718,2.77,2.77,2.72,2.75,36940000,101149563.0
2025-05-21,601718,2.75,2.76,2.72,2.73,22428800,61314053.0
2025-05-22,601718,2.73,2.74,2.69,2.7,28995600,78667769.0
2025-05-23,601718,2.7,2.72,2.67,2.68,29427800,79294340.0
2025-05-26,601718,2.67,2.71,2.67,2.69,24042300,64666761.0
2025-05-27,601718,2.7,2.73,2.67,2.73,28460800,76841457.0
2025-05-28,601718,2.73,2.74,2.69,2.71,25260400,68439574.0
2025-05-29,601718,2.71,2.75,2.69,2.74,36348133,99472174.09
2025-05-30,601718,2.74,2.74,2.71,2.72,25748900,70039235.0
2025-06-03,601718,2.72,2.75,2.71,2.73,23969725,65321755.25
2025-06-04,601718,2.73,2.82,2.72,2.8,73931530,204872841.4
2025-06-05,601718,2.78,2.82,2.74,2.76,50219546,139112007.5
2025-06-06,601718,2.76,2.79,2.74,2.76,32008200,88425560.0
2025-06-09,601718,2.76,2.77,2.74,2.76,23810530,65556069.8
2025-06-10,601718,2.76,2.77,2.69,2.72,39810200,108413733.0
2025-06-11,601718,2.72,2.74,2.71,2.72,24324786,66276621.06
2025-06-12,601718,2.72,2.72,2.69,2.71,25750700,69552023.0
2025-06-13,601718,2.71,2.98,2.71,2.98,224628415,650250822.32
2025-06-16,601718,2.93,2.95,2.85,2.86,234867113,677292783.36
2025-06-17,601718,2.87,3.15,2.87,3.15,368413713,1122540762.51
2025-06-18,601718,3.17,3.47,3.11,3.24,464274036,1511952044.45
2025-06-19,601718,3.18,3.23,3.03,3.11,292510239,910136861.03
2025-06-20,601718,3.05,3.07,2.96,2.98,188962122,565190274.66
2025-06-23,601718,3.0,3.19,2.98,3.12,231077310,711519263.41
2025-06-24,601718,2.97,3.09,2.93,3.04,225324811,678247356.71
2025-06-25,601718,3.04,3.27,3.04,3.19,259891310,822114824.91
2025-06-26,601718,3.19,3.34,3.17,3.24,257306826,836519955.81
2025-06-27,601718,3.25,3.56,3.2,3.56,326686590,1112945469.41
2025-06-30,601718,3.92,3.92,3.92,3.92,35693359,139917967.28
2025-07-01,601718,4.31,4.31,4.31,4.31,24022262,103535949.22
2025-07-02,601718,4.5,4.73,4.1,4.13,854527382,3770290549.45
2025-07-03,601718,3.9,4.12,3.75,3.82,518372197,2018178867.1
2025-07-04,601718,3.8,4.2,3.8,4.11,607792512,2501148549.31
2025-07-07,601718,3.98,4.18,3.88,4.01,410514743,1654876333.52
2025-07-08,601718,3.99,4.04,3.94,3.96,266888251,1062030658.49
2025-07-09,601718,3.97,4.14,3.92,3.94,308808296,1241448470.98
2025-07-10,601718,3.91,4.33,3.81,4.33,547831652,2267563934.58
2025-07-11,601718,4.12,4.27,4.02,4.04,464275676,1909290640.05
2025-07-14,601718,4.03,4.08,3.96,3.96,228294214,914437000.87
2025-07-15,601718,3.91,3.96,3.82,3.84,184545708,714375459.93
2025-07-16,601718,3.86,3.88,3.82,3.83,138072781,530834242.04
2025-07-17,601718,3.82,3.94,3.8,3.89,171265988,663686276.52
2025-07-18,601718,3.91,4.03,3.89,3.96,191259010,755686974.69
2025-07-21,601718,3.93,4.1,3.9,4.05,211683283,853332234.32
2025-07-22,601718,3.99,4.08,3.92,3.95,209691806,834662852.71
2025-07-23,601718,3.92,4.04,3.83,3.85,188348384,737677646.51
2025-07-24,601718,3.83,4.03,3.83,4.01,199124585,782649001.04
2025-07-25,601718,3.95,4.04,3.93,3.97,123406330,490487256.52
2025-07-28,601718,3.97,4.07,3.94,4.01,163284794,656181113.01
2025-07-29,601718,4.01,4.05,3.95,4.03,145410969,582530617.87
2025-07-30,601718,4.0,4.19,4.0,4.15,273402682,1116614970.86
2025-07-31,601718,4.12,4.16,4.0,4.05,205135306,835691242.55
2025-08-01,601718,4.04,4.46,3.96,4.22,450028652,1929787008.12
2025-08-04,601718,4.19,4.64,4.19,4.55,493764739,2203765632.06
2025-08-05,601718,4.46,4.56,4.31,4.33,382000265,1682115497.27
2025-08-06,601718,4.28,4.45,4.28,4.36,239184412,1044685843.77
2025-08-07,601718,4.32,4.8,4.22,4.8,424053295,1949868980.58
2025-08-08,601718,5.0,5.28,4.95,5.28,542811524,2845223547.92
2025-08-11,601718,4.75,4.75,4.75,4.75,42240000,200640000.0
2025-08-12,601718,4.32,4.95,4.32,4.4,892159762,3963826506.22
2025-08-13,601718,4.2,4.25,4.02,4.09,628921331,2595196589.67
2025-08-14,601718,4.05,4.1,3.88,3.88,402603695,1600381641.7
2025-08-15,601718,3.85,3.95,3.84,3.92,220319507,861761033.86
2025-08-18,601718,3.9,4.03,3.89,3.98,271353276,1080240480.4
2025-08-19,601718,3.98,4.02,3.9,3.91,218027924,860908994.03
2025-08-20,601718,3.89,3.92,3.83,3.9,188924658,731823676.53
2025-08-21,601718,3.88,3.93,3.85,3.88,137006626,532141484.55
2025-08-22,601718,3.89,4.02,3.85,3.99,254253170,1000690803.22
2025-08-25,601718,4.0,4.02,3.92,3.96,211325322,837501537.8
2025-08-26,601718,3.96,3.98,3.92,3.97,145814283,574852294.81
2025-08-27,601718,3.99,4.0,3.92,3.92,173400168,687337617.73
2025-08-28,601718,3.89,3.95,3.83,3.94,144877293,564252492.72
2025-08-29,601718,3.92,3.95,3.89,3.93,91361451,357613292.81
2025-09-01,601718,3.93,3.94,3.88,3.91,96227560,376115803.87
2025-09-02,601718,3.9,3.9,3.78,3.84,125600847,481050948.6
2025-09-03,601718,3.84,3.86,3.57,3.62,166339201,614844300.11
2025-09-04,601718,3.58,3.7,3.56,3.62,103544970,375911878.38
2025-09-05,601718,3.62,3.62,3.46,3.56,121502168,428167106.04
2025-09-08,601718,3.53,3.58,3.47,3.49,126981791,445323558.4
2025-09-09,601718,3.49,3.49,3.38,3.39,119986405,410868499.68
2025-09-10,601718,3.39,3.5,3.37,3.48,148484219,510733556.89
2025-09-11,601718,3.5,3.61,3.44,3.55,130520955,461563800.9
2025-09-12,601718,3.55,3.61,3.53,3.6,110787144,395970201.52
2025-09-15,601718,3.6,3.71,3.54,3.71,150108231,544985395.25
2025-09-16,601718,3.68,3.97,3.67,3.93,212255082,812811112.14
2025-09-17,601718,3.93,4.01,3.86,3.88,173409924,682076185.62
2025-09-18,601718,3.86,3.97,3.74,3.85,152441890,587754894.39
2025-09-19,601718,3.84,3.89,3.72,3.72,100247118,379653981.63
2025-09-22,601718,3.7,3.74,3.63,3.66,82827834,303626274.98
2025-09-23,601718,3.65,3.65,3.5,3.58,100470825,356683131.38
2025-09-24,601718,3.56,3.62,3.55,3.61,58093734,208785499.4
2025-09-25,601718,3.6,3.61,3.52,3.53,64169400,228332948.0
2025-09-26,601718,3.53,3.58,3.52,3.53,53854200,191089653.0
2025-09-29,601718,3.52,3.54,3.46,3.52,51560911,180826540.49
2025-09-30,601718,3.52,3.56,3.51,3.53,55268080,195313918.73
2025-10-09,601718,3.54,3.58,3.52,3.55,57648104,204881756.2
2025-10-10,601718,3.55,3.66,3.52,3.58,74200401,267315062.64
2025-10-13,601718,3.4,3.57,3.4,3.56,61152200,214451674.0
2025-10-14,601718,3.57,3.64,3.56,3.6,76343471,274657771.07
2025-10-15,601718,3.59,3.62,3.55,3.61,53777135,192802721.67
2025-10-16,601718,3.6,3.6,3.51,3.51,52554300,186201642.0
2025-10-17,601718,3.52,3.86,3.52,3.86,211812894,803067014.73
2025-10-20,601718,3.81,3.85,3.72,3.75,201012733,757594544.1
2025-10-21,601718,3.77,3.78,3.73,3.75,96542441,361734733.58
2025-10-22,601718,3.75,3.93,3.73,3.86,181789734,698714411.75
2025-10-23,601718,3.81,3.83,3.68,3.75,104584677,389936745.46
2025-10-24,601718,3.73,3.78,3.7,3.7,60622310,225781773.35
2025-10-27,601718,3.71,3.73,3.68,3.7,51447675,190513243.91
2025-10-28,601718,3.69,3.74,3.67,3.69,61682383,228304595.27
2025-10-29,601718,3.64,3.66,3.56,3.63,87190903,314389117.46
2025-10-30,601718,3.62,3.64,3.56,3.58,62477300,223877422.0
2025-10-31,601718,3.59,3.62,3.58,3.61,45277289,163072780.56
2025-11-03,601718,3.62,3.65,3.58,3.64,48256460,174468429.4
2025-11-04,601718,3.64,3.65,3.58,3.62,42314700,152922749.0
2025-11-05,601718,3.59,3.65,3.58,3.63,48967012,177588613.53
2025-11-06,601718,3.64,3.65,3.6,3.62,38508044,139088197.67
2025-11-07,601718,3.61,3.77,3.59,3.68,94431422,348867012.6
2025-11-10,601718,3.66,3.75,3.64,3.74,70959533,263533839.19
2025-11-11,601718,3.74,3.76,3.7,3.73,48164940,179362966.28
2025-11-12,601718,3.72,3.84,3.68,3.77,98408043,370562877.39
2025-11-13,601718,3.78,3.79,3.73,3.76,58798834,220407126.16
2025-11-14,601718,3.75,3.82,3.73,3.76,67791700,255179799.0
2025-11-17,601718,3.8,3.85,3.76,3.77,71351914,271075867.27
2025-11-18,601718,3.75,3.76,3.63,3.7,68244221,251289706.59
2025-11-19,601718,3.69,3.72,3.63,3.7,49820838,183343692.48
2025-11-20,601718,3.68,3.71,3.63,3.63,39457951,144219700.73
2025-11-21,601718,3.6,3.62,3.46,3.48,66609100,234606373.22
2025-11-24,601718,3.48,3.54,3.48,3.52,37623824,132265675.84
2025-11-25,601718,3.53,3.54,3.5,3.51,41284704,145267916.04
2025-11-26,601718,3.51,3.59,3.5,3.57,57673291,204000130.86
2025-11-27,601718,3.58,3.59,3.49,3.49,45819600,161176416.0
2025-11-28,601718,3.48,3.51,3.45,3.5,34279316,119335342.33
2025-12-01,601718,3.49,3.53,3.49,3.51,26229000,92056669.05
2025-12-02,601718,3.51,3.54,3.47,3.53,37250739,130453028.14
2025-12-03,601718,3.52,3.53,3.46,3.47,32989000,114815096.0
2025-12-04,601718,3.46,3.48,3.42,3.42,28910100,99325004.0
2025-12-05,601718,3.42,3.49,3.4,3.49,39221865,135832804.9
2025-12-08,601718,3.5,3.54,3.47,3.48,35880400,125520744.0
2025-12-09,601718,3.47,3.48,3.43,3.43,28713001,98947349.44
2025-12-10,601718,3.43,3.45,3.41,3.43,26503083,90860573.86
2025-12-11,601718,3.43,3.44,3.33,3.33,50059004,168551855.32
2025-12-12,601718,3.33,3.35,3.29,3.29,49736357,164780526.04
2025-12-15,601718,3.28,3.35,3.24,3.31,39508800,130859610.0
2025-12-16,601718,3.32,3.44,3.32,3.33,50050200,167958145.0
2025-12-17,601718,3.34,3.35,3.27,3.33,37753290,125003114.0
2025-12-18,601718,3.34,3.35,3.29,3.3,31469000,104499204.0
2025-12-19,601718,3.31,3.41,3.3,3.39,67221723,227326192.44
2025-12-22,601718,3.39,3.41,3.36,3.37,40368558,136357797.59
2025-12-23,601718,3.36,3.37,3.3,3.31,40547028,134737248.53
2025-12-24,601718,3.32,3.4,3.31,3.38,48026023,161533261.94
2025-12-25,601718,3.37,3.43,3.35,3.4,44165501,149790277.4
2025-12-26,601718,3.4,3.42,3.36,3.4,42932766,145761796.03
2025-12-29,601718,3.41,3.41,3.36,3.38,35621798,120437676.23
2025-12-30,601718,3.38,3.42,3.35,3.36,46624805,157903881.8
2025-12-31,601718,3.36,3.38,3.32,3.35,35847942,119998498.28
2026-01-05,601718,3.36,3.51,3.36,3.47,102835599,355285077.67
2026-01-06,601718,3.48,3.56,3.47,3.5,78511322,275272941.0
2026-01-07,601718,3.49,3.5,3.42,3.43,60721000,209192442.0
2026-01-08,601718,3.43,3.58,3.41,3.54,121172980,426416309.16
2026-01-09,601718,3.53,3.54,3.47,3.53,98744100,345952813.0
2026-01-12,601718,3.54,3.6,3.53,3.59,93292462,333105609.22
2026-01-13,601718,3.6,3.61,3.48,3.49,91231631,322012203.89
2026-01-14,601718,3.49,3.61,3.48,3.52,110181161,391492693.82
2026-01-15,601718,3.5,3.51,3.42,3.44,95007533,327219656.01
2026-01-16,601718,3.43,3.49,3.37,3.38,66864801,227627376.43
2026-01-19,601718,3.37,3.41,3.33,3.4,43380601,146924138.38
2026-01-20,601718,3.36,3.38,3.3,3.32,68023720,226411236.0
2026-01-21,601718,3.31,3.38,3.28,3.34,59090000,196974766.0
2026-01-22,601718,3.32,3.58,3.32,3.46,123604699,428728687.86
2026-01-23,601718,3.49,3.51,3.45,3.49,76352901,265182741.47
2026-01-26,601718,3.48,3.49,3.37,3.38,73374915,249845830.55
2026-01-27,601718,3.37,3.39,3.3,3.35,49513800,165233330.0
2026-01-28,601718,3.35,3.41,3.33,3.38,62184636,209947577.07
2026-01-29,601718,3.36,3.45,3.33,3.4,63316934,216057802.82
2026-01-30,601718,3.4,3.4,3.31,3.32,61050484,203831193.56
2026-02-02,601718,3.31,3.34,3.22,3.27,65109000,213551980.0
2026-02-03,601718,3.27,3.31,3.26,3.3,39433129,129610951.43
2026-02-04,601718,3.3,3.36,3.28,3.35,45887662,152589856.55
2026-02-05,601718,3.34,3.44,3.32,3.35,58024400,196337934.0
2026-02-06,601718,3.34,3.36,3.31,3.33,35622900,118965429.0
2026-02-09,601718,3.35,3.37,3.33,3.35,35108075,117593696.75
2026-02-10,601718,3.34,3.37,3.32,3.34,34011540,113809460.62
2026-02-11,601718,3.34,3.36,3.32,3.34,24740351,82588948.33
2026-02-12,601718,3.33,3.33,3.26,3.28,45713100,150500397.0
2026-02-13,601718,3.28,3.29,3.23,3.24,38944640,126966976.8
2026-02-24,601718,3.28,3.32,3.27,3.31,48977101,161545668.95
2026-02-25,601718,3.3,3.37,3.29,3.33,49194624,164417042.92
2026-02-26,601718,3.34,3.34,3.27,3.27,43111585,141834950.95
2026-02-27,601718,3.27,3.31,3.26,3.28,29738762,97631922.36
2026-03-02,601718,3.35,3.44,3.31,3.41,136777106,462039570.26
2026-03-03,601718,3.41,3.43,3.34,3.35,96090348,324775448.18
2026-03-04,601718,3.3,3.42,3.26,3.37,88665137,295572038.37
2026-03-05,601718,3.37,3.4,3.3,3.31,64389100,214309013.0
2026-03-06,601718,3.28,3.41,3.28,3.4,87862400,295547682.0
