日期,股票代码,开盘,最高,最低,收盘,成交量,成交额
2016-03-11,002568,10.37653155,10.5882975,10.26829562,10.47535566,2759936,61084549.0
2016-03-14,002568,10.61182705,11.13418306,10.61182705,10.9177112,6763957,157018064.0
2016-03-15,002568,11.04006486,11.27536036,10.89888756,10.96006439,6785226,159304858.0
2016-03-16,002568,10.95535848,11.294184,10.823593,10.88476983,5841810,136870649.0
2016-03-17,002568,10.823593,11.23771308,10.6353566,11.14359488,9829185,229222560.0
2016-03-18,002568,11.2000658,11.8588932,11.07771214,11.83536365,15272404,375626640.0
2016-03-21,002568,11.97654095,12.50360287,11.77418682,12.29654283,15019873,384393168.0
2016-03-22,002568,12.02360005,12.17889508,11.9059523,11.95771731,10368999,265255110.0
2016-03-23,002568,11.96242322,12.2824251,11.84477547,12.19301281,7883797,201626930.0
2016-03-24,002568,12.02360005,12.2824251,11.86830502,11.97654095,9026903,230851611.0
2016-03-25,002568,11.88712866,12.02360005,11.82124592,11.96242322,4965980,125780342.0
2016-03-28,002568,12.05183551,12.70125109,11.9059523,12.05654142,12166789,318912608.0
2016-03-29,002568,12.06124733,12.1412478,11.49183222,11.64712725,5236955,131016313.0
2016-03-30,002568,11.76948091,12.11301234,11.7177159,12.11301234,5545799,140410597.0
2016-03-31,002568,12.12713007,12.22595418,11.99536459,12.03771778,6324976,162725086.0
2016-04-01,002568,11.9059523,12.1412478,11.6706568,12.03771778,6952455,174513015.0
2016-04-05,002568,11.96712913,12.83772248,11.9059523,12.81419293,12802306,340503984.0
2016-04-06,002568,12.77183974,13.0824298,12.57419152,12.90831113,10228807,279290448.0
2016-04-07,002568,12.8941934,13.63302127,12.7530161,13.0353707,17873675,503833680.0
2016-04-08,002568,12.72007473,13.01654706,12.54595606,13.01654706,8621537,234090688.0
2016-04-11,002568,13.20007755,13.647139,13.1294889,13.176548,8912823,252848653.0
2016-04-12,002568,13.176548,13.24713665,12.705957,12.88478158,6326500,173028181.0
2016-04-13,002568,12.80948702,13.4118435,12.66360381,13.4118435,13331849,376325552.0
2016-04-14,002568,13.41654941,13.73655129,13.27537211,13.52949125,15532083,444877776.0
2016-04-15,002568,13.4118435,13.52949125,13.18595982,13.27537211,6504279,183712311.0
2016-04-18,002568,13.13419481,13.13419481,12.71066291,12.8471343,6723334,183930109.0
2016-04-19,002568,12.8471343,13.09184162,12.72478064,12.92242886,3905208,106889935.0
2016-04-20,002568,13.0353707,13.1294889,11.63771543,11.8118341,8464349,218963336.0
2016-04-21,002568,11.79301046,11.88242275,11.5294795,11.55300905,5987866,149045265.0
2016-04-22,002568,11.4824204,11.69889226,11.35536083,11.56712678,3076669,75209576.0
2016-04-25,002568,11.5294795,11.5294795,11.23771308,11.25653672,5409684,130598987.0
2016-04-26,002568,11.17183034,11.33183128,10.77182799,11.11535942,9585090,225053087.0
2016-04-27,002568,11.12006533,11.13418306,10.77182799,10.85653437,11523275,267236094.0
2016-04-28,002568,11.0118294,11.19065398,10.82829891,11.17183034,11801263,276160336.0
2016-04-29,002568,11.39300811,11.61889179,10.97888803,11.20477171,10351420,246323268.0
2016-05-03,002568,11.1059476,11.56242087,10.823593,11.49653813,11117142,267022656.0
2016-05-04,002568,11.38359629,11.67536271,11.31771355,11.40241993,10403261,253612437.0
2016-05-05,002568,11.3412431,11.4353613,11.1530067,11.43065539,7078731,170285014.0
2016-05-06,002568,11.3883022,11.57183269,10.77182799,10.77182799,9076606,214437637.0
2016-05-09,002568,10.4941793,10.63065069,10.2118247,10.23535425,6361480,140295937.0
2016-05-10,002568,10.21653061,10.4000611,10.21653061,10.30123699,3653612,80002184.0
2016-05-11,002568,10.36711973,10.75300435,10.18829515,10.6353566,9822824,219299389.0
2016-05-12,002568,10.64006251,10.74829844,10.20241288,10.42359065,10260434,228988179.0
2016-05-13,002568,10.22123652,10.42359065,10.20241288,10.23535425,5640245,123143521.0
2016-05-16,002568,10.34359018,10.72476889,10.20241288,10.57417977,7664936,171134649.0
2016-05-17,002568,10.48947339,10.63065069,10.32006063,10.5412384,6278240,139642941.0
2016-05-18,002568,10.4000611,10.50359112,10.06123558,10.19770697,4887033,107044003.0
2016-05-19,002568,10.48476748,11.21888944,10.48476748,10.7765339,25979931,609171200.0
2016-05-20,002568,10.39064928,10.5882975,10.2588838,10.5412384,14166022,313878480.0
2016-05-23,002568,10.52241476,10.67770979,10.48006157,10.5882975,7955702,178710560.0
2016-05-24,002568,10.50359112,10.56006204,10.29653108,10.31064881,6788058,149650965.0
2016-05-25,002568,10.4000611,10.48006157,10.23535425,10.29653108,4703952,103489573.0
2016-05-26,002568,10.22594243,10.32476654,9.89652873,10.14123605,6859801,146971638.0
2016-05-27,002568,10.1647656,10.24006016,10.0706474,10.15064787,3975108,85800226.0
2016-05-30,002568,10.14123605,10.25417789,9.95770556,10.18358924,4000310,86099612.0
2016-05-31,002568,10.14594196,10.6824157,10.14594196,10.61653296,10130865,225557546.0
2016-06-01,002568,10.75300435,10.75300435,10.54594431,10.70594525,8699899,197235312.0
2016-06-02,002568,10.67300388,10.94124075,10.5412384,10.89418165,11566900,264455482.0
2016-06-03,002568,10.89418165,11.07771214,10.68712161,10.80476936,15890509,366223344.0
2016-06-06,002568,10.78123981,10.81888709,10.56947386,10.73888662,10518415,238975578.0
2016-06-07,002568,10.823593,11.16241852,10.80006345,10.88947574,19733762,460031104.0
2016-06-08,002568,10.7294748,10.74359253,10.54594431,10.60712114,9998187,225984415.0
2016-06-13,002568,10.353002,10.46594384,9.882411,9.882411,9015991,197072029.0
2016-06-14,002568,9.7882928,9.92005828,9.56711503,9.80711644,7441445,153738447.0
2016-06-15,002568,9.62358595,10.19300106,9.57652685,10.09417695,9507033,201981239.0
2016-06-16,002568,10.02829421,10.16947151,9.7882928,9.83064599,8636084,183085639.0
2016-06-17,002568,9.6471155,10.1177065,9.6471155,9.94829374,5499903,116046585.0
2016-06-20,002568,9.94829374,10.06594149,9.7412337,9.882411,3753009,78606413.0
2016-06-21,002568,10.00947057,10.03300012,9.76476325,9.79770462,4784193,100708717.0
2016-06-22,002568,9.79770462,10.06594149,9.75064552,10.05182376,5877907,124038791.0
2016-06-23,002568,10.43770838,11.05418259,10.20241288,10.25417789,23362751,523600672.0
2016-06-24,002568,10.08476513,10.22594243,9.44946728,9.89652873,12184385,257298918.0
2016-06-27,002568,9.85417554,10.18829515,9.6471155,10.10829468,7935898,169353133.0
2016-06-28,002568,10.02829421,10.38123746,9.9765292,10.36241382,9580618,207969682.0
2016-06-29,002568,10.40476701,10.41417883,10.20241288,10.27300153,6835548,149360412.0
2016-06-30,002568,10.29182517,10.43300247,10.19770697,10.353002,7057504,154792142.0
2016-07-01,002568,10.35770791,10.43770838,10.24476607,10.28711926,4716250,103623302.0
2016-07-04,002568,10.24476607,10.5412384,10.17888333,10.4941793,7464733,165508835.0
2016-07-05,002568,10.5882975,10.6353566,10.39064928,10.48006157,5127155,114172720.0
2016-07-06,002568,10.4941793,11.38359629,10.46594384,11.2471249,25952059,605706032.0
2016-07-07,002568,11.2471249,11.3883022,10.95535848,10.9647703,20097243,476169488.0
2016-07-08,002568,10.92241711,11.7177159,10.88006392,11.29888991,17130717,414595168.0
2016-07-11,002568,11.5294795,12.40477876,11.39300811,12.23066009,22565897,573584272.0
2016-07-12,002568,12.04242369,13.1294889,12.0000705,12.705957,23494781,629951344.0
2016-07-13,002568,12.62595653,13.12478299,12.36713148,12.46124968,14758676,396273488.0
2016-07-14,002568,12.59301516,12.64478017,12.19771872,12.40477876,8596107,225934408.0
2016-07-15,002568,12.33419011,12.39066103,12.00948232,12.08477688,8668486,223322982.0
2016-07-18,002568,12.08007097,12.3765433,11.93889367,12.15065962,7489078,193912742.0
2016-07-19,002568,12.13183598,12.36713148,12.0000705,12.09889461,7345798,190050939.0
2016-07-20,002568,12.1883069,12.19771872,11.82124592,11.84477547,6863325,174512328.0
2016-07-21,002568,11.84948138,12.08007097,11.81654001,11.86830502,5678077,143998235.0
2016-07-22,002568,11.86830502,11.97654095,11.62830361,11.66595089,4889502,122156172.0
2016-07-25,002568,11.71300999,11.74595136,11.38359629,11.52006768,8071417,197767031.0
2016-07-26,002568,11.4824204,11.71300999,11.4824204,11.63300952,4884674,120569445.0
2016-07-27,002568,11.59065633,11.70359817,10.53653249,10.76241617,10269167,241892140.0
2016-07-28,002568,10.81888709,11.10124169,10.63065069,10.90829938,6291085,145467075.0
2016-07-29,002568,10.89888756,10.97888803,10.64006251,10.68712161,4253973,97037674.0
2016-08-01,002568,10.64947433,11.33653719,10.59300341,11.06359441,8765513,205034999.0
2016-08-02,002568,10.9177112,11.3412431,10.9177112,11.28477218,7234873,171255796.0
2016-08-03,002568,11.23771308,11.26594854,11.03065304,11.07300623,4961954,117409271.0
2016-08-04,002568,11.04477077,11.04477077,10.64476842,10.89888756,7850177,180127576.0
2016-08-05,002568,10.89888756,10.90829938,10.6824157,10.73418071,5198593,118641906.0
2016-08-08,002568,10.68712161,10.77182799,10.34359018,10.57888568,5750873,128300321.0
2016-08-09,002568,10.57888568,10.79065163,10.50829703,10.79065163,4645523,105710788.0
2016-08-10,002568,10.823593,11.19065398,10.69653343,10.94124075,6233934,144920878.0
2016-08-11,002568,10.83300482,10.91300529,10.5882975,10.60241523,4237608,96408354.0
2016-08-12,002568,10.61182705,10.64947433,10.4471202,10.59300341,4177631,93545014.0
2016-08-15,002568,10.59770932,11.04477077,10.59300341,10.91300529,8126970,187786588.0
2016-08-16,002568,10.88006392,11.14359488,10.87535801,11.08241805,6849392,160400749.0
2016-08-17,002568,11.01653531,11.06830032,10.78123981,11.0118294,6937606,160735959.0
2016-08-18,002568,10.99300576,11.09653578,10.89888756,11.05418259,5430293,126770720.0
2016-08-19,002568,11.0118294,11.30830173,10.96947621,11.07771214,6011617,142378428.0
2016-08-22,002568,11.0588885,11.294184,10.96947621,11.12006533,6707887,159464749.0
2016-08-23,002568,11.12477124,11.23300717,10.97888803,11.04947668,4598137,108301629.0
2016-08-24,002568,11.0588885,11.17183034,10.94124075,11.04947668,3509633,82335138.0
2016-08-25,002568,10.9647703,10.9647703,10.51770885,10.5882975,7751361,175417303.0
2016-08-26,002568,10.62123887,10.6824157,10.51770885,10.53653249,4239585,95314387.0
2016-08-29,002568,10.43770838,10.55535613,10.43770838,10.48947339,3139586,70010279.0
2016-08-30,002568,10.4941793,10.5882975,10.44241429,10.45653202,3051081,68063488.0
2016-08-31,002568,10.49888521,10.52241476,10.35770791,10.48947339,3421020,75903138.0
2016-09-01,002568,10.48006157,10.51770885,10.37653155,10.37653155,2832493,62809033.0
2016-09-02,002568,10.353002,10.41888474,10.14123605,10.39064928,5514040,120592274.0
2016-09-05,002568,10.40476701,10.61653296,10.39064928,10.51770885,5099087,114225357.0
2016-09-06,002568,10.46123793,10.76712208,10.42359065,10.6824157,4913718,110363128.0
2016-09-07,002568,10.66829797,10.7294748,10.57417977,10.59300341,4152942,93956033.0
2016-09-08,002568,10.54594431,10.79535754,10.54594431,10.71065116,2531642,57147041.0
2016-09-09,002568,10.64947433,10.72006298,10.60241523,10.60241523,2395501,54245674.0
2016-09-12,002568,10.35770791,10.48476748,10.15535378,10.16005969,3643202,79955341.0
2016-09-13,002568,10.2118247,10.2588838,10.12241241,10.17417742,1811168,39233168.0
2016-09-14,002568,10.18829515,10.18829515,10.02829421,10.11300059,1726230,37131971.0
2016-09-19,002568,10.20711879,10.3059429,10.16947151,10.27770744,1449293,31591579.0
2016-09-20,002568,10.22123652,10.32947245,10.18829515,10.20241288,1848678,40293888.0
2016-09-21,002568,10.2118247,10.28241335,10.14123605,10.19300106,2092831,45443983.0
2016-09-22,002568,10.29182517,10.29182517,10.0706474,10.22594243,1806782,39348472.0
2016-09-23,002568,10.23535425,10.36711973,10.15064787,10.34359018,3072160,67041459.0
2016-09-26,002568,10.34359018,10.34359018,9.96711738,9.98123511,2428089,52450736.0
2016-09-27,002568,10.00005875,10.0706474,9.92476419,10.06123558,1779086,37831331.0
2016-09-28,002568,10.0706474,10.08005922,9.90594055,9.92476419,1598653,33872726.0
2016-09-29,002568,9.95299965,10.0235883,9.90594055,9.92476419,1776790,37586767.0
2016-09-30,002568,9.92476419,9.98594102,9.92476419,9.94358783,1242921,26299548.0
2016-10-10,002568,9.96711738,10.47064975,9.96241147,10.4471202,4630711,101187168.0
2016-10-11,002568,10.4471202,10.59770932,10.29653108,10.45182611,3570804,79470466.0
2016-10-12,002568,10.45182611,10.55065022,10.36711973,10.4941793,2313121,51454456.0
2016-10-13,002568,10.49888521,10.64006251,10.36711973,10.49888521,3582304,80291125.0
2016-10-14,002568,10.49888521,10.98829985,10.45653202,10.81418118,7705964,177519182.0
2016-10-17,002568,10.88476983,11.09653578,10.61653296,10.67300388,6155143,141939991.0
2016-10-18,002568,10.66829797,10.74829844,10.55065022,10.71065116,3521760,79878634.0
2016-10-19,002568,10.70123934,10.86594619,10.5882975,10.72006298,3042672,69306310.0
2016-10-20,002568,10.72006298,10.72006298,10.5412384,10.56476795,4040970,90996054.0
2016-10-21,002568,10.53182658,10.61653296,10.34829609,10.41888474,3527223,78251523.0
2016-10-24,002568,10.46123793,10.47535566,10.353002,10.4471202,5161714,114147249.0
2016-10-25,002568,10.45182611,10.60712114,10.4471202,10.5412384,3704177,82742175.0
2016-10-26,002568,10.53182658,10.74829844,10.43770838,10.64476842,5447681,122980843.0
2016-10-27,002568,10.58359159,10.60712114,10.46594384,10.53182658,2924382,65323958.0
2016-10-28,002568,10.5412384,11.3883022,10.5412384,11.12006533,17046256,399088112.0
2016-10-31,002568,11.06830032,11.49653813,10.94124075,11.28947809,10396997,249209998.0
2016-11-01,002568,11.25183081,11.4353613,11.13418306,11.31771355,7019878,168704768.0
2016-11-02,002568,11.23771308,11.294184,10.9647703,11.1059476,5574841,131636704.0
2016-11-03,002568,10.99771167,11.27065445,10.9647703,11.04477077,3966256,93357579.0
2016-11-04,002568,11.04477077,11.14830079,10.76712208,10.823593,4747998,110353812.0
2016-11-07,002568,10.90359347,10.93182893,10.75771026,10.9177112,2673893,61634370.0
2016-11-08,002568,10.99300576,11.16241852,10.89418165,10.96947621,4065194,95364593.0
2016-11-09,002568,10.96947621,11.27065445,10.53182658,11.16241852,6415464,150060454.0
2016-11-10,002568,11.28477218,11.33653719,11.11535942,11.15771261,4107664,97675624.0
2016-11-11,002568,11.15771261,11.25653672,11.08241805,11.15771261,3204869,75908132.0
2016-11-14,002568,11.11065351,11.2000658,10.91300529,10.98359394,5513087,128903073.0
2016-11-15,002568,10.9177112,11.27536036,10.89418165,11.22359535,7391381,175460456.0
2016-11-16,002568,11.20477171,11.28947809,11.10124169,11.21888944,3491906,83049935.0
2016-11-17,002568,11.12006533,11.21888944,10.9647703,11.02594713,3883625,91294402.0
2016-11-18,002568,11.02124122,11.06359441,10.89418165,10.94594666,2850589,66354715.0
2016-11-21,002568,10.96947621,11.09653578,10.89888756,10.98359394,2503916,58589530.0
2016-11-22,002568,11.00712349,11.0118294,10.8706521,10.99771167,3813566,88561815.0
2016-11-23,002568,11.01653531,11.01653531,10.74829844,10.76712208,4638195,106818139.0
2016-11-24,002568,10.74829844,10.84712255,10.54594431,10.57417977,4353739,99137603.0
2016-11-25,002568,10.4941793,10.67300388,10.32476654,10.5882975,6900711,153105807.0
2016-11-28,002568,10.59770932,10.66829797,10.53653249,10.5882975,2464198,55551275.0
2016-11-29,002568,10.60241523,10.62594478,10.34359018,10.34359018,2817915,62788624.0
2016-11-30,002568,10.36241382,10.52241476,10.32947245,10.353002,3193080,70419368.0
2016-12-01,002568,10.37653155,10.47535566,10.353002,10.43770838,1454318,32183367.0
2016-12-02,002568,10.42359065,10.46594384,10.16947151,10.23535425,2155026,47201098.0
2016-12-05,002568,10.23535425,10.27770744,10.09888286,10.16947151,1715729,37185309.0
2016-12-06,002568,10.19300106,10.33417836,10.1647656,10.27300153,1854311,40484294.0
2016-12-07,002568,10.26829562,10.39064928,10.19770697,10.36241382,1444412,31631451.0
2016-12-08,002568,10.37182564,10.48476748,10.28241335,10.3059429,1747670,38520002.0
2016-12-09,002568,10.32476654,10.32476654,10.20241288,10.28241335,1507182,32829008.0
2016-12-12,002568,10.29653108,10.3059429,9.25652497,9.42123182,5266772,109773236.0
2016-12-13,002568,9.42123182,9.56711503,9.28476043,9.44476137,2848619,56976919.0
2016-12-14,002568,9.42123182,9.58593867,9.33652544,9.43534955,2320494,46547468.0
2016-12-15,002568,9.41652591,9.5529973,9.3177018,9.48711456,3106734,62534736.0
2016-12-16,002568,9.48711456,9.57652685,9.37887863,9.52476184,2404844,48637120.0
2016-12-19,002568,9.49652638,9.57652685,9.3647609,9.43534955,1535031,30774242.0
2016-12-20,002568,9.45417319,9.59064458,9.3647609,9.57652685,2423936,48985726.0
2016-12-21,002568,9.59535049,9.68476278,9.57652685,9.60946822,1554715,31783761.0
2016-12-22,002568,9.60946822,9.68946869,9.52946775,9.68005687,1963410,40146516.0
2016-12-23,002568,9.6471155,9.6471155,9.46829092,9.50123229,1254967,25489944.0
2016-12-26,002568,9.35534908,9.63299777,9.27534861,9.61888004,1961910,39291457.0
2016-12-27,002568,9.54358548,9.62358595,9.50123229,9.50123229,968748,19636293.0
2016-12-28,002568,9.59064458,9.59064458,9.40240818,9.40240818,1134945,22799719.0
2016-12-29,002568,9.49652638,9.49652638,9.38358454,9.45417319,2042740,41068369.0
2016-12-30,002568,9.44476137,9.5529973,9.44476137,9.52476184,1772408,35777744.0
2017-01-03,002568,9.53887957,9.59535049,9.51064411,9.5529973,1132647,22976844.0
2017-01-04,002568,9.5529973,9.63770368,9.5059382,9.62829186,1386524,28264243.0
2017-01-05,002568,9.6000564,9.882411,9.6000564,9.65652732,1747415,36102151.0
2017-01-06,002568,9.65182141,9.65182141,9.46829092,9.48711456,2516076,50836647.0
2017-01-09,002568,9.49182047,9.53417366,9.44476137,9.51064411,1315425,26538936.0
2017-01-10,002568,9.5529973,9.62829186,9.51535002,9.57182094,1193889,24221551.0
2017-01-11,002568,9.57182094,9.58123276,9.46829092,9.57182094,1451537,29410178.0
2017-01-12,002568,9.57182094,10.4471202,9.53417366,9.99535284,7854030,167255766.0
2017-01-13,002568,9.90123464,9.93417601,9.69888051,9.7412337,3565085,74271196.0
2017-01-16,002568,9.71770415,9.71770415,8.93652309,9.49652638,3715033,74764432.0
2017-01-17,002568,9.43534955,9.54358548,9.1765245,9.45417319,1880563,37621557.0
2017-01-18,002568,9.44946728,9.44946728,9.28005452,9.32240771,1473733,29246211.0
2017-01-19,002568,9.3177018,9.41182,9.29417225,9.3177018,1139428,22634035.0
2017-01-20,002568,9.32711362,9.4588791,9.2706427,9.42593773,1269898,25364030.0
2017-01-23,002568,9.41652591,9.47770274,9.34593726,9.40711409,1370931,27400237.0
2017-01-24,002568,9.40711409,9.40711409,9.27534861,9.3177018,1283402,25368199.0
2017-01-25,002568,9.3177018,9.35534908,9.25181906,9.32711362,770869,15247710.0
2017-01-26,002568,9.34123135,9.44005546,9.3177018,9.40240818,1012533,20194935.0
2017-02-03,002568,9.43534955,9.4588791,9.32240771,9.3647609,710281,14148203.0
2017-02-06,002568,9.32240771,9.4588791,9.32240771,9.43064364,837761,16740016.0
2017-02-07,002568,9.43534955,9.45417319,9.36946681,9.40240818,860830,17197640.0
2017-02-08,002568,9.35064317,9.44946728,9.33181953,9.44946728,1283353,25614617.0
2017-02-09,002568,9.44946728,9.48240865,9.40240818,9.48240865,1584902,31798754.0
2017-02-10,002568,9.49652638,9.49652638,9.39770227,9.41652591,1588542,31827859.0
2017-02-13,002568,9.37417272,9.48711456,9.34593726,9.44476137,2144247,42977506.0
2017-02-14,002568,9.44476137,9.57652685,9.42593773,9.52946775,2440245,49266618.0
2017-02-15,002568,9.52946775,9.63770368,9.48240865,9.52005593,2277229,46303640.0
2017-02-16,002568,9.51535002,9.54358548,9.44476137,9.52946775,1263167,25507259.0
2017-02-17,002568,9.48240865,9.58123276,9.3647609,9.37417272,1755033,35224323.0
2017-02-20,002568,9.37417272,9.43064364,9.32711362,9.41652591,1166032,23229566.0
2017-02-21,002568,9.41652591,9.56240912,9.38358454,9.51064411,2378147,47706329.0
2017-02-22,002568,9.51064411,9.57652685,9.46358501,9.56240912,2046634,41440941.0
2017-02-23,002568,9.56711503,10.29653108,9.56711503,9.75535143,5460501,114586462.0
2017-02-24,002568,9.73652779,10.01888239,9.63299777,9.94358783,3848210,80582304.0
2017-02-27,002568,9.87299918,9.9294701,9.72241006,9.74593961,2460448,51323935.0
2017-02-28,002568,9.78358689,9.95299965,9.72241006,9.94358783,2090252,43729080.0
2017-03-01,002568,9.94358783,10.33417836,9.94358783,10.17888333,5235054,113525342.0
2017-03-02,002568,10.20241288,10.25417789,9.92476419,9.93417601,2543808,54255255.0
2017-03-03,002568,9.94358783,10.00476466,9.7882928,9.91535237,2259938,47313923.0
2017-03-06,002568,9.86829327,10.03300012,9.79770462,10.03300012,1747358,36875069.0
2017-03-07,002568,10.00476466,10.06123558,9.882411,9.94358783,1262711,26681656.0
2017-03-08,002568,10.00005875,10.23535425,9.84005781,10.22123652,3985464,85658988.0
2017-03-09,002568,10.1647656,10.39064928,10.08005922,10.1647656,3101857,67377934.0
2017-03-10,002568,10.1177065,10.19300106,10.0706474,10.16947151,1467556,31641697.0
2017-03-13,002568,10.09417695,10.21653061,9.91535237,10.2118247,2174692,46551497.0
2017-03-14,002568,10.19770697,10.19770697,9.97182329,9.9765292,1915796,40861755.0
2017-03-15,002568,9.9294701,10.03770603,9.87299918,9.98123511,1967344,41637602.0
2017-03-16,002568,9.97182329,10.03300012,9.89652873,9.93888192,2306487,48689008.0
2017-03-17,002568,9.95770556,10.01417648,9.87299918,9.9765292,1931953,40831582.0
2017-03-20,002568,9.92476419,10.00005875,9.87299918,9.91535237,885992,18684405.0
2017-03-21,002568,9.91535237,9.99064693,9.87299918,9.90594055,1002520,21162916.0
2017-03-22,002568,9.882411,10.4471202,9.79299871,10.42829656,4127415,88599026.0
2017-03-23,002568,10.37182564,10.97888803,10.2588838,10.9177112,12736909,289176224.0
2017-03-24,002568,10.75771026,10.86594619,10.5882975,10.64476842,5013247,114045229.0
2017-03-27,002568,10.65418024,10.80947527,10.50829703,10.7765339,3199056,72438293.0
2017-03-28,002568,10.72006298,10.86124028,10.47535566,10.48006157,2491800,56133107.0
2017-03-29,002568,10.41888474,10.57417977,10.18829515,10.18829515,2659788,58272377.0
2017-03-30,002568,10.18829515,10.30123699,10.08005922,10.1647656,2126548,46032930.0
2017-03-31,002568,10.16005969,10.31535472,9.92005828,9.94829374,2227862,47618367.0
2017-04-05,002568,9.96241147,10.0706474,9.882411,10.01417648,2501587,53082770.0
2017-04-06,002568,10.00947057,10.13182423,9.9294701,10.12711832,1865473,39782141.0
2017-04-07,002568,10.12241241,10.16005969,9.95770556,9.95770556,1531873,32722796.0
2017-04-10,002568,9.88711691,10.10829468,9.88711691,9.94829374,1413414,29968034.0
2017-04-11,002568,9.95299965,10.19300106,9.90594055,10.1177065,2188966,46796137.0
2017-04-12,002568,10.26829562,10.47064975,10.13182423,10.24476607,3273146,71647763.0
2017-04-13,002568,10.2118247,10.4941793,10.2118247,10.25417789,2703230,59544777.0
2017-04-14,002568,10.32947245,10.37653155,10.09888286,10.1647656,1832628,39660201.0
2017-04-17,002568,10.12241241,10.13182423,9.85417554,9.96711738,1607743,34102490.0
2017-04-18,002568,9.94358783,10.0235883,9.82594008,9.85417554,1212138,25552305.0
2017-04-19,002568,9.65182141,9.84946963,9.4588791,9.82594008,2088209,42621264.0
2017-04-20,002568,10.0235883,10.0235883,9.80241053,9.81182235,1049600,22045850.0
2017-04-21,002568,9.8353519,9.8353519,9.3177018,9.3177018,1551050,31551097.0
2017-04-24,002568,9.3647609,9.44005546,8.73416896,9.05417084,1674957,32191373.0
2017-04-25,002568,9.06358266,9.2235836,9.06358266,9.09652403,814669,15848437.0
2017-04-26,002568,9.11064176,9.28005452,9.04475902,9.23770133,825378,16161591.0
2017-04-27,002568,9.21887769,9.33652544,9.16240677,9.28476043,1024517,20155170.0
2017-04-28,002568,9.28476043,9.43534955,9.21417178,9.39770227,1010276,20083462.0
2017-05-02,002568,9.41182,9.61888004,9.35534908,9.35534908,1613509,32524429.0
2017-05-03,002568,9.35534908,9.52005593,9.2235836,9.24711315,1183253,23594494.0
2017-05-04,002568,9.2235836,9.49652638,9.2235836,9.4588791,1530229,30586088.0
2017-05-05,002568,9.37887863,9.51064411,9.37887863,9.38358454,1090190,21852987.0
2017-05-08,002568,9.38829045,9.52005593,9.30828998,9.38358454,737151,14764633.0
2017-05-09,002568,9.35064317,9.35064317,8.95064082,8.9882881,3302805,63596759.0
2017-05-10,002568,9.02593538,9.12005358,8.90828763,8.941229,1141051,21832280.0
2017-05-11,002568,8.88946399,8.9882881,8.05651792,8.50357937,3053497,54961245.0
2017-05-12,002568,8.49416755,8.5176971,8.2824016,8.32475479,1515391,26938314.0
2017-05-15,002568,8.35299025,8.43769663,8.25416614,8.29181342,629406,11143073.0
2017-05-16,002568,8.31534297,8.35299025,8.07534156,8.35299025,1604898,27900301.0
2017-05-17,002568,8.29651933,8.41416708,8.24004841,8.28710751,1439576,25485248.0
2017-05-18,002568,8.1882834,8.29651933,8.1412243,8.16004794,1049274,18277452.0
2017-05-19,002568,8.17887158,8.2353425,8.16945976,8.2353425,877661,15301547.0
2017-05-22,002568,8.26357796,8.32004888,7.81651651,7.83534015,2051017,35087965.0
2017-05-23,002568,7.8118106,7.88710516,7.55769146,7.60004465,2078556,34227535.0
2017-05-24,002568,7.56710328,7.93887017,7.23298367,7.91063471,2753640,44849757.0
2017-05-25,002568,7.89181107,7.92475244,7.69416285,7.86357561,1512420,25128178.0
2017-05-26,002568,7.83534015,8.2353425,7.80239878,8.08475338,2315632,39360868.0
2017-05-31,002568,8.07534156,8.2353425,8.000047,8.00475291,979399,16832449.0
2017-06-01,002568,8.000047,8.08945929,7.6706333,7.68475103,977868,16422501.0
2017-06-02,002568,7.61886829,7.88710516,7.5765151,7.7647515,956230,15667595.0
2017-06-05,002568,7.78357514,7.92945835,7.68004512,7.9059288,1015801,16937239.0
2017-06-06,002568,7.9059288,7.98592927,7.82122242,7.91063471,897885,15091288.0
2017-06-07,002568,7.84004606,8.08945929,7.84004606,8.00945882,1339756,22809635.0
2017-06-08,002568,8.0941652,8.10357702,7.95769381,7.96710563,1112887,18953898.0
2017-06-09,002568,7.9529879,8.08004747,7.94828199,8.03769428,2042148,34714350.0
2017-06-12,002568,8.03769428,8.16945976,7.93887017,8.02357655,2178559,37531774.0
2017-06-13,002568,8.02357655,8.07534156,7.91063471,8.03769428,1012172,17229206.0
2017-06-14,002568,8.03769428,8.03769428,7.88710516,7.91534062,1704378,28777496.0
2017-06-15,002568,7.92004653,8.1412243,7.9059288,8.13651839,2157450,36895851.0
2017-06-16,002568,8.10828293,8.10828293,7.97651745,7.99534109,1723965,29394417.0
2017-06-19,002568,8.00945882,8.03769428,7.9529879,8.000047,1015244,17239930.0
2017-06-20,002568,8.000047,8.03769428,7.88239925,7.91534062,1728150,29200527.0
2017-06-21,002568,7.92004653,7.9529879,7.64239784,7.74122195,2600860,42873734.0
2017-06-22,002568,7.75533968,7.85416379,7.51533827,7.51533827,2785459,45633364.0
2017-06-23,002568,7.60004465,7.69416285,7.50122054,7.67533921,2747232,44471199.0
2017-06-26,002568,7.6706333,7.73651604,7.59533874,7.71298649,1293679,21103562.0
2017-06-27,002568,7.71298649,7.77886923,7.62828011,7.70828058,1154915,18981468.0
2017-06-28,002568,7.71298649,7.74122195,7.67533921,7.70828058,1125827,18419779.0
2017-06-29,002568,7.75533968,7.80710469,7.69886876,7.77886923,1143412,18875448.0
2017-06-30,002568,7.74122195,7.84945788,7.72239831,7.82122242,1107333,18383210.0
2017-07-03,002568,7.82122242,7.8588697,7.67533921,7.84945788,2299480,37913886.0
2017-07-04,002568,8.0471061,8.63534485,7.94357608,8.43769663,8344388,148538894.0
2017-07-05,002568,8.31063706,8.50828528,8.2824016,8.31534297,4289700,76139380.0
2017-07-06,002568,8.29181342,8.34828434,8.21181295,8.22593068,3050469,53576729.0
2017-07-07,002568,8.16945976,8.26828387,8.03769428,8.12240066,2806504,48458620.0
2017-07-10,002568,8.03769428,8.17887158,8.03769428,8.08945929,1625477,28058188.0
2017-07-11,002568,8.08945929,8.2353425,8.05651792,8.08945929,1724133,29925670.0
2017-07-12,002568,8.08004747,8.2824016,8.05651792,8.26828387,2667359,46500484.0
2017-07-13,002568,8.2824016,8.36240207,8.24004841,8.27769569,1769475,31145492.0
2017-07-14,002568,8.24004841,8.40004935,8.17887158,8.38122571,1856787,32704698.0
2017-07-17,002568,8.4235789,8.46122618,7.84945788,8.01887064,2384983,41608256.0
2017-07-18,002568,7.98592927,8.0941652,7.6235742,7.82122242,2023032,33589035.0
2017-07-19,002568,7.75533968,7.83534015,7.60004465,7.76004559,2813306,46138781.0
2017-07-20,002568,7.74592786,7.82122242,7.69416285,7.72710422,1889997,31164085.0
2017-07-21,002568,7.7647515,7.7647515,7.53416191,7.60945647,2096119,33925975.0
2017-07-24,002568,7.58592692,7.60475056,7.47298508,7.55769146,1596540,25535717.0
2017-07-25,002568,7.57180919,7.60004465,7.47298508,7.59533874,1516866,24282696.0
2017-07-26,002568,7.58592692,7.58592692,7.46357326,7.49651463,1171571,18664818.0
2017-07-27,002568,7.50122054,7.78828105,7.47298508,7.69886876,2427320,39626013.0
2017-07-28,002568,7.66122148,7.73651604,7.60004465,7.64710375,1200915,19542140.0
2017-07-31,002568,7.64710375,7.79298696,7.59063283,7.78828105,1864395,30620554.0
2017-08-01,002568,7.78828105,7.80710469,7.67533921,7.72710422,1118829,18354686.0
2017-08-02,002568,7.70357467,7.7647515,7.63298602,7.70828058,1352616,22164969.0
2017-08-03,002568,7.73181013,7.78357514,7.67533921,7.76004559,1216292,20043392.0
2017-08-04,002568,7.7647515,7.79769287,7.64710375,7.7176924,1811430,29650357.0
2017-08-07,002568,7.67533921,7.73651604,7.66122148,7.7176924,1064214,17413087.0
2017-08-08,002568,7.7176924,7.7647515,7.68945694,7.72239831,1146495,18836801.0
2017-08-09,002568,7.75533968,7.75533968,7.6235742,7.64710375,2634945,42912447.0
2017-08-10,002568,7.64710375,7.87769334,7.63298602,7.87769334,3215885,53060111.0
2017-08-11,002568,7.93416426,7.93887017,7.53416191,7.60475056,2916250,48020395.0
2017-08-14,002568,7.58592692,7.70828058,7.56710328,7.69886876,1242605,20218771.0
2017-08-15,002568,7.7176924,7.73651604,7.6235742,7.69886876,960435,15690073.0
2017-08-16,002568,7.70357467,7.91063471,7.67533921,7.81651651,1830318,30350893.0
2017-08-17,002568,7.81651651,8.01887064,7.7647515,7.98122336,1972460,33226522.0
2017-08-18,002568,8.07063565,8.23063659,7.89651698,7.91534062,4491041,77024507.0
2017-08-21,002568,7.97651745,8.03298837,7.86357561,7.9529879,2041625,34531735.0
2017-08-22,002568,7.91534062,7.9529879,7.83534015,7.89181107,1771241,29662662.0
2017-08-23,002568,7.89181107,7.92475244,7.81651651,7.87769334,950212,15889664.0
2017-08-24,002568,7.86357561,7.92004653,7.80710469,7.82122242,800611,13371040.0
2017-08-25,002568,7.81651651,7.91534062,7.80239878,7.90122289,1303766,21791939.0
2017-08-28,002568,7.87298743,7.98122336,7.87298743,7.95769381,2014892,34015859.0
2017-08-29,002568,7.92475244,7.97181154,7.84475197,7.9059288,1258087,21134637.0
2017-08-30,002568,7.91534062,7.91534062,7.8588697,7.89181107,1538001,25785587.0
2017-08-31,002568,7.87769334,7.92475244,7.84945788,7.9059288,1098418,18397897.0
2017-09-01,002568,7.90122289,7.9059288,7.84475197,7.88239925,1125085,18822286.0
2017-09-04,002568,7.88239925,8.01887064,7.84945788,7.97181154,1891050,31909713.0
2017-09-05,002568,7.97651745,8.12240066,7.94828199,8.00475291,1696774,28912821.0
2017-09-06,002568,7.9529879,8.08004747,7.89181107,8.06592974,1667707,28251916.0
2017-09-07,002568,8.08475338,8.12710657,8.000047,8.00945882,1572865,26866434.0
2017-09-08,002568,8.00945882,8.16945976,7.97651745,8.12710657,2291344,39374337.0
2017-09-11,002568,8.12710657,8.20240113,8.08004747,8.10357702,1668343,28834494.0
2017-09-12,002568,8.14593021,8.17887158,8.00945882,8.07063565,1494880,25640969.88
2017-09-13,002568,8.0941652,8.35299025,8.0941652,8.32004888,2465689,43050784.32
2017-09-14,002568,8.25416614,8.27769569,8.17887158,8.2353425,1693681,29634973.43
2017-09-15,002568,8.2353425,8.46593209,8.20710704,8.36710798,2441437,43245193.83
2017-09-18,002568,8.36240207,8.64946258,8.32004888,8.63534485,3811742,69143034.93
2017-09-19,002568,8.63063894,8.74358078,8.48946164,8.5176971,2756584,50235434.11
2017-09-20,002568,8.49887346,8.64475667,8.470638,8.48946164,2261009,40999479.52
2017-09-21,002568,8.470638,8.63063894,8.470638,8.49887346,2433550,44320325.32
2017-09-22,002568,8.470638,8.470638,8.29651933,8.33416661,1357500,24146458.52
2017-09-25,002568,8.32004888,8.46122618,8.27298978,8.33416661,605950,10766877.38
2017-09-26,002568,8.32004888,8.38122571,8.27298978,8.35299025,659732,11675832.02
2017-09-27,002568,8.43299072,8.43769663,8.27769569,8.37181389,709404,12610636.84
2017-09-28,002568,8.37181389,8.45181436,8.35769616,8.3765198,744781,13295235.42
2017-09-29,002568,8.43299072,8.95534673,8.38122571,8.68240395,2412380,44741084.52
2017-10-09,002568,8.83299307,8.95534673,8.6118153,8.89887581,2214031,41348472.71
2017-10-10,002568,8.86593444,8.93181718,8.72475714,8.85652262,1531166,28689232.64
2017-10-11,002568,8.82828716,9.04946493,8.72005123,8.8471108,1564841,29484974.1
2017-10-12,002568,8.8471108,8.97887628,8.76711033,8.95534673,1666197,31527428.75
2017-10-13,002568,8.95534673,9.02122947,8.95534673,9.00240583,1566706,29926149.92
2017-10-16,002568,9.03064129,9.04005311,8.71063941,8.88005217,1997622,37469076.82
2017-10-17,002568,8.86122853,8.88005217,8.72475714,8.83299307,729380,13629895.26
2017-10-18,002568,8.83299307,9.04005311,8.83299307,8.86122853,1060148,20109133.3
2017-10-19,002568,8.86122853,8.93652309,8.56946211,8.59299166,1236527,22924238.04
2017-10-20,002568,8.56005029,8.64005076,8.36710798,8.50828528,1852905,33415276.76
2017-10-23,002568,8.49887346,8.50828528,8.3765198,8.43769663,1685974,30168656.56
2017-10-24,002568,8.45652027,8.55063847,8.31063706,8.3765198,1160025,20744431.42
2017-10-25,002568,8.33416661,8.47534391,8.21651886,8.43299072,1294620,23116481.08
2017-10-26,002568,8.43769663,8.57416802,8.38593162,8.46593209,1288602,23267242.12
2017-10-27,002568,8.45652027,8.45652027,8.27769569,8.29181342,1911035,33772002.95
2017-10-30,002568,8.24004841,8.27769569,7.46357326,7.84004606,1951802,32905416.56
2017-10-31,002568,7.85416379,7.93416426,7.7647515,7.86828152,1198018,19963964.2
2017-11-01,002568,7.84004606,7.92004653,7.70357467,7.76004559,1812316,29975714.8
2017-11-02,002568,7.71298649,7.77416332,7.50122054,7.51533827,1972400,31978058.8
2017-11-03,002568,7.529456,7.57180919,7.32710187,7.35533733,2422870,38243191.39
2017-11-06,002568,7.3882787,7.68475103,7.3412196,7.61416238,3191116,51165262.5
2017-11-07,002568,7.63769193,7.82592833,7.63769193,7.70357467,1968016,32306271.44
2017-11-08,002568,7.70357467,7.75533968,7.55298555,7.57180919,2393643,38730208.48
2017-11-09,002568,7.57180919,7.64239784,7.51063236,7.60475056,1626000,26172631.0
2017-11-10,002568,7.63298602,7.63298602,7.45416144,7.4823969,2264842,36214636.5
2017-11-13,002568,7.49651463,7.55769146,7.39298461,7.529456,1549713,24640199.44
2017-11-14,002568,7.48710281,7.52004418,7.35063142,7.3882787,1565604,24652045.56
2017-11-15,002568,7.35533733,7.41651416,7.16239502,7.2000423,2012987,31131640.1
2017-11-16,002568,7.2000423,7.25180731,7.06357091,7.17651275,2065878,31477225.59
2017-11-17,002568,7.18592457,7.19063048,6.66356856,6.70592175,3841925,55969326.0
2017-11-20,002568,6.73415721,6.83298132,6.50356762,6.80003995,2574000,36446396.86
2017-11-21,002568,6.75298085,6.80003995,6.52239126,6.588274,2971376,41885653.3
2017-11-22,002568,6.59768582,6.72003948,6.45180261,6.64945083,2782600,38996952.24
2017-11-23,002568,6.63062719,6.63062719,6.43768488,6.4470967,2843000,39389510.0
2017-11-24,002568,6.4000376,6.57886218,6.37650805,6.45650852,1587300,21847719.71
2017-11-27,002568,6.39062578,6.47533216,6.23533075,6.33886077,1959600,26510902.0
2017-11-28,002568,6.33886077,6.42356715,6.3059194,6.40474351,2065000,27939740.0
2017-11-29,002568,6.42356715,6.64003901,6.4000376,6.56945036,3508017,48566471.03
2017-11-30,002568,6.52709717,6.58356809,6.42827306,6.46592034,1784106,24652965.2
2017-12-01,002568,6.47062625,6.57415627,6.45180261,6.53650899,1304733,18083794.6
2017-12-04,002568,6.56474445,6.57886218,6.47533216,6.48474398,1307400,18153473.79
2017-12-05,002568,6.42827306,6.48944989,6.11297709,6.13180073,2515067,33451305.01
2017-12-06,002568,6.117683,6.28238985,6.09415345,6.25415439,1368700,17955366.0
2017-12-07,002568,6.24474257,6.31533122,6.20709529,6.24003666,949600,12641242.17
2017-12-08,002568,6.30121349,6.33415486,6.20709529,6.31062531,864600,11562964.0
2017-12-11,002568,6.3059194,6.34356668,6.27768394,6.33415486,1024912,13733170.2
2017-12-12,002568,6.31533122,6.34356668,6.18827165,6.22121302,1152200,15316139.0
2017-12-13,002568,6.18827165,6.28238985,6.14591846,6.27297803,1056100,13929077.0
2017-12-14,002568,6.24944848,6.24944848,6.17415392,6.2118012,942403,12411538.9
2017-12-15,002568,6.17415392,6.21650711,6.12709482,6.21650711,772709,10145119.14
2017-12-18,002568,6.19768347,6.28238985,6.17885983,6.20709529,1157800,15348907.0
2017-12-19,002568,6.23533075,6.32474304,6.19768347,6.25415439,1154193,15373988.25
2017-12-20,002568,6.23533075,6.23533075,6.06591799,6.09885936,1383633,18033643.35
2017-12-21,002568,6.10827118,6.13650664,5.9765057,6.08003572,1020100,13147647.0
2017-12-22,002568,6.14121255,6.20709529,6.117683,6.18827165,1273716,16695626.6
2017-12-25,002568,6.18827165,6.2588603,6.14121255,6.18827165,1751300,22999248.0
2017-12-26,002568,6.18827165,6.48944989,6.12238891,6.42356715,3583092,48260006.69
2017-12-27,002568,6.39533169,6.42356715,6.28238985,6.31062531,1960804,26403102.56
2017-12-28,002568,6.31533122,6.34356668,6.14591846,6.21650711,2716788,35798727.08
2017-12-29,002568,6.2118012,6.27768394,6.15533028,6.24474257,1752829,23095008.97
2018-01-02,002568,6.33415486,6.41415533,6.22591893,6.40474351,2112309,28316360.03
2018-01-03,002568,6.39533169,6.45180261,6.31533122,6.42827306,1982705,26972571.47
2018-01-04,002568,6.43768488,6.46592034,6.3529785,6.38591987,2390326,32449370.59
2018-01-05,002568,6.44239079,6.6353331,6.38121396,6.48003807,4238237,58233483.32
2018-01-08,002568,6.45180261,6.45180261,6.33886077,6.42356715,2968724,40351344.4
2018-01-09,002568,6.40944942,6.59768582,6.36239032,6.4470967,3426140,47274311.88
2018-01-10,002568,6.42356715,6.51768535,6.26827212,6.3529785,3806432,51570080.08
2018-01-11,002568,6.33886077,6.47062625,6.31062531,6.46121443,2487140,33862534.2
2018-01-12,002568,6.47533216,6.67768629,6.43768488,6.52239126,3544146,49335982.97
2018-01-15,002568,6.53650899,6.61180355,6.30121349,6.32944895,3069693,42013826.7
2018-01-16,002568,6.3059194,6.6353331,6.26827212,6.56945036,4353850,60103370.33
2018-01-17,002568,6.54592081,6.7294513,6.48944989,6.70592175,6115534,86309806.57
2018-01-18,002568,6.6823922,6.7765104,6.61650946,6.64474492,3323843,47161590.98
2018-01-19,002568,6.61180355,6.6823922,6.56945036,6.61180355,2271626,31942359.78
2018-01-22,002568,6.61180355,6.67768629,6.5412149,6.65415674,2332300,32852856.0
2018-01-23,002568,6.6353331,6.70592175,6.60239173,6.61180355,2392900,33817054.58
2018-01-24,002568,6.57415627,6.61650946,6.43297897,6.56945036,3364508,46673407.17
2018-01-25,002568,6.57415627,6.60239173,6.50827353,6.56003854,2047275,28590528.04
2018-01-26,002568,6.55062672,6.64474492,6.46592034,6.48944989,2954757,41077477.03
2018-01-29,002568,6.45650852,6.48944989,6.26827212,6.28238985,3731143,50320228.55
2018-01-30,002568,6.28238985,6.3059194,6.21650711,6.24944848,1682322,22371121.89
2018-01-31,002568,6.20709529,6.28238985,5.73179838,5.75532793,4046293,51533475.1
2018-02-01,002568,5.76473975,5.82591658,5.42591423,5.48709106,3330100,39602059.55
2018-02-02,002568,5.48709106,5.54826789,5.26120738,5.48709106,2072400,24002311.97
2018-02-05,002568,5.4117965,5.4588556,5.2235601,5.34591376,2269904,25731701.16
2018-02-06,002568,5.09650053,5.33179603,5.08708871,5.13885372,3047976,33558433.61
2018-02-07,002568,5.31297239,5.3176783,4.9882646,5.04002961,2687776,29150777.68
2018-02-08,002568,4.99297051,5.17179509,4.99297051,5.15297145,2166179,23445033.24
2018-02-09,002568,5.04944143,5.07767689,4.90826413,4.9882646,2030476,21523614.44
2018-02-12,002568,5.05414734,5.15767736,5.00238233,5.13414781,1601469,17362694.57
2018-02-13,002568,5.17179509,5.20003055,5.07297098,5.10120644,1545506,16861463.51
2018-02-14,002568,5.09650053,5.1294419,5.0823828,5.11532417,524456,5683576.48
2018-02-22,002568,5.13885372,5.20003055,5.13885372,5.19061873,915990,10082360.9
2018-02-23,002568,5.19061873,5.30356057,5.14826554,5.26591329,1711738,19001724.88
2018-02-26,002568,5.26120738,5.36003149,5.22826601,5.33179603,1888440,21278721.8
2018-02-27,002568,5.33179603,5.4117965,5.2706192,5.31297239,1899418,21506213.69
2018-02-28,002568,5.36003149,5.84474022,5.31297239,5.84474022,9420077,114618484.56
2018-03-01,002568,6.00944707,6.3059194,5.96238797,6.117683,11651748,150685563.99
2018-03-02,002568,5.98121161,6.20709529,5.96238797,6.08003572,6661444,85797854.7
2018-03-05,002568,6.06591799,6.34356668,6.00003525,6.17885983,4917634,64677681.97
2018-03-06,002568,6.17885983,6.48003807,6.13180073,6.42827306,4798686,64549736.4
2018-03-07,002568,6.35768441,6.48944989,6.24474257,6.32474304,3464603,46600324.84
2018-03-08,002568,6.30121349,6.37650805,6.24474257,6.28709576,2707156,36315605.71
2018-03-09,002568,6.34356668,6.42827306,6.26827212,6.42356715,2912967,39508501.75
2018-03-12,002568,6.56003854,6.56003854,6.40474351,6.40944942,3429239,47145263.29
2018-03-13,002568,6.40944942,6.67768629,6.36709623,6.65886265,4140124,57760435.15
2018-03-14,002568,6.66827447,6.74356903,6.51768535,6.51768535,3948009,55634927.78
2018-03-15,002568,6.45650852,6.56003854,6.27297803,6.36239032,3483983,47455145.53
2018-03-16,002568,6.39533169,6.41886124,6.23533075,6.30121349,2370289,31760672.71
2018-03-19,002568,6.25415439,6.38591987,6.24474257,6.32003713,1455000,19535358.11
2018-03-20,002568,6.27297803,6.70592175,6.21650711,6.62592128,3513704,48911698.3
2018-03-21,002568,6.63062719,6.6823922,6.37650805,6.4000376,2167400,30056360.64
2018-03-22,002568,6.40944942,6.51768535,6.35768441,6.42827306,1450364,19793219.84
2018-03-23,002568,6.22591893,6.52239126,6.05180026,6.25415439,4704439,62782983.85
2018-03-26,002568,6.13650664,6.88004042,6.0706239,6.88004042,7158752,100240021.34
2018-03-27,002568,7.03533545,7.2000423,6.93180543,7.058865,7011132,105359841.06
2018-03-28,002568,6.93651134,7.19063048,6.8235695,6.8706286,3697620,54752064.72
2018-03-29,002568,6.89415815,7.03533545,6.8235695,6.93651134,3496314,51503959.7
2018-03-30,002568,6.87533451,7.14827729,6.83768723,7.1059241,3500986,52109846.41
2018-04-02,002568,7.058865,7.1059241,6.93180543,6.98357044,2196267,32679817.13
2018-04-03,002568,6.89415815,7.17651275,6.8235695,7.02592363,2370920,35446565.71
2018-04-04,002568,7.03062954,7.37416097,6.97886453,7.2000423,3857152,59061101.97
2018-04-09,002568,7.16239502,7.16239502,6.96945271,7.058865,2041662,30639795.9
2018-04-10,002568,7.09651228,7.16239502,6.75298085,6.8706286,2568720,37577510.0
2018-04-11,002568,6.9176877,6.95533498,6.8235695,6.88474633,2314950,33781227.26
2018-04-12,002568,6.84709905,6.90827588,6.76239267,6.80474586,2230592,32332253.11
2018-04-13,002568,6.79533404,6.93180543,6.78592222,6.8235695,1257663,18306130.18
2018-04-16,002568,6.8235695,6.99298226,6.8235695,6.84709905,1899227,27862113.91
2018-04-17,002568,6.84709905,7.19063048,6.76239267,6.8706286,3549009,52487090.11
2018-04-18,002568,6.84709905,6.89415815,6.67298038,6.86121678,2281255,32937361.99
2018-04-19,002568,6.7765104,6.98827635,6.7765104,6.88945224,1995453,29228832.81
2018-04-20,002568,6.8235695,6.89886406,6.7294513,6.7294513,1426243,20614447.67
2018-04-23,002568,6.35768441,6.46592034,6.05650617,6.05650617,4216894,55761217.58
2018-04-24,002568,6.05650617,6.15062437,5.86356386,6.00944707,5663165,71760185.96
2018-04-25,002568,5.93415251,5.97179979,5.79768112,5.86356386,3395435,42333482.29
2018-04-26,002568,5.87768159,5.90591705,5.68944519,5.74591611,3543936,43536175.91
2018-04-27,002568,5.74591611,5.83062249,5.71768065,5.75532793,1392954,17087006.36
2018-05-02,002568,5.81179885,5.91532887,5.76944566,5.85415204,1687000,20979705.0
2018-05-03,002568,5.83062249,5.87768159,5.6000329,5.84003431,1873400,22778822.0
2018-05-04,002568,5.83062249,5.87297568,5.76473975,5.84944613,1097500,13587484.0
2018-05-07,002568,5.84474022,6.04709435,5.80238703,6.01415298,2808900,35580871.5
2018-05-08,002568,5.96709388,6.24944848,5.96709388,6.19768347,2981937,38947229.92
2018-05-09,002568,6.19768347,6.22121302,6.09885936,6.20709529,1065297,13937153.06
2018-05-10,002568,6.24944848,6.39533169,6.08944754,6.38591987,3060424,40432637.53
2018-05-11,002568,6.34827259,6.4000376,6.08944754,6.16003619,2849927,37682743.86
2018-05-14,002568,6.20238938,6.20238938,6.0235648,6.04709435,1531200,19790219.02
2018-05-15,002568,6.00944707,6.25415439,5.95297615,6.19297756,2179009,28342528.45
2018-05-16,002568,6.16944801,6.65886265,6.12709482,6.4470967,4477614,61339154.73
2018-05-17,002568,6.45180261,6.56474445,6.43297897,6.47533216,2039764,28100950.6
2018-05-18,002568,6.42827306,6.64474492,6.33415486,6.588274,2236962,31015028.19
2018-05-21,002568,6.55533263,6.89415815,6.54592081,6.73886312,2738953,39314340.29
2018-05-22,002568,6.69650993,7.0118059,6.64003901,6.94121725,2927008,42356042.28
2018-05-23,002568,6.92709952,7.23298367,6.87533451,7.1059241,5574851,84243288.44
2018-05-24,002568,7.02592363,7.1529832,6.9176877,7.03533545,2320120,34815152.26
2018-05-25,002568,7.03533545,7.17651275,6.9176877,7.07298273,3141174,47146863.78
2018-05-28,002568,7.07298273,7.16710093,6.82827541,7.07298273,3212259,48143496.9
2018-05-29,002568,7.02121772,7.22827776,7.01651181,7.12474774,3519390,53294569.94
2018-05-30,002568,7.04474727,7.31298414,6.93180543,7.1529832,4762712,72212124.68
2018-05-31,002568,7.17180684,7.84945788,6.99298226,7.529456,6642938,104841964.87
2018-06-01,002568,7.529456,7.529456,7.12945365,7.27063095,5522884,85927110.92
2018-06-04,002568,7.2471014,7.46357326,7.2000423,7.22357185,4379152,68492515.85
2018-06-05,002568,7.24239549,7.35533733,7.06827682,7.27533686,2782406,42745909.07
2018-06-06,002568,7.27533686,7.59063283,7.22357185,7.58122101,3793591,60057795.35
2018-06-07,002568,7.6706333,7.72710422,7.39298461,7.4353378,3860732,62182260.79
2018-06-08,002568,7.45886735,7.53416191,7.2471014,7.2941605,2868927,44921454.91
2018-06-11,002568,7.2941605,7.2941605,7.04474727,7.1529832,2723172,41342373.47
2018-06-12,002568,7.18592457,7.3412196,6.97415862,7.2941605,3740080,57203873.64
2018-06-13,002568,7.17651275,7.36474915,7.17651275,7.21416003,1510000,23317238.78
2018-06-14,002568,7.30357232,7.50122054,7.21416003,7.26121913,3220853,50466333.6
2018-06-15,002568,7.2941605,7.2941605,6.7294513,6.7765104,3767568,55909636.53
2018-06-19,002568,6.8235695,6.97886453,6.15533028,6.47533216,3859455,54822881.75
2018-06-20,002568,6.36709623,6.75768676,6.36709623,6.64003901,1878915,26445606.95
2018-06-21,002568,6.62592128,6.74356903,6.3529785,6.43768488,2334417,32399165.57
2018-06-22,002568,6.45650852,6.69180402,6.3529785,6.64474492,1976673,27458334.41
2018-06-25,002568,6.72474539,6.73415721,6.29650758,6.32944895,2776956,38331592.51
2018-06-26,002568,6.27768394,6.37650805,6.06121208,6.37650805,2606741,34601713.46
2018-06-27,002568,6.36239032,6.39533169,6.1647421,6.20709529,1851310,24748575.58
2018-06-28,002568,6.20709529,6.34827259,6.08474163,6.13650664,1200336,15876392.05
2018-06-29,002568,6.07532981,6.4470967,6.07532981,6.35768441,2714798,36370251.13
2018-07-02,002568,6.36239032,6.55062672,6.1647421,6.2118012,1975446,26724340.75
2018-07-03,002568,6.21650711,6.2588603,6.00003525,6.2118012,2991850,39034104.31
2018-07-04,002568,6.22121302,6.2588603,6.07532981,6.13180073,1370584,17969262.18
2018-07-05,002568,6.13650664,6.19768347,5.68944519,5.76003384,3192846,39975141.12
2018-07-06,002568,5.76473975,5.86826977,5.19061873,5.46826742,6593989,76696496.15
2018-07-09,002568,5.49179697,5.61885654,5.40238468,5.50120879,3541354,41604679.8
2018-07-10,002568,5.52944425,5.67062155,5.46356151,5.65179791,2735581,32318544.28
2018-07-11,002568,5.62356245,5.62356245,5.21885419,5.38826695,3275973,37322425.63
2018-07-12,002568,5.33179603,5.58591517,5.33179603,5.53885607,2517433,29299032.54
2018-07-13,002568,5.58120926,5.73179838,5.51062061,5.68944519,2368310,28537204.4
2018-07-16,002568,5.68944519,5.72238656,5.56709153,5.65179791,2161603,25870071.75
2018-07-17,002568,5.64238609,6.21650711,5.61885654,6.21650711,6132035,77922095.48
2018-07-18,002568,6.27297803,6.42356715,6.05650617,6.1647421,6227475,82716028.0
2018-07-19,002568,6.15533028,6.20238938,5.96709388,5.9765057,3660492,47070233.76
2018-07-20,002568,6.0706239,6.09885936,5.91062296,6.08474163,2689244,34404000.77
2018-07-23,002568,5.98591752,6.1647421,5.98121161,6.08003572,1934068,24933422.0
2018-07-24,002568,6.02827071,6.17415392,6.00474116,6.16944801,2931934,37974482.02
2018-07-25,002568,6.17415392,6.7765104,6.08474163,6.56474445,4671038,63940754.96
2018-07-26,002568,6.50827353,6.65886265,6.29650758,6.37180214,3379128,46178581.48
2018-07-27,002568,6.47062625,6.89886406,6.38121396,6.55533263,4935438,69630012.8
2018-07-30,002568,6.52709717,6.72474539,6.36239032,6.64945083,2846000,39541293.38
2018-07-31,002568,6.64945083,6.80474586,6.47062625,6.4941558,2558274,35965397.14
2018-08-01,002568,6.50356762,6.75768676,6.40944942,6.4941558,2200708,30720537.74
2018-08-02,002568,6.43297897,6.57886218,6.22121302,6.36709623,3519253,47412754.85
2018-08-03,002568,6.3529785,6.46592034,5.9294466,5.99532934,3168768,41735568.08
2018-08-06,002568,6.01415298,6.39533169,5.82121067,5.92003478,3841000,49689174.78
2018-08-07,002568,5.95768206,6.14121255,5.9294466,6.14121255,2307230,29632717.6
2018-08-08,002568,6.11297709,6.20709529,5.84474022,5.89650523,2484524,31609882.58
2018-08-09,002568,5.91532887,6.15533028,5.84474022,6.12238891,2124761,27360162.82
2018-08-10,002568,6.08003572,6.24003666,6.04709435,6.23533075,1516865,19840687.49
2018-08-13,002568,6.18827165,6.2588603,6.00944707,6.2588603,1319263,17175547.74
2018-08-14,002568,6.2118012,6.29650758,6.16003619,6.28238985,1168000,15447642.0
2018-08-15,002568,6.29180167,6.30121349,5.7882693,5.83062249,3306502,42054829.24
2018-08-16,002568,5.74591611,5.95297615,5.61415063,5.95297615,2400302,29619386.7
2018-08-17,002568,5.98591752,5.98591752,5.69885701,5.79768112,2029502,25038844.94
2018-08-20,002568,5.84944613,5.84944613,5.65179791,5.75532793,1205180,14648686.39
2018-08-21,002568,5.75062202,5.88709341,5.70826883,5.86826977,1124301,13878228.34
2018-08-22,002568,5.71768065,5.80709294,5.3176783,5.4117965,6626018,77503833.29
2018-08-23,002568,5.34591376,5.43062014,5.21414828,5.27532511,3813401,42986124.14
2018-08-24,002568,5.32709012,5.39297286,5.28003102,5.35061967,3470374,39340401.2
2018-08-27,002568,5.35061967,5.47297333,5.35061967,5.41650241,2425261,27909237.41
2018-08-28,002568,5.42591423,5.57650335,5.38826695,5.5529738,2549597,29778114.33
2018-08-29,002568,5.54826789,5.58120926,5.44944378,5.46356151,1251423,14612024.98
2018-08-30,002568,5.46826742,5.54356198,5.24708965,5.29885466,1998029,22662472.98
2018-08-31,002568,5.29885466,5.34120785,5.176501,5.23767783,1733100,19363741.0
2018-09-03,002568,5.20473646,5.28944284,5.19061873,5.26120738,1201600,13374746.0
2018-09-04,002568,5.26120738,5.40709059,5.22826601,5.34591376,1089513,12323345.94
2018-09-05,002568,5.33179603,5.3647374,5.21885419,5.2235601,1270300,14269876.0
2018-09-06,002568,5.22826601,5.28003102,5.18120691,5.20003055,888200,9868801.0
2018-09-07,002568,5.19061873,5.28473693,5.15767736,5.21414828,1323951,14688289.66
2018-09-10,002568,5.19532464,5.21414828,5.02120597,5.02120597,1539100,16609974.0
2018-09-11,002568,5.02120597,5.10591235,4.96944096,5.0353237,1393200,14886527.0
2018-09-12,002568,5.06355916,5.10120644,4.99297051,5.05414734,807640,8697335.0
2018-09-13,002568,5.10120644,5.1294419,4.8941464,4.97414687,2998314,31687663.3
2018-09-14,002568,4.95532323,5.03061779,4.90826413,4.96002914,1412702,14933658.98
2018-09-17,002568,4.9412055,4.9882646,4.90355822,4.91297004,1053500,11070346.0
2018-09-18,002568,4.89885231,5.01179415,4.87532276,4.99767642,1368967,14447990.84
2018-09-19,002568,4.99767642,5.12003008,4.96473505,5.07767689,1615900,17383334.0
2018-09-20,002568,5.07767689,5.11061826,4.97414687,4.99297051,1460300,15606976.0
2018-09-21,002568,4.99767642,5.10120644,4.99767642,5.09179462,1665000,17904040.0
2018-09-25,002568,5.11082232,5.16792648,5.0442008,5.15365044,1311702,14124523.62
2018-09-26,002568,5.15365044,5.26310008,5.12033968,5.25358272,2706820,29613459.45
2018-09-27,002568,5.22503064,5.77703752,5.19647856,5.7342094,7993277,92914013.1
2018-09-28,002568,5.591449,5.84365904,5.49151672,5.710416,7779963,91919658.93
2018-10-08,002568,5.5438622,6.2814576,5.48675804,5.52482748,5140623,60917333.03
2018-10-09,002568,5.62475976,5.62475976,5.36779104,5.40586048,3014500,34566002.0
2018-10-10,002568,5.40586048,5.44392992,5.19171988,5.24406536,3140700,34813410.0
2018-10-11,002568,5.05371816,5.08227024,4.72061056,4.72061056,3894300,39759221.96
2018-10-12,002568,4.5921262,4.7348866,4.41129636,4.6159196,2501197,24136150.43
2018-10-15,002568,4.6159196,4.7110932,4.51122864,4.51598732,1131400,10953481.0
2018-10-16,002568,4.52550468,4.5683328,4.29708804,4.32564012,1767900,16357003.0
2018-10-17,002568,4.43033108,4.43984844,4.28757068,4.37322692,1709000,15618689.0
2018-10-18,002568,4.36370956,4.36370956,4.16860368,4.16860368,1617900,14477865.0
2018-10-19,002568,3.9972912,4.10674084,3.74983984,3.90687628,7831571,63769926.61
2018-10-22,002568,3.98301516,4.17336236,3.91163496,4.07343008,6654281,56396569.58
2018-10-23,002568,4.04963668,4.16860368,3.96398044,3.9972912,4832879,41460288.03
2018-10-24,002568,4.03060196,4.14481028,3.9734978,4.0924648,4268396,36725100.97
2018-10-25,002568,3.925911,3.99253252,3.82597872,3.96873912,4701396,38580862.43
2018-10-26,002568,4.00680856,4.01632592,3.88784156,3.93066968,3562875,29571827.47
2018-10-29,002568,3.90687628,3.90687628,3.687977,3.806944,3589900,28677480.0
2018-10-30,002568,3.7831506,3.94018704,3.71652908,3.925911,3647250,29441241.21
2018-10-31,002568,3.91639364,3.96398044,3.88308288,3.93542836,4561349,37576210.49
2018-11-01,002568,3.93066968,4.05439536,3.91639364,3.9734978,5623940,47233730.37
2018-11-02,002568,4.08294744,4.1162582,4.00204988,4.10674084,4369761,37343960.72
2018-11-05,002568,4.10674084,4.19239708,4.044878,4.13529292,4685470,40574858.6
2018-11-06,002568,4.12577556,4.163845,3.9972912,4.1400516,3119783,26707987.99
2018-11-07,002568,4.12577556,4.2352252,4.10674084,4.12577556,3873841,33893245.46
2018-11-08,002568,4.19239708,4.2590186,4.13053424,4.16860368,3738560,32894747.04
2018-11-09,002568,4.2114318,4.2114318,4.09722348,4.10674084,2482687,21589908.06
2018-11-12,002568,4.11149952,4.29232936,4.09722348,4.27805332,3551260,31558918.5
2018-11-13,002568,4.23046652,4.40653768,4.22094916,4.39702032,3903275,35599422.67
2018-11-14,002568,4.38750296,4.58260884,4.32564012,4.50646996,4804537,45237720.75
2018-11-15,002568,4.48267656,4.54929808,4.43984844,4.53026336,3621052,34160018.54
2018-11-16,002568,4.55405676,4.65398904,4.48743524,4.62543696,4282696,41098787.54
2018-11-19,002568,4.63495432,4.639713,4.520746,4.6159196,2708300,26033937.0
2018-11-20,002568,4.6159196,4.6159196,4.401779,4.41605504,3346800,31670253.0
2018-11-21,002568,4.38750296,4.55405676,4.38750296,4.520746,3043040,28682097.3
2018-11-22,002568,4.5445394,4.71585188,4.53502204,4.63019564,3545900,34403547.0
2018-11-23,002568,4.66826508,4.67302376,4.34467484,4.3541922,2979865,28038841.08
2018-11-26,002568,4.42081372,4.42081372,4.27329464,4.29232936,2202900,20071691.8
2018-11-27,002568,4.30184672,4.3779856,4.2590186,4.32088144,1682869,15261218.09
2018-11-28,002568,4.49219392,4.65398904,4.401779,4.53026336,4728806,44885088.02
2018-11-29,002568,4.53978072,4.60640224,4.34943352,4.36846824,3570881,33388266.72
2018-11-30,002568,4.401779,4.401779,4.20191444,4.36370956,3726195,33660319.14
2018-12-03,002568,4.43984844,4.57309148,4.38274428,4.51598732,3863514,36501622.39
2018-12-04,002568,4.48743524,4.73012792,4.47791788,4.71585188,5250881,51090814.26
2018-12-05,002568,4.60164356,4.69681716,4.57785016,4.63495432,3145903,30620517.92
2018-12-06,002568,4.60640224,4.63019564,4.4731592,4.51598732,2467915,23524689.43
2018-12-07,002568,4.51598732,4.56357412,4.4493658,4.520746,1436600,13642276.0
2018-12-10,002568,4.47791788,4.48743524,4.36846824,4.40653768,1880081,17455282.58
2018-12-11,002568,4.40653768,4.4731592,4.39702032,4.4493658,1046400,9771498.0
2018-12-12,002568,4.46840052,4.56357412,4.46364184,4.55405676,1433781,13619876.36
2018-12-13,002568,4.55405676,4.6635064,4.50646996,4.6159196,1986000,19229556.4
2018-12-14,002568,4.61116092,4.65874772,4.41605504,4.43508976,1807701,17287784.68
2018-12-17,002568,4.43984844,4.58260884,4.40653768,4.5445394,1934875,18288210.65
2018-12-18,002568,4.5683328,4.58260884,4.4255724,4.45888316,1742752,16421992.33
2018-12-19,002568,4.48267656,4.50646996,4.29232936,4.29232936,2160070,19803879.5
2018-12-20,002568,4.27805332,4.36370956,4.26377728,4.31136408,2062501,18733788.03
2018-12-21,002568,4.3066054,4.6635064,4.29708804,4.43033108,4003545,37456197.75
2018-12-24,002568,4.520746,4.53026336,4.32564012,4.40653768,2562370,23683745.6
2018-12-25,002568,4.3779856,4.3779856,4.19715576,4.3066054,2439850,21915228.65
2018-12-26,002568,4.27805332,4.34943352,4.24950124,4.26377728,1909904,17205752.0
2018-12-27,002568,4.32564012,4.3303988,4.044878,4.1162582,3087317,27354329.6
2018-12-28,002568,4.13053424,4.4493658,4.044878,4.34943352,6107186,54908614.72
2019-01-02,002568,4.36846824,4.41129636,4.1876384,4.22094916,3538121,31892532.12
2019-01-03,002568,4.1876384,4.42081372,4.1162582,4.29708804,4143200,37167937.0
2019-01-04,002568,4.28757068,4.39702032,4.19715576,4.38750296,3076822,27959035.2
2019-01-07,002568,4.3779856,4.48267656,4.3541922,4.4731592,2381245,22181954.25
2019-01-08,002568,4.46364184,4.48743524,4.401779,4.45888316,2119967,19785446.98
2019-01-09,002568,4.46840052,4.5445394,4.40653768,4.42081372,2352957,22131307.05
2019-01-10,002568,4.43984844,4.43984844,4.34467484,4.38274428,2331700,21486544.0
2019-01-11,002568,4.401779,4.46364184,4.33515748,4.41605504,2586756,23831472.64
2019-01-14,002568,4.39702032,4.45888316,4.37322692,4.37322692,1159358,10731410.16
2019-01-15,002568,4.36370956,4.48267656,4.36370956,4.43984844,2903816,26977826.54
2019-01-16,002568,4.44460712,4.4493658,4.36846824,4.38750296,2750820,25482688.3
2019-01-17,002568,4.36846824,4.39702032,4.24474256,4.26377728,2904413,26308905.85
2019-01-18,002568,4.29232936,4.3066054,4.22570784,4.26853596,1759400,15793168.0
2019-01-21,002568,4.28757068,4.36370956,4.27805332,4.32088144,1828533,16617630.66
2019-01-22,002568,4.3303988,4.38274428,4.24474256,4.26377728,2591354,23496622.11
2019-01-23,002568,4.31136408,4.37322692,4.282812,4.35895088,1827898,16688195.84
2019-01-24,002568,4.31136408,4.39226164,4.29232936,4.3779856,2711913,24800017.58
2019-01-25,002568,4.38750296,4.38750296,4.28757068,4.28757068,2616300,23942529.0
2019-01-28,002568,4.33515748,4.65398904,4.33515748,4.43984844,5579665,52413401.36
2019-01-29,002568,4.40653768,4.4969526,4.22570784,4.29232936,4717873,43135927.55
2019-01-30,002568,4.30184672,4.45888316,4.27329464,4.29708804,3920768,35936093.74
2019-01-31,002568,4.29708804,4.35895088,4.163845,4.27805332,3100724,27695078.97
2019-02-01,002568,4.26853596,4.5445394,4.26853596,4.52550468,5598679,52313897.53
2019-02-11,002568,4.53502204,4.97757928,4.4731592,4.97757928,8974100,90735634.89
2019-02-12,002568,5.10606364,5.45344728,4.9014404,5.31544556,15584525,169849525.48
2019-02-13,002568,5.2107546,5.54862088,5.2107546,5.48199936,9403356,107031961.05
2019-02-14,002568,5.46296464,5.71517468,5.3773084,5.70565732,6640295,77644599.65
2019-02-15,002568,5.5676556,5.79607224,5.55813824,5.71993336,4070733,48898186.11
2019-02-18,002568,5.81034828,5.89600452,5.71993336,5.8531764,3358395,41178921.34
2019-02-19,002568,5.8769698,5.91028056,5.67234656,5.710416,5423300,65585545.0
2019-02-20,002568,5.7342094,5.9245566,5.65807052,5.79607224,3101866,37673331.16
2019-02-21,002568,5.81986564,6.29097496,5.76276148,6.0911104,8002769,102476208.21
2019-02-22,002568,6.11966248,6.2338708,5.9245566,6.18152532,7071121,89924596.08
2019-02-25,002568,6.2338708,6.33380308,6.08159304,6.27669892,8196094,107062967.82
2019-02-26,002568,6.1386972,6.17676664,5.91028056,6.02924756,9287131,117640590.59
2019-02-27,002568,6.02448888,6.11966248,5.91979792,6.0435236,4914300,62317257.08
2019-02-28,002568,6.07207568,6.26718156,5.97690208,6.19104268,4554516,58927950.22
2019-03-01,002568,6.19580136,6.3290444,6.13393852,6.21483608,2950336,38497644.78
2019-03-04,002568,6.29097496,6.83822316,6.24814684,6.62884124,10649043,150039728.58
2019-03-05,002568,6.75256692,6.79539504,6.50987424,6.73829088,4754402,66411251.72
2019-03-06,002568,6.73829088,6.87153392,6.67642804,6.81442976,4959579,70563121.82
2019-03-07,002568,6.76684296,6.85725788,6.5669784,6.80967108,5710802,80614572.22
2019-03-08,002568,6.66691068,6.7573256,6.53842632,6.54794368,3281889,45706024.9
2019-03-11,002568,6.5669784,6.6859454,6.33380308,6.4718048,5260863,71713073.23
2019-03-12,002568,6.53842632,6.67166936,6.42897668,6.5669784,4865474,67037181.21
2019-03-13,002568,6.52415028,6.61932388,6.25290552,6.30049232,3579466,48214622.77
2019-03-14,002568,6.3290444,6.4004246,6.17200796,6.27669892,3717495,48892068.85
2019-03-15,002568,6.26718156,6.49083952,6.23862948,6.35759648,2421693,32420774.02
2019-03-18,002568,6.32428572,6.60028916,6.21959476,6.543185,3558301,48311772.32
2019-03-19,002568,6.49083952,6.53842632,6.26242288,6.37187252,4392850,58533499.2
2019-03-20,002568,6.37187252,6.73829088,6.32428572,6.62884124,6906774,95670146.38
2019-03-21,002568,6.5669784,6.65739332,6.40518328,6.56221972,5278397,72545232.96
2019-03-22,002568,6.53366764,6.67642804,6.4718048,6.62408256,2912831,40204304.23
2019-03-25,002568,6.52415028,6.60028916,6.43373536,6.48132216,2868300,39192455.65
2019-03-26,002568,6.48132216,6.71449748,6.45277008,6.52890896,4280664,59191355.97
2019-03-27,002568,6.53366764,6.96194884,6.50035688,6.96194884,6032566,85582725.78
2019-03-28,002568,6.900086,7.0904332,6.73829088,6.8049124,3565968,51639070.72
2019-03-29,002568,6.80015372,7.06188112,6.62884124,6.99050092,3694093,53417663.86
2019-04-01,002568,7.46161024,7.69002688,7.375954,7.69002688,7029929,113160724.38
2019-04-02,002568,7.7566484,8.02789316,7.64244008,7.90416748,7863559,129205786.93
2019-04-03,002568,7.84230464,7.90892616,7.67099216,7.84230464,3984023,65378624.82
2019-04-04,002568,7.84230464,7.96603032,7.72333764,7.77568312,3215004,52727003.24
2019-04-08,002568,7.79471784,8.15161884,7.73761368,7.84230464,5991462,99776237.7
2019-04-09,002568,7.77568312,7.98506504,7.77568312,7.96127164,3537933,58692997.53
2019-04-10,002568,7.98982372,8.32293132,7.8994088,8.1849296,4182624,71121809.28
2019-04-11,002568,8.18968828,8.22775772,7.80899388,7.80899388,3927534,65833631.0
2019-04-12,002568,7.7566484,8.565624,7.7566484,8.446657,6483537,112785237.95
2019-04-15,002568,8.565624,8.63224552,8.08499732,8.11830808,4228107,73556654.77
2019-04-16,002568,8.08499732,8.3038966,7.79947652,8.24203376,2580121,43801849.47
2019-04-17,002568,8.20396432,8.34672472,7.970789,8.03741052,3950985,67180569.64
2019-04-18,002568,8.0659626,8.2325164,7.95175428,8.05168656,1474500,24998347.0
2019-04-19,002568,7.98982372,8.26106848,7.970789,8.22299904,1868698,31950511.33
2019-04-22,002568,8.2801032,8.2801032,8.08499732,8.09927336,1464946,25205392.04
2019-04-23,002568,8.09927336,8.23727508,8.03265184,8.11830808,1716907,29364238.54
2019-04-24,002568,8.11830808,8.38955284,7.95651296,8.32769,2444569,42149098.69
2019-04-25,002568,8.3752768,9.13190692,8.29913792,8.69886704,7395518,136232537.22
2019-04-26,002568,8.6132108,8.83686876,8.2801032,8.3990702,5010677,89905931.69
2019-04-29,002568,8.3990702,8.446657,7.62340536,7.6614748,4642380,77317686.02
2019-04-30,002568,7.77568312,8.21824036,7.7090616,8.1373428,5086034,85985037.04
2019-05-06,002568,7.67099216,7.93271956,7.32360852,7.32360852,4799400,76097646.0
2019-05-07,002568,7.375954,7.7090616,7.25222832,7.613888,4497995,71403570.05
2019-05-08,002568,7.4235408,8.26106848,7.375954,8.0421692,5286963,88393676.92
2019-05-09,002568,7.84706332,8.0421692,7.38071268,7.3997474,5521315,88425300.67
2019-05-10,002568,7.57581856,7.83278728,7.48064496,7.7804418,3925975,63355995.15
2019-05-13,002568,7.64719876,7.98982372,7.60437064,7.7566484,2244000,36873049.0
2019-05-14,002568,7.6376814,7.8756154,7.50919704,7.50919704,2662600,42742256.04
2019-05-15,002568,7.6376814,8.14686016,7.62816404,8.10403204,4900273,81773299.26
2019-05-16,002568,8.31817264,8.4228636,7.83754596,8.02313448,4430100,75045042.0
2019-05-17,002568,7.90416748,8.12782544,7.6852682,7.78995916,3981804,66335468.4
2019-05-20,002568,7.69478556,7.82326992,7.2807804,7.48540364,2820522,43958471.5
2019-05-21,002568,7.47588628,7.59485328,7.33312588,7.49016232,1872400,29535266.0
2019-05-22,002568,7.494921,7.53774912,7.3045738,7.3997474,1412210,21928796.2
2019-05-23,002568,7.3521606,7.4473342,6.98574224,7.0428464,2202226,33106226.18
2019-05-24,002568,6.98098356,7.3521606,6.98098356,7.14277868,2071376,31404020.76
2019-05-27,002568,7.0428464,7.375954,7.0428464,7.31884984,2046581,31198875.48
2019-05-28,002568,7.31884984,7.5425078,7.2807804,7.39498872,1989759,31063189.89
2019-05-29,002568,7.28553908,7.53299044,7.28553908,7.43305816,1127900,17657564.0
2019-05-30,002568,7.3521606,7.67099216,7.3521606,7.54726648,2220800,35057592.0
2019-05-31,002568,7.6376814,7.6376814,7.38071268,7.41402344,1070860,16751371.4
2019-06-03,002568,7.375954,7.613888,7.2807804,7.3997474,1240200,19391443.0
2019-06-04,002568,7.45209288,7.49967968,7.15229604,7.30933248,930104,14204088.92
2019-06-05,002568,7.33788456,7.4235408,7.21415888,7.22367624,912000,13956524.0
2019-06-06,002568,7.25222832,7.33312588,7.00477696,7.03332904,1327896,19858567.04
2019-06-10,002568,7.08567452,7.41878212,7.03808772,7.34740192,2027468,31137342.12
2019-06-11,002568,7.34740192,7.6376814,7.34740192,7.53299044,2601704,41154827.68
2019-06-12,002568,7.53299044,7.6614748,7.41402344,7.4235408,1707500,26959534.0
2019-06-13,002568,7.40450608,7.7804418,7.3283672,7.56154252,1670400,26427921.0
2019-06-14,002568,7.5663012,7.7804418,7.25222832,7.31884984,2033800,31668022.0
2019-06-17,002568,7.2807804,7.38071268,7.21891756,7.32360852,936779,14345216.54
2019-06-18,002568,7.30933248,7.30933248,7.13802,7.21891756,957824,14496975.38
2019-06-19,002568,7.39023004,7.59961196,7.21415888,7.2331936,1465200,22581516.0
2019-06-20,002568,7.29505644,7.41402344,7.15705472,7.38071268,1951200,30129900.0
2019-06-21,002568,7.40450608,7.5900946,7.40450608,7.53774912,1891603,29843821.98
2019-06-24,002568,7.52823176,8.02789316,7.45685156,8.02789316,4059795,66575519.48
2019-06-25,002568,8.0421692,8.17065356,7.80899388,8.14210148,4481698,75347842.79
2019-06-26,002568,8.09927336,8.3752768,7.96127164,8.25155112,3221100,55633794.86
2019-06-27,002568,8.19444696,8.6370042,8.19444696,8.4942438,3520800,62766279.16
2019-06-28,002568,8.40858756,8.69886704,8.28962056,8.50851984,2630509,47007538.0
2019-07-01,002568,8.59417608,8.97487048,8.57514136,8.72266044,3205523,59025689.18
2019-07-02,002568,8.72266044,8.85590348,8.46093304,8.78928196,3359871,61610340.32
2019-07-03,002568,8.7083844,8.93680104,8.45141568,8.5894174,5665600,102534467.0
2019-07-04,002568,8.7321778,8.74645384,8.3752768,8.46569172,4119549,73373998.28
2019-07-05,002568,8.55610664,8.55610664,8.33244868,8.45141568,2629849,46724443.95
2019-07-08,002568,8.5180372,8.53707192,8.1135494,8.21348168,2448363,42596266.38
2019-07-09,002568,8.2563098,8.45617436,8.1373428,8.31341396,3185661,55661673.9
2019-07-10,002568,8.36575944,8.60369344,8.1611362,8.25155112,2847300,49787934.04
2019-07-11,002568,8.4704504,8.4704504,8.18017092,8.21348168,2571524,44842937.64
2019-07-12,002568,8.21824036,8.3990702,8.15637752,8.24203376,2023063,35121908.82
2019-07-15,002568,8.16589488,8.3038966,7.970789,8.23727508,2290404,39399434.71
2019-07-16,002568,8.33244868,8.33244868,8.1135494,8.1849296,1605402,27570443.4
2019-07-17,002568,8.13258412,8.21824036,7.98982372,8.08499732,1579850,26847693.06
2019-07-18,002568,8.00409976,8.04692788,7.7090616,7.7804418,2524698,41566831.78
2019-07-19,002568,7.8756154,8.00409976,7.71382028,7.89465012,1835502,30389317.18
2019-07-22,002568,7.8994088,8.00409976,7.5663012,7.88037408,1950290,32146264.24
2019-07-23,002568,7.81375256,8.22299904,7.7566484,8.04692788,2046675,34072478.52
2019-07-24,002568,8.04692788,8.09451468,7.90892616,8.08499732,3078800,51842593.2
2019-07-25,002568,8.4704504,8.8511448,8.32769,8.7559712,8054408,144924300.59
2019-07-26,002568,8.64652156,9.31749544,8.64652156,9.29370204,7234319,137963207.38
2019-07-29,002568,9.29846072,9.74577664,9.1366656,9.46025584,6288278,124735958.66
2019-07-30,002568,9.48404924,9.5887402,9.33653016,9.51260132,3443511,68582695.29
2019-07-31,002568,9.47929056,9.7315006,9.35556488,9.53639472,4066065,81129007.72
2019-08-01,002568,9.49832528,9.636327,9.35556488,9.55067076,2980846,59558440.48
2019-08-02,002568,9.18901108,9.8504676,9.18901108,9.6839138,4145306,83257252.93
2019-08-05,002568,9.75053532,9.75053532,9.14142428,9.21756316,4838600,95433340.5
2019-08-06,002568,9.07004408,9.398393,8.9701118,9.26990864,3989892,77327898.6
2019-08-07,002568,9.26514996,9.6839138,9.10335484,9.3745996,4903050,97694698.5
2019-08-08,002568,9.4221864,9.69818984,9.35556488,9.4221864,3732345,74641721.5
2019-08-09,002568,9.42694508,9.59349888,9.19376976,9.4935666,4829400,95556981.45
2019-08-12,002568,9.46501452,9.51260132,9.05100936,9.4459798,4281072,83579212.84
2019-08-13,002568,9.38887564,9.5411534,9.26039128,9.45073848,2705330,53429043.24
2019-08-14,002568,9.45073848,10.35488768,9.3270128,10.31205956,6611878,136427389.81
2019-08-15,002568,10.01226272,10.1359884,9.67439644,10.1359884,5268875,109869871.26
2019-08-16,002568,10.0646082,10.2787488,9.90281308,9.9456412,3313959,70156044.34
2019-08-19,002568,9.95515856,10.1359884,9.69343116,9.97419328,4717931,97735452.14
2019-08-20,002568,9.9456412,10.112195,9.79812212,10.112195,3698854,77402365.68
2019-08-21,002568,10.112195,10.14074708,9.79812212,9.92660648,3499494,72846978.52
2019-08-22,002568,9.83928816,9.83928816,9.39778164,9.4123368,5130688,101174335.52
2019-08-23,002568,9.460854,9.59185044,9.1454922,9.20856456,5809734,111685013.04
2019-08-26,002568,9.0727164,9.20856456,8.93686824,8.97083028,3750371,69803276.51
2019-08-27,002568,9.16489908,9.29589552,9.01934748,9.11638188,3770000,70960711.15
2019-08-28,002568,9.1697508,9.32500584,8.86894416,9.3153024,4908900,92059984.19
2019-08-29,002568,9.30559896,9.4851126,9.22311972,9.25708176,3498803,67309666.4
2019-08-30,002568,9.25223004,9.5578884,9.1454922,9.33470928,3847043,74297393.35
2019-09-02,002568,9.34441272,9.60155388,9.34441272,9.52877808,4712572,92304860.68
2019-09-03,002568,9.5336298,9.63551592,9.1940094,9.29589552,4205000,80935583.62
2019-09-04,002568,9.31045068,9.37352304,9.11153016,9.2910438,3163146,60239239.55
2019-09-05,002568,9.339561,9.5336298,9.2910438,9.47055744,3710188,72256090.04
2019-09-06,002568,9.54818496,9.55303668,9.2667852,9.32500584,2426665,46668134.05
2019-09-09,002568,9.3638196,9.3880782,9.23767488,9.28619208,3861163,73872283.28
2019-09-10,002568,9.30559896,9.32015412,9.08241984,9.22311972,3388441,64165677.77
2019-09-11,002568,9.24737832,9.31045068,9.0727164,9.09212328,2380671,45025819.9
2019-09-12,002568,9.1212336,9.5578884,9.03875436,9.51907464,5343033,102903627.61
2019-09-16,002568,9.51907464,9.51907464,9.29589552,9.37837476,3055626,58966460.69
2019-09-17,002568,9.38322648,9.38322648,9.1697508,9.32500584,2275749,43462563.64
2019-09-18,002568,9.27163692,9.87810192,9.23282316,9.80532612,6536314,130214488.68
2019-09-19,002568,9.80532612,9.88295364,9.57244356,9.71314344,5243907,104968332.62
2019-09-20,002568,9.6549228,10.29049812,9.6549228,10.188612,6688395,138559525.19
2019-09-23,002568,10.188612,10.41664284,9.9702846,10.3584222,5252590,110613668.57
2019-09-24,002568,10.3341636,10.8435942,10.2613878,10.6980426,5307003,116067543.42
2019-09-25,002568,10.66408056,10.88725968,10.47001176,10.4797152,4468168,97746986.39
2019-09-26,002568,10.48941864,10.76111496,10.188612,10.29049812,4180733,89921302.93
2019-09-27,002568,10.3341636,10.66408056,10.23227748,10.43604972,2897426,62577343.77
2019-09-30,002568,10.45060488,10.71744948,10.33901532,10.36327392,2710527,58635866.06
2019-10-08,002568,10.36327392,10.5767496,10.07217072,10.21772232,2957643,62881724.94
2019-10-09,002568,10.35357048,10.66408056,10.14979824,10.47001176,3406224,73316488.63
2019-10-10,002568,10.3826808,10.46516004,10.2128706,10.30505328,3088416,65462277.87
2019-10-11,002568,10.37297736,11.0134044,10.30505328,10.5039738,4867826,107119783.33
2019-10-14,002568,10.59130476,10.7708184,10.2856464,10.552491,4017846,86798898.07
2019-10-15,002568,10.5039738,10.61071164,10.24683264,10.5767496,2824146,60708923.91
2019-10-16,002568,10.58160132,11.15410428,10.42149456,11.07162504,5765226,129247901.26
2019-10-17,002568,11.0619216,11.48887296,10.92122172,11.43065232,5516385,127768009.37
2019-10-18,002568,11.401542,11.58590736,11.30935932,11.36757996,4757953,112125226.73
2019-10-21,002568,11.33846964,11.886714,11.21717664,11.886714,4654396,111811236.82
2019-10-22,002568,11.8139382,12.0322656,11.45491092,11.67323832,4932373,118659361.56
2019-10-23,002568,11.55679704,11.5956108,11.25113868,11.280249,3954454,92644590.48
2019-10-24,002568,11.26569384,11.40639372,11.158956,11.27539728,2443425,56809659.94
2019-10-25,002568,11.22202836,11.54224188,11.22202836,11.4500592,2116646,49978326.15
2019-10-28,002568,12.03711732,12.2991102,11.20262148,11.98860012,8040108,196206016.54
2019-10-29,002568,11.98860012,12.493179,11.89156572,12.41069976,4999668,125913087.55
2019-10-30,002568,12.1293,12.35733084,11.95463808,12.2748516,3028881,75948891.4
2019-10-31,002568,12.2263344,13.1966784,12.1293,12.93468552,6101013,160820147.92
2019-11-01,002568,13.01231304,13.95839844,12.735765,13.44896784,9496862,263384740.37
2019-11-04,002568,13.42470924,14.191281,13.2937128,13.9729536,7836612,224164803.79
2019-11-05,002568,13.97780532,14.09909832,13.584816,13.94384328,4943699,141157803.89
2019-11-06,002568,13.8759192,14.02632252,13.69155384,13.96325016,3161752,90324616.3
2019-11-07,002568,13.96325016,14.14761552,13.38589548,13.63818492,4568942,128205539.99
2019-11-08,002568,13.71581244,13.78373652,13.39559892,13.52174364,3873622,108749107.35
2019-11-11,002568,13.39559892,13.66244352,13.0268682,13.15786464,5971207,163647548.97
2019-11-12,002568,13.16756808,13.34223,12.6629892,12.98805444,5441426,144952942.21
2019-11-13,002568,13.0511268,13.12875432,12.80368908,12.99775788,3775884,100901467.2
2019-11-14,002568,13.00746132,13.23064044,12.79398564,13.04142336,5469739,146412300.06
2019-11-15,002568,13.10934744,13.10934744,12.69695124,12.69695124,3783365,100652614.34
2019-11-18,002568,12.69695124,12.84250284,12.37673772,12.70180296,4547295,118873066.05
2019-11-19,002568,12.72120984,12.88616832,12.6387306,12.80368908,4473285,117730804.0
2019-11-20,002568,12.85220628,12.94924068,12.45921696,12.6387306,3789845,98779443.85
2019-11-21,002568,12.65813748,12.65813748,12.34277568,12.45436524,3566848,91807378.41
2019-11-22,002568,12.57080652,12.8085408,11.67323832,12.06137592,5335544,135299820.64
2019-11-25,002568,12.05167248,12.34277568,11.7896796,11.9594898,3744568,92868680.28
2019-11-26,002568,12.1050414,12.41069976,11.8139382,11.8624554,5176825,128715641.71
2019-11-27,002568,11.96434152,12.41555148,11.89156572,12.18266892,4944465,124121694.87
2019-11-28,002568,12.18266892,13.23064044,12.18266892,13.1239026,8071397,214759761.08
2019-11-29,002568,13.1239026,13.27430592,12.55139964,12.86190972,6823059,181135781.69
2019-12-02,002568,12.98805444,12.98805444,12.4689204,12.493179,4345881,112947938.58
2019-12-03,002568,12.371886,12.64843404,12.13415172,12.31366536,4753355,120898612.66
2019-12-04,002568,12.26999988,12.4446618,12.13900344,12.2748516,2556405,64642861.39
2019-12-05,002568,12.2748516,12.41069976,12.18266892,12.26999988,2816765,71323827.02
2019-12-06,002568,12.29425848,12.53684448,12.1778172,12.38158944,3496826,89292866.43
2019-12-09,002568,12.4446618,13.18697496,12.05167248,12.14870688,5887723,152201290.93
2019-12-10,002568,12.1293,12.14385516,11.7411624,11.82849336,4883054,119595048.54
2019-12-11,002568,11.90612088,11.94978636,11.71205208,11.78482788,2594475,63245265.75
2019-12-12,002568,11.82849336,11.89641744,11.6926452,11.7896796,2015590,48992456.67
2019-12-13,002568,11.886714,12.12444828,11.85275196,12.04196904,2838152,70118294.07
2019-12-16,002568,12.11959656,12.2748516,11.8624554,11.96919324,2793932,69001303.66
2019-12-17,002568,11.99830356,12.05167248,11.76056928,11.92552776,3086216,75564796.39
2019-12-18,002568,11.96919324,12.70180296,11.94978636,12.63387888,7362431,188454743.2
2019-12-19,002568,12.50288244,12.5902134,12.250593,12.36218256,4390076,111835119.24
2019-12-20,002568,12.3476274,12.5174376,12.1778172,12.43981008,2941407,74814406.89
2019-12-23,002568,12.28455504,13.04627508,12.28455504,12.7600236,6797222,178795886.92
2019-12-24,002568,12.82309596,13.20638184,12.735765,13.08994056,5225231,140165153.13
2019-12-25,002568,13.25004732,13.25004732,12.53199276,12.614472,4440939,117288618.3
2019-12-26,002568,12.614472,12.67269264,12.3233688,12.3961446,3379492,86549168.1
2019-12-27,002568,12.26514816,12.67754436,12.24088956,12.38158944,3297934,84825458.06
2019-12-30,002568,12.2991102,12.59506512,12.2020758,12.57565824,2329707,59903743.71
2019-12-31,002568,12.58050996,12.89587176,12.58050996,12.74546844,2610408,68518300.38
2020-01-02,002568,12.9055752,12.9055752,12.493179,12.57565824,4032724,104855158.82
2020-01-03,002568,12.57080652,12.57565824,12.3476274,12.4689204,3399028,87196846.02
2020-01-06,002568,12.37673772,12.44951352,12.26514816,12.36703428,2469695,62914305.22
2020-01-07,002568,12.41069976,12.89102004,12.35247912,12.80368908,3613863,94779562.82
2020-01-08,002568,12.75032016,12.75517188,12.06137592,12.12444828,6064072,154166271.11
2020-01-09,002568,12.18266892,12.36218256,12.12444828,12.24088956,3895540,98299591.53
2020-01-10,002568,12.26999988,12.857058,12.26999988,12.74546844,5595794,145661912.58
2020-01-13,002568,12.8085408,13.18212324,12.76487532,13.0753854,4607221,123315590.63
2020-01-14,002568,13.08994056,13.13845776,12.65328576,12.6872478,3415546,90198107.63
2020-01-15,002568,12.74061672,13.67214696,12.74061672,13.50718848,7494583,206195058.38
2020-01-16,002568,13.5120402,14.00206392,13.50718848,13.8516606,5825641,165795084.12
2020-01-17,002568,13.68670212,14.01176736,13.584816,13.81284684,3304511,93855479.45
2020-01-20,002568,13.71581244,14.0942466,13.58966772,14.00691564,3862692,110894242.26
2020-01-21,002568,14.00206392,14.2640568,13.36163688,13.76918136,4157372,118075217.68
2020-01-22,002568,13.827402,14.069988,13.47322644,13.91473296,3747865,106737675.85
2020-01-23,002568,13.74977448,14.01176736,12.614472,13.17727152,4230694,116981251.46
2020-02-03,002568,11.85760368,11.85760368,11.85760368,11.85760368,891900,21798036.0
2020-02-04,002568,11.0134044,11.79453132,11.0134044,11.6683866,8359179,196165377.55
2020-02-05,002568,11.67809004,11.9594898,11.44520748,11.64897972,4218184,101628858.18
2020-02-06,002568,11.7411624,11.77997616,11.280249,11.65383144,4143625,98441132.48
2020-02-07,002568,11.5713522,11.5713522,11.22202836,11.3530248,3773551,88401520.53
2020-02-10,002568,11.34817308,12.36703428,11.158956,12.1293,6126088,150834292.89
2020-02-11,002568,12.13415172,12.5659548,11.96434152,12.45921696,3437994,87178071.6
2020-02-12,002568,12.43010664,12.94438896,12.38158944,12.93953724,3781773,98740294.03
2020-02-13,002568,12.99290616,13.3179714,12.75032016,12.99775788,2951636,79045213.53
2020-02-14,002568,12.9298338,13.099644,12.614472,12.90072348,2924585,77330758.93
2020-02-17,002568,12.857058,13.2451956,12.77457876,12.98320272,3384050,90960044.52
2020-02-18,002568,13.099644,13.81769856,13.00746132,13.75947792,3733142,104066820.44
2020-02-19,002568,13.7303676,14.2397982,13.62362976,14.09909832,4223615,121902882.87
2020-02-20,002568,14.0457294,14.54545656,13.9972122,14.27861196,3594100,105544928.63
2020-02-21,002568,14.10880176,14.3853498,13.8759192,14.13306036,3186007,92801269.44
2020-02-24,002568,14.27376024,15.52065228,14.07969144,15.43817304,6185478,191461059.58
2020-02-25,002568,15.14706984,15.90393816,14.8462632,15.77294172,5563594,177870239.04
2020-02-26,002568,15.45757992,15.85542096,14.94814932,14.98696308,4728298,149683716.65
2020-02-27,002568,14.94814932,15.6710556,14.797746,15.22954908,4065038,127666736.2
2020-02-28,002568,14.7007116,15.51580056,14.60852892,14.74437708,3880915,120075765.77
2020-03-02,002568,14.919039,15.52065228,14.919039,15.34113864,3033271,95389505.43
2020-03-03,002568,15.39450756,16.73358228,15.39450756,16.27266888,4549679,152030780.55
2020-03-04,002568,16.41336876,16.42792392,15.86027268,16.27266888,2827627,94273002.89
2020-03-05,002568,16.27266888,17.45648856,16.23870684,17.01498204,4481831,157175800.12
2020-03-06,002568,16.98102,17.36430588,16.5928824,16.79665464,2478594,86464557.86
2020-03-09,002568,16.6413996,16.95190968,16.23385512,16.37940672,3455860,117713866.84
2020-03-10,002568,16.21444824,17.02468548,15.58857636,16.29207576,5459007,181196941.92
2020-03-11,002568,16.23870684,16.5928824,15.9136416,15.91849332,3482887,116222835.16
2020-03-12,002568,15.70501764,15.78264516,15.24410424,15.4769868,3783796,120815581.92
2020-03-13,002568,14.7249702,15.3071766,14.6036772,15.05488716,3790969,117200394.95
2020-03-16,002568,15.26836284,15.61283496,13.9244364,14.069988,4734985,143284855.09
2020-03-17,002568,14.24464992,14.5066428,13.54115052,14.03117424,4051903,117026165.63
2020-03-18,002568,14.191281,14.45327388,13.70125728,13.706109,3942923,115177182.75
2020-03-19,002568,13.75947792,14.03602596,12.86676144,13.47807816,5966751,164584142.55
2020-03-20,002568,13.69155384,13.9729536,13.25975076,13.71581244,3714088,104447419.44
2020-03-23,002568,13.56540912,14.00206392,13.10449572,13.7303676,4373270,122528151.65
2020-03-24,002568,13.90988124,14.6521944,13.6333332,14.55516,5415523,158633536.66
2020-03-25,002568,14.8462632,15.29262144,14.55516,15.08399748,4143610,128135777.07
2020-03-26,002568,15.1858836,15.76809,14.85111492,15.44787648,4369495,139136361.43
2020-03-27,002568,15.525504,16.58317896,15.3314352,16.41336876,4721985,156567443.08
2020-03-30,002568,16.3502964,16.68021336,15.67590732,15.95730708,3659886,120548902.7
2020-03-31,002568,15.9864174,16.62199272,15.525504,16.48129284,5226734,174672338.3
2020-04-01,002568,16.36485156,16.98102,16.1562276,16.5686238,5629449,192130010.85
2020-04-02,002568,16.36485156,16.72873056,15.82631064,16.72873056,4086959,137776903.88
2020-04-03,002568,16.58803068,16.90339248,15.87482784,16.06404492,4512556,151674099.15
2020-04-07,002568,16.23385512,17.14112676,16.23385512,16.80635808,4862976,168567191.81
2020-04-08,002568,16.76754432,16.84032012,16.29207576,16.34544468,5158707,174980102.32
2020-04-09,002568,16.43762736,17.21390256,16.19018964,17.06835096,3971359,137742738.9
2020-04-10,002568,17.06835096,17.20419912,16.63169616,16.71902712,2670078,92797063.54
2020-04-13,002568,16.7141754,17.12171988,16.4473308,16.85002356,2171039,75422017.02
2020-04-14,002568,16.9325028,17.68937112,16.5928824,17.61659532,4673367,166312468.63
2020-04-15,002568,17.4904506,17.8543296,15.9136416,16.0349346,9471956,325114502.1
2020-04-16,002568,15.83116236,16.34544468,15.3314352,15.64194528,6790474,220581573.34
2020-04-17,002568,15.8166072,15.9621588,15.46728336,15.51094884,3650208,118069610.96
2020-04-20,002568,15.4527282,15.68561076,15.33628692,15.52065228,2489438,79448080.24
2020-04-21,002568,15.52065228,15.6710556,15.3314352,15.42361788,2062800,65715945.89
2020-04-22,002568,15.48183852,15.97186224,15.161625,15.94760364,3716483,120534463.73
2020-04-23,002568,15.94760364,16.09800696,15.67590732,15.75838656,3105238,101405324.71
2020-04-24,002568,16.98102,17.33519556,16.98102,17.33519556,8471602,301859876.94
2020-04-27,002568,16.99557516,17.69907456,16.99557516,17.53411608,9124855,327511358.04
2020-04-28,002568,17.54381952,18.7276392,17.38371276,18.7276392,8556297,321525121.77
2020-04-29,002568,18.79071156,20.22682068,18.53842212,19.6737246,10620235,428634120.16
2020-04-30,002568,18.921708,19.9890864,18.67427028,18.9944838,7487801,295795027.19
2020-05-06,002568,18.80526672,20.013345,18.7518978,19.892052,6077361,243480370.06
2020-05-07,002568,19.76105556,20.34326196,19.40688,19.69313148,4612327,187581010.35
2020-05-08,002568,19.50876612,19.85808996,19.164294,19.59609708,6560623,264744529.9
2020-05-11,002568,19.82897964,20.27048616,19.4311386,19.61550396,4679782,190738898.79
2020-05-12,002568,19.89690372,20.32385508,19.40688,20.12008284,5358077,220718318.92
2020-05-13,002568,19.88234856,20.97398556,19.88234856,20.6683272,6246127,264844058.58
2020-05-14,002568,20.45485152,21.77451936,20.377224,21.7357056,6368461,279012545.99
2020-05-15,002568,21.5658954,22.27909824,21.104982,21.93947784,4999938,222797469.41
2020-05-18,002568,21.9055158,22.64782896,21.67748496,21.85214688,4070052,185219041.91
2020-05-19,002568,21.85214688,22.94378388,21.4931196,22.82249088,3707001,171612482.45
2020-05-20,002568,22.8516012,23.4338076,21.9782916,22.196619,3568403,165106861.22
2020-05-21,002568,22.196619,22.6575324,21.711447,22.07047428,3456437,157274593.91
2020-05-22,002568,22.2693948,22.4149464,21.2505336,21.53678508,4385317,195773512.15
2020-05-25,002568,21.92007096,22.2451362,21.104982,21.83759172,3621362,161735582.13
2020-05-26,002568,22.11899148,22.317912,21.68233668,21.83274,3383059,152781214.66
2020-05-27,002568,22.02195708,22.64782896,21.69204012,21.84244344,3994214,181988510.28
2020-05-28,002568,21.6144126,22.25969136,21.37667832,22.2451362,2826001,127636161.96
2020-05-29,002568,22.1481018,23.10874236,22.03166052,22.98744936,3846745,179835838.87
2020-06-01,002568,23.07963204,23.42895588,22.2693948,22.30335684,5154269,239498432.89
2020-06-02,002568,22.34702232,22.34702232,20.07156564,20.07156564,9775643,419597315.73
2020-06-03,002568,19.93086576,20.4742584,19.71253836,20.28989304,7350895,305668207.04
2020-06-04,002568,20.14434144,20.61010656,19.7950176,20.25107928,5843379,243038223.28
2020-06-05,002568,20.3529654,20.52762732,19.71253836,19.94542092,4229472,174417249.22
2020-06-08,002568,20.0861208,20.32385508,19.4553972,19.76590728,5200291,212171874.83
2020-06-09,002568,19.80472104,20.75080644,19.649466,20.55188592,5106763,213461159.74
2020-06-10,002568,20.70714096,21.2505336,20.47911012,20.983689,4570314,197331942.49
2020-06-11,002568,21.09527856,21.24568188,20.28504132,20.51307216,3712154,158332149.07
2020-06-12,002568,20.27048616,21.14864748,19.95027264,20.9594304,2682450,114634008.75
2020-06-15,002568,21.09527856,21.4446024,20.69743752,21.0079476,3258745,141255738.13
2020-06-16,002568,21.0079476,21.7357056,20.90120976,21.65322636,3920714,172981831.08
2020-06-17,002568,21.65322636,21.65322636,20.1103794,20.5712928,8784332,371874356.9
2020-06-18,002568,20.377224,20.53733076,20.0618622,20.45970324,3371400,141292890.34
2020-06-19,002568,20.377224,21.26023704,20.36752056,21.23597844,4234686,182515156.79
2020-06-22,002568,21.0564648,21.31845768,19.8435348,20.377224,6034197,253532062.12
2020-06-23,002568,20.3287068,21.590154,20.26078272,21.06131652,6526117,283280817.98
2020-06-24,002568,21.1534992,21.24568188,20.27048616,20.741103,5420214,230979585.58
2020-06-29,002568,20.47911012,21.2020164,20.38692744,20.7653616,3613005,154686165.21
2020-06-30,002568,20.77506504,22.10928804,20.77506504,21.98799504,5758861,256797868.01
2020-07-01,002568,21.9782916,22.4634636,21.4446024,21.91036752,4788629,216504549.07
2020-07-02,002568,21.8812572,22.26454308,21.45915756,21.73085388,5834300,262553855.36
2020-07-03,002568,21.7599642,21.9297744,20.7653616,21.66778152,6189553,274087971.5
2020-07-06,002568,23.288256,23.83650036,22.32276372,23.83650036,5361213,257023652.45
2020-07-07,002568,24.24889656,24.53999976,22.7545668,24.2828586,10192096,497669730.13
2020-07-08,002568,24.2828586,25.67045052,23.88986928,25.38419904,5606642,290158411.13
2020-07-09,002568,24.8893236,25.5200472,24.41870676,25.3017198,4804686,248373970.24
2020-07-10,002568,25.0591338,26.64564624,25.0591338,26.15562252,4061402,218167645.07
2020-07-13,002568,26.1022536,26.77664268,25.71896772,26.68446,4495239,244513054.31
2020-07-14,002568,26.42731884,26.47583604,25.36479216,26.2963224,4766291,254540430.87
2020-07-15,002568,26.30117412,27.0725976,25.66074708,26.16532596,4501834,245710468.76
2020-07-16,002568,26.3448396,27.0240804,24.1858242,24.46722396,5985159,317687811.54
2020-07-17,002568,24.51574116,25.9081848,24.11790012,25.23379572,4977145,257168047.93
2020-07-20,002568,25.714116,25.89848136,24.0645312,24.5497032,5881989,296537414.78
2020-07-21,002568,24.68069964,25.228944,24.18097248,24.98150628,5125699,261060206.74
2020-07-22,002568,24.7922892,25.76748492,24.57881352,25.52489892,3371229,176661906.82
2020-07-23,002568,25.51034376,26.563167,25.228944,26.42731884,4700417,252977719.07
2020-07-24,002568,26.441874,26.45157744,24.0645312,24.1615656,7932509,407223408.22
2020-07-27,002568,24.3313758,25.1319096,23.31736632,23.6278764,7217793,355656472.91
2020-07-28,002568,24.2100828,24.92813736,23.67154188,24.743772,4853438,243369808.01
2020-07-29,002568,24.501186,25.13676132,24.26345172,25.11735444,6244478,318861022.54
2020-07-30,002568,25.57341612,26.441874,24.1615656,24.96695112,10852597,563524655.18
2020-07-31,002568,25.3259784,26.5874256,25.28716464,26.3933568,8606747,462046942.05
2020-08-03,002568,26.60198076,29.03269248,26.3448396,29.03269248,8867965,503758565.11
2020-08-04,002568,28.8192168,29.76045048,28.58148252,29.11032,5538546,331677209.89
2020-08-05,002568,29.02298904,29.68767468,28.75129272,29.2558716,5218533,313794151.08
2020-08-06,002568,29.4984576,29.76045048,28.94536152,29.231613,3404552,205875021.1
2020-08-07,002568,29.352906,29.62945404,28.51841016,29.16368892,4811739,288598471.86
2020-08-10,002568,29.05209936,29.89629864,28.82406852,29.20250268,5402415,326872326.46
2020-08-11,002568,29.4014232,30.0321468,28.139976,28.382562,5802533,348300939.59
2020-08-12,002568,28.382562,28.8434754,26.73782892,27.03378384,6789676,383125115.76
2020-08-13,002568,27.4607352,27.78580044,26.73782892,26.8785288,4872899,271691425.59
2020-08-14,002568,26.82515988,27.88768656,26.7572358,27.81976248,4115742,232948316.2
2020-08-17,002568,27.8246142,28.13512428,27.1211148,27.7033212,3756741,213448185.11
2020-08-18,002568,27.53836272,29.73134016,27.4607352,29.4256818,6571174,390395175.46
2020-08-19,002568,29.2073544,30.07581228,28.7221824,28.76584788,3984268,239852087.87
2020-08-20,002568,28.76584788,29.29953708,28.4310792,29.0375442,3949691,235786208.98
2020-08-21,002568,29.11032,29.51786448,28.867734,29.2801302,3945718,238027277.64
2020-08-24,002568,29.7895608,29.7895608,28.625148,29.4256818,3058182,184944949.39
2020-08-25,002568,29.6440092,30.80357028,29.44023696,29.9108538,4165883,258828267.83
2020-08-26,002568,30.04185024,30.04185024,28.99873044,29.28498192,3611195,218211288.31
2020-08-27,002568,29.47118602,29.9416273,28.912537,29.81421612,2939772,176603750.72
2020-08-28,002568,29.74070967,30.42186944,29.2065628,30.39736729,3696184,227028528.8
2020-08-31,002568,30.382666,30.67179137,29.9906316,29.9906316,3512421,216991373.91
2020-09-01,002568,30.06413805,30.50517675,29.1575585,29.79951483,3878578,234348877.44
2020-09-02,002568,29.8436187,30.4806746,28.11866734,29.05464947,7286403,428250873.59
2020-09-03,002568,29.05464947,29.6966058,28.0304596,28.40779271,4237361,250130658.85
2020-09-04,002568,27.77073681,28.02065874,26.7073435,27.89814799,5701646,318249278.02
2020-09-07,002568,28.422494,28.65281421,26.6583392,26.81025253,4087016,230636735.81
2020-09-08,002568,26.96706629,27.7854381,26.22220093,26.54072888,4312939,234932070.16
2020-09-09,002568,25.98207986,26.19279835,24.78637494,24.88438354,4469216,230790025.1
2020-09-10,002568,24.89908483,25.482236,24.67366505,24.87458268,3155721,161432222.87
2020-09-11,002568,24.53155258,25.6782532,24.49234914,25.1882102,3362075,172437614.36
2020-09-14,002568,25.5312403,26.5603306,25.14410633,26.23200179,5000128,265780017.83
2020-09-15,002568,26.462322,27.57471961,26.27610566,27.47181058,5319015,294769620.42
2020-09-16,002568,27.1973865,27.87854627,26.27610566,26.61423533,3853092,210711830.89
2020-09-17,002568,26.3153091,26.61423533,25.24211493,25.7762618,4982317,261419455.84
2020-09-18,002568,25.80566438,26.92786285,25.60964718,26.7563478,4130466,222236856.36
2020-09-21,002568,26.89846027,27.0993779,26.462322,26.65343877,2046310,111415536.28
2020-09-22,002568,26.3643134,27.1973865,26.22220093,26.94746457,2824724,154163887.52
2020-09-23,002568,26.67304049,27.78053767,26.48682415,27.33949897,2636772,146725098.95
2020-09-24,002568,27.3934037,27.61882348,26.37411426,26.44272028,3133272,171932806.95
2020-09-25,002568,29.07425119,29.08895248,27.932451,29.08895248,6245774,368009740.11
2020-09-28,002568,29.13795678,31.52446619,28.92723829,31.33824985,10925238,673259022.03
2020-09-29,002568,31.33824985,31.77438812,30.56398191,30.83350556,6388364,404683480.33
2020-09-30,002568,30.88250986,31.4607606,30.872709,31.29904641,3786371,241348734.02
2020-10-09,002568,31.852795,32.0978165,31.0687262,31.58817178,4043187,259766575.7
2020-10-12,002568,31.58327135,31.6567778,30.88250986,31.20103781,5852581,373840753.08
2020-10-13,002568,31.1177305,31.5097649,30.91681287,31.362752,2773396,176497895.16
2020-10-14,002568,31.57837092,32.77407584,31.26964383,32.50945262,5733217,376840719.96
2020-10-15,002568,32.3918423,32.7838767,31.95570403,32.6858681,2959378,196374357.45
2020-10-16,002568,32.832881,33.45033518,32.35263886,32.64666466,3438817,230037854.74
2020-10-19,002568,32.64666466,32.83778143,31.5097649,31.72538382,3477248,227275334.55
2020-10-20,002568,32.0488122,32.7348724,31.65187737,32.5878595,3216454,212841666.77
2020-10-21,002568,32.81327928,32.832881,30.81390384,31.5097649,3707519,238390856.98
2020-10-22,002568,31.18143609,31.18143609,29.81911655,30.42186944,4347123,268564917.69
2020-10-23,002568,30.872709,32.29873413,30.40716815,31.05892534,5951174,381892143.17
2020-10-26,002568,31.05892534,32.06841392,30.38756643,31.88219758,3727288,238211451.65
2020-10-27,002568,31.9508036,33.15630938,31.61267393,32.89168616,4415276,294370115.24
2020-10-28,002568,32.832881,34.1069928,32.59766036,33.77866399,5341836,366304839.08
2020-10-29,002568,33.2739197,34.19520054,33.0779025,33.3719283,4146924,283788052.46
2020-10-30,002568,33.78356442,33.78356442,32.24972983,32.68096767,3957663,265553450.39
2020-11-02,002568,33.01909734,33.74436098,32.60256079,33.12200637,2648640,179156167.8
2020-11-03,002568,33.31802357,33.50423991,32.37224058,33.40623131,2004131,135288948.19
2020-11-04,002568,32.832881,34.2540057,32.832881,33.82766829,2765129,189988216.4
2020-11-05,002568,34.30301,34.49412677,33.48953862,33.76886313,2029894,140652505.76
2020-11-06,002568,33.77376356,33.93547775,32.7348724,33.7639627,3252674,220724023.96
2020-11-09,002568,34.04818764,34.17559882,33.13670766,33.72475926,3268697,223812077.51
2020-11-10,002568,33.6169498,37.06195209,33.10240465,36.10146781,5911238,428183639.89
2020-11-11,002568,36.11126867,37.02764908,35.70453298,36.0181605,4215506,312191167.99
2020-11-12,002568,35.77803943,37.41968348,35.53301793,37.06685252,4035218,302616295.39
2020-11-13,002568,36.43959748,36.9982465,35.31739901,36.58170995,3689916,272451519.83
2020-11-16,002568,36.54250651,37.8803239,36.27788329,36.96884392,4653459,352955690.41
2020-11-17,002568,37.5862981,37.6353024,36.7042207,37.18936327,2897102,219525292.18
2020-11-18,002568,37.16976155,38.1253454,36.5572078,37.28247144,4710188,358458248.82
2020-11-19,002568,37.27757101,40.94309265,36.84143274,40.00221009,6218205,500672757.71
2020-11-20,002568,39.84539633,41.8006679,39.28184688,41.43803608,5216512,428603648.46
2020-11-23,002568,41.4086335,41.90357693,40.34524019,40.41384621,4571250,382827793.45
2020-11-24,002568,40.183526,41.4086335,39.45826236,41.3106249,3092458,256429346.83
2020-11-25,002568,41.0165991,41.14891071,37.17956241,37.43438477,6678901,516757276.28
2020-11-26,002568,36.28278372,38.05673938,34.03838678,36.91003876,8512979,628211132.45
2020-11-27,002568,36.76792629,37.733311,35.53301793,37.5862981,3633099,274315691.47
2020-11-30,002568,37.57159681,37.58139767,35.5771218,37.51279165,7463756,556872362.42
2020-12-01,002568,37.23836757,37.23836757,36.02306093,36.52780522,3978552,296598067.85
2020-12-02,002568,36.49840264,36.49840264,34.95476719,35.26349428,5591419,404260894.33
2020-12-03,002568,35.61632524,37.1942637,34.93026504,36.93944134,4372734,325124582.43
2020-12-04,002568,36.91493919,38.9584185,36.263182,38.64479098,3559786,273740532.02
2020-12-07,002568,38.48307679,39.20344,38.223354,39.19853957,2868784,227391987.82
2020-12-08,002568,39.09563054,39.93360407,38.47817636,39.1544357,2260199,179947309.37
2020-12-09,002568,38.7624013,43.06987927,38.70359614,43.06987927,6817489,576414732.33
2020-12-10,002568,43.123784,45.51519384,42.39852036,44.3978958,6595100,592203160.73
2020-12-11,002568,44.17737645,45.7700162,43.67753259,44.23618161,6029098,551097363.91
2020-12-14,002568,44.26558419,46.1130463,44.10387,45.17706417,4638678,429064752.1
2020-12-15,002568,44.84873536,47.31365165,44.84873536,46.79420607,5613138,530846115.74
2020-12-16,002568,46.6030893,48.24963378,46.33356565,47.20094176,4235562,409130248.3
2020-12-17,002568,46.9951237,48.45545184,46.71579919,47.25974692,4009386,390196104.0
2020-12-18,002568,47.00492456,48.26433507,46.7501022,47.7301882,3276641,318659607.27
2020-12-21,002568,47.73508863,48.90139097,47.4361624,48.59756431,3549261,350568423.05
2020-12-22,002568,48.42114883,48.99449914,46.91181639,48.60246474,3253500,318706800.84
2020-12-23,002568,47.93110583,48.9062914,46.3090635,47.28424907,4100441,398479365.42
2020-12-24,002568,47.28424907,48.1712269,45.89742738,46.96082069,3132530,300628128.2
2020-12-25,002568,46.58838801,47.4361624,44.75562719,47.04902843,3335373,315847991.28
2020-12-28,002568,48.24473335,49.0533043,47.80369465,48.68087162,3077133,304600284.68
2020-12-29,002568,48.22513163,50.31761524,47.83309723,49.3473301,3164321,315285300.0
2020-12-30,002568,49.27872408,50.69494835,48.67597119,49.82757224,2773027,282438000.96
2020-12-31,002568,49.99418686,52.6796225,49.84227353,51.10658447,2674948,281391079.07
2021-01-04,002568,51.44961457,56.1099235,51.2094935,55.67378523,4120146,458109775.99
2021-01-05,002568,55.6198805,56.04131748,52.75312895,54.48788117,5769506,646092876.71
2021-01-06,002568,54.94852159,55.7668934,53.05205518,54.13014978,3347384,370355837.81
2021-01-07,002568,54.09584677,55.02202804,52.86583884,54.7868074,3241042,357173634.32
2021-01-08,002568,54.72800224,56.77148155,53.1696655,54.1497515,2892773,321378649.45
2021-01-11,002568,53.51759603,55.26214911,50.90076641,54.28696354,3567369,387239517.07
2021-01-12,002568,53.30197711,56.13442565,52.924644,54.15955236,3728881,415041188.84
2021-01-13,002568,54.12524935,54.15955236,51.85144983,53.06675647,3460755,374602346.25
2021-01-14,002568,52.62571777,53.19906808,51.13598705,51.3565064,2575147,272854660.76
2021-01-15,002568,50.95957157,51.06738103,48.5632613,50.26861094,4661315,472815327.61
2021-01-18,002568,52.4836053,55.29645212,52.32679154,55.29645212,5326340,596506115.69
2021-01-19,002568,55.85020071,57.87897873,54.9338203,57.87897873,7813992,912830817.89
2021-01-20,002568,57.0900095,57.335031,55.06123148,56.15402737,5038419,578287521.38
2021-01-21,002568,56.844988,58.80025957,56.08542135,56.96749875,4993495,582749982.22
2021-01-22,002568,57.88387916,58.16320367,55.98741275,56.2569364,3403544,395268796.63
2021-01-25,002568,56.26183683,59.0991858,56.26183683,58.50623377,6467380,764951544.02
2021-01-26,002568,58.1190998,58.91296946,56.8939923,58.04559335,2826742,335152066.23
2021-01-27,002568,58.0700955,58.72675312,55.864902,58.2171084,3141233,367581249.02
2021-01-28,002568,57.84957615,59.00607763,56.96749875,57.07040778,3260883,385772446.61
2021-01-29,002568,56.7469794,58.69735054,56.5999665,58.4621299,6441499,760650042.35
2021-02-01,002568,58.47193076,58.96197376,56.92339488,57.84957615,4026688,475283142.13
2021-02-02,002568,58.05539421,62.02964294,56.9920009,60.89274318,5331626,649492905.2
2021-02-03,002568,61.26027543,66.15090457,60.4223019,65.175719,5098684,660989732.13
2021-02-04,002568,64.98460223,68.00326711,64.20053343,65.4207405,4457899,599137004.18
2021-02-05,002568,65.85197834,66.34202134,63.20574614,65.04340739,3364466,444900539.6
2021-02-08,002568,64.39655063,65.88628135,63.6565857,65.28352846,2769955,366002344.48
2021-02-09,002568,64.8326889,66.57724198,64.24953773,65.97938952,2823880,377941008.33
2021-02-10,002568,65.87158006,68.60111957,65.87158006,68.17968259,2684499,369411990.6
2021-02-18,002568,68.60602,69.55670342,63.7545943,65.4207405,4661971,627906025.69
2021-02-19,002568,65.4207405,67.0868867,61.00055264,63.96041236,5388897,696749361.93
2021-02-22,002568,62.77940873,63.3135556,57.56535121,57.56535121,7550870,904490019.3
2021-02-23,002568,55.864902,56.9429966,53.69891194,54.36046999,9707933,1094600373.5
2021-02-24,002568,54.40947429,55.00242632,51.36630726,51.92985671,5909262,637061155.09
2021-02-25,002568,52.25818552,52.6796225,48.6612699,49.17581505,8592993,876721832.14
2021-02-26,002568,48.4652527,48.4652527,46.064042,47.71548691,6365891,613363668.54
2021-03-01,002568,48.5632613,48.68577205,45.0349517,46.31396393,7321257,688142169.52
2021-03-02,002568,47.534171,48.3182398,45.66710717,46.554085,8222324,787050356.84
2021-03-03,002568,46.56388586,47.77429207,45.39268309,47.3871581,4870743,467400328.94
2021-03-04,002568,47.16663875,47.31365165,44.6429173,46.4560764,4874189,458351247.17
2021-03-05,002568,44.94674396,46.83340951,44.593913,46.4070721,4049728,379386338.5
2021-03-08,002568,46.41197253,47.20584219,42.8787625,42.9277668,5400605,490386852.31
2021-03-09,002568,42.633741,43.3688055,41.163612,41.34002748,6492647,557668003.19
2021-03-10,002568,42.3887195,45.06435428,41.95258123,44.34399107,6932642,619550464.45
2021-03-11,002568,43.89805194,45.92682996,43.22669303,45.4269861,4767887,438218405.54
2021-03-12,002568,45.88762652,46.54918457,43.9568571,45.14276116,3439308,316564408.05
2021-03-15,002568,44.31458849,44.4959044,42.95716938,44.00096097,4665223,414731411.02
2021-03-16,002568,44.54000827,46.69129704,44.08916871,45.64750545,5298519,493325529.32
2021-03-17,002568,45.49559212,46.93141811,43.59912571,46.2110549,4591428,429410371.67
2021-03-18,002568,46.63249188,50.83216039,46.15715017,50.83216039,6204392,625383941.75
2021-03-19,002568,49.07290602,50.74395265,48.024214,48.1712269,5314660,533390017.26
2021-03-22,002568,48.18102776,49.1513129,46.30416307,47.34795466,3077357,298652367.44
2021-03-23,002568,46.8481108,49.0043,46.554085,48.71517463,3656074,359014510.16
2021-03-24,002568,48.08791959,50.80765824,47.8281968,48.5632613,4776152,482947838.17
2021-03-25,002568,47.46066455,48.8572871,46.8481108,48.57306216,3586162,349820150.52
2021-03-26,002568,49.48944257,50.09709589,47.81839594,49.41103569,3770095,377906091.92
2021-03-29,002568,49.6903602,52.27778724,48.65146904,51.93965757,4519919,471874477.14
2021-03-30,002568,51.51332016,52.69922422,51.07718189,52.05236746,2596163,274863150.44
2021-03-31,002568,55.36995857,56.5999665,52.51790831,53.414687,6136393,679003316.77
2021-04-01,002568,53.414687,56.79108327,52.924644,56.37944715,4202468,478320835.29
2021-04-02,002568,56.2569364,57.27132541,55.1298375,56.354945,3841640,439622270.25
2021-04-06,002568,55.70318781,56.87929101,53.08635819,55.09063406,3922718,437529956.24
2021-04-07,002568,54.44867773,56.1099235,53.35588184,55.65908394,3357069,374999869.86
2021-04-08,002568,54.81130955,57.07040778,53.93903301,57.02140348,2900200,330526399.16
2021-04-09,002568,56.23243425,56.844988,53.5126956,54.4437773,2529412,281385855.75
2021-04-12,002568,53.90473,54.884816,49.54824773,50.54303502,5311971,558916834.81
2021-04-13,002568,51.3075021,53.40978657,50.89096555,52.69432379,3194024,342662176.15
2021-04-14,002568,53.34118055,54.09094634,52.56201218,53.69891194,2553179,279376335.6
2021-04-15,002568,53.6597085,54.6887988,52.57671347,54.48788117,2492623,273241971.24
2021-04-16,002568,54.15955236,55.6198805,54.15465193,55.374859,2030480,228143609.71
2021-04-19,002568,55.374859,55.80119641,53.99293774,55.64438265,2930477,330066047.39
2021-04-20,002568,55.29155169,58.9031686,54.7868074,56.58036478,3975312,464706602.89
2021-04-21,002568,55.88940415,59.27070085,55.7668934,57.8740783,3110629,367280416.78
2021-04-22,002568,59.30010343,59.785246,55.97271146,57.0900095,4404190,514161782.75
2021-04-23,002568,56.96259832,59.3932116,56.71757682,58.1681041,4108431,487037620.25
2021-04-26,002568,57.52614777,61.09856124,57.52614777,59.52552321,3801751,463227229.58
2021-04-27,002568,60.0302675,60.9123449,58.78065785,60.82413716,2496227,305233436.48
2021-04-28,002568,59.7362417,61.73561714,59.60883052,61.38278618,2387639,296884610.27
2021-04-29,002568,61.38768661,63.27435216,60.0302675,61.49059564,3131701,393096815.92
2021-04-30,002568,60.8633406,61.89733133,59.7362417,61.02015436,2612687,323756069.32
2021-05-06,002568,59.0501815,61.32398102,57.0900095,57.0900095,4785859,573989936.56
2021-05-07,002568,59.74114213,59.74114213,57.2860267,57.82997443,3590718,428969609.01
2021-05-10,002568,57.70256325,60.11847524,57.23212197,58.0700955,2599155,310574128.66
2021-05-11,002568,57.335031,58.6091428,56.7469794,58.0210912,2366796,278833858.59
2021-05-12,002568,58.13870152,60.6183191,57.42813917,60.34389502,2850301,343660700.68
2021-05-13,002568,59.28050171,60.5203105,57.81037271,60.39289932,3002460,364899423.25
2021-05-14,002568,59.97146234,62.235461,59.41771375,61.56410209,3355332,418706353.08
2021-05-17,002568,61.57880338,67.0378824,61.57390295,66.155805,4473119,592637064.62
2021-05-18,002568,65.4207405,66.55764026,65.2737276,66.3028179,1566376,210456369.76
2021-05-19,002568,66.08229855,66.22931145,64.70037729,65.64125985,1536968,205146413.76
2021-05-20,002568,64.99440309,66.61644542,64.69057643,65.9107835,2280422,306657172.56
2021-05-21,002568,66.155805,66.645848,63.94571107,65.0777104,1762498,233880091.75
2021-05-24,002568,65.0777104,67.0868867,65.05810868,65.85687877,3048374,410544457.26
2021-05-25,002568,65.33743319,66.1068007,63.71049043,65.53835082,3431344,454544238.97
2021-05-26,002568,65.54815168,65.71966673,60.6183191,61.62290725,6306582,799911348.4
2021-05-27,002568,62.21585928,62.725504,58.9521729,62.725504,4255550,532182213.0
2021-05-28,002568,62.79901045,63.4115642,61.255375,62.63729626,3062482,389682419.49
2021-05-31,002568,62.22075971,62.9705255,59.8342503,60.4713062,7638380,946267881.36
2021-06-01,002568,60.4713062,60.55951394,57.1390138,58.80516,6913879,822673637.64
2021-06-02,002568,59.0011772,59.25109913,56.37944715,56.88419144,5775611,675577977.26
2021-06-03,002568,57.335031,59.62353181,56.49215704,57.43794003,5549869,656964845.64
2021-06-04,002568,57.335031,59.95676105,57.25662412,58.79535914,5197635,623272541.88
2021-06-07,002568,59.72644084,62.42167734,58.81496086,60.95644877,5698920,707156351.59
2021-06-08,002568,61.617349,61.7550414,56.3161916,56.79123038,9914375,838071502.39
2021-06-09,002568,56.52961482,56.6259995,53.95476694,55.80672972,8643309,695922718.54
2021-06-10,002568,56.453884,56.453884,54.58126736,55.09761386,6807473,546664864.05
2021-06-11,002568,54.93238298,55.5244603,53.23876646,55.5244603,8603724,681125042.4
2021-06-15,002568,55.2490755,58.38846222,54.92549836,57.63115402,8662386,716815638.93
2021-06-16,002568,58.51238538,58.51927,54.2852287,56.63976874,7613121,619678872.21
2021-06-17,002568,56.32307622,60.91511776,56.32307622,59.7240785,7232529,620347339.64
2021-06-18,002568,59.71030926,63.71027348,59.57950148,61.83765684,7890792,707937656.38
2021-06-21,002568,61.69307982,63.2008116,60.4469636,61.32131034,4933029,443442785.09
2021-06-22,002568,61.32819496,63.91681208,60.9977332,63.55881184,5485529,499918428.89
2021-06-23,002568,63.338504,63.3729271,60.1371557,60.584656,6634829,593472763.47
2021-06-24,002568,59.98569406,61.08034864,58.71203936,60.04077102,5614542,488949496.12
2021-06-25,002568,60.04077102,61.31442572,57.486577,60.88069466,6055234,525864442.53
2021-06-28,002568,61.52784894,61.53473356,59.896194,61.14919484,2793942,246552086.0
2021-06-29,002568,61.10788712,61.11477174,58.53992386,59.67588616,3835750,332618056.13
2021-06-30,002568,60.6535022,65.6448517,60.6535022,65.25931298,8956483,846658188.92
2021-07-01,002568,62.65692662,64.2335046,60.928887,60.928887,6866235,622904142.14
2021-07-02,002568,60.584656,60.59154062,56.3161916,57.67246174,5963756,503297992.13
2021-07-05,002568,58.1061928,59.8273478,56.73615342,57.52788472,6494413,548143497.92
2021-07-06,002568,57.97538502,58.09242356,53.75511296,55.6965758,8210302,660270023.94
2021-07-07,002568,55.9375375,57.7619618,55.42807562,57.50723086,5438574,446957099.39
2021-07-08,002568,57.16988448,57.68623098,54.8015752,55.54511416,4547475,370093501.57
2021-07-09,002568,55.15957544,55.15957544,51.67595772,53.43153582,6168621,475280433.77
2021-07-12,002568,53.011574,55.0081138,49.72761026,54.20261326,6776095,518992124.18
2021-07-13,002568,54.85665216,57.59673092,54.53995964,56.7292688,5873228,482685852.91
2021-07-14,002568,56.22669154,57.830808,55.06319076,57.16299986,5154349,424926930.24
2021-07-15,002568,56.798115,60.7223484,56.798115,60.56400214,6339289,549207233.01
2021-07-16,002568,60.6879253,60.928887,57.94784654,58.14750052,4730554,404075726.1
2021-07-19,002568,57.486577,59.78604008,56.89449968,58.74646246,3466678,296503915.64
2021-07-20,002568,58.40223146,59.33165516,57.43838466,58.80842404,3010948,255574702.44
2021-07-21,002568,58.80153942,59.49688604,58.16815438,58.64319316,4380800,374028744.65
2021-07-22,002568,58.6569624,59.1044627,55.27661398,57.05973056,6057277,497355848.1
2021-07-23,002568,57.01153822,57.01153822,52.92895856,54.72584438,6506851,512773876.55
2021-07-26,002568,54.37472876,54.42980572,50.72588016,51.53826532,5722642,433681021.87
2021-07-27,002568,52.31622738,53.011574,47.42814718,47.49010876,6940869,502626441.74
2021-07-28,002568,47.49010876,50.45737998,47.1940701,49.92037962,6498901,461379484.39
2021-07-29,002568,50.946188,52.04084258,49.04603288,51.4969576,6198666,455940750.34
2021-07-30,002568,50.3609953,50.58130314,46.58133892,47.86876286,7810115,543483432.32
2021-08-02,002568,48.19234,52.323112,46.815416,51.28353438,7939146,577342984.91
2021-08-03,002568,50.71899554,53.83084378,49.913495,53.00468938,6056629,464316216.18
2021-08-04,002568,52.57784294,53.69315138,50.93241876,52.33688124,6118563,463049044.58
2021-08-05,002568,51.28353438,54.08557472,50.4642646,53.2525357,4238290,326665951.05
2021-08-06,002568,53.13549716,53.5279205,51.63465,52.5640737,3013897,230306246.11
2021-08-09,002568,53.00468938,57.82392338,52.57095832,57.82392338,6733379,550019372.78
2021-08-10,002568,57.36953846,62.305811,55.9719606,60.36434816,9063879,774794943.81
2021-08-11,002568,60.240425,61.6861952,58.29896216,59.01496264,5263531,456119208.7
2021-08-12,002568,58.9323472,59.52442452,56.453884,56.99088436,3977057,332939702.45
2021-08-13,002568,57.30069226,57.7963849,56.0408068,56.82565348,2415182,199449879.79
2021-08-16,002568,56.453884,57.40396156,55.62084498,56.3506147,2371197,194057442.1
2021-08-17,002568,56.41257628,56.75680728,52.7361892,53.78265144,3410555,269791757.31
2021-08-18,002568,53.54857436,54.8015752,52.5984968,53.94788232,3709255,289636952.8
2021-08-19,002568,53.64495904,55.06319076,52.9427278,54.2852287,2557505,201329150.27
2021-08-20,002568,54.40915186,54.40915186,50.257726,51.42122678,5740060,430615216.06
2021-08-23,002568,51.63465,53.19057412,51.0838804,51.74480392,3479489,263228078.88
2021-08-24,002568,52.34376586,54.99434456,51.63465,53.7688822,4122108,320485404.63
2021-08-25,002568,54.36784414,55.68280656,53.01845862,53.41776658,3400182,266547530.29
2021-08-26,002568,53.1148433,53.1836895,50.9806111,51.54514994,3331449,250274523.07
2021-08-27,002568,51.2215728,52.46768902,50.8084956,51.00126496,2600868,194154012.93
2021-08-30,002568,51.63465,51.63465,49.28010996,50.45049536,3813500,278526394.95
2021-08-31,002568,50.00987968,50.89799566,49.2594561,49.34207154,3053909,221111838.02
2021-09-01,002568,49.83776418,52.69488148,48.1234938,51.75857316,4712857,347593367.41
2021-09-02,002568,51.63465,51.7034962,48.54345562,48.74999422,5363376,387065111.11
2021-09-03,002568,49.03226364,49.64499482,46.9531084,49.04603288,5462508,384032229.77
2021-09-06,002568,48.31626316,49.26634072,47.159647,48.17857076,7542452,525133681.57
2021-09-07,002568,47.89630134,50.06495664,47.848109,48.880802,4612969,328595139.22
2021-09-08,002568,48.8463789,48.9496482,45.5073382,46.03056932,8955458,607490318.38
2021-09-09,002568,46.31972336,47.11833928,45.45914586,46.1613771,5750925,387717673.84
2021-09-10,002568,46.44364652,46.6088774,43.97895256,44.43333748,12008740,779321048.8
2021-09-13,002568,44.33006818,45.39029966,42.71218248,43.7517601,10726002,682152992.53
2021-09-14,002568,44.86706854,44.8877224,43.2009905,43.33179828,5342668,340316984.19
2021-09-15,002568,42.86364412,43.80683706,42.0306051,42.47122078,6321566,390712773.79
2021-09-16,002568,42.3059899,43.29737518,41.6863741,42.5125285,6016097,372382634.11
2021-09-17,002568,42.2371437,44.4402221,41.74833568,43.69668314,6597487,411471126.79
2021-09-22,002568,43.2354136,43.5107984,41.8584896,42.60202856,4020240,248428279.16
2021-09-23,002568,42.5469516,45.66568446,42.12698978,44.17860654,7181953,462329294.38
2021-09-24,002568,44.05468338,45.3696458,43.48325992,45.00476094,7344606,477422795.18
2021-09-27,002568,45.6450306,48.85326352,45.5761844,48.25430158,11492491,798142006.72
2021-09-28,002568,47.4350318,49.02537902,45.5073382,48.6742634,10203693,701111096.27
2021-09-29,002568,47.159647,49.7069564,46.73280056,47.503878,7186993,500322984.58
2021-09-30,002568,47.39372408,51.44188064,47.2973394,51.28353438,8477574,620665553.0
2021-10-08,002568,51.24222666,51.63465,49.03226364,49.21126376,6589349,478238088.4
2021-10-11,002568,49.48664856,49.49353318,44.8188762,45.31456884,12066695,816513830.01
2021-10-12,002568,44.74314538,46.126954,44.25433736,44.9565686,6579059,431535914.51
2021-10-13,002568,44.93591474,46.7809929,43.90322174,46.51249272,6519492,430835371.52
2021-10-14,002568,46.58822354,46.6777236,44.55726064,44.82576082,5016786,329476031.37
2021-10-15,002568,44.04779876,46.11318476,44.04779876,45.32145346,6472851,426233866.72
2021-10-18,002568,44.86706854,44.88083778,43.10460582,43.99960642,4661424,297060454.46
2021-10-19,002568,43.9927218,44.9565686,43.39375986,44.6811838,4096726,264118964.4
2021-10-20,002568,44.6811838,45.782723,42.80856716,43.62783694,5656645,358111506.68
2021-10-21,002568,43.373106,45.094261,43.32491366,44.87395316,4682023,302593456.34
2021-10-22,002568,44.52972216,44.99787632,43.5796446,44.65364532,3796895,244538468.87
2021-10-25,002568,44.56414526,45.08737638,43.5107984,44.50218368,3566659,229192100.23
2021-10-26,002568,44.83953006,44.8877224,43.1665674,43.5796446,4799897,305781362.65
2021-10-27,002568,43.5796446,43.58652922,39.930796,41.30772,13566324,812799937.92
2021-10-28,002568,41.651951,43.79306782,41.00479672,42.77414406,7644865,473377741.3
2021-10-29,002568,42.79479792,44.24745274,41.77587416,43.7861832,6440051,406915361.31
2021-11-01,002568,43.1321443,45.1631072,42.8567595,44.72937614,5770819,371180524.5
2021-11-02,002568,44.72249152,48.44018632,44.1304142,46.62953126,9759430,666508238.14
2021-11-03,002568,46.77410828,47.04260846,45.5073382,46.13383862,4661177,312372987.64
2021-11-04,002568,46.66395436,47.44191642,45.438492,47.07014694,4671987,316368166.59
2021-11-05,002568,47.2284932,48.3300324,46.5400312,47.1252239,3687299,253784616.76
2021-11-08,002568,46.6777236,47.0219546,45.5073382,46.17514634,3051320,204644220.13
2021-11-09,002568,45.75518452,46.32660798,43.77241396,44.37826052,5421554,351279846.75
2021-11-10,002568,44.405799,44.4746452,41.77587416,41.9617589,5707316,352520342.84
2021-11-11,002568,42.2715668,43.0977212,41.8929127,42.55383622,4840336,299163234.03
2021-11-12,002568,42.67775938,43.84126016,42.4092592,43.373106,4022727,253045316.22
2021-11-15,002568,43.40064448,43.71045238,42.53318236,42.72595172,3918962,244116736.14
2021-11-16,002568,42.93249032,44.04779876,42.45056692,44.02026028,4832344,304956341.18
2021-11-17,002568,43.9927218,43.99960642,42.3748361,42.684644,6283968,390282687.94
2021-11-18,002568,42.67775938,42.94625956,42.12010516,42.340413,3097846,190583905.74
2021-11-19,002568,42.34729762,42.7190671,41.53491246,41.80341264,4118507,250612346.36
2021-11-22,002568,41.70014334,41.9273358,40.97037362,41.38345082,6051660,362630209.57
2021-11-23,002568,41.3765662,42.2027206,40.54352718,41.94798966,6165947,370201881.0
2021-11-24,002568,41.91356656,42.84299026,41.31460462,42.17518212,5704534,348681581.66
2021-11-25,002568,42.18206674,42.8223364,41.77587416,41.83095112,3777928,231900276.97
2021-11-26,002568,41.996182,42.10633592,40.88775818,41.2388738,3357555,201435954.44
2021-11-29,002568,40.67433496,41.31460462,40.28191162,41.1700276,5007227,297683645.81
2021-11-30,002568,41.26641228,41.5831048,40.05471916,40.15110384,4682370,276577740.87
2021-12-01,002568,40.46091174,40.74318116,38.69844902,39.3111802,8159150,467780859.53
2021-12-02,002568,39.31806482,39.64164196,38.8292568,38.98760306,5094249,290427014.04
2021-12-03,002568,39.02202616,39.69671892,38.7259875,39.44198798,7167834,407887315.22
2021-12-06,002568,41.996182,43.2354136,39.6898343,42.1338744,15865340,958755280.33
2021-12-07,002568,41.73456644,42.48499002,41.01856596,42.0650282,8366132,508987062.45
2021-12-08,002568,41.71391258,43.15279816,41.38345082,42.69841324,9632376,593072298.89
2021-12-09,002568,44.51595292,46.96687764,44.1648373,46.96687764,13917306,941525051.31
2021-12-10,002568,46.815416,48.78441732,45.70010756,47.20095472,20127820,1383189988.48
2021-12-13,002568,48.42641708,48.536571,46.06499242,46.51937734,10844521,739475404.91
2021-12-14,002568,46.126954,47.00130074,45.44537662,45.7482999,6874457,459994699.38
2021-12-15,002568,45.56929978,45.58306902,44.27499122,44.405799,7040146,458302552.69
2021-12-16,002568,44.28876046,44.74314538,43.29049056,43.65537542,5880827,374071106.01
2021-12-17,002568,43.84814478,43.9238756,42.684644,42.684644,5326835,332721517.59
2021-12-20,002568,42.45056692,43.22852898,41.8584896,42.07879744,4970912,306873368.56
2021-12-21,002568,42.2027206,43.04264424,41.76210492,42.7534902,4942804,306823336.08
2021-12-22,002568,42.87052874,43.22852898,42.20960522,42.49187464,3675022,227600313.6
2021-12-23,002568,42.7534902,44.33006818,42.22337446,44.1648373,6189236,388335606.13
2021-12-24,002568,44.1648373,44.8532993,43.2354136,43.86879864,6246227,400502793.16
2021-12-27,002568,44.061568,44.98410708,43.42818296,44.94279936,3812609,245473621.67
2021-12-28,002568,44.9565686,45.10803024,43.58652922,44.6123376,4408694,284559971.78
2021-12-29,002568,44.44710672,44.55037602,42.12010516,42.52629774,5441615,339765891.91
2021-12-30,002568,42.4781054,42.98756728,41.3765662,42.73283634,4054814,248896301.03
2021-12-31,002568,42.684644,42.73283634,41.08741216,41.19068146,6328237,381663078.91
2022-01-04,002568,40.97037362,41.17691222,40.17864232,41.02545058,5198426,307697731.65
2022-01-05,002568,41.03921982,41.63818176,40.3782963,40.4815656,4320769,256735049.55
2022-01-06,002568,40.15110384,40.81891198,39.15971856,39.76556512,4692129,271369050.79
2022-01-07,002568,39.7586805,39.7586805,37.80344842,38.18898714,7198206,403598832.27
2022-01-10,002568,37.81721766,38.18898714,36.04787032,36.94287092,10008105,535132144.64
2022-01-11,002568,36.95664016,36.9704094,35.01517732,35.29056212,12176132,630062850.61
2022-01-12,002568,35.44202376,36.6950246,35.0427158,35.5934854,9708495,503285828.08
2022-01-13,002568,35.6279085,35.65544698,33.99625356,34.08575362,8722221,437467768.13
2022-01-14,002568,33.8034842,34.31294608,33.14256068,33.29402232,7586147,369839495.99
2022-01-17,002568,33.1838684,33.65202256,32.4609833,33.39729162,7326202,352185894.23
2022-01-18,002568,33.39729162,34.14083058,32.74325272,33.10813758,10014652,484324341.52
2022-01-19,002568,32.9084836,32.92225284,32.06167534,32.55048336,7127648,336058761.46
2022-01-20,002568,32.19248312,32.55736798,31.38009796,32.357714,10612153,491643733.47
2022-01-21,002568,32.16494464,35.00140808,31.8069444,33.72775338,18969910,924923303.55
2022-01-24,002568,33.95494584,34.16836906,32.5642526,32.67440652,9129540,438947974.47
2022-01-25,002568,32.55048336,32.75702196,31.24240556,31.28371328,7626966,352834476.27
2022-01-26,002568,31.45582878,32.2888678,31.0152131,31.52467498,5610733,257130320.84
2022-01-27,002568,31.43517492,31.9446368,30.3611742,30.44378964,7445923,332673336.63
2022-01-28,002568,30.62278976,30.89817456,29.71401992,29.8792508,5712280,250723208.65
2022-02-07,002568,30.2579049,30.89817456,29.5005967,30.0513663,5761924,251719961.26
2022-02-08,002568,30.0513663,30.34740496,29.0186733,30.05825092,5983473,258495055.81
2022-02-09,002568,30.16152022,31.20109784,30.13398174,30.95325152,7923579,353330559.39
2022-02-10,002568,30.87063608,31.1873286,30.4644435,31.11159778,4507831,201882563.35
2022-02-11,002568,31.0152131,31.1873286,29.79663536,30.0857894,7579827,335416789.01
2022-02-14,002568,29.89990466,30.3611742,29.61075062,29.7759815,4641313,201816804.02
2022-02-15,002568,29.89302004,31.6348289,29.603866,31.46959802,7610496,341643764.56
2022-02-16,002568,31.45582878,33.00486828,31.1873286,32.27509856,8790446,412277025.17
2022-02-17,002568,32.013483,32.4609833,31.33190562,31.8413675,4851000,223748474.62
2022-02-18,002568,31.5659827,31.79317516,31.13913626,31.47648264,3126421,142571303.63
2022-02-21,002568,31.325021,32.3921371,31.17355936,31.71055972,4357077,201502940.81
2022-02-22,002568,31.65548276,31.65548276,30.60902052,30.9119438,4443912,199384051.85
2022-02-23,002568,30.91882842,31.97217528,30.82244374,31.89644446,3915638,179760589.47
2022-02-24,002568,31.75875206,31.75875206,29.87236618,30.23036642,6538148,290258290.25
2022-02-25,002568,30.28544338,31.62105966,30.28544338,31.55909808,5864844,265645199.66
2022-02-28,002568,31.24240556,31.31125176,30.45067426,31.06340544,5157302,231329613.0
2022-03-01,002568,31.00144386,32.81209892,31.00144386,31.5315596,6815262,315631568.0
2022-03-02,002568,31.325021,31.36632872,30.47132812,30.6709821,4961999,221153326.0
2022-03-03,002568,31.07717468,31.1873286,29.6382891,29.85171232,4704794,205192144.0
2022-03-04,002568,29.38355816,29.52125056,28.0204034,28.3302113,13677982,566890736.0
2022-03-07,002568,28.0892496,28.0892496,26.6434794,26.9188642,12099369,474302672.0
2022-03-08,002568,27.2630952,27.44897994,25.68651722,26.0582867,14554999,555108512.0
2022-03-09,002568,26.01697898,26.34055612,24.5780934,25.72094032,8969300,333011872.0
2022-03-10,002568,26.25794068,26.58840244,25.9894405,26.2992484,5840488,223116141.0
2022-03-11,002568,25.817325,26.80871028,25.63144026,26.7123256,5268161,200684638.0
2022-03-14,002568,26.38186384,26.67101788,25.56259406,25.6796326,4658736,174974358.0
2022-03-15,002568,25.08067066,25.473094,23.9929007,24.05486228,5920611,212836306.0
2022-03-16,002568,24.4059779,24.67447808,22.9602077,24.46793948,8753451,304548752.0
2022-03-17,002568,24.75709352,26.505787,24.6469396,25.75536342,10802993,403560400.0
2022-03-18,002568,25.5075171,25.91370968,25.13574762,25.4042478,4522563,167028365.03
2022-03-21,002568,25.62455564,25.817325,24.90855516,25.4386709,5490563,202137358.55
2022-03-22,002568,25.4042478,25.473094,24.83282434,25.08755528,3614526,131693608.35
2022-03-23,002568,26.161556,26.98082578,25.63144026,26.5402101,12401379,478109784.35
2022-03-24,002568,25.92747892,26.0927098,24.69513194,24.77086276,10564050,384136762.6
2022-03-25,002568,24.96363212,25.63144026,24.3371317,24.44728562,8271228,298650372.68
2022-03-28,002568,23.75882362,24.28893936,23.68997742,23.84832368,5140209,178733125.67
2022-03-29,002568,23.86209292,24.5780934,23.55916964,23.6142466,5282887,184484727.54
2022-03-30,002568,23.81390058,25.42490166,23.60736198,25.3698247,10634388,384082274.0
2022-03-31,002568,25.35605546,25.56947868,24.6469396,24.80528586,6131733,223423616.66
2022-04-01,002568,24.784632,25.44555552,24.56432416,25.07378604,5265580,192098883.51
2022-04-06,002568,24.9911706,25.04624756,24.04109304,24.26140088,5012523,177772799.92
2022-04-07,002568,24.24763164,24.9223244,23.9584776,24.0273238,4937496,174736358.6
2022-04-08,002568,24.17190082,24.35778556,23.29755408,23.65555432,4302141,147948697.26
2022-04-11,002568,23.3732849,23.63490046,21.94128394,22.08586096,7081043,230485000.89
2022-04-12,002568,21.9619378,24.29582398,21.8930916,24.15124696,10173514,342081564.53
2022-04-13,002568,24.10305462,24.77086276,23.63490046,24.04109304,7484163,263025335.39
2022-04-14,002568,24.04109304,26.4369408,24.04109304,25.83109424,11629585,430828955.8
2022-04-15,002568,25.49374786,26.62282554,25.20459382,25.80355576,10640233,401760743.03
2022-04-18,002568,25.473094,26.1271329,24.87413206,25.70717108,6839453,253125054.14
2022-04-19,002568,25.7484788,26.28547916,24.59874726,24.784632,7383542,270365252.19
2022-04-20,002568,24.6125165,26.6779025,24.58497802,26.06517132,13291543,500920643.74
2022-04-21,002568,25.8861712,26.61594092,24.98428598,25.14263224,10027960,374954681.23
2022-04-22,002568,25.23901692,25.45244014,23.5109773,24.3371317,11030865,387164427.65
2022-04-25,002568,23.20805402,23.69686204,22.18913026,22.25109184,8901569,296230312.37
2022-04-26,002568,20.5850138,20.76401392,20.02735958,20.02735958,10539715,307882118.62
2022-04-27,002568,18.50585856,20.16505198,18.02393516,19.8277056,25810689,700145697.92
2022-04-28,002568,19.4146284,20.78466778,19.09793588,20.22012894,11540827,336852576.93
2022-04-29,002568,20.43355216,21.94816856,20.22012894,21.52132212,12110413,372175912.3
2022-05-05,002568,21.03939872,21.9619378,20.99120638,21.1702065,8140010,252941044.91
2022-05-06,002568,20.64697538,21.17709112,20.28209052,20.65386,5709963,172151149.58
2022-05-09,002568,20.77778316,20.9292448,19.8621287,19.95162876,6414139,188497284.67
2022-05-10,002568,19.7588594,21.19086036,19.42839764,20.87416784,7505176,224755016.88
2022-05-11,002568,20.93612942,22.00324552,20.70205234,21.30101428,8587318,269075527.81
2022-05-12,002568,21.2046296,21.8242454,20.83974474,21.40428358,6064588,188230655.87
2022-05-13,002568,21.55574522,21.686553,20.94301404,21.46624516,4652118,143926513.04
2022-05-16,002568,21.45936054,21.96882242,20.91547556,20.9636679,4670419,144943749.81
2022-05-17,002568,21.21839884,21.25282194,20.73647544,21.14955264,3437729,104937535.56
2022-05-18,002568,21.15643726,21.23216808,20.5850138,20.9636679,4100545,124632248.63
2022-05-19,002568,20.63320614,20.90859094,20.36470596,20.7571293,3711947,111061640.61
2022-05-20,002568,21.05316796,22.6503998,20.73647544,22.0996302,11205180,356802436.11
2022-05-23,002568,21.79670692,22.2373226,21.7553992,21.96882242,5591708,178106254.92
2022-05-24,002568,21.87932236,22.1340533,20.83286012,20.87416784,5860902,182967015.88
2022-05-25,002568,20.90859094,21.2046296,20.309629,20.81909088,4921769,147872271.06
2022-05-26,002568,20.7915524,21.1702065,20.22012894,21.07382182,4958159,149545877.22
2022-05-27,002568,21.2734758,21.686553,20.998091,21.08759106,5053260,156565189.28
2022-05-30,002568,21.24593732,22.57466898,21.17709112,22.2028995,9375811,300239585.91
2022-05-31,002568,22.39566886,24.42663176,21.94128394,24.42663176,10249475,351718770.5
2022-06-01,002568,24.9911706,25.4042478,23.9240545,24.08928538,17246458,617635045.4
2022-06-02,002568,23.9584776,24.46793948,23.35951566,24.35778556,10631558,371114608.95
2022-06-06,002568,23.90340064,25.13574762,23.8207852,24.784632,12085103,432258776.12
2022-06-07,002568,24.75709352,25.52817096,24.57120878,25.1632861,10997165,400356525.93
2022-06-08,002568,25.0944399,26.0927098,24.90855516,25.41113242,11324391,418085707.72
2022-06-09,002568,25.74159418,25.94124816,24.784632,24.9911706,8353965,307041006.52
2022-06-10,002568,24.9223244,25.79667114,24.72267042,25.63144026,6667102,245388035.14
2022-06-13,002568,25.3698247,26.161556,25.2665554,25.7140557,6309560,235697346.59
2022-06-14,002568,25.7140557,26.42317156,25.2665554,26.25794068,7469593,280418091.62
2022-06-15,002568,26.28547916,27.3319414,26.05140208,26.87067186,10656043,414657451.51
2022-06-16,002568,27.40691268,29.48363712,27.1046664,27.13391604,17622185,502409424.86
2022-06-17,002568,27.28991412,28.3721508,26.88041916,28.29415176,14440180,411821898.26
2022-06-20,002568,27.81640764,28.65489732,27.5921604,27.87490692,11833006,338876810.48
2022-06-21,002568,27.84565728,28.030905,26.89016904,27.299664,10690647,300304523.4
2022-06-22,002568,27.299664,27.31916376,26.4709242,26.54892324,8246211,227091779.87
2022-06-23,002568,26.324676,26.75367072,25.67143404,26.54892324,9823640,263761445.93
2022-06-24,002568,26.50992372,27.1534158,26.23692708,27.14366592,12592225,345821084.87
2022-06-27,002568,27.36791316,28.36240092,27.36791316,27.8846568,15002820,430049567.73
2022-06-28,002568,27.8846568,28.06015464,27.36791316,28.01140524,9824059,279349371.33
2022-06-29,002568,27.9821556,28.55739852,26.9096688,27.09491652,13832304,394760880.83
2022-06-30,002568,27.14366592,29.80538316,27.12416616,29.28863952,24082121,712118869.06
2022-07-01,002568,29.57138604,31.11186708,29.3471388,30.712122,25328041,784698758.25
2022-07-04,002568,30.224628,32.15510424,29.8346328,31.96985652,22342940,719359598.55
2022-07-05,002568,31.96985652,32.30135244,30.44887524,31.03386804,14964282,478418019.58
2022-07-06,002568,31.0046184,31.06311768,28.75239612,29.33738892,17385645,526926273.25
2022-07-07,002568,29.24964,29.24964,27.9821556,28.7133966,12240634,359062778.54
2022-07-08,002568,29.1521412,30.21487812,28.54764864,29.737134,14365129,434031331.49
2022-07-11,002568,29.23014024,29.42513784,27.4459122,27.8846568,13286491,384666986.8
2022-07-12,002568,27.66040956,28.1771532,27.299664,27.8359074,7601316,216150161.31
2022-07-13,002568,27.38741292,28.33315128,26.70492132,26.82191988,13589436,382039005.66
2022-07-14,002568,26.74392084,27.6409098,26.4221748,26.97791796,9486325,262889369.17
2022-07-15,002568,26.83166976,28.6646472,26.63667216,27.51416136,14742194,421048159.29
2022-07-18,002568,27.6896592,28.06990452,26.40267504,27.11441628,12201053,336531243.24
2022-07-19,002568,26.83166976,27.52391124,26.72442108,27.18266544,6980722,194125296.16
2022-07-20,002568,27.30941388,28.06015464,27.12416616,27.9334062,11286443,320781602.98
2022-07-21,002568,27.6896592,27.8359074,26.9584182,27.055917,8893459,248626239.3
2022-07-22,002568,26.89991892,27.4459122,26.23692708,26.4709242,7637850,208912094.94
2022-07-25,002568,26.4709242,27.76765824,25.99318008,27.47516184,11480293,318387765.54
2022-07-26,002568,27.46541196,28.518399,27.299664,27.58241052,11153420,319484335.23
2022-07-27,002568,27.32891364,27.57266064,26.7634206,26.98766784,7473808,207296425.61
2022-07-28,002568,27.18266544,27.72865872,26.89991892,27.08516664,7511461,210592603.26
2022-07-29,002568,26.89991892,27.07541676,26.01267984,26.324676,9434787,255397189.19
2022-08-01,002568,25.8859314,26.6171724,25.837182,26.46117432,5872988,158584571.09
2022-08-02,002568,26.11992852,26.4709242,25.33993812,25.33993812,7623481,201370877.22
2022-08-03,002568,25.349688,26.58792276,25.349688,25.77868272,7288405,193979170.39
2022-08-04,002568,26.11992852,26.50992372,25.52518584,26.080929,5519170,146848643.17
2022-08-05,002568,26.23692708,26.89016904,26.01267984,26.80242012,7437134,202009079.42
2022-08-08,002568,26.7634206,26.79267024,25.23268944,25.5446856,14452565,382324050.93
2022-08-09,002568,25.349688,25.38868752,23.38021224,23.77995732,18667895,459062495.92
2022-08-10,002568,23.50696068,24.0334542,23.3022132,23.84820648,7743466,188852308.25
2022-08-11,002568,23.90670576,24.862194,23.79945708,24.618447,10525929,263832777.57
2022-08-12,002568,24.79394484,25.0084422,24.46244892,24.64769664,5802136,146784655.45
2022-08-15,002568,24.40394964,24.50144844,23.80920696,24.31620072,8419867,208775986.15
2022-08-16,002568,24.31620072,24.5209482,23.77995732,23.91645564,6313905,155724430.82
2022-08-17,002568,23.8384566,24.06270384,23.38996212,23.92620552,7982462,193964217.11
2022-08-18,002568,23.7897072,23.887206,23.1072156,23.28271344,11398873,272766874.08
2022-08-19,002568,23.2047144,23.4484614,22.80496932,22.8634686,7737348,182990086.35
2022-08-22,002568,22.8634686,23.33146284,22.48322328,22.8634686,7494433,176312328.01
2022-08-23,002568,22.82446908,22.94146764,22.19072688,22.41497412,11214584,258103457.24
2022-08-24,002568,22.40522424,22.69772064,21.9859794,21.99572928,7268870,166090087.05
2022-08-25,002568,21.7422324,22.80496932,21.693483,22.3272252,12905916,295640346.64
2022-08-26,002568,22.41497412,22.85371872,22.14197748,22.26872592,10921960,252601437.17
2022-08-29,002568,21.84948108,22.24922616,21.76173216,22.07372832,6849124,154594807.04
2022-08-30,002568,22.01522904,22.56122232,21.85923096,22.21997652,9564585,217593325.71
2022-08-31,002568,22.2297264,23.1072156,22.09322808,22.72697028,13893694,323392271.43
2022-09-01,002568,22.60997172,22.95121752,22.16147724,22.5222228,10392948,240152482.9
2022-09-02,002568,22.64897124,22.72697028,22.06397844,22.21997652,6830971,156206705.36
2022-09-05,002568,21.95672976,22.12247772,20.962242,21.70323288,7039235,155727679.58
2022-09-06,002568,21.78123192,21.82998132,21.50823528,21.7422324,6623208,147163317.43
2022-09-07,002568,21.7422324,21.96647964,21.29373792,21.51798516,7202717,159533540.48
2022-09-08,002568,21.7422324,22.07372832,21.52773504,21.55698468,6974675,155933294.34
2022-09-09,002568,21.73248252,21.86898084,21.36198708,21.82023144,5225370,116054324.01
2022-09-13,002568,22.07372832,22.50272304,21.8397312,22.2297264,7001273,159699079.35
2022-09-14,002568,21.76173216,22.1322276,21.4984854,22.1322276,6143304,136806683.31
2022-09-15,002568,21.92748012,22.28822568,21.3522372,21.50823528,7180055,160413031.04
2022-09-16,002568,21.3522372,21.60573408,20.5722468,20.5722468,7174043,154541873.96
2022-09-19,002568,20.99149164,22.62947148,20.83549356,22.62947148,15108895,344890464.47
2022-09-20,002568,23.41921176,24.89144364,23.41921176,24.89144364,36742031,926118162.83
2022-09-21,002568,25.57393524,26.30517624,24.6671964,25.837182,43443065,1141989775.12
2022-09-22,002568,25.45693668,25.75918296,24.29670096,24.74519544,28575035,730775626.18
2022-09-23,002568,24.87194388,27.22166496,24.68669616,26.6171724,51316605,1374546638.24
2022-09-26,002568,25.86643164,27.299664,25.6909338,26.65617192,34449511,935081551.47
2022-09-27,002568,26.29542636,27.97240572,25.90543116,27.787158,34679880,954182581.18
2022-09-28,002568,27.56291076,27.56291076,26.4709242,26.568423,19666217,542525665.8
2022-09-29,002568,26.72442108,27.2021652,26.04192948,26.2271772,17949996,487735978.08
2022-09-30,002568,26.23692708,27.16316568,26.01267984,26.26617672,14929479,405590702.57
2022-10-10,002568,26.6171724,27.42641244,26.2759266,27.38741292,21858312,607317014.78
2022-10-11,002568,26.93891844,28.8108954,25.96393044,28.0796544,23092538,655590520.71
2022-10-12,002568,27.7384086,28.762146,27.18266544,28.50864912,18230949,522802288.74
2022-10-13,002568,28.1771532,28.762146,27.6896592,28.24540236,12609870,364532513.74
2022-10-14,002568,28.16740332,29.737134,27.57266064,29.22039036,17597077,522449741.45
2022-10-17,002568,29.01564288,29.91263184,28.69389684,29.52263664,13929822,419148210.97
2022-10-18,002568,29.52263664,30.11737932,28.18690308,28.47939948,13612202,405546304.74
2022-10-19,002568,28.274652,29.37638844,27.787158,27.90415656,11838018,344267319.96
2022-10-20,002568,27.80665776,30.49762464,27.22166496,29.36663856,18987810,565616440.89
2022-10-21,002568,29.35688868,29.79563328,28.87914456,29.37638844,9511113,285323881.73
2022-10-24,002568,29.24964,30.48787476,28.10890404,28.73289636,15116862,454336659.55
2022-10-25,002568,28.28440188,30.40987572,28.28440188,30.13687908,15741728,476880153.56
2022-10-26,002568,29.84438268,30.40012584,29.64938508,29.737134,10471744,322158534.53
2022-10-27,002568,29.53238652,29.90288196,27.07541676,27.42641244,21347716,615228065.21
2022-10-28,002568,26.33442588,28.84014504,26.324676,28.06015464,14839284,428422299.7
2022-10-31,002568,28.06990452,30.58537356,27.21191508,29.737134,16271287,485400778.78
2022-11-01,002568,30.4196256,31.7846088,29.89313208,31.7846088,17777448,563909211.68
2022-11-02,002568,31.199616,34.96306968,31.199616,34.5145752,23206564,793386424.04
2022-11-03,002568,34.0270812,35.07031836,33.7345848,34.4170764,12116938,426723776.6
2022-11-04,002568,34.2708282,36.76679748,34.12458,36.44505144,14966556,551134304.7
2022-11-07,002568,35.67481092,36.25005384,34.47557568,35.52856272,15175576,549889770.79
2022-11-08,002568,35.3920644,36.318303,34.91432028,35.99655696,10077333,369577921.85
2022-11-09,002568,36.30855312,36.30855312,34.94356992,35.0508186,9582943,347747876.53
2022-11-10,002568,35.06056848,35.6358114,34.64132364,35.08006824,7558785,272381859.39
2022-11-11,002568,36.074556,36.56205,33.880833,33.93933228,14264231,507535554.3
2022-11-14,002568,34.06608072,34.4170764,31.91135724,32.37935148,16531266,553966332.96
2022-11-15,002568,32.74009704,33.89058288,32.0771052,33.3445896,12049844,409356557.93
2022-11-16,002568,33.2470908,35.15806728,33.0033438,34.3195776,11683769,412319576.5
2022-11-17,002568,34.12458,34.74857232,33.69558528,34.26107832,7801936,273193324.18
2022-11-18,002568,34.2708282,35.17756704,33.8320836,34.65107352,9641347,342945527.21
2022-11-21,002568,34.2708282,34.84607112,33.637086,33.9295824,7761123,271492030.32
2022-11-22,002568,33.7345848,35.0020692,33.12034236,34.19282916,10598915,373185800.88
2022-11-23,002568,34.10508024,34.9533198,33.71508504,34.7095728,9197890,324990396.69
2022-11-24,002568,34.5633246,35.4895632,34.12458,34.93382004,7937488,283125327.8
2022-11-25,002568,34.9045704,35.1970668,34.03683108,34.2220788,4762493,167814181.26
2022-11-28,002568,33.4420884,36.15255504,33.15934188,36.13305528,10528552,379006434.54
2022-11-29,002568,36.67904856,36.96179508,35.79180948,36.3670524,10101874,376600552.98
2022-11-30,002568,36.27930348,36.3670524,35.20681668,35.3920644,5193646,190257858.6
2022-12-01,002568,36.074556,37.03004424,34.9533198,35.81130924,9970439,367612805.22
2022-12-02,002568,35.343315,38.88252144,35.343315,38.6095248,17553692,675743941.28
2022-12-05,002568,38.6095248,39.72101112,38.024532,38.59002504,12428719,495371161.29
2022-12-06,002568,38.23902936,39.91600872,36.7570476,37.33229052,14539315,567918341.79
2022-12-07,002568,37.31279076,37.8295344,36.44505144,37.01054448,9345393,355990053.03
2022-12-08,002568,37.11779316,37.8295344,36.76679748,37.44928908,7905934,302925361.9
2022-12-09,002568,37.38103992,38.024532,36.33780276,38.024532,15024319,570647024.73
2022-12-12,002568,37.15679268,38.8045224,37.15679268,38.2195296,10479963,409730854.8
2022-12-13,002568,38.01478212,38.512026,37.4395392,38.00503224,5673193,221103723.11
2022-12-14,002568,37.95628284,39.65276196,37.50778836,38.81427228,9692135,386435153.54
2022-12-15,002568,38.99952,39.5845128,37.049544,37.1957922,8792884,342475239.03
2022-12-16,002568,37.17629244,37.537038,36.83504664,37.44928908,5286546,201939077.76
2022-12-19,002568,37.55653776,37.93678308,36.6107994,36.81554688,5403211,205755134.01
2022-12-20,002568,36.74729772,37.49803848,34.42682628,35.06056848,10154527,367271079.82
2022-12-21,002568,35.27506584,35.6845608,34.67057328,35.33356512,5957063,215198851.73
2022-12-22,002568,35.33356512,36.84479652,35.18731692,35.7333102,6943948,256345314.92
2022-12-23,002568,35.1970668,37.27379124,35.099568,37.02029436,7312395,275240993.06
2022-12-26,002568,37.03004424,38.8045224,36.56205,36.98129484,7961321,306413411.43
2022-12-27,002568,37.0007946,37.9270332,36.44505144,37.22504184,5335524,203466579.35
2022-12-28,002568,37.22504184,37.22504184,36.318303,36.9032958,4605081,173525031.26
2022-12-29,002568,36.92279556,37.1470428,36.3670524,36.48405096,3218946,121087525.49
2022-12-30,002568,36.93254544,36.93254544,35.95755744,36.42555168,4522880,168299396.77
2023-01-03,002568,36.45480132,36.73754784,34.81682148,35.08006824,9535901,345918806.01
2023-01-04,002568,35.099568,35.38231452,34.40732652,34.855821,7569832,270578123.35
2023-01-05,002568,34.8070716,36.78629724,34.8070716,36.48405096,10473421,385460378.14
2023-01-06,002568,36.3670524,36.54255024,34.4658258,35.830809,9738057,353637842.32
2023-01-09,002568,35.587062,37.47853872,35.587062,36.91304568,7830646,294767526.13
2023-01-10,002568,36.805797,37.91728332,36.77654736,37.62478692,7570427,291173008.66
2023-01-11,002568,38.99952,41.35899096,38.3170284,40.3645032,22216866,915192829.09
2023-01-12,002568,40.11100632,40.462002,38.024532,38.20977972,12021898,481258275.22
2023-01-13,002568,38.59002504,39.28226652,37.61503704,38.24877924,9932012,393121441.84
2023-01-16,002568,38.82402216,39.44801448,37.6345368,37.8295344,12390382,488749566.48
2023-01-17,002568,37.6345368,38.512026,37.049544,38.268279,9475338,368414401.95
2023-01-18,002568,38.30727852,38.61927468,36.77654736,36.96179508,6153644,235896962.46
2023-01-19,002568,36.8545464,36.93254544,35.98680708,36.64979892,6237649,233485198.91
2023-01-20,002568,36.74729772,36.82529676,35.6845608,36.29880324,6189348,229876718.3
2023-01-30,002568,36.71804808,37.537038,35.587062,36.2695536,7260407,270456865.59
2023-01-31,002568,36.18180468,36.25980372,34.98256944,35.37256464,7196498,261955577.95
2023-02-01,002568,35.4895632,35.6845608,34.7095728,35.16781716,6708160,241176431.61
2023-02-02,002568,35.41156416,36.54255024,34.9533198,36.39630204,9594955,354518338.62
2023-02-03,002568,36.08430588,36.76679748,35.10931788,36.45480132,7956792,293449329.17
2023-02-06,002568,35.88930828,36.28905336,34.98256944,35.60656176,6453025,235872704.16
2023-02-07,002568,36.074556,36.7570476,34.0270812,34.1733294,12760624,459462369.42
2023-02-08,002568,34.1733294,35.47006344,34.12458,34.9533198,9334238,333209516.73
2023-02-09,002568,35.18731692,38.45352672,34.98256944,38.45352672,14542591,560087447.21
2023-02-10,002568,38.84352192,40.3645032,38.32677828,39.93550848,20263670,821685480.82
2023-02-13,002568,40.1695056,41.76848592,39.69176148,41.3882406,14987424,627119204.4
2023-02-14,002568,41.37849072,41.96348352,40.9982454,41.43699,7975969,339164618.3
2023-02-15,002568,42.01223292,42.168231,41.34924108,41.90498424,7369994,315909995.84
2023-02-16,002568,41.90498424,42.7532238,41.3394912,41.88548448,7411559,319325571.66
2023-02-17,002568,41.924484,42.54847632,41.31999144,41.6319876,6197903,266103213.06
2023-02-20,002568,41.67098712,41.99273316,40.48150176,41.02749504,9207674,387356181.92
2023-02-21,002568,41.08599432,41.23224252,40.11100632,40.66674948,4705717,195342373.23
2023-02-22,002568,40.32550368,42.95797128,40.2670044,41.8757346,8021572,345018216.8
2023-02-23,002568,41.7294864,42.88972212,40.77399816,40.949496,5135412,217796533.02
2023-02-24,002568,40.93974612,41.4857394,40.49125164,41.15424348,3231903,136269067.21
2023-02-27,002568,41.3394912,41.90498424,40.47175188,41.20299288,4099068,173251648.73
2023-02-28,002568,41.20299288,41.61248784,40.6569996,40.97874564,4141842,174253496.62
2023-03-01,002568,40.96899576,41.1444936,40.24750464,40.54975092,3450693,143605838.27
2023-03-02,002568,40.76424828,40.91049648,40.1695056,40.77399816,3438092,142997541.38
2023-03-03,002568,40.7544984,41.5344888,39.64301208,39.89650896,4952741,204187333.95
2023-03-06,002568,39.89650896,40.72524876,39.3895152,40.462002,4316449,178608006.62
2023-03-07,002568,40.38400296,41.0957442,39.37976532,39.47726412,3295907,135245192.49
2023-03-08,002568,39.27251664,39.83800968,38.68752384,39.30176628,2616924,105574130.06
2023-03-09,002568,39.5845128,39.83800968,38.755773,39.20426748,2994631,120613310.45
2023-03-10,002568,38.9020212,39.27251664,38.268279,38.268279,4485276,178210891.98
2023-03-13,002568,38.32677828,39.730761,38.1220308,39.51626364,7020886,281039702.8
2023-03-14,002568,39.36026556,40.462002,39.0482694,39.6332622,7119676,291183792.01
2023-03-15,002568,39.83800968,40.32550368,38.9020212,38.9507706,4941848,199596400.26
2023-03-16,002568,39.52601352,40.18900536,38.92152096,39.23351712,6390178,258260909.18
2023-03-17,002568,39.27251664,39.66251184,38.3170284,38.59002504,5969687,237680659.7
2023-03-20,002568,38.40477732,38.66802408,37.1957922,37.55653776,6637820,256478957.86
2023-03-21,002568,37.67353632,39.27251664,37.57603752,39.1457682,5624323,222852166.72
2023-03-22,002568,39.33101592,40.14025596,37.16654256,37.38103992,8704396,340500513.97
2023-03-23,002568,37.30304088,38.64852432,37.2445416,37.4882886,6190732,239640337.23
2023-03-24,002568,37.61503704,37.72228572,36.58154976,37.20554208,8092354,307809543.18
2023-03-27,002568,37.1957922,37.57603752,36.72779796,37.4395392,4409404,168655774.59
2023-03-28,002568,37.61503704,40.2670044,37.35179028,40.25725452,9908659,400613322.95
2023-03-29,002568,39.95500824,40.34500344,39.15551808,39.75026076,7183505,292652084.42
2023-03-30,002568,39.74051088,40.69599912,39.487014,40.54975092,5794016,239043721.9
2023-03-31,002568,40.63749984,41.3394912,39.7795104,39.88675908,4627849,191266974.71
2023-04-03,002568,39.88675908,40.23775476,39.2920164,39.55526316,4810643,195863798.16
2023-04-04,002568,39.65276196,41.43699,38.98002024,41.34924108,7647711,319742832.05
2023-04-06,002568,41.08599432,42.899472,40.76424828,41.73923628,7062772,304675445.64
2023-04-07,002568,41.5344888,42.3144792,40.949496,41.10549408,4573461,195118924.93
2023-04-10,002568,41.02749504,43.83546048,40.949496,42.84097272,8253152,362092463.55
2023-04-11,002568,42.3632286,43.0457202,41.27124204,41.35899096,4534221,194913634.25
2023-04-12,002568,41.3394912,41.7782358,40.3157538,40.54975092,5141323,215215823.72
2023-04-13,002568,40.7544984,41.07624444,40.11100632,40.69599912,4087831,170054171.09
2023-04-14,002568,40.5595008,40.949496,40.0720068,40.30600392,3761664,156120438.75
2023-04-17,002568,40.47175188,41.59298808,40.18900536,40.47175188,5646705,236361856.59
2023-04-18,002568,40.5595008,41.3394912,39.66251184,40.00375764,5596258,231853536.89
2023-04-19,002568,40.00375764,40.40350272,39.64301208,39.85750944,2492203,102022934.69
2023-04-20,002568,39.85750944,39.85750944,38.8045224,38.83377204,4706853,188973859.25
2023-04-21,002568,38.94102072,39.25301688,38.024532,38.1707802,5311868,209861560.24
2023-04-24,002568,38.6095248,39.18476772,37.30304088,37.41028956,4929288,191236756.94
2023-04-25,002568,37.41028956,39.18476772,37.3907898,38.9020212,6421018,252425137.72
2023-04-26,002568,38.88252144,38.88252144,37.37129004,38.30727852,5172725,201404140.22
2023-04-27,002568,38.45352672,40.462002,38.45352672,39.96475812,6964702,282593425.34
2023-04-28,002568,41.60273796,43.07496984,38.99952,39.95500824,15783055,667203856.54
2023-05-04,002568,40.25725452,41.3394912,39.93550848,40.1207562,9554325,396646483.53
2023-05-05,002568,40.08175668,41.86598472,39.8770092,41.6319876,7566580,318868141.19
2023-05-08,002568,41.44673988,41.7782358,39.69176148,40.08175668,7400847,307103770.85
2023-05-09,002568,39.6820116,39.94525836,38.59002504,39.18476772,7485348,299578338.89
2023-05-10,002568,38.99952,39.0970188,37.55653776,38.268279,6219582,243304365.3
2023-05-11,002568,38.39502744,38.99952,37.9270332,38.59002504,4867716,192401558.2
2023-05-12,002568,38.3170284,39.03851952,37.28354112,37.30304088,4945615,191938991.25
2023-05-15,002568,37.3420404,37.98553248,36.6107994,37.84903416,5224669,200132089.77
2023-05-16,002568,37.6832862,38.1220308,37.3907898,37.75153536,2842098,110090714.89
2023-05-17,002568,37.537038,37.537038,35.3920644,35.64556128,10407498,385858487.66
2023-05-18,002568,35.7820596,36.72779796,35.3920644,35.61631164,8776192,323977857.52
2023-05-19,002568,35.76255984,36.3670524,35.03131884,35.80155936,5096315,187062084.55
2023-05-22,002568,35.80155936,37.42978932,35.67481092,36.73754784,9422827,355974872.13
2023-05-23,002568,36.74729772,37.33229052,36.6595488,36.74729772,4548705,172359378.61
2023-05-24,002568,36.64979892,36.82529676,35.7820596,35.86005864,4444985,164591391.51
2023-05-25,002568,35.42131404,35.81130924,35.08981812,35.56756224,3565212,129520623.21
2023-05-26,002568,35.77230972,35.93805768,35.099568,35.11906776,3415706,123666091.04
2023-05-29,002568,35.12881764,35.2945656,34.40732652,34.93382004,6055295,215749378.71
2023-05-30,002568,35.06056848,35.1483174,33.6858354,34.25132844,9074881,316931473.84
2023-05-31,002568,33.94908216,34.1733294,32.96434428,33.17884164,7694200,263279328.14
2023-06-01,002568,33.57858672,33.9295824,32.49635004,33.17884164,8531871,291929063.64
2023-06-02,002568,33.18859152,34.2220788,32.7595968,34.00758144,8443500,291041655.12
2023-06-05,002568,33.5395872,34.12458,32.98384404,33.25684068,8315224,284063715.57
2023-06-06,002568,33.25684068,34.00758144,32.64259824,32.8083462,8340832,284279163.28
2023-06-07,002568,32.7595968,33.33483972,32.33060208,32.70109752,6439192,216126642.56
2023-06-08,002568,33.02284356,33.1983414,32.20385364,32.34035196,9184103,306555590.36
2023-06-09,002568,32.2233534,32.73034716,32.21360352,32.35010184,7106988,236390889.18
2023-06-12,002568,32.34035196,35.1483174,32.3208522,34.71932268,12155709,424053446.52
2023-06-13,002568,34.2708282,36.34755264,34.2708282,34.86557088,11874566,428538232.82
2023-06-14,002568,34.9533198,35.59681188,34.6608234,35.03131884,9440775,340966769.64
2023-06-15,002568,34.8070716,36.93254544,34.8070716,36.77654736,12008358,445310181.67
2023-06-16,002568,36.86429628,37.79053488,36.34755264,37.12754304,10073160,382982158.51
2023-06-19,002568,37.22504184,37.52728812,36.3670524,36.5133006,7040910,266234576.16
2023-06-20,002568,36.49380084,37.06904376,36.03555648,36.25005384,5925010,221003535.23
2023-06-21,002568,36.24030396,36.60104952,35.90880804,36.06480612,4170531,154515573.21
2023-06-26,002568,35.57731212,35.91855792,34.82657136,35.07031836,5802660,209243029.49
2023-06-27,002568,35.4408138,35.4408138,34.16357952,34.8070716,5628377,199734623.41
2023-06-28,002568,34.98256944,36.2695536,34.73882244,35.96730732,7997079,292796117.2
2023-06-29,002568,35.830809,35.96730732,34.47557568,35.15806728,6713807,241899556.84
2023-06-30,002568,34.92407016,35.95755744,34.43657616,35.4408138,6494165,235618978.14
2023-07-03,002568,35.3920644,36.56205,35.11906776,36.3670524,6360659,234672329.63
2023-07-04,002568,36.33780276,36.97154496,35.85030876,36.87404616,6194153,231746182.91
2023-07-05,002568,38.99952,38.99952,35.57731212,36.0258066,25439037,964030466.29
2023-07-06,002568,35.77230972,36.43530156,35.3920644,35.47981332,12262045,449397021.11
2023-07-07,002568,35.343315,35.9283078,34.8070716,35.32381524,7650400,278271813.37
2023-07-10,002568,35.587062,35.6358114,34.76807208,34.9045704,7218940,259646422.16
2023-07-11,002568,34.612074,35.7333102,34.4658258,35.50906296,7021351,253495553.45
2023-07-12,002568,35.3920644,35.6358114,34.96306968,35.03131884,3808663,137497882.75
2023-07-13,002568,35.06056848,35.79180948,35.01181908,35.587062,4494008,163591787.55
2023-07-14,002568,35.59681188,35.70406056,34.49507544,34.87532076,4951776,177578105.94
2023-07-17,002568,34.64132364,35.12881764,34.32932748,35.08981812,3871726,138349139.89
2023-07-18,002568,35.06056848,35.18731692,34.49507544,34.82657136,3943224,140504451.59
2023-07-19,002568,34.83632124,34.93382004,34.04658096,34.13432988,4912833,172912289.49
2023-07-20,002568,34.2220788,34.58282436,33.9295824,34.0270812,4574797,160425406.82
2023-07-21,002568,34.05633084,35.07031836,33.59808648,34.68032316,7176465,254430629.01
2023-07-24,002568,34.4170764,34.57307448,33.9295824,34.15382964,4100170,143600860.73
2023-07-25,002568,34.7583222,35.08006824,33.75408456,34.5633246,9775876,343942854.31
2023-07-26,002568,34.30007784,34.7583222,33.98808168,34.35857712,5536757,194883551.75
2023-07-27,002568,34.33907736,36.6595488,34.11483012,36.074556,17035415,626205825.54
2023-07-28,002568,35.3920644,35.86980852,34.612074,35.70406056,15145353,548602373.43
2023-07-31,002568,35.86005864,36.71804808,35.51881284,36.05505624,13382352,494768797.77
2023-08-01,002568,35.69431068,35.9770572,35.02156896,35.2458162,8907260,323334977.72
2023-08-02,002568,35.21656656,35.42131404,34.57307448,35.0020692,6277314,225092784.82
2023-08-03,002568,35.08981812,35.74306008,34.7095728,35.60656176,6792402,246508194.23
2023-08-04,002568,35.8795584,35.94780756,35.1970668,35.42131404,6487658,236506542.28
2023-08-07,002568,35.33356512,35.52856272,34.87532076,34.97281956,5705010,205099974.0
2023-08-08,002568,34.8070716,35.74306008,34.58282436,35.7333102,5871037,212574249.88
2023-08-09,002568,35.43106392,35.587062,34.2220788,34.4170764,8039683,285608855.57
2023-08-10,002568,34.30007784,34.5633246,33.93933228,34.4658258,3440327,120861536.36
2023-08-11,002568,34.5145752,34.53407496,33.2958402,33.393339,6106382,211151086.58
2023-08-14,002568,33.07159296,33.86133324,32.67184788,33.74433468,4436223,151541036.85
2023-08-15,002568,33.71508504,33.87108312,32.84734572,33.18859152,4106252,139816185.52
2023-08-16,002568,32.97409416,33.40308888,32.8083462,33.0520932,2649093,90076289.41
2023-08-17,002568,32.91559488,33.60783636,32.8083462,33.54933708,3246307,110950808.78
2023-08-18,002568,33.40308888,33.90033276,32.7108474,32.7108474,4076219,138574565.01
2023-08-21,002568,32.69134764,33.61758624,32.5645992,32.76934668,4101644,139116411.32
2023-08-22,002568,32.82784596,33.0520932,32.11610472,32.60359872,5365874,178693847.3
2023-08-23,002568,32.49635004,32.662098,31.84310808,31.84310808,4790571,157289205.13
2023-08-24,002568,31.89185748,32.53534956,31.60911096,32.3208522,6171536,203711737.18
2023-08-25,002568,31.14285174,31.14285174,29.09371941,29.09371941,20497306,609227327.27
2023-08-28,002568,30.0935376,30.57859791,29.3016024,29.58867891,17972432,541002192.94
2023-08-29,002568,29.24220726,31.25174283,29.24220726,30.93496875,16431438,508926648.04
2023-08-30,002568,31.1824485,31.56851691,30.77658171,31.05375903,6856068,215314821.98
2023-08-31,002568,30.91517037,32.25156102,30.82607766,31.79619828,8826595,283852513.67
2023-09-01,002568,31.9743837,32.5683351,31.60811367,31.85559342,5973583,193310982.39
2023-09-04,002568,32.1723675,32.63762943,31.92488775,32.23176264,8093405,263363433.43
2023-09-05,002568,32.01398046,32.36045211,31.95458532,31.9743837,4378464,142151126.52
2023-09-06,002568,31.82589585,31.96448451,31.60811367,31.75660152,5018161,160956367.34
2023-09-07,002568,31.68730719,31.82589585,31.34083554,31.42002906,4030528,128495121.64
2023-09-08,002568,31.25174283,31.55861772,31.03396065,31.0834566,3314348,104520960.56
2023-09-11,002568,31.0834566,31.58831529,31.06365822,31.25174283,4841518,152952516.66
2023-09-12,002568,31.13295255,31.23194445,30.67758981,30.7864809,4610162,143753352.16
2023-09-13,002568,30.82607766,31.32103716,30.50930358,30.71718657,4304996,134351110.68
2023-09-14,002568,30.71718657,30.96466632,30.17273112,30.4895052,4337040,133269677.16
2023-09-15,002568,30.60829548,30.71718657,29.91535218,30.0935376,4894457,149409056.53
2023-09-18,002568,29.9945457,30.47960601,29.72726757,30.2915214,3792454,115904069.06
2023-09-19,002568,30.32121897,30.3905133,29.63817486,29.88565461,2901895,87576108.85
2023-09-20,002568,29.8955538,30.01434408,29.3016024,29.43029187,4951858,147855780.71
2023-09-21,002568,29.33129997,29.45998944,29.04422346,29.09371941,5060861,149284457.39
2023-09-22,002568,28.96502994,29.77676352,28.96502994,29.73716676,4879684,145621237.32
2023-09-25,002568,29.64807405,29.74706595,28.73734857,28.87593723,5679442,166382344.37
2023-09-26,002568,28.8066429,29.03432427,28.46017125,28.61855829,5207296,150760941.14
2023-09-27,002568,28.71755019,28.99472751,28.44037287,28.73734857,5357652,155509534.56
2023-09-28,002568,28.77694533,28.81654209,28.2126915,28.53936477,5173416,148908594.66
2023-10-09,002568,28.5096672,28.55916315,27.8167239,28.25228826,5606257,159125895.58
2023-10-10,002568,29.65797324,29.65797324,27.5197482,27.94541337,11142808,315479985.43
2023-10-11,002568,27.97511094,28.3116834,27.73753038,27.83652228,8220086,232331628.25
2023-10-12,002568,27.9157158,28.14339717,27.39105873,27.717732,7214444,201572597.61
2023-10-13,002568,27.5197482,27.5197482,26.88620004,27.29206683,6384035,175164848.9
2023-10-16,002568,27.2227725,27.23267169,26.75751057,26.91589761,6023751,163858402.64
2023-10-17,002568,26.99509113,27.11388141,26.5298292,26.75751057,4888754,131868797.24
2023-10-18,002568,26.63872029,26.74761138,26.27245026,26.40113973,4525859,121134566.31
2023-10-19,002568,26.21305512,26.58922434,25.98537375,26.01507132,4894869,129455533.94
2023-10-20,002568,25.99527294,26.39124054,25.78738995,25.84678509,4512642,118694850.84
2023-10-23,002568,25.75769238,26.15365998,25.36172478,25.56960777,4864783,126417894.63
2023-10-24,002568,25.58940615,26.28234945,25.35182559,25.82698671,6054859,157706091.51
2023-10-25,002568,26.22295431,26.36154297,25.47061587,25.47061587,5861775,152656051.42
2023-10-26,002568,25.20333774,25.68839805,25.05484989,25.51021263,6319127,161716859.87
2023-10-27,002568,25.29243045,26.5298292,25.1439426,26.19325674,12708107,333846892.14
2023-10-30,002568,26.26255107,26.46053487,25.64880129,26.37144216,13756047,362531421.8
2023-10-31,002568,26.25265188,26.6288211,25.75769238,26.06456727,8674323,228843295.49
2023-11-01,002568,26.57932515,26.88620004,25.6389021,25.81708752,10609708,279953567.2
2023-11-02,002568,25.51021263,25.737894,24.69847905,25.1439426,11587966,294161407.35
2023-11-03,002568,24.99545475,26.11406322,24.99545475,25.74779319,10272494,267003750.26
2023-11-06,002568,26.04476889,26.28234945,25.40132154,26.19325674,9745318,255940284.04
2023-11-07,002568,26.1338616,26.35164378,25.86658347,26.12396241,7257431,191468228.63
2023-11-08,002568,26.10416403,27.47025225,25.85668428,26.78720814,13382912,362839441.67
2023-11-09,002568,26.95549437,27.60884091,26.8268049,27.07428465,13102487,359211326.64
2023-11-10,002568,26.88620004,26.90599842,26.1338616,26.69811543,8406865,225143361.59
2023-11-13,002568,26.90599842,26.9257968,26.2328535,26.5298292,7090200,189152103.85
2023-11-14,002568,26.5298292,26.727813,26.09426484,26.32194621,7597113,201973145.66
2023-11-15,002568,26.54962758,26.63872029,26.25265188,26.4308373,6473554,172789106.7
2023-11-16,002568,26.31204702,26.40113973,25.79728914,25.90618023,5664120,148757628.43
2023-11-17,002568,25.77749076,26.01507132,25.54980939,25.8368859,5516107,143452608.14
2023-11-20,002568,25.8368859,25.89628104,25.52011182,25.6389021,6256996,162367906.25
2023-11-21,002568,25.74779319,26.81690571,25.65870048,26.45063568,11131257,296276496.09
2023-11-22,002568,26.44073649,26.6288211,25.96557537,26.17345836,7401431,196163354.49
2023-11-23,002568,26.10416403,26.3318454,25.6389021,26.24275269,5905125,155047059.87
2023-11-24,002568,26.26255107,26.26255107,25.74779319,25.9358778,4410431,115382079.79
2023-11-27,002568,25.89628104,25.89628104,25.49041425,25.65870048,4850136,125537475.06
2023-11-28,002568,25.57950696,25.96557537,25.39142235,25.66859967,4165856,107922314.75
2023-11-29,002568,25.51021263,25.68839805,25.19343855,25.3419264,4870400,124826062.99
2023-11-30,002568,25.23303531,25.55970858,25.07464827,25.52011182,5009283,128171731.01
2023-12-01,002568,25.39142235,25.43101911,24.5499912,24.89646285,8628618,216498364.08
2023-12-04,002568,24.8469669,24.85686609,24.26291469,24.26291469,5616644,138642144.8
2023-12-05,002568,24.23321712,24.43120092,23.8570479,23.8570479,5174239,125902412.69
2023-12-06,002568,23.76795519,24.01543494,23.62936653,23.71845924,4420213,106306664.0
2023-12-07,002568,23.6590641,23.79765276,23.18390298,23.72835843,6238623,147861707.97
2023-12-08,002568,23.73825762,24.01543494,23.67886248,23.80755195,5392117,129953403.71
2023-12-11,002568,23.72835843,23.84714871,23.13440703,23.79765276,5713159,135549606.88
2023-12-12,002568,23.79765276,24.40150335,23.71845924,24.3520074,5597479,136282426.57
2023-12-13,002568,24.30251145,24.31241064,23.51057625,23.54027382,7141842,171044048.64
2023-12-14,002568,23.79765276,24.02533413,23.42148354,23.42148354,4711612,112534103.91
2023-12-15,002568,23.61946734,24.03523332,23.31259245,23.39178597,5206028,124297470.81
2023-12-18,002568,23.1641046,23.31259245,22.74833862,22.82753214,6028337,139524395.57
2023-12-19,002568,22.85722971,23.11460865,22.73843943,23.11460865,3743150,86765123.26
2023-12-20,002568,23.12450784,23.19380217,22.64934672,22.84733052,4446398,102395973.99
2023-12-21,002568,22.5701532,23.67886248,22.52065725,23.5600722,8185010,191286799.85
2023-12-22,002568,23.5600722,23.63926572,22.9661208,23.11460865,6239167,146046603.2
2023-12-25,002568,23.2630965,23.5600722,22.90672566,23.2630965,4888150,114271491.54
2023-12-26,002568,23.28289488,23.40168516,22.768137,23.08491108,4428723,102835690.69
2023-12-27,002568,22.99581837,23.15420541,22.6691451,22.97601999,4625000,107128366.21
2023-12-28,002568,22.98591918,24.58958796,22.8671289,24.50049525,10547362,255478129.16
2023-12-29,002568,24.52029363,24.52029363,23.29279407,24.36190659,15390567,371093687.81
2024-01-02,002568,23.8570479,24.00553575,23.41158435,23.58976977,10864293,259120283.62
2024-01-03,002568,23.51057625,23.58976977,22.9661208,23.1641046,6852328,160766782.07
2024-01-04,002568,23.10470946,23.11460865,22.56025401,22.8671289,6632079,152128278.09
2024-01-05,002568,22.65924591,22.74833862,22.2731775,22.36227021,5737610,130402463.73
2024-01-08,002568,22.22368155,22.23358074,21.86731071,21.9762018,4679073,104108049.95
2024-01-09,002568,21.9762018,22.63944753,21.89700828,22.23358074,5053332,113528399.27
2024-01-10,002568,22.24347993,22.95622161,21.93660504,22.72854024,7845127,179400433.35
2024-01-11,002568,22.5701532,23.17400379,22.43156454,23.02551594,9588395,220811591.0
2024-01-12,002568,22.82753214,23.79765276,22.768137,23.39178597,12615811,298848598.66
2024-01-15,002568,23.1641046,23.58976977,23.0651127,23.27299569,5885913,138857607.52
2024-01-16,002568,23.22349974,23.42148354,22.95622161,23.34229002,6298248,147674117.72
2024-01-17,002568,23.1641046,23.3620884,22.62954834,22.68894348,5441176,126372269.74
2024-01-18,002568,22.40186697,22.99581837,22.12468965,22.90672566,6441181,146214185.94
2024-01-19,002568,22.6691451,23.51057625,22.58995158,23.20370136,9235082,216512808.98
2024-01-22,002568,23.11460865,23.20370136,21.4812423,21.59013339,9742829,218663570.07
2024-01-23,002568,21.49114149,22.25337912,21.24366174,22.11479046,7862010,173681005.2
2024-01-24,002568,22.16428641,22.40186697,21.47134311,22.20388317,7281045,160801630.31
2024-01-25,002568,22.13458884,22.8671289,21.79801638,22.78793538,7348791,166250625.98
2024-01-26,002568,22.60974996,23.02551594,22.40186697,22.50085887,6102979,139400146.27
2024-01-29,002568,21.8772099,21.8772099,20.93678685,21.43174635,11256423,243739473.07
2024-01-30,002568,21.19416579,21.21396417,20.37253302,20.40223059,9194916,191953831.98
2024-01-31,002568,20.2933395,20.54081925,19.57069863,19.57069863,6794431,137122344.3
2024-02-01,002568,19.4024124,19.88747271,19.13513427,19.56079944,7810712,154445261.54
2024-02-02,002568,19.56079944,20.06565813,18.36299745,19.37271483,10122796,196400580.76
2024-02-05,002568,18.96684804,19.71918648,17.82844119,19.0064448,15474677,292404119.01
2024-02-06,002568,18.96684804,20.4913233,18.7094691,20.45172654,12973820,257996850.15
2024-02-07,002568,20.30323869,22.02569775,20.30323869,21.98610099,15987384,346208429.96
2024-02-08,002568,22.10489127,23.05521351,21.89700828,21.9762018,13898857,314638469.93
2024-02-19,002568,22.16428641,22.24347993,21.37235121,21.56043582,9577843,210690024.36
2024-02-20,002568,21.34265364,21.47134311,20.6893071,21.35255283,8594750,183189205.75
2024-02-21,002568,21.19416579,22.90672566,20.94668604,22.33257264,13096240,295093799.55
2024-02-22,002568,22.08509289,22.1741856,21.56043582,21.8772099,10653046,234921469.66
2024-02-23,002568,21.74852043,22.01579856,21.41194797,21.82771395,8441527,184793667.96
2024-02-26,002568,21.71882286,21.88710909,21.21396417,21.45154473,8670442,187701951.36
2024-02-27,002568,21.24366174,21.778218,21.22386336,21.778218,7528106,163162880.74
2024-02-28,002568,20.79819819,21.14466984,19.61029539,19.64989215,44679726,910283418.85
2024-02-29,002568,18.98664642,20.03596056,18.98664642,19.90727109,25454870,505207319.25
2024-03-01,002568,19.90727109,20.08545651,19.52120268,19.74888405,16772798,335245276.28
2024-03-04,002568,19.72908567,20.02606137,19.38261402,19.49150511,13881335,275334279.94
2024-03-05,002568,19.31331969,19.45190835,19.01634399,19.16483184,11380861,220613010.07
2024-03-06,002568,19.02624318,19.12523508,18.57088044,18.83815857,11548432,219812865.8
2024-03-07,002568,18.83815857,19.08563832,18.4124934,18.4124934,13462450,254907543.51
2024-03-08,002568,18.30360231,18.47188854,17.9175339,18.19471122,14327485,262407189.62
2024-03-11,002568,18.09571932,19.08563832,18.05612256,19.08563832,19400806,365723862.59
2024-03-12,002568,19.1054367,19.63009377,19.1054367,19.56079944,20504804,402284486.71
2024-03-13,002568,19.56079944,19.71918648,19.31331969,19.61029539,14697499,290067662.65
2024-03-14,002568,19.55090025,19.94686785,19.09553751,19.29352131,14909956,293265983.08
2024-03-15,002568,19.16483184,19.47170673,19.01634399,19.42221078,10596944,205804807.56
2024-03-18,002568,19.39251321,19.42221078,19.05594075,19.38261402,10364072,201747397.0
2024-03-19,002568,19.36281564,19.65979134,19.16483184,19.45190835,12408086,244165725.54
2024-03-20,002568,19.37271483,19.46180754,19.13513427,19.38261402,8050705,156747162.77
2024-03-21,002568,19.38261402,19.64989215,19.22422698,19.26382374,8936050,175168349.0
2024-03-22,002568,19.21432779,19.32321888,18.4124934,18.49168692,13097848,247343250.36
2024-03-25,002568,18.4124934,18.50158611,18.0165258,18.0165258,9343976,172203685.16
2024-03-26,002568,18.16501365,18.3135015,17.94723147,18.26400555,8571407,156844604.73
2024-03-27,002568,18.2145096,18.2145096,17.56116306,17.59086063,10438728,188568591.18
2024-03-28,002568,17.5215663,17.93733228,17.39287683,17.66015496,10300442,183530607.7
2024-03-29,002568,17.56116306,17.68985253,17.43247359,17.64035658,6313147,111838565.72
2024-04-01,002568,17.65025577,19.4024124,17.64035658,19.4024124,19048017,363996431.13
2024-04-02,002568,19.6003962,20.75860143,19.41231159,20.63981115,45017721,914902710.94
2024-04-03,002568,20.62001277,21.54063744,20.3923314,21.37235121,34676054,736852074.15
2024-04-08,002568,21.1842666,21.778218,20.61011358,20.6893071,26510668,562464162.22
2024-04-09,002568,20.50122249,20.85759333,20.08545651,20.76850062,17846640,367878453.02
2024-04-10,002568,20.66950872,21.37235121,20.61011358,20.95658523,15036142,319896674.79
2024-04-11,002568,20.76850062,21.68912529,20.6893071,21.51093987,15529524,335338780.67
2024-04-12,002568,21.3822504,21.56043582,20.5903152,20.65960953,12354022,261748514.52
2024-04-15,002568,20.58041601,21.57033501,20.2933395,20.87739171,13803263,292592965.63
2024-04-16,002568,20.65960953,20.65960953,19.62019458,19.63999296,16332858,330316026.66
2024-04-17,002568,19.86767433,20.27354112,19.06583994,19.29352131,19538975,386938734.34
2024-04-18,002568,19.1054367,19.46180754,18.86785614,19.07573913,12306715,238191450.32
2024-04-19,002568,18.98664642,18.98664642,18.10561851,18.5114853,17147659,319161350.36
2024-04-22,002568,18.49168692,20.36263383,18.29370312,20.36263383,20597609,407279633.96
2024-04-23,002568,20.66950872,20.9862828,19.82807757,20.06565813,23161793,473705430.03
2024-04-24,002568,19.78848081,20.27354112,19.5014043,19.93696866,14997748,299386023.73
2024-04-25,002568,19.73898486,20.05575894,19.6003962,19.70928729,11567898,231295778.8
2024-04-26,002568,19.21432779,19.74888405,18.81836019,19.74888405,18057085,352481171.8
2024-04-29,002568,19.55090025,20.5903152,19.49150511,20.30323869,17120151,350070601.12
2024-04-30,002568,20.21414598,20.56061763,19.9963638,20.1943476,12267236,251741131.61
2024-05-06,002568,20.44182735,21.61983096,20.44182735,21.3822504,22806962,489103954.56
2024-05-07,002568,21.26346012,21.6792261,21.16446822,21.57033501,15275762,330832017.22
2024-05-08,002568,21.51093987,21.51093987,20.86749252,21.04567794,13727101,292861683.61
2024-05-09,002568,21.07537551,21.79801638,21.05557713,21.61983096,14520053,315640082.71
2024-05-10,002568,21.50104068,21.64952853,20.85759333,21.11497227,10877933,232308938.15
2024-05-13,002568,20.788299,20.86749252,20.47152492,20.65960953,10336819,215504247.46
2024-05-14,002568,20.66950872,21.49114149,20.55071844,21.40204878,12459179,265917785.01
2024-05-15,002568,21.34265364,21.66932691,21.17436741,21.3822504,8505805,184048901.88
2024-05-16,002568,21.49114149,21.80791557,20.94668604,21.02587956,14182855,305176588.28
2024-05-17,002568,21.01598037,22.33257264,20.93678685,22.33257264,20428564,447336815.02
2024-05-20,002568,22.18408479,23.2630965,22.14448803,23.04531432,28049476,647200054.94
2024-05-21,002568,22.90672566,23.758056,22.768137,23.2630965,21990705,517958616.48
2024-05-22,002568,23.27299569,23.3620884,22.59985077,22.70874186,11634419,268550886.75
2024-05-23,002568,22.4711613,22.89682647,22.08509289,22.46126211,12127700,274036212.2
2024-05-24,002568,22.40186697,23.29279407,21.49114149,21.8772099,19868593,451732833.01
2024-05-27,002568,22.10489127,22.35237102,21.61983096,22.35237102,12655594,281471599.68
2024-05-28,002568,22.1741856,22.25337912,21.14466984,21.20406498,12310891,267999449.16
2024-05-29,002568,21.13477065,21.46144392,20.8872909,21.25356093,7480760,159578339.0
2024-05-30,002568,21.10507308,21.21396417,20.79819819,20.97638361,6025100,127654840.3
2024-05-31,002568,20.97638361,21.778218,20.97638361,20.97638361,16213099,348541624.91
2024-06-03,002568,21.06547632,21.2832585,20.28344031,20.52102087,10816147,224842277.23
2024-06-04,002568,20.5903152,21.1842666,20.3923314,21.0852747,9337301,197116089.49
2024-06-05,002568,20.94668604,21.45154473,20.48142411,20.54081925,10833938,228755743.04
2024-06-06,002568,20.63981115,20.6893071,19.83797676,20.1943476,11897054,242168061.01
2024-06-07,002568,20.35273464,20.43192816,19.46180754,19.90727109,12252959,245276940.97
2024-06-11,002568,19.83797676,19.83797676,19.25392455,19.59049701,10641584,209111206.67
2024-06-12,002568,19.56079944,20.46162573,19.47170673,19.91717028,11496465,233907122.25
2024-06-13,002568,19.80827919,19.93696866,19.18463022,19.21432779,9144222,178938259.3
2024-06-14,002568,19.15493265,19.23412617,18.62037639,19.19452941,8734864,167280768.76
2024-06-17,002568,19.0064448,19.5014043,18.86785614,19.43210997,7027734,137004052.68
2024-06-18,002568,19.38261402,19.63999296,19.19452941,19.29352131,5578852,109273778.1
2024-06-19,002568,19.18463022,19.44200916,18.99654561,19.0064448,6775267,131676055.52
2024-06-20,002568,18.82825938,18.92725128,18.19471122,18.27390474,10858745,202265893.06
2024-06-21,002568,18.27390474,18.3135015,17.73934848,17.93733228,9723400,176474170.84
2024-06-24,002568,17.64035658,17.95713066,17.34338088,17.6205582,9825308,174425320.33
2024-06-25,002568,17.49186873,17.68985253,16.828623,16.93751409,10066469,175057745.7
2024-06-26,002568,16.828623,17.15529627,16.31386512,17.15529627,16872768,284318429.28
2024-06-27,002568,16.90781652,17.08600194,16.45245378,16.57124406,11729886,197232266.88
2024-06-28,002568,16.44255459,16.94741328,16.29406674,16.66033677,12328868,207113335.77
2024-07-01,002568,16.55144568,17.20479222,16.46235297,16.91771571,10426896,178711751.76
2024-07-02,002568,16.828623,16.93751409,16.38315945,16.50194973,10733110,180361756.84
2024-07-03,002568,16.39305864,16.45245378,15.75951048,15.84860319,12135586,196208570.75
2024-07-04,002568,15.85850238,16.3336635,15.69021615,15.71001453,9445968,152252453.07
2024-07-05,002568,15.69021615,15.838704,15.42293802,15.77930886,6965412,109871102.72
2024-07-08,002568,15.62092182,15.71001453,15.00717204,15.10616394,8022968,124096994.24
2024-07-09,002568,15.06656718,15.3437445,14.848785,15.2447526,9672064,147340348.44
2024-07-10,002568,15.09626475,15.61102263,14.95767609,15.20515584,5765238,89180271.22
2024-07-11,002568,15.50213154,16.27426836,15.3437445,16.16537727,11966313,192935110.01
2024-07-12,002568,16.1356797,16.36336107,15.96739347,16.14557889,7115853,116071012.45
2024-07-15,002568,16.10598213,16.12578051,15.71001453,15.91789752,5691780,91369279.6
2024-07-16,002568,15.88819995,16.17527646,15.79910724,16.0366878,5895479,95529031.28
2024-07-17,002568,16.08618375,16.7296311,15.89809914,16.3336635,11703802,193301992.28
2024-07-18,002568,16.2346716,16.62074001,16.08618375,16.5316473,8018289,133261801.21
2024-07-19,002568,16.46235297,16.61084082,16.34356269,16.54154649,7162759,119401858.99
2024-07-22,002568,16.5316473,16.68013515,16.24457079,16.34356269,5527430,91752333.72
2024-07-23,002568,16.32376431,16.32376431,15.6407202,15.6407202,7160944,115207114.51
2024-07-24,002568,15.6407202,15.78920805,15.43283721,15.46253478,4987459,78320266.49
2024-07-25,002568,15.39324045,15.96739347,15.35364369,15.87830076,5439688,86786817.88
2024-07-26,002568,15.96739347,16.38315945,15.86840157,15.96739347,4745640,77082527.0
2024-07-29,002568,15.98719185,16.19507484,15.77930886,15.89809914,3507511,56443074.5
2024-07-30,002568,15.75951048,16.09608294,15.70011534,16.04658699,4714631,75577248.97
2024-07-31,002568,16.04658699,17.65025577,15.99709104,17.65025577,13844233,239584763.95
2024-08-01,002568,17.818542,18.09571932,17.54136468,17.61065901,16011207,286918505.83
2024-08-02,002568,17.61065901,18.06602175,17.34338088,17.41267521,8789418,157065911.55
2024-08-05,002568,17.7195501,18.05612256,17.3235825,17.4225744,12030105,214913465.69
2024-08-06,002568,17.45227197,17.98682823,17.38297764,17.93733228,13301593,237873442.92
2024-08-07,002568,17.80864281,18.56098125,17.64035658,18.43229178,15380139,282861376.44
2024-08-08,002568,18.32340069,18.86785614,18.16501365,18.27390474,12592378,235093788.96
2024-08-09,002568,18.40259421,18.64017477,18.16501365,18.19471122,7630264,141728399.53
2024-08-12,002568,17.99672742,18.29370312,17.86803795,18.18481203,6091308,111694283.52
2024-08-13,002568,18.24420717,18.27390474,17.5215663,17.74924767,8895883,159698788.57
2024-08-14,002568,17.78884443,17.82844119,17.17509465,17.45227197,6518636,114495312.29
2024-08-15,002568,17.43247359,17.58096144,17.03650599,17.17509465,8655628,150844376.16
2024-08-16,002568,17.05630437,17.15529627,16.87811895,17.01670761,4669774,80178954.84
2024-08-19,002568,17.0266068,17.6205582,16.96721166,17.13549789,7741525,134856341.3
2024-08-20,002568,17.05630437,17.27408655,16.69003434,16.73953029,5573212,94960175.76
2024-08-21,002568,16.69993353,16.77912705,16.54154649,16.62074001,3723644,62684975.16
2024-08-22,002568,16.60094163,16.62074001,16.06638537,16.09608294,6875006,112743505.04
2024-08-23,002568,16.05648618,16.30396593,15.99709104,16.01688942,3581798,58357042.14
2024-08-26,002568,16.07628456,16.2346716,15.7397121,15.89809914,5689793,91617682.71
2024-08-27,002568,15.79910724,15.838704,15.47243397,15.55162749,5629336,88858171.7
2024-08-28,002568,15.55162749,15.72981291,15.22495422,15.66051858,5886026,91999989.38
2024-08-29,002568,15.69021615,16.47225216,15.61102263,16.28416755,7687658,125113014.96
2024-08-30,002568,16.22477241,16.93751409,15.96739347,16.60094163,8898766,149010418.29
2024-09-02,002568,16.59104244,16.69003434,16.20497403,16.2346716,6589855,109067260.17
2024-09-03,002568,16.21487322,16.7296311,16.1356797,16.40295783,4576498,76138578.26
2024-09-04,002568,16.28416755,16.54154649,16.14557889,16.18517565,3337166,54876930.74
2024-09-05,002568,16.15547808,16.38315945,16.14557889,16.31386512,2699800,44462305.98
2024-09-06,002568,16.3336635,16.35346188,15.85850238,15.87830076,2962736,48065516.96
2024-09-09,002568,15.86840157,16.06638537,15.71001453,16.02678861,4002135,64260925.2
2024-09-10,002568,15.94759509,16.77912705,15.94759509,16.69003434,8324358,138889121.44
2024-09-11,002568,16.60094163,16.65043758,16.37326026,16.46235297,3642999,60638964.15
2024-09-12,002568,16.45245378,16.59104244,16.29406674,16.3336635,3896699,64579217.12
2024-09-13,002568,16.2346716,16.4326554,15.98719185,15.99709104,3147535,51463447.2
2024-09-18,002568,16.02678861,16.17527646,15.57142587,16.17527646,4087936,65463907.75
2024-09-19,002568,16.27426836,17.25428817,16.10598213,16.9276149,10498852,177925240.16
2024-09-20,002568,16.87811895,16.97711085,16.55144568,16.96721166,5740355,97309745.6
2024-09-23,002568,16.84842138,17.11569951,16.45245378,16.51184892,5724480,97025733.8
2024-09-24,002568,16.828623,17.76904605,16.49205054,17.67995334,13320745,232082232.5
2024-09-25,002568,17.818542,17.87793714,17.26418736,17.37307845,13164304,234216931.26
2024-09-26,002568,17.39287683,19.11533589,17.39287683,19.11533589,23827848,446342391.34
2024-09-27,002568,20.69920629,20.93678685,19.92706947,20.8872909,39581220,817848067.26
2024-09-30,002568,21.83761314,22.90672566,20.93678685,22.81763295,41063612,916911741.76
2024-10-08,002568,25.10434584,25.10434584,21.41194797,23.27299569,46403428,1103808988.57
2024-10-09,002568,22.28307669,22.95622161,21.39214959,21.65942772,28179602,629620433.87
2024-10-10,002568,21.8772099,22.52065725,20.83779495,21.41194797,17859949,390362584.73
2024-10-11,002568,21.42184716,21.62973015,20.48142411,20.64971034,13997760,295630830.1
2024-10-14,002568,20.50122249,21.82771395,20.20424679,21.42184716,18590503,396364875.89
2024-10-15,002568,21.2832585,21.60003258,20.58041601,20.5903152,10784028,229868576.32
2024-10-16,002568,20.42202897,21.1842666,20.33293626,20.61011358,9336857,195400831.53
2024-10-17,002568,20.72890386,21.09517389,20.44182735,20.44182735,7494780,157057198.4
2024-10-18,002568,20.36263383,21.2832585,20.14485165,20.72890386,13090982,273236784.43
2024-10-21,002568,20.69920629,21.1842666,20.53092006,20.8872909,11168040,235731327.07
2024-10-22,002568,20.79819819,21.90690747,20.66950872,21.74852043,20139472,435121286.05
2024-10-23,002568,21.74852043,22.23358074,21.43174635,21.75841962,23068495,510782354.51
2024-10-24,002568,21.60993177,21.95640342,21.51093987,21.85741152,14889792,327534115.44
2024-10-25,002568,21.73862124,22.06529451,21.55053663,21.79801638,14667068,322984166.3
2024-10-28,002568,21.74852043,22.5701532,21.45154473,22.52065725,15946274,357111682.17
2024-10-29,002568,22.52065725,22.64934672,21.56043582,21.72872205,11743658,261304831.3
2024-10-30,002568,21.56043582,22.02569775,21.45154473,21.6792261,7757594,169717990.15
2024-10-31,002568,21.44164554,21.6792261,20.83779495,20.8872909,14674605,312748714.99
2024-11-01,002568,20.87739171,22.97601999,20.71900467,22.97601999,29687118,667292178.15
2024-11-04,002568,23.758056,25.27263207,23.5600722,25.27263207,62024018,1555456561.95
2024-11-05,002568,24.87666447,25.45081749,24.56978958,25.0449507,41949131,1060485336.8
2024-11-06,002568,24.747975,25.737894,24.59948715,25.09444665,31913466,809603115.04
2024-11-07,002568,25.61910372,27.60884091,25.3419264,27.60884091,46592393,1253426887.43
2024-11-08,002568,28.0147077,28.68785262,26.28234945,26.75751057,46476597,1272016259.75
2024-11-11,002568,25.737894,26.85650247,25.6389021,26.727813,26151675,695731234.82
2024-11-12,002568,26.44073649,27.09408303,25.58940615,25.88638185,18566506,495111628.56
2024-11-13,002568,25.68839805,26.41103892,25.48051506,26.1338616,13289001,347110510.57
2024-11-14,002568,25.98537375,25.98537375,24.75787419,24.79747095,16155650,413075605.56
2024-11-15,002568,24.53019282,25.29243045,24.46089849,24.747975,13556615,340486120.68
2024-11-18,002568,24.83706771,25.23303531,23.9560398,24.1540236,13396566,331601795.33
2024-11-19,002568,24.2530155,24.71827743,23.5600722,24.19362036,11822828,288664449.86
2024-11-20,002568,24.2530155,24.39160416,23.2630965,23.69866086,21843739,520181683.78
2024-11-21,002568,23.5600722,23.87684628,23.47097949,23.64916491,11813859,282585396.58
2024-11-22,002568,23.6590641,23.83724952,22.05539532,22.16428641,18127585,418396842.95
2024-11-25,002568,22.2731775,23.04531432,22.06529451,23.02551594,16706589,384428998.77
2024-11-26,002568,22.82753214,24.02533413,22.78793538,23.56997139,20118247,478678702.8
2024-11-27,002568,23.47097949,24.63908391,22.92652404,24.19362036,20579654,496858248.61
2024-11-28,002568,24.10452765,24.89646285,23.71845924,24.33220902,15874747,389593556.76
2024-11-29,002568,24.24311631,25.66859967,24.24311631,25.28253126,16388552,415403388.28
2024-12-02,002568,25.1439426,26.74761138,25.12414422,25.99527294,22997105,607519110.67
2024-12-03,002568,25.9358778,26.53972839,25.737894,25.99527294,14345438,378400496.47
2024-12-04,002568,25.8368859,25.88638185,24.6489831,24.92616042,19003671,482670300.8
2024-12-05,002568,24.66878148,25.32212802,24.57968877,25.00535394,11110880,279587280.08
2024-12-06,002568,24.97565637,25.74779319,24.72817662,25.12414422,11738088,299270597.64
2024-12-09,002568,25.18353936,26.4308373,24.90636204,26.21305512,18544752,487813564.63
2024-12-10,002568,27.78702633,28.4106753,27.16337736,27.23267169,28267938,791132905.59
2024-12-11,002568,27.27226845,28.40077611,27.20297412,27.5197482,16197349,456210286.11
2024-12-12,002568,27.35146197,28.67795343,26.9257968,28.16319555,18495808,519413399.82
2024-12-13,002568,27.717732,28.57896153,27.59894172,27.96521175,17549084,498907072.13
2024-12-16,002568,27.96521175,28.3116834,26.78720814,26.99509113,12791484,351687951.75
2024-12-17,002568,26.87630085,27.64843767,26.51003082,26.68821624,12127120,329691560.44
2024-12-18,002568,26.84660328,26.99509113,26.14376079,26.29224864,7828196,208478493.91
2024-12-19,002568,26.14376079,26.66841786,25.74779319,26.40113973,8066504,214013749.64
2024-12-20,002568,26.5298292,27.65833686,26.42093811,26.93569599,10074987,276834639.97
2024-12-23,002568,26.93569599,26.97529275,26.25265188,26.41103892,6746341,181004959.71
2024-12-24,002568,26.48033325,28.32158259,26.38134135,27.88601823,15192810,424409032.52
2024-12-25,002568,27.8167239,28.0147077,27.35146197,27.44055468,6873252,191459301.49
2024-12-26,002568,27.5197482,27.97511094,27.08418384,27.88601823,7840188,218694777.92
2024-12-27,002568,27.67813524,28.24238907,27.31186521,27.66823605,8186115,229206787.59
2024-12-30,002568,27.48015144,27.88601823,27.11388141,27.59894172,6567079,182559093.92
2024-12-31,002568,27.59894172,28.0147077,26.94559518,27.72763119,9388596,261398420.24
2025-01-02,002568,27.45045387,27.9157158,26.2328535,26.49023244,10080116,274439551.95
2025-01-03,002568,26.48033325,26.55952677,25.05484989,25.68839805,13450301,349325257.34
2025-01-06,002568,24.747975,26.04476889,24.18372117,24.67868067,11167332,283075392.68
2025-01-07,002568,24.92616042,25.2429345,24.56978958,25.19343855,6256472,157855899.56
2025-01-08,002568,25.0449507,25.53001101,24.6489831,25.21323693,6752568,171440563.44
2025-01-09,002568,25.13404341,25.45081749,24.66878148,24.66878148,4742036,119797953.02
2025-01-10,002568,24.43120092,24.71827743,23.32249164,23.32249164,9929936,239824504.4
2025-01-13,002568,22.81763295,23.2630965,22.51075806,23.00571756,9781421,225978818.07
2025-01-14,002568,22.99581837,24.30251145,22.81763295,23.79765276,11844101,284107588.02
2025-01-15,002568,23.758056,24.20351955,23.23339893,23.28289488,6726420,160735329.49
2025-01-16,002568,23.44128192,24.62918472,23.44128192,24.54009201,10889056,267175459.8
2025-01-17,002568,24.53019282,25.19343855,24.28271307,24.4509993,8539276,213263804.6
2025-01-20,002568,24.69847905,24.92616042,24.28271307,24.39160416,5992655,148444246.98
2025-01-21,002568,24.55989039,24.71827743,24.14412441,24.33220902,4329668,106452923.4
2025-01-22,002568,24.26291469,24.26291469,23.51057625,23.758056,5914008,141972216.28
2025-01-23,002568,23.99563656,24.4509993,23.63926572,24.2530155,7703960,187583338.48
2025-01-24,002568,24.01543494,25.27263207,24.01543494,24.89646285,9395897,235959119.71
2025-01-27,002568,24.99545475,25.20333774,24.04513251,24.04513251,5274392,130523882.56
2025-02-05,002568,24.3520074,24.3520074,22.61964915,23.3620884,12690478,296655978.52
2025-02-06,002568,23.20370136,23.70856005,22.89682647,23.42148354,7610899,179161458.54
2025-02-07,002568,23.25319731,23.90654385,22.8671289,23.4610803,10522701,248914306.69
2025-02-10,002568,23.47097949,23.58976977,22.768137,23.20370136,11440648,266835449.0
2025-02-11,002568,23.2630965,23.4610803,22.65924591,22.71864105,8310267,191624184.16
2025-02-12,002568,22.6691451,23.0651127,22.48106049,23.05521351,6658995,153080711.44
2025-02-13,002568,23.0651127,24.13422522,22.8671289,23.77785438,15202432,361359676.22
2025-02-14,002568,23.6590641,24.34210821,23.50067706,23.67886248,10791089,260343705.65
2025-02-17,002568,23.66896329,24.0550317,23.2630965,23.77785438,7734768,184829359.04
2025-02-18,002568,23.73825762,23.91644304,23.31259245,23.38188678,6695488,159647692.68
2025-02-19,002568,23.47097949,25.46071668,23.47097949,25.25283369,18796681,469558836.46
2025-02-20,002568,25.4409183,25.84678509,25.05484989,25.39142235,9752290,251315123.81
2025-02-21,002568,25.40132154,25.78738995,24.59948715,25.43101911,10769080,273065992.04
2025-02-24,002568,25.41122073,26.01507132,24.69847905,24.747975,9200386,234213612.88
2025-02-25,002568,24.53019282,24.72817662,24.17382198,24.3520074,5541809,136693295.15
2025-02-26,002568,24.29261226,24.92616042,23.98573737,24.83706771,7692914,190322038.4
2025-02-27,002568,24.76777338,25.51021263,24.54009201,25.3419264,11632737,295405472.73
2025-02-28,002568,25.2429345,25.96557537,24.71827743,24.80737014,11267456,288503099.23
2025-03-03,002568,24.95585799,26.28234945,24.95585799,25.96557537,14444501,377497841.79
2025-03-04,002568,25.88638185,26.48033325,25.68839805,26.14376079,9217817,243184672.68
2025-03-05,002568,26.12396241,26.12396241,25.23303531,25.78738995,6339339,163739615.44
2025-03-06,002568,25.81708752,25.99527294,25.42111992,25.74779319,6144813,159230987.24
2025-03-07,002568,25.64880129,26.0348697,25.39142235,25.6389021,4339588,112448703.42
2025-03-10,002568,25.53001101,25.65870048,25.01525313,25.5399102,5721520,146070617.17
2025-03-11,002568,25.35182559,27.89591742,25.05484989,27.30196602,13458870,359282227.32
2025-03-12,002568,27.16337736,27.78702633,27.00499032,27.58904253,13402195,371629779.1
2025-03-13,002568,27.57914334,28.97492913,26.96539356,28.5096672,16010843,457716056.76
2025-03-14,002568,28.3116834,29.61837648,28.29188502,29.42039268,13799133,404064430.51
2025-03-17,002568,29.41049349,31.3804323,28.93533237,29.07392103,22024372,668233914.96
2025-03-18,002568,28.98482832,29.14321536,27.717732,28.13349798,17068852,488500045.35
2025-03-19,002568,28.04440527,28.78684452,27.83652228,27.98501013,7829204,223016818.42
2025-03-20,002568,27.88601823,28.20279231,27.49994982,27.58904253,7359899,206197964.36
2025-03-21,002568,27.58904253,27.9157158,26.69811543,27.10398222,8896138,243962697.42
2025-03-24,002568,27.09408303,28.02460689,26.85650247,27.86621985,11415912,318701419.52
2025-03-25,002568,27.97511094,28.09390122,26.60902272,26.88620004,9013080,245488514.17
2025-03-26,002568,26.70801462,26.97529275,26.44073649,26.63872029,4823434,130159405.57
2025-03-27,002568,26.56942596,27.20297412,26.48033325,26.89609923,4591360,124742763.04
2025-03-28,002568,26.87630085,26.91589761,26.1338616,26.14376079,6063857,161561672.99
2025-03-31,002568,25.96557537,26.2328535,25.74779319,25.88638185,4127041,108181651.27
2025-04-01,002568,25.89628104,26.6288211,25.89628104,26.2328535,5591120,148617354.2
2025-04-02,002568,26.20315593,26.69811543,25.8368859,25.94577699,4564238,120727669.84
2025-04-03,002568,25.70819643,26.5298292,25.51021263,25.76759157,5307401,139593587.97
2025-04-07,002568,24.46089849,25.2429345,23.19380217,23.78775357,14042713,343098038.79
2025-04-08,002568,24.0550317,25.78738995,24.0550317,25.46071668,15059259,380549146.68
2025-04-09,002568,24.75787419,26.3318454,24.5499912,25.99527294,9170081,235900487.93
2025-04-10,002568,25.99527294,26.71791381,25.6389021,26.04476889,11720840,309264978.14
2025-04-11,002568,25.70819643,26.0348697,25.15384179,25.79728914,8474400,218581063.0
2025-04-14,002568,25.78738995,26.30214783,25.4409183,25.49041425,7524128,195704250.6
2025-04-15,002568,25.49041425,25.89628104,24.89646285,25.2429345,8228952,210813218.8
2025-04-16,002568,25.10434584,25.21323693,24.20351955,24.50049525,9439999,234394642.02
2025-04-17,002568,24.31241064,25.22313612,24.26291469,24.747975,9360512,234585083.56
2025-04-18,002568,24.747975,25.05484989,23.80755195,24.02533413,7441780,182384042.24
2025-04-21,002568,23.78775357,24.31241064,23.78775357,24.26291469,5026352,122590309.16
2025-04-22,002568,24.17382198,24.2530155,23.0651127,23.09481027,14872408,352375309.28
2025-04-23,002568,23.24329812,23.43138273,22.95622161,23.28289488,7967689,186694060.15
2025-04-24,002568,23.21360055,23.32249164,22.6691451,22.78793538,8401612,194565725.88
2025-04-25,002568,22.83743133,23.80755195,22.81763295,23.41158435,10286464,243574882.18
2025-04-28,002568,23.51057625,23.90654385,23.28289488,23.69866086,8046576,191935527.44
2025-04-29,002568,23.90654385,26.06456727,23.88674547,26.06456727,18679194,475990573.08
2025-04-30,002568,26.55952677,26.71791381,25.79728914,25.8368859,16348980,432420601.2
2025-05-06,002568,25.8368859,26.18335755,25.42111992,26.18335755,9544374,249661760.9
2025-05-07,002568,26.19325674,26.41103892,25.2429345,25.41122073,9832600,255408026.11
2025-05-08,002568,25.23303531,25.56960777,24.8469669,25.36172478,7409143,189796609.41
2025-05-09,002568,25.37162397,25.84678509,24.89646285,25.6389021,9088846,233952893.0
2025-05-12,002568,25.56960777,25.81708752,24.97565637,25.22313612,9459436,240784615.92
2025-05-13,002568,25.3419264,25.6389021,24.9459588,25.30232964,7757276,198021647.12
2025-05-14,002568,25.29243045,25.58940615,24.89646285,25.23303531,7485800,190347823.0
2025-05-15,002568,25.10434584,25.22313612,24.50049525,24.52029363,7587776,189511921.16
2025-05-16,002568,24.51039444,24.6489831,24.03523332,24.10452765,9991476,244308165.52
2025-05-19,002568,24.00553575,25.69829724,23.83724952,25.4409183,16657099,421119571.47
2025-05-20,002568,25.38152316,26.19325674,25.25283369,25.35182559,15567665,404233030.36
2025-05-21,002568,25.36172478,27.47025225,25.36172478,26.81690571,21290113,579308311.17
2025-05-22,002568,26.727813,27.14357898,26.49023244,26.5298292,9481580,255907731.36
2025-05-23,002568,26.51003082,26.83670409,26.04476889,26.05466808,9850856,261999601.96
2025-05-26,002568,25.97547456,27.06438546,25.77749076,26.81690571,12793553,344215754.94
2025-05-27,002568,26.98519194,27.48015144,26.75751057,27.05448627,16031307,439578796.53
2025-05-28,002568,27.29206683,28.61855829,27.11388141,28.47996963,19949669,564354695.64
2025-05-29,002568,28.0147077,29.5985781,27.23267169,28.23248988,20626858,584387931.0
2025-05-30,002568,27.95531256,28.48986882,27.47025225,27.67813524,10780083,305160542.69
2025-06-03,002568,27.55934496,29.46988863,27.4207563,28.97492913,15556740,450425480.66
2025-06-04,002568,28.97492913,29.69757,28.58886072,29.45998944,12648456,372705460.8
2025-06-05,002568,29.46,30.28,28.44,28.6,13850779,401585955.89
2025-06-06,002568,28.4,28.57,27.92,28.11,8270093,232885202.4
2025-06-09,002568,28.14,28.54,27.92,28.23,6587920,186033045.05
2025-06-10,002568,28.25,28.52,27.51,27.83,7455727,208485012.24
2025-06-11,002568,27.85,28.14,27.55,27.76,4771232,132736805.24
2025-06-12,002568,27.71,27.87,27.45,27.82,5111546,141447438.56
2025-06-13,002568,27.68,28.11,26.35,26.79,15941573,428276858.13
2025-06-16,002568,26.7,26.92,26.14,26.6,12106020,321936037.91
2025-06-17,002568,26.61,26.84,26.41,26.55,4172960,110928089.4
2025-06-18,002568,26.74,27.2,26.26,26.62,7058983,188204230.57
2025-06-19,002568,26.5,26.88,26.34,26.46,5855384,155933474.45
2025-06-20,002568,26.53,27.35,26.38,26.49,9774393,262228836.18
2025-06-23,002568,26.42,27.18,26.31,26.63,9635789,258135152.08
2025-06-24,002568,26.78,26.78,26.32,26.4,8445208,223540214.56
2025-06-25,002568,26.4,26.64,25.9,26.52,13195948,347617077.36
2025-06-26,002568,26.42,26.42,25.04,25.35,21105201,537691326.11
2025-06-27,002568,25.19,25.47,25.05,25.31,10489720,264959645.12
2025-06-30,002568,25.26,25.74,25.2,25.61,8829404,225555686.52
2025-07-01,002568,25.47,25.61,25.15,25.22,8486994,214544614.16
2025-07-02,002568,25.2,25.31,24.9,25.1,5875460,147521612.96
2025-07-03,002568,25.01,25.21,24.8,24.9,7452828,185718906.4
2025-07-04,002568,24.8,25.1,24.6,24.88,6382693,158468105.83
2025-07-07,002568,24.88,25.05,24.78,24.93,4786952,119177755.56
2025-07-08,002568,24.88,24.95,24.54,24.95,8234523,204098055.28
2025-07-09,002568,24.96,25.44,24.85,25.29,14242522,358609708.18
2025-07-10,002568,25.29,25.35,24.66,24.85,9955735,248203813.35
2025-07-11,002568,24.71,25.34,24.61,24.99,8567240,213523371.86
2025-07-14,002568,24.9,24.9,24.58,24.74,8619008,212718744.69
2025-07-15,002568,24.74,24.82,24.32,24.67,7806699,191771641.06
2025-07-16,002568,24.61,25.65,24.61,25.24,14566525,367883323.62
2025-07-17,002568,25.24,25.6,25.01,25.58,10314266,261332758.94
2025-07-18,002568,25.69,26.05,25.1,25.33,13690031,349733575.96
2025-07-21,002568,25.25,25.48,25.02,25.45,9299247,233904805.56
2025-07-22,002568,25.31,26.31,25.29,26.19,15114424,390436558.12
2025-07-23,002568,26.12,26.26,25.57,25.58,9683571,250842765.57
2025-07-24,002568,25.52,25.74,25.44,25.62,9076917,232147649.85
2025-07-25,002568,25.63,25.63,25.11,25.16,9344780,236364769.44
2025-07-28,002568,25.17,25.3,24.84,25.3,7327248,183810644.44
2025-07-29,002568,25.16,25.28,24.8,24.85,8754386,218083979.96
2025-07-30,002568,24.9,25.04,24.62,24.7,8900510,220987759.36
2025-07-31,002568,24.63,24.71,24.02,24.11,10447082,254452490.35
2025-08-01,002568,24.12,24.28,23.8,24.25,8521677,204880962.92
2025-08-04,002568,24.08,24.32,24.0,24.27,4680805,113049555.9
2025-08-05,002568,24.26,24.99,24.23,24.97,11192034,277448390.33
2025-08-06,002568,24.98,25.05,24.79,24.87,5187523,129255153.32
2025-08-07,002568,24.87,25.1,24.62,24.68,7503522,186138132.71
2025-08-08,002568,24.69,25.1,24.5,24.55,7728815,191145624.68
2025-08-11,002568,24.52,24.72,24.38,24.64,6316092,155202458.03
2025-08-12,002568,24.6,24.76,24.45,24.5,5690852,139803703.44
2025-08-13,002568,24.56,24.68,24.24,24.45,9000326,219808828.86
2025-08-14,002568,24.44,24.96,24.4,24.67,11962308,296390817.81
2025-08-15,002568,24.6,24.99,24.43,24.96,9266140,229625202.85
2025-08-18,002568,25.02,25.35,24.82,24.9,11225350,280801483.9
2025-08-19,002568,24.9,25.34,24.8,25.1,12049464,302503149.69
2025-08-20,002568,25.1,26.36,24.76,25.8,24043530,622990843.68
2025-08-21,002568,25.74,25.98,25.59,25.7,9685420,249488060.76
2025-08-22,002568,27.14,28.27,26.94,28.27,24478975,684359989.24
2025-08-25,002568,27.55,29.11,27.08,28.51,33765091,958030260.04
2025-08-26,002568,28.37,29.38,28.37,28.81,24204105,700837681.2
2025-08-27,002568,28.5,28.9,27.91,27.95,17364431,495091453.99
2025-08-28,002568,27.92,28.35,27.24,27.85,14555451,403382173.92
2025-08-29,002568,28.0,28.77,27.92,28.14,15944044,450061903.94
2025-09-01,002568,28.0,28.33,27.47,27.74,12967839,360719105.5
2025-09-02,002568,27.65,27.72,26.59,26.73,11455816,310219744.62
2025-09-03,002568,26.96,27.17,25.92,26.03,8495720,224037424.88
2025-09-04,002568,25.92,26.39,25.57,26.0,15597400,404735734.05
2025-09-05,002568,25.99,26.09,25.44,25.93,9575000,246537951.08
2025-09-08,002568,25.97,26.28,25.56,25.93,11594123,300425914.95
2025-09-09,002568,25.97,26.03,25.08,25.31,14182554,360103784.65
2025-09-10,002568,25.24,25.67,25.07,25.24,11206967,283154633.12
2025-09-11,002568,25.69,26.74,25.6,26.38,24492156,640718430.58
2025-09-12,002568,26.37,26.5,25.74,25.76,13523772,351581186.6
2025-09-15,002568,25.7,25.84,25.26,25.35,13617892,346351812.49
2025-09-16,002568,25.41,25.64,25.2,25.44,10721076,272042098.23
2025-09-17,002568,25.48,25.6,25.1,25.28,8228759,207876640.37
2025-09-18,002568,25.21,25.34,24.73,24.94,11206990,281216277.39
2025-09-19,002568,24.94,25.48,24.69,25.45,11877739,299175048.28
2025-09-22,002568,25.32,25.41,24.84,24.97,7901721,197518257.13
2025-09-23,002568,25.6,26.73,25.46,26.37,27462488,718550152.18
2025-09-24,002568,26.23,26.26,25.72,25.94,12724326,330118059.91
2025-09-25,002568,25.96,26.35,25.74,25.86,10054332,261184288.24
2025-09-26,002568,25.86,26.18,25.46,25.5,11619477,299527281.66
2025-09-29,002568,25.54,25.86,25.29,25.76,8979800,230246088.08
2025-09-30,002568,25.69,25.94,25.25,25.78,11060951,282669300.28
2025-10-09,002568,25.52,25.64,25.3,25.41,7765397,197252823.92
2025-10-10,002568,25.5,25.84,25.33,25.39,9600054,246167517.1
2025-10-13,002568,24.73,25.34,24.65,25.22,7698069,193474297.16
2025-10-14,002568,25.33,26.27,25.23,26.18,18150069,469366448.84
2025-10-15,002568,26.1,27.49,26.01,26.88,22322087,603124474.74
2025-10-16,002568,26.9,27.32,26.69,27.01,10523849,283478057.74
2025-10-17,002568,26.92,26.99,26.22,26.49,9169831,242767991.81
2025-10-20,002568,26.73,27.13,26.06,26.24,8696076,230262884.98
2025-10-21,002568,26.21,26.76,25.96,26.69,7678968,202226084.93
2025-10-22,002568,26.62,27.29,26.5,26.87,10088047,272304946.66
2025-10-23,002568,26.8,27.31,26.66,26.96,6177815,166453693.7
2025-10-24,002568,26.96,27.27,26.75,26.93,7563422,204570771.73
2025-10-27,002568,27.08,27.49,26.44,27.28,10054764,273425667.85
2025-10-28,002568,26.8,26.9,25.4,25.62,17756482,457602184.46
2025-10-29,002568,25.6,25.73,24.81,24.95,14409194,360475869.22
2025-10-30,002568,24.95,25.12,24.8,24.84,7207690,179754975.17
2025-10-31,002568,24.83,25.36,24.8,25.18,8074161,201854075.32
2025-11-03,002568,25.0,25.22,24.87,25.14,5286146,132272113.66
2025-11-04,002568,25.1,25.1,24.8,24.95,4869868,121260240.58
2025-11-05,002568,24.8,24.96,24.61,24.87,4513727,111942422.39
2025-11-06,002568,24.84,24.92,24.2,24.24,11331236,276169960.17
2025-11-07,002568,24.25,24.42,24.05,24.09,7048912,170617743.39
2025-11-10,002568,24.1,25.2,24.04,25.16,15006833,372337315.18
2025-11-11,002568,25.03,25.05,24.62,24.89,8466048,210105929.5
2025-11-12,002568,24.87,25.16,24.75,24.92,5819698,145313427.06
2025-11-13,002568,24.85,25.18,24.75,25.12,6642641,166028352.94
2025-11-14,002568,25.01,25.28,24.75,24.75,6006264,149810949.7
2025-11-17,002568,24.75,24.75,24.29,24.58,5137403,125846001.95
2025-11-18,002568,24.48,24.63,24.21,24.39,4585917,111954338.38
2025-11-19,002568,24.34,24.49,24.01,24.15,5099032,123066281.37
2025-11-20,002568,24.18,24.22,23.81,23.98,4421029,106007896.19
2025-11-21,002568,23.92,24.38,23.47,24.1,7793215,186781074.49
2025-11-24,002568,24.05,24.17,23.9,24.07,3661602,88043870.84
2025-11-25,002568,24.14,24.19,23.85,23.93,5089918,122063875.48
2025-11-26,002568,23.9,24.03,23.83,23.88,3151020,75348115.6
2025-11-27,002568,23.91,24.02,23.61,23.63,4919519,116783676.96
2025-11-28,002568,23.55,23.67,23.45,23.51,4292802,101007032.06
2025-12-01,002568,23.59,23.96,23.53,23.78,4740702,112439978.14
2025-12-02,002568,23.7,23.76,23.1,23.11,6992513,162792791.8
2025-12-03,002568,23.1,23.2,22.83,22.93,3756240,86543086.4
2025-12-04,002568,22.91,22.93,22.2,22.39,6629675,148428595.82
2025-12-05,002568,22.35,22.42,22.13,22.37,4256933,94867359.91
2025-12-08,002568,22.35,22.51,22.28,22.3,4802240,107439478.72
2025-12-09,002568,22.21,22.27,21.22,21.4,14609809,316390193.15
2025-12-10,002568,21.37,21.85,20.95,21.75,10485051,225773661.51
2025-12-11,002568,21.69,21.75,21.16,21.16,5983685,128393476.72
2025-12-12,002568,21.28,21.48,21.02,21.02,6257372,132864100.1
2025-12-15,002568,21.21,21.63,21.17,21.21,10570195,226228241.31
2025-12-16,002568,21.18,21.85,21.18,21.79,8763526,189837436.69
2025-12-17,002568,21.8,21.83,21.2,21.53,7568362,162417532.9
2025-12-18,002568,21.47,21.59,21.25,21.3,6258386,134016185.5
2025-12-19,002568,21.38,21.83,21.22,21.79,7917587,171422560.12
2025-12-22,002568,21.82,22.06,21.75,21.76,6206642,135669143.89
2025-12-23,002568,21.77,21.87,21.22,21.27,7915455,169250959.52
2025-12-24,002568,21.21,21.56,21.13,21.42,5102788,108897915.19
2025-12-25,002568,21.37,21.73,21.36,21.6,5518058,118910508.89
2025-12-26,002568,21.55,21.63,21.4,21.47,4672448,100422989.32
2025-12-29,002568,21.45,21.75,21.32,21.49,5935870,127975740.84
2025-12-30,002568,21.47,21.7,21.34,21.36,6618682,142383309.76
2025-12-31,002568,21.31,21.95,21.31,21.81,10221163,222191160.59
2026-01-05,002568,21.81,21.97,21.53,21.85,7284822,158450874.67
2026-01-06,002568,21.83,22.12,21.68,22.04,9307627,203639237.69
2026-01-07,002568,22.06,22.06,21.53,21.55,9762659,211993112.12
2026-01-08,002568,21.5,21.94,21.34,21.76,6627684,144027996.16
2026-01-09,002568,21.74,22.05,21.65,22.04,8443261,184847263.14
2026-01-12,002568,22.04,22.5,21.93,22.4,9489135,211533743.26
2026-01-13,002568,22.4,22.4,21.94,22.0,8688019,192655658.58
2026-01-14,002568,22.0,22.34,21.7,21.93,9044009,199648964.38
2026-01-15,002568,21.92,22.18,21.71,21.82,5733295,125476545.87
2026-01-16,002568,21.89,21.98,21.52,21.61,6732790,145903810.38
2026-01-19,002568,21.59,22.47,21.54,22.3,11583065,257574505.0
2026-01-20,002568,22.33,22.47,22.02,22.16,5120720,113578677.16
2026-01-21,002568,22.1,22.44,21.88,22.06,7864583,173716691.41
2026-01-22,002568,22.03,22.17,21.73,21.85,7986228,174868432.64
2026-01-23,002568,21.82,22.19,21.76,22.14,6362421,140259163.33
2026-01-26,002568,22.07,22.22,21.15,21.19,15457376,331088633.89
2026-01-27,002568,21.2,21.27,20.02,20.43,15911319,324668641.14
2026-01-28,002568,20.34,20.58,20.18,20.28,9661923,196791233.22
2026-01-29,002568,20.27,21.79,20.21,21.66,21919066,462018071.17
2026-01-30,002568,21.15,21.2,20.25,20.4,17445444,359055450.24
2026-02-02,002568,20.2,21.2,20.13,20.34,12727620,262735567.52
2026-02-03,002568,20.3,20.85,20.24,20.48,7720996,158130446.16
2026-02-04,002568,20.4,20.94,20.28,20.79,10673957,220819632.48
2026-02-05,002568,20.7,21.99,20.68,21.58,25188589,543321597.67
2026-02-06,002568,21.42,21.53,20.91,21.12,12555727,265544091.48
2026-02-09,002568,21.15,21.41,21.05,21.23,7115724,150628380.68
2026-02-10,002568,21.18,21.23,20.84,20.88,6254530,130823283.8
2026-02-11,002568,20.91,21.05,20.69,20.77,5213478,108882393.26
2026-02-12,002568,20.77,20.87,20.37,20.38,6904366,141363682.5
2026-02-13,002568,20.5,20.7,20.0,20.01,7438540,150874893.62
2026-02-24,002568,20.16,20.24,19.92,20.07,4960439,99565546.18
2026-02-25,002568,20.12,20.41,19.98,20.23,5182708,105119401.99
2026-02-26,002568,20.22,20.23,19.45,19.48,12067874,237910910.12
2026-02-27,002568,19.52,19.59,19.22,19.37,7928150,153526105.43
2026-03-02,002568,19.15,19.26,18.73,18.89,8193053,155102646.42
2026-03-03,002568,18.88,19.08,18.46,18.62,9623875,180171013.5
2026-03-04,002568,18.67,19.04,18.5,18.86,9394913,176871196.76
2026-03-05,002568,18.98,19.05,18.78,18.87,5383465,101844771.98
2026-03-06,002568,18.87,19.24,18.79,19.14,5661687,107893930.01
